Type, Name
Oxidizing,Objet_06576
Explosive,Objet_11407
Fragile,Objet_12781
Radioactive,Objet_15059
Flammable,Objet_09125
Flammable,Objet_04308
Toxic,Objet_01586
Oxidizing,Objet_06023
Flammable,Objet_06762
Fragile,Objet_12114
Fragile,Objet_00872
Oxidizing,Objet_06580
Fragile,Objet_01583
Toxic,Objet_06421
Unspecified,Objet_00877
Explosive,Objet_06688
Pressurized,Objet_03639
Pressurized,Objet_06468
Oxidizing,Objet_08940
Explosive,Objet_06335
Flammable,Objet_03102
Explosive,Objet_01256
Flammable,Objet_01172
Corrosive,Objet_12656
Food,Objet_07755
Oxidizing,Objet_08537
Food,Objet_11918
Radioactive,Objet_14648
Flammable,Objet_10707
Corrosive,Objet_08420
Toxic,Objet_10853
Fragile,Objet_05170
Toxic,Objet_05110
Fragile,Objet_11486
Radioactive,Objet_05605
Radioactive,Objet_09066
Toxic,Objet_14838
Toxic,Objet_11062
Food,Objet_08053
Toxic,Objet_11554
Pressurized,Objet_04701
Oxidizing,Objet_00432
Radioactive,Objet_04072
Unspecified,Objet_14566
Unspecified,Objet_10831
Radioactive,Objet_02097
Food,Objet_10477
Unspecified,Objet_05381
Fragile,Objet_05804
Fragile,Objet_09057
Corrosive,Objet_02205
Pressurized,Objet_11618
Unspecified,Objet_10689
Flammable,Objet_11808
Unspecified,Objet_10574
Toxic,Objet_03750
Unspecified,Objet_03402
Explosive,Objet_00560
Toxic,Objet_05544
Flammable,Objet_08742
Fragile,Objet_13386
Flammable,Objet_13681
Pressurized,Objet_06435
Oxidizing,Objet_07041
Fragile,Objet_01145
Explosive,Objet_15435
Corrosive,Objet_13606
Unspecified,Objet_00019
Unspecified,Objet_15239
Unspecified,Objet_09416
Fragile,Objet_02896
Oxidizing,Objet_05062
Toxic,Objet_05963
Food,Objet_13399
Unspecified,Objet_00185
Explosive,Objet_11872
Toxic,Objet_02228
Fragile,Objet_13337
Radioactive,Objet_05217
Fragile,Objet_00162
Explosive,Objet_15370
Toxic,Objet_02294
Unspecified,Objet_04883
Explosive,Objet_07345
Fragile,Objet_12015
Toxic,Objet_01249
Radioactive,Objet_08426
Toxic,Objet_08845
Unspecified,Objet_15103
Corrosive,Objet_02524
Unspecified,Objet_08177
Radioactive,Objet_04943
Toxic,Objet_09484
Corrosive,Objet_05318
Unspecified,Objet_08782
Pressurized,Objet_04208
Pressurized,Objet_03343
Corrosive,Objet_09742
Unspecified,Objet_12054
Pressurized,Objet_06484
Food,Objet_03799
Food,Objet_09551
Corrosive,Objet_11436
Oxidizing,Objet_02866
Radioactive,Objet_03165
Radioactive,Objet_09750
Pressurized,Objet_09482
Flammable,Objet_01071
Food,Objet_15307
Unspecified,Objet_12378
Toxic,Objet_07146
Radioactive,Objet_11336
Pressurized,Objet_06333
Food,Objet_06980
Food,Objet_08492
Food,Objet_05440
Toxic,Objet_08409
Toxic,Objet_12694
Flammable,Objet_15106
Radioactive,Objet_13791
Toxic,Objet_10466
Corrosive,Objet_05913
Flammable,Objet_11528
Radioactive,Objet_02956
Pressurized,Objet_10677
Unspecified,Objet_04244
Radioactive,Objet_00366
Food,Objet_02922
Toxic,Objet_05859
Fragile,Objet_05449
Radioactive,Objet_10561
Radioactive,Objet_15279
Food,Objet_12838
Explosive,Objet_09511
Fragile,Objet_03046
Explosive,Objet_15334
Flammable,Objet_11409
Flammable,Objet_14049
Corrosive,Objet_01993
Food,Objet_01092
Toxic,Objet_01041
Oxidizing,Objet_08015
Toxic,Objet_15127
Unspecified,Objet_12929
Explosive,Objet_08033
Food,Objet_09089
Radioactive,Objet_03509
Oxidizing,Objet_04544
Flammable,Objet_10563
Oxidizing,Objet_01546
Toxic,Objet_08481
Oxidizing,Objet_13809
Fragile,Objet_13197
Unspecified,Objet_09472
Flammable,Objet_01332
Flammable,Objet_01734
Unspecified,Objet_06500
Unspecified,Objet_00685
Fragile,Objet_05257
Flammable,Objet_10401
Radioactive,Objet_05102
Toxic,Objet_11702
Food,Objet_02500
Fragile,Objet_11987
Radioactive,Objet_00175
Fragile,Objet_05328
Oxidizing,Objet_03055
Corrosive,Objet_07581
Fragile,Objet_14751
Fragile,Objet_10801
Pressurized,Objet_13025
Corrosive,Objet_11893
Oxidizing,Objet_14773
Toxic,Objet_04831
Unspecified,Objet_06036
Fragile,Objet_14056
Explosive,Objet_14243
Pressurized,Objet_00659
Radioactive,Objet_08653
Unspecified,Objet_10043
Flammable,Objet_14518
Pressurized,Objet_14510
Flammable,Objet_01211
Food,Objet_08302
Oxidizing,Objet_13476
Unspecified,Objet_04723
Corrosive,Objet_09888
Oxidizing,Objet_00258
Radioactive,Objet_15255
Unspecified,Objet_04333
Corrosive,Objet_04127
Pressurized,Objet_08912
Pressurized,Objet_05094
Oxidizing,Objet_11851
Corrosive,Objet_01214
Unspecified,Objet_10529
Corrosive,Objet_09743
Unspecified,Objet_07778
Corrosive,Objet_11704
Food,Objet_13343
Toxic,Objet_06277
Food,Objet_04532
Pressurized,Objet_04037
Food,Objet_14789
Flammable,Objet_01645
Toxic,Objet_12794
Food,Objet_03288
Unspecified,Objet_07745
Explosive,Objet_11497
Explosive,Objet_13637
Explosive,Objet_13522
Oxidizing,Objet_08393
Radioactive,Objet_00807
Oxidizing,Objet_04825
Explosive,Objet_07364
Oxidizing,Objet_11333
Flammable,Objet_11517
Food,Objet_11246
Fragile,Objet_10373
Pressurized,Objet_07564
Fragile,Objet_03513
Unspecified,Objet_05045
Unspecified,Objet_14916
Toxic,Objet_06047
Toxic,Objet_01685
Oxidizing,Objet_06087
Flammable,Objet_03935
Oxidizing,Objet_06242
Radioactive,Objet_15274
Pressurized,Objet_14759
Corrosive,Objet_12055
Corrosive,Objet_04346
Pressurized,Objet_02930
Pressurized,Objet_07547
Pressurized,Objet_09947
Toxic,Objet_08440
Oxidizing,Objet_14168
Corrosive,Objet_01178
Pressurized,Objet_02594
Toxic,Objet_14129
Fragile,Objet_10982
Oxidizing,Objet_15044
Toxic,Objet_14059
Flammable,Objet_05044
Food,Objet_08636
Pressurized,Objet_14019
Fragile,Objet_11270
Explosive,Objet_10359
Unspecified,Objet_02532
Toxic,Objet_02240
Flammable,Objet_05270
Radioactive,Objet_01824
Corrosive,Objet_00630
Unspecified,Objet_11416
Oxidizing,Objet_04934
Fragile,Objet_04710
Oxidizing,Objet_14574
Unspecified,Objet_06845
Corrosive,Objet_03072
Toxic,Objet_04033
Flammable,Objet_01458
Fragile,Objet_13698
Toxic,Objet_09074
Pressurized,Objet_14862
Food,Objet_06219
Corrosive,Objet_01593
Flammable,Objet_05124
Food,Objet_12875
Food,Objet_06248
Pressurized,Objet_02985
Radioactive,Objet_02868
Pressurized,Objet_01896
Food,Objet_15188
Explosive,Objet_05079
Unspecified,Objet_11797
Explosive,Objet_11310
Food,Objet_13376
Pressurized,Objet_02414
Explosive,Objet_04965
Radioactive,Objet_03933
Toxic,Objet_09440
Radioactive,Objet_07424
Radioactive,Objet_11274
Radioactive,Objet_13768
Radioactive,Objet_07122
Fragile,Objet_00126
Unspecified,Objet_06490
Fragile,Objet_13937
Radioactive,Objet_07965
Toxic,Objet_07526
Flammable,Objet_00470
Corrosive,Objet_09078
Explosive,Objet_09142
Corrosive,Objet_12221
Fragile,Objet_07384
Food,Objet_05402
Toxic,Objet_05135
Fragile,Objet_04422
Oxidizing,Objet_04277
Explosive,Objet_00006
Corrosive,Objet_01831
Radioactive,Objet_02488
Fragile,Objet_10313
Radioactive,Objet_13669
Pressurized,Objet_11480
Food,Objet_06050
Food,Objet_14048
Corrosive,Objet_05437
Radioactive,Objet_08673
Corrosive,Objet_01116
Oxidizing,Objet_02820
Unspecified,Objet_08614
Toxic,Objet_00800
Food,Objet_09049
Fragile,Objet_11937
Explosive,Objet_00995
Oxidizing,Objet_09786
Explosive,Objet_09275
Explosive,Objet_05557
Food,Objet_03663
Oxidizing,Objet_10935
Toxic,Objet_03568
Oxidizing,Objet_02940
Radioactive,Objet_03269
Toxic,Objet_02490
Oxidizing,Objet_14267
Radioactive,Objet_01635
Explosive,Objet_05562
Pressurized,Objet_07029
Corrosive,Objet_12727
Toxic,Objet_01321
Pressurized,Objet_08692
Pressurized,Objet_06989
Radioactive,Objet_13615
Fragile,Objet_12448
Radioactive,Objet_05712
Flammable,Objet_08693
Flammable,Objet_02735
Oxidizing,Objet_11617
Food,Objet_09500
Fragile,Objet_11857
Unspecified,Objet_13825
Pressurized,Objet_02274
Fragile,Objet_02861
Oxidizing,Objet_10136
Explosive,Objet_11719
Unspecified,Objet_01642
Explosive,Objet_07933
Oxidizing,Objet_04192
Radioactive,Objet_06476
Toxic,Objet_14884
Flammable,Objet_09577
Toxic,Objet_10464
Oxidizing,Objet_13080
Food,Objet_04528
Unspecified,Objet_13422
Food,Objet_13185
Fragile,Objet_02581
Radioactive,Objet_06046
Explosive,Objet_05941
Flammable,Objet_13118
Pressurized,Objet_11143
Toxic,Objet_11079
Toxic,Objet_02046
Radioactive,Objet_08287
Toxic,Objet_05422
Explosive,Objet_09975
Food,Objet_03501
Toxic,Objet_03705
Radioactive,Objet_11509
Pressurized,Objet_06712
Unspecified,Objet_10468
Food,Objet_04656
Corrosive,Objet_01953
Toxic,Objet_13126
Unspecified,Objet_13070
Fragile,Objet_12645
Toxic,Objet_01805
Unspecified,Objet_08894
Flammable,Objet_03681
Pressurized,Objet_10593
Explosive,Objet_14525
Fragile,Objet_14549
Toxic,Objet_06664
Radioactive,Objet_14359
Toxic,Objet_15223
Flammable,Objet_08511
Pressurized,Objet_00854
Toxic,Objet_11498
Fragile,Objet_15048
Oxidizing,Objet_14714
Flammable,Objet_01046
Food,Objet_03296
Unspecified,Objet_03376
Unspecified,Objet_08844
Explosive,Objet_03141
Toxic,Objet_09718
Toxic,Objet_00446
Toxic,Objet_08865
Oxidizing,Objet_13103
Corrosive,Objet_15311
Food,Objet_01350
Food,Objet_01897
Oxidizing,Objet_01674
Toxic,Objet_00762
Food,Objet_07995
Fragile,Objet_10463
Food,Objet_07220
Toxic,Objet_00557
Fragile,Objet_05857
Corrosive,Objet_03305
Food,Objet_14821
Flammable,Objet_00113
Flammable,Objet_04846
Fragile,Objet_02359
Explosive,Objet_10273
Explosive,Objet_05098
Corrosive,Objet_14042
Food,Objet_08251
Oxidizing,Objet_08126
Oxidizing,Objet_09290
Explosive,Objet_12040
Explosive,Objet_09525
Toxic,Objet_06322
Flammable,Objet_14962
Food,Objet_03777
Oxidizing,Objet_07825
Toxic,Objet_05339
Radioactive,Objet_13779
Unspecified,Objet_13511
Fragile,Objet_12510
Pressurized,Objet_13675
Oxidizing,Objet_07336
Toxic,Objet_14587
Oxidizing,Objet_00023
Pressurized,Objet_05636
Toxic,Objet_03781
Explosive,Objet_08733
Corrosive,Objet_05344
Corrosive,Objet_02303
Fragile,Objet_14504
Radioactive,Objet_13823
Toxic,Objet_06531
Food,Objet_05168
Food,Objet_04958
Food,Objet_06660
Flammable,Objet_09550
Explosive,Objet_12504
Fragile,Objet_01480
Toxic,Objet_06600
Pressurized,Objet_04297
Fragile,Objet_08175
Explosive,Objet_04510
Flammable,Objet_09017
Fragile,Objet_01339
Oxidizing,Objet_08176
Unspecified,Objet_07716
Fragile,Objet_12659
Pressurized,Objet_02318
Food,Objet_11786
Food,Objet_06425
Fragile,Objet_00940
Fragile,Objet_01647
Oxidizing,Objet_15355
Radioactive,Objet_04982
Explosive,Objet_14090
Unspecified,Objet_14573
Fragile,Objet_03675
Food,Objet_04972
Oxidizing,Objet_14527
Unspecified,Objet_10897
Radioactive,Objet_10297
Radioactive,Objet_08513
Flammable,Objet_06865
Explosive,Objet_11718
Unspecified,Objet_14457
Pressurized,Objet_05724
Toxic,Objet_02269
Food,Objet_14153
Radioactive,Objet_06162
Unspecified,Objet_07394
Corrosive,Objet_00474
Flammable,Objet_01024
Flammable,Objet_11320
Food,Objet_09773
Pressurized,Objet_02236
Radioactive,Objet_11781
Explosive,Objet_08002
Unspecified,Objet_06802
Oxidizing,Objet_05082
Radioactive,Objet_12162
Flammable,Objet_03641
Corrosive,Objet_10153
Flammable,Objet_12572
Toxic,Objet_02923
Corrosive,Objet_15004
Toxic,Objet_12243
Food,Objet_04231
Fragile,Objet_12031
Oxidizing,Objet_00317
Oxidizing,Objet_08906
Unspecified,Objet_05104
Flammable,Objet_12482
Pressurized,Objet_06377
Toxic,Objet_13087
Pressurized,Objet_02025
Radioactive,Objet_04576
Fragile,Objet_14735
Corrosive,Objet_03342
Flammable,Objet_01500
Oxidizing,Objet_02367
Corrosive,Objet_08105
Radioactive,Objet_09478
Pressurized,Objet_03573
Oxidizing,Objet_12607
Explosive,Objet_11156
Fragile,Objet_02180
Oxidizing,Objet_14790
Explosive,Objet_03598
Radioactive,Objet_11760
Flammable,Objet_14724
Corrosive,Objet_07827
Food,Objet_12977
Pressurized,Objet_06579
Unspecified,Objet_03754
Oxidizing,Objet_01032
Flammable,Objet_03779
Fragile,Objet_08493
Pressurized,Objet_07253
Flammable,Objet_15475
Flammable,Objet_11569
Radioactive,Objet_13083
Toxic,Objet_01085
Oxidizing,Objet_15170
Food,Objet_00931
Unspecified,Objet_06407
Radioactive,Objet_09203
Pressurized,Objet_13621
Flammable,Objet_03538
Explosive,Objet_09117
Unspecified,Objet_00673
Fragile,Objet_14828
Unspecified,Objet_12848
Oxidizing,Objet_03396
Toxic,Objet_11839
Radioactive,Objet_04369
Flammable,Objet_00232
Explosive,Objet_09916
Food,Objet_02383
Flammable,Objet_04363
Food,Objet_07563
Radioactive,Objet_13250
Explosive,Objet_06736
Food,Objet_07764
Corrosive,Objet_11179
Pressurized,Objet_04094
Flammable,Objet_07660
Fragile,Objet_14016
Food,Objet_08732
Food,Objet_09118
Oxidizing,Objet_00243
Radioactive,Objet_08055
Toxic,Objet_08659
Explosive,Objet_09417
Pressurized,Objet_01274
Radioactive,Objet_12174
Flammable,Objet_00342
Toxic,Objet_09300
Food,Objet_01924
Flammable,Objet_04847
Radioactive,Objet_07052
Food,Objet_06515
Radioactive,Objet_05600
Flammable,Objet_14939
Food,Objet_07251
Pressurized,Objet_02226
Flammable,Objet_00682
Corrosive,Objet_13249
Corrosive,Objet_06947
Radioactive,Objet_04332
Corrosive,Objet_01786
Unspecified,Objet_01118
Unspecified,Objet_09819
Fragile,Objet_12206
Flammable,Objet_01926
Oxidizing,Objet_13628
Explosive,Objet_02782
Food,Objet_01081
Flammable,Objet_00717
Food,Objet_02815
Toxic,Objet_10607
Toxic,Objet_09880
Flammable,Objet_10568
Oxidizing,Objet_04269
Fragile,Objet_08655
Explosive,Objet_10532
Flammable,Objet_05660
Radioactive,Objet_15101
Unspecified,Objet_05617
Radioactive,Objet_07843
Food,Objet_09168
Explosive,Objet_12697
Flammable,Objet_05245
Pressurized,Objet_13633
Explosive,Objet_00683
Unspecified,Objet_13867
Food,Objet_11238
Food,Objet_13764
Radioactive,Objet_08643
Oxidizing,Objet_12997
Oxidizing,Objet_07845
Fragile,Objet_04047
Oxidizing,Objet_14756
Unspecified,Objet_12184
Pressurized,Objet_12002
Radioactive,Objet_05315
Corrosive,Objet_01376
Oxidizing,Objet_14599
Unspecified,Objet_06155
Fragile,Objet_08559
Radioactive,Objet_04873
Radioactive,Objet_00533
Unspecified,Objet_12802
Explosive,Objet_13786
Explosive,Objet_00287
Explosive,Objet_03866
Oxidizing,Objet_11961
Pressurized,Objet_10211
Explosive,Objet_08898
Fragile,Objet_12004
Radioactive,Objet_12495
Corrosive,Objet_01611
Corrosive,Objet_03811
Unspecified,Objet_15179
Food,Objet_07104
Fragile,Objet_12120
Explosive,Objet_09392
Corrosive,Objet_06630
Explosive,Objet_04007
Unspecified,Objet_06934
Explosive,Objet_04724
Explosive,Objet_04281
Fragile,Objet_03553
Radioactive,Objet_10493
Food,Objet_01596
Oxidizing,Objet_06505
Toxic,Objet_01197
Toxic,Objet_05293
Pressurized,Objet_01449
Food,Objet_14902
Toxic,Objet_06971
Food,Objet_03219
Fragile,Objet_04206
Radioactive,Objet_01856
Radioactive,Objet_02973
Unspecified,Objet_05448
Flammable,Objet_12684
Fragile,Objet_12724
Pressurized,Objet_06724
Explosive,Objet_04643
Fragile,Objet_07776
Fragile,Objet_07981
Pressurized,Objet_07273
Unspecified,Objet_04323
Flammable,Objet_12452
Radioactive,Objet_11626
Oxidizing,Objet_13719
Radioactive,Objet_05848
Fragile,Objet_11299
Food,Objet_09413
Food,Objet_10928
Food,Objet_14111
Radioactive,Objet_14508
Oxidizing,Objet_14747
Pressurized,Objet_07670
Food,Objet_12433
Corrosive,Objet_06154
Flammable,Objet_10371
Radioactive,Objet_05776
Corrosive,Objet_14871
Oxidizing,Objet_01840
Toxic,Objet_14978
Pressurized,Objet_00350
Flammable,Objet_06413
Corrosive,Objet_07371
Pressurized,Objet_01984
Explosive,Objet_04584
Unspecified,Objet_07505
Explosive,Objet_10646
Pressurized,Objet_06702
Oxidizing,Objet_06497
Food,Objet_13691
Oxidizing,Objet_08020
Unspecified,Objet_07519
Corrosive,Objet_10393
Unspecified,Objet_12267
Unspecified,Objet_08858
Oxidizing,Objet_10098
Food,Objet_04745
Pressurized,Objet_03398
Explosive,Objet_09997
Corrosive,Objet_08341
Explosive,Objet_00961
Unspecified,Objet_02789
Oxidizing,Objet_05925
Pressurized,Objet_01842
Oxidizing,Objet_06430
Fragile,Objet_13232
Radioactive,Objet_04876
Explosive,Objet_09386
Food,Objet_04058
Radioactive,Objet_06686
Flammable,Objet_05157
Pressurized,Objet_03166
Pressurized,Objet_06203
Corrosive,Objet_05700
Fragile,Objet_05194
Pressurized,Objet_15412
Pressurized,Objet_15290
Flammable,Objet_14128
Explosive,Objet_13162
Explosive,Objet_03562
Toxic,Objet_12873
Oxidizing,Objet_11832
Unspecified,Objet_08387
Pressurized,Objet_01594
Corrosive,Objet_12046
Pressurized,Objet_06290
Oxidizing,Objet_12492
Food,Objet_06126
Food,Objet_03429
Oxidizing,Objet_06463
Food,Objet_14530
Explosive,Objet_03968
Flammable,Objet_10035
Pressurized,Objet_09964
Radioactive,Objet_05688
Explosive,Objet_01532
Pressurized,Objet_06619
Explosive,Objet_15474
Toxic,Objet_00548
Explosive,Objet_06089
Flammable,Objet_00169
Fragile,Objet_06783
Toxic,Objet_08131
Flammable,Objet_08390
Fragile,Objet_02629
Radioactive,Objet_14869
Pressurized,Objet_12553
Flammable,Objet_12548
Pressurized,Objet_12834
Unspecified,Objet_04489
Explosive,Objet_05313
Explosive,Objet_14995
Corrosive,Objet_08670
Corrosive,Objet_06824
Fragile,Objet_01163
Unspecified,Objet_12446
Fragile,Objet_12209
Radioactive,Objet_03487
Unspecified,Objet_09707
Oxidizing,Objet_04218
Fragile,Objet_13648
Toxic,Objet_12147
Fragile,Objet_00396
Oxidizing,Objet_05283
Unspecified,Objet_10824
Flammable,Objet_14311
Explosive,Objet_00584
Corrosive,Objet_10531
Radioactive,Objet_14897
Corrosive,Objet_13378
Toxic,Objet_03529
Flammable,Objet_01614
Explosive,Objet_14730
Toxic,Objet_06578
Oxidizing,Objet_05195
Corrosive,Objet_11680
Unspecified,Objet_06651
Food,Objet_09018
Unspecified,Objet_14672
Corrosive,Objet_07799
Radioactive,Objet_12699
Fragile,Objet_03671
Fragile,Objet_05207
Toxic,Objet_08374
Unspecified,Objet_13091
Fragile,Objet_10213
Radioactive,Objet_11649
Food,Objet_13874
Fragile,Objet_14677
Food,Objet_04521
Toxic,Objet_06403
Food,Objet_12813
Oxidizing,Objet_14351
Toxic,Objet_00278
Food,Objet_14880
Food,Objet_08962
Unspecified,Objet_12349
Food,Objet_15272
Food,Objet_09851
Fragile,Objet_08515
Unspecified,Objet_05129
Food,Objet_10062
Pressurized,Objet_11988
Explosive,Objet_14914
Fragile,Objet_12631
Oxidizing,Objet_03504
Explosive,Objet_11388
Unspecified,Objet_05482
Pressurized,Objet_06767
Radioactive,Objet_15463
Radioactive,Objet_07016
Flammable,Objet_07440
Toxic,Objet_02817
Pressurized,Objet_05444
Flammable,Objet_10507
Radioactive,Objet_06149
Oxidizing,Objet_13450
Flammable,Objet_07834
Oxidizing,Objet_14769
Oxidizing,Objet_09138
Radioactive,Objet_14141
Radioactive,Objet_05792
Fragile,Objet_13954
Food,Objet_00154
Corrosive,Objet_10565
Pressurized,Objet_05696
Oxidizing,Objet_04439
Unspecified,Objet_04918
Fragile,Objet_11429
Oxidizing,Objet_15029
Flammable,Objet_06401
Pressurized,Objet_11224
Pressurized,Objet_14492
Pressurized,Objet_03872
Unspecified,Objet_15213
Pressurized,Objet_09931
Oxidizing,Objet_06459
Corrosive,Objet_03793
Unspecified,Objet_07789
Pressurized,Objet_08462
Radioactive,Objet_13651
Corrosive,Objet_03993
Corrosive,Objet_09368
Flammable,Objet_11279
Toxic,Objet_10750
Radioactive,Objet_03148
Food,Objet_01362
Oxidizing,Objet_05964
Pressurized,Objet_00211
Toxic,Objet_11753
Unspecified,Objet_01260
Explosive,Objet_11163
Fragile,Objet_07842
Food,Objet_07792
Fragile,Objet_00579
Explosive,Objet_07568
Food,Objet_09847
Oxidizing,Objet_07654
Fragile,Objet_02489
Fragile,Objet_14907
Explosive,Objet_13380
Pressurized,Objet_02637
Food,Objet_03118
Toxic,Objet_12764
Explosive,Objet_12489
Explosive,Objet_05782
Oxidizing,Objet_08130
Unspecified,Objet_02965
Corrosive,Objet_03714
Oxidizing,Objet_00869
Flammable,Objet_02327
Radioactive,Objet_05354
Flammable,Objet_11671
Explosive,Objet_01010
Explosive,Objet_00368
Corrosive,Objet_09200
Unspecified,Objet_04488
Explosive,Objet_07741
Pressurized,Objet_00215
Unspecified,Objet_03920
Food,Objet_08301
Radioactive,Objet_04134
Unspecified,Objet_14482
Unspecified,Objet_07569
Corrosive,Objet_07979
Pressurized,Objet_06345
Toxic,Objet_05943
Fragile,Objet_10486
Toxic,Objet_03021
Corrosive,Objet_01254
Unspecified,Objet_07294
Pressurized,Objet_07258
Flammable,Objet_02622
Toxic,Objet_11537
Explosive,Objet_09582
Pressurized,Objet_03552
Explosive,Objet_11526
Food,Objet_12843
Food,Objet_12265
Radioactive,Objet_08207
Radioactive,Objet_15398
Radioactive,Objet_13910
Radioactive,Objet_07554
Flammable,Objet_10379
Toxic,Objet_04851
Toxic,Objet_11152
Explosive,Objet_10331
Explosive,Objet_15252
Food,Objet_10471
Radioactive,Objet_08598
Unspecified,Objet_10433
Oxidizing,Objet_10711
Flammable,Objet_00910
Flammable,Objet_08021
Corrosive,Objet_09000
Explosive,Objet_14787
Oxidizing,Objet_01570
Radioactive,Objet_07795
Oxidizing,Objet_09406
Unspecified,Objet_02952
Corrosive,Objet_09232
Radioactive,Objet_01810
Explosive,Objet_06311
Corrosive,Objet_02891
Toxic,Objet_08303
Pressurized,Objet_03941
Flammable,Objet_03119
Flammable,Objet_04148
Toxic,Objet_09264
Oxidizing,Objet_10587
Toxic,Objet_12185
Explosive,Objet_04777
Pressurized,Objet_11439
Oxidizing,Objet_12597
Oxidizing,Objet_07067
Radioactive,Objet_04591
Oxidizing,Objet_14001
Food,Objet_01002
Fragile,Objet_12578
Explosive,Objet_02336
Pressurized,Objet_07771
Unspecified,Objet_01597
Food,Objet_07983
Food,Objet_01498
Food,Objet_07326
Explosive,Objet_11527
Flammable,Objet_02049
Explosive,Objet_05883
Corrosive,Objet_11500
Food,Objet_06059
Explosive,Objet_13172
Explosive,Objet_12303
Pressurized,Objet_05279
Oxidizing,Objet_03103
Corrosive,Objet_14768
Toxic,Objet_09475
Corrosive,Objet_01479
Food,Objet_13243
Unspecified,Objet_10268
Unspecified,Objet_04678
Food,Objet_14263
Food,Objet_06296
Unspecified,Objet_03005
Corrosive,Objet_14779
Unspecified,Objet_01272
Pressurized,Objet_09738
Oxidizing,Objet_09939
Food,Objet_10608
Food,Objet_09282
Pressurized,Objet_02200
Unspecified,Objet_06691
Pressurized,Objet_14083
Pressurized,Objet_00744
Pressurized,Objet_02864
Flammable,Objet_01368
Radioactive,Objet_03009
Explosive,Objet_09387
Radioactive,Objet_06909
Food,Objet_05729
Oxidizing,Objet_04152
Oxidizing,Objet_07051
Fragile,Objet_04955
Corrosive,Objet_12431
Radioactive,Objet_04957
Unspecified,Objet_03743
Radioactive,Objet_13661
Food,Objet_05691
Oxidizing,Objet_07712
Oxidizing,Objet_04652
Unspecified,Objet_00358
Toxic,Objet_08224
Oxidizing,Objet_02093
Flammable,Objet_02347
Oxidizing,Objet_00148
Corrosive,Objet_02958
Fragile,Objet_02978
Toxic,Objet_02584
Toxic,Objet_09384
Oxidizing,Objet_09675
Fragile,Objet_03214
Corrosive,Objet_10451
Explosive,Objet_10225
Oxidizing,Objet_09281
Toxic,Objet_10395
Toxic,Objet_09998
Toxic,Objet_10822
Fragile,Objet_07982
Pressurized,Objet_06816
Oxidizing,Objet_00551
Food,Objet_05146
Corrosive,Objet_04625
Radioactive,Objet_14811
Flammable,Objet_00970
Oxidizing,Objet_12254
Fragile,Objet_11657
Flammable,Objet_12133
Toxic,Objet_02439
Corrosive,Objet_03277
Explosive,Objet_13005
Food,Objet_08241
Unspecified,Objet_09809
Radioactive,Objet_00934
Corrosive,Objet_05474
Explosive,Objet_03064
Fragile,Objet_02295
Food,Objet_11106
Unspecified,Objet_13830
Flammable,Objet_06965
Pressurized,Objet_07256
Fragile,Objet_12430
Radioactive,Objet_13694
Oxidizing,Objet_05856
Pressurized,Objet_00145
Radioactive,Objet_01110
Radioactive,Objet_13705
Flammable,Objet_05753
Toxic,Objet_03520
Unspecified,Objet_00048
Oxidizing,Objet_03224
Flammable,Objet_10802
Radioactive,Objet_01463
Radioactive,Objet_04792
Radioactive,Objet_01177
Radioactive,Objet_04753
Fragile,Objet_00413
Toxic,Objet_11663
Oxidizing,Objet_03758
Radioactive,Objet_03395
Pressurized,Objet_05476
Fragile,Objet_06041
Oxidizing,Objet_13129
Flammable,Objet_01706
Toxic,Objet_12420
Explosive,Objet_14568
Unspecified,Objet_02723
Corrosive,Objet_05840
Corrosive,Objet_12903
Toxic,Objet_13356
Corrosive,Objet_11811
Flammable,Objet_08439
Food,Objet_08849
Unspecified,Objet_03966
Unspecified,Objet_01649
Unspecified,Objet_11592
Fragile,Objet_11575
Oxidizing,Objet_12940
Oxidizing,Objet_12827
Food,Objet_00633
Food,Objet_05403
Explosive,Objet_08264
Flammable,Objet_14726
Explosive,Objet_05917
Explosive,Objet_03928
Pressurized,Objet_14721
Pressurized,Objet_13033
Pressurized,Objet_08247
Unspecified,Objet_10117
Unspecified,Objet_08763
Pressurized,Objet_14069
Oxidizing,Objet_01719
Toxic,Objet_02781
Oxidizing,Objet_09106
Oxidizing,Objet_01349
Unspecified,Objet_14369
Radioactive,Objet_12014
Radioactive,Objet_08819
Fragile,Objet_04214
Oxidizing,Objet_07048
Explosive,Objet_08564
Oxidizing,Objet_07744
Radioactive,Objet_09476
Corrosive,Objet_12959
Radioactive,Objet_11611
Corrosive,Objet_09650
Flammable,Objet_01625
Food,Objet_14946
Toxic,Objet_14506
Unspecified,Objet_05225
Food,Objet_10809
Explosive,Objet_00218
Oxidizing,Objet_09364
Oxidizing,Objet_13734
Pressurized,Objet_09015
Pressurized,Objet_00734
Corrosive,Objet_13191
Pressurized,Objet_00417
Fragile,Objet_05376
Unspecified,Objet_08512
Pressurized,Objet_14781
Corrosive,Objet_11885
Food,Objet_08307
Oxidizing,Objet_07163
Explosive,Objet_10238
Explosive,Objet_00385
Unspecified,Objet_14431
Toxic,Objet_13805
Radioactive,Objet_05511
Food,Objet_05497
Flammable,Objet_14264
Food,Objet_10152
Unspecified,Objet_15427
Flammable,Objet_06035
Corrosive,Objet_11965
Fragile,Objet_06307
Fragile,Objet_05992
Oxidizing,Objet_08966
Food,Objet_01159
Unspecified,Objet_05628
Unspecified,Objet_06683
Explosive,Objet_10416
Food,Objet_05177
Explosive,Objet_14558
Pressurized,Objet_02219
Fragile,Objet_09762
Explosive,Objet_05289
Oxidizing,Objet_05051
Unspecified,Objet_14538
Radioactive,Objet_00574
Oxidizing,Objet_00635
Flammable,Objet_03012
Flammable,Objet_08230
Fragile,Objet_11714
Pressurized,Objet_08456
Pressurized,Objet_04185
Pressurized,Objet_01179
Radioactive,Objet_08883
Explosive,Objet_04153
Pressurized,Objet_07674
Toxic,Objet_01813
Flammable,Objet_05478
Toxic,Objet_15001
Toxic,Objet_07724
Fragile,Objet_08891
Corrosive,Objet_04089
Flammable,Objet_11218
Pressurized,Objet_07518
Oxidizing,Objet_14135
Food,Objet_06363
Explosive,Objet_06021
Radioactive,Objet_02433
Oxidizing,Objet_03201
Oxidizing,Objet_10648
Unspecified,Objet_10670
Radioactive,Objet_11561
Corrosive,Objet_06316
Food,Objet_08647
Pressurized,Objet_09584
Fragile,Objet_00320
Radioactive,Objet_11912
Corrosive,Objet_04213
Toxic,Objet_10780
Corrosive,Objet_12839
Food,Objet_14130
Food,Objet_06781
Unspecified,Objet_09581
Food,Objet_12345
Pressurized,Objet_03807
Toxic,Objet_04318
Corrosive,Objet_05311
Pressurized,Objet_14519
Explosive,Objet_04265
Fragile,Objet_14040
Explosive,Objet_11512
Oxidizing,Objet_08521
Unspecified,Objet_03673
Unspecified,Objet_12144
Flammable,Objet_02566
Food,Objet_04421
Unspecified,Objet_07677
Unspecified,Objet_00983
Toxic,Objet_03882
Oxidizing,Objet_07298
Radioactive,Objet_04936
Fragile,Objet_02518
Explosive,Objet_01174
Oxidizing,Objet_04558
Radioactive,Objet_09644
Toxic,Objet_09428
Unspecified,Objet_02725
Toxic,Objet_10811
Food,Objet_10063
Radioactive,Objet_09605
Radioactive,Objet_14071
Explosive,Objet_00121
Explosive,Objet_02585
Food,Objet_10206
Radioactive,Objet_02387
Oxidizing,Objet_04637
Corrosive,Objet_05373
Unspecified,Objet_09543
Fragile,Objet_09580
Corrosive,Objet_11924
Oxidizing,Objet_00283
Corrosive,Objet_03782
Oxidizing,Objet_05648
Pressurized,Objet_00179
Radioactive,Objet_02843
Radioactive,Objet_15410
Food,Objet_05187
Oxidizing,Objet_09657
Explosive,Objet_05431
Oxidizing,Objet_10879
Food,Objet_07390
Corrosive,Objet_06827
Oxidizing,Objet_06589
Flammable,Objet_06132
Explosive,Objet_04438
Explosive,Objet_06549
Food,Objet_09575
Pressurized,Objet_04891
Fragile,Objet_05971
Radioactive,Objet_08661
Explosive,Objet_02082
Corrosive,Objet_05451
Oxidizing,Objet_08556
Explosive,Objet_00816
Unspecified,Objet_06678
Corrosive,Objet_12472
Radioactive,Objet_09815
Radioactive,Objet_14480
Pressurized,Objet_07748
Corrosive,Objet_08499
Corrosive,Objet_03297
Pressurized,Objet_02353
Fragile,Objet_04622
Explosive,Objet_14727
Explosive,Objet_07938
Radioactive,Objet_02736
Radioactive,Objet_07888
Oxidizing,Objet_00864
Unspecified,Objet_13844
Radioactive,Objet_07875
Oxidizing,Objet_05321
Pressurized,Objet_02183
Radioactive,Objet_10739
Toxic,Objet_13788
Fragile,Objet_04960
Corrosive,Objet_08468
Fragile,Objet_12921
Flammable,Objet_08252
Flammable,Objet_10746
Corrosive,Objet_11184
Fragile,Objet_14140
Flammable,Objet_06708
Pressurized,Objet_00553
Unspecified,Objet_07279
Unspecified,Objet_03427
Oxidizing,Objet_00981
Toxic,Objet_03919
Unspecified,Objet_12278
Pressurized,Objet_05184
Radioactive,Objet_01630
Toxic,Objet_00597
Toxic,Objet_14936
Food,Objet_00567
Oxidizing,Objet_09520
Pressurized,Objet_07854
Explosive,Objet_00656
Toxic,Objet_12554
Radioactive,Objet_00464
Toxic,Objet_06291
Toxic,Objet_08927
Oxidizing,Objet_04595
Corrosive,Objet_02813
Unspecified,Objet_02010
Pressurized,Objet_00731
Pressurized,Objet_11087
Radioactive,Objet_12690
Food,Objet_14161
Pressurized,Objet_05466
Oxidizing,Objet_07915
Radioactive,Objet_07522
Pressurized,Objet_12459
Corrosive,Objet_13533
Explosive,Objet_14469
Radioactive,Objet_06093
Unspecified,Objet_12293
Corrosive,Objet_14159
Explosive,Objet_12925
Pressurized,Objet_00206
Unspecified,Objet_14064
Unspecified,Objet_02021
Explosive,Objet_07786
Toxic,Objet_01877
Oxidizing,Objet_02070
Radioactive,Objet_13467
Oxidizing,Objet_01297
Toxic,Objet_08731
Unspecified,Objet_12624
Pressurized,Objet_09651
Unspecified,Objet_15024
Food,Objet_00942
Fragile,Objet_10368
Radioactive,Objet_11424
Toxic,Objet_11691
Flammable,Objet_13772
Fragile,Objet_12255
Flammable,Objet_01573
Fragile,Objet_09816
Unspecified,Objet_09357
Fragile,Objet_09061
Unspecified,Objet_06141
Toxic,Objet_11521
Pressurized,Objet_11507
Toxic,Objet_12705
Unspecified,Objet_01369
Explosive,Objet_00157
Pressurized,Objet_01284
Unspecified,Objet_04749
Corrosive,Objet_10850
Corrosive,Objet_15098
Oxidizing,Objet_01764
Toxic,Objet_04284
Radioactive,Objet_09351
Explosive,Objet_13281
Oxidizing,Objet_05583
Flammable,Objet_13374
Flammable,Objet_13953
Oxidizing,Objet_00249
Unspecified,Objet_00852
Oxidizing,Objet_00150
Explosive,Objet_14793
Fragile,Objet_06410
Corrosive,Objet_08689
Toxic,Objet_08889
Toxic,Objet_04139
Explosive,Objet_08809
Unspecified,Objet_10737
Fragile,Objet_12984
Toxic,Objet_07512
Radioactive,Objet_14982
Unspecified,Objet_14286
Radioactive,Objet_10381
Toxic,Objet_12512
Pressurized,Objet_04069
Oxidizing,Objet_14117
Toxic,Objet_05899
Fragile,Objet_07645
Corrosive,Objet_02374
Unspecified,Objet_06721
Unspecified,Objet_10127
Corrosive,Objet_13497
Corrosive,Objet_01644
Fragile,Objet_05420
Explosive,Objet_05046
Toxic,Objet_13604
Corrosive,Objet_05575
Flammable,Objet_12132
Toxic,Objet_08314
Unspecified,Objet_05582
Radioactive,Objet_01283
Fragile,Objet_03711
Flammable,Objet_00664
Explosive,Objet_01192
Toxic,Objet_13204
Pressurized,Objet_14115
Explosive,Objet_14720
Unspecified,Objet_11376
Fragile,Objet_01290
Radioactive,Objet_06075
Explosive,Objet_04119
Corrosive,Objet_11950
Oxidizing,Objet_09797
Pressurized,Objet_01482
Radioactive,Objet_01562
Food,Objet_08319
Corrosive,Objet_10097
Food,Objet_01950
Toxic,Objet_07402
Explosive,Objet_10548
Oxidizing,Objet_09426
Flammable,Objet_05847
Oxidizing,Objet_10998
Unspecified,Objet_04370
Fragile,Objet_05099
Pressurized,Objet_14270
Corrosive,Objet_10514
Flammable,Objet_13487
Corrosive,Objet_13545
Unspecified,Objet_09111
Flammable,Objet_06251
Radioactive,Objet_13473
Radioactive,Objet_01602
Flammable,Objet_00351
Fragile,Objet_03390
Oxidizing,Objet_03787
Radioactive,Objet_02642
Oxidizing,Objet_06779
Food,Objet_00709
Oxidizing,Objet_00246
Oxidizing,Objet_10159
Fragile,Objet_12966
Fragile,Objet_03674
Fragile,Objet_11360
Fragile,Objet_05278
Fragile,Objet_13529
Fragile,Objet_11543
Explosive,Objet_05085
Oxidizing,Objet_03143
Unspecified,Objet_14505
Unspecified,Objet_15304
Toxic,Objet_04913
Corrosive,Objet_11766
Explosive,Objet_02460
Food,Objet_08253
Flammable,Objet_06822
Toxic,Objet_12598
Pressurized,Objet_12056
Flammable,Objet_10606
Food,Objet_03753
Pressurized,Objet_14662
Explosive,Objet_13702
Pressurized,Objet_04907
Food,Objet_12169
Flammable,Objet_04294
Unspecified,Objet_12979
Fragile,Objet_14348
Corrosive,Objet_05494
Oxidizing,Objet_02570
Oxidizing,Objet_09246
Corrosive,Objet_04644
Radioactive,Objet_00641
Unspecified,Objet_15203
Flammable,Objet_13095
Food,Objet_13314
Unspecified,Objet_10435
Oxidizing,Objet_09703
Pressurized,Objet_05071
Radioactive,Objet_10263
Oxidizing,Objet_05179
Food,Objet_06069
Flammable,Objet_14678
Oxidizing,Objet_11916
Fragile,Objet_05041
Oxidizing,Objet_04650
Toxic,Objet_02186
Food,Objet_14395
Flammable,Objet_02898
Fragile,Objet_10018
Fragile,Objet_08308
Pressurized,Objet_08938
Explosive,Objet_03532
Oxidizing,Objet_07145
Pressurized,Objet_11011
Oxidizing,Objet_11177
Fragile,Objet_11712
Unspecified,Objet_13486
Food,Objet_07661
Radioactive,Objet_08079
Pressurized,Objet_06879
Radioactive,Objet_15081
Corrosive,Objet_15090
Food,Objet_04150
Radioactive,Objet_01906
Corrosive,Objet_11725
Explosive,Objet_06016
Unspecified,Objet_05532
Fragile,Objet_05560
Food,Objet_07931
Food,Objet_05890
Unspecified,Objet_05819
Pressurized,Objet_05203
Flammable,Objet_04477
Food,Objet_13550
Fragile,Objet_04833
Radioactive,Objet_03331
Unspecified,Objet_00602
Pressurized,Objet_00252
Unspecified,Objet_03738
Toxic,Objet_10682
Radioactive,Objet_02994
Corrosive,Objet_00790
Toxic,Objet_09256
Toxic,Objet_04677
Toxic,Objet_13542
Radioactive,Objet_14065
Fragile,Objet_01315
Toxic,Objet_14947
Fragile,Objet_01377
Unspecified,Objet_09491
Pressurized,Objet_09789
Radioactive,Objet_15025
Food,Objet_09914
Pressurized,Objet_07297
Explosive,Objet_01316
Pressurized,Objet_02139
Oxidizing,Objet_07638
Corrosive,Objet_13020
Unspecified,Objet_12257
Unspecified,Objet_02818
Corrosive,Objet_00867
Food,Objet_10473
Corrosive,Objet_04615
Corrosive,Objet_06400
Oxidizing,Objet_04493
Corrosive,Objet_05945
Explosive,Objet_06972
Pressurized,Objet_03158
Food,Objet_06125
Pressurized,Objet_10788
Oxidizing,Objet_13716
Pressurized,Objet_03595
Radioactive,Objet_09746
Flammable,Objet_10686
Oxidizing,Objet_14384
Food,Objet_08651
Toxic,Objet_04194
Radioactive,Objet_02452
Radioactive,Objet_15282
Corrosive,Objet_04802
Radioactive,Objet_13136
Fragile,Objet_11852
Food,Objet_06785
Pressurized,Objet_12099
Fragile,Objet_13513
Pressurized,Objet_13753
Food,Objet_02717
Oxidizing,Objet_12741
Pressurized,Objet_07268
Unspecified,Objet_01248
Unspecified,Objet_11239
Pressurized,Objet_10025
Fragile,Objet_07543
Unspecified,Objet_04739
Fragile,Objet_00346
Fragile,Objet_11037
Radioactive,Objet_11844
Pressurized,Objet_10262
Unspecified,Objet_01305
Unspecified,Objet_08820
Pressurized,Objet_10457
Explosive,Objet_11401
Radioactive,Objet_10266
Radioactive,Objet_14875
Fragile,Objet_06789
Unspecified,Objet_02697
Flammable,Objet_09034
Flammable,Objet_14583
Radioactive,Objet_11176
Food,Objet_09705
Toxic,Objet_11823
Unspecified,Objet_01137
Radioactive,Objet_12119
Explosive,Objet_12732
Oxidizing,Objet_14488
Explosive,Objet_00104
Food,Objet_10708
Flammable,Objet_00377
Food,Objet_00481
Radioactive,Objet_09239
Fragile,Objet_01417
Food,Objet_05481
Food,Objet_00098
Oxidizing,Objet_04981
Oxidizing,Objet_14292
Corrosive,Objet_11284
Unspecified,Objet_04925
Toxic,Objet_15236
Toxic,Objet_06974
Explosive,Objet_01198
Oxidizing,Objet_11278
Radioactive,Objet_14657
Fragile,Objet_10866
Pressurized,Objet_02011
Flammable,Objet_07248
Flammable,Objet_01166
Explosive,Objet_00903
Explosive,Objet_06306
Toxic,Objet_03582
Unspecified,Objet_12708
Unspecified,Objet_09342
Pressurized,Objet_08496
Corrosive,Objet_02939
Flammable,Objet_01436
Corrosive,Objet_05395
Flammable,Objet_05336
Pressurized,Objet_00406
Fragile,Objet_09927
Explosive,Objet_10741
Pressurized,Objet_08757
Radioactive,Objet_11343
Oxidizing,Objet_12822
Oxidizing,Objet_02105
Fragile,Objet_07790
Explosive,Objet_06078
Oxidizing,Objet_00697
Flammable,Objet_00379
Explosive,Objet_11972
Toxic,Objet_11022
Pressurized,Objet_06896
Radioactive,Objet_07164
Flammable,Objet_06328
Flammable,Objet_01743
Explosive,Objet_05162
Food,Objet_09306
Flammable,Objet_09887
Food,Objet_00187
Radioactive,Objet_10339
Radioactive,Objet_10173
Unspecified,Objet_15224
Fragile,Objet_12987
Unspecified,Objet_07988
Corrosive,Objet_11425
Toxic,Objet_11247
Explosive,Objet_02475
Fragile,Objet_15061
Toxic,Objet_11007
Unspecified,Objet_11132
Food,Objet_13471
Fragile,Objet_01728
Oxidizing,Objet_11196
Unspecified,Objet_09044
Fragile,Objet_09278
Unspecified,Objet_10671
Explosive,Objet_11835
Unspecified,Objet_13228
Radioactive,Objet_04902
Food,Objet_11717
Flammable,Objet_14526
Oxidizing,Objet_10058
Radioactive,Objet_04336
Food,Objet_06131
Oxidizing,Objet_05216
Corrosive,Objet_14695
Pressurized,Objet_06504
Explosive,Objet_06772
Corrosive,Objet_04461
Food,Objet_02430
Oxidizing,Objet_12575
Pressurized,Objet_05526
Radioactive,Objet_08385
Flammable,Objet_14717
Oxidizing,Objet_12890
Corrosive,Objet_12550
Food,Objet_07348
Fragile,Objet_06920
Food,Objet_02418
Food,Objet_09401
Toxic,Objet_09730
Fragile,Objet_04541
Pressurized,Objet_00558
Pressurized,Objet_03986
Pressurized,Objet_06449
Food,Objet_01905
Oxidizing,Objet_03703
Food,Objet_00661
Pressurized,Objet_02044
Unspecified,Objet_09744
Unspecified,Objet_10519
Food,Objet_14888
Flammable,Objet_01073
Oxidizing,Objet_10015
Food,Objet_06109
Pressurized,Objet_09116
Radioactive,Objet_06844
Unspecified,Objet_08723
Radioactive,Objet_14009
Corrosive,Objet_11161
Food,Objet_14784
Food,Objet_03292
Fragile,Objet_02234
Fragile,Objet_01921
Unspecified,Objet_07398
Pressurized,Objet_09144
Radioactive,Objet_11905
Radioactive,Objet_11422
Fragile,Objet_05387
Radioactive,Objet_13585
Toxic,Objet_12400
Oxidizing,Objet_04898
Radioactive,Objet_12196
Oxidizing,Objet_04373
Food,Objet_02456
Explosive,Objet_11475
Fragile,Objet_06209
Pressurized,Objet_13834
Explosive,Objet_03377
Food,Objet_04446
Oxidizing,Objet_14045
Corrosive,Objet_08183
Flammable,Objet_04342
Fragile,Objet_11277
Flammable,Objet_01997
Pressurized,Objet_15273
Oxidizing,Objet_08219
Unspecified,Objet_14846
Fragile,Objet_07197
Pressurized,Objet_04413
Flammable,Objet_11361
Radioactive,Objet_01038
Fragile,Objet_14814
Explosive,Objet_03075
Toxic,Objet_02636
Fragile,Objet_06957
Flammable,Objet_15268
Unspecified,Objet_04604
Fragile,Objet_11655
Unspecified,Objet_07866
Radioactive,Objet_10447
Food,Objet_03776
Radioactive,Objet_02078
Fragile,Objet_02099
Fragile,Objet_02501
Pressurized,Objet_12354
Food,Objet_02126
Pressurized,Objet_05221
Radioactive,Objet_07467
Explosive,Objet_04700
Explosive,Objet_14570
Food,Objet_08726
Food,Objet_03105
Toxic,Objet_03431
Corrosive,Objet_12036
Food,Objet_12766
Oxidizing,Objet_01055
Oxidizing,Objet_02823
Food,Objet_13099
Food,Objet_11199
Flammable,Objet_14271
Explosive,Objet_03659
Explosive,Objet_03778
Explosive,Objet_12899
Fragile,Objet_10617
Fragile,Objet_00591
Oxidizing,Objet_03306
Oxidizing,Objet_01961
Fragile,Objet_06357
Fragile,Objet_10623
Fragile,Objet_12587
Explosive,Objet_08924
Unspecified,Objet_15198
Radioactive,Objet_00434
Explosive,Objet_08957
Fragile,Objet_10723
Fragile,Objet_00947
Fragile,Objet_02937
Radioactive,Objet_00269
Food,Objet_05380
Radioactive,Objet_11018
Toxic,Objet_04435
Explosive,Objet_13624
Food,Objet_05268
Fragile,Objet_02816
Toxic,Objet_07223
Explosive,Objet_03647
Corrosive,Objet_06828
Fragile,Objet_14330
Unspecified,Objet_09224
Unspecified,Objet_02157
Oxidizing,Objet_00768
Pressurized,Objet_00011
Toxic,Objet_08721
Fragile,Objet_10839
Oxidizing,Objet_13894
Food,Objet_10104
Corrosive,Objet_09883
Fragile,Objet_09904
Flammable,Objet_14333
Food,Objet_06591
Toxic,Objet_09289
Pressurized,Objet_02220
Radioactive,Objet_08888
Unspecified,Objet_07344
Radioactive,Objet_05326
Unspecified,Objet_11597
Oxidizing,Objet_15429
Toxic,Objet_15074
Flammable,Objet_06741
Fragile,Objet_15190
Explosive,Objet_07926
Explosive,Objet_13914
Explosive,Objet_04286
Oxidizing,Objet_04003
Fragile,Objet_07861
Corrosive,Objet_04042
Toxic,Objet_07188
Explosive,Objet_14465
Flammable,Objet_12351
Fragile,Objet_02897
Unspecified,Objet_15341
Toxic,Objet_15295
Oxidizing,Objet_02170
Food,Objet_07474
Fragile,Objet_12103
Unspecified,Objet_11798
Pressurized,Objet_14703
Fragile,Objet_00139
Corrosive,Objet_08030
Explosive,Objet_07451
Toxic,Objet_11296
Fragile,Objet_05904
Pressurized,Objet_13901
Unspecified,Objet_03901
Oxidizing,Objet_06939
Flammable,Objet_06393
Toxic,Objet_12444
Toxic,Objet_04102
Unspecified,Objet_02713
Flammable,Objet_12475
Toxic,Objet_02350
Food,Objet_00388
Explosive,Objet_05457
Radioactive,Objet_12191
Flammable,Objet_01465
Flammable,Objet_11097
Corrosive,Objet_09204
Oxidizing,Objet_05871
Food,Objet_10917
Oxidizing,Objet_07152
Toxic,Objet_09088
Food,Objet_00519
Flammable,Objet_03786
Pressurized,Objet_01819
Corrosive,Objet_13255
Corrosive,Objet_12717
Toxic,Objet_08618
Radioactive,Objet_07431
Radioactive,Objet_06801
Fragile,Objet_03369
Radioactive,Objet_04451
Pressurized,Objet_01732
Flammable,Objet_12792
Pressurized,Objet_01322
Fragile,Objet_13969
Toxic,Objet_14991
Radioactive,Objet_10233
Explosive,Objet_05599
Flammable,Objet_07377
Explosive,Objet_06743
Toxic,Objet_02211
Oxidizing,Objet_09848
Unspecified,Objet_07841
Fragile,Objet_10475
Food,Objet_00255
Pressurized,Objet_03976
Corrosive,Objet_05075
Oxidizing,Objet_10804
Unspecified,Objet_02659
Flammable,Objet_00902
Explosive,Objet_10437
Unspecified,Objet_15165
Corrosive,Objet_11084
Unspecified,Objet_13802
Radioactive,Objet_00593
Flammable,Objet_04935
Flammable,Objet_09146
Flammable,Objet_01131
Flammable,Objet_11289
Flammable,Objet_09099
Food,Objet_12479
Explosive,Objet_12695
Corrosive,Objet_07086
Toxic,Objet_12749
Fragile,Objet_08804
Corrosive,Objet_02799
Pressurized,Objet_07993
Oxidizing,Objet_05246
Explosive,Objet_02443
Toxic,Objet_07485
Toxic,Objet_15469
Fragile,Objet_01066
Pressurized,Objet_15216
Oxidizing,Objet_01258
Toxic,Objet_11058
Corrosive,Objet_04247
Toxic,Objet_03167
Radioactive,Objet_14368
Corrosive,Objet_11258
Toxic,Objet_03678
Pressurized,Objet_09808
Radioactive,Objet_15421
Corrosive,Objet_11833
Fragile,Objet_06922
Pressurized,Objet_01823
Radioactive,Objet_10596
Explosive,Objet_12308
Flammable,Objet_02602
Unspecified,Objet_00506
Pressurized,Objet_12264
Toxic,Objet_08588
Fragile,Objet_00599
Toxic,Objet_06753
Food,Objet_11976
Explosive,Objet_14284
Explosive,Objet_15406
Food,Objet_08516
Radioactive,Objet_02241
Explosive,Objet_03783
Flammable,Objet_14099
Radioactive,Objet_12253
Fragile,Objet_11430
Radioactive,Objet_14446
Corrosive,Objet_04060
Explosive,Objet_02096
Pressurized,Objet_03757
Explosive,Objet_12102
Food,Objet_11552
Unspecified,Objet_06804
Oxidizing,Objet_08786
Pressurized,Objet_01205
Flammable,Objet_15186
Explosive,Objet_12586
Pressurized,Objet_12286
Food,Objet_04704
Food,Objet_06996
Fragile,Objet_13310
Flammable,Objet_08738
Pressurized,Objet_09205
Corrosive,Objet_00260
Toxic,Objet_13280
Oxidizing,Objet_00782
Food,Objet_04938
Flammable,Objet_12009
Fragile,Objet_13527
Flammable,Objet_11166
Radioactive,Objet_00160
Radioactive,Objet_09286
Fragile,Objet_03414
Fragile,Objet_11162
Corrosive,Objet_14689
Food,Objet_09050
Pressurized,Objet_00607
Oxidizing,Objet_05058
Food,Objet_10673
Pressurized,Objet_07180
Corrosive,Objet_11040
Food,Objet_07425
Oxidizing,Objet_02715
Fragile,Objet_07531
Radioactive,Objet_02613
Food,Objet_02129
Flammable,Objet_04803
Toxic,Objet_03732
Unspecified,Objet_09031
Toxic,Objet_09758
Pressurized,Objet_05561
Fragile,Objet_10411
Flammable,Objet_01471
Fragile,Objet_06799
Food,Objet_00184
Pressurized,Objet_10733
Food,Objet_07008
Toxic,Objet_04849
Toxic,Objet_07250
Fragile,Objet_04161
Corrosive,Objet_03543
Oxidizing,Objet_12561
Oxidizing,Objet_00031
Corrosive,Objet_09353
Radioactive,Objet_12368
Food,Objet_05638
Corrosive,Objet_12121
Fragile,Objet_10385
Toxic,Objet_05115
Toxic,Objet_06308
Food,Objet_11112
Unspecified,Objet_08115
Explosive,Objet_15365
Fragile,Objet_08959
Radioactive,Objet_12534
Pressurized,Objet_00397
Radioactive,Objet_00412
Toxic,Objet_00401
Corrosive,Objet_05641
Fragile,Objet_01787
Pressurized,Objet_10277
Corrosive,Objet_11631
Toxic,Objet_05997
Toxic,Objet_08360
Pressurized,Objet_08814
Corrosive,Objet_14651
Explosive,Objet_01607
Corrosive,Objet_00078
Food,Objet_10858
Fragile,Objet_11174
Explosive,Objet_14823
Pressurized,Objet_01320
Flammable,Objet_12406
Food,Objet_00110
Explosive,Objet_10934
Oxidizing,Objet_12007
Radioactive,Objet_13495
Toxic,Objet_13959
Explosive,Objet_02971
Flammable,Objet_02731
Flammable,Objet_01925
Toxic,Objet_11601
Fragile,Objet_13173
Toxic,Objet_04253
Radioactive,Objet_08189
Food,Objet_03407
Corrosive,Objet_11328
Food,Objet_03691
Toxic,Objet_07175
Fragile,Objet_14102
Toxic,Objet_07610
Food,Objet_04324
Fragile,Objet_08259
Fragile,Objet_00064
Pressurized,Objet_01354
Radioactive,Objet_00288
Fragile,Objet_10193
Corrosive,Objet_00343
Fragile,Objet_12087
Pressurized,Objet_03432
Oxidizing,Objet_00331
Toxic,Objet_09339
Fragile,Objet_07882
Food,Objet_13286
Flammable,Objet_10284
Corrosive,Objet_03123
Unspecified,Objet_00135
Food,Objet_05212
Food,Objet_02006
Oxidizing,Objet_05456
Explosive,Objet_11960
Explosive,Objet_12759
Toxic,Objet_04118
Corrosive,Objet_00838
Food,Objet_13101
Oxidizing,Objet_10932
Toxic,Objet_07927
Corrosive,Objet_02253
Food,Objet_00696
Radioactive,Objet_04354
Unspecified,Objet_07200
Corrosive,Objet_08942
Explosive,Objet_08628
Corrosive,Objet_07199
Flammable,Objet_11887
Food,Objet_10417
Radioactive,Objet_12823
Toxic,Objet_08416
Toxic,Objet_10154
Flammable,Objet_03903
Explosive,Objet_07289
Oxidizing,Objet_05035
Radioactive,Objet_07066
Unspecified,Objet_09540
Radioactive,Objet_00137
Oxidizing,Objet_02005
Radioactive,Objet_07461
Corrosive,Objet_14858
Pressurized,Objet_00205
Food,Objet_15143
Pressurized,Objet_09318
Flammable,Objet_00183
Fragile,Objet_01572
Food,Objet_11536
Corrosive,Objet_05705
Radioactive,Objet_14979
Toxic,Objet_13500
Pressurized,Objet_07128
Flammable,Objet_02394
Radioactive,Objet_04410
Food,Objet_13368
Explosive,Objet_12731
Toxic,Objet_01916
Oxidizing,Objet_08412
Toxic,Objet_02175
Flammable,Objet_05463
Unspecified,Objet_14037
Oxidizing,Objet_01911
Fragile,Objet_04788
Radioactive,Objet_04235
Corrosive,Objet_10594
Flammable,Objet_03307
Radioactive,Objet_07472
Fragile,Objet_12541
Toxic,Objet_11025
Explosive,Objet_05914
Oxidizing,Objet_02652
Oxidizing,Objet_11862
Unspecified,Objet_08554
Corrosive,Objet_11139
Food,Objet_14537
Corrosive,Objet_10081
Pressurized,Objet_14281
Radioactive,Objet_03023
Food,Objet_07987
Corrosive,Objet_04870
Flammable,Objet_12346
Fragile,Objet_04480
Fragile,Objet_05932
Unspecified,Objet_00785
Flammable,Objet_02233
Food,Objet_06707
Flammable,Objet_12385
Corrosive,Objet_06731
Radioactive,Objet_14240
Oxidizing,Objet_00596
Unspecified,Objet_08753
Explosive,Objet_00376
Food,Objet_04976
Radioactive,Objet_05291
Pressurized,Objet_08982
Food,Objet_07719
Unspecified,Objet_12190
Fragile,Objet_02071
Radioactive,Objet_03220
Explosive,Objet_13935
Food,Objet_00571
Toxic,Objet_07671
Radioactive,Objet_13217
Radioactive,Objet_02809
Unspecified,Objet_09152
Radioactive,Objet_00297
Toxic,Objet_11319
Flammable,Objet_12117
Flammable,Objet_13344
Toxic,Objet_10776
Corrosive,Objet_04950
Food,Objet_00565
Corrosive,Objet_12513
Explosive,Objet_02461
Radioactive,Objet_08946
Fragile,Objet_06899
Oxidizing,Objet_04453
Unspecified,Objet_07852
Fragile,Objet_13392
Radioactive,Objet_07490
Unspecified,Objet_14297
Flammable,Objet_05371
Explosive,Objet_07783
Flammable,Objet_08320
Flammable,Objet_12362
Unspecified,Objet_02050
Unspecified,Objet_00042
Fragile,Objet_12609
Flammable,Objet_05176
Explosive,Objet_10810
Radioactive,Objet_14456
Food,Objet_00234
Flammable,Objet_02855
Corrosive,Objet_13990
Flammable,Objet_05369
Radioactive,Objet_07108
Pressurized,Objet_12521
Pressurized,Objet_12167
Toxic,Objet_07657
Corrosive,Objet_12105
Flammable,Objet_09728
Food,Objet_03836
Pressurized,Objet_08008
Food,Objet_08831
Unspecified,Objet_12491
Food,Objet_15233
Explosive,Objet_02280
Food,Objet_07508
Food,Objet_13610
Explosive,Objet_04426
Oxidizing,Objet_13220
Oxidizing,Objet_02694
Fragile,Objet_03213
Radioactive,Objet_00322
Flammable,Objet_07482
Fragile,Objet_02506
Oxidizing,Objet_05564
Corrosive,Objet_06467
Toxic,Objet_03770
Corrosive,Objet_06654
Radioactive,Objet_11806
Corrosive,Objet_13311
Radioactive,Objet_14374
Food,Objet_13563
Food,Objet_10325
Flammable,Objet_06891
Food,Objet_13351
Oxidizing,Objet_14444
Radioactive,Objet_05618
Toxic,Objet_05878
Fragile,Objet_00114
Fragile,Objet_01072
Toxic,Objet_01151
Unspecified,Objet_07235
Fragile,Objet_03249
Unspecified,Objet_00727
Oxidizing,Objet_02678
Corrosive,Objet_11662
Radioactive,Objet_01758
Pressurized,Objet_04626
Toxic,Objet_07443
Food,Objet_08746
Explosive,Objet_02397
Toxic,Objet_09483
Pressurized,Objet_05768
Unspecified,Objet_04156
Food,Objet_05732
Flammable,Objet_09516
Radioactive,Objet_12211
Food,Objet_07683
Pressurized,Objet_11353
Toxic,Objet_07848
Unspecified,Objet_01784
Explosive,Objet_15109
Corrosive,Objet_08069
Food,Objet_05303
Unspecified,Objet_01833
Flammable,Objet_13037
Explosive,Objet_00058
Unspecified,Objet_07024
Toxic,Objet_03816
Fragile,Objet_05226
Food,Objet_01045
Unspecified,Objet_08592
Explosive,Objet_10370
Radioactive,Objet_11859
Explosive,Objet_04320
Toxic,Objet_00503
Fragile,Objet_06885
Unspecified,Objet_01895
Toxic,Objet_08770
Radioactive,Objet_11458
Pressurized,Objet_01629
Flammable,Objet_07276
Unspecified,Objet_00532
Explosive,Objet_15008
Explosive,Objet_05554
Explosive,Objet_03053
Radioactive,Objet_00962
Fragile,Objet_08269
Corrosive,Objet_13465
Oxidizing,Objet_02378
Toxic,Objet_00745
Pressurized,Objet_02572
Radioactive,Objet_00622
Pressurized,Objet_09040
Toxic,Objet_01579
Radioactive,Objet_06684
Oxidizing,Objet_03364
Unspecified,Objet_00083
Fragile,Objet_13817
Flammable,Objet_00118
Toxic,Objet_07317
Corrosive,Objet_05937
Food,Objet_04433
Fragile,Objet_13109
Radioactive,Objet_02567
Oxidizing,Objet_13873
Flammable,Objet_08608
Food,Objet_14547
Explosive,Objet_13151
Flammable,Objet_09826
Unspecified,Objet_06213
Food,Objet_12363
Fragile,Objet_04287
Fragile,Objet_11405
Flammable,Objet_11681
Corrosive,Objet_01281
Oxidizing,Objet_14044
Food,Objet_04783
Explosive,Objet_06099
Explosive,Objet_02755
Oxidizing,Objet_03106
Pressurized,Objet_15281
Flammable,Objet_00307
Unspecified,Objet_08879
Pressurized,Objet_13581
Pressurized,Objet_09163
Food,Objet_11063
Food,Objet_11754
Radioactive,Objet_06978
Fragile,Objet_14434
Unspecified,Objet_09360
Corrosive,Objet_11069
Oxidizing,Objet_01228
Food,Objet_06652
Flammable,Objet_12841
Oxidizing,Objet_10087
Fragile,Objet_12357
Unspecified,Objet_15453
Unspecified,Objet_03718
Oxidizing,Objet_10700
Fragile,Objet_13971
Fragile,Objet_02376
Oxidizing,Objet_12703
Oxidizing,Objet_00972
Food,Objet_12473
Food,Objet_01158
Flammable,Objet_04828
Toxic,Objet_14671
Food,Objet_01708
Radioactive,Objet_08085
Explosive,Objet_03323
Fragile,Objet_00459
Explosive,Objet_02297
Oxidizing,Objet_13425
Pressurized,Objet_09449
Radioactive,Objet_15235
Pressurized,Objet_00660
Toxic,Objet_03004
Food,Objet_12592
Oxidizing,Objet_07722
Explosive,Objet_03435
Pressurized,Objet_03571
Fragile,Objet_08503
Fragile,Objet_00923
Unspecified,Objet_08148
Radioactive,Objet_08764
Fragile,Objet_13997
Corrosive,Objet_06045
Food,Objet_13670
Explosive,Objet_01053
Corrosive,Objet_08147
Food,Objet_10409
Radioactive,Objet_00974
Pressurized,Objet_05703
Oxidizing,Objet_15359
Unspecified,Objet_10485
Oxidizing,Objet_10221
Fragile,Objet_06487
Explosive,Objet_02366
Corrosive,Objet_04425
Toxic,Objet_15153
Unspecified,Objet_08716
Toxic,Objet_04855
Flammable,Objet_06960
Food,Objet_07572
Toxic,Objet_13515
Fragile,Objet_04538
Unspecified,Objet_00598
Pressurized,Objet_09365
Oxidizing,Objet_05604
Food,Objet_13880
Explosive,Objet_05540
Corrosive,Objet_01167
Unspecified,Objet_10637
Toxic,Objet_07718
Pressurized,Objet_11889
Corrosive,Objet_07395
Unspecified,Objet_12516
Explosive,Objet_14375
Food,Objet_09567
Toxic,Objet_03451
Pressurized,Objet_06172
Corrosive,Objet_08428
Explosive,Objet_07363
Oxidizing,Objet_12879
Oxidizing,Objet_04971
Toxic,Objet_01169
Corrosive,Objet_12790
Explosive,Objet_09340
Toxic,Objet_00779
Radioactive,Objet_02334
Flammable,Objet_06438
Toxic,Objet_02653
Explosive,Objet_11923
Unspecified,Objet_00834
Corrosive,Objet_15305
Food,Objet_07109
Explosive,Objet_11907
Food,Objet_08571
Toxic,Objet_07328
Unspecified,Objet_10916
Corrosive,Objet_08072
Unspecified,Objet_12273
Oxidizing,Objet_06060
Radioactive,Objet_09378
Corrosive,Objet_09667
Food,Objet_12079
Oxidizing,Objet_05612
Unspecified,Objet_03709
Fragile,Objet_10537
Oxidizing,Objet_05298
Oxidizing,Objet_02323
Explosive,Objet_03466
Fragile,Objet_15021
Oxidizing,Objet_08622
Unspecified,Objet_08495
Fragile,Objet_07784
Food,Objet_01535
Food,Objet_11952
Flammable,Objet_07619
Oxidizing,Objet_09835
Radioactive,Objet_06480
Unspecified,Objet_05173
Oxidizing,Objet_04394
Oxidizing,Objet_07076
Explosive,Objet_10715
Explosive,Objet_12884
Unspecified,Objet_15192
Explosive,Objet_01662
Unspecified,Objet_14512
Corrosive,Objet_05304
Food,Objet_05927
Explosive,Objet_00059
Fragile,Objet_03589
Food,Objet_07909
Oxidizing,Objet_04183
Unspecified,Objet_13187
Pressurized,Objet_10269
Oxidizing,Objet_08744
Oxidizing,Objet_09687
Corrosive,Objet_03842
Pressurized,Objet_05390
Flammable,Objet_07780
Explosive,Objet_08398
Unspecified,Objet_02543
Fragile,Objet_01660
Unspecified,Objet_03169
Flammable,Objet_13913
Oxidizing,Objet_12171
Unspecified,Objet_01931
Fragile,Objet_15150
Food,Objet_01789
Unspecified,Objet_09167
Corrosive,Objet_08455
Flammable,Objet_10743
Flammable,Objet_15418
Explosive,Objet_04812
Flammable,Objet_15079
Unspecified,Objet_03062
Radioactive,Objet_07240
Explosive,Objet_02977
Corrosive,Objet_06115
Toxic,Objet_03559
Radioactive,Objet_13850
Unspecified,Objet_07616
Pressurized,Objet_02670
Corrosive,Objet_07509
Explosive,Objet_02609
Unspecified,Objet_09279
Unspecified,Objet_03362
Flammable,Objet_07221
Toxic,Objet_02055
Food,Objet_05666
Unspecified,Objet_11755
Unspecified,Objet_05844
Explosive,Objet_01421
Fragile,Objet_04612
Corrosive,Objet_10681
Toxic,Objet_13570
Toxic,Objet_02382
Fragile,Objet_02643
Unspecified,Objet_12468
Oxidizing,Objet_05258
Flammable,Objet_02654
Food,Objet_14476
Oxidizing,Objet_03852
Oxidizing,Objet_04248
Oxidizing,Objet_13125
Toxic,Objet_01740
Toxic,Objet_04712
Toxic,Objet_05975
Pressurized,Objet_05851
Explosive,Objet_00476
Food,Objet_10954
Pressurized,Objet_02484
Corrosive,Objet_05770
Food,Objet_05277
Flammable,Objet_12506
Flammable,Objet_03096
Flammable,Objet_03404
Radioactive,Objet_10227
Explosive,Objet_14245
Flammable,Objet_03418
Explosive,Objet_12700
Fragile,Objet_01714
Fragile,Objet_04916
Unspecified,Objet_13687
Fragile,Objet_01541
Flammable,Objet_14778
Flammable,Objet_05404
Fragile,Objet_10656
Radioactive,Objet_11969
Toxic,Objet_06282
Fragile,Objet_04427
Fragile,Objet_11147
Radioactive,Objet_06008
Fragile,Objet_06999
Explosive,Objet_13236
Unspecified,Objet_03464
Food,Objet_07833
Unspecified,Objet_05086
Toxic,Objet_08240
Fragile,Objet_13030
Toxic,Objet_06830
Food,Objet_12701
Fragile,Objet_02870
Corrosive,Objet_13584
Radioactive,Objet_05101
Food,Objet_09332
Corrosive,Objet_09814
Radioactive,Objet_06102
Toxic,Objet_14278
Food,Objet_06638
Explosive,Objet_12817
Oxidizing,Objet_14396
Oxidizing,Objet_05329
Fragile,Objet_08429
Flammable,Objet_12338
Pressurized,Objet_07230
Radioactive,Objet_03685
Fragile,Objet_07643
Radioactive,Objet_12304
Food,Objet_09635
Corrosive,Objet_06961
Pressurized,Objet_00804
Explosive,Objet_05823
Food,Objet_10691
Corrosive,Objet_09587
Toxic,Objet_05256
Flammable,Objet_05488
Fragile,Objet_04565
Pressurized,Objet_11329
Explosive,Objet_04401
Flammable,Objet_12747
Explosive,Objet_00181
Pressurized,Objet_05903
Flammable,Objet_09590
Corrosive,Objet_04927
Radioactive,Objet_09903
Corrosive,Objet_00044
Unspecified,Objet_08872
Unspecified,Objet_07757
Fragile,Objet_03480
Toxic,Objet_14803
Radioactive,Objet_01669
Corrosive,Objet_13233
Corrosive,Objet_10951
Unspecified,Objet_02921
Corrosive,Objet_14007
Explosive,Objet_09640
Oxidizing,Objet_13616
Corrosive,Objet_02395
Food,Objet_02544
Toxic,Objet_03861
Fragile,Objet_04311
Radioactive,Objet_13458
Explosive,Objet_01791
Food,Objet_02679
Explosive,Objet_04463
Oxidizing,Objet_02372
Radioactive,Objet_13412
Toxic,Objet_05758
Oxidizing,Objet_04686
Corrosive,Objet_00347
Food,Objet_12135
Corrosive,Objet_09243
Radioactive,Objet_04479
Fragile,Objet_04377
Flammable,Objet_04441
Pressurized,Objet_03013
Toxic,Objet_13660
Pressurized,Objet_06901
Explosive,Objet_00298
Oxidizing,Objet_06839
Unspecified,Objet_07452
Fragile,Objet_14557
Toxic,Objet_11884
Oxidizing,Objet_14455
Food,Objet_09363
Explosive,Objet_04817
Corrosive,Objet_02807
Corrosive,Objet_03728
Corrosive,Objet_08712
Unspecified,Objet_04513
Toxic,Objet_15018
Unspecified,Objet_15470
Corrosive,Objet_07375
Corrosive,Objet_02113
Fragile,Objet_06168
Toxic,Objet_08785
Fragile,Objet_11939
Radioactive,Objet_00603
Pressurized,Objet_13881
Radioactive,Objet_14361
Oxidizing,Objet_04923
Radioactive,Objet_10693
Unspecified,Objet_01771
Unspecified,Objet_10249
Toxic,Objet_06818
Fragile,Objet_00510
Food,Objet_02162
Explosive,Objet_07885
Corrosive,Objet_02206
Toxic,Objet_09077
Radioactive,Objet_13424
Unspecified,Objet_11457
Fragile,Objet_00125
Flammable,Objet_04378
Food,Objet_11726
Corrosive,Objet_12217
Explosive,Objet_09092
Toxic,Objet_10884
Explosive,Objet_07455
Food,Objet_13558
Unspecified,Objet_04929
Flammable,Objet_05900
Food,Objet_13714
Pressurized,Objet_04844
Pressurized,Objet_07812
Toxic,Objet_06837
Radioactive,Objet_00097
Pressurized,Objet_00500
Explosive,Objet_11608
Unspecified,Objet_06717
Food,Objet_05233
Explosive,Objet_13717
Unspecified,Objet_12396
Flammable,Objet_14562
Fragile,Objet_08065
Radioactive,Objet_06995
Unspecified,Objet_04006
Unspecified,Objet_07622
Radioactive,Objet_03809
Explosive,Objet_04057
Pressurized,Objet_02749
Food,Objet_14795
Toxic,Objet_15138
Toxic,Objet_05016
Explosive,Objet_03086
Explosive,Objet_02182
Fragile,Objet_13142
Oxidizing,Objet_04703
Oxidizing,Objet_11348
Unspecified,Objet_02300
Corrosive,Objet_12107
Fragile,Objet_14792
Radioactive,Objet_04756
Flammable,Objet_08349
Food,Objet_04338
Radioactive,Objet_10775
Unspecified,Objet_07177
Oxidizing,Objet_01955
Toxic,Objet_01294
Fragile,Objet_03982
Radioactive,Objet_04107
Corrosive,Objet_07588
Explosive,Objet_10967
Unspecified,Objet_14822
Fragile,Objet_12922
Radioactive,Objet_03472
Food,Objet_07147
Oxidizing,Objet_14578
Radioactive,Objet_12549
Oxidizing,Objet_05531
Flammable,Objet_02321
Toxic,Objet_15335
Radioactive,Objet_11451
Explosive,Objet_04708
Flammable,Objet_05152
Fragile,Objet_01070
Pressurized,Objet_15221
Toxic,Objet_05050
Pressurized,Objet_03683
Toxic,Objet_14968
Fragile,Objet_11001
Toxic,Objet_11980
Pressurized,Objet_04495
Explosive,Objet_01610
Unspecified,Objet_10013
Pressurized,Objet_00594
Radioactive,Objet_06904
Food,Objet_09958
Oxidizing,Objet_12018
Explosive,Objet_15200
Flammable,Objet_01142
Explosive,Objet_03272
Toxic,Objet_11180
Pressurized,Objet_06537
Explosive,Objet_05968
Food,Objet_01363
Explosive,Objet_05889
Radioactive,Objet_14324
Unspecified,Objet_11742
Flammable,Objet_03101
Radioactive,Objet_07953
Corrosive,Objet_06423
Flammable,Objet_07919
Flammable,Objet_14228
Flammable,Objet_02848
Toxic,Objet_03603
Flammable,Objet_08056
Radioactive,Objet_01182
Unspecified,Objet_10546
Pressurized,Objet_12098
Oxidizing,Objet_08032
Oxidizing,Objet_03656
Pressurized,Objet_00451
Flammable,Objet_05873
Corrosive,Objet_10709
Explosive,Objet_05587
Unspecified,Objet_07658
Flammable,Objet_09517
Radioactive,Objet_10636
Radioactive,Objet_06281
Corrosive,Objet_03019
Unspecified,Objet_14441
Flammable,Objet_15428
Explosive,Objet_07434
Food,Objet_04267
Unspecified,Objet_07538
Food,Objet_07655
Flammable,Objet_09555
Food,Objet_15112
Oxidizing,Objet_05657
Explosive,Objet_00146
Corrosive,Objet_02831
Oxidizing,Objet_12936
Pressurized,Objet_12709
Corrosive,Objet_02427
Unspecified,Objet_14952
Corrosive,Objet_12356
Pressurized,Objet_11934
Unspecified,Objet_02579
Toxic,Objet_08989
Flammable,Objet_05737
Food,Objet_00111
Flammable,Objet_03133
Flammable,Objet_07151
Toxic,Objet_04092
Oxidizing,Objet_15303
Unspecified,Objet_10806
Toxic,Objet_06673
Radioactive,Objet_08151
Radioactive,Objet_02230
Fragile,Objet_03531
Food,Objet_07631
Fragile,Objet_10631
Oxidizing,Objet_04941
Toxic,Objet_04568
Fragile,Objet_10306
Pressurized,Objet_04471
Food,Objet_11129
Unspecified,Objet_09764
Oxidizing,Objet_07255
Food,Objet_09556
Flammable,Objet_05123
Corrosive,Objet_14722
Food,Objet_00856
Corrosive,Objet_09991
Toxic,Objet_03492
Flammable,Objet_05018
Flammable,Objet_03704
Unspecified,Objet_04374
Corrosive,Objet_05106
Explosive,Objet_06294
Food,Objet_10920
Radioactive,Objet_03763
Fragile,Objet_03442
Unspecified,Objet_02473
Food,Objet_03471
Pressurized,Objet_04535
Oxidizing,Objet_09969
Oxidizing,Objet_03749
Radioactive,Objet_10256
Corrosive,Objet_10633
Pressurized,Objet_02957
Fragile,Objet_13746
Radioactive,Objet_03482
Fragile,Objet_03470
Toxic,Objet_15084
Radioactive,Objet_13879
Fragile,Objet_10113
Oxidizing,Objet_06716
Pressurized,Objet_00482
Toxic,Objet_06757
Food,Objet_07349
Oxidizing,Objet_10786
Pressurized,Objet_06867
Toxic,Objet_08263
Radioactive,Objet_02733
Unspecified,Objet_01849
Pressurized,Objet_03495
Unspecified,Objet_11847
Corrosive,Objet_06903
Radioactive,Objet_11641
Corrosive,Objet_03383
Corrosive,Objet_10860
Explosive,Objet_08345
Food,Objet_08777
Toxic,Objet_07594
Oxidizing,Objet_11744
Pressurized,Objet_09237
Toxic,Objet_10496
Corrosive,Objet_05541
Explosive,Objet_15097
Oxidizing,Objet_06997
Unspecified,Objet_05145
Fragile,Objet_03175
Fragile,Objet_02835
Explosive,Objet_13401
Unspecified,Objet_10634
Pressurized,Objet_06634
Food,Objet_13512
Oxidizing,Objet_12408
Flammable,Objet_01454
Unspecified,Objet_15254
Food,Objet_12855
Unspecified,Objet_02804
Corrosive,Objet_11749
Food,Objet_05838
Pressurized,Objet_09766
Oxidizing,Objet_05980
Oxidizing,Objet_14958
Radioactive,Objet_10007
Fragile,Objet_14711
Flammable,Objet_14679
Fragile,Objet_11948
Unspecified,Objet_07166
Corrosive,Objet_04347
Corrosive,Objet_15315
Fragile,Objet_11696
Corrosive,Objet_13602
Unspecified,Objet_03840
Toxic,Objet_13400
Explosive,Objet_02608
Pressurized,Objet_10922
Toxic,Objet_03481
Flammable,Objet_02871
Pressurized,Objet_02090
Unspecified,Objet_05789
Oxidizing,Objet_13014
Oxidizing,Objet_06752
Flammable,Objet_04853
Radioactive,Objet_12617
Pressurized,Objet_13671
Food,Objet_05346
Unspecified,Objet_01600
Pressurized,Objet_00081
Pressurized,Objet_07756
Food,Objet_08231
Radioactive,Objet_01891
Fragile,Objet_04122
Toxic,Objet_05902
Corrosive,Objet_06758
Food,Objet_01919
Flammable,Objet_08236
Oxidizing,Objet_05423
Flammable,Objet_07091
Flammable,Objet_06632
Fragile,Objet_07743
Unspecified,Objet_03027
Flammable,Objet_03994
Toxic,Objet_03822
Fragile,Objet_03953
Oxidizing,Objet_05524
Pressurized,Objet_12350
Oxidizing,Objet_09284
Unspecified,Objet_09846
Oxidizing,Objet_03445
Flammable,Objet_11677
Explosive,Objet_07571
Flammable,Objet_15078
Pressurized,Objet_07857
Flammable,Objet_09617
Food,Objet_09936
Flammable,Objet_14209
Fragile,Objet_01204
Oxidizing,Objet_00207
Unspecified,Objet_12403
Radioactive,Objet_13039
Radioactive,Objet_06486
Food,Objet_02914
Flammable,Objet_09120
Fragile,Objet_06169
Oxidizing,Objet_14812
Explosive,Objet_11679
Radioactive,Objet_09830
Fragile,Objet_14965
Pressurized,Objet_04368
Unspecified,Objet_11908
Radioactive,Objet_07168
Fragile,Objet_01122
Corrosive,Objet_07876
Food,Objet_06066
Pressurized,Objet_02578
Toxic,Objet_01582
Toxic,Objet_00666
Radioactive,Objet_09430
Flammable,Objet_01894
Corrosive,Objet_14204
Fragile,Objet_12344
Toxic,Objet_02668
Oxidizing,Objet_11354
Radioactive,Objet_01887
Pressurized,Objet_00692
Corrosive,Objet_14921
Food,Objet_02737
Unspecified,Objet_05783
Oxidizing,Objet_01499
Toxic,Objet_05461
Radioactive,Objet_12668
Toxic,Objet_12742
Flammable,Objet_06240
Fragile,Objet_03713
Corrosive,Objet_14280
Food,Objet_15119
Pressurized,Objet_14326
Corrosive,Objet_12894
Radioactive,Objet_14866
Food,Objet_11917
Corrosive,Objet_07001
Food,Objet_13196
Pressurized,Objet_14424
Radioactive,Objet_10571
Pressurized,Objet_07737
Radioactive,Objet_06709
Food,Objet_05416
Corrosive,Objet_03399
Pressurized,Objet_14163
Unspecified,Objet_05452
Corrosive,Objet_01940
Unspecified,Objet_13222
Fragile,Objet_05297
Corrosive,Objet_05384
Fragile,Objet_07704
Toxic,Objet_00325
Pressurized,Objet_08948
Radioactive,Objet_05634
Food,Objet_14354
Food,Objet_07493
Corrosive,Objet_07865
Oxidizing,Objet_13636
Radioactive,Objet_13718
Explosive,Objet_02340
Radioactive,Objet_08596
Radioactive,Objet_02310
Unspecified,Objet_09104
Pressurized,Objet_02993
Corrosive,Objet_01996
Explosive,Objet_07361
Toxic,Objet_04005
Pressurized,Objet_13291
Unspecified,Objet_11728
Food,Objet_15299
Fragile,Objet_03700
Flammable,Objet_14373
Food,Objet_14705
Pressurized,Objet_03195
Pressurized,Objet_00943
Unspecified,Objet_12704
Flammable,Objet_03665
Unspecified,Objet_00763
Food,Objet_14310
Pressurized,Objet_14830
Pressurized,Objet_12777
Oxidizing,Objet_00823
Explosive,Objet_13838
Explosive,Objet_01694
Fragile,Objet_07126
Food,Objet_09681
Food,Objet_12152
Toxic,Objet_08061
Pressurized,Objet_11193
Corrosive,Objet_03548
Toxic,Objet_01059
Food,Objet_10702
Oxidizing,Objet_11373
Pressurized,Objet_13289
Flammable,Objet_15457
Radioactive,Objet_12729
Oxidizing,Objet_12803
Flammable,Objet_13300
Pressurized,Objet_13613
Food,Objet_01115
Explosive,Objet_14448
Fragile,Objet_08718
Flammable,Objet_12928
Explosive,Objet_00733
Fragile,Objet_08652
Explosive,Objet_11881
Corrosive,Objet_06536
Pressurized,Objet_06973
Food,Objet_00471
Radioactive,Objet_08640
Toxic,Objet_12943
Explosive,Objet_03950
Explosive,Objet_10351
Toxic,Objet_05589
Radioactive,Objet_05068
Oxidizing,Objet_05710
Food,Objet_08868
Unspecified,Objet_14865
Corrosive,Objet_09016
Explosive,Objet_11666
Toxic,Objet_06755
Pressurized,Objet_14592
Radioactive,Objet_10101
Explosive,Objet_09611
Radioactive,Objet_04233
Radioactive,Objet_06405
Radioactive,Objet_10816
Toxic,Objet_02222
Food,Objet_08711
Toxic,Objet_07552
Flammable,Objet_06090
Food,Objet_01107
Oxidizing,Objet_03408
Explosive,Objet_00496
Toxic,Objet_08583
Flammable,Objet_01576
Corrosive,Objet_10441
Pressurized,Objet_05419
Food,Objet_02061
Food,Objet_04998
Unspecified,Objet_08794
Toxic,Objet_09470
Food,Objet_10972
Food,Objet_14502
Corrosive,Objet_06103
Radioactive,Objet_11443
Flammable,Objet_10049
Unspecified,Objet_11444
Pressurized,Objet_11125
Oxidizing,Objet_03617
Oxidizing,Objet_12590
Explosive,Objet_11191
Toxic,Objet_12159
Pressurized,Objet_04599
Food,Objet_11978
Explosive,Objet_11358
Toxic,Objet_14376
Flammable,Objet_06599
Toxic,Objet_04823
Corrosive,Objet_03791
Radioactive,Objet_00180
Radioactive,Objet_06873
Toxic,Objet_10843
Toxic,Objet_13288
Fragile,Objet_11899
Food,Objet_08296
Pressurized,Objet_09443
Fragile,Objet_08415
Explosive,Objet_03385
Corrosive,Objet_00604
Corrosive,Objet_01212
Oxidizing,Objet_06506
Unspecified,Objet_01276
Toxic,Objet_10566
Corrosive,Objet_08871
Flammable,Objet_04691
Toxic,Objet_14767
Fragile,Objet_09162
Flammable,Objet_10756
Unspecified,Objet_10021
Flammable,Objet_01191
Corrosive,Objet_03341
Corrosive,Objet_03126
Fragile,Objet_14327
Food,Objet_02088
Unspecified,Objet_04861
Unspecified,Objet_06072
Oxidizing,Objet_14032
Food,Objet_14625
Food,Objet_08714
Toxic,Objet_08205
Oxidizing,Objet_08968
Oxidizing,Objet_02283
Explosive,Objet_06519
Unspecified,Objet_05141
Radioactive,Objet_05910
Radioactive,Objet_12291
Flammable,Objet_04462
Fragile,Objet_06821
Corrosive,Objet_06692
Unspecified,Objet_01303
Flammable,Objet_09497
Radioactive,Objet_12832
Food,Objet_11008
Corrosive,Objet_15383
Flammable,Objet_06260
Explosive,Objet_02020
Flammable,Objet_13155
Fragile,Objet_10402
Pressurized,Objet_13665
Pressurized,Objet_03682
Oxidizing,Objet_11788
Toxic,Objet_01971
Fragile,Objet_14221
Food,Objet_07014
Radioactive,Objet_04025
Flammable,Objet_10876
Radioactive,Objet_05813
Toxic,Objet_08510
Corrosive,Objet_13462
Fragile,Objet_00794
Pressurized,Objet_03452
Unspecified,Objet_04582
Radioactive,Objet_15430
Unspecified,Objet_02440
Unspecified,Objet_09695
Food,Objet_11078
Radioactive,Objet_05060
Toxic,Objet_11877
Unspecified,Objet_11683
Food,Objet_05453
Pressurized,Objet_04059
Fragile,Objet_13758
Flammable,Objet_10448
Food,Objet_03723
Flammable,Objet_10986
Oxidizing,Objet_13419
Explosive,Objet_09288
Radioactive,Objet_05983
Food,Objet_14870
Food,Objet_10327
Flammable,Objet_13391
Oxidizing,Objet_05664
Oxidizing,Objet_12859
Explosive,Objet_06485
Food,Objet_00271
Pressurized,Objet_02033
Explosive,Objet_02832
Flammable,Objet_09677
Fragile,Objet_03874
Explosive,Objet_05025
Explosive,Objet_06687
Pressurized,Objet_10728
Pressurized,Objet_14352
Corrosive,Objet_00621
Radioactive,Objet_04983
Radioactive,Objet_06513
Food,Objet_08359
Unspecified,Objet_04761
Fragile,Objet_06512
Pressurized,Objet_15378
Toxic,Objet_10391
Corrosive,Objet_13463
Unspecified,Objet_10278
Explosive,Objet_06868
Pressurized,Objet_08961
Unspecified,Objet_04164
Food,Objet_08170
Flammable,Objet_11010
Corrosive,Objet_08068
Flammable,Objet_07299
Food,Objet_02665
Pressurized,Objet_02150
Toxic,Objet_02468
Food,Objet_11956
Pressurized,Objet_10508
Oxidizing,Objet_14362
Unspecified,Objet_01730
Unspecified,Objet_03018
Flammable,Objet_12101
Oxidizing,Objet_10949
Pressurized,Objet_14487
Explosive,Objet_05800
Flammable,Objet_09466
Flammable,Objet_12547
Unspecified,Objet_02244
Food,Objet_07796
Corrosive,Objet_13294
Oxidizing,Objet_04209
Oxidizing,Objet_13048
Food,Objet_04084
Pressurized,Objet_00334
Toxic,Objet_13257
Fragile,Objet_02007
Food,Objet_08745
Unspecified,Objet_11588
Radioactive,Objet_07690
Food,Objet_14105
Explosive,Objet_00992
Flammable,Objet_00756
Flammable,Objet_14708
Unspecified,Objet_02476
Explosive,Objet_10763
Food,Objet_08472
Food,Objet_06346
Corrosive,Objet_04834
Explosive,Objet_03370
Pressurized,Objet_01632
Pressurized,Objet_10779
Oxidizing,Objet_13808
Corrosive,Objet_11973
Toxic,Objet_04465
Pressurized,Objet_09922
Unspecified,Objet_08827
Unspecified,Objet_09010
Food,Objet_14331
Unspecified,Objet_03140
Food,Objet_01724
Toxic,Objet_01952
Food,Objet_04620
Toxic,Objet_11115
Food,Objet_05262
Food,Objet_03334
Pressurized,Objet_02587
Flammable,Objet_09920
Unspecified,Objet_01954
Corrosive,Objet_05356
Corrosive,Objet_09690
Oxidizing,Objet_11530
Food,Objet_01023
Pressurized,Objet_01251
Radioactive,Objet_13977
Oxidizing,Objet_06703
Corrosive,Objet_02505
Explosive,Objet_02933
Pressurized,Objet_11775
Toxic,Objet_11375
Flammable,Objet_01965
Toxic,Objet_01014
Food,Objet_06279
Oxidizing,Objet_13871
Corrosive,Objet_14738
Unspecified,Objet_05132
Unspecified,Objet_06718
Radioactive,Objet_01030
Food,Objet_12685
Oxidizing,Objet_13967
Food,Objet_02787
Unspecified,Objet_12230
Pressurized,Objet_15077
Flammable,Objet_02066
Corrosive,Objet_00086
Food,Objet_05655
Explosive,Objet_02714
Flammable,Objet_14339
Flammable,Objet_09719
Flammable,Objet_10231
Pressurized,Objet_08688
Flammable,Objet_12447
Food,Objet_06419
Corrosive,Objet_04841
Unspecified,Objet_14121
Food,Objet_05042
Food,Objet_03698
Unspecified,Objet_01109
Unspecified,Objet_08076
Fragile,Objet_08575
Corrosive,Objet_03095
Unspecified,Objet_13667
Pressurized,Objet_11922
Fragile,Objet_00029
Pressurized,Objet_02159
Fragile,Objet_11192
Pressurized,Objet_01508
Explosive,Objet_01095
Food,Objet_06053
Toxic,Objet_09788
Fragile,Objet_06343
Pressurized,Objet_09834
Corrosive,Objet_08856
Fragile,Objet_10197
Oxidizing,Objet_15353
Flammable,Objet_00244
Unspecified,Objet_10334
Food,Objet_05428
Food,Objet_05288
Food,Objet_10878
Pressurized,Objet_02494
Flammable,Objet_00164
Unspecified,Objet_02496
Food,Objet_07194
Pressurized,Objet_06212
Oxidizing,Objet_14481
Food,Objet_13804
Radioactive,Objet_10407
Pressurized,Objet_04398
Corrosive,Objet_03737
Corrosive,Objet_15057
Flammable,Objet_03830
Oxidizing,Objet_09498
Pressurized,Objet_03279
Fragile,Objet_11342
Pressurized,Objet_08739
Fragile,Objet_12812
Radioactive,Objet_05506
Unspecified,Objet_12869
Pressurized,Objet_02964
Unspecified,Objet_00225
Flammable,Objet_00989
Unspecified,Objet_08000
Flammable,Objet_05467
Food,Objet_06710
Explosive,Objet_10436
Food,Objet_15038
Corrosive,Objet_07044
Food,Objet_13891
Radioactive,Objet_06518
Oxidizing,Objet_07498
Toxic,Objet_13782
Food,Objet_00528
Oxidizing,Objet_13836
Food,Objet_03891
Toxic,Objet_00764
Toxic,Objet_11772
Food,Objet_01152
Fragile,Objet_07058
Flammable,Objet_10783
Flammable,Objet_11639
Toxic,Objet_05967
Radioactive,Objet_03510
Corrosive,Objet_01396
Food,Objet_08631
Corrosive,Objet_05022
Food,Objet_02514
Radioactive,Objet_09210
Fragile,Objet_12081
Flammable,Objet_03136
Oxidizing,Objet_01011
Oxidizing,Objet_14109
Explosive,Objet_14242
Flammable,Objet_06310
Oxidizing,Objet_00819
Explosive,Objet_12914
Fragile,Objet_11469
Food,Objet_01745
Radioactive,Objet_01835
Radioactive,Objet_06586
Toxic,Objet_01221
Food,Objet_01370
Flammable,Objet_05229
Unspecified,Objet_04341
Pressurized,Objet_11248
Toxic,Objet_11005
Unspecified,Objet_13831
Fragile,Objet_00050
Radioactive,Objet_14091
Oxidizing,Objet_02912
Radioactive,Objet_13316
Food,Objet_08441
Pressurized,Objet_10366
Oxidizing,Objet_05931
Unspecified,Objet_00369
Radioactive,Objet_03036
Fragile,Objet_12202
Pressurized,Objet_08463
Food,Objet_07385
Fragile,Objet_02856
Radioactive,Objet_14633
Pressurized,Objet_03577
Corrosive,Objet_04552
Pressurized,Objet_02811
Pressurized,Objet_11200
Oxidizing,Objet_14833
Toxic,Objet_02392
Fragile,Objet_14261
Explosive,Objet_01036
Radioactive,Objet_06735
Explosive,Objet_01633
Toxic,Objet_08828
Radioactive,Objet_12207
Toxic,Objet_11542
Pressurized,Objet_06777
Corrosive,Objet_03727
Oxidizing,Objet_13069
Pressurized,Objet_15118
Fragile,Objet_01386
Food,Objet_04423
Corrosive,Objet_06911
Radioactive,Objet_00912
Food,Objet_14680
Oxidizing,Objet_10345
Fragile,Objet_12663
Corrosive,Objet_11076
Corrosive,Objet_01069
Explosive,Objet_10146
Corrosive,Objet_00349
Flammable,Objet_06869
Pressurized,Objet_14660
Pressurized,Objet_14413
Fragile,Objet_11059
Radioactive,Objet_04100
Radioactive,Objet_04820
Explosive,Objet_14253
Oxidizing,Objet_06136
Pressurized,Objet_08152
Food,Objet_05711
Explosive,Objet_00929
Flammable,Objet_05947
Radioactive,Objet_04530
Pressurized,Objet_01020
Pressurized,Objet_06866
Toxic,Objet_14638
Toxic,Objet_01785
Oxidizing,Objet_01884
Explosive,Objet_04559
Food,Objet_01206
Food,Objet_13111
Fragile,Objet_14892
Flammable,Objet_11740
Toxic,Objet_15248
Food,Objet_09496
Unspecified,Objet_14859
Food,Objet_07265
Corrosive,Objet_13441
Toxic,Objet_07593
Oxidizing,Objet_00166
Oxidizing,Objet_11351
Food,Objet_09041
Corrosive,Objet_11982
Food,Objet_05839
Radioactive,Objet_07118
Pressurized,Objet_14861
Toxic,Objet_10835
Flammable,Objet_05534
Oxidizing,Objet_08331
Toxic,Objet_00935
Fragile,Objet_05861
Fragile,Objet_07148
Food,Objet_07079
Unspecified,Objet_14215
Fragile,Objet_13002
Oxidizing,Objet_14086
Oxidizing,Objet_02227
Radioactive,Objet_10289
Pressurized,Objet_11183
Food,Objet_02047
Food,Objet_06380
Oxidizing,Objet_06237
Unspecified,Objet_01658
Pressurized,Objet_05592
Corrosive,Objet_03469
Radioactive,Objet_12277
Pressurized,Objet_11334
Toxic,Objet_00149
Fragile,Objet_12786
Pressurized,Objet_12935
Flammable,Objet_09683
Oxidizing,Objet_05860
Corrosive,Objet_13370
Pressurized,Objet_04310
Unspecified,Objet_04071
Fragile,Objet_10523
Explosive,Objet_08043
Fragile,Objet_08239
Pressurized,Objet_01397
Corrosive,Objet_12187
Fragile,Objet_10694
Flammable,Objet_00963
Radioactive,Objet_00572
Unspecified,Objet_13438
Pressurized,Objet_02218
Food,Objet_10414
Flammable,Objet_00030
Toxic,Objet_08350
Fragile,Objet_14095
Oxidizing,Objet_04816
Food,Objet_07680
Explosive,Objet_00161
Oxidizing,Objet_11722
Toxic,Objet_04236
Unspecified,Objet_13388
Pressurized,Objet_05249
Oxidizing,Objet_07999
Pressurized,Objet_11883
Oxidizing,Objet_13159
Radioactive,Objet_02527
Flammable,Objet_10957
Flammable,Objet_14531
Fragile,Objet_08778
Toxic,Objet_02683
Oxidizing,Objet_10988
Fragile,Objet_04909
Corrosive,Objet_01425
Flammable,Objet_00569
Oxidizing,Objet_12110
Flammable,Objet_07115
Corrosive,Objet_01091
Explosive,Objet_09027
Explosive,Objet_08119
Toxic,Objet_11800
Oxidizing,Objet_05624
Toxic,Objet_06985
Oxidizing,Objet_10974
Fragile,Objet_01859
Oxidizing,Objet_06304
Pressurized,Objet_01968
Explosive,Objet_01603
Flammable,Objet_14782
Fragile,Objet_10948
Unspecified,Objet_10196
Flammable,Objet_10388
Pressurized,Objet_09660
Food,Objet_13769
Radioactive,Objet_05353
Oxidizing,Objet_05912
Pressurized,Objet_03739
Corrosive,Objet_02702
Flammable,Objet_04266
Radioactive,Objet_11807
Oxidizing,Objet_14450
Explosive,Objet_06051
Unspecified,Objet_12172
Unspecified,Objet_06202
Corrosive,Objet_13284
Flammable,Objet_05399
Corrosive,Objet_00749
Fragile,Objet_09723
Radioactive,Objet_02317
Pressurized,Objet_07736
Explosive,Objet_13231
Flammable,Objet_12638
Explosive,Objet_08760
Toxic,Objet_05926
Fragile,Objet_07206
Corrosive,Objet_01599
Flammable,Objet_01900
Oxidizing,Objet_03433
Fragile,Objet_07112
Flammable,Objet_07596
Radioactive,Objet_00936
Toxic,Objet_04919
Food,Objet_08227
Toxic,Objet_08335
Flammable,Objet_10914
Toxic,Objet_13406
Oxidizing,Objet_04041
Flammable,Objet_10899
Corrosive,Objet_10472
Corrosive,Objet_06558
Toxic,Objet_12761
Flammable,Objet_08931
Explosive,Objet_04189
Fragile,Objet_03655
Oxidizing,Objet_03056
Radioactive,Objet_04273
Fragile,Objet_04640
Corrosive,Objet_07023
Food,Objet_15374
Oxidizing,Objet_10901
Oxidizing,Objet_04086
Oxidizing,Objet_06852
Radioactive,Objet_14546
Explosive,Objet_03858
Oxidizing,Objet_10476
Flammable,Objet_03829
Corrosive,Objet_01671
Corrosive,Objet_07062
Toxic,Objet_00002
Flammable,Objet_10068
Flammable,Objet_13688
Radioactive,Objet_07877
Toxic,Objet_02987
Toxic,Objet_03448
Food,Objet_00195
Corrosive,Objet_14498
Radioactive,Objet_02381
Corrosive,Objet_14124
Toxic,Objet_07357
Fragile,Objet_03247
Explosive,Objet_07393
Fragile,Objet_11752
Unspecified,Objet_01636
Radioactive,Objet_03216
Toxic,Objet_15040
Unspecified,Objet_14188
Radioactive,Objet_11245
Oxidizing,Objet_11594
Unspecified,Objet_06639
Toxic,Objet_01973
Food,Objet_14467
Pressurized,Objet_04807
Radioactive,Objet_10504
Toxic,Objet_08392
Explosive,Objet_04995
Unspecified,Objet_02810
Toxic,Objet_10625
Toxic,Objet_10461
Toxic,Objet_12204
Food,Objet_14966
Corrosive,Objet_05613
Explosive,Objet_09377
Toxic,Objet_04720
Pressurized,Objet_01818
Toxic,Objet_09438
Radioactive,Objet_00442
Oxidizing,Objet_09121
Radioactive,Objet_11426
Oxidizing,Objet_03764
Radioactive,Objet_03995
Pressurized,Objet_01588
Explosive,Objet_10725
Explosive,Objet_01392
Corrosive,Objet_09046
Radioactive,Objet_14634
Corrosive,Objet_14497
Toxic,Objet_14336
Unspecified,Objet_09412
Pressurized,Objet_07525
Toxic,Objet_14603
Toxic,Objet_03988
Pressurized,Objet_08979
Fragile,Objet_10392
Oxidizing,Objet_01341
Food,Objet_06068
Flammable,Objet_07487
Food,Objet_07626
Fragile,Objet_07331
Explosive,Objet_15140
Unspecified,Objet_05882
Corrosive,Objet_02688
Radioactive,Objet_05979
Pressurized,Objet_07358
Corrosive,Objet_10515
Pressurized,Objet_11016
Fragile,Objet_00920
Pressurized,Objet_10862
Fragile,Objet_11809
Corrosive,Objet_09867
Food,Objet_12294
Fragile,Objet_07065
Radioactive,Objet_13060
Unspecified,Objet_06360
Food,Objet_11068
Food,Objet_00844
Corrosive,Objet_03391
Oxidizing,Objet_03963
Fragile,Objet_14748
Radioactive,Objet_04457
Toxic,Objet_12469
Flammable,Objet_13415
Unspecified,Objet_12682
Oxidizing,Objet_14251
Unspecified,Objet_03871
Toxic,Objet_00941
Explosive,Objet_14317
Explosive,Objet_05122
Flammable,Objet_07839
Corrosive,Objet_11053
Flammable,Objet_03212
Corrosive,Objet_15423
Oxidizing,Objet_09285
Explosive,Objet_08730
Radioactive,Objet_08132
Flammable,Objet_05182
Oxidizing,Objet_00669
Fragile,Objet_01519
Pressurized,Objet_08484
Oxidizing,Objet_02384
Fragile,Objet_15096
Flammable,Objet_13046
Flammable,Objet_06525
Food,Objet_09716
Fragile,Objet_13297
Radioactive,Objet_10836
Radioactive,Objet_07599
Unspecified,Objet_13747
Pressurized,Objet_13552
Flammable,Objet_01261
Oxidizing,Objet_03542
Food,Objet_11306
Pressurized,Objet_01223
Food,Objet_00065
Radioactive,Objet_06544
Fragile,Objet_01531
Corrosive,Objet_04106
Corrosive,Objet_15473
Pressurized,Objet_14697
Corrosive,Objet_12108
Pressurized,Objet_10439
Fragile,Objet_01461
Radioactive,Objet_01534
Toxic,Objet_13207
Food,Objet_11716
Food,Objet_05492
Corrosive,Objet_04964
Toxic,Objet_02368
Unspecified,Objet_04030
Food,Objet_07577
Radioactive,Objet_05528
Oxidizing,Objet_01443
Pressurized,Objet_06635
Food,Objet_04429
Oxidizing,Objet_12502
Pressurized,Objet_00933
Explosive,Objet_02696
Food,Objet_08715
Toxic,Objet_10964
Fragile,Objet_07602
Oxidizing,Objet_15158
Radioactive,Objet_05881
Fragile,Objet_01196
Pressurized,Objet_01308
Toxic,Objet_13811
Fragile,Objet_07699
Flammable,Objet_14899
Toxic,Objet_00848
Oxidizing,Objet_04459
Radioactive,Objet_05002
Food,Objet_03930
Unspecified,Objet_15245
Explosive,Objet_04590
Oxidizing,Objet_13092
Fragile,Objet_04474
Explosive,Objet_04682
Unspecified,Objet_08908
Pressurized,Objet_13561
Pressurized,Objet_01470
Pressurized,Objet_13812
Corrosive,Objet_07396
Toxic,Objet_03724
Food,Objet_06902
Unspecified,Objet_13731
Toxic,Objet_05713
Oxidizing,Objet_14621
Flammable,Objet_06287
Toxic,Objet_06562
Radioactive,Objet_10069
Corrosive,Objet_06350
Corrosive,Objet_01581
Explosive,Objet_05764
Radioactive,Objet_09492
Explosive,Objet_02990
Pressurized,Objet_06590
Toxic,Objet_14819
Fragile,Objet_11368
Explosive,Objet_05735
Unspecified,Objet_01598
Pressurized,Objet_15054
Flammable,Objet_05302
Pressurized,Objet_14337
Pressurized,Objet_10335
Flammable,Objet_08380
Toxic,Objet_04679
Food,Objet_02223
Toxic,Objet_03358
Radioactive,Objet_12665
Flammable,Objet_11204
Radioactive,Objet_12066
Explosive,Objet_14732
Unspecified,Objet_07497
Flammable,Objet_07840
Explosive,Objet_05061
Radioactive,Objet_09724
Food,Objet_09739
Corrosive,Objet_11234
Food,Objet_09032
Flammable,Objet_11136
Toxic,Objet_09165
Pressurized,Objet_14509
Unspecified,Objet_00040
Toxic,Objet_00010
Flammable,Objet_12497
Food,Objet_06204
Fragile,Objet_02851
Radioactive,Objet_03745
Food,Objet_06883
Pressurized,Objet_10318
Radioactive,Objet_04487
Explosive,Objet_02928
Fragile,Objet_13381
Unspecified,Objet_05550
Radioactive,Objet_15058
Oxidizing,Objet_04473
Oxidizing,Objet_06392
Food,Objet_11581
Explosive,Objet_00373
Oxidizing,Objet_05142
Food,Objet_02549
Flammable,Objet_04385
Radioactive,Objet_09711
Flammable,Objet_01313
Food,Objet_07607
Food,Objet_01526
Flammable,Objet_03533
Fragile,Objet_09301
Corrosive,Objet_13447
Food,Objet_04671
Explosive,Objet_08882
Explosive,Objet_04481
Fragile,Objet_15349
Corrosive,Objet_09781
Flammable,Objet_03142
Flammable,Objet_10239
Explosive,Objet_04230
Food,Objet_04887
Toxic,Objet_01405
Unspecified,Objet_00914
Explosive,Objet_00007
Food,Objet_07640
Fragile,Objet_10242
Toxic,Objet_12386
Pressurized,Objet_09869
Toxic,Objet_07632
Pressurized,Objet_12371
Food,Objet_13966
Fragile,Objet_13227
Pressurized,Objet_14898
Pressurized,Objet_08305
Corrosive,Objet_05891
Unspecified,Objet_01756
Pressurized,Objet_09547
Radioactive,Objet_08999
Oxidizing,Objet_15449
Radioactive,Objet_13650
Pressurized,Objet_11853
Corrosive,Objet_02700
Radioactive,Objet_11227
Toxic,Objet_04585
Corrosive,Objet_09389
Radioactive,Objet_04083
Pressurized,Objet_01762
Food,Objet_07426
Corrosive,Objet_08963
Flammable,Objet_14786
Oxidizing,Objet_11821
Flammable,Objet_07499
Toxic,Objet_03209
Fragile,Objet_03512
Pressurized,Objet_13588
Radioactive,Objet_03187
Unspecified,Objet_08867
Unspecified,Objet_00411
Oxidizing,Objet_09966
Explosive,Objet_11636
Food,Objet_03094
Fragile,Objet_03152
Radioactive,Objet_06557
Toxic,Objet_12646
Explosive,Objet_14151
Fragile,Objet_09630
Fragile,Objet_05178
Explosive,Objet_02037
Radioactive,Objet_01612
Corrosive,Objet_12924
Explosive,Objet_06424
Corrosive,Objet_12070
Explosive,Objet_05362
Pressurized,Objet_01418
Flammable,Objet_11667
Flammable,Objet_09238
Radioactive,Objet_14608
Flammable,Objet_10885
Toxic,Objet_02379
Unspecified,Objet_05854
Oxidizing,Objet_06256
Oxidizing,Objet_14075
Pressurized,Objet_06992
Corrosive,Objet_02388
Explosive,Objet_00093
Explosive,Objet_12072
Explosive,Objet_00517
Unspecified,Objet_05367
Food,Objet_01841
Corrosive,Objet_11974
Fragile,Objet_01846
Unspecified,Objet_09011
Toxic,Objet_04406
Unspecified,Objet_00012
Corrosive,Objet_12797
Toxic,Objet_07179
Food,Objet_13642
Corrosive,Objet_00715
Flammable,Objet_10132
Food,Objet_02316
Explosive,Objet_10936
Toxic,Objet_05017
Radioactive,Objet_13957
Fragile,Objet_01012
Corrosive,Objet_05290
Corrosive,Objet_05015
Food,Objet_03500
Radioactive,Objet_12414
Explosive,Objet_11953
Corrosive,Objet_07864
Flammable,Objet_12465
Flammable,Objet_06174
Food,Objet_13603
Food,Objet_15286
Pressurized,Objet_08914
Unspecified,Objet_08164
Radioactive,Objet_07366
Fragile,Objet_04254
Pressurized,Objet_12683
Flammable,Objet_13452
Radioactive,Objet_08728
Oxidizing,Objet_00705
Explosive,Objet_10581
Food,Objet_01068
Oxidizing,Objet_15212
Fragile,Objet_11190
Fragile,Objet_14600
Unspecified,Objet_05754
Pressurized,Objet_01765
Pressurized,Objet_13777
Flammable,Objet_05138
Toxic,Objet_10767
Oxidizing,Objet_09596
Flammable,Objet_09231
Fragile,Objet_08249
Radioactive,Objet_11389
Unspecified,Objet_05625
Toxic,Objet_09174
Corrosive,Objet_00063
Pressurized,Objet_12546
Food,Objet_02995
Pressurized,Objet_14093
Unspecified,Objet_00437
Corrosive,Objet_01230
Toxic,Objet_02063
Explosive,Objet_13327
Flammable,Objet_14706
Pressurized,Objet_10210
Corrosive,Objet_08646
Explosive,Objet_11578
Unspecified,Objet_04571
Flammable,Objet_02077
Corrosive,Objet_07271
Flammable,Objet_15336
Fragile,Objet_13618
Pressurized,Objet_08128
Corrosive,Objet_02108
Radioactive,Objet_02267
Fragile,Objet_08470
Corrosive,Objet_00091
Unspecified,Objet_10980
Oxidizing,Objet_04217
Food,Objet_01697
Toxic,Objet_09736
Toxic,Objet_12451
Flammable,Objet_03258
Unspecified,Objet_14246
Corrosive,Objet_04434
Pressurized,Objet_14429
Oxidizing,Objet_07050
Explosive,Objet_11225
Corrosive,Objet_08107
Flammable,Objet_12165
Flammable,Objet_02919
Flammable,Objet_10620
Toxic,Objet_04709
Corrosive,Objet_09418
Pressurized,Objet_06120
Food,Objet_14845
Oxidizing,Objet_06679
Flammable,Objet_01861
Toxic,Objet_07555
Explosive,Objet_11446
Corrosive,Objet_11187
Pressurized,Objet_03511
Fragile,Objet_13181
Explosive,Objet_02401
Toxic,Objet_12151
Unspecified,Objet_01271
Oxidizing,Objet_03267
Flammable,Objet_05154
Food,Objet_13071
Fragile,Objet_01359
Radioactive,Objet_10911
Explosive,Objet_04765
Explosive,Objet_15202
Explosive,Objet_02606
Toxic,Objet_14655
Oxidizing,Objet_05693
Food,Objet_04859
Toxic,Objet_05064
Flammable,Objet_11104
Toxic,Objet_05156
Food,Objet_10396
Toxic,Objet_14581
Radioactive,Objet_09321
Food,Objet_04096
Oxidizing,Objet_02329
Unspecified,Objet_10536
Unspecified,Objet_13973
Toxic,Objet_05855
Unspecified,Objet_05260
Food,Objet_02727
Explosive,Objet_12913
Unspecified,Objet_09563
Food,Objet_02410
Oxidizing,Objet_03008
Toxic,Objet_11491
Corrosive,Objet_01366
Explosive,Objet_07374
Flammable,Objet_11595
Unspecified,Objet_11539
Flammable,Objet_13358
Unspecified,Objet_10301
Fragile,Objet_06542
Fragile,Objet_07630
Oxidizing,Objet_11465
Oxidizing,Objet_11281
Oxidizing,Objet_05250
Food,Objet_14539
Toxic,Objet_09316
Oxidizing,Objet_01133
Pressurized,Objet_14483
Explosive,Objet_03841
Toxic,Objet_11943
Radioactive,Objet_14207
Corrosive,Objet_02803
Fragile,Objet_04619
Oxidizing,Objet_10323
Food,Objet_09333
Unspecified,Objet_06565
Food,Objet_11232
Food,Objet_15142
Oxidizing,Objet_06927
Explosive,Objet_03397
Unspecified,Objet_02171
Oxidizing,Objet_06915
Toxic,Objet_09217
Corrosive,Objet_06535
Corrosive,Objet_11215
Radioactive,Objet_11545
Pressurized,Objet_03720
Fragile,Objet_04357
Radioactive,Objet_04143
Radioactive,Objet_02199
Pressurized,Objet_13999
Food,Objet_08404
Pressurized,Objet_10533
Food,Objet_09629
Radioactive,Objet_14761
Unspecified,Objet_06431
Unspecified,Objet_14370
Corrosive,Objet_03248
Corrosive,Objet_13576
Explosive,Objet_13750
Pressurized,Objet_01693
Pressurized,Objet_07803
Unspecified,Objet_02130
Explosive,Objet_05981
Oxidizing,Objet_11653
Food,Objet_04091
Radioactive,Objet_01252
Food,Objet_06907
Oxidizing,Objet_09399
Radioactive,Objet_03524
Radioactive,Objet_08199
Unspecified,Objet_03499
Oxidizing,Objet_10651
Corrosive,Objet_01881
Unspecified,Objet_02692
Food,Objet_04046
Explosive,Objet_05107
Flammable,Objet_04344
Flammable,Objet_06976
Toxic,Objet_03419
Toxic,Objet_02377
Flammable,Objet_13379
Toxic,Objet_08487
Radioactive,Objet_07185
Oxidizing,Objet_06966
Corrosive,Objet_04718
Fragile,Objet_14004
Food,Objet_02658
Corrosive,Objet_06953
Flammable,Objet_09749
Toxic,Objet_05951
Pressurized,Objet_06877
Pressurized,Objet_10841
Flammable,Objet_00457
Corrosive,Objet_14096
Toxic,Objet_12991
Food,Objet_11525
Food,Objet_07192
Toxic,Objet_00480
Explosive,Objet_08607
Explosive,Objet_10170
Corrosive,Objet_00084
Explosive,Objet_03652
Explosive,Objet_00851
Flammable,Objet_02246
Food,Objet_11338
Pressurized,Objet_04035
Corrosive,Objet_13535
Flammable,Objet_08796
Corrosive,Objet_08042
Radioactive,Objet_05234
Fragile,Objet_10167
Fragile,Objet_10624
Radioactive,Objet_05501
Food,Objet_11432
Oxidizing,Objet_07648
Unspecified,Objet_01432
Fragile,Objet_09094
Explosive,Objet_02273
Oxidizing,Objet_14972
Fragile,Objet_03521
Pressurized,Objet_12298
Explosive,Objet_11993
Unspecified,Objet_05491
Toxic,Objet_05934
Oxidizing,Objet_01585
Explosive,Objet_03896
Toxic,Objet_01360
Toxic,Objet_13693
Fragile,Objet_11026
Toxic,Objet_09236
Oxidizing,Objet_05209
Fragile,Objet_13167
Corrosive,Objet_13587
Explosive,Objet_10341
Fragile,Objet_06604
Food,Objet_09108
Corrosive,Objet_01335
Food,Objet_11470
Food,Objet_00197
Food,Objet_08803
Food,Objet_06977
Corrosive,Objet_11774
Flammable,Objet_03374
Oxidizing,Objet_10663
Food,Objet_12288
Explosive,Objet_03497
Oxidizing,Objet_02980
Pressurized,Objet_00421
Unspecified,Objet_03626
Corrosive,Objet_09126
Oxidizing,Objet_12271
Fragile,Objet_05092
Corrosive,Objet_13631
Toxic,Objet_13803
Food,Objet_06794
Explosive,Objet_12566
Food,Objet_05056
Food,Objet_11791
Fragile,Objet_00993
Explosive,Objet_03660
Toxic,Objet_12527
Pressurized,Objet_03701
Food,Objet_10469
Unspecified,Objet_05546
Pressurized,Objet_03384
Oxidizing,Objet_14607
Oxidizing,Objet_02087
Radioactive,Objet_09685
Food,Objet_00945
Toxic,Objet_15160
Radioactive,Objet_06511
Explosive,Objet_02550
Explosive,Objet_07275
Food,Objet_10465
Food,Objet_11122
Flammable,Objet_00465
Toxic,Objet_11485
Fragile,Objet_13498
Oxidizing,Objet_07059
Oxidizing,Objet_07088
Corrosive,Objet_03814
Unspecified,Objet_07823
Explosive,Objet_02874
Explosive,Objet_02767
Unspecified,Objet_06230
Corrosive,Objet_10480
Oxidizing,Objet_02604
Pressurized,Objet_08211
Toxic,Objet_07942
Pressurized,Objet_13206
Pressurized,Objet_03367
Fragile,Objet_11703
Oxidizing,Objet_07635
Radioactive,Objet_14980
Oxidizing,Objet_04959
Food,Objet_04211
Oxidizing,Objet_03975
Pressurized,Objet_12613
Radioactive,Objet_05864
Toxic,Objet_09793
Flammable,Objet_08336
Explosive,Objet_05512
Radioactive,Objet_07627
Flammable,Objet_06397
Flammable,Objet_03475
Flammable,Objet_01446
Oxidizing,Objet_07100
Pressurized,Objet_05669
Radioactive,Objet_12672
Toxic,Objet_01101
Flammable,Objet_01744
Flammable,Objet_07191
Oxidizing,Objet_15438
Radioactive,Objet_13040
Food,Objet_03006
Radioactive,Objet_06302
Oxidizing,Objet_13211
Radioactive,Objet_08283
Fragile,Objet_12957
Fragile,Objet_09296
Oxidizing,Objet_10661
Radioactive,Objet_08936
Radioactive,Objet_00450
Flammable,Objet_06324
Flammable,Objet_07653
Corrosive,Objet_00758
Unspecified,Objet_01672
Radioactive,Objet_01201
Oxidizing,Objet_13827
Unspecified,Objet_00774
Fragile,Objet_09158
Flammable,Objet_00423
Fragile,Objet_01075
Toxic,Objet_02064
Fragile,Objet_08200
Radioactive,Objet_11790
Toxic,Objet_02822
Oxidizing,Objet_13402
Flammable,Objet_06170
Food,Objet_07910
Fragile,Objet_00387
Food,Objet_04842
Flammable,Objet_13577
Oxidizing,Objet_10817
Unspecified,Objet_14800
Flammable,Objet_08654
Oxidizing,Objet_02080
Flammable,Objet_00662
Oxidizing,Objet_14047
Explosive,Objet_13271
Fragile,Objet_08878
Toxic,Objet_00224
Explosive,Objet_12341
Corrosive,Objet_03726
Toxic,Objet_07169
Fragile,Objet_03240
Flammable,Objet_06776
Unspecified,Objet_00355
Corrosive,Objet_02981
Toxic,Objet_09021
Unspecified,Objet_05358
Radioactive,Objet_02943
Toxic,Objet_05317
Food,Objet_07830
Pressurized,Objet_01858
Corrosive,Objet_14733
Fragile,Objet_00112
Radioactive,Objet_14688
Pressurized,Objet_14003
Food,Objet_03699
Radioactive,Objet_10426
Pressurized,Objet_12853
Radioactive,Objet_01484
Unspecified,Objet_13387
Flammable,Objet_14670
Radioactive,Objet_00203
Flammable,Objet_07017
Oxidizing,Objet_07831
Toxic,Objet_04762
Corrosive,Objet_12282
Radioactive,Objet_01617
Unspecified,Objet_08976
Fragile,Objet_00530
Oxidizing,Objet_01631
Flammable,Objet_10599
Corrosive,Objet_09813
Pressurized,Objet_07340
Food,Objet_10454
Food,Objet_03902
Unspecified,Objet_12361
Pressurized,Objet_09082
Fragile,Objet_02386
Pressurized,Objet_13765
Explosive,Objet_05237
Fragile,Objet_06690
Explosive,Objet_03752
Flammable,Objet_00216
Explosive,Objet_11210
Toxic,Objet_10610
Pressurized,Objet_08245
Unspecified,Objet_05286
Food,Objet_11615
Corrosive,Objet_06299
Toxic,Objet_12454
Pressurized,Objet_14616
Explosive,Objet_02062
Flammable,Objet_03068
Pressurized,Objet_01434
Oxidizing,Objet_07729
Food,Objet_14017
Pressurized,Objet_07801
Fragile,Objet_06918
Food,Objet_12334
Food,Objet_10823
Corrosive,Objet_09452
Fragile,Objet_13074
Corrosive,Objet_10204
Radioactive,Objet_11932
Flammable,Objet_05572
Food,Objet_02619
Food,Objet_10947
Toxic,Objet_11841
Radioactive,Objet_02599
Pressurized,Objet_09821
Oxidizing,Objet_00674
Food,Objet_02421
Food,Objet_10386
Fragile,Objet_02292
Food,Objet_08533
Corrosive,Objet_12501
Radioactive,Objet_13325
Fragile,Objet_02413
Oxidizing,Objet_01938
Fragile,Objet_01676
Explosive,Objet_14682
Unspecified,Objet_11673
Corrosive,Objet_00071
Corrosive,Objet_00743
Food,Objet_12413
Oxidizing,Objet_07049
Corrosive,Objet_09510
Unspecified,Objet_09775
Corrosive,Objet_08955
Fragile,Objet_03503
Pressurized,Objet_04440
Flammable,Objet_12090
Flammable,Objet_00765
Radioactive,Objet_01156
Corrosive,Objet_04970
Fragile,Objet_04606
Pressurized,Objet_12392
Radioactive,Objet_12080
Toxic,Objet_01268
Fragile,Objet_01383
Flammable,Objet_01255
Radioactive,Objet_10174
Oxidizing,Objet_13846
Fragile,Objet_07392
Flammable,Objet_01741
Oxidizing,Objet_08601
Explosive,Objet_09829
Oxidizing,Objet_12752
Corrosive,Objet_13143
Pressurized,Objet_05740
Fragile,Objet_07080
Toxic,Objet_11586
Explosive,Objet_00231
Oxidizing,Objet_06569
Explosive,Objet_13340
Explosive,Objet_14258
Flammable,Objet_00508
Pressurized,Objet_03077
Explosive,Objet_02189
Toxic,Objet_07319
Unspecified,Objet_02947
Fragile,Objet_14686
Radioactive,Objet_04647
Flammable,Objet_04779
Unspecified,Objet_05522
Fragile,Objet_01079
Radioactive,Objet_08388
Unspecified,Objet_01898
Corrosive,Objet_11483
Oxidizing,Objet_07158
Fragile,Objet_08049
Toxic,Objet_11213
Fragile,Objet_00270
Flammable,Objet_00524
Fragile,Objet_08432
Oxidizing,Objet_08950
Toxic,Objet_09173
Radioactive,Objet_10026
Toxic,Objet_00509
Radioactive,Objet_14328
Radioactive,Objet_05083
Fragile,Objet_10156
Toxic,Objet_05175
Oxidizing,Objet_00883
Flammable,Objet_01087
Oxidizing,Objet_01280
Corrosive,Objet_07717
Oxidizing,Objet_06178
Flammable,Objet_02590
Oxidizing,Objet_07598
Radioactive,Objet_03171
Unspecified,Objet_03458
Corrosive,Objet_13104
Food,Objet_02766
Food,Objet_04112
Food,Objet_10795
Corrosive,Objet_03204
Explosive,Objet_06225
Fragile,Objet_11090
Radioactive,Objet_09222
Pressurized,Objet_06043
Food,Objet_08590
Toxic,Objet_13911
Pressurized,Objet_13218
Pressurized,Objet_03523
Toxic,Objet_12089
Toxic,Objet_15091
Pressurized,Objet_00210
Unspecified,Objet_09950
Food,Objet_01184
Explosive,Objet_14171
Radioactive,Objet_04455
Unspecified,Objet_08370
Fragile,Objet_10871
Flammable,Objet_13026
Toxic,Objet_08063
Unspecified,Objet_10492
Radioactive,Objet_11516
Food,Objet_02014
Flammable,Objet_00721
Flammable,Objet_08260
Food,Objet_11048
Pressurized,Objet_14119
Explosive,Objet_08330
Radioactive,Objet_13918
Food,Objet_05185
Pressurized,Objet_09268
Pressurized,Objet_15191
Oxidizing,Objet_08850
Explosive,Objet_14661
Corrosive,Objet_05965
Pressurized,Objet_09213
Oxidizing,Objet_03484
Oxidizing,Objet_03616
Unspecified,Objet_14615
Flammable,Objet_06840
Radioactive,Objet_02640
Fragile,Objet_09937
Radioactive,Objet_10137
Oxidizing,Objet_15130
Explosive,Objet_06018
Unspecified,Objet_04660
Corrosive,Objet_07697
Explosive,Objet_08687
Pressurized,Objet_05024
Oxidizing,Objet_03255
Flammable,Objet_04418
Flammable,Objet_09579
Flammable,Objet_07880
Pressurized,Objet_03805
Corrosive,Objet_13924
Oxidizing,Objet_12381
Corrosive,Objet_08473
Explosive,Objet_03069
Oxidizing,Objet_04575
Pressurized,Objet_06263
Corrosive,Objet_11533
Fragile,Objet_04133
Pressurized,Objet_03065
Explosive,Objet_01437
Corrosive,Objet_12153
Food,Objet_12635
Explosive,Objet_04897
Corrosive,Objet_01126
Flammable,Objet_15292
Pressurized,Objet_04204
Corrosive,Objet_00003
Explosive,Objet_11153
Pressurized,Objet_01088
Pressurized,Objet_02477
Oxidizing,Objet_08593
Flammable,Objet_06912
Toxic,Objet_08797
Corrosive,Objet_08433
Fragile,Objet_14656
Radioactive,Objet_15332
Flammable,Objet_14293
Corrosive,Objet_06943
Radioactive,Objet_03498
Food,Objet_12262
Toxic,Objet_08534
Toxic,Objet_08310
Oxidizing,Objet_04997
Radioactive,Objet_00247
Pressurized,Objet_04763
Corrosive,Objet_10240
Pressurized,Objet_00746
Food,Objet_11870
Food,Objet_11831
Explosive,Objet_01106
Corrosive,Objet_11472
Flammable,Objet_13517
Flammable,Objet_11056
Corrosive,Objet_05955
Flammable,Objet_06809
Food,Objet_15440
Fragile,Objet_06895
Oxidizing,Objet_14294
Unspecified,Objet_14517
Toxic,Objet_02256
Toxic,Objet_10150
Unspecified,Objet_06339
Radioactive,Objet_04742
Pressurized,Objet_01264
Pressurized,Objet_02882
Food,Objet_00055
Corrosive,Objet_15283
Pressurized,Objet_06378
Explosive,Objet_01076
Fragile,Objet_14930
Radioactive,Objet_07157
Radioactive,Objet_08262
Food,Objet_12954
Explosive,Objet_08519
Unspecified,Objet_09391
Unspecified,Objet_06359
Oxidizing,Objet_09215
Fragile,Objet_09918
Unspecified,Objet_09734
Toxic,Objet_05797
Toxic,Objet_11189
Toxic,Objet_04146
Fragile,Objet_08038
Corrosive,Objet_00073
Corrosive,Objet_14945
Explosive,Objet_01162
Unspecified,Objet_01475
Pressurized,Objet_13106
Food,Objet_09599
Explosive,Objet_13306
Explosive,Objet_11033
Explosive,Objet_10374
Explosive,Objet_01238
Fragile,Objet_14054
Pressurized,Objet_02967
Flammable,Objet_07369
Unspecified,Objet_06284
Radioactive,Objet_00518
Unspecified,Objet_04270
Food,Objet_15446
Flammable,Objet_15111
Corrosive,Objet_10317
Unspecified,Objet_04225
Radioactive,Objet_08772
Oxidizing,Objet_03330
Explosive,Objet_04290
Pressurized,Objet_09664
Food,Objet_04942
Radioactive,Objet_09101
Corrosive,Objet_10772
Pressurized,Objet_10084
Pressurized,Objet_07015
Pressurized,Objet_08895
Unspecified,Objet_12123
Radioactive,Objet_06671
Explosive,Objet_05741
Flammable,Objet_11488
Flammable,Objet_02004
Pressurized,Objet_12919
Corrosive,Objet_06872
Toxic,Objet_00101
Explosive,Objet_14298
Corrosive,Objet_12669
Explosive,Objet_01033
Food,Objet_09619
Flammable,Objet_00531
Corrosive,Objet_05549
Radioactive,Objet_03011
Oxidizing,Objet_00140
Flammable,Objet_00348
Fragile,Objet_00492
Unspecified,Objet_04337
Corrosive,Objet_06727
Corrosive,Objet_11624
Flammable,Objet_09951
Food,Objet_07614
Unspecified,Objet_06353
Oxidizing,Objet_01518
Oxidizing,Objet_15294
Toxic,Objet_00595
Unspecified,Objet_07804
Food,Objet_00067
Food,Objet_12591
Toxic,Objet_06744
Oxidizing,Objet_13292
Flammable,Objet_04276
Toxic,Objet_01537
Unspecified,Objet_08548
Toxic,Objet_10096
Flammable,Objet_05454
Radioactive,Objet_07301
Corrosive,Objet_04319
Explosive,Objet_09255
Flammable,Objet_12092
Flammable,Objet_02357
Fragile,Objet_15175
Pressurized,Objet_15393
Food,Objet_02893
Radioactive,Objet_00490
Toxic,Objet_10319
Corrosive,Objet_06925
Corrosive,Objet_13383
Fragile,Objet_14842
Explosive,Objet_01117
Flammable,Objet_10540
Unspecified,Objet_14233
Oxidizing,Objet_13663
Radioactive,Objet_14186
Explosive,Objet_09527
Oxidizing,Objet_02915
Food,Objet_04074
Food,Objet_10575
Food,Objet_11120
Fragile,Objet_07170
Corrosive,Objet_09007
Fragile,Objet_06529
Radioactive,Objet_06477
Unspecified,Objet_13680
Unspecified,Objet_14760
Unspecified,Objet_10883
Explosive,Objet_10024
Radioactive,Objet_09942
Food,Objet_12837
Unspecified,Objet_13622
Fragile,Objet_13892
Fragile,Objet_03680
Unspecified,Objet_02603
Pressurized,Objet_02881
Food,Objet_12986
Explosive,Objet_11778
Toxic,Objet_13748
Pressurized,Objet_00274
Unspecified,Objet_13575
Fragile,Objet_13530
Corrosive,Objet_02486
Unspecified,Objet_11508
Food,Objet_09621
Unspecified,Objet_10770
Corrosive,Objet_03378
Unspecified,Objet_09798
Radioactive,Objet_13922
Radioactive,Objet_08498
Food,Objet_06235
Food,Objet_02801
Corrosive,Objet_13560
Toxic,Objet_03895
Explosive,Objet_13093
Flammable,Objet_03946
Unspecified,Objet_01643
Toxic,Objet_04796
Food,Objet_07120
Fragile,Objet_08110
Flammable,Objet_13013
Corrosive,Objet_09971
Toxic,Objet_04232
Toxic,Objet_00415
Explosive,Objet_08491
Oxidizing,Objet_08663
Toxic,Objet_06383
Corrosive,Objet_10797
Food,Objet_13389
Food,Objet_08226
Fragile,Objet_12992
Fragile,Objet_02536
Food,Objet_12680
Food,Objet_11548
Fragile,Objet_07040
Corrosive,Objet_08690
Explosive,Objet_07082
Toxic,Objet_07281
Food,Objet_06538
Food,Objet_08027
Corrosive,Objet_00498
Pressurized,Objet_13264
Radioactive,Objet_14805
Flammable,Objet_04819
Explosive,Objet_00167
Corrosive,Objet_01689
Radioactive,Objet_02949
Food,Objet_10074
Toxic,Objet_05986
Oxidizing,Objet_07314
Toxic,Objet_13955
Flammable,Objet_02886
Unspecified,Objet_13952
Corrosive,Objet_08813
Fragile,Objet_09960
Pressurized,Objet_04056
Unspecified,Objet_07140
Oxidizing,Objet_02364
Oxidizing,Objet_04531
Oxidizing,Objet_08450
Corrosive,Objet_00240
Oxidizing,Objet_05192
Flammable,Objet_11412
Toxic,Objet_13856
Food,Objet_05039
Toxic,Objet_03310
Unspecified,Objet_08423
Radioactive,Objet_08901
Toxic,Objet_11352
Unspecified,Objet_04113
Explosive,Objet_14910
Corrosive,Objet_12605
Radioactive,Objet_02892
Radioactive,Objet_11565
Toxic,Objet_09955
Corrosive,Objet_05136
Explosive,Objet_14461
Fragile,Objet_13180
Explosive,Objet_00523
Toxic,Objet_12821
Pressurized,Objet_05748
Food,Objet_02457
Food,Objet_06563
Food,Objet_06571
Pressurized,Objet_02758
Food,Objet_08697
Flammable,Objet_08857
Radioactive,Objet_00362
Flammable,Objet_00142
Pressurized,Objet_09837
Unspecified,Objet_04101
Food,Objet_13003
Radioactive,Objet_11330
Flammable,Objet_07004
Pressurized,Objet_11206
Unspecified,Objet_09957
Oxidizing,Objet_05073
Unspecified,Objet_03792
Pressurized,Objet_07806
Pressurized,Objet_00277
Corrosive,Objet_13721
Toxic,Objet_14211
Fragile,Objet_07201
Unspecified,Objet_14891
Fragile,Objet_06570
Toxic,Objet_03061
Food,Objet_05637
Fragile,Objet_09307
Toxic,Objet_11160
Flammable,Objet_15132
Explosive,Objet_07448
Flammable,Objet_08892
Flammable,Objet_13781
Radioactive,Objet_03173
Pressurized,Objet_12990
Toxic,Objet_10290
Toxic,Objet_12358
Radioactive,Objet_11209
Radioactive,Objet_08873
Fragile,Objet_12022
Toxic,Objet_09214
Fragile,Objet_00117
Oxidizing,Objet_00020
Corrosive,Objet_08312
Unspecified,Objet_08580
Flammable,Objet_14489
Corrosive,Objet_04627
Corrosive,Objet_06592
Unspecified,Objet_04514
Explosive,Objet_08355
Flammable,Objet_12559
Food,Objet_05447
Oxidizing,Objet_06259
Fragile,Objet_11492
Explosive,Objet_15354
Corrosive,Objet_04725
Unspecified,Objet_06146
Explosive,Objet_00256
Corrosive,Objet_07501
Unspecified,Objet_04667
Fragile,Objet_03580
Explosive,Objet_03597
Toxic,Objet_14187
Oxidizing,Objet_10851
Flammable,Objet_06264
Oxidizing,Objet_11814
Pressurized,Objet_10091
Radioactive,Objet_15094
Flammable,Objet_11515
Unspecified,Objet_05799
Flammable,Objet_04444
Flammable,Objet_11019
Oxidizing,Objet_13474
Fragile,Objet_00833
Radioactive,Objet_00784
Corrosive,Objet_04752
Oxidizing,Objet_00986
Fragile,Objet_06627
Flammable,Objet_14282
Toxic,Objet_06748
Pressurized,Objet_01415
Flammable,Objet_05798
Radioactive,Objet_09129
Pressurized,Objet_05394
Toxic,Objet_11418
Flammable,Objet_12519
Explosive,Objet_05116
Food,Objet_10591
Unspecified,Objet_03921
Pressurized,Objet_13536
Pressurized,Objet_06025
Radioactive,Objet_13371
Toxic,Objet_14520
Food,Objet_13184
Oxidizing,Objet_11737
Toxic,Objet_01371
Toxic,Objet_08779
Pressurized,Objet_08381
Food,Objet_11686
Fragile,Objet_11903
Food,Objet_05063
Food,Objet_10055
Pressurized,Objet_01848
Radioactive,Objet_00462
Toxic,Objet_07019
Unspecified,Objet_12052
Toxic,Objet_07532
Food,Objet_02530
Explosive,Objet_13477
Flammable,Objet_04805
Toxic,Objet_10183
Oxidizing,Objet_13229
Corrosive,Objet_09001
Toxic,Objet_07986
Corrosive,Objet_05629
Food,Objet_08600
Food,Objet_07429
Oxidizing,Objet_07260
Corrosive,Objet_04432
Food,Objet_09794
Food,Objet_04167
Food,Objet_06249
Unspecified,Objet_01138
Explosive,Objet_12398
Explosive,Objet_03676
Corrosive,Objet_04188
Flammable,Objet_00304
Oxidizing,Objet_02009
Fragile,Objet_00124
Food,Objet_03236
Oxidizing,Objet_09673
Toxic,Objet_11244
Toxic,Objet_05310
Pressurized,Objet_08461
Food,Objet_14224
Oxidizing,Objet_01668
Pressurized,Objet_00237
Radioactive,Objet_12640
Explosive,Objet_07887
Food,Objet_00781
Radioactive,Objet_11634
Unspecified,Objet_00617
Food,Objet_14893
Fragile,Objet_13305
Unspecified,Objet_13357
Pressurized,Objet_06461
Oxidizing,Objet_12772
Corrosive,Objet_09137
Pressurized,Objet_14586
Explosive,Objet_08581
Radioactive,Objet_02059
Unspecified,Objet_06696
Oxidizing,Objet_14709
Flammable,Objet_12601
Flammable,Objet_14452
Unspecified,Objet_08642
Pressurized,Objet_06878
Fragile,Objet_13494
Pressurized,Objet_12460
Radioactive,Objet_04908
Fragile,Objet_11431
Pressurized,Objet_04567
Fragile,Objet_05602
Corrosive,Objet_09184
Pressurized,Objet_15445
Explosive,Objet_13701
Toxic,Objet_07245
Toxic,Objet_08683
Fragile,Objet_01723
Toxic,Objet_06325
Toxic,Objet_15009
Radioactive,Objet_08353
Corrosive,Objet_13423
Food,Objet_04437
Toxic,Objet_12128
Food,Objet_07517
Radioactive,Objet_08136
Food,Objet_05846
Fragile,Objet_08501
Pressurized,Objet_07603
Corrosive,Objet_14053
Flammable,Objet_00977
Pressurized,Objet_13950
Food,Objet_02380
Food,Objet_00448
Corrosive,Objet_07074
Radioactive,Objet_10528
Flammable,Objet_00909
Fragile,Objet_05722
Flammable,Objet_11050
Unspecified,Objet_09272
Oxidizing,Objet_08413
Food,Objet_04524
Explosive,Objet_00966
Oxidizing,Objet_04757
Toxic,Objet_14977
Fragile,Objet_03197
Toxic,Objet_02903
Unspecified,Objet_08100
Flammable,Objet_13759
Fragile,Objet_00964
Flammable,Objet_05433
Toxic,Objet_00999
Fragile,Objet_08422
Food,Objet_12824
Corrosive,Objet_05088
Food,Objet_06923
Flammable,Objet_07247
Explosive,Objet_02483
Flammable,Objet_11564
Pressurized,Objet_03344
Food,Objet_13459
Pressurized,Objet_10716
Oxidizing,Objet_12220
Explosive,Objet_08671
Explosive,Objet_02075
Pressurized,Objet_11335
Flammable,Objet_12311
Flammable,Objet_06000
Pressurized,Objet_11540
Fragile,Objet_07280
Oxidizing,Objet_05647
Pressurized,Objet_09661
Radioactive,Objet_01725
Food,Objet_13514
Fragile,Objet_05070
Corrosive,Objet_08840
Fragile,Objet_14541
Food,Objet_12718
Toxic,Objet_03572
Fragile,Objet_04921
Flammable,Objet_05080
Corrosive,Objet_14560
Pressurized,Objet_13140
Corrosive,Objet_03084
Corrosive,Objet_02521
Food,Objet_01384
Corrosive,Objet_13709
Flammable,Objet_02324
Pressurized,Objet_06083
Unspecified,Objet_08431
Fragile,Objet_07334
Explosive,Objet_12035
Fragile,Objet_07878
Unspecified,Objet_02657
Radioactive,Objet_02449
Corrosive,Objet_03832
Pressurized,Objet_08586
Fragile,Objet_00516
Explosive,Objet_03886
Radioactive,Objet_04786
Oxidizing,Objet_02358
Flammable,Objet_05028
Oxidizing,Objet_01748
Flammable,Objet_06070
Corrosive,Objet_03740
Pressurized,Objet_01589
Corrosive,Objet_11197
Fragile,Objet_02786
Oxidizing,Objet_08602
Unspecified,Objet_02072
Unspecified,Objet_06667
Oxidizing,Objet_14490
Oxidizing,Objet_11021
Flammable,Objet_08086
Flammable,Objet_03625
Flammable,Objet_03854
Unspecified,Objet_01704
Food,Objet_08383
Explosive,Objet_02493
Explosive,Objet_04508
Oxidizing,Objet_02281
Unspecified,Objet_14826
Fragile,Objet_09801
Corrosive,Objet_05956
Toxic,Objet_08083
Corrosive,Objet_06394
Oxidizing,Objet_02034
Oxidizing,Objet_10572
Toxic,Objet_10731
Radioactive,Objet_03496
Explosive,Objet_11417
Toxic,Objet_11240
Fragile,Objet_05825
Toxic,Objet_05361
Pressurized,Objet_04549
Unspecified,Objet_07263
Food,Objet_01814
Oxidizing,Objet_05642
Food,Objet_07090
Radioactive,Objet_14419
Explosive,Objet_00738
Food,Objet_03600
Pressurized,Objet_01210
Unspecified,Objet_05325
Radioactive,Objet_04804
Flammable,Objet_04999
Food,Objet_14414
Unspecified,Objet_12261
Food,Objet_09112
Corrosive,Objet_12417
Toxic,Objet_06201
Unspecified,Objet_06278
Explosive,Objet_02208
Flammable,Objet_13377
Unspecified,Objet_05726
Fragile,Objet_01899
Flammable,Objet_02925
Explosive,Objet_11093
Corrosive,Objet_14364
Unspecified,Objet_06412
Toxic,Objet_11646
Oxidizing,Objet_08366
Corrosive,Objet_13720
Corrosive,Objet_12995
Radioactive,Objet_03996
Corrosive,Objet_10372
Pressurized,Objet_03093
Pressurized,Objet_04776
Pressurized,Objet_12065
Toxic,Objet_02911
Explosive,Objet_10147
Oxidizing,Objet_07886
Toxic,Objet_02615
Toxic,Objet_05350
Unspecified,Objet_15016
Flammable,Objet_09557
Explosive,Objet_13382
Oxidizing,Objet_05000
Explosive,Objet_07559
Corrosive,Objet_14554
Toxic,Objet_11735
Pressurized,Objet_03138
Explosive,Objet_13225
Radioactive,Objet_01187
Flammable,Objet_07284
Corrosive,Objet_08289
Explosive,Objet_11776
Flammable,Objet_04711
Unspecified,Objet_00631
Oxidizing,Objet_03954
Explosive,Objet_10438
Corrosive,Objet_03147
Oxidizing,Objet_07226
Explosive,Objet_02879
Unspecified,Objet_13219
Corrosive,Objet_02751
Explosive,Objet_00616
Pressurized,Objet_13792
Toxic,Objet_13963
Food,Objet_03730
Explosive,Objet_04515
Pressurized,Objet_02371
Flammable,Objet_11134
Fragile,Objet_14667
Fragile,Objet_04285
Radioactive,Objet_11690
Corrosive,Objet_12456
Flammable,Objet_02293
Fragile,Objet_05808
Food,Objet_13342
Food,Objet_03328
Food,Objet_13760
Toxic,Objet_10415
Toxic,Objet_06447
Unspecified,Objet_04264
Explosive,Objet_04822
Radioactive,Objet_10778
Toxic,Objet_03337
Corrosive,Objet_13201
Food,Objet_14189
Fragile,Objet_06283
Flammable,Objet_05327
Explosive,Objet_05777
Unspecified,Objet_05470
Radioactive,Objet_03449
Oxidizing,Objet_09441
Toxic,Objet_05523
Flammable,Objet_12931
Flammable,Objet_00340
Corrosive,Objet_05091
Food,Objet_12818
Corrosive,Objet_01237
Radioactive,Objet_07107
Explosive,Objet_14318
Unspecified,Objet_00740
Radioactive,Objet_13732
Food,Objet_02442
Corrosive,Objet_14057
Flammable,Objet_14654
Flammable,Objet_04778
Explosive,Objet_01652
Pressurized,Objet_05388
Fragile,Objet_06272
Food,Objet_12082
Toxic,Objet_11828
Oxidizing,Objet_13645
Corrosive,Objet_05048
Radioactive,Objet_03991
Toxic,Objet_14848
Flammable,Objet_07775
Flammable,Objet_10915
Fragile,Objet_09526
Toxic,Objet_12154
Pressurized,Objet_00337
Food,Objet_01453
Corrosive,Objet_14673
Food,Objet_11478
Unspecified,Objet_06501
Radioactive,Objet_02991
Oxidizing,Objet_14175
Food,Objet_03535
Corrosive,Objet_02945
Oxidizing,Objet_06750
Flammable,Objet_03614
Unspecified,Objet_11014
Flammable,Objet_02774
Pressurized,Objet_01298
Corrosive,Objet_07111
Toxic,Objet_15201
Pressurized,Objet_14772
Oxidizing,Objet_07351
Food,Objet_12611
Radioactive,Objet_15197
Flammable,Objet_03299
Oxidizing,Objet_08619
Radioactive,Objet_14386
Pressurized,Objet_15229
Oxidizing,Objet_05424
Corrosive,Objet_03759
Explosive,Objet_12189
Pressurized,Objet_15060
Toxic,Objet_13212
Unspecified,Objet_08254
Unspecified,Objet_08975
Fragile,Objet_13430
Pressurized,Objet_03045
Unspecified,Objet_10384
Toxic,Objet_04658
Oxidizing,Objet_12623
Fragile,Objet_14020
Explosive,Objet_00826
Corrosive,Objet_07444
Radioactive,Objet_00335
Explosive,Objet_02275
Food,Objet_01592
Pressurized,Objet_07027
Pressurized,Objet_14006
Toxic,Objet_11886
Radioactive,Objet_06817
Toxic,Objet_13644
Explosive,Objet_05788
Fragile,Objet_05285
Oxidizing,Objet_05214
Pressurized,Objet_06749
Corrosive,Objet_01560
Pressurized,Objet_12086
Food,Objet_09636
Flammable,Objet_09836
Explosive,Objet_07781
Fragile,Objet_09729
Pressurized,Objet_03092
Toxic,Objet_08993
Unspecified,Objet_04392
Toxic,Objet_12285
Fragile,Objet_08246
Explosive,Objet_01553
Explosive,Objet_11151
Food,Objet_13019
Explosive,Objet_03264
Unspecified,Objet_02867
Pressurized,Objet_06541
Toxic,Objet_05155
Corrosive,Objet_10364
Oxidizing,Objet_10865
Explosive,Objet_07853
Corrosive,Objet_00714
Oxidizing,Objet_00165
Fragile,Objet_14427
Radioactive,Objet_06553
Food,Objet_09424
Radioactive,Objet_09791
Explosive,Objet_04329
Food,Objet_09850
Explosive,Objet_01497
Explosive,Objet_07205
Oxidizing,Objet_02853
Radioactive,Objet_08816
Fragile,Objet_04226
Corrosive,Objet_11583
Oxidizing,Objet_14152
Unspecified,Objet_12449
Flammable,Objet_11392
Flammable,Objet_08337
Corrosive,Objet_04309
Pressurized,Objet_08109
Food,Objet_13848
Unspecified,Objet_06196
Corrosive,Objet_00089
Oxidizing,Objet_13929
Food,Objet_08825
Oxidizing,Objet_06573
Explosive,Objet_02966
Explosive,Objet_09153
Food,Objet_03839
Flammable,Objet_03243
Unspecified,Objet_07932
Flammable,Objet_12270
Toxic,Objet_00009
Radioactive,Objet_00839
Flammable,Objet_06148
Oxidizing,Objet_07936
Toxic,Objet_11891
Corrosive,Objet_11307
Toxic,Objet_08173
Oxidizing,Objet_13262
Toxic,Objet_15439
Unspecified,Objet_00282
Radioactive,Objet_14992
Explosive,Objet_07768
Corrosive,Objet_03637
Flammable,Objet_13639
Explosive,Objet_14817
Flammable,Objet_12946
Flammable,Objet_01217
Unspecified,Objet_03322
Radioactive,Objet_09367
Food,Objet_13996
Food,Objet_12739
Pressurized,Objet_10405
Unspecified,Objet_02776
Corrosive,Objet_00444
Unspecified,Objet_04263
Pressurized,Objet_09345
Explosive,Objet_00469
Pressurized,Objet_14631
Explosive,Objet_07005
Explosive,Objet_09379
Corrosive,Objet_09446
Pressurized,Objet_05014
Food,Objet_06932
Pressurized,Objet_00037
Explosive,Objet_13986
Pressurized,Objet_07193
Oxidizing,Objet_12960
Toxic,Objet_08339
Unspecified,Objet_13369
Oxidizing,Objet_06460
Unspecified,Objet_04280
Oxidizing,Objet_13259
Radioactive,Objet_07844
Food,Objet_13488
Explosive,Objet_13592
Fragile,Objet_01358
Oxidizing,Objet_03879
Fragile,Objet_04419
Radioactive,Objet_12728
Flammable,Objet_02721
Flammable,Objet_13944
Unspecified,Objet_12755
Pressurized,Objet_15242
Corrosive,Objet_05632
Corrosive,Objet_08490
Corrosive,Objet_11340
Radioactive,Objet_07187
Explosive,Objet_04894
Fragile,Objet_01580
Toxic,Objet_14190
Corrosive,Objet_09641
Fragile,Objet_08713
Toxic,Objet_01985
Unspecified,Objet_02539
Radioactive,Objet_09768
Pressurized,Objet_04917
Fragile,Objet_05969
Food,Objet_12819
Toxic,Objet_05622
Fragile,Objet_13794
Unspecified,Objet_11337
Corrosive,Objet_02569
Flammable,Objet_02595
Unspecified,Objet_08471
Explosive,Objet_06695
Radioactive,Objet_14815
Oxidizing,Objet_05275
Radioactive,Objet_09122
Pressurized,Objet_07898
Pressurized,Objet_14012
Toxic,Objet_01893
Pressurized,Objet_09712
Flammable,Objet_12442
Fragile,Objet_04520
Radioactive,Objet_10734
Radioactive,Objet_13544
Pressurized,Objet_15343
Toxic,Objet_07797
Explosive,Objet_08318
Radioactive,Objet_05553
Pressurized,Objet_08859
Pressurized,Objet_01147
Pressurized,Objet_14694
Radioactive,Objet_13876
Fragile,Objet_13938
Toxic,Objet_09532
Oxidizing,Objet_12934
Radioactive,Objet_08039
Toxic,Objet_07578
Radioactive,Objet_09780
Radioactive,Objet_05273
Toxic,Objet_06011
Pressurized,Objet_05038
Fragile,Objet_06629
Flammable,Objet_13054
Food,Objet_04835
Pressurized,Objet_05577
Pressurized,Objet_09696
Explosive,Objet_10830
Explosive,Objet_03300
Food,Objet_09030
Radioactive,Objet_08196
Toxic,Objet_08095
Food,Objet_12788
Toxic,Objet_07463
Oxidizing,Objet_02079
Radioactive,Objet_00719
Pressurized,Objet_11433
Fragile,Objet_06110
Toxic,Objet_10576
Flammable,Objet_02330
Oxidizing,Objet_01826
Fragile,Objet_13896
Corrosive,Objet_01259
Toxic,Objet_10912
Oxidizing,Objet_05072
Corrosive,Objet_08098
Flammable,Objet_06239
Flammable,Objet_13108
Flammable,Objet_00208
Flammable,Objet_13313
Pressurized,Objet_03969
Food,Objet_03159
Flammable,Objet_01860
Explosive,Objet_11445
Fragile,Objet_10060
Oxidizing,Objet_13443
Toxic,Objet_07458
Unspecified,Objet_03820
Oxidizing,Objet_14950
Pressurized,Objet_06621
Corrosive,Objet_05189
Pressurized,Objet_06913
Radioactive,Objet_14380
Explosive,Objet_01711
Unspecified,Objet_13711
Radioactive,Objet_03485
Flammable,Objet_00292
Flammable,Objet_00938
Oxidizing,Objet_10148
Flammable,Objet_03410
Oxidizing,Objet_01084
Fragile,Objet_14029
Food,Objet_13872
Unspecified,Objet_00563
Fragile,Objet_05386
Radioactive,Objet_10598
Food,Objet_02018
Explosive,Objet_13113
Explosive,Objet_08870
Toxic,Objet_04055
Food,Objet_12530
Food,Objet_01049
Toxic,Objet_15072
Explosive,Objet_07707
Oxidizing,Objet_09408
Oxidizing,Objet_02775
Pressurized,Objet_14399
Corrosive,Objet_02344
Corrosive,Objet_00236
Oxidizing,Objet_01511
Corrosive,Objet_14987
Toxic,Objet_12326
Unspecified,Objet_11805
Pressurized,Objet_12579
Toxic,Objet_13789
Fragile,Objet_10821
Food,Objet_03428
Explosive,Objet_11322
Explosive,Objet_12109
Corrosive,Objet_11411
Corrosive,Objet_13728
Fragile,Objet_12542
Radioactive,Objet_05009
Food,Objet_08401
Oxidizing,Objet_13086
Radioactive,Objet_13520
Pressurized,Objet_02535
Toxic,Objet_14609
Unspecified,Objet_09240
Corrosive,Objet_15298
Fragile,Objet_07324
Toxic,Objet_08579
Radioactive,Objet_04165
Oxidizing,Objet_00724
Explosive,Objet_11700
Flammable,Objet_09220
Radioactive,Objet_14126
Corrosive,Objet_12423
Corrosive,Objet_04271
Flammable,Objet_12891
Fragile,Objet_10976
Toxic,Objet_08261
Fragile,Objet_05563
Pressurized,Objet_11614
Flammable,Objet_00950
Unspecified,Objet_14249
Radioactive,Objet_10699
Flammable,Objet_10489
Unspecified,Objet_03945
Fragile,Objet_01512
Explosive,Objet_11532
Radioactive,Objet_07388
Toxic,Objet_00853
Oxidizing,Objet_02551
Oxidizing,Objet_11746
Corrosive,Objet_09896
Pressurized,Objet_09767
Fragile,Objet_14072
Flammable,Objet_06720
Corrosive,Objet_12881
Food,Objet_14341
Flammable,Objet_05845
Flammable,Objet_00728
Toxic,Objet_02067
Unspecified,Objet_06367
Radioactive,Objet_12437
Fragile,Objet_11207
Radioactive,Objet_01590
Fragile,Objet_06314
Fragile,Objet_06104
Explosive,Objet_04241
Pressurized,Objet_02510
Oxidizing,Objet_04605
Food,Objet_10688
Fragile,Objet_10640
Radioactive,Objet_11929
Fragile,Objet_08974
Radioactive,Objet_14971
Corrosive,Objet_05059
Pressurized,Objet_07659
Food,Objet_01336
Explosive,Objet_03958
Food,Objet_14704
Unspecified,Objet_11589
Food,Objet_03850
Radioactive,Objet_02850
Fragile,Objet_01301
Pressurized,Objet_10307
Fragile,Objet_01914
Unspecified,Objet_13932
Flammable,Objet_13405
Flammable,Objet_06478
Pressurized,Objet_11435
Pressurized,Objet_03189
Oxidizing,Objet_10549
Corrosive,Objet_03564
Oxidizing,Objet_15067
Radioactive,Objet_10502
Unspecified,Objet_14804
Unspecified,Objet_14799
Pressurized,Objet_15306
Pressurized,Objet_13857
Radioactive,Objet_08905
Toxic,Objet_14479
Corrosive,Objet_02415
Food,Objet_00575
Food,Objet_03767
Food,Objet_00404
Radioactive,Objet_07624
Pressurized,Objet_08218
Explosive,Objet_12384
Explosive,Objet_01419
Radioactive,Objet_06356
Radioactive,Objet_07055
Toxic,Objet_06871
Fragile,Objet_05879
Toxic,Objet_09820
Explosive,Objet_11651
Unspecified,Objet_14062
Explosive,Objet_05030
Flammable,Objet_02828
Pressurized,Objet_05108
Food,Objet_14014
Radioactive,Objet_01698
Fragile,Objet_15352
Fragile,Objet_01457
Radioactive,Objet_06793
Unspecified,Objet_06159
Food,Objet_01056
Food,Objet_00667
Unspecified,Objet_08541
Toxic,Objet_12801
Flammable,Objet_07290
Flammable,Objet_03473
Pressurized,Objet_03956
Flammable,Objet_01140
Unspecified,Objet_13574
Radioactive,Objet_05736
Radioactive,Objet_03311
Oxidizing,Objet_06038
Unspecified,Objet_10703
Toxic,Objet_06165
Explosive,Objet_12301
Fragile,Objet_13921
Oxidizing,Objet_07529
Explosive,Objet_13457
Explosive,Objet_07264
Unspecified,Objet_06318
Toxic,Objet_04299
Pressurized,Objet_15467
Radioactive,Objet_13244
Food,Objet_02588
Pressurized,Objet_11596
Oxidizing,Objet_13119
Radioactive,Objet_00815
Corrosive,Objet_02198
Radioactive,Objet_13564
Pressurized,Objet_15206
Explosive,Objet_13540
Food,Objet_13045
Radioactive,Objet_11599
Food,Objet_04326
Corrosive,Objet_13611
Corrosive,Objet_01986
Toxic,Objet_08951
Fragile,Objet_03111
Toxic,Objet_04073
Fragile,Objet_01880
Food,Objet_02271
Flammable,Objet_01327
Corrosive,Objet_04242
Food,Objet_04526
Food,Objet_14864
Corrosive,Objet_10800
Oxidizing,Objet_03120
Radioactive,Objet_02924
Fragile,Objet_09646
Corrosive,Objet_12693
Explosive,Objet_11370
Unspecified,Objet_00629
Corrosive,Objet_08408
Oxidizing,Objet_04940
Corrosive,Objet_03997
Radioactive,Objet_06167
Pressurized,Objet_09444
Unspecified,Objet_10056
Fragile,Objet_09107
Pressurized,Objet_13133
Explosive,Objet_11438
Flammable,Objet_04141
Explosive,Objet_11635
Explosive,Objet_15426
Toxic,Objet_14313
Fragile,Objet_02792
Corrosive,Objet_01008
Corrosive,Objet_01628
Flammable,Objet_01657
Corrosive,Objet_14567
Corrosive,Objet_11623
Explosive,Objet_03947
Pressurized,Objet_06293
Food,Objet_07222
Corrosive,Objet_15385
Fragile,Objet_04875
Radioactive,Objet_11286
Pressurized,Objet_04697
Flammable,Objet_12524
Oxidizing,Objet_01517
Food,Objet_08282
Pressurized,Objet_12375
Explosive,Objet_10551
Food,Objet_12145
Oxidizing,Objet_03444
Toxic,Objet_11933
Fragile,Objet_12319
Corrosive,Objet_13239
Unspecified,Objet_14174
Explosive,Objet_13456
Unspecified,Objet_03392
Flammable,Objet_00005
Unspecified,Objet_09383
Fragile,Objet_02516
Toxic,Objet_03798
Unspecified,Objet_10552
Explosive,Objet_01910
Oxidizing,Objet_03868
Oxidizing,Objet_03899
Fragile,Objet_10918
Unspecified,Objet_01236
Pressurized,Objet_12312
Unspecified,Objet_13666
Radioactive,Objet_03819
Unspecified,Objet_06427
Explosive,Objet_03973
Corrosive,Objet_01539
Flammable,Objet_11051
Radioactive,Objet_14269
Oxidizing,Objet_11622
Unspecified,Objet_13068
Radioactive,Objet_10638
Flammable,Objet_09544
Pressurized,Objet_00769
Explosive,Objet_10530
Fragile,Objet_05400
Toxic,Objet_12418
Corrosive,Objet_08941
Radioactive,Objet_10908
Food,Objet_06956
Pressurized,Objet_12798
Toxic,Objet_12974
Flammable,Objet_13905
Food,Objet_11460
Corrosive,Objet_11055
Corrosive,Objet_02936
Food,Objet_15342
Toxic,Objet_07540
Flammable,Objet_10314
Explosive,Objet_09678
Radioactive,Objet_15115
Corrosive,Objet_12210
Oxidizing,Objet_07838
Pressurized,Objet_00752
Pressurized,Objet_14079
Food,Objet_09320
Explosive,Objet_09468
Toxic,Objet_02319
Fragile,Objet_11602
Food,Objet_11477
Food,Objet_07246
Pressurized,Objet_04351
Explosive,Objet_08123
Food,Objet_00333
Unspecified,Objet_01754
Food,Objet_01510
Flammable,Objet_00381
Corrosive,Objet_02705
Food,Objet_05668
Oxidizing,Objet_06987
Toxic,Objet_10760
Pressurized,Objet_04988
Pressurized,Objet_11741
Oxidizing,Objet_14645
Flammable,Objet_06187
Pressurized,Objet_05597
Corrosive,Objet_04142
Explosive,Objet_05153
Food,Objet_04830
Oxidizing,Objet_12201
Toxic,Objet_09807
Explosive,Objet_11331
Flammable,Objet_05994
Pressurized,Objet_00420
Pressurized,Objet_03594
Fragile,Objet_01331
Pressurized,Objet_07113
Radioactive,Objet_08494
Explosive,Objet_11027
Oxidizing,Objet_06615
Flammable,Objet_14850
Flammable,Objet_00445
Explosive,Objet_00087
Flammable,Objet_13349
Radioactive,Objet_07406
Food,Objet_01438
Food,Objet_04818
Corrosive,Objet_09292
Corrosive,Objet_03604
Corrosive,Objet_13784
Pressurized,Objet_11387
Fragile,Objet_03421
Oxidizing,Objet_14460
Toxic,Objet_05167
Oxidizing,Objet_01220
Explosive,Objet_08137
Flammable,Objet_08627
Explosive,Objet_14423
Explosive,Objet_01550
Flammable,Objet_12476
Toxic,Objet_13364
Toxic,Objet_09458
Fragile,Objet_11580
Radioactive,Objet_10442
Radioactive,Objet_09245
Food,Objet_10054
Radioactive,Objet_10202
Toxic,Objet_11057
Radioactive,Objet_09393
Explosive,Objet_09910
Corrosive,Objet_05301
Pressurized,Objet_12037
Radioactive,Objet_04729
Explosive,Objet_01061
Pressurized,Objet_08568
Oxidizing,Objet_03887
Flammable,Objet_05120
Radioactive,Objet_02053
Food,Objet_07510
Flammable,Objet_12272
Flammable,Objet_00646
Unspecified,Objet_08180
Flammable,Objet_04362
Radioactive,Objet_06014
Fragile,Objet_09075
Fragile,Objet_12419
Unspecified,Objet_10298
Food,Objet_01134
Corrosive,Objet_10128
Pressurized,Objet_12909
Fragile,Objet_01190
Explosive,Objet_08886
Food,Objet_09247
Oxidizing,Objet_12618
Radioactive,Objet_07566
Corrosive,Objet_11222
Oxidizing,Objet_05520
Toxic,Objet_08862
Radioactive,Objet_02812
Toxic,Objet_11133
Fragile,Objet_10291
Oxidizing,Objet_03149
Food,Objet_05096
Fragile,Objet_12069
Corrosive,Objet_11713
Pressurized,Objet_03888
Unspecified,Objet_01795
Explosive,Objet_01975
Pressurized,Objet_09665
Food,Objet_09992
Flammable,Objet_03631
Toxic,Objet_02946
Fragile,Objet_13044
Radioactive,Objet_04428
Food,Objet_06305
Oxidizing,Objet_02290
Flammable,Objet_04910
Pressurized,Objet_13657
Unspecified,Objet_11092
Explosive,Objet_11345
Corrosive,Objet_07329
Oxidizing,Objet_03411
Oxidizing,Objet_08669
Unspecified,Objet_13361
Unspecified,Objet_13230
Food,Objet_01309
Radioactive,Objet_07430
Fragile,Objet_12551
Unspecified,Objet_07423
Flammable,Objet_13926
Oxidizing,Objet_06726
Explosive,Objet_04052
Food,Objet_15068
Flammable,Objet_01978
Flammable,Objet_04257
Food,Objet_14308
Unspecified,Objet_05833
Explosive,Objet_15167
Food,Objet_06231
Fragile,Objet_09585
Pressurized,Objet_03281
Toxic,Objet_07186
Explosive,Objet_01102
Flammable,Objet_02756
Pressurized,Objet_07652
Fragile,Objet_02741
Radioactive,Objet_11298
Radioactive,Objet_13435
Oxidizing,Objet_04048
Flammable,Objet_15093
Fragile,Objet_05324
Oxidizing,Objet_01132
Radioactive,Objet_08106
Corrosive,Objet_14922
Corrosive,Objet_07706
Fragile,Objet_13321
Explosive,Objet_12059
Food,Objet_09080
Unspecified,Objet_02900
Toxic,Objet_02137
Flammable,Objet_04064
Radioactive,Objet_12391
Unspecified,Objet_14932
Toxic,Objet_13061
Flammable,Objet_15289
Explosive,Objet_03800
Flammable,Objet_13490
Food,Objet_15204
Flammable,Objet_03894
Unspecified,Objet_10782
Pressurized,Objet_07930
Explosive,Objet_10304
Explosive,Objet_04445
Toxic,Objet_03137
Toxic,Objet_05778
Unspecified,Objet_03865
Food,Objet_13246
Fragile,Objet_08368
Pressurized,Objet_01798
Fragile,Objet_09863
Corrosive,Objet_10906
Fragile,Objet_07971
Oxidizing,Objet_12774
Oxidizing,Objet_08926
Unspecified,Objet_11208
Corrosive,Objet_12888
Unspecified,Objet_08087
Explosive,Objet_06054
Toxic,Objet_02054
Fragile,Objet_11172
Corrosive,Objet_00422
Radioactive,Objet_15322
Unspecified,Objet_07647
Explosive,Objet_01820
Toxic,Objet_12404
Unspecified,Objet_15258
Oxidizing,Objet_14988
Unspecified,Objet_12858
Unspecified,Objet_02193
Food,Objet_09973
Food,Objet_06270
Fragile,Objet_13066
Fragile,Objet_08765
Unspecified,Objet_06672
Oxidizing,Objet_01219
Pressurized,Objet_13396
Explosive,Objet_11314
Explosive,Objet_06768
Pressurized,Objet_04815
Toxic,Objet_13690
Food,Objet_01735
Oxidizing,Objet_09535
Oxidizing,Objet_02258
Pressurized,Objet_13715
Unspecified,Objet_05389
Flammable,Objet_13130
Toxic,Objet_12780
Fragile,Objet_00609
Fragile,Objet_05896
Radioactive,Objet_09004
Explosive,Objet_02729
Pressurized,Objet_03846
Fragile,Objet_08459
Oxidizing,Objet_00398
Fragile,Objet_02950
Food,Objet_11029
Unspecified,Objet_13590
Toxic,Objet_04961
Explosive,Objet_12394
Explosive,Objet_09023
Flammable,Objet_11826
Flammable,Objet_09792
Explosive,Objet_09012
Radioactive,Objet_10375
Radioactive,Objet_15284
Toxic,Objet_13053
Pressurized,Objet_02314
Radioactive,Objet_09211
Explosive,Objet_01477
Food,Objet_14391
Corrosive,Objet_07311
Unspecified,Objet_04212
Unspecified,Objet_12877
Food,Objet_01909
Pressurized,Objet_01851
Pressurized,Objet_10222
Flammable,Objet_02806
Explosive,Objet_00722
Fragile,Objet_01429
Corrosive,Objet_02491
Oxidizing,Objet_11981
Toxic,Objet_13815
Food,Objet_06298
Unspecified,Objet_00996
Explosive,Objet_14107
Explosive,Objet_02017
Radioactive,Objet_05365
Toxic,Objet_08209
Radioactive,Objet_05862
Radioactive,Objet_02869
Corrosive,Objet_06111
Food,Objet_07313
Food,Objet_06975
Explosive,Objet_12816
Oxidizing,Objet_02152
Food,Objet_00425
Radioactive,Objet_00170
Unspecified,Objet_07958
Food,Objet_07447
Corrosive,Objet_09706
Oxidizing,Objet_12829
Oxidizing,Objet_12950
Pressurized,Objet_00267
Food,Objet_00357
Explosive,Objet_00657
Corrosive,Objet_11721
Pressurized,Objet_03922
Flammable,Objet_10570
Pressurized,Objet_14035
Radioactive,Objet_12199
Toxic,Objet_04529
Fragile,Objet_01522
Explosive,Objet_13214
Pressurized,Objet_00424
Explosive,Objet_15424
Unspecified,Objet_08458
Radioactive,Objet_06286
Radioactive,Objet_13179
Explosive,Objet_00803
Oxidizing,Objet_02122
Oxidizing,Objet_02339
Toxic,Objet_08832
Food,Objet_12317
Corrosive,Objet_06157
Fragile,Objet_11633
Radioactive,Objet_10367
Fragile,Objet_13991
Corrosive,Objet_04279
Food,Objet_06388
Unspecified,Objet_15209
Explosive,Objet_06443
Oxidizing,Objet_13773
Toxic,Objet_08332
Oxidizing,Objet_13454
Pressurized,Objet_01569
Pressurized,Objet_05858
Toxic,Objet_11785
Oxidizing,Objet_12776
Flammable,Objet_04814
Unspecified,Objet_09186
Pressurized,Objet_11871
Food,Objet_14749
Unspecified,Objet_02827
Oxidizing,Objet_04483
Pressurized,Objet_08158
Explosive,Objet_07077
Fragile,Objet_02002
Oxidizing,Objet_06265
Explosive,Objet_05363
Explosive,Objet_03146
Pressurized,Objet_08540
Toxic,Objet_01958
Radioactive,Objet_00611
Radioactive,Objet_07450
Radioactive,Objet_12763
Food,Objet_09538
Radioactive,Objet_06223
Oxidizing,Objet_13828
Radioactive,Objet_01047
Toxic,Objet_07721
Fragile,Objet_04321
Pressurized,Objet_09140
Pressurized,Objet_00960
Flammable,Objet_09965
Corrosive,Objet_01863
Flammable,Objet_10487
Flammable,Objet_07496
Radioactive,Objet_08902
Corrosive,Objet_04821
Pressurized,Objet_03468
Flammable,Objet_06990
Radioactive,Objet_12494
Unspecified,Objet_11064
Radioactive,Objet_05743
Radioactive,Objet_13547
Oxidizing,Objet_06859
Flammable,Objet_13738
Food,Objet_08376
Corrosive,Objet_14713
Toxic,Objet_04594
Flammable,Objet_12379
Oxidizing,Objet_09578
Oxidizing,Objet_09226
Food,Objet_03857
Explosive,Objet_14010
Radioactive,Objet_10168
Unspecified,Objet_07855
Food,Objet_12157
Explosive,Objet_08623
Toxic,Objet_00199
Explosive,Objet_09132
Food,Objet_12552
Explosive,Objet_01494
Pressurized,Objet_13384
Corrosive,Objet_05078
Unspecified,Objet_10793
Flammable,Objet_08830
Food,Objet_06258
Radioactive,Objet_04301
Fragile,Objet_08402
Oxidizing,Objet_08800
Food,Objet_08776
Toxic,Objet_10506
Flammable,Objet_05939
Explosive,Objet_01889
Fragile,Objet_13417
Unspecified,Objet_07585
Flammable,Objet_07992
Pressurized,Objet_04553
Toxic,Objet_06831
Food,Objet_02860
Corrosive,Objet_12466
Explosive,Objet_10432
Unspecified,Objet_10181
Pressurized,Objet_05614
Pressurized,Objet_08233
Food,Objet_03979
Unspecified,Objet_15178
Food,Objet_05853
Fragile,Objet_08357
Explosive,Objet_12710
Toxic,Objet_14636
Fragile,Objet_10997
Unspecified,Objet_11186
Radioactive,Objet_06063
Fragile,Objet_06514
Radioactive,Objet_01690
Oxidizing,Objet_05413
Explosive,Objet_07231
Radioactive,Objet_04911
Toxic,Objet_03789
Flammable,Objet_01980
Explosive,Objet_10509
Explosive,Objet_05460
Radioactive,Objet_13885
Corrosive,Objet_09779
Food,Objet_02833
Explosive,Objet_15260
Flammable,Objet_02058
Fragile,Objet_14206
Radioactive,Objet_03634
Explosive,Objet_10328
Oxidizing,Objet_11645
Food,Objet_02765
Oxidizing,Objet_11362
Corrosive,Objet_11311
Unspecified,Objet_14674
Flammable,Objet_13864
Toxic,Objet_14762
Toxic,Objet_06358
Oxidizing,Objet_06593
Oxidizing,Objet_02158
Fragile,Objet_00156
Pressurized,Objet_12564
Toxic,Objet_09469
Flammable,Objet_01803
Oxidizing,Objet_02363
Explosive,Objet_11052
Toxic,Objet_08040
Pressurized,Objet_07889
Flammable,Objet_04330
Flammable,Objet_01702
Fragile,Objet_09818
Corrosive,Objet_08347
Food,Objet_03001
Explosive,Objet_00354
Fragile,Objet_04452
Oxidizing,Objet_05509
Flammable,Objet_10520
Radioactive,Objet_00200
Explosive,Objet_10412
Unspecified,Objet_07770
Radioactive,Objet_11967
Corrosive,Objet_13242
Radioactive,Objet_00389
Oxidizing,Objet_12280
Flammable,Objet_03251
Flammable,Objet_13237
Radioactive,Objet_02859
Unspecified,Objet_10177
Explosive,Objet_13780
Unspecified,Objet_13930
Pressurized,Objet_00991
Explosive,Objet_04494
Pressurized,Objet_00865
Food,Objet_10792
Corrosive,Objet_11256
Food,Objet_11290
Toxic,Objet_05434
Corrosive,Objet_09954
Corrosive,Objet_13751
Flammable,Objet_01398
Toxic,Objet_15139
Pressurized,Objet_03326
Pressurized,Objet_02242
Unspecified,Objet_14652
Pressurized,Objet_02136
Explosive,Objet_08930
Explosive,Objet_13737
Radioactive,Objet_11272
Explosive,Objet_15163
Flammable,Objet_04580
Pressurized,Objet_00488
Pressurized,Objet_12016
Toxic,Objet_13551
Pressurized,Objet_09068
Corrosive,Objet_11263
Fragile,Objet_12845
Fragile,Objet_00027
Radioactive,Objet_14960
Oxidizing,Objet_03294
Pressurized,Objet_13203
Fragile,Objet_06374
Unspecified,Objet_01533
Toxic,Objet_15087
Explosive,Objet_09102
Radioactive,Objet_15246
Pressurized,Objet_01885
Pressurized,Objet_06229
Explosive,Objet_02013
Radioactive,Objet_06796
Explosive,Objet_07341
Explosive,Objet_14067
Unspecified,Objet_02165
Oxidizing,Objet_03923
Oxidizing,Objet_11148
Fragile,Objet_02916
Explosive,Objet_05267
Oxidizing,Objet_14411
Unspecified,Objet_05585
Flammable,Objet_08291
Pressurized,Objet_03042
Toxic,Objet_11780
Unspecified,Objet_06012
Food,Objet_06445
Oxidizing,Objet_03041
Oxidizing,Objet_00313
Radioactive,Objet_14746
Unspecified,Objet_03185
Fragile,Objet_06241
Radioactive,Objet_07288
Oxidizing,Objet_08317
Unspecified,Objet_14398
Fragile,Objet_13706
Oxidizing,Objet_13145
Toxic,Objet_00855
Toxic,Objet_07534
Explosive,Objet_15371
Food,Objet_14561
Explosive,Objet_14332
Unspecified,Objet_07668
Oxidizing,Objet_06184
Toxic,Objet_13082
Radioactive,Objet_04282
Flammable,Objet_03153
Radioactive,Objet_00699
Flammable,Objet_07465
Toxic,Objet_00897
Unspecified,Objet_01450
Fragile,Objet_02759
Unspecified,Objet_08527
Radioactive,Objet_15218
Unspecified,Objet_12568
Radioactive,Objet_10143
Corrosive,Objet_01578
Radioactive,Objet_09882
Radioactive,Objet_09741
Explosive,Objet_08922
Toxic,Objet_12941
Corrosive,Objet_03314
Flammable,Objet_04160
Radioactive,Objet_02172
Flammable,Objet_13295
Oxidizing,Objet_14794
Radioactive,Objet_03425
Toxic,Objet_01837
Flammable,Objet_07381
Oxidizing,Objet_12048
Explosive,Objet_03208
Unspecified,Objet_01622
Corrosive,Objet_10134
Radioactive,Objet_14202
Fragile,Objet_13335
Corrosive,Objet_01763
Oxidizing,Objet_05559
Explosive,Objet_04889
Oxidizing,Objet_06719
Fragile,Objet_03971
Food,Objet_01141
Oxidizing,Objet_07805
Corrosive,Objet_12008
Flammable,Objet_12725
Corrosive,Objet_12826
Fragile,Objet_03796
Toxic,Objet_00461
Toxic,Objet_03848
Corrosive,Objet_03940
Explosive,Objet_01395
Explosive,Objet_07102
Oxidizing,Objet_06807
Fragile,Objet_14103
Pressurized,Objet_12062
Pressurized,Objet_05335
Fragile,Objet_14363
Oxidizing,Objet_05005
Radioactive,Objet_00802
Oxidizing,Objet_12028
Oxidizing,Objet_00640
Pressurized,Objet_02841
Pressurized,Objet_09170
Pressurized,Objet_06820
Oxidizing,Objet_06881
Flammable,Objet_09948
Oxidizing,Objet_09178
Toxic,Objet_12321
Corrosive,Objet_06323
Corrosive,Objet_13995
Fragile,Objet_00636
Fragile,Objet_10296
Flammable,Objet_15023
Explosive,Objet_15003
Pressurized,Objet_10481
Oxidizing,Objet_13600
Unspecified,Objet_07274
Corrosive,Objet_10383
Flammable,Objet_04275
Explosive,Objet_01509
Toxic,Objet_06754
Toxic,Objet_09380
Explosive,Objet_11571
Explosive,Objet_00173
Fragile,Objet_05119
Explosive,Objet_00550
Fragile,Objet_14887
Toxic,Objet_05351
Oxidizing,Objet_04630
Toxic,Objet_08656
Pressurized,Objet_07897
Flammable,Objet_10253
Explosive,Objet_13700
Explosive,Objet_10690
Pressurized,Objet_14844
Food,Objet_11701
Corrosive,Objet_09054
Toxic,Objet_14927
Explosive,Objet_02212
Explosive,Objet_11295
Oxidizing,Objet_12712
Radioactive,Objet_02546
Pressurized,Objet_05867
Unspecified,Objet_08518
Radioactive,Objet_09294
Food,Objet_14783
Radioactive,Objet_10288
Flammable,Objet_08542
Fragile,Objet_03721
Unspecified,Objet_13832
Radioactive,Objet_00371
Oxidizing,Objet_06015
Unspecified,Objet_10033
Unspecified,Objet_06608
Pressurized,Objet_14975
Fragile,Objet_07527
Flammable,Objet_14644
Fragile,Objet_10337
Pressurized,Objet_08273
Unspecified,Objet_01042
Fragile,Objet_11670
Unspecified,Objet_01957
Pressurized,Objet_03959
Flammable,Objet_06889
Pressurized,Objet_03076
Pressurized,Objet_08552
Food,Objet_02264
Unspecified,Objet_06745
Corrosive,Objet_12514
Toxic,Objet_13609
Explosive,Objet_05128
Corrosive,Objet_02470
Pressurized,Objet_04169
Fragile,Objet_04403
Radioactive,Objet_08676
Toxic,Objet_05281
Corrosive,Objet_00502
Corrosive,Objet_10251
Oxidizing,Objet_00648
Pressurized,Objet_00952
Toxic,Objet_03252
Flammable,Objet_03406
Radioactive,Objet_12246
Corrosive,Objet_12231
Fragile,Objet_01310
Toxic,Objet_02497
Fragile,Objet_13359
Food,Objet_04272
Pressurized,Objet_12654
Flammable,Objet_04949
Flammable,Objet_14739
Radioactive,Objet_08044
Toxic,Objet_14477
Food,Objet_10727
Flammable,Objet_08005
Toxic,Objet_04460
Pressurized,Objet_04389
Unspecified,Objet_12227
Fragile,Objet_09209
Food,Objet_12327
Radioactive,Objet_13186
Radioactive,Objet_09870
Pressurized,Objet_00261
Fragile,Objet_09076
Radioactive,Objet_07576
Explosive,Objet_05352
Flammable,Objet_01161
Explosive,Objet_14606
Flammable,Objet_11777
Unspecified,Objet_14868
Explosive,Objet_09136
Fragile,Objet_02845
Oxidizing,Objet_01666
Toxic,Objet_13420
Unspecified,Objet_15395
Corrosive,Objet_12088
Radioactive,Objet_11643
Food,Objet_03474
Explosive,Objet_15302
Fragile,Objet_14649
Unspecified,Objet_11363
Fragile,Objet_10729
Unspecified,Objet_02780
Toxic,Objet_00890
Pressurized,Objet_04335
Explosive,Objet_10260
Flammable,Objet_08837
Toxic,Objet_14715
Fragile,Objet_07673
Corrosive,Objet_13436
Oxidizing,Objet_15157
Corrosive,Objet_02154
Fragile,Objet_05603
Oxidizing,Objet_10977
Flammable,Objet_02289
Explosive,Objet_08945
Food,Objet_11346
Pressurized,Objet_05809
Explosive,Objet_10198
Explosive,Objet_10704
Food,Objet_09006
Toxic,Objet_10629
Explosive,Objet_02574
Food,Objet_10993
Oxidizing,Objet_05407
Oxidizing,Objet_09349
Toxic,Objet_04750
Toxic,Objet_08073
Oxidizing,Objet_06905
Oxidizing,Objet_15141
Flammable,Objet_14765
Corrosive,Objet_14580
Explosive,Objet_09810
Unspecified,Objet_14216
Fragile,Objet_02601
Food,Objet_12779
Unspecified,Objet_13199
Oxidizing,Objet_14005
Explosive,Objet_07061
Toxic,Objet_08453
Explosive,Objet_07560
Unspecified,Objet_14937
Fragile,Objet_05580
Oxidizing,Objet_13704
Radioactive,Objet_02884
Corrosive,Objet_11393
Flammable,Objet_06936
Radioactive,Objet_01870
Explosive,Objet_11420
Unspecified,Objet_01769
Explosive,Objet_14745
Flammable,Objet_12917
Unspecified,Objet_08334
Unspecified,Objet_06094
Corrosive,Objet_12629
Oxidizing,Objet_12139
Unspecified,Objet_01844
Corrosive,Objet_09309
Corrosive,Objet_14050
Pressurized,Objet_07565
Flammable,Objet_05331
Food,Objet_04693
Flammable,Objet_14325
Corrosive,Objet_08701
Corrosive,Objet_01089
Food,Objet_02890
Fragile,Objet_11044
Radioactive,Objet_01720
Corrosive,Objet_15249
Radioactive,Objet_06790
Toxic,Objet_04676
Unspecified,Objet_10618
Unspecified,Objet_15063
Fragile,Objet_09982
Unspecified,Objet_04866
Food,Objet_05486
Unspecified,Objet_13578
Corrosive,Objet_01263
Corrosive,Objet_00849
Food,Objet_01670
Unspecified,Objet_08285
Fragile,Objet_01227
Flammable,Objet_03246
Radioactive,Objet_00796
Flammable,Objet_03250
Corrosive,Objet_09983
Toxic,Objet_05406
Food,Objet_12499
Radioactive,Objet_11463
Fragile,Objet_00926
Flammable,Objet_02451
Corrosive,Objet_13686
Corrosive,Objet_03556
Unspecified,Objet_12310
Flammable,Objet_05817
Corrosive,Objet_05057
Flammable,Objet_10978
Radioactive,Objet_01879
Radioactive,Objet_11867
Oxidizing,Objet_02453
Radioactive,Objet_03642
Pressurized,Objet_02450
Food,Objet_05662
Food,Objet_08099
Explosive,Objet_15152
Explosive,Objet_04987
Pressurized,Objet_15415
Fragile,Objet_09923
Unspecified,Objet_01128
Pressurized,Objet_03644
Corrosive,Objet_02141
Explosive,Objet_12938
Oxidizing,Objet_12373
Flammable,Objet_02955
Food,Objet_12599
Explosive,Objet_13900
Flammable,Objet_11202
Food,Objet_14165
Unspecified,Objet_14582
Oxidizing,Objet_02254
Fragile,Objet_02722
Oxidizing,Objet_08338
Food,Objet_03329
Fragile,Objet_10179
Corrosive,Objet_02399
Fragile,Objet_12850
Pressurized,Objet_14878
Corrosive,Objet_10133
Pressurized,Objet_12234
Toxic,Objet_03063
Corrosive,Objet_04707
Toxic,Objet_03801
Unspecified,Objet_01806
Toxic,Objet_14533
Unspecified,Objet_07143
Fragile,Objet_10336
Food,Objet_04579
Fragile,Objet_10970
Corrosive,Objet_00143
Food,Objet_11874
Radioactive,Objet_00601
Toxic,Objet_11042
Flammable,Objet_05255
Toxic,Objet_07708
Flammable,Objet_01981
Food,Objet_08363
Food,Objet_05744
Corrosive,Objet_13274
Explosive,Objet_01348
Fragile,Objet_11114
Radioactive,Objet_08666
Oxidizing,Objet_11676
Flammable,Objet_15324
Flammable,Objet_06369
Flammable,Objet_11003
Food,Objet_05111
Explosive,Objet_14614
Pressurized,Objet_15350
Flammable,Objet_13664
Toxic,Objet_02391
Flammable,Objet_09752
Toxic,Objet_09350
Radioactive,Objet_14976
Flammable,Objet_12156
Food,Objet_08277
Flammable,Objet_05205
Corrosive,Objet_10736
Oxidizing,Objet_06255
Toxic,Objet_05498
Corrosive,Objet_05673
Oxidizing,Objet_04881
Flammable,Objet_03863
Oxidizing,Objet_01695
Food,Objet_00908
Food,Objet_05408
Oxidizing,Objet_02375
Explosive,Objet_00367
Toxic,Objet_10966
Food,Objet_04205
Explosive,Objet_04155
Unspecified,Objet_11879
Flammable,Objet_00182
Toxic,Objet_00788
Corrosive,Objet_08166
Fragile,Objet_13580
Toxic,Objet_08758
Flammable,Objet_11732
Fragile,Objet_13658
Corrosive,Objet_06568
Radioactive,Objet_10869
Oxidizing,Objet_10362
Oxidizing,Objet_05230
Flammable,Objet_11921
Unspecified,Objet_09554
Oxidizing,Objet_12639
Flammable,Objet_00057
Unspecified,Objet_06216
Oxidizing,Objet_07225
Radioactive,Objet_11911
Radioactive,Objet_12073
Flammable,Objet_15425
Pressurized,Objet_15231
Flammable,Objet_00327
Toxic,Objet_08163
Explosive,Objet_10882
Explosive,Objet_00932
Oxidizing,Objet_12976
Flammable,Objet_14142
Explosive,Objet_06551
Flammable,Objet_06151
Pressurized,Objet_04572
Corrosive,Objet_12584
Corrosive,Objet_00447
Corrosive,Objet_03569
Unspecified,Objet_15219
Pressurized,Objet_12793
Explosive,Objet_11748
Oxidizing,Objet_14223
Fragile,Objet_01195
Pressurized,Objet_04062
Explosive,Objet_12342
Oxidizing,Objet_04018
Pressurized,Objet_05215
Oxidizing,Objet_12275
Corrosive,Objet_04904
Food,Objet_03867
Unspecified,Objet_12336
Radioactive,Objet_12628
Fragile,Objet_01939
Oxidizing,Objet_03610
Radioactive,Objet_10014
Pressurized,Objet_07161
Unspecified,Objet_10355
Unspecified,Objet_02858
Explosive,Objet_07575
Radioactive,Objet_13557
Pressurized,Objet_14449
Corrosive,Objet_04767
Oxidizing,Objet_14443
Flammable,Objet_06609
Corrosive,Objet_10321
Flammable,Objet_11944
Fragile,Objet_01927
Unspecified,Objet_07092
Toxic,Objet_00022
Pressurized,Objet_07821
Corrosive,Objet_05139
Unspecified,Objet_04380
Flammable,Objet_11660
Corrosive,Objet_11249
Toxic,Objet_09169
Corrosive,Objet_08293
Radioactive,Objet_07601
Radioactive,Objet_13906
Fragile,Objet_04179
Pressurized,Objet_08025
Radioactive,Objet_13898
Corrosive,Objet_00771
Explosive,Objet_01452
Radioactive,Objet_09024
Flammable,Objet_12867
Unspecified,Objet_15468
Radioactive,Objet_11408
Explosive,Objet_01688
Radioactive,Objet_12971
Fragile,Objet_02094
Unspecified,Objet_12582
Oxidizing,Objet_05186
Explosive,Objet_07669
Radioactive,Objet_12746
Pressurized,Objet_14418
Toxic,Objet_13774
Corrosive,Objet_00485
Oxidizing,Objet_05957
Pressurized,Objet_02331
Fragile,Objet_15126
Corrosive,Objet_12661
Toxic,Objet_13350
Corrosive,Objet_02998
Radioactive,Objet_01423
Pressurized,Objet_02435
Radioactive,Objet_07133
Fragile,Objet_08551
Fragile,Objet_14463
Flammable,Objet_03354
Unspecified,Objet_10616
Toxic,Objet_01890
Explosive,Objet_10755
Corrosive,Objet_10952
Toxic,Objet_02405
Fragile,Objet_09861
Food,Objet_10499
Corrosive,Objet_01378
Food,Objet_07068
Unspecified,Objet_03271
Pressurized,Objet_03780
Radioactive,Objet_11017
Unspecified,Objet_06458
Fragile,Objet_03073
Unspecified,Objet_04008
Food,Objet_13105
Radioactive,Objet_09148
Toxic,Objet_10077
Pressurized,Objet_04424
Explosive,Objet_03085
Radioactive,Objet_02907
Oxidizing,Objet_06005
Toxic,Objet_14585
Explosive,Objet_00994
Fragile,Objet_11442
Food,Objet_03952
Food,Objet_06502
Toxic,Objet_06488
Food,Objet_15367
Unspecified,Objet_07069
Toxic,Objet_01291
Toxic,Objet_11332
Fragile,Objet_00925
Oxidizing,Objet_12807
Corrosive,Objet_07282
Flammable,Objet_10722
Unspecified,Objet_12571
Explosive,Objet_12030
Pressurized,Objet_03110
Fragile,Objet_14208
Fragile,Objet_01717
Fragile,Objet_14417
Flammable,Objet_03490
Explosive,Objet_06375
Explosive,Objet_15240
Fragile,Objet_02419
Corrosive,Objet_06507
Flammable,Objet_00761
Fragile,Objet_06391
Explosive,Objet_03217
Pressurized,Objet_06848
Flammable,Objet_05069
Toxic,Objet_08595
Oxidizing,Objet_10573
Unspecified,Objet_08553
Flammable,Objet_03109
Corrosive,Objet_00382
Fragile,Objet_06863
Radioactive,Objet_03530
Oxidizing,Objet_00436
Food,Objet_02633
Unspecified,Objet_13723
Radioactive,Objet_06585
Radioactive,Objet_05989
Pressurized,Objet_01646
Fragile,Objet_09149
Pressurized,Objet_00847
Explosive,Objet_00780
Oxidizing,Objet_02213
Toxic,Objet_00483
Fragile,Objet_10985
Fragile,Objet_04157
Oxidizing,Objet_12104
Food,Objet_03856
Unspecified,Objet_09435
Food,Objet_08573
Food,Objet_08129
Oxidizing,Objet_03139
Radioactive,Objet_09127
Food,Objet_13859
Explosive,Objet_11413
Corrosive,Objet_11243
Fragile,Objet_14082
Corrosive,Objet_15420
Radioactive,Objet_04476
Fragile,Objet_08638
Unspecified,Objet_06189
Pressurized,Objet_03612
Unspecified,Objet_14106
Pressurized,Objet_02511
Unspecified,Objet_14797
Food,Objet_01462
Fragile,Objet_09402
Flammable,Objet_05360
Unspecified,Objet_14030
Pressurized,Objet_06274
Food,Objet_03992
Fragile,Objet_13625
Food,Objet_00730
Toxic,Objet_02286
Toxic,Objet_14569
Pressurized,Objet_07070
Explosive,Objet_01430
Oxidizing,Objet_08405
Corrosive,Objet_11321
Radioactive,Objet_11487
Radioactive,Objet_03998
Unspecified,Objet_08632
Flammable,Objet_01521
Pressurized,Objet_06645
Flammable,Objet_11481
Oxidizing,Objet_02140
Unspecified,Objet_03987
Oxidizing,Objet_14421
Oxidizing,Objet_12975
Explosive,Objet_06395
Radioactive,Objet_11975
Radioactive,Objet_14954
Radioactive,Objet_06262
Explosive,Objet_06183
Fragile,Objet_10089
Unspecified,Objet_04039
Food,Objet_02301
Fragile,Objet_14924
Pressurized,Objet_09073
Pressurized,Objet_14222
Oxidizing,Objet_14237
Toxic,Objet_00581
Oxidizing,Objet_04974
Radioactive,Objet_05865
Corrosive,Objet_12714
Flammable,Objet_12498
Food,Objet_04111
Pressurized,Objet_10992
Radioactive,Objet_09845
Corrosive,Objet_13478
Fragile,Objet_10683
Fragile,Objet_09060
Explosive,Objet_02404
Corrosive,Objet_14435
Explosive,Objet_15005
Corrosive,Objet_05359
Unspecified,Objet_12711
Food,Objet_07946
Toxic,Objet_07412
Radioactive,Objet_03851
Flammable,Objet_00107
Toxic,Objet_03579
Oxidizing,Objet_01104
Pressurized,Objet_13516
Flammable,Objet_06019
Fragile,Objet_00526
Oxidizing,Objet_08780
Toxic,Objet_13858
Toxic,Objet_03129
Corrosive,Objet_08750
Fragile,Objet_10842
Explosive,Objet_08694
Radioactive,Objet_02825
Fragile,Objet_07567
Unspecified,Objet_08824
Pressurized,Objet_12681
Corrosive,Objet_11637
Fragile,Objet_03630
Oxidizing,Objet_07124
Corrosive,Objet_08452
Unspecified,Objet_10369
Oxidizing,Objet_13224
Unspecified,Objet_14986
Radioactive,Objet_12248
Toxic,Objet_03199
Explosive,Objet_08159
Food,Objet_03131
Radioactive,Objet_02039
Toxic,Objet_00937
Flammable,Objet_14816
Explosive,Objet_11138
Corrosive,Objet_04574
Oxidizing,Objet_07183
Food,Objet_10039
Oxidizing,Objet_08050
Unspecified,Objet_13283
Fragile,Objet_12197
Food,Objet_07678
Oxidizing,Objet_07483
Food,Objet_05477
Explosive,Objet_10647
Radioactive,Objet_09594
Fragile,Objet_10316
Toxic,Objet_07081
Pressurized,Objet_01199
Corrosive,Objet_06446
Pressurized,Objet_07488
Toxic,Objet_10474
Pressurized,Objet_11523
Flammable,Objet_01433
Food,Objet_03400
Pressurized,Objet_11513
Corrosive,Objet_09714
Pressurized,Objet_05607
Oxidizing,Objet_09573
Corrosive,Objet_14863
Toxic,Objet_09626
Radioactive,Objet_02437
Unspecified,Objet_00291
Explosive,Objet_06711
Unspecified,Objet_03620
Radioactive,Objet_00144
Oxidizing,Objet_13685
Unspecified,Objet_05573
Unspecified,Objet_03602
Oxidizing,Objet_00285
Corrosive,Objet_06024
Fragile,Objet_09277
Radioactive,Objet_06164
Pressurized,Objet_06617
Flammable,Objet_08373
Corrosive,Objet_01523
Oxidizing,Objet_07539
Radioactive,Objet_04766
Toxic,Objet_09553
Oxidizing,Objet_06825
Flammable,Objet_05593
Flammable,Objet_01882
Explosive,Objet_13308
Radioactive,Objet_14213
Fragile,Objet_03514
Unspecified,Objet_05208
Oxidizing,Objet_13468
Toxic,Objet_01918
Corrosive,Objet_06841
Fragile,Objet_10518
Flammable,Objet_01193
Corrosive,Objet_06489
Toxic,Objet_05829
Radioactive,Objet_10418
Unspecified,Objet_14956
Explosive,Objet_12039
Fragile,Objet_14252
Explosive,Objet_10604
Pressurized,Objet_04130
Pressurized,Objet_08009
Oxidizing,Objet_09058
Food,Objet_15056
Fragile,Objet_12980
Pressurized,Objet_03860
Pressurized,Objet_03679
Explosive,Objet_07964
Food,Objet_06210
Oxidizing,Objet_07763
Corrosive,Objet_09176
Corrosive,Objet_05227
Toxic,Objet_09020
Flammable,Objet_10927
Explosive,Objet_09787
Toxic,Objet_14132
Corrosive,Objet_12820
Fragile,Objet_06681
Unspecified,Objet_00643
Toxic,Objet_10191
Pressurized,Objet_04738
Explosive,Objet_13696
Fragile,Objet_06945
Toxic,Objet_15107
Food,Objet_14666
Fragile,Objet_09504
Pressurized,Objet_05784
Flammable,Objet_05962
Corrosive,Objet_01638
Toxic,Objet_09474
Unspecified,Objet_12226
Toxic,Objet_11217
Unspecified,Objet_12707
Food,Objet_01634
Pressurized,Objet_14471
Food,Objet_14113
Explosive,Objet_10017
Explosive,Objet_12359
Radioactive,Objet_10909
Explosive,Objet_07116
Food,Objet_09666
Radioactive,Objet_03876
Unspecified,Objet_13833
Corrosive,Objet_02144
Corrosive,Objet_13943
Fragile,Objet_03070
Radioactive,Objet_07121
Oxidizing,Objet_03570
Flammable,Objet_00741
Pressurized,Objet_03321
Explosive,Objet_07367
Pressurized,Objet_14409
Food,Objet_02662
Fragile,Objet_02840
Oxidizing,Objet_06842
Unspecified,Objet_10046
Oxidizing,Objet_04932
Food,Objet_00514
Corrosive,Objet_08190
Oxidizing,Objet_14604
Pressurized,Objet_06930
Pressurized,Objet_14306
Explosive,Objet_02785
Explosive,Objet_08449
Fragile,Objet_13754
Food,Objet_07342
Pressurized,Objet_06523
Food,Objet_07343
Flammable,Objet_12129
Fragile,Objet_12426
Explosive,Objet_00062
Unspecified,Objet_14611
Corrosive,Objet_06058
Unspecified,Objet_06143
Pressurized,Objet_12901
Corrosive,Objet_08788
Unspecified,Objet_06061
Explosive,Objet_02043
Unspecified,Objet_15052
Food,Objet_08321
Explosive,Objet_01788
Oxidizing,Objet_01969
Explosive,Objet_04234
Fragile,Objet_14933
Flammable,Objet_04994
Unspecified,Objet_09453
Pressurized,Objet_12352
Corrosive,Objet_10905
Food,Objet_03581
Oxidizing,Objet_13107
Fragile,Objet_02119
Flammable,Objet_00951
Fragile,Objet_06650
Toxic,Objet_05774
Radioactive,Objet_00264
Pressurized,Objet_08255
Toxic,Objet_00755
Toxic,Objet_13998
Toxic,Objet_07742
Oxidizing,Objet_00428
Unspecified,Objet_11094
Fragile,Objet_04015
Radioactive,Objet_10946
Oxidizing,Objet_09697
Flammable,Objet_12322
Toxic,Objet_06560
Flammable,Objet_12393
Corrosive,Objet_02287
Fragile,Objet_02695
Unspecified,Objet_03505
Corrosive,Objet_04095
Pressurized,Objet_10747
Radioactive,Objet_11414
Food,Objet_13951
Unspecified,Objet_07415
Explosive,Objet_06550
Flammable,Objet_05663
Toxic,Objet_00857
Explosive,Objet_05357
Pressurized,Objet_11792
Toxic,Objet_11467
Explosive,Objet_02369
Radioactive,Objet_07948
Toxic,Objet_12876
Food,Objet_15226
Corrosive,Objet_07777
Oxidizing,Objet_10863
Oxidizing,Objet_05944
Explosive,Objet_13408
Unspecified,Objet_10848
Oxidizing,Objet_14851
Pressurized,Objet_01455
Unspecified,Objet_13336
Flammable,Objet_05097
Flammable,Objet_02953
Unspecified,Objet_07608
Pressurized,Objet_09448
Toxic,Objet_04874
Radioactive,Objet_10511
Oxidizing,Objet_08565
Fragile,Objet_11845
Corrosive,Objet_11377
Unspecified,Objet_11447
Explosive,Objet_02420
Explosive,Objet_13975
Toxic,Objet_00814
Unspecified,Objet_10965
Unspecified,Objet_12116
Fragile,Objet_10933
Food,Objet_04795
Food,Objet_13326
Unspecified,Objet_04178
Explosive,Objet_07098
Radioactive,Objet_11356
Pressurized,Objet_00201
Radioactive,Objet_02306
Radioactive,Objet_09087
Food,Objet_06381
Food,Objet_14934
Radioactive,Objet_01103
Toxic,Objet_06917
Corrosive,Objet_14909
Pressurized,Objet_15159
Radioactive,Objet_04865
Flammable,Objet_01960
Corrosive,Objet_10526
Flammable,Objet_14074
Food,Objet_15195
Flammable,Objet_04151
Toxic,Objet_06273
Fragile,Objet_10660
Radioactive,Objet_01868
Radioactive,Objet_09298
Corrosive,Objet_04717
Food,Objet_05815
Fragile,Objet_03285
Radioactive,Objet_07031
Explosive,Objet_12488
Radioactive,Objet_00726
Pressurized,Objet_14220
Unspecified,Objet_09669
Oxidizing,Objet_04251
Flammable,Objet_06929
Unspecified,Objet_13000
Food,Objet_09643
Unspecified,Objet_09568
Oxidizing,Objet_09530
Corrosive,Objet_06601
Fragile,Objet_10705
Pressurized,Objet_02681
Toxic,Objet_09385
Toxic,Objet_03844
Food,Objet_04926
Oxidizing,Objet_08165
Explosive,Objet_07656
Explosive,Objet_15089
Oxidizing,Objet_02106
Corrosive,Objet_14548
Food,Objet_04099
Corrosive,Objet_08884
Flammable,Objet_10545
Corrosive,Objet_12692
Flammable,Objet_01712
Toxic,Objet_12883
Pressurized,Objet_11023
Explosive,Objet_01834
Food,Objet_09156
Oxidizing,Objet_06769
Fragile,Objet_14766
Pressurized,Objet_00552
Food,Objet_08550
Radioactive,Objet_03821
Radioactive,Objet_02187
Radioactive,Objet_05697
Oxidizing,Objet_12567
Oxidizing,Objet_06247
Radioactive,Objet_10875
Toxic,Objet_13572
Flammable,Objet_04769
Oxidizing,Objet_09843
Food,Objet_04573
Pressurized,Objet_12155
Pressurized,Objet_04989
Toxic,Objet_15414
Pressurized,Objet_07694
Flammable,Objet_13148
Pressurized,Objet_01234
Flammable,Objet_09595
Flammable,Objet_09932
Flammable,Objet_06853
Fragile,Objet_13862
Corrosive,Objet_01185
Flammable,Objet_10641
Oxidizing,Objet_10067
Flammable,Objet_05133
Food,Objet_10079
Radioactive,Objet_05455
Food,Objet_13883
Corrosive,Objet_11273
Pressurized,Objet_02542
Corrosive,Objet_11230
Corrosive,Objet_02503
Pressurized,Objet_12927
Unspecified,Objet_00654
Explosive,Objet_14139
Pressurized,Objet_14345
Pressurized,Objet_10894
Explosive,Objet_03658
Food,Objet_09194
Pressurized,Objet_13161
Explosive,Objet_07561
Unspecified,Objet_02821
Explosive,Objet_09970
Toxic,Objet_07315
Corrosive,Objet_01387
Oxidizing,Objet_07970
Food,Objet_12799
Fragile,Objet_02797
Food,Objet_03202
Pressurized,Objet_05464
Unspecified,Objet_10218
Radioactive,Objet_09559
Radioactive,Objet_04011
Pressurized,Objet_10667
Pressurized,Objet_07135
Toxic,Objet_06926
Radioactive,Objet_13182
Oxidizing,Objet_04061
Corrosive,Objet_05571
Corrosive,Objet_09806
Radioactive,Objet_07416
Explosive,Objet_13787
Food,Objet_01207
Oxidizing,Objet_08725
Food,Objet_05077
Explosive,Objet_09686
Flammable,Objet_01337
Oxidizing,Objet_03645
Corrosive,Objet_04563
Fragile,Objet_08028
Flammable,Objet_12486
Explosive,Objet_10403
Pressurized,Objet_10315
Unspecified,Objet_08060
Explosive,Objet_07296
Explosive,Objet_05676
Unspecified,Objet_14466
Toxic,Objet_04177
Fragile,Objet_04390
Pressurized,Objet_13189
Food,Objet_04953
Flammable,Objet_10950
Toxic,Objet_04946
Oxidizing,Objet_10343
Corrosive,Objet_06739
Fragile,Objet_05247
Pressurized,Objet_01372
Fragile,Objet_12522
Fragile,Objet_00676
Oxidizing,Objet_06959
Radioactive,Objet_08346
Radioactive,Objet_04978
Radioactive,Objet_08574
Fragile,Objet_12537
Corrosive,Objet_12503
Oxidizing,Objet_09782
Flammable,Objet_07688
Flammable,Objet_06137
Unspecified,Objet_07437
Oxidizing,Objet_12427
Oxidizing,Objet_10567
Fragile,Objet_13034
Explosive,Objet_02042
Flammable,Objet_09414
Flammable,Objet_13778
Oxidizing,Objet_08217
Fragile,Objet_10621
Fragile,Objet_03955
Explosive,Objet_01146
Oxidizing,Objet_04376
Pressurized,Objet_04076
Explosive,Objet_03462
Radioactive,Objet_15450
Toxic,Objet_10958
Corrosive,Objet_14523
Flammable,Objet_07208
Oxidizing,Objet_09601
Flammable,Objet_02302
Explosive,Objet_10431
Fragile,Objet_14112
Flammable,Objet_11195
Radioactive,Objet_03706
Toxic,Objet_12715
Unspecified,Objet_03486
Corrosive,Objet_10217
Pressurized,Objet_01621
Explosive,Objet_05685
Corrosive,Objet_09175
Food,Objet_01850
Fragile,Objet_06625
Unspecified,Objet_08031
Unspecified,Objet_00736
Oxidizing,Objet_15448
Pressurized,Objet_09218
Toxic,Objet_15391
Flammable,Objet_14589
Explosive,Objet_01150
Flammable,Objet_14031
Flammable,Objet_09541
Flammable,Objet_11374
Food,Objet_14911
Pressurized,Objet_14316
Oxidizing,Objet_11873
Flammable,Objet_09067
Unspecified,Objet_14753
Fragile,Objet_02245
Flammable,Objet_00299
Flammable,Objet_13453
Explosive,Objet_05767
Oxidizing,Objet_14516
Explosive,Objet_07446
Oxidizing,Objet_06428
Explosive,Objet_09490
Fragile,Objet_09688
Fragile,Objet_05266
Food,Objet_05731
Flammable,Objet_03835
Explosive,Objet_02436
Unspecified,Objet_00896
Explosive,Objet_11155
Toxic,Objet_09795
Explosive,Objet_12716
Unspecified,Objet_03765
Unspecified,Objet_09613
Oxidizing,Objet_03506
Flammable,Objet_05450
Unspecified,Objet_00825
Explosive,Objet_12067
Fragile,Objet_14248
Oxidizing,Objet_02322
Oxidizing,Objet_02793
Radioactive,Objet_15397
Flammable,Objet_01481
Oxidizing,Objet_03838
Unspecified,Objet_03917
Corrosive,Objet_11012
Food,Objet_13238
Radioactive,Objet_03417
Explosive,Objet_05471
Explosive,Objet_01064
Explosive,Objet_01839
Fragile,Objet_09548
Unspecified,Objet_05826
Radioactive,Objet_02429
Corrosive,Objet_15123
Radioactive,Objet_01934
Explosive,Objet_07269
Pressurized,Objet_10586
Pressurized,Objet_15396
Food,Objet_03144
Unspecified,Objet_00301
Fragile,Objet_09720
Food,Objet_10458
Flammable,Objet_02935
Radioactive,Objet_14365
Pressurized,Objet_13127
Radioactive,Objet_07990
Flammable,Objet_10349
Fragile,Objet_11579
Toxic,Objet_13134
Fragile,Objet_05649
Explosive,Objet_08933
Food,Objet_05757
Food,Objet_12013
Flammable,Objet_07106
Toxic,Objet_10890
Fragile,Objet_15327
Fragile,Objet_00134
Food,Objet_06637
Toxic,Objet_01361
Flammable,Objet_13573
Radioactive,Objet_06199
Explosive,Objet_07232
Food,Objet_11720
Flammable,Objet_00119
Radioactive,Objet_04198
Food,Objet_09825
Flammable,Objet_09201
Unspecified,Objet_00973
Explosive,Objet_04364
Pressurized,Objet_03609
Oxidizing,Objet_14287
Unspecified,Objet_06028
Pressurized,Objet_00512
Corrosive,Objet_07679
Food,Objet_00713
Fragile,Objet_04128
Radioactive,Objet_00793
Unspecified,Objet_10281
Toxic,Objet_09536
Unspecified,Objet_07808
Toxic,Objet_08451
Pressurized,Objet_00899
Food,Objet_12377
Corrosive,Objet_09864
Fragile,Objet_12313
Corrosive,Objet_14590
Pressurized,Objet_10744
Toxic,Objet_08026
Radioactive,Objet_02073
Pressurized,Objet_00739
Fragile,Objet_05465
Radioactive,Objet_13038
Food,Objet_13793
Flammable,Objet_04790
Oxidizing,Objet_09671
Food,Objet_02559
Food,Objet_08700
Oxidizing,Objet_05414
Flammable,Objet_14013
Oxidizing,Objet_03043
Toxic,Objet_10962
Pressurized,Objet_12380
Unspecified,Objet_05114
Oxidizing,Objet_04386
Oxidizing,Objet_04583
Oxidizing,Objet_09627
Explosive,Objet_13055
Flammable,Objet_09607
Fragile,Objet_11428
Explosive,Objet_10245
Pressurized,Objet_08743
Pressurized,Objet_05418
Food,Objet_10510
Pressurized,Objet_14829
Radioactive,Objet_13491
Corrosive,Objet_02641
Food,Objet_02104
Unspecified,Objet_08156
Toxic,Objet_12637
Pressurized,Objet_02472
Corrosive,Objet_00969
Unspecified,Objet_14200
Fragile,Objet_04592
Explosive,Objet_13752
Flammable,Objet_08478
Pressurized,Objet_08386
Unspecified,Objet_00070
Corrosive,Objet_07165
Fragile,Objet_11000
Radioactive,Objet_10696
Oxidizing,Objet_06636
Oxidizing,Objet_02426
Flammable,Objet_13503
Fragile,Objet_03906
Unspecified,Objet_02265
Food,Objet_07811
Unspecified,Objet_09248
Toxic,Objet_11503
Radioactive,Objet_01726
Radioactive,Objet_07832
Fragile,Objet_10678
Food,Objet_11860
Fragile,Objet_04869
Explosive,Objet_02411
Unspecified,Objet_07469
Unspecified,Objet_13081
Corrosive,Objet_04901
Explosive,Objet_01286
Radioactive,Objet_04673
Flammable,Objet_00881
Toxic,Objet_06437
Corrosive,Objet_12370
Explosive,Objet_06411
Unspecified,Objet_00876
Radioactive,Objet_06938
Flammable,Objet_06469
Fragile,Objet_04721
Corrosive,Objet_06843
Toxic,Objet_10898
Pressurized,Objet_10078
Explosive,Objet_09098
Food,Objet_04404
Food,Objet_11082
Oxidizing,Objet_11164
Oxidizing,Objet_12621
Explosive,Objet_01514
Oxidizing,Objet_13437
Corrosive,Objet_14008
Fragile,Objet_06530
Radioactive,Objet_15422
Toxic,Objet_10027
Fragile,Objet_04518
Unspecified,Objet_05296
Explosive,Objet_00245
Oxidizing,Objet_08817
Corrosive,Objet_11524
Flammable,Objet_11625
Toxic,Objet_10611
Radioactive,Objet_11116
Corrosive,Objet_07710
Oxidizing,Objet_09154
Explosive,Objet_13352
Food,Objet_03761
Corrosive,Objet_00017
Radioactive,Objet_01559
Flammable,Objet_09924
Food,Objet_11983
Unspecified,Objet_04985
Toxic,Objet_13863
Corrosive,Objet_02547
Unspecified,Objet_14777
Radioactive,Objet_05095
Flammable,Objet_14250
Corrosive,Objet_01474
Unspecified,Objet_08204
Radioactive,Objet_10169
Fragile,Objet_02032
Explosive,Objet_09832
Flammable,Objet_08949
Pressurized,Objet_08012
Fragile,Objet_13887
Unspecified,Objet_09968
Flammable,Objet_10295
Flammable,Objet_01948
Pressurized,Objet_03518
Oxidizing,Objet_01035
Pressurized,Objet_10697
Corrosive,Objet_08577
Flammable,Objet_08112
Oxidizing,Objet_08016
Unspecified,Objet_03925
Unspecified,Objet_08208
Fragile,Objet_00410
Oxidizing,Objet_02796
Toxic,Objet_14524
Fragile,Objet_11072
Explosive,Objet_11280
Unspecified,Objet_02305
Unspecified,Objet_13627
Oxidizing,Objet_03558
Corrosive,Objet_04607
Corrosive,Objet_01604
Unspecified,Objet_14092
Radioactive,Objet_13601
Food,Objet_04088
Radioactive,Objet_10726
Explosive,Objet_10446
Food,Objet_02355
Corrosive,Objet_03908
Flammable,Objet_11402
Explosive,Objet_08645
Explosive,Objet_03804
Corrosive,Objet_04634
Explosive,Objet_00805
Explosive,Objet_05836
Corrosive,Objet_15228
Oxidizing,Objet_01525
Food,Objet_00336
Food,Objet_01739
Unspecified,Objet_03648
Food,Objet_04770
Food,Objet_01040
Oxidizing,Objet_04220
Radioactive,Objet_11827
Oxidizing,Objet_11220
Flammable,Objet_13176
Flammable,Objet_07935
Oxidizing,Objet_09084
Flammable,Objet_07637
Radioactive,Objet_08367
Oxidizing,Objet_05901
Radioactive,Objet_09228
Toxic,Objet_07625
Toxic,Objet_09823
Unspecified,Objet_07621
Radioactive,Objet_02173
Toxic,Objet_08658
Fragile,Objet_08127
Pressurized,Objet_07032
Pressurized,Objet_13007
Corrosive,Objet_10224
Toxic,Objet_11359
Corrosive,Objet_14780
Oxidizing,Objet_09455
Unspecified,Objet_05199
Flammable,Objet_13893
Pressurized,Objet_03194
Pressurized,Objet_09800
Flammable,Objet_03044
Toxic,Objet_08709
Food,Objet_08698
Food,Objet_10188
Unspecified,Objet_09065
Explosive,Objet_03636
Fragile,Objet_07760
Explosive,Objet_10609
Unspecified,Objet_11511
Toxic,Objet_07362
Fragile,Objet_10752
Food,Objet_11906
Radioactive,Objet_13135
Flammable,Objet_00791
Explosive,Objet_13011
Toxic,Objet_01503
Unspecified,Objet_11226
Unspecified,Objet_09612
Corrosive,Objet_09854
Food,Objet_11013
Corrosive,Objet_13413
Pressurized,Objet_04784
Fragile,Objet_00108
Fragile,Objet_06674
Explosive,Objet_15199
Flammable,Objet_09172
Food,Objet_12905
Food,Objet_00773
Explosive,Objet_01713
Pressurized,Objet_14028
Toxic,Objet_14401
Fragile,Objet_13345
Oxidizing,Objet_12939
Toxic,Objet_09407
Flammable,Objet_05295
Explosive,Objet_09310
Flammable,Objet_04593
Pressurized,Objet_07492
Explosive,Objet_14963
Corrosive,Objet_04517
Radioactive,Objet_05198
Radioactive,Objet_02686
Explosive,Objet_10302
Pressurized,Objet_06897
Unspecified,Objet_05264
Toxic,Objet_12689
Corrosive,Objet_06409
Fragile,Objet_00748
Pressurized,Objet_09457
Corrosive,Objet_15205
Explosive,Objet_01218
Explosive,Objet_14788
Oxidizing,Objet_14696
Toxic,Objet_12305
Oxidizing,Objet_06517
Unspecified,Objet_00391
Fragile,Objet_00129
Fragile,Objet_06417
Corrosive,Objet_12471
Pressurized,Objet_13678
Oxidizing,Objet_08992
Toxic,Objet_05960
Radioactive,Objet_11838
Explosive,Objet_03599
Oxidizing,Objet_09330
Explosive,Objet_07944
Unspecified,Objet_07243
Toxic,Objet_04523
Explosive,Objet_10247
Unspecified,Objet_02680
Flammable,Objet_07333
Toxic,Objet_02495
Pressurized,Objet_00321
Unspecified,Objet_14403
Explosive,Objet_07039
Flammable,Objet_08403
Flammable,Objet_05158
Radioactive,Objet_09143
Unspecified,Objet_03379
Unspecified,Objet_11119
Oxidizing,Objet_11650
Oxidizing,Objet_01065
Oxidizing,Objet_11577
Radioactive,Objet_07332
Food,Objet_02772
Radioactive,Objet_11710
Toxic,Objet_15124
Food,Objet_04497
Radioactive,Objet_05475
Pressurized,Objet_07408
Radioactive,Objet_01029
Flammable,Objet_08591
Food,Objet_11137
Explosive,Objet_12643
Flammable,Objet_07937
Flammable,Objet_03232
Food,Objet_07896
Pressurized,Objet_15022
Corrosive,Objet_04624
Oxidizing,Objet_03467
Unspecified,Objet_04024
Oxidizing,Objet_15388
Explosive,Objet_03465
Radioactive,Objet_12962
Food,Objet_13562
Oxidizing,Objet_08875
Food,Objet_04449
Fragile,Objet_02597
Unspecified,Objet_03116
Unspecified,Objet_09546
Explosive,Objet_15464
Pressurized,Objet_02558
Unspecified,Objet_03859
Oxidizing,Objet_12389
Fragile,Objet_07309
Toxic,Objet_09130
Oxidizing,Objet_12526
Oxidizing,Objet_01776
Pressurized,Objet_06442
Toxic,Objet_06641
Radioactive,Objet_14755
Unspecified,Objet_10428
Oxidizing,Objet_10006
Unspecified,Objet_04501
Pressurized,Objet_04525
Unspecified,Objet_12314
Toxic,Objet_01609
Unspecified,Objet_06860
Flammable,Objet_08768
Pressurized,Objet_11824
Radioactive,Objet_04928
Explosive,Objet_05595
Pressurized,Objet_14346
Corrosive,Objet_10730
Food,Objet_05594
Pressurized,Objet_03729
Food,Objet_00491
Pressurized,Objet_09514
Fragile,Objet_08389
Fragile,Objet_11711
Pressurized,Objet_03134
Flammable,Objet_04871
Food,Objet_10924
Corrosive,Objet_13629
Oxidizing,Objet_10619
Unspecified,Objet_07500
Oxidizing,Objet_06597
Corrosive,Objet_10975
Pressurized,Objet_12026
Fragile,Objet_05377
Explosive,Objet_07125
Explosive,Objet_06312
Fragile,Objet_02666
Flammable,Objet_10347
Corrosive,Objet_11610
Explosive,Objet_12558
Unspecified,Objet_11146
Unspecified,Objet_11799
Pressurized,Objet_07746
Unspecified,Objet_02060
Oxidizing,Objet_01124
Corrosive,Objet_14925
Toxic,Objet_04863
Unspecified,Objet_07740
Radioactive,Objet_05521
Food,Objet_02747
Corrosive,Objet_05762
Pressurized,Objet_00777
Fragile,Objet_15033
Oxidizing,Objet_08675
Oxidizing,Objet_10010
Explosive,Objet_01825
Oxidizing,Objet_13865
Food,Objet_14437
Explosive,Objet_03015
Oxidizing,Objet_10163
Corrosive,Objet_05231
Food,Objet_13154
Oxidizing,Objet_04588
Toxic,Objet_06928
Pressurized,Objet_12610
Corrosive,Objet_07973
Corrosive,Objet_15287
Oxidizing,Objet_10071
Fragile,Objet_10305
Pressurized,Objet_04458
Unspecified,Objet_00775
Toxic,Objet_13058
Corrosive,Objet_08971
Explosive,Objet_04229
Food,Objet_06057
Toxic,Objet_03980
Oxidizing,Objet_09314
Oxidizing,Objet_10764
Flammable,Objet_03989
Oxidizing,Objet_01277
Flammable,Objet_14856
Food,Objet_06190
Unspecified,Objet_14942
Explosive,Objet_11630
Explosive,Objet_11198
Pressurized,Objet_02474
Corrosive,Objet_14156
Toxic,Objet_14379
Explosive,Objet_09576
Fragile,Objet_07902
Flammable,Objet_08467
Unspecified,Objet_00889
Unspecified,Objet_11985
Pressurized,Objet_02573
Unspecified,Objet_11464
Fragile,Objet_08448
Explosive,Objet_14854
Toxic,Objet_03588
Pressurized,Objet_01440
Explosive,Objet_13956
Toxic,Objet_09461
Radioactive,Objet_10016
Radioactive,Objet_10216
Unspecified,Objet_07435
Food,Objet_07380
Food,Objet_01401
Fragile,Objet_07047
Food,Objet_05834
Radioactive,Objet_11979
Oxidizing,Objet_00131
Pressurized,Objet_09420
Fragile,Objet_02038
Flammable,Objet_07773
Explosive,Objet_01800
Flammable,Objet_03172
Corrosive,Objet_13341
Toxic,Objet_10794
Unspecified,Objet_11386
Flammable,Objet_01977
Toxic,Objet_05089
Flammable,Objet_01738
Explosive,Objet_07829
Fragile,Objet_14941
Explosive,Objet_12969
Oxidizing,Objet_14366
Flammable,Objet_14254
Unspecified,Objet_02618
Fragile,Objet_06814
Food,Objet_02284
Fragile,Objet_08747
Oxidizing,Objet_14172
Fragile,Objet_04040
Flammable,Objet_05811
Toxic,Objet_09941
Oxidizing,Objet_04663
Toxic,Objet_12287
Unspecified,Objet_14764
Unspecified,Objet_10252
Unspecified,Objet_13114
Corrosive,Objet_11865
Fragile,Objet_11490
Pressurized,Objet_12388
Radioactive,Objet_04137
Flammable,Objet_09481
Radioactive,Objet_04674
Pressurized,Objet_13395
Radioactive,Objet_01976
Toxic,Objet_14025
Radioactive,Objet_11285
Food,Objet_00047
Flammable,Objet_11846
Food,Objet_07546
Corrosive,Objet_07696
Corrosive,Objet_08297
Flammable,Objet_08806
Pressurized,Objet_05140
Food,Objet_12149
Explosive,Objet_00439
Flammable,Objet_09356
Toxic,Objet_11496
Fragile,Objet_08748
Unspecified,Objet_12920
Food,Objet_00924
Explosive,Objet_05040
Food,Objet_01574
Explosive,Objet_02288
Toxic,Objet_07056
Explosive,Objet_14938
Radioactive,Objet_12544
Toxic,Objet_14564
Radioactive,Objet_00670
Corrosive,Objet_05761
Food,Objet_10595
Food,Objet_09614
Fragile,Objet_11182
Flammable,Objet_09515
Food,Objet_08736
Explosive,Objet_09770
Radioactive,Objet_00257
Toxic,Objet_04359
Oxidizing,Objet_03834
Flammable,Objet_06224
Oxidizing,Objet_04278
Toxic,Objet_09400
Unspecified,Objet_10589
Unspecified,Objet_08118
Oxidizing,Objet_12125
Toxic,Objet_10452
Fragile,Objet_10243
Toxic,Objet_12078
Pressurized,Objet_13128
Food,Objet_10219
Explosive,Objet_13619
Pressurized,Objet_15266
Radioactive,Objet_08934
Oxidizing,Objet_08795
Fragile,Objet_03293
Explosive,Objet_14579
Food,Objet_04922
Pressurized,Objet_10483
Flammable,Objet_08555
Fragile,Objet_11315
Oxidizing,Objet_03262
Unspecified,Objet_01587
Oxidizing,Objet_03245
Explosive,Objet_05500
Oxidizing,Objet_03794
Radioactive,Objet_13569
Flammable,Objet_09212
Food,Objet_12233
Unspecified,Objet_09028
Radioactive,Objet_14513
Explosive,Objet_03999
Radioactive,Objet_03125
Unspecified,Objet_11715
Radioactive,Objet_00253
Fragile,Objet_13253
Pressurized,Objet_10348
Oxidizing,Objet_14314
Radioactive,Objet_08603
Unspecified,Objet_05496
Fragile,Objet_10870
Radioactive,Objet_09207
Food,Objet_13309
Food,Objet_02894
Oxidizing,Objet_13909
Flammable,Objet_08442
Oxidizing,Objet_00344
Flammable,Objet_05801
Food,Objet_07350
Toxic,Objet_08822
Unspecified,Objet_06156
Corrosive,Objet_07249
Pressurized,Objet_03722
Flammable,Objet_03121
Oxidizing,Objet_03785
Corrosive,Objet_01345
Corrosive,Objet_07890
Food,Objet_12726
Explosive,Objet_04126
Explosive,Objet_00280
Flammable,Objet_05054
Flammable,Objet_03460
Fragile,Objet_10939
Explosive,Objet_08578
Pressurized,Objet_07150
Food,Objet_10832
Toxic,Objet_01565
Food,Objet_09361
Food,Objet_02268
Oxidizing,Objet_07057
Radioactive,Objet_04646
Oxidizing,Objet_15270
Fragile,Objet_10000
Food,Objet_11399
Radioactive,Objet_07156
Oxidizing,Objet_00965
Oxidizing,Objet_05579
Toxic,Objet_07308
Toxic,Objet_11689
Toxic,Objet_02672
Pressurized,Objet_01404
Explosive,Objet_12422
Radioactive,Objet_02783
Oxidizing,Objet_01279
Unspecified,Objet_02024
Oxidizing,Objet_07900
Unspecified,Objet_06647
Radioactive,Objet_03177
Explosive,Objet_05686
Oxidizing,Objet_05337
Food,Objet_15361
Pressurized,Objet_10208
Unspecified,Objet_13276
Oxidizing,Objet_01627
Explosive,Objet_06655
Unspecified,Objet_04522
Oxidizing,Objet_05880
Food,Objet_11474
Radioactive,Objet_01403
Food,Objet_15344
Fragile,Objet_09403
Fragile,Objet_11591
Flammable,Objet_14876
Food,Objet_02348
Pressurized,Objet_09668
Corrosive,Objet_13948
Food,Objet_04442
Pressurized,Objet_05935
Oxidizing,Objet_11541
Corrosive,Objet_03961
Corrosive,Objet_01296
Flammable,Objet_01817
Corrosive,Objet_05706
Toxic,Objet_03233
Radioactive,Objet_01250
Fragile,Objet_02645
Fragile,Objet_00045
Oxidizing,Objet_00647
Pressurized,Objet_03181
Pressurized,Objet_07725
Pressurized,Objet_10877
Radioactive,Objet_00467
Corrosive,Objet_10895
Explosive,Objet_04224
Unspecified,Objet_02237
Flammable,Objet_10542
Explosive,Objet_12296
Toxic,Objet_11510
Radioactive,Objet_01464
Unspecified,Objet_09562
Food,Objet_03229
Pressurized,Objet_04131
Fragile,Objet_09620
Food,Objet_11820
Explosive,Objet_15380
Explosive,Objet_11607
Flammable,Objet_09670
Radioactive,Objet_08267
Fragile,Objet_06861
Pressurized,Objet_00513
Pressurized,Objet_08893
Pressurized,Objet_11550
Flammable,Objet_11293
Toxic,Objet_11729
Unspecified,Objet_07960
Radioactive,Objet_08281
Corrosive,Objet_06385
Corrosive,Objet_03286
Explosive,Objet_00015
Fragile,Objet_13144
Flammable,Objet_00489
Radioactive,Objet_08792
Fragile,Objet_00390
Corrosive,Objet_10622
Radioactive,Objet_09229
Toxic,Objet_11769
Pressurized,Objet_12626
Explosive,Objet_11046
Fragile,Objet_05635
Radioactive,Objet_03591
Fragile,Objet_15241
Fragile,Objet_05010
Food,Objet_07715
Toxic,Objet_12509
Corrosive,Objet_00615
Radioactive,Objet_07749
Toxic,Objet_12713
Radioactive,Objet_01243
Flammable,Objet_14021
Toxic,Objet_12955
Corrosive,Objet_05953
Pressurized,Objet_06049
Oxidizing,Objet_07739
Radioactive,Objet_09984
Food,Objet_14917
Fragile,Objet_06581
Unspecified,Objet_06587
Fragile,Objet_06354
Corrosive,Objet_00968
Oxidizing,Objet_06113
Unspecified,Objet_03476
Fragile,Objet_13279
Toxic,Objet_03413
Radioactive,Objet_11936
Unspecified,Objet_11955
Fragile,Objet_05875
Corrosive,Objet_00675
Toxic,Objet_01941
Oxidizing,Objet_01491
Explosive,Objet_00352
Pressurized,Objet_03664
Explosive,Objet_10834
Unspecified,Objet_06257
Explosive,Objet_06561
Corrosive,Objet_07511
Fragile,Objet_05701
Unspecified,Objet_02589
Unspecified,Objet_00049
Unspecified,Objet_07824
Explosive,Objet_12266
Flammable,Objet_05165
Radioactive,Objet_03088
Toxic,Objet_04661
Oxidizing,Objet_09761
Unspecified,Objet_06986
Corrosive,Objet_10090
Food,Objet_14143
Flammable,Objet_11313
Toxic,Objet_06803
Toxic,Objet_01892
Flammable,Objet_02161
Unspecified,Objet_03696
Flammable,Objet_13884
Food,Objet_06280
Flammable,Objet_03694
Flammable,Objet_14173
Unspecified,Objet_14408
Fragile,Objet_11866
Corrosive,Objet_15345
Flammable,Objet_07316
Explosive,Objet_08178
Oxidizing,Objet_11067
Fragile,Objet_00561
Unspecified,Objet_14198
Pressurized,Objet_05984
Corrosive,Objet_00468
Explosive,Objet_03516
Unspecified,Objet_15458
Oxidizing,Objet_09395
Oxidizing,Objet_04945
Flammable,Objet_02842
Radioactive,Objet_09956
Pressurized,Objet_13355
Oxidizing,Objet_04731
Fragile,Objet_15373
Corrosive,Objet_10131
Fragile,Objet_03695
Unspecified,Objet_13475
Fragile,Objet_12224
Radioactive,Objet_10100
Flammable,Objet_10495
Pressurized,Objet_03260
Oxidizing,Objet_10182
Toxic,Objet_11947
Radioactive,Objet_02583
Toxic,Objet_14775
Oxidizing,Objet_00159
Oxidizing,Objet_06349
Food,Objet_06738
Radioactive,Objet_08960
Fragile,Objet_01127
Unspecified,Objet_03389
Flammable,Objet_09654
Pressurized,Objet_12560
Pressurized,Objet_14895
Explosive,Objet_10434
Radioactive,Objet_09271
Oxidizing,Objet_05272
Unspecified,Objet_03186
Flammable,Objet_13925
Fragile,Objet_12664
Explosive,Objet_05183
Food,Objet_04649
Toxic,Objet_07427
Flammable,Objet_12603
Fragile,Objet_13683
Flammable,Objet_11384
Radioactive,Objet_08665
Radioactive,Objet_02748
Toxic,Objet_04327
Flammable,Objet_12754
Unspecified,Objet_02146
Unspecified,Objet_11410
Corrosive,Objet_11931
Corrosive,Objet_04589
Flammable,Objet_07957
Oxidizing,Objet_03519
Pressurized,Objet_03900
Corrosive,Objet_15276
Flammable,Objet_06179
Unspecified,Objet_12937
Corrosive,Objet_08783
Radioactive,Objet_06130
Unspecified,Objet_05308
Flammable,Objet_13017
Radioactive,Objet_10320
Explosive,Objet_14522
Fragile,Objet_04121
Pressurized,Objet_00680
Fragile,Objet_10645
Explosive,Objet_05348
Flammable,Objet_00568
Unspecified,Objet_02926
Unspecified,Objet_08812
Fragile,Objet_00176
Fragile,Objet_14855
Toxic,Objet_01001
Food,Objet_13945
Unspecified,Objet_04021
Pressurized,Objet_14629
Radioactive,Objet_13854
Radioactive,Objet_07480
Unspecified,Objet_00484
Flammable,Objet_10766
Pressurized,Objet_14613
Explosive,Objet_05739
Oxidizing,Objet_03924
Corrosive,Objet_14342
Toxic,Objet_05863
Flammable,Objet_02023
Flammable,Objet_00606
Explosive,Objet_12644
Oxidizing,Objet_09196
Corrosive,Objet_06370
Pressurized,Objet_01447
Explosive,Objet_01082
Toxic,Objet_15259
Fragile,Objet_05949
Radioactive,Objet_01242
Fragile,Objet_08149
Explosive,Objet_12840
Explosive,Objet_00229
Flammable,Objet_05895
Corrosive,Objet_08414
Toxic,Objet_02876
Food,Objet_12730
Fragile,Objet_10246
Oxidizing,Objet_11697
Corrosive,Objet_00028
Toxic,Objet_05835
Toxic,Objet_13265
Fragile,Objet_03270
Corrosive,Objet_11109
Explosive,Objet_05766
Flammable,Objet_05832
Fragile,Objet_06292
Toxic,Objet_08620
Fragile,Objet_07541
Explosive,Objet_03584
Oxidizing,Objet_08096
Oxidizing,Objet_14340
Corrosive,Objet_05366
Fragile,Objet_07810
Food,Objet_04566
Flammable,Objet_08990
Flammable,Objet_14728
Flammable,Objet_06214
Fragile,Objet_08103
Unspecified,Objet_04355
Toxic,Objet_08854
Fragile,Objet_06967
Pressurized,Objet_04638
Oxidizing,Objet_01847
Food,Objet_02342
Unspecified,Objet_00403
Pressurized,Objet_00268
Radioactive,Objet_00586
Radioactive,Objet_08206
Flammable,Objet_06261
Toxic,Objet_04744
Food,Objet_01945
Corrosive,Objet_00754
Toxic,Objet_11576
Food,Objet_15030
Fragile,Objet_09337
Food,Objet_12831
Flammable,Objet_01650
Flammable,Objet_05985
Explosive,Objet_08751
Pressurized,Objet_15146
Toxic,Objet_09488
Radioactive,Objet_00549
Radioactive,Objet_11098
Radioactive,Objet_06466
Corrosive,Objet_08710
Oxidizing,Objet_12150
Food,Objet_08539
Unspecified,Objet_12053
Radioactive,Objet_12316
Unspecified,Objet_08094
Pressurized,Objet_10652
Oxidizing,Objet_14528
Explosive,Objet_09051
Food,Objet_09805
Flammable,Objet_00875
Flammable,Objet_04826
Explosive,Objet_03607
Explosive,Objet_08852
Oxidizing,Objet_14555
Oxidizing,Objet_14499
Explosive,Objet_08161
Food,Objet_01021
Toxic,Objet_06610
Toxic,Objet_10655
Unspecified,Objet_12985
Food,Objet_09561
Flammable,Objet_04349
Corrosive,Objet_08617
Unspecified,Objet_12029
Flammable,Objet_02887
Corrosive,Objet_13762
Explosive,Objet_09523
Food,Objet_14302
Explosive,Objet_13174
Oxidizing,Objet_05551
Oxidizing,Objet_06295
Pressurized,Objet_10630
Radioactive,Objet_14576
Explosive,Objet_13302
Food,Objet_11739
Explosive,Objet_12982
Toxic,Objet_04049
Unspecified,Objet_02214
Unspecified,Objet_05827
Unspecified,Objet_03686
Flammable,Objet_10639
Radioactive,Objet_00198
Pressurized,Objet_07320
Flammable,Objet_07376
Food,Objet_09704
Unspecified,Objet_06192
Radioactive,Objet_14741
Oxidizing,Objet_01705
Corrosive,Objet_10887
Fragile,Objet_08988
Explosive,Objet_12017
Food,Objet_04690
Explosive,Objet_10583
Pressurized,Objet_09912
Oxidizing,Objet_11665
Corrosive,Objet_14999
Explosive,Objet_05004
Explosive,Objet_00132
Unspecified,Objet_07198
Corrosive,Objet_06133
Food,Objet_09680
Pressurized,Objet_08114
Fragile,Objet_13117
Pressurized,Objet_07907
Radioactive,Objet_13708
Radioactive,Objet_05513
Unspecified,Objet_02753
Explosive,Objet_03241
Explosive,Objet_06034
Toxic,Objet_13010
Corrosive,Objet_01677
Food,Objet_09774
Explosive,Objet_07503
Explosive,Objet_09606
Food,Objet_05704
Unspecified,Objet_10790
Radioactive,Objet_04781
Corrosive,Objet_15136
Corrosive,Objet_03403
Unspecified,Objet_01655
Toxic,Objet_10353
Fragile,Objet_10840
Toxic,Objet_04382
Corrosive,Objet_08543
Explosive,Objet_11878
Fragile,Objet_10397
Toxic,Objet_02802
Fragile,Objet_03957
Food,Objet_14274
Food,Objet_04852
Radioactive,Objet_15128
Flammable,Objet_02954
Corrosive,Objet_00054
Pressurized,Objet_03405
Corrosive,Objet_10680
Radioactive,Objet_04343
Flammable,Objet_14402
Food,Objet_08529
Corrosive,Objet_04511
Unspecified,Objet_06495
Food,Objet_01709
Flammable,Objet_06334
Fragile,Objet_08090
Pressurized,Objet_13524
Flammable,Objet_12034
Fragile,Objet_03916
Explosive,Objet_13842
Explosive,Objet_03347
Food,Objet_11159
Unspecified,Objet_07171
Fragile,Objet_14598
Food,Objet_05820
Corrosive,Objet_11257
Unspecified,Objet_03114
Corrosive,Objet_05987
Unspecified,Objet_12897
Explosive,Objet_02409
Explosive,Objet_00102
Explosive,Objet_02089
Fragile,Objet_02181
Unspecified,Objet_05644
Fragile,Objet_08802
Flammable,Objet_14420
Flammable,Objet_11600
Explosive,Objet_10050
Toxic,Objet_09053
Unspecified,Objet_13617
Toxic,Objet_05870
Food,Objet_06056
Pressurized,Objet_02779
Pressurized,Objet_03303
Unspecified,Objet_02517
Radioactive,Objet_14000
Corrosive,Objet_01111
Fragile,Objet_08944
Pressurized,Objet_00578
Radioactive,Objet_03221
Oxidizing,Objet_01907
Fragile,Objet_15392
Radioactive,Objet_14967
Radioactive,Objet_02614
Radioactive,Objet_12318
Pressurized,Objet_00610
Corrosive,Objet_12633
Unspecified,Objet_13801
Unspecified,Objet_05443
Toxic,Objet_09480
Fragile,Objet_03489
Radioactive,Objet_12641
Toxic,Objet_07662
Explosive,Objet_15169
Toxic,Objet_02345
Oxidizing,Objet_03351
Food,Objet_05790
Pressurized,Objet_05869
Toxic,Objet_05795
Pressurized,Objet_02920
Corrosive,Objet_04098
Corrosive,Objet_07238
Oxidizing,Objet_04760
Explosive,Objet_04140
Flammable,Objet_04022
Toxic,Objet_04824
Explosive,Objet_08181
Fragile,Objet_07975
Oxidizing,Objet_04110
Unspecified,Objet_11482
Pressurized,Objet_04162
Food,Objet_07149
Oxidizing,Objet_10701
Explosive,Objet_02123
Corrosive,Objet_06677
Oxidizing,Objet_08624
Toxic,Objet_10614
Corrosive,Objet_09230
Corrosive,Objet_04172
Unspecified,Objet_07940
Unspecified,Objet_06924
Corrosive,Objet_01253
Flammable,Objet_13593
Flammable,Objet_09338
Toxic,Objet_15026
Flammable,Objet_08681
Oxidizing,Objet_13022
Pressurized,Objet_03640
Flammable,Objet_12650
Radioactive,Objet_05734
Toxic,Objet_05760
Unspecified,Objet_04353
Fragile,Objet_12439
Unspecified,Objet_00880
Flammable,Objet_05112
Fragile,Objet_05379
Pressurized,Objet_09119
Flammable,Objet_04705
Flammable,Objet_05292
Oxidizing,Objet_13553
Food,Objet_01999
Food,Objet_06042
Food,Objet_07860
Oxidizing,Objet_09242
Corrosive,Objet_10798
Oxidizing,Objet_06079
Corrosive,Objet_14926
Toxic,Objet_05779
Food,Objet_10539
Toxic,Objet_06129
Fragile,Objet_13519
Explosive,Objet_05307
Fragile,Objet_01180
Toxic,Objet_04372
Explosive,Objet_04454
Pressurized,Objet_04430
Flammable,Objet_00152
Oxidizing,Objet_06813
Explosive,Objet_00618
Food,Objet_01445
Toxic,Objet_08876
Food,Objet_13940
Toxic,Objet_10588
Radioactive,Objet_09164
Unspecified,Objet_02724
Toxic,Objet_13509
Oxidizing,Objet_13643
Flammable,Objet_01822
Pressurized,Objet_09615
Fragile,Objet_10141
Toxic,Objet_02196
Explosive,Objet_11201
Explosive,Objet_06697
Fragile,Objet_03339
Unspecified,Objet_09273
Flammable,Objet_01299
Unspecified,Objet_00627
Oxidizing,Objet_12596
Corrosive,Objet_10209
Unspecified,Objet_03436
Explosive,Objet_00209
Fragile,Objet_07695
Explosive,Objet_06618
Oxidizing,Objet_07054
Explosive,Objet_01752
Radioactive,Objet_03348
Unspecified,Objet_01311
Oxidizing,Objet_10628
Explosive,Objet_07847
Corrosive,Objet_11534
Oxidizing,Objet_06574
Flammable,Objet_12163
Corrosive,Objet_11894
Unspecified,Objet_01686
Flammable,Objet_11171
Fragile,Objet_07751
Toxic,Objet_08343
Explosive,Objet_07085
Flammable,Objet_02402
Fragile,Objet_06020
Fragile,Objet_12443
Toxic,Objet_04395
Toxic,Objet_00080
Toxic,Objet_00178
Explosive,Objet_07558
Toxic,Objet_02354
Pressurized,Objet_09008
Corrosive,Objet_03430
Oxidizing,Objet_12849
Flammable,Objet_09663
Toxic,Objet_07535
Corrosive,Objet_10124
Corrosive,Objet_14430
Pressurized,Objet_04547
Radioactive,Objet_02910
Flammable,Objet_06496
Oxidizing,Objet_08997
Unspecified,Objet_09725
Pressurized,Objet_07667
Oxidizing,Objet_04331
Pressurized,Objet_04105
Food,Objet_13927
Radioactive,Objet_06900
Radioactive,Objet_06584
Flammable,Objet_04560
Pressurized,Objet_05909
Fragile,Objet_03010
Toxic,Objet_11031
Explosive,Objet_13213
Toxic,Objet_05181
Flammable,Objet_15050
Toxic,Objet_11024
Radioactive,Objet_03621
Explosive,Objet_04036
Radioactive,Objet_06470
Radioactive,Objet_09908
Toxic,Objet_09197
Oxidizing,Objet_02908
Unspecified,Objet_02901
Explosive,Objet_12698
Pressurized,Objet_05950
Oxidizing,Objet_14229
Flammable,Objet_05621
Fragile,Objet_05542
Food,Objet_06633
Corrosive,Objet_04689
Toxic,Objet_13158
Toxic,Objet_14273
Explosive,Objet_05090
Unspecified,Objet_02502
Radioactive,Objet_04502
Pressurized,Objet_10910
Toxic,Objet_13150
Oxidizing,Objet_02184
Flammable,Objet_02689
Flammable,Objet_07967
Flammable,Objet_02116
Food,Objet_09291
Corrosive,Objet_03904
Explosive,Objet_14289
Radioactive,Objet_01097
Pressurized,Objet_14038
Toxic,Objet_11822
Radioactive,Objet_11942
Explosive,Objet_01759
Flammable,Objet_10829
Pressurized,Objet_01495
Pressurized,Objet_14468
Radioactive,Objet_05565
Pressurized,Objet_10276
Food,Objet_10235
Unspecified,Objet_10491
Explosive,Objet_01937
Fragile,Objet_00296
Oxidizing,Objet_11573
Food,Objet_13770
Fragile,Objet_10963
Oxidizing,Objet_10430
Toxic,Objet_01173
Flammable,Objet_00435
Flammable,Objet_08920
Unspecified,Objet_00522
Explosive,Objet_05530
Pressurized,Objet_01235
Explosive,Objet_00239
Fragile,Objet_11613
Pressurized,Objet_03176
Food,Objet_10011
Oxidizing,Objet_06364
Unspecified,Objet_15247
Pressurized,Objet_13338
Food,Objet_03889
Oxidizing,Objet_08058
Pressurized,Objet_02545
Unspecified,Objet_13200
Pressurized,Objet_13649
Corrosive,Objet_12038
Fragile,Objet_02684
Corrosive,Objet_14266
Radioactive,Objet_15269
Toxic,Objet_03771
Food,Objet_05251
Fragile,Objet_14928
Oxidizing,Objet_08706
Oxidizing,Objet_02795
Food,Objet_01416
Flammable,Objet_08935
Flammable,Objet_06998
Oxidizing,Objet_07949
Oxidizing,Objet_03949
Radioactive,Objet_13679
Toxic,Objet_10494
Unspecified,Objet_14185
Corrosive,Objet_02135
Pressurized,Objet_00939
Toxic,Objet_10720
Oxidizing,Objet_13730
Corrosive,Objet_07623
Toxic,Objet_12743
Explosive,Objet_15368
Flammable,Objet_10382
Pressurized,Objet_13287
Unspecified,Objet_13726
Unspecified,Objet_04145
Corrosive,Objet_11495
Fragile,Objet_09860
Toxic,Objet_09326
Unspecified,Objet_09501
Toxic,Objet_06186
Oxidizing,Objet_05370
Food,Objet_09295
Oxidizing,Objet_14089
Radioactive,Objet_00309
Toxic,Objet_07154
Explosive,Objet_02221
Toxic,Objet_11685
Unspecified,Objet_07178
Radioactive,Objet_06855
Flammable,Objet_07636
Fragile,Objet_14195
Explosive,Objet_09276
Toxic,Objet_00878
Toxic,Objet_04868
Toxic,Objet_09312
Explosive,Objet_07798
Toxic,Objet_13208
Corrosive,Objet_01373
Explosive,Objet_12041
Fragile,Objet_05316
Radioactive,Objet_11890
Fragile,Objet_02577
Oxidizing,Objet_00623
Corrosive,Objet_00361
Pressurized,Objet_14874
Flammable,Objet_10048
Fragile,Objet_14319
Unspecified,Objet_02996
Unspecified,Objet_11324
Oxidizing,Objet_12696
Oxidizing,Objet_14307
Food,Objet_13646
Flammable,Objet_02883
Corrosive,Objet_07441
Oxidizing,Objet_14193
Pressurized,Objet_02103
Corrosive,Objet_05814
Flammable,Objet_03555
Unspecified,Objet_05172
Pressurized,Objet_07219
Food,Objet_04322
Flammable,Objet_14824
Fragile,Objet_05765
Explosive,Objet_03040
Explosive,Objet_06408
Unspecified,Objet_01620
Explosive,Objet_04170
Food,Objet_09026
Toxic,Objet_05959
Pressurized,Objet_14692
Food,Objet_08524
Flammable,Objet_15436
Unspecified,Objet_06670
Toxic,Objet_09070
Pressurized,Objet_15452
Food,Objet_00843
Pressurized,Objet_08909
Oxidizing,Objet_04068
Oxidizing,Objet_11355
Explosive,Objet_09025
Explosive,Objet_11242
Radioactive,Objet_08172
Toxic,Objet_09145
Fragile,Objet_10423
Pressurized,Objet_12372
Oxidizing,Objet_09649
Oxidizing,Objet_02261
Flammable,Objet_07207
Unspecified,Objet_14969
Flammable,Objet_00948
Corrosive,Objet_14802
Toxic,Objet_07071
Corrosive,Objet_00441
Flammable,Objet_14462
Unspecified,Objet_05510
Radioactive,Objet_10674
Flammable,Objet_00681
Radioactive,Objet_01903
Toxic,Objet_00115
Corrosive,Objet_06564
Explosive,Objet_08348
Radioactive,Objet_00536
Toxic,Objet_14262
Radioactive,Objet_00928
Corrosive,Objet_02185
Unspecified,Objet_06044
Unspecified,Objet_15471
Oxidizing,Objet_10482
Radioactive,Objet_14959
Corrosive,Objet_01908
Oxidizing,Objet_03289
Food,Objet_04116
Explosive,Objet_01584
Food,Objet_07868
Explosive,Objet_01340
Fragile,Objet_07213
Explosive,Objet_10768
Fragile,Objet_03128
Food,Objet_03207
Corrosive,Objet_09150
Fragile,Objet_07904
Pressurized,Objet_11868
Explosive,Objet_04791
Food,Objet_07687
Flammable,Objet_05830
Oxidizing,Objet_03479
Fragile,Objet_11379
Explosive,Objet_13528
Pressurized,Objet_06426
Explosive,Objet_07127
Oxidizing,Objet_10751
Pressurized,Objet_09374
Food,Objet_12847
Flammable,Objet_03736
Radioactive,Objet_08970
Toxic,Objet_00018
Fragile,Objet_01883
Pressurized,Objet_09439
Radioactive,Objet_10042
Oxidizing,Objet_15275
Flammable,Objet_02576
Explosive,Objet_01170
Toxic,Objet_15443
Corrosive,Objet_02580
Food,Objet_00998
Explosive,Objet_06144
Fragile,Objet_09873
Flammable,Objet_04751
Explosive,Objet_03156
Explosive,Objet_12863
Flammable,Objet_00141
Radioactive,Objet_11415
Explosive,Objet_00655
Radioactive,Objet_07587
Explosive,Objet_02862
Fragile,Objet_01548
Explosive,Objet_07996
Explosive,Objet_11992
Explosive,Objet_04379
Flammable,Objet_05007
Toxic,Objet_10926
Flammable,Objet_05036
Corrosive,Objet_07562
Flammable,Objet_04313
Oxidizing,Objet_07548
Unspecified,Objet_05606
Toxic,Objet_10538
Toxic,Objet_00723
Pressurized,Objet_06464
Pressurized,Objet_04878
Unspecified,Objet_13518
Food,Objet_05843
Pressurized,Objet_04503
Pressurized,Objet_08686
Radioactive,Objet_06870
Radioactive,Objet_01972
Oxidizing,Objet_08980
Fragile,Objet_15384
Pressurized,Objet_12095
Explosive,Objet_07383
Oxidizing,Objet_11854
Radioactive,Objet_07303
Oxidizing,Objet_10774
Food,Objet_03382
Toxic,Objet_00279
Oxidizing,Objet_08483
Radioactive,Objet_10171
Pressurized,Objet_06112
Explosive,Objet_00812
Corrosive,Objet_05100
Radioactive,Objet_07418
Toxic,Objet_05383
Toxic,Objet_12292
Pressurized,Objet_01659
Oxidizing,Objet_10203
Corrosive,Objet_15480
Pressurized,Objet_08606
Radioactive,Objet_14949
Pressurized,Objet_14501
Unspecified,Objet_03237
Fragile,Objet_07478
Toxic,Objet_11547
Unspecified,Objet_05053
Flammable,Objet_11448
Radioactive,Objet_00155
Explosive,Objet_03576
Explosive,Objet_11397
Explosive,Objet_05436
Unspecified,Objet_00202
Fragile,Objet_04993
Food,Objet_04298
Pressurized,Objet_12353
Radioactive,Objet_02396
Toxic,Objet_01229
Food,Objet_05518
Toxic,Objet_04694
Fragile,Objet_07698
Fragile,Objet_14758
Pressurized,Objet_11100
Fragile,Objet_02969
Fragile,Objet_09055
Food,Objet_13598
Flammable,Objet_14572
Oxidizing,Objet_02552
Unspecified,Objet_09759
Corrosive,Objet_00025
Pressurized,Objet_04305
Flammable,Objet_15161
Pressurized,Objet_14459
Unspecified,Objet_07961
Pressurized,Objet_11154
Pressurized,Objet_05905
Pressurized,Objet_13319
Flammable,Objet_08438
Explosive,Objet_02132
Pressurized,Objet_09263
Pressurized,Objet_01757
Unspecified,Objet_10490
Pressurized,Objet_15070
Pressurized,Objet_14774
Corrosive,Objet_07042
Pressurized,Objet_05661
Radioactive,Objet_10237
Corrosive,Objet_12963
Radioactive,Objet_12642
Fragile,Objet_09763
Oxidizing,Objet_09868
Food,Objet_08821
Corrosive,Objet_12136
Explosive,Objet_01640
Toxic,Objet_01282
Toxic,Objet_11101
Fragile,Objet_07167
Food,Objet_01794
Oxidizing,Objet_06792
Oxidizing,Objet_01435
Pressurized,Objet_12180
Flammable,Objet_05087
Toxic,Objet_14961
Corrosive,Objet_00644
Radioactive,Objet_07155
Food,Objet_12782
Flammable,Objet_13332
Fragile,Objet_06253
Explosive,Objet_15417
Explosive,Objet_08667
Radioactive,Objet_11941
Unspecified,Objet_09856
Fragile,Objet_02849
Toxic,Objet_09033
Fragile,Objet_07788
Unspecified,Objet_07436
Corrosive,Objet_13682
Flammable,Objet_05578
Flammable,Objet_00842
Unspecified,Objet_13638
Toxic,Objet_15149
Oxidizing,Objet_04969
Pressurized,Objet_06138
Unspecified,Objet_05990
Corrosive,Objet_07353
Pressurized,Objet_01051
Flammable,Objet_14101
Flammable,Objet_03239
Fragile,Objet_02651
Toxic,Objet_08007
Pressurized,Objet_14234
Fragile,Objet_01811
Flammable,Objet_00894
Oxidizing,Objet_09244
Radioactive,Objet_15460
Toxic,Objet_07649
Oxidizing,Objet_08238
Unspecified,Objet_07974
Explosive,Objet_04416
Oxidizing,Objet_09676
Radioactive,Objet_12148
Fragile,Objet_01154
Explosive,Objet_15454
Fragile,Objet_00475
Radioactive,Objet_12736
Fragile,Objet_02176
Toxic,Objet_12490
Flammable,Objet_03386
Radioactive,Objet_11004
Flammable,Objet_02839
Radioactive,Objet_15011
Explosive,Objet_14915
Unspecified,Objet_09179
Pressurized,Objet_11794
Flammable,Objet_10234
Explosive,Objet_01448
Toxic,Objet_10286
Food,Objet_10329
Unspecified,Objet_07921
Oxidizing,Objet_04002
Food,Objet_10112
Oxidizing,Objet_00772
Corrosive,Objet_02482
Toxic,Objet_01619
Toxic,Objet_02114
Explosive,Objet_13541
Pressurized,Objet_08369
Explosive,Objet_03368
Food,Objet_02837
Unspecified,Objet_09513
Explosive,Objet_08722
Pressurized,Objet_03025
Flammable,Objet_10108
Radioactive,Objet_03883
Radioactive,Objet_04469
Fragile,Objet_07457
Toxic,Objet_07352
Oxidizing,Objet_07373
Corrosive,Objet_01989
Fragile,Objet_00564
Fragile,Objet_09039
Pressurized,Objet_14701
Pressurized,Objet_03574
Flammable,Objet_08604
Oxidizing,Objet_07470
Toxic,Objet_00649
Pressurized,Objet_11914
Fragile,Objet_15351
Unspecified,Objet_03359
Unspecified,Objet_04443
Toxic,Objet_01375
Pressurized,Objet_03557
Corrosive,Objet_05656
Unspecified,Objet_07835
Food,Objet_11762
Flammable,Objet_12910
Oxidizing,Objet_04259
Explosive,Objet_09637
Corrosive,Objet_08613
Food,Objet_02677
Toxic,Objet_06527
Radioactive,Objet_03491
Unspecified,Objet_10613
Flammable,Objet_11318
Toxic,Objet_14970
Explosive,Objet_02600
Oxidizing,Objet_14184
Unspecified,Objet_06032
Toxic,Objet_08067
Unspecified,Objet_05884
Food,Objet_12750
Food,Objet_12860
Radioactive,Objet_09328
Food,Objet_00817
Pressurized,Objet_05026
Flammable,Objet_03387
Unspecified,Objet_14536
Corrosive,Objet_09645
Fragile,Objet_08535
Explosive,Objet_14630
Fragile,Objet_11253
Pressurized,Objet_08504
Oxidizing,Objet_05773
Radioactive,Objet_11549
Food,Objet_08660
Oxidizing,Objet_08195
Food,Objet_01608
Pressurized,Objet_11085
Pressurized,Objet_02328
Explosive,Objet_07292
Toxic,Objet_00463
Fragile,Objet_09564
Unspecified,Objet_06931
Corrosive,Objet_09388
Toxic,Objet_11304
Radioactive,Objet_12355
Oxidizing,Objet_13373
Toxic,Objet_11141
Food,Objet_14210
Corrosive,Objet_00813
Fragile,Objet_10184
Corrosive,Objet_05886
Corrosive,Objet_13057
Flammable,Objet_14904
Flammable,Objet_06559
Flammable,Objet_06624
Unspecified,Objet_05746
Radioactive,Objet_01830
Explosive,Objet_00493
Toxic,Objet_00573
Radioactive,Objet_11111
Toxic,Objet_10880
Unspecified,Objet_06761
Pressurized,Objet_05733
Flammable,Objet_10176
Toxic,Objet_10360
Corrosive,Objet_06862
Radioactive,Objet_07998
Unspecified,Objet_10873
Flammable,Objet_08973
Fragile,Objet_14285
Radioactive,Objet_03931
Unspecified,Objet_03812
Corrosive,Objet_03017
Flammable,Objet_02885
Fragile,Objet_11706
Flammable,Objet_11813
Explosive,Objet_12784
Food,Objet_03275
Oxidizing,Objet_14618
Explosive,Objet_08594
Oxidizing,Objet_01530
Flammable,Objet_10852
Explosive,Objet_04963
Food,Objet_01420
Corrosive,Objet_03268
Toxic,Objet_09486
Radioactive,Objet_14127
Unspecified,Objet_09618
Toxic,Objet_07459
Corrosive,Objet_07254
Toxic,Objet_07036
Pressurized,Objet_09427
Radioactive,Objet_04516
Explosive,Objet_07642
Corrosive,Objet_07592
Food,Objet_00051
Corrosive,Objet_04115
Food,Objet_02854
Oxidizing,Objet_02448
Flammable,Objet_11902
Explosive,Objet_08991
Food,Objet_10453
Flammable,Objet_14707
Oxidizing,Objet_05003
Pressurized,Objet_12906
Food,Objet_14605
Food,Objet_09260
Flammable,Objet_10270
Explosive,Objet_04085
Flammable,Objet_14397
Radioactive,Objet_13023
Toxic,Objet_10051
Food,Objet_11423
Radioactive,Objet_09005
Unspecified,Objet_01441
Radioactive,Objet_03869
Explosive,Objet_00318
Unspecified,Objet_08377
Flammable,Objet_03654
Food,Objet_14754
Flammable,Objet_10267
Oxidizing,Objet_12057
Explosive,Objet_03790
Oxidizing,Objet_07553
Unspecified,Objet_04261
Explosive,Objet_05928
Radioactive,Objet_06006
Toxic,Objet_13426
Radioactive,Objet_05261
Toxic,Objet_01591
Toxic,Objet_06751
Explosive,Objet_10037
Explosive,Objet_06640
Toxic,Objet_02307
Oxidizing,Objet_14627
Fragile,Objet_12762
Pressurized,Objet_03226
Flammable,Objet_10994
Oxidizing,Objet_03037
Flammable,Objet_01742
Unspecified,Objet_09206
Oxidizing,Objet_06175
Corrosive,Objet_06451
Oxidizing,Objet_07917
Pressurized,Objet_04292
Fragile,Objet_10332
Pressurized,Objet_10938
Unspecified,Objet_02674
Pressurized,Objet_14176
Explosive,Objet_13866
Oxidizing,Objet_04274
Toxic,Objet_02934
Unspecified,Objet_13072
Toxic,Objet_06665
Toxic,Objet_05730
Flammable,Objet_03910
Pressurized,Objet_01060
Explosive,Objet_06091
Explosive,Objet_10864
Radioactive,Objet_05897
Food,Objet_09187
Corrosive,Objet_11986
Corrosive,Objet_14835
Explosive,Objet_03409
Food,Objet_06074
Food,Objet_04884
Explosive,Objet_01768
Corrosive,Objet_08023
Toxic,Objet_03870
Pressurized,Objet_00608
Fragile,Objet_13429
Fragile,Objet_06725
Flammable,Objet_08522
Unspecified,Objet_06649
Flammable,Objet_01246
Fragile,Objet_14166
Toxic,Objet_09047
Corrosive,Objet_12411
Explosive,Objet_03035
Corrosive,Objet_09811
Oxidizing,Objet_13597
Explosive,Objet_00043
Food,Objet_13372
Food,Objet_05527
Corrosive,Objet_04027
Explosive,Objet_03059
Oxidizing,Objet_02743
Explosive,Objet_12576
Unspecified,Objet_11167
Corrosive,Objet_00341
Food,Objet_00956
Toxic,Objet_06267
Radioactive,Objet_08489
Flammable,Objet_08216
Explosive,Objet_13160
Fragile,Objet_10612
Oxidizing,Objet_13641
Food,Objet_05202
Radioactive,Objet_07905
Oxidizing,Objet_07266
Unspecified,Objet_06949
Radioactive,Objet_02167
Radioactive,Objet_09373
Oxidizing,Objet_13623
Oxidizing,Objet_07034
Food,Objet_06729
Toxic,Objet_05430
Unspecified,Objet_05745
Fragile,Objet_08566
Explosive,Objet_15434
Food,Objet_14903
Unspecified,Objet_07894
Pressurized,Objet_11367
Fragile,Objet_02794
Explosive,Objet_05715
Pressurized,Objet_13807
Unspecified,Objet_00378
Flammable,Objet_00861
Food,Objet_07613
Radioactive,Objet_09355
Unspecified,Objet_09946
Corrosive,Objet_15257
Radioactive,Objet_03746
Fragile,Objet_13018
Fragile,Objet_15051
Unspecified,Objet_13195
Toxic,Objet_03890
Explosive,Objet_02708
Corrosive,Objet_07181
Unspecified,Objet_00497
Corrosive,Objet_07405
Oxidizing,Objet_13992
Toxic,Objet_06775
Food,Objet_08969
Flammable,Objet_09772
Flammable,Objet_14881
Flammable,Objet_15073
Flammable,Objet_10808
Flammable,Objet_04991
Food,Objet_14729
Unspecified,Objet_05516
Toxic,Objet_06076
Flammable,Objet_10676
Pressurized,Objet_08397
Toxic,Objet_03426
Explosive,Objet_15333
Unspecified,Objet_02086
Food,Objet_07420
Toxic,Objet_07802
Food,Objet_01394
Unspecified,Objet_12324
Fragile,Objet_02031
Pressurized,Objet_11928
Oxidizing,Objet_01760
Fragile,Objet_05609
Unspecified,Objet_13507
Oxidizing,Objet_02639
Oxidizing,Objet_01995
Explosive,Objet_02308
Food,Objet_06245
Unspecified,Objet_10023
Pressurized,Objet_06838
Fragile,Objet_02838
Unspecified,Objet_09940
Unspecified,Objet_03130
Unspecified,Objet_12833
Explosive,Objet_05623
Toxic,Objet_05442
Explosive,Objet_08113
Flammable,Objet_08773
Flammable,Objet_06815
Food,Objet_14218
Flammable,Objet_02531
Flammable,Objet_12737
Toxic,Objet_02407
Radioactive,Objet_11073
Toxic,Objet_07883
Flammable,Objet_11255
Flammable,Objet_02216
Toxic,Objet_04533
Explosive,Objet_12416
Food,Objet_00302
Toxic,Objet_06254
Unspecified,Objet_01224
Corrosive,Objet_00096
Radioactive,Objet_14669
Toxic,Objet_12244
Oxidizing,Objet_12177
Oxidizing,Objet_03918
Explosive,Objet_11006
Oxidizing,Objet_01262
Corrosive,Objet_00466
Fragile,Objet_14196
Oxidizing,Objet_10941
Fragile,Objet_12181
Flammable,Objet_00433
Pressurized,Objet_10544
Pressurized,Objet_03744
Oxidizing,Objet_07542
Food,Objet_00315
Flammable,Objet_14039
Radioactive,Objet_00072
Oxidizing,Objet_04905
Flammable,Objet_00359
Oxidizing,Objet_11494
Pressurized,Objet_13928
Oxidizing,Objet_07705
Explosive,Objet_00693
Corrosive,Objet_15432
Radioactive,Objet_00455
Corrosive,Objet_03071
Food,Objet_14155
Oxidizing,Objet_14906
Flammable,Objet_04952
Flammable,Objet_13499
Fragile,Objet_10232
Pressurized,Objet_01928
Toxic,Objet_06017
Fragile,Objet_06372
Food,Objet_11365
Toxic,Objet_10285
Corrosive,Objet_12093
Radioactive,Objet_14259
Flammable,Objet_05378
Oxidizing,Objet_07923
Explosive,Objet_08629
Flammable,Objet_04556
Radioactive,Objet_02365
Toxic,Objet_09885
Food,Objet_12687
Radioactive,Objet_13790
Unspecified,Objet_05961
Toxic,Objet_12930
Food,Objet_06623
Fragile,Objet_03223
Unspecified,Objet_01871
Unspecified,Objet_01171
Toxic,Objet_11945
Explosive,Objet_04832
Food,Objet_06040
Food,Objet_08605
Fragile,Objet_05435
Flammable,Objet_11968
Oxidizing,Objet_06780
Toxic,Objet_13485
Toxic,Objet_13532
Explosive,Objet_06620
Food,Objet_14170
Oxidizing,Objet_09519
Explosive,Objet_14180
Fragile,Objet_11086
Oxidizing,Objet_11385
Radioactive,Objet_14643
Pressurized,Objet_08530
Oxidizing,Objet_00177
Unspecified,Objet_07494
Oxidizing,Objet_12383
Fragile,Objet_02771
Food,Objet_00060
Unspecified,Objet_03741
Unspecified,Objet_05125
Food,Objet_06441
Fragile,Objet_11834
Explosive,Objet_04947
Flammable,Objet_05248
Flammable,Objet_00504
Oxidizing,Objet_10032
Pressurized,Objet_12949
Unspecified,Objet_06387
Corrosive,Objet_00251
Radioactive,Objet_06101
Oxidizing,Objet_05355
Corrosive,Objet_04417
Fragile,Objet_07989
Fragile,Objet_06894
Toxic,Objet_11553
Food,Objet_14405
Explosive,Objet_15104
Explosive,Objet_09322
Pressurized,Objet_05924
Corrosive,Objet_07454
Food,Objet_04365
Pressurized,Objet_09128
Unspecified,Objet_05548
Pressurized,Objet_06516
Radioactive,Objet_02752
Corrosive,Objet_10534
Fragile,Objet_12343
Flammable,Objet_10145
Flammable,Objet_14191
Fragile,Objet_09133
Fragile,Objet_09110
Flammable,Objet_15328
Explosive,Objet_05254
Oxidizing,Objet_08022
Unspecified,Objet_13235
Explosive,Objet_13112
Pressurized,Objet_15402
Unspecified,Objet_10635
Food,Objet_08197
Corrosive,Objet_00068
Pressurized,Objet_03309
Radioactive,Objet_12263
Flammable,Objet_02466
Oxidizing,Objet_14872
Pressurized,Objet_12213
Unspecified,Objet_08013
Explosive,Objet_00651
Radioactive,Objet_01681
Unspecified,Objet_07252
Corrosive,Objet_10854
Corrosive,Objet_02406
Food,Objet_00109
Toxic,Objet_03441
Food,Objet_06782
Food,Objet_03211
Pressurized,Objet_04237
Corrosive,Objet_09684
Explosive,Objet_00704
Oxidizing,Objet_12068
Radioactive,Objet_12808
Oxidizing,Objet_00845
Unspecified,Objet_09259
Pressurized,Objet_00094
Toxic,Objet_15184
Corrosive,Objet_04551
Pressurized,Objet_08184
Pressurized,Objet_07903
Pressurized,Objet_12751
Oxidizing,Objet_15042
Oxidizing,Objet_14588
Oxidizing,Objet_04249
Oxidizing,Objet_09691
Fragile,Objet_02989
Food,Objet_07337
Food,Objet_14227
Oxidizing,Objet_10479
Radioactive,Objet_09980
Corrosive,Objet_08036
Fragile,Objet_04801
Pressurized,Objet_13192
Radioactive,Objet_13334
Unspecified,Objet_06657
Fragile,Objet_10120
Corrosive,Objet_12440
Explosive,Objet_07676
Unspecified,Objet_08017
Oxidizing,Objet_11880
Unspecified,Objet_14900
Radioactive,Objet_07293
Fragile,Objet_12000
Pressurized,Objet_04240
Pressurized,Objet_01667
Flammable,Objet_07586
Pressurized,Objet_09988
Flammable,Objet_11292
Pressurized,Objet_06955
Flammable,Objet_09189
Toxic,Objet_10248
Toxic,Objet_10893
Toxic,Objet_07214
Explosive,Objet_06612
Flammable,Objet_11127
Unspecified,Objet_03707
Oxidizing,Objet_08485
Explosive,Objet_00639
Flammable,Objet_02040
Radioactive,Objet_07338
Unspecified,Objet_04681
Fragile,Objet_10714
Flammable,Objet_09537
Oxidizing,Objet_13783
Oxidizing,Objet_07863
Radioactive,Objet_13840
Oxidizing,Objet_06303
Unspecified,Objet_14183
Fragile,Objet_01100
Oxidizing,Objet_06001
Oxidizing,Objet_07893
Pressurized,Objet_04079
Pressurized,Objet_09035
Explosive,Objet_05940
Flammable,Objet_03154
Fragile,Objet_04810
Corrosive,Objet_09166
Radioactive,Objet_09893
Fragile,Objet_07869
Toxic,Objet_04491
Toxic,Objet_13410
Oxidizing,Objet_12753
Corrosive,Objet_04182
Flammable,Objet_04250
Fragile,Objet_01933
Oxidizing,Objet_05483
Fragile,Objet_03951
Flammable,Objet_06344
Radioactive,Objet_09799
Food,Objet_09985
Toxic,Objet_10102
Corrosive,Objet_08848
Toxic,Objet_05946
Toxic,Objet_07045
Food,Objet_05665
Pressurized,Objet_04570
Oxidizing,Objet_00046
Pressurized,Objet_13304
Toxic,Objet_11995
Explosive,Objet_01427
Oxidizing,Objet_08425
Toxic,Objet_09375
Oxidizing,Objet_12457
Oxidizing,Objet_11648
Flammable,Objet_10753
Explosive,Objet_02655
Corrosive,Objet_12738
Fragile,Objet_03280
Radioactive,Objet_15154
Food,Objet_00540
Toxic,Objet_08928
Oxidizing,Objet_00822
Oxidizing,Objet_06882
Fragile,Objet_04475
Food,Objet_00416
Pressurized,Objet_04984
Toxic,Objet_04132
Pressurized,Objet_01990
Food,Objet_11598
Unspecified,Objet_00628
Unspecified,Objet_01289
Unspecified,Objet_09280
Corrosive,Objet_12347
Food,Objet_01808
Flammable,Objet_03453
Food,Objet_03875
Food,Objet_09993
Explosive,Objet_11629
Radioactive,Objet_12964
Explosive,Objet_09459
Flammable,Objet_14442
Food,Objet_05898
Food,Objet_15193
Radioactive,Objet_08191
Toxic,Objet_02571
Radioactive,Objet_14664
Toxic,Objet_07134
Oxidizing,Objet_14214
Pressurized,Objet_06856
Radioactive,Objet_11344
Toxic,Objet_04586
Flammable,Objet_11669
Radioactive,Objet_09069
Pressurized,Objet_06340
Food,Objet_03112
Pressurized,Objet_08270
Oxidizing,Objet_12721
Explosive,Objet_04411
Food,Objet_03669
Flammable,Objet_07913
Unspecified,Objet_04642
Unspecified,Objet_10399
Flammable,Objet_07389
Radioactive,Objet_05689
Radioactive,Objet_09442
Pressurized,Objet_03360
Fragile,Objet_13472
Unspecified,Objet_11812
Pressurized,Objet_08223
Toxic,Objet_01536
Pressurized,Objet_07639
Radioactive,Objet_11801
Corrosive,Objet_01513
Corrosive,Objet_14116
Oxidizing,Objet_09369
Explosive,Objet_07378
Unspecified,Objet_08047
Explosive,Objet_11582
Fragile,Objet_09113
Unspecified,Objet_10292
Corrosive,Objet_01782
Corrosive,Objet_02188
Toxic,Objet_01000
Oxidizing,Objet_12767
Oxidizing,Objet_09929
Toxic,Objet_14474
Food,Objet_13088
Corrosive,Objet_04939
Pressurized,Objet_07702
Explosive,Objet_14624
Pressurized,Objet_01857
Explosive,Objet_07991
Explosive,Objet_13479
Flammable,Objet_02970
Unspecified,Objet_02351
Flammable,Objet_06453
Toxic,Objet_02763
Radioactive,Objet_03416
Explosive,Objet_08907
Food,Objet_07779
Unspecified,Objet_10076
Radioactive,Objet_02385
Flammable,Objet_00453
Pressurized,Objet_04519
Food,Objet_12366
Food,Objet_05504
Flammable,Objet_04486
Unspecified,Objet_07633
Pressurized,Objet_13416
Radioactive,Objet_03020
Corrosive,Objet_09871
Toxic,Objet_10785
Oxidizing,Objet_05568
Food,Objet_15174
Unspecified,Objet_06887
Food,Objet_09059
Oxidizing,Objet_08375
Unspecified,Objet_14556
Flammable,Objet_11757
Toxic,Objet_03661
Oxidizing,Objet_00219
Food,Objet_13942
Explosive,Objet_03022
Flammable,Objet_06457
Corrosive,Objet_06786
Flammable,Objet_01774
Toxic,Objet_05598
Corrosive,Objet_01947
Fragile,Objet_11461
Explosive,Objet_11949
Explosive,Objet_08066
Radioactive,Objet_07800
Flammable,Objet_01656
Food,Objet_03615
Corrosive,Objet_06811
Toxic,Objet_09354
Explosive,Objet_10516
Unspecified,Objet_04104
Flammable,Objet_04654
Explosive,Objet_08466
Radioactive,Objet_05332
Toxic,Objet_15244
Radioactive,Objet_13029
Pressurized,Objet_12339
Toxic,Objet_09045
Unspecified,Objet_07726
Toxic,Objet_04827
Pressurized,Objet_03668
Radioactive,Objet_02791
Unspecified,Objet_00698
Corrosive,Objet_03583
Corrosive,Objet_14358
Food,Objet_00846
Toxic,Objet_07753
Explosive,Objet_10109
Food,Objet_02523
Pressurized,Objet_09892
Oxidizing,Objet_03912
Explosive,Objet_00014
Radioactive,Objet_03463
Toxic,Objet_11452
Pressurized,Objet_02999
Unspecified,Objet_14860
Radioactive,Objet_07419
Pressurized,Objet_03575
Toxic,Objet_08121
Unspecified,Objet_12100
Corrosive,Objet_05244
Unspecified,Objet_01412
Food,Objet_07035
Radioactive,Objet_10083
Oxidizing,Objet_08754
Food,Objet_04980
Radioactive,Objet_11404
Food,Objet_12533
Corrosive,Objet_03205
Radioactive,Objet_01564
Food,Objet_03078
Corrosive,Objet_12075
Toxic,Objet_04020
Radioactive,Objet_08276
Corrosive,Objet_00545
Radioactive,Objet_05425
Explosive,Objet_06371
Toxic,Objet_11259
Oxidizing,Objet_13282
Radioactive,Objet_13612
Explosive,Objet_11455
Corrosive,Objet_04506
Food,Objet_04845
Radioactive,Objet_00189
Corrosive,Objet_13860
Food,Objet_09533
Flammable,Objet_03643
Unspecified,Objet_04621
Corrosive,Objet_02560
Radioactive,Objet_01545
Food,Objet_09694
Explosive,Objet_04448
Oxidizing,Objet_04293
Radioactive,Objet_03751
Radioactive,Objet_11383
Corrosive,Objet_06892
Explosive,Objet_07215
Toxic,Objet_04306
Radioactive,Objet_04748
Explosive,Objet_02738
Toxic,Objet_10556
Toxic,Objet_06770
Oxidizing,Objet_08684
Corrosive,Objet_05738
Flammable,Objet_13869
Food,Objet_06379
Pressurized,Objet_04840
Oxidizing,Objet_14889
Explosive,Objet_04631
Unspecified,Objet_12063
Unspecified,Objet_04665
Corrosive,Objet_01731
Toxic,Objet_11773
Pressurized,Objet_06215
Explosive,Objet_10577
Radioactive,Objet_06472
Radioactive,Objet_00303
Explosive,Objet_05868
Explosive,Objet_11096
Corrosive,Objet_00783
Toxic,Objet_02463
Explosive,Objet_09588
Fragile,Objet_12806
Food,Objet_06933
Radioactive,Objet_05271
Pressurized,Objet_05320
Pressurized,Objet_08434
Flammable,Objet_00905
Unspecified,Objet_09352
Fragile,Objet_15071
Pressurized,Objet_08333
Fragile,Objet_06134
Flammable,Objet_00158
Oxidizing,Objet_00987
Oxidizing,Objet_09489
Explosive,Objet_06193
Unspecified,Objet_03157
Flammable,Objet_05023
Fragile,Objet_08703
Food,Objet_12302
Toxic,Objet_04124
Corrosive,Objet_03755
Food,Objet_12239
Pressurized,Objet_12600
Fragile,Objet_08354
Oxidizing,Objet_07504
Corrosive,Objet_05659
Corrosive,Objet_14389
Corrosive,Objet_05742
Pressurized,Objet_13521
Explosive,Objet_05426
Oxidizing,Objet_13365
Fragile,Objet_10501
Toxic,Objet_02000
Pressurized,Objet_01278
Radioactive,Objet_02537
Toxic,Objet_01344
Fragile,Objet_03090
Oxidizing,Objet_04176
Flammable,Objet_13908
Pressurized,Objet_01015
Oxidizing,Objet_00123
Pressurized,Objet_13962
Food,Objet_04468
Food,Objet_10517
Food,Objet_12926
Pressurized,Objet_05698
Pressurized,Objet_03967
Explosive,Objet_04758
Unspecified,Objet_02249
Food,Objet_03877
Food,Objet_13653
Pressurized,Objet_08897
Unspecified,Objet_00652
Radioactive,Objet_06759
Corrosive,Objet_04537
Explosive,Objet_04555
Explosive,Objet_11789
Food,Objet_08102
Corrosive,Objet_03438
Radioactive,Objet_14964
Fragile,Objet_07826
Fragile,Objet_09531
Flammable,Objet_03670
Toxic,Objet_01410
Toxic,Objet_12653
Flammable,Objet_00151
Oxidizing,Objet_11325
Pressurized,Objet_00576
Pressurized,Objet_02538
Flammable,Objet_02728
Radioactive,Objet_05103
Unspecified,Objet_02454
Food,Objet_02669
Fragile,Objet_10172
Fragile,Objet_03113
Food,Objet_13712
Radioactive,Objet_01966
Toxic,Objet_13407
Corrosive,Objet_04405
Corrosive,Objet_07123
Explosive,Objet_05515
Oxidizing,Objet_08921
Explosive,Objet_10979
Unspecified,Objet_13431
Radioactive,Objet_02703
Explosive,Objet_15113
Radioactive,Objet_08070
Food,Objet_04384
Toxic,Objet_10891
Flammable,Objet_10070
Toxic,Objet_11140
Pressurized,Objet_09839
Radioactive,Objet_06492
Toxic,Objet_10358
Corrosive,Objet_01845
Pressurized,Objet_05631
Oxidizing,Objet_12131
Toxic,Objet_01062
Corrosive,Objet_15326
Radioactive,Objet_15444
Unspecified,Objet_12520
Corrosive,Objet_12880
Food,Objet_10828
Oxidizing,Objet_12474
Oxidizing,Objet_07605
Corrosive,Objet_00770
Corrosive,Objet_01979
Radioactive,Objet_01721
Radioactive,Objet_08520
Toxic,Objet_01529
Flammable,Objet_11736
Pressurized,Objet_06760
Explosive,Objet_09745
Toxic,Objet_06970
Pressurized,Objet_13353
Corrosive,Objet_01324
Pressurized,Objet_04221
Oxidizing,Objet_10579
Fragile,Objet_09609
Food,Objet_00590
Oxidizing,Objet_12283
Fragile,Objet_05109
Toxic,Objet_14453
Radioactive,Objet_06659
Flammable,Objet_14300
Radioactive,Objet_09702
Flammable,Objet_10387
Radioactive,Objet_10983
Toxic,Objet_07689
Oxidizing,Objet_11020
Flammable,Objet_03259
Fragile,Objet_13428
Explosive,Objet_07401
Toxic,Objet_08558
Food,Objet_04295
Pressurized,Objet_05150
Flammable,Objet_00892
Pressurized,Objet_11672
Food,Objet_04171
Fragile,Objet_07012
Fragile,Objet_02403
Explosive,Objet_10099
Pressurized,Objet_14177
Pressurized,Objet_12765
Toxic,Objet_10913
Fragile,Objet_11395
Fragile,Objet_01039
Explosive,Objet_10602
Unspecified,Objet_11946
Oxidizing,Objet_12299
Unspecified,Objet_12778
Unspecified,Objet_05341
Flammable,Objet_14033
Oxidizing,Objet_02974
Corrosive,Objet_02865
Explosive,Objet_06916
Flammable,Objet_09623
Pressurized,Objet_07858
Oxidizing,Objet_12445
Toxic,Objet_12376
Unspecified,Objet_03788
Explosive,Objet_10259
Radioactive,Objet_03242
Unspecified,Objet_07980
Pressurized,Objet_00538
Unspecified,Objet_10837
Explosive,Objet_00472
Corrosive,Objet_02471
Corrosive,Objet_11103
Food,Objet_10212
Corrosive,Objet_05314
Unspecified,Objet_04789
Radioactive,Objet_00978
Corrosive,Objet_13931
Flammable,Objet_03313
Fragile,Objet_04882
Unspecified,Objet_14388
Explosive,Objet_06884
Fragile,Objet_10201
Radioactive,Objet_10886
Fragile,Objet_09747
Toxic,Objet_13226
Food,Objet_07227
Pressurized,Objet_07892
Unspecified,Objet_01400
Toxic,Objet_04799
Food,Objet_12518
Corrosive,Objet_12604
Fragile,Objet_08885
Toxic,Objet_11095
Unspecified,Objet_12556
Pressurized,Objet_04896
Corrosive,Objet_06543
Radioactive,Objet_08304
Toxic,Objet_03029
Unspecified,Objet_14836
Flammable,Objet_14685
Unspecified,Objet_11144
Radioactive,Objet_10258
Explosive,Objet_06946
Food,Objet_07089
Flammable,Objet_08767
Radioactive,Objet_08561
Flammable,Objet_11043
Corrosive,Objet_10805
Food,Objet_02309
Fragile,Objet_02298
Fragile,Objet_05118
Toxic,Objet_07556
Corrosive,Objet_09450
Flammable,Objet_04215
Oxidizing,Objet_07582
Oxidizing,Objet_00265
Food,Objet_03320
Food,Objet_13890
Food,Objet_07533
Corrosive,Objet_13707
Corrosive,Objet_11654
Pressurized,Objet_09930
Radioactive,Objet_09251
Oxidizing,Objet_03914
Fragile,Objet_12857
Fragile,Objet_14197
Pressurized,Objet_01203
Flammable,Objet_13120
Flammable,Objet_15062
Fragile,Objet_06309
Radioactive,Objet_00688
Corrosive,Objet_10241
Explosive,Objet_09329
Corrosive,Objet_06833
Pressurized,Objet_02074
Unspecified,Objet_05309
Toxic,Objet_04315
Food,Objet_00871
Unspecified,Objet_07730
Fragile,Objet_00395
Radioactive,Objet_15320
Toxic,Objet_09713
Explosive,Objet_09411
Food,Objet_13797
Explosive,Objet_08465
Fragile,Objet_09753
Flammable,Objet_14182
Radioactive,Objet_01353
Flammable,Objet_01623
Radioactive,Objet_13841
Pressurized,Objet_11459
Food,Objet_12441
Corrosive,Objet_05033
Explosive,Objet_05144
Toxic,Objet_09114
Radioactive,Objet_05322
Explosive,Objet_12112
Fragile,Objet_04557
Unspecified,Objet_08006
Corrosive,Objet_00887
Pressurized,Objet_10138
Pressurized,Objet_10592
Oxidizing,Objet_09139
Oxidizing,Objet_04872
Flammable,Objet_06166
Food,Objet_12651
Corrosive,Objet_14439
Radioactive,Objet_06269
Flammable,Objet_03653
Flammable,Objet_08947
Flammable,Objet_08313
Radioactive,Objet_02124
Unspecified,Objet_10175
Pressurized,Objet_00082
Fragile,Objet_11759
Unspecified,Objet_02030
Corrosive,Objet_02362
Corrosive,Objet_12021
Radioactive,Objet_14484
Radioactive,Objet_04651
Unspecified,Objet_02750
Fragile,Objet_00021
Explosive,Objet_14912
Corrosive,Objet_11830
Pressurized,Objet_13449
Unspecified,Objet_10687
Food,Objet_01003
Unspecified,Objet_15133
Explosive,Objet_00024
Unspecified,Objet_10413
Fragile,Objet_01929
Oxidizing,Objet_05810
Toxic,Objet_05037
Fragile,Objet_06252
Unspecified,Objet_13375
Radioactive,Objet_04288
Pressurized,Objet_06572
Explosive,Objet_09495
Unspecified,Objet_04043
Explosive,Objet_06404
Pressurized,Objet_03184
Unspecified,Objet_09362
Corrosive,Objet_03051
Food,Objet_13198
Pressurized,Objet_06142
Radioactive,Objet_08194
Oxidizing,Objet_04268
Toxic,Objet_07306
Toxic,Objet_05105
Fragile,Objet_03622
Corrosive,Objet_03929
Toxic,Objet_11855
Fragile,Objet_00419
Pressurized,Objet_11066
Food,Objet_02634
Fragile,Objet_07976
Fragile,Objet_11962
Corrosive,Objet_10410
Radioactive,Objet_09366
Pressurized,Objet_14896
Unspecified,Objet_06983
Oxidizing,Objet_11695
Oxidizing,Objet_00837
Fragile,Objet_08134
Pressurized,Objet_04366
Food,Objet_13153
Pressurized,Objet_13079
Corrosive,Objet_10679
Radioactive,Objet_04613
Fragile,Objet_00310
Fragile,Objet_01013
Oxidizing,Objet_00032
Flammable,Objet_00168
Corrosive,Objet_01992
Radioactive,Objet_02148
Corrosive,Objet_03885
Explosive,Objet_08611
Flammable,Objet_05468
Radioactive,Objet_10644
Fragile,Objet_02197
Toxic,Objet_00776
Explosive,Objet_14929
Fragile,Objet_11738
Explosive,Objet_12337
Food,Objet_05338
Radioactive,Objet_07093
Pressurized,Objet_08505
Food,Objet_14877
Explosive,Objet_01382
Flammable,Objet_09202
Fragile,Objet_02563
Flammable,Objet_09193
Unspecified,Objet_02209
Explosive,Objet_12205
Corrosive,Objet_02770
Unspecified,Objet_10294
Fragile,Objet_04641
Toxic,Objet_05887
Unspecified,Objet_04755
Radioactive,Objet_06227
Flammable,Objet_08734
Pressurized,Objet_08500
Explosive,Objet_03082
Explosive,Objet_03256
Explosive,Objet_07078
Toxic,Objet_13098
Corrosive,Objet_09487
Food,Objet_13012
Fragile,Objet_06119
Toxic,Objet_03345
Toxic,Objet_04070
Fragile,Objet_10712
Toxic,Objet_12769
Radioactive,Objet_10189
Explosive,Objet_12369
Food,Objet_00585
Radioactive,Objet_07650
Fragile,Objet_05011
Unspecified,Objet_11265
Explosive,Objet_06808
Corrosive,Objet_01379
Food,Objet_12259
Unspecified,Objet_15321
Food,Objet_01874
Unspecified,Objet_14990
Food,Objet_08356
Radioactive,Objet_10114
Oxidizing,Objet_00275
Corrosive,Objet_11698
Toxic,Objet_08784
Pressurized,Objet_08685
Oxidizing,Objet_09323
Unspecified,Objet_08861
Toxic,Objet_00293
Unspecified,Objet_02556
Fragile,Objet_13115
Radioactive,Objet_02057
Radioactive,Objet_09134
Oxidizing,Objet_12138
Unspecified,Objet_05556
Unspecified,Objet_06510
Food,Objet_05958
Corrosive,Objet_12241
Flammable,Objet_03424
Explosive,Objet_13089
Flammable,Objet_07809
Fragile,Objet_04197
Radioactive,Objet_02417
Fragile,Objet_03766
Corrosive,Objet_12281
Unspecified,Objet_14981
Pressurized,Objet_05539
Toxic,Objet_01888
Oxidizing,Objet_01915
Explosive,Objet_00008
Explosive,Objet_03127
Pressurized,Objet_13886
Fragile,Objet_12126
Fragile,Objet_11627
Food,Objet_07291
Food,Objet_02480
Oxidizing,Objet_12137
Pressurized,Objet_06123
Oxidizing,Objet_08735
Pressurized,Objet_01567
Corrosive,Objet_09445
Toxic,Objet_05781
Corrosive,Objet_11194
Flammable,Objet_08506
Food,Objet_15080
Unspecified,Objet_13411
Flammable,Objet_02944
Oxidizing,Objet_08464
Fragile,Objet_10855
Unspecified,Objet_09600
Flammable,Objet_05372
Radioactive,Objet_13366
Pressurized,Objet_14315
Corrosive,Objet_02904
Corrosive,Objet_11168
Unspecified,Objet_08454
Oxidizing,Objet_01408
Corrosive,Objet_14390
Unspecified,Objet_14831
Flammable,Objet_04906
Fragile,Objet_13247
Pressurized,Objet_06026
Fragile,Objet_11169
Pressurized,Objet_08372
Fragile,Objet_04698
Food,Objet_11751
Pressurized,Objet_04187
Radioactive,Objet_12612
Unspecified,Objet_13421
Corrosive,Objet_08502
Toxic,Objet_04655
Corrosive,Objet_01556
Pressurized,Objet_00751
Fragile,Objet_03350
Radioactive,Objet_06658
Flammable,Objet_03847
Oxidizing,Objet_07906
Food,Objet_15419
Fragile,Objet_08720
Oxidizing,Objet_02693
Fragile,Objet_10299
Corrosive,Objet_09199
Toxic,Objet_07234
Pressurized,Objet_10398
Fragile,Objet_02857
Fragile,Objet_08157
Food,Objet_01615
Toxic,Objet_15262
Radioactive,Objet_13907
Food,Objet_08964
Corrosive,Objet_04611
Pressurized,Objet_10717
Unspecified,Objet_05126
Radioactive,Objet_13676
Toxic,Objet_03356
Fragile,Objet_10140
Unspecified,Objet_03628
Radioactive,Objet_03939
Toxic,Objet_10813
Explosive,Objet_11920
Fragile,Objet_05161
Fragile,Objet_00312
Flammable,Objet_12183
Oxidizing,Objet_12200
Radioactive,Objet_10557
Unspecified,Objet_08829
Food,Objet_13183
Pressurized,Objet_04836
Fragile,Objet_08480
Fragile,Objet_12042
Food,Objet_07611
Food,Objet_00716
Explosive,Objet_03545
Corrosive,Objet_05639
Toxic,Objet_07138
Explosive,Objet_14108
Corrosive,Objet_12787
Pressurized,Objet_13537
Unspecified,Objet_05013
Toxic,Objet_02917
Radioactive,Objet_10815
Pressurized,Objet_04500
Oxidizing,Objet_05391
Explosive,Objet_14404
Pressurized,Objet_09542
Explosive,Objet_07466
Oxidizing,Objet_06315
Explosive,Objet_08536
Explosive,Objet_14024
Flammable,Objet_07432
Toxic,Objet_08913
Flammable,Objet_14827
Corrosive,Objet_00036
Radioactive,Objet_09299
Oxidizing,Objet_13659
Food,Objet_06098
Corrosive,Objet_08062
Oxidizing,Objet_02177
Unspecified,Objet_00820
Pressurized,Objet_04031
Pressurized,Objet_03446
Pressurized,Objet_05570
Fragile,Objet_05269
Unspecified,Objet_00980
Pressurized,Objet_08024
Oxidizing,Objet_12424
Pressurized,Objet_00614
Flammable,Objet_12077
Explosive,Objet_09096
Corrosive,Objet_13307
Food,Objet_09967
Explosive,Objet_10226
Explosive,Objet_12555
Food,Objet_08547
Food,Objet_12677
Explosive,Objet_08810
Unspecified,Objet_07063
Fragile,Objet_08091
Unspecified,Objet_15155
Explosive,Objet_14422
Radioactive,Objet_12996
Corrosive,Objet_11126
Unspecified,Objet_07524
Flammable,Objet_09938
Pressurized,Objet_15043
Flammable,Objet_13354
Corrosive,Objet_13177
Radioactive,Objet_06182
Radioactive,Objet_08805
Corrosive,Objet_02422
Oxidizing,Objet_12580
Fragile,Objet_04944
Radioactive,Objet_13168
Pressurized,Objet_06494
Radioactive,Objet_04986
Toxic,Objet_11327
Radioactive,Objet_15447
Toxic,Objet_11909
Flammable,Objet_06606
Fragile,Objet_08791
Fragile,Objet_05031
Food,Objet_14238
Food,Objet_02620
Corrosive,Objet_13949
Oxidizing,Objet_05802
Unspecified,Objet_00658
Flammable,Objet_13855
Oxidizing,Objet_03420
Explosive,Objet_01017
Toxic,Objet_15358
Fragile,Objet_05259
Explosive,Objet_05694
Pressurized,Objet_12195
Unspecified,Objet_00742
Food,Objet_14393
Fragile,Objet_02408
Explosive,Objet_10406
Fragile,Objet_09986
Oxidizing,Objet_08029
Toxic,Objet_05210
Radioactive,Objet_04540
Fragile,Objet_05479
Radioactive,Objet_05893
Explosive,Objet_03478
Flammable,Objet_11674
Unspecified,Objet_12675
Fragile,Objet_13822
Explosive,Objet_07870
Radioactive,Objet_12505
Corrosive,Objet_09891
Radioactive,Objet_03970
Fragile,Objet_11205
Pressurized,Objet_14684
Unspecified,Objet_01991
Pressurized,Objet_06876
Fragile,Objet_07464
Fragile,Objet_02646
Fragile,Objet_02984
Corrosive,Objet_03742
Corrosive,Objet_02778
Explosive,Objet_08192
Radioactive,Objet_14265
Fragile,Objet_01733
Fragile,Objet_14983
Food,Objet_09348
Explosive,Objet_13534
Oxidizing,Objet_11449
Radioactive,Objet_06819
Explosive,Objet_09840
Corrosive,Objet_07908
Unspecified,Objet_01524
Explosive,Objet_01715
Explosive,Objet_06613
Food,Objet_04028
Toxic,Objet_05222
Pressurized,Objet_04858
Unspecified,Objet_04539
Radioactive,Objet_12289
Oxidizing,Objet_05029
Radioactive,Objet_08599
Flammable,Objet_12428
Food,Objet_01902
Pressurized,Objet_00330
Unspecified,Objet_02979
Fragile,Objet_08250
Pressurized,Objet_13147
Radioactive,Objet_14923
Food,Objet_04550
Corrosive,Objet_04472
Flammable,Objet_07761
Toxic,Objet_13194
Flammable,Objet_05850
Toxic,Objet_01873
Radioactive,Objet_10144
Food,Objet_09949
Pressurized,Objet_14529
Food,Objet_07038
Food,Objet_05242
Pressurized,Objet_04307
Toxic,Objet_01568
Radioactive,Objet_10769
Corrosive,Objet_06462
Radioactive,Objet_04669
Corrosive,Objet_08528
Food,Objet_04578
Pressurized,Objet_15082
Radioactive,Objet_03710
Corrosive,Objet_01936
Fragile,Objet_12085
Food,Objet_15166
Food,Objet_04166
Radioactive,Objet_11254
Corrosive,Objet_04773
Oxidizing,Objet_09570
Pressurized,Objet_00539
Food,Objet_01886
Flammable,Objet_12593
Pressurized,Objet_13888
Flammable,Objet_00095
Explosive,Objet_11888
Food,Objet_06420
Radioactive,Objet_13916
Pressurized,Objet_06289
Toxic,Objet_04659
Explosive,Objet_07399
Toxic,Objet_05876
Oxidizing,Objet_01121
Fragile,Objet_08290
Food,Objet_04361
Oxidizing,Objet_06065
Flammable,Objet_13652
Flammable,Objet_03733
Flammable,Objet_15372
Corrosive,Objet_15099
Pressurized,Objet_00818
Toxic,Objet_03014
Corrosive,Objet_10961
Explosive,Objet_06524
Fragile,Objet_06226
Food,Objet_00213
Flammable,Objet_07711
Pressurized,Objet_08610
Food,Objet_07820
Pressurized,Objet_13221
Explosive,Objet_13795
Unspecified,Objet_13100
Food,Objet_12019
Food,Objet_00907
Radioactive,Objet_14640
Pressurized,Objet_05708
Flammable,Objet_05421
Food,Objet_07951
Fragile,Objet_14131
Food,Objet_01006
Explosive,Objet_14744
Corrosive,Objet_02596
Explosive,Objet_11294
Fragile,Objet_02201
Explosive,Objet_08866
Corrosive,Objet_06037
Pressurized,Objet_02112
Flammable,Objet_14650
Flammable,Objet_10754
Pressurized,Objet_04223
Corrosive,Objet_12722
Pressurized,Objet_04632
Flammable,Objet_05591
Radioactive,Objet_03650
Radioactive,Objet_06003
Explosive,Objet_04492
Fragile,Objet_12515
Explosive,Objet_06935
Explosive,Objet_11784
Explosive,Objet_10642
Toxic,Objet_02027
Toxic,Objet_13493
Toxic,Objet_13252
Toxic,Objet_12810
Fragile,Objet_02412
Toxic,Objet_10092
Unspecified,Objet_07477
Corrosive,Objet_12844
Explosive,Objet_00120
Unspecified,Objet_14432
Flammable,Objet_11568
Oxidizing,Objet_04175
Explosive,Objet_11897
Corrosive,Objet_02478
Radioactive,Objet_10903
Pressurized,Objet_10344
Radioactive,Objet_05117
Pressurized,Objet_13440
Pressurized,Objet_10162
Explosive,Objet_08140
Unspecified,Objet_14051
Fragile,Objet_02895
Food,Objet_07929
Corrosive,Objet_09371
Unspecified,Objet_05438
Corrosive,Objet_11456
Oxidizing,Objet_14232
Corrosive,Objet_14160
Oxidizing,Objet_14716
Corrosive,Objet_01651
Radioactive,Objet_13713
Explosive,Objet_11074
Food,Objet_06365
Pressurized,Objet_15110
Toxic,Objet_06330
Oxidizing,Objet_13062
Radioactive,Objet_14279
Pressurized,Objet_11529
Corrosive,Objet_04210
Unspecified,Objet_07912
Oxidizing,Objet_08242
Unspecified,Objet_05159
Fragile,Objet_00677
Food,Objet_05340
Food,Objet_06222
Oxidizing,Objet_09999
Explosive,Objet_07449
Food,Objet_13451
Oxidizing,Objet_12229
Radioactive,Objet_02313
Flammable,Objet_09961
Toxic,Objet_12866
Oxidizing,Objet_05952
Fragile,Objet_06266
Pressurized,Objet_10713
Food,Objet_01216
Flammable,Objet_08808
Explosive,Objet_07365
Flammable,Objet_14913
Pressurized,Objet_11188
Radioactive,Objet_13796
Toxic,Objet_03222
Radioactive,Objet_00916
Radioactive,Objet_01346
Corrosive,Objet_07002
Unspecified,Objet_07330
Pressurized,Objet_00319
Pressurized,Objet_15250
Explosive,Objet_09235
Radioactive,Objet_12044
Explosive,Objet_12429
Food,Objet_10692
Fragile,Objet_05385
Pressurized,Objet_00402
Radioactive,Objet_10710
Corrosive,Objet_05652
Oxidizing,Objet_09879
Radioactive,Objet_03684
Radioactive,Objet_12279
Fragile,Objet_13819
Food,Objet_05334
Food,Objet_07046
Corrosive,Objet_07759
Explosive,Objet_10080
Food,Objet_04505
Corrosive,Objet_15147
Radioactive,Objet_09404
Oxidizing,Objet_00133
Unspecified,Objet_04154
Fragile,Objet_11758
Unspecified,Objet_11876
Oxidizing,Objet_13102
Food,Objet_10192
Food,Objet_01703
Pressurized,Objet_11471
Pressurized,Objet_02512
Unspecified,Objet_09682
Corrosive,Objet_02416
Fragile,Objet_15277
Toxic,Objet_02001
Radioactive,Objet_04490
Pressurized,Objet_09160
Food,Objet_14164
Fragile,Objet_00811
Toxic,Objet_13043
Toxic,Objet_13565
Flammable,Objet_08759
Pressurized,Objet_10408
Radioactive,Objet_03893
Unspecified,Objet_03911
Food,Objet_03371
Fragile,Objet_05892
Food,Objet_15002
Corrosive,Objet_13480
Oxidizing,Objet_10724
Food,Objet_01215
Unspecified,Objet_04381
Radioactive,Objet_01411
Explosive,Objet_00884
Unspecified,Objet_10052
Corrosive,Objet_04136
Fragile,Objet_02337
Pressurized,Objet_14565
Pressurized,Objet_10953
Corrosive,Objet_04316
Radioactive,Objet_08874
Corrosive,Objet_07550
Oxidizing,Objet_14507
Fragile,Objet_14752
Corrosive,Objet_07087
Food,Objet_02361
Unspecified,Objet_11687
Corrosive,Objet_09662
Oxidizing,Objet_01665
Radioactive,Objet_07372
Pressurized,Objet_14338
Toxic,Objet_07851
Toxic,Objet_07728
Fragile,Objet_05533
Fragile,Objet_01333
Corrosive,Objet_03567
Pressurized,Objet_15364
Corrosive,Objet_13146
Explosive,Objet_15102
Flammable,Objet_03333
Unspecified,Objet_01807
Fragile,Objet_13234
Toxic,Objet_14943
Fragile,Objet_13139
Fragile,Objet_01959
Radioactive,Objet_11989
Corrosive,Objet_02229
Toxic,Objet_03657
Corrosive,Objet_10859
Unspecified,Objet_06988
Pressurized,Objet_10989
Radioactive,Objet_11252
Radioactive,Objet_14360
Flammable,Objet_02207
Corrosive,Objet_04202
Oxidizing,Objet_10404
Explosive,Objet_09331
Flammable,Objet_08996
Pressurized,Objet_03629
Radioactive,Objet_07387
Food,Objet_04103
Pressurized,Objet_13571
Flammable,Objet_03898
Toxic,Objet_03972
Fragile,Objet_01444
Corrosive,Objet_03060
Unspecified,Objet_10771
Unspecified,Objet_04623
Toxic,Objet_02127
Radioactive,Objet_08523
Radioactive,Objet_00888
Unspecified,Objet_10945
Explosive,Objet_13510
Corrosive,Objet_11223
Toxic,Objet_10547
Food,Objet_10111
Unspecified,Objet_14002
Fragile,Objet_00663
Radioactive,Objet_14984
Corrosive,Objet_02661
Corrosive,Objet_13360
Corrosive,Objet_06208
Food,Objet_09642
Unspecified,Objet_08041
Food,Objet_12543
Fragile,Objet_01821
Pressurized,Objet_05615
Fragile,Objet_14646
Unspecified,Objet_11590
Radioactive,Objet_11678
Pressurized,Objet_06826
Pressurized,Objet_09977
Explosive,Objet_05508
Radioactive,Objet_02565
Explosive,Objet_08597
Toxic,Objet_10521
Flammable,Objet_02164
Flammable,Objet_04542
Corrosive,Objet_11803
Flammable,Objet_13278
Toxic,Objet_00479
Radioactive,Objet_15007
Oxidizing,Objet_11731
Food,Objet_12043
Food,Objet_04302
Fragile,Objet_10930
Pressurized,Objet_01680
Radioactive,Objet_09917
Radioactive,Objet_14532
Fragile,Objet_06048
Flammable,Objet_06096
Toxic,Objet_10309
Food,Objet_12328
Flammable,Objet_06954
Toxic,Objet_10264
Corrosive,Objet_02844
Corrosive,Objet_10180
Radioactive,Objet_01551
Oxidizing,Objet_01155
Flammable,Objet_07397
Corrosive,Objet_11938
Radioactive,Objet_14996
Food,Objet_09334
Oxidizing,Objet_07714
Explosive,Objet_11403
Radioactive,Objet_09249
Toxic,Objet_07300
Toxic,Objet_03145
Radioactive,Objet_15010
Oxidizing,Objet_09552
Fragile,Objet_10257
Explosive,Objet_13982
Fragile,Objet_08801
Toxic,Objet_10280
Pressurized,Objet_13015
Unspecified,Objet_14725
Flammable,Objet_01528
Flammable,Objet_14097
Pressurized,Objet_07323
Fragile,Objet_09090
Explosive,Objet_12748
Food,Objet_08877
Toxic,Objet_07174
Radioactive,Objet_09732
Food,Objet_07514
Pressurized,Objet_12702
Unspecified,Objet_09159
Pressurized,Objet_07379
Oxidizing,Objet_12348
Unspecified,Objet_15092
Pressurized,Objet_14552
Radioactive,Objet_13692
Unspecified,Objet_12686
Explosive,Objet_03747
Pressurized,Objet_04260
Unspecified,Objet_14178
Pressurized,Objet_10695
Explosive,Objet_08560
Flammable,Objet_08004
Toxic,Objet_11462
Unspecified,Objet_06243
Fragile,Objet_00703
Toxic,Objet_04227
Food,Objet_03525
Pressurized,Objet_11977
Pressurized,Objet_06835
Flammable,Objet_09625
Explosive,Objet_02877
Toxic,Objet_06384
Explosive,Objet_07236
Pressurized,Objet_12993
Unspecified,Objet_06288
Pressurized,Objet_11089
Toxic,Objet_08482
Fragile,Objet_03827
Toxic,Objet_02902
Fragile,Objet_04813
Pressurized,Objet_12124
Toxic,Objet_04581
Oxidizing,Objet_10110
Toxic,Objet_11930
Corrosive,Objet_05093
Corrosive,Objet_09437
Oxidizing,Objet_04314
Explosive,Objet_00913
Radioactive,Objet_04746
Pressurized,Objet_12791
Radioactive,Objet_10022
Flammable,Objet_15129
Food,Objet_09569
Fragile,Objet_04829
Unspecified,Objet_05877
Corrosive,Objet_06771
Fragile,Objet_08678
Toxic,Objet_11300
Explosive,Objet_02091
Explosive,Objet_03375
Unspecified,Objet_09776
Fragile,Objet_08139
Oxidizing,Objet_02888
Food,Objet_08826
Fragile,Objet_12170
Radioactive,Objet_01507
Corrosive,Objet_03366
Oxidizing,Objet_04741
Corrosive,Objet_08662
Oxidizing,Objet_12923
Food,Objet_04743
Corrosive,Objet_09100
Flammable,Objet_06448
Unspecified,Objet_13124
Fragile,Objet_02035
Oxidizing,Objet_00786
Flammable,Objet_13647
Explosive,Objet_13978
Unspecified,Objet_06465
Explosive,Objet_07793
Food,Objet_12768
Explosive,Objet_15194
Flammable,Objet_02769
Oxidizing,Objet_08525
Fragile,Objet_13506
Radioactive,Objet_10601
Unspecified,Objet_12577
Explosive,Objet_11032
Corrosive,Objet_09319
Oxidizing,Objet_08215
Oxidizing,Objet_13703
Pressurized,Objet_07460
Toxic,Objet_00122
Unspecified,Objet_02617
Pressurized,Objet_09978
Oxidizing,Objet_08682
Explosive,Objet_11427
Oxidizing,Objet_11836
Fragile,Objet_02504
Pressurized,Objet_06276
Corrosive,Objet_14637
Radioactive,Objet_13240
Unspecified,Objet_07767
Fragile,Objet_09572
Toxic,Objet_12178
Fragile,Objet_01946
Corrosive,Objet_14169
Flammable,Objet_13248
Fragile,Objet_15083
Food,Objet_09689
Radioactive,Objet_02459
Toxic,Objet_06396
Food,Objet_02434
Pressurized,Objet_14521
Toxic,Objet_09708
Fragile,Objet_05137
Pressurized,Objet_06197
Flammable,Objet_02754
Corrosive,Objet_11896
Flammable,Objet_06958
Corrosive,Objet_13934
Fragile,Objet_15451
Flammable,Objet_03635
Oxidizing,Objet_07202
Flammable,Objet_01083
Flammable,Objet_13063
Unspecified,Objet_03182
Fragile,Objet_14201
Flammable,Objet_14879
Toxic,Objet_00665
Pressurized,Objet_07666
Unspecified,Objet_00305
Toxic,Objet_14905
Radioactive,Objet_10228
Unspecified,Objet_08621
Toxic,Objet_06088
Toxic,Objet_09181
Corrosive,Objet_06849
Flammable,Objet_12203
Fragile,Objet_09648
Oxidizing,Objet_13317
Toxic,Objet_04053
Food,Objet_01866
Unspecified,Objet_10312
Flammable,Objet_01113
Explosive,Objet_01202
Fragile,Objet_05067
Unspecified,Objet_07871
Food,Objet_07955
Toxic,Objet_09048
Food,Objet_11237
Corrosive,Objet_03541
Oxidizing,Objet_10390
Flammable,Objet_06268
Flammable,Objet_12315
Unspecified,Objet_11756
Food,Objet_08749
Pressurized,Objet_01923
Flammable,Objet_06329
Corrosive,Objet_13042
Pressurized,Objet_04877
Fragile,Objet_11620
Pressurized,Objet_12538
Unspecified,Objet_13484
Oxidizing,Objet_11382
Corrosive,Objet_03030
Food,Objet_02676
Corrosive,Objet_03815
Explosive,Objet_15041
Explosive,Objet_12458
Unspecified,Objet_15264
Fragile,Objet_02084
Explosive,Objet_01875
Corrosive,Objet_00990
Pressurized,Objet_11034
Pressurized,Objet_09252
Radioactive,Objet_02041
Corrosive,Objet_08101
Unspecified,Objet_08295
Explosive,Objet_13188
Explosive,Objet_02128
Toxic,Objet_14301
Pressurized,Objet_12622
Unspecified,Objet_03702
Oxidizing,Objet_02098
Flammable,Objet_13546
Pressurized,Objet_14647
Explosive,Objet_04258
Flammable,Objet_00589
Pressurized,Objet_11236
Radioactive,Objet_00147
Oxidizing,Objet_09283
Food,Objet_01074
Toxic,Objet_14918
Flammable,Objet_01922
Food,Objet_04706
Food,Objet_09842
Fragile,Objet_08584
Fragile,Objet_10165
Toxic,Objet_13301
Unspecified,Objet_07346
Toxic,Objet_08394
Corrosive,Objet_10205
Radioactive,Objet_12933
Corrosive,Objet_12770
Pressurized,Objet_01478
Flammable,Objet_05364
Unspecified,Objet_09432
Radioactive,Objet_15319
Unspecified,Objet_03357
Explosive,Objet_01270
Oxidizing,Objet_01753
Unspecified,Objet_05190
Flammable,Objet_08081
Explosive,Objet_12907
Food,Objet_06908
Food,Objet_11489
Fragile,Objet_10085
Corrosive,Objet_07257
Pressurized,Objet_06742
Food,Objet_06398
Toxic,Objet_11843
Corrosive,Objet_07750
Food,Objet_04545
Corrosive,Objet_01555
Corrosive,Objet_13256
Pressurized,Objet_02522
Oxidizing,Objet_02554
Corrosive,Objet_09628
Unspecified,Objet_03381
Unspecified,Objet_10107
Pressurized,Objet_10929
Explosive,Objet_00858
Toxic,Objet_11308
Explosive,Objet_12636
Food,Objet_01538
Explosive,Objet_05586
Unspecified,Objet_11316
Unspecified,Objet_05032
Food,Objet_10990
Toxic,Objet_13470
Explosive,Objet_12691
Corrosive,Objet_10503
Flammable,Objet_03050
Food,Objet_04977
Corrosive,Objet_13981
Pressurized,Objet_09311
Pressurized,Objet_03312
Oxidizing,Objet_07033
Radioactive,Objet_02863
Corrosive,Objet_15293
Flammable,Objet_02117
Corrosive,Objet_03437
Pressurized,Objet_09079
Corrosive,Objet_04696
Oxidizing,Objet_10272
Flammable,Objet_09875
Flammable,Objet_05330
Fragile,Objet_02277
Corrosive,Objet_01505
Oxidizing,Objet_04009
Corrosive,Objet_15027
Corrosive,Objet_12719
Oxidizing,Objet_03132
Corrosive,Objet_08769
Pressurized,Objet_14742
Fragile,Objet_12796
Food,Objet_14801
Fragile,Objet_10819
Food,Objet_05493
Unspecified,Objet_02235
Fragile,Objet_06594
Radioactive,Objet_11211
Explosive,Objet_05319
Fragile,Objet_02519
Radioactive,Objet_08379
Food,Objet_12399
Oxidizing,Objet_14272
Pressurized,Objet_12658
Unspecified,Objet_05027
Unspecified,Objet_10931
Fragile,Objet_04714
Oxidizing,Objet_04408
Radioactive,Objet_10293
Flammable,Objet_08774
Radioactive,Objet_01493
Pressurized,Objet_02992
Explosive,Objet_08994
Oxidizing,Objet_14736
Fragile,Objet_12981
Fragile,Objet_11271
Toxic,Objet_08707
Corrosive,Objet_04754
Flammable,Objet_12999
Radioactive,Objet_10968
Explosive,Objet_09097
Explosive,Objet_03198
Flammable,Objet_02830
Oxidizing,Objet_04736
Fragile,Objet_02647
Toxic,Objet_14953
Explosive,Objet_09604
Oxidizing,Objet_04862
Corrosive,Objet_03290
Pressurized,Objet_05427
Toxic,Objet_01829
Unspecified,Objet_00686
Fragile,Objet_09062
Pressurized,Objet_08860
Pressurized,Objet_13654
Fragile,Objet_07665
Pressurized,Objet_15047
Explosive,Objet_08418
Pressurized,Objet_04200
Oxidizing,Objet_14639
Toxic,Objet_12528
Pressurized,Objet_14052
Flammable,Objet_01687
Food,Objet_00619
Toxic,Objet_03301
Oxidizing,Objet_01245
Flammable,Objet_07549
Oxidizing,Objet_14920
Unspecified,Objet_11632
Toxic,Objet_01374
Fragile,Objet_13047
Oxidizing,Objet_02026
Corrosive,Objet_01777
Pressurized,Objet_04252
Fragile,Objet_15134
Flammable,Objet_03825
Fragile,Objet_11768
Toxic,Objet_15013
Food,Objet_13439
Flammable,Objet_06914
Toxic,Objet_07011
Radioactive,Objet_09777
Radioactive,Objet_06546
Fragile,Objet_08327
Unspecified,Objet_11558
Fragile,Objet_05818
Radioactive,Objet_04238
Oxidizing,Objet_01293
Explosive,Objet_15441
Radioactive,Objet_09093
Corrosive,Objet_04464
Flammable,Objet_02707
Food,Objet_03439
Radioactive,Objet_03108
Oxidizing,Objet_02100
Corrosive,Objet_07422
Oxidizing,Objet_04470
Explosive,Objet_11882
Unspecified,Objet_01096
Food,Objet_10550
Toxic,Objet_09639
Unspecified,Objet_13169
Flammable,Objet_03735
Corrosive,Objet_11621
Explosive,Objet_10553
Pressurized,Objet_09141
Fragile,Objet_07391
Food,Objet_07321
Oxidizing,Objet_06064
Food,Objet_09944
Oxidizing,Objet_01123
Pressurized,Objet_11282
Corrosive,Objet_08965
Oxidizing,Objet_02847
Toxic,Objet_08371
Fragile,Objet_14226
Radioactive,Objet_10199
Fragile,Objet_06454
Pressurized,Objet_06734
Corrosive,Objet_03546
Fragile,Objet_07752
Fragile,Objet_02028
Toxic,Objet_08657
Unspecified,Objet_08298
Oxidizing,Objet_06662
Unspecified,Objet_12918
Flammable,Objet_06851
Unspecified,Objet_03087
Unspecified,Objet_10580
Radioactive,Objet_00632
Corrosive,Objet_06700
Toxic,Objet_08851
Fragile,Objet_11951
Food,Objet_06699
Radioactive,Objet_04077
Oxidizing,Objet_02195
Food,Objet_10657
Pressurized,Objet_05707
Explosive,Objet_15015
Unspecified,Objet_12025
Flammable,Objet_01504
Explosive,Objet_10300
Toxic,Objet_12902
Explosive,Objet_09740
Fragile,Objet_13427
Toxic,Objet_10118
Toxic,Objet_06181
Explosive,Objet_06951
Oxidizing,Objet_15173
Radioactive,Objet_03454
Pressurized,Objet_01009
Corrosive,Objet_09262
Fragile,Objet_01389
Radioactive,Objet_12113
Unspecified,Objet_06177
Corrosive,Objet_14841
Fragile,Objet_07545
Flammable,Objet_01285
Food,Objet_09633
Corrosive,Objet_06007
Flammable,Objet_07312
Radioactive,Objet_07557
Corrosive,Objet_04397
Corrosive,Objet_13433
Explosive,Objet_07731
Flammable,Objet_08799
Toxic,Objet_05043
Radioactive,Objet_09852
Unspecified,Objet_09886
Explosive,Objet_05755
Pressurized,Objet_01136
Explosive,Objet_14641
Fragile,Objet_06991
Flammable,Objet_14212
Oxidizing,Objet_00700
Explosive,Objet_12251
Flammable,Objet_00555
Flammable,Objet_08364
Explosive,Objet_01086
Pressurized,Objet_06680
Food,Objet_12329
Explosive,Objet_08054
Fragile,Objet_12967
Toxic,Objet_08185
Flammable,Objet_12978
Flammable,Objet_01707
Oxidizing,Objet_04196
Corrosive,Objet_13504
Food,Objet_03054
Pressurized,Objet_14796
Toxic,Objet_08952
Flammable,Objet_04023
Food,Objet_06313
Fragile,Objet_00460
Radioactive,Objet_15181
Unspecified,Objet_15088
Pressurized,Objet_09906
Unspecified,Objet_10527
Corrosive,Objet_00511
Food,Objet_06481
Corrosive,Objet_12390
Corrosive,Objet_06211
Pressurized,Objet_08160
Radioactive,Objet_02976
Flammable,Objet_14890
Flammable,Objet_10807
Flammable,Objet_09185
Unspecified,Objet_05672
Radioactive,Objet_02194
Oxidizing,Objet_03762
Pressurized,Objet_08424
Corrosive,Objet_01026
Fragile,Objet_06628
Explosive,Objet_11419
Pressurized,Objet_08358
Fragile,Objet_02508
Oxidizing,Objet_11219
Oxidizing,Objet_09396
Explosive,Objet_12134
Oxidizing,Objet_11262
Unspecified,Objet_02631
Toxic,Objet_13339
Radioactive,Objet_06964
Radioactive,Objet_14291
Unspecified,Objet_11015
Explosive,Objet_01501
Corrosive,Objet_01058
Flammable,Objet_07489
Radioactive,Objet_07618
Pressurized,Objet_00954
Flammable,Objet_03455
Pressurized,Objet_03884
Pressurized,Objet_02918
Food,Objet_14478
Pressurized,Objet_10749
Explosive,Objet_10303
Toxic,Objet_09672
Oxidizing,Objet_02036
Food,Objet_01099
Food,Objet_03254
Fragile,Objet_13028
Oxidizing,Objet_13771
Toxic,Objet_07528
Pressurized,Objet_08838
Pressurized,Objet_15135
Toxic,Objet_04966
Explosive,Objet_14676
Flammable,Objet_01963
Toxic,Objet_13077
Oxidizing,Objet_04629
Unspecified,Objet_14785
Radioactive,Objet_14118
Pressurized,Objet_00789
Food,Objet_08469
Flammable,Objet_05719
Explosive,Objet_03697
Oxidizing,Objet_02015
Corrosive,Objet_13821
Oxidizing,Objet_12374
Corrosive,Objet_10419
Explosive,Objet_08400
Radioactive,Objet_01057
Radioactive,Objet_04864
Explosive,Objet_03234
Fragile,Objet_04839
Toxic,Objet_03864
Radioactive,Objet_09103
Flammable,Objet_03813
Flammable,Objet_06095
Corrosive,Objet_12212
Fragile,Objet_14076
Corrosive,Objet_12269
Corrosive,Objet_03942
Pressurized,Objet_09566
Explosive,Objet_13989
Corrosive,Objet_00316
Pressurized,Objet_03984
Oxidizing,Objet_05558
Radioactive,Objet_05751
Oxidizing,Objet_02513
Toxic,Objet_02929
Toxic,Objet_07322
Oxidizing,Objet_14691
Flammable,Objet_03561
Fragile,Objet_03632
Explosive,Objet_01901
Unspecified,Objet_01561
Corrosive,Objet_08235
Flammable,Objet_11091
Radioactive,Objet_07570
Pressurized,Objet_02706
Oxidizing,Objet_04653
Flammable,Objet_04467
Corrosive,Objet_14122
Radioactive,Objet_10896
Unspecified,Objet_01772
Corrosive,Objet_14309
Pressurized,Objet_04951
Flammable,Objet_13009
Pressurized,Objet_05651
Pressurized,Objet_09913
Food,Objet_12500
Flammable,Objet_03365
Food,Objet_09036
Fragile,Objet_13722
Pressurized,Objet_13961
Pressurized,Objet_14885
Toxic,Objet_01326
Oxidizing,Objet_12852
Explosive,Objet_11049
Explosive,Objet_09409
Corrosive,Objet_03493
Flammable,Objet_03308
Food,Objet_09135
Fragile,Objet_13620
Pressurized,Objet_12733
Unspecified,Objet_03605
Toxic,Objet_10460
Oxidizing,Objet_01998
Toxic,Objet_04243
Toxic,Objet_10597
Fragile,Objet_03881
Food,Objet_12001
Toxic,Objet_05197
Food,Objet_07574
Radioactive,Objet_14690
Oxidizing,Objet_07954
Oxidizing,Objet_10900
Fragile,Objet_12861
Toxic,Objet_01917
Fragile,Objet_08430
Food,Objet_14495
Pressurized,Objet_08981
Flammable,Objet_14653
Radioactive,Objet_11283
Unspecified,Objet_14356
Fragile,Objet_09715
Fragile,Objet_11372
Unspecified,Objet_07943
Corrosive,Objet_14334
Radioactive,Objet_06368
Toxic,Objet_11128
Radioactive,Objet_14236
Fragile,Objet_02210
Explosive,Objet_05232
Toxic,Objet_10569
Fragile,Objet_05410
Explosive,Objet_10187
Food,Objet_11562
Fragile,Objet_13697
Oxidizing,Objet_12160
Unspecified,Objet_05200
Unspecified,Objet_09785
Oxidizing,Objet_15039
Radioactive,Objet_04216
Unspecified,Objet_08650
Corrosive,Objet_02760
Unspecified,Objet_07117
Oxidizing,Objet_12674
Unspecified,Objet_12595
Unspecified,Objet_09464
Pressurized,Objet_12836
Unspecified,Objet_05675
Unspecified,Objet_02257
Pressurized,Objet_14146
Toxic,Objet_09479
Flammable,Objet_08919
Food,Objet_07438
Explosive,Objet_11727
Explosive,Objet_00841
Flammable,Objet_05393
Unspecified,Objet_05224
Corrosive,Objet_00988
Toxic,Objet_08674
Corrosive,Objet_03592
Toxic,Objet_01318
Explosive,Objet_00399
Radioactive,Objet_10255
Unspecified,Objet_03768
Radioactive,Objet_09952
Radioactive,Objet_08847
Corrosive,Objet_00911
Unspecified,Objet_00507
Radioactive,Objet_12260
Corrosive,Objet_00220
Corrosive,Objet_09701
Radioactive,Objet_09844
Radioactive,Objet_14973
Pressurized,Objet_13455
Fragile,Objet_00323
Unspecified,Objet_15399
Unspecified,Objet_00099
Corrosive,Objet_03687
Food,Objet_08082
Unspecified,Objet_14597
Corrosive,Objet_13749
Food,Objet_05619
Radioactive,Objet_02458
Corrosive,Objet_01679
Pressurized,Objet_02076
Food,Objet_10742
Oxidizing,Objet_00543
Oxidizing,Objet_02730
Flammable,Objet_11165
Corrosive,Objet_03317
Fragile,Objet_00116
Flammable,Objet_04013
Corrosive,Objet_06663
Fragile,Objet_06805
Oxidizing,Objet_13531
Explosive,Objet_13976
Food,Objet_13775
Food,Objet_02092
Toxic,Objet_01476
Fragile,Objet_03806
Radioactive,Objet_04328
Explosive,Objet_14503
Oxidizing,Objet_14120
Toxic,Objet_14018
Oxidizing,Objet_06832
Flammable,Objet_05211
Toxic,Objet_06522
Oxidizing,Objet_13837
Flammable,Objet_10036
Food,Objet_10158
Explosive,Objet_03549
Flammable,Objet_14034
Corrosive,Objet_03155
Food,Objet_14148
Corrosive,Objet_02248
Toxic,Objet_12814
Pressurized,Objet_12953
Pressurized,Objet_04685
Corrosive,Objet_08048
Pressurized,Objet_08766
Explosive,Objet_01487
Food,Objet_00707
Food,Objet_03361
Explosive,Objet_09624
Radioactive,Objet_08214
Unspecified,Objet_04797
Food,Objet_02424
Flammable,Objet_12619
Explosive,Objet_07723
Food,Objet_14543
Food,Objet_00958
Explosive,Objet_01317
Oxidizing,Objet_05786
Corrosive,Objet_02660
Radioactive,Objet_01090
Corrosive,Objet_09091
Oxidizing,Objet_13004
Corrosive,Objet_05472
Radioactive,Objet_05397
Food,Objet_06944
Toxic,Objet_05717
Fragile,Objet_02069
Corrosive,Objet_06532
Unspecified,Objet_14015
Pressurized,Objet_00587
Fragile,Objet_09161
Oxidizing,Objet_07972
Flammable,Objet_05906
Toxic,Objet_04713
Explosive,Objet_09803
Pressurized,Objet_13390
Unspecified,Objet_04045
Pressurized,Objet_10012
Corrosive,Objet_05692
Explosive,Objet_00041
Toxic,Objet_15263
Explosive,Objet_13481
Fragile,Objet_08514
Explosive,Objet_00750
Explosive,Objet_11323
Unspecified,Objet_03315
Corrosive,Objet_09460
Fragile,Objet_05794
Fragile,Objet_00016
Unspecified,Objet_09308
Fragile,Objet_05816
Food,Objet_05008
Pressurized,Objet_07997
Fragile,Objet_09679
Explosive,Objet_14100
Explosive,Objet_15125
Unspecified,Objet_06874
Fragile,Objet_02635
Food,Objet_05201
Fragile,Objet_08328
Flammable,Objet_14511
Explosive,Objet_12994
Corrosive,Objet_15401
Corrosive,Objet_13445
Toxic,Objet_07491
Radioactive,Objet_02607
Fragile,Objet_10356
Radioactive,Objet_00891
Explosive,Objet_09754
Flammable,Objet_04562
Flammable,Objet_01183
Fragile,Objet_09933
Oxidizing,Objet_15459
Flammable,Objet_02962
Corrosive,Objet_06728
Explosive,Objet_01044
Pressurized,Objet_07195
Oxidizing,Objet_14217
Unspecified,Objet_12405
Corrosive,Objet_00478
Oxidizing,Objet_01913
Fragile,Objet_15035
Toxic,Objet_06052
Food,Objet_15330
Flammable,Objet_03319
Flammable,Objet_03649
Explosive,Objet_06740
Unspecified,Objet_00383
Explosive,Objet_14743
Explosive,Objet_12330
Radioactive,Objet_00226
Explosive,Objet_14256
Food,Objet_01114
Pressurized,Objet_11863
Fragile,Objet_07520
Pressurized,Objet_09485
Fragile,Objet_00690
Radioactive,Objet_14663
Corrosive,Objet_13502
Oxidizing,Objet_12012
Food,Objet_14288
Corrosive,Objet_04026
Food,Objet_11501
Corrosive,Objet_07911
Pressurized,Objet_07837
Unspecified,Objet_13418
Radioactive,Objet_13861
Flammable,Objet_10045
Radioactive,Objet_09390
Radioactive,Objet_09258
Radioactive,Objet_06715
Corrosive,Objet_13875
Food,Objet_12325
Radioactive,Objet_12872
Explosive,Objet_12942
Flammable,Objet_07516
Oxidizing,Objet_06800
Pressurized,Objet_00289
Radioactive,Objet_13845
Corrosive,Objet_12911
Toxic,Objet_11041
Corrosive,Objet_07018
Fragile,Objet_03772
Corrosive,Objet_13744
Corrosive,Objet_03619
Toxic,Objet_01956
Oxidizing,Objet_08903
Toxic,Objet_03162
Radioactive,Objet_15234
Unspecified,Objet_12397
Pressurized,Objet_08460
Flammable,Objet_04350
Food,Objet_13293
Explosive,Objet_04034
Toxic,Objet_11522
Pressurized,Objet_03797
Explosive,Objet_10019
Pressurized,Objet_01930
Pressurized,Objet_03585
Corrosive,Objet_03943
Radioactive,Objet_08954
Flammable,Objet_02259
Pressurized,Objet_12864
Pressurized,Objet_01232
Corrosive,Objet_00840
Unspecified,Objet_13743
Corrosive,Objet_11468
Pressurized,Objet_07700
Flammable,Objet_13662
Unspecified,Objet_09748
Toxic,Objet_09147
Oxidizing,Objet_03135
Food,Objet_07620
Unspecified,Objet_14147
Unspecified,Objet_05923
Pressurized,Objet_06921
Pressurized,Objet_10525
Fragile,Objet_12771
Flammable,Objet_02121
Explosive,Objet_06232
Unspecified,Objet_10600
Explosive,Objet_00370
Food,Objet_12947
Unspecified,Objet_03161
Radioactive,Objet_01295
Toxic,Objet_12562
Radioactive,Objet_14061
Explosive,Objet_04602
Flammable,Objet_07515
Food,Objet_15407
Oxidizing,Objet_02085
Fragile,Objet_01624
Unspecified,Objet_11779
Toxic,Objet_07173
Food,Objet_05143
Oxidizing,Objet_02648
Pressurized,Objet_00440
Flammable,Objet_01050
Flammable,Objet_13460
Radioactive,Objet_05121
Flammable,Objet_00898
Explosive,Objet_05219
Explosive,Objet_10308
Oxidizing,Objet_08168
Flammable,Objet_12284
Fragile,Objet_08916
Unspecified,Objet_04920
Oxidizing,Objet_15462
Corrosive,Objet_07203
Corrosive,Objet_06067
Unspecified,Objet_13027
Pressurized,Objet_02431
Pressurized,Objet_02151
Toxic,Objet_11535
Corrosive,Objet_11875
Pressurized,Objet_00214
Unspecified,Objet_12545
Radioactive,Objet_01034
Pressurized,Objet_05538
Radioactive,Objet_13269
Corrosive,Objet_12146
Flammable,Objet_05409
Oxidizing,Objet_01323
Unspecified,Objet_08546
Explosive,Objet_06013
Oxidizing,Objet_08316
Unspecified,Objet_02605
Fragile,Objet_03587
Radioactive,Objet_03104
Food,Objet_03708
Toxic,Objet_01391
Fragile,Objet_13798
Flammable,Objet_03892
Fragile,Objet_00250
Unspecified,Objet_06614
Fragile,Objet_03760
Radioactive,Objet_00227
Food,Objet_07217
Fragile,Objet_12168
Food,Objet_13489
Food,Objet_12882
Flammable,Objet_06039
Explosive,Objet_05849
Fragile,Objet_00191
Food,Objet_03117
Pressurized,Objet_06326
Unspecified,Objet_04396
Oxidizing,Objet_09105
Food,Objet_10028
Toxic,Objet_07615
Toxic,Objet_07815
Oxidizing,Objet_09343
Fragile,Objet_10342
Corrosive,Objet_01054
Corrosive,Objet_07160
Fragile,Objet_05996
Food,Objet_06422
Oxidizing,Objet_01949
Radioactive,Objet_15069
Unspecified,Objet_14757
Toxic,Objet_02338
Toxic,Objet_02260
Unspecified,Objet_04507
Unspecified,Objet_03983
Fragile,Objet_13755
Fragile,Objet_01778
Flammable,Objet_08237
Flammable,Objet_02299
Unspecified,Objet_03412
Oxidizing,Objet_08507
Explosive,Objet_13263
Toxic,Objet_11708
Oxidizing,Objet_07481
Fragile,Objet_06577
Corrosive,Objet_11233
Unspecified,Objet_08576
Food,Objet_12455
Fragile,Objet_00454
Food,Objet_05134
Fragile,Objet_12071
Explosive,Objet_00798
Oxidizing,Objet_05824
Explosive,Objet_15036
Pressurized,Objet_00429
Flammable,Objet_15360
Flammable,Objet_11070
Unspecified,Objet_11185
Flammable,Objet_04808
Radioactive,Objet_05265
Flammable,Objet_10254
Fragile,Objet_03666
Toxic,Objet_10758
Flammable,Objet_02149
Fragile,Objet_05151
Explosive,Objet_03978
Fragile,Objet_09658
Pressurized,Objet_15479
Fragile,Objet_07462
Radioactive,Objet_06950
Unspecified,Objet_12912
Explosive,Objet_03849
Oxidizing,Objet_03355
Toxic,Objet_08756
Pressurized,Objet_00687
Corrosive,Objet_01853
Fragile,Objet_05918
Flammable,Objet_11158
Flammable,Objet_04415
Fragile,Objet_10073
Toxic,Objet_00831
Radioactive,Objet_04534
Radioactive,Objet_15394
Fragile,Objet_06603
Explosive,Objet_04191
Unspecified,Objet_15076
Fragile,Objet_14873
Radioactive,Objet_08265
Toxic,Objet_09901
Pressurized,Objet_08340
Radioactive,Objet_05300
Fragile,Objet_07922
Toxic,Objet_14323
Oxidizing,Objet_06205
Unspecified,Objet_14060
Flammable,Objet_10761
Pressurized,Objet_07335
Radioactive,Objet_09878
Corrosive,Objet_14219
Unspecified,Objet_10376
Corrosive,Objet_01364
Unspecified,Objet_01554
Food,Objet_06682
Unspecified,Objet_08836
Explosive,Objet_10658
Fragile,Objet_00153
Fragile,Objet_07003
Food,Objet_04304
Radioactive,Objet_00431
Flammable,Objet_08864
Fragile,Objet_14687
Corrosive,Objet_10923
Explosive,Objet_13800
Explosive,Objet_12673
Food,Objet_13582
Toxic,Objet_13322
Toxic,Objet_13673
Flammable,Objet_05678
Radioactive,Objet_02481
Pressurized,Objet_06206
Fragile,Objet_07368
Flammable,Objet_00678
Fragile,Objet_14343
Radioactive,Objet_13393
Oxidizing,Objet_10088
Oxidizing,Objet_06547
Fragile,Objet_10115
Pressurized,Objet_15375
Unspecified,Objet_07774
Pressurized,Objet_10044
Corrosive,Objet_12956
Corrosive,Objet_07131
Radioactive,Objet_14087
Food,Objet_01208
Toxic,Objet_06474
Toxic,Objet_12111
Flammable,Objet_07021
Unspecified,Objet_09219
Flammable,Objet_00075
Food,Objet_05323
Radioactive,Objet_03066
Food,Objet_01233
Oxidizing,Objet_12020
Food,Objet_09421
Flammable,Objet_03191
Pressurized,Objet_06336
Explosive,Objet_13298
Toxic,Objet_09756
Corrosive,Objet_14335
Food,Objet_05780
Food,Objet_14304
Flammable,Objet_13915
Pressurized,Objet_00241
Pressurized,Objet_12647
Oxidizing,Objet_03551
Oxidizing,Objet_10833
Corrosive,Objet_11398
Radioactive,Objet_04117
Pressurized,Objet_00190
Corrosive,Objet_03731
Explosive,Objet_01974
Radioactive,Objet_11612
Explosive,Objet_10444
Oxidizing,Objet_01451
Flammable,Objet_04082
Explosive,Objet_13847
Fragile,Objet_09019
Unspecified,Objet_06733
Unspecified,Objet_04159
Explosive,Objet_06399
Fragile,Objet_00171
Radioactive,Objet_13270
Radioactive,Objet_04561
Oxidizing,Objet_11606
Explosive,Objet_08752
Unspecified,Objet_10789
Unspecified,Objet_09506
Food,Objet_13492
Oxidizing,Objet_00494
Radioactive,Objet_01406
Flammable,Objet_02370
Pressurized,Objet_05995
Explosive,Objet_09064
Pressurized,Objet_05349
Fragile,Objet_10669
Pressurized,Objet_05401
Explosive,Objet_01144
Explosive,Objet_09900
Pressurized,Objet_10995
Fragile,Objet_12972
Food,Objet_08447
Unspecified,Objet_13469
Flammable,Objet_13939
Unspecified,Objet_03284
Fragile,Objet_05006
Fragile,Objet_10554
Fragile,Objet_04577
Fragile,Objet_00797
Unspecified,Objet_06331
Radioactive,Objet_13190
Fragile,Objet_12740
Unspecified,Objet_14908
Radioactive,Objet_03853
Explosive,Objet_05130
Flammable,Objet_12889
Fragile,Objet_08187
Explosive,Objet_06764
Unspecified,Objet_09042
Flammable,Objet_08585
Pressurized,Objet_00212
Food,Objet_14026
Unspecified,Objet_14540
Toxic,Objet_06982
Food,Objet_13974
Oxidizing,Objet_03756
Corrosive,Objet_05204
Corrosive,Objet_01329
Fragile,Objet_10867
Explosive,Objet_07881
Oxidizing,Objet_03527
Toxic,Objet_01267
Flammable,Objet_05333
Unspecified,Objet_15032
Toxic,Objet_00300
Radioactive,Objet_00634
Fragile,Objet_03823
Unspecified,Objet_13607
Corrosive,Objet_00547
Toxic,Objet_11060
Flammable,Objet_00873
Flammable,Objet_14192
Oxidizing,Objet_01780
Unspecified,Objet_11302
Flammable,Objet_09473
Food,Objet_13036
Pressurized,Objet_14612
Fragile,Objet_12274
Flammable,Objet_00174
Unspecified,Objet_01067
Oxidizing,Objet_05375
Unspecified,Objet_09494
Explosive,Objet_02983
Flammable,Objet_02425
Toxic,Objet_00039
Pressurized,Objet_15253
Radioactive,Objet_13052
Corrosive,Objet_15006
Toxic,Objet_15312
Fragile,Objet_08695
Flammable,Objet_05049
Pressurized,Objet_00767
Corrosive,Objet_10236
Pressurized,Objet_07101
Toxic,Objet_00384
Fragile,Objet_10066
Radioactive,Objet_00537
Unspecified,Objet_09876
Oxidizing,Objet_09081
Radioactive,Objet_05938
Fragile,Objet_00975
Corrosive,Objet_07153
Explosive,Objet_09261
Corrosive,Objet_14602
Toxic,Objet_02252
Oxidizing,Objet_09465
Pressurized,Objet_13843
Flammable,Objet_05405
Fragile,Objet_13131
Pressurized,Objet_02346
Corrosive,Objet_11118
Pressurized,Objet_01139
Fragile,Objet_01319
Oxidizing,Objet_14349
Food,Objet_13056
Unspecified,Objet_03690
Food,Objet_11178
Radioactive,Objet_01816
Food,Objet_11858
Flammable,Objet_07272
Flammable,Objet_08839
Fragile,Objet_11028
Flammable,Objet_03803
Explosive,Objet_09831
Pressurized,Objet_04856
Unspecified,Objet_00235
Pressurized,Objet_06521
Oxidizing,Objet_08078
Radioactive,Objet_13824
Oxidizing,Objet_04358
Fragile,Objet_10310
Food,Objet_08771
Food,Objet_02045
Oxidizing,Objet_13835
Toxic,Objet_03826
Radioactive,Objet_09115
Unspecified,Objet_02485
Toxic,Objet_06176
Toxic,Objet_01797
Oxidizing,Objet_10326
Unspecified,Objet_06147
Oxidizing,Objet_09790
Pressurized,Objet_03024
Pressurized,Objet_03517
Fragile,Objet_08300
Pressurized,Objet_06085
Fragile,Objet_14955
Fragile,Objet_13897
Radioactive,Objet_12800
Fragile,Objet_10889
Fragile,Objet_11381
Explosive,Objet_05276
Fragile,Objet_08834
Food,Objet_00273
Corrosive,Objet_02168
Corrosive,Objet_08257
Toxic,Objet_10921
Oxidizing,Objet_08188
Flammable,Objet_01601
Fragile,Objet_14321
Toxic,Objet_14454
Food,Objet_11959
Unspecified,Objet_09195
Oxidizing,Objet_00306
Corrosive,Objet_10072
Explosive,Objet_05196
Pressurized,Objet_13947
Explosive,Objet_08986
Radioactive,Objet_12005
Radioactive,Objet_11925
Oxidizing,Objet_02909
Corrosive,Objet_02166
Pressurized,Objet_11030
Unspecified,Objet_11810
Pressurized,Objet_14840
Pressurized,Objet_13936
Radioactive,Objet_12006
Pressurized,Objet_01094
Toxic,Objet_07766
Explosive,Objet_01266
Radioactive,Objet_06942
Oxidizing,Objet_08582
Corrosive,Objet_01300
Fragile,Objet_03932
Food,Objet_10632
Toxic,Objet_03218
Flammable,Objet_03346
Pressurized,Objet_07691
Flammable,Objet_14133
Explosive,Objet_10665
Unspecified,Objet_08034
Fragile,Objet_00405
Pressurized,Objet_01773
Unspecified,Objet_12425
Fragile,Objet_06062
Food,Objet_05127
Oxidizing,Objet_10122
Oxidizing,Objet_01502
Corrosive,Objet_13595
Fragile,Objet_08077
Unspecified,Objet_06605
Food,Objet_10151
Explosive,Objet_00620
Fragile,Objet_06108
Flammable,Objet_04912
Corrosive,Objet_02873
Radioactive,Objet_11628
Flammable,Objet_02961
Food,Objet_12060
Unspecified,Objet_09804
Corrosive,Objet_01004
Flammable,Objet_02719
Oxidizing,Objet_07828
Fragile,Objet_02824
Oxidizing,Objet_13933
Toxic,Objet_04004
Toxic,Objet_11825
Pressurized,Objet_09182
Fragile,Objet_01456
Food,Objet_11652
Explosive,Objet_06097
Radioactive,Objet_13878
Corrosive,Objet_01781
Pressurized,Objet_04728
Food,Objet_11795
Corrosive,Objet_11437
Flammable,Objet_07404
Fragile,Objet_12706
Unspecified,Objet_04184
Pressurized,Objet_07327
Pressurized,Objet_05164
Toxic,Objet_15168
Flammable,Objet_08051
Food,Objet_06491
Radioactive,Objet_05392
Radioactive,Objet_12182
Pressurized,Objet_11984
Food,Objet_08987
Radioactive,Objet_11061
Oxidizing,Objet_10467
Toxic,Objet_11275
Pressurized,Objet_15411
Toxic,Objet_07130
Toxic,Objet_10185
Pressurized,Objet_12758
Corrosive,Objet_10666
Pressurized,Objet_01442
Explosive,Objet_06173
Pressurized,Objet_09227
Toxic,Objet_13394
Explosive,Objet_09085
Toxic,Objet_05727
Explosive,Objet_04793
Explosive,Objet_01799
Flammable,Objet_14070
Flammable,Objet_07709
Unspecified,Objet_05709
Radioactive,Objet_14068
Oxidizing,Objet_02311
Explosive,Objet_10427
Oxidizing,Objet_01367
Toxic,Objet_04633
Radioactive,Objet_06439
Fragile,Objet_03401
Flammable,Objet_13766
Corrosive,Objet_00967
Food,Objet_10668
Toxic,Objet_10164
Unspecified,Objet_07612
Radioactive,Objet_14357
Radioactive,Objet_10047
Food,Objet_11149
Toxic,Objet_11546
Corrosive,Objet_13434
Corrosive,Objet_04186
Explosive,Objet_00418
Corrosive,Objet_02464
Food,Objet_13852
Flammable,Objet_05771
Radioactive,Objet_13594
Flammable,Objet_00136
Flammable,Objet_05716
Food,Objet_07817
Fragile,Objet_03938
Flammable,Objet_03725
Corrosive,Objet_14808
Radioactive,Objet_09877
Explosive,Objet_09872
Oxidizing,Objet_09265
Toxic,Objet_13245
Oxidizing,Objet_03488
Pressurized,Objet_12158
Unspecified,Objet_10672
Explosive,Objet_10796
Flammable,Objet_09423
Unspecified,Objet_00238
Fragile,Objet_04636
Explosive,Objet_11135
Food,Objet_13165
Unspecified,Objet_10420
Corrosive,Objet_03667
Unspecified,Objet_00360
Unspecified,Objet_11110
Unspecified,Objet_10812
Oxidizing,Objet_04768
Oxidizing,Objet_10103
Unspecified,Objet_06348
Fragile,Objet_04246
Unspecified,Objet_13899
Food,Objet_02068
Explosive,Objet_12024
Flammable,Objet_06105
Explosive,Objet_02143
Toxic,Objet_03244
Food,Objet_05872
Unspecified,Objet_12074
Flammable,Objet_04890
Radioactive,Objet_08708
Oxidizing,Objet_07895
Toxic,Objet_03623
Radioactive,Objet_01129
Pressurized,Objet_08704
Oxidizing,Objet_07947
Food,Objet_01855
Flammable,Objet_15267
Corrosive,Objet_08719
Toxic,Objet_12462
Pressurized,Objet_01342
Unspecified,Objet_03287
Toxic,Objet_11131
Corrosive,Objet_00886
Oxidizing,Objet_06566
Explosive,Objet_09293
Explosive,Objet_00052
Unspecified,Objet_05284
Radioactive,Objet_14544
Corrosive,Objet_07945
Oxidizing,Objet_01606
Corrosive,Objet_02667
Unspecified,Objet_07310
Food,Objet_02400
Corrosive,Objet_06747
Toxic,Objet_15189
Pressurized,Objet_12011
Fragile,Objet_02445
Explosive,Objet_09855
Explosive,Objet_00860
Toxic,Objet_02239
Flammable,Objet_06539
Radioactive,Objet_06723
Flammable,Objet_14719
Pressurized,Objet_08475
Pressurized,Objet_06355
Unspecified,Objet_11117
Unspecified,Objet_07495
Corrosive,Objet_09989
Corrosive,Objet_15220
Oxidizing,Objet_08228
Food,Objet_13919
Pressurized,Objet_03447
Pressurized,Objet_03039
Pressurized,Objet_01692
Pressurized,Objet_00328
Flammable,Objet_03775
Oxidizing,Objet_00521
Toxic,Objet_00392
Unspecified,Objet_03316
Food,Objet_08900
Explosive,Objet_08120
Food,Objet_04635
Fragile,Objet_15037
Explosive,Objet_06031
Radioactive,Objet_05487
Unspecified,Objet_01176
Pressurized,Objet_15346
Food,Objet_02744
Oxidizing,Objet_12900
Food,Objet_12464
Oxidizing,Objet_10061
Explosive,Objet_08634
Food,Objet_04543
Radioactive,Objet_01865
Pressurized,Objet_04174
Pressurized,Objet_11484
Toxic,Objet_14400
Toxic,Objet_12496
Fragile,Objet_00386
Fragile,Objet_15456
Pressurized,Objet_15338
Unspecified,Objet_13267
Oxidizing,Objet_07822
Corrosive,Objet_03028
Corrosive,Objet_14073
Pressurized,Objet_13001
Food,Objet_15117
Explosive,Objet_02156
Unspecified,Objet_06158
Food,Objet_02664
Toxic,Objet_12720
Explosive,Objet_09894
Pressurized,Objet_06602
Flammable,Objet_13008
Radioactive,Objet_12961
Unspecified,Objet_05294
Oxidizing,Objet_06685
Fragile,Objet_09994
Toxic,Objet_09760
Radioactive,Objet_07347
Flammable,Objet_13993
Radioactive,Objet_02561
Fragile,Objet_04016
Pressurized,Objet_04956
Toxic,Objet_05131
Food,Objet_08664
Explosive,Objet_08155
Oxidizing,Objet_12242
Fragile,Objet_10075
Flammable,Objet_09755
Explosive,Objet_06626
Corrosive,Objet_09890
Explosive,Objet_13538
Food,Objet_05888
Fragile,Objet_08117
Fragile,Objet_02875
Corrosive,Objet_14883
Fragile,Objet_02591
Pressurized,Objet_12865
Unspecified,Objet_07242
Pressurized,Objet_06471
Unspecified,Objet_04867
Radioactive,Objet_12756
Radioactive,Objet_02632
Corrosive,Objet_06846
Food,Objet_14494
Radioactive,Objet_09841
Fragile,Objet_07681
Explosive,Objet_11400
Unspecified,Objet_02373
Explosive,Objet_01699
Corrosive,Objet_00760
Unspecified,Objet_06968
Food,Objet_02948
Corrosive,Objet_07544
Flammable,Objet_10041
Flammable,Objet_06319
Oxidizing,Objet_12027
Toxic,Objet_05552
Explosive,Objet_12898
Pressurized,Objet_02202
Toxic,Objet_05982
Explosive,Objet_04730
Fragile,Objet_05670
Oxidizing,Objet_00637
Toxic,Objet_12083
Explosive,Objet_05966
Flammable,Objet_09304
Unspecified,Objet_11440
Explosive,Objet_11730
Oxidizing,Objet_08089
Explosive,Objet_06238
Corrosive,Objet_06250
Radioactive,Objet_00535
Pressurized,Objet_06498
Unspecified,Objet_07000
Radioactive,Objet_10350
Flammable,Objet_12186
Pressurized,Objet_07684
Fragile,Objet_05680
Food,Objet_04123
Oxidizing,Objet_01496
Explosive,Objet_08167
Corrosive,Objet_13202
Toxic,Objet_07403
Corrosive,Objet_00874
Unspecified,Objet_07794
Oxidizing,Objet_13094
Pressurized,Objet_12309
Food,Objet_10261
Corrosive,Objet_11434
Flammable,Objet_07304
Oxidizing,Objet_08727
Food,Objet_03332
Radioactive,Objet_01516
Oxidizing,Objet_02315
Oxidizing,Objet_13725
Unspecified,Objet_01306
Corrosive,Objet_02441
Pressurized,Objet_12655
Unspecified,Objet_11350
Corrosive,Objet_00893
Corrosive,Objet_10902
Radioactive,Objet_08737
Oxidizing,Objet_00900
Fragile,Objet_09717
Pressurized,Objet_03003
Explosive,Objet_12232
Toxic,Objet_01750
Flammable,Objet_00921
Oxidizing,Objet_10287
Oxidizing,Objet_11709
Toxic,Objet_11892
Explosive,Objet_09297
Flammable,Objet_09397
Radioactive,Objet_03880
Unspecified,Objet_10803
Fragile,Objet_01292
Pressurized,Objet_11954
Unspecified,Objet_13152
Fragile,Objet_01402
Corrosive,Objet_08266
Flammable,Objet_10352
Explosive,Objet_01673
Flammable,Objet_09905
Radioactive,Objet_09038
Flammable,Objet_07204
Toxic,Objet_05499
Explosive,Objet_13889
Oxidizing,Objet_12581
Unspecified,Objet_09638
Oxidizing,Objet_12245
Pressurized,Objet_00364
Explosive,Objet_11658
Oxidizing,Objet_04680
Unspecified,Objet_05235
Unspecified,Objet_05240
Unspecified,Objet_04879
Flammable,Objet_14832
Toxic,Objet_04010
Explosive,Objet_12122
Corrosive,Objet_05274
Explosive,Objet_08410
Radioactive,Objet_00193
Flammable,Objet_14134
Unspecified,Objet_05681
Pressurized,Objet_13320
Corrosive,Objet_01664
Radioactive,Objet_13329
Explosive,Objet_09858
Radioactive,Objet_10868
Food,Objet_14723
Oxidizing,Objet_07110
Flammable,Objet_06540
Corrosive,Objet_07685
Fragile,Objet_10462
Fragile,Objet_11664
Fragile,Objet_13979
Fragile,Objet_05489
Explosive,Objet_15318
Oxidizing,Objet_10220
Food,Objet_10996
Fragile,Objet_01431
Corrosive,Objet_15177
Flammable,Objet_06906
Unspecified,Objet_02238
Explosive,Objet_00192
Radioactive,Objet_00409
Radioactive,Objet_13568
Oxidizing,Objet_06937
Explosive,Objet_12688
Oxidizing,Objet_10135
Food,Objet_11656
Fragile,Objet_01616
Food,Objet_02250
Corrosive,Objet_07414
Flammable,Objet_09962
Explosive,Objet_10429
Toxic,Objet_05148
Explosive,Objet_09722
Food,Objet_08324
Toxic,Objet_13586
Food,Objet_05345
Corrosive,Objet_02012
Toxic,Objet_13482
Oxidizing,Objet_05458
Fragile,Objet_08174
Flammable,Objet_10718
Corrosive,Objet_04670
Pressurized,Objet_03845
Corrosive,Objet_04780
Pressurized,Objet_07099
Food,Objet_02469
Corrosive,Objet_01325
Corrosive,Objet_04402
Explosive,Objet_03688
Corrosive,Objet_04054
Radioactive,Objet_01489
Pressurized,Objet_11555
Corrosive,Objet_06588
Flammable,Objet_09477
Fragile,Objet_05747
Food,Objet_10969
Toxic,Objet_08887
Radioactive,Objet_11913
Food,Objet_02467
Unspecified,Objet_06320
Food,Objet_07010
Radioactive,Objet_03107
Oxidizing,Objet_14412
Corrosive,Objet_06084
Corrosive,Objet_15144
Corrosive,Objet_06791
Corrosive,Objet_06567
Radioactive,Objet_14944
Radioactive,Objet_09945
Flammable,Objet_08761
Corrosive,Objet_00339
Flammable,Objet_09647
Food,Objet_02204
Pressurized,Objet_11212
Pressurized,Objet_04019
Corrosive,Objet_11039
Unspecified,Objet_07022
Pressurized,Objet_00712
Radioactive,Objet_05074
Flammable,Objet_03862
Explosive,Objet_04733
Oxidizing,Objet_12421
Oxidizing,Objet_15182
Toxic,Objet_05052
Corrosive,Objet_12565
Radioactive,Objet_11450
Oxidizing,Objet_00069
Fragile,Objet_02621
Pressurized,Objet_00487
Explosive,Objet_02773
Unspecified,Objet_00747
Food,Objet_03544
Explosive,Objet_01809
Radioactive,Objet_15288
Pressurized,Objet_05590
Oxidizing,Objet_04078
Unspecified,Objet_11557
Food,Objet_07735
Explosive,Objet_09528
Oxidizing,Objet_03508
Unspecified,Objet_05653
Flammable,Objet_11221
Pressurized,Objet_13508
Explosive,Objet_10157
Toxic,Objet_05001
Corrosive,Objet_12032
Pressurized,Objet_04771
Fragile,Objet_05658
Unspecified,Objet_13254
Pressurized,Objet_14575
Radioactive,Objet_02846
Unspecified,Objet_04050
Food,Objet_03873
Oxidizing,Objet_06694
Oxidizing,Objet_14491
Oxidizing,Objet_10818
Oxidizing,Objet_09037
Toxic,Objet_01380
Pressurized,Objet_02192
Fragile,Objet_15386
Flammable,Objet_14997
Radioactive,Objet_11235
Radioactive,Objet_10230
Food,Objet_15065
Oxidizing,Objet_05626
Food,Objet_03380
Corrosive,Objet_01626
Corrosive,Objet_06552
Flammable,Objet_06233
Fragile,Objet_12588
Toxic,Objet_06611
Explosive,Objet_12983
Oxidizing,Objet_03038
Unspecified,Objet_07182
Food,Objet_13543
Corrosive,Objet_05988
Corrosive,Objet_04734
Pressurized,Objet_11454
Radioactive,Objet_01542
Oxidizing,Objet_09313
Unspecified,Objet_00394
Food,Objet_04772
Radioactive,Objet_13912
Oxidizing,Objet_13432
Flammable,Objet_07139
Toxic,Objet_09838
Oxidizing,Objet_12222
Unspecified,Objet_00345
Food,Objet_12804
Fragile,Objet_01613
Fragile,Objet_13583
Pressurized,Objet_11782
Corrosive,Objet_14993
Pressurized,Objet_14843
Food,Objet_03540
Unspecified,Objet_05174
Fragile,Objet_14078
Toxic,Objet_03210
Pressurized,Objet_02913
Pressurized,Objet_14239
Fragile,Objet_01130
Explosive,Objet_11996
Radioactive,Objet_10161
Food,Objet_06499
Radioactive,Objet_03033
Radioactive,Objet_07189
Toxic,Objet_00832
Corrosive,Objet_09597
Unspecified,Objet_15211
Flammable,Objet_01801
Explosive,Objet_04587
Corrosive,Objet_14154
Toxic,Objet_07428
Explosive,Objet_15477
Toxic,Objet_06858
Food,Objet_01488
Explosive,Objet_00222
Flammable,Objet_03974
Corrosive,Objet_00284
Flammable,Objet_10740
Radioactive,Objet_06705
Flammable,Objet_01575
Corrosive,Objet_15164
Radioactive,Objet_00927
Pressurized,Objet_04108
Oxidizing,Objet_11391
Fragile,Objet_11499
Fragile,Objet_14381
Flammable,Objet_12091
Pressurized,Objet_09180
Fragile,Objet_10814
Fragile,Objet_06117
Explosive,Objet_01426
Explosive,Objet_15433
Unspecified,Objet_07421
Oxidizing,Objet_12410
Oxidizing,Objet_11849
Oxidizing,Objet_14485
Fragile,Objet_07580
Fragile,Objet_14247
Oxidizing,Objet_06766
Toxic,Objet_05972
Corrosive,Objet_00034
Radioactive,Objet_04414
Toxic,Objet_03459
Pressurized,Objet_08995
Flammable,Objet_02575
Flammable,Objet_14473
Food,Objet_02740
Food,Objet_11763
Toxic,Objet_06300
Radioactive,Objet_05772
Radioactive,Objet_14055
Toxic,Objet_03193
Oxidizing,Objet_09419
Explosive,Objet_00918
Fragile,Objet_03168
Toxic,Objet_03098
Radioactive,Objet_10207
Pressurized,Objet_11848
Corrosive,Objet_04886
Explosive,Objet_00363
Explosive,Objet_13806
Fragile,Objet_09522
Fragile,Objet_00725
Fragile,Objet_08740
Corrosive,Objet_00438
Pressurized,Objet_09302
Explosive,Objet_09151
Unspecified,Objet_11276
Toxic,Objet_06244
Toxic,Objet_04774
Oxidizing,Objet_13941
Oxidizing,Objet_11150
Corrosive,Objet_14770
Explosive,Objet_10888
Toxic,Objet_11616
Fragile,Objet_12084
Corrosive,Objet_14392
Food,Objet_08243
Radioactive,Objet_08014
Corrosive,Objet_10195
Oxidizing,Objet_06406
Food,Objet_09926
Oxidizing,Objet_08479
Toxic,Objet_04569
Toxic,Objet_05821
Radioactive,Objet_08071
Toxic,Objet_10105
Pressurized,Objet_07176
Radioactive,Objet_00276
Corrosive,Objet_02446
Radioactive,Objet_13818
Flammable,Objet_12161
Radioactive,Objet_05699
Radioactive,Objet_06221
Corrosive,Objet_06475
Unspecified,Objet_10643
Toxic,Objet_03324
Corrosive,Objet_03651
Oxidizing,Objet_08699
Radioactive,Objet_10685
Food,Objet_15045
Pressurized,Objet_15208
Toxic,Objet_11170
Explosive,Objet_06548
Toxic,Objet_13442
Food,Objet_11339
Corrosive,Objet_13333
Explosive,Objet_07096
Unspecified,Objet_09733
Flammable,Objet_01648
Toxic,Objet_06389
Fragile,Objet_02465
Food,Objet_09124
Flammable,Objet_11861
Toxic,Objet_08925
Food,Objet_03913
Explosive,Objet_08517
Fragile,Objet_14125
Radioactive,Objet_05908
Toxic,Objet_13164
Flammable,Objet_00757
Corrosive,Objet_12615
Fragile,Objet_08186
Fragile,Objet_11684
Food,Objet_06888
Toxic,Objet_09505
Radioactive,Objet_14700
Food,Objet_03962
Radioactive,Objet_06010
Pressurized,Objet_01779
Radioactive,Objet_12130
Flammable,Objet_05505
Food,Objet_13215
Fragile,Objet_03638
Pressurized,Objet_02711
Explosive,Objet_05536
Radioactive,Objet_12951
Flammable,Objet_03273
Oxidizing,Objet_12438
Toxic,Objet_07807
Pressurized,Objet_13461
Fragile,Objet_10178
Explosive,Objet_15377
Toxic,Objet_09731
Corrosive,Objet_14322
Radioactive,Objet_02650
Fragile,Objet_01755
Oxidizing,Objet_07617
Flammable,Objet_00477
Corrosive,Objet_08444
Food,Objet_03483
Pressurized,Objet_14698
Pressurized,Objet_02553
Oxidizing,Objet_06429
Unspecified,Objet_03526
Food,Objet_11940
Radioactive,Objet_00997
Food,Objet_04135
Unspecified,Objet_14255
Pressurized,Objet_13964
Corrosive,Objet_15478
Radioactive,Objet_06773
Corrosive,Objet_00959
Oxidizing,Objet_13268
Pressurized,Objet_04291
Oxidizing,Objet_08057
Toxic,Objet_08853
Explosive,Objet_04699
Oxidizing,Objet_00946
Fragile,Objet_09659
Food,Objet_02333
Food,Objet_15017
Explosive,Objet_15156
Explosive,Objet_12047
Food,Objet_01186
Food,Objet_03415
Oxidizing,Objet_02805
Corrosive,Objet_10380
Unspecified,Objet_00801
Flammable,Objet_06836
Food,Objet_15232
Radioactive,Objet_02872
Flammable,Objet_04990
Radioactive,Objet_12523
Pressurized,Objet_01483
Food,Objet_02562
Oxidizing,Objet_08793
Fragile,Objet_11682
Food,Objet_04051
Toxic,Objet_12773
Explosive,Objet_08145
Pressurized,Objet_06910
Oxidizing,Objet_09410
Food,Objet_02986
Unspecified,Objet_07536
Oxidizing,Objet_13761
Unspecified,Objet_11638
Oxidizing,Objet_05306
Oxidizing,Objet_09347
Pressurized,Objet_13525
Explosive,Objet_01722
Corrosive,Objet_12237
Radioactive,Objet_12365
Food,Objet_04722
Fragile,Objet_01943
Food,Objet_09915
Explosive,Objet_04892
Food,Objet_13614
Oxidizing,Objet_03897
Food,Objet_07262
Food,Objet_06644
Explosive,Objet_07433
Oxidizing,Objet_07287
Pressurized,Objet_06737
Fragile,Objet_14080
Flammable,Objet_02540
Radioactive,Objet_10675
Fragile,Objet_06864
Pressurized,Objet_10250
Toxic,Objet_04482
Unspecified,Objet_10937
Oxidizing,Objet_10582
Flammable,Objet_04973
Explosive,Objet_06554
Pressurized,Objet_09109
Pressurized,Objet_09592
Fragile,Objet_15019
Radioactive,Objet_05299
Radioactive,Objet_08427
Flammable,Objet_11816
Corrosive,Objet_14425
Oxidizing,Objet_00527
Pressurized,Objet_05999
Explosive,Objet_04687
Explosive,Objet_13632
Toxic,Objet_11476
Pressurized,Objet_02555
Radioactive,Objet_08436
Oxidizing,Objet_05439
Unspecified,Objet_10721
Pressurized,Objet_11733
Explosive,Objet_05763
Oxidizing,Objet_15028
Fragile,Objet_09827
Oxidizing,Objet_13539
Oxidizing,Objet_01287
Radioactive,Objet_15291
Pressurized,Objet_02762
Pressurized,Objet_04499
Fragile,Objet_06890
Radioactive,Objet_08668
Toxic,Objet_01188
Corrosive,Objet_03081
Corrosive,Objet_05948
Fragile,Objet_07244
Food,Objet_07591
Toxic,Objet_15455
Explosive,Objet_05640
Fragile,Objet_10748
Flammable,Objet_08437
Corrosive,Objet_14500
Food,Objet_06194
Radioactive,Objet_12871
Pressurized,Objet_13970
Food,Objet_00076
Explosive,Objet_14150
Toxic,Objet_07769
Oxidizing,Objet_01571
Radioactive,Objet_02612
Radioactive,Objet_13655
Flammable,Objet_04798
Toxic,Objet_07609
Corrosive,Objet_07646
Pressurized,Objet_03802
Corrosive,Objet_01804
Fragile,Objet_13260
Explosive,Objet_03338
Food,Objet_01019
Fragile,Objet_08790
Oxidizing,Objet_05588
Food,Objet_02800
Fragile,Objet_12106
Unspecified,Objet_03565
Food,Objet_11563
Pressurized,Objet_09083
Unspecified,Objet_08509
Corrosive,Objet_12952
Oxidizing,Objet_11130
Fragile,Objet_00088
Oxidizing,Objet_04407
Flammable,Objet_09866
Explosive,Objet_00414
Explosive,Objet_12023
Explosive,Objet_04554
Explosive,Objet_09171
Radioactive,Objet_03613
Explosive,Objet_14347
Oxidizing,Objet_01727
Fragile,Objet_13466
Fragile,Objet_14244
Oxidizing,Objet_02279
Radioactive,Objet_08108
Corrosive,Objet_02224
Corrosive,Objet_13946
Fragile,Objet_05149
Unspecified,Objet_01022
Oxidizing,Objet_11371
Pressurized,Objet_11502
Flammable,Objet_15362
Toxic,Objet_06646
Toxic,Objet_14867
Flammable,Objet_08896
Unspecified,Objet_11970
Unspecified,Objet_14591
Radioactive,Objet_09335
Toxic,Objet_11694
Pressurized,Objet_06373
Corrosive,Objet_12856
Food,Objet_14162
Pressurized,Objet_14951
Pressurized,Objet_05812
Fragile,Objet_07849
Oxidizing,Objet_06128
Toxic,Objet_12208
Radioactive,Objet_10615
Oxidizing,Objet_08093
Food,Objet_09565
Pressurized,Objet_03773
Fragile,Objet_14114
Radioactive,Objet_01751
Toxic,Objet_11898
Food,Objet_11802
Corrosive,Objet_07270
Radioactive,Objet_02107
Corrosive,Objet_10650
Toxic,Objet_15329
Oxidizing,Objet_09208
Unspecified,Objet_11268
Oxidizing,Objet_06798
Food,Objet_12594
Food,Objet_09467
Explosive,Objet_09192
Toxic,Objet_03586
Radioactive,Objet_11473
Oxidizing,Objet_13032
Flammable,Objet_06583
Toxic,Objet_03692
Food,Objet_02095
Corrosive,Objet_06526
Fragile,Objet_03295
Food,Objet_12614
Fragile,Objet_08306
Food,Objet_04420
Explosive,Objet_11088
Toxic,Objet_06668
Radioactive,Objet_09727
Oxidizing,Objet_09234
Pressurized,Objet_03494
Oxidizing,Objet_04125
Oxidizing,Objet_02761
Fragile,Objet_14957
Flammable,Objet_07641
Explosive,Objet_06004
Explosive,Objet_04747
Corrosive,Objet_01393
Food,Objet_08978
Oxidizing,Objet_09817
Fragile,Objet_04860
Unspecified,Objet_02624
Food,Objet_08326
Fragile,Objet_04485
Oxidizing,Objet_03048
Radioactive,Objet_12164
Toxic,Objet_01770
Unspecified,Objet_10333
Flammable,Objet_10149
Flammable,Objet_07634
Corrosive,Objet_07162
Explosive,Objet_03646
Flammable,Objet_07037
Fragile,Objet_15064
Food,Objet_04012
Pressurized,Objet_13757
Flammable,Objet_07672
Corrosive,Objet_07468
Radioactive,Objet_02610
Fragile,Objet_11640
Corrosive,Objet_13097
Fragile,Objet_12574
Food,Objet_13767
Radioactive,Objet_08446
Unspecified,Objet_10365
Toxic,Objet_06850
Toxic,Objet_04312
Radioactive,Objet_00810
Fragile,Objet_10512
Toxic,Objet_12407
Unspecified,Objet_09698
Fragile,Objet_13727
Food,Objet_13446
Corrosive,Objet_15214
Pressurized,Objet_05525
Pressurized,Objet_12364
Unspecified,Objet_01506
Unspecified,Objet_02341
Food,Objet_04903
Radioactive,Objet_02878
Flammable,Objet_04639
Pressurized,Objet_09493
Fragile,Objet_03534
Food,Objet_09250
Oxidizing,Objet_03715
Oxidizing,Objet_11837
Fragile,Objet_06706
Pressurized,Objet_11441
Pressurized,Objet_06433
Food,Objet_14619
Fragile,Objet_12332
Flammable,Objet_01746
Radioactive,Objet_05723
Food,Objet_01543
Pressurized,Objet_04014
Corrosive,Objet_04399
Food,Objet_12219
Corrosive,Objet_06545
Unspecified,Objet_13216
Pressurized,Objet_01661
Corrosive,Objet_04838
Unspecified,Objet_11900
Corrosive,Objet_06452
Explosive,Objet_13699
Food,Objet_06002
Flammable,Objet_08508
Corrosive,Objet_11560
Corrosive,Objet_08141
Pressurized,Objet_11305
Fragile,Objet_01663
Corrosive,Objet_01352
Unspecified,Objet_02663
Radioactive,Objet_07920
Radioactive,Objet_09919
Unspecified,Objet_05679
Unspecified,Objet_02582
Explosive,Objet_12627
Radioactive,Objet_13640
Toxic,Objet_04617
Pressurized,Objet_12176
Explosive,Objet_13785
Food,Objet_03539
Fragile,Objet_11693
Food,Objet_01701
Fragile,Objet_04688
Pressurized,Objet_03200
Pressurized,Objet_05756
Explosive,Objet_02942
Oxidizing,Objet_06698
Pressurized,Objet_11647
Flammable,Objet_08807
Unspecified,Objet_00314
Food,Objet_07590
Flammable,Objet_13917
Radioactive,Objet_04181
Food,Objet_08477
Explosive,Objet_05831
Unspecified,Objet_07765
Fragile,Objet_00163
Flammable,Objet_09454
Unspecified,Objet_14260
Unspecified,Objet_11054
Fragile,Objet_09981
Radioactive,Objet_03422
Explosive,Objet_11910
Explosive,Objet_02745
Fragile,Objet_15348
Food,Objet_09381
Oxidizing,Objet_07137
Fragile,Objet_06114
Explosive,Objet_12061
Food,Objet_04546
Fragile,Objet_03327
Oxidizing,Objet_11107
Flammable,Objet_08133
Fragile,Objet_13367
Explosive,Objet_06643
Corrosive,Objet_08775
Fragile,Objet_15100
Food,Objet_13241
Flammable,Objet_07732
Oxidizing,Objet_03278
Food,Objet_09881
Corrosive,Objet_05241
Food,Objet_03843
Flammable,Objet_14551
Unspecified,Objet_14807
Flammable,Objet_04683
Corrosive,Objet_10826
Flammable,Objet_03443
Pressurized,Objet_06160
Food,Objet_04129
Flammable,Objet_13075
Toxic,Objet_14383
Radioactive,Objet_00570
Fragile,Objet_08220
Explosive,Objet_08210
Radioactive,Objet_07968
Fragile,Objet_10942
Toxic,Objet_12481
Flammable,Objet_14205
Food,Objet_00544
Explosive,Objet_02102
Oxidizing,Objet_00626
Corrosive,Objet_08544
Food,Objet_05920
Pressurized,Objet_13684
Unspecified,Objet_10361
Pressurized,Objet_13035
Radioactive,Objet_04093
Flammable,Objet_02630
Explosive,Objet_01872
Unspecified,Objet_08361
Pressurized,Objet_07196
Toxic,Objet_07453
Corrosive,Objet_13138
Food,Objet_05916
Unspecified,Objet_01515
Oxidizing,Objet_13021
Pressurized,Objet_00053
Radioactive,Objet_04317
Fragile,Objet_03536
Pressurized,Objet_02520
Flammable,Objet_00290
Explosive,Objet_13137
Food,Objet_05852
Explosive,Objet_04478
Unspecified,Objet_03677
Corrosive,Objet_14378
Unspecified,Objet_03734
Explosive,Objet_14834
Food,Objet_09974
Corrosive,Objet_05654
Pressurized,Objet_11214
Unspecified,Objet_01796
Radioactive,Objet_06661
Pressurized,Objet_06171
Pressurized,Objet_12387
Fragile,Objet_00708
Fragile,Objet_13464
Explosive,Objet_10470
Food,Objet_11764
Radioactive,Objet_15243
Food,Objet_15301
Explosive,Objet_10129
Radioactive,Objet_15314
Explosive,Objet_14683
Flammable,Objet_14470
Corrosive,Objet_01854
Explosive,Objet_14438
Flammable,Objet_09833
Flammable,Objet_11771
Food,Objet_05702
Flammable,Objet_00188
Oxidizing,Objet_07727
Flammable,Objet_08545
Unspecified,Objet_14550
Food,Objet_05684
Explosive,Objet_02649
Radioactive,Objet_14329
Corrosive,Objet_02022
Oxidizing,Objet_08212
Fragile,Objet_15376
Unspecified,Objet_03298
Fragile,Objet_03450
Fragile,Objet_10987
Toxic,Objet_09652
Flammable,Objet_11251
Fragile,Objet_11829
Oxidizing,Objet_02699
Flammable,Objet_01867
Radioactive,Objet_08182
Fragile,Objet_05243
Food,Objet_02997
Oxidizing,Objet_06880
Unspecified,Objet_01153
Fragile,Objet_06082
Toxic,Objet_12735
Fragile,Objet_15230
Flammable,Objet_10095
Corrosive,Objet_15357
Corrosive,Objet_14382
Food,Objet_07994
Explosive,Objet_04962
Radioactive,Objet_03276
Fragile,Objet_00613
Flammable,Objet_13526
Explosive,Objet_14104
Oxidizing,Objet_05922
Pressurized,Objet_14394
Toxic,Objet_02232
Unspecified,Objet_02656
Pressurized,Objet_08045
Corrosive,Objet_10555
Food,Objet_08811
Corrosive,Objet_09394
Oxidizing,Objet_14810
Oxidizing,Objet_00868
Unspecified,Objet_10856
Corrosive,Objet_14406
Pressurized,Objet_06342
Oxidizing,Objet_04933
Food,Objet_12630
Explosive,Objet_00566
Oxidizing,Objet_09928
Flammable,Objet_04190
Fragile,Objet_01605
Toxic,Objet_14027
Radioactive,Objet_03183
Explosive,Objet_12660
Unspecified,Objet_07144
Toxic,Objet_14023
Corrosive,Objet_05282
Toxic,Objet_09471
Flammable,Objet_15237
Fragile,Objet_08702
Food,Objet_06979
Radioactive,Objet_14931
Corrosive,Objet_15176
Pressurized,Objet_10229
Oxidizing,Objet_03100
Toxic,Objet_12477
Flammable,Objet_03170
Oxidizing,Objet_10861
Food,Objet_14740
Unspecified,Objet_03627
Oxidizing,Objet_12657
Fragile,Objet_05977
Unspecified,Objet_03477
Toxic,Objet_06376
Flammable,Objet_09622
Radioactive,Objet_13031
Unspecified,Objet_02829
Fragile,Objet_10719
Toxic,Objet_09699
Corrosive,Objet_08315
Food,Objet_03122
Fragile,Objet_12193
Explosive,Objet_09591
Radioactive,Objet_06145
Radioactive,Objet_08445
Food,Objet_05019
Food,Objet_03261
Explosive,Objet_01942
Toxic,Objet_15034
Pressurized,Objet_00204
Corrosive,Objet_09072
Corrosive,Objet_06418
Flammable,Objet_02777
Explosive,Objet_13051
Flammable,Objet_09359
Oxidizing,Objet_14447
Oxidizing,Objet_02272
Explosive,Objet_01424
Pressurized,Objet_00272
Oxidizing,Objet_02115
Oxidizing,Objet_14571
Flammable,Objet_13175
Oxidizing,Objet_14355
Toxic,Objet_14137
Radioactive,Objet_06533
Explosive,Objet_07233
Radioactive,Objet_07664
Toxic,Objet_11574
Explosive,Objet_15363
Oxidizing,Objet_06701
Flammable,Objet_03502
Radioactive,Objet_00830
Fragile,Objet_02101
Corrosive,Objet_07417
Corrosive,Objet_14350
Unspecified,Objet_11045
Toxic,Objet_09895
Food,Objet_07060
Food,Objet_03178
Flammable,Objet_05650
Oxidizing,Objet_03944
Food,Objet_11997
Toxic,Objet_11958
Food,Objet_11745
Toxic,Objet_02251
Fragile,Objet_12097
Radioactive,Objet_07132
Pressurized,Objet_03693
Food,Objet_14798
Flammable,Objet_14820
Explosive,Objet_12194
Radioactive,Objet_03274
Pressurized,Objet_13820
Corrosive,Objet_01307
Corrosive,Objet_06746
Radioactive,Objet_14305
Fragile,Objet_04173
Radioactive,Objet_12775
Toxic,Objet_02709
Food,Objet_11864
Toxic,Objet_02320
Toxic,Objet_04726
Toxic,Objet_06806
Oxidizing,Objet_02118
Oxidizing,Objet_01428
Flammable,Objet_01595
Oxidizing,Objet_05076
Radioactive,Objet_14290
Food,Objet_05721
Food,Objet_12058
Fragile,Objet_08625
Explosive,Objet_00230
Radioactive,Objet_00583
Oxidizing,Objet_07867
Radioactive,Objet_12862
Flammable,Objet_07413
Explosive,Objet_14372
Pressurized,Objet_11065
Corrosive,Objet_00393
Food,Objet_02109
Toxic,Objet_15261
Explosive,Objet_09324
Toxic,Objet_07628
Oxidizing,Objet_09155
Corrosive,Objet_10094
Flammable,Objet_07701
Oxidizing,Objet_03349
Unspecified,Objet_11102
Corrosive,Objet_04339
Toxic,Objet_14620
Food,Objet_02685
Toxic,Objet_02836
Unspecified,Objet_07959
Corrosive,Objet_09539
Unspecified,Objet_14596
Fragile,Objet_12192
Toxic,Objet_12249
Explosive,Objet_10001
Toxic,Objet_01025
Oxidizing,Objet_03837
Fragile,Objet_13121
Unspecified,Objet_07210
Unspecified,Objet_10959
Toxic,Objet_03566
Flammable,Objet_02626
Food,Objet_06228
Radioactive,Objet_06676
Unspecified,Objet_08407
Food,Objet_02988
Oxidizing,Objet_00580
Food,Objet_12517
Oxidizing,Objet_06847
Explosive,Objet_12467
Oxidizing,Objet_02742
Pressurized,Objet_05441
Pressurized,Objet_09507
Toxic,Objet_14771
Oxidizing,Objet_02968
Corrosive,Objet_13362
Flammable,Objet_02798
Flammable,Objet_15185
Oxidizing,Objet_01314
Pressurized,Objet_12306
Oxidizing,Objet_09456
Unspecified,Objet_05601
Pressurized,Objet_01093
Oxidizing,Objet_01838
Explosive,Objet_10009
Oxidizing,Objet_10944
Pressurized,Objet_02814
Radioactive,Objet_06784
Unspecified,Objet_14472
Pressurized,Objet_01239
Unspecified,Objet_01175
Pressurized,Objet_10662
Corrosive,Objet_11804
Oxidizing,Objet_05749
Flammable,Objet_06812
Explosive,Objet_09771
Radioactive,Objet_10984
Pressurized,Objet_15416
Food,Objet_02623
Corrosive,Objet_08382
Flammable,Objet_02899
Toxic,Objet_05012
Corrosive,Objet_00266
Fragile,Objet_05223
Explosive,Objet_11287
Oxidizing,Objet_04149
Flammable,Objet_10759
Toxic,Objet_12830
Fragile,Objet_04968
Flammable,Objet_02972
Flammable,Objet_08075
Corrosive,Objet_10142
Food,Objet_04120
Explosive,Objet_00808
Radioactive,Objet_11856
Toxic,Objet_02349
Toxic,Objet_03769
Radioactive,Objet_13409
Unspecified,Objet_15466
Pressurized,Objet_13163
Toxic,Objet_10190
Food,Objet_11901
Food,Objet_05021
Toxic,Objet_12461
Corrosive,Objet_06217
Corrosive,Objet_09502
Explosive,Objet_03179
Food,Objet_05342
Fragile,Objet_01275
Corrosive,Objet_08275
Radioactive,Objet_13902
Toxic,Objet_15148
Pressurized,Objet_02716
Unspecified,Objet_07445
Flammable,Objet_08833
Corrosive,Objet_08150
Radioactive,Objet_11479
Explosive,Objet_02296
Flammable,Objet_03593
Corrosive,Objet_14718
Unspecified,Objet_12402
Fragile,Objet_14675
Unspecified,Objet_05507
Unspecified,Objet_11935
Food,Objet_14595
Radioactive,Objet_09131
Food,Objet_04843
Food,Objet_05841
Food,Objet_09429
Corrosive,Objet_04967
Food,Objet_05915
Toxic,Objet_05620
Food,Objet_11559
Oxidizing,Objet_02852
Pressurized,Objet_04032
Toxic,Objet_10057
Radioactive,Objet_10311
Toxic,Objet_10123
Flammable,Objet_14320
Fragile,Objet_08143
Explosive,Objet_00105
Toxic,Objet_07891
Toxic,Objet_05263
Food,Objet_09223
Fragile,Objet_15122
Food,Objet_11301
Unspecified,Objet_04303
Flammable,Objet_13960
Flammable,Objet_10031
Flammable,Objet_07874
Unspecified,Objet_06106
Explosive,Objet_07030
Fragile,Objet_11840
Pressurized,Objet_03083
Oxidizing,Objet_08322
Toxic,Objet_01037
Food,Objet_10872
Flammable,Objet_08352
Oxidizing,Objet_12141
Corrosive,Objet_12118
Fragile,Objet_12828
Pressurized,Objet_08911
Radioactive,Objet_01862
Corrosive,Objet_10086
Flammable,Objet_13064
Pressurized,Objet_01209
Radioactive,Objet_05866
Oxidizing,Objet_05180
Unspecified,Objet_02951
Food,Objet_09503
Corrosive,Objet_07507
Corrosive,Objet_07814
Unspecified,Objet_02029
Flammable,Objet_01761
Pressurized,Objet_02444
Explosive,Objet_03097
Corrosive,Objet_11229
Oxidizing,Objet_12570
Oxidizing,Objet_13049
Pressurized,Objet_05459
Corrosive,Objet_08037
Toxic,Objet_00701
Flammable,Objet_06622
Pressurized,Objet_03927
Food,Objet_02627
Corrosive,Objet_04081
Explosive,Objet_04447
Radioactive,Objet_15053
Toxic,Objet_01987
Flammable,Objet_04436
Fragile,Objet_06648
Toxic,Objet_06352
Radioactive,Objet_06116
Toxic,Objet_12470
Food,Objet_08630
Oxidizing,Objet_09071
Corrosive,Objet_07813
Flammable,Objet_03227
Explosive,Objet_12094
Toxic,Objet_07644
Flammable,Objet_07884
Flammable,Objet_08998
Oxidizing,Objet_03981
Flammable,Objet_07901
Corrosive,Objet_11850
Flammable,Objet_07629
Oxidizing,Objet_03716
Unspecified,Objet_07318
Fragile,Objet_08717
Corrosive,Objet_01767
Unspecified,Objet_11818
Flammable,Objet_01736
Oxidizing,Objet_07277
Food,Objet_03336
Fragile,Objet_08074
Pressurized,Objet_14731
Radioactive,Objet_04496
Flammable,Objet_06150
Explosive,Objet_06823
Radioactive,Objet_14734
Corrosive,Objet_02533
Flammable,Objet_03079
Toxic,Objet_04888
Flammable,Objet_00106
Unspecified,Objet_12236
Corrosive,Objet_04356
Radioactive,Objet_09853
Food,Objet_02638
Oxidizing,Objet_13776
Oxidizing,Objet_00795
Unspecified,Objet_14110
Toxic,Objet_09177
Food,Objet_04195
Corrosive,Objet_03434
Pressurized,Objet_07816
Flammable,Objet_13740
Corrosive,Objet_03507
Toxic,Objet_04672
Radioactive,Objet_00372
Pressurized,Objet_13285
Oxidizing,Objet_12179
Oxidizing,Objet_04360
Corrosive,Objet_07663
Radioactive,Objet_03067
Explosive,Objet_13085
Fragile,Objet_01244
Toxic,Objet_01520
Pressurized,Objet_04387
Fragile,Objet_07475
Toxic,Objet_12885
Food,Objet_15217
Flammable,Objet_11817
Radioactive,Objet_00221
Fragile,Objet_00262
Unspecified,Objet_01222
Explosive,Objet_05484
Toxic,Objet_03150
Pressurized,Objet_05252
Radioactive,Objet_00718
Toxic,Objet_10999
Toxic,Objet_07879
Explosive,Objet_02142
Toxic,Objet_08396
Corrosive,Objet_13277
Corrosive,Objet_14593
Corrosive,Objet_06029
Flammable,Objet_09987
Toxic,Objet_10757
Toxic,Objet_13877
Food,Objet_00577
Oxidizing,Objet_10059
Food,Objet_03353
Unspecified,Objet_15116
Explosive,Objet_11453
Explosive,Objet_13385
Food,Objet_00056
Corrosive,Objet_01194
Radioactive,Objet_10773
Fragile,Objet_07237
Food,Objet_08972
Oxidizing,Objet_10265
Corrosive,Objet_02160
Explosive,Objet_06153
Food,Objet_06086
Corrosive,Objet_09545
Flammable,Objet_08958
Flammable,Objet_11904
Pressurized,Objet_07159
Oxidizing,Objet_10065
Toxic,Objet_14839
Pressurized,Objet_01338
Fragile,Objet_00806
Fragile,Objet_10578
Toxic,Objet_02285
Unspecified,Objet_14989
Unspecified,Objet_05993
Explosive,Objet_04893
Explosive,Objet_02739
Toxic,Objet_08384
Explosive,Objet_14496
Radioactive,Objet_12625
Radioactive,Objet_06285
Corrosive,Objet_08899
Flammable,Objet_10443
Toxic,Objet_03537
Flammable,Objet_03266
Explosive,Objet_07456
Flammable,Objet_02190
Food,Objet_13315
Food,Objet_15055
Explosive,Objet_13729
Oxidizing,Objet_09190
Corrosive,Objet_10846
Corrosive,Objet_12874
Food,Objet_13739
Corrosive,Objet_03633
Flammable,Objet_14853
Corrosive,Objet_13810
Corrosive,Objet_01269
Flammable,Objet_06275
Explosive,Objet_07978
Pressurized,Objet_14628
Pressurized,Objet_04948
Food,Objet_06055
Explosive,Objet_09959
Oxidizing,Objet_01563
Fragile,Objet_12258
Food,Objet_13829
Corrosive,Objet_04979
Radioactive,Objet_06362
Corrosive,Objet_09778
Fragile,Objet_13084
Oxidizing,Objet_12235
Food,Objet_14659
Food,Objet_09757
Toxic,Objet_12050
Oxidizing,Objet_13853
Unspecified,Objet_14058
Radioactive,Objet_05529
Toxic,Objet_08917
Oxidizing,Objet_10283
Explosive,Objet_08248
Oxidizing,Objet_15297
Oxidizing,Objet_15151
Pressurized,Objet_02764
Corrosive,Objet_14475
Toxic,Objet_08562
Food,Objet_05954
Explosive,Objet_10765
Pressurized,Objet_14806
Oxidizing,Objet_13741
Food,Objet_05942
Food,Objet_07818
Oxidizing,Objet_00694
Unspecified,Objet_07791
Unspecified,Objet_00329
Unspecified,Objet_10973
Unspecified,Objet_07969
Corrosive,Objet_07836
Explosive,Objet_01832
Radioactive,Objet_00407
Fragile,Objet_05775
Pressurized,Objet_06503
Pressurized,Objet_08284
Unspecified,Objet_12382
Pressurized,Objet_09583
Oxidizing,Objet_05398
Explosive,Objet_11145
Radioactive,Objet_04114
Explosive,Objet_01409
Explosive,Objet_04775
Toxic,Objet_12412
Pressurized,Objet_01983
Corrosive,Objet_01557
Flammable,Objet_00263
Oxidizing,Objet_02768
Pressurized,Objet_04097
Radioactive,Objet_04201
Radioactive,Objet_09943
Corrosive,Objet_06778
Radioactive,Objet_08395
Toxic,Objet_03907
Explosive,Objet_02889
Pressurized,Objet_08019
Fragile,Objet_11842
Unspecified,Objet_14277
Corrosive,Objet_13149
Fragile,Objet_12115
Pressurized,Objet_11572
Unspecified,Objet_07103
Fragile,Objet_14515
Explosive,Objet_01241
Food,Objet_03522
Toxic,Objet_04256
Food,Objet_12734
Toxic,Objet_08411
Radioactive,Objet_10844
Unspecified,Objet_13096
Fragile,Objet_09436
Pressurized,Objet_03784
Flammable,Objet_15120
Explosive,Objet_02003
Flammable,Objet_12745
Unspecified,Objet_12602
Toxic,Objet_14407
Toxic,Objet_14451
Flammable,Objet_14257
Explosive,Objet_11303
Toxic,Objet_03151
Fragile,Objet_03335
Pressurized,Objet_11124
Flammable,Objet_05596
Radioactive,Objet_04610
Unspecified,Objet_04895
Pressurized,Objet_09751
Toxic,Objet_02526
Explosive,Objet_10274
Fragile,Objet_11990
Food,Objet_01467
Flammable,Objet_11699
Food,Objet_14158
Fragile,Objet_09953
Fragile,Objet_05547
Radioactive,Objet_05305
Food,Objet_11963
Flammable,Objet_02243
Oxidizing,Objet_13968
Toxic,Objet_08202
Radioactive,Objet_09824
Explosive,Objet_03283
Radioactive,Objet_08474
Fragile,Objet_13323
Explosive,Objet_12893
Corrosive,Objet_01080
Unspecified,Objet_02960
Flammable,Objet_13403
Unspecified,Objet_00529
Unspecified,Objet_03855
Corrosive,Objet_05213
Pressurized,Objet_02906
Explosive,Objet_00365
Unspecified,Objet_02499
Fragile,Objet_12589
Toxic,Objet_07382
Toxic,Objet_00953
Oxidizing,Objet_08633
Food,Objet_04163
Pressurized,Objet_12634
Radioactive,Objet_09571
Fragile,Objet_04666
Flammable,Objet_11707
Toxic,Objet_12998
Pressurized,Objet_05728
Radioactive,Objet_12835
Toxic,Objet_15086
Unspecified,Objet_00702
Explosive,Objet_02134
Food,Objet_11688
Flammable,Objet_05608
Radioactive,Objet_08557
Pressurized,Objet_07597
Flammable,Objet_07229
Unspecified,Objet_06886
Radioactive,Objet_09934
Fragile,Objet_11994
Oxidizing,Objet_03560
Oxidizing,Objet_09358
Corrosive,Objet_03808
Radioactive,Objet_14886
Toxic,Objet_02927
Pressurized,Objet_07356
Toxic,Objet_15347
Toxic,Objet_08344
Food,Objet_02941
Unspecified,Objet_08138
Unspecified,Objet_04262
Toxic,Objet_13994
Pressurized,Objet_13549
Oxidizing,Objet_03257
Pressurized,Objet_06919
Fragile,Objet_06857
Flammable,Objet_00753
Corrosive,Objet_09602
Oxidizing,Objet_01869
Explosive,Objet_07486
Pressurized,Objet_13346
Toxic,Objet_09925
Unspecified,Objet_04848
Toxic,Objet_06713
Explosive,Objet_12188
Unspecified,Objet_06642
Unspecified,Objet_04915
Oxidizing,Objet_10626
Unspecified,Objet_03774
Toxic,Objet_15337
Toxic,Objet_02616
Corrosive,Objet_00001
Unspecified,Objet_09002
Fragile,Objet_00338
Radioactive,Objet_09425
Pressurized,Objet_08476
Flammable,Objet_03608
Explosive,Objet_13205
Food,Objet_01637
Food,Objet_03304
Oxidizing,Objet_08278
Corrosive,Objet_09327
Pressurized,Objet_05171
Corrosive,Objet_00895
Food,Objet_04732
Toxic,Objet_05066
Explosive,Objet_14296
Explosive,Objet_05674
Unspecified,Objet_04616
Pressurized,Objet_00691
Radioactive,Objet_11661
Radioactive,Objet_04800
Corrosive,Objet_09709
Food,Objet_00427
Food,Objet_08092
Oxidizing,Objet_01157
Radioactive,Objet_07007
Toxic,Objet_01112
Radioactive,Objet_07606
Oxidizing,Objet_04075
Toxic,Objet_04702
Pressurized,Objet_00737
Radioactive,Objet_04787
Unspecified,Objet_11504
Explosive,Objet_04975
Pressurized,Objet_00645
Flammable,Objet_13868
Radioactive,Objet_14149
Explosive,Objet_02447
Radioactive,Objet_08626
Fragile,Objet_15323
Oxidizing,Objet_11765
Food,Objet_04345
Unspecified,Objet_14818
Flammable,Objet_13559
Corrosive,Objet_12531
Corrosive,Objet_04609
Pressurized,Objet_07355
Explosive,Objet_08639
Radioactive,Objet_10981
Food,Objet_08755
Fragile,Objet_00559
Fragile,Objet_11123
Food,Objet_00259
Corrosive,Objet_05555
Corrosive,Objet_02282
Unspecified,Objet_09765
Fragile,Objet_02905
Corrosive,Objet_08256
Radioactive,Objet_08724
Corrosive,Objet_14203
Oxidizing,Objet_09897
Toxic,Objet_02262
Flammable,Objet_10787
Toxic,Objet_11584
Oxidizing,Objet_13156
Toxic,Objet_04283
Flammable,Objet_02757
Corrosive,Objet_08052
Oxidizing,Objet_06402
Toxic,Objet_06341
Radioactive,Objet_07530
Explosive,Objet_04809
Corrosive,Objet_00380
Explosive,Objet_02682
Unspecified,Objet_04017
Toxic,Objet_02963
Fragile,Objet_04431
Unspecified,Objet_05160
Unspecified,Objet_13677
Corrosive,Objet_10440
Fragile,Objet_03960
Toxic,Objet_13299
Food,Objet_11770
Unspecified,Objet_13041
Pressurized,Objet_01390
Oxidizing,Objet_06135
Corrosive,Objet_04412
Fragile,Objet_07692
Explosive,Objet_03937
Food,Objet_10847
Explosive,Objet_13318
Pressurized,Objet_03192
Toxic,Objet_12805
Toxic,Objet_14632
Pressurized,Objet_09898
Unspecified,Objet_08672
Toxic,Objet_14445
Corrosive,Objet_11157
Fragile,Objet_14712
Toxic,Objet_14276
Fragile,Objet_08080
Unspecified,Objet_06139
Radioactive,Objet_08488
Food,Objet_09508
Fragile,Objet_05921
Food,Objet_01330
Corrosive,Objet_06893
Oxidizing,Objet_07476
Corrosive,Objet_08932
Flammable,Objet_07918
Toxic,Objet_12297
Fragile,Objet_06528
Unspecified,Objet_02278
Unspecified,Objet_08762
Oxidizing,Objet_02959
Radioactive,Objet_00792
Unspecified,Objet_12175
Explosive,Objet_08798
Corrosive,Objet_13674
Food,Objet_15296
Oxidizing,Objet_06962
Flammable,Objet_09972
Flammable,Objet_14681
Food,Objet_03456
Food,Objet_10394
Food,Objet_08531
Food,Objet_07211
Flammable,Objet_09521
Fragile,Objet_10449
Unspecified,Objet_13556
Explosive,Objet_02051
Food,Objet_11390
Unspecified,Objet_07506
Explosive,Objet_00499
Flammable,Objet_02691
Food,Objet_08288
Pressurized,Objet_13006
Fragile,Objet_02016
Toxic,Objet_12606
Unspecified,Objet_01226
Corrosive,Objet_00922
Radioactive,Objet_09346
Radioactive,Objet_00525
Fragile,Objet_05894
Fragile,Objet_09529
Toxic,Objet_10659
Radioactive,Objet_09463
Corrosive,Objet_15369
Pressurized,Objet_13266
Radioactive,Objet_02726
Pressurized,Objet_05206
Corrosive,Objet_08299
Food,Objet_03188
Radioactive,Objet_13275
Oxidizing,Objet_13742
Flammable,Objet_12223
Corrosive,Objet_03440
Fragile,Objet_11675
Flammable,Objet_10484
Pressurized,Objet_00223
Food,Objet_11366
Explosive,Objet_15382
Radioactive,Objet_00079
Food,Objet_12238
Fragile,Objet_04735
Radioactive,Objet_14179
Toxic,Objet_14894
Unspecified,Objet_01473
Radioactive,Objet_00294
Explosive,Objet_11506
Radioactive,Objet_02625
Pressurized,Objet_12218
Flammable,Objet_09303
Radioactive,Objet_12003
Toxic,Objet_07286
Radioactive,Objet_12508
Flammable,Objet_04388
Fragile,Objet_04484
Corrosive,Objet_06774
Unspecified,Objet_15085
Flammable,Objet_01466
Corrosive,Objet_11796
Oxidizing,Objet_14658
Fragile,Objet_07734
Explosive,Objet_03302
Toxic,Objet_07026
Flammable,Objet_10955
Fragile,Objet_11108
Fragile,Objet_01982
Explosive,Objet_14847
Oxidizing,Objet_13608
Corrosive,Objet_14235
Flammable,Objet_13073
Corrosive,Objet_09692
Fragile,Objet_00653
Radioactive,Objet_02432
Radioactive,Objet_12367
Corrosive,Objet_08677
Oxidizing,Objet_07928
Explosive,Objet_15404
Unspecified,Objet_05147
Fragile,Objet_14275
Unspecified,Objet_14699
Radioactive,Objet_09990
Food,Objet_11659
Pressurized,Objet_06575
Toxic,Objet_07095
Toxic,Objet_05643
Corrosive,Objet_05805
Flammable,Objet_05907
Flammable,Objet_10186
Flammable,Objet_00138
Fragile,Objet_07595
Corrosive,Objet_01007
Radioactive,Objet_10603
Food,Objet_07537
Fragile,Objet_05166
Radioactive,Objet_01031
Oxidizing,Objet_03831
Radioactive,Objet_15046
Explosive,Objet_06317
Flammable,Objet_13589
Radioactive,Objet_09963
Radioactive,Objet_12307
Food,Objet_02325
Toxic,Objet_03795
Toxic,Objet_01878
Radioactive,Objet_03174
Radioactive,Objet_11009
Unspecified,Objet_14022
Corrosive,Objet_09909
Food,Objet_04954
Oxidizing,Objet_10762
Fragile,Objet_12904
Food,Objet_08486
Oxidizing,Objet_02335
Fragile,Objet_02276
Fragile,Objet_05885
Corrosive,Objet_09656
Radioactive,Objet_08122
Flammable,Objet_12143
Oxidizing,Objet_07513
Food,Objet_00588
Toxic,Objet_12667
Corrosive,Objet_07713
Radioactive,Objet_01231
Radioactive,Objet_14094
Fragile,Objet_08587
Pressurized,Objet_11378
Oxidizing,Objet_04662
Oxidizing,Objet_15325
Unspecified,Objet_03965
Radioactive,Objet_04504
Pressurized,Objet_04228
Unspecified,Objet_04996
Radioactive,Objet_07283
Toxic,Objet_09796
Pressurized,Objet_05193
Oxidizing,Objet_04456
Oxidizing,Objet_15105
Radioactive,Objet_12535
Oxidizing,Objet_10271
Pressurized,Objet_08741
Pressurized,Objet_05793
Corrosive,Objet_09935
Flammable,Objet_07523
Unspecified,Objet_06714
Food,Objet_07747
Explosive,Objet_04219
Fragile,Objet_14559
Radioactive,Objet_13122
Flammable,Objet_14085
Unspecified,Objet_04450
Pressurized,Objet_00638
Food,Objet_05718
Explosive,Objet_00286
Corrosive,Objet_13347
Flammable,Objet_12760
Radioactive,Objet_10040
Unspecified,Objet_06854
Explosive,Objet_07028
Flammable,Objet_12573
Toxic,Objet_03115
Corrosive,Objet_01355
Radioactive,Objet_04785
Corrosive,Objet_10497
Fragile,Objet_12435
Pressurized,Objet_05411
Pressurized,Objet_10450
Unspecified,Objet_06220
Pressurized,Objet_00217
Unspecified,Objet_11261
Explosive,Objet_12908
Fragile,Objet_02548
Corrosive,Objet_11705
Radioactive,Objet_03393
Corrosive,Objet_08193
Pressurized,Objet_05973
Toxic,Objet_06140
Toxic,Objet_08781
Toxic,Objet_13965
Food,Objet_12896
Oxidizing,Objet_13826
Fragile,Objet_10500
Corrosive,Objet_03099
Corrosive,Objet_09056
Corrosive,Objet_02178
Flammable,Objet_11083
Explosive,Objet_11505
Oxidizing,Objet_09022
Flammable,Objet_02746
Pressurized,Objet_11142
Corrosive,Objet_05970
Radioactive,Objet_12142
Toxic,Objet_11531
Pressurized,Objet_05382
Pressurized,Objet_07819
Fragile,Objet_07479
Pressurized,Objet_13923
Pressurized,Objet_13596
Pressurized,Objet_10559
Radioactive,Objet_00196
Fragile,Objet_13501
Corrosive,Objet_13987
Food,Objet_05228
Fragile,Objet_10781
Corrosive,Objet_07873
Corrosive,Objet_15066
Unspecified,Objet_09188
Flammable,Objet_12989
Radioactive,Objet_11999
Explosive,Objet_13763
Corrosive,Objet_13331
Radioactive,Objet_07950
Toxic,Objet_00546
Flammable,Objet_12540
Fragile,Objet_10991
Radioactive,Objet_12340
Pressurized,Objet_05191
Corrosive,Objet_10004
Oxidizing,Objet_12878
Toxic,Objet_10002
Unspecified,Objet_00671
Oxidizing,Objet_05796
Explosive,Objet_12666
Flammable,Objet_15379
Fragile,Objet_04628
Explosive,Objet_00984
Oxidizing,Objet_12478
Food,Objet_01549
Pressurized,Objet_06347
Unspecified,Objet_11341
Radioactive,Objet_09086
Radioactive,Objet_11228
Pressurized,Objet_11642
Radioactive,Objet_05569
Flammable,Objet_03824
Oxidizing,Objet_03235
Fragile,Objet_05347
Oxidizing,Objet_07020
Oxidizing,Objet_07302
Radioactive,Objet_09266
Radioactive,Objet_07916
Flammable,Objet_08855
Flammable,Objet_11035
Fragile,Objet_07473
Unspecified,Objet_08526
Oxidizing,Objet_00809
Toxic,Objet_05047
Pressurized,Objet_03689
Corrosive,Objet_15031
Flammable,Objet_09434
Toxic,Objet_07094
Explosive,Objet_09009
Pressurized,Objet_12723
Pressurized,Objet_09253
Food,Objet_09415
Explosive,Objet_07583
Toxic,Objet_02487
Pressurized,Objet_05627
Pressurized,Objet_04340
Food,Objet_14665
Explosive,Objet_12173
Unspecified,Objet_09052
Radioactive,Objet_10505
Toxic,Objet_04880
Pressurized,Objet_14123
Explosive,Objet_10919
Unspecified,Objet_07584
Flammable,Objet_14428
Toxic,Objet_03926
Explosive,Objet_08124
Pressurized,Objet_01749
Oxidizing,Objet_13157
Unspecified,Objet_08846
Radioactive,Objet_00711
Flammable,Objet_08890
Toxic,Objet_07136
Fragile,Objet_04367
Radioactive,Objet_06163
Corrosive,Objet_12652
Pressurized,Objet_05445
Explosive,Objet_00600
Radioactive,Objet_00311
Explosive,Objet_04348
Unspecified,Objet_01485
Food,Objet_03160
Explosive,Objet_01547
Flammable,Objet_06666
Fragile,Objet_05842
Corrosive,Objet_08365
Fragile,Objet_10799
Toxic,Objet_04334
Food,Objet_01827
Toxic,Objet_14268
Unspecified,Objet_01566
Pressurized,Objet_10377
Food,Objet_06834
Food,Objet_07579
Fragile,Objet_02534
Flammable,Objet_10082
Pressurized,Objet_00850
Toxic,Objet_15183
Unspecified,Objet_03964
Corrosive,Objet_03180
Flammable,Objet_00766
Corrosive,Objet_10825
Food,Objet_11919
Corrosive,Objet_12916
Oxidizing,Objet_09225
Pressurized,Objet_05412
Toxic,Objet_14849
Radioactive,Objet_09241
Flammable,Objet_14852
Radioactive,Objet_14066
Food,Objet_01737
Flammable,Objet_11047
Explosive,Objet_06386
Radioactive,Objet_01181
Food,Objet_13710
Flammable,Objet_12401
Toxic,Objet_11369
Radioactive,Objet_11734
Food,Objet_01964
Corrosive,Objet_06414
Pressurized,Objet_15180
Unspecified,Objet_15265
Unspecified,Objet_14623
Explosive,Objet_06121
Flammable,Objet_14545
Explosive,Objet_04199
Radioactive,Objet_12463
Corrosive,Objet_01544
Oxidizing,Objet_10038
Flammable,Objet_12333
Flammable,Objet_02019
Fragile,Objet_00443
Food,Objet_13745
Explosive,Objet_02133
Flammable,Objet_15403
Food,Objet_07114
Fragile,Objet_01492
Food,Objet_05822
Oxidizing,Objet_13895
Unspecified,Objet_01932
Unspecified,Objet_08125
Radioactive,Objet_15215
Food,Objet_13090
Pressurized,Objet_09921
Fragile,Objet_00642
Oxidizing,Objet_12662
Flammable,Objet_01343
Toxic,Objet_04090
Flammable,Objet_01385
Flammable,Objet_12886
Flammable,Objet_08983
Explosive,Objet_10093
Pressurized,Objet_12815
Radioactive,Objet_08010
Explosive,Objet_14542
Explosive,Objet_00759
Explosive,Objet_14353
Explosive,Objet_05645
Fragile,Objet_02455
Fragile,Objet_06161
Toxic,Objet_02568
Fragile,Objet_06607
Food,Objet_00452
Flammable,Objet_05630
Explosive,Objet_00732
Explosive,Objet_05687
Flammable,Objet_15196
Pressurized,Objet_14791
Corrosive,Objet_10522
Unspecified,Objet_15285
Corrosive,Objet_07239
Oxidizing,Objet_12887
Pressurized,Objet_10513
Oxidizing,Objet_10907
Fragile,Objet_15387
Toxic,Objet_05633
Radioactive,Objet_06191
Food,Objet_08841
Toxic,Objet_05690
Oxidizing,Objet_08225
Pressurized,Objet_06810
Pressurized,Objet_05919
Flammable,Objet_12825
Pressurized,Objet_04548
Unspecified,Objet_01994
Fragile,Objet_12789
Explosive,Objet_01828
Food,Objet_01247
Fragile,Objet_07267
Corrosive,Objet_08116
Pressurized,Objet_10020
Fragile,Objet_13067
Radioactive,Objet_00689
Food,Objet_00100
Explosive,Objet_13903
Pressurized,Objet_13814
Fragile,Objet_13733
Food,Objet_14809
Explosive,Objet_02065
Food,Objet_07409
Unspecified,Objet_11787
Unspecified,Objet_02712
Unspecified,Objet_08011
Oxidizing,Objet_10820
Explosive,Objet_09157
Flammable,Objet_08984
Flammable,Objet_10400
Oxidizing,Objet_12415
Explosive,Objet_10338
Radioactive,Objet_08378
Oxidizing,Objet_00679
Pressurized,Objet_11081
Radioactive,Objet_13496
Corrosive,Objet_14041
Toxic,Objet_07083
Radioactive,Objet_14563
Fragile,Objet_08309
Corrosive,Objet_08222
Flammable,Objet_08615
Corrosive,Objet_06556
Unspecified,Objet_02291
Pressurized,Objet_10422
Corrosive,Objet_15442
Pressurized,Objet_14225
Corrosive,Objet_07241
Food,Objet_04937
Fragile,Objet_06107
Pressurized,Objet_01639
Radioactive,Objet_00228
Oxidizing,Objet_01802
Explosive,Objet_11723
Oxidizing,Objet_09336
Unspecified,Objet_08046
Toxic,Objet_06436
Toxic,Objet_14098
Toxic,Objet_00901
Unspecified,Objet_09616
Fragile,Objet_10543
Explosive,Objet_11519
Toxic,Objet_07410
Radioactive,Objet_10459
Oxidizing,Objet_13414
Radioactive,Objet_06338
Toxic,Objet_12968
Flammable,Objet_04325
Fragile,Objet_12525
Radioactive,Objet_02880
Unspecified,Objet_11260
Toxic,Objet_03352
Oxidizing,Objet_15207
Fragile,Objet_15437
Explosive,Objet_12583
Fragile,Objet_07471
Fragile,Objet_06765
Toxic,Objet_06234
Food,Objet_07354
Fragile,Objet_07013
Oxidizing,Objet_10584
Pressurized,Objet_00013
Fragile,Objet_05974
Explosive,Objet_12744
Explosive,Objet_02732
Explosive,Objet_11493
Oxidizing,Objet_03000
Explosive,Objet_06595
Radioactive,Objet_12851
Food,Objet_00944
Corrosive,Objet_14901
Unspecified,Objet_08234
Radioactive,Objet_13920
Flammable,Objet_06092
Food,Objet_09995
Corrosive,Objet_01414
Fragile,Objet_12198
Food,Objet_09610
Explosive,Objet_10535
Radioactive,Objet_02247
Radioactive,Objet_02304
Corrosive,Objet_09822
Pressurized,Objet_01718
Fragile,Objet_00426
Explosive,Objet_07850
Toxic,Objet_01935
Pressurized,Objet_01700
Corrosive,Objet_01356
Oxidizing,Objet_07097
Flammable,Objet_10881
Unspecified,Objet_08421
Toxic,Objet_12616
Radioactive,Objet_02356
Food,Objet_01048
Food,Objet_00882
Unspecified,Objet_06100
Explosive,Objet_02155
Flammable,Objet_10627
Pressurized,Objet_01165
Unspecified,Objet_09325
Explosive,Objet_01793
Toxic,Objet_08843
Pressurized,Objet_01729
Food,Objet_08171
Radioactive,Objet_13273
Toxic,Objet_12295
Fragile,Objet_06246
Explosive,Objet_00061
Food,Objet_15408
Pressurized,Objet_00074
Unspecified,Objet_05495
Corrosive,Objet_07675
Oxidizing,Objet_10874
Explosive,Objet_03878
Fragile,Objet_08835
Toxic,Objet_08818
Toxic,Objet_03238
Oxidizing,Objet_11964
Radioactive,Objet_12483
Fragile,Objet_02125
Explosive,Objet_05978
Corrosive,Objet_01558
Food,Objet_02826
Oxidizing,Objet_13050
Toxic,Objet_05803
Toxic,Objet_07963
Radioactive,Objet_00976
Food,Objet_01439
Oxidizing,Objet_09828
Flammable,Objet_10560
Food,Objet_10166
Pressurized,Objet_06596
Toxic,Objet_15108
Unspecified,Objet_02110
Toxic,Objet_05280
Unspecified,Objet_14077
Flammable,Objet_02270
Fragile,Objet_15331
Toxic,Objet_08311
Unspecified,Objet_09574
Oxidizing,Objet_00077
Radioactive,Objet_13141
Fragile,Objet_07359
Corrosive,Objet_01469
Fragile,Objet_04695
Oxidizing,Objet_03034
Toxic,Objet_06730
Toxic,Objet_11175
Oxidizing,Objet_07966
Pressurized,Objet_12166
Fragile,Objet_13328
Fragile,Objet_07693
Flammable,Objet_02586
Explosive,Objet_07218
Food,Objet_02492
Oxidizing,Objet_01486
Pressurized,Objet_01970
Flammable,Objet_14486
Fragile,Objet_08271
Fragile,Objet_08443
Food,Objet_13813
Fragile,Objet_09737
Oxidizing,Objet_12915
Radioactive,Objet_00515
Flammable,Objet_07872
Unspecified,Objet_03372
Toxic,Objet_15381
Pressurized,Objet_01540
Food,Objet_11269
Fragile,Objet_00821
Unspecified,Objet_04109
Pressurized,Objet_02352
Food,Objet_04899
Explosive,Objet_09274
Explosive,Objet_15131
Unspecified,Objet_14985
Food,Objet_12569
Unspecified,Objet_12608
Corrosive,Objet_00915
Flammable,Objet_05787
Unspecified,Objet_04509
Pressurized,Objet_01108
Corrosive,Objet_10119
Toxic,Objet_07551
Radioactive,Objet_02008
Oxidizing,Objet_01653
Food,Objet_11926
Radioactive,Objet_12973
Unspecified,Objet_02698
Fragile,Objet_02687
Flammable,Objet_08154
Radioactive,Objet_12493
Toxic,Objet_04375
Unspecified,Objet_10706
Flammable,Objet_10838
Unspecified,Objet_03325
Corrosive,Objet_07209
Flammable,Objet_09405
Oxidizing,Objet_10849
Radioactive,Objet_08169
Unspecified,Objet_07006
Pressurized,Objet_10784
Radioactive,Objet_11231
Unspecified,Objet_06994
Oxidizing,Objet_07261
Oxidizing,Objet_01399
Pressurized,Objet_11466
Unspecified,Objet_05415
Corrosive,Objet_01527
Toxic,Objet_10564
Unspecified,Objet_08569
Explosive,Objet_12290
Food,Objet_14553
Corrosive,Objet_08272
Oxidizing,Objet_03817
Pressurized,Objet_14043
Oxidizing,Objet_08910
Oxidizing,Objet_09862
Pressurized,Objet_03936
Oxidizing,Objet_10653
Pressurized,Objet_03049
Flammable,Objet_11121
Toxic,Objet_01843
Explosive,Objet_13290
Food,Objet_11105
Corrosive,Objet_15172
Explosive,Objet_00799
Radioactive,Objet_03712
Pressurized,Objet_04255
Flammable,Objet_11173
Unspecified,Objet_01468
Fragile,Objet_13689
Fragile,Objet_04837
Flammable,Objet_07899
Fragile,Objet_11099
Oxidizing,Objet_00085
Explosive,Objet_09784
Food,Objet_08104
Toxic,Objet_02628
Corrosive,Objet_09534
Toxic,Objet_03196
Food,Objet_03091
Radioactive,Objet_11520
Toxic,Objet_07307
Toxic,Objet_06732
Food,Objet_05490
Oxidizing,Objet_05677
Explosive,Objet_02509
Flammable,Objet_06351
Corrosive,Objet_07939
Corrosive,Objet_10008
Toxic,Objet_04603
Oxidizing,Objet_04850
Radioactive,Objet_04391
Fragile,Objet_04764
Corrosive,Objet_01265
Fragile,Objet_10126
Pressurized,Objet_05396
Oxidizing,Objet_13816
Pressurized,Objet_08918
Unspecified,Objet_09013
Oxidizing,Objet_15310
Radioactive,Objet_08146
Fragile,Objet_06456
Pressurized,Objet_03263
Flammable,Objet_06473
Oxidizing,Objet_15400
Explosive,Objet_01618
Explosive,Objet_02215
Radioactive,Objet_09586
Fragile,Objet_10738
Fragile,Objet_12064
Flammable,Objet_07129
Corrosive,Objet_12360
Food,Objet_01852
Oxidizing,Objet_05616
Flammable,Objet_09907
Radioactive,Objet_00248
Fragile,Objet_02938
Explosive,Objet_12620
Flammable,Objet_15162
Flammable,Objet_14144
Oxidizing,Objet_04300
Corrosive,Objet_07212
Fragile,Objet_03265
Radioactive,Objet_07977
Radioactive,Objet_00684
Toxic,Objet_13272
Food,Objet_14940
Explosive,Objet_01365
Corrosive,Objet_02263
Toxic,Objet_11692
Fragile,Objet_15405
Radioactive,Objet_09589
Flammable,Objet_04352
Flammable,Objet_09518
Fragile,Objet_13523
Toxic,Objet_10892
Unspecified,Objet_11783
Radioactive,Objet_11538
Pressurized,Objet_03163
Oxidizing,Objet_02507
Fragile,Objet_00982
Fragile,Objet_10455
Unspecified,Objet_07172
Toxic,Objet_14994
Radioactive,Objet_14371
Explosive,Objet_05545
Corrosive,Objet_10605
Unspecified,Objet_09608
Fragile,Objet_11216
Explosive,Objet_04239
Fragile,Objet_07754
Corrosive,Objet_06027
Corrosive,Objet_00501
Unspecified,Objet_06963
Pressurized,Objet_05236
Radioactive,Objet_14837
Corrosive,Objet_02390
Unspecified,Objet_07856
Pressurized,Objet_13251
Food,Objet_13972
Explosive,Objet_08863
Unspecified,Objet_09003
Unspecified,Objet_11556
Flammable,Objet_11724
Toxic,Objet_05806
Fragile,Objet_14440
Toxic,Objet_00787
Pressurized,Objet_07411
Fragile,Objet_04067
Pressurized,Objet_10498
Unspecified,Objet_04001
Food,Objet_15049
Toxic,Objet_08274
Food,Objet_04038
Oxidizing,Objet_09315
Explosive,Objet_00904
Unspecified,Objet_08815
Toxic,Objet_04536
Oxidizing,Objet_08881
Fragile,Objet_03461
Pressurized,Objet_06520
Oxidizing,Objet_14594
Pressurized,Objet_03363
Radioactive,Objet_05432
Flammable,Objet_13296
Toxic,Objet_02479
Flammable,Objet_00486
Pressurized,Objet_00026
Explosive,Objet_08153
Unspecified,Objet_01876
Pressurized,Objet_07758
Corrosive,Objet_02153
Explosive,Objet_14145
Unspecified,Objet_08953
Fragile,Objet_02808
Oxidizing,Objet_02690
Corrosive,Objet_06656
Food,Objet_08696
Oxidizing,Objet_15317
Radioactive,Objet_13116
Radioactive,Objet_09341
Toxic,Objet_10960
Unspecified,Objet_13223
Flammable,Objet_05998
Pressurized,Objet_01641
Flammable,Objet_07442
Pressurized,Objet_00033
Oxidizing,Objet_06185
Unspecified,Objet_15366
Explosive,Objet_00710
Fragile,Objet_11971
Unspecified,Objet_11619
Fragile,Objet_09433
Explosive,Objet_00066
Explosive,Objet_01683
Corrosive,Objet_15409
Flammable,Objet_01273
Unspecified,Objet_14157
Food,Objet_02710
Toxic,Objet_01691
Corrosive,Objet_09857
Explosive,Objet_03052
Toxic,Objet_02163
Oxidizing,Objet_05576
Unspecified,Objet_08342
Explosive,Objet_09216
Oxidizing,Objet_04794
Radioactive,Objet_14577
Unspecified,Objet_06788
Pressurized,Objet_06236
Flammable,Objet_13065
Corrosive,Objet_09603
Pressurized,Objet_05502
Fragile,Objet_00706
Explosive,Objet_13110
Explosive,Objet_14642
Pressurized,Objet_07738
Explosive,Objet_11750
Flammable,Objet_05519
Pressurized,Objet_07521
Radioactive,Objet_06898
Radioactive,Objet_08823
Fragile,Objet_08325
Radioactive,Objet_10139
Oxidizing,Objet_04914
Explosive,Objet_02564
Fragile,Objet_10585
Flammable,Objet_00827
Pressurized,Objet_11793
Oxidizing,Objet_14668
Explosive,Objet_09631
Food,Objet_01864
Food,Objet_05566
Food,Objet_05785
Explosive,Objet_12268
Toxic,Objet_01105
Flammable,Objet_11080
Flammable,Objet_05503
Toxic,Objet_15309
Corrosive,Objet_01257
Toxic,Objet_08787
Explosive,Objet_08869
Radioactive,Objet_14415
Food,Objet_11570
Food,Objet_02083
Unspecified,Objet_05055
Radioactive,Objet_09029
Flammable,Objet_00542
Toxic,Objet_03818
Toxic,Objet_13799
Radioactive,Objet_06704
Unspecified,Objet_09499
Toxic,Objet_14464
Radioactive,Objet_14436
Corrosive,Objet_15431
Radioactive,Objet_15308
Toxic,Objet_15413
Radioactive,Objet_00332
Pressurized,Objet_13849
Radioactive,Objet_08279
Food,Objet_02191
Fragile,Objet_11743
Explosive,Objet_08967
Unspecified,Objet_04066
Corrosive,Objet_14385
Oxidizing,Objet_12757
Unspecified,Objet_03388
Flammable,Objet_05929
Flammable,Objet_14626
Corrosive,Objet_03611
Fragile,Objet_15210
Pressurized,Objet_06952
Toxic,Objet_15137
Fragile,Objet_01790
Pressurized,Objet_03934
Pressurized,Objet_13483
Unspecified,Objet_01119
Explosive,Objet_06122
Food,Objet_15389
Radioactive,Objet_15465
Radioactive,Objet_13312
Toxic,Objet_02834
Explosive,Objet_04147
Food,Objet_00859
Explosive,Objet_08201
Explosive,Objet_05610
Unspecified,Objet_13059
Food,Objet_00957
Oxidizing,Objet_00353
Corrosive,Objet_04029
Unspecified,Objet_03985
Radioactive,Objet_10357
Radioactive,Objet_02644
Fragile,Objet_00906
Pressurized,Objet_09287
Explosive,Objet_01200
Toxic,Objet_12948
Unspecified,Objet_12225
Flammable,Objet_13668
Pressurized,Objet_05238
Corrosive,Objet_14710
Corrosive,Objet_02462
Radioactive,Objet_11309
Pressurized,Objet_09560
Fragile,Objet_09370
Corrosive,Objet_09783
Fragile,Objet_12958
Toxic,Objet_01577
Food,Objet_04512
Flammable,Objet_00456
Corrosive,Objet_03373
Fragile,Objet_04657
Food,Objet_12480
Toxic,Objet_01078
Flammable,Objet_10456
Explosive,Objet_12648
Explosive,Objet_12783
Pressurized,Objet_08567
Food,Objet_02423
Pressurized,Objet_08648
Oxidizing,Objet_04000
Explosive,Objet_14387
Pressurized,Objet_05287
Radioactive,Objet_01328
Fragile,Objet_10214
Unspecified,Objet_00735
Flammable,Objet_04992
Corrosive,Objet_11071
Oxidizing,Objet_06382
Fragile,Objet_04371
Flammable,Objet_06534
Pressurized,Objet_00375
Corrosive,Objet_12250
Oxidizing,Objet_10160
Corrosive,Objet_14426
Explosive,Objet_14377
Unspecified,Objet_13166
Fragile,Objet_05991
Unspecified,Objet_07142
Food,Objet_04811
Radioactive,Objet_12096
Flammable,Objet_13548
Oxidizing,Objet_03231
Radioactive,Objet_14974
Oxidizing,Objet_07259
Explosive,Objet_02438
Oxidizing,Objet_03031
Food,Objet_00836
Oxidizing,Objet_00971
Unspecified,Objet_11364
Explosive,Objet_06434
Explosive,Objet_01682
Radioactive,Objet_05807
Flammable,Objet_11869
Corrosive,Objet_11241
Oxidizing,Objet_12216
Pressurized,Objet_07339
Unspecified,Objet_14493
Oxidizing,Objet_08097
Unspecified,Objet_02498
Unspecified,Objet_11998
Radioactive,Objet_04684
Unspecified,Objet_11603
Unspecified,Objet_08915
Fragile,Objet_04857
Flammable,Objet_12870
Toxic,Objet_11297
Pressurized,Objet_06598
Unspecified,Objet_12487
Toxic,Objet_00985
Unspecified,Objet_15187
Fragile,Objet_12409
Pressurized,Objet_09191
Flammable,Objet_09710
Radioactive,Objet_06416
Pressurized,Objet_01716
Corrosive,Objet_15014
Flammable,Objet_06077
Explosive,Objet_00520
Flammable,Objet_07084
Flammable,Objet_00917
Explosive,Objet_03057
Food,Objet_05725
Corrosive,Objet_05584
Radioactive,Objet_13555
Flammable,Objet_02541
Oxidizing,Objet_12033
Explosive,Objet_08929
Corrosive,Objet_03253
Corrosive,Objet_13984
Flammable,Objet_05084
Flammable,Objet_02704
Explosive,Objet_12988
Pressurized,Objet_01018
Explosive,Objet_01962
Fragile,Objet_05646
Flammable,Objet_01043
Explosive,Objet_01312
Food,Objet_04900
Unspecified,Objet_01148
Fragile,Objet_05976
Unspecified,Objet_01240
Toxic,Objet_00035
Pressurized,Objet_07325
Food,Objet_09735
Radioactive,Objet_15251
Oxidizing,Objet_10940
Unspecified,Objet_11396
Explosive,Objet_05020
Unspecified,Objet_07400
Fragile,Objet_08244
Flammable,Objet_07733
Toxic,Objet_10735
Unspecified,Objet_08064
Flammable,Objet_00449
Toxic,Objet_02931
Toxic,Objet_10590
Unspecified,Objet_12453
Oxidizing,Objet_15227
Pressurized,Objet_05837
Toxic,Objet_10363
Toxic,Objet_07941
Unspecified,Objet_08691
Unspecified,Objet_09884
Radioactive,Objet_08268
Oxidizing,Objet_02393
Radioactive,Objet_02052
Fragile,Objet_08286
Food,Objet_09257
Toxic,Objet_04664
Flammable,Objet_15114
Radioactive,Objet_06124
Corrosive,Objet_14194
Food,Objet_01472
Food,Objet_06366
Radioactive,Objet_01016
Corrosive,Objet_04158
Toxic,Objet_01812
Pressurized,Objet_10777
Unspecified,Objet_02131
Radioactive,Objet_08904
Oxidizing,Objet_03748
Fragile,Objet_00870
Food,Objet_04608
Flammable,Objet_01988
Fragile,Objet_12010
Food,Objet_08679
Explosive,Objet_02557
Unspecified,Objet_01684
Radioactive,Objet_03672
Radioactive,Objet_07360
Unspecified,Objet_12846
Radioactive,Objet_01710
Oxidizing,Objet_07962
Flammable,Objet_14295
Fragile,Objet_11288
Toxic,Objet_06450
Radioactive,Objet_13404
Corrosive,Objet_03206
Pressurized,Objet_12511
Oxidizing,Objet_02145
Oxidizing,Objet_01143
Toxic,Objet_03905
Corrosive,Objet_01120
Explosive,Objet_04466
Flammable,Objet_08549
Pressurized,Objet_10698
Explosive,Objet_02598
Food,Objet_08135
Radioactive,Objet_10827
Explosive,Objet_05485
Fragile,Objet_10125
Flammable,Objet_01696
Toxic,Objet_06073
Corrosive,Objet_00128
Radioactive,Objet_14693
Fragile,Objet_10200
Explosive,Objet_01213
Unspecified,Objet_07984
Flammable,Objet_08680
Pressurized,Objet_09899
Corrosive,Objet_03164
Food,Objet_13736
Food,Objet_06483
Oxidizing,Objet_14882
Oxidizing,Objet_07682
Explosive,Objet_13210
Unspecified,Objet_09269
Food,Objet_07720
Explosive,Objet_04885
Food,Objet_11075
Unspecified,Objet_08937
Explosive,Objet_04740
Explosive,Objet_09198
Food,Objet_05220
Oxidizing,Objet_00582
Pressurized,Objet_01304
Toxic,Objet_14084
Fragile,Objet_02673
Radioactive,Objet_10424
Unspecified,Objet_09598
Radioactive,Objet_09447
Toxic,Objet_08162
Food,Objet_08232
Pressurized,Objet_06508
Fragile,Objet_07295
Flammable,Objet_10121
Corrosive,Objet_11544
Explosive,Objet_05752
Radioactive,Objet_00930
Food,Objet_01552
Pressurized,Objet_15145
Toxic,Objet_14199
Oxidizing,Objet_09802
Unspecified,Objet_06188
Unspecified,Objet_11927
Unspecified,Objet_13635
Toxic,Objet_09976
Pressurized,Objet_06321
Corrosive,Objet_08018
Pressurized,Objet_15020
Explosive,Objet_02720
Fragile,Objet_01077
Unspecified,Objet_08789
Toxic,Objet_14063
Corrosive,Objet_11915
Flammable,Objet_11966
Corrosive,Objet_09221
Toxic,Objet_09344
Pressurized,Objet_15339
Radioactive,Objet_06482
Flammable,Objet_13735
Pressurized,Objet_11312
Explosive,Objet_10064
Explosive,Objet_09422
Food,Objet_09462
Pressurized,Objet_14813
Pressurized,Objet_00458
Fragile,Objet_05343
Corrosive,Objet_05936
Fragile,Objet_06797
Fragile,Objet_04598
Unspecified,Objet_07846
Fragile,Objet_02255
Oxidizing,Objet_06415
Food,Objet_06022
Unspecified,Objet_11514
Corrosive,Objet_11181
Pressurized,Objet_06440
Unspecified,Objet_12436
Unspecified,Objet_14046
Fragile,Objet_14750
Food,Objet_10155
Toxic,Objet_12868
Explosive,Objet_06875
Flammable,Objet_07009
Corrosive,Objet_08939
Food,Objet_08323
Toxic,Objet_15278
Food,Objet_01920
Flammable,Objet_07985
Unspecified,Objet_13363
Pressurized,Objet_11113
Food,Objet_07072
Fragile,Objet_01125
Radioactive,Objet_09693
Oxidizing,Objet_01334
Flammable,Objet_13076
Flammable,Objet_02975
Oxidizing,Objet_08229
Food,Objet_12127
Unspecified,Objet_00624
Corrosive,Objet_11567
Corrosive,Objet_08589
Pressurized,Objet_12434
Unspecified,Objet_15300
Food,Objet_13171
Toxic,Objet_14610
Oxidizing,Objet_12679
Pressurized,Objet_05828
Flammable,Objet_09183
Oxidizing,Objet_04383
Unspecified,Objet_05567
Food,Objet_09317
Radioactive,Objet_08532
Toxic,Objet_00949
Explosive,Objet_09431
Unspecified,Objet_12649
Food,Objet_00430
Oxidizing,Objet_10745
Fragile,Objet_08406
Oxidizing,Objet_01792
Radioactive,Objet_05671
Oxidizing,Objet_08329
Radioactive,Objet_14998
Food,Objet_14036
Oxidizing,Objet_02528
Unspecified,Objet_10282
Radioactive,Objet_14601
Flammable,Objet_15316
Explosive,Objet_08985
Oxidizing,Objet_12214
Unspecified,Objet_05683
Radioactive,Objet_01028
Radioactive,Objet_06993
Fragile,Objet_09726
Flammable,Objet_04645
Explosive,Objet_10354
Pressurized,Objet_12539
Fragile,Objet_07573
Corrosive,Objet_05791
Radioactive,Objet_11819
Radioactive,Objet_10279
Corrosive,Objet_03563
Explosive,Objet_12671
Flammable,Objet_08003
Unspecified,Objet_08644
Toxic,Objet_06390
Oxidizing,Objet_08649
Food,Objet_08570
Toxic,Objet_00038
Unspecified,Objet_07772
Oxidizing,Objet_12240
Fragile,Objet_01302
Pressurized,Objet_14344
Corrosive,Objet_06218
Corrosive,Objet_02056
Toxic,Objet_12895
Food,Objet_08563
Fragile,Objet_14535
Pressurized,Objet_00092
Explosive,Objet_04138
Corrosive,Objet_12785
Toxic,Objet_09634
Unspecified,Objet_14919
Toxic,Objet_11644
Pressurized,Objet_13870
Flammable,Objet_05759
Fragile,Objet_10106
Pressurized,Objet_06795
Food,Objet_05446
Oxidizing,Objet_04648
Oxidizing,Objet_05695
Explosive,Objet_06198
Corrosive,Objet_14825
Oxidizing,Objet_12507
Toxic,Objet_08417
Unspecified,Objet_08142
Radioactive,Objet_04080
Radioactive,Objet_03080
Food,Objet_05462
Food,Objet_05911
Food,Objet_10971
Explosive,Objet_10524
Unspecified,Objet_12932
Radioactive,Objet_00879
Fragile,Objet_10030
Explosive,Objet_11264
Food,Objet_05667
Fragile,Objet_11668
Unspecified,Objet_09123
Oxidizing,Objet_14312
Oxidizing,Objet_08088
Radioactive,Objet_01459
Corrosive,Objet_08457
Unspecified,Objet_12076
Toxic,Objet_03550
Flammable,Objet_09270
Food,Objet_11767
Explosive,Objet_14138
Food,Objet_05417
Flammable,Objet_04193
Flammable,Objet_01815
Food,Objet_12045
Pressurized,Objet_13132
Pressurized,Objet_04245
Unspecified,Objet_07305
Toxic,Objet_10194
Unspecified,Objet_00295
Oxidizing,Objet_07064
Unspecified,Objet_05469
Food,Objet_02326
Oxidizing,Objet_05473
Flammable,Objet_05239
Food,Objet_01944
Explosive,Objet_13016
Oxidizing,Objet_09911
Unspecified,Objet_02398
Explosive,Objet_04924
Radioactive,Objet_13303
Pressurized,Objet_08351
Oxidizing,Objet_00625
Food,Objet_04675
Flammable,Objet_07686
Unspecified,Objet_06689
Oxidizing,Objet_10378
Oxidizing,Objet_02081
Unspecified,Objet_07053
Food,Objet_14367
Unspecified,Objet_05368
Toxic,Objet_09889
Corrosive,Objet_13261
Toxic,Objet_08001
Toxic,Objet_05874
Oxidizing,Objet_02217
Fragile,Objet_07073
Explosive,Objet_09849
Food,Objet_14948
Explosive,Objet_06763
Pressurized,Objet_05933
Explosive,Objet_10130
Explosive,Objet_12944
Radioactive,Objet_04930
Radioactive,Objet_01460
Oxidizing,Objet_12892
Explosive,Objet_07285
Toxic,Objet_02048
Unspecified,Objet_00505
Food,Objet_03215
Fragile,Objet_03948
Toxic,Objet_05750
Toxic,Objet_02525
Oxidizing,Objet_00695
Corrosive,Objet_13695
Fragile,Objet_10558
Oxidizing,Objet_02932
Explosive,Objet_01654
Unspecified,Objet_03089
Food,Objet_12300
Fragile,Objet_03833
Fragile,Objet_07762
Explosive,Objet_08203
Explosive,Objet_11587
Pressurized,Objet_02343
Flammable,Objet_14081
Corrosive,Objet_08616
Pressurized,Objet_13209
Explosive,Objet_14702
Fragile,Objet_13397
Fragile,Objet_00979
Unspecified,Objet_13882
Unspecified,Objet_12970
Radioactive,Objet_06479
Toxic,Objet_03423
Food,Objet_01967
Oxidizing,Objet_12809
Radioactive,Objet_01063
Toxic,Objet_00186
Toxic,Objet_08399
Corrosive,Objet_06332
Unspecified,Objet_12945
Food,Objet_11317
Flammable,Objet_11266
Oxidizing,Objet_06653
Explosive,Objet_05374
Radioactive,Objet_04207
Oxidizing,Objet_12811
Toxic,Objet_10857
Radioactive,Objet_00242
Radioactive,Objet_01775
Fragile,Objet_14181
Pressurized,Objet_12335
Food,Objet_11747
Corrosive,Objet_13024
Food,Objet_09674
Food,Objet_04044
Fragile,Objet_08842
Pressurized,Objet_06829
Radioactive,Objet_01675
Pressurized,Objet_09305
Toxic,Objet_10654
Corrosive,Objet_06787
Flammable,Objet_14230
Oxidizing,Objet_03662
Pressurized,Objet_03228
Fragile,Objet_09509
Explosive,Objet_03719
Flammable,Objet_14416
Oxidizing,Objet_02529
Radioactive,Objet_02428
Fragile,Objet_04782
Corrosive,Objet_00862
Flammable,Objet_14737
Food,Objet_02169
Oxidizing,Objet_12854
Food,Objet_07484
Flammable,Objet_07956
Food,Objet_06444
Pressurized,Objet_12228
Corrosive,Objet_01783
Oxidizing,Objet_07043
Unspecified,Objet_11518
Unspecified,Objet_13330
Toxic,Objet_06948
Explosive,Objet_10791
Oxidizing,Objet_14622
Explosive,Objet_10664
Toxic,Objet_03318
Flammable,Objet_06297
Oxidizing,Objet_05480
Explosive,Objet_13193
Fragile,Objet_14635
Explosive,Objet_02138
Corrosive,Objet_01098
Toxic,Objet_03915
Radioactive,Objet_01904
Toxic,Objet_06984
Food,Objet_02611
Pressurized,Objet_11349
Radioactive,Objet_03590
Flammable,Objet_04597
Flammable,Objet_11291
Radioactive,Objet_02593
Corrosive,Objet_00400
Corrosive,Objet_04618
Food,Objet_13444
Pressurized,Objet_10488
Pressurized,Objet_08977
Toxic,Objet_04063
Food,Objet_02784
Food,Objet_00778
Pressurized,Objet_05081
Explosive,Objet_15476
Flammable,Objet_08111
Explosive,Objet_08294
Toxic,Objet_06200
Explosive,Objet_13599
Corrosive,Objet_11250
Unspecified,Objet_14231
Corrosive,Objet_00374
Food,Objet_11605
Pressurized,Objet_10275
Explosive,Objet_07924
Flammable,Objet_09043
Toxic,Objet_13505
Pressurized,Objet_11002
Flammable,Objet_06195
Explosive,Objet_02718
Toxic,Objet_10925
Toxic,Objet_13579
Corrosive,Objet_00495
Flammable,Objet_12536
Fragile,Objet_04600
Explosive,Objet_13178
Fragile,Objet_02225
Pressurized,Objet_12585
Explosive,Objet_09063
Radioactive,Objet_01164
Corrosive,Objet_06271
Food,Objet_03016
Oxidizing,Objet_04727
Flammable,Objet_10684
Pressurized,Objet_09549
Oxidizing,Objet_05517
Pressurized,Objet_06207
Fragile,Objet_15313
Pressurized,Objet_09865
Fragile,Objet_05113
Food,Objet_06981
Unspecified,Objet_13634
Pressurized,Objet_05429
Fragile,Objet_02788
Pressurized,Objet_13851
Fragile,Objet_00866
Corrosive,Objet_06030
Food,Objet_03717
Toxic,Objet_08084
Unspecified,Objet_01357
Pressurized,Objet_03394
Explosive,Objet_14458
Oxidizing,Objet_02360
Oxidizing,Objet_07600
Toxic,Objet_08641
Flammable,Objet_00534
Toxic,Objet_04759
Oxidizing,Objet_12247
Radioactive,Objet_15256
Food,Objet_06009
Radioactive,Objet_04716
Oxidizing,Objet_07914
Flammable,Objet_00835
Flammable,Objet_14776
Food,Objet_12532
Flammable,Objet_03618
Oxidizing,Objet_09721
Flammable,Objet_04564
Food,Objet_09524
Fragile,Objet_02389
Fragile,Objet_00408
Fragile,Objet_00130
Explosive,Objet_00127
Corrosive,Objet_11421
Food,Objet_10478
Food,Objet_08956
Unspecified,Objet_08612
Radioactive,Objet_04601
Flammable,Objet_11815
Food,Objet_14534
Flammable,Objet_03601
Explosive,Objet_08280
Fragile,Objet_10562
Corrosive,Objet_00592
Corrosive,Objet_13591
Food,Objet_03578
Fragile,Objet_10425
Pressurized,Objet_00103
Toxic,Objet_08198
Fragile,Objet_04931
Food,Objet_02174
Unspecified,Objet_04719
Toxic,Objet_03230
Fragile,Objet_14303
Oxidizing,Objet_00562
Oxidizing,Objet_11609
Explosive,Objet_02203
Pressurized,Objet_03190
Flammable,Objet_10943
Fragile,Objet_12276
Radioactive,Objet_08572
Oxidizing,Objet_10324
Unspecified,Objet_06582
Food,Objet_01005
Flammable,Objet_02701
Food,Objet_15390
Oxidizing,Objet_15000
Corrosive,Objet_01388
Unspecified,Objet_03596
Unspecified,Objet_12140
Flammable,Objet_06081
Explosive,Objet_02111
Pressurized,Objet_07224
Pressurized,Objet_02515
Corrosive,Objet_11585
Flammable,Objet_03528
Oxidizing,Objet_07604
Pressurized,Objet_15075
Corrosive,Objet_04854
Flammable,Objet_06301
Toxic,Objet_07216
Explosive,Objet_03282
Fragile,Objet_09512
Explosive,Objet_00233
Oxidizing,Objet_13078
Food,Objet_13756
Pressurized,Objet_01168
Toxic,Objet_13258
Pressurized,Objet_04203
Radioactive,Objet_06337
Toxic,Objet_01407
Unspecified,Objet_11551
Fragile,Objet_06080
Pressurized,Objet_08144
Explosive,Objet_08391
Radioactive,Objet_01351
Radioactive,Objet_05682
Fragile,Objet_13958
Oxidizing,Objet_13605
Oxidizing,Objet_06493
Corrosive,Objet_03990
Explosive,Objet_01766
Oxidizing,Objet_04065
Unspecified,Objet_12450
Unspecified,Objet_13672
Radioactive,Objet_09382
Oxidizing,Objet_10034
Oxidizing,Objet_03007
Fragile,Objet_10541
Corrosive,Objet_12395
Oxidizing,Objet_10330
Flammable,Objet_01413
Corrosive,Objet_10389
Flammable,Objet_06455
Fragile,Objet_00885
Pressurized,Objet_01052
Fragile,Objet_03291
Fragile,Objet_04393
Unspecified,Objet_15271
Corrosive,Objet_13123
Flammable,Objet_07952
Oxidizing,Objet_10116
Unspecified,Objet_05514
Toxic,Objet_11593
Unspecified,Objet_13324
Radioactive,Objet_07785
Radioactive,Objet_06118
Fragile,Objet_13348
Explosive,Objet_14617
Flammable,Objet_11991
Toxic,Objet_01836
Corrosive,Objet_05535
Radioactive,Objet_09451
Explosive,Objet_02982
Explosive,Objet_12670
Oxidizing,Objet_05930
Unspecified,Objet_14136
Fragile,Objet_08221
Flammable,Objet_09398
Explosive,Objet_01225
Unspecified,Objet_09769
Oxidizing,Objet_15225
Corrosive,Objet_00356
Explosive,Objet_05312
Food,Objet_07386
Food,Objet_07787
Pressurized,Objet_09996
Oxidizing,Objet_06555
Unspecified,Objet_00556
Oxidizing,Objet_07105
Corrosive,Objet_13626
Food,Objet_03225
Pressurized,Objet_00541
Radioactive,Objet_10732
Unspecified,Objet_09902
Corrosive,Objet_02734
Unspecified,Objet_06127
Food,Objet_14935
Unspecified,Objet_14167
Pressurized,Objet_11604
Unspecified,Objet_14514
Flammable,Objet_10346
Oxidizing,Objet_00829
Corrosive,Objet_09812
Corrosive,Objet_00955
Radioactive,Objet_11761
Explosive,Objet_11357
Oxidizing,Objet_08362
Unspecified,Objet_05065
Explosive,Objet_05163
Radioactive,Objet_04289
Flammable,Objet_12049
Corrosive,Objet_11203
Fragile,Objet_15222
Flammable,Objet_03547
Toxic,Objet_08609
Food,Objet_00324
Explosive,Objet_06756
Unspecified,Objet_00554
Corrosive,Objet_11077
Food,Objet_06071
Pressurized,Objet_03124
Toxic,Objet_01951
Radioactive,Objet_01912
Radioactive,Objet_14088
Unspecified,Objet_15171
Flammable,Objet_01189
Pressurized,Objet_12563
Explosive,Objet_00919
Pressurized,Objet_13630
Flammable,Objet_09267
Unspecified,Objet_03058
Oxidizing,Objet_10322
Pressurized,Objet_09558
Flammable,Objet_12256
Toxic,Objet_14011
Fragile,Objet_15340
Explosive,Objet_00720
Unspecified,Objet_03606
Food,Objet_06180
Radioactive,Objet_06941
Toxic,Objet_12485
Toxic,Objet_13839
Fragile,Objet_03047
Flammable,Objet_03340
Fragile,Objet_06033
Unspecified,Objet_08497
Flammable,Objet_09376
Toxic,Objet_07190
Flammable,Objet_06669
Corrosive,Objet_06631
Food,Objet_00004
Radioactive,Objet_05543
Unspecified,Objet_01027
Flammable,Objet_01381
Toxic,Objet_00172
Oxidizing,Objet_14433
Food,Objet_11347
Toxic,Objet_14857
Food,Objet_11326
Fragile,Objet_00612
Oxidizing,Objet_02231
Radioactive,Objet_07859
Pressurized,Objet_04668
Oxidizing,Objet_10053
Flammable,Objet_13985
Pressurized,Objet_05253
Toxic,Objet_07075
Food,Objet_05169
Radioactive,Objet_14299
Toxic,Objet_02266
Toxic,Objet_07782
Oxidizing,Objet_03032
Food,Objet_03554
Radioactive,Objet_03810
Oxidizing,Objet_08943
Radioactive,Objet_10340
Flammable,Objet_13448
Flammable,Objet_08419
Toxic,Objet_00828
Fragile,Objet_08637
Toxic,Objet_07439
Pressurized,Objet_15461
Corrosive,Objet_07370
Pressurized,Objet_03909
Unspecified,Objet_04527
Toxic,Objet_12678
Food,Objet_06675
Radioactive,Objet_04692
Unspecified,Objet_11267
Oxidizing,Objet_01347
Corrosive,Objet_05611
Food,Objet_01135
Pressurized,Objet_05537
Corrosive,Objet_07934
Fragile,Objet_09372
Corrosive,Objet_13398
Corrosive,Objet_05714
Fragile,Objet_12331
Fragile,Objet_00605
Corrosive,Objet_12529
Radioactive,Objet_08729
Corrosive,Objet_07141
Fragile,Objet_11957
Flammable,Objet_11038
Food,Objet_12051
Radioactive,Objet_07651
Corrosive,Objet_14241
Unspecified,Objet_15012
Explosive,Objet_00668
Unspecified,Objet_04596
Toxic,Objet_04614
Food,Objet_10003
Explosive,Objet_01288
Corrosive,Objet_00281
Toxic,Objet_02332
Radioactive,Objet_04806
Pressurized,Objet_02312
Corrosive,Objet_09632
Toxic,Objet_05218
Flammable,Objet_07184
Food,Objet_10244
Radioactive,Objet_03624
Food,Objet_04715
Unspecified,Objet_02790
Unspecified,Objet_01490
Fragile,Objet_02179
Oxidizing,Objet_07703
Food,Objet_15238
Corrosive,Objet_13904
Radioactive,Objet_00194
Unspecified,Objet_03002
Flammable,Objet_10649
Unspecified,Objet_11036
Fragile,Objet_04400
Unspecified,Objet_07925
Unspecified,Objet_06940
Fragile,Objet_10845
Pressurized,Objet_14410
Fragile,Objet_04087
Fragile,Objet_03074
Oxidizing,Objet_00326
Food,Objet_09593
Toxic,Objet_08923
Explosive,Objet_10445
Explosive,Objet_07407
Pressurized,Objet_06693
Oxidizing,Objet_03828
Pressurized,Objet_06327
Explosive,Objet_04409
Flammable,Objet_11406
Radioactive,Objet_10005
Unspecified,Objet_06722
Radioactive,Objet_08538
Oxidizing,Objet_10956
Unspecified,Objet_08213
Explosive,Objet_05188
Radioactive,Objet_02819
Fragile,Objet_02671
Fragile,Objet_12252
Pressurized,Objet_09700
Radioactive,Objet_07502
Toxic,Objet_12432
Oxidizing,Objet_10421
Corrosive,Objet_04498
Fragile,Objet_00090
Corrosive,Objet_12632
Toxic,Objet_07862
Flammable,Objet_13988
Flammable,Objet_12323
Flammable,Objet_02120
Fragile,Objet_10215
Flammable,Objet_03977
Pressurized,Objet_12484
Explosive,Objet_07278
Toxic,Objet_14763
Food,Objet_11394
Flammable,Objet_15121
Fragile,Objet_12320
Fragile,Objet_07119
Corrosive,Objet_10223
Pressurized,Objet_07228
Radioactive,Objet_04180
Flammable,Objet_00672
Toxic,Objet_05769
Oxidizing,Objet_00308
Food,Objet_02592
Flammable,Objet_04737
Food,Objet_13656
Food,Objet_09014
Fragile,Objet_00863
Oxidizing,Objet_00254
Corrosive,Objet_07589
Fragile,Objet_14584
Oxidizing,Objet_09233
Radioactive,Objet_06616
Flammable,Objet_01149
Pressurized,Objet_02147
Oxidizing,Objet_12557
Oxidizing,Objet_08258
Food,Objet_00824
Unspecified,Objet_13170
Explosive,Objet_03026
Toxic,Objet_02675
Fragile,Objet_04296
Pressurized,Objet_04144
Toxic,Objet_04222
Food,Objet_13724
Toxic,Objet_09655
Flammable,Objet_12795
Unspecified,Objet_04168
Oxidizing,Objet_09859
Explosive,Objet_12965
Corrosive,Objet_06509
Pressurized,Objet_13567
Flammable,Objet_03515
Corrosive,Objet_06432
Unspecified,Objet_09095
Pressurized,Objet_12676
Radioactive,Objet_08179
Explosive,Objet_15472
Explosive,Objet_10029
Toxic,Objet_08035
Unspecified,Objet_08880
Explosive,Objet_06969
Pressurized,Objet_08292
Corrosive,Objet_13554
Toxic,Objet_08059
Toxic,Objet_12215
Food,Objet_00473
Unspecified,Objet_15095
Fragile,Objet_13566
Oxidizing,Objet_08435
Flammable,Objet_09874
Food,Objet_08635
Pressurized,Objet_01678
Corrosive,Objet_15356
Unspecified,Objet_08705
Explosive,Objet_13983
Toxic,Objet_11380
Oxidizing,Objet_11566
Food,Objet_09653
Corrosive,Objet_09979
Oxidizing,Objet_00650
Fragile,Objet_05574
Oxidizing,Objet_14283
Radioactive,Objet_07025
Food,Objet_12842
Flammable,Objet_06361
Food,Objet_06152
Fragile,Objet_05034
Corrosive,Objet_15280
Food,Objet_03203
Unspecified,Objet_01160
Flammable,Objet_01422
Unspecified,Objet_05581
Unspecified,Objet_10904
Unspecified,Objet_11895
Fragile,Objet_13980
Oxidizing,Objet_01747
Oxidizing,Objet_05720
Fragile,Objet_00729
Oxidizing,Objet_09254
Radioactive,Objet_03457
