Type, Name
Food,Objet_14950
Fragile,Objet_28754
Toxic,Objet_15204
Fragile,Objet_13164
Unspecified,Objet_03594
Oxidizing,Objet_04484
Oxidizing,Objet_18744
Fragile,Objet_02368
Corrosive,Objet_10124
Corrosive,Objet_29152
Unspecified,Objet_08117
Fragile,Objet_04060
Flammable,Objet_18098
Oxidizing,Objet_13207
Pressurized,Objet_04173
Fragile,Objet_10004
Flammable,Objet_09883
Fragile,Objet_25386
Food,Objet_21970
Toxic,Objet_12124
Toxic,Objet_18828
Radioactive,Objet_23207
Toxic,Objet_18026
Toxic,Objet_23564
Flammable,Objet_23754
Explosive,Objet_17180
Toxic,Objet_23349
Oxidizing,Objet_02240
Food,Objet_05189
Radioactive,Objet_18875
Food,Objet_26011
Toxic,Objet_23076
Explosive,Objet_24412
Flammable,Objet_11387
Flammable,Objet_25132
Pressurized,Objet_24899
Toxic,Objet_29042
Pressurized,Objet_12195
Radioactive,Objet_12797
Radioactive,Objet_02512
Flammable,Objet_07611
Food,Objet_28256
Food,Objet_25578
Corrosive,Objet_12209
Radioactive,Objet_15311
Oxidizing,Objet_10750
Corrosive,Objet_28824
Fragile,Objet_19733
Radioactive,Objet_22111
Oxidizing,Objet_13872
Flammable,Objet_18612
Food,Objet_07238
Explosive,Objet_04300
Radioactive,Objet_04911
Fragile,Objet_08180
Explosive,Objet_24779
Oxidizing,Objet_26156
Toxic,Objet_26235
Pressurized,Objet_02530
Toxic,Objet_00485
Food,Objet_05816
Oxidizing,Objet_13402
Fragile,Objet_17737
Flammable,Objet_01185
Fragile,Objet_15069
Explosive,Objet_20692
Flammable,Objet_09724
Fragile,Objet_07577
Fragile,Objet_05425
Oxidizing,Objet_15389
Toxic,Objet_06656
Flammable,Objet_18115
Unspecified,Objet_26850
Flammable,Objet_06192
Explosive,Objet_08334
Radioactive,Objet_21036
Toxic,Objet_07938
Radioactive,Objet_26568
Corrosive,Objet_02022
Radioactive,Objet_22027
Food,Objet_21733
Flammable,Objet_24474
Fragile,Objet_00656
Corrosive,Objet_09107
Unspecified,Objet_08148
Oxidizing,Objet_03975
Corrosive,Objet_09868
Toxic,Objet_27396
Explosive,Objet_17759
Fragile,Objet_29688
Oxidizing,Objet_21502
Oxidizing,Objet_24992
Corrosive,Objet_00884
Unspecified,Objet_15396
Oxidizing,Objet_17001
Unspecified,Objet_06334
Pressurized,Objet_17764
Toxic,Objet_26326
Pressurized,Objet_26511
Food,Objet_10752
Flammable,Objet_00090
Corrosive,Objet_14996
Unspecified,Objet_03031
Explosive,Objet_25468
Explosive,Objet_03388
Unspecified,Objet_00596
Fragile,Objet_24114
Oxidizing,Objet_12684
Explosive,Objet_25295
Toxic,Objet_08505
Oxidizing,Objet_23340
Flammable,Objet_15377
Explosive,Objet_23133
Radioactive,Objet_07280
Pressurized,Objet_04545
Oxidizing,Objet_23004
Corrosive,Objet_14379
Pressurized,Objet_27661
Radioactive,Objet_27773
Explosive,Objet_13966
Radioactive,Objet_04614
Radioactive,Objet_02637
Pressurized,Objet_24075
Explosive,Objet_01383
Flammable,Objet_07810
Toxic,Objet_17260
Pressurized,Objet_30025
Pressurized,Objet_24720
Food,Objet_25901
Pressurized,Objet_13603
Explosive,Objet_13424
Food,Objet_07143
Fragile,Objet_16380
Fragile,Objet_12215
Corrosive,Objet_05885
Fragile,Objet_10450
Oxidizing,Objet_15869
Flammable,Objet_15345
Toxic,Objet_27495
Corrosive,Objet_09708
Oxidizing,Objet_11398
Food,Objet_15370
Pressurized,Objet_12002
Radioactive,Objet_03475
Corrosive,Objet_15501
Toxic,Objet_13184
Fragile,Objet_23040
Corrosive,Objet_00518
Toxic,Objet_22153
Fragile,Objet_09024
Oxidizing,Objet_27114
Oxidizing,Objet_27917
Unspecified,Objet_08563
Unspecified,Objet_06130
Corrosive,Objet_08685
Food,Objet_21162
Oxidizing,Objet_25330
Toxic,Objet_12466
Unspecified,Objet_22787
Fragile,Objet_17297
Explosive,Objet_16915
Fragile,Objet_18013
Fragile,Objet_05353
Flammable,Objet_10007
Fragile,Objet_21746
Oxidizing,Objet_00054
Fragile,Objet_00572
Explosive,Objet_23316
Oxidizing,Objet_17649
Radioactive,Objet_04496
Corrosive,Objet_14851
Unspecified,Objet_11047
Toxic,Objet_29023
Radioactive,Objet_18545
Corrosive,Objet_17151
Radioactive,Objet_13434
Explosive,Objet_11068
Explosive,Objet_23410
Explosive,Objet_22089
Oxidizing,Objet_00337
Radioactive,Objet_08390
Fragile,Objet_04709
Oxidizing,Objet_24891
Food,Objet_24216
Oxidizing,Objet_10188
Food,Objet_25660
Unspecified,Objet_18167
Oxidizing,Objet_19323
Explosive,Objet_07228
Toxic,Objet_30132
Toxic,Objet_16148
Corrosive,Objet_01420
Corrosive,Objet_11754
Radioactive,Objet_26405
Unspecified,Objet_08676
Flammable,Objet_21421
Oxidizing,Objet_12830
Fragile,Objet_28293
Oxidizing,Objet_02677
Unspecified,Objet_19721
Oxidizing,Objet_26341
Unspecified,Objet_24117
Fragile,Objet_11739
Pressurized,Objet_10423
Unspecified,Objet_24969
Pressurized,Objet_24125
Flammable,Objet_22204
Toxic,Objet_29237
Flammable,Objet_17528
Fragile,Objet_00049
Flammable,Objet_01422
Corrosive,Objet_19672
Food,Objet_14512
Pressurized,Objet_01989
Oxidizing,Objet_03340
Food,Objet_09860
Unspecified,Objet_13746
Food,Objet_25478
Food,Objet_23064
Flammable,Objet_03752
Fragile,Objet_23100
Fragile,Objet_13335
Flammable,Objet_19974
Pressurized,Objet_17165
Radioactive,Objet_25168
Food,Objet_28238
Food,Objet_07269
Fragile,Objet_12818
Corrosive,Objet_02148
Unspecified,Objet_11860
Oxidizing,Objet_26297
Food,Objet_24960
Food,Objet_26947
Pressurized,Objet_23300
Toxic,Objet_01201
Toxic,Objet_00601
Toxic,Objet_25986
Unspecified,Objet_03724
Food,Objet_24741
Toxic,Objet_13660
Pressurized,Objet_18093
Toxic,Objet_06381
Unspecified,Objet_14362
Oxidizing,Objet_15080
Pressurized,Objet_24596
Food,Objet_18577
Toxic,Objet_03493
Fragile,Objet_20410
Pressurized,Objet_27620
Flammable,Objet_08534
Explosive,Objet_23452
Oxidizing,Objet_07894
Unspecified,Objet_08495
Food,Objet_23604
Corrosive,Objet_04896
Toxic,Objet_24000
Corrosive,Objet_27460
Pressurized,Objet_14995
Toxic,Objet_20408
Pressurized,Objet_08456
Flammable,Objet_25736
Fragile,Objet_13725
Pressurized,Objet_20195
Unspecified,Objet_04243
Explosive,Objet_29862
Explosive,Objet_09419
Unspecified,Objet_24283
Fragile,Objet_15620
Pressurized,Objet_22315
Unspecified,Objet_26701
Explosive,Objet_24814
Radioactive,Objet_23275
Explosive,Objet_09441
Toxic,Objet_22808
Corrosive,Objet_08749
Fragile,Objet_07976
Corrosive,Objet_01835
Food,Objet_09065
Corrosive,Objet_25569
Explosive,Objet_25666
Radioactive,Objet_00570
Flammable,Objet_14716
Explosive,Objet_16741
Oxidizing,Objet_22662
Oxidizing,Objet_23182
Oxidizing,Objet_22171
Pressurized,Objet_16878
Toxic,Objet_18090
Oxidizing,Objet_24435
Pressurized,Objet_12142
Pressurized,Objet_25968
Flammable,Objet_23647
Oxidizing,Objet_02884
Unspecified,Objet_00912
Food,Objet_25454
Fragile,Objet_05309
Radioactive,Objet_13439
Unspecified,Objet_14063
Corrosive,Objet_21128
Corrosive,Objet_14522
Flammable,Objet_04652
Oxidizing,Objet_28955
Pressurized,Objet_10216
Toxic,Objet_25963
Pressurized,Objet_12515
Fragile,Objet_02552
Flammable,Objet_06664
Unspecified,Objet_00762
Food,Objet_07890
Unspecified,Objet_23710
Explosive,Objet_15409
Pressurized,Objet_18113
Unspecified,Objet_18067
Corrosive,Objet_30057
Toxic,Objet_23896
Unspecified,Objet_25367
Toxic,Objet_11109
Oxidizing,Objet_21688
Fragile,Objet_16068
Pressurized,Objet_01990
Unspecified,Objet_16082
Fragile,Objet_19467
Pressurized,Objet_15454
Toxic,Objet_03180
Food,Objet_11382
Unspecified,Objet_19824
Unspecified,Objet_07443
Flammable,Objet_11604
Explosive,Objet_12991
Food,Objet_21352
Toxic,Objet_26626
Radioactive,Objet_10376
Corrosive,Objet_22722
Flammable,Objet_11708
Radioactive,Objet_23995
Toxic,Objet_15683
Toxic,Objet_17792
Food,Objet_00388
Radioactive,Objet_19999
Explosive,Objet_07693
Explosive,Objet_28426
Fragile,Objet_01741
Radioactive,Objet_28796
Corrosive,Objet_27707
Toxic,Objet_28247
Fragile,Objet_27805
Radioactive,Objet_23373
Pressurized,Objet_14178
Fragile,Objet_00188
Fragile,Objet_19315
Oxidizing,Objet_10580
Explosive,Objet_12376
Flammable,Objet_14864
Radioactive,Objet_14841
Toxic,Objet_25455
Fragile,Objet_12586
Pressurized,Objet_25900
Radioactive,Objet_27948
Explosive,Objet_11736
Food,Objet_04405
Corrosive,Objet_05068
Unspecified,Objet_04149
Unspecified,Objet_12860
Unspecified,Objet_17899
Fragile,Objet_14605
Corrosive,Objet_19697
Fragile,Objet_17898
Explosive,Objet_01212
Corrosive,Objet_23003
Radioactive,Objet_23851
Toxic,Objet_04872
Fragile,Objet_09664
Radioactive,Objet_23993
Flammable,Objet_23953
Explosive,Objet_14913
Radioactive,Objet_25392
Radioactive,Objet_15919
Flammable,Objet_19845
Fragile,Objet_20850
Flammable,Objet_19569
Corrosive,Objet_16030
Food,Objet_13762
Pressurized,Objet_15066
Toxic,Objet_21817
Unspecified,Objet_22621
Corrosive,Objet_25417
Food,Objet_29330
Toxic,Objet_18069
Fragile,Objet_13654
Flammable,Objet_03317
Pressurized,Objet_26710
Toxic,Objet_06478
Unspecified,Objet_01052
Explosive,Objet_28260
Radioactive,Objet_28879
Fragile,Objet_13257
Oxidizing,Objet_01173
Radioactive,Objet_05271
Fragile,Objet_14967
Food,Objet_26848
Explosive,Objet_18570
Unspecified,Objet_14842
Corrosive,Objet_06792
Unspecified,Objet_22963
Radioactive,Objet_18817
Fragile,Objet_14634
Flammable,Objet_04774
Radioactive,Objet_05327
Explosive,Objet_09032
Food,Objet_05644
Corrosive,Objet_22076
Flammable,Objet_28546
Radioactive,Objet_29423
Oxidizing,Objet_22648
Fragile,Objet_10054
Pressurized,Objet_15106
Oxidizing,Objet_25156
Toxic,Objet_08336
Pressurized,Objet_08304
Flammable,Objet_28916
Explosive,Objet_25576
Unspecified,Objet_21462
Corrosive,Objet_09776
Corrosive,Objet_15203
Unspecified,Objet_25423
Explosive,Objet_09095
Explosive,Objet_24247
Unspecified,Objet_06394
Food,Objet_21695
Oxidizing,Objet_25567
Flammable,Objet_10284
Corrosive,Objet_19862
Oxidizing,Objet_22509
Fragile,Objet_23066
Flammable,Objet_12603
Radioactive,Objet_21163
Food,Objet_07855
Flammable,Objet_09922
Flammable,Objet_28667
Oxidizing,Objet_06448
Oxidizing,Objet_07216
Explosive,Objet_07808
Food,Objet_06709
Food,Objet_08013
Fragile,Objet_20582
Food,Objet_20482
Food,Objet_21478
Fragile,Objet_25779
Flammable,Objet_23991
Corrosive,Objet_20079
Radioactive,Objet_00789
Corrosive,Objet_05023
Oxidizing,Objet_26017
Food,Objet_01194
Oxidizing,Objet_06623
Toxic,Objet_17956
Flammable,Objet_14492
Fragile,Objet_02465
Pressurized,Objet_19939
Pressurized,Objet_09730
Unspecified,Objet_03700
Food,Objet_25355
Flammable,Objet_02762
Oxidizing,Objet_12839
Oxidizing,Objet_20046
Corrosive,Objet_03345
Flammable,Objet_01060
Toxic,Objet_05173
Fragile,Objet_23549
Flammable,Objet_02251
Fragile,Objet_10969
Toxic,Objet_20908
Flammable,Objet_23200
Fragile,Objet_22802
Food,Objet_20967
Fragile,Objet_11650
Corrosive,Objet_05002
Flammable,Objet_03569
Fragile,Objet_18486
Oxidizing,Objet_09175
Pressurized,Objet_27648
Unspecified,Objet_16244
Corrosive,Objet_14206
Pressurized,Objet_07543
Oxidizing,Objet_29768
Corrosive,Objet_23719
Explosive,Objet_28881
Oxidizing,Objet_29897
Unspecified,Objet_01667
Pressurized,Objet_08843
Fragile,Objet_16993
Explosive,Objet_14021
Flammable,Objet_18257
Unspecified,Objet_12972
Corrosive,Objet_19802
Explosive,Objet_02106
Toxic,Objet_16312
Corrosive,Objet_25589
Food,Objet_06028
Radioactive,Objet_05523
Pressurized,Objet_29667
Flammable,Objet_12558
Oxidizing,Objet_11997
Fragile,Objet_21251
Corrosive,Objet_08832
Toxic,Objet_23990
Corrosive,Objet_12048
Food,Objet_14858
Food,Objet_07843
Radioactive,Objet_00265
Fragile,Objet_05522
Corrosive,Objet_19946
Toxic,Objet_18881
Toxic,Objet_21235
Food,Objet_25973
Toxic,Objet_19912
Fragile,Objet_27676
Explosive,Objet_01779
Radioactive,Objet_19581
Toxic,Objet_16631
Pressurized,Objet_17373
Toxic,Objet_16753
Corrosive,Objet_29506
Toxic,Objet_13272
Unspecified,Objet_14259
Unspecified,Objet_07899
Pressurized,Objet_13251
Toxic,Objet_05907
Toxic,Objet_20750
Flammable,Objet_13682
Flammable,Objet_25353
Flammable,Objet_25821
Toxic,Objet_26053
Radioactive,Objet_06079
Pressurized,Objet_28134
Toxic,Objet_20124
Fragile,Objet_17940
Corrosive,Objet_18296
Oxidizing,Objet_16017
Food,Objet_13299
Fragile,Objet_13313
Toxic,Objet_19727
Unspecified,Objet_21315
Pressurized,Objet_07669
Food,Objet_14971
Toxic,Objet_13546
Pressurized,Objet_21193
Explosive,Objet_06735
Oxidizing,Objet_11030
Oxidizing,Objet_19526
Corrosive,Objet_28599
Corrosive,Objet_17405
Flammable,Objet_01263
Pressurized,Objet_07705
Oxidizing,Objet_30066
Toxic,Objet_20889
Oxidizing,Objet_27407
Toxic,Objet_22696
Flammable,Objet_15210
Toxic,Objet_13514
Fragile,Objet_20583
Food,Objet_13927
Explosive,Objet_18522
Fragile,Objet_27686
Pressurized,Objet_17780
Corrosive,Objet_07342
Flammable,Objet_23679
Fragile,Objet_21887
Toxic,Objet_19462
Unspecified,Objet_07660
Corrosive,Objet_16799
Toxic,Objet_03185
Pressurized,Objet_24462
Toxic,Objet_26538
Radioactive,Objet_29656
Pressurized,Objet_22673
Flammable,Objet_24519
Pressurized,Objet_07241
Flammable,Objet_15493
Corrosive,Objet_24085
Unspecified,Objet_28540
Unspecified,Objet_28085
Flammable,Objet_01690
Radioactive,Objet_08993
Food,Objet_14194
Oxidizing,Objet_19316
Unspecified,Objet_24328
Oxidizing,Objet_05394
Flammable,Objet_19683
Oxidizing,Objet_18756
Toxic,Objet_27177
Corrosive,Objet_21177
Oxidizing,Objet_13677
Toxic,Objet_20667
Radioactive,Objet_30074
Food,Objet_13500
Radioactive,Objet_29354
Unspecified,Objet_27276
Fragile,Objet_19510
Unspecified,Objet_09127
Fragile,Objet_13994
Unspecified,Objet_08314
Pressurized,Objet_19410
Flammable,Objet_26753
Explosive,Objet_22770
Explosive,Objet_14353
Pressurized,Objet_10929
Flammable,Objet_18280
Explosive,Objet_03802
Unspecified,Objet_13789
Explosive,Objet_24111
Fragile,Objet_13261
Flammable,Objet_00262
Radioactive,Objet_26945
Explosive,Objet_29531
Corrosive,Objet_08442
Explosive,Objet_27431
Food,Objet_15374
Corrosive,Objet_08787
Oxidizing,Objet_15738
Fragile,Objet_01031
Oxidizing,Objet_15799
Corrosive,Objet_07582
Oxidizing,Objet_18485
Fragile,Objet_27609
Food,Objet_13912
Flammable,Objet_16276
Radioactive,Objet_12805
Oxidizing,Objet_02248
Radioactive,Objet_22022
Flammable,Objet_17645
Food,Objet_16890
Flammable,Objet_04820
Flammable,Objet_27459
Pressurized,Objet_23983
Oxidizing,Objet_14734
Unspecified,Objet_28801
Fragile,Objet_04862
Corrosive,Objet_02093
Toxic,Objet_25252
Fragile,Objet_11598
Toxic,Objet_16359
Unspecified,Objet_12394
Explosive,Objet_20710
Oxidizing,Objet_01295
Fragile,Objet_05360
Radioactive,Objet_12417
Unspecified,Objet_05978
Radioactive,Objet_16955
Flammable,Objet_28630
Pressurized,Objet_11710
Unspecified,Objet_24433
Pressurized,Objet_17746
Fragile,Objet_15631
Oxidizing,Objet_07102
Pressurized,Objet_04233
Oxidizing,Objet_03300
Corrosive,Objet_09099
Toxic,Objet_14071
Unspecified,Objet_23751
Toxic,Objet_14045
Unspecified,Objet_00991
Toxic,Objet_14722
Radioactive,Objet_27603
Flammable,Objet_23455
Flammable,Objet_14185
Toxic,Objet_08112
Flammable,Objet_21457
Pressurized,Objet_20755
Radioactive,Objet_16651
Unspecified,Objet_26801
Fragile,Objet_14812
Pressurized,Objet_29390
Oxidizing,Objet_21982
Explosive,Objet_20949
Oxidizing,Objet_20845
Fragile,Objet_11779
Oxidizing,Objet_22998
Radioactive,Objet_15849
Corrosive,Objet_12065
Oxidizing,Objet_02463
Corrosive,Objet_03848
Explosive,Objet_29221
Oxidizing,Objet_11183
Oxidizing,Objet_05283
Food,Objet_27160
Radioactive,Objet_07061
Unspecified,Objet_08883
Toxic,Objet_05930
Corrosive,Objet_28105
Corrosive,Objet_13549
Toxic,Objet_18924
Toxic,Objet_24795
Flammable,Objet_21580
Unspecified,Objet_25689
Radioactive,Objet_25266
Flammable,Objet_11698
Pressurized,Objet_05766
Food,Objet_14829
Pressurized,Objet_21120
Toxic,Objet_12468
Fragile,Objet_05476
Oxidizing,Objet_00898
Flammable,Objet_10480
Food,Objet_02843
Oxidizing,Objet_12006
Flammable,Objet_08892
Explosive,Objet_08584
Corrosive,Objet_13613
Fragile,Objet_00630
Fragile,Objet_05840
Unspecified,Objet_23029
Explosive,Objet_30102
Toxic,Objet_22559
Corrosive,Objet_27596
Pressurized,Objet_26851
Toxic,Objet_18343
Unspecified,Objet_13428
Unspecified,Objet_17192
Oxidizing,Objet_21075
Flammable,Objet_01274
Fragile,Objet_27011
Flammable,Objet_09989
Oxidizing,Objet_23327
Pressurized,Objet_04368
Explosive,Objet_18320
Explosive,Objet_26675
Radioactive,Objet_03849
Toxic,Objet_04759
Pressurized,Objet_04657
Radioactive,Objet_00495
Explosive,Objet_28015
Pressurized,Objet_23281
Toxic,Objet_05432
Corrosive,Objet_26189
Food,Objet_10723
Radioactive,Objet_11586
Oxidizing,Objet_25369
Radioactive,Objet_06695
Fragile,Objet_25445
Flammable,Objet_24366
Explosive,Objet_01408
Oxidizing,Objet_07917
Radioactive,Objet_18497
Explosive,Objet_01164
Radioactive,Objet_09692
Unspecified,Objet_15291
Food,Objet_00150
Toxic,Objet_22286
Unspecified,Objet_21119
Explosive,Objet_11625
Explosive,Objet_27003
Corrosive,Objet_01424
Unspecified,Objet_01573
Oxidizing,Objet_12044
Fragile,Objet_26394
Explosive,Objet_27873
Pressurized,Objet_20963
Explosive,Objet_08592
Pressurized,Objet_23287
Radioactive,Objet_08789
Food,Objet_29063
Pressurized,Objet_02704
Fragile,Objet_14424
Fragile,Objet_04191
Corrosive,Objet_13768
Unspecified,Objet_01939
Oxidizing,Objet_17451
Unspecified,Objet_25238
Unspecified,Objet_01286
Toxic,Objet_03701
Oxidizing,Objet_05576
Corrosive,Objet_17856
Food,Objet_22901
Corrosive,Objet_03102
Explosive,Objet_08087
Pressurized,Objet_00074
Unspecified,Objet_16758
Oxidizing,Objet_06317
Toxic,Objet_06703
Food,Objet_10598
Radioactive,Objet_21256
Radioactive,Objet_19794
Pressurized,Objet_05982
Oxidizing,Objet_06770
Pressurized,Objet_00756
Corrosive,Objet_08944
Unspecified,Objet_23611
Radioactive,Objet_26453
Flammable,Objet_07617
Radioactive,Objet_21613
Radioactive,Objet_01640
Fragile,Objet_10508
Pressurized,Objet_28357
Oxidizing,Objet_14697
Corrosive,Objet_04371
Food,Objet_25218
Oxidizing,Objet_18294
Radioactive,Objet_03825
Pressurized,Objet_05817
Flammable,Objet_25539
Food,Objet_18592
Flammable,Objet_07991
Flammable,Objet_26093
Oxidizing,Objet_16369
Toxic,Objet_17115
Flammable,Objet_16366
Oxidizing,Objet_29756
Oxidizing,Objet_12193
Explosive,Objet_06494
Fragile,Objet_23915
Oxidizing,Objet_04834
Unspecified,Objet_01736
Unspecified,Objet_23369
Pressurized,Objet_25091
Pressurized,Objet_24526
Corrosive,Objet_09051
Corrosive,Objet_10920
Explosive,Objet_14944
Explosive,Objet_20373
Toxic,Objet_24592
Pressurized,Objet_05247
Oxidizing,Objet_19026
Explosive,Objet_05235
Radioactive,Objet_15645
Corrosive,Objet_15784
Unspecified,Objet_11171
Unspecified,Objet_18444
Pressurized,Objet_23442
Food,Objet_20961
Explosive,Objet_11659
Fragile,Objet_02442
Toxic,Objet_10791
Radioactive,Objet_05653
Unspecified,Objet_07542
Toxic,Objet_25313
Explosive,Objet_16092
Toxic,Objet_09412
Unspecified,Objet_17619
Explosive,Objet_09195
Radioactive,Objet_20278
Oxidizing,Objet_10142
Unspecified,Objet_18012
Pressurized,Objet_15482
Toxic,Objet_03663
Unspecified,Objet_10885
Fragile,Objet_29893
Corrosive,Objet_05954
Corrosive,Objet_14909
Fragile,Objet_03083
Oxidizing,Objet_25446
Food,Objet_11901
Radioactive,Objet_16573
Pressurized,Objet_10670
Explosive,Objet_00354
Oxidizing,Objet_12879
Flammable,Objet_06445
Toxic,Objet_13593
Toxic,Objet_21643
Radioactive,Objet_22492
Toxic,Objet_29433
Explosive,Objet_05301
Flammable,Objet_13897
Radioactive,Objet_12047
Explosive,Objet_18435
Flammable,Objet_21341
Oxidizing,Objet_22299
Food,Objet_19512
Oxidizing,Objet_06593
Explosive,Objet_09406
Oxidizing,Objet_20398
Oxidizing,Objet_21499
Toxic,Objet_03670
Radioactive,Objet_02783
Fragile,Objet_22667
Oxidizing,Objet_01903
Corrosive,Objet_24626
Unspecified,Objet_28429
Radioactive,Objet_20102
Food,Objet_25816
Unspecified,Objet_22639
Pressurized,Objet_01915
Radioactive,Objet_12627
Unspecified,Objet_19335
Radioactive,Objet_17517
Pressurized,Objet_17556
Unspecified,Objet_01091
Flammable,Objet_03045
Toxic,Objet_02780
Flammable,Objet_21382
Fragile,Objet_06838
Corrosive,Objet_23527
Explosive,Objet_24277
Explosive,Objet_08364
Pressurized,Objet_08275
Unspecified,Objet_19821
Explosive,Objet_15728
Toxic,Objet_22143
Flammable,Objet_14907
Explosive,Objet_29496
Corrosive,Objet_24558
Food,Objet_22845
Unspecified,Objet_13604
Pressurized,Objet_23213
Unspecified,Objet_15093
Corrosive,Objet_28944
Food,Objet_13659
Radioactive,Objet_01526
Pressurized,Objet_07794
Fragile,Objet_00027
Corrosive,Objet_27821
Explosive,Objet_03717
Unspecified,Objet_16223
Food,Objet_18500
Food,Objet_17523
Radioactive,Objet_10634
Explosive,Objet_17411
Unspecified,Objet_23073
Unspecified,Objet_28966
Oxidizing,Objet_20944
Radioactive,Objet_05313
Radioactive,Objet_08571
Unspecified,Objet_16917
Oxidizing,Objet_27876
Food,Objet_03699
Food,Objet_25296
Radioactive,Objet_19841
Unspecified,Objet_10298
Explosive,Objet_11970
Toxic,Objet_27696
Toxic,Objet_24860
Unspecified,Objet_25241
Pressurized,Objet_00623
Explosive,Objet_17343
Oxidizing,Objet_22809
Oxidizing,Objet_25647
Corrosive,Objet_10876
Food,Objet_18686
Pressurized,Objet_27380
Corrosive,Objet_26824
Pressurized,Objet_09177
Pressurized,Objet_22339
Toxic,Objet_08358
Radioactive,Objet_01425
Fragile,Objet_09534
Explosive,Objet_02891
Fragile,Objet_16590
Unspecified,Objet_02569
Corrosive,Objet_08396
Food,Objet_27788
Fragile,Objet_17232
Radioactive,Objet_00166
Pressurized,Objet_15921
Food,Objet_23786
Toxic,Objet_22983
Toxic,Objet_26815
Toxic,Objet_15446
Unspecified,Objet_27606
Flammable,Objet_10921
Unspecified,Objet_25158
Radioactive,Objet_20303
Food,Objet_08792
Corrosive,Objet_15614
Pressurized,Objet_26518
Corrosive,Objet_14138
Fragile,Objet_27599
Food,Objet_20711
Flammable,Objet_16163
Flammable,Objet_06429
Radioactive,Objet_04305
Flammable,Objet_23501
Unspecified,Objet_02076
Corrosive,Objet_17731
Toxic,Objet_29270
Pressurized,Objet_00017
Food,Objet_11318
Explosive,Objet_02354
Toxic,Objet_29544
Oxidizing,Objet_07333
Unspecified,Objet_28349
Explosive,Objet_19622
Pressurized,Objet_26907
Unspecified,Objet_19818
Food,Objet_17914
Oxidizing,Objet_13551
Food,Objet_11987
Unspecified,Objet_25249
Food,Objet_21865
Radioactive,Objet_14012
Radioactive,Objet_04572
Unspecified,Objet_28514
Corrosive,Objet_03995
Flammable,Objet_12843
Corrosive,Objet_08564
Fragile,Objet_08907
Food,Objet_16729
Oxidizing,Objet_23175
Fragile,Objet_08914
Unspecified,Objet_19010
Explosive,Objet_28925
Unspecified,Objet_13075
Fragile,Objet_28060
Pressurized,Objet_16912
Fragile,Objet_24746
Pressurized,Objet_13580
Food,Objet_06934
Oxidizing,Objet_29866
Explosive,Objet_27251
Unspecified,Objet_11929
Food,Objet_10110
Corrosive,Objet_10798
Unspecified,Objet_10312
Unspecified,Objet_29882
Corrosive,Objet_11967
Flammable,Objet_24668
Oxidizing,Objet_23001
Explosive,Objet_27542
Corrosive,Objet_09580
Oxidizing,Objet_23714
Oxidizing,Objet_03834
Flammable,Objet_17963
Explosive,Objet_27515
Fragile,Objet_05468
Radioactive,Objet_15168
Unspecified,Objet_16936
Fragile,Objet_24442
Radioactive,Objet_23539
Food,Objet_00942
Pressurized,Objet_03330
Fragile,Objet_27209
Radioactive,Objet_28990
Oxidizing,Objet_13529
Oxidizing,Objet_13232
Radioactive,Objet_23901
Corrosive,Objet_02805
Unspecified,Objet_22706
Flammable,Objet_21303
Flammable,Objet_01348
Flammable,Objet_03065
Food,Objet_30148
Flammable,Objet_26356
Flammable,Objet_27915
Pressurized,Objet_03402
Unspecified,Objet_27786
Radioactive,Objet_27667
Toxic,Objet_05500
Fragile,Objet_20450
Corrosive,Objet_24385
Explosive,Objet_28853
Unspecified,Objet_26159
Toxic,Objet_23873
Toxic,Objet_13902
Toxic,Objet_27565
Oxidizing,Objet_18648
Corrosive,Objet_29057
Radioactive,Objet_26258
Flammable,Objet_22208
Food,Objet_11946
Pressurized,Objet_14629
Unspecified,Objet_17950
Radioactive,Objet_17440
Fragile,Objet_13250
Flammable,Objet_10663
Toxic,Objet_19758
Pressurized,Objet_28912
Toxic,Objet_12854
Fragile,Objet_19459
Unspecified,Objet_03151
Toxic,Objet_06240
Radioactive,Objet_03216
Radioactive,Objet_17268
Food,Objet_03432
Pressurized,Objet_04823
Radioactive,Objet_20999
Toxic,Objet_09959
Fragile,Objet_17435
Toxic,Objet_17913
Explosive,Objet_15640
Radioactive,Objet_29646
Corrosive,Objet_02107
Toxic,Objet_27888
Unspecified,Objet_13044
Toxic,Objet_24951
Pressurized,Objet_21501
Corrosive,Objet_07783
Corrosive,Objet_17613
Unspecified,Objet_15839
Pressurized,Objet_07268
Pressurized,Objet_26477
Radioactive,Objet_03213
Pressurized,Objet_20316
Explosive,Objet_01712
Corrosive,Objet_10018
Oxidizing,Objet_09129
Unspecified,Objet_10577
Toxic,Objet_04163
Radioactive,Objet_12918
Unspecified,Objet_19909
Explosive,Objet_21506
Radioactive,Objet_21918
Pressurized,Objet_22092
Pressurized,Objet_15753
Food,Objet_21306
Food,Objet_12772
Food,Objet_16141
Flammable,Objet_29621
Fragile,Objet_02697
Pressurized,Objet_08540
Corrosive,Objet_17351
Pressurized,Objet_30034
Flammable,Objet_22400
Oxidizing,Objet_24624
Oxidizing,Objet_10537
Corrosive,Objet_07027
Corrosive,Objet_03659
Oxidizing,Objet_15926
Explosive,Objet_15032
Oxidizing,Objet_06107
Explosive,Objet_05306
Toxic,Objet_06961
Corrosive,Objet_21848
Fragile,Objet_10010
Flammable,Objet_14511
Explosive,Objet_02542
Corrosive,Objet_19375
Food,Objet_28441
Corrosive,Objet_20106
Explosive,Objet_26445
Corrosive,Objet_25733
Unspecified,Objet_29994
Oxidizing,Objet_08664
Oxidizing,Objet_07463
Corrosive,Objet_11012
Flammable,Objet_18085
Toxic,Objet_28353
Fragile,Objet_00267
Unspecified,Objet_01049
Flammable,Objet_09064
Unspecified,Objet_26739
Flammable,Objet_08371
Food,Objet_18298
Unspecified,Objet_28091
Fragile,Objet_08825
Toxic,Objet_17806
Flammable,Objet_25671
Pressurized,Objet_11380
Toxic,Objet_17717
Oxidizing,Objet_12953
Oxidizing,Objet_15364
Oxidizing,Objet_01443
Explosive,Objet_14459
Unspecified,Objet_17288
Fragile,Objet_07446
Flammable,Objet_13831
Flammable,Objet_05789
Radioactive,Objet_07366
Corrosive,Objet_26045
Oxidizing,Objet_21805
Radioactive,Objet_03626
Food,Objet_27428
Corrosive,Objet_01228
Toxic,Objet_28798
Unspecified,Objet_02984
Explosive,Objet_14749
Toxic,Objet_11669
Unspecified,Objet_20772
Explosive,Objet_26971
Toxic,Objet_06783
Unspecified,Objet_09322
Toxic,Objet_28240
Radioactive,Objet_29302
Radioactive,Objet_25630
Oxidizing,Objet_05150
Food,Objet_13499
Oxidizing,Objet_26040
Oxidizing,Objet_05051
Unspecified,Objet_09752
Oxidizing,Objet_23639
Toxic,Objet_00010
Fragile,Objet_25655
Toxic,Objet_20442
Corrosive,Objet_11139
Flammable,Objet_15021
Food,Objet_11872
Flammable,Objet_03527
Food,Objet_19565
Explosive,Objet_27850
Toxic,Objet_24903
Corrosive,Objet_24607
Oxidizing,Objet_13955
Unspecified,Objet_08452
Pressurized,Objet_28315
Radioactive,Objet_21364
Food,Objet_15533
Food,Objet_01905
Explosive,Objet_01948
Fragile,Objet_13866
Oxidizing,Objet_25277
Unspecified,Objet_26267
Toxic,Objet_18229
Radioactive,Objet_05626
Flammable,Objet_07396
Unspecified,Objet_06524
Fragile,Objet_18883
Food,Objet_06148
Toxic,Objet_13137
Explosive,Objet_08164
Food,Objet_03788
Radioactive,Objet_05024
Oxidizing,Objet_26433
Unspecified,Objet_21171
Toxic,Objet_21954
Explosive,Objet_09188
Flammable,Objet_21068
Unspecified,Objet_25327
Pressurized,Objet_24428
Corrosive,Objet_07086
Fragile,Objet_26185
Flammable,Objet_06385
Pressurized,Objet_13925
Oxidizing,Objet_11069
Food,Objet_11729
Radioactive,Objet_20213
Radioactive,Objet_18470
Food,Objet_07683
Explosive,Objet_05290
Toxic,Objet_23499
Pressurized,Objet_02916
Radioactive,Objet_00747
Pressurized,Objet_13134
Unspecified,Objet_14225
Toxic,Objet_21573
Flammable,Objet_07195
Radioactive,Objet_01033
Unspecified,Objet_27232
Food,Objet_00464
Explosive,Objet_03676
Oxidizing,Objet_27587
Radioactive,Objet_10428
Pressurized,Objet_05043
Radioactive,Objet_01971
Radioactive,Objet_25916
Oxidizing,Objet_25278
Oxidizing,Objet_11023
Unspecified,Objet_22541
Flammable,Objet_12546
Corrosive,Objet_22119
Oxidizing,Objet_24436
Corrosive,Objet_14867
Unspecified,Objet_09330
Fragile,Objet_21518
Explosive,Objet_04090
Flammable,Objet_04757
Pressurized,Objet_03996
Fragile,Objet_26383
Unspecified,Objet_19511
Pressurized,Objet_25210
Oxidizing,Objet_17738
Fragile,Objet_04158
Toxic,Objet_16822
Flammable,Objet_23968
Oxidizing,Objet_11288
Fragile,Objet_24888
Radioactive,Objet_15384
Flammable,Objet_26039
Toxic,Objet_16728
Corrosive,Objet_01781
Food,Objet_12467
Fragile,Objet_24471
Toxic,Objet_09201
Food,Objet_10089
Toxic,Objet_00370
Flammable,Objet_13089
Explosive,Objet_14306
Toxic,Objet_09780
Toxic,Objet_07213
Corrosive,Objet_22972
Unspecified,Objet_26737
Pressurized,Objet_12744
Unspecified,Objet_00940
Flammable,Objet_26882
Oxidizing,Objet_03334
Explosive,Objet_27308
Toxic,Objet_27355
Corrosive,Objet_19541
Explosive,Objet_11271
Unspecified,Objet_08129
Fragile,Objet_15444
Corrosive,Objet_24094
Explosive,Objet_26973
Radioactive,Objet_10719
Corrosive,Objet_01713
Unspecified,Objet_22749
Toxic,Objet_09206
Radioactive,Objet_19887
Explosive,Objet_28461
Food,Objet_24268
Fragile,Objet_03052
Fragile,Objet_15592
Pressurized,Objet_00059
Radioactive,Objet_26957
Fragile,Objet_23336
Pressurized,Objet_02230
Toxic,Objet_09527
Radioactive,Objet_02899
Oxidizing,Objet_15264
Corrosive,Objet_12973
Flammable,Objet_00179
Oxidizing,Objet_24356
Unspecified,Objet_27935
Flammable,Objet_24003
Fragile,Objet_00484
Unspecified,Objet_12698
Unspecified,Objet_01644
Pressurized,Objet_28185
Flammable,Objet_15159
Oxidizing,Objet_13124
Food,Objet_12801
Fragile,Objet_20564
Explosive,Objet_05423
Fragile,Objet_09029
Oxidizing,Objet_25586
Pressurized,Objet_24966
Oxidizing,Objet_29035
Pressurized,Objet_28158
Fragile,Objet_25880
Flammable,Objet_02534
Pressurized,Objet_02702
Toxic,Objet_20304
Flammable,Objet_08601
Oxidizing,Objet_23342
Fragile,Objet_28993
Oxidizing,Objet_08107
Oxidizing,Objet_06061
Toxic,Objet_10117
Explosive,Objet_16837
Corrosive,Objet_27966
Unspecified,Objet_28846
Oxidizing,Objet_25264
Toxic,Objet_21288
Fragile,Objet_06443
Corrosive,Objet_16664
Fragile,Objet_29046
Corrosive,Objet_01981
Flammable,Objet_20868
Radioactive,Objet_26144
Radioactive,Objet_08527
Flammable,Objet_20504
Explosive,Objet_10377
Radioactive,Objet_19363
Radioactive,Objet_12678
Oxidizing,Objet_25113
Flammable,Objet_12042
Unspecified,Objet_01439
Radioactive,Objet_07452
Toxic,Objet_00454
Flammable,Objet_02555
Fragile,Objet_24486
Food,Objet_09984
Oxidizing,Objet_11780
Flammable,Objet_16266
Flammable,Objet_17046
Pressurized,Objet_26416
Unspecified,Objet_05810
Toxic,Objet_06705
Corrosive,Objet_21892
Oxidizing,Objet_19766
Explosive,Objet_04001
Explosive,Objet_20346
Fragile,Objet_13681
Flammable,Objet_24413
Toxic,Objet_13022
Pressurized,Objet_19166
Food,Objet_26914
Food,Objet_25886
Fragile,Objet_16187
Radioactive,Objet_15024
Flammable,Objet_04812
Flammable,Objet_27426
Toxic,Objet_18697
Fragile,Objet_00043
Food,Objet_18344
Flammable,Objet_00817
Explosive,Objet_05820
Unspecified,Objet_04416
Unspecified,Objet_02436
Oxidizing,Objet_00699
Unspecified,Objet_20104
Oxidizing,Objet_14891
Explosive,Objet_14800
Fragile,Objet_01739
Food,Objet_07277
Unspecified,Objet_27413
Oxidizing,Objet_28947
Toxic,Objet_08017
Fragile,Objet_16409
Oxidizing,Objet_10011
Radioactive,Objet_21123
Pressurized,Objet_20878
Corrosive,Objet_10396
Flammable,Objet_28446
Food,Objet_01521
Corrosive,Objet_16717
Explosive,Objet_21556
Corrosive,Objet_29736
Pressurized,Objet_25806
Oxidizing,Objet_24021
Food,Objet_04054
Unspecified,Objet_22321
Fragile,Objet_20290
Radioactive,Objet_03675
Explosive,Objet_03578
Toxic,Objet_06959
Toxic,Objet_15378
Toxic,Objet_20939
Corrosive,Objet_02515
Flammable,Objet_17733
Pressurized,Objet_09016
Pressurized,Objet_22756
Food,Objet_09403
Unspecified,Objet_23803
Toxic,Objet_07164
Explosive,Objet_15047
Oxidizing,Objet_11123
Flammable,Objet_18812
Pressurized,Objet_12365
Corrosive,Objet_08821
Corrosive,Objet_04785
Pressurized,Objet_03818
Toxic,Objet_15686
Fragile,Objet_03191
Food,Objet_27714
Food,Objet_30071
Corrosive,Objet_28226
Fragile,Objet_19654
Unspecified,Objet_20584
Fragile,Objet_28008
Pressurized,Objet_22611
Toxic,Objet_16875
Corrosive,Objet_08886
Fragile,Objet_17607
Fragile,Objet_21656
Corrosive,Objet_29898
Pressurized,Objet_00168
Pressurized,Objet_17650
Toxic,Objet_28028
Explosive,Objet_03971
Oxidizing,Objet_19855
Fragile,Objet_08645
Explosive,Objet_14467
Radioactive,Objet_22183
Fragile,Objet_05220
Flammable,Objet_11518
Fragile,Objet_18965
Pressurized,Objet_26027
Oxidizing,Objet_23264
Flammable,Objet_23678
Unspecified,Objet_03862
Toxic,Objet_12035
Flammable,Objet_10390
Radioactive,Objet_19129
Oxidizing,Objet_18252
Fragile,Objet_06416
Oxidizing,Objet_09103
Oxidizing,Objet_15655
Fragile,Objet_24588
Food,Objet_28067
Pressurized,Objet_27857
Explosive,Objet_08012
Flammable,Objet_07206
Flammable,Objet_06199
Corrosive,Objet_03291
Fragile,Objet_09263
Flammable,Objet_30136
Fragile,Objet_15695
Explosive,Objet_05230
Fragile,Objet_10742
Flammable,Objet_17865
Pressurized,Objet_01973
Unspecified,Objet_03413
Food,Objet_04349
Unspecified,Objet_27534
Radioactive,Objet_26006
Toxic,Objet_23259
Fragile,Objet_21336
Pressurized,Objet_06098
Explosive,Objet_19784
Unspecified,Objet_07474
Food,Objet_09600
Food,Objet_27910
Unspecified,Objet_03528
Food,Objet_30048
Unspecified,Objet_18450
Radioactive,Objet_24996
Toxic,Objet_05843
Pressurized,Objet_15821
Flammable,Objet_07223
Unspecified,Objet_01310
Explosive,Objet_23477
Flammable,Objet_28509
Pressurized,Objet_02201
Explosive,Objet_15035
Corrosive,Objet_16094
Radioactive,Objet_26691
Oxidizing,Objet_19749
Pressurized,Objet_24013
Explosive,Objet_20063
Oxidizing,Objet_04758
Explosive,Objet_28493
Corrosive,Objet_29451
Flammable,Objet_17315
Oxidizing,Objet_14831
Toxic,Objet_22118
Oxidizing,Objet_15363
Flammable,Objet_15700
Flammable,Objet_26385
Food,Objet_21489
Fragile,Objet_21987
Toxic,Objet_27612
Pressurized,Objet_23353
Food,Objet_08369
Food,Objet_20872
Fragile,Objet_09854
Corrosive,Objet_06328
Toxic,Objet_30116
Oxidizing,Objet_26616
Pressurized,Objet_01296
Pressurized,Objet_04266
Oxidizing,Objet_29139
Flammable,Objet_00980
Toxic,Objet_02209
Radioactive,Objet_08738
Oxidizing,Objet_25066
Radioactive,Objet_18938
Food,Objet_25732
Food,Objet_02517
Unspecified,Objet_28262
Unspecified,Objet_19898
Toxic,Objet_04404
Fragile,Objet_27970
Corrosive,Objet_10896
Food,Objet_11732
Fragile,Objet_21488
Corrosive,Objet_13177
Unspecified,Objet_12959
Explosive,Objet_20743
Radioactive,Objet_01491
Fragile,Objet_05726
Flammable,Objet_11431
Oxidizing,Objet_07088
Corrosive,Objet_29532
Radioactive,Objet_24477
Pressurized,Objet_20342
Unspecified,Objet_22049
Fragile,Objet_27448
Explosive,Objet_26760
Food,Objet_01392
Food,Objet_13091
Unspecified,Objet_12480
Pressurized,Objet_00821
Flammable,Objet_08984
Flammable,Objet_24829
Flammable,Objet_25917
Oxidizing,Objet_03807
Explosive,Objet_12401
Food,Objet_27149
Pressurized,Objet_14186
Oxidizing,Objet_27170
Flammable,Objet_20674
Fragile,Objet_02140
Pressurized,Objet_25258
Oxidizing,Objet_02535
Flammable,Objet_00362
Flammable,Objet_18039
Corrosive,Objet_08082
Pressurized,Objet_25612
Pressurized,Objet_00760
Explosive,Objet_27312
Oxidizing,Objet_13308
Oxidizing,Objet_02190
Food,Objet_16792
Explosive,Objet_00558
Radioactive,Objet_28398
Corrosive,Objet_12484
Fragile,Objet_22406
Flammable,Objet_02499
Pressurized,Objet_02596
Food,Objet_09668
Oxidizing,Objet_17715
Corrosive,Objet_15662
Fragile,Objet_21594
Pressurized,Objet_26826
Explosive,Objet_20400
Radioactive,Objet_30003
Explosive,Objet_23434
Food,Objet_02989
Fragile,Objet_03989
Food,Objet_04935
Explosive,Objet_27730
Flammable,Objet_12866
Oxidizing,Objet_03351
Flammable,Objet_13334
Pressurized,Objet_21375
Toxic,Objet_05055
Flammable,Objet_08559
Corrosive,Objet_05525
Oxidizing,Objet_19471
Food,Objet_00326
Fragile,Objet_04131
Toxic,Objet_11156
Explosive,Objet_11856
Pressurized,Objet_15340
Explosive,Objet_28356
Pressurized,Objet_04307
Radioactive,Objet_13728
Radioactive,Objet_22484
Fragile,Objet_25686
Fragile,Objet_23393
Unspecified,Objet_10962
Food,Objet_15983
Toxic,Objet_14013
Pressurized,Objet_10280
Radioactive,Objet_28303
Food,Objet_21944
Food,Objet_11646
Unspecified,Objet_06595
Corrosive,Objet_05567
Explosive,Objet_14253
Toxic,Objet_01067
Corrosive,Objet_23377
Radioactive,Objet_26374
Fragile,Objet_11657
Unspecified,Objet_04978
Corrosive,Objet_14646
Radioactive,Objet_21867
Unspecified,Objet_15397
Flammable,Objet_22082
Food,Objet_12614
Fragile,Objet_12563
Explosive,Objet_00800
Food,Objet_10079
Toxic,Objet_04477
Explosive,Objet_29647
Explosive,Objet_16828
Flammable,Objet_14209
Explosive,Objet_29966
Pressurized,Objet_18215
Flammable,Objet_14856
Explosive,Objet_17323
Food,Objet_07006
Pressurized,Objet_22205
Corrosive,Objet_24748
Corrosive,Objet_23923
Oxidizing,Objet_11457
Explosive,Objet_09226
Corrosive,Objet_20475
Flammable,Objet_05967
Explosive,Objet_10753
Toxic,Objet_26923
Pressurized,Objet_06348
Oxidizing,Objet_05825
Corrosive,Objet_02587
Food,Objet_05494
Oxidizing,Objet_29364
Oxidizing,Objet_16821
Flammable,Objet_29195
Food,Objet_10878
Food,Objet_24724
Fragile,Objet_15585
Flammable,Objet_28096
Explosive,Objet_11949
Flammable,Objet_29481
Food,Objet_07625
Radioactive,Objet_22663
Food,Objet_23246
Flammable,Objet_01124
Pressurized,Objet_13844
Corrosive,Objet_18709
Oxidizing,Objet_25873
Explosive,Objet_15237
Food,Objet_20543
Radioactive,Objet_03359
Oxidizing,Objet_18609
Radioactive,Objet_28863
Unspecified,Objet_16013
Toxic,Objet_29218
Pressurized,Objet_09186
Corrosive,Objet_15334
Pressurized,Objet_12881
Oxidizing,Objet_11496
Flammable,Objet_11848
Unspecified,Objet_28395
Unspecified,Objet_05100
Corrosive,Objet_05958
Explosive,Objet_00322
Food,Objet_22209
Food,Objet_13850
Flammable,Objet_02684
Unspecified,Objet_11638
Radioactive,Objet_30117
Oxidizing,Objet_24185
Unspecified,Objet_18375
Flammable,Objet_04726
Pressurized,Objet_10953
Oxidizing,Objet_15189
Oxidizing,Objet_16298
Pressurized,Objet_15734
Toxic,Objet_07351
Toxic,Objet_08612
Food,Objet_04695
Explosive,Objet_04588
Fragile,Objet_11129
Flammable,Objet_20294
Radioactive,Objet_27112
Pressurized,Objet_19199
Toxic,Objet_16056
Pressurized,Objet_12398
Fragile,Objet_24566
Oxidizing,Objet_23767
Explosive,Objet_04087
Flammable,Objet_01680
Unspecified,Objet_10997
Oxidizing,Objet_29694
Toxic,Objet_27800
Pressurized,Objet_13661
Oxidizing,Objet_12330
Toxic,Objet_10248
Flammable,Objet_25672
Oxidizing,Objet_27591
Pressurized,Objet_27050
Explosive,Objet_23827
Toxic,Objet_17347
Radioactive,Objet_12566
Flammable,Objet_06883
Corrosive,Objet_16639
Corrosive,Objet_12851
Explosive,Objet_17572
Oxidizing,Objet_23015
Toxic,Objet_05473
Flammable,Objet_16229
Radioactive,Objet_18155
Radioactive,Objet_25217
Flammable,Objet_21953
Food,Objet_12582
Fragile,Objet_19973
Fragile,Objet_06414
Oxidizing,Objet_22908
Explosive,Objet_14272
Flammable,Objet_12371
Food,Objet_10919
Toxic,Objet_28913
Radioactive,Objet_16967
Food,Objet_22994
Explosive,Objet_27180
Explosive,Objet_20158
Unspecified,Objet_20699
Explosive,Objet_03573
Flammable,Objet_08106
Explosive,Objet_12313
Toxic,Objet_25836
Fragile,Objet_10585
Unspecified,Objet_22023
Unspecified,Objet_29050
Corrosive,Objet_14644
Food,Objet_00440
Pressurized,Objet_19572
Oxidizing,Objet_29088
Toxic,Objet_16052
Radioactive,Objet_19519
Corrosive,Objet_27053
Corrosive,Objet_00582
Oxidizing,Objet_23399
Oxidizing,Objet_06506
Pressurized,Objet_05558
Toxic,Objet_10130
Toxic,Objet_23196
Flammable,Objet_11240
Toxic,Objet_05029
Explosive,Objet_21599
Toxic,Objet_15717
Flammable,Objet_08496
Flammable,Objet_05273
Explosive,Objet_21386
Radioactive,Objet_26114
Oxidizing,Objet_27368
Oxidizing,Objet_04079
Explosive,Objet_25759
Flammable,Objet_21447
Corrosive,Objet_13842
Explosive,Objet_25002
Fragile,Objet_10277
Toxic,Objet_25235
Fragile,Objet_11792
Corrosive,Objet_07916
Explosive,Objet_27834
Toxic,Objet_27721
Fragile,Objet_28021
Radioactive,Objet_26104
Unspecified,Objet_23427
Radioactive,Objet_26990
Corrosive,Objet_08651
Radioactive,Objet_08282
Pressurized,Objet_29776
Explosive,Objet_17021
Toxic,Objet_08891
Explosive,Objet_14335
Toxic,Objet_24598
Corrosive,Objet_18528
Food,Objet_08594
Food,Objet_29877
Radioactive,Objet_02776
Fragile,Objet_26167
Flammable,Objet_08713
Food,Objet_28929
Explosive,Objet_28498
Fragile,Objet_22800
Explosive,Objet_19356
Oxidizing,Objet_18604
Fragile,Objet_25828
Unspecified,Objet_30135
Pressurized,Objet_26746
Flammable,Objet_15235
Radioactive,Objet_24500
Flammable,Objet_07619
Oxidizing,Objet_11045
Oxidizing,Objet_07950
Oxidizing,Objet_16314
Radioactive,Objet_03806
Food,Objet_24518
Toxic,Objet_02377
Corrosive,Objet_16928
Fragile,Objet_26289
Food,Objet_27774
Food,Objet_03459
Oxidizing,Objet_05325
Flammable,Objet_28433
Toxic,Objet_09288
Pressurized,Objet_08197
Toxic,Objet_05329
Flammable,Objet_28758
Flammable,Objet_21788
Radioactive,Objet_19785
Oxidizing,Objet_19239
Flammable,Objet_10069
Oxidizing,Objet_07639
Corrosive,Objet_12384
Fragile,Objet_23900
Fragile,Objet_15713
Oxidizing,Objet_19116
Toxic,Objet_09802
Toxic,Objet_09928
Pressurized,Objet_01735
Unspecified,Objet_01659
Fragile,Objet_26325
Food,Objet_20852
Flammable,Objet_08154
Toxic,Objet_15732
Oxidizing,Objet_27757
Food,Objet_05132
Pressurized,Objet_29925
Food,Objet_18532
Fragile,Objet_24267
Oxidizing,Objet_15338
Fragile,Objet_25349
Oxidizing,Objet_24032
Food,Objet_19452
Flammable,Objet_19002
Flammable,Objet_10068
Oxidizing,Objet_06925
Fragile,Objet_22996
Toxic,Objet_22544
Food,Objet_06135
Explosive,Objet_08588
Corrosive,Objet_08745
Flammable,Objet_00250
Fragile,Objet_13315
Toxic,Objet_18382
Explosive,Objet_26562
Explosive,Objet_26738
Fragile,Objet_14451
Explosive,Objet_11718
Flammable,Objet_12561
Explosive,Objet_18998
Flammable,Objet_06138
Oxidizing,Objet_19246
Toxic,Objet_01646
Toxic,Objet_10936
Toxic,Objet_06613
Pressurized,Objet_12094
Fragile,Objet_09191
Flammable,Objet_11434
Flammable,Objet_08703
Food,Objet_04975
Flammable,Objet_19279
Radioactive,Objet_09792
Oxidizing,Objet_26936
Explosive,Objet_25575
Unspecified,Objet_25979
Pressurized,Objet_27502
Fragile,Objet_24213
Radioactive,Objet_29166
Corrosive,Objet_15528
Food,Objet_28781
Pressurized,Objet_27703
Oxidizing,Objet_24521
Corrosive,Objet_10823
Radioactive,Objet_14732
Toxic,Objet_09349
Unspecified,Objet_27449
Pressurized,Objet_09511
Fragile,Objet_18509
Pressurized,Objet_24293
Food,Objet_28792
Oxidizing,Objet_00274
Toxic,Objet_19842
Oxidizing,Objet_01360
Toxic,Objet_24606
Fragile,Objet_06805
Explosive,Objet_23576
Toxic,Objet_28970
Toxic,Objet_00913
Flammable,Objet_11178
Fragile,Objet_21454
Unspecified,Objet_22246
Toxic,Objet_03081
Corrosive,Objet_19754
Radioactive,Objet_15118
Unspecified,Objet_06697
Corrosive,Objet_09333
Unspecified,Objet_07922
Radioactive,Objet_23871
Oxidizing,Objet_02403
Toxic,Objet_20239
Unspecified,Objet_09037
Explosive,Objet_23500
Food,Objet_08160
Radioactive,Objet_04985
Corrosive,Objet_18284
Corrosive,Objet_25316
Pressurized,Objet_20252
Corrosive,Objet_05709
Explosive,Objet_13390
Explosive,Objet_06568
Flammable,Objet_29806
Flammable,Objet_16996
Flammable,Objet_21522
Pressurized,Objet_29596
Pressurized,Objet_24666
Toxic,Objet_28098
Pressurized,Objet_29817
Fragile,Objet_11656
Explosive,Objet_24208
Toxic,Objet_23483
Flammable,Objet_18209
Flammable,Objet_15953
Toxic,Objet_04665
Oxidizing,Objet_18975
Oxidizing,Objet_26295
Oxidizing,Objet_00743
Pressurized,Objet_14771
Food,Objet_25937
Explosive,Objet_10479
Pressurized,Objet_24056
Radioactive,Objet_00506
Pressurized,Objet_07756
Pressurized,Objet_30052
Explosive,Objet_02706
Radioactive,Objet_22914
Radioactive,Objet_02002
Fragile,Objet_12640
Fragile,Objet_22638
Flammable,Objet_11364
Pressurized,Objet_02937
Flammable,Objet_24019
Explosive,Objet_09549
Food,Objet_11499
Fragile,Objet_04803
Radioactive,Objet_04760
Toxic,Objet_17122
Radioactive,Objet_16660
Oxidizing,Objet_14557
Food,Objet_24089
Pressurized,Objet_01686
Corrosive,Objet_11297
Explosive,Objet_01535
Fragile,Objet_04239
Food,Objet_02980
Food,Objet_10352
Food,Objet_02142
Radioactive,Objet_09656
Unspecified,Objet_10817
Food,Objet_03114
Flammable,Objet_03750
Unspecified,Objet_24731
Toxic,Objet_01745
Radioactive,Objet_21659
Oxidizing,Objet_12325
Unspecified,Objet_18160
Fragile,Objet_02177
Food,Objet_02265
Food,Objet_04159
Toxic,Objet_07230
Radioactive,Objet_26542
Flammable,Objet_10074
Explosive,Objet_09575
Unspecified,Objet_11225
Unspecified,Objet_20549
Food,Objet_03828
Radioactive,Objet_26541
Flammable,Objet_02468
Explosive,Objet_06681
Toxic,Objet_22871
Food,Objet_04520
Oxidizing,Objet_03532
Food,Objet_14191
Oxidizing,Objet_15723
Explosive,Objet_25220
Explosive,Objet_23779
Radioactive,Objet_07137
Unspecified,Objet_00706
Radioactive,Objet_16766
Fragile,Objet_24946
Unspecified,Objet_16789
Flammable,Objet_28494
Unspecified,Objet_18488
Oxidizing,Objet_10807
Fragile,Objet_18104
Unspecified,Objet_06726
Unspecified,Objet_06082
Oxidizing,Objet_15517
Corrosive,Objet_22926
Corrosive,Objet_21606
Unspecified,Objet_20177
Flammable,Objet_29100
Fragile,Objet_10747
Explosive,Objet_12621
Corrosive,Objet_07849
Oxidizing,Objet_10438
Toxic,Objet_06044
Food,Objet_11599
Explosive,Objet_06124
Explosive,Objet_15220
Fragile,Objet_16681
Food,Objet_14160
Unspecified,Objet_27797
Explosive,Objet_15632
Pressurized,Objet_00187
Flammable,Objet_17396
Fragile,Objet_09711
Explosive,Objet_18073
Food,Objet_08342
Fragile,Objet_20653
Flammable,Objet_17864
Oxidizing,Objet_08056
Oxidizing,Objet_09638
Fragile,Objet_22537
Food,Objet_14161
Fragile,Objet_11427
Radioactive,Objet_08211
Radioactive,Objet_08093
Corrosive,Objet_25452
Flammable,Objet_17937
Food,Objet_15661
Unspecified,Objet_03589
Explosive,Objet_12715
Radioactive,Objet_07597
Toxic,Objet_26272
Food,Objet_17283
Unspecified,Objet_08311
Toxic,Objet_09301
Fragile,Objet_22605
Unspecified,Objet_15908
Corrosive,Objet_09994
Radioactive,Objet_07583
Toxic,Objet_06935
Oxidizing,Objet_01967
Unspecified,Objet_16020
Corrosive,Objet_05250
Fragile,Objet_25658
Food,Objet_05678
Food,Objet_16061
Oxidizing,Objet_00516
Pressurized,Objet_25273
Toxic,Objet_04344
Flammable,Objet_01991
Unspecified,Objet_19924
Flammable,Objet_12007
Toxic,Objet_05126
Oxidizing,Objet_25774
Pressurized,Objet_15848
Flammable,Objet_09767
Fragile,Objet_23926
Pressurized,Objet_04737
Toxic,Objet_28678
Unspecified,Objet_16943
Corrosive,Objet_03763
Toxic,Objet_26594
Fragile,Objet_19959
Flammable,Objet_28179
Unspecified,Objet_29325
Food,Objet_12458
Oxidizing,Objet_26561
Flammable,Objet_15913
Radioactive,Objet_07994
Explosive,Objet_08721
Fragile,Objet_25118
Fragile,Objet_04460
Radioactive,Objet_18696
Food,Objet_03790
Oxidizing,Objet_23009
Toxic,Objet_22435
Flammable,Objet_11768
Pressurized,Objet_15022
Explosive,Objet_17463
Flammable,Objet_13938
Pressurized,Objet_27222
Oxidizing,Objet_02322
Unspecified,Objet_27722
Toxic,Objet_29971
Oxidizing,Objet_16657
Fragile,Objet_06982
Food,Objet_19577
Unspecified,Objet_23616
Food,Objet_05770
Flammable,Objet_15298
Oxidizing,Objet_21342
Oxidizing,Objet_21508
Unspecified,Objet_11923
Toxic,Objet_21885
Oxidizing,Objet_21616
Corrosive,Objet_21179
Corrosive,Objet_23649
Toxic,Objet_05074
Toxic,Objet_23484
Flammable,Objet_21562
Pressurized,Objet_18823
Unspecified,Objet_28246
Toxic,Objet_06327
Oxidizing,Objet_02336
Pressurized,Objet_11649
Explosive,Objet_25685
Fragile,Objet_29476
Unspecified,Objet_02781
Food,Objet_06359
Pressurized,Objet_03036
Corrosive,Objet_07982
Explosive,Objet_22795
Pressurized,Objet_11302
Food,Objet_29594
Corrosive,Objet_22974
Corrosive,Objet_23137
Food,Objet_00033
Flammable,Objet_12743
Pressurized,Objet_03549
Fragile,Objet_24552
Pressurized,Objet_20112
Fragile,Objet_15244
Corrosive,Objet_24149
Pressurized,Objet_12721
Toxic,Objet_08481
Toxic,Objet_10283
Explosive,Objet_11772
Corrosive,Objet_08696
Oxidizing,Objet_06917
Toxic,Objet_12293
Explosive,Objet_14020
Pressurized,Objet_04381
Flammable,Objet_00399
Food,Objet_24325
Unspecified,Objet_02735
Fragile,Objet_16295
Flammable,Objet_21534
Pressurized,Objet_27300
Food,Objet_07341
Fragile,Objet_12677
Unspecified,Objet_09827
Toxic,Objet_29411
Food,Objet_19409
Corrosive,Objet_07483
Oxidizing,Objet_12749
Radioactive,Objet_11846
Food,Objet_23055
Toxic,Objet_09995
Explosive,Objet_26887
Flammable,Objet_20853
Radioactive,Objet_18179
Radioactive,Objet_29102
Corrosive,Objet_07514
Explosive,Objet_11492
Toxic,Objet_09530
Toxic,Objet_18538
Corrosive,Objet_15525
Food,Objet_14437
Unspecified,Objet_08124
Toxic,Objet_07224
Radioactive,Objet_20554
Toxic,Objet_14636
Toxic,Objet_27290
Pressurized,Objet_21014
Unspecified,Objet_13478
Fragile,Objet_17484
Food,Objet_02619
Pressurized,Objet_11859
Fragile,Objet_13327
Radioactive,Objet_19165
Pressurized,Objet_09616
Fragile,Objet_09023
Unspecified,Objet_15272
Pressurized,Objet_17420
Explosive,Objet_21818
Radioactive,Objet_25648
Fragile,Objet_01405
Radioactive,Objet_07757
Oxidizing,Objet_25477
Corrosive,Objet_28154
Unspecified,Objet_15292
Oxidizing,Objet_20331
Pressurized,Objet_28127
Unspecified,Objet_20024
Corrosive,Objet_17425
Pressurized,Objet_26358
Flammable,Objet_29916
Corrosive,Objet_28611
Flammable,Objet_00163
Oxidizing,Objet_16939
Oxidizing,Objet_12014
Food,Objet_24018
Explosive,Objet_14333
Unspecified,Objet_10506
Flammable,Objet_22287
Radioactive,Objet_27878
Food,Objet_24401
Fragile,Objet_04889
Fragile,Objet_11276
Pressurized,Objet_13787
Oxidizing,Objet_13158
Toxic,Objet_20485
Fragile,Objet_12149
Unspecified,Objet_13675
Fragile,Objet_11662
Corrosive,Objet_04059
Radioactive,Objet_21451
Flammable,Objet_27741
Explosive,Objet_25682
Food,Objet_20842
Fragile,Objet_02672
Fragile,Objet_23774
Corrosive,Objet_26965
Fragile,Objet_19434
Corrosive,Objet_14068
Toxic,Objet_09394
Unspecified,Objet_15641
Fragile,Objet_16000
Oxidizing,Objet_08453
Oxidizing,Objet_28480
Pressurized,Objet_05158
Corrosive,Objet_04578
Corrosive,Objet_24171
Radioactive,Objet_24999
Food,Objet_04888
Radioactive,Objet_28765
Radioactive,Objet_14072
Corrosive,Objet_04540
Unspecified,Objet_21360
Pressurized,Objet_08196
Explosive,Objet_04999
Food,Objet_25121
Fragile,Objet_16136
Fragile,Objet_01850
Corrosive,Objet_01514
Pressurized,Objet_28670
Toxic,Objet_14060
Radioactive,Objet_20200
Flammable,Objet_08916
Radioactive,Objet_19096
Fragile,Objet_03861
Fragile,Objet_13568
Radioactive,Objet_04752
Oxidizing,Objet_19111
Radioactive,Objet_15243
Radioactive,Objet_20861
Unspecified,Objet_03488
Unspecified,Objet_14650
Toxic,Objet_26412
Food,Objet_08979
Unspecified,Objet_16127
Flammable,Objet_04740
Flammable,Objet_16654
Toxic,Objet_20166
Fragile,Objet_00844
Flammable,Objet_09478
Toxic,Objet_18525
Unspecified,Objet_28431
Unspecified,Objet_28621
Explosive,Objet_08835
Unspecified,Objet_12899
Food,Objet_20766
Flammable,Objet_24472
Food,Objet_21475
Pressurized,Objet_06129
Pressurized,Objet_12348
Pressurized,Objet_20407
Oxidizing,Objet_03984
Oxidizing,Objet_15678
Radioactive,Objet_14407
Toxic,Objet_05739
Flammable,Objet_29950
Explosive,Objet_17261
Food,Objet_26981
Unspecified,Objet_02696
Flammable,Objet_19897
Food,Objet_19068
Oxidizing,Objet_05655
Fragile,Objet_29252
Fragile,Objet_06387
Flammable,Objet_01389
Radioactive,Objet_10371
Flammable,Objet_05987
Explosive,Objet_29265
Flammable,Objet_26853
Pressurized,Objet_06264
Fragile,Objet_11960
Pressurized,Objet_14643
Unspecified,Objet_03837
Radioactive,Objet_11900
Food,Objet_07560
Unspecified,Objet_19903
Food,Objet_16927
Unspecified,Objet_26504
Explosive,Objet_03132
Corrosive,Objet_23013
Food,Objet_27484
Oxidizing,Objet_21349
Oxidizing,Objet_18082
Corrosive,Objet_15714
Food,Objet_06868
Unspecified,Objet_29477
Flammable,Objet_14862
Food,Objet_05856
Food,Objet_19482
Unspecified,Objet_26636
Fragile,Objet_10029
Fragile,Objet_01624
Oxidizing,Objet_21968
Unspecified,Objet_20314
Unspecified,Objet_11938
Food,Objet_18203
Food,Objet_29673
Pressurized,Objet_27438
Pressurized,Objet_28031
Toxic,Objet_26794
Oxidizing,Objet_21001
Food,Objet_25632
Fragile,Objet_00272
Radioactive,Objet_29720
Corrosive,Objet_05034
Pressurized,Objet_27776
Fragile,Objet_18457
Flammable,Objet_29974
Food,Objet_28276
Toxic,Objet_27548
Fragile,Objet_15217
Explosive,Objet_24327
Oxidizing,Objet_06683
Radioactive,Objet_24629
Corrosive,Objet_19509
Food,Objet_01515
Corrosive,Objet_15902
Corrosive,Objet_18095
Flammable,Objet_22329
Toxic,Objet_11886
Food,Objet_01695
Unspecified,Objet_12324
Toxic,Objet_21504
Flammable,Objet_08646
Pressurized,Objet_26020
Unspecified,Objet_13758
Fragile,Objet_03586
Corrosive,Objet_04069
Fragile,Objet_06374
Corrosive,Objet_04383
Unspecified,Objet_19110
Corrosive,Objet_00879
Corrosive,Objet_14620
Toxic,Objet_11861
Radioactive,Objet_12420
Pressurized,Objet_10568
Radioactive,Objet_03562
Food,Objet_25492
Oxidizing,Objet_05670
Fragile,Objet_11425
Explosive,Objet_24667
Oxidizing,Objet_00713
Food,Objet_20945
Explosive,Objet_26384
Explosive,Objet_14626
Food,Objet_27445
Flammable,Objet_05367
Corrosive,Objet_17544
Fragile,Objet_04825
Fragile,Objet_14793
Oxidizing,Objet_18588
Flammable,Objet_09643
Pressurized,Objet_28305
Flammable,Objet_01907
Explosive,Objet_04710
Pressurized,Objet_23290
Explosive,Objet_05487
Explosive,Objet_08677
Toxic,Objet_02972
Fragile,Objet_23673
Fragile,Objet_01250
Explosive,Objet_23815
Unspecified,Objet_23981
Pressurized,Objet_12244
Oxidizing,Objet_05826
Flammable,Objet_24759
Fragile,Objet_14390
Fragile,Objet_25611
Corrosive,Objet_08274
Food,Objet_29565
Oxidizing,Objet_21684
Radioactive,Objet_17943
Flammable,Objet_27969
Oxidizing,Objet_27808
Flammable,Objet_03205
Unspecified,Objet_24201
Radioactive,Objet_26387
Corrosive,Objet_07859
Explosive,Objet_02475
Fragile,Objet_29141
Toxic,Objet_27109
Flammable,Objet_20155
Oxidizing,Objet_16540
Pressurized,Objet_01166
Unspecified,Objet_17091
Radioactive,Objet_17747
Fragile,Objet_04868
Flammable,Objet_22187
Explosive,Objet_27208
Pressurized,Objet_10851
Food,Objet_28822
Oxidizing,Objet_01375
Unspecified,Objet_26925
Explosive,Objet_20043
Unspecified,Objet_20489
Radioactive,Objet_13537
Unspecified,Objet_06450
Toxic,Objet_09912
Unspecified,Objet_06870
Explosive,Objet_05916
Corrosive,Objet_12655
Unspecified,Objet_28005
Oxidizing,Objet_29562
Unspecified,Objet_12571
Fragile,Objet_09080
Fragile,Objet_08343
Explosive,Objet_21997
Unspecified,Objet_28261
Radioactive,Objet_13255
Flammable,Objet_06296
Unspecified,Objet_13896
Radioactive,Objet_03918
Fragile,Objet_03639
Toxic,Objet_21680
Radioactive,Objet_00138
Fragile,Objet_01279
Pressurized,Objet_23240
Pressurized,Objet_22724
Radioactive,Objet_12058
Pressurized,Objet_22379
Flammable,Objet_10170
Pressurized,Objet_28756
Toxic,Objet_25883
Flammable,Objet_09389
Toxic,Objet_08485
Oxidizing,Objet_00967
Toxic,Objet_16994
Fragile,Objet_15103
Unspecified,Objet_03628
Corrosive,Objet_11231
Fragile,Objet_22436
Flammable,Objet_14676
Flammable,Objet_16835
Toxic,Objet_25698
Corrosive,Objet_28420
Toxic,Objet_02616
Food,Objet_13054
Fragile,Objet_23496
Fragile,Objet_16247
Explosive,Objet_23627
Oxidizing,Objet_27418
Fragile,Objet_16401
Pressurized,Objet_06915
Explosive,Objet_19139
Toxic,Objet_25065
Corrosive,Objet_12100
Toxic,Objet_22788
Food,Objet_09123
Unspecified,Objet_24780
Oxidizing,Objet_16847
Corrosive,Objet_15450
Radioactive,Objet_09137
Oxidizing,Objet_28917
Toxic,Objet_29617
Flammable,Objet_12287
Pressurized,Objet_16874
Food,Objet_20358
Fragile,Objet_22953
Fragile,Objet_12712
Explosive,Objet_17354
Flammable,Objet_26789
Pressurized,Objet_19945
Unspecified,Objet_10797
Flammable,Objet_05047
Oxidizing,Objet_01652
Flammable,Objet_16956
Toxic,Objet_29230
Food,Objet_21096
Food,Objet_10046
Oxidizing,Objet_01564
Radioactive,Objet_13114
Unspecified,Objet_04056
Food,Objet_26694
Food,Objet_19873
Pressurized,Objet_25079
Fragile,Objet_29814
Unspecified,Objet_14263
Radioactive,Objet_26505
Fragile,Objet_09091
Corrosive,Objet_18322
Food,Objet_23374
Explosive,Objet_19593
Toxic,Objet_08654
Corrosive,Objet_06105
Radioactive,Objet_26900
Pressurized,Objet_16281
Corrosive,Objet_07588
Oxidizing,Objet_02605
Food,Objet_24650
Oxidizing,Objet_08951
Unspecified,Objet_07063
Fragile,Objet_06528
Explosive,Objet_01975
Oxidizing,Objet_28225
Food,Objet_10874
Pressurized,Objet_24980
Food,Objet_14358
Toxic,Objet_21847
Pressurized,Objet_10144
Pressurized,Objet_03603
Explosive,Objet_02212
Flammable,Objet_06754
Explosive,Objet_28874
Toxic,Objet_09717
Pressurized,Objet_03624
Fragile,Objet_24329
Corrosive,Objet_09476
Pressurized,Objet_22635
Explosive,Objet_28518
Corrosive,Objet_09299
Pressurized,Objet_28748
Explosive,Objet_09118
Food,Objet_21623
Fragile,Objet_15636
Food,Objet_26173
Explosive,Objet_15910
Food,Objet_13064
Food,Objet_29297
Corrosive,Objet_15758
Unspecified,Objet_15011
Flammable,Objet_14363
Food,Objet_16738
Toxic,Objet_29326
Unspecified,Objet_24460
Corrosive,Objet_15438
Corrosive,Objet_05539
Pressurized,Objet_03254
Corrosive,Objet_14100
Oxidizing,Objet_22647
Flammable,Objet_12845
Explosive,Objet_16998
Food,Objet_13542
Oxidizing,Objet_06836
Fragile,Objet_15721
Explosive,Objet_07410
Explosive,Objet_07969
Food,Objet_28440
Oxidizing,Objet_01754
Pressurized,Objet_26229
Fragile,Objet_03857
Food,Objet_19920
Food,Objet_14889
Food,Objet_11456
Radioactive,Objet_16185
Toxic,Objet_25687
Food,Objet_00429
Explosive,Objet_22475
Pressurized,Objet_09159
Pressurized,Objet_18070
Explosive,Objet_00400
Oxidizing,Objet_19259
Explosive,Objet_16255
Radioactive,Objet_30088
Pressurized,Objet_14478
Food,Objet_24727
Flammable,Objet_07607
Toxic,Objet_28949
Toxic,Objet_28552
Fragile,Objet_24514
Toxic,Objet_26298
Flammable,Objet_18603
Fragile,Objet_00521
Toxic,Objet_04915
Food,Objet_13212
Toxic,Objet_25617
Oxidizing,Objet_26608
Oxidizing,Objet_02557
Unspecified,Objet_08492
Fragile,Objet_16801
Oxidizing,Objet_00412
Explosive,Objet_05160
Radioactive,Objet_18900
Explosive,Objet_13517
Oxidizing,Objet_05550
Flammable,Objet_17132
Pressurized,Objet_26217
Explosive,Objet_16623
Corrosive,Objet_00673
Flammable,Objet_01349
Toxic,Objet_00287
Pressurized,Objet_20940
Fragile,Objet_07552
Oxidizing,Objet_06259
Pressurized,Objet_11738
Pressurized,Objet_06622
Fragile,Objet_04878
Explosive,Objet_23123
Fragile,Objet_26160
Fragile,Objet_09970
Unspecified,Objet_03007
Unspecified,Objet_28878
Explosive,Objet_01221
Unspecified,Objet_11628
Toxic,Objet_24131
Unspecified,Objet_30129
Oxidizing,Objet_20434
Pressurized,Objet_23831
Pressurized,Objet_29615
Unspecified,Objet_21807
Oxidizing,Objet_25479
Explosive,Objet_28167
Toxic,Objet_15079
Toxic,Objet_03092
Explosive,Objet_11911
Toxic,Objet_04789
Corrosive,Objet_28743
Oxidizing,Objet_02935
Explosive,Objet_27352
Unspecified,Objet_19819
Oxidizing,Objet_17429
Unspecified,Objet_10088
Explosive,Objet_16484
Corrosive,Objet_21041
Food,Objet_28172
Unspecified,Objet_15697
Oxidizing,Objet_00159
Fragile,Objet_07303
Flammable,Objet_19797
Toxic,Objet_21770
Oxidizing,Objet_26500
Oxidizing,Objet_11289
Radioactive,Objet_24039
Pressurized,Objet_00353
Radioactive,Objet_03645
Radioactive,Objet_18663
Flammable,Objet_00218
Flammable,Objet_04949
Flammable,Objet_27128
Toxic,Objet_19769
Explosive,Objet_18929
Corrosive,Objet_21520
Radioactive,Objet_18877
Radioactive,Objet_29256
Oxidizing,Objet_15787
Oxidizing,Objet_23772
Corrosive,Objet_07779
Food,Objet_15461
Oxidizing,Objet_13000
Corrosive,Objet_14133
Flammable,Objet_01529
Toxic,Objet_00240
Corrosive,Objet_28580
Radioactive,Objet_21198
Radioactive,Objet_05153
Food,Objet_11087
Explosive,Objet_25618
Explosive,Objet_14449
Corrosive,Objet_27817
Fragile,Objet_12941
Toxic,Objet_24155
Oxidizing,Objet_23436
Explosive,Objet_28109
Radioactive,Objet_27539
Pressurized,Objet_11814
Radioactive,Objet_11782
Flammable,Objet_07488
Pressurized,Objet_04391
Radioactive,Objet_04743
Food,Objet_07454
Explosive,Objet_00603
Flammable,Objet_27820
Explosive,Objet_15615
Toxic,Objet_19667
Unspecified,Objet_13387
Corrosive,Objet_01900
Unspecified,Objet_07944
Explosive,Objet_24192
Explosive,Objet_20776
Corrosive,Objet_03166
Explosive,Objet_06699
Pressurized,Objet_11455
Explosive,Objet_09110
Pressurized,Objet_09629
Flammable,Objet_26912
Corrosive,Objet_29363
Flammable,Objet_19445
Radioactive,Objet_29428
Oxidizing,Objet_10880
Food,Objet_04900
Fragile,Objet_11088
Fragile,Objet_19604
Radioactive,Objet_01483
Corrosive,Objet_19625
Oxidizing,Objet_19297
Food,Objet_13528
Food,Objet_23186
Fragile,Objet_15273
Food,Objet_02663
Pressurized,Objet_13721
Explosive,Objet_00259
Oxidizing,Objet_25975
Toxic,Objet_06004
Flammable,Objet_01696
Radioactive,Objet_15590
Flammable,Objet_23683
Explosive,Objet_23407
Corrosive,Objet_05702
Explosive,Objet_00682
Toxic,Objet_08684
Fragile,Objet_09850
Food,Objet_27657
Explosive,Objet_10700
Pressurized,Objet_16105
Radioactive,Objet_09900
Corrosive,Objet_09948
Corrosive,Objet_17869
Corrosive,Objet_06954
Fragile,Objet_03123
Oxidizing,Objet_08897
Flammable,Objet_03690
Explosive,Objet_00770
Toxic,Objet_10030
Toxic,Objet_28372
Radioactive,Objet_07031
Toxic,Objet_20927
Explosive,Objet_26563
Unspecified,Objet_05486
Corrosive,Objet_29114
Toxic,Objet_11936
Food,Objet_09702
Unspecified,Objet_07214
Pressurized,Objet_15535
Food,Objet_29841
Toxic,Objet_14251
Food,Objet_19499
Pressurized,Objet_12898
Flammable,Objet_22676
Flammable,Objet_09778
Flammable,Objet_11756
Explosive,Objet_15445
Corrosive,Objet_18300
Corrosive,Objet_28113
Flammable,Objet_21304
Pressurized,Objet_27941
Radioactive,Objet_18969
Pressurized,Objet_15434
Toxic,Objet_12432
Corrosive,Objet_20382
Oxidizing,Objet_29338
Flammable,Objet_11959
Food,Objet_01207
Pressurized,Objet_06291
Unspecified,Objet_19134
Food,Objet_18060
Oxidizing,Objet_15241
Toxic,Objet_24137
Toxic,Objet_03190
Oxidizing,Objet_23747
Explosive,Objet_20466
Oxidizing,Objet_29927
Fragile,Objet_04463
Radioactive,Objet_08294
Food,Objet_26639
Oxidizing,Objet_06106
Radioactive,Objet_18896
Explosive,Objet_06216
Explosive,Objet_22596
Toxic,Objet_18144
Food,Objet_22252
Food,Objet_00189
Radioactive,Objet_19286
Pressurized,Objet_11549
Flammable,Objet_02849
Corrosive,Objet_22927
Pressurized,Objet_04410
Oxidizing,Objet_06815
Pressurized,Objet_18521
Corrosive,Objet_03360
Radioactive,Objet_29936
Toxic,Objet_19272
Unspecified,Objet_14048
Radioactive,Objet_00871
Oxidizing,Objet_08858
Fragile,Objet_21698
Fragile,Objet_08617
Food,Objet_10300
Explosive,Objet_23795
Explosive,Objet_07575
Food,Objet_28757
Pressurized,Objet_11497
Oxidizing,Objet_03755
Fragile,Objet_21246
Toxic,Objet_01369
Explosive,Objet_18578
Pressurized,Objet_14434
Toxic,Objet_11658
Oxidizing,Objet_16549
Radioactive,Objet_08025
Corrosive,Objet_17170
Explosive,Objet_07115
Toxic,Objet_29242
Unspecified,Objet_23594
Unspecified,Objet_01451
Fragile,Objet_22457
Fragile,Objet_23512
Pressurized,Objet_29273
Flammable,Objet_14220
Unspecified,Objet_02867
Oxidizing,Objet_06733
Pressurized,Objet_09851
Toxic,Objet_26726
Unspecified,Objet_13367
Pressurized,Objet_24516
Pressurized,Objet_18746
Toxic,Objet_05418
Oxidizing,Objet_13595
Flammable,Objet_21904
Radioactive,Objet_03736
Explosive,Objet_20531
Unspecified,Objet_24012
Oxidizing,Objet_18356
Oxidizing,Objet_23273
Explosive,Objet_24963
Oxidizing,Objet_18119
Unspecified,Objet_15916
Radioactive,Objet_20230
Unspecified,Objet_06308
Food,Objet_02658
Toxic,Objet_17269
Unspecified,Objet_19585
Radioactive,Objet_26273
Corrosive,Objet_05971
Unspecified,Objet_14983
Food,Objet_03871
Unspecified,Objet_04990
Oxidizing,Objet_17699
Explosive,Objet_24215
Pressurized,Objet_15766
Food,Objet_16436
Explosive,Objet_18321
Food,Objet_08707
Toxic,Objet_24312
Food,Objet_19985
Radioactive,Objet_07087
Corrosive,Objet_29143
Unspecified,Objet_05900
Corrosive,Objet_02039
Unspecified,Objet_29111
Radioactive,Objet_12673
Unspecified,Objet_23325
Unspecified,Objet_28322
Pressurized,Objet_00118
Oxidizing,Objet_02907
Oxidizing,Objet_26686
Flammable,Objet_24478
Toxic,Objet_05853
Radioactive,Objet_02523
Oxidizing,Objet_27218
Fragile,Objet_17141
Flammable,Objet_04073
Pressurized,Objet_24651
Food,Objet_08212
Toxic,Objet_06766
Fragile,Objet_19700
Pressurized,Objet_15716
Radioactive,Objet_14197
Food,Objet_18884
Fragile,Objet_18553
Pressurized,Objet_11442
Explosive,Objet_29229
Flammable,Objet_23421
Corrosive,Objet_01805
Radioactive,Objet_03845
Unspecified,Objet_26811
Pressurized,Objet_00381
Toxic,Objet_23462
Explosive,Objet_10990
Toxic,Objet_04036
Pressurized,Objet_10534
Pressurized,Objet_04641
Flammable,Objet_03588
Flammable,Objet_01399
Toxic,Objet_09463
Flammable,Objet_06684
Corrosive,Objet_29979
Radioactive,Objet_19095
Flammable,Objet_11926
Flammable,Objet_25040
Corrosive,Objet_06314
Radioactive,Objet_21825
Food,Objet_17784
Explosive,Objet_29641
Toxic,Objet_19536
Pressurized,Objet_01210
Oxidizing,Objet_21267
Corrosive,Objet_30131
Unspecified,Objet_00038
Fragile,Objet_22502
Radioactive,Objet_03129
Fragile,Objet_15814
Corrosive,Objet_21626
Explosive,Objet_20084
Fragile,Objet_03946
Explosive,Objet_06564
Unspecified,Objet_09108
Pressurized,Objet_06195
Explosive,Objet_29136
Flammable,Objet_29541
Unspecified,Objet_13638
Food,Objet_13247
Corrosive,Objet_09998
Pressurized,Objet_26109
Food,Objet_29760
Toxic,Objet_26396
Toxic,Objet_22011
Pressurized,Objet_11551
Pressurized,Objet_01843
Toxic,Objet_11336
Flammable,Objet_20646
Food,Objet_11591
Oxidizing,Objet_16443
Fragile,Objet_01549
Pressurized,Objet_08844
Flammable,Objet_25842
Fragile,Objet_14230
Oxidizing,Objet_01563
Radioactive,Objet_13173
Explosive,Objet_11577
Fragile,Objet_08817
Corrosive,Objet_12472
Radioactive,Objet_09150
Food,Objet_13410
Pressurized,Objet_09886
Toxic,Objet_05289
Fragile,Objet_23463
Toxic,Objet_27225
Unspecified,Objet_30157
Toxic,Objet_16973
Flammable,Objet_08901
Corrosive,Objet_16548
Corrosive,Objet_07733
Unspecified,Objet_27146
Corrosive,Objet_14442
Radioactive,Objet_03667
Explosive,Objet_03598
Oxidizing,Objet_07132
Corrosive,Objet_09415
Corrosive,Objet_12426
Radioactive,Objet_14275
Oxidizing,Objet_09319
Radioactive,Objet_21844
Food,Objet_05610
Pressurized,Objet_15674
Pressurized,Objet_04664
Oxidizing,Objet_21719
Fragile,Objet_03392
Oxidizing,Objet_17439
Oxidizing,Objet_06413
Food,Objet_13560
Pressurized,Objet_27326
Toxic,Objet_27992
Explosive,Objet_04530
Corrosive,Objet_29584
Toxic,Objet_09669
Corrosive,Objet_15797
Corrosive,Objet_04293
Oxidizing,Objet_28451
Corrosive,Objet_29247
Toxic,Objet_13220
Toxic,Objet_22137
Radioactive,Objet_23075
Explosive,Objet_17954
Corrosive,Objet_25453
Fragile,Objet_17641
Explosive,Objet_18278
Explosive,Objet_25495
Flammable,Objet_00705
Explosive,Objet_22744
Toxic,Objet_06379
Radioactive,Objet_22128
Oxidizing,Objet_22437
Radioactive,Objet_16795
Corrosive,Objet_06043
Corrosive,Objet_11296
Oxidizing,Objet_03655
Flammable,Objet_12848
Radioactive,Objet_23402
Unspecified,Objet_05465
Pressurized,Objet_15852
Corrosive,Objet_08972
Toxic,Objet_02649
Corrosive,Objet_24873
Toxic,Objet_00004
Food,Objet_18027
Oxidizing,Objet_12957
Food,Objet_18803
Flammable,Objet_27440
Oxidizing,Objet_18670
Unspecified,Objet_12882
Unspecified,Objet_10950
Food,Objet_10559
Radioactive,Objet_12146
Food,Objet_09628
Flammable,Objet_22177
Radioactive,Objet_07178
Radioactive,Objet_00423
Explosive,Objet_20987
Explosive,Objet_19993
Unspecified,Objet_28935
Toxic,Objet_15194
Food,Objet_26791
Explosive,Objet_10350
Pressurized,Objet_08060
Unspecified,Objet_05131
Corrosive,Objet_06533
Unspecified,Objet_28800
Corrosive,Objet_12243
Pressurized,Objet_02202
Corrosive,Objet_26672
Food,Objet_10541
Radioactive,Objet_21878
Fragile,Objet_14043
Pressurized,Objet_22986
Radioactive,Objet_00812
Pressurized,Objet_19793
Pressurized,Objet_21600
Corrosive,Objet_02611
Food,Objet_09637
Fragile,Objet_02488
Radioactive,Objet_24711
Corrosive,Objet_29211
Corrosive,Objet_18931
Fragile,Objet_13827
Toxic,Objet_26984
Toxic,Objet_25401
Toxic,Objet_06702
Oxidizing,Objet_10334
Corrosive,Objet_07680
Food,Objet_29187
Oxidizing,Objet_01068
Pressurized,Objet_12435
Flammable,Objet_03798
Oxidizing,Objet_27828
Pressurized,Objet_00339
Flammable,Objet_28387
Food,Objet_03913
Toxic,Objet_26400
Fragile,Objet_02127
Explosive,Objet_13363
Unspecified,Objet_16230
Oxidizing,Objet_29600
Toxic,Objet_03584
Radioactive,Objet_07449
Pressurized,Objet_07141
Pressurized,Objet_08790
Unspecified,Objet_30012
Explosive,Objet_15506
Oxidizing,Objet_04670
Pressurized,Objet_27325
Unspecified,Objet_16435
Unspecified,Objet_02775
Toxic,Objet_00522
Toxic,Objet_00181
Pressurized,Objet_22810
Fragile,Objet_18269
Explosive,Objet_26799
Radioactive,Objet_15516
Corrosive,Objet_05419
Flammable,Objet_03344
Fragile,Objet_08772
Corrosive,Objet_22145
Toxic,Objet_22775
Toxic,Objet_12726
Radioactive,Objet_27433
Corrosive,Objet_14606
Explosive,Objet_12630
Fragile,Objet_10556
Food,Objet_16945
Unspecified,Objet_09739
Radioactive,Objet_14690
Pressurized,Objet_15987
Flammable,Objet_07884
Corrosive,Objet_05664
Pressurized,Objet_29267
Explosive,Objet_11644
Corrosive,Objet_05876
Fragile,Objet_24961
Unspecified,Objet_10316
Radioactive,Objet_17683
Corrosive,Objet_09396
Corrosive,Objet_05128
Flammable,Objet_26517
Corrosive,Objet_14452
Toxic,Objet_23098
Radioactive,Objet_01316
Corrosive,Objet_09888
Unspecified,Objet_01664
Fragile,Objet_05741
Flammable,Objet_00255
Corrosive,Objet_13024
Corrosive,Objet_03122
Oxidizing,Objet_02029
Fragile,Objet_17977
Toxic,Objet_20164
Fragile,Objet_15963
Corrosive,Objet_02417
Oxidizing,Objet_22024
Fragile,Objet_13481
Oxidizing,Objet_21410
Toxic,Objet_21373
Oxidizing,Objet_09337
Flammable,Objet_06644
Fragile,Objet_14919
Explosive,Objet_19413
Food,Objet_05295
Fragile,Objet_23375
Unspecified,Objet_22217
Corrosive,Objet_26331
Unspecified,Objet_07059
Oxidizing,Objet_05905
Radioactive,Objet_20968
Corrosive,Objet_26688
Unspecified,Objet_11647
Food,Objet_10424
Oxidizing,Objet_27060
Unspecified,Objet_18328
Pressurized,Objet_13835
Radioactive,Objet_22779
Radioactive,Objet_16516
Explosive,Objet_25041
Corrosive,Objet_14380
Corrosive,Objet_22291
Corrosive,Objet_11903
Oxidizing,Objet_08327
Toxic,Objet_15486
Explosive,Objet_07960
Pressurized,Objet_29155
Food,Objet_07185
Corrosive,Objet_28770
Corrosive,Objet_24444
Unspecified,Objet_14932
Fragile,Objet_15675
Corrosive,Objet_06751
Radioactive,Objet_19918
Fragile,Objet_22949
Toxic,Objet_08819
Oxidizing,Objet_18977
Oxidizing,Objet_16576
Explosive,Objet_19755
Explosive,Objet_18708
Flammable,Objet_15854
Oxidizing,Objet_25819
Explosive,Objet_27063
Explosive,Objet_07054
Fragile,Objet_10050
Toxic,Objet_02315
Toxic,Objet_02657
Toxic,Objet_20243
Oxidizing,Objet_28137
Toxic,Objet_16983
Pressurized,Objet_13646
Pressurized,Objet_11881
Corrosive,Objet_27253
Fragile,Objet_10385
Unspecified,Objet_15801
Explosive,Objet_29312
Pressurized,Objet_20904
Explosive,Objet_29049
Oxidizing,Objet_02293
Explosive,Objet_03791
Toxic,Objet_02796
Toxic,Objet_01426
Fragile,Objet_05096
Corrosive,Objet_08406
Explosive,Objet_14689
Explosive,Objet_08991
Oxidizing,Objet_05786
Flammable,Objet_08642
Oxidizing,Objet_18713
Explosive,Objet_20995
Unspecified,Objet_13718
Explosive,Objet_30118
Oxidizing,Objet_10674
Pressurized,Objet_23960
Pressurized,Objet_12270
Toxic,Objet_13972
Unspecified,Objet_01386
Flammable,Objet_13788
Oxidizing,Objet_04716
Toxic,Objet_11168
Fragile,Objet_27386
Pressurized,Objet_19126
Explosive,Objet_25684
Oxidizing,Objet_12292
Corrosive,Objet_28573
Flammable,Objet_09239
Flammable,Objet_16200
Explosive,Objet_08689
Corrosive,Objet_27560
Unspecified,Objet_08508
Radioactive,Objet_29973
Flammable,Objet_10253
Toxic,Objet_02813
Food,Objet_08882
Radioactive,Objet_17730
Oxidizing,Objet_03219
Pressurized,Objet_12309
Radioactive,Objet_12337
Fragile,Objet_00696
Oxidizing,Objet_00672
Corrosive,Objet_07958
Flammable,Objet_23364
Food,Objet_06651
Explosive,Objet_17945
Unspecified,Objet_09369
Flammable,Objet_09015
Food,Objet_27169
Pressurized,Objet_16797
Corrosive,Objet_05911
Oxidizing,Objet_17134
Explosive,Objet_07217
Fragile,Objet_27018
Explosive,Objet_18153
Flammable,Objet_08299
Radioactive,Objet_14822
Flammable,Objet_20334
Toxic,Objet_20383
Corrosive,Objet_26894
Toxic,Objet_18916
Fragile,Objet_15400
Oxidizing,Objet_20923
Corrosive,Objet_06516
Toxic,Objet_12545
Unspecified,Objet_17812
Radioactive,Objet_20377
Toxic,Objet_23188
Oxidizing,Objet_03486
Explosive,Objet_20009
Oxidizing,Objet_05328
Oxidizing,Objet_20815
Explosive,Objet_18718
Toxic,Objet_21900
Pressurized,Objet_18077
Fragile,Objet_02138
Food,Objet_16833
Flammable,Objet_21674
Oxidizing,Objet_23426
Fragile,Objet_27143
Unspecified,Objet_09967
Corrosive,Objet_10971
Flammable,Objet_29515
Unspecified,Objet_15429
Corrosive,Objet_23644
Radioactive,Objet_00639
Toxic,Objet_06546
Toxic,Objet_09289
Radioactive,Objet_11514
Toxic,Objet_27132
Pressurized,Objet_13625
Flammable,Objet_13337
Food,Objet_03121
Food,Objet_25245
Food,Objet_02838
Corrosive,Objet_15816
Unspecified,Objet_10963
Explosive,Objet_20976
Unspecified,Objet_20535
Pressurized,Objet_26964
Food,Objet_01477
Food,Objet_23014
Pressurized,Objet_09014
Oxidizing,Objet_01063
Explosive,Objet_20534
Pressurized,Objet_21555
Food,Objet_12305
Corrosive,Objet_25825
Pressurized,Objet_27345
Fragile,Objet_18130
Explosive,Objet_12850
Pressurized,Objet_28657
Flammable,Objet_06772
Radioactive,Objet_21284
Food,Objet_29901
Food,Objet_18687
Unspecified,Objet_20333
Pressurized,Objet_04080
Pressurized,Objet_04171
Fragile,Objet_18329
Explosive,Objet_00805
Unspecified,Objet_06273
Explosive,Objet_07697
Radioactive,Objet_16957
Flammable,Objet_26282
Flammable,Objet_08532
Corrosive,Objet_24809
Explosive,Objet_09644
Radioactive,Objet_08779
Food,Objet_20585
Toxic,Objet_06990
Corrosive,Objet_08953
Corrosive,Objet_04109
Food,Objet_25286
Unspecified,Objet_23152
Pressurized,Objet_28785
Toxic,Objet_23203
Flammable,Objet_24965
Explosive,Objet_20234
Flammable,Objet_20538
Radioactive,Objet_00710
Flammable,Objet_04615
Radioactive,Objet_02367
Unspecified,Objet_01706
Explosive,Objet_23270
Explosive,Objet_21141
Unspecified,Objet_01672
Corrosive,Objet_09734
Corrosive,Objet_01657
Flammable,Objet_02584
Explosive,Objet_02170
Flammable,Objet_03956
Explosive,Objet_18956
Oxidizing,Objet_23770
Explosive,Objet_00557
Fragile,Objet_05004
Corrosive,Objet_10220
Fragile,Objet_23839
Unspecified,Objet_29786
Corrosive,Objet_21230
Pressurized,Objet_02257
Flammable,Objet_29778
Flammable,Objet_28996
Pressurized,Objet_05600
Oxidizing,Objet_01597
Flammable,Objet_21086
Toxic,Objet_19518
Radioactive,Objet_23824
Corrosive,Objet_27033
Radioactive,Objet_03506
Pressurized,Objet_04748
Food,Objet_19121
Corrosive,Objet_18650
Food,Objet_21785
Corrosive,Objet_23390
Fragile,Objet_12755
Fragile,Objet_16106
Fragile,Objet_02327
Unspecified,Objet_11439
Food,Objet_06901
Oxidizing,Objet_28375
Food,Objet_07596
Oxidizing,Objet_25556
Pressurized,Objet_01780
Oxidizing,Objet_10141
Unspecified,Objet_29989
Oxidizing,Objet_28104
Fragile,Objet_24147
Pressurized,Objet_13772
Radioactive,Objet_12828
Explosive,Objet_20959
Corrosive,Objet_03249
Oxidizing,Objet_00111
Food,Objet_14260
Fragile,Objet_05585
Toxic,Objet_26321
Radioactive,Objet_29513
Radioactive,Objet_04902
Pressurized,Objet_10158
Flammable,Objet_21090
Pressurized,Objet_13715
Fragile,Objet_13446
Radioactive,Objet_21933
Food,Objet_15725
Fragile,Objet_13189
Toxic,Objet_08544
Pressurized,Objet_28302
Flammable,Objet_24505
Corrosive,Objet_05198
Unspecified,Objet_28851
Toxic,Objet_17681
Flammable,Objet_01944
Food,Objet_17622
Corrosive,Objet_13962
Toxic,Objet_03754
Toxic,Objet_17669
Food,Objet_03762
Flammable,Objet_09031
Oxidizing,Objet_21397
Corrosive,Objet_23363
Food,Objet_13710
Oxidizing,Objet_03615
Food,Objet_04870
Corrosive,Objet_08397
Pressurized,Objet_04742
Corrosive,Objet_05781
Corrosive,Objet_11247
Flammable,Objet_08030
Corrosive,Objet_11063
Flammable,Objet_13650
Toxic,Objet_06786
Explosive,Objet_18822
Oxidizing,Objet_16256
Food,Objet_01298
Unspecified,Objet_02889
Toxic,Objet_25710
Flammable,Objet_03684
Food,Objet_10360
Flammable,Objet_01117
Radioactive,Objet_01575
Flammable,Objet_08426
Fragile,Objet_08312
Pressurized,Objet_02302
Pressurized,Objet_17215
Flammable,Objet_25964
Corrosive,Objet_11956
Explosive,Objet_20701
Corrosive,Objet_14190
Food,Objet_19543
Fragile,Objet_17071
Corrosive,Objet_03268
Pressurized,Objet_10720
Oxidizing,Objet_17306
Fragile,Objet_08261
Toxic,Objet_00228
Radioactive,Objet_06594
Flammable,Objet_02575
Radioactive,Objet_08822
Explosive,Objet_19551
Unspecified,Objet_03260
Fragile,Objet_25805
Radioactive,Objet_21952
Radioactive,Objet_00086
Explosive,Objet_01002
Radioactive,Objet_19554
Fragile,Objet_29716
Explosive,Objet_17476
Radioactive,Objet_14400
Radioactive,Objet_23414
Radioactive,Objet_05478
Fragile,Objet_25716
Toxic,Objet_01970
Fragile,Objet_10323
Flammable,Objet_23177
Oxidizing,Objet_24591
Radioactive,Objet_12138
Pressurized,Objet_10393
Flammable,Objet_01142
Explosive,Objet_16151
Food,Objet_00856
Pressurized,Objet_00537
Radioactive,Objet_22162
Food,Objet_20675
Pressurized,Objet_19419
Corrosive,Objet_17456
Flammable,Objet_09392
Oxidizing,Objet_01742
Flammable,Objet_21603
Toxic,Objet_08276
Corrosive,Objet_25361
Food,Objet_18221
Flammable,Objet_00249
Unspecified,Objet_03012
Radioactive,Objet_26418
Flammable,Objet_09757
Corrosive,Objet_10564
Radioactive,Objet_08899
Radioactive,Objet_17304
Corrosive,Objet_16384
Oxidizing,Objet_07221
Fragile,Objet_07494
Fragile,Objet_10495
Radioactive,Objet_27825
Pressurized,Objet_03543
Explosive,Objet_04208
Oxidizing,Objet_25383
Pressurized,Objet_12934
Food,Objet_09815
Pressurized,Objet_07127
Flammable,Objet_20754
Flammable,Objet_12870
Flammable,Objet_06650
Oxidizing,Objet_03983
Fragile,Objet_06026
Toxic,Objet_05537
Unspecified,Objet_00436
Food,Objet_18985
Oxidizing,Objet_18710
Flammable,Objet_29446
Food,Objet_02429
Pressurized,Objet_27824
Toxic,Objet_21969
Corrosive,Objet_12776
Toxic,Objet_08386
Explosive,Objet_13119
Pressurized,Objet_26071
Corrosive,Objet_27046
Food,Objet_17179
Corrosive,Objet_12155
Unspecified,Objet_00692
Food,Objet_05941
Unspecified,Objet_24703
Fragile,Objet_02585
Pressurized,Objet_15457
Flammable,Objet_15600
Food,Objet_26913
Fragile,Objet_23395
Oxidizing,Objet_13757
Fragile,Objet_16286
Pressurized,Objet_09124
Corrosive,Objet_12531
Unspecified,Objet_13159
Food,Objet_22604
Oxidizing,Objet_18626
Food,Objet_00527
Unspecified,Objet_14619
Oxidizing,Objet_25532
Explosive,Objet_00876
Flammable,Objet_27659
Corrosive,Objet_10545
Corrosive,Objet_13624
Flammable,Objet_05444
Oxidizing,Objet_02699
Toxic,Objet_25817
Fragile,Objet_09696
Radioactive,Objet_11618
Fragile,Objet_29380
Toxic,Objet_23383
Flammable,Objet_03592
Explosive,Objet_03517
Oxidizing,Objet_09431
Flammable,Objet_28365
Toxic,Objet_11479
Pressurized,Objet_22288
Unspecified,Objet_16854
Pressurized,Objet_18654
Unspecified,Objet_19607
Fragile,Objet_19004
Toxic,Objet_23242
Radioactive,Objet_05778
Unspecified,Objet_16713
Unspecified,Objet_29495
Corrosive,Objet_00020
Flammable,Objet_10466
Pressurized,Objet_09027
Explosive,Objet_23665
Radioactive,Objet_23447
Oxidizing,Objet_20739
Flammable,Objet_21117
Toxic,Objet_22452
Food,Objet_25739
Toxic,Objet_03579
Corrosive,Objet_18694
Flammable,Objet_24157
Oxidizing,Objet_28239
Food,Objet_14561
Pressurized,Objet_08277
Pressurized,Objet_21261
Food,Objet_17646
Unspecified,Objet_22500
Unspecified,Objet_10785
Oxidizing,Objet_29379
Flammable,Objet_21629
Explosive,Objet_22148
Toxic,Objet_08815
Food,Objet_04728
Toxic,Objet_29268
Radioactive,Objet_24656
Explosive,Objet_28474
Corrosive,Objet_14846
Fragile,Objet_20247
Explosive,Objet_06552
Pressurized,Objet_02126
Oxidizing,Objet_14328
Radioactive,Objet_16488
Toxic,Objet_07015
Explosive,Objet_13871
Explosive,Objet_08317
Pressurized,Objet_17384
Pressurized,Objet_05867
Oxidizing,Objet_25940
Radioactive,Objet_01842
Oxidizing,Objet_21604
Explosive,Objet_18606
Explosive,Objet_07379
Pressurized,Objet_10669
Oxidizing,Objet_10603
Fragile,Objet_22929
Oxidizing,Objet_18984
Pressurized,Objet_27468
Radioactive,Objet_19308
Pressurized,Objet_18821
Toxic,Objet_24374
Corrosive,Objet_11829
Corrosive,Objet_00392
Unspecified,Objet_24952
Explosive,Objet_13891
Flammable,Objet_05148
Corrosive,Objet_17444
Pressurized,Objet_08356
Radioactive,Objet_09675
Food,Objet_13385
Fragile,Objet_27719
Unspecified,Objet_09451
Flammable,Objet_05039
Flammable,Objet_11940
Corrosive,Objet_29385
Unspecified,Objet_08625
Toxic,Objet_24092
Radioactive,Objet_04089
Oxidizing,Objet_26470
Pressurized,Objet_24525
Unspecified,Objet_28668
Fragile,Objet_22072
Fragile,Objet_19051
Corrosive,Objet_06306
Explosive,Objet_01951
Toxic,Objet_21725
Unspecified,Objet_05681
Food,Objet_08874
Unspecified,Objet_29689
Radioactive,Objet_09880
Unspecified,Objet_29855
Corrosive,Objet_27242
Radioactive,Objet_16066
Fragile,Objet_19940
Radioactive,Objet_11122
Corrosive,Objet_18303
Food,Objet_26014
Toxic,Objet_04384
Unspecified,Objet_00284
Food,Objet_07530
Radioactive,Objet_13783
Food,Objet_29680
Food,Objet_23467
Corrosive,Objet_09856
Unspecified,Objet_13967
Radioactive,Objet_22037
Explosive,Objet_22892
Explosive,Objet_27284
Unspecified,Objet_08419
Food,Objet_23038
Flammable,Objet_14465
Corrosive,Objet_15490
Toxic,Objet_29677
Food,Objet_21144
Corrosive,Objet_17855
Radioactive,Objet_19592
Fragile,Objet_11582
Food,Objet_18279
Corrosive,Objet_29319
Oxidizing,Objet_26908
Oxidizing,Objet_23044
Oxidizing,Objet_25561
Flammable,Objet_28026
Fragile,Objet_02816
Fragile,Objet_07183
Flammable,Objet_03587
Corrosive,Objet_12925
Corrosive,Objet_26287
Pressurized,Objet_30080
Explosive,Objet_06246
Radioactive,Objet_11082
Explosive,Objet_03899
Corrosive,Objet_14721
Food,Objet_27375
Radioactive,Objet_26401
Unspecified,Objet_17520
Toxic,Objet_16496
Radioactive,Objet_07194
Toxic,Objet_16594
Oxidizing,Objet_09192
Toxic,Objet_13442
Fragile,Objet_23602
Flammable,Objet_11316
Explosive,Objet_06893
Fragile,Objet_25538
Food,Objet_08565
Flammable,Objet_15233
Flammable,Objet_30149
Radioactive,Objet_02558
Radioactive,Objet_24929
Unspecified,Objet_16257
Toxic,Objet_12819
Corrosive,Objet_23173
Radioactive,Objet_09205
Oxidizing,Objet_04229
Food,Objet_15154
Oxidizing,Objet_11483
Explosive,Objet_03233
Unspecified,Objet_07921
Corrosive,Objet_16414
Toxic,Objet_08388
Radioactive,Objet_00083
Pressurized,Objet_05710
Flammable,Objet_13284
Toxic,Objet_02674
Toxic,Objet_24908
Pressurized,Objet_01184
Toxic,Objet_07983
Food,Objet_19366
Flammable,Objet_29505
Oxidizing,Objet_11764
Food,Objet_11093
Food,Objet_09334
Explosive,Objet_17964
Pressurized,Objet_21957
Radioactive,Objet_15504
Pressurized,Objet_14921
Food,Objet_22083
Toxic,Objet_11099
Corrosive,Objet_06774
Fragile,Objet_07826
Food,Objet_28227
Explosive,Objet_15472
Corrosive,Objet_01834
Food,Objet_21861
Fragile,Objet_24015
Unspecified,Objet_10136
Corrosive,Objet_26987
Unspecified,Objet_09090
Corrosive,Objet_29502
Toxic,Objet_29949
Fragile,Objet_05229
Unspecified,Objet_06161
Unspecified,Objet_14825
Unspecified,Objet_27013
Pressurized,Objet_15518
Food,Objet_20059
Unspecified,Objet_12600
Fragile,Objet_25605
Toxic,Objet_11280
Toxic,Objet_09470
Pressurized,Objet_22150
Explosive,Objet_19530
Flammable,Objet_15156
Flammable,Objet_16391
Explosive,Objet_01650
Food,Objet_10067
Fragile,Objet_04292
Flammable,Objet_04222
Food,Objet_24145
Food,Objet_19713
Toxic,Objet_06477
Pressurized,Objet_00148
Flammable,Objet_08716
Radioactive,Objet_19557
Corrosive,Objet_20530
Corrosive,Objet_24726
Oxidizing,Objet_11462
Corrosive,Objet_16033
Oxidizing,Objet_06851
Oxidizing,Objet_20929
Unspecified,Objet_02058
Fragile,Objet_18912
Flammable,Objet_00829
Fragile,Objet_22646
Toxic,Objet_09519
Corrosive,Objet_08475
Radioactive,Objet_04440
Explosive,Objet_17299
Corrosive,Objet_19750
Fragile,Objet_19535
Fragile,Objet_28867
Unspecified,Objet_23736
Unspecified,Objet_09181
Radioactive,Objet_10642
Corrosive,Objet_30111
Unspecified,Objet_15557
Unspecified,Objet_12727
Fragile,Objet_19756
Oxidizing,Objet_00547
Radioactive,Objet_03595
Pressurized,Objet_08089
Fragile,Objet_15625
Unspecified,Objet_17493
Pressurized,Objet_29904
Explosive,Objet_14880
Unspecified,Objet_07281
Corrosive,Objet_23819
Fragile,Objet_19546
Pressurized,Objet_05380
Corrosive,Objet_11159
Flammable,Objet_12987
Unspecified,Objet_01384
Explosive,Objet_21928
Explosive,Objet_26574
Unspecified,Objet_03016
Radioactive,Objet_17922
Oxidizing,Objet_13227
Explosive,Objet_03338
Unspecified,Objet_22552
Unspecified,Objet_26004
Pressurized,Objet_17184
Radioactive,Objet_29291
Flammable,Objet_15255
Oxidizing,Objet_25357
Corrosive,Objet_29599
Flammable,Objet_03870
Corrosive,Objet_06279
Unspecified,Objet_10680
Explosive,Objet_03309
Fragile,Objet_24686
Explosive,Objet_10473
Flammable,Objet_00126
Oxidizing,Objet_10437
Oxidizing,Objet_21529
Explosive,Objet_19843
Flammable,Objet_24294
Corrosive,Objet_20938
Radioactive,Objet_25783
Toxic,Objet_00801
Fragile,Objet_14276
Flammable,Objet_06998
Oxidizing,Objet_18510
Flammable,Objet_08546
Unspecified,Objet_21335
Food,Objet_14361
Explosive,Objet_05154
Pressurized,Objet_18987
Radioactive,Objet_21152
Corrosive,Objet_17126
Corrosive,Objet_16902
Corrosive,Objet_11393
Oxidizing,Objet_00757
Oxidizing,Objet_21669
Food,Objet_13219
Corrosive,Objet_08719
Food,Objet_16888
Radioactive,Objet_00550
Food,Objet_21681
Pressurized,Objet_27650
Oxidizing,Objet_10380
Explosive,Objet_06382
Radioactive,Objet_13172
Corrosive,Objet_27914
Explosive,Objet_04422
Fragile,Objet_19548
Unspecified,Objet_04980
Explosive,Objet_12234
Explosive,Objet_09405
Corrosive,Objet_20141
Toxic,Objet_07742
Unspecified,Objet_11137
Corrosive,Objet_25205
Food,Objet_30082
Oxidizing,Objet_24580
Fragile,Objet_23717
Oxidizing,Objet_28012
Flammable,Objet_27090
Unspecified,Objet_23791
Corrosive,Objet_26967
Corrosive,Objet_05553
Toxic,Objet_08169
Fragile,Objet_03714
Explosive,Objet_24193
Fragile,Objet_25191
Fragile,Objet_21620
Explosive,Objet_09493
Oxidizing,Objet_03041
Flammable,Objet_26360
Oxidizing,Objet_06550
Oxidizing,Objet_20899
Explosive,Objet_26979
Explosive,Objet_18662
Radioactive,Objet_04694
Corrosive,Objet_24777
Corrosive,Objet_00792
Explosive,Objet_20816
Radioactive,Objet_17133
Explosive,Objet_05851
Fragile,Objet_03169
Pressurized,Objet_04426
Oxidizing,Objet_08077
Food,Objet_13210
Toxic,Objet_15897
Fragile,Objet_23378
Explosive,Objet_08255
Corrosive,Objet_25959
Explosive,Objet_23016
Flammable,Objet_01593
Flammable,Objet_11787
Explosive,Objet_14779
Food,Objet_18018
Corrosive,Objet_28136
Flammable,Objet_01372
Oxidizing,Objet_24448
Oxidizing,Objet_23996
Toxic,Objet_20894
Radioactive,Objet_29228
Food,Objet_19432
Explosive,Objet_18074
Corrosive,Objet_16480
Food,Objet_25875
Unspecified,Objet_03771
Food,Objet_17485
Flammable,Objet_19555
Oxidizing,Objet_10542
Toxic,Objet_09277
Radioactive,Objet_27030
Unspecified,Objet_06177
Fragile,Objet_05073
Explosive,Objet_12129
Oxidizing,Objet_10887
Food,Objet_28161
Pressurized,Objet_26571
Pressurized,Objet_13361
Radioactive,Objet_22100
Unspecified,Objet_06276
Explosive,Objet_22887
Corrosive,Objet_09765
Corrosive,Objet_23404
Fragile,Objet_24241
Unspecified,Objet_06412
Fragile,Objet_27951
Radioactive,Objet_17666
Corrosive,Objet_01468
Flammable,Objet_15366
Toxic,Objet_25072
Explosive,Objet_24093
Unspecified,Objet_24768
Fragile,Objet_04121
Pressurized,Objet_00489
Corrosive,Objet_16756
Pressurized,Objet_09203
Food,Objet_27765
Pressurized,Objet_11476
Radioactive,Objet_21333
Pressurized,Objet_10567
Explosive,Objet_19616
Pressurized,Objet_28183
Fragile,Objet_16154
Radioactive,Objet_19684
Toxic,Objet_24345
Corrosive,Objet_15173
Explosive,Objet_06556
Toxic,Objet_08667
Oxidizing,Objet_02645
Oxidizing,Objet_26846
Fragile,Objet_03679
Corrosive,Objet_14131
Fragile,Objet_20718
Fragile,Objet_07114
Corrosive,Objet_01871
Radioactive,Objet_08249
Toxic,Objet_07493
Radioactive,Objet_18197
Pressurized,Objet_23916
Radioactive,Objet_22549
Oxidizing,Objet_09243
Radioactive,Objet_09273
Corrosive,Objet_23546
Flammable,Objet_05506
Explosive,Objet_00887
Radioactive,Objet_14273
Toxic,Objet_10260
Explosive,Objet_21355
Food,Objet_01024
Explosive,Objet_13863
Toxic,Objet_07418
Pressurized,Objet_03943
Unspecified,Objet_09679
Fragile,Objet_01889
Food,Objet_18806
Food,Objet_27062
Pressurized,Objet_15554
Fragile,Objet_20165
Pressurized,Objet_26066
Flammable,Objet_02167
Radioactive,Objet_19214
Radioactive,Objet_03032
Pressurized,Objet_09096
Corrosive,Objet_15308
Explosive,Objet_06880
Oxidizing,Objet_11092
Radioactive,Objet_20627
Flammable,Objet_20007
Oxidizing,Objet_13007
Flammable,Objet_19313
Unspecified,Objet_03097
Radioactive,Objet_09715
Food,Objet_14327
Oxidizing,Objet_11880
Toxic,Objet_07931
Radioactive,Objet_29909
Food,Objet_22442
Pressurized,Objet_24739
Radioactive,Objet_08599
Unspecified,Objet_01950
Corrosive,Objet_13520
Pressurized,Objet_09360
Radioactive,Objet_01893
Explosive,Objet_03027
Radioactive,Objet_17721
Flammable,Objet_27731
Oxidizing,Objet_12832
Unspecified,Objet_05932
Pressurized,Objet_16199
Fragile,Objet_13493
Fragile,Objet_16629
Oxidizing,Objet_06052
Toxic,Objet_10172
Toxic,Objet_12220
Toxic,Objet_02982
Pressurized,Objet_15862
Oxidizing,Objet_15174
Flammable,Objet_19876
Radioactive,Objet_21973
Oxidizing,Objet_22846
Flammable,Objet_18645
Fragile,Objet_00197
Toxic,Objet_18162
Corrosive,Objet_26687
Fragile,Objet_20681
Explosive,Objet_08741
Corrosive,Objet_29383
Food,Objet_22009
Flammable,Objet_01153
Food,Objet_09039
Food,Objet_22133
Fragile,Objet_29819
Pressurized,Objet_01788
Unspecified,Objet_14844
Oxidizing,Objet_14256
Flammable,Objet_02132
Food,Objet_04213
Pressurized,Objet_25854
Toxic,Objet_19373
Explosive,Objet_23113
Oxidizing,Objet_22493
Explosive,Objet_25211
Oxidizing,Objet_06247
Oxidizing,Objet_03949
Food,Objet_14611
Flammable,Objet_05363
Flammable,Objet_18472
Fragile,Objet_21243
Radioactive,Objet_17742
Pressurized,Objet_24061
Explosive,Objet_25720
Pressurized,Objet_15601
Pressurized,Objet_04833
Radioactive,Objet_04502
Flammable,Objet_24582
Explosive,Objet_21748
Radioactive,Objet_25829
Pressurized,Objet_01999
Food,Objet_28954
Pressurized,Objet_13174
Radioactive,Objet_20885
Flammable,Objet_29970
Explosive,Objet_21718
Corrosive,Objet_12709
Radioactive,Objet_02727
Corrosive,Objet_16697
Toxic,Objet_23335
Corrosive,Objet_11385
Radioactive,Objet_05342
Unspecified,Objet_13224
Explosive,Objet_28471
Corrosive,Objet_19820
Food,Objet_23646
Toxic,Objet_24718
Explosive,Objet_05195
Explosive,Objet_06332
Fragile,Objet_22197
Oxidizing,Objet_22853
Oxidizing,Objet_26359
Flammable,Objet_00172
Radioactive,Objet_20813
Fragile,Objet_23759
Flammable,Objet_14009
Oxidizing,Objet_19891
Fragile,Objet_29395
Pressurized,Objet_26441
Oxidizing,Objet_12252
Oxidizing,Objet_02520
Flammable,Objet_12392
Pressurized,Objet_00787
Oxidizing,Objet_28265
Fragile,Objet_21481
Radioactive,Objet_13084
Corrosive,Objet_22395
Corrosive,Objet_10647
Food,Objet_25092
Food,Objet_21434
Fragile,Objet_14019
Unspecified,Objet_17722
Unspecified,Objet_13148
Food,Objet_04062
Corrosive,Objet_12248
Toxic,Objet_02037
Toxic,Objet_25812
Food,Objet_15927
Explosive,Objet_10657
Toxic,Objet_28899
Corrosive,Objet_02853
Fragile,Objet_00971
Unspecified,Objet_25847
Oxidizing,Objet_26935
Radioactive,Objet_21252
Fragile,Objet_16095
Radioactive,Objet_19083
Explosive,Objet_07029
Fragile,Objet_23514
Unspecified,Objet_06768
Pressurized,Objet_25138
Pressurized,Objet_28038
Toxic,Objet_25649
Pressurized,Objet_06325
Toxic,Objet_13773
Corrosive,Objet_17671
Pressurized,Objet_03241
Unspecified,Objet_27561
Pressurized,Objet_14421
Oxidizing,Objet_21778
Fragile,Objet_23739
Explosive,Objet_17147
Pressurized,Objet_05895
Oxidizing,Objet_13279
Explosive,Objet_04562
Fragile,Objet_12459
Food,Objet_01539
Toxic,Objet_22126
Oxidizing,Objet_15681
Oxidizing,Objet_26192
Fragile,Objet_11845
Oxidizing,Objet_22967
Unspecified,Objet_16686
Pressurized,Objet_04581
Corrosive,Objet_29083
Food,Objet_11824
Oxidizing,Objet_20401
Corrosive,Objet_19872
Toxic,Objet_16566
Unspecified,Objet_02188
Oxidizing,Objet_02445
Food,Objet_18516
Pressurized,Objet_03414
Food,Objet_06120
Explosive,Objet_16001
Pressurized,Objet_16189
Pressurized,Objet_23233
Explosive,Objet_00299
Radioactive,Objet_21524
Fragile,Objet_07769
Flammable,Objet_14571
Radioactive,Objet_17336
Unspecified,Objet_02790
Pressurized,Objet_07318
Food,Objet_12070
Unspecified,Objet_17765
Food,Objet_19262
Oxidizing,Objet_18685
Corrosive,Objet_19093
Unspecified,Objet_09480
Radioactive,Objet_00875
Oxidizing,Objet_07295
Radioactive,Objet_02777
Explosive,Objet_12589
Explosive,Objet_17271
Explosive,Objet_20990
Corrosive,Objet_09307
Flammable,Objet_03727
Toxic,Objet_23670
Oxidizing,Objet_08462
Oxidizing,Objet_10527
Oxidizing,Objet_00832
Food,Objet_25461
Unspecified,Objet_13343
Oxidizing,Objet_26963
Unspecified,Objet_02879
Oxidizing,Objet_00869
Radioactive,Objet_28386
Explosive,Objet_01362
Explosive,Objet_25149
Toxic,Objet_15587
Pressurized,Objet_19429
Fragile,Objet_02009
Flammable,Objet_19751
Corrosive,Objet_16252
Flammable,Objet_02887
Corrosive,Objet_23307
Radioactive,Objet_25548
Toxic,Objet_23511
Explosive,Objet_01768
Unspecified,Objet_04303
Unspecified,Objet_07421
Food,Objet_01874
Radioactive,Objet_19917
Flammable,Objet_11003
Toxic,Objet_24822
Radioactive,Objet_09197
Unspecified,Objet_16407
Pressurized,Objet_05368
Oxidizing,Objet_20580
Food,Objet_28624
Food,Objet_07601
Fragile,Objet_00077
Unspecified,Objet_24663
Toxic,Objet_05705
Unspecified,Objet_07105
Food,Objet_22155
Explosive,Objet_01748
Corrosive,Objet_27493
Flammable,Objet_11487
Toxic,Objet_18503
Fragile,Objet_19922
Fragile,Objet_01275
Radioactive,Objet_06847
Corrosive,Objet_11095
Fragile,Objet_24067
Oxidizing,Objet_21516
Radioactive,Objet_29494
Explosive,Objet_08775
Food,Objet_15933
Toxic,Objet_27083
Unspecified,Objet_22777
Explosive,Objet_10751
Explosive,Objet_19858
Toxic,Objet_17558
Fragile,Objet_04199
Explosive,Objet_03240
Corrosive,Objet_06597
Explosive,Objet_06900
Radioactive,Objet_27704
Toxic,Objet_18015
Corrosive,Objet_12196
Corrosive,Objet_02685
Toxic,Objet_29420
Food,Objet_29482
Flammable,Objet_23631
Explosive,Objet_18404
Explosive,Objet_29629
Radioactive,Objet_20249
Explosive,Objet_14130
Food,Objet_20849
Unspecified,Objet_01176
Food,Objet_18079
Food,Objet_01123
Oxidizing,Objet_28720
Oxidizing,Objet_22257
Corrosive,Objet_22657
Toxic,Objet_24876
Radioactive,Objet_27619
Radioactive,Objet_10914
Explosive,Objet_28413
Fragile,Objet_17758
Oxidizing,Objet_19397
Fragile,Objet_21784
Radioactive,Objet_26339
Oxidizing,Objet_23971
Toxic,Objet_25382
Unspecified,Objet_29231
Unspecified,Objet_03227
Radioactive,Objet_05390
Corrosive,Objet_01083
Toxic,Objet_05069
Oxidizing,Objet_27188
Oxidizing,Objet_20659
Food,Objet_24494
Fragile,Objet_12695
Toxic,Objet_14150
Corrosive,Objet_02484
Oxidizing,Objet_11303
Corrosive,Objet_19048
Radioactive,Objet_04467
Oxidizing,Objet_03652
Flammable,Objet_20706
Unspecified,Objet_22074
Fragile,Objet_26074
Toxic,Objet_02397
Toxic,Objet_03997
Oxidizing,Objet_23147
Explosive,Objet_10569
Radioactive,Objet_17871
Corrosive,Objet_08099
Flammable,Objet_02312
Explosive,Objet_23619
Toxic,Objet_02279
Pressurized,Objet_21300
Oxidizing,Objet_28836
Food,Objet_21886
Corrosive,Objet_21435
Explosive,Objet_20487
Corrosive,Objet_28138
Toxic,Objet_16152
Flammable,Objet_23825
Unspecified,Objet_08498
Explosive,Objet_02778
Flammable,Objet_23914
Fragile,Objet_29805
Food,Objet_06333
Fragile,Objet_16524
Flammable,Objet_11445
Corrosive,Objet_30106
Unspecified,Objet_17290
Toxic,Objet_30038
Corrosive,Objet_24762
Oxidizing,Objet_04105
Oxidizing,Objet_21686
Pressurized,Objet_10331
Explosive,Objet_10435
Unspecified,Objet_22330
Oxidizing,Objet_24255
Unspecified,Objet_04444
Oxidizing,Objet_21071
Fragile,Objet_20140
Explosive,Objet_13118
Corrosive,Objet_18850
Fragile,Objet_13852
Fragile,Objet_04106
Flammable,Objet_09723
Fragile,Objet_17877
Pressurized,Objet_13670
Flammable,Objet_11264
Pressurized,Objet_12419
Radioactive,Objet_04166
Oxidizing,Objet_25207
Radioactive,Objet_07276
Fragile,Objet_03430
Fragile,Objet_28979
Fragile,Objet_17884
Unspecified,Objet_01322
Fragile,Objet_21277
Corrosive,Objet_00868
Unspecified,Objet_26170
Toxic,Objet_19834
Oxidizing,Objet_23898
Fragile,Objet_20411
Oxidizing,Objet_20695
Oxidizing,Objet_21493
Fragile,Objet_06213
Flammable,Objet_27728
Pressurized,Objet_14016
Pressurized,Objet_00455
Food,Objet_24621
Radioactive,Objet_23684
Food,Objet_00200
Radioactive,Objet_29343
Corrosive,Objet_23689
Pressurized,Objet_29820
Fragile,Objet_29161
Flammable,Objet_21703
Radioactive,Objet_02187
Fragile,Objet_16674
Corrosive,Objet_05143
Toxic,Objet_12187
Oxidizing,Objet_09517
Oxidizing,Objet_11887
Unspecified,Objet_15356
Radioactive,Objet_26759
Unspecified,Objet_10057
Toxic,Objet_01125
Food,Objet_08898
Oxidizing,Objet_14925
Unspecified,Objet_02710
Corrosive,Objet_19715
Pressurized,Objet_13865
Unspecified,Objet_17753
Fragile,Objet_29422
Pressurized,Objet_09617
Toxic,Objet_07406
Food,Objet_27517
Corrosive,Objet_00921
Unspecified,Objet_01379
Toxic,Objet_06158
Unspecified,Objet_05759
Toxic,Objet_27373
Radioactive,Objet_03772
Radioactive,Objet_14546
Oxidizing,Objet_22337
Explosive,Objet_12767
Fragile,Objet_23339
Flammable,Objet_15691
Oxidizing,Objet_09743
Explosive,Objet_20080
Unspecified,Objet_23584
Oxidizing,Objet_19801
Toxic,Objet_08774
Toxic,Objet_27121
Fragile,Objet_18870
Unspecified,Objet_01806
Oxidizing,Objet_17246
Flammable,Objet_23682
Food,Objet_13671
Oxidizing,Objet_29616
Oxidizing,Objet_29735
Explosive,Objet_24337
Fragile,Objet_22179
Fragile,Objet_01214
Radioactive,Objet_18291
Explosive,Objet_28845
Flammable,Objet_03218
Fragile,Objet_19015
Flammable,Objet_17924
Toxic,Objet_07038
Corrosive,Objet_19127
Corrosive,Objet_20018
Toxic,Objet_13244
Corrosive,Objet_07918
Food,Objet_11105
Pressurized,Objet_27792
Explosive,Objet_29352
Unspecified,Objet_03611
Food,Objet_03187
Toxic,Objet_19245
Pressurized,Objet_16186
Toxic,Objet_14395
Flammable,Objet_29869
Food,Objet_20693
Fragile,Objet_06929
Pressurized,Objet_19053
Radioactive,Objet_17302
Radioactive,Objet_00633
Oxidizing,Objet_26557
Toxic,Objet_13950
Oxidizing,Objet_04674
Flammable,Objet_28691
Radioactive,Objet_03756
Unspecified,Objet_11648
Flammable,Objet_20070
Fragile,Objet_15404
Fragile,Objet_26548
Pressurized,Objet_24482
Pressurized,Objet_05239
Explosive,Objet_24424
Corrosive,Objet_20741
Flammable,Objet_05887
Food,Objet_08928
Fragile,Objet_17535
Pressurized,Objet_15376
Food,Objet_16606
Radioactive,Objet_11831
Oxidizing,Objet_10090
Toxic,Objet_15845
Corrosive,Objet_29262
Corrosive,Objet_21422
Corrosive,Objet_25314
Fragile,Objet_17363
Pressurized,Objet_06793
Unspecified,Objet_11270
Oxidizing,Objet_00491
Food,Objet_01804
Radioactive,Objet_15315
Fragile,Objet_24420
Oxidizing,Objet_04722
Corrosive,Objet_27739
Food,Objet_07977
Radioactive,Objet_25048
Food,Objet_28502
Unspecified,Objet_13575
Unspecified,Objet_08413
Explosive,Objet_25746
Oxidizing,Objet_07464
Oxidizing,Objet_13929
Unspecified,Objet_23295
Corrosive,Objet_21856
Toxic,Objet_29900
Fragile,Objet_24232
Explosive,Objet_13131
Flammable,Objet_19333
Food,Objet_16643
Food,Objet_29388
Flammable,Objet_16250
Oxidizing,Objet_27893
Unspecified,Objet_19599
Flammable,Objet_21763
Corrosive,Objet_27393
Food,Objet_11330
Corrosive,Objet_29578
Corrosive,Objet_17427
Flammable,Objet_06522
Corrosive,Objet_18864
Food,Objet_11909
Toxic,Objet_10366
Corrosive,Objet_07013
Radioactive,Objet_17509
Unspecified,Objet_23489
Food,Objet_08265
Unspecified,Objet_03928
Oxidizing,Objet_03688
Oxidizing,Objet_08917
Radioactive,Objet_03288
Food,Objet_17393
Explosive,Objet_17582
Toxic,Objet_05939
Fragile,Objet_27270
Toxic,Objet_10265
Food,Objet_17702
Fragile,Objet_17106
Food,Objet_00242
Unspecified,Objet_17815
Food,Objet_17620
Radioactive,Objet_12662
Food,Objet_16034
Oxidizing,Objet_05436
Oxidizing,Objet_19196
Food,Objet_17833
Explosive,Objet_14802
Fragile,Objet_09317
Toxic,Objet_18301
Radioactive,Objet_22687
Food,Objet_16528
Unspecified,Objet_09913
Corrosive,Objet_01784
Oxidizing,Objet_02586
Food,Objet_18426
Radioactive,Objet_00740
Pressurized,Objet_29712
Radioactive,Objet_21450
Toxic,Objet_12281
Oxidizing,Objet_17083
Toxic,Objet_17601
Corrosive,Objet_15947
Toxic,Objet_16263
Corrosive,Objet_22356
Corrosive,Objet_17159
Corrosive,Objet_24816
Corrosive,Objet_00911
Fragile,Objet_15617
Radioactive,Objet_04661
Toxic,Objet_11600
Fragile,Objet_05422
Unspecified,Objet_11187
Flammable,Objet_16846
Fragile,Objet_10209
Flammable,Objet_04679
Toxic,Objet_25179
Radioactive,Objet_11016
Pressurized,Objet_01350
Food,Objet_00555
Toxic,Objet_24316
Fragile,Objet_14898
Toxic,Objet_29908
Flammable,Objet_01432
Unspecified,Objet_11363
Oxidizing,Objet_02757
Food,Objet_01693
Oxidizing,Objet_07782
Radioactive,Objet_12099
Radioactive,Objet_14803
Unspecified,Objet_09801
Oxidizing,Objet_24264
Toxic,Objet_26573
Explosive,Objet_03266
Unspecified,Objet_08280
Pressurized,Objet_22132
Food,Objet_10221
Pressurized,Objet_18273
Flammable,Objet_27899
Corrosive,Objet_24430
Toxic,Objet_17540
Flammable,Objet_01710
Radioactive,Objet_18088
Explosive,Objet_03722
Unspecified,Objet_10485
Explosive,Objet_00795
Pressurized,Objet_01525
Flammable,Objet_00311
Flammable,Objet_19012
Oxidizing,Objet_19753
Toxic,Objet_27430
Toxic,Objet_21829
Food,Objet_08934
Flammable,Objet_19691
Explosive,Objet_03843
Fragile,Objet_03731
Unspecified,Objet_15597
Corrosive,Objet_10994
Corrosive,Objet_13761
Fragile,Objet_22055
Toxic,Objet_12929
Flammable,Objet_20703
Pressurized,Objet_27321
Explosive,Objet_10444
Corrosive,Objet_01174
Pressurized,Objet_14291
Food,Objet_14872
Explosive,Objet_09437
Corrosive,Objet_11573
Explosive,Objet_28200
Corrosive,Objet_18183
Oxidizing,Objet_23197
Food,Objet_13271
Corrosive,Objet_00137
Flammable,Objet_08434
Toxic,Objet_04569
Explosive,Objet_20727
Toxic,Objet_20224
Food,Objet_23865
Radioactive,Objet_04689
Oxidizing,Objet_26068
Pressurized,Objet_21517
Fragile,Objet_02985
Flammable,Objet_23458
Radioactive,Objet_11700
Oxidizing,Objet_17025
Flammable,Objet_27296
Radioactive,Objet_10543
Food,Objet_07349
Explosive,Objet_26080
Fragile,Objet_17510
Flammable,Objet_02848
Toxic,Objet_27064
Radioactive,Objet_17422
Toxic,Objet_00057
Corrosive,Objet_27131
Corrosive,Objet_02395
Flammable,Objet_10398
Radioactive,Objet_29321
Corrosive,Objet_27269
Oxidizing,Objet_27278
Food,Objet_04564
Explosive,Objet_06798
Flammable,Objet_27727
Pressurized,Objet_11378
Toxic,Objet_07736
Oxidizing,Objet_29025
Pressurized,Objet_10394
Oxidizing,Objet_23579
Food,Objet_10202
Explosive,Objet_01570
Unspecified,Objet_19791
Food,Objet_29553
Unspecified,Objet_24403
Oxidizing,Objet_07895
Food,Objet_04688
Toxic,Objet_25348
Explosive,Objet_22923
Oxidizing,Objet_24595
Radioactive,Objet_19649
Unspecified,Objet_04765
Unspecified,Objet_00511
Explosive,Objet_26386
Fragile,Objet_02373
Corrosive,Objet_18261
Corrosive,Objet_11404
Radioactive,Objet_27964
Flammable,Objet_18961
Flammable,Objet_11501
Corrosive,Objet_11572
Food,Objet_12375
Fragile,Objet_18408
Pressurized,Objet_11463
Unspecified,Objet_25757
Explosive,Objet_29106
Radioactive,Objet_22226
Explosive,Objet_15212
Unspecified,Objet_19191
Fragile,Objet_29429
Unspecified,Objet_27581
Pressurized,Objet_10779
Pressurized,Objet_26830
Flammable,Objet_24622
Food,Objet_24167
Explosive,Objet_04835
Unspecified,Objet_09623
Explosive,Objet_12729
Unspecified,Objet_21996
Corrosive,Objet_25021
Radioactive,Objet_07336
Food,Objet_19380
Toxic,Objet_18441
Fragile,Objet_23048
Toxic,Objet_27274
Fragile,Objet_24677
Explosive,Objet_05427
Food,Objet_10591
Pressurized,Objet_03290
Oxidizing,Objet_24653
Explosive,Objet_23384
Unspecified,Objet_06227
Fragile,Objet_23785
Unspecified,Objet_07360
Food,Objet_28001
Corrosive,Objet_09469
Fragile,Objet_06520
Corrosive,Objet_08499
Toxic,Objet_15041
Corrosive,Objet_24104
Flammable,Objet_03635
Corrosive,Objet_24490
Fragile,Objet_10264
Corrosive,Objet_16742
Radioactive,Objet_10501
Fragile,Objet_21103
Toxic,Objet_12016
Fragile,Objet_21204
Toxic,Objet_08903
Fragile,Objet_04671
Toxic,Objet_09442
Oxidizing,Objet_04006
Radioactive,Objet_17050
Toxic,Objet_29783
Fragile,Objet_27585
Explosive,Objet_09929
Toxic,Objet_00510
Corrosive,Objet_21732
Flammable,Objet_10787
Food,Objet_00474
Food,Objet_28682
Flammable,Objet_29093
Corrosive,Objet_17734
Toxic,Objet_09355
Toxic,Objet_27366
Oxidizing,Objet_26666
Flammable,Objet_27927
Unspecified,Objet_09372
Pressurized,Objet_08315
Fragile,Objet_05502
Explosive,Objet_21279
Corrosive,Objet_29960
Toxic,Objet_18751
Toxic,Objet_20473
Food,Objet_04170
Explosive,Objet_28421
Oxidizing,Objet_08283
Unspecified,Objet_29895
Radioactive,Objet_14141
Flammable,Objet_03192
Corrosive,Objet_19221
Toxic,Objet_24887
Radioactive,Objet_00127
Unspecified,Objet_14784
Pressurized,Objet_11176
Unspecified,Objet_17136
Food,Objet_11432
Oxidizing,Objet_10515
Unspecified,Objet_10775
Radioactive,Objet_15977
Radioactive,Objet_22732
Corrosive,Objet_12615
Radioactive,Objet_13302
Unspecified,Objet_07939
Toxic,Objet_01394
Corrosive,Objet_13350
Radioactive,Objet_10923
Food,Objet_10378
Radioactive,Objet_26007
Unspecified,Objet_05970
Food,Objet_25845
Fragile,Objet_19312
Flammable,Objet_22280
Flammable,Objet_28615
Fragile,Objet_07422
Toxic,Objet_05533
Corrosive,Objet_26448
Flammable,Objet_18248
Oxidizing,Objet_02109
Oxidizing,Objet_17677
Corrosive,Objet_14240
Food,Objet_14513
Food,Objet_21664
Radioactive,Objet_08513
Unspecified,Objet_20513
Pressurized,Objet_29824
Toxic,Objet_28631
Radioactive,Objet_27186
Fragile,Objet_07103
Oxidizing,Objet_20261
Radioactive,Objet_25409
Food,Objet_24025
Fragile,Objet_16481
Flammable,Objet_06292
Fragile,Objet_10974
Corrosive,Objet_26415
Corrosive,Objet_09008
Explosive,Objet_28080
Pressurized,Objet_22490
Pressurized,Objet_11244
Corrosive,Objet_12144
Pressurized,Objet_03033
Toxic,Objet_06716
Food,Objet_11574
Explosive,Objet_04446
Toxic,Objet_07451
Food,Objet_22159
Flammable,Objet_00239
Fragile,Objet_25229
Explosive,Objet_14750
Toxic,Objet_17648
Oxidizing,Objet_03438
Radioactive,Objet_20827
Flammable,Objet_02425
Radioactive,Objet_11509
Unspecified,Objet_02509
Corrosive,Objet_13836
Fragile,Objet_27498
Fragile,Objet_19868
Unspecified,Objet_00363
Food,Objet_18297
Food,Objet_18233
Radioactive,Objet_16175
Corrosive,Objet_19504
Food,Objet_12906
Flammable,Objet_07506
Toxic,Objet_05671
Food,Objet_06202
Toxic,Objet_00103
Fragile,Objet_11635
Toxic,Objet_27057
Radioactive,Objet_24434
Toxic,Objet_29435
Food,Objet_16351
Flammable,Objet_08770
Explosive,Objet_17421
Fragile,Objet_07673
Food,Objet_22785
Flammable,Objet_29087
Pressurized,Objet_11761
Fragile,Objet_09879
Corrosive,Objet_14448
Corrosive,Objet_12690
Corrosive,Objet_02660
Explosive,Objet_07043
Pressurized,Objet_25422
Pressurized,Objet_00476
Radioactive,Objet_11394
Unspecified,Objet_04705
Fragile,Objet_22723
Flammable,Objet_18761
Oxidizing,Objet_25222
Toxic,Objet_05093
Flammable,Objet_28637
Pressurized,Objet_19149
Fragile,Objet_08781
Pressurized,Objet_11440
Pressurized,Objet_05278
Corrosive,Objet_14610
Food,Objet_21479
Oxidizing,Objet_10803
Food,Objet_29683
Explosive,Objet_08189
Fragile,Objet_03454
Toxic,Objet_03495
Food,Objet_24584
Unspecified,Objet_00324
Pressurized,Objet_22059
Toxic,Objet_23745
Pressurized,Objet_24038
Flammable,Objet_17887
Radioactive,Objet_18814
Corrosive,Objet_29857
Corrosive,Objet_15974
Oxidizing,Objet_28875
Explosive,Objet_14369
Food,Objet_07353
Unspecified,Objet_25628
Unspecified,Objet_01385
Flammable,Objet_26300
Pressurized,Objet_11000
Oxidizing,Objet_23304
Oxidizing,Objet_20201
Explosive,Objet_12347
Oxidizing,Objet_27127
Radioactive,Objet_15955
Pressurized,Objet_00273
Food,Objet_05619
Corrosive,Objet_02568
Flammable,Objet_05542
Oxidizing,Objet_22098
Radioactive,Objet_20587
Pressurized,Objet_13877
Radioactive,Objet_30023
Fragile,Objet_26037
Toxic,Objet_26891
Food,Objet_02688
Radioactive,Objet_30083
Unspecified,Objet_04273
Corrosive,Objet_28653
Explosive,Objet_08363
Corrosive,Objet_24173
Food,Objet_29554
Food,Objet_01315
Food,Objet_29533
Pressurized,Objet_23159
Unspecified,Objet_13138
Toxic,Objet_02581
Flammable,Objet_04338
Food,Objet_03766
Corrosive,Objet_25844
Unspecified,Objet_18946
Food,Objet_09906
Radioactive,Objet_16688
Radioactive,Objet_03302
Explosive,Objet_26467
Radioactive,Objet_00186
Flammable,Objet_24141
Corrosive,Objet_16350
Fragile,Objet_02598
Toxic,Objet_27979
Oxidizing,Objet_27902
Corrosive,Objet_02225
Explosive,Objet_08153
Corrosive,Objet_16301
Oxidizing,Objet_06367
Oxidizing,Objet_09760
Fragile,Objet_16990
Unspecified,Objet_02308
Fragile,Objet_27981
Radioactive,Objet_04235
Corrosive,Objet_03847
Flammable,Objet_10226
Toxic,Objet_20928
Explosive,Objet_12263
Corrosive,Objet_14874
Radioactive,Objet_18403
Pressurized,Objet_17588
Toxic,Objet_14893
Fragile,Objet_13366
Unspecified,Objet_28406
Fragile,Objet_13730
Flammable,Objet_08482
Fragile,Objet_16817
Flammable,Objet_24716
Corrosive,Objet_17685
Flammable,Objet_24750
Pressurized,Objet_03548
Fragile,Objet_10960
Toxic,Objet_12927
Pressurized,Objet_15566
Toxic,Objet_14283
Food,Objet_19690
Explosive,Objet_29491
Flammable,Objet_03662
Oxidizing,Objet_17745
Radioactive,Objet_03817
Fragile,Objet_27626
Food,Objet_19846
Toxic,Objet_26889
Oxidizing,Objet_18044
Radioactive,Objet_04294
Explosive,Objet_19193
Flammable,Objet_28643
Food,Objet_03071
Food,Objet_22260
Flammable,Objet_10325
Radioactive,Objet_06236
Oxidizing,Objet_25084
Oxidizing,Objet_29287
Explosive,Objet_17404
Corrosive,Objet_00068
Oxidizing,Objet_03119
Pressurized,Objet_00520
Flammable,Objet_26183
Pressurized,Objet_09421
Corrosive,Objet_14806
Fragile,Objet_03753
Explosive,Objet_21614
Radioactive,Objet_21009
Oxidizing,Objet_18285
Toxic,Objet_12501
Explosive,Objet_28390
Flammable,Objet_10933
Unspecified,Objet_10841
Pressurized,Objet_11418
Food,Objet_15694
Radioactive,Objet_19205
Explosive,Objet_16816
Unspecified,Objet_23241
Unspecified,Objet_01099
Explosive,Objet_02749
Radioactive,Objet_20871
Flammable,Objet_19930
Fragile,Objet_26960
Corrosive,Objet_03332
Unspecified,Objet_00848
Fragile,Objet_07828
Explosive,Objet_14162
Explosive,Objet_13904
Radioactive,Objet_16865
Food,Objet_26812
Fragile,Objet_25939
Flammable,Objet_14111
Food,Objet_04736
Toxic,Objet_12183
Toxic,Objet_12412
Corrosive,Objet_14336
Fragile,Objet_06495
Fragile,Objet_04843
Oxidizing,Objet_06422
Oxidizing,Objet_12653
Radioactive,Objet_09345
Unspecified,Objet_04589
Pressurized,Objet_01598
Pressurized,Objet_00316
Pressurized,Objet_28416
Explosive,Objet_23706
Corrosive,Objet_05315
Explosive,Objet_06937
Corrosive,Objet_16687
Explosive,Objet_09033
Flammable,Objet_04818
Oxidizing,Objet_02282
Flammable,Objet_07599
Oxidizing,Objet_10433
Oxidizing,Objet_07710
Explosive,Objet_28722
Pressurized,Objet_25679
Explosive,Objet_11745
Flammable,Objet_25216
Oxidizing,Objet_23848
Flammable,Objet_00578
Unspecified,Objet_13441
Flammable,Objet_15874
Flammable,Objet_02821
Corrosive,Objet_28108
Toxic,Objet_27761
Toxic,Objet_24788
Explosive,Objet_12742
Food,Objet_22599
Toxic,Objet_07613
Flammable,Objet_18001
Corrosive,Objet_17338
Flammable,Objet_21093
Fragile,Objet_26814
Corrosive,Objet_09531
Explosive,Objet_01277
Unspecified,Objet_02632
Food,Objet_08001
Pressurized,Objet_07247
Food,Objet_01977
Flammable,Objet_23552
Fragile,Objet_01623
Unspecified,Objet_01161
Unspecified,Objet_14330
Corrosive,Objet_11198
Flammable,Objet_11261
Radioactive,Objet_22184
Fragile,Objet_25675
Flammable,Objet_21849
Flammable,Objet_08560
Pressurized,Objet_16635
Pressurized,Objet_05401
Pressurized,Objet_15890
Fragile,Objet_17052
Oxidizing,Objet_10250
Radioactive,Objet_21655
Explosive,Objet_29713
Pressurized,Objet_20320
Pressurized,Objet_29413
Toxic,Objet_18369
Toxic,Objet_27181
Oxidizing,Objet_19497
Corrosive,Objet_14402
Unspecified,Objet_20914
Corrosive,Objet_24387
Pressurized,Objet_08262
Fragile,Objet_29269
Unspecified,Objet_02591
Fragile,Objet_10660
Pressurized,Objet_19651
Oxidizing,Objet_11299
Oxidizing,Objet_15401
Food,Objet_11762
Radioactive,Objet_11295
Oxidizing,Objet_27305
Fragile,Objet_22710
Oxidizing,Objet_11161
Pressurized,Objet_04828
Explosive,Objet_13355
Oxidizing,Objet_29788
Flammable,Objet_03008
Pressurized,Objet_26367
Pressurized,Objet_13340
Flammable,Objet_14786
Flammable,Objet_00920
Food,Objet_16490
Explosive,Objet_13970
Food,Objet_15935
Pressurized,Objet_12164
Food,Objet_01246
Flammable,Objet_00571
Toxic,Objet_02229
Flammable,Objet_03786
Radioactive,Objet_21896
Food,Objet_05492
Unspecified,Objet_15825
Corrosive,Objet_17121
Pressurized,Objet_22815
Food,Objet_22176
Explosive,Objet_10205
Toxic,Objet_05254
Fragile,Objet_10349
Pressurized,Objet_22075
Pressurized,Objet_10001
Food,Objet_17031
Food,Objet_05783
Radioactive,Objet_14845
Flammable,Objet_13208
Fragile,Objet_26250
Radioactive,Objet_10211
Pressurized,Objet_05331
Corrosive,Objet_03745
Flammable,Objet_26393
Unspecified,Objet_12360
Fragile,Objet_25942
Corrosive,Objet_25463
Oxidizing,Objet_10429
Flammable,Objet_27569
Food,Objet_16755
Pressurized,Objet_06231
Corrosive,Objet_17461
Fragile,Objet_18068
Corrosive,Objet_07257
Food,Objet_19813
Flammable,Objet_03020
Food,Objet_02662
Explosive,Objet_03890
Flammable,Objet_22399
Unspecified,Objet_15663
Radioactive,Objet_25270
Flammable,Objet_09736
Unspecified,Objet_00124
Toxic,Objet_21672
Unspecified,Objet_17886
Corrosive,Objet_01345
Explosive,Objet_24473
Explosive,Objet_02690
Fragile,Objet_21913
Unspecified,Objet_17038
Unspecified,Objet_13796
Unspecified,Objet_09145
Corrosive,Objet_07456
Oxidizing,Objet_10893
Explosive,Objet_27752
Radioactive,Objet_17532
Food,Objet_12500
Oxidizing,Objet_17243
Fragile,Objet_19968
Fragile,Objet_02933
Oxidizing,Objet_05634
Food,Objet_23086
Corrosive,Objet_29389
Unspecified,Objet_07357
Explosive,Objet_05693
Explosive,Objet_26376
Food,Objet_28228
Unspecified,Objet_26725
Toxic,Objet_07039
Toxic,Objet_23370
Flammable,Objet_29375
Corrosive,Objet_11717
Flammable,Objet_09552
Corrosive,Objet_22045
Explosive,Objet_12773
Oxidizing,Objet_12329
Radioactive,Objet_21550
Flammable,Objet_09762
Explosive,Objet_21598
Toxic,Objet_01933
Explosive,Objet_00366
Radioactive,Objet_25459
Flammable,Objet_08569
Flammable,Objet_26906
Pressurized,Objet_10059
Food,Objet_27148
Oxidizing,Objet_26065
Radioactive,Objet_13742
Explosive,Objet_04651
Corrosive,Objet_25921
Explosive,Objet_04024
Radioactive,Objet_16715
Unspecified,Objet_01294
Flammable,Objet_02391
Unspecified,Objet_11436
Flammable,Objet_23302
Unspecified,Objet_11682
Unspecified,Objet_14541
Explosive,Objet_12510
Fragile,Objet_08408
Fragile,Objet_04629
Oxidizing,Objet_12632
Explosive,Objet_18244
Oxidizing,Objet_28890
Food,Objet_23543
Corrosive,Objet_11341
Fragile,Objet_09596
Oxidizing,Objet_14389
Fragile,Objet_28644
Explosive,Objet_10291
Explosive,Objet_09775
Pressurized,Objet_22727
Radioactive,Objet_03483
Oxidizing,Objet_09806
Corrosive,Objet_20633
Oxidizing,Objet_20519
Unspecified,Objet_19200
Explosive,Objet_15514
Pressurized,Objet_10297
Explosive,Objet_21458
Flammable,Objet_15207
Food,Objet_18023
Toxic,Objet_28331
Corrosive,Objet_03189
Fragile,Objet_13525
Toxic,Objet_07778
Pressurized,Objet_26152
Flammable,Objet_13165
Explosive,Objet_27472
Pressurized,Objet_07773
Oxidizing,Objet_14460
Flammable,Objet_17477
Oxidizing,Objet_10744
Fragile,Objet_15937
Pressurized,Objet_04793
Fragile,Objet_19958
Radioactive,Objet_10518
Flammable,Objet_09661
Toxic,Objet_13329
Unspecified,Objet_04702
Radioactive,Objet_25562
Explosive,Objet_19521
Unspecified,Objet_09710
Radioactive,Objet_14545
Fragile,Objet_19362
Food,Objet_18659
Pressurized,Objet_04879
Corrosive,Objet_28198
Food,Objet_22407
Pressurized,Objet_11504
Oxidizing,Objet_18172
Radioactive,Objet_24498
Unspecified,Objet_13826
Explosive,Objet_24221
Flammable,Objet_03976
Unspecified,Objet_25737
Explosive,Objet_22988
Explosive,Objet_21938
Fragile,Objet_18893
Corrosive,Objet_25638
Radioactive,Objet_06628
Fragile,Objet_13524
Corrosive,Objet_10392
Radioactive,Objet_21005
Explosive,Objet_19485
Pressurized,Objet_08240
Fragile,Objet_17623
Oxidizing,Objet_14816
Food,Objet_22404
Oxidizing,Objet_19060
Toxic,Objet_03926
Flammable,Objet_25395
Explosive,Objet_15865
Unspecified,Objet_22758
Flammable,Objet_07858
Fragile,Objet_17372
Corrosive,Objet_08230
Unspecified,Objet_06855
Flammable,Objet_04804
Fragile,Objet_29212
Radioactive,Objet_14539
Corrosive,Objet_14110
Unspecified,Objet_16684
Flammable,Objet_02277
Pressurized,Objet_17942
Flammable,Objet_14029
Corrosive,Objet_00095
Pressurized,Objet_05815
Unspecified,Objet_04956
Radioactive,Objet_22947
Corrosive,Objet_09427
Flammable,Objet_26334
Food,Objet_06497
Toxic,Objet_16104
Oxidizing,Objet_02868
Corrosive,Objet_15923
Corrosive,Objet_27397
Oxidizing,Objet_17128
Toxic,Objet_13180
Fragile,Objet_28980
Explosive,Objet_15626
Explosive,Objet_10814
Radioactive,Objet_15914
Toxic,Objet_07432
Explosive,Objet_27104
Unspecified,Objet_15277
Explosive,Objet_03431
Corrosive,Objet_00944
Unspecified,Objet_00280
Radioactive,Objet_04996
Unspecified,Objet_26628
Toxic,Objet_11641
Explosive,Objet_28278
Food,Objet_23440
Food,Objet_04039
Pressurized,Objet_27094
Toxic,Objet_01100
Corrosive,Objet_25380
Food,Objet_29796
Flammable,Objet_09509
Pressurized,Objet_28298
Corrosive,Objet_30127
Oxidizing,Objet_13998
Food,Objet_15371
Fragile,Objet_14061
Toxic,Objet_06355
Toxic,Objet_12031
Food,Objet_23557
Toxic,Objet_10330
Toxic,Objet_13002
Fragile,Objet_20623
Radioactive,Objet_26378
Radioactive,Objet_03040
Corrosive,Objet_29084
Unspecified,Objet_26094
Corrosive,Objet_22531
Toxic,Objet_04078
Unspecified,Objet_22844
Toxic,Objet_20898
Flammable,Objet_22933
Flammable,Objet_15870
Corrosive,Objet_06015
Oxidizing,Objet_15382
Fragile,Objet_27656
Radioactive,Objet_02010
Food,Objet_00341
Toxic,Objet_27563
Oxidizing,Objet_12786
Radioactive,Objet_02023
Fragile,Objet_18934
Pressurized,Objet_19379
Toxic,Objet_28592
Unspecified,Objet_26285
Pressurized,Objet_10040
Fragile,Objet_18212
Toxic,Objet_23634
Fragile,Objet_18064
Fragile,Objet_20738
Toxic,Objet_20089
Corrosive,Objet_08083
Toxic,Objet_15881
Radioactive,Objet_14540
Corrosive,Objet_06352
Flammable,Objet_02955
Unspecified,Objet_12086
Pressurized,Objet_10958
Oxidizing,Objet_12689
Pressurized,Objet_28778
Unspecified,Objet_14939
Radioactive,Objet_22042
Radioactive,Objet_06993
Pressurized,Objet_06590
Pressurized,Objet_26693
Explosive,Objet_00130
Oxidizing,Objet_18376
Pressurized,Objet_27996
Food,Objet_13884
Explosive,Objet_13895
Flammable,Objet_24909
Food,Objet_26417
Pressurized,Objet_16393
Pressurized,Objet_11373
Pressurized,Objet_11812
Pressurized,Objet_09712
Radioactive,Objet_14069
Pressurized,Objet_11081
Oxidizing,Objet_02540
Toxic,Objet_23586
Flammable,Objet_16807
Corrosive,Objet_26570
Toxic,Objet_02872
Explosive,Objet_02477
Explosive,Objet_01390
Pressurized,Objet_06428
Fragile,Objet_04142
Corrosive,Objet_09350
Fragile,Objet_23201
Pressurized,Objet_08422
Fragile,Objet_12331
Corrosive,Objet_00652
Oxidizing,Objet_13610
Food,Objet_07199
Flammable,Objet_10883
Oxidizing,Objet_22571
Toxic,Objet_22607
Toxic,Objet_10749
Explosive,Objet_14284
Pressurized,Objet_01622
Explosive,Objet_07499
Flammable,Objet_07338
Toxic,Objet_09672
Toxic,Objet_18611
Flammable,Objet_10224
Toxic,Objet_04324
Corrosive,Objet_08697
Toxic,Objet_24813
Corrosive,Objet_27829
Flammable,Objet_13823
Oxidizing,Objet_28844
Explosive,Objet_28516
Unspecified,Objet_08192
Oxidizing,Objet_29009
Pressurized,Objet_19943
Food,Objet_05746
Unspecified,Objet_08273
Toxic,Objet_21025
Unspecified,Objet_25163
Food,Objet_27859
Toxic,Objet_10708
Fragile,Objet_21408
Flammable,Objet_22324
Pressurized,Objet_11033
Oxidizing,Objet_18462
Food,Objet_02747
Food,Objet_15126
Unspecified,Objet_26696
Oxidizing,Objet_14809
Radioactive,Objet_13922
Food,Objet_03005
Radioactive,Objet_25542
Toxic,Objet_07714
Explosive,Objet_25142
Corrosive,Objet_13518
Toxic,Objet_07591
Explosive,Objet_13875
Unspecified,Objet_09485
Pressurized,Objet_08145
Unspecified,Objet_12506
Corrosive,Objet_18042
Explosive,Objet_06778
Corrosive,Objet_26927
Unspecified,Objet_04285
Toxic,Objet_16283
Radioactive,Objet_07436
Oxidizing,Objet_15861
Pressurized,Objet_15383
Fragile,Objet_23812
Radioactive,Objet_16335
Oxidizing,Objet_27065
Toxic,Objet_15090
Explosive,Objet_23724
Pressurized,Objet_02700
Explosive,Objet_10190
Flammable,Objet_09606
Unspecified,Objet_08573
Fragile,Objet_20794
Food,Objet_17529
Flammable,Objet_05240
Toxic,Objet_10600
Explosive,Objet_13370
Fragile,Objet_27465
Pressurized,Objet_19210
Flammable,Objet_12775
Toxic,Objet_11867
Radioactive,Objet_18790
Toxic,Objet_06558
Toxic,Objet_19408
Fragile,Objet_10524
Flammable,Objet_25237
Toxic,Objet_21107
Explosive,Objet_29734
Flammable,Objet_18309
Unspecified,Objet_26865
Toxic,Objet_25554
Toxic,Objet_04019
Radioactive,Objet_22158
Corrosive,Objet_13711
Explosive,Objet_20824
Flammable,Objet_17849
Explosive,Objet_13461
Flammable,Objet_12299
Corrosive,Objet_05938
Toxic,Objet_23429
Pressurized,Objet_04242
Corrosive,Objet_29241
Fragile,Objet_17029
Toxic,Objet_22897
Explosive,Objet_01711
Explosive,Objet_01541
Radioactive,Objet_22354
Pressurized,Objet_01287
Food,Objet_10820
Flammable,Objet_20505
Corrosive,Objet_03609
Pressurized,Objet_14778
Radioactive,Objet_28049
Fragile,Objet_24620
Radioactive,Objet_26539
Oxidizing,Objet_08313
Radioactive,Objet_04704
Fragile,Objet_00661
Food,Objet_04032
Radioactive,Objet_28150
Fragile,Objet_03919
Unspecified,Objet_00450
Corrosive,Objet_25146
Toxic,Objet_01282
Oxidizing,Objet_19202
Fragile,Objet_26892
Explosive,Objet_18868
Flammable,Objet_13723
Pressurized,Objet_24535
Toxic,Objet_24399
Toxic,Objet_16587
Flammable,Objet_11759
Pressurized,Objet_25346
Explosive,Objet_15853
Corrosive,Objet_26607
Explosive,Objet_05631
Oxidizing,Objet_17959
Toxic,Objet_16405
Oxidizing,Objet_00257
Toxic,Objet_12296
Explosive,Objet_18622
Fragile,Objet_28527
Radioactive,Objet_23306
Fragile,Objet_16605
Unspecified,Objet_20802
Corrosive,Objet_18345
Unspecified,Objet_06010
Flammable,Objet_29876
Radioactive,Objet_02951
Fragile,Objet_28339
Food,Objet_17876
Corrosive,Objet_18170
Radioactive,Objet_26698
Corrosive,Objet_29508
Toxic,Objet_30020
Toxic,Objet_28692
Unspecified,Objet_14085
Radioactive,Objet_08005
Radioactive,Objet_17632
Toxic,Objet_29467
Pressurized,Objet_01363
Pressurized,Objet_26707
Corrosive,Objet_21069
Unspecified,Objet_27332
Flammable,Objet_25953
Flammable,Objet_26983
Fragile,Objet_13851
Unspecified,Objet_03112
Fragile,Objet_29540
Food,Objet_00642
Oxidizing,Objet_14280
Flammable,Objet_02434
Food,Objet_24828
Fragile,Objet_16626
Flammable,Objet_15061
Radioactive,Objet_12754
Pressurized,Objet_27442
Oxidizing,Objet_22320
Fragile,Objet_18010
Flammable,Objet_13533
Pressurized,Objet_15148
Fragile,Objet_04715
Corrosive,Objet_06852
Oxidizing,Objet_29154
Flammable,Objet_18655
Explosive,Objet_17080
Explosive,Objet_11969
Radioactive,Objet_01437
Fragile,Objet_14573
Oxidizing,Objet_23142
Fragile,Objet_16324
Toxic,Objet_03720
Unspecified,Objet_08322
Corrosive,Objet_29008
Toxic,Objet_26599
Pressurized,Objet_26280
Food,Objet_30103
Fragile,Objet_05787
Toxic,Objet_09007
Flammable,Objet_15091
Radioactive,Objet_05937
Unspecified,Objet_08518
Oxidizing,Objet_22976
Food,Objet_14597
Pressurized,Objet_23936
Oxidizing,Objet_21409
Fragile,Objet_27023
Flammable,Objet_06217
Pressurized,Objet_10900
Toxic,Objet_16534
Oxidizing,Objet_10858
Fragile,Objet_20832
Food,Objet_17814
Flammable,Objet_21685
Corrosive,Objet_15561
Pressurized,Objet_01856
Flammable,Objet_14782
Corrosive,Objet_14274
Oxidizing,Objet_12235
Flammable,Objet_18753
Oxidizing,Objet_06188
Flammable,Objet_10013
Explosive,Objet_25903
Oxidizing,Objet_18326
Toxic,Objet_17455
Corrosive,Objet_09459
Fragile,Objet_02491
Corrosive,Objet_14582
Unspecified,Objet_03363
Flammable,Objet_29785
Flammable,Objet_27462
Unspecified,Objet_29913
Corrosive,Objet_08295
Explosive,Objet_00136
Corrosive,Objet_20189
Unspecified,Objet_22491
Oxidizing,Objet_18222
Explosive,Objet_18701
Food,Objet_00577
Flammable,Objet_11469
Pressurized,Objet_26219
Pressurized,Objet_15005
Corrosive,Objet_22661
Corrosive,Objet_26085
Unspecified,Objet_05014
Unspecified,Objet_21490
Fragile,Objet_05138
Oxidizing,Objet_16963
Food,Objet_21249
Pressurized,Objet_27205
Explosive,Objet_03557
Explosive,Objet_25219
Unspecified,Objet_08338
Corrosive,Objet_27691
Corrosive,Objet_28465
Flammable,Objet_19861
Corrosive,Objet_22740
Flammable,Objet_24128
Oxidizing,Objet_14986
Fragile,Objet_11791
Food,Objet_19681
Food,Objet_16302
Pressurized,Objet_12596
Oxidizing,Objet_14302
Unspecified,Objet_23437
Unspecified,Objet_00256
Oxidizing,Objet_12618
Toxic,Objet_19729
Fragile,Objet_29336
Corrosive,Objet_09732
Flammable,Objet_23235
Food,Objet_08095
Radioactive,Objet_21021
Radioactive,Objet_00139
Pressurized,Objet_14796
Fragile,Objet_28529
Fragile,Objet_06796
Explosive,Objet_19041
Radioactive,Objet_18773
Toxic,Objet_27388
Pressurized,Objet_22220
Flammable,Objet_18428
Explosive,Objet_13961
Flammable,Objet_20078
Corrosive,Objet_04940
Toxic,Objet_06160
Fragile,Objet_25501
Fragile,Objet_15314
Food,Objet_03647
Oxidizing,Objet_17845
Corrosive,Objet_12652
Toxic,Objet_10465
Toxic,Objet_12160
Toxic,Objet_26483
Explosive,Objet_23540
Oxidizing,Objet_14155
Food,Objet_04009
Radioactive,Objet_17409
Flammable,Objet_19764
Flammable,Objet_03498
Unspecified,Objet_00702
Oxidizing,Objet_27304
Flammable,Objet_04161
Radioactive,Objet_25887
Food,Objet_12741
Pressurized,Objet_23034
Food,Objet_18610
Corrosive,Objet_06056
Corrosive,Objet_15885
Radioactive,Objet_16597
Pressurized,Objet_26982
Pressurized,Objet_24307
Pressurized,Objet_17678
Corrosive,Objet_07165
Toxic,Objet_19780
Oxidizing,Objet_09063
Fragile,Objet_08450
Explosive,Objet_22254
Oxidizing,Objet_09132
Unspecified,Objet_09417
Toxic,Objet_03208
Flammable,Objet_09901
Flammable,Objet_23047
Fragile,Objet_19236
Corrosive,Objet_13651
Pressurized,Objet_11683
Oxidizing,Objet_11977
Radioactive,Objet_20229
Unspecified,Objet_07584
Corrosive,Objet_06752
Toxic,Objet_18725
Oxidizing,Objet_12937
Toxic,Objet_00657
Radioactive,Objet_03256
Toxic,Objet_19601
Food,Objet_06083
Radioactive,Objet_10184
Flammable,Objet_21553
Food,Objet_23331
Radioactive,Objet_13701
Toxic,Objet_19158
Toxic,Objet_25528
Radioactive,Objet_15791
Explosive,Objet_08347
Corrosive,Objet_23970
Unspecified,Objet_01801
Corrosive,Objet_19077
Flammable,Objet_13104
Flammable,Objet_14875
Pressurized,Objet_02448
Radioactive,Objet_13750
Radioactive,Objet_27260
Unspecified,Objet_04247
Fragile,Objet_23227
Pressurized,Objet_20486
Food,Objet_01676
Radioactive,Objet_21438
Radioactive,Objet_00031
Toxic,Objet_00546
Pressurized,Objet_11281
Food,Objet_08715
Oxidizing,Objet_19465
Flammable,Objet_29284
Flammable,Objet_09081
Explosive,Objet_05285
Radioactive,Objet_05936
Pressurized,Objet_11686
Food,Objet_19282
Food,Objet_13191
Toxic,Objet_24843
Toxic,Objet_10092
Unspecified,Objet_25135
Unspecified,Objet_13818
Fragile,Objet_07096
Unspecified,Objet_02807
Fragile,Objet_29645
Food,Objet_10043
Flammable,Objet_13741
Corrosive,Objet_02102
Unspecified,Objet_09281
Fragile,Objet_09779
Explosive,Objet_01075
Toxic,Objet_18393
Unspecified,Objet_12075
Toxic,Objet_02455
Fragile,Objet_23002
Explosive,Objet_12182
Explosive,Objet_22270
Explosive,Objet_02139
Corrosive,Objet_08864
Toxic,Objet_03957
Corrosive,Objet_16669
Food,Objet_12088
Pressurized,Objet_21625
Fragile,Objet_17478
Oxidizing,Objet_16668
Radioactive,Objet_04043
Toxic,Objet_12455
Toxic,Objet_07959
Pressurized,Objet_05703
Unspecified,Objet_09279
Radioactive,Objet_11827
Fragile,Objet_04552
Toxic,Objet_21420
Corrosive,Objet_19570
Explosive,Objet_15608
Corrosive,Objet_04427
Pressurized,Objet_28491
Unspecified,Objet_14866
Fragile,Objet_18313
Flammable,Objet_18041
Corrosive,Objet_24315
Radioactive,Objet_01878
Radioactive,Objet_14808
Oxidizing,Objet_21751
Explosive,Objet_03184
Fragile,Objet_12257
Corrosive,Objet_24820
Pressurized,Objet_05724
Oxidizing,Objet_05646
Flammable,Objet_22910
Explosive,Objet_01092
Flammable,Objet_18237
Fragile,Objet_18690
Explosive,Objet_21187
Fragile,Objet_04735
Oxidizing,Objet_14733
Flammable,Objet_01154
Radioactive,Objet_24427
Fragile,Objet_15470
Corrosive,Objet_18308
Fragile,Objet_03126
Toxic,Objet_10656
Explosive,Objet_09020
Unspecified,Objet_14192
Corrosive,Objet_16985
Fragile,Objet_17776
Flammable,Objet_22468
Flammable,Objet_02864
Oxidizing,Objet_08424
Fragile,Objet_22765
Pressurized,Objet_12442
Fragile,Objet_14357
Explosive,Objet_05393
Fragile,Objet_03642
Unspecified,Objet_15127
Food,Objet_03627
Fragile,Objet_09666
Pressurized,Objet_03403
Oxidizing,Objet_12576
Toxic,Objet_20107
Unspecified,Objet_21779
Corrosive,Objet_00949
Food,Objet_13476
Pressurized,Objet_09290
Toxic,Objet_27715
Explosive,Objet_23718
Corrosive,Objet_28153
Corrosive,Objet_04398
Flammable,Objet_27372
Unspecified,Objet_18245
Pressurized,Objet_06706
Food,Objet_01800
Corrosive,Objet_17090
Pressurized,Objet_28417
Unspecified,Objet_06840
Radioactive,Objet_16147
Corrosive,Objet_28457
Corrosive,Objet_28184
Pressurized,Objet_07995
Explosive,Objet_10940
Oxidizing,Objet_22879
Corrosive,Objet_27616
Food,Objet_02011
Radioactive,Objet_19070
Fragile,Objet_23129
Pressurized,Objet_15656
Toxic,Objet_24197
Oxidizing,Objet_11835
Food,Objet_20572
Food,Objet_28688
Flammable,Objet_25832
Corrosive,Objet_04795
Food,Objet_06717
Flammable,Objet_11915
Unspecified,Objet_14775
Flammable,Objet_26184
Pressurized,Objet_11733
Unspecified,Objet_07152
Food,Objet_16428
Pressurized,Objet_28125
Toxic,Objet_04169
Pressurized,Objet_24819
Flammable,Objet_18305
Oxidizing,Objet_11720
Fragile,Objet_20159
Pressurized,Objet_13559
Corrosive,Objet_12687
Toxic,Objet_06945
Unspecified,Objet_14917
Food,Objet_08075
Radioactive,Objet_28752
Fragile,Objet_17276
Flammable,Objet_12530
Toxic,Objet_22806
Fragile,Objet_10472
Fragile,Objet_02151
Toxic,Objet_10816
Fragile,Objet_06911
Oxidizing,Objet_23063
Toxic,Objet_24542
Explosive,Objet_02310
Pressurized,Objet_02914
Food,Objet_03744
Corrosive,Objet_17328
Fragile,Objet_06967
Oxidizing,Objet_12101
Fragile,Objet_01631
Radioactive,Objet_08856
Pressurized,Objet_00093
Radioactive,Objet_19054
Flammable,Objet_19201
Flammable,Objet_00444
Explosive,Objet_23303
Fragile,Objet_19097
Explosive,Objet_19839
Oxidizing,Objet_22429
Unspecified,Objet_21203
Explosive,Objet_21637
Flammable,Objet_02490
Fragile,Objet_07915
Fragile,Objet_16533
Radioactive,Objet_15428
Explosive,Objet_00941
Pressurized,Objet_11691
Toxic,Objet_19762
Fragile,Objet_24253
Flammable,Objet_24868
Explosive,Objet_29282
Food,Objet_26684
Corrosive,Objet_02906
Flammable,Objet_25665
Flammable,Objet_13775
Pressurized,Objet_06529
Corrosive,Objet_27934
Toxic,Objet_07766
Corrosive,Objet_26930
Radioactive,Objet_09440
Explosive,Objet_28487
Flammable,Objet_01979
Corrosive,Objet_18633
Toxic,Objet_22543
Radioactive,Objet_29138
Oxidizing,Objet_29197
Radioactive,Objet_03051
Food,Objet_18647
Corrosive,Objet_18264
Radioactive,Objet_17629
Radioactive,Objet_15063
Pressurized,Objet_23355
Flammable,Objet_05752
Food,Objet_07094
Toxic,Objet_24370
Fragile,Objet_03625
Radioactive,Objet_13372
Corrosive,Objet_20520
Pressurized,Objet_03839
Unspecified,Objet_10586
Flammable,Objet_03137
Toxic,Objet_26474
Radioactive,Objet_14268
Toxic,Objet_05527
Corrosive,Objet_26357
Radioactive,Objet_18348
Oxidizing,Objet_20184
Fragile,Objet_21197
Pressurized,Objet_11182
Pressurized,Objet_21683
Fragile,Objet_09960
Food,Objet_18438
Toxic,Objet_25403
Radioactive,Objet_11491
Unspecified,Objet_16614
Oxidizing,Objet_17952
Food,Objet_17395
Toxic,Objet_23656
Radioactive,Objet_14279
Pressurized,Objet_27216
Food,Objet_15347
Radioactive,Objet_28029
Corrosive,Objet_14703
Food,Objet_19656
Fragile,Objet_00110
Toxic,Objet_08142
Unspecified,Objet_12770
Unspecified,Objet_26810
Oxidizing,Objet_28862
Toxic,Objet_16543
Radioactive,Objet_07136
Food,Objet_13365
Food,Objet_24630
Toxic,Objet_11241
Flammable,Objet_21223
Flammable,Objet_22704
Corrosive,Objet_22223
Explosive,Objet_16342
Fragile,Objet_18204
Explosive,Objet_25859
Toxic,Objet_18318
Corrosive,Objet_16462
Corrosive,Objet_02103
Corrosive,Objet_26818
Toxic,Objet_26198
Radioactive,Objet_14814
Corrosive,Objet_23578
Oxidizing,Objet_00754
Unspecified,Objet_21999
Explosive,Objet_10813
Pressurized,Objet_18658
Unspecified,Objet_12304
Flammable,Objet_13941
Radioactive,Objet_05801
Oxidizing,Objet_16041
Corrosive,Objet_15679
Flammable,Objet_19274
Oxidizing,Objet_08949
Fragile,Objet_25557
Corrosive,Objet_17984
Explosive,Objet_16722
Oxidizing,Objet_28666
Pressurized,Objet_03258
Explosive,Objet_05097
Unspecified,Objet_19473
Unspecified,Objet_02862
Flammable,Objet_03925
Toxic,Objet_19425
Radioactive,Objet_14930
Unspecified,Objet_21906
Fragile,Objet_24144
Explosive,Objet_05228
Fragile,Objet_26933
Unspecified,Objet_10635
Corrosive,Objet_11741
Food,Objet_05332
Food,Objet_02510
Toxic,Objet_29243
Unspecified,Objet_01910
Radioactive,Objet_29345
Explosive,Objet_17117
Radioactive,Objet_00748
Pressurized,Objet_24594
Flammable,Objet_26565
Explosive,Objet_14388
Toxic,Objet_20235
Food,Objet_26833
Fragile,Objet_13571
Food,Objet_17017
Fragile,Objet_02573
Explosive,Objet_01888
Pressurized,Objet_20913
Explosive,Objet_00233
Toxic,Objet_17118
Unspecified,Objet_19646
Oxidizing,Objet_07953
Corrosive,Objet_13521
Corrosive,Objet_19746
Oxidizing,Objet_00825
Pressurized,Objet_01043
Explosive,Objet_05742
Oxidizing,Objet_03630
Oxidizing,Objet_06784
Corrosive,Objet_23568
Flammable,Objet_02110
Fragile,Objet_08736
Food,Objet_25540
Flammable,Objet_22372
Flammable,Objet_17795
Pressurized,Objet_08400
Corrosive,Objet_00670
Pressurized,Objet_04576
Toxic,Objet_07473
Flammable,Objet_10610
Toxic,Objet_00865
Fragile,Objet_09504
Food,Objet_06438
Unspecified,Objet_29852
Radioactive,Objet_00289
Food,Objet_20121
Explosive,Objet_30002
Food,Objet_19827
Explosive,Objet_13144
Radioactive,Objet_03107
Unspecified,Objet_09867
Unspecified,Objet_28724
Unspecified,Objet_14763
Fragile,Objet_23218
Fragile,Objet_16400
Unspecified,Objet_17791
Corrosive,Objet_16930
Unspecified,Objet_00468
Explosive,Objet_05221
Flammable,Objet_19342
Flammable,Objet_27679
Fragile,Objet_01213
Pressurized,Objet_07045
Fragile,Objet_18020
Food,Objet_05858
Oxidizing,Objet_30017
Food,Objet_26996
Pressurized,Objet_19736
Food,Objet_11832
Radioactive,Objet_04202
Pressurized,Objet_06953
Fragile,Objet_00389
Oxidizing,Objet_16844
Explosive,Objet_26461
Toxic,Objet_22029
Radioactive,Objet_16836
Pressurized,Objet_18421
Flammable,Objet_24237
Flammable,Objet_26939
Flammable,Objet_14908
Fragile,Objet_17320
Flammable,Objet_18899
Oxidizing,Objet_24877
Radioactive,Objet_29092
Toxic,Objet_09787
Radioactive,Objet_04932
Food,Objet_06662
Flammable,Objet_24415
Oxidizing,Objet_24856
Oxidizing,Objet_04250
Toxic,Objet_30058
Radioactive,Objet_04380
Radioactive,Objet_26050
Food,Objet_10165
Pressurized,Objet_18385
Unspecified,Objet_05541
Corrosive,Objet_15618
Pressurized,Objet_23464
Oxidizing,Objet_22741
Toxic,Objet_13036
Radioactive,Objet_10139
Oxidizing,Objet_14307
Fragile,Objet_26808
Pressurized,Objet_18505
Pressurized,Objet_01259
Radioactive,Objet_21254
Pressurized,Objet_17996
Pressurized,Objet_23614
Flammable,Objet_21574
Toxic,Objet_21858
Explosive,Objet_20269
Toxic,Objet_05822
Corrosive,Objet_16894
Corrosive,Objet_16940
Toxic,Objet_29738
Pressurized,Objet_03683
Flammable,Objet_30151
Oxidizing,Objet_27698
Food,Objet_04133
Pressurized,Objet_07159
Fragile,Objet_00624
Food,Objet_16039
Pressurized,Objet_16734
Fragile,Objet_19082
Toxic,Objet_23741
Toxic,Objet_08941
Radioactive,Objet_20981
Pressurized,Objet_08049
Explosive,Objet_24042
Explosive,Objet_08085
Pressurized,Objet_19662
Radioactive,Objet_22474
Radioactive,Objet_17796
Pressurized,Objet_23438
Food,Objet_06696
Explosive,Objet_30097
Toxic,Objet_09745
Food,Objet_00231
Corrosive,Objet_09647
Toxic,Objet_10852
Radioactive,Objet_25067
Fragile,Objet_10457
Radioactive,Objet_10513
Radioactive,Objet_12074
Corrosive,Objet_23776
Corrosive,Objet_29438
Toxic,Objet_22445
Corrosive,Objet_20097
Fragile,Objet_18014
Explosive,Objet_27298
Corrosive,Objet_11482
Fragile,Objet_05057
Corrosive,Objet_07963
Food,Objet_02482
Explosive,Objet_01654
Fragile,Objet_30098
Flammable,Objet_08957
Pressurized,Objet_09489
Pressurized,Objet_05794
Explosive,Objet_00807
Fragile,Objet_18302
Explosive,Objet_06994
Fragile,Objet_23903
Unspecified,Objet_19605
Radioactive,Objet_17718
Oxidizing,Objet_17035
Explosive,Objet_02773
Fragile,Objet_15556
Toxic,Objet_16601
Toxic,Objet_21339
Toxic,Objet_05409
Corrosive,Objet_11243
Toxic,Objet_02088
Corrosive,Objet_06070
Unspecified,Objet_17067
Pressurized,Objet_24517
Radioactive,Objet_21546
Pressurized,Objet_29498
Oxidizing,Objet_17823
Oxidizing,Objet_26276
Explosive,Objet_28102
Unspecified,Objet_18565
Food,Objet_18518
Radioactive,Objet_11935
Toxic,Objet_08958
Flammable,Objet_06022
Corrosive,Objet_01725
Toxic,Objet_22462
Explosive,Objet_05103
Corrosive,Objet_15343
Food,Objet_25394
Pressurized,Objet_19803
Flammable,Objet_06290
Explosive,Objet_12201
Explosive,Objet_18206
Unspecified,Objet_14444
Fragile,Objet_19107
Oxidizing,Objet_10104
Corrosive,Objet_29795
Unspecified,Objet_18380
Unspecified,Objet_27942
Corrosive,Objet_13110
Explosive,Objet_26079
Explosive,Objet_19443
Food,Objet_07286
Oxidizing,Objet_16596
Oxidizing,Objet_05969
Oxidizing,Objet_22580
Oxidizing,Objet_10269
Explosive,Objet_13280
Pressurized,Objet_01441
Food,Objet_12813
Pressurized,Objet_14819
Radioactive,Objet_07284
Toxic,Objet_13242
Fragile,Objet_17287
Pressurized,Objet_28295
Explosive,Objet_19811
Pressurized,Objet_24271
Flammable,Objet_17680
Oxidizing,Objet_03028
Food,Objet_08525
Oxidizing,Objet_26196
Explosive,Objet_26602
Explosive,Objet_02893
Pressurized,Objet_04086
Fragile,Objet_19982
Fragile,Objet_15114
Food,Objet_21136
Unspecified,Objet_05362
Pressurized,Objet_27807
Pressurized,Objet_23491
Toxic,Objet_20483
Fragile,Objet_15942
Radioactive,Objet_11875
Unspecified,Objet_27470
Explosive,Objet_04567
Flammable,Objet_29058
Pressurized,Objet_01187
Explosive,Objet_04140
Explosive,Objet_22561
Toxic,Objet_18962
Radioactive,Objet_12185
Fragile,Objet_10592
Corrosive,Objet_11149
Corrosive,Objet_11546
Food,Objet_10128
Pressurized,Objet_11730
Explosive,Objet_04112
Corrosive,Objet_01475
Explosive,Objet_18805
Fragile,Objet_18991
Flammable,Objet_21752
Radioactive,Objet_14147
Flammable,Objet_20560
Fragile,Objet_02261
Unspecified,Objet_13455
Flammable,Objet_10064
Oxidizing,Objet_07309
Corrosive,Objet_18917
Explosive,Objet_09495
Unspecified,Objet_12380
Food,Objet_10646
Unspecified,Objet_14600
Oxidizing,Objet_08970
Toxic,Objet_25870
Explosive,Objet_24884
Flammable,Objet_16395
Pressurized,Objet_27982
Corrosive,Objet_25436
Toxic,Objet_23979
Explosive,Objet_11291
Flammable,Objet_26361
Toxic,Objet_21819
Fragile,Objet_18872
Oxidizing,Objet_06437
Fragile,Objet_01358
Explosive,Objet_18508
Fragile,Objet_19192
Unspecified,Objet_01642
Food,Objet_22738
Flammable,Objet_01595
Corrosive,Objet_11191
Unspecified,Objet_02369
Unspecified,Objet_16868
Corrosive,Objet_19627
Radioactive,Objet_27040
Explosive,Objet_05471
Flammable,Objet_00901
Unspecified,Objet_00970
Food,Objet_12139
Food,Objet_09789
Explosive,Objet_13121
Oxidizing,Objet_00452
Fragile,Objet_26604
Radioactive,Objet_16444
Explosive,Objet_14663
Corrosive,Objet_00226
Flammable,Objet_22351
Explosive,Objet_12250
Corrosive,Objet_24107
Corrosive,Objet_08699
Toxic,Objet_20970
Flammable,Objet_24915
Corrosive,Objet_07962
Explosive,Objet_01692
Toxic,Objet_20532
Toxic,Objet_02741
Food,Objet_10052
Oxidizing,Objet_10286
Pressurized,Objet_17665
Fragile,Objet_00631
Fragile,Objet_06943
Food,Objet_27711
Fragile,Objet_27573
Oxidizing,Objet_14432
Pressurized,Objet_14014
Food,Objet_06720
Explosive,Objet_29128
Corrosive,Objet_16182
Fragile,Objet_07198
Toxic,Objet_08562
Oxidizing,Objet_02086
Radioactive,Objet_14673
Flammable,Objet_18600
Food,Objet_05676
Radioactive,Objet_28661
Flammable,Objet_12379
Flammable,Objet_11411
Flammable,Objet_07078
Unspecified,Objet_10322
Pressurized,Objet_10134
Radioactive,Objet_19611
Unspecified,Objet_11218
Oxidizing,Objet_14125
Pressurized,Objet_17726
Corrosive,Objet_01381
Pressurized,Objet_02081
Oxidizing,Objet_26408
Fragile,Objet_16021
Toxic,Objet_08665
Corrosive,Objet_29370
Toxic,Objet_01995
Oxidizing,Objet_11642
Food,Objet_29167
Unspecified,Objet_08876
Toxic,Objet_15092
Explosive,Objet_28236
Corrosive,Objet_12437
Explosive,Objet_25866
Radioactive,Objet_20248
Toxic,Objet_22839
Corrosive,Objet_02005
Food,Objet_10386
Oxidizing,Objet_04892
Pressurized,Objet_23560
Unspecified,Objet_23989
Explosive,Objet_09920
Fragile,Objet_18188
Unspecified,Objet_25378
Oxidizing,Objet_27749
Food,Objet_21593
Food,Objet_27476
Corrosive,Objet_15322
Toxic,Objet_16069
Oxidizing,Objet_23180
Toxic,Objet_17909
Radioactive,Objet_06854
Flammable,Objet_25872
Radioactive,Objet_29623
Flammable,Objet_14345
Fragile,Objet_27869
Food,Objet_07835
Pressurized,Objet_18255
Radioactive,Objet_28342
Pressurized,Objet_01378
Toxic,Objet_26069
Corrosive,Objet_12233
Unspecified,Objet_29047
Unspecified,Objet_05828
Radioactive,Objet_28242
Toxic,Objet_11335
Oxidizing,Objet_24461
Corrosive,Objet_27167
Flammable,Objet_18835
Pressurized,Objet_23166
Explosive,Objet_11115
Pressurized,Objet_25447
Fragile,Objet_27615
Radioactive,Objet_21689
Radioactive,Objet_18196
Explosive,Objet_09363
Corrosive,Objet_23266
Fragile,Objet_00039
Corrosive,Objet_25721
Food,Objet_20451
Food,Objet_03621
Explosive,Objet_20152
Unspecified,Objet_28289
Unspecified,Objet_01469
Corrosive,Objet_27318
Flammable,Objet_06617
Unspecified,Objet_00885
Corrosive,Objet_10344
Fragile,Objet_06162
Radioactive,Objet_28647
Pressurized,Objet_15956
Radioactive,Objet_19757
Fragile,Objet_14486
Explosive,Objet_10351
Unspecified,Objet_02155
Toxic,Objet_14450
Food,Objet_11078
Oxidizing,Objet_01782
Flammable,Objet_11190
Explosive,Objet_13268
Oxidizing,Objet_10080
Toxic,Objet_00990
Oxidizing,Objet_20384
Explosive,Objet_07804
Toxic,Objet_00591
Pressurized,Objet_29986
Explosive,Objet_07025
Food,Objet_25183
Corrosive,Objet_27427
Explosive,Objet_21367
Corrosive,Objet_15747
Flammable,Objet_05374
Food,Objet_23908
Pressurized,Objet_24850
Explosive,Objet_10374
Explosive,Objet_13673
Unspecified,Objet_05213
Flammable,Objet_12302
Fragile,Objet_06092
Flammable,Objet_12115
Unspecified,Objet_00811
Unspecified,Objet_17005
Corrosive,Objet_23480
Fragile,Objet_14076
Flammable,Objet_02861
Unspecified,Objet_02707
Corrosive,Objet_20844
Corrosive,Objet_05960
Explosive,Objet_00758
Unspecified,Objet_01653
Unspecified,Objet_04264
Pressurized,Objet_09187
Oxidizing,Objet_01081
Food,Objet_17245
Oxidizing,Objet_03161
Radioactive,Objet_22152
Explosive,Objet_21922
Food,Objet_02055
Explosive,Objet_23975
Flammable,Objet_20187
Flammable,Objet_25046
Pressurized,Objet_19688
Toxic,Objet_15339
Fragile,Objet_28998
Fragile,Objet_29158
Explosive,Objet_16212
Fragile,Objet_03167
Radioactive,Objet_07153
Fragile,Objet_16539
Corrosive,Objet_18594
Flammable,Objet_01107
Food,Objet_25773
Radioactive,Objet_24491
Radioactive,Objet_08918
Toxic,Objet_00396
Fragile,Objet_07323
Explosive,Objet_06151
Radioactive,Objet_10210
Pressurized,Objet_19992
Explosive,Objet_22353
Pressurized,Objet_19724
Food,Objet_01894
Food,Objet_04126
Oxidizing,Objet_13405
Radioactive,Objet_18272
Unspecified,Objet_08064
Explosive,Objet_03908
Oxidizing,Objet_01050
Unspecified,Objet_22572
Corrosive,Objet_19016
Explosive,Objet_22350
Pressurized,Objet_16689
Toxic,Objet_13331
Food,Objet_14675
Toxic,Objet_17096
Fragile,Objet_01458
Radioactive,Objet_05733
Oxidizing,Objet_09295
Food,Objet_10431
Flammable,Objet_22643
Radioactive,Objet_21537
Oxidizing,Objet_16292
Radioactive,Objet_24990
Explosive,Objet_21903
Pressurized,Objet_14883
Fragile,Objet_14632
Flammable,Objet_27228
Corrosive,Objet_29085
Fragile,Objet_06939
Pressurized,Objet_13893
Explosive,Objet_06505
Oxidizing,Objet_27909
Oxidizing,Objet_17515
Food,Objet_21286
Food,Objet_24243
Fragile,Objet_19832
Flammable,Objet_24455
Food,Objet_01689
Corrosive,Objet_17554
Flammable,Objet_16538
Toxic,Objet_17494
Fragile,Objet_01749
Toxic,Objet_12639
Explosive,Objet_20811
Pressurized,Objet_04419
Fragile,Objet_24916
Unspecified,Objet_02609
Food,Objet_25496
Explosive,Objet_00729
Explosive,Objet_11766
Fragile,Objet_00978
Unspecified,Objet_03271
Explosive,Objet_09144
Corrosive,Objet_17577
Radioactive,Objet_06257
Flammable,Objet_08272
Flammable,Objet_11767
Radioactive,Objet_20831
Pressurized,Objet_13743
Pressurized,Objet_20953
Explosive,Objet_25625
Radioactive,Objet_19403
Radioactive,Objet_00954
Food,Objet_00544
Flammable,Objet_04677
Pressurized,Objet_09036
Fragile,Objet_11774
Fragile,Objet_29468
Flammable,Objet_02079
Explosive,Objet_08143
Food,Objet_27559
Radioactive,Objet_18624
Corrosive,Objet_04510
Oxidizing,Objet_11654
Radioactive,Objet_17026
Food,Objet_14294
Food,Objet_11666
Oxidizing,Objet_27658
Corrosive,Objet_15894
Food,Objet_07880
Fragile,Objet_16464
Unspecified,Objet_10169
Corrosive,Objet_07419
Explosive,Objet_19908
Fragile,Objet_02911
Explosive,Objet_03156
Food,Objet_23128
Radioactive,Objet_04406
Radioactive,Objet_21087
Explosive,Objet_04129
Corrosive,Objet_02074
Explosive,Objet_04893
Toxic,Objet_00860
Fragile,Objet_28174
Food,Objet_14221
Radioactive,Objet_29186
Unspecified,Objet_00806
Unspecified,Objet_29366
Food,Objet_03538
Explosive,Objet_07903
Oxidizing,Objet_00965
Oxidizing,Objet_22494
Oxidizing,Objet_21322
Corrosive,Objet_07171
Explosive,Objet_05835
Oxidizing,Objet_03815
Food,Objet_01581
Pressurized,Objet_20108
Corrosive,Objet_18202
Pressurized,Objet_18595
Oxidizing,Objet_14865
Toxic,Objet_01808
Oxidizing,Objet_06629
Corrosive,Objet_13552
Radioactive,Objet_18639
Flammable,Objet_11375
Toxic,Objet_14560
Pressurized,Objet_03231
Food,Objet_29194
Oxidizing,Objet_29480
Explosive,Objet_18405
Pressurized,Objet_21909
Explosive,Objet_01616
Oxidizing,Objet_03748
Food,Objet_16707
Explosive,Objet_23379
Fragile,Objet_23443
Corrosive,Objet_13806
Radioactive,Objet_06237
Oxidizing,Objet_15164
Food,Objet_12288
Corrosive,Objet_08410
Oxidizing,Objet_03225
Pressurized,Objet_29434
Food,Objet_08359
Toxic,Objet_14193
Flammable,Objet_26208
Radioactive,Objet_03355
Corrosive,Objet_27607
Flammable,Objet_08250
Flammable,Objet_04354
Toxic,Objet_04034
Corrosive,Objet_23146
Food,Objet_22460
Unspecified,Objet_26123
Pressurized,Objet_15708
Food,Objet_15746
Flammable,Objet_03914
Explosive,Objet_05171
Corrosive,Objet_07517
Oxidizing,Objet_01328
Pressurized,Objet_00332
Flammable,Objet_17686
Explosive,Objet_18768
Toxic,Objet_22116
Unspecified,Objet_29153
Corrosive,Objet_17189
Explosive,Objet_25831
Radioactive,Objet_24783
Flammable,Objet_15117
Explosive,Objet_16077
Corrosive,Objet_19747
Oxidizing,Objet_12366
Flammable,Objet_11199
Oxidizing,Objet_02934
Food,Objet_09751
Oxidizing,Objet_15107
Pressurized,Objet_04686
Flammable,Objet_16216
Fragile,Objet_05021
Corrosive,Objet_10631
Explosive,Objet_18323
Radioactive,Objet_09798
Corrosive,Objet_22433
Oxidizing,Objet_00098
Explosive,Objet_17502
Radioactive,Objet_24190
Oxidizing,Objet_26743
Food,Objet_12935
Explosive,Objet_29000
Oxidizing,Objet_10575
Fragile,Objet_28995
Pressurized,Objet_05509
Radioactive,Objet_07056
Toxic,Objet_00170
Unspecified,Objet_19508
Oxidizing,Objet_04120
Fragile,Objet_20537
Unspecified,Objet_16523
Corrosive,Objet_04033
Fragile,Objet_01626
Food,Objet_12983
Oxidizing,Objet_09576
Corrosive,Objet_18719
Pressurized,Objet_10072
Food,Objet_04345
Radioactive,Objet_29304
Food,Objet_09876
Unspecified,Objet_24245
Oxidizing,Objet_08872
Food,Objet_03076
Pressurized,Objet_07423
Explosive,Objet_15354
Corrosive,Objet_08811
Fragile,Objet_28312
Unspecified,Objet_11968
Fragile,Objet_13845
Radioactive,Objet_25016
Pressurized,Objet_17536
Corrosive,Objet_01262
Food,Objet_28635
Radioactive,Objet_05369
Fragile,Objet_02262
Food,Objet_09839
Fragile,Objet_04943
Fragile,Objet_16144
Fragile,Objet_02977
Oxidizing,Objet_25322
Unspecified,Objet_24402
Explosive,Objet_08243
Flammable,Objet_24256
Radioactive,Objet_14833
Corrosive,Objet_18657
Fragile,Objet_16439
Toxic,Objet_04598
Flammable,Objet_19303
Pressurized,Objet_24948
Pressurized,Objet_29122
Radioactive,Objet_00962
Unspecified,Objet_28332
Flammable,Objet_13527
Flammable,Objet_20508
Food,Objet_06128
Toxic,Objet_04335
Food,Objet_22239
Oxidizing,Objet_19137
Flammable,Objet_28159
Oxidizing,Objet_04684
Flammable,Objet_09973
Food,Objet_22547
Explosive,Objet_01280
Explosive,Objet_04880
Pressurized,Objet_08515
Food,Objet_12997
Oxidizing,Objet_27259
Corrosive,Objet_28087
Pressurized,Objet_24832
Oxidizing,Objet_01756
Pressurized,Objet_28711
Explosive,Objet_15529
Fragile,Objet_24120
Oxidizing,Objet_26081
Toxic,Objet_27039
Corrosive,Objet_07785
Unspecified,Objet_16264
Corrosive,Objet_19360
Toxic,Objet_26112
Food,Objet_09540
Unspecified,Objet_28885
Pressurized,Objet_04612
Explosive,Objet_29488
Oxidizing,Objet_17640
Food,Objet_17798
Fragile,Objet_00678
Unspecified,Objet_14963
Explosive,Objet_03117
Oxidizing,Objet_14137
Flammable,Objet_05297
Radioactive,Objet_00815
Radioactive,Objet_06535
Food,Objet_11020
Oxidizing,Objet_06109
Pressurized,Objet_16023
Toxic,Objet_20629
Pressurized,Objet_00625
Fragile,Objet_01137
Pressurized,Objet_27995
Pressurized,Objet_05956
Explosive,Objet_04566
Toxic,Objet_23020
Pressurized,Objet_08352
Explosive,Objet_05829
Fragile,Objet_14096
Corrosive,Objet_14154
Unspecified,Objet_22750
Unspecified,Objet_16161
Toxic,Objet_25033
Oxidizing,Objet_05356
Toxic,Objet_17206
Explosive,Objet_03343
Food,Objet_09013
Toxic,Objet_14531
Food,Objet_09953
Food,Objet_23932
Toxic,Objet_20308
Radioactive,Objet_25001
Radioactive,Objet_28819
Flammable,Objet_10461
Unspecified,Objet_02060
Toxic,Objet_20859
Pressurized,Objet_07266
Radioactive,Objet_24139
Flammable,Objet_14311
Corrosive,Objet_19255
Explosive,Objet_22902
Pressurized,Objet_02154
Unspecified,Objet_05157
Pressurized,Objet_11077
Toxic,Objet_01810
Toxic,Objet_28659
Food,Objet_15402
Oxidizing,Objet_27474
Flammable,Objet_08349
Oxidizing,Objet_24102
Flammable,Objet_04053
Corrosive,Objet_18370
Unspecified,Objet_22349
Oxidizing,Objet_16703
Corrosive,Objet_01450
Toxic,Objet_28821
Flammable,Objet_22340
Pressurized,Objet_29846
Oxidizing,Objet_16929
Oxidizing,Objet_27838
Radioactive,Objet_28698
Pressurized,Objet_29201
Fragile,Objet_16864
Corrosive,Objet_02803
Pressurized,Objet_05145
Flammable,Objet_18141
Toxic,Objet_02679
Explosive,Objet_15328
Unspecified,Objet_18935
Explosive,Objet_10857
Explosive,Objet_17561
Flammable,Objet_01943
Flammable,Objet_00352
Food,Objet_21062
Corrosive,Objet_09494
Corrosive,Objet_24983
Corrosive,Objet_18902
Fragile,Objet_05517
Food,Objet_21665
Unspecified,Objet_12903
Corrosive,Objet_12290
Explosive,Objet_07973
Food,Objet_08521
Food,Objet_07987
Toxic,Objet_19610
Corrosive,Objet_06166
Radioactive,Objet_00579
Food,Objet_04623
Explosive,Objet_01325
Unspecified,Objet_21822
Radioactive,Objet_17274
Food,Objet_02223
Radioactive,Objet_01660
Pressurized,Objet_08900
Toxic,Objet_26706
Unspecified,Objet_18940
Fragile,Objet_20691
Pressurized,Objet_21857
Pressurized,Objet_13630
Fragile,Objet_12453
Corrosive,Objet_00883
Radioactive,Objet_05137
Flammable,Objet_19314
Explosive,Objet_06499
Corrosive,Objet_28547
Oxidizing,Objet_13635
Pressurized,Objet_24935
Food,Objet_13149
Oxidizing,Objet_02480
Toxic,Objet_26362
Flammable,Objet_04165
Toxic,Objet_22344
Corrosive,Objet_00174
Toxic,Objet_13453
Flammable,Objet_12871
Toxic,Objet_16683
Flammable,Objet_17416
Toxic,Objet_25427
Toxic,Objet_00746
Food,Objet_23746
Toxic,Objet_20665
Radioactive,Objet_07035
Flammable,Objet_07817
Corrosive,Objet_16461
Pressurized,Objet_15058
Flammable,Objet_02576
Flammable,Objet_04610
Explosive,Objet_15893
Pressurized,Objet_15408
Pressurized,Objet_05322
Pressurized,Objet_09021
Oxidizing,Objet_23046
Corrosive,Objet_14527
Oxidizing,Objet_29952
Flammable,Objet_01544
Radioactive,Objet_04098
Toxic,Objet_01849
Oxidizing,Objet_22163
Flammable,Objet_18867
Corrosive,Objet_03094
Toxic,Objet_02087
Flammable,Objet_08357
Radioactive,Objet_10834
Corrosive,Objet_21371
Food,Objet_23320
Oxidizing,Objet_07836
Fragile,Objet_18460
Food,Objet_04766
Flammable,Objet_01209
Corrosive,Objet_12764
Radioactive,Objet_08376
Pressurized,Objet_13377
Food,Objet_09482
Radioactive,Objet_20481
Radioactive,Objet_25982
Flammable,Objet_14724
Flammable,Objet_13474
Unspecified,Objet_02024
Toxic,Objet_05511
Flammable,Objet_01251
Unspecified,Objet_27621
Corrosive,Objet_03464
Oxidizing,Objet_25506
Food,Objet_13433
Fragile,Objet_24273
Oxidizing,Objet_27956
Radioactive,Objet_13993
Unspecified,Objet_08479
Pressurized,Objet_29905
Unspecified,Objet_10553
Pressurized,Objet_14053
Unspecified,Objet_19483
Pressurized,Objet_26679
Oxidizing,Objet_16933
Oxidizing,Objet_24260
Fragile,Objet_07079
Radioactive,Objet_00321
Fragile,Objet_06020
Explosive,Objet_12178
Flammable,Objet_04203
Oxidizing,Objet_11966
Fragile,Objet_18495
Unspecified,Objet_12750
Unspecified,Objet_13591
Flammable,Objet_08444
Unspecified,Objet_26918
Unspecified,Objet_00435
Flammable,Objet_11048
Toxic,Objet_10179
Explosive,Objet_28477
Corrosive,Objet_00622
Oxidizing,Objet_23992
Explosive,Objet_05102
Fragile,Objet_27262
Corrosive,Objet_25546
Flammable,Objet_00927
Food,Objet_19354
Radioactive,Objet_24068
Corrosive,Objet_30043
Flammable,Objet_13459
Radioactive,Objet_20732
Flammable,Objet_26261
Unspecified,Objet_22046
Unspecified,Objet_08764
Radioactive,Objet_12003
Explosive,Objet_21860
Corrosive,Objet_02012
Unspecified,Objet_16045
Toxic,Objet_01556
Flammable,Objet_04175
Explosive,Objet_23084
Radioactive,Objet_10827
Pressurized,Objet_28506
Radioactive,Objet_24158
Toxic,Objet_24910
Radioactive,Objet_01862
Food,Objet_18915
Explosive,Objet_26994
Explosive,Objet_18748
Toxic,Objet_05897
Food,Objet_24688
Pressurized,Objet_01697
Flammable,Objet_03821
Unspecified,Objet_25796
Pressurized,Objet_18853
Unspecified,Objet_11230
Unspecified,Objet_08809
Radioactive,Objet_26611
Unspecified,Objet_14640
Flammable,Objet_23605
Toxic,Objet_14171
Radioactive,Objet_18431
Food,Objet_04863
Flammable,Objet_29522
Fragile,Objet_14248
Toxic,Objet_19837
Radioactive,Objet_19817
Food,Objet_16544
Flammable,Objet_17831
Food,Objet_10127
Radioactive,Objet_24379
Pressurized,Objet_03552
Toxic,Objet_17900
Unspecified,Objet_00517
Explosive,Objet_12526
Fragile,Objet_14993
Radioactive,Objet_16546
Fragile,Objet_25376
Food,Objet_28505
Oxidizing,Objet_13738
Pressurized,Objet_17902
Corrosive,Objet_20218
Unspecified,Objet_24410
Flammable,Objet_14458
Flammable,Objet_12946
Oxidizing,Objet_12974
Radioactive,Objet_17391
Food,Objet_15991
Food,Objet_16166
Flammable,Objet_03773
Corrosive,Objet_24421
Toxic,Objet_16604
Fragile,Objet_17970
Corrosive,Objet_16871
Unspecified,Objet_00336
Oxidizing,Objet_03423
Pressurized,Objet_10702
Fragile,Objet_15735
Flammable,Objet_00608
Oxidizing,Objet_16167
Flammable,Objet_29620
Explosive,Objet_21907
Corrosive,Objet_08663
Radioactive,Objet_22865
Radioactive,Objet_14099
Food,Objet_24142
Toxic,Objet_13790
Pressurized,Objet_17490
Radioactive,Objet_11711
Oxidizing,Objet_11568
Corrosive,Objet_12516
Pressurized,Objet_18253
Flammable,Objet_12944
Oxidizing,Objet_17637
Radioactive,Objet_29773
Food,Objet_20996
Flammable,Objet_02920
Unspecified,Objet_03150
Fragile,Objet_28177
Flammable,Objet_08054
Toxic,Objet_23211
Corrosive,Objet_26333
Explosive,Objet_06474
Fragile,Objet_26388
Explosive,Objet_06927
Flammable,Objet_24536
Pressurized,Objet_20764
Toxic,Objet_01078
Pressurized,Objet_15072
Oxidizing,Objet_20795
Corrosive,Objet_00867
Radioactive,Objet_06795
Radioactive,Objet_13507
Unspecified,Objet_15358
Corrosive,Objet_19629
Unspecified,Objet_09889
Fragile,Objet_18764
Unspecified,Objet_11372
Explosive,Objet_12285
Explosive,Objet_08067
Toxic,Objet_01202
Corrosive,Objet_19547
Radioactive,Objet_26469
Radioactive,Objet_06444
Unspecified,Objet_27140
Toxic,Objet_08986
Flammable,Objet_15460
Pressurized,Objet_24932
Food,Objet_21783
Explosive,Objet_24826
Radioactive,Objet_17969
Explosive,Objet_26344
Pressurized,Objet_13090
Oxidizing,Objet_21687
Food,Objet_02923
Fragile,Objet_28535
Flammable,Objet_19334
Food,Objet_26943
Toxic,Objet_00283
Fragile,Objet_19689
Explosive,Objet_21806
Flammable,Objet_17063
Food,Objet_03264
Explosive,Objet_10455
Fragile,Objet_06873
Flammable,Objet_29884
Pressurized,Objet_23351
Food,Objet_30075
Food,Objet_28277
Fragile,Objet_02292
Pressurized,Objet_06089
Food,Objet_12905
Radioactive,Objet_25792
Food,Objet_12017
Explosive,Objet_04455
Toxic,Objet_28561
Radioactive,Objet_27790
Food,Objet_20423
Radioactive,Objet_18711
Oxidizing,Objet_15239
Unspecified,Objet_26627
Radioactive,Objet_04829
Oxidizing,Objet_05976
Pressurized,Objet_06610
Explosive,Objet_30094
Oxidizing,Objet_07643
Radioactive,Objet_21808
Explosive,Objet_04296
Corrosive,Objet_29967
Corrosive,Objet_16290
Oxidizing,Objet_09316
Pressurized,Objet_27647
Flammable,Objet_04333
Flammable,Objet_07371
Corrosive,Objet_09448
Toxic,Objet_03269
Oxidizing,Objet_03501
Flammable,Objet_14163
Explosive,Objet_03193
Pressurized,Objet_21425
Flammable,Objet_20599
Food,Objet_00034
Unspecified,Objet_20962
Radioactive,Objet_22690
Corrosive,Objet_28119
Corrosive,Objet_11639
Corrosive,Objet_23796
Corrosive,Objet_08366
Fragile,Objet_28918
Food,Objet_03433
Flammable,Objet_07635
Toxic,Objet_20608
Toxic,Objet_06686
Oxidizing,Objet_05758
Radioactive,Objet_21791
Flammable,Objet_27767
Unspecified,Objet_09010
Toxic,Objet_09283
Explosive,Objet_03425
Toxic,Objet_08246
Explosive,Objet_14339
Toxic,Objet_27497
Explosive,Objet_11734
Radioactive,Objet_26841
Pressurized,Objet_14392
Radioactive,Objet_12660
Fragile,Objet_02765
Unspecified,Objet_19745
Oxidizing,Objet_27802
Explosive,Objet_24901
Explosive,Objet_20282
Food,Objet_29271
Pressurized,Objet_24395
Fragile,Objet_21234
Pressurized,Objet_08678
Explosive,Objet_28075
Flammable,Objet_09611
Corrosive,Objet_28950
Radioactive,Objet_06080
Pressurized,Objet_26769
Oxidizing,Objet_29254
Pressurized,Objet_08784
Pressurized,Objet_27435
Corrosive,Objet_22312
Explosive,Objet_08638
Flammable,Objet_06149
Oxidizing,Objet_29888
Pressurized,Objet_29851
Flammable,Objet_04723
Unspecified,Objet_06638
Corrosive,Objet_00008
Corrosive,Objet_09773
Unspecified,Objet_19345
Radioactive,Objet_06436
Oxidizing,Objet_21081
Toxic,Objet_01738
Fragile,Objet_18050
Pressurized,Objet_19814
Toxic,Objet_22896
Fragile,Objet_18097
Oxidizing,Objet_08942
Corrosive,Objet_19886
Food,Objet_27295
Corrosive,Objet_08682
Pressurized,Objet_21542
Unspecified,Objet_26468
Corrosive,Objet_29424
Fragile,Objet_11569
Food,Objet_08382
Radioactive,Objet_03816
Pressurized,Objet_02908
Fragile,Objet_20542
Food,Objet_24695
Oxidizing,Objet_28133
Pressurized,Objet_15877
Explosive,Objet_00955
Toxic,Objet_22293
Corrosive,Objet_14981
Radioactive,Objet_02978
Food,Objet_02004
Pressurized,Objet_23760
Fragile,Objet_19787
Pressurized,Objet_01737
Explosive,Objet_01281
Pressurized,Objet_21809
Flammable,Objet_24513
Corrosive,Objet_23069
Toxic,Objet_03948
Flammable,Objet_16582
Radioactive,Objet_05015
Explosive,Objet_07001
Fragile,Objet_22862
Radioactive,Objet_17043
Flammable,Objet_10682
Pressurized,Objet_29837
Fragile,Objet_17881
Pressurized,Objet_03897
Flammable,Objet_08799
Toxic,Objet_25694
Radioactive,Objet_29791
Fragile,Objet_07618
Explosive,Objet_07444
Corrosive,Objet_15962
Unspecified,Objet_19091
Flammable,Objet_29200
Corrosive,Objet_05640
Food,Objet_11678
Toxic,Objet_05480
Food,Objet_14709
Radioactive,Objet_23761
Unspecified,Objet_08855
Corrosive,Objet_05917
Fragile,Objet_28984
Explosive,Objet_23249
Oxidizing,Objet_19353
Pressurized,Objet_11668
Fragile,Objet_23226
Radioactive,Objet_20259
Food,Objet_16581
Radioactive,Objet_20272
Unspecified,Objet_12333
Pressurized,Objet_01555
Fragile,Objet_23478
Unspecified,Objet_05711
Pressurized,Objet_12168
Radioactive,Objet_10510
Food,Objet_05802
Fragile,Objet_01534
Explosive,Objet_29209
Flammable,Objet_19960
Flammable,Objet_05682
Pressurized,Objet_08923
Flammable,Objet_07951
Unspecified,Objet_22726
Radioactive,Objet_21217
Explosive,Objet_25840
Fragile,Objet_19635
Food,Objet_10268
Unspecified,Objet_19708
Radioactive,Objet_03319
Flammable,Objet_11228
Fragile,Objet_18755
Radioactive,Objet_21621
Flammable,Objet_06763
Radioactive,Objet_24217
Radioactive,Objet_18282
Fragile,Objet_28412
Explosive,Objet_06356
Corrosive,Objet_14022
Radioactive,Objet_03440
Corrosive,Objet_16712
Pressurized,Objet_15818
Food,Objet_29539
Unspecified,Objet_10097
Food,Objet_14315
Food,Objet_26642
Radioactive,Objet_01307
Food,Objet_06361
Flammable,Objet_26012
Fragile,Objet_23350
Corrosive,Objet_27176
Toxic,Objet_10140
Toxic,Objet_23154
Corrosive,Objet_08576
Flammable,Objet_22041
Radioactive,Objet_26790
Oxidizing,Objet_08111
Oxidizing,Objet_25822
Food,Objet_09962
Pressurized,Objet_23183
Corrosive,Objet_08491
Flammable,Objet_13799
Fragile,Objet_11444
Toxic,Objet_01200
Flammable,Objet_13996
Food,Objet_20724
Pressurized,Objet_23486
Oxidizing,Objet_23860
Toxic,Objet_07821
Fragile,Objet_07300
Toxic,Objet_06203
Corrosive,Objet_27631
Food,Objet_25494
Toxic,Objet_20839
Food,Objet_02582
Corrosive,Objet_16055
Toxic,Objet_28651
Flammable,Objet_20419
Fragile,Objet_08063
Food,Objet_00180
Toxic,Objet_05543
Fragile,Objet_28587
Radioactive,Objet_16806
Food,Objet_19792
Pressurized,Objet_16390
Radioactive,Objet_18981
Unspecified,Objet_10096
Fragile,Objet_27360
Flammable,Objet_24108
Fragile,Objet_06039
Corrosive,Objet_12213
Unspecified,Objet_26342
Fragile,Objet_11837
Flammable,Objet_16113
Explosive,Objet_01773
Flammable,Objet_01876
Unspecified,Objet_11350
Flammable,Objet_02701
Toxic,Objet_20484
Toxic,Objet_16262
Corrosive,Objet_02330
Unspecified,Objet_13693
Flammable,Objet_13067
Food,Objet_05140
Flammable,Objet_24794
Food,Objet_14250
Explosive,Objet_04842
Toxic,Objet_04914
Explosive,Objet_10234
Unspecified,Objet_19516
Fragile,Objet_26895
Corrosive,Objet_22829
Toxic,Objet_03222
Fragile,Objet_22219
Unspecified,Objet_10605
Unspecified,Objet_09070
Pressurized,Objet_24953
Radioactive,Objet_23753
Pressurized,Objet_01932
Food,Objet_21971
Radioactive,Objet_18863
Corrosive,Objet_21297
Explosive,Objet_03058
Food,Objet_18191
Radioactive,Objet_28367
Pressurized,Objet_15098
Food,Objet_21554
Flammable,Objet_17112
Pressurized,Objet_29945
Unspecified,Objet_16768
Flammable,Objet_03887
Pressurized,Objet_16775
Flammable,Objet_16422
Explosive,Objet_00530
Unspecified,Objet_00838
Corrosive,Objet_20186
Fragile,Objet_09047
Explosive,Objet_18593
Corrosive,Objet_10722
Pressurized,Objet_18468
Pressurized,Objet_24840
Flammable,Objet_19332
Toxic,Objet_18688
Fragile,Objet_08100
Fragile,Objet_26023
Corrosive,Objet_26046
Toxic,Objet_06895
Explosive,Objet_29704
Fragile,Objet_06363
Food,Objet_12645
Corrosive,Objet_21048
Oxidizing,Objet_13156
Pressurized,Objet_10121
Toxic,Objet_24348
Toxic,Objet_28601
Corrosive,Objet_28094
Fragile,Objet_01561
Flammable,Objet_12382
Unspecified,Objet_23687
Pressurized,Objet_25150
Corrosive,Objet_26165
Fragile,Objet_17789
Oxidizing,Objet_13656
Fragile,Objet_07549
Radioactive,Objet_11661
Flammable,Objet_25510
Toxic,Objet_19663
Oxidizing,Objet_05784
Pressurized,Objet_07007
Corrosive,Objet_18483
Fragile,Objet_19587
Unspecified,Objet_04790
Corrosive,Objet_24278
Explosive,Objet_17693
Pressurized,Objet_18006
Explosive,Objet_10448
Food,Objet_29509
Toxic,Objet_10829
Toxic,Objet_06646
Radioactive,Objet_25462
Pressurized,Objet_21029
Oxidizing,Objet_22256
Toxic,Objet_02049
Fragile,Objet_09513
Radioactive,Objet_27142
Oxidizing,Objet_00588
Fragile,Objet_22124
Explosive,Objet_28187
Explosive,Objet_21855
Oxidizing,Objet_08896
Oxidizing,Objet_02003
Unspecified,Objet_02942
Unspecified,Objet_13716
Radioactive,Objet_21378
Explosive,Objet_05846
Corrosive,Objet_12554
Explosive,Objet_24573
Radioactive,Objet_10257
Unspecified,Objet_28033
Explosive,Objet_02508
Flammable,Objet_18128
Flammable,Objet_01494
Toxic,Objet_17987
Explosive,Objet_22405
Explosive,Objet_12856
Toxic,Objet_13629
Unspecified,Objet_12707
Radioactive,Objet_01972
Explosive,Objet_28864
Unspecified,Objet_27953
Radioactive,Objet_08223
Oxidizing,Objet_30028
Flammable,Objet_29105
Pressurized,Objet_12679
Fragile,Objet_28290
Pressurized,Objet_18599
Fragile,Objet_15966
Fragile,Objet_05593
Radioactive,Objet_03453
Explosive,Objet_05519
Toxic,Objet_21538
Pressurized,Objet_23821
Corrosive,Objet_15099
Fragile,Objet_10667
Unspecified,Objet_23132
Corrosive,Objet_29581
Oxidizing,Objet_10633
Fragile,Objet_28452
Fragile,Objet_21340
Explosive,Objet_25411
Flammable,Objet_10683
Oxidizing,Objet_11360
Pressurized,Objet_14725
Corrosive,Objet_19311
Food,Objet_03257
Toxic,Objet_20025
Radioactive,Objet_05589
Explosive,Objet_23609
Radioactive,Objet_14826
Food,Objet_25999
Flammable,Objet_24195
Oxidizing,Objet_03632
Fragile,Objet_12317
Radioactive,Objet_17367
Fragile,Objet_20438
Oxidizing,Objet_29076
Toxic,Objet_01599
Fragile,Objet_04593
Oxidizing,Objet_03706
Toxic,Objet_13695
Oxidizing,Objet_09612
Unspecified,Objet_12897
Corrosive,Objet_07067
Fragile,Objet_26141
Toxic,Objet_22624
Radioactive,Objet_22431
Corrosive,Objet_17155
Explosive,Objet_22570
Explosive,Objet_29007
Fragile,Objet_09179
Unspecified,Objet_02389
Unspecified,Objet_16885
Flammable,Objet_22068
Unspecified,Objet_14973
Explosive,Objet_24708
Fragile,Objet_14840
Unspecified,Objet_05675
Oxidizing,Objet_18409
Explosive,Objet_00513
Toxic,Objet_25333
Pressurized,Objet_07111
Oxidizing,Objet_00032
Corrosive,Objet_24113
Explosive,Objet_18249
Oxidizing,Objet_00340
Explosive,Objet_08455
Corrosive,Objet_18714
Unspecified,Objet_01687
Corrosive,Objet_20376
Toxic,Objet_17471
Fragile,Objet_13771
Corrosive,Objet_25843
Unspecified,Objet_20903
Unspecified,Objet_09002
Unspecified,Objet_03093
Radioactive,Objet_20988
Pressurized,Objet_02449
Toxic,Objet_11802
Unspecified,Objet_29086
Radioactive,Objet_29928
Flammable,Objet_28957
Oxidizing,Objet_19544
Pressurized,Objet_16343
Food,Objet_22928
Pressurized,Objet_15739
Fragile,Objet_17748
Toxic,Objet_05398
Fragile,Objet_15050
Oxidizing,Objet_24673
Oxidizing,Objet_16430
Corrosive,Objet_21466
Radioactive,Objet_15435
Oxidizing,Objet_07772
Unspecified,Objet_09136
Fragile,Objet_25902
Flammable,Objet_28705
Toxic,Objet_12312
Explosive,Objet_20930
Unspecified,Objet_01254
Fragile,Objet_16610
Toxic,Objet_06234
Fragile,Objet_24572
Fragile,Objet_24400
Explosive,Objet_15469
Food,Objet_00769
Oxidizing,Objet_26043
Unspecified,Objet_05245
Flammable,Objet_00503
Radioactive,Objet_09520
Pressurized,Objet_13081
Explosive,Objet_09357
Flammable,Objet_03496
Toxic,Objet_03542
Radioactive,Objet_19568
Explosive,Objet_25308
Pressurized,Objet_11059
Corrosive,Objet_05402
Food,Objet_10443
Explosive,Objet_13582
Food,Objet_27135
Toxic,Objet_01419
Toxic,Objet_26643
Fragile,Objet_27977
Flammable,Objet_02245
Toxic,Objet_28988
Unspecified,Objet_08301
Explosive,Objet_12483
Toxic,Objet_10583
Toxic,Objet_27814
Corrosive,Objet_00269
Explosive,Objet_04215
Unspecified,Objet_01718
Radioactive,Objet_24037
Unspecified,Objet_14923
Unspecified,Objet_22301
Pressurized,Objet_00614
Unspecified,Objet_00248
Radioactive,Objet_21632
Explosive,Objet_08808
Radioactive,Objet_26303
Explosive,Objet_03867
Pressurized,Objet_24608
Oxidizing,Objet_04388
Radioactive,Objet_22874
Oxidizing,Objet_24055
Radioactive,Objet_28791
Food,Objet_27322
Fragile,Objet_06756
Oxidizing,Objet_12592
Corrosive,Objet_23633
Corrosive,Objet_05998
Corrosive,Objet_19533
Corrosive,Objet_25635
Fragile,Objet_07771
Flammable,Objet_20258
Toxic,Objet_24882
Unspecified,Objet_03089
Fragile,Objet_20823
Explosive,Objet_29774
Fragile,Objet_23333
Oxidizing,Objet_25777
Unspecified,Objet_15458
Explosive,Objet_07993
Fragile,Objet_20975
Fragile,Objet_01150
Explosive,Objet_20002
Corrosive,Objet_19453
Toxic,Objet_26186
Radioactive,Objet_04000
Toxic,Objet_14217
Toxic,Objet_09996
Unspecified,Objet_26804
Radioactive,Objet_20546
Flammable,Objet_18769
Explosive,Objet_16599
Explosive,Objet_05608
Flammable,Objet_08188
Toxic,Objet_03749
Explosive,Objet_14081
Corrosive,Objet_00207
Unspecified,Objet_02505
Radioactive,Objet_00149
Oxidizing,Objet_10638
Radioactive,Objet_00198
Corrosive,Objet_00108
Oxidizing,Objet_24578
Food,Objet_16373
Food,Objet_26018
Flammable,Objet_14811
Food,Objet_12150
Toxic,Objet_19128
Radioactive,Objet_06691
Oxidizing,Objet_20873
Radioactive,Objet_16479
Flammable,Objet_17808
Food,Objet_26084
Fragile,Objet_15624
Explosive,Objet_13526
Corrosive,Objet_17252
Fragile,Objet_13451
Oxidizing,Objet_15262
Fragile,Objet_01006
Fragile,Objet_02375
Explosive,Objet_24520
Unspecified,Objet_01978
Radioactive,Objet_24110
Explosive,Objet_12739
Unspecified,Objet_19090
Radioactive,Objet_18102
Radioactive,Objet_18397
Flammable,Objet_17042
Oxidizing,Objet_16231
Flammable,Objet_29643
Fragile,Objet_19476
Radioactive,Objet_21173
Toxic,Objet_05061
Radioactive,Objet_14608
Unspecified,Objet_28585
Food,Objet_20886
Corrosive,Objet_03618
Corrosive,Objet_08621
Radioactive,Objet_01588
Radioactive,Objet_20315
Pressurized,Objet_15288
Fragile,Objet_12227
Flammable,Objet_01931
Toxic,Objet_17574
Food,Objet_26942
Corrosive,Objet_11428
Food,Objet_27541
Fragile,Objet_04317
Toxic,Objet_11205
Explosive,Objet_15841
Radioactive,Objet_26588
Fragile,Objet_18629
Food,Objet_29883
Explosive,Objet_28333
Explosive,Objet_07712
Flammable,Objet_11327
Toxic,Objet_13266
Toxic,Objet_29999
Toxic,Objet_21174
Fragile,Objet_11232
Fragile,Objet_07294
Flammable,Objet_10311
Flammable,Objet_02407
Pressurized,Objet_21362
Explosive,Objet_01840
Flammable,Objet_01508
Pressurized,Objet_17675
Food,Objet_20321
Food,Objet_10017
Radioactive,Objet_20529
Oxidizing,Objet_22149
Pressurized,Objet_10784
Flammable,Objet_13641
Unspecified,Objet_00013
Oxidizing,Objet_14568
Unspecified,Objet_11889
Explosive,Objet_26610
Toxic,Objet_12157
Radioactive,Objet_03446
Flammable,Objet_24151
Fragile,Objet_02038
Flammable,Objet_14772
Oxidizing,Objet_26231
Explosive,Objet_22180
Toxic,Objet_18517
Fragile,Objet_05165
Explosive,Objet_00064
Explosive,Objet_06543
Pressurized,Objet_15978
Explosive,Objet_06526
Corrosive,Objet_21663
Flammable,Objet_12134
Toxic,Objet_24958
Flammable,Objet_20671
Pressurized,Objet_19173
Pressurized,Objet_13808
Food,Objet_03215
Fragile,Objet_01956
Unspecified,Objet_05320
Explosive,Objet_04787
Pressurized,Objet_18781
Toxic,Objet_01438
Unspecified,Objet_16666
Radioactive,Objet_28701
Corrosive,Objet_27337
Food,Objet_16203
Oxidizing,Objet_21148
Unspecified,Objet_02193
Explosive,Objet_06093
Toxic,Objet_16202
Explosive,Objet_07201
Corrosive,Objet_01079
Explosive,Objet_19863
Pressurized,Objet_18644
Fragile,Objet_10204
Oxidizing,Objet_10521
Flammable,Objet_14062
Oxidizing,Objet_06123
Pressurized,Objet_07306
Pressurized,Objet_08506
Corrosive,Objet_16270
Oxidizing,Objet_07384
Food,Objet_07386
Corrosive,Objet_03466
Fragile,Objet_20319
Oxidizing,Objet_03794
Toxic,Objet_29998
Corrosive,Objet_23103
Food,Objet_21024
Pressurized,Objet_07531
Food,Objet_29818
Toxic,Objet_27452
Radioactive,Objet_23738
Corrosive,Objet_19135
Pressurized,Objet_11349
Unspecified,Objet_08183
Oxidizing,Objet_11490
Radioactive,Objet_22016
Explosive,Objet_22125
Pressurized,Objet_03400
Unspecified,Objet_02758
Flammable,Objet_15405
Flammable,Objet_05193
Explosive,Objet_02189
Oxidizing,Objet_19580
Oxidizing,Objet_12208
Fragile,Objet_10432
Fragile,Objet_17488
Pressurized,Objet_04749
Radioactive,Objet_29771
Corrosive,Objet_20387
Toxic,Objet_06187
Fragile,Objet_29664
Corrosive,Objet_30091
Corrosive,Objet_25969
Pressurized,Objet_25451
Pressurized,Objet_20470
Food,Objet_17579
Fragile,Objet_29690
Toxic,Objet_24248
Food,Objet_23843
Oxidizing,Objet_06287
Pressurized,Objet_10462
Radioactive,Objet_20539
Food,Objet_17757
Explosive,Objet_00164
Explosive,Objet_02069
Fragile,Objet_16744
Toxic,Objet_21095
Toxic,Objet_10083
Pressurized,Objet_14173
Food,Objet_00998
Flammable,Objet_28427
Pressurized,Objet_17923
Fragile,Objet_00548
Toxic,Objet_03775
Explosive,Objet_16611
Fragile,Objet_30087
Explosive,Objet_13381
Oxidizing,Objet_26082
Toxic,Objet_22600
Food,Objet_28320
Radioactive,Objet_13171
Radioactive,Objet_00741
Fragile,Objet_03232
Explosive,Objet_03982
Explosive,Objet_02082
Oxidizing,Objet_14431
Unspecified,Objet_04565
Oxidizing,Objet_14462
Explosive,Objet_05490
Unspecified,Objet_28078
Explosive,Objet_18193
Unspecified,Objet_15344
Pressurized,Objet_03476
Food,Objet_27641
Radioactive,Objet_12910
Radioactive,Objet_26497
Explosive,Objet_15205
Food,Objet_04663
Radioactive,Objet_00439
Flammable,Objet_05721
Explosive,Objet_25027
Fragile,Objet_14497
Radioactive,Objet_13386
Pressurized,Objet_11339
Flammable,Objet_03285
Fragile,Objet_27831
Corrosive,Objet_29437
Toxic,Objet_05439
Unspecified,Objet_02755
Unspecified,Objet_16467
Unspecified,Objet_10861
Toxic,Objet_25906
Oxidizing,Objet_17176
Unspecified,Objet_22342
Unspecified,Objet_09781
Fragile,Objet_25555
Flammable,Objet_07420
Oxidizing,Objet_12127
Oxidizing,Objet_19883
Food,Objet_16079
Explosive,Objet_13943
Unspecified,Objet_29264
Toxic,Objet_00430
Unspecified,Objet_04316
Corrosive,Objet_18534
Flammable,Objet_05757
Toxic,Objet_20595
Radioactive,Objet_05038
Explosive,Objet_06834
Food,Objet_05749
Oxidizing,Objet_25713
Radioactive,Objet_29639
Food,Objet_00688
Radioactive,Objet_24282
Corrosive,Objet_16663
Pressurized,Objet_27887
Unspecified,Objet_24172
Explosive,Objet_16259
Fragile,Objet_12714
Food,Objet_25764
Oxidizing,Objet_24034
Corrosive,Objet_30069
Fragile,Objet_04839
Radioactive,Objet_09636
Radioactive,Objet_03406
Food,Objet_20980
Unspecified,Objet_28648
Food,Objet_04547
Corrosive,Objet_24130
Flammable,Objet_12476
Corrosive,Objet_03272
Flammable,Objet_21309
Fragile,Objet_19450
Pressurized,Objet_08038
Food,Objet_07372
Flammable,Objet_21986
Toxic,Objet_16647
Explosive,Objet_29347
Radioactive,Objet_13409
Fragile,Objet_29387
Corrosive,Objet_07320
Pressurized,Objet_15108
Pressurized,Objet_07118
Toxic,Objet_16600
Corrosive,Objet_04923
Pressurized,Objet_27884
Oxidizing,Objet_02826
Corrosive,Objet_26042
Fragile,Objet_08332
Flammable,Objet_13031
Pressurized,Objet_10687
Oxidizing,Objet_08908
Corrosive,Objet_22212
Unspecified,Objet_07117
Fragile,Objet_08078
Toxic,Objet_17366
Corrosive,Objet_10988
Food,Objet_25633
Unspecified,Objet_05591
Food,Objet_25271
Oxidizing,Objet_24048
Flammable,Objet_13239
Fragile,Objet_22371
Flammable,Objet_25289
Unspecified,Objet_12222
Toxic,Objet_11978
Fragile,Objet_15046
Food,Objet_16617
Unspecified,Objet_14420
Explosive,Objet_09904
Toxic,Objet_07021
Food,Objet_13450
Toxic,Objet_24377
Corrosive,Objet_29465
Corrosive,Objet_03841
Food,Objet_17036
Flammable,Objet_21240
Corrosive,Objet_26118
Explosive,Objet_15705
Fragile,Objet_24168
Radioactive,Objet_23856
Flammable,Objet_27130
Corrosive,Objet_23734
Food,Objet_27450
Unspecified,Objet_01630
Pressurized,Objet_24196
Unspecified,Objet_02664
Pressurized,Objet_18527
Pressurized,Objet_05092
Toxic,Objet_16307
Radioactive,Objet_16607
Oxidizing,Objet_22002
Unspecified,Objet_10402
Pressurized,Objet_02857
Food,Objet_16363
Unspecified,Objet_28608
Radioactive,Objet_13567
Food,Objet_19558
Toxic,Objet_08771
Explosive,Objet_08231
Unspecified,Objet_00946
Food,Objet_00129
Corrosive,Objet_10973
Unspecified,Objet_16398
Flammable,Objet_20163
Corrosive,Objet_26015
Toxic,Objet_13991
Flammable,Objet_21083
Corrosive,Objet_19717
Fragile,Objet_13073
Food,Objet_01205
Toxic,Objet_28928
Oxidizing,Objet_01121
Food,Objet_14618
Corrosive,Objet_13690
Explosive,Objet_02947
Unspecified,Objet_28237
Radioactive,Objet_09516
Fragile,Objet_13298
Food,Objet_26353
Corrosive,Objet_21666
Toxic,Objet_07376
Toxic,Objet_25236
Radioactive,Objet_13303
Toxic,Objet_16372
Corrosive,Objet_25765
Unspecified,Objet_06824
Flammable,Objet_14359
Toxic,Objet_19230
Flammable,Objet_04953
Food,Objet_15410
Explosive,Objet_11876
Corrosive,Objet_00690
Food,Objet_09933
Fragile,Objet_01761
Fragile,Objet_05116
Toxic,Objet_24046
Corrosive,Objet_24611
Radioactive,Objet_13687
Flammable,Objet_09735
Explosive,Objet_06491
Unspecified,Objet_06400
Explosive,Objet_08996
Fragile,Objet_07413
Pressurized,Objet_23781
Toxic,Objet_08614
Corrosive,Objet_03985
Corrosive,Objet_18324
Fragile,Objet_28594
Pressurized,Objet_22413
Corrosive,Objet_22050
Flammable,Objet_26658
Explosive,Objet_04201
Pressurized,Objet_17086
Explosive,Objet_12081
Explosive,Objet_12194
Toxic,Objet_15863
Fragile,Objet_26768
Radioactive,Objet_11530
Flammable,Objet_11888
Toxic,Objet_08520
Food,Objet_12470
Toxic,Objet_22077
Toxic,Objet_26952
Explosive,Objet_26761
Radioactive,Objet_21079
Corrosive,Objet_25064
Flammable,Objet_26328
Flammable,Objet_05712
Flammable,Objet_11008
Flammable,Objet_25262
Oxidizing,Objet_19882
Fragile,Objet_11277
Flammable,Objet_12863
Fragile,Objet_02178
Food,Objet_22364
Toxic,Objet_05312
Flammable,Objet_11343
Explosive,Objet_10353
Flammable,Objet_05397
Explosive,Objet_03959
Fragile,Objet_28410
Toxic,Objet_19831
Toxic,Objet_29157
Radioactive,Objet_28120
Toxic,Objet_10617
Corrosive,Objet_17178
Pressurized,Objet_15044
Explosive,Objet_03305
Explosive,Objet_20428
Fragile,Objet_13802
Flammable,Objet_05748
Oxidizing,Objet_09030
Pressurized,Objet_16238
Explosive,Objet_03267
Pressurized,Objet_09650
Radioactive,Objet_11953
Oxidizing,Objet_04259
Unspecified,Objet_09977
Toxic,Objet_09683
Unspecified,Objet_01476
Radioactive,Objet_18239
Explosive,Objet_14940
Oxidizing,Objet_19299
Fragile,Objet_00768
Unspecified,Objet_04506
Corrosive,Objet_06704
Flammable,Objet_18966
Radioactive,Objet_07989
Food,Objet_04548
Toxic,Objet_12103
Corrosive,Objet_19763
Corrosive,Objet_21764
Toxic,Objet_25550
Corrosive,Objet_18511
Corrosive,Objet_21245
Corrosive,Objet_00488
Pressurized,Objet_06351
Flammable,Objet_03646
Explosive,Objet_14179
Corrosive,Objet_15257
Pressurized,Objet_04439
Pressurized,Objet_09681
Oxidizing,Objet_20251
Flammable,Objet_04860
Toxic,Objet_08718
Toxic,Objet_28702
Fragile,Objet_15229
Corrosive,Objet_02267
Unspecified,Objet_22790
Corrosive,Objet_25587
Unspecified,Objet_01283
Corrosive,Objet_01775
Toxic,Objet_11353
Fragile,Objet_24261
Toxic,Objet_21975
Explosive,Objet_17389
Flammable,Objet_00828
Pressurized,Objet_24203
Corrosive,Objet_17663
Corrosive,Objet_14587
Pressurized,Objet_19879
Corrosive,Objet_11770
Unspecified,Objet_28739
Corrosive,Objet_27789
Oxidizing,Objet_07758
Pressurized,Objet_29246
Fragile,Objet_08163
Pressurized,Objet_05842
Explosive,Objet_10075
Pressurized,Objet_18230
Oxidizing,Objet_05520
Toxic,Objet_22341
Toxic,Objet_14181
Unspecified,Objet_20957
Food,Objet_29984
Explosive,Objet_29225
Pressurized,Objet_04401
Flammable,Objet_19849
Radioactive,Objet_19052
Corrosive,Objet_21440
Unspecified,Objet_22532
Explosive,Objet_27718
Radioactive,Objet_24228
Fragile,Objet_14066
Explosive,Objet_24406
Flammable,Objet_06689
Fragile,Objet_26665
Corrosive,Objet_12462
Oxidizing,Objet_09393
Pressurized,Objet_29341
Oxidizing,Objet_12904
Fragile,Objet_00405
Radioactive,Objet_16415
Radioactive,Objet_23392
Radioactive,Objet_00626
Pressurized,Objet_29798
Unspecified,Objet_19298
Fragile,Objet_18138
Food,Objet_07467
Fragile,Objet_03605
Flammable,Objet_06364
Food,Objet_06553
Explosive,Objet_20991
Flammable,Objet_08698
Corrosive,Objet_17390
Explosive,Objet_16972
Radioactive,Objet_04887
Fragile,Objet_11680
Toxic,Objet_29232
Pressurized,Objet_18121
Flammable,Objet_02034
Flammable,Objet_06181
Food,Objet_00719
Oxidizing,Objet_05359
Fragile,Objet_27420
Flammable,Objet_15657
Unspecified,Objet_04323
Food,Objet_21112
Radioactive,Objet_13040
Explosive,Objet_09813
Fragile,Objet_11041
Corrosive,Objet_17882
Fragile,Objet_08478
Explosive,Objet_22838
Oxidizing,Objet_15089
Toxic,Objet_10579
Food,Objet_04417
Corrosive,Objet_21872
Unspecified,Objet_24636
Pressurized,Objet_24276
Toxic,Objet_12056
Unspecified,Objet_10340
Oxidizing,Objet_10863
Unspecified,Objet_19412
Flammable,Objet_26428
Fragile,Objet_22556
Explosive,Objet_27815
Radioactive,Objet_18716
Corrosive,Objet_12198
Explosive,Objet_16482
Fragile,Objet_11808
Oxidizing,Objet_05698
Unspecified,Objet_18507
Explosive,Objet_22971
Pressurized,Objet_04304
Radioactive,Objet_04559
Fragile,Objet_09276
Pressurized,Objet_09409
Food,Objet_08372
Flammable,Objet_07664
Unspecified,Objet_26406
Oxidizing,Objet_21418
Explosive,Objet_10632
Fragile,Objet_29815
Explosive,Objet_21762
Radioactive,Objet_25570
Flammable,Objet_08688
Oxidizing,Objet_26648
Toxic,Objet_19092
Food,Objet_06212
Corrosive,Objet_26175
Pressurized,Objet_22417
Oxidizing,Objet_18967
Pressurized,Objet_12267
Toxic,Objet_10804
Food,Objet_27844
Flammable,Objet_24023
Toxic,Objet_16454
Corrosive,Objet_00653
Pressurized,Objet_16625
Radioactive,Objet_04474
Explosive,Objet_22551
Flammable,Objet_02943
Toxic,Objet_14843
Fragile,Objet_22053
Toxic,Objet_11809
Unspecified,Objet_06271
Explosive,Objet_09138
Corrosive,Objet_03405
Pressurized,Objet_28538
Explosive,Objet_08258
Oxidizing,Objet_01641
Explosive,Objet_12970
Corrosive,Objet_17442
Unspecified,Objet_08147
Corrosive,Objet_19528
Fragile,Objet_16306
Fragile,Objet_02371
Radioactive,Objet_07787
Unspecified,Objet_07478
Fragile,Objet_16850
Toxic,Objet_13344
Radioactive,Objet_17906
Fragile,Objet_28868
Pressurized,Objet_21877
Fragile,Objet_15961
Explosive,Objet_15001
Fragile,Objet_08101
Radioactive,Objet_11637
Corrosive,Objet_09811
Pressurized,Objet_00634
Fragile,Objet_24863
Toxic,Objet_08681
Corrosive,Objet_22129
Radioactive,Objet_16974
Corrosive,Objet_04617
Pressurized,Objet_12431
Corrosive,Objet_22894
Flammable,Objet_15768
Food,Objet_13345
Fragile,Objet_09905
Explosive,Objet_00542
Explosive,Objet_25003
Radioactive,Objet_27779
Radioactive,Objet_12692
Toxic,Objet_13015
Flammable,Objet_29922
Corrosive,Objet_07302
Radioactive,Objet_00070
Corrosive,Objet_18055
Toxic,Objet_18436
Radioactive,Objet_07739
Pressurized,Objet_17194
Food,Objet_16819
Explosive,Objet_13077
Flammable,Objet_13317
Explosive,Objet_02321
Flammable,Objet_06930
Unspecified,Objet_06055
Fragile,Objet_10713
Unspecified,Objet_25242
Toxic,Objet_13221
Food,Objet_15182
Explosive,Objet_22674
Radioactive,Objet_13587
Radioactive,Objet_26911
Unspecified,Objet_21839
Pressurized,Objet_00227
Unspecified,Objet_21720
Unspecified,Objet_21932
Unspecified,Objet_28101
Toxic,Objet_11609
Pressurized,Objet_26585
Oxidizing,Objet_17697
Radioactive,Objet_05355
Radioactive,Objet_19461
Corrosive,Objet_26750
Unspecified,Objet_03039
Explosive,Objet_02545
Oxidizing,Objet_17223
Flammable,Objet_15912
Fragile,Objet_17125
Explosive,Objet_28589
Oxidizing,Objet_05549
Flammable,Objet_24140
Toxic,Objet_26867
Flammable,Objet_09055
Unspecified,Objet_20129
Flammable,Objet_27688
Oxidizing,Objet_11386
Explosive,Objet_25981
Flammable,Objet_03500
Corrosive,Objet_11061
Fragile,Objet_09982
Corrosive,Objet_15652
Unspecified,Objet_25676
Corrosive,Objet_11500
Radioactive,Objet_29307
Oxidizing,Objet_15412
Unspecified,Objet_06338
Toxic,Objet_20016
Food,Objet_10143
Oxidizing,Objet_06424
Food,Objet_12122
Radioactive,Objet_21295
Oxidizing,Objet_26120
Pressurized,Objet_25920
Unspecified,Objet_02572
Pressurized,Objet_29661
Fragile,Objet_02874
Pressurized,Objet_23723
Unspecified,Objet_22784
Unspecified,Objet_19734
Explosive,Objet_02348
Explosive,Objet_14667
Corrosive,Objet_01612
Toxic,Objet_22096
Radioactive,Objet_06545
Fragile,Objet_20880
Corrosive,Objet_02120
Unspecified,Objet_02204
Flammable,Objet_16867
Flammable,Objet_13739
Oxidizing,Objet_02739
Corrosive,Objet_03382
Fragile,Objet_01302
Food,Objet_29691
Flammable,Objet_23874
Radioactive,Objet_15142
Flammable,Objet_02323
Fragile,Objet_29624
Pressurized,Objet_11266
Fragile,Objet_03025
Oxidizing,Objet_15215
Fragile,Objet_05777
Pressurized,Objet_04699
Pressurized,Objet_04659
Corrosive,Objet_20879
Food,Objet_01774
Oxidizing,Objet_10913
Fragile,Objet_28020
Food,Objet_05803
Corrosive,Objet_21991
Oxidizing,Objet_10045
Explosive,Objet_04245
Food,Objet_04325
Unspecified,Objet_16336
Flammable,Objet_22181
Unspecified,Objet_08812
Fragile,Objet_19670
Toxic,Objet_25381
Radioactive,Objet_26660
Flammable,Objet_14308
Food,Objet_19772
Explosive,Objet_26403
Pressurized,Objet_01920
Flammable,Objet_15792
Flammable,Objet_05827
Radioactive,Objet_06117
Oxidizing,Objet_30065
Fragile,Objet_21206
Food,Objet_26055
Oxidizing,Objet_11538
Unspecified,Objet_00841
Explosive,Objet_07900
Oxidizing,Objet_04590
Flammable,Objet_07128
Oxidizing,Objet_12748
Fragile,Objet_21951
Flammable,Objet_03424
Oxidizing,Objet_11294
Oxidizing,Objet_00721
Fragile,Objet_21754
Explosive,Objet_09585
Pressurized,Objet_07109
Oxidizing,Objet_22863
Oxidizing,Objet_25181
Food,Objet_29048
Explosive,Objet_07190
Flammable,Objet_11556
Flammable,Objet_27813
Food,Objet_22707
Oxidizing,Objet_22241
Pressurized,Objet_05980
Fragile,Objet_25476
Toxic,Objet_18845
Flammable,Objet_29977
Radioactive,Objet_02206
Pressurized,Objet_16526
Unspecified,Objet_29550
Unspecified,Objet_23036
Toxic,Objet_18879
Radioactive,Objet_01769
Fragile,Objet_27684
Fragile,Objet_27238
Fragile,Objet_16876
Radioactive,Objet_28143
Pressurized,Objet_21387
Corrosive,Objet_00859
Flammable,Objet_12334
Radioactive,Objet_05574
Explosive,Objet_23817
Pressurized,Objet_21798
Oxidizing,Objet_23906
Food,Objet_26849
Explosive,Objet_06673
Oxidizing,Objet_10520
Unspecified,Objet_21046
Explosive,Objet_22786
Unspecified,Objet_04954
Fragile,Objet_02411
Pressurized,Objet_03508
Radioactive,Objet_03471
Oxidizing,Objet_01844
Corrosive,Objet_13990
Oxidizing,Objet_04869
Radioactive,Objet_05659
Flammable,Objet_03757
Explosive,Objet_27983
Radioactive,Objet_24504
Pressurized,Objet_16986
Explosive,Objet_12387
Unspecified,Objet_20777
Radioactive,Objet_02770
Flammable,Objet_26190
Oxidizing,Objet_20918
Unspecified,Objet_12868
Pressurized,Objet_12286
Pressurized,Objet_17672
Food,Objet_06469
Oxidizing,Objet_23704
Flammable,Objet_03669
Explosive,Objet_17143
Oxidizing,Objet_28244
Fragile,Objet_22040
Explosive,Objet_17242
Corrosive,Objet_28511
Unspecified,Objet_18770
Food,Objet_26719
Fragile,Objet_02286
Fragile,Objet_19194
Oxidizing,Objet_02365
Fragile,Objet_22656
Corrosive,Objet_01747
Food,Objet_26740
Pressurized,Objet_05981
Fragile,Objet_16330
Oxidizing,Objet_25174
Corrosive,Objet_00410
Unspecified,Objet_10955
Toxic,Objet_02305
Unspecified,Objet_18056
Unspecified,Objet_09274
Explosive,Objet_10810
Pressurized,Objet_13752
Corrosive,Objet_01463
Explosive,Objet_08578
Fragile,Objet_13260
Unspecified,Objet_27091
Toxic,Objet_02288
Flammable,Objet_23997
Toxic,Objet_25950
Oxidizing,Objet_03721
Flammable,Objet_13167
Corrosive,Objet_00223
Oxidizing,Objet_24191
Corrosive,Objet_26671
Food,Objet_16603
Food,Objet_25224
Fragile,Objet_10111
Radioactive,Objet_15917
Pressurized,Objet_19686
Flammable,Objet_16412
Explosive,Objet_17105
Corrosive,Objet_27931
Fragile,Objet_09902
Pressurized,Objet_06295
Corrosive,Objet_03399
Unspecified,Objet_07589
Fragile,Objet_26127
Radioactive,Objet_08997
Pressurized,Objet_01924
Fragile,Objet_02501
Pressurized,Objet_12661
Unspecified,Objet_04808
Food,Objet_10948
Oxidizing,Objet_05172
Corrosive,Objet_10395
Pressurized,Objet_30090
Pressurized,Objet_20765
Corrosive,Objet_07741
Unspecified,Objet_11094
Food,Objet_21972
Flammable,Objet_10375
Pressurized,Objet_18679
Unspecified,Objet_22911
Toxic,Objet_15083
Food,Objet_00115
Explosive,Objet_21692
Unspecified,Objet_22327
Flammable,Objet_30100
Radioactive,Objet_27221
Toxic,Objet_00425
Flammable,Objet_02457
Explosive,Objet_08510
Pressurized,Objet_07429
Fragile,Objet_11985
Toxic,Objet_03846
Explosive,Objet_15443
Food,Objet_11539
Unspecified,Objet_22861
Pressurized,Objet_07812
Radioactive,Objet_18008
Flammable,Objet_14183
Food,Objet_13415
Oxidizing,Objet_18661
Flammable,Objet_01245
Fragile,Objet_16622
Radioactive,Objet_19218
Pressurized,Objet_23806
Pressurized,Objet_19775
Flammable,Objet_27414
Fragile,Objet_04830
Corrosive,Objet_16975
Unspecified,Objet_07435
Fragile,Objet_04044
Flammable,Objet_03004
Food,Objet_04577
Flammable,Objet_21143
Toxic,Objet_12747
Food,Objet_24020
Oxidizing,Objet_09720
Flammable,Objet_02498
Oxidizing,Objet_15141
Unspecified,Objet_19664
Toxic,Objet_29052
Explosive,Objet_21931
Radioactive,Objet_08501
Food,Objet_20552
Oxidizing,Objet_19046
Unspecified,Objet_18563
Explosive,Objet_07573
Flammable,Objet_13203
Toxic,Objet_20645
Pressurized,Objet_06952
Fragile,Objet_11412
Fragile,Objet_29199
Pressurized,Objet_18306
Fragile,Objet_12814
Toxic,Objet_06498
Food,Objet_11944
Corrosive,Objet_01824
Unspecified,Objet_24179
Food,Objet_27008
Radioactive,Objet_20255
Flammable,Objet_21711
Food,Objet_25707
Flammable,Objet_15333
Pressurized,Objet_29968
Flammable,Objet_13069
Oxidizing,Objet_02337
Radioactive,Objet_17587
Toxic,Objet_11795
Radioactive,Objet_20228
Pressurized,Objet_05898
Corrosive,Objet_05144
Corrosive,Objet_10848
Oxidizing,Objet_03347
Fragile,Objet_11818
Pressurized,Objet_17044
Corrosive,Objet_21627
Toxic,Objet_22189
Oxidizing,Objet_11426
Corrosive,Objet_29678
Radioactive,Objet_02845
Oxidizing,Objet_08829
Corrosive,Objet_11165
Fragile,Objet_17076
Explosive,Objet_29784
Toxic,Objet_15299
Radioactive,Objet_15029
Toxic,Objet_29789
Explosive,Objet_27245
Explosive,Objet_02870
Food,Objet_08259
Radioactive,Objet_28541
Food,Objet_27726
Unspecified,Objet_26473
Flammable,Objet_07196
Flammable,Objet_00576
Oxidizing,Objet_01513
Pressurized,Objet_22517
Toxic,Objet_24687
Toxic,Objet_05280
Flammable,Objet_19981
Toxic,Objet_14685
Unspecified,Objet_13418
Explosive,Objet_16560
Pressurized,Objet_12145
Radioactive,Objet_03894
Flammable,Objet_05779
Radioactive,Objet_04434
Radioactive,Objet_23396
Toxic,Objet_13653
Unspecified,Objet_15761
Corrosive,Objet_28858
Explosive,Objet_01130
Food,Objet_28712
Pressurized,Objet_28358
Corrosive,Objet_20948
Flammable,Objet_22715
Unspecified,Objet_15219
Flammable,Objet_05141
Oxidizing,Objet_15703
Oxidizing,Objet_08443
Toxic,Objet_13965
Unspecified,Objet_28121
Flammable,Objet_12254
Radioactive,Objet_18368
Radioactive,Objet_16088
Flammable,Objet_17615
Toxic,Objet_26873
Unspecified,Objet_29030
Flammable,Objet_05129
Toxic,Objet_28126
Corrosive,Objet_21381
Oxidizing,Objet_12556
Flammable,Objet_29444
Oxidizing,Objet_01708
Corrosive,Objet_26489
Corrosive,Objet_17398
Corrosive,Objet_17965
Corrosive,Objet_24077
Unspecified,Objet_29632
Explosive,Objet_01089
Oxidizing,Objet_15605
Radioactive,Objet_22858
Toxic,Objet_16420
Flammable,Objet_18182
Flammable,Objet_19146
Pressurized,Objet_11578
Corrosive,Objet_24940
Oxidizing,Objet_04738
Oxidizing,Objet_05925
Corrosive,Objet_15137
Oxidizing,Objet_06220
Oxidizing,Objet_14146
Oxidizing,Objet_11908
Toxic,Objet_29611
Unspecified,Objet_02383
Pressurized,Objet_29651
Fragile,Objet_30008
Fragile,Objet_15611
Corrosive,Objet_14427
Food,Objet_20684
Radioactive,Objet_04607
Toxic,Objet_23977
Food,Objet_21061
Toxic,Objet_00472
Toxic,Objet_14270
Fragile,Objet_16042
Oxidizing,Objet_13342
Flammable,Objet_29404
Flammable,Objet_16652
Flammable,Objet_01046
Pressurized,Objet_12524
Unspecified,Objet_12062
Fragile,Objet_20979
Pressurized,Objet_00569
Unspecified,Objet_04937
Radioactive,Objet_20396
Oxidizing,Objet_01803
Explosive,Objet_10839
Unspecified,Objet_29542
Food,Objet_28418
Pressurized,Objet_26749
Pressurized,Objet_23495
Flammable,Objet_27311
Flammable,Objet_17888
Toxic,Objet_01621
Corrosive,Objet_17058
Oxidizing,Objet_20335
Pressurized,Objet_22273
Fragile,Objet_02750
Explosive,Objet_12203
Explosive,Objet_01403
Toxic,Objet_02114
Explosive,Objet_24827
Corrosive,Objet_17216
Explosive,Objet_29043
Flammable,Objet_27072
Radioactive,Objet_23187
Explosive,Objet_22678
Oxidizing,Objet_04495
Pressurized,Objet_05007
Fragile,Objet_25590
Corrosive,Objet_09199
Corrosive,Objet_24896
Fragile,Objet_02259
Pressurized,Objet_04392
Fragile,Objet_00565
Flammable,Objet_05079
Corrosive,Objet_13274
Flammable,Objet_11250
Oxidizing,Objet_25165
Corrosive,Objet_19644
Oxidizing,Objet_08069
Explosive,Objet_23822
Radioactive,Objet_17596
Toxic,Objet_04625
Toxic,Objet_06223
Food,Objet_22336
Pressurized,Objet_27041
Food,Objet_28523
Corrosive,Objet_16765
Unspecified,Objet_18316
Pressurized,Objet_16184
Food,Objet_25298
Oxidizing,Objet_06323
Flammable,Objet_18336
Food,Objet_04712
Flammable,Objet_16849
Flammable,Objet_21106
Unspecified,Objet_10363
Radioactive,Objet_19421
Corrosive,Objet_08031
Toxic,Objet_17567
Explosive,Objet_01481
Radioactive,Objet_03010
Pressurized,Objet_07924
Oxidizing,Objet_00471
Unspecified,Objet_27252
Oxidizing,Objet_03230
Flammable,Objet_21460
Unspecified,Objet_21960
Fragile,Objet_22877
Pressurized,Objet_01765
Explosive,Objet_30068
Fragile,Objet_18995
Radioactive,Objet_27827
Toxic,Objet_25993
Oxidizing,Objet_16891
Corrosive,Objet_24605
Radioactive,Objet_12900
Explosive,Objet_26143
Fragile,Objet_04118
Pressurized,Objet_25073
Pressurized,Objet_00374
Pressurized,Objet_09271
Radioactive,Objet_03945
Corrosive,Objet_23855
Food,Objet_21916
Explosive,Objet_00845
Radioactive,Objet_24439
Explosive,Objet_11024
Toxic,Objet_29896
Oxidizing,Objet_06742
Explosive,Objet_01291
Corrosive,Objet_18558
Radioactive,Objet_02270
Corrosive,Objet_02968
Radioactive,Objet_27991
Food,Objet_19372
Flammable,Objet_05751
Fragile,Objet_17857
Corrosive,Objet_23389
Fragile,Objet_28797
Pressurized,Objet_17513
Explosive,Objet_02547
Radioactive,Objet_17088
Fragile,Objet_19948
Pressurized,Objet_14927
Unspecified,Objet_10240
Unspecified,Objet_26214
Flammable,Objet_01158
Flammable,Objet_04188
Oxidizing,Objet_21293
Pressurized,Objet_14245
Unspecified,Objet_13903
Food,Objet_10621
Toxic,Objet_10034
Fragile,Objet_24665
Food,Objet_22804
Oxidizing,Objet_15606
Fragile,Objet_29392
Oxidizing,Objet_16877
Flammable,Objet_19492
Fragile,Objet_12032
Corrosive,Objet_04901
Corrosive,Objet_06324
Pressurized,Objet_09648
Fragile,Objet_02346
Pressurized,Objet_14962
Flammable,Objet_04967
Fragile,Objet_15341
Toxic,Objet_16317
Unspecified,Objet_26337
Toxic,Objet_13391
Food,Objet_05514
Food,Objet_14386
Unspecified,Objet_02726
Flammable,Objet_05756
Corrosive,Objet_01537
Food,Objet_21135
Toxic,Objet_17659
Toxic,Objet_18469
Toxic,Objet_08055
Fragile,Objet_07942
Flammable,Objet_14216
Food,Objet_17976
Corrosive,Objet_26624
Radioactive,Objet_12658
Toxic,Objet_13513
Explosive,Objet_09266
Pressurized,Objet_02806
Flammable,Objet_07288
Food,Objet_06790
Toxic,Objet_07738
Explosive,Objet_29175
Corrosive,Objet_16567
Food,Objet_10339
Unspecified,Objet_22885
Radioactive,Objet_03072
Oxidizing,Objet_26869
Unspecified,Objet_25597
Flammable,Objet_17920
Radioactive,Objet_00387
Food,Objet_05405
Radioactive,Objet_09432
Radioactive,Objet_04196
Food,Objet_08616
Pressurized,Objet_16234
Unspecified,Objet_07557
Explosive,Objet_02181
Fragile,Objet_20617
Toxic,Objet_28539
Fragile,Objet_06144
Unspecified,Objet_20220
Explosive,Objet_20053
Radioactive,Objet_21236
Pressurized,Objet_23121
Flammable,Objet_20378
Unspecified,Objet_09589
Corrosive,Objet_20624
Oxidizing,Objet_22618
Toxic,Objet_20510
Flammable,Objet_26265
Fragile,Objet_17055
Corrosive,Objet_18047
Toxic,Objet_15102
Oxidizing,Objet_19102
Food,Objet_00116
Food,Objet_04796
Flammable,Objet_05232
Toxic,Objet_19319
Pressurized,Objet_20011
Pressurized,Objet_22157
Unspecified,Objet_18698
Oxidizing,Objet_28612
Pressurized,Objet_21247
Flammable,Objet_07409
Radioactive,Objet_16952
Flammable,Objet_24785
Pressurized,Objet_24985
Unspecified,Objet_27382
Food,Objet_09528
Flammable,Objet_29214
Explosive,Objet_14565
Oxidizing,Objet_29033
Explosive,Objet_15539
Toxic,Objet_17412
Flammable,Objet_07220
Fragile,Objet_10662
Toxic,Objet_06453
Corrosive,Objet_06619
Unspecified,Objet_02191
Toxic,Objet_25134
Corrosive,Objet_13117
Corrosive,Objet_29858
Oxidizing,Objet_18334
Toxic,Objet_02014
Corrosive,Objet_09855
Toxic,Objet_26305
Radioactive,Objet_15595
Flammable,Objet_14714
Unspecified,Objet_05124
Unspecified,Objet_08535
Fragile,Objet_12908
Pressurized,Objet_00793
Pressurized,Objet_10255
Food,Objet_27335
Explosive,Objet_06225
Unspecified,Objet_23095
Flammable,Objet_19000
Oxidizing,Objet_26347
Explosive,Objet_20694
Toxic,Objet_26998
Food,Objet_16946
Pressurized,Objet_09555
Food,Objet_18837
Pressurized,Objet_05244
Pressurized,Objet_29907
Food,Objet_19431
Pressurized,Objet_01036
Flammable,Objet_21496
Oxidizing,Objet_24531
Radioactive,Objet_25909
Fragile,Objet_22168
Toxic,Objet_18292
Unspecified,Objet_16989
Explosive,Objet_11951
Flammable,Objet_28058
Flammable,Objet_01655
Oxidizing,Objet_07036
Explosive,Objet_28761
Unspecified,Objet_30072
Flammable,Objet_00772
Food,Objet_05948
Flammable,Objet_04055
Food,Objet_10941
Explosive,Objet_15131
Flammable,Objet_24189
Oxidizing,Objet_03869
Radioactive,Objet_28831
Fragile,Objet_12548
Food,Objet_14121
Toxic,Objet_13045
Oxidizing,Objet_02929
Oxidizing,Objet_25405
Fragile,Objet_12971
Toxic,Objet_06892
Fragile,Objet_00071
Pressurized,Objet_15793
Pressurized,Objet_23078
Explosive,Objet_14475
Food,Objet_06268
Unspecified,Objet_08869
Toxic,Objet_13479
Unspecified,Objet_12789
Radioactive,Objet_19231
Toxic,Objet_17148
Radioactive,Objet_22650
Unspecified,Objet_15764
Radioactive,Objet_19631
Corrosive,Objet_01896
Flammable,Objet_04817
Toxic,Objet_23830
Fragile,Objet_28110
Toxic,Objet_30045
Flammable,Objet_08973
Unspecified,Objet_27911
Flammable,Objet_28614
Corrosive,Objet_12553
Pressurized,Objet_21131
Unspecified,Objet_11021
Flammable,Objet_06041
Oxidizing,Objet_07891
Oxidizing,Objet_18666
Corrosive,Objet_08783
Oxidizing,Objet_06059
Flammable,Objet_13376
Toxic,Objet_07279
Radioactive,Objet_28165
Corrosive,Objet_01953
Oxidizing,Objet_26317
Unspecified,Objet_08610
Toxic,Objet_00932
Radioactive,Objet_22086
Flammable,Objet_02656
Food,Objet_18398
Corrosive,Objet_06607
Oxidizing,Objet_00443
Fragile,Objet_13470
Flammable,Objet_04108
Corrosive,Objet_16471
Explosive,Objet_05215
Explosive,Objet_29670
Explosive,Objet_18310
Fragile,Objet_12730
Oxidizing,Objet_15560
Food,Objet_23790
Toxic,Objet_28352
Fragile,Objet_18473
Fragile,Objet_29558
Pressurized,Objet_13310
Unspecified,Objet_27796
Toxic,Objet_27803
Fragile,Objet_11919
Flammable,Objet_02671
Unspecified,Objet_05532
Pressurized,Objet_26916
Oxidizing,Objet_19740
Fragile,Objet_26606
Corrosive,Objet_18665
Toxic,Objet_22832
Oxidizing,Objet_03804
Radioactive,Objet_18689
Food,Objet_11981
Toxic,Objet_23411
Pressurized,Objet_29305
Unspecified,Objet_04697
Toxic,Objet_11362
Food,Objet_20064
Flammable,Objet_25464
Unspecified,Objet_13798
Food,Objet_02048
Pressurized,Objet_10584
Pressurized,Objet_10459
Corrosive,Objet_28489
Corrosive,Objet_26860
Pressurized,Objet_03604
Radioactive,Objet_04556
Toxic,Objet_14728
Oxidizing,Objet_21084
Pressurized,Objet_17357
Explosive,Objet_03697
Food,Objet_14699
Fragile,Objet_17413
Toxic,Objet_00846
Fragile,Objet_06958
Flammable,Objet_15542
Radioactive,Objet_12105
Explosive,Objet_03580
Fragile,Objet_04895
Flammable,Objet_25212
Corrosive,Objet_15558
Toxic,Objet_02317
Fragile,Objet_21226
Flammable,Objet_00933
Radioactive,Objet_07550
Toxic,Objet_07704
Food,Objet_27512
Toxic,Objet_09358
Pressurized,Objet_15981
Flammable,Objet_22987
Food,Objet_15871
Radioactive,Objet_15767
Explosive,Objet_00165
Food,Objet_26150
Food,Objet_03078
Pressurized,Objet_00972
Corrosive,Objet_10313
Pressurized,Objet_10173
Flammable,Objet_15480
Radioactive,Objet_17262
Pressurized,Objet_14706
Food,Objet_19030
Fragile,Objet_01407
Radioactive,Objet_15873
Radioactive,Objet_19634
Radioactive,Objet_14970
Fragile,Objet_17248
Explosive,Objet_26988
Radioactive,Objet_24057
Radioactive,Objet_05760
Fragile,Objet_06914
Radioactive,Objet_05914
Pressurized,Objet_26888
Food,Objet_01244
Pressurized,Objet_23025
Fragile,Objet_24898
Pressurized,Objet_04994
Pressurized,Objet_01333
Pressurized,Objet_24579
Flammable,Objet_02742
Flammable,Objet_18536
Radioactive,Objet_21961
Radioactive,Objet_22427
Corrosive,Objet_17401
Corrosive,Objet_16119
Oxidizing,Objet_26937
Food,Objet_18567
Radioactive,Objet_23077
Fragile,Objet_09445
Fragile,Objet_03313
Corrosive,Objet_13801
Radioactive,Objet_09471
Pressurized,Objet_10691
Radioactive,Objet_01347
Corrosive,Objet_25863
Food,Objet_18076
Flammable,Objet_23919
Flammable,Objet_01222
Explosive,Objet_20417
Pressurized,Objet_02919
Explosive,Objet_24022
Corrosive,Objet_27842
Radioactive,Objet_13578
Pressurized,Objet_19027
Unspecified,Objet_30011
Pressurized,Objet_11175
Pressurized,Objet_16425
Radioactive,Objet_02976
Fragile,Objet_05755
Corrosive,Objet_16427
Explosive,Objet_09379
Corrosive,Objet_07184
Corrosive,Objet_19222
Explosive,Objet_11286
Radioactive,Objet_24014
Radioactive,Objet_05630
Radioactive,Objet_04447
Food,Objet_29452
Explosive,Objet_12591
Oxidizing,Objet_09873
Unspecified,Objet_02820
Fragile,Objet_28517
Toxic,Objet_17475
Corrosive,Objet_07837
Pressurized,Objet_21527
Radioactive,Objet_18440
Explosive,Objet_22601
Unspecified,Objet_06581
Pressurized,Objet_24890
Explosive,Objet_00202
Explosive,Objet_17777
Explosive,Objet_18699
Toxic,Objet_11847
Flammable,Objet_01054
Oxidizing,Objet_03555
Oxidizing,Objet_19678
Radioactive,Objet_09582
Pressurized,Objet_23740
Fragile,Objet_04180
Oxidizing,Objet_13678
Explosive,Objet_25776
Oxidizing,Objet_06532
Unspecified,Objet_22335
Corrosive,Objet_04836
Radioactive,Objet_18858
Food,Objet_29634
Radioactive,Objet_18707
Food,Objet_15362
Explosive,Objet_03896
Explosive,Objet_05594
Flammable,Objet_09232
Explosive,Objet_05334
Radioactive,Objet_28486
Corrosive,Objet_24545
Fragile,Objet_29548
Corrosive,Objet_20409
Fragile,Objet_08522
Flammable,Objet_17813
Unspecified,Objet_21072
Toxic,Objet_16429
Oxidizing,Objet_21882
Toxic,Objet_25919
Oxidizing,Objet_22357
Food,Objet_13430
Toxic,Objet_16392
Oxidizing,Objet_13691
Flammable,Objet_14126
Radioactive,Objet_02769
Unspecified,Objet_12933
Explosive,Objet_13060
Radioactive,Objet_15612
Corrosive,Objet_06432
Toxic,Objet_20199
Pressurized,Objet_23289
Explosive,Objet_19266
Fragile,Objet_29874
Pressurized,Objet_27048
Food,Objet_24318
Flammable,Objet_03001
Flammable,Objet_26618
Fragile,Objet_20626
Unspecified,Objet_27732
Flammable,Objet_26595
Radioactive,Objet_06896
Corrosive,Objet_15294
Radioactive,Objet_10877
Fragile,Objet_18228
Fragile,Objet_27138
Explosive,Objet_06113
Flammable,Objet_13225
Corrosive,Objet_27446
Pressurized,Objet_10643
Toxic,Objet_14985
Explosive,Objet_25221
Toxic,Objet_18492
Fragile,Objet_05773
Fragile,Objet_18351
Unspecified,Objet_13726
Food,Objet_29089
Oxidizing,Objet_13508
Unspecified,Objet_04475
Fragile,Objet_06679
Food,Objet_15135
Radioactive,Objet_06965
Toxic,Objet_11313
Toxic,Objet_26088
Pressurized,Objet_01025
Fragile,Objet_09923
Radioactive,Objet_28602
Flammable,Objet_20770
Flammable,Objet_08198
Corrosive,Objet_07481
Unspecified,Objet_28210
Unspecified,Objet_07416
Unspecified,Objet_20301
Corrosive,Objet_17227
Unspecified,Objet_19844
Corrosive,Objet_02289
Toxic,Objet_09488
Toxic,Objet_20729
Radioactive,Objet_05122
Fragile,Objet_09942
Toxic,Objet_07800
Radioactive,Objet_05395
Food,Objet_05340
Explosive,Objet_07940
Toxic,Objet_12229
Toxic,Objet_11769
Explosive,Objet_22012
Fragile,Objet_00051
Pressurized,Objet_00238
Corrosive,Objet_12279
Food,Objet_03221
Pressurized,Objet_04947
Pressurized,Objet_07624
Radioactive,Objet_19224
Corrosive,Objet_01855
Corrosive,Objet_13601
Oxidizing,Objet_07170
Flammable,Objet_15635
Fragile,Objet_27227
Flammable,Objet_26355
Toxic,Objet_11268
Fragile,Objet_20339
Explosive,Objet_26531
Pressurized,Objet_03572
Unspecified,Objet_06947
Corrosive,Objet_12966
Toxic,Objet_24577
Toxic,Objet_10116
Flammable,Objet_22615
Explosive,Objet_24360
Explosive,Objet_00761
Pressurized,Objet_28393
Flammable,Objet_06525
Explosive,Objet_27027
Flammable,Objet_21237
Food,Objet_12110
Oxidizing,Objet_18072
Pressurized,Objet_11863
Flammable,Objet_00318
Oxidizing,Objet_30021
Oxidizing,Objet_05715
Flammable,Objet_25192
Explosive,Objet_21840
Fragile,Objet_29045
Oxidizing,Objet_22945
Flammable,Objet_06261
Radioactive,Objet_12191
Explosive,Objet_16638
Pressurized,Objet_17628
Explosive,Objet_16019
Toxic,Objet_05223
Explosive,Objet_13293
Fragile,Objet_30077
Radioactive,Objet_00780
Explosive,Objet_07325
Corrosive,Objet_03115
Pressurized,Objet_17874
Explosive,Objet_05341
Unspecified,Objet_27491
Radioactive,Objet_14859
Oxidizing,Objet_03951
Corrosive,Objet_18664
Unspecified,Objet_11687
Food,Objet_25232
Toxic,Objet_06357
Fragile,Objet_21894
Food,Objet_12822
Fragile,Objet_17941
Food,Objet_26222
Unspecified,Objet_14037
Oxidizing,Objet_09351
Unspecified,Objet_17905
Food,Objet_26456
Corrosive,Objet_29749
Food,Objet_05493
Pressurized,Objet_29313
Radioactive,Objet_03865
Pressurized,Objet_29943
Fragile,Objet_05086
Radioactive,Objet_24811
Corrosive,Objet_11355
Oxidizing,Objet_27894
Fragile,Objet_10987
Corrosive,Objet_26148
Explosive,Objet_21509
Toxic,Objet_16899
Food,Objet_10044
Unspecified,Objet_20800
Explosive,Objet_19423
Fragile,Objet_24674
Corrosive,Objet_10152
Pressurized,Objet_13737
Food,Objet_11626
Oxidizing,Objet_05264
Radioactive,Objet_26129
Corrosive,Objet_23181
Oxidizing,Objet_25601
Oxidizing,Objet_16265
Unspecified,Objet_28268
Corrosive,Objet_12423
Flammable,Objet_14058
Radioactive,Objet_20019
Pressurized,Objet_08380
Food,Objet_01545
Explosive,Objet_00044
Radioactive,Objet_01122
Corrosive,Objet_15755
Radioactive,Objet_02549
Food,Objet_08732
Oxidizing,Objet_13812
Flammable,Objet_26532
Toxic,Objet_08854
Radioactive,Objet_10320
Fragile,Objet_14041
Food,Objet_06386
Unspecified,Objet_21673
Flammable,Objet_24231
Oxidizing,Objet_14755
Food,Objet_16243
Pressurized,Objet_03155
Food,Objet_13399
Fragile,Objet_27007
Explosive,Objet_08865
Corrosive,Objet_19523
Unspecified,Objet_21921
Unspecified,Objet_02432
Flammable,Objet_26268
Oxidizing,Objet_22999
Food,Objet_12028
Toxic,Objet_12958
Explosive,Objet_29609
Fragile,Objet_25949
Corrosive,Objet_06983
Toxic,Objet_28500
Pressurized,Objet_12835
Corrosive,Objet_29743
Pressurized,Objet_22941
Toxic,Objet_18840
Corrosive,Objet_17998
Fragile,Objet_18025
Radioactive,Objet_19468
Pressurized,Objet_10966
Toxic,Objet_18181
Toxic,Objet_14964
Fragile,Objet_22629
Pressurized,Objet_27385
Toxic,Objet_01037
Corrosive,Objet_24454
Explosive,Objet_01485
Radioactive,Objet_08964
Toxic,Objet_14574
Radioactive,Objet_18533
Corrosive,Objet_06380
Unspecified,Objet_06928
Flammable,Objet_11460
Explosive,Objet_12650
Fragile,Objet_06476
Radioactive,Objet_09561
Radioactive,Objet_06032
Pressurized,Objet_05973
Pressurized,Objet_06368
Oxidizing,Objet_21769
Toxic,Objet_21433
Toxic,Objet_23138
Toxic,Objet_23727
Food,Objet_21633
Toxic,Objet_05793
Pressurized,Objet_07930
Toxic,Objet_23879
Unspecified,Objet_26137
Flammable,Objet_27310
Unspecified,Objet_24638
Corrosive,Objet_11223
Pressurized,Objet_24501
Toxic,Objet_14235
Corrosive,Objet_13238
Radioactive,Objet_12771
Unspecified,Objet_29669
Pressurized,Objet_10168
Explosive,Objet_09422
Explosive,Objet_13744
Food,Objet_10771
Unspecified,Objet_04832
Corrosive,Objet_28721
Flammable,Objet_18895
Food,Objet_03477
Radioactive,Objet_15481
Radioactive,Objet_04810
Toxic,Objet_08373
Explosive,Objet_06563
Fragile,Objet_07966
Pressurized,Objet_29958
Corrosive,Objet_21186
Oxidizing,Objet_05922
Toxic,Objet_21121
Oxidizing,Objet_23804
Unspecified,Objet_03165
Toxic,Objet_26783
Radioactive,Objet_09153
Fragile,Objet_23863
Fragile,Objet_29934
Radioactive,Objet_27357
Flammable,Objet_23472
Fragile,Objet_15324
Toxic,Objet_23680
Flammable,Objet_20586
Oxidizing,Objet_16976
Oxidizing,Objet_11914
Fragile,Objet_13969
Fragile,Objet_01086
Oxidizing,Objet_17277
Toxic,Objet_16348
Unspecified,Objet_06145
Corrosive,Objet_13555
Toxic,Objet_27189
Oxidizing,Objet_12378
Explosive,Objet_04488
Fragile,Objet_05892
Pressurized,Objet_13157
Fragile,Objet_27499
Explosive,Objet_08618
Corrosive,Objet_05578
Unspecified,Objet_15909
Corrosive,Objet_20593
Pressurized,Objet_12109
Oxidizing,Objet_02653
Pressurized,Objet_20322
Oxidizing,Objet_12404
Oxidizing,Objet_17473
Corrosive,Objet_05026
Oxidizing,Objet_02999
Food,Objet_16181
Oxidizing,Objet_05551
Food,Objet_26172
Food,Objet_28208
Explosive,Objet_00268
Pressurized,Objet_08648
Pressurized,Objet_27211
Pressurized,Objet_15196
Fragile,Objet_29051
Fragile,Objet_23453
Toxic,Objet_05747
Pressurized,Objet_13206
Oxidizing,Objet_28805
Toxic,Objet_29140
Oxidizing,Objet_11252
Flammable,Objet_21054
Fragile,Objet_13952
Pressurized,Objet_29324
Oxidizing,Objet_07468
Corrosive,Objet_25865
Food,Objet_09346
Unspecified,Objet_21166
Toxic,Objet_16937
Toxic,Objet_16903
Food,Objet_25119
Food,Objet_22714
Fragile,Objet_22206
Oxidizing,Objet_23309
Oxidizing,Objet_03677
Explosive,Objet_25260
Toxic,Objet_20857
Pressurized,Objet_28974
Toxic,Objet_12872
Pressurized,Objet_20682
Explosive,Objet_30067
Radioactive,Objet_26591
Food,Objet_23580
Toxic,Objet_26685
Flammable,Objet_09800
Corrosive,Objet_03280
Food,Objet_06727
Toxic,Objet_08567
Flammable,Objet_24295
Flammable,Objet_20622
Food,Objet_00432
Flammable,Objet_10507
Flammable,Objet_21074
Pressurized,Objet_19931
Unspecified,Objet_16811
Radioactive,Objet_10290
Corrosive,Objet_00194
Fragile,Objet_23948
Unspecified,Objet_29470
Corrosive,Objet_19589
Oxidizing,Objet_26657
Flammable,Objet_11705
Radioactive,Objet_10326
Explosive,Objet_09557
Food,Objet_21528
Flammable,Objet_27313
Flammable,Objet_17716
Toxic,Objet_23061
Fragile,Objet_29711
Explosive,Objet_08105
Radioactive,Objet_24160
Toxic,Objet_03619
Pressurized,Objet_24939
Corrosive,Objet_02592
Pressurized,Objet_20132
Corrosive,Objet_07426
Food,Objet_06021
Explosive,Objet_26024
Explosive,Objet_08016
Unspecified,Objet_11419
Fragile,Objet_06670
Unspecified,Objet_14559
Food,Objet_25527
Fragile,Objet_02885
Corrosive,Objet_06539
Corrosive,Objet_23544
Corrosive,Objet_12787
Food,Objet_08379
Unspecified,Objet_07255
Oxidizing,Objet_01163
Pressurized,Objet_25116
Unspecified,Objet_02372
Fragile,Objet_07563
Flammable,Objet_08289
Radioactive,Objet_03479
Radioactive,Objet_03672
Pressurized,Objet_24335
Fragile,Objet_08383
Unspecified,Objet_10654
Flammable,Objet_06738
Unspecified,Objet_04200
Fragile,Objet_08906
Explosive,Objet_04193
Flammable,Objet_07534
Corrosive,Objet_28989
Food,Objet_18955
Explosive,Objet_05269
Explosive,Objet_14671
Corrosive,Objet_27031
Food,Objet_18808
Corrosive,Objet_12902
Corrosive,Objet_22277
Toxic,Objet_01502
Oxidizing,Objet_28364
Corrosive,Objet_19020
Oxidizing,Objet_27949
Pressurized,Objet_05396
Food,Objet_05469
Unspecified,Objet_15439
Explosive,Objet_05001
Radioactive,Objet_18857
Flammable,Objet_11515
Oxidizing,Objet_24457
Explosive,Objet_03361
Toxic,Objet_20495
Flammable,Objet_05498
Radioactive,Objet_16541
Toxic,Objet_20368
Explosive,Objet_06694
Oxidizing,Objet_23930
Food,Objet_20030
Toxic,Objet_06639
Radioactive,Objet_20116
Food,Objet_21276
Flammable,Objet_19022
Fragile,Objet_22374
Explosive,Objet_13547
Oxidizing,Objet_00881
Unspecified,Objet_20625
Unspecified,Objet_28230
Radioactive,Objet_29830
Corrosive,Objet_19234
Food,Objet_00914
Flammable,Objet_06396
Explosive,Objet_09210
Explosive,Objet_25203
Flammable,Objet_06999
Corrosive,Objet_14051
Food,Objet_23582
Flammable,Objet_21592
Flammable,Objet_06046
Toxic,Objet_15497
Food,Objet_15800
Flammable,Objet_28254
Food,Objet_04408
Pressurized,Objet_06459
Fragile,Objet_07768
Corrosive,Objet_11374
Food,Objet_01507
Corrosive,Objet_08429
Corrosive,Objet_09407
Oxidizing,Objet_15488
Fragile,Objet_20323
Toxic,Objet_12393
Corrosive,Objet_13531
Explosive,Objet_23423
Corrosive,Objet_14135
Fragile,Objet_09343
Explosive,Objet_01518
Food,Objet_13485
Food,Objet_25274
Oxidizing,Objet_07604
Fragile,Objet_05996
Unspecified,Objet_28931
Flammable,Objet_08050
Oxidizing,Objet_02527
Fragile,Objet_10003
Explosive,Objet_18887
Explosive,Objet_20136
Toxic,Objet_23049
Unspecified,Objet_03737
Unspecified,Objet_12050
Food,Objet_29038
Fragile,Objet_22688
Corrosive,Objet_13543
Toxic,Objet_23119
Toxic,Objet_08321
Unspecified,Objet_26171
Corrosive,Objet_22866
Explosive,Objet_11320
Explosive,Objet_17626
Toxic,Objet_00298
Explosive,Objet_21890
Radioactive,Objet_08194
Toxic,Objet_04977
Unspecified,Objet_12428
Radioactive,Objet_14325
Radioactive,Objet_14411
Oxidizing,Objet_29458
Unspecified,Objet_12148
Corrosive,Objet_20669
Flammable,Objet_05006
Corrosive,Objet_10441
Radioactive,Objet_23195
Explosive,Objet_26513
Radioactive,Objet_27663
Toxic,Objet_04815
Radioactive,Objet_10467
Oxidizing,Objet_22504
Oxidizing,Objet_29698
Food,Objet_00993
Flammable,Objet_17729
Food,Objet_10918
Unspecified,Objet_26961
Unspecified,Objet_14175
Radioactive,Objet_14479
Flammable,Objet_10198
Corrosive,Objet_20604
Unspecified,Objet_03154
Corrosive,Objet_05112
Food,Objet_06067
Fragile,Objet_23792
Pressurized,Objet_18539
Unspecified,Objet_21044
Pressurized,Objet_21494
Oxidizing,Objet_20998
Radioactive,Objet_18550
Flammable,Objet_23260
Corrosive,Objet_14767
Unspecified,Objet_12859
Fragile,Objet_04025
Unspecified,Objet_27266
Fragile,Objet_13960
Toxic,Objet_10895
Unspecified,Objet_20109
Radioactive,Objet_11032
Radioactive,Objet_10060
Fragile,Objet_05808
Corrosive,Objet_18619
Corrosive,Objet_21160
Flammable,Objet_18618
Pressurized,Objet_05375
Food,Objet_21533
Food,Objet_18437
Unspecified,Objet_29288
Food,Objet_20040
Food,Objet_03289
Pressurized,Objet_17458
Oxidizing,Objet_29868
Flammable,Objet_27867
Corrosive,Objet_21350
Radioactive,Objet_06659
Fragile,Objet_23652
Food,Objet_02459
Fragile,Objet_16882
Explosive,Objet_21307
Oxidizing,Objet_09581
Corrosive,Objet_24367
Fragile,Objet_07064
Oxidizing,Objet_18625
Pressurized,Objet_05795
Pressurized,Objet_29342
Pressurized,Objet_12255
Fragile,Objet_05376
Toxic,Objet_18720
Unspecified,Objet_04799
Corrosive,Objet_28350
Flammable,Objet_07389
Fragile,Objet_06921
Explosive,Objet_02146
Toxic,Objet_18171
Oxidizing,Objet_17822
Fragile,Objet_20512
Unspecified,Objet_05462
Pressurized,Objet_24063
Corrosive,Objet_15283
Toxic,Objet_17160
Oxidizing,Objet_20324
Food,Objet_05262
Toxic,Objet_23949
Toxic,Objet_25782
Unspecified,Objet_11813
Flammable,Objet_00028
Flammable,Objet_00041
Pressurized,Objet_25523
Unspecified,Objet_02119
Unspecified,Objet_21768
Corrosive,Objet_27972
Corrosive,Objet_11471
Unspecified,Objet_06198
Oxidizing,Objet_21595
Fragile,Objet_28482
Unspecified,Objet_28676
Fragile,Objet_01001
Explosive,Objet_29755
Oxidizing,Objet_01433
Flammable,Objet_17415
Food,Objet_02345
Explosive,Objet_14905
Radioactive,Objet_20960
Food,Objet_22447
Toxic,Objet_03492
Food,Objet_23317
Food,Objet_26966
Food,Objet_05534
Flammable,Objet_06214
Food,Objet_20402
Toxic,Objet_24503
Food,Objet_13939
Oxidizing,Objet_11675
Toxic,Objet_07236
Unspecified,Objet_16592
Pressurized,Objet_12374
Fragile,Objet_25518
Food,Objet_13747
Radioactive,Objet_02858
Flammable,Objet_17883
Explosive,Objet_26800
Toxic,Objet_25338
Fragile,Objet_11540
Oxidizing,Objet_24907
Corrosive,Objet_16093
Toxic,Objet_03739
Pressurized,Objet_02357
Fragile,Objet_29737
Fragile,Objet_17082
Toxic,Objet_00641
Food,Objet_04207
Corrosive,Objet_21708
Food,Objet_16696
Fragile,Objet_10404
Oxidizing,Objet_17908
Flammable,Objet_19346
Flammable,Objet_01085
Radioactive,Objet_06178
Oxidizing,Objet_06481
Corrosive,Objet_29981
Unspecified,Objet_25573
Explosive,Objet_01118
Oxidizing,Objet_22533
Explosive,Objet_29980
Explosive,Objet_09547
Corrosive,Objet_12260
Radioactive,Objet_10915
Pressurized,Objet_18137
Pressurized,Objet_06922
Toxic,Objet_00726
Flammable,Objet_09554
Radioactive,Objet_24270
Unspecified,Objet_14159
Fragile,Objet_21472
Fragile,Objet_17225
Toxic,Objet_27161
Food,Objet_22964
Radioactive,Objet_24082
Fragile,Objet_26901
Pressurized,Objet_29253
Food,Objet_15003
Fragile,Objet_07369
Flammable,Objet_09966
Oxidizing,Objet_02426
Flammable,Objet_08830
Oxidizing,Objet_02221
Toxic,Objet_30005
Oxidizing,Objet_25331
Flammable,Objet_19247
Radioactive,Objet_21354
Flammable,Objet_06955
Oxidizing,Objet_10171
Pressurized,Objet_13837
Flammable,Objet_13933
Flammable,Objet_29306
Pressurized,Objet_25263
Flammable,Objet_27019
Flammable,Objet_08044
Toxic,Objet_20619
Corrosive,Objet_19212
Unspecified,Objet_12936
Food,Objet_15209
Unspecified,Objet_17023
Oxidizing,Objet_24469
Explosive,Objet_17878
Unspecified,Objet_18122
Fragile,Objet_26232
Radioactive,Objet_09254
Explosive,Objet_24425
Pressurized,Objet_09043
Corrosive,Objet_21164
Pressurized,Objet_10764
Corrosive,Objet_04164
Toxic,Objet_14202
Pressurized,Objet_06648
Pressurized,Objet_03991
Toxic,Objet_09909
Pressurized,Objet_16839
Food,Objet_25738
Oxidizing,Objet_18960
Unspecified,Objet_06785
Toxic,Objet_07628
Flammable,Objet_23216
Radioactive,Objet_17169
Explosive,Objet_16091
Food,Objet_24862
Fragile,Objet_00904
Fragile,Objet_25085
Oxidizing,Objet_30070
Radioactive,Objet_12676
Flammable,Objet_15541
Radioactive,Objet_07496
Pressurized,Objet_17316
Explosive,Objet_08639
Pressurized,Objet_14405
Food,Objet_11651
Radioactive,Objet_13495
Radioactive,Objet_25055
Flammable,Objet_18729
Corrosive,Objet_07896
Unspecified,Objet_02678
Pressurized,Objet_17003
Oxidizing,Objet_07648
Food,Objet_28047
Fragile,Objet_02600
Toxic,Objet_10397
Oxidizing,Objet_06749
Explosive,Objet_07122
Toxic,Objet_25714
Explosive,Objet_26632
Flammable,Objet_12064
Explosive,Objet_24981
Unspecified,Objet_21835
Corrosive,Objet_03859
Food,Objet_03038
Explosive,Objet_29612
Pressurized,Objet_00173
Radioactive,Objet_03593
Food,Objet_21541
Fragile,Objet_16417
Explosive,Objet_27781
Oxidizing,Objet_09954
Flammable,Objet_14815
Oxidizing,Objet_12876
Flammable,Objet_05142
Fragile,Objet_17512
Food,Objet_26751
Radioactive,Objet_00837
Oxidizing,Objet_18613
Unspecified,Objet_01288
Corrosive,Objet_05012
Oxidizing,Objet_28962
Oxidizing,Objet_13240
Radioactive,Objet_29802
Food,Objet_06803
Toxic,Objet_19941
Toxic,Objet_07874
Toxic,Objet_04182
Fragile,Objet_09874
Pressurized,Objet_01530
Pressurized,Objet_30036
Radioactive,Objet_02446
Toxic,Objet_06559
Flammable,Objet_28037
Radioactive,Objet_22064
Food,Objet_02141
Radioactive,Objet_04971
Explosive,Objet_08037
Food,Objet_15785
Oxidizing,Objet_17873
Explosive,Objet_28006
Toxic,Objet_13886
Flammable,Objet_07834
Pressurized,Objet_22497
Pressurized,Objet_23391
Toxic,Objet_29975
Explosive,Objet_18363
Corrosive,Objet_02031
Food,Objet_26041
Unspecified,Objet_01509
Radioactive,Objet_23957
Food,Objet_13592
Corrosive,Objet_28264
Toxic,Objet_09626
Toxic,Objet_01181
Food,Objet_02376
Flammable,Objet_06383
Pressurized,Objet_17624
Corrosive,Objet_17807
Unspecified,Objet_24047
Food,Objet_07606
Unspecified,Objet_07438
Toxic,Objet_06601
Toxic,Objet_00629
Explosive,Objet_23672
Radioactive,Objet_02264
Food,Objet_19474
Fragile,Objet_26306
Corrosive,Objet_20291
Oxidizing,Objet_15020
Fragile,Objet_21213
Oxidizing,Objet_04280
Flammable,Objet_05377
Explosive,Objet_12497
Toxic,Objet_01461
Oxidizing,Objet_05087
Flammable,Objet_01341
Unspecified,Objet_02988
Toxic,Objet_24778
Food,Objet_10115
Food,Objet_16556
Oxidizing,Objet_26161
Corrosive,Objet_29993
Unspecified,Objet_28382
Corrosive,Objet_18003
Explosive,Objet_01731
Food,Objet_12456
Fragile,Objet_27562
Flammable,Objet_07720
Explosive,Objet_08723
Toxic,Objet_28892
Flammable,Objet_00543
Food,Objet_27556
Fragile,Objet_09077
Radioactive,Objet_17735
Oxidizing,Objet_21515
Fragile,Objet_22881
Fragile,Objet_29672
Radioactive,Objet_04957
Toxic,Objet_03758
Fragile,Objet_05370
Radioactive,Objet_25606
Oxidizing,Objet_06087
Radioactive,Objet_12165
Toxic,Objet_20551
Unspecified,Objet_06500
Food,Objet_13562
Explosive,Objet_00359
Food,Objet_18065
Toxic,Objet_26792
Fragile,Objet_06036
Fragile,Objet_14990
Food,Objet_21258
Food,Objet_11533
Radioactive,Objet_04473
Flammable,Objet_03907
Food,Objet_16100
Fragile,Objet_03100
Radioactive,Objet_16593
Pressurized,Objet_20336
Corrosive,Objet_26169
Radioactive,Objet_06979
Unspecified,Objet_06872
Toxic,Objet_03348
Fragile,Objet_04571
Food,Objet_16777
Toxic,Objet_16016
Unspecified,Objet_11477
Radioactive,Objet_27139
Oxidizing,Objet_24854
Oxidizing,Objet_12012
Food,Objet_02930
Oxidizing,Objet_12085
Corrosive,Objet_27234
Radioactive,Objet_28216
Food,Objet_29450
Food,Objet_20514
Explosive,Objet_09272
Oxidizing,Objet_18265
Oxidizing,Objet_18818
Flammable,Objet_30144
Oxidizing,Objet_03141
Oxidizing,Objet_22383
Pressurized,Objet_21647
Flammable,Objet_22173
Flammable,Objet_29020
Toxic,Objet_14118
Pressurized,Objet_00717
Radioactive,Objet_26429
Explosive,Objet_19932
Unspecified,Objet_30145
Food,Objet_14547
Food,Objet_14417
Corrosive,Objet_12400
Oxidizing,Objet_16103
Fragile,Objet_07879
Flammable,Objet_19275
Pressurized,Objet_05009
Pressurized,Objet_17562
Unspecified,Objet_17705
Food,Objet_02313
Flammable,Objet_17041
Pressurized,Objet_03559
Pressurized,Objet_23250
Toxic,Objet_10793
Oxidizing,Objet_20936
Radioactive,Objet_05033
Explosive,Objet_08048
Fragile,Objet_09951
Pressurized,Objet_05111
Flammable,Objet_13150
Fragile,Objet_23811
Flammable,Objet_27860
Fragile,Objet_29425
Pressurized,Objet_07694
Explosive,Objet_19892
Radioactive,Objet_12170
Toxic,Objet_11377
Corrosive,Objet_29191
Unspecified,Objet_05060
Explosive,Objet_14438
Food,Objet_25810
Fragile,Objet_13820
Radioactive,Objet_11605
Oxidizing,Objet_10414
Flammable,Objet_16269
Fragile,Objet_27939
Corrosive,Objet_25524
Pressurized,Objet_04573
Toxic,Objet_16825
Explosive,Objet_29493
Radioactive,Objet_24162
Radioactive,Objet_25300
Toxic,Objet_30084
Pressurized,Objet_05019
Fragile,Objet_11172
Toxic,Objet_28830
Oxidizing,Objet_26439
Radioactive,Objet_09872
Unspecified,Objet_17101
Unspecified,Objet_05596
Fragile,Objet_15946
Fragile,Objet_29910
Explosive,Objet_04228
Pressurized,Objet_08002
Unspecified,Objet_17059
Corrosive,Objet_05896
Corrosive,Objet_05455
Oxidizing,Objet_05438
Pressurized,Objet_17339
Unspecified,Objet_26756
Unspecified,Objet_08623
Explosive,Objet_02831
Radioactive,Objet_05951
Pressurized,Objet_27625
Radioactive,Objet_13071
Explosive,Objet_00453
Explosive,Objet_06447
Food,Objet_06058
Flammable,Objet_04528
Pressurized,Objet_19056
Corrosive,Objet_16727
Corrosive,Objet_14818
Unspecified,Objet_20506
Oxidizing,Objet_13452
Oxidizing,Objet_04730
Unspecified,Objet_06467
Fragile,Objet_23890
Fragile,Objet_14285
Unspecified,Objet_23330
Pressurized,Objet_13515
Fragile,Objet_30013
Food,Objet_29955
Unspecified,Objet_05088
Radioactive,Objet_23615
Fragile,Objet_28510
Corrosive,Objet_04399
Corrosive,Objet_21649
Fragile,Objet_18695
Pressurized,Objet_26837
Toxic,Objet_29733
Radioactive,Objet_04654
Corrosive,Objet_03125
Toxic,Objet_21831
Flammable,Objet_18762
Flammable,Objet_04255
Food,Objet_04003
Corrosive,Objet_06599
Oxidizing,Objet_10899
Corrosive,Objet_13132
Food,Objet_05761
Corrosive,Objet_15690
Oxidizing,Objet_25250
Unspecified,Objet_00969
Unspecified,Objet_11905
Toxic,Objet_18414
Explosive,Objet_26062
Toxic,Objet_06904
Food,Objet_25190
Oxidizing,Objet_15584
Explosive,Objet_05540
Fragile,Objet_27069
Food,Objet_15574
Toxic,Objet_20745
Corrosive,Objet_05035
Pressurized,Objet_18635
Corrosive,Objet_19370
Unspecified,Objet_25795
Fragile,Objet_29566
Food,Objet_07090
Fragile,Objet_25309
Pressurized,Objet_13640
Fragile,Objet_22940
Corrosive,Objet_24122
Oxidizing,Objet_06557
Explosive,Objet_25240
Unspecified,Objet_29675
Food,Objet_13596
Toxic,Objet_09812
Explosive,Objet_07844
Food,Objet_11423
Oxidizing,Objet_10903
Toxic,Objet_13647
Corrosive,Objet_16770
Unspecified,Objet_17932
Corrosive,Objet_24246
Pressurized,Objet_13793
Unspecified,Objet_12791
Explosive,Objet_23657
Food,Objet_13589
Oxidizing,Objet_27743
Explosive,Objet_06548
Radioactive,Objet_19783
Unspecified,Objet_03968
Food,Objet_21338
Unspecified,Objet_06974
Corrosive,Objet_23883
Food,Objet_00492
Unspecified,Objet_09597
Explosive,Objet_22763
Food,Objet_10155
Oxidizing,Objet_13306
Flammable,Objet_16470
Toxic,Objet_21691
Pressurized,Objet_04128
Flammable,Objet_30140
Pressurized,Objet_20127
Radioactive,Objet_11728
Food,Objet_08644
Food,Objet_19514
Unspecified,Objet_26656
Unspecified,Objet_10758
Pressurized,Objet_08852
Explosive,Objet_28454
Flammable,Objet_09562
Explosive,Objet_19900
Fragile,Objet_06806
Explosive,Objet_27883
Pressurized,Objet_05924
Oxidizing,Objet_26546
Radioactive,Objet_17236
Oxidizing,Objet_14677
Toxic,Objet_29640
Corrosive,Objet_21316
Oxidizing,Objet_07878
Pressurized,Objet_12951
Flammable,Objet_03206
Unspecified,Objet_23043
Unspecified,Objet_06734
Unspecified,Objet_26757
Radioactive,Objet_00296
Explosive,Objet_23828
Oxidizing,Objet_05528
Food,Objet_15940
Food,Objet_28997
Explosive,Objet_24968
Pressurized,Objet_21200
Fragile,Objet_00782
Oxidizing,Objet_09006
Unspecified,Objet_08333
Toxic,Objet_29061
Flammable,Objet_04223
Explosive,Objet_28607
Toxic,Objet_22391
Pressurized,Objet_29729
Toxic,Objet_21282
Fragile,Objet_05296
Fragile,Objet_29004
Toxic,Objet_10619
Corrosive,Objet_09769
Flammable,Objet_19916
Unspecified,Objet_03491
Unspecified,Objet_22507
Toxic,Objet_26969
Explosive,Objet_08279
Unspecified,Objet_22797
Flammable,Objet_04744
Food,Objet_22560
Oxidizing,Objet_04309
Toxic,Objet_00620
Radioactive,Objet_15084
Flammable,Objet_18557
Food,Objet_11899
Unspecified,Objet_11790
Radioactive,Objet_08680
Pressurized,Objet_25371
Unspecified,Objet_08739
Pressurized,Objet_23613
Oxidizing,Objet_26319
Flammable,Objet_25978
Corrosive,Objet_10727
Food,Objet_13908
Pressurized,Objet_30009
Unspecified,Objet_21677
Radioactive,Objet_24423
Fragile,Objet_23766
Oxidizing,Objet_11201
Flammable,Objet_13622
Pressurized,Objet_09859
Oxidizing,Objet_23011
Flammable,Objet_00317
Radioactive,Objet_23880
Oxidizing,Objet_08120
Fragile,Objet_11751
Food,Objet_14456
Flammable,Objet_08925
Pressurized,Objet_12657
Explosive,Objet_04375
Corrosive,Objet_01359
Corrosive,Objet_26798
Toxic,Objet_15284
Flammable,Objet_14813
Toxic,Objet_00372
Fragile,Objet_15342
Explosive,Objet_09238
Flammable,Objet_12520
Fragile,Objet_19198
Flammable,Objet_14614
Explosive,Objet_04482
Unspecified,Objet_29903
Corrosive,Objet_10528
Flammable,Objet_22425
Radioactive,Objet_29334
Oxidizing,Objet_25616
Flammable,Objet_02756
Flammable,Objet_26999
Flammable,Objet_23208
Oxidizing,Objet_11562
Fragile,Objet_18684
Explosive,Objet_30055
Radioactive,Objet_17467
Fragile,Objet_19633
Explosive,Objet_11755
Pressurized,Objet_24378
Food,Objet_13057
Toxic,Objet_29848
Oxidizing,Objet_09423
Corrosive,Objet_15538
Unspecified,Objet_24049
Explosive,Objet_08109
Oxidizing,Objet_11629
Toxic,Objet_20174
Unspecified,Objet_16015
Toxic,Objet_18251
Food,Objet_15949
Flammable,Objet_01421
Explosive,Objet_06527
Toxic,Objet_10420
Toxic,Objet_04396
Fragile,Objet_13432
Unspecified,Objet_19386
Oxidizing,Objet_27653
Unspecified,Objet_18926
Unspecified,Objet_01750
Food,Objet_13815
Food,Objet_06457
Toxic,Objet_23533
Food,Objet_10626
Radioactive,Objet_21157
Oxidizing,Objet_14777
Radioactive,Objet_22653
Explosive,Objet_25006
Unspecified,Objet_26645
Unspecified,Objet_19735
Pressurized,Objet_04143
Explosive,Objet_14461
Pressurized,Objet_20013
Toxic,Objet_28469
Toxic,Objet_25372
Corrosive,Objet_12132
Toxic,Objet_03963
Pressurized,Objet_29978
Fragile,Objet_22833
Flammable,Objet_19256
Flammable,Objet_04493
Toxic,Objet_28908
Toxic,Objet_14504
Food,Objet_20934
Pressurized,Objet_10944
Explosive,Objet_19238
Toxic,Objet_10343
Corrosive,Objet_05222
Explosive,Objet_08750
Food,Objet_14616
Pressurized,Objet_29471
Pressurized,Objet_27546
Pressurized,Objet_22401
Food,Objet_18681
Corrosive,Objet_14262
Food,Objet_15420
Fragile,Objet_07208
Unspecified,Objet_21346
Fragile,Objet_16120
Food,Objet_07776
Toxic,Objet_06687
Explosive,Objet_22984
Pressurized,Objet_21385
Pressurized,Objet_02198
Explosive,Objet_15368
Fragile,Objet_00348
Fragile,Objet_03278
Pressurized,Objet_18218
Fragile,Objet_20004
Oxidizing,Objet_21544
Explosive,Objet_05638
Toxic,Objet_11184
Radioactive,Objet_08186
Explosive,Objet_05175
Explosive,Objet_10163
Flammable,Objet_07636
Fragile,Objet_12395
Pressurized,Objet_25469
Explosive,Objet_06190
Fragile,Objet_11878
Oxidizing,Objet_22677
Fragile,Objet_24928
Oxidizing,Objet_26625
Oxidizing,Objet_25891
Food,Objet_10653
Pressurized,Objet_07767
Food,Objet_27190
Corrosive,Objet_21739
Radioactive,Objet_14496
Food,Objet_03009
Radioactive,Objet_05259
Radioactive,Objet_04186
Unspecified,Objet_15553
Oxidizing,Objet_09190
Explosive,Objet_26514
Food,Objet_18395
Unspecified,Objet_27342
Flammable,Objet_07592
Radioactive,Objet_24234
Radioactive,Objet_29662
Corrosive,Objet_06085
Corrosive,Objet_10551
Explosive,Objet_03139
Unspecified,Objet_24530
Unspecified,Objet_20441
Fragile,Objet_16432
Explosive,Objet_07824
Flammable,Objet_29204
Explosive,Objet_29637
Fragile,Objet_25147
Explosive,Objet_24441
Fragile,Objet_27164
Food,Objet_16648
Food,Objet_11468
Pressurized,Objet_12372
Unspecified,Objet_20156
Oxidizing,Objet_24317
Corrosive,Objet_16591
Pressurized,Objet_14393
Radioactive,Objet_14344
Radioactive,Objet_02686
Explosive,Objet_13594
Explosive,Objet_13709
Oxidizing,Objet_18590
Fragile,Objet_25387
Toxic,Objet_07404
Flammable,Objet_02207
Explosive,Objet_26099
Unspecified,Objet_11390
Flammable,Objet_18217
Food,Objet_20734
Toxic,Objet_04631
Explosive,Objet_18717
Pressurized,Objet_00293
Food,Objet_12076
Pressurized,Objet_19590
Radioactive,Objet_00421
Oxidizing,Objet_22057
Flammable,Objet_03063
Fragile,Objet_22898
Corrosive,Objet_00219
Toxic,Objet_05098
Pressurized,Objet_20997
Explosive,Objet_26309
Fragile,Objet_06301
Fragile,Objet_15231
Radioactive,Objet_15532
Unspecified,Objet_22827
Oxidizing,Objet_28321
Toxic,Objet_00585
Radioactive,Objet_17355
Oxidizing,Objet_06576
Explosive,Objet_12696
Flammable,Objet_11278
Flammable,Objet_02200
Toxic,Objet_07023
Food,Objet_01480
Oxidizing,Objet_07112
Oxidizing,Objet_07789
Corrosive,Objet_16586
Fragile,Objet_11441
Food,Objet_03927
Radioactive,Objet_05357
Food,Objet_19726
Pressurized,Objet_08416
Toxic,Objet_10193
Oxidizing,Objet_21586
Oxidizing,Objet_17218
Pressurized,Objet_22985
Corrosive,Objet_21089
Corrosive,Objet_25941
Corrosive,Objet_13586
Food,Objet_06571
Unspecified,Objet_17621
Unspecified,Objet_27868
Pressurized,Objet_26336
Toxic,Objet_24803
Oxidizing,Objet_16268
Radioactive,Objet_20847
Oxidizing,Objet_10694
Flammable,Objet_28182
Food,Objet_04942
Food,Objet_04448
Oxidizing,Objet_08561
Corrosive,Objet_02104
Toxic,Objet_23474
Food,Objet_22919
Food,Objet_13915
Radioactive,Objet_14926
Radioactive,Objet_09245
Oxidizing,Objet_04739
Fragile,Objet_27572
Explosive,Objet_01966
Flammable,Objet_17078
Explosive,Objet_09018
Pressurized,Objet_01857
Flammable,Objet_05648
Food,Objet_15771
Radioactive,Objet_15509
Explosive,Objet_26296
Flammable,Objet_22292
Toxic,Objet_18126
Fragile,Objet_16779
Unspecified,Objet_03610
Corrosive,Objet_17497
Pressurized,Objet_08603
Toxic,Objet_27692
Explosive,Objet_06821
Toxic,Objet_02294
Corrosive,Objet_15325
Oxidizing,Objet_13754
Oxidizing,Objet_02384
Pressurized,Objet_14713
Radioactive,Objet_13352
Corrosive,Objet_01498
Oxidizing,Objet_03651
Oxidizing,Objet_22454
Radioactive,Objet_11489
Pressurized,Objet_13166
Fragile,Objet_10085
Oxidizing,Objet_05945
Radioactive,Objet_22426
Unspecified,Objet_12221
Explosive,Objet_14164
Oxidizing,Objet_23449
Corrosive,Objet_14296
Radioactive,Objet_01053
Toxic,Objet_22742
Radioactive,Objet_05934
Unspecified,Objet_08553
Fragile,Objet_07805
Radioactive,Objet_06950
Corrosive,Objet_24097
Food,Objet_05696
Explosive,Objet_13421
Food,Objet_10622
Pressurized,Objet_13347
Flammable,Objet_16193
Toxic,Objet_07310
Explosive,Objet_17098
Pressurized,Objet_00820
Flammable,Objet_27089
Radioactive,Objet_13411
Food,Objet_08758
Oxidizing,Objet_11326
Explosive,Objet_21185
Unspecified,Objet_00128
Unspecified,Objet_15745
Oxidizing,Objet_17129
Toxic,Objet_10924
Flammable,Objet_15074
Oxidizing,Objet_10296
Food,Objet_01935
Unspecified,Objet_26181
Flammable,Objet_17185
Unspecified,Objet_10162
Food,Objet_05602
Food,Objet_13055
Toxic,Objet_23695
Oxidizing,Objet_21738
Explosive,Objet_06008
Radioactive,Objet_04603
Oxidizing,Objet_01192
Explosive,Objet_23219
Oxidizing,Objet_16394
Radioactive,Objet_13919
Explosive,Objet_18980
Food,Objet_09472
Fragile,Objet_26551
Oxidizing,Objet_10514
Fragile,Objet_23525
Toxic,Objet_19796
Unspecified,Objet_23955
Fragile,Objet_29028
Oxidizing,Objet_29826
Pressurized,Objet_24770
Flammable,Objet_19147
Radioactive,Objet_16198
Corrosive,Objet_23051
Oxidizing,Objet_02562
Explosive,Objet_20237
Radioactive,Objet_23933
Explosive,Objet_29890
Food,Objet_16579
Flammable,Objet_02631
Fragile,Objet_15152
Oxidizing,Objet_20541
Unspecified,Objet_25889
Corrosive,Objet_11106
Toxic,Objet_29309
Food,Objet_28013
Corrosive,Objet_04020
Radioactive,Objet_07856
Explosive,Objet_28424
Pressurized,Objet_22480
Flammable,Objet_26682
Flammable,Objet_18307
Food,Objet_13319
Oxidizing,Objet_09264
Oxidizing,Objet_06072
Corrosive,Objet_06393
Pressurized,Objet_27700
Radioactive,Objet_16026
Toxic,Objet_01996
Corrosive,Objet_14746
Pressurized,Objet_23041
Oxidizing,Objet_13423
Food,Objet_15581
Pressurized,Objet_25874
Corrosive,Objet_23675
Corrosive,Objet_18180
Food,Objet_07465
Fragile,Objet_06801
Oxidizing,Objet_22518
Radioactive,Objet_08308
Toxic,Objet_25923
Explosive,Objet_03452
Fragile,Objet_29475
Fragile,Objet_02950
Fragile,Objet_15530
Pressurized,Objet_15278
Unspecified,Objet_23629
Fragile,Objet_09193
Unspecified,Objet_06170
Unspecified,Objet_28181
Radioactive,Objet_15270
Explosive,Objet_16898
Toxic,Objet_26338
Pressurized,Objet_22449
Explosive,Objet_11999
Flammable,Objet_29069
Oxidizing,Objet_10879
Corrosive,Objet_01673
Oxidizing,Objet_03977
Oxidizing,Objet_01470
Corrosive,Objet_16512
Pressurized,Objet_29126
Pressurized,Objet_26312
Toxic,Objet_14484
Unspecified,Objet_00408
Flammable,Objet_26985
Corrosive,Objet_12780
Pressurized,Objet_06182
Food,Objet_16086
Explosive,Objet_20637
Radioactive,Objet_19215
Food,Objet_07377
Fragile,Objet_28968
Pressurized,Objet_15124
Corrosive,Objet_04761
Oxidizing,Objet_28232
Flammable,Objet_26380
Oxidizing,Objet_05483
Food,Objet_27157
Radioactive,Objet_29314
Toxic,Objet_05274
Corrosive,Objet_13141
Explosive,Objet_16542
Pressurized,Objet_16459
Corrosive,Objet_07535
Unspecified,Objet_06441
Unspecified,Objet_09777
Toxic,Objet_29572
Toxic,Objet_07374
Pressurized,Objet_18974
Explosive,Objet_00945
Toxic,Objet_04708
Pressurized,Objet_01131
Fragile,Objet_23749
Radioactive,Objet_19822
Pressurized,Objet_02295
Pressurized,Objet_08316
Oxidizing,Objet_00391
Unspecified,Objet_17824
Corrosive,Objet_08480
Oxidizing,Objet_04248
Explosive,Objet_09914
Fragile,Objet_12913
Radioactive,Objet_11553
Unspecified,Objet_16880
Explosive,Objet_22318
Unspecified,Objet_15958
Unspecified,Objet_10681
Fragile,Objet_11098
Unspecified,Objet_22597
Toxic,Objet_17375
Food,Objet_10482
Toxic,Objet_27716
Unspecified,Objet_17228
Toxic,Objet_01473
Unspecified,Objet_11744
Toxic,Objet_27154
Food,Objet_24065
Explosive,Objet_20452
Corrosive,Objet_29203
Toxic,Objet_03435
Corrosive,Objet_03617
Unspecified,Objet_01019
Pressurized,Objet_28348
Pressurized,Objet_28677
Radioactive,Objet_15101
Radioactive,Objet_09157
Oxidizing,Objet_17604
Food,Objet_06652
Food,Objet_11495
Fragile,Objet_03536
Oxidizing,Objet_20444
Fragile,Objet_17801
Corrosive,Objet_26424
Explosive,Objet_06452
Oxidizing,Objet_08531
Pressurized,Objet_02991
Radioactive,Objet_16506
Corrosive,Objet_10672
Oxidizing,Objet_06800
Radioactive,Objet_14237
Flammable,Objet_21756
Flammable,Objet_10772
Corrosive,Objet_27383
Pressurized,Objet_00329
Fragile,Objet_06297
Radioactive,Objet_07150
Corrosive,Objet_07344
Unspecified,Objet_11421
Unspecified,Objet_07760
Unspecified,Objet_09390
Corrosive,Objet_24846
Unspecified,Objet_25933
Flammable,Objet_04955
Radioactive,Objet_03938
Oxidizing,Objet_06672
Toxic,Objet_28478
Fragile,Objet_26834
Radioactive,Objet_05263
Food,Objet_03002
Radioactive,Objet_22192
Radioactive,Objet_29649
Toxic,Objet_02797
Oxidizing,Objet_09758
Oxidizing,Objet_09799
Unspecified,Objet_27185
Food,Objet_08558
Fragile,Objet_19197
Oxidizing,Objet_03306
Oxidizing,Objet_08725
Explosive,Objet_02052
Unspecified,Objet_19875
Radioactive,Objet_26619
Corrosive,Objet_03444
Fragile,Objet_03576
Radioactive,Objet_21275
Food,Objet_20057
Explosive,Objet_26835
Flammable,Objet_21211
Explosive,Objet_01199
Explosive,Objet_29947
Fragile,Objet_04498
Explosive,Objet_10478
Fragile,Objet_26772
Explosive,Objet_28526
Pressurized,Objet_02211
Oxidizing,Objet_20065
Toxic,Objet_02918
Flammable,Objet_09079
Food,Objet_17586
Explosive,Objet_09133
Flammable,Objet_22169
Unspecified,Objet_14219
Toxic,Objet_28793
Unspecified,Objet_20649
Fragile,Objet_22017
Fragile,Objet_28629
Unspecified,Objet_19626
Explosive,Objet_12163
Fragile,Objet_24450
Oxidizing,Objet_27467
Corrosive,Objet_14578
Oxidizing,Objet_04637
Radioactive,Objet_25885
Oxidizing,Objet_15487
Corrosive,Objet_21317
Toxic,Objet_29535
Food,Objet_21227
Unspecified,Objet_16692
Oxidizing,Objet_08955
Explosive,Objet_09292
Oxidizing,Objet_28485
Corrosive,Objet_16862
Explosive,Objet_29570
Oxidizing,Objet_02900
Radioactive,Objet_26878
Radioactive,Objet_08340
Explosive,Objet_20293
Toxic,Objet_15017
Explosive,Objet_27075
Oxidizing,Objet_18801
Toxic,Objet_17743
Toxic,Objet_23312
Unspecified,Objet_12794
Unspecified,Objet_23998
Food,Objet_18227
Flammable,Objet_15129
Unspecified,Objet_18024
Flammable,Objet_17997
Unspecified,Objet_22579
Flammable,Objet_20181
Oxidizing,Objet_16716
Food,Objet_26304
Explosive,Objet_24857
Radioactive,Objet_09309
Fragile,Objet_01032
Unspecified,Objet_23210
Corrosive,Objet_04741
Fragile,Objet_23694
Radioactive,Objet_05694
Radioactive,Objet_08679
Pressurized,Objet_03881
Unspecified,Objet_00888
Food,Objet_22131
Oxidizing,Objet_06001
Unspecified,Objet_17214
Unspecified,Objet_26440
Toxic,Objet_18214
Explosive,Objet_18341
Pressurized,Objet_15224
Explosive,Objet_24754
Toxic,Objet_07656
Pressurized,Objet_06894
Unspecified,Objet_22743
Unspecified,Objet_00496
Oxidizing,Objet_07010
Food,Objet_24524
Oxidizing,Objet_17093
Pressurized,Objet_21891
Fragile,Objet_27292
Fragile,Objet_13924
Fragile,Objet_17263
Pressurized,Objet_00918
Radioactive,Objet_24765
Corrosive,Objet_29068
Fragile,Objet_29134
Flammable,Objet_17836
Oxidizing,Objet_07403
Pressurized,Objet_16987
Explosive,Objet_13070
Fragile,Objet_11236
Corrosive,Objet_10773
Pressurized,Objet_01035
Oxidizing,Objet_00291
Corrosive,Objet_17072
Oxidizing,Objet_09543
Unspecified,Objet_20611
Corrosive,Objet_04252
Fragile,Objet_15823
Corrosive,Objet_22764
Explosive,Objet_11894
Explosive,Objet_08960
Flammable,Objet_13404
Explosive,Objet_04385
Pressurized,Objet_08045
Oxidizing,Objet_20047
Fragile,Objet_11096
Radioactive,Objet_08216
Toxic,Objet_01902
Explosive,Objet_20037
Explosive,Objet_29080
Unspecified,Objet_08982
Explosive,Objet_21940
Radioactive,Objet_18189
Corrosive,Objet_10703
Radioactive,Objet_11879
Food,Objet_29192
Radioactive,Objet_00134
Radioactive,Objet_08524
Explosive,Objet_16433
Oxidizing,Objet_18411
Flammable,Objet_00538
Flammable,Objet_20523
Food,Objet_29220
Pressurized,Objet_16578
Pressurized,Objet_04415
Unspecified,Objet_07716
Pressurized,Objet_28144
Unspecified,Objet_28533
Oxidizing,Objet_13573
Toxic,Objet_20418
Corrosive,Objet_17266
Explosive,Objet_26368
Radioactive,Objet_17334
Corrosive,Objet_20866
Food,Objet_13416
Radioactive,Objet_07513
Toxic,Objet_16662
Food,Objet_20888
Corrosive,Objet_16896
Radioactive,Objet_22905
Unspecified,Objet_22620
Pressurized,Objet_06084
Pressurized,Objet_09943
Corrosive,Objet_27153
Explosive,Objet_02718
Toxic,Objet_05415
Food,Objet_01492
Fragile,Objet_22581
Explosive,Objet_21800
Food,Objet_12471
Explosive,Objet_17518
Corrosive,Objet_16137
Explosive,Objet_24372
Radioactive,Objet_27297
Toxic,Objet_09078
Corrosive,Objet_06065
Fragile,Objet_25047
Unspecified,Objet_25626
Fragile,Objet_18274
Corrosive,Objet_23558
Corrosive,Objet_10005
Unspecified,Objet_12580
Unspecified,Objet_22313
Corrosive,Objet_29276
Fragile,Objet_18011
Flammable,Objet_00023
Toxic,Objet_14355
Fragile,Objet_17533
Explosive,Objet_25109
Oxidizing,Objet_17546
Unspecified,Objet_12443
Pressurized,Objet_07485
Pressurized,Objet_13147
Food,Objet_22603
Radioactive,Objet_22950
Fragile,Objet_21051
Unspecified,Objet_04361
Toxic,Objet_01589
Flammable,Objet_20712
Food,Objet_13483
Toxic,Objet_12815
Toxic,Objet_01448
Pressurized,Objet_01576
Oxidizing,Objet_09844
Unspecified,Objet_20943
Explosive,Objet_17593
Food,Objet_00891
Fragile,Objet_27416
Unspecified,Objet_29552
Radioactive,Objet_29607
Pressurized,Objet_12761
Pressurized,Objet_08755
Fragile,Objet_28649
Toxic,Objet_28652
Pressurized,Objet_29761
Unspecified,Objet_06455
Food,Objet_25768
Unspecified,Objet_12778
Unspecified,Objet_16347
Pressurized,Objet_03616
Fragile,Objet_07373
Food,Objet_14086
Pressurized,Objet_10769
Oxidizing,Objet_28300
Toxic,Objet_08968
Corrosive,Objet_15256
Radioactive,Objet_05645
Unspecified,Objet_16386
Pressurized,Objet_12608
Oxidizing,Objet_03098
Toxic,Objet_22079
Unspecified,Objet_08399
Corrosive,Objet_30093
Corrosive,Objet_09846
Corrosive,Objet_13618
Corrosive,Objet_18715
Radioactive,Objet_19081
Fragile,Objet_14108
Corrosive,Objet_22439
Radioactive,Objet_00030
Explosive,Objet_20061
Unspecified,Objet_04470
Toxic,Objet_10734
Oxidizing,Objet_06248
Corrosive,Objet_05641
Oxidizing,Objet_02588
Radioactive,Objet_19921
Pressurized,Objet_17543
Unspecified,Objet_19376
Unspecified,Objet_16143
Fragile,Objet_00019
Radioactive,Objet_02519
Flammable,Objet_27473
Corrosive,Objet_00889
Pressurized,Objet_02241
Food,Objet_29767
Oxidizing,Objet_29654
Food,Objet_05811
Fragile,Objet_17238
Pressurized,Objet_13658
Fragile,Objet_04218
Pressurized,Objet_21255
Fragile,Objet_20310
Food,Objet_27353
Fragile,Objet_00442
Explosive,Objet_07562
Pressurized,Objet_19676
Food,Objet_25450
Radioactive,Objet_09011
Pressurized,Objet_28814
Corrosive,Objet_07774
Corrosive,Objet_26827
Toxic,Objet_07234
Explosive,Objet_11910
Flammable,Objet_23174
Fragile,Objet_24904
Oxidizing,Objet_15805
Explosive,Objet_04064
Unspecified,Objet_07802
Explosive,Objet_25101
Corrosive,Objet_05572
Fragile,Objet_09085
Explosive,Objet_00211
Food,Objet_11429
Food,Objet_20736
Explosive,Objet_15128
Toxic,Objet_28515
Flammable,Objet_10698
Food,Objet_17879
Oxidizing,Objet_16612
Flammable,Objet_03687
Pressurized,Objet_22043
Flammable,Objet_24922
Explosive,Objet_10927
Oxidizing,Objet_28597
Food,Objet_02768
Corrosive,Objet_14090
Food,Objet_12725
Fragile,Objet_29099
Flammable,Objet_25868
Food,Objet_07207
Fragile,Objet_05562
Flammable,Objet_04676
Pressurized,Objet_29894
Oxidizing,Objet_21772
Radioactive,Objet_19573
Fragile,Objet_18091
Corrosive,Objet_25009
Fragile,Objet_12177
Explosive,Objet_19765
Oxidizing,Objet_11383
Oxidizing,Objet_01022
Explosive,Objet_05379
Explosive,Objet_03316
Radioactive,Objet_01402
Toxic,Objet_19131
Toxic,Objet_26178
Corrosive,Objet_17100
Fragile,Objet_02784
Food,Objet_28207
Corrosive,Objet_13876
Unspecified,Objet_27907
Unspecified,Objet_08271
Corrosive,Objet_28738
Explosive,Objet_06747
Food,Objet_09408
Fragile,Objet_26487
Oxidizing,Objet_03551
Fragile,Objet_20526
Explosive,Objet_10192
Food,Objet_13190
Corrosive,Objet_00637
Fragile,Objet_22634
Pressurized,Objet_19586
Explosive,Objet_23083
Food,Objet_22231
Oxidizing,Objet_16900
Oxidizing,Objet_21465
Oxidizing,Objet_12616
Food,Objet_00874
Radioactive,Objet_22658
Flammable,Objet_25042
Toxic,Objet_15545
Explosive,Objet_29315
Toxic,Objet_12025
Food,Objet_14530
Pressurized,Objet_02220
Toxic,Objet_04500
Flammable,Objet_26063
Radioactive,Objet_29527
Corrosive,Objet_16969
Explosive,Objet_21463
Oxidizing,Objet_00617
Oxidizing,Objet_24678
Radioactive,Objet_13228
Toxic,Objet_06196
Corrosive,Objet_11563
Food,Objet_13398
Explosive,Objet_04600
Unspecified,Objet_24388
Oxidizing,Objet_11108
Pressurized,Objet_16535
Corrosive,Objet_01522
Oxidizing,Objet_15140
Oxidizing,Objet_21461
Food,Objet_25488
Unspecified,Objet_10389
Unspecified,Objet_27963
Unspecified,Objet_25662
Unspecified,Objet_21057
Food,Objet_09367
Radioactive,Objet_12251
Unspecified,Objet_13779
Corrosive,Objet_19291
Pressurized,Objet_04205
Unspecified,Objet_04925
Flammable,Objet_19545
Fragile,Objet_13512
Explosive,Objet_12841
Oxidizing,Objet_18571
Food,Objet_10695
Flammable,Objet_02232
Explosive,Objet_11112
Pressurized,Objet_13016
Pressurized,Objet_23471
Corrosive,Objet_08298
Radioactive,Objet_08285
Radioactive,Objet_22172
Oxidizing,Objet_08962
Fragile,Objet_26245
Flammable,Objet_07914
Radioactive,Objet_06583
Food,Objet_20761
Radioactive,Objet_21801
Oxidizing,Objet_12469
Oxidizing,Objet_21612
Food,Objet_23198
Food,Objet_16285
Food,Objet_25482
Corrosive,Objet_23380
Radioactive,Objet_20566
Toxic,Objet_22595
Corrosive,Objet_06667
Toxic,Objet_21619
Explosive,Objet_19719
Radioactive,Objet_13083
Explosive,Objet_07146
Corrosive,Objet_06826
Food,Objet_28093
Oxidizing,Objet_03322
Corrosive,Objet_18374
Oxidizing,Objet_18211
Food,Objet_30128
Explosive,Objet_18174
Radioactive,Objet_15014
Oxidizing,Objet_10735
Radioactive,Objet_22992
Pressurized,Objet_24560
Fragile,Objet_01111
Radioactive,Objet_22486
Unspecified,Objet_02832
Toxic,Objet_23918
Fragile,Objet_25291
Toxic,Objet_02551
Oxidizing,Objet_08837
Explosive,Objet_28849
Flammable,Objet_21195
Food,Objet_13068
Flammable,Objet_25129
Unspecified,Objet_22694
Corrosive,Objet_02692
Radioactive,Objet_28468
Fragile,Objet_02176
Fragile,Objet_22813
Pressurized,Objet_10641
Fragile,Objet_20714
Fragile,Objet_08454
Fragile,Objet_06395
Explosive,Objet_27273
Food,Objet_19997
Pressurized,Objet_11584
Flammable,Objet_13785
Radioactive,Objet_26162
Radioactive,Objet_03295
Pressurized,Objet_16303
Flammable,Objet_22496
Flammable,Objet_21116
Explosive,Objet_11552
Food,Objet_10036
Pressurized,Objet_27365
Fragile,Objet_15465
Food,Objet_23752
Pressurized,Objet_18628
Fragile,Objet_24371
Food,Objet_01014
Toxic,Objet_07352
Flammable,Objet_17048
Unspecified,Objet_25568
Corrosive,Objet_21442
Explosive,Objet_18391
Unspecified,Objet_22934
Fragile,Objet_08862
Flammable,Objet_28983
Food,Objet_20005
Toxic,Objet_04568
Food,Objet_04717
Flammable,Objet_12654
Toxic,Objet_12011
Flammable,Objet_29466
Fragile,Objet_22269
Food,Objet_22182
Oxidizing,Objet_18524
Unspecified,Objet_18178
Corrosive,Objet_26191
Oxidizing,Objet_06938
Flammable,Objet_12624
Oxidizing,Objet_07665
Pressurized,Objet_02932
Unspecified,Objet_00327
Corrosive,Objet_21147
Fragile,Objet_04330
Unspecified,Objet_19009
Unspecified,Objet_00595
Flammable,Objet_05339
Pressurized,Objet_19351
Explosive,Objet_11407
Toxic,Objet_21651
Fragile,Objet_19705
Flammable,Objet_13905
Food,Objet_14316
Oxidizing,Objet_17967
Oxidizing,Objet_24207
Pressurized,Objet_07538
Food,Objet_05136
Flammable,Objet_21296
Food,Objet_13816
Corrosive,Objet_03434
Unspecified,Objet_15037
Explosive,Objet_15546
Toxic,Objet_17295
Pressurized,Objet_06580
Food,Objet_12720
Explosive,Objet_03144
Food,Objet_20515
Radioactive,Objet_02983
Pressurized,Objet_12493
Radioactive,Objet_06771
Pressurized,Objet_11930
Oxidizing,Objet_13817
Oxidizing,Objet_15773
Explosive,Objet_20256
Fragile,Objet_26674
Radioactive,Objet_01528
Toxic,Objet_28860
Corrosive,Objet_12370
Explosive,Objet_05179
Toxic,Objet_10434
Unspecified,Objet_04290
Oxidizing,Objet_25160
Pressurized,Objet_12575
Pressurized,Objet_29946
Oxidizing,Objet_21635
Oxidizing,Objet_30056
Food,Objet_14711
Food,Objet_03239
Radioactive,Objet_27895
Corrosive,Objet_00816
Toxic,Objet_21115
Radioactive,Objet_03152
Fragile,Objet_27564
Explosive,Objet_28149
Fragile,Objet_25991
Fragile,Objet_29608
Radioactive,Objet_11613
Toxic,Objet_06282
Fragile,Objet_22154
Oxidizing,Objet_00235
Explosive,Objet_06116
Radioactive,Objet_08360
Radioactive,Objet_11473
Food,Objet_03917
Radioactive,Objet_29701
Food,Objet_20353
Explosive,Objet_12176
Pressurized,Objet_14752
Fragile,Objet_24126
Unspecified,Objet_00158
Unspecified,Objet_26052
Pressurized,Objet_00120
Oxidizing,Objet_02291
Radioactive,Objet_02883
Radioactive,Objet_21871
Fragile,Objet_26248
Pressurized,Objet_01093
Explosive,Objet_18894
Food,Objet_05598
Pressurized,Objet_13688
Toxic,Objet_03601
Radioactive,Objet_18034
Food,Objet_29171
Pressurized,Objet_20173
Toxic,Objet_24497
Radioactive,Objet_28673
Oxidizing,Objet_06183
Flammable,Objet_21744
Food,Objet_15242
Flammable,Objet_04570
Toxic,Objet_02485
Unspecified,Objet_05282
Pressurized,Objet_29920
Toxic,Objet_10686
Oxidizing,Objet_06330
Radioactive,Objet_24927
Explosive,Objet_29889
Unspecified,Objet_20579
Fragile,Objet_10113
Toxic,Objet_09222
Flammable,Objet_27946
Radioactive,Objet_24098
Oxidizing,Objet_08483
Corrosive,Objet_01007
Radioactive,Objet_04929
Oxidizing,Objet_28135
Explosive,Objet_01604
Radioactive,Objet_20846
Flammable,Objet_21110
Toxic,Objet_09861
Unspecified,Objet_27990
Corrosive,Objet_19172
Pressurized,Objet_17407
Unspecified,Objet_29348
Explosive,Objet_09532
Oxidizing,Objet_10214
Toxic,Objet_13720
Unspecified,Objet_28476
Oxidizing,Objet_15055
Fragile,Objet_26003
Unspecified,Objet_22482
Oxidizing,Objet_05162
Oxidizing,Objet_08202
Radioactive,Objet_07873
Oxidizing,Objet_01400
Pressurized,Objet_06487
Radioactive,Objet_04101
Toxic,Objet_15715
Oxidizing,Objet_23405
Corrosive,Objet_19938
Oxidizing,Objet_04282
Food,Objet_25045
Flammable,Objet_03599
Pressurized,Objet_11869
Food,Objet_17589
Fragile,Objet_15995
Radioactive,Objet_21092
Radioactive,Objet_30119
Food,Objet_08956
Oxidizing,Objet_16293
Flammable,Objet_10909
Unspecified,Objet_09265
Oxidizing,Objet_04395
Fragile,Objet_04091
Oxidizing,Objet_20989
Unspecified,Objet_27655
Radioactive,Objet_13320
Oxidizing,Objet_28551
Pressurized,Objet_11541
Unspecified,Objet_07440
Radioactive,Objet_08786
Food,Objet_29078
Fragile,Objet_05586
Oxidizing,Objet_01909
Explosive,Objet_24164
Food,Objet_18721
Corrosive,Objet_07289
Radioactive,Objet_14117
Toxic,Objet_01830
Flammable,Objet_05883
Fragile,Objet_00213
Corrosive,Objet_13636
Fragile,Objet_28206
Radioactive,Objet_27034
Radioactive,Objet_08033
Fragile,Objet_03953
Flammable,Objet_28354
Fragile,Objet_28189
Unspecified,Objet_18927
Food,Objet_03725
Toxic,Objet_09884
Unspecified,Objet_16726
Toxic,Objet_02675
Unspecified,Objet_22645
Food,Objet_08368
Unspecified,Objet_16781
Toxic,Objet_27364
Pressurized,Objet_28000
Fragile,Objet_27032
Fragile,Objet_23934
Radioactive,Objet_27645
Pressurized,Objet_21467
Fragile,Objet_02565
Explosive,Objet_13663
Corrosive,Objet_29787
Flammable,Objet_20851
Flammable,Objet_28969
Explosive,Objet_13436
Flammable,Objet_13047
Fragile,Objet_24906
Food,Objet_05466
Fragile,Objet_28193
Unspecified,Objet_24284
Toxic,Objet_25719
Oxidizing,Objet_00203
Unspecified,Objet_25938
Radioactive,Objet_24689
Explosive,Objet_21155
Radioactive,Objet_06076
Radioactive,Objet_07274
Toxic,Objet_23171
Unspecified,Objet_24639
Fragile,Objet_25851
Corrosive,Objet_07623
Radioactive,Objet_19063
Flammable,Objet_26414
Toxic,Objet_26709
Pressurized,Objet_28434
Oxidizing,Objet_27755
Explosive,Objet_19237
Toxic,Objet_15523
Flammable,Objet_16609
Unspecified,Objet_09541
Corrosive,Objet_07996
Fragile,Objet_23465
Fragile,Objet_22065
Corrosive,Objet_08785
Oxidizing,Objet_01613
Radioactive,Objet_10754
Flammable,Objet_13325
Corrosive,Objet_04320
Unspecified,Objet_01028
Fragile,Objet_25358
Corrosive,Objet_06468
Radioactive,Objet_04151
Radioactive,Objet_07292
Pressurized,Objet_09207
Food,Objet_26201
Radioactive,Objet_18735
Pressurized,Objet_05990
Corrosive,Objet_27758
Food,Objet_19446
Radioactive,Objet_01819
Toxic,Objet_26060
Flammable,Objet_18198
Fragile,Objet_00155
Oxidizing,Objet_09439
Radioactive,Objet_12441
Unspecified,Objet_18471
Oxidizing,Objet_11274
Radioactive,Objet_00686
Unspecified,Objet_16057
Toxic,Objet_22709
Corrosive,Objet_27331
Radioactive,Objet_17265
Pressurized,Objet_14433
Oxidizing,Objet_06222
Oxidizing,Objet_27577
Flammable,Objet_20207
Unspecified,Objet_07430
Explosive,Objet_26320
Explosive,Objet_07229
Flammable,Objet_22026
Explosive,Objet_13664
Toxic,Objet_23136
Unspecified,Objet_19739
Explosive,Objet_18589
Explosive,Objet_13992
Radioactive,Objet_02563
Pressurized,Objet_22512
Corrosive,Objet_14198
Pressurized,Objet_23292
Explosive,Objet_04012
Explosive,Objet_19620
Radioactive,Objet_09522
Food,Objet_10231
Explosive,Objet_28750
Food,Objet_18824
Radioactive,Objet_29361
Explosive,Objet_26556
Food,Objet_03935
Food,Objet_28389
Toxic,Objet_25290
Oxidizing,Objet_28656
Oxidizing,Objet_00018
Explosive,Objet_16853
Corrosive,Objet_14288
Flammable,Objet_07715
Corrosive,Objet_18330
Corrosive,Objet_16677
Corrosive,Objet_24389
Explosive,Objet_12023
Oxidizing,Objet_26773
Unspecified,Objet_07179
Corrosive,Objet_26803
Unspecified,Objet_02145
Fragile,Objet_04027
Flammable,Objet_18615
Pressurized,Objet_22869
Corrosive,Objet_20337
Radioactive,Objet_18224
Unspecified,Objet_17331
Pressurized,Objet_20856
Corrosive,Objet_21357
Food,Objet_15042
Unspecified,Objet_14317
Explosive,Objet_20833
Unspecified,Objet_26527
Radioactive,Objet_14441
Oxidizing,Objet_14483
Oxidizing,Objet_02751
Corrosive,Objet_25022
Explosive,Objet_29133
Unspecified,Objet_07518
Fragile,Objet_23022
Pressurized,Objet_15155
Toxic,Objet_10496
Toxic,Objet_25722
Radioactive,Objet_14753
Flammable,Objet_24758
Radioactive,Objet_10612
Radioactive,Objet_22130
Pressurized,Objet_11118
Unspecified,Objet_14470
Explosive,Objet_26370
Toxic,Objet_03499
Explosive,Objet_07546
Corrosive,Objet_00079
Unspecified,Objet_05253
Fragile,Objet_14007
Toxic,Objet_13540
Toxic,Objet_06663
Food,Objet_11965
Unspecified,Objet_15610
Pressurized,Objet_07110
Flammable,Objet_28837
Toxic,Objet_00286
Unspecified,Objet_06040
Unspecified,Objet_08708
Unspecified,Objet_04514
Toxic,Objet_06288
Radioactive,Objet_20984
Pressurized,Objet_05866
Corrosive,Objet_22835
Oxidizing,Objet_20049
Fragile,Objet_18333
Toxic,Objet_15904
Explosive,Objet_22973
Explosive,Objet_24398
Toxic,Objet_17610
Fragile,Objet_24791
Unspecified,Objet_15049
Radioactive,Objet_15319
Corrosive,Objet_27748
Corrosive,Objet_05921
Flammable,Objet_09950
Flammable,Objet_12977
Flammable,Objet_20768
Food,Objet_03011
Radioactive,Objet_22112
Toxic,Objet_22166
Flammable,Objet_02402
Pressurized,Objet_12605
Fragile,Objet_21552
Fragile,Objet_12606
Food,Objet_20496
Explosive,Objet_15206
Explosive,Objet_20338
Flammable,Objet_03716
Oxidizing,Objet_06949
Corrosive,Objet_25908
Radioactive,Objet_19469
Radioactive,Objet_18168
Fragile,Objet_29002
Flammable,Objet_11757
Explosive,Objet_02460
Explosive,Objet_21929
Flammable,Objet_19962
Fragile,Objet_07576
Unspecified,Objet_05277
Food,Objet_07670
Unspecified,Objet_07819
Unspecified,Objet_28940
Food,Objet_07586
Unspecified,Objet_01041
Fragile,Objet_05564
Flammable,Objet_27280
Radioactive,Objet_25614
Pressurized,Objet_13633
Oxidizing,Objet_07815
Explosive,Objet_07936
Toxic,Objet_17399
Oxidizing,Objet_05727
Fragile,Objet_14103
Fragile,Objet_24218
Explosive,Objet_21028
Corrosive,Objet_01248
Flammable,Objet_20147
Flammable,Objet_09899
Food,Objet_16964
Pressurized,Objet_08613
Explosive,Objet_14966
Food,Objet_00069
Food,Objet_20950
Corrosive,Objet_03329
Pressurized,Objet_12512
Oxidizing,Objet_20403
Toxic,Objet_25136
Food,Objet_16084
Radioactive,Objet_24452
Pressurized,Objet_24343
Oxidizing,Objet_15559
Corrosive,Objet_10471
Oxidizing,Objet_05063
Explosive,Objet_11450
Flammable,Objet_02108
Unspecified,Objet_24872
Explosive,Objet_23849
Food,Objet_27374
Pressurized,Objet_13655
Food,Objet_16859
Explosive,Objet_24830
Explosive,Objet_29963
Oxidizing,Objet_13565
Food,Objet_10815
Unspecified,Objet_05113
Fragile,Objet_15293
Pressurized,Objet_08959
Unspecified,Objet_15406
Toxic,Objet_19638
Radioactive,Objet_05871
Toxic,Objet_23269
Toxic,Objet_26540
Flammable,Objet_23938
Flammable,Objet_24799
Radioactive,Objet_19877
Unspecified,Objet_20655
Fragile,Objet_13916
Unspecified,Objet_09651
Explosive,Objet_03287
Radioactive,Objet_06640
Flammable,Objet_24076
Fragile,Objet_27795
Radioactive,Objet_11317
Food,Objet_08181
Pressurized,Objet_16321
Food,Objet_15160
Flammable,Objet_14199
Corrosive,Objet_02614
Fragile,Objet_02172
Explosive,Objet_17203
Radioactive,Objet_28963
Corrosive,Objet_00870
Toxic,Objet_12783
Toxic,Objet_07603
Food,Objet_09446
Explosive,Objet_09793
Pressurized,Objet_05544
Oxidizing,Objet_02543
Food,Objet_20100
Oxidizing,Objet_11892
Oxidizing,Objet_03570
Corrosive,Objet_17704
Radioactive,Objet_13911
Unspecified,Objet_14207
Corrosive,Objet_16452
Pressurized,Objet_06218
Fragile,Objet_19143
Corrosive,Objet_00697
Radioactive,Objet_12147
Flammable,Objet_23286
Corrosive,Objet_06239
Unspecified,Objet_08966
Corrosive,Objet_25425
Fragile,Objet_27929
Pressurized,Objet_14123
Oxidizing,Objet_08627
Toxic,Objet_12669
Corrosive,Objet_10048
Oxidizing,Objet_10106
Oxidizing,Objet_20176
Flammable,Objet_06210
Fragile,Objet_27210
Oxidizing,Objet_17580
Unspecified,Objet_04604
Oxidizing,Objet_14026
Oxidizing,Objet_07298
Fragile,Objet_02617
Unspecified,Objet_08004
Explosive,Objet_23322
Unspecified,Objet_29368
Corrosive,Objet_26140
Toxic,Objet_04088
Food,Objet_05017
Unspecified,Objet_16721
Oxidizing,Objet_04358
Food,Objet_29803
Unspecified,Objet_16889
Flammable,Objet_19881
Radioactive,Objet_24527
Toxic,Objet_11632
Unspecified,Objet_28512
Explosive,Objet_21591
Corrosive,Objet_05529
Flammable,Objet_08303
Oxidizing,Objet_26058
Unspecified,Objet_22664
Radioactive,Objet_13811
Flammable,Objet_13253
Radioactive,Objet_18489
Flammable,Objet_06249
Oxidizing,Objet_07646
Food,Objet_00323
Oxidizing,Objet_26917
Explosive,Objet_28178
Explosive,Objet_04724
Pressurized,Objet_09649
Oxidizing,Objet_13004
Flammable,Objet_05203
Pressurized,Objet_27583
Toxic,Objet_12264
Flammable,Objet_19583
Pressurized,Objet_26348
Radioactive,Objet_09473
Oxidizing,Objet_11723
Unspecified,Objet_01665
Oxidizing,Objet_20017
Flammable,Objet_12180
Radioactive,Objet_28893
Corrosive,Objet_28604
Toxic,Objet_23637
Food,Objet_09435
Pressurized,Objet_23010
Oxidizing,Objet_24419
Unspecified,Objet_09339
Radioactive,Objet_21782
Fragile,Objet_03801
Food,Objet_05708
Radioactive,Objet_15190
Oxidizing,Objet_29520
Fragile,Objet_19023
Fragile,Objet_24563
Flammable,Objet_13259
Pressurized,Objet_14455
Fragile,Objet_07702
Food,Objet_27389
Explosive,Objet_27947
Explosive,Objet_19005
Radioactive,Objet_05310
Oxidizing,Objet_29956
Toxic,Objet_15316
Toxic,Objet_26870
Unspecified,Objet_24528
Food,Objet_13358
Oxidizing,Objet_26498
Pressurized,Objet_12588
Toxic,Objet_19163
Pressurized,Objet_18765
Oxidizing,Objet_11192
Corrosive,Objet_11870
Pressurized,Objet_20964
Explosive,Objet_13860
Fragile,Objet_13620
Radioactive,Objet_12782
Toxic,Objet_24533
Food,Objet_16519
Radioactive,Objet_26718
Oxidizing,Objet_21696
Unspecified,Objet_15540
Unspecified,Objet_10608
Explosive,Objet_19563
Corrosive,Objet_13043
Oxidizing,Objet_02715
Toxic,Objet_06462
Flammable,Objet_00658
Food,Objet_16050
Fragile,Objet_12425
Toxic,Objet_09269
Oxidizing,Objet_21007
Food,Objet_09300
Corrosive,Objet_22004
Food,Objet_13534
Unspecified,Objet_21191
Explosive,Objet_06518
Explosive,Objet_00445
Radioactive,Objet_15573
Food,Objet_11588
Explosive,Objet_22515
Unspecified,Objet_04037
Unspecified,Objet_02299
Food,Objet_06902
Corrosive,Objet_09981
Corrosive,Objet_09067
Flammable,Objet_15414
Pressurized,Objet_01301
Food,Objet_21145
Food,Objet_04295
Fragile,Objet_24426
Pressurized,Objet_00947
Fragile,Objet_14801
Toxic,Objet_21444
Explosive,Objet_10122
Pressurized,Objet_16065
Pressurized,Objet_15462
Toxic,Objet_07803
Toxic,Objet_19457
Oxidizing,Objet_17312
Flammable,Objet_18410
Toxic,Objet_00377
Oxidizing,Objet_16826
Oxidizing,Objet_25402
Oxidizing,Objet_14491
Radioactive,Objet_16273
Corrosive,Objet_19904
Flammable,Objet_21901
Unspecified,Objet_06034
Oxidizing,Objet_10532
Corrosive,Objet_24835
Fragile,Objet_13233
Explosive,Objet_03490
Toxic,Objet_06632
Flammable,Objet_10704
Food,Objet_27736
Corrosive,Objet_07263
Food,Objet_14528
Pressurized,Objet_07106
Unspecified,Objet_21992
Fragile,Objet_04418
Explosive,Objet_15171
Fragile,Objet_00551
Flammable,Objet_16754
Oxidizing,Objet_28732
Radioactive,Objet_06978
Fragile,Objet_17202
Unspecified,Objet_12364
Toxic,Objet_23859
Unspecified,Objet_17564
Flammable,Objet_05258
Radioactive,Objet_16530
Fragile,Objet_02419
Oxidizing,Objet_24336
Oxidizing,Objet_03327
Oxidizing,Objet_08218
Toxic,Objet_10763
Explosive,Objet_27466
Radioactive,Objet_23728
Corrosive,Objet_09438
Pressurized,Objet_14965
Corrosive,Objet_26955
Toxic,Objet_10932
Corrosive,Objet_18723
Corrosive,Objet_17774
Toxic,Objet_15331
Flammable,Objet_28716
Unspecified,Objet_19550
Toxic,Objet_16320
Fragile,Objet_07278
Toxic,Objet_01465
Oxidizing,Objet_29244
Unspecified,Objet_23607
Toxic,Objet_23134
Corrosive,Objet_06475
Fragile,Objet_30138
Toxic,Objet_13125
Explosive,Objet_25099
Explosive,Objet_28900
Food,Objet_21050
Radioactive,Objet_18750
Toxic,Objet_25440
Flammable,Objet_01743
Fragile,Objet_10648
Radioactive,Objet_24376
Food,Objet_24699
Flammable,Objet_03614
Food,Objet_23913
Flammable,Objet_21285
Explosive,Objet_29320
Corrosive,Objet_20041
Corrosive,Objet_28473
Food,Objet_20630
Corrosive,Objet_22591
Food,Objet_24347
Unspecified,Objet_18810
Fragile,Objet_23184
Toxic,Objet_17330
Explosive,Objet_20668
Toxic,Objet_07356
Oxidizing,Objet_07541
Unspecified,Objet_04428
Food,Objet_29758
Food,Objet_14351
Toxic,Objet_02410
Radioactive,Objet_11786
Flammable,Objet_12294
Flammable,Objet_00586
Oxidizing,Objet_19805
Oxidizing,Objet_26211
Corrosive,Objet_04123
Toxic,Objet_29714
Unspecified,Objet_29587
Radioactive,Objet_30081
Pressurized,Objet_21500
Fragile,Objet_26821
Radioactive,Objet_19800
Flammable,Objet_07346
Food,Objet_29589
Pressurized,Objet_05697
Oxidizing,Objet_02647
Oxidizing,Objet_02687
Corrosive,Objet_11257
Explosive,Objet_01072
Toxic,Objet_05888
Food,Objet_28617
Explosive,Objet_17204
Corrosive,Objet_00943
Food,Objet_20086
Flammable,Objet_12291
Explosive,Objet_07293
Radioactive,Objet_02064
Oxidizing,Objet_26859
Flammable,Objet_17095
Explosive,Objet_07489
Fragile,Objet_06492
Explosive,Objet_11961
Food,Objet_04982
Radioactive,Objet_18798
Toxic,Objet_04462
Explosive,Objet_03420
Unspecified,Objet_23279
Food,Objet_21031
Corrosive,Objet_06253
Radioactive,Objet_30001
Flammable,Objet_00437
Pressurized,Objet_16327
Food,Objet_02147
Fragile,Objet_14570
Radioactive,Objet_22700
Flammable,Objet_12857
Unspecified,Objet_23475
Corrosive,Objet_21183
Fragile,Objet_20806
Fragile,Objet_26458
Radioactive,Objet_28883
Corrosive,Objet_15508
Radioactive,Objet_09832
Food,Objet_08828
Flammable,Objet_10745
Radioactive,Objet_16809
Fragile,Objet_18364
Oxidizing,Objet_06861
Flammable,Objet_23251
Food,Objet_16002
Unspecified,Objet_17983
Unspecified,Objet_20397
Oxidizing,Objet_16954
Radioactive,Objet_18523
Food,Objet_09348
Radioactive,Objet_00992
Radioactive,Objet_04944
Radioactive,Objet_03075
Flammable,Objet_15637
Food,Objet_21898
Corrosive,Objet_04270
Toxic,Objet_26946
Flammable,Objet_28323
Oxidizing,Objet_24773
Explosive,Objet_22730
Toxic,Objet_21003
Food,Objet_01242
Food,Objet_29014
Unspecified,Objet_28563
Toxic,Objet_17094
Pressurized,Objet_19377
Corrosive,Objet_19703
Food,Objet_16332
Flammable,Objet_01140
Corrosive,Objet_11742
Fragile,Objet_10051
Pressurized,Objet_00493
Fragile,Objet_18836
Radioactive,Objet_28404
Radioactive,Objet_21936
Oxidizing,Objet_01853
Explosive,Objet_15804
Flammable,Objet_14729
Flammable,Objet_16649
Explosive,Objet_12498
Food,Objet_02430
Toxic,Objet_26425
Explosive,Objet_22369
Toxic,Objet_25076
Explosive,Objet_28766
Unspecified,Objet_28376
Toxic,Objet_04443
Flammable,Objet_15826
Flammable,Objet_20393
Oxidizing,Objet_11844
Toxic,Objet_20329
Fragile,Objet_08199
Explosive,Objet_19451
Explosive,Objet_09004
Oxidizing,Objet_17700
Toxic,Objet_01258
Fragile,Objet_27801
Oxidizing,Objet_28243
Fragile,Objet_25019
Fragile,Objet_02306
Food,Objet_21428
Toxic,Objet_23636
Pressurized,Objet_08325
Unspecified,Objet_07663
Toxic,Objet_24787
Corrosive,Objet_14594
Corrosive,Objet_12402
Flammable,Objet_18373
Pressurized,Objet_00882
Oxidizing,Objet_25131
Explosive,Objet_24484
Food,Objet_22762
Oxidizing,Objet_08873
Unspecified,Objet_03950
Pressurized,Objet_29560
Food,Objet_23660
Flammable,Objet_00536
Unspecified,Objet_11018
Toxic,Objet_17548
Fragile,Objet_22139
Oxidizing,Objet_08541
Toxic,Objet_10187
Radioactive,Objet_21636
Corrosive,Objet_01833
Radioactive,Objet_19595
Oxidizing,Objet_16048
Flammable,Objet_28600
Fragile,Objet_13276
Radioactive,Objet_27288
Fragile,Objet_26536
Toxic,Objet_22814
Fragile,Objet_21652
Food,Objet_19428
Toxic,Objet_18158
Flammable,Objet_29836
Corrosive,Objet_17289
Corrosive,Objet_01071
Fragile,Objet_07984
Food,Objet_19350
Unspecified,Objet_02396
Corrosive,Objet_15756
Flammable,Objet_02567
Oxidizing,Objet_23972
Explosive,Objet_16499
Explosive,Objet_29583
Fragile,Objet_23976
Flammable,Objet_28062
Pressurized,Objet_06536
Food,Objet_03048
Fragile,Objet_09983
Oxidizing,Objet_12390
Flammable,Objet_15796
Food,Objet_03497
Explosive,Objet_07883
Flammable,Objet_22199
Unspecified,Objet_22582
Radioactive,Objet_28405
Corrosive,Objet_13951
Corrosive,Objet_07205
Unspecified,Objet_12452
Pressurized,Objet_25393
Unspecified,Objet_00426
Explosive,Objet_22851
Oxidizing,Objet_24631
Oxidizing,Objet_06053
Fragile,Objet_28142
Corrosive,Objet_08059
Corrosive,Objet_04322
Pressurized,Objet_09618
Corrosive,Objet_20553
Toxic,Objet_14044
Oxidizing,Objet_09041
Flammable,Objet_07424
Unspecified,Objet_22466
Radioactive,Objet_25456
Unspecified,Objet_21949
Toxic,Objet_07515
Fragile,Objet_10795
Pressurized,Objet_07566
Radioactive,Objet_20759
Flammable,Objet_29514
Oxidizing,Objet_19495
Explosive,Objet_25657
Radioactive,Objet_09965
Pressurized,Objet_18512
Food,Objet_20099
Pressurized,Objet_11416
Toxic,Objet_10977
Unspecified,Objet_11204
Toxic,Objet_02738
Radioactive,Objet_08350
Unspecified,Objet_17445
Pressurized,Objet_07627
Fragile,Objet_14977
Toxic,Objet_21955
Corrosive,Objet_12711
Toxic,Objet_03800
Pressurized,Objet_00535
Fragile,Objet_26275
Pressurized,Objet_08983
Fragile,Objet_05772
Fragile,Objet_01057
Radioactive,Objet_13644
Fragile,Objet_02814
Toxic,Objet_01311
Oxidizing,Objet_27103
Pressurized,Objet_25793
Pressurized,Objet_15326
Radioactive,Objet_00512
Toxic,Objet_07717
Food,Objet_01272
Unspecified,Objet_04172
Corrosive,Objet_05857
Food,Objet_16518
Toxic,Objet_15432
Toxic,Objet_20728
Flammable,Objet_21400
Corrosive,Objet_05053
Pressurized,Objet_29079
Oxidizing,Objet_11712
Flammable,Objet_16006
Food,Objet_08788
Flammable,Objet_24628
Unspecified,Objet_27422
Fragile,Objet_09814
Pressurized,Objet_23253
Explosive,Objet_13935
Fragile,Objet_11304
Toxic,Objet_28002
Unspecified,Objet_17570
Explosive,Objet_22418
Corrosive,Objet_25161
Toxic,Objet_28847
Fragile,Objet_29878
Toxic,Objet_10440
Flammable,Objet_27324
Corrosive,Objet_09634
Corrosive,Objet_17531
Fragile,Objet_30121
Radioactive,Objet_07578
Radioactive,Objet_13829
Toxic,Objet_23356
Corrosive,Objet_14523
Flammable,Objet_29440
Corrosive,Objet_29747
Toxic,Objet_10679
Flammable,Objet_07049
Oxidizing,Objet_00777
Oxidizing,Objet_20789
Corrosive,Objet_27458
Toxic,Objet_23141
Flammable,Objet_27575
Flammable,Objet_12446
Radioactive,Objet_08035
Unspecified,Objet_21449
Radioactive,Objet_22878
Explosive,Objet_16870
Fragile,Objet_19857
Radioactive,Objet_19559
Explosive,Objet_17300
Oxidizing,Objet_27570
Fragile,Objet_01744
Flammable,Objet_28767
Toxic,Objet_26521
Corrosive,Objet_16445
Radioactive,Objet_10794
Flammable,Objet_01688
Radioactive,Objet_23401
Corrosive,Objet_06745
Explosive,Objet_20422
Flammable,Objet_02043
Pressurized,Objet_09368
Food,Objet_27444
Toxic,Objet_26758
Oxidizing,Objet_08529
Pressurized,Objet_00306
Corrosive,Objet_09619
Oxidizing,Objet_22202
Fragile,Objet_21536
Fragile,Objet_19513
Pressurized,Objet_22091
Corrosive,Objet_09059
Unspecified,Objet_09308
Food,Objet_23630
Corrosive,Objet_04858
Food,Objet_27254
Explosive,Objet_22772
Pressurized,Objet_00302
Toxic,Objet_03830
Radioactive,Objet_14211
Unspecified,Objet_19396
Oxidizing,Objet_00924
Corrosive,Objet_08080
Pressurized,Objet_00460
Corrosive,Objet_24789
Explosive,Objet_23661
Unspecified,Objet_28170
Oxidizing,Objet_14952
Oxidizing,Objet_00684
Unspecified,Objet_27214
Flammable,Objet_00730
Toxic,Objet_02524
Explosive,Objet_05303
Unspecified,Objet_07947
Radioactive,Objet_18932
Corrosive,Objet_23946
Food,Objet_17327
Fragile,Objet_18150
Oxidizing,Objet_01982
Oxidizing,Objet_12893
Toxic,Objet_27108
Explosive,Objet_05700
Flammable,Objet_26450
Fragile,Objet_12230
Food,Objet_08590
Radioactive,Objet_12082
Pressurized,Objet_22127
Pressurized,Objet_17220
Corrosive,Objet_08977
Corrosive,Objet_24713
Explosive,Objet_04983
Oxidizing,Objet_15076
Explosive,Objet_18117
Corrosive,Objet_17853
Toxic,Objet_13120
Pressurized,Objet_10014
Pressurized,Objet_27760
Oxidizing,Objet_19579
Oxidizing,Objet_13719
Flammable,Objet_29205
Pressurized,Objet_14838
Corrosive,Objet_09858
Flammable,Objet_10484
Fragile,Objet_20666
Corrosive,Objet_13714
Food,Objet_03478
Fragile,Objet_27141
Food,Objet_07948
Radioactive,Objet_25857
Oxidizing,Objet_00763
Fragile,Objet_15699
Pressurized,Objet_25352
Oxidizing,Objet_03054
Pressurized,Objet_27247
Unspecified,Objet_13749
Explosive,Objet_08988
Pressurized,Objet_08537
Pressurized,Objet_18401
Pressurized,Objet_12842
Flammable,Objet_08306
Pressurized,Objet_11447
Corrosive,Objet_07780
Corrosive,Objet_01542
Radioactive,Objet_26703
Toxic,Objet_21150
Explosive,Objet_20942
Oxidizing,Objet_17934
Toxic,Objet_27122
Corrosive,Objet_14378
Pressurized,Objet_28557
Corrosive,Objet_28147
Pressurized,Objet_09759
Flammable,Objet_19033
Radioactive,Objet_28977
Oxidizing,Objet_21405
Oxidizing,Objet_19674
Unspecified,Objet_04595
Oxidizing,Objet_30044
Flammable,Objet_19659
Food,Objet_08430
Oxidizing,Objet_23537
Pressurized,Objet_27938
Oxidizing,Objet_04327
Radioactive,Objet_15245
Toxic,Objet_27009
Flammable,Objet_04436
Pressurized,Objet_10821
Unspecified,Objet_04891
Flammable,Objet_10341
Radioactive,Objet_11713
Flammable,Objet_18674
Food,Objet_16723
Oxidizing,Objet_01543
Corrosive,Objet_02774
Toxic,Objet_15094
Corrosive,Objet_15455
Oxidizing,Objet_07752
Fragile,Objet_11740
Pressurized,Objet_28747
Flammable,Objet_15762
Corrosive,Objet_26673
Pressurized,Objet_01141
Flammable,Objet_11583
Corrosive,Objet_29517
Unspecified,Objet_28317
Pressurized,Objet_10832
Food,Objet_24914
Food,Objet_19980
Flammable,Objet_00890
Toxic,Objet_25531
Oxidizing,Objet_04621
Corrosive,Objet_05504
Pressurized,Objet_08144
Corrosive,Objet_22651
Radioactive,Objet_23021
Unspecified,Objet_28634
Food,Objet_16472
Unspecified,Objet_20257
Fragile,Objet_29289
Unspecified,Objet_25680
Corrosive,Objet_05521
Unspecified,Objet_02085
Oxidizing,Objet_23217
Fragile,Objet_17949
Food,Objet_04490
Explosive,Objet_29935
Explosive,Objet_19301
Pressurized,Objet_09341
Flammable,Objet_08549
Pressurized,Objet_14836
Flammable,Objet_19156
Corrosive,Objet_10860
Food,Objet_23542
Food,Objet_16142
Fragile,Objet_00728
Toxic,Objet_05878
Food,Objet_24565
Unspecified,Objet_19998
Toxic,Objet_19500
Toxic,Objet_01683
Radioactive,Objet_24475
Corrosive,Objet_02668
Toxic,Objet_18843
Explosive,Objet_24763
Radioactive,Objet_23553
Flammable,Objet_03673
Flammable,Objet_05579
Radioactive,Objet_13843
Flammable,Objet_20359
Unspecified,Objet_02608
Radioactive,Objet_12895
Toxic,Objet_24458
Pressurized,Objet_17301
Flammable,Objet_14329
Fragile,Objet_08418
Food,Objet_25700
Radioactive,Objet_28704
Radioactive,Objet_25715
Explosive,Objet_02134
Toxic,Objet_26876
Unspecified,Objet_19976
Food,Objet_19460
Oxidizing,Objet_17097
Pressurized,Objet_05942
Food,Objet_18124
Food,Objet_10587
Flammable,Objet_06139
Food,Objet_29356
Flammable,Objet_14176
Toxic,Objet_17099
Toxic,Objet_07317
Corrosive,Objet_09128
Unspecified,Objet_16521
Corrosive,Objet_23808
Flammable,Objet_12415
Explosive,Objet_12450
Pressurized,Objet_21403
Toxic,Objet_04403
Food,Objet_22733
Radioactive,Objet_05094
Unspecified,Objet_05045
Flammable,Objet_22884
Corrosive,Objet_23869
Toxic,Objet_08911
Pressurized,Objet_10324
Toxic,Objet_26102
Flammable,Objet_03034
Fragile,Objet_09012
Radioactive,Objet_25185
Flammable,Objet_25623
Unspecified,Objet_12087
Toxic,Objet_14384
Explosive,Objet_25756
Fragile,Objet_05555
Toxic,Objet_28175
Unspecified,Objet_08401
Toxic,Objet_03470
Oxidizing,Objet_29775
Radioactive,Objet_06507
Corrosive,Objet_20190
Flammable,Objet_22440
Fragile,Objet_16802
Radioactive,Objet_12121
Fragile,Objet_29801
Radioactive,Objet_14649
Corrosive,Objet_29377
Flammable,Objet_04693
Explosive,Objet_28191
Oxidizing,Objet_11056
Explosive,Objet_13734
Pressurized,Objet_17116
Corrosive,Objet_03641
Pressurized,Objet_29684
Fragile,Objet_02812
Food,Objet_25007
Radioactive,Objet_16318
Toxic,Objet_16274
Fragile,Objet_16618
Fragile,Objet_14948
Radioactive,Objet_11358
Oxidizing,Objet_05134
Corrosive,Objet_20658
Food,Objet_01376
Explosive,Objet_21027
Explosive,Objet_10166
Unspecified,Objet_12642
Corrosive,Objet_15411
Explosive,Objet_03678
Fragile,Objet_16054
Food,Objet_25549
Fragile,Objet_29109
Fragile,Objet_04838
Pressurized,Objet_19347
Unspecified,Objet_25281
Radioactive,Objet_19281
Pressurized,Objet_13948
Corrosive,Objet_16921
Food,Objet_16365
Food,Objet_14080
Fragile,Objet_07919
Pressurized,Objet_04119
Flammable,Objet_16720
Food,Objet_00561
Food,Objet_10547
Radioactive,Objet_10873
Radioactive,Objet_24071
Fragile,Objet_28180
Fragile,Objet_27085
Oxidizing,Objet_18838
Unspecified,Objet_29259
Unspecified,Objet_27742
Food,Objet_17741
Flammable,Objet_08523
Radioactive,Objet_10033
Oxidizing,Objet_15999
Flammable,Objet_20697
Fragile,Objet_16866
Radioactive,Objet_20635
Pressurized,Objet_17595
Radioactive,Objet_11817
Toxic,Objet_05962
Corrosive,Objet_25176
Pressurized,Objet_22403
Pressurized,Objet_17961
Flammable,Objet_00597
Food,Objet_00850
Oxidizing,Objet_28164
Oxidizing,Objet_16711
Flammable,Objet_00854
Pressurized,Objet_29149
Toxic,Objet_08353
Radioactive,Objet_22033
Flammable,Objet_26131
Food,Objet_04536
Flammable,Objet_24550
Unspecified,Objet_04701
Food,Objet_25924
Radioactive,Objet_23127
Flammable,Objet_04974
Pressurized,Objet_15385
Food,Objet_13628
Fragile,Objet_17009
Explosive,Objet_12992
Explosive,Objet_19076
Corrosive,Objet_01818
Unspecified,Objet_10602
Fragile,Objet_15763
Fragile,Objet_13964
Toxic,Objet_06575
Food,Objet_01666
Explosive,Objet_20375
Flammable,Objet_16509
Corrosive,Objet_25126
Toxic,Objet_23272
Food,Objet_11173
Corrosive,Objet_24456
Oxidizing,Objet_27192
Fragile,Objet_00418
Pressurized,Objet_06616
Explosive,Objet_15752
Food,Objet_14304
Toxic,Objet_20592
Fragile,Objet_00279
Food,Objet_09248
Fragile,Objet_05656
Toxic,Objet_20328
Radioactive,Objet_04907
Fragile,Objet_25215
Oxidizing,Objet_26227
Radioactive,Objet_03850
Fragile,Objet_21814
Corrosive,Objet_28598
Food,Objet_02878
Explosive,Objet_29077
Oxidizing,Objet_22317
Fragile,Objet_00534
Pressurized,Objet_09963
Flammable,Objet_18582
Flammable,Objet_25896
Oxidizing,Objet_15023
Food,Objet_23788
Food,Objet_01679
Food,Objet_05411
Unspecified,Objet_10494
Unspecified,Objet_27508
Explosive,Objet_12919
Pressurized,Objet_10881
Oxidizing,Objet_23092
Pressurized,Objet_13027
Fragile,Objet_30158
Flammable,Objet_15407
Food,Objet_24079
Pressurized,Objet_26650
Food,Objet_16498
Unspecified,Objet_12300
Corrosive,Objet_04622
Food,Objet_18087
Flammable,Objet_26410
Radioactive,Objet_19161
Corrosive,Objet_01340
Pressurized,Objet_11804
Radioactive,Objet_23626
Pressurized,Objet_29090
Oxidizing,Objet_23794
Explosive,Objet_15931
Unspecified,Objet_13179
Food,Objet_01997
Unspecified,Objet_10967
Oxidizing,Objet_00655
Radioactive,Objet_15599
Explosive,Objet_00996
Unspecified,Objet_29463
Pressurized,Objet_02986
Food,Objet_09986
Fragile,Objet_01901
Fragile,Objet_19305
Corrosive,Objet_26926
Explosive,Objet_03263
Pressurized,Objet_14234
Corrosive,Objet_09009
Radioactive,Objet_00847
Pressurized,Objet_21642
Radioactive,Objet_07450
Corrosive,Objet_00266
Explosive,Objet_24537
Corrosive,Objet_14599
Unspecified,Objet_21793
Pressurized,Objet_15817
Oxidizing,Objet_10696
Radioactive,Objet_09000
Food,Objet_16500
Explosive,Objet_01108
Unspecified,Objet_20221
Unspecified,Objet_24036
Pressurized,Objet_09223
Radioactive,Objet_27846
Pressurized,Objet_00419
Toxic,Objet_03776
Pressurized,Objet_30122
Food,Objet_12718
Fragile,Objet_07661
Flammable,Objet_26115
Radioactive,Objet_18425
Explosive,Objet_20565
Radioactive,Objet_01087
Corrosive,Objet_25696
Unspecified,Objet_21846
Fragile,Objet_15026
Radioactive,Objet_13574
Radioactive,Objet_27248
Food,Objet_08626
Oxidizing,Objet_27351
Food,Objet_17918
Fragile,Objet_26049
Corrosive,Objet_22577
Oxidizing,Objet_02099
Explosive,Objet_28010
Unspecified,Objet_16532
Fragile,Objet_23494
Fragile,Objet_29335
Flammable,Objet_28909
Explosive,Objet_20713
Oxidizing,Objet_05615
Food,Objet_08128
Explosive,Objet_29376
Corrosive,Objet_14239
Pressurized,Objet_01946
Flammable,Objet_01452
Food,Objet_22443
Pressurized,Objet_02001
Explosive,Objet_25439
Fragile,Objet_15960
Radioactive,Objet_01447
Pressurized,Objet_00575
Food,Objet_20798
Corrosive,Objet_17177
Explosive,Objet_02019
Toxic,Objet_19505
Toxic,Objet_15824
Food,Objet_22388
Oxidizing,Objet_28464
Unspecified,Objet_02994
Flammable,Objet_16022
Oxidizing,Objet_12190
Oxidizing,Objet_24522
Oxidizing,Objet_23534
Explosive,Objet_14030
Pressurized,Objet_07066
Radioactive,Objet_27400
Explosive,Objet_06122
Oxidizing,Objet_04374
Fragile,Objet_11053
Food,Objet_30115
Radioactive,Objet_02258
Pressurized,Objet_00021
Flammable,Objet_11990
Food,Objet_06755
Unspecified,Objet_28292
Unspecified,Objet_15985
Unspecified,Objet_20502
Pressurized,Objet_11865
Fragile,Objet_30073
Radioactive,Objet_26154
Toxic,Objet_22472
Fragile,Objet_26986
Fragile,Objet_14951
Corrosive,Objet_01218
Oxidizing,Objet_23221
Toxic,Objet_22295
Radioactive,Objet_18669
Fragile,Objet_12705
Radioactive,Objet_12219
Radioactive,Objet_01730
Unspecified,Objet_25820
Pressurized,Objet_05293
Pressurized,Objet_25148
Unspecified,Objet_07526
Explosive,Objet_24476
Explosive,Objet_15928
Toxic,Objet_09885
Explosive,Objet_03853
Toxic,Objet_19257
Food,Objet_03795
Oxidizing,Objet_25267
Flammable,Objet_01459
Corrosive,Objet_12912
Toxic,Objet_10047
Flammable,Objet_01190
Oxidizing,Objet_14773
Radioactive,Objet_07722
Corrosive,Objet_17766
Pressurized,Objet_03534
Explosive,Objet_26262
Corrosive,Objet_27028
Radioactive,Objet_09354
Food,Objet_20589
Flammable,Objet_27916
Explosive,Objet_22746
Radioactive,Objet_06624
Fragile,Objet_24161
Unspecified,Objet_27116
Radioactive,Objet_11085
Radioactive,Objet_25955
Oxidizing,Objet_04360
Toxic,Objet_07570
Pressurized,Objet_27693
Toxic,Objet_10081
Toxic,Objet_07934
Toxic,Objet_30155
Corrosive,Objet_27010
Unspecified,Objet_17921
Corrosive,Objet_23418
Oxidizing,Objet_21523
Radioactive,Objet_13038
Pressurized,Objet_04298
Flammable,Objet_26256
Radioactive,Objet_21774
Unspecified,Objet_07469
Pressurized,Objet_15130
Oxidizing,Objet_08839
Food,Objet_14624
Flammable,Objet_26163
Flammable,Objet_07740
Food,Objet_10470
Pressurized,Objet_14398
Fragile,Objet_01705
Corrosive,Objet_11245
Radioactive,Objet_00896
Toxic,Objet_19648
Corrosive,Objet_11852
Fragile,Objet_26653
Unspecified,Objet_00261
Fragile,Objet_25905
Corrosive,Objet_01373
Fragile,Objet_15880
Fragile,Objet_20641
Pressurized,Objet_29906
Unspecified,Objet_21448
Unspecified,Objet_19640
Oxidizing,Objet_23153
Corrosive,Objet_17739
Food,Objet_20556
Oxidizing,Objet_01395
Corrosive,Objet_28371
Radioactive,Objet_29257
Toxic,Objet_16747
Fragile,Objet_28076
Fragile,Objet_00411
Food,Objet_08215
Pressurized,Objet_04976
Explosive,Objet_08136
Oxidizing,Objet_15936
Corrosive,Objet_11072
Explosive,Objet_05566
Pressurized,Objet_27077
Food,Objet_04308
Toxic,Objet_01171
Oxidizing,Objet_15133
Oxidizing,Objet_06266
Food,Objet_00260
Radioactive,Objet_20757
Oxidizing,Objet_19211
Flammable,Objet_19072
Explosive,Objet_02822
Explosive,Objet_15352
Fragile,Objet_29780
Oxidizing,Objet_27785
Radioactive,Objet_15336
Unspecified,Objet_20172
Radioactive,Objet_07193
Oxidizing,Objet_25654
Toxic,Objet_26404
Flammable,Objet_05599
Toxic,Objet_03789
Food,Objet_29456
Unspecified,Objet_23531
Explosive,Objet_07865
Corrosive,Objet_09878
Oxidizing,Objet_11565
Oxidizing,Objet_07719
Corrosive,Objet_26327
Explosive,Objet_27133
Explosive,Objet_27235
Toxic,Objet_05961
Oxidizing,Objet_17110
Corrosive,Objet_14476
Unspecified,Objet_08650
Pressurized,Objet_04587
Unspecified,Objet_24235
Flammable,Objet_19455
Oxidizing,Objet_20178
Oxidizing,Objet_04468
Fragile,Objet_25615
Pressurized,Objet_28346
Food,Objet_16073
Pressurized,Objet_28816
Unspecified,Objet_25990
Fragile,Objet_15144
Flammable,Objet_29165
Toxic,Objet_14538
Oxidizing,Objet_23638
Flammable,Objet_01647
Food,Objet_00937
Radioactive,Objet_13078
Unspecified,Objet_08976
Radioactive,Objet_02746
Pressurized,Objet_09969
Radioactive,Objet_02912
Corrosive,Objet_28050
Corrosive,Objet_13770
Toxic,Objet_06637
Radioactive,Objet_04691
Toxic,Objet_22665
Oxidizing,Objet_04946
Radioactive,Objet_27967
Unspecified,Objet_02526
Fragile,Objet_01793
Fragile,Objet_25363
Food,Objet_26615
Radioactive,Objet_04845
Oxidizing,Objet_07816
Radioactive,Objet_20211
Food,Objet_12885
Fragile,Objet_20781
Food,Objet_11269
Explosive,Objet_27101
Corrosive,Objet_23068
Corrosive,Objet_16803
Food,Objet_11162
Pressurized,Objet_27617
Food,Objet_09475
Fragile,Objet_01651
Toxic,Objet_20071
Unspecified,Objet_16267
Flammable,Objet_06048
Corrosive,Objet_16714
Unspecified,Objet_24133
Fragile,Objet_26852
Pressurized,Objet_10746
Corrosive,Objet_28774
Toxic,Objet_27610
Pressurized,Objet_27536
Oxidizing,Objet_03732
Pressurized,Objet_09764
Toxic,Objet_18680
Pressurized,Objet_16232
Food,Objet_16024
Fragile,Objet_01300
Corrosive,Objet_01289
Toxic,Objet_22798
Fragile,Objet_02556
Explosive,Objet_08936
Food,Objet_11311
Oxidizing,Objet_28872
Fragile,Objet_05231
Explosive,Objet_24043
Oxidizing,Objet_08577
Fragile,Objet_10980
Food,Objet_02386
Toxic,Objet_12523
Oxidizing,Objet_03882
Oxidizing,Objet_24041
Corrosive,Objet_14367
Explosive,Objet_18989
Pressurized,Objet_00662
Explosive,Objet_09958
Oxidizing,Objet_03229
Oxidizing,Objet_00648
Oxidizing,Objet_01240
Unspecified,Objet_04390
Fragile,Objet_10035
Toxic,Objet_29359
Unspecified,Objet_18907
Oxidizing,Objet_02971
Toxic,Objet_16916
Flammable,Objet_19853
Radioactive,Objet_16520
Explosive,Objet_25317
Corrosive,Objet_22957
Unspecified,Objet_07144
Corrosive,Objet_24672
Toxic,Objet_27356
Unspecified,Objet_08570
Toxic,Objet_26206
Oxidizing,Objet_09119
Fragile,Objet_19929
Unspecified,Objet_15979
Oxidizing,Objet_20516
Fragile,Objet_16810
Oxidizing,Objet_17916
Flammable,Objet_17861
Corrosive,Objet_06027
Toxic,Objet_22631
Food,Objet_22969
Explosive,Objet_03958
Explosive,Objet_03698
Fragile,Objet_21833
Corrosive,Objet_16044
Food,Objet_22390
Unspecified,Objet_21796
Fragile,Objet_26465
Unspecified,Objet_05338
Unspecified,Objet_24429
Unspecified,Objet_24755
Oxidizing,Objet_16406
Unspecified,Objet_28521
Corrosive,Objet_13956
Pressurized,Objet_17760
Unspecified,Objet_24492
Corrosive,Objet_16183
Explosive,Objet_10071
Flammable,Objet_06431
Explosive,Objet_29445
Food,Objet_18758
Unspecified,Objet_23308
Fragile,Objet_08622
Pressurized,Objet_05072
Fragile,Objet_26241
Explosive,Objet_11891
Corrosive,Objet_02192
Unspecified,Objet_06090
Pressurized,Objet_09588
Explosive,Objet_08257
Oxidizing,Objet_19549
Food,Objet_23966
Corrosive,Objet_23257
Flammable,Objet_11174
Food,Objet_23941
Fragile,Objet_05089
Fragile,Objet_09462
Oxidizing,Objet_17426
Corrosive,Objet_29159
Food,Objet_10724
Radioactive,Objet_01796
Explosive,Objet_10299
Corrosive,Objet_07759
Corrosive,Objet_25730
Unspecified,Objet_14474
Toxic,Objet_20924
Pressurized,Objet_22267
Unspecified,Objet_27580
Pressurized,Objet_05317
Explosive,Objet_14394
Pressurized,Objet_07832
Unspecified,Objet_29569
Fragile,Objet_27475
Food,Objet_18909
Radioactive,Objet_04430
Explosive,Objet_08170
Fragile,Objet_03583
Fragile,Objet_26995
Radioactive,Objet_01954
Pressurized,Objet_29571
Oxidizing,Objet_17634
Unspecified,Objet_00415
Toxic,Objet_27145
Pressurized,Objet_02644
Pressurized,Objet_08742
Pressurized,Objet_06725
Radioactive,Objet_17359
Oxidizing,Objet_01699
Flammable,Objet_20276
Oxidizing,Objet_05865
Food,Objet_18861
Unspecified,Objet_00131
Pressurized,Objet_23698
Unspecified,Objet_22207
Explosive,Objet_00977
Fragile,Objet_16645
Pressurized,Objet_10548
Unspecified,Objet_18964
Food,Objet_02733
Corrosive,Objet_02124
Oxidizing,Objet_11307
Toxic,Objet_05361
Pressurized,Objet_00014
Toxic,Objet_10907
Food,Objet_07871
Radioactive,Objet_19442
Corrosive,Objet_03704
Flammable,Objet_20760
Explosive,Objet_29202
Oxidizing,Objet_01365
Pressurized,Objet_16507
Pressurized,Objet_03469
Corrosive,Objet_07814
Unspecified,Objet_11820
Fragile,Objet_26785
Unspecified,Objet_00923
Unspecified,Objet_02143
Pressurized,Objet_16165
Unspecified,Objet_24138
Radioactive,Objet_11037
Oxidizing,Objet_06884
Explosive,Objet_15750
Corrosive,Objet_29039
Explosive,Objet_28636
Unspecified,Objet_13804
Oxidizing,Objet_13235
Oxidizing,Objet_19597
Explosive,Objet_15225
Radioactive,Objet_10327
Explosive,Objet_06388
Fragile,Objet_28079
Oxidizing,Objet_17656
Flammable,Objet_02125
Pressurized,Objet_22538
Explosive,Objet_27933
Fragile,Objet_19506
Explosive,Objet_01980
Explosive,Objet_02160
Radioactive,Objet_24810
Toxic,Objet_28425
Corrosive,Objet_22188
Corrosive,Objet_14312
Fragile,Objet_02113
Oxidizing,Objet_27395
Toxic,Objet_18387
Explosive,Objet_07585
Fragile,Objet_26411
Oxidizing,Objet_13697
Oxidizing,Objet_02830
Toxic,Objet_12549
Unspecified,Objet_25062
Explosive,Objet_27239
Toxic,Objet_04630
Toxic,Objet_04714
Oxidizing,Objet_30033
Corrosive,Objet_09654
Oxidizing,Objet_21794
Explosive,Objet_12434
Unspecified,Objet_13632
Food,Objet_08133
Toxic,Objet_01095
Corrosive,Objet_22479
Corrosive,Objet_20073
Pressurized,Objet_03668
Fragile,Objet_16235
Food,Objet_07472
Oxidizing,Objet_14480
Toxic,Objet_01023
Oxidizing,Objet_20602
Unspecified,Objet_21459
Radioactive,Objet_15313
Oxidizing,Objet_14101
Unspecified,Objet_15731
Corrosive,Objet_12353
Radioactive,Objet_03368
Fragile,Objet_20033
Explosive,Objet_23569
Toxic,Objet_16260
Food,Objet_12792
Toxic,Objet_17714
Oxidizing,Objet_23230
Pressurized,Objet_21178
Radioactive,Objet_15759
Pressurized,Objet_07002
Food,Objet_26840
Flammable,Objet_27195
Flammable,Objet_06898
Explosive,Objet_25196
Explosive,Objet_05804
Explosive,Objet_27847
Unspecified,Objet_18029
Explosive,Objet_06645
Unspecified,Objet_29066
Toxic,Objet_04153
Pressurized,Objet_11753
Pressurized,Objet_13254
Unspecified,Objet_26635
Food,Objet_14403
Toxic,Objet_17661
Flammable,Objet_21859
Oxidizing,Objet_29296
Explosive,Objet_17119
Explosive,Objet_25588
Radioactive,Objet_26782
Radioactive,Objet_28782
Unspecified,Objet_16122
Pressurized,Objet_27798
Oxidizing,Objet_25350
Fragile,Objet_03703
Food,Objet_09639
Food,Objet_18925
Fragile,Objet_00075
Pressurized,Objet_05412
Oxidizing,Objet_20621
Explosive,Objet_18848
Fragile,Objet_18475
Corrosive,Objet_16788
Flammable,Objet_07479
Flammable,Objet_25815
Unspecified,Objet_27202
Flammable,Objet_22048
Toxic,Objet_02378
Oxidizing,Objet_22593
Explosive,Objet_25511
Oxidizing,Objet_16527
Unspecified,Objet_17832
Oxidizing,Objet_09359
Food,Objet_17818
Fragile,Objet_26010
Food,Objet_19330
Pressurized,Objet_29748
Fragile,Objet_27370
Corrosive,Objet_13050
Radioactive,Objet_11773
Flammable,Objet_22520
Unspecified,Objet_15150
Oxidizing,Objet_06744
Flammable,Objet_27129
Fragile,Objet_27772
Food,Objet_09726
Corrosive,Objet_06102
Unspecified,Objet_10659
Oxidizing,Objet_23408
Toxic,Objet_04529
Flammable,Objet_10975
Flammable,Objet_23725
Explosive,Objet_03085
Fragile,Objet_30141
Radioactive,Objet_13680
Unspecified,Objet_23065
Oxidizing,Objet_08575
Fragile,Objet_11694
Oxidizing,Objet_03509
Oxidizing,Objet_04961
Toxic,Objet_18847
Food,Objet_17653
Oxidizing,Objet_18529
Fragile,Objet_25935
Fragile,Objet_25967
Food,Objet_07956
Fragile,Objet_15887
Unspecified,Objet_06802
Flammable,Objet_14501
Corrosive,Objet_20982
Corrosive,Objet_09194
Fragile,Objet_24786
Radioactive,Objet_09338
Toxic,Objet_13471
Toxic,Objet_24200
Toxic,Objet_30150
Unspecified,Objet_19479
Corrosive,Objet_07872
Toxic,Objet_24847
Fragile,Objet_09117
Radioactive,Objet_27961
Fragile,Objet_16776
Oxidizing,Objet_03255
Toxic,Objet_04848
Toxic,Objet_18120
Fragile,Objet_20909
Radioactive,Objet_03638
Toxic,Objet_18730
Fragile,Objet_20854
Pressurized,Objet_17762
Pressurized,Objet_14025
Corrosive,Objet_02182
Fragile,Objet_11010
Fragile,Objet_24422
Fragile,Objet_29146
Corrosive,Objet_28042
Unspecified,Objet_22592
Fragile,Objet_11249
Unspecified,Objet_01858
Food,Objet_14949
Corrosive,Objet_28679
Toxic,Objet_10354
Food,Objet_23777
Unspecified,Objet_19538
Flammable,Objet_07253
Explosive,Objet_07870
Oxidizing,Objet_17446
Corrosive,Objet_04195
Pressurized,Objet_15040
Flammable,Objet_24937
Flammable,Objet_16410
Radioactive,Objet_15710
Fragile,Objet_13988
Radioactive,Objet_11991
Toxic,Objet_28558
Toxic,Objet_17581
Radioactive,Objet_30031
Pressurized,Objet_07101
Pressurized,Objet_29959
Explosive,Objet_09069
Explosive,Objet_09498
Toxic,Objet_13178
Unspecified,Objet_08593
Flammable,Objet_23784
Pressurized,Objet_13098
Pressurized,Objet_18831
Explosive,Objet_01908
Unspecified,Objet_21675
Explosive,Objet_11707
Oxidizing,Objet_20325
Fragile,Objet_21965
Flammable,Objet_06342
Explosive,Objet_07695
Corrosive,Objet_19398
Corrosive,Objet_23024
Food,Objet_07163
Explosive,Objet_15837
Radioactive,Objet_28213
Unspecified,Objet_28545
Food,Objet_13672
Unspecified,Objet_08161
Food,Objet_08168
Oxidizing,Objet_13349
Unspecified,Objet_14003
Radioactive,Objet_05447
Radioactive,Objet_16701
Explosive,Objet_27595
Unspecified,Objet_26954
Food,Objet_14024
Radioactive,Objet_01256
Pressurized,Objet_07848
Pressurized,Objet_04927
Fragile,Objet_08759
Oxidizing,Objet_19174
Pressurized,Objet_08411
Food,Objet_07692
Oxidizing,Objet_28344
Flammable,Objet_05881
Food,Objet_02199
Food,Objet_05200
Pressurized,Objet_14493
Radioactive,Objet_26381
Radioactive,Objet_12206
Toxic,Objet_07113
Pressurized,Objet_16456
Corrosive,Objet_11298
Flammable,Objet_29879
Pressurized,Objet_25283
Toxic,Objet_21984
Toxic,Objet_16388
Oxidizing,Objet_12061
Toxic,Objet_28590
Fragile,Objet_27524
Flammable,Objet_11505
Radioactive,Objet_21161
Flammable,Objet_13170
Pressurized,Objet_20819
Toxic,Objet_21182
Pressurized,Objet_21076
Toxic,Objet_15147
Unspecified,Objet_20775
Fragile,Objet_01813
Flammable,Objet_13392
Fragile,Objet_15980
Flammable,Objet_10261
Food,Objet_01814
Explosive,Objet_24796
Pressurized,Objet_21989
Corrosive,Objet_17563
Unspecified,Objet_15351
Fragile,Objet_01101
Pressurized,Objet_02451
Radioactive,Objet_10489
Pressurized,Objet_12315
Pressurized,Objet_00560
Flammable,Objet_21558
Flammable,Objet_13100
Toxic,Objet_09733
Toxic,Objet_13976
Fragile,Objet_11306
Toxic,Objet_04211
Flammable,Objet_12166
Fragile,Objet_06600
Radioactive,Objet_09434
Radioactive,Objet_26831
Oxidizing,Objet_21557
Pressurized,Objet_07732
Toxic,Objet_13059
Toxic,Objet_00125
Oxidizing,Objet_08704
Fragile,Objet_29285
Unspecified,Objet_02250
Oxidizing,Objet_00371
Fragile,Objet_20390
Flammable,Objet_26157
Radioactive,Objet_25871
Flammable,Objet_05169
Corrosive,Objet_29261
Pressurized,Objet_25581
Corrosive,Objet_02676
Unspecified,Objet_21618
Unspecified,Objet_08208
Oxidizing,Objet_21013
Fragile,Objet_20881
Oxidizing,Objet_16008
Fragile,Objet_16730
Flammable,Objet_08509
Fragile,Objet_06675
Oxidizing,Objet_00184
Food,Objet_18035
Pressurized,Objet_09487
Radioactive,Objet_08551
Flammable,Objet_18568
Food,Objet_05654
Corrosive,Objet_14187
Explosive,Objet_09165
Radioactive,Objet_07868
Pressurized,Objet_24269
Radioactive,Objet_22796
Flammable,Objet_05617
Unspecified,Objet_01320
Oxidizing,Objet_01923
Toxic,Objet_12590
Explosive,Objet_13704
Explosive,Objet_21324
Toxic,Objet_27526
Toxic,Objet_05649
Corrosive,Objet_18722
Radioactive,Objet_21777
Unspecified,Objet_23545
Radioactive,Objet_11771
Unspecified,Objet_21824
Corrosive,Objet_15669
Unspecified,Objet_18842
Radioactive,Objet_17313
Corrosive,Objet_30046
Corrosive,Objet_09821
Oxidizing,Objet_17061
Toxic,Objet_26770
Unspecified,Objet_19017
Flammable,Objet_23750
Pressurized,Objet_20780
Oxidizing,Objet_07314
Pressurized,Objet_10573
Unspecified,Objet_02583
Corrosive,Objet_01615
Toxic,Objet_15110
Toxic,Objet_15234
Toxic,Objet_13501
Toxic,Objet_07251
Toxic,Objet_07797
Unspecified,Objet_05501
Fragile,Objet_27799
Oxidizing,Objet_01729
Unspecified,Objet_04854
Flammable,Objet_18820
Unspecified,Objet_19838
Pressurized,Objet_07985
Oxidizing,Objet_08943
Flammable,Objet_27932
Corrosive,Objet_21130
Fragile,Objet_25893
Corrosive,Objet_23875
Radioactive,Objet_07904
Explosive,Objet_11665
Oxidizing,Objet_14439
Pressurized,Objet_20460
Food,Objet_13642
Food,Objet_24627
Fragile,Objet_04678
Pressurized,Objet_06951
Unspecified,Objet_06490
Unspecified,Objet_26288
Corrosive,Objet_26950
Flammable,Objet_22794
Oxidizing,Objet_29655
Radioactive,Objet_26035
Explosive,Objet_21334
Toxic,Objet_19435
Radioactive,Objet_00892
Fragile,Objet_06121
Pressurized,Objet_29032
Unspecified,Objet_06569
Toxic,Objet_24740
Flammable,Objet_03380
Oxidizing,Objet_17138
Corrosive,Objet_27725
Toxic,Objet_11785
Toxic,Objet_10533
Flammable,Objet_23262
Toxic,Objet_17000
Unspecified,Objet_28834
Corrosive,Objet_16794
Flammable,Objet_00961
Corrosive,Objet_29402
Food,Objet_04174
Radioactive,Objet_09506
Explosive,Objet_14661
Food,Objet_09632
Radioactive,Objet_17360
Explosive,Objet_21581
Corrosive,Objet_08053
Explosive,Objet_22250
Radioactive,Objet_03694
Food,Objet_14287
Oxidizing,Objet_05894
Flammable,Objet_18862
Toxic,Objet_26534
Pressurized,Objet_10618
Flammable,Objet_06456
Flammable,Objet_19915
Explosive,Objet_15770
Fragile,Objet_03912
Corrosive,Objet_23730
Radioactive,Objet_14590
Oxidizing,Objet_15711
Oxidizing,Objet_03082
Oxidizing,Objet_14991
Oxidizing,Objet_11124
Fragile,Objet_12073
Flammable,Objet_00100
Explosive,Objet_05386
Fragile,Objet_21950
Pressurized,Objet_26695
Toxic,Objet_28840
Oxidizing,Objet_22867
Explosive,Objet_20395
Fragile,Objet_03021
Explosive,Objet_10442
Oxidizing,Objet_03049
Toxic,Objet_26051
Flammable,Objet_28898
Food,Objet_27233
Fragile,Objet_27201
Unspecified,Objet_16173
Flammable,Objet_08437
Fragile,Objet_27697
Corrosive,Objet_00708
Fragile,Objet_10000
Explosive,Objet_06740
Explosive,Objet_23780
Corrosive,Objet_12668
Radioactive,Objet_19602
Explosive,Objet_21941
Radioactive,Objet_06743
Toxic,Objet_27066
Flammable,Objet_01638
Toxic,Objet_08542
Corrosive,Objet_11597
Fragile,Objet_13631
Food,Objet_03204
Toxic,Objet_06808
Flammable,Objet_03408
Toxic,Objet_04334
Corrosive,Objet_08974
Fragile,Objet_25166
Unspecified,Objet_21060
Flammable,Objet_05947
Toxic,Objet_05453
Radioactive,Objet_09304
Unspecified,Objet_05861
Corrosive,Objet_13116
Food,Objet_28275
Oxidizing,Objet_27303
Food,Objet_11797
Radioactive,Objet_16494
Toxic,Objet_03428
Toxic,Objet_07471
Toxic,Objet_02949
Corrosive,Objet_12175
Pressurized,Objet_16299
Pressurized,Objet_18906
Explosive,Objet_17077
Unspecified,Objet_12502
Unspecified,Objet_01582
Radioactive,Objet_03901
Oxidizing,Objet_27206
Food,Objet_08692
Radioactive,Objet_05031
Pressurized,Objet_18477
Fragile,Objet_18691
Fragile,Objet_26486
Oxidizing,Objet_06932
Flammable,Objet_21343
Toxic,Objet_09571
Oxidizing,Objet_09400
Oxidizing,Objet_00270
Oxidizing,Objet_13136
Fragile,Objet_02439
Fragile,Objet_05813
Explosive,Objet_00236
Food,Objet_17496
Pressurized,Objet_06419
Radioactive,Objet_10094
Flammable,Objet_06707
Fragile,Objet_05177
Flammable,Objet_25413
Pressurized,Objet_03934
Fragile,Objet_04669
Oxidizing,Objet_27629
Fragile,Objet_16904
Food,Objet_13736
Flammable,Objet_19826
Explosive,Objet_15125
Toxic,Objet_01040
Pressurized,Objet_02422
Unspecified,Objet_24404
Fragile,Objet_14473
Corrosive,Objet_06731
Flammable,Objet_16634
Food,Objet_23074
Pressurized,Objet_18458
Unspecified,Objet_17811
Radioactive,Objet_11793
Corrosive,Objet_12276
Oxidizing,Objet_21946
Radioactive,Objet_13584
Unspecified,Objet_14655
Oxidizing,Objet_15466
Flammable,Objet_15534
Flammable,Objet_07595
Oxidizing,Objet_29917
Flammable,Objet_15742
Fragile,Objet_18096
Explosive,Objet_07322
Radioactive,Objet_05879
Explosive,Objet_16557
Unspecified,Objet_05484
Explosive,Objet_17841
Unspecified,Objet_09678
Unspecified,Objet_02325
Flammable,Objet_18642
Explosive,Objet_19167
Fragile,Objet_27111
Radioactive,Objet_23994
Explosive,Objet_29790
Toxic,Objet_10336
Toxic,Objet_02481
Flammable,Objet_02352
Toxic,Objet_01330
Radioactive,Objet_23400
Unspecified,Objet_16397
Radioactive,Objet_16935
Oxidizing,Objet_14214
Explosive,Objet_06750
Pressurized,Objet_12039
Corrosive,Objet_09558
Corrosive,Objet_19991
Toxic,Objet_26944
Corrosive,Objet_23079
Pressurized,Objet_06508
Pressurized,Objet_12487
Fragile,Objet_20260
Pressurized,Objet_15765
Flammable,Objet_18066
Toxic,Objet_18275
Fragile,Objet_10578
Food,Objet_20973
Explosive,Objet_16370
Fragile,Objet_18596
Corrosive,Objet_20126
Corrosive,Objet_05860
Food,Objet_29398
Oxidizing,Objet_03135
Radioactive,Objet_25486
Corrosive,Objet_27525
Explosive,Objet_22771
Toxic,Objet_05764
Oxidizing,Objet_19329
Toxic,Objet_22216
Flammable,Objet_29972
Oxidizing,Objet_27319
Toxic,Objet_06769
Corrosive,Objet_01268
Explosive,Objet_12852
Oxidizing,Objet_00216
Fragile,Objet_12943
Unspecified,Objet_08432
Corrosive,Objet_04111
Oxidizing,Objet_25483
Food,Objet_05577
Pressurized,Objet_03522
Corrosive,Objet_11498
Pressurized,Objet_13231
Corrosive,Objet_25493
Food,Objet_22693
Corrosive,Objet_14727
Unspecified,Objet_20312
Oxidizing,Objet_28368
Corrosive,Objet_06627
Pressurized,Objet_08404
Toxic,Objet_22995
Pressurized,Objet_12702
Oxidizing,Objet_26651
Fragile,Objet_16968
Fragile,Objet_12728
Fragile,Objet_13033
Corrosive,Objet_13729
Pressurized,Objet_17712
Flammable,Objet_24878
Pressurized,Objet_27702
Unspecified,Objet_12559
Oxidizing,Objet_04095
Fragile,Objet_09429
Food,Objet_20267
Food,Objet_29954
Toxic,Objet_18416
Flammable,Objet_25080
Unspecified,Objet_12504
Unspecified,Objet_11535
Explosive,Objet_12938
Fragile,Objet_24313
Explosive,Objet_17385
Flammable,Objet_24279
Pressurized,Objet_20180
Radioactive,Objet_09635
Fragile,Objet_24702
Pressurized,Objet_21194
Corrosive,Objet_00290
Corrosive,Objet_03168
Flammable,Objet_27021
Flammable,Objet_03565
Food,Objet_07181
Pressurized,Objet_10225
Unspecified,Objet_10563
Unspecified,Objet_12307
Unspecified,Objet_26728
Flammable,Objet_12118
Corrosive,Objet_25620
Corrosive,Objet_08440
Flammable,Objet_15307
Unspecified,Objet_26460
Flammable,Objet_10581
Pressurized,Objet_00397
Pressurized,Objet_19416
Unspecified,Objet_11321
Flammable,Objet_20596
Food,Objet_07992
Toxic,Objet_05404
Pressurized,Objet_12256
Corrosive,Objet_03606
Flammable,Objet_25811
Explosive,Objet_08139
Radioactive,Objet_23563
Food,Objet_27455
Unspecified,Objet_09073
Fragile,Objet_03620
Flammable,Objet_20792
Oxidizing,Objet_01129
Oxidizing,Objet_24808
Fragile,Objet_05666
Oxidizing,Objet_26583
Fragile,Objet_25026
Food,Objet_29547
Pressurized,Objet_08244
Oxidizing,Objet_04156
Unspecified,Objet_15630
Flammable,Objet_26166
Unspecified,Objet_01017
Pressurized,Objet_29108
Fragile,Objet_09496
Fragile,Objet_09655
Explosive,Objet_26322
Pressurized,Objet_21755
Food,Objet_29937
Unspecified,Objet_16128
Explosive,Objet_15260
Flammable,Objet_13668
Corrosive,Objet_22107
Oxidizing,Objet_07593
Corrosive,Objet_30015
Flammable,Objet_20678
Oxidizing,Objet_00029
Flammable,Objet_20266
Explosive,Objet_15419
Pressurized,Objet_17767
Fragile,Objet_14120
Explosive,Objet_13443
Radioactive,Objet_18022
Oxidizing,Objet_12622
Toxic,Objet_14589
Food,Objet_28937
Pressurized,Objet_02205
Toxic,Objet_02729
Unspecified,Objet_03872
Fragile,Objet_00640
Fragile,Objet_20700
Corrosive,Objet_06767
Oxidizing,Objet_24239
Flammable,Objet_18530
Unspecified,Objet_17417
Unspecified,Objet_30095
Fragile,Objet_04683
Flammable,Objet_04214
Food,Objet_25143
Food,Objet_19680
Flammable,Objet_02871
Explosive,Objet_16922
Food,Objet_06841
Toxic,Objet_06146
Corrosive,Objet_01418
Pressurized,Objet_16505
Radioactive,Objet_00693
Corrosive,Objet_18575
Flammable,Objet_04672
Radioactive,Objet_02536
Pressurized,Objet_17706
Oxidizing,Objet_13909
Flammable,Objet_00099
Unspecified,Objet_21826
Pressurized,Objet_00009
Fragile,Objet_29059
Toxic,Objet_06286
Flammable,Objet_21866
Oxidizing,Objet_27571
Corrosive,Objet_25711
Unspecified,Objet_19979
Corrosive,Objet_15306
Radioactive,Objet_08351
Explosive,Objet_23516
Unspecified,Objet_06003
Toxic,Objet_17723
Radioactive,Objet_21609
Pressurized,Objet_10770
Oxidizing,Objet_01175
Fragile,Objet_24742
Pressurized,Objet_01605
Oxidizing,Objet_19952
Unspecified,Objet_04777
Toxic,Objet_10728
Explosive,Objet_08683
Toxic,Objet_11022
Food,Objet_07248
Toxic,Objet_11743
Toxic,Objet_02080
Oxidizing,Objet_09171
Corrosive,Objet_02651
Pressurized,Objet_21073
Explosive,Objet_14936
Unspecified,Objet_13169
Food,Objet_11011
Explosive,Objet_12301
Flammable,Objet_26332
Flammable,Objet_22088
Food,Objet_06094
Unspecified,Objet_27390
Flammable,Objet_29018
Pressurized,Objet_06722
Toxic,Objet_15287
Radioactive,Objet_07299
Pressurized,Objet_28301
Corrosive,Objet_07222
Oxidizing,Objet_11210
Oxidizing,Objet_20785
Corrosive,Objet_22622
Pressurized,Objet_01074
Pressurized,Objet_30130
Oxidizing,Objet_14015
Flammable,Objet_19138
Corrosive,Objet_28708
Pressurized,Objet_24556
Radioactive,Objet_20555
Oxidizing,Objet_01267
Pressurized,Objet_23947
Corrosive,Objet_10262
Pressurized,Objet_19025
Oxidizing,Objet_07750
Oxidizing,Objet_01517
Toxic,Objet_00073
Explosive,Objet_01546
Unspecified,Objet_16124
Corrosive,Objet_23070
Unspecified,Objet_25637
Food,Objet_03095
Radioactive,Objet_24586
Fragile,Objet_23397
Explosive,Objet_09275
Fragile,Objet_13946
Fragile,Objet_02238
Unspecified,Objet_25098
Fragile,Objet_21795
Flammable,Objet_13920
Unspecified,Objet_21978
Radioactive,Objet_10020
Fragile,Objet_08391
Radioactive,Objet_27391
Fragile,Objet_15563
Oxidizing,Objet_24220
Radioactive,Objet_23199
Flammable,Objet_11140
Explosive,Objet_16367
Pressurized,Objet_27012
Oxidizing,Objet_17503
Pressurized,Objet_01460
Flammable,Objet_16782
Fragile,Objet_13109
Oxidizing,Objet_11186
Fragile,Objet_10786
Fragile,Objet_08556
Flammable,Objet_08961
Unspecified,Objet_00979
Flammable,Objet_25642
Pressurized,Objet_06018
Fragile,Objet_12543
Pressurized,Objet_09125
Flammable,Objet_02837
Toxic,Objet_04332
Corrosive,Objet_02226
Toxic,Objet_01789
Fragile,Objet_08402
Food,Objet_26716
Fragile,Objet_21661
Fragile,Objet_14877
Flammable,Objet_02597
Fragile,Objet_20236
Radioactive,Objet_14544
Fragile,Objet_21650
Corrosive,Objet_27968
Corrosive,Objet_21468
Food,Objet_04933
Radioactive,Objet_09870
Food,Objet_16053
Explosive,Objet_05110
Flammable,Objet_28764
Pressurized,Objet_04662
Corrosive,Objet_06168
Food,Objet_10699
Pressurized,Objet_25315
Explosive,Objet_09761
Unspecified,Objet_03372
Toxic,Objet_09082
Explosive,Objet_00952
Food,Objet_10595
Flammable,Objet_01191
Unspecified,Objet_11931
Radioactive,Objet_19701
Corrosive,Objet_12266
Unspecified,Objet_00338
Food,Objet_17930
Pressurized,Objet_09725
Explosive,Objet_11475
Toxic,Objet_21998
Toxic,Objet_01785
Radioactive,Objet_17625
Explosive,Objet_07964
Fragile,Objet_30042
Toxic,Objet_04635
Oxidizing,Objet_22567
Corrosive,Objet_00224
Food,Objet_09310
Radioactive,Objet_12308
Food,Objet_29847
Toxic,Objet_14828
Unspecified,Objet_24870
Toxic,Objet_03130
Radioactive,Objet_02628
Flammable,Objet_00409
Pressurized,Objet_05192
Food,Objet_15248
Toxic,Objet_00143
Explosive,Objet_02990
Food,Objet_14633
Pressurized,Objet_23271
Radioactive,Objet_16354
Explosive,Objet_23562
Radioactive,Objet_22649
Pressurized,Objet_04275
Corrosive,Objet_20356
Explosive,Objet_12682
Food,Objet_15997
Unspecified,Objet_01454
Fragile,Objet_13278
Oxidizing,Objet_21590
Unspecified,Objet_15971
Corrosive,Objet_08471
Radioactive,Objet_04423
Pressurized,Objet_21521
Radioactive,Objet_11585
Oxidizing,Objet_03060
Explosive,Objet_16246
Oxidizing,Objet_11133
Toxic,Objet_03829
Oxidizing,Objet_25177
Pressurized,Objet_02607
Unspecified,Objet_24925
Oxidizing,Objet_08293
Corrosive,Objet_03259
Food,Objet_07151
Flammable,Objet_18148
Fragile,Objet_14625
Oxidizing,Objet_07957
Oxidizing,Objet_16971
Oxidizing,Objet_05915
Radioactive,Objet_18346
Flammable,Objet_28544
Fragile,Objet_28337
Toxic,Objet_28383
Pressurized,Objet_14718
Fragile,Objet_20922
Explosive,Objet_04363
Explosive,Objet_19854
Explosive,Objet_23556
Fragile,Objet_18258
Corrosive,Objet_24101
Explosive,Objet_04767
Explosive,Objet_17408
Fragile,Objet_00665
Unspecified,Objet_19008
Food,Objet_27677
Radioactive,Objet_15440
Corrosive,Objet_07911
Food,Objet_23726
Food,Objet_16760
Corrosive,Objet_01106
Pressurized,Objet_19310
Flammable,Objet_12298
Explosive,Objet_02392
Explosive,Objet_03994
Oxidizing,Objet_28499
Unspecified,Objet_25043
Flammable,Objet_14083
Oxidizing,Objet_27359
Oxidizing,Objet_09052
Food,Objet_18693
Unspecified,Objet_15120
Corrosive,Objet_22044
Pressurized,Objet_05538
Oxidizing,Objet_15369
Corrosive,Objet_12539
Food,Objet_27590
Food,Objet_01553
Pressurized,Objet_24103
Fragile,Objet_27905
Radioactive,Objet_09975
Unspecified,Objet_08841
Radioactive,Objet_10355
Unspecified,Objet_15062
Food,Objet_02233
Radioactive,Objet_28795
Explosive,Objet_23787
Fragile,Objet_04402
Flammable,Objet_15994
Radioactive,Objet_07678
Unspecified,Objet_12527
Corrosive,Objet_28309
Unspecified,Objet_07108
Unspecified,Objet_18402
Explosive,Objet_24604
Toxic,Objet_15468
Fragile,Objet_16134
Explosive,Objet_09320
Pressurized,Objet_16962
Oxidizing,Objet_25502
Flammable,Objet_01942
Corrosive,Objet_20424
Oxidizing,Objet_06551
Explosive,Objet_12205
Unspecified,Objet_24233
Toxic,Objet_20525
Flammable,Objet_02724
Fragile,Objet_03030
Corrosive,Objet_13786
Unspecified,Objet_09450
Pressurized,Objet_02398
Unspecified,Objet_15667
Oxidizing,Objet_28790
Radioactive,Objet_04849
Flammable,Objet_12207
Radioactive,Objet_10512
Radioactive,Objet_19893
Food,Objet_22767
Oxidizing,Objet_02186
Fragile,Objet_03362
Oxidizing,Objet_22030
Corrosive,Objet_08007
Flammable,Objet_03515
Radioactive,Objet_22698
Radioactive,Objet_02847
Radioactive,Objet_26221
Toxic,Objet_15898
Pressurized,Objet_07084
Pressurized,Objet_06812
Food,Objet_09610
Radioactive,Objet_05078
Fragile,Objet_23088
Radioactive,Objet_20917
Toxic,Objet_26547
Food,Objet_00963
Unspecified,Objet_10314
Fragile,Objet_11507
Corrosive,Objet_27171
Toxic,Objet_24393
Radioactive,Objet_09215
Corrosive,Objet_17584
Flammable,Objet_07602
Toxic,Objet_05597
Radioactive,Objet_13778
Flammable,Objet_06274
Food,Objet_20056
Flammable,Objet_16090
Explosive,Objet_16168
Oxidizing,Objet_06794
Flammable,Objet_17571
Fragile,Objet_23130
Oxidizing,Objet_01700
Pressurized,Objet_17254
Oxidizing,Objet_24623
Toxic,Objet_22101
Flammable,Objet_17785
Unspecified,Objet_11050
Unspecified,Objet_06910
Fragile,Objet_20782
Fragile,Objet_19795
Flammable,Objet_17859
Food,Objet_27035
Pressurized,Objet_26259
Food,Objet_23212
Oxidizing,Objet_12271
Toxic,Objet_28728
Oxidizing,Objet_11602
Radioactive,Objet_23743
Fragile,Objet_11334
Corrosive,Objet_04157
Fragile,Objet_00951
Radioactive,Objet_17903
Flammable,Objet_02931
Oxidizing,Objet_15081
Explosive,Objet_06874
Food,Objet_17636
Unspecified,Objet_19830
Fragile,Objet_11177
Pressurized,Objet_25996
Oxidizing,Objet_13579
Explosive,Objet_01851
Oxidizing,Objet_24714
Oxidizing,Objet_17651
Radioactive,Objet_19531
Flammable,Objet_12057
Fragile,Objet_26444
Toxic,Objet_09578
Radioactive,Objet_20932
Oxidizing,Objet_23608
Flammable,Objet_18791
Radioactive,Objet_21098
Fragile,Objet_21351
Fragile,Objet_23659
Corrosive,Objet_12080
Radioactive,Objet_03481
Pressurized,Objet_00803
Unspecified,Objet_01552
Oxidizing,Objet_26029
Toxic,Objet_05643
Oxidizing,Objet_20014
Radioactive,Objet_21015
Oxidizing,Objet_12894
Fragile,Objet_15143
Flammable,Objet_06634
Food,Objet_02948
Flammable,Objet_19050
Pressurized,Objet_24902
Explosive,Objet_07755
Pressurized,Objet_24024
Corrosive,Objet_22913
Explosive,Objet_26168
Oxidizing,Objet_23800
Explosive,Objet_15647
Corrosive,Objet_25882
Food,Objet_03199
Flammable,Objet_23588
Unspecified,Objet_29409
Flammable,Objet_04018
Toxic,Objet_09217
Radioactive,Objet_05190
Explosive,Objet_00983
Flammable,Objet_02564
Food,Objet_03937
Fragile,Objet_14365
Unspecified,Objet_20233
Corrosive,Objet_17643
Food,Objet_29131
Pressurized,Objet_15511
Oxidizing,Objet_15660
Unspecified,Objet_23165
Pressurized,Objet_17631
Oxidizing,Objet_26395
Explosive,Objet_07172
Explosive,Objet_08146
Radioactive,Objet_17018
Pressurized,Objet_29275
Fragile,Objet_09325
Radioactive,Objet_13011
Fragile,Objet_16704
Pressurized,Objet_04877
Radioactive,Objet_22325
Toxic,Objet_06496
Radioactive,Objet_07074
Unspecified,Objet_24706
Fragile,Objet_07838
Corrosive,Objet_05272
Explosive,Objet_17526
Corrosive,Objet_21053
Flammable,Objet_01911
Fragile,Objet_21638
Flammable,Objet_17701
Fragile,Objet_05348
Radioactive,Objet_10145
Unspecified,Objet_00984
Explosive,Objet_01592
Pressurized,Objet_08555
Flammable,Objet_07675
Fragile,Objet_26722
Unspecified,Objet_02798
Corrosive,Objet_15170
Fragile,Objet_16861
Oxidizing,Objet_21923
Flammable,Objet_26530
Toxic,Objet_16329
Explosive,Objet_16848
Corrosive,Objet_07862
Fragile,Objet_16277
Radioactive,Objet_23937
Fragile,Objet_03921
Radioactive,Objet_05665
Corrosive,Objet_00663
Corrosive,Objet_09166
Food,Objet_16907
Corrosive,Objet_13234
Radioactive,Objet_18939
Food,Objet_00310
Food,Objet_27787
Pressurized,Objet_13264
Toxic,Objet_25582
Food,Objet_02273
Explosive,Objet_16678
Explosive,Objet_20575
Food,Objet_23417
Pressurized,Objet_08370
Pressurized,Objet_00685
Oxidizing,Objet_03556
Explosive,Objet_13780
Oxidizing,Objet_07453
Corrosive,Objet_11862
Toxic,Objet_15729
Corrosive,Objet_10615
Radioactive,Objet_16575
Pressurized,Objet_00873
Toxic,Objet_17894
Unspecified,Objet_16667
Flammable,Objet_16204
Radioactive,Objet_19588
Explosive,Objet_09062
Explosive,Objet_07842
Pressurized,Objet_06221
Radioactive,Objet_02077
Food,Objet_17291
Flammable,Objet_01827
Corrosive,Objet_26149
Oxidizing,Objet_20371
Explosive,Objet_14027
Fragile,Objet_05628
Radioactive,Objet_10853
Toxic,Objet_24583
Corrosive,Objet_00751
Pressurized,Objet_09076
Explosive,Objet_08088
Pressurized,Objet_25139
Flammable,Objet_19268
Corrosive,Objet_09057
Pressurized,Objet_02185
Pressurized,Objet_13814
Pressurized,Objet_16805
Toxic,Objet_07219
Toxic,Objet_23642
Toxic,Objet_19415
Toxic,Objet_27618
Toxic,Objet_12322
Corrosive,Objet_10993
Explosive,Objet_25097
Food,Objet_04150
Fragile,Objet_06578
Food,Objet_19591
Explosive,Objet_01574
Explosive,Objet_01455
Oxidizing,Objet_08324
Food,Objet_15876
Explosive,Objet_05123
Radioactive,Objet_07574
Radioactive,Objet_09603
Fragile,Objet_00320
Pressurized,Objet_13058
Food,Objet_11392
Oxidizing,Objet_19632
Explosive,Objet_10319
Corrosive,Objet_08737
Unspecified,Objet_05785
Oxidizing,Objet_01607
Radioactive,Objet_18519
Corrosive,Objet_06540
Corrosive,Objet_12232
Explosive,Objet_14050
Pressurized,Objet_21414
Explosive,Objet_20285
Food,Objet_03967
Explosive,Objet_15603
Food,Objet_26056
Unspecified,Objet_00244
Corrosive,Objet_28967
Radioactive,Objet_14049
Explosive,Objet_18677
Corrosive,Objet_08752
Corrosive,Objet_00556
Unspecified,Objet_14093
Fragile,Objet_09848
Corrosive,Objet_10862
Fragile,Objet_11494
Flammable,Objet_14145
Pressurized,Objet_26655
Radioactive,Objet_18399
Fragile,Objet_11070
Unspecified,Objet_26958
Pressurized,Objet_26076
Fragile,Objet_01230
Explosive,Objet_14979
Fragile,Objet_13086
Radioactive,Objet_28343
Explosive,Objet_01312
Unspecified,Objet_21310
Flammable,Objet_15296
Flammable,Objet_01305
Food,Objet_24931
Corrosive,Objet_00101
Unspecified,Objet_25145
Corrosive,Objet_08225
Toxic,Objet_08512
Oxidizing,Objet_06254
Unspecified,Objet_12722
Oxidizing,Objet_18476
Fragile,Objet_10093
Radioactive,Objet_02996
Radioactive,Objet_20670
Corrosive,Objet_28910
Toxic,Objet_08226
Fragile,Objet_18653
Flammable,Objet_29938
Oxidizing,Objet_16997
Unspecified,Objet_29567
Pressurized,Objet_25069
Toxic,Objet_17835
Toxic,Objet_04609
Pressurized,Objet_02626
Unspecified,Objet_20931
Explosive,Objet_01532
Pressurized,Objet_11775
Food,Objet_14563
Explosive,Objet_15253
Flammable,Objet_21368
Pressurized,Objet_11689
Toxic,Objet_28394
Explosive,Objet_20971
Fragile,Objet_05782
Unspecified,Objet_05607
Pressurized,Objet_29367
Fragile,Objet_29865
Flammable,Objet_24797
Explosive,Objet_02795
Flammable,Objet_05183
Fragile,Objet_23228
Food,Objet_10531
Oxidizing,Objet_11461
Flammable,Objet_24743
Corrosive,Objet_10951
Explosive,Objet_08138
Corrosive,Objet_28964
Unspecified,Objet_07182
Corrosive,Objet_26176
Pressurized,Objet_20022
Corrosive,Objet_25114
Toxic,Objet_12844
Corrosive,Objet_02892
Oxidizing,Objet_00292
Food,Objet_24705
Oxidizing,Objet_02349
Toxic,Objet_11323
Pressurized,Objet_10736
Radioactive,Objet_16004
Fragile,Objet_20363
Oxidizing,Objet_05611
Pressurized,Objet_11147
Fragile,Objet_01503
Food,Objet_19779
Toxic,Objet_21202
Explosive,Objet_04794
Oxidizing,Objet_02835
Toxic,Objet_28192
Explosive,Objet_09545
Toxic,Objet_28257
Explosive,Objet_03741
Pressurized,Objet_12231
Pressurized,Objet_28771
Unspecified,Objet_13438
Pressurized,Objet_17007
Oxidizing,Objet_28574
Unspecified,Objet_08201
Oxidizing,Objet_29012
Explosive,Objet_18453
Oxidizing,Objet_05629
Flammable,Objet_25691
Corrosive,Objet_06924
Unspecified,Objet_03827
Flammable,Objet_02808
Fragile,Objet_23254
Food,Objet_25288
Oxidizing,Objet_17346
Food,Objet_24553
Oxidizing,Objet_10125
Toxic,Objet_23699
Oxidizing,Objet_12447
Food,Objet_01216
Oxidizing,Objet_26126
Explosive,Objet_05168
Pressurized,Objet_29189
Food,Objet_22085
Food,Objet_09674
Pressurized,Objet_22925
Radioactive,Objet_12949
Corrosive,Objet_22659
Radioactive,Objet_25514
Toxic,Objet_25639
Explosive,Objet_08643
Explosive,Objet_16208
Toxic,Objet_13619
Corrosive,Objet_14077
Corrosive,Objet_20094
Toxic,Objet_17662
Food,Objet_25029
Toxic,Objet_17616
Toxic,Objet_12475
Fragile,Objet_15789
Oxidizing,Objet_03465
Explosive,Objet_19217
Corrosive,Objet_13598
Unspecified,Objet_20092
Flammable,Objet_30143
Radioactive,Objet_16750
Fragile,Objet_04421
Pressurized,Objet_03419
Corrosive,Objet_01353
Pressurized,Objet_28163
Corrosive,Objet_15491
Corrosive,Objet_01786
Unspecified,Objet_29286
Oxidizing,Objet_12407
Toxic,Objet_29648
Toxic,Objet_07173
Explosive,Objet_24466
Flammable,Objet_13763
Unspecified,Objet_19914
Explosive,Objet_02195
Radioactive,Objet_09796
Fragile,Objet_08952
Flammable,Objet_29044
Oxidizing,Objet_13042
Unspecified,Objet_09366
Food,Objet_02818
Toxic,Objet_17430
Toxic,Objet_18259
Oxidizing,Objet_11402
Radioactive,Objet_22760
Explosive,Objet_24804
Corrosive,Objet_03941
Radioactive,Objet_18392
Flammable,Objet_06147
Fragile,Objet_29930
Radioactive,Objet_12280
Oxidizing,Objet_03147
Pressurized,Objet_28450
Oxidizing,Objet_21804
Food,Objet_15230
Pressurized,Objet_07580
Toxic,Objet_10409
Explosive,Objet_25535
Explosive,Objet_17139
Pressurized,Objet_01178
Flammable,Objet_12128
Unspecified,Objet_03234
Explosive,Objet_10102
Unspecified,Objet_11226
Corrosive,Objet_12414
Corrosive,Objet_21109
Flammable,Objet_05613
Food,Objet_19252
Fragile,Objet_07711
Oxidizing,Objet_11996
Oxidizing,Objet_28280
Flammable,Objet_03661
Food,Objet_24709
Fragile,Objet_05474
Food,Objet_27993
Unspecified,Objet_10157
Fragile,Objet_26609
Explosive,Objet_19641
Explosive,Objet_07415
Pressurized,Objet_19209
Radioactive,Objet_19522
Flammable,Objet_05587
Oxidizing,Objet_11312
Oxidizing,Objet_11209
Corrosive,Objet_04909
Food,Objet_14820
Pressurized,Objet_22047
Pressurized,Objet_08018
Food,Objet_03149
Corrosive,Objet_05691
Fragile,Objet_01206
Unspecified,Objet_27866
Toxic,Objet_15571
Unspecified,Objet_16672
Unspecified,Objet_15945
Fragile,Objet_25170
Explosive,Objet_25364
Corrosive,Objet_27197
Toxic,Objet_11026
Flammable,Objet_25474
Pressurized,Objet_23744
Fragile,Objet_05657
Unspecified,Objet_04302
Fragile,Objet_15175
Explosive,Objet_20191
Food,Objet_01000
Pressurized,Objet_17070
Radioactive,Objet_06611
Pressurized,Objet_17150
Food,Objet_27552
Pressurized,Objet_09347
Pressurized,Objet_28447
Explosive,Objet_11645
Corrosive,Objet_10509
Explosive,Objet_21250
Corrosive,Objet_10185
Food,Objet_18406
Flammable,Objet_18943
Toxic,Objet_22054
Corrosive,Objet_30120
Pressurized,Objet_24869
Corrosive,Objet_10012
Fragile,Objet_03320
Corrosive,Objet_03064
Oxidizing,Objet_15840
Food,Objet_21709
Radioactive,Objet_27664
Pressurized,Objet_26920
Oxidizing,Objet_07927
Food,Objet_13211
Food,Objet_17557
Fragile,Objet_27646
Oxidizing,Objet_15968
Oxidizing,Objet_27863
Corrosive,Objet_03087
Fragile,Objet_19220
Fragile,Objet_14052
Flammable,Objet_18283
Unspecified,Objet_14903
Pressurized,Objet_05416
Toxic,Objet_23168
Fragile,Objet_20571
Explosive,Objet_29763
Unspecified,Objet_15495
Fragile,Objet_03022
Pressurized,Objet_25645
Corrosive,Objet_27403
Food,Objet_18353
Flammable,Objet_16665
Pressurized,Objet_12672
Corrosive,Objet_27605
Explosive,Objet_22285
Toxic,Objet_07876
Unspecified,Objet_25485
Food,Objet_04898
Radioactive,Objet_28829
Fragile,Objet_23917
Fragile,Objet_07529
Pressurized,Objet_09927
Toxic,Objet_15111
Radioactive,Objet_24943
Radioactive,Objet_09809
Oxidizing,Objet_06331
Food,Objet_01890
Toxic,Objet_12519
Food,Objet_15266
Corrosive,Objet_20814
Corrosive,Objet_28625
Radioactive,Objet_24483
Corrosive,Objet_26765
Explosive,Objet_25596
Flammable,Objet_18992
Fragile,Objet_05109
Corrosive,Objet_20216
Pressurized,Objet_03174
Flammable,Objet_05635
Radioactive,Objet_18520
Corrosive,Objet_07831
Flammable,Objet_18574
Explosive,Objet_23805
Fragile,Objet_00245
Fragile,Objet_22860
Flammable,Objet_29238
Radioactive,Objet_09791
Oxidizing,Objet_21749
Corrosive,Objet_05036
Corrosive,Objet_02615
Food,Objet_29622
Toxic,Objet_20687
Flammable,Objet_24655
Flammable,Objet_00490
Unspecified,Objet_28508
Toxic,Objet_18616
Pressurized,Objet_09892
Radioactive,Objet_17915
Corrosive,Objet_06101
Food,Objet_09992
Flammable,Objet_03803
Corrosive,Objet_21398
Toxic,Objet_17016
Fragile,Objet_18145
Pressurized,Objet_03133
Flammable,Objet_17085
Explosive,Objet_02316
Flammable,Objet_15067
Corrosive,Objet_08326
Radioactive,Objet_23621
Radioactive,Objet_25344
Corrosive,Objet_10306
Unspecified,Objet_05125
Unspecified,Objet_08609
Toxic,Objet_25233
Oxidizing,Objet_01899
Oxidizing,Objet_04640
Flammable,Objet_07655
Corrosive,Objet_09804
Corrosive,Objet_27405
Corrosive,Objet_23178
Explosive,Objet_28556
Toxic,Objet_11075
Food,Objet_09318
Radioactive,Objet_08394
Oxidizing,Objet_10037
Flammable,Objet_27399
Radioactive,Objet_01792
Oxidizing,Objet_00687
Radioactive,Objet_28891
Radioactive,Objet_10865
Oxidizing,Objet_05984
Flammable,Objet_21043
Oxidizing,Objet_08135
Toxic,Objet_18551
Corrosive,Objet_07138
Flammable,Objet_28336
Food,Objet_02613
Oxidizing,Objet_15781
Radioactive,Objet_23507
Flammable,Objet_13393
Toxic,Objet_27279
Flammable,Objet_28843
Flammable,Objet_14794
Corrosive,Objet_09697
Corrosive,Objet_24874
Corrosive,Objet_06403
Corrosive,Objet_27879
Corrosive,Objet_29372
Flammable,Objet_09964
Food,Objet_20993
Flammable,Objet_07539
Radioactive,Objet_04068
Unspecified,Objet_08073
Fragile,Objet_25230
Oxidizing,Objet_30147
Food,Objet_01113
Food,Objet_00483
Unspecified,Objet_04580
Flammable,Objet_20134
Flammable,Objet_16675
Radioactive,Objet_12956
Fragile,Objet_20615
Fragile,Objet_01317
Pressurized,Objet_01029
Food,Objet_23112
Food,Objet_13449
Radioactive,Objet_26525
Toxic,Objet_17816
Flammable,Objet_08341
Unspecified,Objet_01252
Toxic,Objet_15680
Corrosive,Objet_07735
Pressurized,Objet_09411
Pressurized,Objet_05058
Unspecified,Objet_22174
Pressurized,Objet_18660
Explosive,Objet_12096
Toxic,Objet_22937
Radioactive,Objet_23151
Radioactive,Objet_12386
Fragile,Objet_16676
Corrosive,Objet_24918
Corrosive,Objet_00154
Toxic,Objet_09335
Explosive,Objet_20185
Unspecified,Objet_29723
Radioactive,Objet_24373
Corrosive,Objet_06975
Food,Objet_19618
Corrosive,Objet_14976
Flammable,Objet_22672
Radioactive,Objet_13061
Food,Objet_07258
Toxic,Objet_20332
Oxidizing,Objet_29668
Fragile,Objet_21406
Unspecified,Objet_25813
Pressurized,Objet_17279
Fragile,Objet_16559
Corrosive,Objet_23110
Food,Objet_28253
Flammable,Objet_07799
Radioactive,Objet_10282
Unspecified,Objet_20578
Radioactive,Objet_20440
Corrosive,Objet_19989
Food,Objet_06737
Corrosive,Objet_26111
Oxidizing,Objet_25359
Fragile,Objet_09591
Explosive,Objet_25802
Flammable,Objet_03140
Unspecified,Objet_17569
Food,Objet_13447
Flammable,Objet_18942
Flammable,Objet_02969
Food,Objet_08331
Toxic,Objet_22108
Food,Objet_00096
Unspecified,Objet_07387
Oxidizing,Objet_20716
Explosive,Objet_03854
Radioactive,Objet_20896
Corrosive,Objet_09221
Flammable,Objet_13400
Pressurized,Objet_15957
Unspecified,Objet_09501
Toxic,Objet_12341
Flammable,Objet_06283
Pressurized,Objet_28072
Fragile,Objet_22909
Radioactive,Objet_24266
Food,Objet_13417
Pressurized,Objet_27901
Flammable,Objet_28897
Oxidizing,Objet_26116
Oxidizing,Objet_19695
Toxic,Objet_07188
Explosive,Objet_23222
Oxidizing,Objet_04908
Pressurized,Objet_24170
Radioactive,Objet_03188
Oxidizing,Objet_29215
Explosive,Objet_25890
Unspecified,Objet_04137
Flammable,Objet_06579
Toxic,Objet_28488
Explosive,Objet_03297
Corrosive,Objet_03608
Pressurized,Objet_05330
Flammable,Objet_25758
Toxic,Objet_08631
Toxic,Objet_28933
Toxic,Objet_29396
Unspecified,Objet_02953
Flammable,Objet_04769
Unspecified,Objet_26708
Pressurized,Objet_23928
Flammable,Objet_02910
Explosive,Objet_27791
Corrosive,Objet_04225
Flammable,Objet_17852
Explosive,Objet_26809
Pressurized,Objet_14695
Toxic,Objet_27038
Unspecified,Objet_19752
Oxidizing,Objet_27398
Fragile,Objet_17799
Toxic,Objet_16279
Food,Objet_22609
Food,Objet_05568
Flammable,Objet_01678
Unspecified,Objet_24945
Toxic,Objet_10191
Corrosive,Objet_22272
Pressurized,Objet_16438
Radioactive,Objet_07390
Flammable,Objet_29478
Corrosive,Objet_03228
Pressurized,Objet_28685
Flammable,Objet_02560
Toxic,Objet_01594
Flammable,Objet_15740
Food,Objet_24859
Pressurized,Objet_13162
Flammable,Objet_14435
Fragile,Objet_19185
Explosive,Objet_07156
Radioactive,Objet_06303
Radioactive,Objet_05159
Radioactive,Objet_02876
Corrosive,Objet_17933
Explosive,Objet_23433
Unspecified,Objet_10741
Radioactive,Objet_20648
Flammable,Objet_06258
Pressurized,Objet_07116
Food,Objet_09908
Oxidizing,Objet_23018
Radioactive,Objet_06991
Explosive,Objet_24081
Corrosive,Objet_29695
Unspecified,Objet_04989
Unspecified,Objet_28710
Corrosive,Objet_25201
Explosive,Objet_12126
Radioactive,Objet_13557
Fragile,Objet_06269
Unspecified,Objet_18133
Flammable,Objet_28100
Fragile,Objet_26509
Corrosive,Objet_03158
Food,Objet_26443
Corrosive,Objet_13269
Unspecified,Objet_17465
Flammable,Objet_11134
Toxic,Objet_09825
Oxidizing,Objet_18439
Pressurized,Objet_18745
Food,Objet_14526
Food,Objet_07638
Corrosive,Objet_01524
Radioactive,Objet_07081
Radioactive,Objet_26419
Unspecified,Objet_15390
Unspecified,Objet_19704
Toxic,Objet_21622
Oxidizing,Objet_27494
Oxidizing,Objet_19087
Oxidizing,Objet_15665
Fragile,Objet_22459
Toxic,Objet_17188
Food,Objet_28428
Oxidizing,Objet_26528
Flammable,Objet_13807
Food,Objet_23089
Fragile,Objet_24066
Toxic,Objet_03738
Food,Objet_28408
Fragile,Objet_13983
Radioactive,Objet_01388
Fragile,Objet_23114
Oxidizing,Objet_27482
Corrosive,Objet_04185
Fragile,Objet_10835
Explosive,Objet_11973
Radioactive,Objet_18813
Pressurized,Objet_14222
Pressurized,Objet_23261
Pressurized,Objet_25579
Oxidizing,Objet_27451
Radioactive,Objet_19888
Flammable,Objet_27529
Radioactive,Objet_27432
Pressurized,Objet_12989
Radioactive,Objet_12283
Flammable,Objet_25754
Food,Objet_17298
Unspecified,Objet_02227
Explosive,Objet_22232
Radioactive,Objet_26073
Radioactive,Objet_12339
Food,Objet_16455
Fragile,Objet_08504
Unspecified,Objet_06366
Unspecified,Objet_04326
Unspecified,Objet_29162
Radioactive,Objet_16323
Toxic,Objet_08464
Fragile,Objet_19615
Toxic,Objet_24617
Oxidizing,Objet_29486
Toxic,Objet_21020
Radioactive,Objet_04897
Food,Objet_16950
Radioactive,Objet_04365
Pressurized,Objet_02533
Flammable,Objet_10197
Pressurized,Objet_01472
Corrosive,Objet_27410
Toxic,Objet_01988
Oxidizing,Objet_04707
Pressurized,Objet_20479
Flammable,Objet_18383
Unspecified,Objet_11608
Toxic,Objet_07727
Toxic,Objet_12961
Fragile,Objet_27343
Unspecified,Objet_18163
Food,Objet_19600
Corrosive,Objet_06997
Oxidizing,Objet_10818
Food,Objet_08319
Flammable,Objet_02067
Unspecified,Objet_25634
Corrosive,Objet_08256
Unspecified,Objet_03990
Pressurized,Objet_16858
Food,Objet_22980
Radioactive,Objet_03494
Pressurized,Objet_24749
Corrosive,Objet_14347
Unspecified,Objet_22268
Flammable,Objet_30051
Toxic,Objet_03099
Explosive,Objet_29399
Explosive,Objet_27134
Corrosive,Objet_28046
Food,Objet_20066
Food,Objet_27812
Unspecified,Objet_20052
Flammable,Objet_07519
Toxic,Objet_29331
Explosive,Objet_24330
Corrosive,Objet_07681
Pressurized,Objet_10186
Corrosive,Objet_05518
Unspecified,Objet_17453
Oxidizing,Objet_20620
Unspecified,Objet_04336
Explosive,Objet_03888
Pressurized,Objet_29588
Toxic,Objet_17926
Fragile,Objet_15068
Toxic,Objet_08554
Corrosive,Objet_26174
Oxidizing,Objet_06164
Oxidizing,Objet_10636
Corrosive,Objet_16823
Oxidizing,Objet_05188
Explosive,Objet_28751
Flammable,Objet_07296
Radioactive,Objet_22792
Oxidizing,Objet_08912
Radioactive,Objet_06157
Toxic,Objet_02121
Unspecified,Objet_28729
Corrosive,Objet_00295
Food,Objet_20793
Oxidizing,Objet_21167
Flammable,Objet_20797
Radioactive,Objet_04347
Flammable,Objet_13953
Explosive,Objet_04700
Radioactive,Objet_09242
Toxic,Objet_22360
Corrosive,Objet_05077
Pressurized,Objet_00861
Oxidizing,Objet_06996
Explosive,Objet_14774
Explosive,Objet_01382
Flammable,Objet_22644
Toxic,Objet_27015
Food,Objet_27417
Explosive,Objet_16179
Unspecified,Objet_09829
Unspecified,Objet_17771
Corrosive,Objet_18797
Food,Objet_02440
Unspecified,Objet_23139
Explosive,Objet_21253
Explosive,Objet_21889
Food,Objet_12068
Corrosive,Objet_12089
Explosive,Objet_17480
Flammable,Objet_22731
Unspecified,Objet_13608
Corrosive,Objet_28481
Pressurized,Objet_02216
Explosive,Objet_00048
Oxidizing,Objet_01276
Corrosive,Objet_01714
Food,Objet_06942
Fragile,Objet_24994
Oxidizing,Objet_04503
Unspecified,Objet_11506
Explosive,Objet_25591
Explosive,Objet_21854
Oxidizing,Objet_13115
Flammable,Objet_08847
Radioactive,Objet_09182
Radioactive,Objet_19456
Toxic,Objet_21017
Oxidizing,Objet_14227
Unspecified,Objet_06114
Oxidizing,Objet_14761
Explosive,Objet_24357
Pressurized,Objet_06933
Flammable,Objet_01520
Radioactive,Objet_29163
Pressurized,Objet_13940
Fragile,Objet_14244
Explosive,Objet_06923
Radioactive,Objet_20606
Pressurized,Objet_28388
Pressurized,Objet_02423
Oxidizing,Objet_02028
Toxic,Objet_23814
Food,Objet_05743
Flammable,Objet_15550
Flammable,Objet_28582
Explosive,Objet_29715
Fragile,Objet_18646
Oxidizing,Objet_29462
Food,Objet_03631
Explosive,Objet_10901
Fragile,Objet_15505
Food,Objet_28157
Unspecified,Objet_02271
Oxidizing,Objet_17325
Corrosive,Objet_22915
Toxic,Objet_21004
Oxidizing,Objet_28978
Oxidizing,Objet_24589
Pressurized,Objet_21233
Flammable,Objet_28273
Food,Objet_01109
Flammable,Objet_25593
Unspecified,Objet_00939
Pressurized,Objet_00619
Oxidizing,Objet_17400
Toxic,Objet_00771
Pressurized,Objet_06344
Toxic,Objet_21851
Flammable,Objet_03335
Food,Objet_01584
Fragile,Objet_09553
Food,Objet_00191
Explosive,Objet_13797
Food,Objet_14410
Oxidizing,Objet_14422
Flammable,Objet_19389
Explosive,Objet_05575
Fragile,Objet_09371
Radioactive,Objet_21369
Pressurized,Objet_24933
Explosive,Objet_04508
Flammable,Objet_20288
Radioactive,Objet_12647
Toxic,Objet_23617
Fragile,Objet_14177
Pressurized,Objet_29681
Oxidizing,Objet_05744
Food,Objet_19036
Explosive,Objet_26187
Flammable,Objet_02390
Fragile,Objet_19553
Pressurized,Objet_08213
Unspecified,Objet_24864
Radioactive,Objet_27751
Radioactive,Objet_06362
Food,Objet_17692
Corrosive,Objet_12613
Oxidizing,Objet_03689
Explosive,Objet_06206
Explosive,Objet_01070
Fragile,Objet_20883
Radioactive,Objet_07158
Fragile,Objet_22982
Fragile,Objet_06860
Flammable,Objet_13873
Fragile,Objet_18869
Pressurized,Objet_18058
Flammable,Objet_15392
Oxidizing,Objet_16487
Corrosive,Objet_00909
Toxic,Objet_12130
Toxic,Objet_28663
Oxidizing,Objet_23017
Oxidizing,Objet_09158
Unspecified,Objet_29549
Flammable,Objet_21682
Corrosive,Objet_19079
Unspecified,Objet_03181
Corrosive,Objet_10114
Pressurized,Objet_02287
Unspecified,Objet_27861
Flammable,Objet_06810
Toxic,Objet_06944
Explosive,Objet_07202
Unspecified,Objet_01126
Toxic,Objet_14332
Fragile,Objet_22234
Food,Objet_09382
Corrosive,Objet_12864
Flammable,Objet_13037
Corrosive,Objet_07851
Flammable,Objet_13464
Fragile,Objet_16616
Toxic,Objet_04586
Food,Objet_25070
Toxic,Objet_08006
Oxidizing,Objet_19007
Flammable,Objet_21426
Corrosive,Objet_22430
Explosive,Objet_00976
Oxidizing,Objet_10552
Flammable,Objet_03761
Unspecified,Objet_20067
Flammable,Objet_14692
Toxic,Objet_29764
Food,Objet_20746
Oxidizing,Objet_16960
Unspecified,Objet_13094
Fragile,Objet_06415
Explosive,Objet_07503
Food,Objet_29258
Toxic,Objet_23460
Pressurized,Objet_15905
Fragile,Objet_12914
Explosive,Objet_01831
Explosive,Objet_11328
Toxic,Objet_00121
Oxidizing,Objet_05204
Food,Objet_09336
Oxidizing,Objet_29813
Food,Objet_12242
Flammable,Objet_21657
Food,Objet_14969
Toxic,Objet_11854
Pressurized,Objet_22393
Oxidizing,Objet_00480
Pressurized,Objet_16087
Fragile,Objet_24676
Corrosive,Objet_16906
Pressurized,Objet_12445
Fragile,Objet_08662
Toxic,Objet_28742
Pressurized,Objet_07923
Pressurized,Objet_02964
Toxic,Objet_25884
Unspecified,Objet_16982
Toxic,Objet_25925
Unspecified,Objet_26485
Toxic,Objet_22542
Flammable,Objet_25337
Oxidizing,Objet_10500
Fragile,Objet_16517
Toxic,Objet_05931
Toxic,Objet_07245
Oxidizing,Objet_26379
Corrosive,Objet_17107
Unspecified,Objet_03252
Toxic,Objet_18358
Explosive,Objet_26934
Food,Objet_14762
Unspecified,Objet_22084
Flammable,Objet_09819
Toxic,Objet_21729
Corrosive,Objet_09615
Food,Objet_03315
Fragile,Objet_11709
Fragile,Objet_02522
Corrosive,Objet_05308
Food,Objet_02246
Explosive,Objet_09260
Unspecified,Objet_14377
Toxic,Objet_06063
Explosive,Objet_24744
Food,Objet_19439
Explosive,Objet_29250
Radioactive,Objet_04257
Explosive,Objet_08046
Pressurized,Objet_11871
Explosive,Objet_02033
Explosive,Objet_02219
Flammable,Objet_26802
Explosive,Objet_04328
Toxic,Objet_13472
Pressurized,Objet_00851
Unspecified,Objet_28958
Corrosive,Objet_03650
Radioactive,Objet_11001
Food,Objet_27265
Food,Objet_10981
Explosive,Objet_10019
Unspecified,Objet_09857
Fragile,Objet_02764
Pressurized,Objet_07612
Flammable,Objet_19652
Explosive,Objet_25060
Food,Objet_11194
Corrosive,Objet_22614
Pressurized,Objet_07677
Oxidizing,Objet_25599
Unspecified,Objet_16278
Fragile,Objet_09577
Flammable,Objet_15693
Radioactive,Objet_26777
Toxic,Objet_08291
Unspecified,Objet_19836
Fragile,Objet_02380
Toxic,Objet_24506
Corrosive,Objet_05999
Pressurized,Objet_03042
Fragile,Objet_00877
Unspecified,Objet_00395
Toxic,Objet_20357
Corrosive,Objet_14710
Explosive,Objet_10628
Toxic,Objet_07626
Explosive,Objet_16010
Food,Objet_21151
Unspecified,Objet_03398
Pressurized,Objet_17337
Food,Objet_12557
Toxic,Objet_29310
Radioactive,Objet_21880
Toxic,Objet_19666
Explosive,Objet_21919
Food,Objet_23715
Food,Objet_17406
Toxic,Objet_16791
Toxic,Objet_20265
Unspecified,Objet_19825
Radioactive,Objet_16222
Fragile,Objet_13974
Fragile,Objet_28903
Fragile,Objet_04563
Fragile,Objet_15989
Pressurized,Objet_12246
Radioactive,Objet_26502
Oxidizing,Objet_00040
Unspecified,Objet_28645
Flammable,Objet_05044
Pressurized,Objet_04668
Unspecified,Objet_07540
Corrosive,Objet_06378
Corrosive,Objet_16624
Toxic,Objet_09810
Toxic,Objet_05582
Unspecified,Objet_19144
Corrosive,Objet_09595
Food,Objet_22008
Pressurized,Objet_03705
Radioactive,Objet_00919
Flammable,Objet_18185
Radioactive,Objet_18581
Explosive,Objet_15169
Unspecified,Objet_28140
Corrosive,Objet_03074
Radioactive,Objet_24559
Food,Objet_23206
Oxidizing,Objet_02101
Fragile,Objet_11049
Food,Objet_28171
Explosive,Objet_18260
Oxidizing,Objet_05904
Toxic,Objet_04516
Explosive,Objet_04362
Radioactive,Objet_15165
Radioactive,Objet_05430
Radioactive,Objet_27747
Pressurized,Objet_00749
Radioactive,Objet_23548
Flammable,Objet_04318
Oxidizing,Objet_10866
Pressurized,Objet_17230
Radioactive,Objet_30060
Pressurized,Objet_11400
Explosive,Objet_10588
Corrosive,Objet_29929
Corrosive,Objet_04450
Food,Objet_04100
Explosive,Objet_28994
Oxidizing,Objet_10027
Fragile,Objet_03691
Food,Objet_16434
Corrosive,Objet_23653
Unspecified,Objet_24619
Toxic,Objet_23775
Explosive,Objet_08377
Corrosive,Objet_18706
Corrosive,Objet_26544
Food,Objet_09198
Fragile,Objet_15471
Explosive,Objet_07124
Corrosive,Objet_28007
Fragile,Objet_18059
Corrosive,Objet_02413
Fragile,Objet_28411
Toxic,Objet_16739
Explosive,Objet_17013
Oxidizing,Objet_04656
Radioactive,Objet_18415
Toxic,Objet_18143
Unspecified,Objet_01020
Pressurized,Objet_02666
Fragile,Objet_11211
Radioactive,Objet_17805
Oxidizing,Objet_09236
Unspecified,Objet_20476
Oxidizing,Objet_16685
Toxic,Objet_21391
Oxidizing,Objet_29576
Oxidizing,Objet_01880
Oxidizing,Objet_26026
Pressurized,Objet_07781
Explosive,Objet_12154
Food,Objet_14823
Food,Objet_04276
Fragile,Objet_11922
Flammable,Objet_27381
Corrosive,Objet_27113
Corrosive,Objet_18855
Radioactive,Objet_21205
Oxidizing,Objet_25848
Toxic,Objet_16693
Fragile,Objet_28686
Corrosive,Objet_23571
Fragile,Objet_14955
Radioactive,Objet_29653
Explosive,Objet_22007
Pressurized,Objet_11227
Toxic,Objet_14684
Unspecified,Objet_27806
Oxidizing,Objet_30061
Explosive,Objet_00529
Corrosive,Objet_03648
Explosive,Objet_14615
Explosive,Objet_05066
Unspecified,Objet_25797
Food,Objet_29394
Pressurized,Objet_06185
Oxidizing,Objet_01586
Toxic,Objet_29064
Radioactive,Objet_14006
Oxidizing,Objet_29182
Fragile,Objet_28459
Food,Objet_06981
Food,Objet_21265
Explosive,Objet_03148
Unspecified,Objet_03303
Toxic,Objet_17278
Flammable,Objet_00330
Unspecified,Objet_25636
Food,Objet_19390
Food,Objet_27769
Flammable,Objet_27402
Food,Objet_14622
Toxic,Objet_04866
Explosive,Objet_22136
Toxic,Objet_21345
Corrosive,Objet_16116
Radioactive,Objet_00424
Unspecified,Objet_22138
Toxic,Objet_04411
Unspecified,Objet_00574
Explosive,Objet_27871
Pressurized,Objet_02388
Pressurized,Objet_05994
Toxic,Objet_23155
Unspecified,Objet_29431
Food,Objet_21192
Toxic,Objet_29485
Food,Objet_22505
Oxidizing,Objet_23190
Oxidizing,Objet_24299
Explosive,Objet_04236
Corrosive,Objet_25208
Toxic,Objet_09718
Oxidizing,Objet_06839
Radioactive,Objet_29279
Corrosive,Objet_29178
Radioactive,Objet_29577
Toxic,Objet_06968
Corrosive,Objet_12464
Unspecified,Objet_07933
Fragile,Objet_08833
Unspecified,Objet_27855
Radioactive,Objet_12827
Oxidizing,Objet_27608
Fragile,Objet_21199
Fragile,Objet_26493
Food,Objet_05581
Explosive,Objet_19062
Food,Objet_14098
Pressurized,Objet_26293
Oxidizing,Objet_27217
Pressurized,Objet_03043
Pressurized,Objet_00987
Fragile,Objet_00679
Explosive,Objet_09410
Corrosive,Objet_14645
Toxic,Objet_14218
Corrosive,Objet_06062
Flammable,Objet_05920
Oxidizing,Objet_19466
Corrosive,Objet_13010
Food,Objet_15075
Explosive,Objet_13053
Explosive,Objet_27694
Unspecified,Objet_19074
Fragile,Objet_02331
Explosive,Objet_06741
Radioactive,Objet_05993
Food,Objet_20966
Pressurized,Objet_26641
Flammable,Objet_16170
Flammable,Objet_12478
Pressurized,Objet_22156
Radioactive,Objet_09918
Oxidizing,Objet_23877
Food,Objet_11983
Radioactive,Objet_29976
Unspecified,Objet_09808
Corrosive,Objet_26730
Fragile,Objet_12249
Corrosive,Objet_04283
Unspecified,Objet_02461
Fragile,Objet_25695
Food,Objet_11640
Fragile,Objet_11695
Flammable,Objet_17575
Toxic,Objet_25388
Corrosive,Objet_20563
Flammable,Objet_25577
Fragile,Objet_24692
Unspecified,Objet_19623
Fragile,Objet_05194
Explosive,Objet_27604
Oxidizing,Objet_13489
Toxic,Objet_07445
Explosive,Objet_09356
Flammable,Objet_02909
Fragile,Objet_25141
Radioactive,Objet_06633
Flammable,Objet_19099
Pressurized,Objet_27005
Flammable,Objet_07062
Radioactive,Objet_25992
Unspecified,Objet_21654
Toxic,Objet_07441
Radioactive,Objet_12272
Pressurized,Objet_30107
Pressurized,Objet_08389
Corrosive,Objet_14659
Food,Objet_21560
Oxidizing,Objet_01398
Pressurized,Objet_15834
Unspecified,Objet_02574
Radioactive,Objet_16840
Corrosive,Objet_02823
Explosive,Objet_07502
Fragile,Objet_16736
Toxic,Objet_21873
Corrosive,Objet_25328
Flammable,Objet_09291
Radioactive,Objet_09523
Fragile,Objet_14648
Corrosive,Objet_26871
Food,Objet_07225
Radioactive,Objet_05288
Unspecified,Objet_23783
Toxic,Objet_25234
Flammable,Objet_04992
Explosive,Objet_27464
Fragile,Objet_23372
Unspecified,Objet_23424
Corrosive,Objet_04959
Toxic,Objet_02902
Fragile,Objet_20985
Food,Objet_22977
Pressurized,Objet_01716
Fragile,Objet_08754
Flammable,Objet_28039
Food,Objet_03591
Unspecified,Objet_06882
Food,Objet_01606
Toxic,Objet_02789
Toxic,Objet_19244
Oxidizing,Objet_11221
Toxic,Objet_10357
Unspecified,Objet_15436
Corrosive,Objet_10154
Fragile,Objet_20744
Toxic,Objet_14532
Corrosive,Objet_05935
Oxidizing,Objet_04052
Oxidizing,Objet_01160
Unspecified,Objet_01895
Explosive,Objet_12029
Flammable,Objet_21363
Flammable,Objet_06761
Toxic,Objet_18673
Flammable,Objet_06605
Unspecified,Objet_16071
Food,Objet_01572
Fragile,Objet_05389
Explosive,Objet_17182
Oxidizing,Objet_19925
Flammable,Objet_12010
Radioactive,Objet_07825
Flammable,Objet_08065
Flammable,Objet_12192
Radioactive,Objet_23245
Explosive,Objet_02456
Oxidizing,Objet_24836
Pressurized,Objet_06521
Pressurized,Objet_06219
Flammable,Objet_29430
Oxidizing,Objet_20969
Food,Objet_02136
Fragile,Objet_13395
Pressurized,Objet_25644
Fragile,Objet_18290
Oxidizing,Objet_07187
Pressurized,Objet_22822
Flammable,Objet_05979
Corrosive,Objet_12793
Unspecified,Objet_24669
Corrosive,Objet_01663
Oxidizing,Objet_12932
Unspecified,Objet_03533
Pressurized,Objet_15970
Flammable,Objet_29835
Food,Objet_23028
Flammable,Objet_07997
Toxic,Objet_00232
Unspecified,Objet_09830
Food,Objet_06618
Fragile,Objet_02529
Explosive,Objet_25922
Unspecified,Objet_13684
Radioactive,Objet_04847
Radioactive,Objet_15483
Corrosive,Objet_28714
Oxidizing,Objet_19731
Explosive,Objet_28095
Corrosive,Objet_07034
Radioactive,Objet_02328
Unspecified,Objet_02890
Fragile,Objet_12737
Toxic,Objet_01128
Radioactive,Objet_07271
Toxic,Objet_24351
Oxidizing,Objet_11163
Unspecified,Objet_20902
Food,Objet_30016
Unspecified,Objet_04841
Unspecified,Objet_05050
Unspecified,Objet_02720
Corrosive,Objet_13985
Oxidizing,Objet_21750
Fragile,Objet_12811
Radioactive,Objet_27271
Oxidizing,Objet_23503
Toxic,Objet_25200
Fragile,Objet_25484
Flammable,Objet_10447
Pressurized,Objet_01027
Food,Objet_14654
Radioactive,Objet_00840
Flammable,Objet_12077
Fragile,Objet_04442
Flammable,Objet_04204
Food,Objet_15727
Fragile,Objet_27379
Explosive,Objet_17217
Flammable,Objet_00733
Unspecified,Objet_24150
Explosive,Objet_02604
Corrosive,Objet_25302
Oxidizing,Objet_00767
Oxidizing,Objet_24807
Pressurized,Objet_27553
Oxidizing,Objet_26233
Unspecified,Objet_05178
Unspecified,Objet_12036
Fragile,Objet_07744
Explosive,Objet_26839
Corrosive,Objet_01039
Radioactive,Objet_14350
Flammable,Objet_11670
Food,Objet_11466
Corrosive,Objet_28948
Oxidizing,Objet_29263
Oxidizing,Objet_19242
Pressurized,Objet_17154
Corrosive,Objet_12171
Corrosive,Objet_29982
Unspecified,Objet_11467
Oxidizing,Objet_07476
Unspecified,Objet_06710
Fragile,Objet_16334
Flammable,Objet_15051
Oxidizing,Objet_05456
Fragile,Objet_11474
Oxidizing,Objet_21019
Flammable,Objet_10247
Fragile,Objet_20345
Explosive,Objet_01344
Pressurized,Objet_22527
Explosive,Objet_14326
Pressurized,Objet_27249
Explosive,Objet_14552
Explosive,Objet_11285
Food,Objet_26580
Corrosive,Objet_03176
Food,Objet_29323
Explosive,Objet_05028
Fragile,Objet_13185
Unspecified,Objet_28706
Explosive,Objet_06484
Fragile,Objet_06423
Fragile,Objet_23247
Flammable,Objet_12106
Corrosive,Objet_08155
Oxidizing,Objet_17566
Corrosive,Objet_20812
Radioactive,Objet_12492
Pressurized,Objet_24571
Unspecified,Objet_29919
Pressurized,Objet_09321
Oxidizing,Objet_01669
Unspecified,Objet_06340
Fragile,Objet_19188
Explosive,Objet_22920
Flammable,Objet_04857
Unspecified,Objet_05716
Toxic,Objet_10229
Oxidizing,Objet_00908
Oxidizing,Objet_13740
Corrosive,Objet_03242
Fragile,Objet_22397
Food,Objet_09512
Pressurized,Objet_28024
Food,Objet_03531
Flammable,Objet_17153
Fragile,Objet_05041
Explosive,Objet_02171
Oxidizing,Objet_17342
Flammable,Objet_02794
Radioactive,Objet_17064
Pressurized,Objet_15903
Flammable,Objet_12136
Flammable,Objet_08706
Pressurized,Objet_26369
Corrosive,Objet_13954
Oxidizing,Objet_17469
Radioactive,Objet_15850
Flammable,Objet_14696
Fragile,Objet_26101
Food,Objet_01401
Oxidizing,Objet_06746
Explosive,Objet_09395
Radioactive,Objet_22073
Flammable,Objet_18846
Radioactive,Objet_17103
Pressurized,Objet_11025
Explosive,Objet_19422
Corrosive,Objet_20421
Pressurized,Objet_09772
Corrosive,Objet_25228
Explosive,Objet_01578
Flammable,Objet_15071
Flammable,Objet_13774
Unspecified,Objet_22589
Explosive,Objet_15769
Unspecified,Objet_28249
Unspecified,Objet_15289
Radioactive,Objet_15741
Explosive,Objet_12448
Pressurized,Objet_19927
Toxic,Objet_06869
Toxic,Objet_18289
Corrosive,Objet_10685
Flammable,Objet_11305
Radioactive,Objet_24991
Toxic,Objet_09988
Oxidizing,Objet_07965
Flammable,Objet_05797
Radioactive,Objet_24821
Corrosive,Objet_23239
Food,Objet_28960
Toxic,Objet_06224
Pressurized,Objet_15832
Fragile,Objet_22652
Radioactive,Objet_14707
Food,Objet_26031
Fragile,Objet_06903
Food,Objet_29507
Corrosive,Objet_05882
Corrosive,Objet_23324
Unspecified,Objet_01861
Pressurized,Objet_11169
Flammable,Objet_26938
Pressurized,Objet_09579
Unspecified,Objet_24861
Pressurized,Objet_10838
Fragile,Objet_20327
Pressurized,Objet_23448
Oxidizing,Objet_27257
Toxic,Objet_12156
Unspecified,Objet_14550
Toxic,Objet_08318
Corrosive,Objet_28197
Explosive,Objet_16014
Unspecified,Objet_13522
Toxic,Objet_05461
Toxic,Objet_02895
Food,Objet_12758
Unspecified,Objet_09805
Radioactive,Objet_06000
Unspecified,Objet_17910
Corrosive,Objet_08800
Radioactive,Objet_11570
Fragile,Objet_17397
Oxidizing,Objet_11435
Pressurized,Objet_12152
Food,Objet_25362
Unspecified,Objet_19189
Pressurized,Objet_11955
Corrosive,Objet_12888
Unspecified,Objet_26466
Pressurized,Objet_27255
Radioactive,Objet_23559
Corrosive,Objet_18794
Unspecified,Objet_24823
Corrosive,Objet_03922
Radioactive,Objet_23663
Radioactive,Objet_07644
Toxic,Objet_04624
Oxidizing,Objet_24942
Pressurized,Objet_00319
Flammable,Objet_27496
Oxidizing,Objet_16060
Oxidizing,Objet_18164
Corrosive,Objet_05918
Explosive,Objet_28520
Toxic,Objet_23150
Oxidizing,Objet_12083
Flammable,Objet_09930
Pressurized,Objet_02276
Corrosive,Objet_00361
Flammable,Objet_22728
Fragile,Objet_02117
Explosive,Objet_05839
Unspecified,Objet_25186
Unspecified,Objet_10475
Food,Objet_02898
Explosive,Objet_27115
Explosive,Objet_24866
Toxic,Objet_28052
Corrosive,Objet_04212
Pressurized,Objet_25155
Corrosive,Objet_29217
Unspecified,Objet_03352
Flammable,Objet_05433
Pressurized,Objet_25771
Toxic,Objet_16159
Pressurized,Objet_13163
Radioactive,Objet_27198
Flammable,Objet_13161
Unspecified,Objet_12821
Explosive,Objet_09447
Unspecified,Objet_10555
Food,Objet_00350
Toxic,Objet_20527
Radioactive,Objet_23757
Fragile,Objet_29867
Food,Objet_18378
Flammable,Objet_21895
Oxidizing,Objet_27250
Flammable,Objet_29448
Unspecified,Objet_05750
Explosive,Objet_07641
Explosive,Objet_13792
Pressurized,Objet_20360
Food,Objet_08104
Explosive,Objet_13683
Fragile,Objet_06635
Unspecified,Objet_22070
Oxidizing,Objet_28576
Corrosive,Objet_13019
Radioactive,Objet_07955
Radioactive,Objet_27849
Toxic,Objet_13511
Radioactive,Objet_04021
Radioactive,Objet_26216
Flammable,Objet_22228
Explosive,Objet_13362
Food,Objet_10315
Food,Objet_12836
Corrosive,Objet_16376
Toxic,Objet_11155
Fragile,Objet_09049
Corrosive,Objet_04874
Corrosive,Objet_19848
Unspecified,Objet_24069
Flammable,Objet_25449
Pressurized,Objet_08814
Explosive,Objet_16177
Corrosive,Objet_15097
Explosive,Objet_18727
Oxidizing,Objet_02415
Corrosive,Objet_07332
Flammable,Objet_12114
Flammable,Objet_02260
Flammable,Objet_25892
Explosive,Objet_25699
Toxic,Objet_18656
Oxidizing,Objet_20491
Fragile,Objet_11356
Fragile,Objet_03613
Oxidizing,Objet_26495
Toxic,Objet_02621
Toxic,Objet_25690
Pressurized,Objet_14082
Explosive,Objet_29849
Corrosive,Objet_20435
Unspecified,Objet_05933
Pressurized,Objet_10859
Radioactive,Objet_17825
Corrosive,Objet_20311
Corrosive,Objet_09094
Corrosive,Objet_27152
Unspecified,Objet_07326
Food,Objet_29294
Radioactive,Objet_11395
Fragile,Objet_09608
Corrosive,Objet_03742
Fragile,Objet_00247
Pressurized,Objet_14686
Explosive,Objet_21967
Unspecified,Objet_13378
Oxidizing,Objet_01493
Radioactive,Objet_18623
Flammable,Objet_12377
Toxic,Objet_27906
Flammable,Objet_00753
Corrosive,Objet_15360
Corrosive,Objet_28196
Pressurized,Objet_04061
Toxic,Objet_23319
Toxic,Objet_13330
Food,Objet_17538
Corrosive,Objet_01327
Corrosive,Objet_08292
Pressurized,Objet_10008
Flammable,Objet_07393
Toxic,Objet_09680
Fragile,Objet_25951
Food,Objet_26363
Fragile,Objet_24053
Oxidizing,Objet_07925
Pressurized,Objet_19441
Explosive,Objet_03244
Explosive,Objet_23755
Unspecified,Objet_15788
Unspecified,Objet_26225
Corrosive,Objet_09284
Pressurized,Objet_02640
Fragile,Objet_25036
Food,Objet_11260
Food,Objet_13855
Fragile,Objet_28936
Radioactive,Objet_12735
Radioactive,Objet_14785
Radioactive,Objet_28118
Food,Objet_14788
Fragile,Objet_13182
Corrosive,Objet_18234
Food,Objet_11825
Explosive,Objet_23731
Corrosive,Objet_07659
Radioactive,Objet_19267
Oxidizing,Objet_14860
Radioactive,Objet_15246
Flammable,Objet_25692
Explosive,Objet_02760
Pressurized,Objet_29534
Explosive,Objet_01794
Fragile,Objet_24790
Toxic,Objet_04522
Corrosive,Objet_02782
Explosive,Objet_10912
Oxidizing,Objet_18904
Explosive,Objet_02928
Toxic,Objet_29125
Unspecified,Objet_26242
Fragile,Objet_03993
Unspecified,Objet_15395
Unspecified,Objet_10146
Radioactive,Objet_13243
Fragile,Objet_02237
Corrosive,Objet_28304
Pressurized,Objet_18232
Radioactive,Objet_13080
Flammable,Objet_19489
Food,Objet_10412
Explosive,Objet_03868
Oxidizing,Objet_20809
Unspecified,Objet_28299
Fragile,Objet_19290
Flammable,Objet_29460
Fragile,Objet_26520
Oxidizing,Objet_24324
Unspecified,Objet_03504
Flammable,Objet_01868
Corrosive,Objet_24470
Explosive,Objet_05107
Toxic,Objet_06176
Toxic,Objet_12253
Radioactive,Objet_00135
Fragile,Objet_13607
Explosive,Objet_10601
Unspecified,Objet_15929
Toxic,Objet_21264
Fragile,Objet_02179
Oxidizing,Objet_01304
Fragile,Objet_12862
Food,Objet_16156
Food,Objet_05344
Fragile,Objet_15223
Toxic,Objet_00084
Corrosive,Objet_04846
Explosive,Objet_12320
Radioactive,Objet_04230
Radioactive,Objet_12706
Radioactive,Objet_11117
Flammable,Objet_14334
Fragile,Objet_17057
Explosive,Objet_15990
Explosive,Objet_23862
Radioactive,Objet_04541
Pressurized,Objet_22882
Radioactive,Objet_27506
Oxidizing,Objet_13756
Explosive,Objet_15633
Food,Objet_00151
Fragile,Objet_23506
Flammable,Objet_18856
Pressurized,Objet_10270
Explosive,Objet_04370
Fragile,Objet_01957
Oxidizing,Objet_18535
Flammable,Objet_26366
Flammable,Objet_04246
Food,Objet_19525
Corrosive,Objet_26330
Explosive,Objet_03209
Pressurized,Objet_09631
Pressurized,Objet_07943
Radioactive,Objet_19150
Oxidizing,Objet_29962
Flammable,Objet_11508
Toxic,Objet_04993
Explosive,Objet_28866
Radioactive,Objet_17979
Explosive,Objet_21045
Pressurized,Objet_25095
Pressurized,Objet_16554
Fragile,Objet_23528
Fragile,Objet_00716
Corrosive,Objet_20203
Unspecified,Objet_00995
Fragile,Objet_27354
Fragile,Objet_18139
Food,Objet_26663
Food,Objet_14134
Pressurized,Objet_25837
Oxidizing,Objet_03456
Corrosive,Objet_30079
Radioactive,Objet_11962
Explosive,Objet_06657
Explosive,Objet_07259
Fragile,Objet_05387
Pressurized,Objet_20364
Toxic,Objet_06232
Oxidizing,Objet_00058
Flammable,Objet_15479
Oxidizing,Objet_19786
Toxic,Objet_08427
Oxidizing,Objet_09507
Flammable,Objet_19436
Toxic,Objet_07662
Toxic,Objet_05311
Corrosive,Objet_22464
Oxidizing,Objet_27362
Fragile,Objet_10625
Oxidizing,Objet_12518
Fragile,Objet_14498
Corrosive,Objet_11220
Radioactive,Objet_20742
Flammable,Objet_15795
Toxic,Objet_03356
Fragile,Objet_14954
Unspecified,Objet_06358
Radioactive,Objet_12098
Toxic,Objet_02939
Corrosive,Objet_02269
Oxidizing,Objet_25435
Explosive,Objet_29351
Pressurized,Objet_02579
Toxic,Objet_14609
Corrosive,Objet_16253
Fragile,Objet_16133
Corrosive,Objet_30152
Explosive,Objet_05832
Toxic,Objet_25769
Radioactive,Objet_06285
Unspecified,Objet_10872
Radioactive,Objet_17201
Explosive,Objet_00744
Pressurized,Objet_26234
Toxic,Objet_22450
Oxidizing,Objet_10937
Corrosive,Objet_21492
Pressurized,Objet_10112
Radioactive,Objet_06871
Oxidizing,Objet_10073
Food,Objet_16226
Flammable,Objet_23925
Food,Objet_14436
Radioactive,Objet_18213
Explosive,Objet_13892
Toxic,Objet_23167
Unspecified,Objet_22705
Oxidizing,Objet_11150
Toxic,Objet_11511
Unspecified,Objet_29944
Corrosive,Objet_01354
Flammable,Objet_12369
Food,Objet_14166
Fragile,Objet_24614
Corrosive,Objet_08467
Explosive,Objet_26421
Food,Objet_17459
Fragile,Objet_18979
Radioactive,Objet_04747
Toxic,Objet_28066
Fragile,Objet_03653
Explosive,Objet_12534
Food,Objet_19114
Unspecified,Objet_02473
Corrosive,Objet_18110
Flammable,Objet_11952
Food,Objet_27706
Oxidizing,Objet_18270
Toxic,Objet_07215
Pressurized,Objet_27264
Radioactive,Objet_18207
Corrosive,Objet_17603
Fragile,Objet_14855
Pressurized,Objet_21514
Pressurized,Objet_05233
Unspecified,Objet_26578
Flammable,Objet_25784
Fragile,Objet_13336
Fragile,Objet_04875
Explosive,Objet_25424
Food,Objet_11051
Radioactive,Objet_28755
Toxic,Objet_09105
Flammable,Objet_10303
Radioactive,Objet_04821
Radioactive,Objet_09722
Pressurized,Objet_10828
Radioactive,Objet_12877
Pressurized,Objet_12922
Oxidizing,Objet_10476
Oxidizing,Objet_15109
Corrosive,Objet_27896
Toxic,Objet_23676
Oxidizing,Objet_08242
Toxic,Objet_09147
Oxidizing,Objet_25853
Explosive,Objet_14349
Explosive,Objet_00386
Oxidizing,Objet_25651
Pressurized,Objet_23360
Flammable,Objet_13496
Fragile,Objet_16210
Explosive,Objet_21430
Pressurized,Objet_03387
Corrosive,Objet_21169
Fragile,Objet_21530
Food,Objet_17135
Pressurized,Objet_19309
Radioactive,Objet_12823
Pressurized,Objet_19950
Oxidizing,Objet_14791
Corrosive,Objet_00765
Explosive,Objet_26266
Pressurized,Objet_11238
Fragile,Objet_29812
Corrosive,Objet_27528
Oxidizing,Objet_14790
Pressurized,Objet_01719
Fragile,Objet_06343
Fragile,Objet_08517
Pressurized,Objet_25652
Toxic,Objet_01746
Flammable,Objet_08066
Oxidizing,Objet_11601
Radioactive,Objet_30026
Explosive,Objet_08267
Food,Objet_14035
Radioactive,Objet_08335
Flammable,Objet_28803
Radioactive,Objet_08660
Fragile,Objet_08965
Explosive,Objet_03886
Flammable,Objet_00842
Oxidizing,Objet_18332
Food,Objet_23887
Oxidizing,Objet_15222
Oxidizing,Objet_11090
Food,Objet_22803
Flammable,Objet_23444
Oxidizing,Objet_04177
Fragile,Objet_16441
Flammable,Objet_01976
Explosive,Objet_17479
Oxidizing,Objet_20458
Flammable,Objet_10042
Oxidizing,Objet_03898
Oxidizing,Objet_12595
Unspecified,Objet_26479
Pressurized,Objet_06603
Explosive,Objet_10328
Explosive,Objet_13707
Food,Objet_25107
Corrosive,Objet_08813
Oxidizing,Objet_04596
Toxic,Objet_14521
Pressurized,Objet_00643
Pressurized,Objet_08810
Flammable,Objet_19773
Explosive,Objet_28467
Pressurized,Objet_04281
Food,Objet_24547
Radioactive,Objet_08152
Corrosive,Objet_27627
Fragile,Objet_25490
Fragile,Objet_25054
Flammable,Objet_20803
Unspecified,Objet_20834
Radioactive,Objet_18338
Pressurized,Objet_21671
Flammable,Objet_09323
Explosive,Objet_26968
Flammable,Objet_04154
Corrosive,Objet_17537
Toxic,Objet_22956
Explosive,Objet_28168
Oxidizing,Objet_28549
Unspecified,Objet_13766
Fragile,Objet_10212
Pressurized,Objet_27841
Oxidizing,Objet_28169
Pressurized,Objet_04770
Explosive,Objet_27078
Unspecified,Objet_28381
Fragile,Objet_21988
Radioactive,Objet_25127
Pressurized,Objet_29933
Explosive,Objet_24446
Oxidizing,Objet_03942
Flammable,Objet_27957
Corrosive,Objet_02927
Radioactive,Objet_07516
Pressurized,Objet_12071
Food,Objet_15888
Flammable,Objet_18832
Explosive,Objet_13794
Pressurized,Objet_10684
Flammable,Objet_18054
Flammable,Objet_14112
Corrosive,Objet_02326
Toxic,Objet_09713
Fragile,Objet_19619
Fragile,Objet_06038
Unspecified,Objet_14783
Radioactive,Objet_01968
Oxidizing,Objet_00177
Toxic,Objet_26993
Food,Objet_08493
Food,Objet_16942
Radioactive,Objet_23813
Corrosive,Objet_24865
Fragile,Objet_24643
Explosive,Objet_10505
Fragile,Objet_16236
Pressurized,Objet_00831
Corrosive,Objet_11324
Radioactive,Objet_27576
Food,Objet_09895
Radioactive,Objet_15425
Flammable,Objet_24381
Radioactive,Objet_10819
Food,Objet_25063
Flammable,Objet_25563
Flammable,Objet_18841
Flammable,Objet_27889
Toxic,Objet_08446
Toxic,Objet_14551
Food,Objet_11815
Explosive,Objet_26253
Corrosive,Objet_13458
Oxidizing,Objet_05889
Radioactive,Objet_18608
Unspecified,Objet_01239
Radioactive,Objet_21959
Flammable,Objet_08425
Flammable,Objet_09719
Corrosive,Objet_14735
Pressurized,Objet_12833
Explosive,Objet_16379
Radioactive,Objet_17062
Oxidizing,Objet_10894
Explosive,Objet_03276
Toxic,Objet_16466
Toxic,Objet_13942
Food,Objet_12532
Toxic,Objet_23762
Radioactive,Objet_07004
Explosive,Objet_25607
Food,Objet_00966
Toxic,Objet_11144
Corrosive,Objet_05872
Unspecified,Objet_25849
Oxidizing,Objet_23876
Toxic,Objet_25798
Unspecified,Objet_14213
Oxidizing,Objet_29861
Explosive,Objet_17654
Fragile,Objet_10999
Pressurized,Objet_28804
Fragile,Objet_28472
Toxic,Objet_20644
Flammable,Objet_27511
Pressurized,Objet_07491
Explosive,Objet_13425
Unspecified,Objet_17633
Pressurized,Objet_19520
Corrosive,Objet_02332
Toxic,Objet_06936
Corrosive,Objet_21299
Fragile,Objet_09140
Radioactive,Objet_02839
Corrosive,Objet_15456
Food,Objet_13805
Flammable,Objet_28759
Radioactive,Objet_19361
Food,Objet_00857
Food,Objet_15677
Radioactive,Objet_15925
Toxic,Objet_02602
Unspecified,Objet_08172
Corrosive,Objet_03590
Radioactive,Objet_17565
Fragile,Objet_01820
Radioactive,Objet_03729
Explosive,Objet_07667
Pressurized,Objet_15583
Radioactive,Objet_12189
Toxic,Objet_02494
Fragile,Objet_02995
Oxidizing,Objet_10275
Radioactive,Objet_20867
Oxidizing,Objet_09025
Flammable,Objet_00553
Radioactive,Objet_29992
Fragile,Objet_18675
Pressurized,Objet_03245
Toxic,Objet_26136
Flammable,Objet_22010
Toxic,Objet_29601
Explosive,Objet_03939
Explosive,Objet_02274
Pressurized,Objet_16690
Food,Objet_21915
Oxidizing,Objet_14754
Unspecified,Objet_21344
Toxic,Objet_14205
Oxidizing,Objet_20796
Unspecified,Objet_13328
Unspecified,Objet_20725
Toxic,Objet_09740
Corrosive,Objet_28981
Fragile,Objet_24771
Food,Objet_28642
Oxidizing,Objet_16658
Corrosive,Objet_23587
Toxic,Objet_12911
Food,Objet_16483
Radioactive,Objet_20569
Toxic,Objet_17161
Pressurized,Objet_00281
Fragile,Objet_10120
Radioactive,Objet_02418
Flammable,Objet_26134
Food,Objet_16525
Corrosive,Objet_28146
Radioactive,Objet_04960
Explosive,Objet_27480
Pressurized,Objet_13021
Toxic,Objet_27830
Food,Objet_26476
Unspecified,Objet_17166
Flammable,Objet_25096
Pressurized,Objet_22319
Food,Objet_13898
Pressurized,Objet_03223
Fragile,Objet_20404
Oxidizing,Objet_24776
Pressurized,Objet_02399
Food,Objet_14429
Fragile,Objet_29752
Radioactive,Objet_15279
Explosive,Objet_06669
Flammable,Objet_24923
Radioactive,Objet_21222
Food,Objet_22062
Fragile,Objet_17255
Oxidizing,Objet_15422
Unspecified,Objet_12700
Fragile,Objet_00798
Fragile,Objet_27097
Toxic,Objet_12982
Flammable,Objet_15594
Toxic,Objet_25826
Food,Objet_16547
Food,Objet_23603
Unspecified,Objet_24238
Fragile,Objet_04084
Toxic,Objet_26492
Pressurized,Objet_14680
Fragile,Objet_14931
Corrosive,Objet_28355
Explosive,Objet_05531
Oxidizing,Objet_26845
Unspecified,Objet_07857
Toxic,Objet_29816
Unspecified,Objet_29822
Radioactive,Objet_11485
Food,Objet_25530
Toxic,Objet_06119
Explosive,Objet_27723
Radioactive,Objet_23493
Food,Objet_16138
Unspecified,Objet_07521
Food,Objet_22483
Toxic,Objet_13289
Explosive,Objet_09934
Toxic,Objet_13201
Fragile,Objet_20307
Explosive,Objet_10041
Radioactive,Objet_04041
Corrosive,Objet_21257
Corrosive,Objet_28155
Flammable,Objet_18747
Radioactive,Objet_01423
Flammable,Objet_15013
Corrosive,Objet_26617
Fragile,Objet_12619
Toxic,Objet_05580
Oxidizing,Objet_15073
Unspecified,Objet_21852
Pressurized,Objet_20763
Unspecified,Objet_16171
Unspecified,Objet_17454
Unspecified,Objet_24782
Fragile,Objet_00664
Oxidizing,Objet_17955
Fragile,Objet_08204
Toxic,Objet_09154
Toxic,Objet_00220
Toxic,Objet_15323
Unspecified,Objet_27074
Pressurized,Objet_02693
Radioactive,Objet_06584
Corrosive,Objet_16813
Corrosive,Objet_18815
Pressurized,Objet_06321
Pressurized,Objet_27047
Oxidizing,Objet_28564
Toxic,Objet_06692
Unspecified,Objet_11843
Food,Objet_28435
Flammable,Objet_22001
Pressurized,Objet_24447
Oxidizing,Objet_08915
Unspecified,Objet_07427
Corrosive,Objet_10087
Radioactive,Objet_25574
Corrosive,Objet_24893
Explosive,Objet_05090
Radioactive,Objet_00674
Flammable,Objet_28061
Food,Objet_26207
Radioactive,Objet_06680
Corrosive,Objet_29410
Corrosive,Objet_03458
Fragile,Objet_07131
Explosive,Objet_24265
Fragile,Objet_20188
Unspecified,Objet_21328
Toxic,Objet_29251
Explosive,Objet_13692
Flammable,Objet_01918
Corrosive,Objet_22316
Radioactive,Objet_08730
Unspecified,Objet_13160
Flammable,Objet_03970
Food,Objet_18775
Flammable,Objet_22498
Corrosive,Objet_29362
Pressurized,Objet_22842
Flammable,Objet_24296
Food,Objet_04922
Pressurized,Objet_01343
Food,Objet_06827
Explosive,Objet_19529
Oxidizing,Objet_20048
Radioactive,Objet_14106
Fragile,Objet_18541
Flammable,Objet_06797
Food,Objet_07210
Fragile,Objet_17352
Toxic,Objet_21281
Explosive,Objet_11454
Fragile,Objet_27469
Unspecified,Objet_06515
Oxidizing,Objet_16205
Radioactive,Objet_26797
Radioactive,Objet_04507
Oxidizing,Objet_29590
Oxidizing,Objet_25735
Toxic,Objet_12670
Fragile,Objet_27061
Toxic,Objet_12665
Fragile,Objet_05207
Corrosive,Objet_04969
Explosive,Objet_15112
Pressurized,Objet_11121
Toxic,Objet_19486
Toxic,Objet_19759
Oxidizing,Objet_19276
Corrosive,Objet_15701
Radioactive,Objet_24852
Fragile,Objet_18028
Oxidizing,Objet_24671
Fragile,Objet_08624
Food,Objet_13617
Radioactive,Objet_09921
Radioactive,Objet_04533
Oxidizing,Objet_03893
Fragile,Objet_27557
Oxidizing,Objet_12620
Fragile,Objet_11882
Unspecified,Objet_12389
Food,Objet_06449
Corrosive,Objet_30137
Explosive,Objet_08867
Pressurized,Objet_29863
Unspecified,Objet_08011
Food,Objet_00745
Explosive,Objet_29144
Fragile,Objet_14254
Food,Objet_07486
Fragile,Objet_25194
Fragile,Objet_29278
Corrosive,Objet_25259
Fragile,Objet_17585
Flammable,Objet_13536
Radioactive,Objet_18365
Unspecified,Objet_22562
Unspecified,Objet_18078
Oxidizing,Objet_20416
Corrosive,Objet_08490
Oxidizing,Objet_15706
Corrosive,Objet_22564
Food,Objet_08476
Pressurized,Objet_22857
Food,Objet_13712
Toxic,Objet_28297
Toxic,Objet_02334
Food,Objet_10830
Unspecified,Objet_03863
Corrosive,Objet_24989
Fragile,Objet_22259
Oxidizing,Objet_07433
Corrosive,Objet_26598
Food,Objet_20391
Flammable,Objet_06620
Fragile,Objet_13140
Fragile,Objet_22769
Unspecified,Objet_18021
Pressurized,Objet_10904
Flammable,Objet_00297
Explosive,Objet_22754
Radioactive,Objet_08950
Unspecified,Objet_16682
Flammable,Objet_06957
Pressurized,Objet_16305
Toxic,Objet_06688
Unspecified,Objet_06822
Corrosive,Objet_10373
Flammable,Objet_24775
Explosive,Objet_23179
Unspecified,Objet_11222
Radioactive,Objet_15176
Radioactive,Objet_11370
Flammable,Objet_07537
Oxidizing,Objet_18262
Fragile,Objet_16396
Flammable,Objet_20790
Explosive,Objet_19957
Fragile,Objet_11272
Toxic,Objet_15006
Flammable,Objet_04551
Oxidizing,Objet_27746
Corrosive,Objet_09362
Flammable,Objet_07690
Pressurized,Objet_01484
Food,Objet_27073
Corrosive,Objet_09744
Toxic,Objet_04176
Oxidizing,Objet_04152
Explosive,Objet_26044
Oxidizing,Objet_02834
Pressurized,Objet_19609
Unspecified,Objet_21348
Radioactive,Objet_00539
Radioactive,Objet_02958
Corrosive,Objet_07734
Explosive,Objet_06604
Unspecified,Objet_14054
Unspecified,Objet_25580
Explosive,Objet_23321
Food,Objet_08130
Oxidizing,Objet_19493
Flammable,Objet_20273
Explosive,Objet_14494
Food,Objet_08807
Pressurized,Objet_24129
Oxidizing,Objet_00451
Food,Objet_13237
Toxic,Objet_07095
Food,Objet_26499
Unspecified,Objet_08348
Corrosive,Objet_21512
Unspecified,Objet_22019
Corrosive,Objet_08620
Corrosive,Objet_28071
Radioactive,Objet_08159
Flammable,Objet_18704
Radioactive,Objet_25572
Pressurized,Objet_15082
Pressurized,Objet_15030
Radioactive,Objet_26844
Oxidizing,Objet_04643
Fragile,Objet_25227
Food,Objet_30156
Corrosive,Objet_17296
Radioactive,Objet_14088
Toxic,Objet_04116
Food,Objet_24449
Unspecified,Objet_05010
Food,Objet_08712
Flammable,Objet_23555
Unspecified,Objet_17491
Oxidizing,Objet_23690
Flammable,Objet_22106
Fragile,Objet_11031
Oxidizing,Objet_01998
Radioactive,Objet_03162
Fragile,Objet_21956
Corrosive,Objet_15609
Explosive,Objet_19228
Fragile,Objet_23223
Flammable,Objet_22640
Corrosive,Objet_21605
Fragile,Objet_05266
Corrosive,Objet_19219
Flammable,Objet_05704
Corrosive,Objet_28760
Oxidizing,Objet_03173
Corrosive,Objet_23310
Radioactive,Objet_10891
Fragile,Objet_03331
Fragile,Objet_05251
Flammable,Objet_06654
Food,Objet_22681
Toxic,Objet_15757
Flammable,Objet_06549
Toxic,Objet_08694
Flammable,Objet_13605
Food,Objet_19085
Oxidizing,Objet_24116
Food,Objet_16893
Pressurized,Objet_09690
Food,Objet_25432
Radioactive,Objet_23120
Pressurized,Objet_20891
Explosive,Objet_17164
Food,Objet_14425
Food,Objet_13076
Toxic,Objet_15327
Unspecified,Objet_02537
Food,Objet_17311
Fragile,Objet_02234
Flammable,Objet_01701
Food,Objet_03923
Explosive,Objet_11265
Unspecified,Objet_21926
Explosive,Objet_23415
Toxic,Objet_13103
Unspecified,Objet_05929
Pressurized,Objet_13980
Flammable,Objet_02554
Oxidizing,Objet_29071
Toxic,Objet_12802
Radioactive,Objet_04197
Fragile,Objet_20664
Pressurized,Objet_10925
Oxidizing,Objet_18225
Toxic,Objet_03035
Flammable,Objet_13215
Toxic,Objet_13623
Fragile,Objet_00119
Food,Objet_01051
Corrosive,Objet_23961
Pressurized,Objet_15878
Food,Objet_04267
Food,Objet_17727
Toxic,Objet_00212
Flammable,Objet_24002
Oxidizing,Objet_12719
Food,Objet_02925
Corrosive,Objet_05604
Flammable,Objet_09251
Pressurized,Objet_03513
Oxidizing,Objet_28059
Oxidizing,Objet_06574
Radioactive,Objet_14887
Unspecified,Objet_21437
Pressurized,Objet_02100
Fragile,Objet_25977
Corrosive,Objet_11918
Explosive,Objet_26523
Fragile,Objet_08766
Food,Objet_24697
Flammable,Objet_28306
Corrosive,Objet_12112
Unspecified,Objet_21570
Radioactive,Objet_16155
Pressurized,Objet_19995
Radioactive,Objet_11470
Fragile,Objet_28319
Explosive,Objet_10811
Corrosive,Objet_28961
Oxidizing,Objet_23148
Corrosive,Objet_15475
Radioactive,Objet_24229
Radioactive,Objet_26121
Explosive,Objet_25960
Food,Objet_01080
Unspecified,Objet_20752
Toxic,Objet_10427
Unspecified,Objet_24072
Unspecified,Objet_13369
Radioactive,Objet_13332
Flammable,Objet_08281
Flammable,Objet_15879
Toxic,Objet_02197
Fragile,Objet_18063
Pressurized,Objet_03514
Explosive,Objet_16383
Food,Objet_16555
Radioactive,Objet_00328
Fragile,Objet_11111
Explosive,Objet_19328
Flammable,Objet_26940
Oxidizing,Objet_15177
Oxidizing,Objet_02344
Toxic,Objet_20168
Pressurized,Objet_17424
Radioactive,Objet_28675
Radioactive,Objet_28259
Oxidizing,Objet_25251
Radioactive,Objet_24119
Fragile,Objet_02865
Radioactive,Objet_08393
Oxidizing,Objet_26279
Explosive,Objet_25000
Corrosive,Objet_17761
Explosive,Objet_11524
Radioactive,Objet_17492
Corrosive,Objet_24681
Fragile,Objet_27477
Food,Objet_11148
Explosive,Objet_18978
Explosive,Objet_17380
Oxidizing,Objet_01795
Radioactive,Objet_17867
Explosive,Objet_21843
Pressurized,Objet_15576
Corrosive,Objet_15807
Oxidizing,Objet_18566
Corrosive,Objet_28986
Unspecified,Objet_11367
Explosive,Objet_18561
Corrosive,Objet_29382
Pressurized,Objet_25603
Corrosive,Objet_20114
Flammable,Objet_03120
Toxic,Objet_21431
Toxic,Objet_05120
Pressurized,Objet_22411
Food,Objet_06280
Fragile,Objet_11874
Unspecified,Objet_08433
Unspecified,Objet_26864
Unspecified,Objet_29696
Unspecified,Objet_18434
Fragile,Objet_27329
Flammable,Objet_13566
Oxidizing,Objet_10570
Flammable,Objet_08173
Fragile,Objet_20511
Corrosive,Objet_19103
Pressurized,Objet_00960
Explosive,Objet_25151
Radioactive,Objet_07558
Pressurized,Objet_17014
Fragile,Objet_04544
Pressurized,Objet_16416
Oxidizing,Objet_18005
Flammable,Objet_01219
Fragile,Objet_09256
Food,Objet_20524
Flammable,Objet_08003
Toxic,Objet_10009
Corrosive,Objet_17022
Pressurized,Objet_03835
Food,Objet_13947
Corrosive,Objet_10258
Explosive,Objet_10039
Toxic,Objet_03358
Fragile,Objet_00499
Fragile,Objet_18112
Explosive,Objet_19809
Fragile,Objet_08339
Pressurized,Objet_16670
Corrosive,Objet_12628
Unspecified,Objet_25356
Corrosive,Objet_19037
Flammable,Objet_14572
Fragile,Objet_08930
Corrosive,Objet_23964
Flammable,Objet_25519
Radioactive,Objet_15896
Unspecified,Objet_05454
Toxic,Objet_18200
Oxidizing,Objet_29415
Flammable,Objet_18982
Explosive,Objet_05908
Explosive,Objet_26343
Explosive,Objet_17318
Pressurized,Objet_17267
Oxidizing,Objet_07077
Pressurized,Objet_25169
Fragile,Objet_27913
Radioactive,Objet_02792
Radioactive,Objet_10070
Flammable,Objet_05849
Corrosive,Objet_26399
Toxic,Objet_25115
Flammable,Objet_12258
Toxic,Objet_05836
Unspecified,Objet_29011
Explosive,Objet_07545
Flammable,Objet_18366
Food,Objet_26281
Fragile,Objet_01445
Flammable,Objet_21943
Radioactive,Objet_04628
Oxidizing,Objet_16842
Fragile,Objet_26016
Flammable,Objet_15474
Flammable,Objet_25444
Fragile,Objet_14638
Pressurized,Objet_13934
Fragile,Objet_08381
Radioactive,Objet_09134
Unspecified,Objet_04555
Explosive,Objet_20468
Flammable,Objet_13048
Pressurized,Objet_28347
Fragile,Objet_17946
Fragile,Objet_21742
Corrosive,Objet_03600
Food,Objet_04394
Explosive,Objet_13101
Fragile,Objet_04819
Radioactive,Objet_13999
Fragile,Objet_00776
Toxic,Objet_16585
Food,Objet_25824
Flammable,Objet_12573
Fragile,Objet_13544
Food,Objet_18361
Fragile,Objet_10998
Corrosive,Objet_27423
Radioactive,Objet_22875
Food,Objet_05499
Unspecified,Objet_28294
Fragile,Objet_05488
Pressurized,Objet_17284
Oxidizing,Objet_09847
Radioactive,Objet_02940
Food,Objet_22021
Unspecified,Objet_15835
Radioactive,Objet_04512
Corrosive,Objet_20374
Toxic,Objet_15070
Toxic,Objet_20841
Corrosive,Objet_07068
Toxic,Objet_22123
Radioactive,Objet_25584
Toxic,Objet_02901
Unspecified,Objet_14269
Unspecified,Objet_26752
Oxidizing,Objet_15570
Pressurized,Objet_15798
Fragile,Objet_11403
Unspecified,Objet_19378
Oxidizing,Objet_08140
Flammable,Objet_23768
Pressurized,Objet_22303
Corrosive,Objet_16749
Fragile,Objet_14542
Unspecified,Objet_10167
Fragile,Objet_29441
Toxic,Objet_25280
Radioactive,Objet_07500
Fragile,Objet_07967
Unspecified,Objet_27376
Radioactive,Objet_20154
Flammable,Objet_20281
Unspecified,Objet_26600
Flammable,Objet_26180
Oxidizing,Objet_09464
Pressurized,Objet_01600
Toxic,Objet_21876
Food,Objet_21571
Pressurized,Objet_02825
Unspecified,Objet_00752
Food,Objet_01959
Pressurized,Objet_14502
Radioactive,Objet_15104
Fragile,Objet_14653
Flammable,Objet_00112
Oxidizing,Objet_14084
Pressurized,Objet_28069
Radioactive,Objet_08647
Pressurized,Objet_24950
Toxic,Objet_15065
Fragile,Objet_10379
Food,Objet_28513
Toxic,Objet_22886
Unspecified,Objet_05234
Oxidizing,Objet_10985
Toxic,Objet_22151
Oxidizing,Objet_00627
Unspecified,Objet_15348
Fragile,Objet_19184
Pressurized,Objet_09083
Corrosive,Objet_11834
Explosive,Objet_09961
Explosive,Objet_19049
Unspecified,Objet_12867
Unspecified,Objet_26593
Corrosive,Objet_02689
Corrosive,Objet_15015
Fragile,Objet_28707
Toxic,Objet_27592
Toxic,Objet_00195
Oxidizing,Objet_12975
Toxic,Objet_03096
Radioactive,Objet_01838
Toxic,Objet_24955
Radioactive,Objet_19171
Fragile,Objet_23205
Fragile,Objet_21022
Explosive,Objet_00384
Explosive,Objet_08102
Fragile,Objet_22052
Flammable,Objet_24302
Unspecified,Objet_15567
Radioactive,Objet_02431
Toxic,Objet_13694
Flammable,Objet_03895
Corrosive,Objet_16725
Oxidizing,Objet_04682
Pressurized,Objet_15900
Flammable,Objet_15722
Explosive,Objet_14352
Radioactive,Objet_24254
Toxic,Objet_28373
Toxic,Objet_22720
Fragile,Objet_10911
Radioactive,Objet_11170
Corrosive,Objet_21935
Explosive,Objet_12724
Corrosive,Objet_25980
Radioactive,Objet_01102
Pressurized,Objet_00953
Corrosive,Objet_25057
Explosive,Objet_13767
Oxidizing,Objet_09614
Unspecified,Objet_00282
Pressurized,Objet_06300
Fragile,Objet_22545
Corrosive,Objet_02045
Toxic,Objet_06480
Pressurized,Objet_02254
Food,Objet_17500
Food,Objet_08166
Food,Objet_04499
Radioactive,Objet_28820
Pressurized,Objet_10868
Unspecified,Objet_08859
Toxic,Objet_03718
Pressurized,Objet_08937
Pressurized,Objet_06042
Toxic,Objet_13448
Food,Objet_07285
Pressurized,Objet_10486
Toxic,Objet_03877
Corrosive,Objet_10996
Explosive,Objet_02447
Toxic,Objet_03450
Food,Objet_01603
Oxidizing,Objet_06299
Oxidizing,Objet_22140
Radioactive,Objet_29657
Oxidizing,Objet_23268
Flammable,Objet_21124
Pressurized,Objet_08948
Corrosive,Objet_19235
Fragile,Objet_13883
Flammable,Objet_00948
Radioactive,Objet_26699
Radioactive,Objet_05420
Fragile,Objet_24257
Food,Objet_03108
Fragile,Objet_06889
Explosive,Objet_27102
Pressurized,Objet_24845
Fragile,Objet_06926
Pressurized,Objet_01619
Flammable,Objet_19598
Fragile,Objet_17851
Fragile,Objet_22135
Corrosive,Objet_22516
Radioactive,Objet_28799
Fragile,Objet_01960
Food,Objet_03822
Oxidizing,Objet_19564
Radioactive,Objet_27733
Explosive,Objet_27870
Flammable,Objet_03561
Oxidizing,Objet_18542
Explosive,Objet_12174
Flammable,Objet_24649
Flammable,Objet_01152
Fragile,Objet_19963
Explosive,Objet_20568
Radioactive,Objet_04306
Oxidizing,Objet_01721
Oxidizing,Objet_25481
Unspecified,Objet_28115
Corrosive,Objet_16830
Fragile,Objet_10503
Oxidizing,Objet_25895
Fragile,Objet_20385
Fragile,Objet_21645
Explosive,Objet_03080
Radioactive,Objet_29401
Fragile,Objet_03709
Pressurized,Objet_28569
Explosive,Objet_24661
Radioactive,Objet_29224
Radioactive,Objet_25039
Toxic,Objet_13913
Oxidizing,Objet_17361
Flammable,Objet_25957
Fragile,Objet_10105
Unspecified,Objet_20731
Pressurized,Objet_26022
Oxidizing,Objet_26587
Fragile,Objet_13563
Food,Objet_00368
Fragile,Objet_06985
Fragile,Objet_03884
Explosive,Objet_22528
Unspecified,Objet_11449
Unspecified,Objet_02854
Radioactive,Objet_12427
Pressurized,Objet_18732
Unspecified,Objet_22904
Radioactive,Objet_09677
Radioactive,Objet_11459
Flammable,Objet_18976
Unspecified,Objet_14300
Corrosive,Objet_05206
Oxidizing,Objet_14200
Explosive,Objet_24480
Fragile,Objet_25412
Toxic,Objet_20340
Fragile,Objet_21149
Fragile,Objet_07160
Food,Objet_23632
Explosive,Objet_28369
Pressurized,Objet_02528
Corrosive,Objet_16358
Pressurized,Objet_27823
Pressurized,Objet_11248
Pressurized,Objet_06885
Unspecified,Objet_11346
Pressurized,Objet_04148
Food,Objet_28605
Radioactive,Objet_24445
Food,Objet_30024
Unspecified,Objet_22680
Corrosive,Objet_22310
Oxidizing,Objet_05032
Food,Objet_12273
Oxidizing,Objet_13760
Pressurized,Objet_17309
Pressurized,Objet_02541
Pressurized,Objet_11143
Toxic,Objet_23835
Pressurized,Objet_26117
Oxidizing,Objet_23158
Toxic,Objet_27478
Toxic,Objet_29110
Pressurized,Objet_21239
Pressurized,Objet_12141
Radioactive,Objet_05754
Corrosive,Objet_19718
Oxidizing,Objet_13290
Unspecified,Objet_29538
Toxic,Objet_10076
Flammable,Objet_09468
Unspecified,Objet_09456
Pressurized,Objet_28148
Radioactive,Objet_15712
Food,Objet_21032
Pressurized,Objet_07119
Toxic,Objet_23567
Fragile,Objet_07631
Pressurized,Objet_10464
Fragile,Objet_21707
Corrosive,Objet_24086
Radioactive,Objet_12920
Radioactive,Objet_05949
Flammable,Objet_28548
Pressurized,Objet_00910
Pressurized,Objet_24551
Flammable,Objet_22331
Unspecified,Objet_06172
Corrosive,Objet_23346
Food,Objet_02018
Oxidizing,Objet_10273
Radioactive,Objet_07367
Oxidizing,Objet_22451
Corrosive,Objet_05651
Fragile,Objet_09624
Fragile,Objet_20196
Radioactive,Objet_23878
Toxic,Objet_06391
Flammable,Objet_18281
Pressurized,Objet_23057
Pressurized,Objet_19723
Oxidizing,Objet_03336
Toxic,Objet_05118
Food,Objet_20870
Fragile,Objet_07244
Corrosive,Objet_15649
Flammable,Objet_05176
Pressurized,Objet_06017
Explosive,Objet_09939
Unspecified,Objet_02496
Unspecified,Objet_20149
Radioactive,Objet_05561
Oxidizing,Objet_23911
Explosive,Objet_02450
Unspecified,Objet_06736
Food,Objet_09374
Unspecified,Objet_29708
Unspecified,Objet_13467
Corrosive,Objet_04734
Toxic,Objet_17307
Food,Objet_04356
Toxic,Objet_06992
Fragile,Objet_27918
Toxic,Objet_24781
Flammable,Objet_05181
Flammable,Objet_29782
Unspecified,Objet_07475
Radioactive,Objet_29504
Oxidizing,Objet_03397
Food,Objet_19869
Radioactive,Objet_20143
Explosive,Objet_13066
Toxic,Objet_27784
Unspecified,Objet_24275
Fragile,Objet_09479
Corrosive,Objet_24880
Corrosive,Objet_21301
Unspecified,Objet_24625
Oxidizing,Objet_08114
Explosive,Objet_09742
Explosive,Objet_00417
Food,Objet_15596
Pressurized,Objet_16706
Fragile,Objet_20439
Food,Objet_08605
Food,Objet_11433
Radioactive,Objet_24334
Oxidizing,Objet_29096
Toxic,Objet_00431
Explosive,Objet_25399
Corrosive,Objet_11414
Flammable,Objet_21231
Pressurized,Objet_04209
Unspecified,Objet_24815
Explosive,Objet_27720
Pressurized,Objet_14666
Oxidizing,Objet_08720
Pressurized,Objet_09089
Corrosive,Objet_14408
Corrosive,Objet_07231
Unspecified,Objet_03090
Fragile,Objet_08113
Food,Objet_01170
Explosive,Objet_26667
Toxic,Objet_02571
Oxidizing,Objet_24353
Radioactive,Objet_08251
Unspecified,Objet_18833
Fragile,Objet_18315
Toxic,Objet_25512
Food,Objet_02703
Corrosive,Objet_01815
Unspecified,Objet_08747
Food,Objet_21219
Flammable,Objet_27025
Food,Objet_10992
Unspecified,Objet_21427
Toxic,Objet_10403
Flammable,Objet_15737
Unspecified,Objet_19444
Food,Objet_21607
Radioactive,Objet_05437
Flammable,Objet_30139
Fragile,Objet_16078
Explosive,Objet_28744
Unspecified,Objet_07875
Food,Objet_27437
Pressurized,Objet_17322
Fragile,Objet_26311
Oxidizing,Objet_28252
Radioactive,Objet_20820
Fragile,Objet_00403
Explosive,Objet_15634
Flammable,Objet_12318
Food,Objet_06517
Corrosive,Objet_26484
Flammable,Objet_18922
Fragile,Objet_09214
Radioactive,Objet_01791
Oxidizing,Objet_11036
Oxidizing,Objet_11673
Pressurized,Objet_29821
Explosive,Objet_14592
Flammable,Objet_21066
Toxic,Objet_05972
Corrosive,Objet_08690
Pressurized,Objet_06587
Food,Objet_05753
Radioactive,Objet_25731
Corrosive,Objet_06347
Oxidizing,Objet_24944
Oxidizing,Objet_24510
Pressurized,Objet_22370
Radioactive,Objet_05731
Fragile,Objet_09449
Pressurized,Objet_09204
Corrosive,Objet_28952
Oxidizing,Objet_26204
Explosive,Objet_04822
Food,Objet_06193
Toxic,Objet_03019
Flammable,Objet_20365
Explosive,Objet_03056
Fragile,Objet_01487
Pressurized,Objet_00229
Toxic,Objet_09536
Oxidizing,Objet_19186
Toxic,Objet_22488
Fragile,Objet_16608
Fragile,Objet_05037
Unspecified,Objet_06096
Corrosive,Objet_13196
Fragile,Objet_04271
Corrosive,Objet_07512
Radioactive,Objet_14488
Corrosive,Objet_26781
Toxic,Objet_07696
Fragile,Objet_29418
Food,Objet_15575
Oxidizing,Objet_07275
Oxidizing,Objet_00823
Fragile,Objet_16130
Flammable,Objet_19951
Explosive,Objet_03612
Explosive,Objet_26364
Fragile,Objet_09783
Flammable,Objet_07553
Radioactive,Objet_17971
Flammable,Objet_10730
Fragile,Objet_13669
Corrosive,Objet_16207
Unspecified,Objet_23124
Explosive,Objet_24936
Explosive,Objet_00616
Radioactive,Objet_18873
Unspecified,Objet_11998
Flammable,Objet_03711
Radioactive,Objet_17994
Toxic,Objet_02503
Corrosive,Objet_14356
Fragile,Objet_11308
Corrosive,Objet_25128
Corrosive,Objet_24321
Toxic,Objet_25839
Fragile,Objet_12825
Unspecified,Objet_20517
Fragile,Objet_15502
Corrosive,Objet_29781
Corrosive,Objet_09425
Flammable,Objet_20954
Oxidizing,Objet_21137
Pressurized,Objet_27912
Radioactive,Objet_07457
Fragile,Objet_28633
Pressurized,Objet_07428
Fragile,Objet_17839
Radioactive,Objet_08207
Flammable,Objet_25188
Fragile,Objet_28703
Fragile,Objet_21736
Flammable,Objet_30104
Explosive,Objet_06488
Unspecified,Objet_19132
Flammable,Objet_25545
Toxic,Objet_19369
Oxidizing,Objet_25505
Food,Objet_29208
Food,Objet_07082
Explosive,Objet_13049
Fragile,Objet_01884
Explosive,Objet_02630
Flammable,Objet_13062
Radioactive,Objet_14912
Explosive,Objet_16027
Corrosive,Objet_10504
Unspecified,Objet_05838
Food,Objet_20723
Food,Objet_19358
Oxidizing,Objet_02123
Flammable,Objet_27989
Toxic,Objet_05399
Unspecified,Objet_27367
Radioactive,Objet_11365
Pressurized,Objet_17275
Corrosive,Objet_24045
Food,Objet_11559
Oxidizing,Objet_07167
Toxic,Objet_02285
Flammable,Objet_02128
Food,Objet_01854
Pressurized,Objet_05910
Oxidizing,Objet_13932
Corrosive,Objet_04076
Corrosive,Objet_26793
Fragile,Objet_09663
Unspecified,Objet_16800
Unspecified,Objet_29530
Explosive,Objet_26481
Food,Objet_12674
Food,Objet_13864
Unspecified,Objet_25604
Flammable,Objet_00905
Toxic,Objet_02135
Toxic,Objet_25988
Explosive,Objet_06319
Unspecified,Objet_21487
Unspecified,Objet_19175
Food,Objet_05458
Toxic,Objet_00006
Oxidizing,Objet_13176
Toxic,Objet_05687
Toxic,Objet_15254
Pressurized,Objet_04988
Fragile,Objet_27182
Corrosive,Objet_27523
Food,Objet_22780
Flammable,Objet_15751
Explosive,Objet_01992
Unspecified,Objet_14508
Explosive,Objet_23720
Toxic,Objet_27369
Unspecified,Objet_02493
Oxidizing,Objet_07786
Toxic,Objet_22376
Corrosive,Objet_29709
Oxidizing,Objet_12976
Fragile,Objet_03143
Toxic,Objet_03836
Fragile,Objet_17917
Food,Objet_09180
Unspecified,Objet_28089
Flammable,Objet_23952
Food,Objet_18349
Unspecified,Objet_26236
Fragile,Objet_07622
Unspecified,Objet_26447
Food,Objet_10488
Radioactive,Objet_07867
Food,Objet_13383
Toxic,Objet_08097
Food,Objet_04397
Pressurized,Objet_10875
Food,Objet_12915
Explosive,Objet_26091
Food,Objet_03840
Oxidizing,Objet_02866
Unspecified,Objet_09590
Oxidizing,Objet_10100
Oxidizing,Objet_25213
Fragile,Objet_17039
Flammable,Objet_12751
Corrosive,Objet_27287
Corrosive,Objet_19374
Radioactive,Objet_21441
Oxidizing,Objet_08428
Unspecified,Objet_01232
Flammable,Objet_05633
Toxic,Objet_20875
Radioactive,Objet_21741
Corrosive,Objet_08727
Fragile,Objet_17303
Radioactive,Objet_23722
Pressurized,Objet_17049
Radioactive,Objet_24292
Pressurized,Objet_18129
Explosive,Objet_25521
Fragile,Objet_21042
Unspecified,Objet_16951
Pressurized,Objet_23924
Flammable,Objet_12535
Corrosive,Objet_17235
Pressurized,Objet_13492
Radioactive,Objet_03270
Unspecified,Objet_16710
Radioactive,Objet_22939
Explosive,Objet_03831
Fragile,Objet_20103
Fragile,Objet_18388
Corrosive,Objet_06765
Explosive,Objet_08669
Explosive,Objet_18242
Oxidizing,Objet_25943
Fragile,Objet_10652
Food,Objet_29188
Corrosive,Objet_23352
Explosive,Objet_24838
Explosive,Objet_28166
Toxic,Objet_25571
Corrosive,Objet_10233
Unspecified,Objet_02404
Pressurized,Objet_03529
Radioactive,Objet_24881
Oxidizing,Objet_12508
Toxic,Objet_19207
Unspecified,Objet_10822
Food,Objet_06241
Explosive,Objet_18637
Corrosive,Objet_30109
Radioactive,Objet_07012
Fragile,Objet_20610
Pressurized,Objet_08228
Pressurized,Objet_27123
Flammable,Objet_01313
Toxic,Objet_24310
Toxic,Objet_17087
Radioactive,Objet_04002
Flammable,Objet_18422
Explosive,Objet_12143
Unspecified,Objet_24286
Toxic,Objet_25342
Fragile,Objet_01397
Pressurized,Objet_22965
Unspecified,Objet_00087
Unspecified,Objet_23490
Unspecified,Objet_23067
Oxidizing,Objet_21566
Unspecified,Objet_13155
Explosive,Objet_14918
Fragile,Objet_03029
Radioactive,Objet_14258
Toxic,Objet_25522
Flammable,Objet_26490
Unspecified,Objet_20547
Fragile,Objet_25108
Oxidizing,Objet_17617
Pressurized,Objet_06718
Flammable,Objet_26260
Radioactive,Objet_01671
Pressurized,Objet_18454
Radioactive,Objet_03310
Pressurized,Objet_00466
Fragile,Objet_19636
Corrosive,Objet_23053
Corrosive,Objet_02112
Fragile,Objet_23409
Corrosive,Objet_23042
Radioactive,Objet_20884
Flammable,Objet_14109
Flammable,Objet_25268
Flammable,Objet_02590
Corrosive,Objet_11113
Radioactive,Objet_06676
Oxidizing,Objet_21648
Radioactive,Objet_27919
Fragile,Objet_13706
Oxidizing,Objet_08447
Corrosive,Objet_27173
Oxidizing,Objet_22613
Flammable,Objet_10502
Explosive,Objet_12644
Flammable,Objet_29604
Fragile,Objet_23072
Fragile,Objet_27224
Explosive,Objet_15463
Toxic,Objet_14603
Radioactive,Objet_11132
Unspecified,Objet_05316
Fragile,Objet_17992
Food,Objet_24662
Radioactive,Objet_22362
Unspecified,Objet_11517
Explosive,Objet_15864
Food,Objet_26621
Radioactive,Objet_13553
Pressurized,Objet_26373
Fragile,Objet_22557
Radioactive,Objet_18973
Food,Objet_17171
Pressurized,Objet_05080
Explosive,Objet_25621
Toxic,Objet_00714
Flammable,Objet_24396
Oxidizing,Objet_01591
Toxic,Objet_17804
Explosive,Objet_22828
Flammable,Objet_00380
Unspecified,Objet_29072
Pressurized,Objet_29793
Explosive,Objet_28334
Food,Objet_22820
Unspecified,Objet_15227
Unspecified,Objet_09837
Toxic,Objet_12274
Explosive,Objet_04387
Food,Objet_08329
Food,Objet_25766
Food,Objet_04263
Flammable,Objet_27317
Oxidizing,Objet_26681
Pressurized,Objet_19047
Corrosive,Objet_22211
Radioactive,Objet_09240
Pressurized,Objet_15453
Radioactive,Objet_27623
Radioactive,Objet_16272
Fragile,Objet_08913
Unspecified,Objet_25038
Corrosive,Objet_17213
Fragile,Objet_03105
Corrosive,Objet_08803
Corrosive,Objet_10780
Fragile,Objet_07000
Fragile,Objet_20912
Fragile,Objet_21735
Flammable,Objet_04626
Food,Objet_22736
Food,Objet_11044
Explosive,Objet_17065
Fragile,Objet_14902
Toxic,Objet_02809
Radioactive,Objet_25509
Corrosive,Objet_16460
Fragile,Objet_29555
Fragile,Objet_11624
Food,Objet_04771
Explosive,Objet_23703
Radioactive,Objet_01681
Flammable,Objet_18949
Pressurized,Objet_09230
Corrosive,Objet_28209
Toxic,Objet_21023
Food,Objet_26124
Flammable,Objet_10078
Toxic,Objet_14298
Flammable,Objet_24060
Corrosive,Objet_09003
Oxidizing,Objet_24453
Fragile,Objet_17028
Radioactive,Objet_19630
Food,Objet_26875
Toxic,Objet_06514
Fragile,Objet_13722
Pressurized,Objet_16763
Corrosive,Objet_16545
Fragile,Objet_10497
Corrosive,Objet_09946
Pressurized,Objet_23692
Fragile,Objet_11592
Unspecified,Objet_25321
Food,Objet_24431
Food,Objet_19034
Flammable,Objet_11206
Flammable,Objet_15503
Explosive,Objet_05298
Explosive,Objet_00514
Explosive,Objet_01634
Food,Objet_10023
Explosive,Objet_19896
Explosive,Objet_14418
Flammable,Objet_06281
Unspecified,Objet_10917
Corrosive,Objet_15086
Toxic,Objet_28646
Radioactive,Objet_22015
Unspecified,Objet_18340
Pressurized,Objet_25318
Pressurized,Objet_29827
Toxic,Objet_04386
Fragile,Objet_23386
Flammable,Objet_01790
Oxidizing,Objet_03197
Explosive,Objet_23248
Radioactive,Objet_08466
Fragile,Objet_05256
Food,Objet_22203
Food,Objet_28825
Explosive,Objet_12777
Fragile,Objet_27998
Food,Objet_22712
Explosive,Objet_25426
Toxic,Objet_10419
Food,Objet_25407
Flammable,Objet_26633
Explosive,Objet_14660
Flammable,Objet_13396
Toxic,Objet_18851
Food,Objet_02061
Radioactive,Objet_16561
Food,Objet_16673
Fragile,Objet_11126
Toxic,Objet_24728
Pressurized,Objet_27636
Toxic,Objet_27874
Explosive,Objet_11652
Unspecified,Objet_24365
Food,Objet_26886
Corrosive,Objet_28030
Unspecified,Objet_19926
Fragile,Objet_28123
Toxic,Objet_20027
Corrosive,Objet_10422
Flammable,Objet_20277
Corrosive,Objet_30160
Flammable,Objet_19280
Toxic,Objet_05547
Unspecified,Objet_05410
Oxidizing,Objet_17037
Pressurized,Objet_17410
Radioactive,Objet_14888
Unspecified,Objet_19799
Fragile,Objet_17428
Pressurized,Objet_26459
Fragile,Objet_04432
Explosive,Objet_08108
Oxidizing,Objet_02580
Toxic,Objet_22773
Oxidizing,Objet_09001
Radioactive,Objet_07324
Food,Objet_05714
Corrosive,Objet_28662
Unspecified,Objet_09102
Pressurized,Objet_14454
Explosive,Objet_29449
Unspecified,Objet_11006
Radioactive,Objet_03018
Toxic,Objet_18032
Pressurized,Objet_15418
Corrosive,Objet_19225
Flammable,Objet_27071
Unspecified,Objet_09202
Radioactive,Objet_24383
Oxidizing,Objet_02507
Food,Objet_20704
Toxic,Objet_01374
Toxic,Objet_08068
Oxidizing,Objet_09609
Oxidizing,Objet_27533
Oxidizing,Objet_13713
Explosive,Objet_05809
Corrosive,Objet_28363
Toxic,Objet_01284
Food,Objet_24087
Flammable,Objet_00982
Oxidizing,Objet_26919
Pressurized,Objet_27738
Toxic,Objet_11397
Unspecified,Objet_10058
Fragile,Objet_28128
Pressurized,Objet_23209
Food,Objet_22058
Radioactive,Objet_06408
Toxic,Objet_23059
Fragile,Objet_11537
Toxic,Objet_11610
Food,Objet_18651
Unspecified,Objet_03518
Pressurized,Objet_01625
Oxidizing,Objet_02570
Flammable,Objet_10871
Unspecified,Objet_17012
Pressurized,Objet_18779
Explosive,Objet_05457
Fragile,Objet_27724
Pressurized,Objet_14387
Unspecified,Objet_24640
Food,Objet_03575
Pressurized,Objet_04008
Fragile,Objet_12584
Flammable,Objet_29740
Flammable,Objet_11630
Fragile,Objet_27244
Explosive,Objet_28842
Food,Objet_10562
Explosive,Objet_27095
Oxidizing,Objet_21482
Fragile,Objet_29753
Corrosive,Objet_08420
Fragile,Objet_03550
Explosive,Objet_08468
Unspecified,Objet_23345
Explosive,Objet_10589
Radioactive,Objet_05991
Unspecified,Objet_08990
Flammable,Objet_26061
Oxidizing,Objet_19965
Fragile,Objet_12683
Fragile,Objet_19894
Corrosive,Objet_02779
Corrosive,Objet_10664
Explosive,Objet_09280
Pressurized,Objet_20467
Corrosive,Objet_17638
Radioactive,Objet_05099
Flammable,Objet_04268
Toxic,Objet_13626
Explosive,Objet_23107
Radioactive,Objet_24182
Fragile,Objet_03671
Oxidizing,Objet_03449
Unspecified,Objet_27289
Corrosive,Objet_20113
Food,Objet_03179
Radioactive,Objet_02875
Pressurized,Objet_17259
Unspecified,Objet_06787
Fragile,Objet_27649
Explosive,Objet_02638
Unspecified,Objet_19687
Food,Objet_06209
Radioactive,Objet_29031
Explosive,Objet_08320
Corrosive,Objet_10781
Corrosive,Objet_21781
Toxic,Objet_07011
Radioactive,Objet_13561
Fragile,Objet_04524
Corrosive,Objet_17929
Flammable,Objet_13944
Flammable,Objet_20110
Corrosive,Objet_12460
Flammable,Objet_08702
Corrosive,Objet_18564
Pressurized,Objet_12796
Corrosive,Objet_03366
Explosive,Objet_05083
Unspecified,Objet_18494
Flammable,Objet_16440
Pressurized,Objet_06405
Corrosive,Objet_22868
Radioactive,Objet_25663
Fragile,Objet_06179
Food,Objet_13708
Unspecified,Objet_02694
Corrosive,Objet_22499
Flammable,Objet_04751
Flammable,Objet_12533
Oxidizing,Objet_07654
Radioactive,Objet_04038
Food,Objet_07048
Fragile,Objet_03341
Radioactive,Objet_08574
Radioactive,Objet_03826
Explosive,Objet_30041
Radioactive,Objet_02544
Pressurized,Objet_20972
Oxidizing,Objet_18052
Food,Objet_05901
Fragile,Objet_06762
Oxidizing,Objet_17660
Explosive,Objet_09941
Radioactive,Objet_03183
Flammable,Objet_04633
Fragile,Objet_22167
Toxic,Objet_00142
Fragile,Objet_24646
Fragile,Objet_06773
Fragile,Objet_06668
Unspecified,Objet_28248
Corrosive,Objet_27505
Oxidizing,Objet_15774
Food,Objet_26613
Food,Objet_04029
Corrosive,Objet_15638
Radioactive,Objet_24300
Corrosive,Objet_20003
Unspecified,Objet_26734
Radioactive,Objet_30125
Unspecified,Objet_21917
Fragile,Objet_29739
Unspecified,Objet_29393
Food,Objet_19043
Toxic,Objet_10278
Toxic,Objet_06298
Explosive,Objet_23445
Fragile,Objet_16003
Pressurized,Objet_28111
Corrosive,Objet_29374
Toxic,Objet_25480
Oxidizing,Objet_08857
Radioactive,Objet_13997
Oxidizing,Objet_23459
Toxic,Objet_05227
Explosive,Objet_14487
Pressurized,Objet_16387
Food,Objet_07852
Pressurized,Objet_08405
Flammable,Objet_19170
Toxic,Objet_26033
Pressurized,Objet_27554
Corrosive,Objet_15188
Toxic,Objet_10777
Unspecified,Objet_03182
Corrosive,Objet_01759
Flammable,Objet_10792
Flammable,Objet_18184
Oxidizing,Objet_28279
Radioactive,Objet_04132
Pressurized,Objet_20020
Food,Objet_18194
Corrosive,Objet_26188
Unspecified,Objet_08150
Flammable,Objet_25167
Oxidizing,Objet_06242
Explosive,Objet_26721
Explosive,Objet_05477
Toxic,Objet_08028
Unspecified,Objet_28009
Oxidizing,Objet_07698
Food,Objet_15544
Flammable,Objet_24199
Corrosive,Objet_18792
Corrosive,Objet_26089
Corrosive,Objet_10776
Unspecified,Objet_25640
Unspecified,Objet_25667
Explosive,Objet_03013
Radioactive,Objet_30019
Fragile,Objet_11890
Fragile,Objet_26420
Food,Objet_08748
Corrosive,Objet_01203
Explosive,Objet_18601
Unspecified,Objet_18250
Pressurized,Objet_25434
Unspecified,Objet_07442
Pressurized,Objet_24175
Corrosive,Objet_17073
Fragile,Objet_07040
Toxic,Objet_00833
Food,Objet_26422
Unspecified,Objet_00109
Toxic,Objet_29885
Explosive,Objet_20430
Corrosive,Objet_24121
Flammable,Objet_01188
Pressurized,Objet_15772
Corrosive,Objet_09278
Corrosive,Objet_08652
Toxic,Objet_22876
Fragile,Objet_21491
Unspecified,Objet_14122
Fragile,Objet_10965
Radioactive,Objet_18169
Fragile,Objet_22476
Radioactive,Objet_17668
Food,Objet_24005
Unspecified,Objet_13769
Explosive,Objet_27230
Explosive,Objet_03068
Pressurized,Objet_08423
Corrosive,Objet_15778
Pressurized,Objet_04968
Pressurized,Objet_12102
Corrosive,Objet_18134
Fragile,Objet_24831
Fragile,Objet_14861
Pressurized,Objet_03374
Food,Objet_22013
Food,Objet_02799
Food,Objet_05818
Toxic,Objet_04518
Radioactive,Objet_07653
Unspecified,Objet_06606
Radioactive,Objet_02057
Flammable,Objet_14440
Oxidizing,Objet_28815
Toxic,Objet_07501
Unspecified,Objet_23920
Food,Objet_15179
Explosive,Objet_12694
Pressurized,Objet_07975
Pressurized,Objet_19934
Food,Objet_19069
Flammable,Objet_18705
Flammable,Objet_06201
Unspecified,Objet_15034
Toxic,Objet_25858
Toxic,Objet_01179
Corrosive,Objet_03920
Pressurized,Objet_26352
Toxic,Objet_15744
Pressurized,Objet_02249
Toxic,Objet_28139
Oxidizing,Objet_29799
Unspecified,Objet_12643
Pressurized,Objet_12874
Explosive,Objet_20413
Radioactive,Objet_18467
Oxidizing,Objet_17724
Flammable,Objet_24895
Corrosive,Objet_05452
Corrosive,Objet_05946
Radioactive,Objet_27924
Explosive,Objet_02748
Fragile,Objet_26771
Radioactive,Objet_09302
Unspecified,Objet_22266
Fragile,Objet_15920
Flammable,Objet_25180
Unspecified,Objet_04797
Explosive,Objet_26780
Fragile,Objet_07954
Food,Objet_19086
Radioactive,Objet_21881
Oxidizing,Objet_22848
Fragile,Objet_12757
Toxic,Objet_02281
Unspecified,Objet_25888
Flammable,Objet_11696
Pressurized,Objet_12734
Fragile,Objet_17919
Explosive,Objet_19650
Corrosive,Objet_24618
Toxic,Objet_06197
Fragile,Objet_22279
Explosive,Objet_00917
Toxic,Objet_04647
Oxidizing,Objet_09208
Unspecified,Objet_04998
Fragile,Objet_02263
Unspecified,Objet_29543
Unspecified,Objet_26596
Pressurized,Objet_06631
Toxic,Objet_30004
Toxic,Objet_21439
Corrosive,Objet_22080
Radioactive,Objet_01865
Pressurized,Objet_26246
Radioactive,Objet_08971
Fragile,Objet_20012
Food,Objet_29631
Toxic,Objet_25279
Pressurized,Objet_29676
Explosive,Objet_16211
Radioactive,Objet_16413
Toxic,Objet_26543
Toxic,Objet_16437
Toxic,Objet_09151
Flammable,Objet_13389
Radioactive,Objet_18738
Flammable,Objet_12228
Explosive,Objet_21321
Corrosive,Objet_20240
Food,Objet_07556
Pressurized,Objet_30092
Food,Objet_26291
Oxidizing,Objet_14124
Unspecified,Objet_29371
Corrosive,Objet_04786
Fragile,Objet_02497
Explosive,Objet_16796
Fragile,Objet_04339
Toxic,Objet_01260
Fragile,Objet_29041
Corrosive,Objet_00618
Fragile,Objet_17829
Pressurized,Objet_29844
Unspecified,Objet_08310
Corrosive,Objet_14583
Oxidizing,Objet_18474
Flammable,Objet_25438
Oxidizing,Objet_06426
Corrosive,Objet_00691
Flammable,Objet_01577
Pressurized,Objet_16884
Unspecified,Objet_06049
Food,Objet_21358
Oxidizing,Objet_28203
Unspecified,Objet_24645
Pressurized,Objet_18757
Corrosive,Objet_17032
Corrosive,Objet_14835
Corrosive,Objet_03077
Unspecified,Objet_11933
Flammable,Objet_09667
Unspecified,Objet_13275
Unspecified,Objet_09436
Flammable,Objet_06813
Toxic,Objet_18448
Corrosive,Objet_30142
Flammable,Objet_18256
Radioactive,Objet_27701
Food,Objet_29290
Radioactive,Objet_02333
Flammable,Objet_29687
Explosive,Objet_01326
Explosive,Objet_00196
Flammable,Objet_26090
Toxic,Objet_08806
Corrosive,Objet_09228
Oxidizing,Objet_28570
Unspecified,Objet_04856
Radioactive,Objet_25860
Explosive,Objet_08239
Flammable,Objet_24073
Pressurized,Objet_22477
Flammable,Objet_05059
Explosive,Objet_24987
Food,Objet_19789
Corrosive,Objet_19322
Explosive,Objet_19113
Pressurized,Objet_26533
Explosive,Objet_03712
Corrosive,Objet_15536
Unspecified,Objet_19152
Explosive,Objet_20500
Corrosive,Objet_08671
Food,Objet_29001
Toxic,Objet_09246
Explosive,Objet_05848
Corrosive,Objet_24112
Food,Objet_16905
Explosive,Objet_19326
Fragile,Objet_07339
Fragile,Objet_10624
Pressurized,Objet_04952
Unspecified,Objet_13301
Unspecified,Objet_17578
Radioactive,Objet_05214
Corrosive,Objet_07065
Flammable,Objet_22854
Radioactive,Objet_07260
Flammable,Objet_27150
Corrosive,Objet_29353
Toxic,Objet_04557
Corrosive,Objet_11529
Corrosive,Objet_12716
Radioactive,Objet_05771
Flammable,Objet_02374
Oxidizing,Objet_17196
Toxic,Objet_14935
Corrosive,Objet_08122
Fragile,Objet_16746
Unspecified,Objet_25297
Flammable,Objet_19617
Flammable,Objet_19227
Radioactive,Objet_01969
Unspecified,Objet_09344
Toxic,Objet_03622
Oxidizing,Objet_21181
Corrosive,Objet_08355
Pressurized,Objet_17123
Pressurized,Objet_22686
Unspecified,Objet_01758
Radioactive,Objet_07945
Explosive,Objet_26778
Oxidizing,Objet_20735
Unspecified,Objet_16160
Fragile,Objet_12078
Toxic,Objet_07798
Food,Objet_16125
Corrosive,Objet_06108
Fragile,Objet_21513
Explosive,Objet_06820
Oxidizing,Objet_06315
Explosive,Objet_18586
Pressurized,Objet_11208
Radioactive,Objet_14264
Toxic,Objet_28151
Fragile,Objet_20882
Flammable,Objet_16419
Corrosive,Objet_23620
Fragile,Objet_28581
Explosive,Objet_26829
Pressurized,Objet_05151
Flammable,Objet_12481
Fragile,Objet_24146
Radioactive,Objet_08514
Flammable,Objet_02842
Pressurized,Objet_19490
Flammable,Objet_02163
Pressurized,Objet_20933
Pressurized,Objet_18286
Toxic,Objet_13832
Radioactive,Objet_15938
Pressurized,Objet_08441
Oxidizing,Objet_25335
Explosive,Objet_12884
Fragile,Objet_10655
Food,Objet_18634
Radioactive,Objet_19655
Food,Objet_07024
Unspecified,Objet_08487
Food,Objet_06886
Fragile,Objet_29427
Oxidizing,Objet_08615
Explosive,Objet_28934
Radioactive,Objet_03294
Fragile,Objet_01579
Pressurized,Objet_20673
Radioactive,Objet_15588
Food,Objet_06200
Oxidizing,Objet_20492
Flammable,Objet_04720
Fragile,Objet_05121
Unspecified,Objet_22566
Flammable,Objet_27267
Fragile,Objet_26820
Flammable,Objet_14945
Toxic,Objet_00473
Flammable,Objet_27832
Unspecified,Objet_29940
Pressurized,Objet_02634
Radioactive,Objet_06097
Radioactive,Objet_18546
Radioactive,Objet_26138
Unspecified,Objet_06404
Pressurized,Objet_26442
Food,Objet_10855
Fragile,Objet_14934
Corrosive,Objet_27976
Food,Objet_29006
Explosive,Objet_21273
Food,Objet_00005
Food,Objet_16070
Food,Objet_12583
Radioactive,Objet_03680
Flammable,Objet_23909
Flammable,Objet_12967
Unspecified,Objet_02304
Explosive,Objet_21238
Food,Objet_07841
Flammable,Objet_04851
Explosive,Objet_30000
Pressurized,Objet_01828
Corrosive,Objet_04096
Toxic,Objet_04648
Toxic,Objet_15820
Oxidizing,Objet_04454
Corrosive,Objet_06534
Pressurized,Objet_04319
Explosive,Objet_00959
Toxic,Objet_16774
Radioactive,Objet_18400
Corrosive,Objet_10760
Toxic,Objet_18220
Food,Objet_08385
Food,Objet_27903
Fragile,Objet_01105
Corrosive,Objet_09598
Fragile,Objet_23085
Toxic,Objet_21505
Corrosive,Objet_21221
Radioactive,Objet_14242
Food,Objet_19181
Unspecified,Objet_25187
Fragile,Objet_13930
Fragile,Objet_03734
Explosive,Objet_00465
Toxic,Objet_17344
Oxidizing,Objet_05218
Radioactive,Objet_11215
Explosive,Objet_12838
Food,Objet_23469
Radioactive,Objet_07359
Unspecified,Objet_22586
Explosive,Objet_11145
Oxidizing,Objet_19449
Toxic,Objet_18759
Oxidizing,Objet_10630
Fragile,Objet_15300
Radioactive,Objet_24166
Oxidizing,Objet_27126
Food,Objet_19018
Unspecified,Objet_29727
Pressurized,Objet_27892
Unspecified,Objet_20573
Food,Objet_06409
Corrosive,Objet_07412
Toxic,Objet_20142
Pressurized,Objet_10525
Food,Objet_06163
Pressurized,Objet_03633
Radioactive,Objet_08409
Corrosive,Objet_01442
Toxic,Objet_12067
Unspecified,Objet_10539
Explosive,Objet_25332
Corrosive,Objet_09061
Oxidizing,Objet_30022
Fragile,Objet_16641
Unspecified,Objet_15201
Radioactive,Objet_12631
Corrosive,Objet_05187
Explosive,Objet_29405
Explosive,Objet_13849
Explosive,Objet_18793
Radioactive,Objet_12826
Unspecified,Objet_29985
Explosive,Objet_21168
Flammable,Objet_19105
Oxidizing,Objet_13764
Radioactive,Objet_06649
Oxidizing,Objet_20292
Explosive,Objet_03503
Radioactive,Objet_02961
Explosive,Objet_15346
Explosive,Objet_18355
Explosive,Objet_26240
Fragile,Objet_05995
Pressurized,Objet_10712
Fragile,Objet_27709
Flammable,Objet_08805
Fragile,Objet_29226
Food,Objet_07600
Oxidizing,Objet_26638
Explosive,Objet_03932
Toxic,Objet_29484
Pressurized,Objet_02056
Oxidizing,Objet_05729
Radioactive,Objet_12790
Flammable,Objet_25110
Toxic,Objet_16169
Toxic,Objet_07020
Unspecified,Objet_17305
Corrosive,Objet_19847
Toxic,Objet_20778
Unspecified,Objet_05350
Corrosive,Objet_00613
Oxidizing,Objet_04941
Food,Objet_11819
Food,Objet_09259
Fragile,Objet_20462
Explosive,Objet_17210
Corrosive,Objet_09060
Toxic,Objet_23329
Oxidizing,Objet_21228
Flammable,Objet_15944
Toxic,Objet_24344
Corrosive,Objet_05906
Toxic,Objet_08307
Pressurized,Objet_01751
Food,Objet_16364
Explosive,Objet_01925
Flammable,Objet_10195
Flammable,Objet_14992
Explosive,Objet_29487
Explosive,Objet_25705
Corrosive,Objet_05869
Radioactive,Objet_25083
Oxidizing,Objet_29329
Explosive,Objet_12403
Explosive,Objet_05446
Explosive,Objet_12795
Flammable,Objet_29580
Corrosive,Objet_17991
Toxic,Objet_06275
Toxic,Objet_05669
Explosive,Objet_23032
Radioactive,Objet_01987
Pressurized,Objet_04040
Oxidizing,Objet_18362
Explosive,Objet_11207
Toxic,Objet_09570
Radioactive,Objet_18481
Fragile,Objet_07672
Radioactive,Objet_23882
Toxic,Objet_17317
Flammable,Objet_07091
Oxidizing,Objet_01331
Radioactive,Objet_07823
Food,Objet_10239
Pressurized,Objet_05170
Oxidizing,Objet_15779
Flammable,Objet_28943
Unspecified,Objet_26866
Unspecified,Objet_01962
Oxidizing,Objet_26318
Fragile,Objet_16873
Food,Objet_16224
Toxic,Objet_06204
Pressurized,Objet_22752
Corrosive,Objet_14516
Fragile,Objet_13881
Radioactive,Objet_06365
Pressurized,Objet_22960
Oxidizing,Objet_16887
Pressurized,Objet_21820
Radioactive,Objet_10332
Explosive,Objet_07666
Corrosive,Objet_02897
Oxidizing,Objet_21985
Unspecified,Objet_03062
Food,Objet_09211
Pressurized,Objet_17755
Oxidizing,Objet_01229
Explosive,Objet_15500
Oxidizing,Objet_03163
Fragile,Objet_14281
Unspecified,Objet_15430
Toxic,Objet_02476
Flammable,Objet_09176
Radioactive,Objet_28737
Pressurized,Objet_15166
Fragile,Objet_18905
Food,Objet_11643
Corrosive,Objet_01709
Pressurized,Objet_08768
Corrosive,Objet_29129
Fragile,Objet_01165
Pressurized,Objet_15689
Corrosive,Objet_10739
Food,Objet_29706
Unspecified,Objet_27052
Explosive,Objet_09682
Pressurized,Objet_12119
Toxic,Objet_24211
Radioactive,Objet_07312
Food,Objet_06859
Pressurized,Objet_07142
Radioactive,Objet_03851
Corrosive,Objet_14525
Oxidizing,Objet_25323
Unspecified,Objet_19767
Unspecified,Objet_20638
Corrosive,Objet_06940
Toxic,Objet_29472
Flammable,Objet_20447
Pressurized,Objet_19264
Food,Objet_27378
Flammable,Objet_29652
Oxidizing,Objet_15163
Unspecified,Objet_09641
Food,Objet_06140
Oxidizing,Objet_14748
Flammable,Objet_03733
Explosive,Objet_11855
Radioactive,Objet_01030
Flammable,Objet_19661
Pressurized,Objet_00182
Oxidizing,Objet_26329
Toxic,Objet_15828
Corrosive,Objet_29804
Flammable,Objet_09753
Radioactive,Objet_28519
Radioactive,Objet_00964
Unspecified,Objet_18957
Unspecified,Objet_01285
Explosive,Objet_07272
Explosive,Objet_18219
Corrosive,Objet_25377
Pressurized,Objet_21011
Food,Objet_13724
Food,Objet_15240
Explosive,Objet_18602
Fragile,Objet_17744
Radioactive,Objet_21823
Unspecified,Objet_28045
Radioactive,Objet_22414
Fragile,Objet_15048
Food,Objet_15271
Food,Objet_20749
Explosive,Objet_04412
Explosive,Objet_21662
Food,Objet_29842
Unspecified,Objet_09548
Explosive,Objet_14416
Oxidizing,Objet_21660
Oxidizing,Objet_09869
Toxic,Objet_22071
Pressurized,Objet_10718
Oxidizing,Objet_18103
Food,Objet_21446
Fragile,Objet_04616
Fragile,Objet_14596
Corrosive,Objet_28463
Radioactive,Objet_02452
Food,Objet_09539
Corrosive,Objet_27763
Radioactive,Objet_21701
Pressurized,Objet_00183
Explosive,Objet_15569
Food,Objet_04004
Radioactive,Objet_21699
Unspecified,Objet_19561
Food,Objet_25078
Oxidizing,Objet_28378
Unspecified,Objet_06719
Pressurized,Objet_21210
Flammable,Objet_23413
Unspecified,Objet_04331
Food,Objet_10666
Corrosive,Objet_01866
Flammable,Objet_05536
Explosive,Objet_19407
Food,Objet_27558
Food,Objet_07616
Fragile,Objet_11532
Toxic,Objet_21927
Explosive,Objet_17175
Corrosive,Objet_13277
Unspecified,Objet_08735
Toxic,Objet_12855
Fragile,Objet_25650
Explosive,Objet_04372
Unspecified,Objet_24798
Explosive,Objet_19668
Food,Objet_28251
Toxic,Objet_02882
Pressurized,Objet_05463
Fragile,Objet_27258
Toxic,Objet_05300
Explosive,Objet_12019
Pressurized,Objet_17209
Explosive,Objet_21519
Food,Objet_27943
Pressurized,Objet_01088
Flammable,Objet_08757
Corrosive,Objet_01096
Flammable,Objet_00015
Pressurized,Objet_14652
Flammable,Objet_08503
Flammable,Objet_01516
Oxidizing,Objet_22932
Radioactive,Objet_00502
Food,Objet_26151
Radioactive,Objet_19864
Food,Objet_08938
Oxidizing,Objet_00779
Pressurized,Objet_05725
Radioactive,Objet_17388
Flammable,Objet_22000
Explosive,Objet_28854
Food,Objet_14738
Unspecified,Objet_16402
Fragile,Objet_06229
Toxic,Objet_06075
Flammable,Objet_11992
Fragile,Objet_25256
Toxic,Objet_27328
Fragile,Objet_11634
Radioactive,Objet_24287
Toxic,Objet_07169
Radioactive,Objet_27750
Explosive,Objet_22473
Explosive,Objet_04359
Food,Objet_03992
Food,Objet_03778
Radioactive,Objet_07764
Food,Objet_07235
Flammable,Objet_22361
Unspecified,Objet_11331
Flammable,Objet_08816
Toxic,Objet_16529
Pressurized,Objet_27411
Explosive,Objet_03964
Explosive,Objet_11464
Corrosive,Objet_23243
Fragile,Objet_02667
Toxic,Objet_22278
Food,Objet_21401
Toxic,Objet_10238
Unspecified,Objet_23951
Pressurized,Objet_04278
Explosive,Objet_21402
Oxidizing,Objet_22190
Radioactive,Objet_03564
Flammable,Objet_19157
Oxidizing,Objet_07846
Pressurized,Objet_22006
Corrosive,Objet_27954
Food,Objet_10407
Oxidizing,Objet_00401
Flammable,Objet_07129
Food,Objet_06560
Explosive,Objet_09568
Fragile,Objet_29807
Explosive,Objet_10582
Unspecified,Objet_06132
Flammable,Objet_18151
Toxic,Objet_06814
Explosive,Objet_00404
Unspecified,Objet_20275
Oxidizing,Objet_00241
Unspecified,Objet_05510
Radioactive,Objet_19029
Oxidizing,Objet_04706
Fragile,Objet_15736
Flammable,Objet_11066
Food,Objet_15200
Flammable,Objet_11544
Radioactive,Objet_27816
Corrosive,Objet_04313
Corrosive,Objet_02506
Food,Objet_07981
Toxic,Objet_09834
Corrosive,Objet_08583
Flammable,Objet_23866
Unspecified,Objet_18743
Toxic,Objet_08497
Unspecified,Objet_16869
Flammable,Objet_11405
Oxidizing,Objet_16025
Corrosive,Objet_05584
Toxic,Objet_22703
Corrosive,Objet_04494
Pressurized,Objet_07037
Flammable,Objet_12158
Radioactive,Objet_08451
Toxic,Objet_17511
Radioactive,Objet_01208
Oxidizing,Objet_11595
Radioactive,Objet_26644
Unspecified,Objet_23840
Radioactive,Objet_22840
Radioactive,Objet_22695
Explosive,Objet_09979
Pressurized,Objet_19658
Corrosive,Objet_02215
Flammable,Objet_15039
Fragile,Objet_28650
Corrosive,Objet_15399
Oxidizing,Objet_11523
Flammable,Objet_19987
Radioactive,Objet_26836
Oxidizing,Objet_03489
Radioactive,Objet_13755
Toxic,Objet_16577
Corrosive,Objet_10383
Explosive,Objet_27489
Flammable,Objet_09917
Fragile,Objet_13910
Food,Objet_14169
Radioactive,Objet_02133
Toxic,Objet_20161
Fragile,Objet_26560
Toxic,Objet_27333
Radioactive,Objet_17627
Flammable,Objet_28241
Flammable,Objet_06472
Unspecified,Objet_10415
Corrosive,Objet_14046
Oxidizing,Objet_17787
Explosive,Objet_18293
Radioactive,Objet_17842
Corrosive,Objet_20895
Unspecified,Objet_00784
Oxidizing,Objet_00313
Toxic,Objet_21792
Food,Objet_13795
Unspecified,Objet_04537
Toxic,Objet_19368
Fragile,Objet_05424
Radioactive,Objet_18482
Explosive,Objet_03292
Pressurized,Objet_15008
Oxidizing,Objet_18099
Food,Objet_04058
Toxic,Objet_15498
Food,Objet_29142
Fragile,Objet_25396
Oxidizing,Objet_22039
Explosive,Objet_17988
Explosive,Objet_07708
Pressurized,Objet_23101
Fragile,Objet_07046
Unspecified,Objet_27519
Fragile,Objet_00459
Unspecified,Objet_20445
Fragile,Objet_09465
Explosive,Objet_26715
Fragile,Objet_27485
Fragile,Objet_03715
Oxidizing,Objet_12634
Explosive,Objet_07509
Radioactive,Objet_29682
Unspecified,Objet_25248
Food,Objet_05919
Pressurized,Objet_24911
Corrosive,Objet_19140
Food,Objet_02470
Fragile,Objet_24694
Explosive,Objet_02268
Pressurized,Objet_02092
Fragile,Objet_20721
Toxic,Objet_27804
Flammable,Objet_07120
Radioactive,Objet_00677
Radioactive,Objet_25770
Unspecified,Objet_10295
Pressurized,Objet_12197
Fragile,Objet_26125
Oxidizing,Objet_15992
Corrosive,Objet_25794
Unspecified,Objet_02131
Oxidizing,Objet_25500
Explosive,Objet_16642
Explosive,Objet_22529
Unspecified,Objet_16502
Food,Objet_27632
Unspecified,Objet_12663
Oxidizing,Objet_04732
Pressurized,Objet_25368
Unspecified,Objet_15353
Corrosive,Objet_11084
Radioactive,Objet_16613
Oxidizing,Objet_11125
Oxidizing,Objet_08902
Radioactive,Objet_14910
Fragile,Objet_12026
Unspecified,Objet_21456
Toxic,Objet_00066
Food,Objet_02047
Pressurized,Objet_14635
Food,Objet_25255
Food,Objet_19454
Oxidizing,Objet_03393
Food,Objet_04291
Unspecified,Objet_28103
Food,Objet_26220
Explosive,Objet_00864
Fragile,Objet_12495
Fragile,Objet_27708
Pressurized,Objet_15121
Food,Objet_15604
Food,Objet_11235
Food,Objet_23600
Oxidizing,Objet_07072
Fragile,Objet_17826
Food,Objet_23359
Fragile,Objet_22456
Toxic,Objet_09746
Radioactive,Objet_19517
Toxic,Objet_18548
Oxidizing,Objet_13554
Radioactive,Objet_14092
Radioactive,Objet_14682
Explosive,Objet_05762
Toxic,Objet_29745
Corrosive,Objet_13879
Corrosive,Objet_17174
Unspecified,Objet_22227
Corrosive,Objet_05799
Fragile,Objet_09559
Explosive,Objet_14338
Flammable,Objet_24973
Food,Objet_16872
Flammable,Objet_18268
Fragile,Objet_28852
Explosive,Objet_27593
Flammable,Objet_01499
Pressurized,Objet_00300
Food,Objet_10959
Fragile,Objet_22708
Radioactive,Objet_13339
Food,Objet_06471
Unspecified,Objet_23164
Fragile,Objet_22852
Radioactive,Objet_22251
Flammable,Objet_29859
Flammable,Objet_06642
Explosive,Objet_23618
Food,Objet_11589
Corrosive,Objet_18569
Pressurized,Objet_12090
Fragile,Objet_20612
Toxic,Objet_13444
Corrosive,Objet_01596
Food,Objet_17376
Unspecified,Objet_02059
Pressurized,Objet_11292
Radioactive,Objet_23140
Unspecified,Objet_13473
Flammable,Objet_12551
Pressurized,Objet_27690
Radioactive,Objet_12924
Corrosive,Objet_23296
Food,Objet_01704
Explosive,Objet_00671
Oxidizing,Objet_04505
Explosive,Objet_28496
Flammable,Objet_28194
Corrosive,Objet_10802
Radioactive,Objet_20717
Fragile,Objet_14447
Corrosive,Objet_06235
Food,Objet_03629
Oxidizing,Objet_23450
Fragile,Objet_20864
Toxic,Objet_07986
Toxic,Objet_17350
Explosive,Objet_11259
Flammable,Objet_14518
Radioactive,Objet_11516
Food,Objet_01308
Corrosive,Objet_03003
Unspecified,Objet_22109
Unspecified,Objet_02736
Explosive,Objet_05429
Food,Objet_13480
Unspecified,Objet_25244
Fragile,Objet_29597
Oxidizing,Objet_19003
Toxic,Objet_22283
Food,Objet_19019
Toxic,Objet_11212
Toxic,Objet_28444
Pressurized,Objet_20062
Pressurized,Objet_17972
Toxic,Objet_05489
Flammable,Objet_03186
Corrosive,Objet_03342
Unspecified,Objet_22110
Explosive,Objet_16565
Food,Objet_21059
Corrosive,Objet_13689
Unspecified,Objet_04258
Toxic,Objet_27429
Radioactive,Objet_03146
Toxic,Objet_10673
Radioactive,Objet_11543
Radioactive,Objet_06430
Flammable,Objet_01965
Radioactive,Objet_04010
Explosive,Objet_10177
Food,Objet_20773
Food,Objet_15867
Flammable,Objet_13462
Pressurized,Objet_03282
Radioactive,Objet_16571
Flammable,Objet_13674
Fragile,Objet_27158
Flammable,Objet_21902
Flammable,Objet_16371
Explosive,Objet_00085
Toxic,Objet_13273
Corrosive,Objet_25120
Corrosive,Objet_19878
Corrosive,Objet_06134
Unspecified,Objet_14933
Flammable,Objet_21030
Fragile,Objet_27937
Flammable,Objet_26122
Corrosive,Objet_19263
Food,Objet_20389
Pressurized,Objet_07972
Oxidizing,Objet_23365
Explosive,Objet_14318
Explosive,Objet_12723
Pressurized,Objet_01825
Explosive,Objet_16856
Radioactive,Objet_06031
Unspecified,Objet_02788
Corrosive,Objet_13468
Unspecified,Objet_28583
Oxidizing,Objet_17751
Radioactive,Objet_09042
Pressurized,Objet_00221
Unspecified,Objet_11453
Toxic,Objet_07614
Pressurized,Objet_20577
Flammable,Objet_29746
Toxic,Objet_12800
Oxidizing,Objet_19168
Toxic,Objet_23385
Toxic,Objet_15312
Pressurized,Objet_05847
Fragile,Objet_27086
Oxidizing,Objet_09891
Toxic,Objet_08932
Oxidizing,Objet_12020
Radioactive,Objet_20916
Food,Objet_15622
Unspecified,Objet_18643
Radioactive,Objet_24792
Food,Objet_26377
Flammable,Objet_14658
Explosive,Objet_15403
Pressurized,Objet_02514
Flammable,Objet_19964
Unspecified,Objet_04224
Fragile,Objet_23697
Oxidizing,Objet_28911
Food,Objet_26712
Corrosive,Objet_28695
Flammable,Objet_03281
Explosive,Objet_27237
Fragile,Objet_25551
Oxidizing,Objet_17703
Flammable,Objet_28718
Explosive,Objet_20219
Flammable,Objet_28930
Food,Objet_14781
Oxidizing,Objet_28379
Food,Objet_17051
Pressurized,Objet_29872
Oxidizing,Objet_20054
Fragile,Objet_29829
Toxic,Objet_20125
Unspecified,Objet_15221
Fragile,Objet_13192
Food,Objet_20082
Food,Objet_27818
Flammable,Objet_16646
Flammable,Objet_08072
Explosive,Objet_25898
Toxic,Objet_07256
Corrosive,Objet_06596
Toxic,Objet_06167
Flammable,Objet_18053
Fragile,Objet_25778
Pressurized,Objet_12886
Pressurized,Objet_29995
Oxidizing,Objet_05442
Corrosive,Objet_08079
Pressurized,Objet_12513
Unspecified,Objet_03411
Oxidizing,Objet_11581
Toxic,Objet_12840
Oxidizing,Objet_27537
Corrosive,Objet_25504
Explosive,Objet_25897
Food,Objet_28690
Radioactive,Objet_20660
Toxic,Objet_23498
Explosive,Objet_15733
Fragile,Objet_03852
Corrosive,Objet_23845
Flammable,Objet_04948
Food,Objet_08040
Food,Objet_20897
Oxidizing,Objet_02827
Radioactive,Objet_29022
Fragile,Objet_01947
Unspecified,Objet_04719
Fragile,Objet_14961
Flammable,Objet_15838
Unspecified,Objet_10715
Fragile,Objet_28586
Unspecified,Objet_20198
Corrosive,Objet_21464
Radioactive,Objet_16421
Pressurized,Objet_04253
Oxidizing,Objet_01009
Toxic,Objet_04351
Flammable,Objet_04890
Oxidizing,Objet_27191
Flammable,Objet_10847
Radioactive,Objet_26286
Food,Objet_24465
Unspecified,Objet_27490
Toxic,Objet_12363
Unspecified,Objet_04768
Unspecified,Objet_11262
Radioactive,Objet_16773
Food,Objet_01162
Food,Objet_14569
Pressurized,Objet_06013
Unspecified,Objet_23942
Oxidizing,Objet_20613
Flammable,Objet_07437
Explosive,Objet_10995
Flammable,Objet_20631
Explosive,Objet_20286
Fragile,Objet_02594
Flammable,Objet_16101
Flammable,Objet_06255
Fragile,Objet_02836
Toxic,Objet_26048
Oxidizing,Objet_01684
Food,Objet_03172
Oxidizing,Objet_05127
Toxic,Objet_04352
Radioactive,Objet_04776
Radioactive,Objet_18136
Toxic,Objet_20907
Radioactive,Objet_22242
Oxidizing,Objet_06320
Radioactive,Objet_04063
Oxidizing,Objet_12686
Unspecified,Objet_13599
Unspecified,Objet_01352
Pressurized,Objet_14681
Unspecified,Objet_28245
Radioactive,Objet_17329
Unspecified,Objet_12980
Radioactive,Objet_19080
Unspecified,Objet_26457
Food,Objet_05890
Radioactive,Objet_19502
Unspecified,Objet_28270
Corrosive,Objet_17056
Unspecified,Objet_25018
Oxidizing,Objet_21047
Oxidizing,Objet_04703
Flammable,Objet_00604
Toxic,Objet_08449
Toxic,Objet_16294
Explosive,Objet_19866
Radioactive,Objet_27685
Flammable,Objet_08127
Flammable,Objet_24659
Oxidizing,Objet_19808
Oxidizing,Objet_17079
Flammable,Objet_15666
Pressurized,Objet_01949
Fragile,Objet_21628
Radioactive,Objet_18199
Unspecified,Objet_01059
Oxidizing,Objet_17452
Food,Objet_20498
Explosive,Objet_10956
Oxidizing,Objet_07125
Explosive,Objet_09510
Radioactive,Objet_14184
Explosive,Objet_18754
Oxidizing,Objet_17047
Food,Objet_00853
Radioactive,Objet_25673
Unspecified,Objet_25789
Oxidizing,Objet_25834
Unspecified,Objet_06760
Fragile,Objet_25729
Corrosive,Objet_09035
Radioactive,Objet_19954
Radioactive,Objet_22689
Explosive,Objet_14768
Unspecified,Objet_15623
Unspecified,Objet_02381
Oxidizing,Objet_02997
Corrosive,Objet_19367
Radioactive,Objet_07283
Corrosive,Objet_14839
Food,Objet_13311
Fragile,Objet_25788
Flammable,Objet_24258
Fragile,Objet_05408
Food,Objet_26991
Food,Objet_28231
Oxidizing,Objet_13975
Oxidizing,Objet_17256
Flammable,Objet_16067
Radioactive,Objet_01048
Oxidizing,Objet_15330
Flammable,Objet_10640
Food,Objet_27159
Pressurized,Objet_12169
Flammable,Objet_20138
Unspecified,Objet_11329
Oxidizing,Objet_12306
Oxidizing,Objet_23513
Flammable,Objet_16784
Corrosive,Objet_12416
Unspecified,Objet_26603
Fragile,Objet_08042
Corrosive,Objet_20862
Flammable,Objet_29124
Unspecified,Objet_22641
Pressurized,Objet_11924
Oxidizing,Objet_07385
Toxic,Objet_17690
Corrosive,Objet_06807
Toxic,Objet_27930
Oxidizing,Objet_28409
Toxic,Objet_10460
Radioactive,Objet_27377
Corrosive,Objet_02921
Fragile,Objet_21287
Corrosive,Objet_28555
Radioactive,Objet_17285
Flammable,Objet_03952
Toxic,Objet_11667
Radioactive,Objet_04168
Pressurized,Objet_28214
Flammable,Objet_09816
Food,Objet_21925
Pressurized,Objet_11606
Flammable,Objet_09373
Corrosive,Objet_11290
Fragile,Objet_23904
Radioactive,Objet_04122
Toxic,Objet_06054
Flammable,Objet_19414
Food,Objet_19371
Fragile,Objet_24976
Radioactive,Objet_15064
Food,Objet_02051
Pressurized,Objet_22783
Pressurized,Objet_20343
Pressurized,Objet_06427
Food,Objet_19487
Oxidizing,Objet_21055
Unspecified,Objet_24309
Radioactive,Objet_16325
Pressurized,Objet_09385
Toxic,Objet_23517
Explosive,Objet_14747
Explosive,Objet_14579
Corrosive,Objet_24070
Fragile,Objet_14383
Fragile,Objet_16999
Pressurized,Objet_18911
Unspecified,Objet_07400
Food,Objet_27611
Food,Objet_03707
Corrosive,Objet_09671
Flammable,Objet_24658
Toxic,Objet_00533
Radioactive,Objet_04906
Unspecified,Objet_23163
Unspecified,Objet_07709
Explosive,Objet_14468
Flammable,Objet_14519
Radioactive,Objet_23361
Explosive,Objet_06245
Fragile,Objet_00818
Flammable,Objet_09155
Flammable,Objet_21575
Corrosive,Objet_10232
Pressurized,Objet_08717
Corrosive,Objet_27535
Corrosive,Objet_05241
Corrosive,Objet_12759
Flammable,Objet_01271
Pressurized,Objet_10888
Fragile,Objet_01368
Explosive,Objet_05689
Toxic,Objet_25400
Food,Objet_02152
Radioactive,Objet_22922
Unspecified,Objet_08227
Fragile,Objet_13321
Corrosive,Objet_04658
Explosive,Objet_26239
Toxic,Objet_02648
Toxic,Objet_09898
Oxidizing,Objet_18496
Fragile,Objet_23625
Flammable,Objet_08989
Pressurized,Objet_03760
Oxidizing,Objet_01984
Toxic,Objet_00810
Radioactive,Objet_19949
Food,Objet_25053
Flammable,Objet_10243
Food,Objet_21471
Flammable,Objet_15088
Fragile,Objet_14980
Flammable,Objet_08115
Pressurized,Objet_10367
Corrosive,Objet_02643
Toxic,Objet_02203
Explosive,Objet_05319
Pressurized,Objet_27988
Explosive,Objet_05054
Flammable,Objet_22420
Fragile,Objet_23570
Unspecified,Objet_17754
Oxidizing,Objet_24851
Oxidizing,Objet_15180
Toxic,Objet_22717
Fragile,Objet_28769
Fragile,Objet_29469
Corrosive,Objet_22818
Unspecified,Objet_20647
Pressurized,Objet_11478
Toxic,Objet_04876
Pressurized,Objet_25137
Unspecified,Objet_29990
Flammable,Objet_17466
Corrosive,Objet_09122
Unspecified,Objet_02665
Flammable,Objet_19208
Pressurized,Objet_14958
Oxidizing,Objet_26569
Unspecified,Objet_01355
Radioactive,Objet_04515
Toxic,Objet_12511
Food,Objet_23170
Fragile,Objet_26284
Toxic,Objet_23816
Corrosive,Objet_01257
Explosive,Objet_15696
Radioactive,Objet_20083
Explosive,Objet_17838
Explosive,Objet_09420
Fragile,Objet_00791
Oxidizing,Objet_11554
Oxidizing,Objet_19364
Toxic,Objet_03299
Unspecified,Objet_09877
Corrosive,Objet_04627
Toxic,Objet_21705
Oxidizing,Objet_01787
Fragile,Objet_12994
Unspecified,Objet_19250
Food,Objet_14321
Pressurized,Objet_28880
Explosive,Objet_04632
Oxidizing,Objet_22834
Flammable,Objet_17775
Flammable,Objet_27950
Radioactive,Objet_26409
Unspecified,Objet_06057
Radioactive,Objet_00204
Explosive,Objet_12321
Toxic,Objet_05248
Corrosive,Objet_01018
Pressurized,Objet_19169
Explosive,Objet_13226
Corrosive,Objet_01104
Pressurized,Objet_18276
Fragile,Objet_02297
Corrosive,Objet_01898
Pressurized,Objet_28073
Flammable,Objet_12113
Pressurized,Objet_15381
Radioactive,Objet_09659
Radioactive,Objet_21413
Pressurized,Objet_24156
Unspecified,Objet_09560
Explosive,Objet_17936
Oxidizing,Objet_10272
Fragile,Objet_26072
Pressurized,Objet_19722
Unspecified,Objet_20919
Corrosive,Objet_27194
Pressurized,Objet_24223
Unspecified,Objet_00802
Toxic,Objet_17486
Explosive,Objet_22326
Flammable,Objet_18854
Explosive,Objet_11005
Toxic,Objet_14299
Food,Objet_02409
Pressurized,Objet_05373
Radioactive,Objet_12159
Food,Objet_14871
Toxic,Objet_24721
Fragile,Objet_06081
Pressurized,Objet_13092
Radioactive,Objet_17468
Pressurized,Objet_03751
Fragile,Objet_00276
Flammable,Objet_28274
Fragile,Objet_18372
Corrosive,Objet_23853
Corrosive,Objet_13041
Toxic,Objet_22826
Oxidizing,Objet_29918
Radioactive,Objet_12038
Corrosive,Objet_01261
Toxic,Objet_23702
Corrosive,Objet_09935
Flammable,Objet_09383
Pressurized,Objet_27220
Unspecified,Objet_03674
Fragile,Objet_19693
Oxidizing,Objet_29603
Oxidizing,Objet_21842
Oxidizing,Objet_17989
Unspecified,Objet_09424
Food,Objet_20006
Radioactive,Objet_12779
Fragile,Objet_01817
Radioactive,Objet_19117
Corrosive,Objet_23765
Radioactive,Objet_20372
Flammable,Objet_06713
Oxidizing,Objet_08235
Food,Objet_09894
Flammable,Objet_04341
Radioactive,Objet_20055
Unspecified,Objet_00899
Radioactive,Objet_21039
Pressurized,Objet_21945
Explosive,Objet_13606
Explosive,Objet_23091
Unspecified,Objet_14032
Food,Objet_00880
Toxic,Objet_16374
Radioactive,Objet_20210
Oxidizing,Objet_21326
Food,Objet_10991
Food,Objet_02196
Oxidizing,Objet_05211
Food,Objet_03307
Toxic,Objet_09893
Food,Objet_16228
Corrosive,Objet_07885
Toxic,Objet_01891
Fragile,Objet_04784
Radioactive,Objet_01698
Radioactive,Objet_07743
Fragile,Objet_16786
Pressurized,Objet_02737
Explosive,Objet_01940
Toxic,Objet_24184
Oxidizing,Objet_00314
Pressurized,Objet_17770
Radioactive,Objet_20818
Fragile,Objet_16213
Corrosive,Objet_04599
Radioactive,Objet_04241
Unspecified,Objet_17190
Radioactive,Objet_16564
Flammable,Objet_12439
Fragile,Objet_05202
Flammable,Objet_10661
Radioactive,Objet_04805
Pressurized,Objet_17935
Explosive,Objet_18048
Unspecified,Objet_07747
Flammable,Objet_16411
Corrosive,Objet_10788
Explosive,Objet_21760
Explosive,Objet_10218
Radioactive,Objet_21721
Pressurized,Objet_29355
Flammable,Objet_12607
Pressurized,Objet_01936
Toxic,Objet_02945
Radioactive,Objet_17394
Oxidizing,Objet_18830
Corrosive,Objet_17679
Pressurized,Objet_29524
Explosive,Objet_20688
Flammable,Objet_04451
Unspecified,Objet_27622
Fragile,Objet_03770
Corrosive,Objet_01371
Toxic,Objet_04220
Radioactive,Objet_29762
Unspecified,Objet_23789
Corrosive,Objet_05974
Fragile,Objet_29332
Toxic,Objet_26432
Radioactive,Objet_19406
Fragile,Objet_28859
Oxidizing,Objet_29176
Toxic,Objet_26904
Radioactive,Objet_01807
Oxidizing,Objet_24291
Food,Objet_23669
Food,Objet_19399
Explosive,Objet_02111
Explosive,Objet_22322
Oxidizing,Objet_15976
Radioactive,Objet_20574
Corrosive,Objet_04022
Food,Objet_08233
Toxic,Objet_20958
Flammable,Objet_13643
Radioactive,Objet_06313
Toxic,Objet_25814
Fragile,Objet_28014
Pressurized,Objet_05199
Radioactive,Objet_26832
Radioactive,Objet_28741
Oxidizing,Objet_19179
Fragile,Objet_04379
Pressurized,Objet_17374
Toxic,Objet_22415
Fragile,Objet_02218
Oxidizing,Objet_16220
Radioactive,Objet_01073
Flammable,Objet_12693
Flammable,Objet_21700
Toxic,Objet_06863
Explosive,Objet_12239
Food,Objet_22408
Unspecified,Objet_10099
Pressurized,Objet_09258
Corrosive,Objet_10766
Fragile,Objet_17527
Oxidizing,Objet_26537
Explosive,Objet_21175
Explosive,Objet_07990
Toxic,Objet_11004
Toxic,Objet_18080
Unspecified,Objet_27001
Toxic,Objet_14070
Fragile,Objet_26905
Pressurized,Objet_25622
Oxidizing,Objet_23592
Pressurized,Objet_04127
Flammable,Objet_24603
Radioactive,Objet_01881
Explosive,Objet_01565
Oxidizing,Objet_07022
Food,Objet_11975
Oxidizing,Objet_15943
Explosive,Objet_25418
Food,Objet_15682
Flammable,Objet_18433
Radioactive,Objet_17349
Toxic,Objet_25583
Radioactive,Objet_20242
Radioactive,Objet_26392
Fragile,Objet_05592
Pressurized,Objet_18000
Flammable,Objet_03607
Explosive,Objet_06354
Radioactive,Objet_21630
Radioactive,Objet_24183
Food,Objet_25913
Fragile,Objet_26243
Explosive,Objet_15830
Oxidizing,Objet_28283
Oxidizing,Objet_09795
Unspecified,Objet_05684
Pressurized,Objet_01983
Oxidizing,Objet_11267
Unspecified,Objet_24222
Toxic,Objet_26745
Radioactive,Objet_18795
Explosive,Objet_05737
Corrosive,Objet_19978
Food,Objet_23650
Oxidizing,Objet_22453
Radioactive,Objet_24569
Explosive,Objet_08039
Fragile,Objet_27768
Unspecified,Objet_07706
Unspecified,Objet_18579
Radioactive,Objet_02670
Explosive,Objet_25541
Unspecified,Objet_03784
Fragile,Objet_29135
Pressurized,Objet_06316
Unspecified,Objet_04028
Corrosive,Objet_08765
Food,Objet_11512
Toxic,Objet_02970
Explosive,Objet_23027
Toxic,Objet_21816
Radioactive,Objet_01466
Fragile,Objet_17674
Radioactive,Objet_07347
Oxidizing,Objet_28609
Unspecified,Objet_23658
Toxic,Objet_08103
Explosive,Objet_04297
Explosive,Objet_09843
Radioactive,Objet_19983
Explosive,Objet_28035
Fragile,Objet_18892
Toxic,Objet_21990
Fragile,Objet_08526
Fragile,Objet_25566
Pressurized,Objet_18598
Unspecified,Objet_03164
Fragile,Objet_21899
Food,Objet_22766
Pressurized,Objet_06208
Flammable,Objet_25712
Unspecified,Objet_01610
Toxic,Objet_03541
Corrosive,Objet_11823
Flammable,Objet_10850
Unspecified,Objet_14744
Corrosive,Objet_00549
Unspecified,Objet_18247
Unspecified,Objet_29997
Corrosive,Objet_16501
Radioactive,Objet_05323
Toxic,Objet_26001
Fragile,Objet_00508
Flammable,Objet_28130
Fragile,Objet_02387
Flammable,Objet_25214
Radioactive,Objet_21038
Food,Objet_25473
Radioactive,Objet_03196
Fragile,Objet_06350
Unspecified,Objet_05701
Oxidizing,Objet_03376
Flammable,Objet_12878
Unspecified,Objet_29659
Corrosive,Objet_28212
Pressurized,Objet_10287
Radioactive,Objet_14157
Corrosive,Objet_22323
Corrosive,Objet_25272
Radioactive,Objet_28588
Flammable,Objet_24080
Food,Objet_23596
Food,Objet_13375
Toxic,Objet_25365
Pressurized,Objet_26132
Pressurized,Objet_04429
Unspecified,Objet_17769
Corrosive,Objet_13412
Oxidizing,Objet_22610
Oxidizing,Objet_20270
Toxic,Objet_26535
Food,Objet_24700
Flammable,Objet_14683
Food,Objet_26692
Fragile,Objet_08998
Fragile,Objet_23889
Fragile,Objet_16009
Fragile,Objet_27578
Food,Objet_00081
Toxic,Objet_16280
Toxic,Objet_14127
Fragile,Objet_27051
Pressurized,Objet_23510
Fragile,Objet_28530
Fragile,Objet_07892
Unspecified,Objet_17024
Food,Objet_07200
Radioactive,Objet_18449
Toxic,Objet_12172
Food,Objet_23354
Unspecified,Objet_00046
Corrosive,Objet_21209
Food,Objet_00711
Radioactive,Objet_21105
Fragile,Objet_10293
Fragile,Objet_22761
Radioactive,Objet_23857
Flammable,Objet_29951
Unspecified,Objet_22637
Fragile,Objet_24704
Pressurized,Objet_22463
Radioactive,Objet_21125
Oxidizing,Objet_23204
Corrosive,Objet_27538
Corrosive,Objet_29953
Food,Objet_26452
Explosive,Objet_01195
Pressurized,Objet_03333
Pressurized,Objet_13611
Food,Objet_18161
Oxidizing,Objet_17667
Corrosive,Objet_02343
Oxidizing,Objet_11763
Unspecified,Objet_04210
Food,Objet_23655
Oxidizing,Objet_10733
Corrosive,Objet_05383
Oxidizing,Objet_11830
Unspecified,Objet_28084
Oxidizing,Objet_25284
Food,Objet_22575
Toxic,Objet_19273
Oxidizing,Objet_11181
Pressurized,Objet_00275
Flammable,Objet_23844
Flammable,Objet_03566
Fragile,Objet_22422
Food,Objet_11714
Explosive,Objet_27644
Fragile,Objet_16037
Food,Objet_05963
Corrosive,Objet_12731
Food,Objet_23238
Fragile,Objet_22201
Unspecified,Objet_10529
Oxidizing,Objet_24581
Explosive,Objet_08229
Explosive,Objet_08530
Food,Objet_22255
Unspecified,Objet_01169
Toxic,Objet_27669
Food,Objet_10714
Food,Objet_06033
Explosive,Objet_25653
Unspecified,Objet_13445
Oxidizing,Objet_08967
Toxic,Objet_19073
Flammable,Objet_02464
Fragile,Objet_04457
Radioactive,Objet_08027
Radioactive,Objet_04420
Radioactive,Objet_15941
Pressurized,Objet_16178
Unspecified,Objet_08457
Flammable,Objet_24609
Flammable,Objet_24091
Explosive,Objet_26704
Fragile,Objet_28672
Oxidizing,Objet_03702
Explosive,Objet_04433
Food,Objet_06641
Fragile,Objet_00830
Radioactive,Objet_29065
Radioactive,Objet_17319
Fragile,Objet_09685
Flammable,Objet_07807
Flammable,Objet_09592
Oxidizing,Objet_11273
Fragile,Objet_07937
Food,Objet_10902
Radioactive,Objet_24647
Fragile,Objet_03874
Toxic,Objet_13813
Flammable,Objet_19089
Radioactive,Objet_24900
Oxidizing,Objet_19426
Corrosive,Objet_21099
Pressurized,Objet_15467
Oxidizing,Objet_28222
Explosive,Objet_01770
Oxidizing,Objet_24132
Unspecified,Objet_26576
Food,Objet_13519
Food,Objet_27299
Food,Objet_16107
Corrosive,Objet_09135
Pressurized,Objet_00866
Food,Objet_26729
Unspecified,Objet_22465
Pressurized,Objet_07233
Corrosive,Objet_15982
Unspecified,Objet_00694
Radioactive,Objet_08052
Pressurized,Objet_14142
Flammable,Objet_07796
Explosive,Objet_04183
Fragile,Objet_02469
Food,Objet_03311
Corrosive,Objet_22936
Unspecified,Objet_02090
Food,Objet_27409
Explosive,Objet_29193
Corrosive,Objet_06879
Oxidizing,Objet_20494
Food,Objet_00584
Pressurized,Objet_27081
Unspecified,Objet_09602
Oxidizing,Objet_12184
Explosive,Objet_13882
Flammable,Objet_00214
Pressurized,Objet_10294
Food,Objet_15433
Food,Objet_09771
Unspecified,Objet_29551
Toxic,Objet_17778
Explosive,Objet_08700
Oxidizing,Objet_18413
Explosive,Objet_21389
Food,Objet_09313
Corrosive,Objet_04584
Unspecified,Objet_11801
Flammable,Objet_15875
Pressurized,Objet_04904
Corrosive,Objet_27530
Food,Objet_09911
Explosive,Objet_00343
Toxic,Objet_14580
Pressurized,Objet_23403
Pressurized,Objet_17843
Oxidizing,Objet_22385
Unspecified,Objet_04991
Corrosive,Objet_16117
Pressurized,Objet_03203
Fragile,Objet_02502
Fragile,Objet_04951
Food,Objet_13107
Corrosive,Objet_28566
Radioactive,Objet_20289
Pressurized,Objet_13503
Food,Objet_01497
Toxic,Objet_06173
Food,Objet_10095
Toxic,Objet_10408
Food,Objet_13288
Unspecified,Objet_27959
Food,Objet_00301
Pressurized,Objet_11351
Corrosive,Objet_10388
Food,Objet_22684
Flammable,Objet_21743
Fragile,Objet_15301
Food,Objet_07308
Flammable,Objet_10765
Unspecified,Objet_03911
Oxidizing,Objet_04364
Flammable,Objet_26034
Pressurized,Objet_00541
Food,Objet_09399
Explosive,Objet_02393
Fragile,Objet_02518
Fragile,Objet_12479
Food,Objet_12018
Corrosive,Objet_15688
Oxidizing,Objet_29537
Toxic,Objet_10153
Explosive,Objet_12486
Flammable,Objet_07175
Unspecified,Objet_26689
Toxic,Objet_28915
Radioactive,Objet_27999
Radioactive,Objet_14445
Radioactive,Objet_01540
Fragile,Objet_12131
Explosive,Objet_28097
Food,Objet_08252
Explosive,Objet_28221
Corrosive,Objet_04102
Toxic,Objet_02307
Explosive,Objet_15053
Radioactive,Objet_08374
Explosive,Objet_21942
Explosive,Objet_04775
Pressurized,Objet_29473
Explosive,Objet_24169
Flammable,Objet_05441
Flammable,Objet_08020
Oxidizing,Objet_05530
Food,Objet_10571
Oxidizing,Objet_29400
Flammable,Objet_14799
Radioactive,Objet_06905
Flammable,Objet_29223
Unspecified,Objet_09620
Fragile,Objet_17551
Pressurized,Objet_03954
Explosive,Objet_24417
Flammable,Objet_22699
Oxidizing,Objet_20518
Flammable,Objet_15393
Flammable,Objet_13017
Explosive,Objet_16139
Radioactive,Objet_17167
Corrosive,Objet_10469
Explosive,Objet_13143
Corrosive,Objet_15593
Explosive,Objet_06346
Corrosive,Objet_27978
Radioactive,Objet_26430
Toxic,Objet_09686
Food,Objet_24249
Oxidizing,Objet_29902
Food,Objet_15842
Corrosive,Objet_00712
Radioactive,Objet_27582
Corrosive,Objet_11688
Explosive,Objet_08328
Flammable,Objet_15782
Oxidizing,Objet_21325
Radioactive,Objet_27358
Food,Objet_13460
Toxic,Objet_24205
Explosive,Objet_11963
Fragile,Objet_15882
Food,Objet_29722
Toxic,Objet_28269
Oxidizing,Objet_09926
Corrosive,Objet_04272
Corrosive,Objet_19055
Flammable,Objet_27639
Pressurized,Objet_27240
Toxic,Objet_02453
Pressurized,Objet_22066
Toxic,Objet_02709
Explosive,Objet_06661
Pressurized,Objet_13880
Food,Objet_11389
Explosive,Objet_04107
Food,Objet_01120
Toxic,Objet_29779
Pressurized,Objet_15038
Flammable,Objet_20618
Fragile,Objet_10189
Corrosive,Objet_05769
Radioactive,Objet_13676
Toxic,Objet_09414
Unspecified,Objet_16038
Explosive,Objet_10886
Toxic,Objet_12418
Oxidizing,Objet_14543
Fragile,Objet_17282
Pressurized,Objet_10245
Corrosive,Objet_06060
Unspecified,Objet_02915
Fragile,Objet_21415
Oxidizing,Objet_17944
Flammable,Objet_00738
Unspecified,Objet_29526
Food,Objet_16451
Flammable,Objet_29915
Pressurized,Objet_20183
Pressurized,Objet_30076
Corrosive,Objet_11202
Radioactive,Objet_21884
Toxic,Objet_22262
Explosive,Objet_25035
Fragile,Objet_01334
Pressurized,Objet_26862
Food,Objet_10778
Radioactive,Objet_14241
Explosive,Objet_01661
Radioactive,Objet_03571
Explosive,Objet_16296
Explosive,Objet_23921
Corrosive,Objet_01740
Oxidizing,Objet_23282
Corrosive,Objet_20128
Radioactive,Objet_05788
Unspecified,Objet_24993
Oxidizing,Objet_02165
Flammable,Objet_11719
Radioactive,Objet_28003
Flammable,Objet_11684
Oxidizing,Objet_27594
Flammable,Objet_25862
Explosive,Objet_23117
Radioactive,Objet_11027
Unspecified,Objet_21361
Explosive,Objet_23521
Toxic,Objet_15969
Explosive,Objet_22745
Flammable,Objet_11359
Toxic,Objet_20561
Explosive,Objet_28074
Unspecified,Objet_03103
Pressurized,Objet_17381
Food,Objet_08933
Radioactive,Objet_02296
Oxidizing,Objet_13931
Explosive,Objet_02122
Pressurized,Objet_20034
Corrosive,Objet_01005
Food,Objet_27527
Oxidizing,Objet_17219
Toxic,Objet_01270
Radioactive,Objet_29457
Radioactive,Objet_08733
Corrosive,Objet_01602
Unspecified,Objet_24664
Explosive,Objet_20469
Toxic,Objet_01955
Fragile,Objet_13572
Flammable,Objet_26786
Corrosive,Objet_28808
Flammable,Objet_00668
Corrosive,Objet_14873
Food,Objet_05324
Explosive,Objet_03512
Food,Objet_03644
Corrosive,Objet_05249
Corrosive,Objet_20639
Unspecified,Objet_18452
Pressurized,Objet_18597
Oxidizing,Objet_10938
Fragile,Objet_21271
Explosive,Objet_16118
Radioactive,Objet_27652
Explosive,Objet_05011
Explosive,Objet_09142
Explosive,Objet_29233
Food,Objet_07425
Explosive,Objet_23428
Corrosive,Objet_03525
Toxic,Objet_15318
Pressurized,Objet_06463
Unspecified,Objet_24418
Pressurized,Objet_00089
Radioactive,Objet_25082
Corrosive,Objet_10709
Corrosive,Objet_23291
Flammable,Objet_15394
Toxic,Objet_07368
Explosive,Objet_29234
Fragile,Objet_05807
Explosive,Objet_13139
Radioactive,Objet_22578
Food,Objet_25341
Unspecified,Objet_29618
Radioactive,Objet_17752
Toxic,Objet_03101
Explosive,Objet_20656
Unspecified,Objet_12831
Toxic,Objet_28772
Unspecified,Objet_23052
Pressurized,Objet_07909
Corrosive,Objet_22185
Toxic,Objet_25946
Radioactive,Objet_16787
Unspecified,Objet_18254
Oxidizing,Objet_29810
Toxic,Objet_09255
Explosive,Objet_27204
Unspecified,Objet_25701
Pressurized,Objet_00872
Oxidizing,Objet_19910
Corrosive,Objet_08946
Explosive,Objet_27689
Oxidizing,Objet_27668
Explosive,Objet_17555
Corrosive,Objet_24062
Explosive,Objet_27540
Fragile,Objet_15748
Food,Objet_03293
Explosive,Objet_02787
Unspecified,Objet_29854
Oxidizing,Objet_01694
Food,Objet_13414
Food,Objet_00360
Radioactive,Objet_16164
Flammable,Objet_06454
Food,Objet_25852
Food,Objet_11672
Corrosive,Objet_23416
Fragile,Objet_11384
Unspecified,Objet_20767
Pressurized,Objet_27100
Food,Objet_18928
Food,Objet_06263
Radioactive,Objet_07382
Unspecified,Objet_10031
Radioactive,Objet_05236
Toxic,Objet_00922
Fragile,Objet_28401
Explosive,Objet_12896
Radioactive,Objet_00863
Food,Objet_10174
Explosive,Objet_17321
Toxic,Objet_15811
Radioactive,Objet_04783
Explosive,Objet_10943
Pressurized,Objet_05101
Oxidizing,Objet_25517
Radioactive,Objet_03253
Food,Objet_04135
Fragile,Objet_23935
Unspecified,Objet_02462
Unspecified,Objet_26567
Fragile,Objet_27076
Radioactive,Objet_21094
Pressurized,Objet_27980
Flammable,Objet_18423
Fragile,Objet_17187
Food,Objet_25807
Unspecified,Objet_28220
Flammable,Objet_11884
Unspecified,Objet_16449
Oxidizing,Objet_13541
Fragile,Objet_22170
Radioactive,Objet_13426
Fragile,Objet_14360
Corrosive,Objet_26727
Unspecified,Objet_10411
Food,Objet_17111
Flammable,Objet_09028
Pressurized,Objet_20394
Food,Objet_12578
Fragile,Objet_09022
Oxidizing,Objet_05431
Fragile,Objet_14776
Pressurized,Objet_21063
Food,Objet_22873
Explosive,Objet_05512
Food,Objet_11067
Explosive,Objet_25152
Radioactive,Objet_27461
Flammable,Objet_03777
Pressurized,Objet_14366
Unspecified,Objet_20036
Corrosive,Objet_00808
Unspecified,Objet_14233
Corrosive,Objet_07564
Oxidizing,Objet_14463
Oxidizing,Objet_25565
Fragile,Objet_09200
Corrosive,Objet_25948
Flammable,Objet_25809
Radioactive,Objet_24546
Pressurized,Objet_15950
Corrosive,Objet_23987
Flammable,Objet_13937
Corrosive,Objet_04409
Toxic,Objet_29693
Explosive,Objet_23654
Corrosive,Objet_00750
Corrosive,Objet_09066
Explosive,Objet_26463
Toxic,Objet_02458
Flammable,Objet_08761
Radioactive,Objet_09831
Corrosive,Objet_10329
Fragile,Objet_17901
Flammable,Objet_26113
Fragile,Objet_26351
Explosive,Objet_19148
Pressurized,Objet_18617
Radioactive,Objet_19608
Fragile,Objet_03407
Corrosive,Objet_02894
Food,Objet_22623
Toxic,Objet_14657
Unspecified,Objet_08842
Radioactive,Objet_03238
Radioactive,Objet_13065
Pressurized,Objet_12785
Radioactive,Objet_19395
Unspecified,Objet_18933
Toxic,Objet_01841
Corrosive,Objet_23470
Oxidizing,Objet_18786
Pressurized,Objet_01224
Unspecified,Objet_18959
Corrosive,Objet_29832
Flammable,Objet_13262
Unspecified,Objet_07397
Corrosive,Objet_28124
Flammable,Objet_27965
Fragile,Objet_09971
Unspecified,Objet_17710
Explosive,Objet_22519
Flammable,Objet_01115
Flammable,Objet_01627
Corrosive,Objet_19064
Pressurized,Objet_01062
Food,Objet_06126
Food,Objet_12021
Unspecified,Objet_17068
Unspecified,Objet_10199
Toxic,Objet_23713
Flammable,Objet_01058
Toxic,Objet_16515
Food,Objet_09738
Flammable,Objet_16834
Corrosive,Objet_20843
Oxidizing,Objet_26883
Radioactive,Objet_15776
Fragile,Objet_05662
Unspecified,Objet_26816
Food,Objet_25031
Flammable,Objet_15476
Toxic,Objet_09466
Pressurized,Objet_02639
Corrosive,Objet_00097
Explosive,Objet_28083
Toxic,Objet_19321
Corrosive,Objet_15183
Unspecified,Objet_20892
Flammable,Objet_10276
Toxic,Objet_21469
Food,Objet_07615
Radioactive,Objet_00205
Radioactive,Objet_21214
Unspecified,Objet_23368
Flammable,Objet_13356
Flammable,Objet_10645
Flammable,Objet_21994
Unspecified,Objet_12069
Toxic,Objet_20362
Explosive,Objet_16453
Fragile,Objet_19936
Pressurized,Objet_08881
Food,Objet_19679
Toxic,Objet_06446
Corrosive,Objet_07818
Oxidizing,Objet_06262
Explosive,Objet_15373
Corrosive,Objet_07057
Corrosive,Objet_01636
Corrosive,Objet_10707
Radioactive,Objet_07765
Unspecified,Objet_24956
Corrosive,Objet_01417
Radioactive,Objet_08904
Unspecified,Objet_07718
Toxic,Objet_24194
Food,Objet_00303
Explosive,Objet_15668
Explosive,Objet_17281
Food,Objet_02516
Radioactive,Objet_13504
Radioactive,Objet_18742
Unspecified,Objet_24394
Food,Objet_01446
Flammable,Objet_26059
Fragile,Objet_18377
Corrosive,Objet_15577
Oxidizing,Objet_06336
Corrosive,Objet_26130
Flammable,Objet_23508
Corrosive,Objet_07350
Food,Objet_09755
Explosive,Objet_06919
Toxic,Objet_06006
Explosive,Objet_05225
Radioactive,Objet_21745
Flammable,Objet_00427
Oxidizing,Objet_24467
Explosive,Objet_28568
Flammable,Objet_29665
Flammable,Objet_09458
Explosive,Objet_13324
Fragile,Objet_29834
Explosive,Objet_13379
Toxic,Objet_28448
Pressurized,Objet_11826
Flammable,Objet_00834
Unspecified,Objet_25752
Food,Objet_00441
Food,Objet_25050
Pressurized,Objet_23846
Oxidizing,Objet_01467
Unspecified,Objet_28205
Fragile,Objet_15349
Corrosive,Objet_00178
Pressurized,Objet_15672
Flammable,Objet_22718
Radioactive,Objet_14882
Unspecified,Objet_24972
Unspecified,Objet_13782
Food,Objet_11217
Flammable,Objet_00152
Pressurized,Objet_00105
Fragile,Objet_28403
Toxic,Objet_08722
Radioactive,Objet_13287
Pressurized,Objet_16932
Toxic,Objet_27754
Radioactive,Objet_04727
Radioactive,Objet_00498
Oxidizing,Objet_08417
Radioactive,Objet_15423
Toxic,Objet_26774
Fragile,Objet_21939
Oxidizing,Objet_19433
Radioactive,Objet_04729
Unspecified,Objet_23572
Fragile,Objet_18809
Flammable,Objet_12939
Food,Objet_22880
Unspecified,Objet_06153
Radioactive,Objet_23577
Pressurized,Objet_25133
Pressurized,Objet_27137
Pressurized,Objet_03833
Corrosive,Objet_04015
Toxic,Objet_01922
Unspecified,Objet_20825
Explosive,Objet_16966
Corrosive,Objet_10222
Oxidizing,Objet_00725
Flammable,Objet_09093
Food,Objet_10908
Explosive,Objet_03057
Oxidizing,Objet_04882
Flammable,Objet_11912
Pressurized,Objet_05877
Flammable,Objet_07147
Fragile,Objet_00486
Unspecified,Objet_23050
Explosive,Objet_13828
Food,Objet_04074
Pressurized,Objet_20313
Corrosive,Objet_01064
Unspecified,Objet_09146
Toxic,Objet_26683
Explosive,Objet_20830
Explosive,Objet_20038
Oxidizing,Objet_20726
Explosive,Objet_11458
Oxidizing,Objet_08177
Unspecified,Objet_10151
Radioactive,Objet_12756
Pressurized,Objet_21377
Flammable,Objet_10200
Oxidizing,Objet_09807
Explosive,Objet_03693
Oxidizing,Objet_00382
Fragile,Objet_29459
Corrosive,Objet_02050
Oxidizing,Objet_04579
Pressurized,Objet_15794
Corrosive,Objet_10285
Oxidizing,Objet_15975
Fragile,Objet_17559
Radioactive,Objet_06729
Radioactive,Objet_21567
Radioactive,Objet_10236
Pressurized,Objet_05318
Food,Objet_07901
Unspecified,Objet_09556
Food,Objet_10487
Toxic,Objet_21767
Flammable,Objet_17120
Flammable,Objet_19241
Radioactive,Objet_29731
Oxidizing,Objet_17251
Oxidizing,Objet_04934
Fragile,Objet_14693
Unspecified,Objet_28318
Food,Objet_04886
Explosive,Objet_16083
Explosive,Objet_10898
Flammable,Objet_16473
Oxidizing,Objet_20661
Unspecified,Objet_28437
Explosive,Objet_07713
Oxidizing,Objet_17386
Food,Objet_21790
Food,Objet_04667
Radioactive,Objet_17848
Toxic,Objet_27315
Explosive,Objet_11116
Flammable,Objet_10522
Pressurized,Objet_28385
Fragile,Objet_13245
Food,Objet_17149
Food,Objet_02078
Fragile,Objet_06759
Unspecified,Objet_11409
Oxidizing,Objet_25173
Unspecified,Objet_06748
Fragile,Objet_00797
Flammable,Objet_03838
Corrosive,Objet_09054
Radioactive,Objet_19044
Toxic,Objet_02904
Explosive,Objet_28745
Corrosive,Objet_08179
Unspecified,Objet_24136
Toxic,Objet_28763
Toxic,Objet_04192
Food,Objet_01220
Food,Objet_09910
Fragile,Objet_25081
Fragile,Objet_24178
Toxic,Objet_21908
Flammable,Objet_17434
Food,Objet_23468
Flammable,Objet_22302
Toxic,Objet_14904
Explosive,Objet_19484
Food,Objet_16129
Flammable,Objet_23505
Flammable,Objet_20748
Fragile,Objet_02819
Toxic,Objet_24127
Corrosive,Objet_14341
Pressurized,Objet_03220
Radioactive,Objet_20279
Flammable,Objet_28681
Toxic,Objet_07861
Pressurized,Objet_13168
Oxidizing,Objet_07157
Fragile,Objet_19990
Unspecified,Objet_21365
Toxic,Objet_25688
Unspecified,Objet_23711
Fragile,Objet_10164
Radioactive,Objet_17953
Radioactive,Objet_06504
Flammable,Objet_00144
Corrosive,Objet_13963
Explosive,Objet_20366
Food,Objet_03524
Flammable,Objet_11089
Toxic,Objet_26397
Flammable,Objet_20540
Explosive,Objet_15673
Fragile,Objet_05008
Fragile,Objet_06799
Corrosive,Objet_10805
Flammable,Objet_12889
Food,Objet_03581
Explosive,Objet_13759
Food,Objet_26629
Food,Objet_02880
Toxic,Objet_18782
Pressurized,Objet_28857
Pressurized,Objet_03410
Oxidizing,Objet_05210
Unspecified,Objet_16949
Explosive,Objet_07343
Explosive,Objet_16958
Toxic,Objet_20192
Unspecified,Objet_16632
Pressurized,Objet_22377
Pressurized,Objet_18176
Fragile,Objet_10748
Explosive,Objet_22691
Pressurized,Objet_19384
Oxidizing,Objet_08278
Oxidizing,Objet_26197
Flammable,Objet_13506
Fragile,Objet_05728
Explosive,Objet_13222
Corrosive,Objet_16135
Explosive,Objet_00365
Food,Objet_19024
Pressurized,Objet_07135
Corrosive,Objet_27412
Flammable,Objet_29574
Fragile,Objet_18132
Fragile,Objet_01648
Radioactive,Objet_12985
Food,Objet_10384
Flammable,Objet_09398
Corrosive,Objet_17630
Toxic,Objet_06542
Food,Objet_14688
Oxidizing,Objet_09120
Pressurized,Objet_22891
Toxic,Objet_21359
Unspecified,Objet_11681
Toxic,Objet_17907
Unspecified,Objet_29525
Toxic,Objet_00723
Unspecified,Objet_22018
Radioactive,Objet_28901
Food,Objet_23305
Fragile,Objet_19295
Fragile,Objet_04606
Pressurized,Objet_12745
Fragile,Objet_09707
Flammable,Objet_27521
Oxidizing,Objet_11671
Toxic,Objet_29016
Oxidizing,Objet_10837
Flammable,Objet_07186
Fragile,Objet_14143
Unspecified,Objet_16978
Radioactive,Objet_20994
Radioactive,Objet_26349
Food,Objet_17605
Oxidizing,Objet_21559
Corrosive,Objet_04077
Pressurized,Objet_21724
Toxic,Objet_26005
Explosive,Objet_27193
Oxidizing,Objet_15658
Food,Objet_02650
Pressurized,Objet_16628
Flammable,Objet_00794
Oxidizing,Objet_22946
Pressurized,Objet_12223
Corrosive,Objet_16895
Oxidizing,Objet_00106
Unspecified,Objet_22253
Oxidizing,Objet_19712
Unspecified,Objet_19970
Toxic,Objet_24346
Fragile,Objet_20148
Unspecified,Objet_17639
Corrosive,Objet_21384
Toxic,Objet_25246
Toxic,Objet_17207
Corrosive,Objet_14708
Fragile,Objet_18800
Corrosive,Objet_04916
Oxidizing,Objet_15967
Fragile,Objet_08636
Fragile,Objet_06602
Flammable,Objet_27401
Toxic,Objet_28330
Toxic,Objet_08695
Fragile,Objet_20318
Explosive,Objet_22438
Flammable,Objet_05305
Food,Objet_05443
Explosive,Objet_29184
Corrosive,Objet_09141
Oxidizing,Objet_03636
Corrosive,Objet_05805
Radioactive,Objet_20122
Toxic,Objet_09949
Fragile,Objet_08602
Corrosive,Objet_21679
Flammable,Objet_17499
Unspecified,Objet_28282
Unspecified,Objet_10970
Flammable,Objet_28938
Food,Objet_02888
Toxic,Objet_24612
Oxidizing,Objet_12955
Unspecified,Objet_22121
Oxidizing,Objet_24675
Toxic,Objet_15263
Explosive,Objet_19248
Fragile,Objet_21583
Corrosive,Objet_27566
Unspecified,Objet_15139
Oxidizing,Objet_26884
Explosive,Objet_25929
Oxidizing,Objet_06780
Fragile,Objet_02030
Pressurized,Objet_09790
Toxic,Objet_12473
Radioactive,Objet_06228
Explosive,Objet_22240
Oxidizing,Objet_14870
Explosive,Objet_03765
Explosive,Objet_19223
Oxidizing,Objet_09662
Flammable,Objet_22900
Corrosive,Objet_24974
Pressurized,Objet_02091
Unspecified,Objet_07345
Toxic,Objet_04449
Flammable,Objet_00531
Oxidizing,Objet_20677
Radioactive,Objet_30029
Oxidizing,Objet_19867
Fragile,Objet_08604
Corrosive,Objet_09452
Flammable,Objet_18049
Radioactive,Objet_00176
Pressurized,Objet_15036
Pressurized,Objet_16671
Fragile,Objet_04184
Food,Objet_29094
Toxic,Objet_09518
Food,Objet_05505
Fragile,Objet_01234
Unspecified,Objet_18427
Pressurized,Objet_24543
Corrosive,Objet_15195
Flammable,Objet_10550
Oxidizing,Objet_02680
Fragile,Objet_06465
Pressurized,Objet_07166
Flammable,Objet_15004
Corrosive,Objet_00251
Oxidizing,Objet_21879
Radioactive,Objet_25398
Oxidizing,Objet_28985
Flammable,Objet_13465
Unspecified,Objet_12760
Food,Objet_00519
Fragile,Objet_14115
Fragile,Objet_28919
Pressurized,Objet_27734
Fragile,Objet_05695
Toxic,Objet_18585
Toxic,Objet_03947
Flammable,Objet_13122
Radioactive,Objet_11104
Toxic,Objet_03357
Pressurized,Objet_22222
Flammable,Objet_04746
Oxidizing,Objet_06439
Radioactive,Objet_11388
Toxic,Objet_09881
Oxidizing,Objet_04525
Food,Objet_21347
Food,Objet_00505
Pressurized,Objet_09705
Unspecified,Objet_03385
Unspecified,Objet_28455
Flammable,Objet_24599
Radioactive,Objet_12996
Corrosive,Objet_25750
Radioactive,Objet_24905
Corrosive,Objet_08344
Fragile,Objet_26575
Radioactive,Objet_29172
Radioactive,Objet_10086
Radioactive,Objet_25602
Unspecified,Objet_28717
Explosive,Objet_03473
Food,Objet_06307
Corrosive,Objet_24054
Oxidizing,Objet_01879
Oxidizing,Objet_07527
Food,Objet_13945
Food,Objet_05706
Food,Objet_11810
Food,Objet_08591
Fragile,Objet_14337
Fragile,Objet_28542
Toxic,Objet_17695
Corrosive,Objet_03708
Unspecified,Objet_13454
Oxidizing,Objet_26108
Pressurized,Objet_26652
Corrosive,Objet_16245
Fragile,Objet_11229
Radioactive,Objet_17186
Pressurized,Objet_10416
Flammable,Objet_03474
Corrosive,Objet_04066
Toxic,Objet_21058
Food,Objet_03111
Flammable,Objet_18240
Radioactive,Objet_24998
Unspecified,Objet_29792
Corrosive,Objet_03301
Oxidizing,Objet_13847
Radioactive,Objet_26767
Unspecified,Objet_13281
Food,Objet_18971
Toxic,Objet_20920
Corrosive,Objet_27640
Radioactive,Objet_08132
Radioactive,Objet_24684
Fragile,Objet_02852
Fragile,Objet_13292
Explosive,Objet_17506
Toxic,Objet_08234
Fragile,Objet_26601
Pressurized,Objet_28291
Fragile,Objet_17414
Pressurized,Objet_06226
Flammable,Objet_17212
Pressurized,Objet_03274
Explosive,Objet_16653
Toxic,Objet_09976
Unspecified,Objet_00731
Corrosive,Objet_17211
Radioactive,Objet_09183
Oxidizing,Objet_14916
Explosive,Objet_25406
Fragile,Objet_08484
Explosive,Objet_30085
Food,Objet_27958
Fragile,Objet_08205
Fragile,Objet_12681
Pressurized,Objet_29397
Toxic,Objet_22585
Unspecified,Objet_16489
Pressurized,Objet_20893
Pressurized,Objet_12107
Oxidizing,Objet_09328
Toxic,Objet_15812
Oxidizing,Objet_20205
Flammable,Objet_25850
Unspecified,Objet_19206
Fragile,Objet_16180
Explosive,Objet_03973
Toxic,Objet_17222
Oxidizing,Objet_24259
Food,Objet_08710
Oxidizing,Objet_04117
Unspecified,Objet_14091
Food,Objet_07458
Oxidizing,Objet_20031
Oxidizing,Objet_08875
Corrosive,Objet_02846
Corrosive,Objet_01620
Unspecified,Objet_12265
Corrosive,Objet_20705
Flammable,Objet_21740
Oxidizing,Objet_21272
Fragile,Objet_26989
Flammable,Objet_27394
Oxidizing,Objet_14079
Unspecified,Objet_03284
Fragile,Objet_04489
Oxidizing,Objet_12161
Food,Objet_25159
Flammable,Objet_17033
Flammable,Objet_00507
Pressurized,Objet_24332
Unspecified,Objet_10892
Food,Objet_05535
Pressurized,Objet_18226
Flammable,Objet_19254
Unspecified,Objet_17505
Flammable,Objet_29658
Flammable,Objet_02714
Food,Objet_23748
Radioactive,Objet_12649
Pressurized,Objet_06103
Toxic,Objet_09375
Unspecified,Objet_05467
Radioactive,Objet_22612
Radioactive,Objet_20098
Explosive,Objet_12362
Corrosive,Objet_03142
Flammable,Objet_00447
Toxic,Objet_06277
Food,Objet_26555
Radioactive,Objet_10737
Toxic,Objet_04899
Oxidizing,Objet_20317
Explosive,Objet_00160
Radioactive,Objet_24696
Flammable,Objet_18712
Corrosive,Objet_23700
Explosive,Objet_23111
Radioactive,Objet_09370
Radioactive,Objet_09947
Unspecified,Objet_10613
Corrosive,Objet_16102
Oxidizing,Objet_05314
Unspecified,Objet_20197
Toxic,Objet_19645
Toxic,Objet_24757
Radioactive,Objet_09098
Toxic,Objet_00839
Radioactive,Objet_12275
Flammable,Objet_20860
Radioactive,Objet_29074
Unspecified,Objet_03202
Radioactive,Objet_07321
Corrosive,Objet_10946
Explosive,Objet_16855
Oxidizing,Objet_27745
Fragile,Objet_07811
Radioactive,Objet_24949
Oxidizing,Objet_26522
Fragile,Objet_02993
Toxic,Objet_07581
Unspecified,Objet_23149
Food,Objet_20306
Toxic,Objet_20591
Radioactive,Objet_20381
Flammable,Objet_18267
Radioactive,Objet_16063
Toxic,Objet_28004
Food,Objet_06293
Flammable,Objet_03602
Radioactive,Objet_12824
Food,Objet_13286
Unspecified,Objet_12381
Food,Objet_01197
Unspecified,Objet_08863
Food,Objet_03226
Pressurized,Objet_16699
Toxic,Objet_11840
Flammable,Objet_10620
Radioactive,Objet_06406
Flammable,Objet_11203
Toxic,Objet_29886
Food,Objet_19744
Toxic,Objet_00930
Radioactive,Objet_26669
Food,Objet_01496
Explosive,Objet_00042
Pressurized,Objet_20771
Toxic,Objet_28077
Oxidizing,Objet_05955
Unspecified,Objet_16403
Toxic,Objet_09282
Pressurized,Objet_25643
Food,Objet_16381
Oxidizing,Objet_25552
Flammable,Objet_26075
Radioactive,Objet_25100
Unspecified,Objet_03210
Flammable,Objet_11131
Pressurized,Objet_00654
Food,Objet_28746
Unspecified,Objet_15572
Pressurized,Objet_27098
Corrosive,Objet_01138
Pressurized,Objet_01715
Corrosive,Objet_29717
Radioactive,Objet_03364
Pressurized,Objet_00002
Food,Objet_12803
Unspecified,Objet_27275
Toxic,Objet_21568
Unspecified,Objet_01299
Toxic,Objet_05166
Flammable,Objet_16287
Toxic,Objet_04814
Corrosive,Objet_16375
Fragile,Objet_25310
Explosive,Objet_29705
Toxic,Objet_23888
Food,Objet_22619
Fragile,Objet_23522
Fragile,Objet_00156
Toxic,Objet_07051
Corrosive,Objet_09785
Toxic,Objet_06233
Explosive,Objet_00681
Pressurized,Objet_23441
Radioactive,Objet_06091
Toxic,Objet_02020
Food,Objet_06715
Oxidizing,Objet_01727
Food,Objet_14795
Food,Objet_19771
Flammable,Objet_00050
Toxic,Objet_28665
Explosive,Objet_20160
Corrosive,Objet_19355
Corrosive,Objet_23598
Toxic,Objet_14915
Pressurized,Objet_28081
Corrosive,Objet_06866
Fragile,Objet_14598
Explosive,Objet_23298
Radioactive,Objet_00344
Oxidizing,Objet_12699
Explosive,Objet_09972
Oxidizing,Objet_13645
Toxic,Objet_24837
Toxic,Objet_13830
Radioactive,Objet_28606
Radioactive,Objet_02478
Food,Objet_27666
Radioactive,Objet_17516
Unspecified,Objet_13373
Oxidizing,Objet_25276
Unspecified,Objet_16005
Radioactive,Objet_01090
Flammable,Objet_10219
Unspecified,Objet_29198
Oxidizing,Objet_25507
Explosive,Objet_11366
Unspecified,Objet_18317
Unspecified,Objet_25760
Flammable,Objet_29055
Unspecified,Objet_16495
Toxic,Objet_09306
Food,Objet_06165
Fragile,Objet_12034
Unspecified,Objet_15644
Fragile,Objet_29777
Food,Objet_18993
Pressurized,Objet_24557
Fragile,Objet_02097
Explosive,Objet_06582
Toxic,Objet_28700
Radioactive,Objet_07176
Radioactive,Objet_20499
Toxic,Objet_21602
Pressurized,Objet_19154
Explosive,Objet_21947
Toxic,Objet_08635
Corrosive,Objet_08392
Radioactive,Objet_05899
Unspecified,Objet_16423
Unspecified,Objet_06585
Corrosive,Objet_07005
Explosive,Objet_01645
Flammable,Objet_17846
Unspecified,Objet_11558
Corrosive,Objet_19031
Toxic,Objet_25595
Food,Objet_28855
Pressurized,Objet_06777
Fragile,Objet_18752
Explosive,Objet_05286
Radioactive,Objet_25790
Toxic,Objet_13870
Toxic,Objet_09749
Toxic,Objet_14059
Radioactive,Objet_25195
Food,Objet_07093
Food,Objet_26449
Unspecified,Objet_14078
Toxic,Objet_27851
Explosive,Objet_20935
Fragile,Objet_02595
Pressurized,Objet_09454
Corrosive,Objet_09550
Fragile,Objet_11002
Pressurized,Objet_28419
Food,Objet_23381
Flammable,Objet_24225
Radioactive,Objet_18442
Flammable,Objet_08693
Explosive,Objet_17006
Flammable,Objet_22402
Explosive,Objet_22334
Toxic,Objet_10126
Food,Objet_13867
Corrosive,Objet_10237
Unspecified,Objet_19226
Unspecified,Objet_02725
Explosive,Objet_29606
Food,Objet_10759
Oxidizing,Objet_09841
Flammable,Objet_24202
Corrosive,Objet_15819
Unspecified,Objet_03178
Explosive,Objet_16319
Corrosive,Objet_07929
Fragile,Objet_07313
Fragile,Objet_16012
Corrosive,Objet_19195
Unspecified,Objet_04413
Food,Objet_12059
Oxidizing,Objet_22175
Explosive,Objet_04532
Pressurized,Objet_19480
Oxidizing,Objet_27737
Radioactive,Objet_25059
Radioactive,Objet_25491
Fragile,Objet_16349
Fragile,Objet_12733
Oxidizing,Objet_05275
Corrosive,Objet_27671
Radioactive,Objet_27680
Unspecified,Objet_14404
Radioactive,Objet_02504
Corrosive,Objet_09820
Unspecified,Objet_10028
Corrosive,Objet_27002
Toxic,Objet_03505
Toxic,Objet_16344
Oxidizing,Objet_05913
Explosive,Objet_24529
Fragile,Objet_10566
Fragile,Objet_08084
Food,Objet_24342
Fragile,Objet_02817
Pressurized,Objet_20298
Corrosive,Objet_06037
Corrosive,Objet_28584
Flammable,Objet_07154
Toxic,Objet_07104
Fragile,Objet_19933
Explosive,Objet_07561
Flammable,Objet_14698
Radioactive,Objet_14751
Toxic,Objet_25594
Explosive,Objet_00141
Flammable,Objet_26980
Toxic,Objet_24006
Radioactive,Objet_07083
Fragile,Objet_01867
Explosive,Objet_08791
Radioactive,Objet_04026
Fragile,Objet_21383
Unspecified,Objet_19552
Fragile,Objet_03286
Fragile,Objet_17549
Fragile,Objet_08022
Radioactive,Objet_07905
Food,Objet_13888
Flammable,Objet_06690
Oxidizing,Objet_04194
Food,Objet_11322
Fragile,Objet_18888
Oxidizing,Objet_08753
Explosive,Objet_15218
Food,Objet_02546
Unspecified,Objet_10843
Radioactive,Objet_14832
Explosive,Objet_00564
Explosive,Objet_25543
Flammable,Objet_24272
Toxic,Objet_07877
Oxidizing,Objet_16291
Flammable,Objet_07840
Flammable,Objet_17684
Toxic,Objet_27059
Unspecified,Objet_10077
Explosive,Objet_09114
Flammable,Objet_15105
Corrosive,Objet_28832
Oxidizing,Objet_09174
Explosive,Objet_15831
Oxidizing,Objet_25697
Flammable,Objet_24001
Radioactive,Objet_13401
Unspecified,Objet_09453
Corrosive,Objet_21914
Food,Objet_22458
Pressurized,Objet_09058
Food,Objet_20477
Fragile,Objet_12593
Radioactive,Objet_05495
Flammable,Objet_23566
Corrosive,Objet_16709
Unspecified,Objet_21318
Radioactive,Objet_02719
Toxic,Objet_00345
Oxidizing,Objet_13431
Food,Objet_00700
Fragile,Objet_26389
Fragile,Objet_04894
Flammable,Objet_12853
Pressurized,Objet_23422
Flammable,Objet_00162
Unspecified,Objet_04407
Radioactive,Objet_23897
Oxidizing,Objet_27504
Explosive,Objet_12117
Unspecified,Objet_17198
Unspecified,Objet_10082
Radioactive,Objet_21966
Pressurized,Objet_23497
Oxidizing,Objet_25775
Food,Objet_15149
Unspecified,Objet_20900
Unspecified,Objet_16190
Toxic,Objet_04711
Explosive,Objet_26054
Fragile,Objet_01511
Toxic,Objet_19265
Corrosive,Objet_11417
Fragile,Objet_16619
Food,Objet_06458
Radioactive,Objet_08888
Toxic,Objet_09887
Oxidizing,Objet_23885
Flammable,Objet_09388
Corrosive,Objet_24917
Fragile,Objet_05130
Unspecified,Objet_17736
Pressurized,Objet_14116
Corrosive,Objet_16948
Explosive,Objet_15113
Explosive,Objet_21452
Flammable,Objet_03710
Radioactive,Objet_15651
Pressurized,Objet_15527
Pressurized,Objet_05304
Explosive,Objet_27670
Oxidizing,Objet_17011
Unspecified,Objet_12451
Radioactive,Objet_03730
Explosive,Objet_17756
Toxic,Objet_16249
Corrosive,Objet_25340
Explosive,Objet_09695
Food,Objet_13776
Radioactive,Objet_08415
Radioactive,Objet_01155
Explosive,Objet_06267
Fragile,Objet_03999
Toxic,Objet_05612
Unspecified,Objet_27175
Radioactive,Objet_20877
Food,Objet_15578
Explosive,Objet_02771
Unspecified,Objet_21799
Pressurized,Objet_02318
Oxidizing,Objet_18327
Pressurized,Objet_16980
Oxidizing,Objet_19124
Food,Objet_04162
Unspecified,Objet_14469
Corrosive,Objet_20455
Food,Objet_09709
Toxic,Objet_17066
Unspecified,Objet_11534
Food,Objet_22847
Toxic,Objet_00893
Toxic,Objet_03980
Flammable,Objet_24597
Explosive,Objet_19470
Pressurized,Objet_23721
Flammable,Objet_06712
Unspecified,Objet_04504
Food,Objet_10252
Flammable,Objet_16568
Radioactive,Objet_11685
Fragile,Objet_17237
Flammable,Objet_29365
Food,Objet_11287
Oxidizing,Objet_17958
Radioactive,Objet_04754
Flammable,Objet_27602
Fragile,Objet_16931
Flammable,Objet_25841
Flammable,Objet_29235
Fragile,Objet_29116
Fragile,Objet_17226
Unspecified,Objet_15520
Explosive,Objet_04357
Explosive,Objet_05859
Pressurized,Objet_25154
Fragile,Objet_24690
Radioactive,Objet_07504
Pressurized,Objet_10215
Radioactive,Objet_07192
Fragile,Objet_18562
Toxic,Objet_05095
Flammable,Objet_16153
Flammable,Objet_12214
Corrosive,Objet_16537
Corrosive,Objet_24995
Food,Objet_10491
Oxidizing,Objet_30134
Unspecified,Objet_26910
Unspecified,Objet_04725
Fragile,Objet_14702
Explosive,Objet_27199
Explosive,Objet_17524
Fragile,Objet_19647
Flammable,Objet_26885
Explosive,Objet_17797
Flammable,Objet_01431
Corrosive,Objet_16938
Oxidizing,Objet_05565
Toxic,Objet_15045
Radioactive,Objet_24198
Unspecified,Objet_08782
Oxidizing,Objet_13014
Unspecified,Objet_04542
Explosive,Objet_00660
Food,Objet_20634
Flammable,Objet_29177
Flammable,Objet_29759
Explosive,Objet_16522
Explosive,Objet_16824
Fragile,Objet_22748
Unspecified,Objet_14759
Pressurized,Objet_23664
Oxidizing,Objet_29831
Fragile,Objet_12383
Flammable,Objet_24717
Food,Objet_24319
Fragile,Objet_19216
Toxic,Objet_15478
Radioactive,Objet_27096
Food,Objet_26212
Toxic,Objet_11167
Radioactive,Objet_00457
Pressurized,Objet_08658
Radioactive,Objet_29644
Flammable,Objet_00968
Unspecified,Objet_03283
Fragile,Objet_06486
Fragile,Objet_09250
Explosive,Objet_10006
Flammable,Objet_06589
Fragile,Objet_22912
Unspecified,Objet_24106
Explosive,Objet_19405
Unspecified,Objet_12474
Oxidizing,Objet_22916
Corrosive,Objet_05056
Corrosive,Objet_26179
Explosive,Objet_07130
Toxic,Objet_05156
Food,Objet_28160
Explosive,Objet_29825
Oxidizing,Objet_07273
Food,Objet_06088
Radioactive,Objet_04481
Toxic,Objet_09728
Flammable,Objet_25947
Unspecified,Objet_06035
Flammable,Objet_02629
Explosive,Objet_10572
Fragile,Objet_03463
Food,Objet_08057
Flammable,Objet_24502
Oxidizing,Objet_28360
Oxidizing,Objet_13502
Fragile,Objet_15162
Corrosive,Objet_17687
Pressurized,Objet_26323
Oxidizing,Objet_15431
Toxic,Objet_12538
Toxic,Objet_30050
Oxidizing,Objet_01008
Oxidizing,Objet_29732
Flammable,Objet_10208
Corrosive,Objet_27006
Toxic,Objet_25247
Unspecified,Objet_09365
Pressurized,Objet_14924
Explosive,Objet_29987
Radioactive,Objet_11034
Fragile,Objet_27635
Unspecified,Objet_24219
Explosive,Objet_07261
Oxidizing,Objet_18784
Explosive,Objet_13359
Explosive,Objet_04382
Pressurized,Objet_20490
Toxic,Objet_25051
Fragile,Objet_28856
Pressurized,Objet_18983
Flammable,Objet_27479
Explosive,Objet_15586
Toxic,Objet_18826
Oxidizing,Objet_22521
Food,Objet_04138
Unspecified,Objet_23763
Unspecified,Objet_23978
Toxic,Objet_03915
Explosive,Objet_25125
Pressurized,Objet_17250
Radioactive,Objet_25600
Flammable,Objet_19270
Unspecified,Objet_28932
Corrosive,Objet_04216
Corrosive,Objet_11758
Pressurized,Objet_01685
Explosive,Objet_11579
Radioactive,Objet_29489
Corrosive,Objet_16724
Food,Objet_08795
Unspecified,Objet_12361
Oxidizing,Objet_12357
Corrosive,Objet_06963
Radioactive,Objet_17348
Food,Objet_05524
Oxidizing,Objet_21122
Radioactive,Objet_28725
Pressurized,Objet_04190
Pressurized,Objet_06205
Radioactive,Objet_04424
Radioactive,Objet_28466
Toxic,Objet_00481
Toxic,Objet_04831
Fragile,Objet_23109
Oxidizing,Objet_24459
Fragile,Objet_15648
Explosive,Objet_22061
Unspecified,Objet_11777
Unspecified,Objet_21393
Unspecified,Objet_05018
Food,Objet_20581
Flammable,Objet_07979
Flammable,Objet_27241
Flammable,Objet_01044
Corrosive,Objet_13989
Corrosive,Objet_06047
Pressurized,Objet_11679
Unspecified,Objet_14997
Oxidizing,Objet_29148
Oxidizing,Objet_14028
Oxidizing,Objet_03395
Oxidizing,Objet_05699
Corrosive,Objet_02283
Unspecified,Objet_27500
Flammable,Objet_23278
Explosive,Objet_23000
Food,Objet_22038
Pressurized,Objet_17418
Pressurized,Objet_09101
Unspecified,Objet_24100
Fragile,Objet_28907
Oxidizing,Objet_15087
Explosive,Objet_25162
Unspecified,Objet_08125
Explosive,Objet_01255
Oxidizing,Objet_18825
Corrosive,Objet_17392
Corrosive,Objet_10263
Unspecified,Objet_12314
Corrosive,Objet_15415
Food,Objet_19040
Unspecified,Objet_18682
Radioactive,Objet_03856
Corrosive,Objet_21837
Food,Objet_13482
Pressurized,Objet_20947
Corrosive,Objet_14087
Explosive,Objet_14415
Corrosive,Objet_15252
Toxic,Objet_15386
Explosive,Objet_17069
Corrosive,Objet_23950
Unspecified,Objet_12108
Fragile,Objet_21218
Unspecified,Objet_06068
Toxic,Objet_05108
Pressurized,Objet_09148
Oxidizing,Objet_16812
Flammable,Objet_11752
Explosive,Objet_13123
Oxidizing,Objet_25780
Pressurized,Objet_06155
Radioactive,Objet_07726
Flammable,Objet_20545
Unspecified,Objet_24959
Flammable,Objet_28823
Pressurized,Objet_25553
Flammable,Objet_01892
Food,Objet_00342
Unspecified,Objet_18127
Fragile,Objet_04636
Explosive,Objet_12930
Oxidizing,Objet_27836
Flammable,Objet_14277
Unspecified,Objet_22584
Explosive,Objet_05417
Fragile,Objet_14010
Unspecified,Objet_29207
Pressurized,Objet_28565
Oxidizing,Objet_12963
Flammable,Objet_03792
Fragile,Objet_10308
Pressurized,Objet_22685
Flammable,Objet_03972
Toxic,Objet_25976
Explosive,Objet_25934
Fragile,Objet_07652
Flammable,Objet_27207
Oxidizing,Objet_25966
Oxidizing,Objet_27330
Fragile,Objet_13001
Unspecified,Objet_05491
Radioactive,Objet_27729
Oxidizing,Objet_13305
Radioactive,Objet_19955
Pressurized,Objet_12049
Unspecified,Objet_14534
Unspecified,Objet_18890
Corrosive,Objet_24616
Explosive,Objet_29923
Corrosive,Objet_15320
Corrosive,Objet_21526
Corrosive,Objet_08387
Corrosive,Objet_02642
Food,Objet_29316
Radioactive,Objet_13003
Unspecified,Objet_24083
Unspecified,Objet_04513
Toxic,Objet_27699
Fragile,Objet_01776
Radioactive,Objet_13322
Toxic,Objet_28122
Unspecified,Objet_24051
Explosive,Objet_03747
Corrosive,Objet_15884
Oxidizing,Objet_00764
Food,Objet_19296
Toxic,Objet_01061
Food,Objet_08297
Toxic,Objet_06461
Explosive,Objet_17606
Pressurized,Objet_05977
Flammable,Objet_19352
Pressurized,Objet_26350
Corrosive,Objet_21545
Toxic,Objet_11932
Pressurized,Objet_07579
Oxidizing,Objet_28818
Radioactive,Objet_27822
Flammable,Objet_07075
Explosive,Objet_26974
Flammable,Objet_18157
Oxidizing,Objet_08587
Fragile,Objet_20590
Pressurized,Objet_19944
Toxic,Objet_09706
Explosive,Objet_24747
Toxic,Objet_25786
Unspecified,Objet_07355
Radioactive,Objet_17590
Radioactive,Objet_26096
Corrosive,Objet_27316
Corrosive,Objet_18040
Flammable,Objet_28250
Corrosive,Objet_09625
Flammable,Objet_02149
Pressurized,Objet_17866
Pressurized,Objet_13440
Oxidizing,Objet_11214
Flammable,Objet_08589
Corrosive,Objet_02324
Toxic,Objet_06920
Pressurized,Objet_15452
Toxic,Objet_02098
Fragile,Objet_21693
Flammable,Objet_20840
Corrosive,Objet_13702
Fragile,Objet_20150
Flammable,Objet_27683
Explosive,Objet_22056
Explosive,Objet_01253
Toxic,Objet_11503
Flammable,Objet_07941
Oxidizing,Objet_18953
Fragile,Objet_19576
Pressurized,Objet_25193
Radioactive,Objet_06502
Radioactive,Objet_05270
Food,Objet_00146
Explosive,Objet_10538
Radioactive,Objet_19537
Explosive,Objet_15247
Fragile,Objet_28839
Flammable,Objet_01557
Explosive,Objet_00140
Toxic,Objet_13564
Oxidizing,Objet_09384
Corrosive,Objet_23823
Food,Objet_14031
Oxidizing,Objet_21262
Toxic,Objet_02068
Corrosive,Objet_20182
Toxic,Objet_06311
Corrosive,Objet_10137
Unspecified,Objet_13717
Unspecified,Objet_03634
Fragile,Objet_00406
Oxidizing,Objet_22850
Corrosive,Objet_22534
Oxidizing,Objet_11114
Unspecified,Objet_12995
Food,Objet_15259
Oxidizing,Objet_04067
Toxic,Objet_22938
Oxidizing,Objet_06009
Toxic,Objet_04655
Corrosive,Objet_25803
Corrosive,Objet_21539
Explosive,Objet_08849
Pressurized,Objet_09084
Food,Objet_26427
Toxic,Objet_05246
Pressurized,Objet_23504
Toxic,Objet_06537
Unspecified,Objet_14957
Oxidizing,Objet_03535
Pressurized,Objet_25997
Food,Objet_21018
Fragile,Objet_02072
Unspecified,Objet_25818
Pressurized,Objet_22233
Corrosive,Objet_19285
Explosive,Objet_18235
Toxic,Objet_10935
Oxidizing,Objet_27777
Toxic,Objet_13791
Food,Objet_20297
Corrosive,Objet_26896
Fragile,Objet_06753
Flammable,Objet_25659
Food,Objet_02244
Flammable,Objet_00379
Pressurized,Objet_08734
Radioactive,Objet_02044
Fragile,Objet_20023
Flammable,Objet_03666
Corrosive,Objet_27516
Flammable,Objet_29492
Explosive,Objet_15654
Toxic,Objet_09703
Food,Objet_08436
Toxic,Objet_07252
Unspecified,Objet_30112
Corrosive,Objet_17332
Explosive,Objet_07839
Fragile,Objet_12916
Radioactive,Objet_01204
Unspecified,Objet_21097
Fragile,Objet_28531
Pressurized,Objet_07910
Explosive,Objet_26036
Toxic,Objet_01752
Flammable,Objet_17860
Pressurized,Objet_25823
Flammable,Objet_20217
Oxidizing,Objet_25864
Unspecified,Objet_00076
Pressurized,Objet_04232
Corrosive,Objet_11332
Unspecified,Objet_20951
Flammable,Objet_05791
Radioactive,Objet_11179
Pressurized,Objet_28951
Corrosive,Objet_25351
Toxic,Objet_12703
Explosive,Objet_02298
Food,Objet_16995
Flammable,Objet_02833
Unspecified,Objet_29528
Flammable,Objet_04918
Toxic,Objet_02466
Flammable,Objet_25010
Radioactive,Objet_00552
Pressurized,Objet_17419
Corrosive,Objet_15802
Corrosive,Objet_01237
Explosive,Objet_03457
Oxidizing,Objet_29564
Food,Objet_07331
Unspecified,Objet_24118
Fragile,Objet_23096
Pressurized,Objet_06251
Corrosive,Objet_09594
Pressurized,Objet_22258
Food,Objet_01863
Corrosive,Objet_06976
Oxidizing,Objet_10405
Unspecified,Objet_08098
Radioactive,Objet_28484
Unspecified,Objet_24735
Unspecified,Objet_00581
Fragile,Objet_02681
Flammable,Objet_02210
Pressurized,Objet_01826
Oxidizing,Objet_11522
Radioactive,Objet_13900
Fragile,Objet_24848
Oxidizing,Objet_10356
Radioactive,Objet_10271
Corrosive,Objet_19953
Radioactive,Objet_11724
Corrosive,Objet_28894
Radioactive,Objet_20828
Food,Objet_13885
Radioactive,Objet_21789
Unspecified,Objet_02840
Oxidizing,Objet_07587
Fragile,Objet_12247
Radioactive,Objet_00607
Oxidizing,Objet_21248
Fragile,Objet_17999
Corrosive,Objet_17990
Radioactive,Objet_12540
Pressurized,Objet_26843
Fragile,Objet_22461
Pressurized,Objet_23045
Radioactive,Objet_29318
Oxidizing,Objet_23643
Flammable,Objet_01628
Oxidizing,Objet_27923
Explosive,Objet_09537
Corrosive,Objet_05046
Explosive,Objet_22014
Oxidizing,Objet_24016
Flammable,Objet_13510
Food,Objet_17247
Corrosive,Objet_25013
Corrosive,Objet_11086
Radioactive,Objet_03502
Unspecified,Objet_00975
Oxidizing,Objet_09542
Oxidizing,Objet_26550
Corrosive,Objet_01917
Food,Objet_10119
Flammable,Objet_13360
Explosive,Objet_21716
Explosive,Objet_28736
Unspecified,Objet_23328
Pressurized,Objet_03924
Unspecified,Objet_15889
Fragile,Objet_17438
Flammable,Objet_06376
Oxidizing,Objet_21631
Toxic,Objet_18166
Corrosive,Objet_02538
Pressurized,Objet_11160
Toxic,Objet_17508
Unspecified,Objet_14042
Food,Objet_07335
Radioactive,Objet_03774
Food,Objet_14107
Flammable,Objet_15484
Food,Objet_14102
Toxic,Objet_29585
Radioactive,Objet_20139
Oxidizing,Objet_02075
Toxic,Objet_00225
Explosive,Objet_14292
Unspecified,Objet_07649
Toxic,Objet_07340
Toxic,Objet_05482
Pressurized,Objet_20169
Flammable,Objet_12261
Food,Objet_09161
Flammable,Objet_02433
Fragile,Objet_03177
Toxic,Objet_07968
Pressurized,Objet_00449
Unspecified,Objet_13732
Flammable,Objet_02566
Food,Objet_27945
Food,Objet_00222
Pressurized,Objet_28362
Radioactive,Objet_25497
Food,Objet_19365
Corrosive,Objet_28470
Unspecified,Objet_28560
Corrosive,Objet_27882
Flammable,Objet_14627
Flammable,Objet_01198
Unspecified,Objet_10831
Food,Objet_07211
Corrosive,Objet_03767
Explosive,Objet_18859
Food,Objet_19913
Food,Objet_14322
Pressurized,Objet_02717
Oxidizing,Objet_00065
Corrosive,Objet_18627
Pressurized,Objet_23601
Pressurized,Objet_05321
Toxic,Objet_24806
Radioactive,Objet_12311
Corrosive,Objet_29845
Oxidizing,Objet_16908
Toxic,Objet_22142
Flammable,Objet_11750
Fragile,Objet_12846
Unspecified,Objet_25727
Unspecified,Objet_16694
Food,Objet_12060
Oxidizing,Objet_23314
Flammable,Objet_10053
Food,Objet_16924
Unspecified,Objet_19393
Pressurized,Objet_20901
Fragile,Objet_18941
Toxic,Objet_23485
Radioactive,Objet_09401
Fragile,Objet_20167
Fragile,Objet_18930
Radioactive,Objet_15846
Fragile,Objet_17294
Fragile,Objet_18384
Corrosive,Objet_29595
Unspecified,Objet_21445
Fragile,Objet_13838
Pressurized,Objet_22147
Explosive,Objet_13840
Oxidizing,Objet_09112
Radioactive,Objet_26788
Food,Objet_09956
Pressurized,Objet_00956
Corrosive,Objet_14252
Toxic,Objet_01077
Explosive,Objet_14323
Explosive,Objet_20133
Pressurized,Objet_12111
Flammable,Objet_14489
Fragile,Objet_28324
Pressurized,Objet_18037
Toxic,Objet_28593
Pressurized,Objet_21189
Corrosive,Objet_07080
Fragile,Objet_07204
Food,Objet_21868
Fragile,Objet_08092
Unspecified,Objet_06811
Pressurized,Objet_11607
Food,Objet_12891
Unspecified,Objet_15012
Explosive,Objet_00357
Corrosive,Objet_13420
Food,Objet_06877
Corrosive,Objet_13020
Explosive,Objet_04497
Corrosive,Objet_21589
Pressurized,Objet_11722
Unspecified,Objet_11849
Unspecified,Objet_29117
Flammable,Objet_01551
Toxic,Objet_27281
Flammable,Objet_18804
Food,Objet_21821
Radioactive,Objet_22548
Unspecified,Objet_16827
Toxic,Objet_04083
Explosive,Objet_23737
Toxic,Objet_12968
Explosive,Objet_20344
Fragile,Objet_16240
Toxic,Objet_08947
Flammable,Objet_21810
Flammable,Objet_05732
Pressurized,Objet_28971
Corrosive,Objet_24833
Oxidizing,Objet_14669
Food,Objet_12245
Radioactive,Objet_06482
Oxidizing,Objet_26702
Corrosive,Objet_09361
Toxic,Objet_28726
Toxic,Objet_07974
Fragile,Objet_14881
Radioactive,Objet_27136
Flammable,Objet_05459
Radioactive,Objet_25017
Corrosive,Objet_21242
Explosive,Objet_11898
Flammable,Objet_05062
Flammable,Objet_03961
Toxic,Objet_12151
Explosive,Objet_18880
Fragile,Objet_02309
Fragile,Objet_28865
Flammable,Objet_05652
Food,Objet_13984
Fragile,Objet_27415
Explosive,Objet_09219
Oxidizing,Objet_24384
Unspecified,Objet_19612
Oxidizing,Objet_17854
Unspecified,Objet_29941
Radioactive,Objet_15437
Radioactive,Objet_21863
Unspecified,Objet_22193
Fragile,Objet_15685
Radioactive,Objet_15043
Radioactive,Objet_26992
Radioactive,Objet_00606
Explosive,Objet_08724
Toxic,Objet_12046
Corrosive,Objet_01929
Toxic,Objet_12990
Fragile,Objet_04721
Corrosive,Objet_01986
Oxidizing,Objet_24030
Food,Objet_22035
Radioactive,Objet_01265
Oxidizing,Objet_04221
Food,Objet_20449
Radioactive,Objet_09627
Corrosive,Objet_17447
Corrosive,Objet_11615
Radioactive,Objet_08538
Unspecified,Objet_08185
Radioactive,Objet_06252
Corrosive,Objet_28895
Pressurized,Objet_10108
Radioactive,Objet_23267
Pressurized,Objet_12865
Corrosive,Objet_05893
Fragile,Objet_22307
Food,Objet_26462
Radioactive,Objet_16486
Unspecified,Objet_26700
Oxidizing,Objet_05281
Radioactive,Objet_07854
Toxic,Objet_06014
Food,Objet_10292
Toxic,Objet_17152
Unspecified,Objet_00458
Food,Objet_14282
Toxic,Objet_03785
Unspecified,Objet_15286
Explosive,Objet_07462
Food,Objet_20663
Fragile,Objet_11974
Food,Objet_25189
Pressurized,Objet_23265
Toxic,Objet_03824
Food,Objet_07394
Oxidizing,Objet_23326
Flammable,Objet_15297
Toxic,Objet_06513
Unspecified,Objet_29610
Flammable,Objet_14849
Fragile,Objet_09563
Oxidizing,Objet_08945
Flammable,Objet_12907
Food,Objet_00347
Oxidizing,Objet_03404
Corrosive,Objet_24648
Radioactive,Objet_02144
Flammable,Objet_09220
Explosive,Objet_27054
Unspecified,Objet_02944
Pressurized,Objet_15743
Corrosive,Objet_12461
Unspecified,Objet_15060
Explosive,Objet_06099
Radioactive,Objet_16475
Toxic,Objet_23341
Flammable,Objet_23263
Radioactive,Objet_08607
Toxic,Objet_12332
Oxidizing,Objet_28492
Fragile,Objet_09862
Food,Objet_29991
Toxic,Objet_21207
Pressurized,Objet_15664
Explosive,Objet_19798
Explosive,Objet_17539
Corrosive,Objet_10690
Unspecified,Objet_13523
Explosive,Objet_21443
Flammable,Objet_02752
Flammable,Objet_25437
Toxic,Objet_22122
Fragile,Objet_11783
Explosive,Objet_30059
Oxidizing,Objet_03047
Food,Objet_13907
Toxic,Objet_25122
Flammable,Objet_14423
Unspecified,Objet_00253
Toxic,Objet_21634
Fragile,Objet_07544
Fragile,Objet_28131
Explosive,Objet_13548
Corrosive,Objet_07682
Explosive,Objet_12338
Toxic,Objet_23231
Flammable,Objet_14204
Corrosive,Objet_24774
Toxic,Objet_17786
Flammable,Objet_27334
Flammable,Objet_11420
Toxic,Objet_19229
Fragile,Objet_29054
Corrosive,Objet_20503
Pressurized,Objet_28850
Explosive,Objet_00701
Flammable,Objet_28809
Explosive,Objet_18061
Flammable,Objet_10038
Oxidizing,Objet_03124
Fragile,Objet_07237
Pressurized,Objet_29864
Radioactive,Objet_03134
Radioactive,Objet_13923
Food,Objet_18299
Fragile,Objet_09840
Flammable,Objet_29156
Food,Objet_21869
Pressurized,Objet_02966
Radioactive,Objet_11073
Fragile,Objet_01196
Fragile,Objet_14129
Flammable,Objet_00047
Explosive,Objet_13570
Fragile,Objet_15808
Oxidizing,Objet_14257
Toxic,Objet_19578
Corrosive,Objet_16385
Oxidizing,Objet_04801
Fragile,Objet_29703
Toxic,Objet_07498
Pressurized,Objet_18901
Unspecified,Objet_26763
Corrosive,Objet_02301
Toxic,Objet_08987
Fragile,Objet_28532
Fragile,Objet_20250
Flammable,Objet_11254
Pressurized,Objet_10668
Pressurized,Objet_21067
Flammable,Objet_06278
Pressurized,Objet_24285
Radioactive,Objet_09788
Oxidizing,Objet_01506
Unspecified,Objet_19071
Oxidizing,Objet_23425
Toxic,Objet_20081
Radioactive,Objet_23807
Explosive,Objet_23958
Pressurized,Objet_20105
Pressurized,Objet_26195
Flammable,Objet_22594
Explosive,Objet_21156
Fragile,Objet_24853
Fragile,Objet_21874
Flammable,Objet_26909
Corrosive,Objet_10227
Flammable,Objet_10468
Radioactive,Objet_23283
Explosive,Objet_22384
Pressurized,Objet_05117
Flammable,Objet_16511
Oxidizing,Objet_23033
Fragile,Objet_18774
Flammable,Objet_03577
Explosive,Objet_22782
Food,Objet_19164
Corrosive,Objet_08070
Radioactive,Objet_29561
Explosive,Objet_24206
Pressurized,Objet_02711
Radioactive,Objet_08655
Oxidizing,Objet_04072
Food,Objet_00167
Food,Objet_19895
Explosive,Objet_23641
Oxidizing,Objet_21215
Corrosive,Objet_02856
Explosive,Objet_04181
Radioactive,Objet_18556
Corrosive,Objet_02633
Flammable,Objet_22975
Oxidizing,Objet_01457
Explosive,Objet_28453
Food,Objet_02860
Unspecified,Objet_12568
Food,Objet_27084
Oxidizing,Objet_06064
Flammable,Objet_12597
Flammable,Objet_21841
Oxidizing,Objet_14853
Corrosive,Objet_23701
Pressurized,Objet_22935
Explosive,Objet_08384
Flammable,Objet_21244
Toxic,Objet_12577
Corrosive,Objet_00335
Flammable,Objet_00307
Radioactive,Objet_02489
Explosive,Objet_10289
Explosive,Objet_06244
Flammable,Objet_28920
Corrosive,Objet_22627
Oxidizing,Objet_26375
Flammable,Objet_23058
Explosive,Objet_01763
Explosive,Objet_12485
Flammable,Objet_21190
Oxidizing,Objet_16491
Food,Objet_10910
Toxic,Objet_14243
Oxidizing,Objet_23535
Food,Objet_02479
Pressurized,Objet_13374
Oxidizing,Objet_08740
Unspecified,Objet_02208
Explosive,Objet_26047
Flammable,Objet_00720
Flammable,Objet_15290
Pressurized,Objet_29850
Oxidizing,Objet_11493
Pressurized,Objet_28286
Fragile,Objet_08118
Fragile,Objet_04179
Fragile,Objet_00016
Toxic,Objet_18101
Unspecified,Objet_24715
Radioactive,Objet_15178
Toxic,Objet_07594
Radioactive,Objet_14678
Unspecified,Objet_17550
Oxidizing,Objet_09287
Radioactive,Objet_04178
Toxic,Objet_08519
Corrosive,Objet_09875
Oxidizing,Objet_00117
Food,Objet_11315
Explosive,Objet_29447
Flammable,Objet_29536
Corrosive,Objet_25391
Corrosive,Objet_23965
Oxidizing,Objet_03526
Oxidizing,Objet_26194
Flammable,Objet_05870
Pressurized,Objet_21981
Flammable,Objet_24390
Corrosive,Objet_02652
Flammable,Objet_10869
Corrosive,Objet_06069
Oxidizing,Objet_16311
Fragile,Objet_10161
Explosive,Objet_02116
Flammable,Objet_28575
Oxidizing,Objet_11451
Corrosive,Objet_06918
Pressurized,Objet_18501
Toxic,Objet_12072
Oxidizing,Objet_11920
Toxic,Objet_16076
Flammable,Objet_28307
Flammable,Objet_03507
Explosive,Objet_14575
Pressurized,Objet_13437
Explosive,Objet_09525
Food,Objet_11627
Pressurized,Objet_12440
Corrosive,Objet_17460
Food,Objet_03246
Flammable,Objet_07668
Toxic,Objet_00958
Corrosive,Objet_00113
Explosive,Objet_25799
Toxic,Objet_23842
Flammable,Objet_14876
Flammable,Objet_23126
Unspecified,Objet_06175
Radioactive,Objet_23910
Flammable,Objet_21429
Toxic,Objet_09209
Fragile,Objet_28991
Pressurized,Objet_03046
Food,Objet_26013
Corrosive,Objet_12091
Corrosive,Objet_28924
Fragile,Objet_13556
Toxic,Objet_20119
Corrosive,Objet_21780
Oxidizing,Objet_10493
Fragile,Objet_25457
Explosive,Objet_27058
Explosive,Objet_24363
Corrosive,Objet_11275
Flammable,Objet_22210
Corrosive,Objet_12599
Corrosive,Objet_21579
Radioactive,Objet_23927
Corrosive,Objet_10884
Explosive,Objet_09113
Food,Objet_12008
Flammable,Objet_15337
Food,Objet_23280
Explosive,Objet_29245
Radioactive,Objet_14757
Unspecified,Objet_18108
Pressurized,Objet_00375
Flammable,Objet_09178
Corrosive,Objet_09314
Pressurized,Objet_06136
Toxic,Objet_25610
Flammable,Objet_06011
Corrosive,Objet_18891
Pressurized,Objet_13917
Fragile,Objet_27256
Flammable,Objet_06137
Radioactive,Objet_17387
Explosive,Objet_29563
Corrosive,Objet_15085
Pressurized,Objet_07763
Food,Objet_16110
Food,Objet_05219
Food,Objet_03796
Food,Objet_23771
Unspecified,Objet_08751
Fragile,Objet_17002
Toxic,Objet_05052
Flammable,Objet_18740
Oxidizing,Objet_27638
Food,Objet_25325
Oxidizing,Objet_01580
Oxidizing,Objet_12656
Fragile,Objet_12691
Oxidizing,Objet_05013
Corrosive,Objet_18552
Explosive,Objet_00732
Flammable,Objet_29301
Corrosive,Objet_19283
Flammable,Objet_05677
Fragile,Objet_04582
Oxidizing,Objet_25681
Food,Objet_24004
Toxic,Objet_29686
Food,Objet_21813
Unspecified,Objet_26787
Oxidizing,Objet_06823
Food,Objet_07447
Radioactive,Objet_00849
Unspecified,Objet_17709
Food,Objet_05841
Pressurized,Objet_09267
Pressurized,Objet_07126
Corrosive,Objet_08171
Food,Objet_01945
Explosive,Objet_25674
Toxic,Objet_01633
Flammable,Objet_24352
Toxic,Objet_16620
Food,Objet_08890
Explosive,Objet_15959
Pressurized,Objet_21576
Oxidizing,Objet_21232
Radioactive,Objet_11138
Unspecified,Objet_04435
Toxic,Objet_06372
Flammable,Objet_28490
Toxic,Objet_25704
Flammable,Objet_25305
Flammable,Objet_13861
Unspecified,Objet_26193
Radioactive,Objet_09045
Corrosive,Objet_21597
Oxidizing,Objet_14210
Fragile,Objet_21611
Corrosive,Objet_00305
Fragile,Objet_25608
Explosive,Objet_25808
Pressurized,Objet_13569
Unspecified,Objet_11850
Unspecified,Objet_23315
Oxidizing,Objet_04311
Toxic,Objet_14381
Toxic,Objet_14863
Food,Objet_10387
Fragile,Objet_23892
Toxic,Objet_06989
Pressurized,Objet_17673
Pressurized,Objet_14760
Toxic,Objet_12342
Food,Objet_08595
Flammable,Objet_13652
Corrosive,Objet_00523
Radioactive,Objet_24892
Radioactive,Objet_27507
Pressurized,Objet_09293
Corrosive,Objet_13539
Pressurized,Objet_22753
Unspecified,Objet_29726
Toxic,Objet_12736
Pressurized,Objet_05717
Unspecified,Objet_29107
Unspecified,Objet_04244
Pressurized,Objet_12623
Flammable,Objet_13809
Radioactive,Objet_24074
Oxidizing,Objet_29546
Unspecified,Objet_03537
Flammable,Objet_20662
Pressurized,Objet_04065
Radioactive,Objet_13890
Toxic,Objet_00024
Corrosive,Objet_08801
Flammable,Objet_22432
Pressurized,Objet_05196
Fragile,Objet_03597
Food,Objet_29996
Food,Objet_08726
Explosive,Objet_00675
Corrosive,Objet_06891
Flammable,Objet_17973
Unspecified,Objet_11984
Explosive,Objet_02339
Flammable,Objet_01211
Fragile,Objet_17868
Flammable,Objet_26893
Food,Objet_17015
Food,Objet_19382
Explosive,Objet_10148
Corrosive,Objet_22843
Fragile,Objet_04261
Toxic,Objet_23894
Corrosive,Objet_07801
Toxic,Objet_25609
Radioactive,Objet_02625
Oxidizing,Objet_25320
Oxidizing,Objet_17378
Unspecified,Objet_23515
Fragile,Objet_05952
Explosive,Objet_00783
Food,Objet_13323
Food,Objet_17682
Toxic,Objet_16465
Pressurized,Objet_22563
Radioactive,Objet_18195
Flammable,Objet_08744
Explosive,Objet_12752
Flammable,Objet_24438
Toxic,Objet_02063
Food,Objet_25745
Flammable,Objet_22889
Corrosive,Objet_18118
Flammable,Objet_14868
Toxic,Objet_06483
Toxic,Objet_09418
Toxic,Objet_23518
Unspecified,Objet_23581
Unspecified,Objet_17827
Pressurized,Objet_28022
Toxic,Objet_26795
Unspecified,Objet_13113
Corrosive,Objet_29260
Radioactive,Objet_29170
Flammable,Objet_04685
Explosive,Objet_05923
Food,Objet_24670
Oxidizing,Objet_08500
Toxic,Objet_00540
Explosive,Objet_16149
Corrosive,Objet_13995
Flammable,Objet_14892
Explosive,Objet_22961
Pressurized,Objet_01293
Pressurized,Objet_03389
Oxidizing,Objet_25513
Pressurized,Objet_24339
Radioactive,Objet_21786
Toxic,Objet_19011
Fragile,Objet_01568
Pressurized,Objet_10627
Explosive,Objet_26612
Fragile,Objet_00878
Pressurized,Objet_27004
Oxidizing,Objet_26077
Food,Objet_24982
Oxidizing,Objet_10337
Oxidizing,Objet_14947
Food,Objet_23973
Toxic,Objet_04519
Radioactive,Objet_00367
Corrosive,Objet_05736
Fragile,Objet_20992
Oxidizing,Objet_20784
Oxidizing,Objet_28313
Corrosive,Objet_07267
Fragile,Objet_03860
Toxic,Objet_12564
Toxic,Objet_05909
Fragile,Objet_06002
Fragile,Objet_27839
Toxic,Objet_26748
Oxidizing,Objet_04441
Oxidizing,Objet_23431
Oxidizing,Objet_17837
Oxidizing,Objet_17382
Pressurized,Objet_05226
Toxic,Objet_17253
Explosive,Objet_10456
Unspecified,Objet_01427
Flammable,Objet_22428
Pressurized,Objet_29027
Food,Objet_13700
Corrosive,Objet_16740
Corrosive,Objet_23256
Explosive,Objet_12327
Pressurized,Objet_26823
Oxidizing,Objet_18051
Toxic,Objet_00475
Flammable,Objet_11873
Toxic,Objet_17568
Pressurized,Objet_19032
Fragile,Objet_11279
Fragile,Objet_00722
Unspecified,Objet_08767
Explosive,Objet_28392
Corrosive,Objet_24934
Unspecified,Objet_00602
Pressurized,Objet_28684
Explosive,Objet_05106
Pressurized,Objet_00092
Explosive,Objet_15161
Unspecified,Objet_23645
Radioactive,Objet_02922
Pressurized,Objet_09386
Explosive,Objet_01872
Unspecified,Objet_29369
Oxidizing,Objet_27922
Toxic,Objet_13198
Explosive,Objet_06294
Explosive,Objet_09235
Flammable,Objet_09968
Oxidizing,Objet_07555
Flammable,Objet_19339
Oxidizing,Objet_15267
Explosive,Objet_19657
Unspecified,Objet_07691
Food,Objet_09477
Toxic,Objet_19065
Unspecified,Objet_16131
Explosive,Objet_21977
Oxidizing,Objet_27845
Pressurized,Objet_26590
Oxidizing,Objet_21535
Unspecified,Objet_26030
Unspecified,Objet_04885
Radioactive,Objet_15276
Food,Objet_01897
Flammable,Objet_02319
Flammable,Objet_27024
Radioactive,Objet_20628
Explosive,Objet_15526
Food,Objet_19498
Radioactive,Objet_22281
Pressurized,Objet_06908
Corrosive,Objet_08981
Pressurized,Objet_02962
Flammable,Objet_25443
Toxic,Objet_19430
Pressurized,Objet_13354
Toxic,Objet_07265
Explosive,Objet_18030
Food,Objet_23818
Oxidizing,Objet_00981
Fragile,Objet_23277
Pressurized,Objet_29160
Fragile,Objet_15427
Radioactive,Objet_19556
Pressurized,Objet_04425
Flammable,Objet_11410
Unspecified,Objet_16085
Corrosive,Objet_04231
Pressurized,Objet_03324
Food,Objet_23523
Corrosive,Objet_17779
Oxidizing,Objet_25304
Flammable,Objet_12033
Explosive,Objet_19503
Food,Objet_22899
Pressurized,Objet_16909
Corrosive,Objet_11300
Explosive,Objet_26064
Radioactive,Objet_10761
Fragile,Objet_08714
Corrosive,Objet_04048
Toxic,Objet_10359
Unspecified,Objet_11663
Toxic,Objet_28267
Radioactive,Objet_05571
Corrosive,Objet_22481
Fragile,Objet_22387
Food,Objet_06305
Explosive,Objet_23674
Fragile,Objet_16195
Explosive,Objet_09524
Pressurized,Objet_08802
Food,Objet_23907
Toxic,Objet_01548
Unspecified,Objet_06360
Pressurized,Objet_00055
Flammable,Objet_11188
Corrosive,Objet_23461
Flammable,Objet_02705
Corrosive,Objet_01887
Unspecified,Objet_11731
Corrosive,Objet_13209
Flammable,Objet_10688
Explosive,Objet_24380
Oxidizing,Objet_20472
Oxidizing,Objet_10836
Pressurized,Objet_21582
Pressurized,Objet_03417
Unspecified,Objet_20955
Unspecified,Objet_14104
Flammable,Objet_16289
Toxic,Objet_25515
Pressurized,Objet_14320
Oxidizing,Objet_13135
Flammable,Objet_15305
Toxic,Objet_19420
Flammable,Objet_18446
Explosive,Objet_12241
Flammable,Objet_26294
Fragile,Objet_22081
Explosive,Objet_14607
Toxic,Objet_01885
Fragile,Objet_02620
Pressurized,Objet_04366
Unspecified,Objet_03381
Corrosive,Objet_20111
Food,Objet_06809
Oxidizing,Objet_15359
Food,Objet_26670
Radioactive,Objet_27099
Unspecified,Objet_00277
Fragile,Objet_07287
Food,Objet_08533
Explosive,Objet_03640
Food,Objet_22966
Toxic,Objet_14156
Unspecified,Objet_21803
Fragile,Objet_01134
Food,Objet_08162
Explosive,Objet_15555
Toxic,Objet_05792
Oxidizing,Objet_27833
Toxic,Objet_14310
Explosive,Objet_24769
Food,Objet_27852
Food,Objet_10846
Fragile,Objet_06621
Fragile,Objet_14705
Food,Objet_17431
Food,Objet_12536
Pressurized,Objet_01143
Toxic,Objet_00035
Explosive,Objet_10062
Corrosive,Objet_27200
Food,Objet_10413
Corrosive,Objet_04279
Radioactive,Objet_08232
Explosive,Objet_24362
Oxidizing,Objet_24251
Fragile,Objet_27662
Corrosive,Objet_06636
Corrosive,Objet_01366
Toxic,Objet_15856
Pressurized,Objet_02255
Flammable,Objet_26697
Fragile,Objet_04972
Toxic,Objet_23019
Fragile,Objet_24368
Explosive,Objet_13175
Corrosive,Objet_02618
Food,Objet_28641
Pressurized,Objet_27518
Corrosive,Objet_10477
Fragile,Objet_04772
Food,Objet_01167
Corrosive,Objet_08827
Toxic,Objet_28041
Fragile,Objet_05267
Unspecified,Objet_29013
Fragile,Objet_26678
Explosive,Objet_06782
Explosive,Objet_06073
Unspecified,Objet_19777
Toxic,Objet_15000
Oxidizing,Objet_15707
Fragile,Objet_12998
Pressurized,Objet_17893
Oxidizing,Objet_03885
Flammable,Objet_05680
Toxic,Objet_19816
Corrosive,Objet_11528
Pressurized,Objet_03418
Pressurized,Objet_25441
Fragile,Objet_00598
Oxidizing,Objet_07806
Pressurized,Objet_16217
Unspecified,Objet_25004
Fragile,Objet_23931
Unspecified,Objet_15901
Fragile,Objet_15056
Fragile,Objet_21311
Explosive,Objet_07212
Pressurized,Objet_27944
Flammable,Objet_21396
Explosive,Objet_13894
Radioactive,Objet_12635
Fragile,Objet_21064
Fragile,Objet_06318
Pressurized,Objet_12397
Food,Objet_27261
Toxic,Objet_23677
Explosive,Objet_12488
Oxidizing,Objet_11839
Fragile,Objet_17371
Explosive,Objet_16551
Fragile,Objet_20029
Food,Objet_05197
Flammable,Objet_09574
Food,Objet_28525
Pressurized,Objet_18958
Fragile,Objet_07687
Oxidizing,Objet_19307
Oxidizing,Objet_02217
Fragile,Objet_26316
Corrosive,Objet_01875
Oxidizing,Objet_26680
Oxidizing,Objet_21353
Explosive,Objet_25472
Oxidizing,Objet_04340
Pressurized,Objet_02850
Toxic,Objet_13978
Radioactive,Objet_02913
Toxic,Objet_05435
Toxic,Objet_21034
Food,Objet_09241
Food,Objet_18419
Oxidizing,Objet_25751
Pressurized,Objet_12200
Radioactive,Objet_15132
Flammable,Objet_13581
Pressurized,Objet_26292
Fragile,Objet_03979
Unspecified,Objet_25749
Toxic,Objet_15077
Toxic,Objet_09698
Explosive,Objet_11703
Oxidizing,Objet_28694
Flammable,Objet_29591
Flammable,Objet_15813
Explosive,Objet_15365
Fragile,Objet_29436
Flammable,Objet_16918
Pressurized,Objet_09689
Unspecified,Objet_01777
Explosive,Objet_04585
Corrosive,Objet_02341
Flammable,Objet_04696
Explosive,Objet_01558
Unspecified,Objet_03109
Fragile,Objet_04023
Toxic,Objet_02766
Pressurized,Objet_01846
Food,Objet_12240
Explosive,Objet_28234
Toxic,Objet_02214
Food,Objet_25020
Radioactive,Objet_06779
Flammable,Objet_03713
Pressurized,Objet_24919
Fragile,Objet_09380
Pressurized,Objet_00709
Corrosive,Objet_24842
Pressurized,Objet_07365
Pressurized,Objet_04047
Explosive,Objet_26274
Explosive,Objet_19761
Oxidizing,Objet_13326
Corrosive,Objet_15122
Oxidizing,Objet_03657
Flammable,Objet_21507
Toxic,Objet_06373
Toxic,Objet_26516
Fragile,Objet_16778
Toxic,Objet_25239
Food,Objet_28784
Toxic,Objet_26877
Flammable,Objet_26776
Flammable,Objet_05833
Fragile,Objet_26762
Toxic,Objet_11807
Toxic,Objet_07242
Corrosive,Objet_19122
Explosive,Objet_18319
Toxic,Objet_11660
Fragile,Objet_15582
Oxidizing,Objet_00509
Toxic,Objet_25204
Oxidizing,Objet_07762
Corrosive,Objet_21026
Corrosive,Objet_21547
Radioactive,Objet_07961
Toxic,Objet_02979
Corrosive,Objet_15568
Flammable,Objet_21864
Fragile,Objet_13968
Flammable,Objet_03441
Food,Objet_08848
Toxic,Objet_24355
Oxidizing,Objet_04458
Explosive,Objet_16115
Flammable,Objet_25740
Fragile,Objet_16508
Food,Objet_00479
Toxic,Objet_08924
Corrosive,Objet_08134
Corrosive,Objet_28064
Fragile,Objet_11958
Flammable,Objet_26002
Oxidizing,Objet_19760
Food,Objet_12572
Pressurized,Objet_05284
Pressurized,Objet_11794
Fragile,Objet_16818
Unspecified,Objet_10084
Pressurized,Objet_24236
Fragile,Objet_24078
Explosive,Objet_12598
Toxic,Objet_27179
Fragile,Objet_15119
Fragile,Objet_06971
Pressurized,Objet_20144
Food,Objet_09786
Fragile,Objet_21474
Flammable,Objet_12978
Fragile,Objet_27940
Pressurized,Objet_17443
Fragile,Objet_19464
Radioactive,Objet_15543
Pressurized,Objet_14500
Flammable,Objet_08878
Pressurized,Objet_22883
Food,Objet_02959
Radioactive,Objet_21146
Fragile,Objet_01608
Pressurized,Objet_12055
Unspecified,Objet_12849
Pressurized,Objet_03516
Flammable,Objet_19698
Toxic,Objet_24361
Explosive,Objet_10123
Corrosive,Objet_27783
Radioactive,Objet_14430
Unspecified,Objet_04660
Fragile,Objet_15416
Unspecified,Objet_02531
Toxic,Objet_27349
Corrosive,Objet_10454
Corrosive,Objet_24567
Food,Objet_06154
Radioactive,Objet_12809
Unspecified,Objet_13133
Corrosive,Objet_14464
Food,Objet_24784
Explosive,Objet_20268
Toxic,Objet_09931
Fragile,Objet_15704
Corrosive,Objet_29511
Unspecified,Objet_11796
Toxic,Objet_00646
Food,Objet_27174
Food,Objet_09391
Fragile,Objet_25928
Pressurized,Objet_23087
Radioactive,Objet_24165
Pressurized,Objet_10774
Flammable,Objet_08091
Flammable,Objet_02359
Corrosive,Objet_05003
Food,Objet_05957
Corrosive,Objet_02441
Toxic,Objet_23090
Pressurized,Objet_13977
Corrosive,Objet_07920
Corrosive,Objet_27633
Fragile,Objet_26105
Pressurized,Objet_16574
Flammable,Objet_18874
Toxic,Objet_03157
Food,Objet_01411
Radioactive,Objet_07107
Food,Objet_16493
Unspecified,Objet_16745
Fragile,Objet_20650
Unspecified,Objet_06150
Food,Objet_08220
Unspecified,Objet_29512
Toxic,Objet_25833
Corrosive,Objet_07754
Corrosive,Objet_28285
Fragile,Objet_06980
Unspecified,Objet_04681
Flammable,Objet_17576
Oxidizing,Objet_03726
Flammable,Objet_12890
Corrosive,Objet_04864
Oxidizing,Objet_23583
Corrosive,Objet_00532
Pressurized,Objet_23801
Unspecified,Objet_27301
Explosive,Objet_21644
Flammable,Objet_20654
Flammable,Objet_10629
Oxidizing,Objet_05688
Corrosive,Objet_17054
Flammable,Objet_28329
Corrosive,Objet_23318
Corrosive,Objet_22194
Toxic,Objet_04114
Oxidizing,Objet_16469
Oxidizing,Objet_11699
Unspecified,Objet_06913
Fragile,Objet_17618
Flammable,Objet_26307
Toxic,Objet_04554
Pressurized,Objet_26545
Explosive,Objet_19400
Corrosive,Objet_20044
Oxidizing,Objet_10362
Explosive,Objet_27456
Explosive,Objet_22849
Toxic,Objet_17199
Oxidizing,Objet_13705
Food,Objet_25748
Pressurized,Objet_00554
Explosive,Objet_28554
Toxic,Objet_27588
Radioactive,Objet_21323
Corrosive,Objet_14998
Fragile,Objet_01034
Explosive,Objet_10609
Unspecified,Objet_12671
Flammable,Objet_08126
Corrosive,Objet_15507
Food,Objet_00122
Pressurized,Objet_04958
Radioactive,Objet_19575
Oxidizing,Objet_10639
Pressurized,Objet_29674
Flammable,Objet_04840
Corrosive,Objet_16627
Pressurized,Objet_25086
Flammable,Objet_10133
Oxidizing,Objet_07139
Unspecified,Objet_18731
Unspecified,Objet_27513
Oxidizing,Objet_20791
Toxic,Objet_00237
Flammable,Objet_24391
Unspecified,Objet_02936
Radioactive,Objet_21313
Toxic,Objet_04085
Food,Objet_15653
Food,Objet_03069
Unspecified,Objet_17257
Food,Objet_28400
Radioactive,Objet_10024
Toxic,Objet_12611
Unspecified,Objet_12326
Flammable,Objet_14397
Radioactive,Objet_25209
Unspecified,Objet_03814
Corrosive,Objet_23122
Pressurized,Objet_01236
Explosive,Objet_09413
Explosive,Objet_20412
Radioactive,Objet_02414
Unspecified,Objet_00088
Radioactive,Objet_06776
Explosive,Objet_25668
Pressurized,Objet_02303
Unspecified,Objet_01319
Corrosive,Objet_24568
Pressurized,Objet_05569
Fragile,Objet_18607
Flammable,Objet_26095
Fragile,Objet_18152
Radioactive,Objet_10842
Flammable,Objet_16333
Oxidizing,Objet_28945
Radioactive,Objet_05440
Flammable,Objet_25598
Flammable,Objet_17763
Fragile,Objet_13106
Radioactive,Objet_18123
Food,Objet_07401
Toxic,Objet_20223
Food,Objet_09252
Pressurized,Objet_18314
Pressurized,Objet_27848
Pressurized,Objet_28497
Unspecified,Objet_15591
Food,Objet_05560
Toxic,Objet_26354
Oxidizing,Objet_06988
Flammable,Objet_04792
Food,Objet_06074
Food,Objet_28619
Flammable,Objet_29239
Corrosive,Objet_28595
Pressurized,Objet_12717
Radioactive,Objet_17487
Toxic,Objet_12567
Radioactive,Objet_23554
Radioactive,Objet_18487
Explosive,Objet_21974
Fragile,Objet_12167
Explosive,Objet_19477
Flammable,Objet_24602
Pressurized,Objet_08414
Oxidizing,Objet_29692
Food,Objet_18311
Fragile,Objet_15447
Explosive,Objet_29417
Toxic,Objet_03462
Oxidizing,Objet_02946
Explosive,Objet_04924
Toxic,Objet_19176
Oxidizing,Objet_28753
Food,Objet_26529
Unspecified,Objet_07327
Corrosive,Objet_28802
Radioactive,Objet_05997
Explosive,Objet_20837
Explosive,Objet_16771
Corrosive,Objet_17249
Explosive,Objet_07608
Flammable,Objet_06339
Radioactive,Objet_14805
Radioactive,Objet_00852
Radioactive,Objet_02129
Toxic,Objet_15806
Unspecified,Objet_23297
Food,Objet_11246
Food,Objet_17809
Oxidizing,Objet_27044
Fragile,Objet_13822
Pressurized,Objet_20709
Oxidizing,Objet_30159
Oxidizing,Objet_29060
Fragile,Objet_14382
Pressurized,Objet_01094
Oxidizing,Objet_16941
Toxic,Objet_26346
Radioactive,Objet_23420
Explosive,Objet_02242
Unspecified,Objet_29216
Oxidizing,Objet_28886
Toxic,Objet_28626
Explosive,Objet_19534
Radioactive,Objet_04265
Explosive,Objet_15031
Pressurized,Objet_23311
Fragile,Objet_23778
Pressurized,Objet_24793
Oxidizing,Objet_08675
Unspecified,Objet_13585
Food,Objet_08796
Unspecified,Objet_10824
Fragile,Objet_20101
Oxidizing,Objet_16064
Corrosive,Objet_17974
Explosive,Objet_14745
Oxidizing,Objet_07657
Oxidizing,Objet_13407
Radioactive,Objet_04016
Toxic,Objet_14505
Oxidizing,Objet_04798
Corrosive,Objet_28201
Explosive,Objet_19714
Pressurized,Objet_18325
Food,Objet_08074
Corrosive,Objet_17904
Unspecified,Objet_14232
Radioactive,Objet_20090
Corrosive,Objet_14612
Unspecified,Objet_10677
Pressurized,Objet_08362
Food,Objet_28202
Toxic,Objet_16814
Oxidizing,Objet_25089
Food,Objet_23854
Pressurized,Objet_22747
Food,Objet_27285
Explosive,Objet_28817
Unspecified,Objet_26977
Pressurized,Objet_04680
Toxic,Objet_22090
Corrosive,Objet_12547
Toxic,Objet_03110
Radioactive,Objet_14018
Explosive,Objet_07548
Flammable,Objet_28090
Unspecified,Objet_19871
Radioactive,Objet_05658
Pressurized,Objet_00234
Flammable,Objet_07788
Fragile,Objet_24290
Corrosive,Objet_08885
Radioactive,Objet_23929
Corrosive,Objet_29725
Fragile,Objet_03370
Fragile,Objet_21139
Food,Objet_21727
Oxidizing,Objet_12565
Unspecified,Objet_21934
Radioactive,Objet_12799
Oxidizing,Objet_00011
Food,Objet_14023
Toxic,Objet_08585
Pressurized,Objet_28284
Fragile,Objet_07907
Toxic,Objet_18205
Corrosive,Objet_15512
Food,Objet_22394
Radioactive,Objet_15519
Corrosive,Objet_15157
Toxic,Objet_13419
Food,Objet_17326
Food,Objet_14303
Pressurized,Objet_05070
Explosive,Objet_23172
Explosive,Objet_19213
Toxic,Objet_24701
Food,Objet_03349
Corrosive,Objet_11883
Radioactive,Objet_22968
Pressurized,Objet_07728
Corrosive,Objet_04511
Radioactive,Objet_26634
Explosive,Objet_17783
Explosive,Objet_04249
Toxic,Objet_09503
Fragile,Objet_14319
Toxic,Objet_27408
Explosive,Objet_03113
Oxidizing,Objet_20887
Fragile,Objet_09474
Flammable,Objet_13466
Oxidizing,Objet_27584
Unspecified,Objet_07935
Food,Objet_23105
Flammable,Objet_09092
Radioactive,Objet_17925
Fragile,Objet_27819
Toxic,Objet_14879
Pressurized,Objet_01823
Oxidizing,Objet_06215
Food,Objet_12875
Food,Objet_18672
Corrosive,Objet_01478
Radioactive,Objet_09999
Corrosive,Objet_21937
Food,Objet_19391
Pressurized,Objet_08090
Unspecified,Objet_01859
Explosive,Objet_11868
Pressurized,Objet_09833
Radioactive,Objet_03235
Food,Objet_07408
Food,Objet_24736
Explosive,Objet_27447
Corrosive,Objet_22160
Oxidizing,Objet_24088
Explosive,Objet_04745
Corrosive,Objet_12609
Radioactive,Objet_24115
Unspecified,Objet_10410
Fragile,Objet_16174
Flammable,Objet_26254
Unspecified,Objet_10743
Food,Objet_19232
Corrosive,Objet_04550
Fragile,Objet_08670
Explosive,Objet_20680
Flammable,Objet_26391
Flammable,Objet_00775
Unspecified,Objet_21327
Flammable,Objet_26948
Pressurized,Objet_26142
Toxic,Objet_17272
Flammable,Objet_03427
Food,Objet_01449
Oxidizing,Objet_28827
Pressurized,Objet_23962
Unspecified,Objet_23954
Food,Objet_01238
Fragile,Objet_22805
Explosive,Objet_17441
Food,Objet_27532
Toxic,Objet_15891
Unspecified,Objet_10368
Corrosive,Objet_18175
Explosive,Objet_22801
Fragile,Objet_13637
Oxidizing,Objet_05950
Corrosive,Objet_30006
Toxic,Objet_29277
Radioactive,Objet_17951
Corrosive,Objet_19243
Unspecified,Objet_20386
Unspecified,Objet_25103
Toxic,Objet_02695
Food,Objet_08086
Toxic,Objet_20926
Oxidizing,Objet_25058
Pressurized,Objet_20679
Toxic,Objet_04762
Food,Objet_10274
Explosive,Objet_16192
Oxidizing,Objet_20309
Food,Objet_27764
Corrosive,Objet_24481
Unspecified,Objet_26584
Explosive,Objet_10015
Fragile,Objet_15202
Food,Objet_06862
Oxidizing,Objet_25324
Oxidizing,Objet_10799
Fragile,Objet_22812
Corrosive,Objet_00566
Food,Objet_28114
Pressurized,Objet_11258
Fragile,Objet_27843
Food,Objet_00094
Food,Objet_06312
Toxic,Objet_13477
Corrosive,Objet_10310
Fragile,Objet_19289
Oxidizing,Objet_06341
Corrosive,Objet_16310
Food,Objet_16028
Radioactive,Objet_05679
Flammable,Objet_23284
Toxic,Objet_23143
Fragile,Objet_03131
Radioactive,Objet_12238
Oxidizing,Objet_23097
Radioactive,Objet_13229
Food,Objet_13615
Fragile,Objet_29236
Unspecified,Objet_26512
Toxic,Objet_02444
Explosive,Objet_28902
Radioactive,Objet_04445
Food,Objet_12204
Corrosive,Objet_04517
Food,Objet_09630
Pressurized,Objet_11472
Corrosive,Objet_19823
Flammable,Objet_25093
Radioactive,Objet_23716
Radioactive,Objet_23451
Unspecified,Objet_19472
Unspecified,Objet_25516
Toxic,Objet_21484
Toxic,Objet_20246
Explosive,Objet_07949
Fragile,Objet_06523
Radioactive,Objet_04057
Corrosive,Objet_00402
Oxidizing,Objet_20465
Explosive,Objet_27837
Corrosive,Objet_09645
Radioactive,Objet_14591
Corrosive,Objet_18075
Fragile,Objet_11110
Fragile,Objet_10453
Radioactive,Objet_09593
Corrosive,Objet_18480
Explosive,Objet_18683
Flammable,Objet_03211
Explosive,Objet_05854
Pressurized,Objet_13612
Pressurized,Objet_00931
Radioactive,Objet_07647
Radioactive,Objet_09897
Corrosive,Objet_11706
Fragile,Objet_03764
Fragile,Objet_23060
Radioactive,Objet_13181
Explosive,Objet_11988
Explosive,Objet_26078
Unspecified,Objet_23145
Corrosive,Objet_03574
Radioactive,Objet_02363
Pressurized,Objet_27766
Radioactive,Objet_24017
Food,Objet_09376
Explosive,Objet_13218
Food,Objet_00894
Corrosive,Objet_07497
Radioactive,Objet_03596
Fragile,Objet_27672
Food,Objet_09262
Flammable,Objet_22271
Explosive,Objet_22314
Flammable,Objet_09653
Flammable,Objet_28956
Fragile,Objet_19035
Explosive,Objet_07999
Fragile,Objet_01829
Fragile,Objet_24767
Oxidizing,Objet_01309
Fragile,Objet_13188
Fragile,Objet_01500
Pressurized,Objet_04718
Corrosive,Objet_11571
Toxic,Objet_03900
Pressurized,Objet_25015
Oxidizing,Objet_07085
Radioactive,Objet_10201
Oxidizing,Objet_16271
Explosive,Objet_07749
Unspecified,Objet_06250
Fragile,Objet_21731
Toxic,Objet_02654
Radioactive,Objet_21979
Unspecified,Objet_20341
Oxidizing,Objet_03936
Toxic,Objet_16820
Corrosive,Objet_18886
Pressurized,Objet_28186
Pressurized,Objet_24152
Explosive,Objet_15007
Flammable,Objet_01632
Food,Objet_28495
Radioactive,Objet_03965
Radioactive,Objet_12651
Corrosive,Objet_12429
Fragile,Objet_13099
Food,Objet_13297
Oxidizing,Objet_11510
Radioactive,Objet_06326
Fragile,Objet_16051
Fragile,Objet_18849
Explosive,Objet_25420
Explosive,Objet_03545
Oxidizing,Objet_09297
Corrosive,Objet_15965
Fragile,Objet_15275
Oxidizing,Objet_00843
Pressurized,Objet_11765
Toxic,Objet_15459
Pressurized,Objet_21476
Food,Objet_23893
Food,Objet_17436
Food,Objet_06819
Pressurized,Objet_04466
Food,Objet_23612
Toxic,Objet_08870
Explosive,Objet_15387
Fragile,Objet_10159
Flammable,Objet_01146
Food,Objet_11153
Corrosive,Objet_19292
Pressurized,Objet_18210
Radioactive,Objet_04644
Corrosive,Objet_20354
Fragile,Objet_07047
Radioactive,Objet_01047
Pressurized,Objet_07520
Food,Objet_28430
Food,Objet_15564
Flammable,Objet_26278
Toxic,Objet_10611
Oxidizing,Objet_20145
Flammable,Objet_16598
Food,Objet_25613
Pressurized,Objet_01550
Radioactive,Objet_09658
Pressurized,Objet_03823
Corrosive,Objet_03086
Toxic,Objet_00707
Oxidizing,Objet_16308
Oxidizing,Objet_20858
Corrosive,Objet_05212
Oxidizing,Objet_16251
Radioactive,Objet_15018
Pressurized,Objet_07162
Food,Objet_06544
Pressurized,Objet_24805
Oxidizing,Objet_04649
Flammable,Objet_08110
Oxidizing,Objet_06614
Pressurized,Objet_02042
Food,Objet_18990
Unspecified,Objet_23387
Unspecified,Objet_22294
Radioactive,Objet_04964
Oxidizing,Objet_18760
Explosive,Objet_17708
Unspecified,Objet_00666
Food,Objet_16832
Explosive,Objet_25431
Oxidizing,Objet_25025
Flammable,Objet_06310
Radioactive,Objet_23529
Unspecified,Objet_18923
Radioactive,Objet_22921
Radioactive,Objet_17241
Corrosive,Objet_11784
Toxic,Objet_17481
Explosive,Objet_19183
Food,Objet_15684
Radioactive,Objet_05830
Toxic,Objet_25804
Flammable,Objet_21113
Oxidizing,Objet_28436
Toxic,Objet_08288
Explosive,Objet_23867
Food,Objet_00082
Flammable,Objet_19806
Fragile,Objet_04093
Unspecified,Objet_12704
Fragile,Objet_13435
Toxic,Objet_12612
Fragile,Objet_13821
Flammable,Objet_05776
Unspecified,Objet_29249
Unspecified,Objet_07174
Toxic,Objet_24632
Radioactive,Objet_08640
Explosive,Objet_03582
Unspecified,Objet_08061
Toxic,Objet_22225
Flammable,Objet_26766
Fragile,Objet_15473
Food,Objet_10972
Flammable,Objet_14830
Flammable,Objet_07250
Pressurized,Objet_10523
Radioactive,Objet_24226
Toxic,Objet_05850
Unspecified,Objet_21035
Unspecified,Objet_18312
Radioactive,Objet_27713
Fragile,Objet_05590
Explosive,Objet_29828
Unspecified,Objet_10381
Fragile,Objet_19021
Oxidizing,Objet_13183
Pressurized,Objet_02320
Toxic,Objet_25631
Toxic,Objet_11141
Pressurized,Objet_10156
Food,Objet_09871
Toxic,Objet_17817
Food,Objet_19038
Flammable,Objet_09955
Pressurized,Objet_29545
Radioactive,Objet_28032
Food,Objet_14371
Unspecified,Objet_04491
Corrosive,Objet_08167
Unspecified,Objet_10499
Fragile,Objet_07863
Pressurized,Objet_18083
Oxidizing,Objet_29432
Pressurized,Objet_10002
Oxidizing,Objet_20783
Explosive,Objet_16158
Radioactive,Objet_21737
Toxic,Objet_28443
Explosive,Objet_15749
Explosive,Objet_24894
Oxidizing,Objet_02235
Pressurized,Objet_02673
Pressurized,Objet_14586
Radioactive,Objet_22568
Pressurized,Objet_16785
Oxidizing,Objet_17008
Corrosive,Objet_05279
Oxidizing,Objet_02115
Food,Objet_21070
Oxidizing,Objet_23963
Fragile,Objet_28462
Oxidizing,Objet_06907
Radioactive,Objet_07218
Corrosive,Objet_07243
Fragile,Objet_16282
Radioactive,Objet_23606
Flammable,Objet_20426
Corrosive,Objet_05139
Explosive,Objet_04438
Oxidizing,Objet_17834
Unspecified,Objet_22448
Radioactive,Objet_20801
Flammable,Objet_03053
Unspecified,Objet_12217
Pressurized,Objet_25433
Radioactive,Objet_29839
Unspecified,Objet_17137
Unspecified,Objet_21170
Flammable,Objet_26324
Food,Objet_11357
Pressurized,Objet_11007
Oxidizing,Objet_06856
Flammable,Objet_13648
Unspecified,Objet_08337
Unspecified,Objet_21274
Flammable,Objet_12218
Fragile,Objet_21983
Pressurized,Objet_22642
Radioactive,Objet_27735
Radioactive,Objet_04094
Food,Objet_09087
Fragile,Objet_06024
Flammable,Objet_09845
Corrosive,Objet_29280
Food,Objet_22355
Corrosive,Objet_04844
Oxidizing,Objet_23293
Explosive,Objet_12210
Pressurized,Objet_27908
Oxidizing,Objet_10364
Toxic,Objet_14975
Oxidizing,Objet_11620
Explosive,Objet_02252
Explosive,Objet_21037
Pressurized,Objet_00258
Toxic,Objet_05081
Corrosive,Objet_28229
Flammable,Objet_04535
Toxic,Objet_28877
Unspecified,Objet_03346
Toxic,Objet_19381
Corrosive,Objet_23769
Explosive,Objet_05959
Explosive,Objet_07724
Oxidizing,Objet_00420
Corrosive,Objet_05391
Explosive,Objet_17462
Food,Objet_16845
Oxidizing,Objet_01217
Corrosive,Objet_27463
Radioactive,Objet_24375
Radioactive,Objet_00683
Flammable,Objet_12356
Oxidizing,Objet_18702
Radioactive,Objet_08367
Flammable,Objet_13028
Explosive,Objet_09005
Fragile,Objet_19692
Pressurized,Objet_01273
Fragile,Objet_11979
Fragile,Objet_24262
Unspecified,Objet_22365
Corrosive,Objet_24341
Pressurized,Objet_01490
Flammable,Objet_27520
Corrosive,Objet_22031
Food,Objet_09430
Fragile,Objet_15208
Explosive,Objet_27340
Explosive,Objet_17504
Fragile,Objet_05516
Unspecified,Objet_08769
Pressurized,Objet_20093
Unspecified,Objet_23106
Corrosive,Objet_01614
Flammable,Objet_18968
Fragile,Objet_12477
Unspecified,Objet_03797
Food,Objet_20095
Food,Objet_08580
Pressurized,Objet_05625
Oxidizing,Objet_23662
Pressurized,Objet_26997
Fragile,Objet_05185
Food,Objet_02428
Unspecified,Objet_08586
Food,Objet_00739
Fragile,Objet_04634
Corrosive,Objet_07304
Radioactive,Objet_27710
Toxic,Objet_26592
Toxic,Objet_05606
Toxic,Objet_26454
Unspecified,Objet_04997
Oxidizing,Objet_03883
Flammable,Objet_04650
Radioactive,Objet_02162
Food,Objet_05388
Explosive,Objet_07522
Unspecified,Objet_27454
Fragile,Objet_28190
Pressurized,Objet_02723
Unspecified,Objet_18352
Oxidizing,Objet_07140
Flammable,Objet_10348
Corrosive,Objet_20952
Unspecified,Objet_03966
Toxic,Objet_13429
Food,Objet_13926
Flammable,Objet_00114
Unspecified,Objet_28281
Flammable,Objet_16328
Explosive,Objet_08203
Oxidizing,Objet_22338
Corrosive,Objet_11947
Oxidizing,Objet_09121
Food,Objet_20399
Toxic,Objet_26155
Toxic,Objet_02015
Corrosive,Objet_05642
Unspecified,Objet_26510
Pressurized,Objet_29240
Flammable,Objet_29699
Toxic,Objet_03251
Corrosive,Objet_18142
Food,Objet_02130
Food,Objet_18919
Food,Objet_28618
Oxidizing,Objet_03485
Explosive,Objet_29292
Toxic,Objet_22416
Toxic,Objet_30063
Food,Objet_14236
Pressurized,Objet_13731
Pressurized,Objet_24508
Flammable,Objet_07399
Fragile,Objet_00526
Unspecified,Objet_15718
Unspecified,Objet_27543
Oxidizing,Objet_09097
Food,Objet_14637
Flammable,Objet_10526
Radioactive,Objet_24745
Explosive,Objet_08284
Flammable,Objet_10870
Radioactive,Objet_06531
Flammable,Objet_17698
Food,Objet_21216
Food,Objet_04310
Corrosive,Objet_05287
Explosive,Objet_05821
Pressurized,Objet_08778
Fragile,Objet_10242
Flammable,Objet_00774
Explosive,Objet_22164
Radioactive,Objet_18531
Fragile,Objet_17981
Unspecified,Objet_21561
Unspecified,Objet_16659
Unspecified,Objet_02963
Flammable,Objet_07679
Explosive,Objet_20369
Explosive,Objet_08222
Toxic,Objet_04479
Radioactive,Objet_09163
Fragile,Objet_28287
Toxic,Objet_17891
Food,Objet_22864
Radioactive,Objet_00056
Fragile,Objet_29914
Radioactive,Objet_01370
Fragile,Objet_22134
Unspecified,Objet_18970
Explosive,Objet_17157
Oxidizing,Objet_09467
Explosive,Objet_00416
Explosive,Objet_08174
Radioactive,Objet_11158
Food,Objet_25717
Oxidizing,Objet_12542
Unspecified,Objet_30007
Radioactive,Objet_23561
Fragile,Objet_29519
Corrosive,Objet_10856
Explosive,Objet_24737
Unspecified,Objet_12964
Flammable,Objet_22856
Corrosive,Objet_19100
Oxidizing,Objet_27695
Fragile,Objet_01732
Pressurized,Objet_09131
Toxic,Objet_12993
Toxic,Objet_04240
Radioactive,Objet_04007
Radioactive,Objet_25945
Radioactive,Objet_09104
Oxidizing,Objet_01702
Fragile,Objet_13753
Explosive,Objet_16446
Toxic,Objet_02793
Unspecified,Objet_12438
Food,Objet_09216
Explosive,Objet_22243
Oxidizing,Objet_08840
Food,Objet_08461
Radioactive,Objet_04461
Fragile,Objet_07822
Pressurized,Objet_13558
Unspecified,Objet_22675
Food,Objet_17130
Food,Objet_28199
Oxidizing,Objet_09505
Food,Objet_00285
Toxic,Objet_26677
Toxic,Objet_05692
Food,Objet_06025
Radioactive,Objet_04070
Food,Objet_29870
Pressurized,Objet_00072
Flammable,Objet_07893
Pressurized,Objet_24187
Toxic,Objet_25867
Fragile,Objet_11039
Flammable,Objet_22078
Radioactive,Objet_21596
Unspecified,Objet_01269
Food,Objet_03523
Oxidizing,Objet_13857
Fragile,Objet_17591
Flammable,Objet_26552
Corrosive,Objet_09481
Toxic,Objet_20077
Food,Objet_26949
Food,Objet_06818
Explosive,Objet_24885
Oxidizing,Objet_05496
Radioactive,Objet_18741
Unspecified,Objet_26805
Fragile,Objet_10968
Corrosive,Objet_21002
Flammable,Objet_29328
Flammable,Objet_03200
Food,Objet_29969
Fragile,Objet_17233
Unspecified,Objet_17146
Radioactive,Objet_08431
Unspecified,Objet_28922
Corrosive,Objet_25415
Fragile,Objet_28835
Toxic,Objet_15367
Food,Objet_28415
Oxidizing,Objet_17369
Explosive,Objet_15136
Radioactive,Objet_24181
Fragile,Objet_14798
Toxic,Objet_11107
Flammable,Objet_20035
Radioactive,Objet_15485
Explosive,Objet_02539
Oxidizing,Objet_09990
Food,Objet_00358
Unspecified,Objet_03810
Unspecified,Objet_02096
Oxidizing,Objet_28445
Oxidizing,Objet_08629
Explosive,Objet_14988
Pressurized,Objet_20263
Oxidizing,Objet_14017
Corrosive,Objet_03236
Fragile,Objet_24176
Radioactive,Objet_22598
Fragile,Objet_19387
Food,Objet_12948
Oxidizing,Objet_22198
Toxic,Objet_01055
Food,Objet_22636
Flammable,Objet_24635
Flammable,Objet_06721
Toxic,Objet_16108
Food,Objet_10338
Corrosive,Objet_03787
Fragile,Objet_17092
Fragile,Objet_25661
Explosive,Objet_22962
Unspecified,Objet_01435
Food,Objet_16227
Flammable,Objet_00928
Oxidizing,Objet_07232
Corrosive,Objet_29151
Food,Objet_05668
Explosive,Objet_01734
Fragile,Objet_07568
Pressurized,Objet_10016
Unspecified,Objet_06189
Toxic,Objet_21639
Food,Objet_15442
Flammable,Objet_22824
Radioactive,Objet_06184
Unspecified,Objet_06433
Radioactive,Objet_15868
Pressurized,Objet_05479
Oxidizing,Objet_06309
Oxidizing,Objet_25343
Oxidizing,Objet_07524
Explosive,Objet_09932
Explosive,Objet_25753
Unspecified,Objet_14701
Flammable,Objet_10697
Unspecified,Objet_05042
Pressurized,Objet_29119
Radioactive,Objet_18667
Explosive,Objet_10463
Corrosive,Objet_02174
Corrosive,Objet_21832
Fragile,Objet_30064
Food,Objet_26398
Fragile,Objet_26413
Toxic,Objet_08777
Pressurized,Objet_22530
Corrosive,Objet_11789
Pressurized,Objet_06570
Fragile,Objet_29075
Radioactive,Objet_18726
Radioactive,Objet_09701
Food,Objet_06946
Pressurized,Objet_27985
Radioactive,Objet_09646
Food,Objet_04337
Flammable,Objet_03217
Unspecified,Objet_11057
Explosive,Objet_30037
Radioactive,Objet_03304
Food,Objet_09068
Oxidizing,Objet_25275
Explosive,Objet_18389
Pressurized,Objet_08247
Radioactive,Objet_28255
Radioactive,Objet_11233
Radioactive,Objet_25762
Pressurized,Objet_16751
Unspecified,Objet_19677
Food,Objet_16241
Fragile,Objet_05475
Toxic,Objet_23595
Oxidizing,Objet_12585
Food,Objet_03224
Unspecified,Objet_08850
Food,Objet_08300
Radioactive,Objet_21298
Oxidizing,Objet_08465
Radioactive,Objet_02612
Toxic,Objet_29642
Pressurized,Objet_13025
Flammable,Objet_24105
Fragile,Objet_25429
Pressurized,Objet_29005
Food,Objet_20528
Pressurized,Objet_23116
Corrosive,Objet_06207
Flammable,Objet_22063
Radioactive,Objet_22034
Flammable,Objet_25178
Flammable,Objet_09332
Radioactive,Objet_22424
Fragile,Objet_27166
Toxic,Objet_20544
Oxidizing,Objet_07405
Corrosive,Objet_21924
Oxidizing,Objet_13600
Toxic,Objet_28326
Oxidizing,Objet_13291
Pressurized,Objet_05385
Food,Objet_12133
Pressurized,Objet_01822
Radioactive,Objet_13394
Oxidizing,Objet_19260
Flammable,Objet_11488
Oxidizing,Objet_05064
Flammable,Objet_01306
Food,Objet_00822
Food,Objet_28219
Corrosive,Objet_19870
Food,Objet_29346
Corrosive,Objet_07121
Oxidizing,Objet_19748
Toxic,Objet_15019
Toxic,Objet_22345
Pressurized,Objet_29003
Oxidizing,Objet_01882
Food,Objet_15628
Explosive,Objet_07197
Unspecified,Objet_04620
Radioactive,Objet_27246
Corrosive,Objet_06045
Corrosive,Objet_05707
Explosive,Objet_17931
Explosive,Objet_21712
Food,Objet_03820
Unspecified,Objet_16829
Corrosive,Objet_06829
Radioactive,Objet_07913
Fragile,Objet_21372
Radioactive,Objet_24654
Toxic,Objet_29120
Pressurized,Objet_26103
Flammable,Objet_00378
Food,Objet_08448
Toxic,Objet_04755
Corrosive,Objet_15844
Toxic,Objet_12829
Unspecified,Objet_14391
Flammable,Objet_07058
Corrosive,Objet_19706
Radioactive,Objet_29180
Unspecified,Objet_03692
Pressurized,Objet_12373
Food,Objet_11893
Flammable,Objet_18357
Explosive,Objet_27973
Corrosive,Objet_13878
Radioactive,Objet_14737
Oxidizing,Objet_06473
Pressurized,Objet_24875
Unspecified,Objet_07725
Explosive,Objet_19013
Food,Objet_00063
Radioactive,Objet_04346
Toxic,Objet_04987
Pressurized,Objet_14000
Radioactive,Objet_07414
Explosive,Objet_10833
Unspecified,Objet_15709
Oxidizing,Objet_18788
Corrosive,Objet_20162
Flammable,Objet_03277
Oxidizing,Objet_24495
Pressurized,Objet_28422
Corrosive,Objet_15424
Food,Objet_08354
Fragile,Objet_20686
Pressurized,Objet_05806
Pressurized,Objet_18736
Fragile,Objet_12688
Explosive,Objet_00929
Explosive,Objet_08477
Fragile,Objet_01482
Radioactive,Objet_26335
Flammable,Objet_14289
Flammable,Objet_07737
Corrosive,Objet_05450
Radioactive,Objet_20509
Flammable,Objet_19059
Pressurized,Objet_14687
Toxic,Objet_19061
Flammable,Objet_04471
Fragile,Objet_17239
Food,Objet_22284
Corrosive,Objet_15829
Pressurized,Objet_12648
Corrosive,Objet_07988
Radioactive,Objet_12354
Radioactive,Objet_20226
Explosive,Objet_20274
Radioactive,Objet_07946
Pressurized,Objet_19427
Radioactive,Objet_08776
Corrosive,Objet_10182
Fragile,Objet_28141
Corrosive,Objet_01464
Toxic,Objet_12125
Food,Objet_28861
Radioactive,Objet_26092
Fragile,Objet_23838
Toxic,Objet_04903
Unspecified,Objet_18459
Pressurized,Objet_00230
Radioactive,Objet_04092
Explosive,Objet_27088
Flammable,Objet_26813
Pressurized,Objet_27975
Oxidizing,Objet_00497
Toxic,Objet_26847
Oxidizing,Objet_05812
Oxidizing,Objet_19738
Pressurized,Objet_13129
Flammable,Objet_18700
Food,Objet_01860
Toxic,Objet_28019
Explosive,Objet_00364
Corrosive,Objet_13072
Oxidizing,Objet_21208
Fragile,Objet_29183
Pressurized,Objet_14731
Oxidizing,Objet_20740
Fragile,Objet_19527
Food,Objet_12284
Corrosive,Objet_12013
Explosive,Objet_19720
Toxic,Objet_05730
Unspecified,Objet_13609
Radioactive,Objet_11989
Food,Objet_13914
Explosive,Objet_08062
Pressurized,Objet_11401
Unspecified,Objet_13484
Fragile,Objet_07640
Food,Objet_23502
Food,Objet_05738
Fragile,Objet_03960
Oxidizing,Objet_15986
Toxic,Objet_07688
Explosive,Objet_24824
Explosive,Objet_13039
Flammable,Objet_29500
Oxidizing,Objet_10756
Flammable,Objet_20130
Food,Objet_10706
Flammable,Objet_18882
Food,Objet_03396
Pressurized,Objet_18016
Pressurized,Objet_26661
Corrosive,Objet_03323
Toxic,Objet_27441
Fragile,Objet_22028
Unspecified,Objet_14343
Food,Objet_07795
Toxic,Objet_03170
Toxic,Objet_06972
Fragile,Objet_26209
Corrosive,Objet_28794
Oxidizing,Objet_09622
Explosive,Objet_27471
Unspecified,Objet_01116
Toxic,Objet_24252
Corrosive,Objet_15836
Flammable,Objet_18986
Toxic,Objet_04342
Unspecified,Objet_09586
Flammable,Objet_04733
Pressurized,Objet_28310
Food,Objet_12806
Flammable,Objet_29127
Fragile,Objet_29145
Fragile,Objet_05798
Explosive,Objet_05333
Unspecified,Objet_18920
Radioactive,Objet_19710
Corrosive,Objet_26097
Fragile,Objet_19835
Fragile,Objet_16679
Food,Objet_00349
Fragile,Objet_17370
Food,Objet_25202
Toxic,Objet_10103
Explosive,Objet_06732
Flammable,Objet_10721
Explosive,Objet_22306
Fragile,Objet_18081
Oxidizing,Objet_19774
Fragile,Objet_14004
Fragile,Objet_00193
Food,Objet_00612
Radioactive,Objet_16114
Radioactive,Objet_18304
Radioactive,Objet_21910
Pressurized,Objet_02553
Food,Objet_02754
Food,Objet_05346
Flammable,Objet_04459
Pressurized,Objet_20603
Fragile,Objet_28727
Oxidizing,Objet_20074
Pressurized,Objet_04321
Unspecified,Objet_17197
Pressurized,Objet_22229
Oxidizing,Objet_09836
Radioactive,Objet_22573
Radioactive,Objet_11142
Food,Objet_28442
Food,Objet_13249
Fragile,Objet_18004
Oxidizing,Objet_13853
Corrosive,Objet_00147
Explosive,Objet_13497
Unspecified,Objet_23705
Fragile,Objet_11575
Fragile,Objet_03521
Toxic,Objet_10138
Pressurized,Objet_10254
Pressurized,Objet_06289
Oxidizing,Objet_20474
Fragile,Objet_16081
Fragile,Objet_17534
Radioactive,Objet_06789
Flammable,Objet_22539
Flammable,Objet_24392
Toxic,Objet_06493
Fragile,Objet_11531
Food,Objet_25467
Flammable,Objet_19606
Unspecified,Objet_09817
Corrosive,Objet_00659
Unspecified,Objet_10346
Flammable,Objet_29317
Flammable,Objet_22095
Oxidizing,Objet_10982
Unspecified,Objet_01012
Corrosive,Objet_02427
Oxidizing,Objet_18241
Corrosive,Objet_13869
Oxidizing,Objet_07370
Corrosive,Objet_14297
Fragile,Objet_24889
Unspecified,Objet_10302
Pressurized,Objet_18504
Explosive,Objet_05983
Radioactive,Objet_27229
Pressurized,Objet_24722
Fragile,Objet_16563
Unspecified,Objet_19496
Oxidizing,Objet_01635
Flammable,Objet_06655
Unspecified,Objet_22583
Fragile,Objet_01501
Fragile,Objet_20120
Fragile,Objet_19778
Oxidizing,Objet_17594
Food,Objet_22558
Unspecified,Objet_25499
Corrosive,Objet_13627
Toxic,Objet_27955
Oxidizing,Objet_17353
Toxic,Objet_14517
Pressurized,Objet_23575
Explosive,Objet_15335
Flammable,Objet_10826
Flammable,Objet_09750
Oxidizing,Objet_05780
Corrosive,Objet_01231
Pressurized,Objet_13488
Corrosive,Objet_11655
Fragile,Objet_13285
Fragile,Objet_17790
Radioactive,Objet_25564
Radioactive,Objet_08032
Corrosive,Objet_25370
Food,Objet_01755
Flammable,Objet_14255
Explosive,Objet_07676
Pressurized,Objet_21140
Radioactive,Objet_01045
Toxic,Objet_16680
Oxidizing,Objet_27997
Corrosive,Objet_20326
Toxic,Objet_00528
Fragile,Objet_07041
Food,Objet_06643
Toxic,Objet_20652
Explosive,Objet_18007
Radioactive,Objet_06653
Pressurized,Objet_10511
Pressurized,Objet_22196
Oxidizing,Objet_20642
Corrosive,Objet_28051
Flammable,Objet_28537
Pressurized,Objet_12351
Fragile,Objet_22807
Food,Objet_19682
Pressurized,Objet_23939
Pressurized,Objet_19258
Food,Objet_13958
Fragile,Objet_09224
Food,Objet_05351
Flammable,Objet_24443
Radioactive,Objet_20986
Radioactive,Objet_04827
Food,Objet_24364
Food,Objet_19859
Fragile,Objet_01802
Oxidizing,Objet_12409
Corrosive,Objet_09249
Food,Objet_13971
Radioactive,Objet_13854
Explosive,Objet_17229
Pressurized,Objet_19860
Oxidizing,Objet_25965
Food,Objet_09569
Fragile,Objet_23985
Corrosive,Objet_17768
Corrosive,Objet_05030
Food,Objet_22373
Explosive,Objet_08395
Unspecified,Objet_07017
Corrosive,Objet_01247
Corrosive,Objet_06781
Oxidizing,Objet_00778
Corrosive,Objet_29479
Corrosive,Objet_17273
Food,Objet_08851
Oxidizing,Objet_22993
Oxidizing,Objet_13516
Food,Objet_02311
Pressurized,Objet_05217
Flammable,Objet_10574
Explosive,Objet_10867
Explosive,Objet_08494
Flammable,Objet_18950
Corrosive,Objet_07701
Radioactive,Objet_25182
Pressurized,Objet_15285
Fragile,Objet_25734
Unspecified,Objet_19302
Pressurized,Objet_16176
Flammable,Objet_16926
Oxidizing,Objet_18921
Fragile,Objet_11590
Radioactive,Objet_17821
Pressurized,Objet_16655
Oxidizing,Objet_16340
Corrosive,Objet_22421
Unspecified,Objet_28063
Fragile,Objet_17525
Unspecified,Objet_05091
Fragile,Objet_19001
Explosive,Objet_21564
Radioactive,Objet_12053
Fragile,Objet_20021
Flammable,Objet_27022
Unspecified,Objet_04393
Fragile,Objet_10474
Explosive,Objet_06850
Food,Objet_05464
Flammable,Objet_23439
Toxic,Objet_06701
Corrosive,Objet_27510
Unspecified,Objet_17647
Fragile,Objet_06191
Unspecified,Objet_25470
Pressurized,Objet_25743
Unspecified,Objet_22363
Oxidizing,Objet_20708
Oxidizing,Objet_08403
Flammable,Objet_26713
Unspecified,Objet_02646
Food,Objet_11721
Food,Objet_12633
Explosive,Objet_07751
Explosive,Objet_16338
Fragile,Objet_04549
Radioactive,Objet_03558
Pressurized,Objet_24464
Explosive,Objet_21495
Explosive,Objet_21176
Fragile,Objet_27898
Unspecified,Objet_23685
Corrosive,Objet_12710
Explosive,Objet_15671
Food,Objet_16514
Radioactive,Objet_24512
Corrosive,Objet_04260
Food,Objet_25056
Fragile,Objet_08659
Corrosive,Objet_29843
Radioactive,Objet_22816
Food,Objet_16140
Toxic,Objet_11555
Toxic,Objet_08536
Unspecified,Objet_16991
Corrosive,Objet_11925
Flammable,Objet_03390
Pressurized,Objet_08619
Unspecified,Objet_06425
Unspecified,Objet_14075
Explosive,Objet_14158
Radioactive,Objet_01396
Radioactive,Objet_02025
Corrosive,Objet_14132
Unspecified,Objet_11043
Radioactive,Objet_09993
Food,Objet_09329
Flammable,Objet_27835
Unspecified,Objet_05257
Radioactive,Objet_02224
Pressurized,Objet_15181
Toxic,Objet_00192
Food,Objet_24725
Radioactive,Objet_24800
Food,Objet_01764
Explosive,Objet_06519
Corrosive,Objet_05336
Oxidizing,Objet_17600
Pressurized,Objet_27891
Radioactive,Objet_27974
Unspecified,Objet_28777
Flammable,Objet_15186
Explosive,Objet_03793
Unspecified,Objet_24938
Food,Objet_22587
Oxidizing,Objet_30054
Explosive,Objet_17794
Flammable,Objet_10305
Explosive,Objet_11927
Pressurized,Objet_24180
Radioactive,Objet_12316
Corrosive,Objet_25987
Corrosive,Objet_28391
Unspecified,Objet_05470
Oxidizing,Objet_19613
Oxidizing,Objet_18839
Unspecified,Objet_18787
Flammable,Objet_08548
Corrosive,Objet_06833
Food,Objet_11704
Fragile,Objet_10022
Corrosive,Objet_13186
Unspecified,Objet_13296
Food,Objet_10056
Pressurized,Objet_22300
Pressurized,Objet_10400
Toxic,Objet_28407
Unspecified,Objet_20454
Explosive,Objet_10135
Unspecified,Objet_07042
Flammable,Objet_28697
Oxidizing,Objet_21834
Food,Objet_11127
Pressurized,Objet_11994
Flammable,Objet_25741
Food,Objet_28534
Corrosive,Objet_27858
Unspecified,Objet_13153
Pressurized,Objet_24163
Unspecified,Objet_10207
Explosive,Objet_01571
Fragile,Objet_26402
Food,Objet_20330
Flammable,Objet_05548
Corrosive,Objet_19923
Radioactive,Objet_09225
Flammable,Objet_01015
Fragile,Objet_16857
Toxic,Objet_09046
Toxic,Objet_06019
Food,Objet_01974
Radioactive,Objet_29660
Pressurized,Objet_06830
Oxidizing,Objet_05255
Toxic,Objet_01114
Flammable,Objet_13013
Flammable,Objet_21111
Food,Objet_26856
Toxic,Objet_10369
Flammable,Objet_19463
Pressurized,Objet_14224
Pressurized,Objet_15078
Flammable,Objet_26019
Explosive,Objet_20683
Fragile,Objet_17530
Explosive,Objet_20091
Explosive,Objet_22005
Pressurized,Objet_04601
Explosive,Objet_14223
Radioactive,Objet_10731
Radioactive,Objet_11035
Oxidizing,Objet_07071
Food,Objet_08600
Pressurized,Objet_07547
Explosive,Objet_19624
Unspecified,Objet_01456
Oxidizing,Objet_22616
Pressurized,Objet_00467
Fragile,Objet_17652
Radioactive,Objet_20480
Pressurized,Objet_15211
Corrosive,Objet_00925
Pressurized,Objet_02627
Oxidizing,Objet_11945
Unspecified,Objet_03832
Pressurized,Objet_20193
Corrosive,Objet_10418
Unspecified,Objet_10149
Toxic,Objet_01809
Pressurized,Objet_18337
Oxidizing,Objet_22495
Fragile,Objet_01235
Fragile,Objet_13535
Corrosive,Objet_00667
Oxidizing,Objet_10301
Explosive,Objet_09164
Pressurized,Objet_10304
Fragile,Objet_29168
Fragile,Objet_16304
Food,Objet_15964
Pressurized,Objet_11325
Unspecified,Objet_25508
Toxic,Objet_10658
Radioactive,Objet_06169
Toxic,Objet_24855
Corrosive,Objet_12626
Corrosive,Objet_07070
Flammable,Objet_17975
Explosive,Objet_02734
Unspecified,Objet_21862
Flammable,Objet_28117
Fragile,Objet_28224
Explosive,Objet_18407
Toxic,Objet_05880
Pressurized,Objet_22067
Pressurized,Objet_00500
Toxic,Objet_20588
Oxidizing,Objet_05650
Oxidizing,Objet_04592
Toxic,Objet_08687
Fragile,Objet_02239
Toxic,Objet_07952
Radioactive,Objet_17788
Fragile,Objet_26586
Radioactive,Objet_12323
Unspecified,Objet_03070
Fragile,Objet_29213
Corrosive,Objet_17664
Pressurized,Objet_00438
Corrosive,Objet_29407
Unspecified,Objet_13300
Explosive,Objet_14628
Corrosive,Objet_08502
Radioactive,Objet_17892
Fragile,Objet_24920
Pressurized,Objet_18463
Flammable,Objet_27579
Oxidizing,Objet_19338
Oxidizing,Objet_03059
Explosive,Objet_14373
Pressurized,Objet_14001
Pressurized,Objet_24397
Explosive,Objet_09315
Flammable,Objet_09940
Food,Objet_24839
Fragile,Objet_07431
Corrosive,Objet_17437
Corrosive,Objet_24730
Explosive,Objet_23691
Radioactive,Objet_00587
Fragile,Objet_14201
Explosive,Objet_21920
Food,Objet_05343
Food,Objet_20349
Radioactive,Objet_06078
Toxic,Objet_16049
Flammable,Objet_13111
Pressurized,Objet_07650
Pressurized,Objet_01084
Fragile,Objet_04594
Radioactive,Objet_25032
Pressurized,Objet_01886
Pressurized,Objet_26478
Oxidizing,Objet_13382
Oxidizing,Objet_03740
Toxic,Objet_23573
Radioactive,Objet_22224
Flammable,Objet_11885
Oxidizing,Objet_16196
Unspecified,Objet_07912
Toxic,Objet_03275
Flammable,Objet_20559
Oxidizing,Objet_08269
Explosive,Objet_23696
Corrosive,Objet_27986
Fragile,Objet_27568
Unspecified,Objet_05790
Unspecified,Objet_15236
Fragile,Objet_15998
Food,Objet_04051
Radioactive,Objet_03365
Corrosive,Objet_15883
Unspecified,Objet_08309
Radioactive,Objet_24009
Corrosive,Objet_03448
Oxidizing,Objet_11805
Explosive,Objet_21455
Corrosive,Objet_06030
Fragile,Objet_24007
Unspecified,Objet_00545
Radioactive,Objet_21766
Pressurized,Objet_17800
Unspecified,Objet_18084
Corrosive,Objet_17333
Corrosive,Objet_13146
Fragile,Objet_04238
Explosive,Objet_26755
Oxidizing,Objet_27936
Pressurized,Objet_10782
Fragile,Objet_02636
Oxidizing,Objet_14642
Corrosive,Objet_08985
Fragile,Objet_28145
Corrosive,Objet_00974
Toxic,Objet_08879
Radioactive,Objet_17365
Explosive,Objet_13487
Toxic,Objet_10181
Radioactive,Objet_00312
Pressurized,Objet_01952
Explosive,Objet_23852
Toxic,Objet_00385
Toxic,Objet_07407
Radioactive,Objet_06890
Fragile,Objet_22666
Food,Objet_14228
Oxidizing,Objet_05886
Oxidizing,Objet_16096
Radioactive,Objet_21670
Pressurized,Objet_15790
Flammable,Objet_20305
Food,Objet_07511
Food,Objet_15355
Fragile,Objet_18772
Pressurized,Objet_27406
Corrosive,Objet_06591
Unspecified,Objet_11596
Radioactive,Objet_25345
Flammable,Objet_15057
Explosive,Objet_08797
Unspecified,Objet_10425
Radioactive,Objet_07651
Explosive,Objet_01877
Radioactive,Objet_22144
Oxidizing,Objet_28610
Explosive,Objet_09017
Oxidizing,Objet_24515
Toxic,Objet_22309
Oxidizing,Objet_18739
Flammable,Objet_11136
Fragile,Objet_21010
Flammable,Objet_03909
Oxidizing,Objet_25995
Radioactive,Objet_26098
Oxidizing,Objet_08245
Oxidizing,Objet_09116
Explosive,Objet_14602
Flammable,Objet_18339
Food,Objet_07898
Explosive,Objet_20008
Pressurized,Objet_21220
Radioactive,Objet_07887
Unspecified,Objet_02035
Flammable,Objet_16953
Corrosive,Objet_10540
Toxic,Objet_05381
Oxidizing,Objet_02021
Corrosive,Objet_27674
Flammable,Objet_14739
Oxidizing,Objet_27545
Radioactive,Objet_07813
Food,Objet_11904
Oxidizing,Objet_29794
Toxic,Objet_19187
Corrosive,Objet_00091
Fragile,Objet_09305
Fragile,Objet_20175
Pressurized,Objet_03061
Food,Objet_00394
Toxic,Objet_09852
Corrosive,Objet_29101
Corrosive,Objet_04287
Food,Objet_04312
Explosive,Objet_03962
Food,Objet_09109
Toxic,Objet_07746
Radioactive,Objet_28905
Radioactive,Objet_02016
Unspecified,Objet_11054
Fragile,Objet_06876
Toxic,Objet_24858
Pressurized,Objet_17694
Pressurized,Objet_07459
Explosive,Objet_29384
Oxidizing,Objet_11701
Unspecified,Objet_23688
Corrosive,Objet_12812
Food,Objet_01585
Food,Objet_18584
Pressurized,Objet_04539
Flammable,Objet_00271
Corrosive,Objet_06956
Corrosive,Objet_26597
Pressurized,Objet_24242
Flammable,Objet_12569
Food,Objet_14968
Pressurized,Objet_12259
Unspecified,Objet_17850
Pressurized,Objet_25558
Flammable,Objet_01985
Fragile,Objet_28639
Radioactive,Objet_28735
Explosive,Objet_25385
Food,Objet_07745
Explosive,Objet_08798
Unspecified,Objet_00895
Unspecified,Objet_09721
Toxic,Objet_04284
Food,Objet_16901
Pressurized,Objet_14989
Explosive,Objet_10738
Radioactive,Objet_15522
Pressurized,Objet_16790
Flammable,Objet_09497
Fragile,Objet_03455
Pressurized,Objet_03779
Flammable,Objet_09491
Fragile,Objet_19584
Fragile,Objet_14271
Toxic,Objet_10978
Fragile,Objet_11368
Corrosive,Objet_22702
Flammable,Objet_18455
Radioactive,Objet_26488
Unspecified,Objet_13825
Explosive,Objet_06345
Food,Objet_09457
Flammable,Objet_25199
Explosive,Objet_23062
Radioactive,Objet_16074
Oxidizing,Objet_10905
Explosive,Objet_07853
Explosive,Objet_09327
Unspecified,Objet_13957
Explosive,Objet_14726
Oxidizing,Objet_07177
Toxic,Objet_23870
Flammable,Objet_26526
Unspecified,Objet_16737
Fragile,Objet_26210
Fragile,Objet_00414
Flammable,Objet_01567
Fragile,Objet_02744
Unspecified,Objet_11091
Explosive,Objet_12636
Fragile,Objet_16761
Food,Objet_18146
Corrosive,Objet_09352
Flammable,Objet_07100
Radioactive,Objet_15197
Oxidizing,Objet_23371
Food,Objet_23628
Explosive,Objet_12396
Fragile,Objet_01559
Toxic,Objet_10492
Flammable,Objet_17280
Toxic,Objet_02869
Fragile,Objet_15033
Fragile,Objet_22412
Food,Objet_01139
Unspecified,Objet_19669
Radioactive,Objet_00001
Pressurized,Objet_21690
Radioactive,Objet_03461
Flammable,Objet_13214
Flammable,Objet_07364
Food,Objet_10446
Explosive,Objet_21404
Unspecified,Objet_19984
Fragile,Objet_14331
Fragile,Objet_15996
Fragile,Objet_13095
Oxidizing,Objet_07470
Radioactive,Objet_17947
Oxidizing,Objet_23094
Food,Objet_16636
Flammable,Objet_02655
Food,Objet_25293
Pressurized,Objet_00524
Oxidizing,Objet_18799
Radioactive,Objet_16426
Radioactive,Objet_09342
Food,Objet_02722
Flammable,Objet_02150
Unspecified,Objet_02859
Explosive,Objet_20463
Corrosive,Objet_19294
Unspecified,Objet_15627
Unspecified,Objet_06608
Explosive,Objet_14040
Radioactive,Objet_19815
Toxic,Objet_06588
Fragile,Objet_06377
Radioactive,Objet_14148
Unspecified,Objet_14899
Oxidizing,Objet_11180
Explosive,Objet_28215
Unspecified,Objet_07809
Unspecified,Objet_14984
Oxidizing,Objet_25366
Unspecified,Objet_18733
Oxidizing,Objet_23547
Pressurized,Objet_18017
Food,Objet_12278
Explosive,Objet_07290
Food,Objet_01797
Explosive,Objet_10554
Radioactive,Objet_10230
Oxidizing,Objet_11943
Explosive,Objet_07362
Fragile,Objet_29455
Corrosive,Objet_12503
Radioactive,Objet_20570
Unspecified,Objet_06897
Flammable,Objet_07168
Pressurized,Objet_05823
Unspecified,Objet_07301
Pressurized,Objet_12940
Flammable,Objet_27339
Radioactive,Objet_26549
Pressurized,Objet_14554
Oxidizing,Objet_25075
Radioactive,Objet_06489
Toxic,Objet_09565
Flammable,Objet_07395
Toxic,Objet_21714
Unspecified,Objet_05292
Corrosive,Objet_18394
Unspecified,Objet_25410
Explosive,Objet_24962
Radioactive,Objet_04367
Food,Objet_02471
Unspecified,Objet_04928
Explosive,Objet_17335
Pressurized,Objet_00482
Flammable,Objet_27272
Fragile,Objet_29293
Oxidizing,Objet_14401
Corrosive,Objet_24954
Radioactive,Objet_24468
Oxidizing,Objet_11446
Fragile,Objet_22590
Corrosive,Objet_23599
Flammable,Objet_21726
Flammable,Objet_22104
Explosive,Objet_20915
Explosive,Objet_04011
Pressurized,Objet_04773
Oxidizing,Objet_24499
Pressurized,Objet_15226
Explosive,Objet_20433
Fragile,Objet_19424
Corrosive,Objet_23980
Explosive,Objet_23288
Explosive,Objet_21196
Explosive,Objet_21486
Radioactive,Objet_21765
Oxidizing,Objet_01904
Explosive,Objet_21331
Fragile,Objet_14593
Corrosive,Objet_26559
Oxidizing,Objet_24052
Unspecified,Objet_14520
Radioactive,Objet_28987
Toxic,Objet_01148
Corrosive,Objet_04082
Fragile,Objet_13538
Flammable,Objet_04531
Oxidizing,Objet_05559
Corrosive,Objet_20068
Explosive,Objet_09053
Explosive,Objet_03212
Flammable,Objet_29766
Toxic,Objet_08474
Corrosive,Objet_11152
Corrosive,Objet_20361
Oxidizing,Objet_00814
Food,Objet_03930
Pressurized,Objet_10203
Fragile,Objet_11526
Flammable,Objet_11631
Food,Objet_00061
Fragile,Objet_09687
Flammable,Objet_02156
Explosive,Objet_22669
Corrosive,Objet_20558
Corrosive,Objet_19810
Unspecified,Objet_18033
Unspecified,Objet_21016
Food,Objet_27350
Explosive,Objet_01938
Fragile,Objet_11071
Food,Objet_03377
Radioactive,Objet_04262
Fragile,Objet_19098
Corrosive,Objet_19532
Radioactive,Objet_18396
Flammable,Objet_16934
Explosive,Objet_16804
Explosive,Objet_15464
Pressurized,Objet_13634
Radioactive,Objet_07134
Toxic,Objet_25011
Flammable,Objet_17482
Unspecified,Objet_00045
Pressurized,Objet_29097
Toxic,Objet_14466
Toxic,Objet_10705
Unspecified,Objet_03658
Pressurized,Objet_13490
Pressurized,Objet_26000
Radioactive,Objet_01724
Food,Objet_27624
Radioactive,Objet_03379
Explosive,Objet_25726
Unspecified,Objet_04377
Explosive,Objet_01771
Flammable,Objet_15513
Oxidizing,Objet_23481
Flammable,Objet_06678
Explosive,Objet_29019
Unspecified,Objet_29412
Corrosive,Objet_21419
Flammable,Objet_15016
Flammable,Objet_03519
Fragile,Objet_00246
Radioactive,Objet_09233
Toxic,Objet_16536
Pressurized,Objet_05167
Corrosive,Objet_14426
Fragile,Objet_25448
Flammable,Objet_25088
Toxic,Objet_04437
Toxic,Objet_17221
Unspecified,Objet_00590
Pressurized,Objet_11895
Food,Objet_12430
Fragile,Objet_11616
Toxic,Objet_24358
Unspecified,Objet_23446
Toxic,Objet_09331
Food,Objet_08123
Flammable,Objet_29150
Food,Objet_07554
Fragile,Objet_00695
Flammable,Objet_00413
Food,Objet_14821
Pressurized,Objet_24539
Pressurized,Objet_20807
Unspecified,Objet_21845
Fragile,Objet_29568
Unspecified,Objet_20937
Food,Objet_01135
Explosive,Objet_14113
Fragile,Objet_17676
Food,Objet_29750
Corrosive,Objet_11702
Oxidizing,Objet_14034
Explosive,Objet_23008
Unspecified,Objet_02952
Food,Objet_08141
Pressurized,Objet_13265
Pressurized,Objet_18043
Fragile,Objet_04926
Radioactive,Objet_29700
Toxic,Objet_28439
Unspecified,Objet_14576
Explosive,Objet_28023
Fragile,Objet_07460
Flammable,Objet_07845
Unspecified,Objet_04583
Radioactive,Objet_05863
Pressurized,Objet_09213
Flammable,Objet_18287
Unspecified,Objet_29965
Flammable,Objet_29021
Toxic,Objet_11079
Flammable,Objet_05556
Radioactive,Objet_10989
Explosive,Objet_05238
Pressurized,Objet_04237
Food,Objet_09770
Pressurized,Objet_27151
Unspecified,Objet_21976
Fragile,Objet_11726
Unspecified,Objet_07970
Corrosive,Objet_14057
Radioactive,Objet_23969
Food,Objet_09768
Corrosive,Objet_18620
Radioactive,Objet_15698
Radioactive,Objet_23144
Food,Objet_21133
Oxidizing,Objet_24593
Fragile,Objet_00809
Pressurized,Objet_10342
Corrosive,Objet_13029
Unspecified,Objet_29029
Fragile,Objet_29053
Unspecified,Objet_06562
Oxidizing,Objet_02364
Toxic,Objet_16476
Flammable,Objet_28341
Flammable,Objet_24723
Toxic,Objet_00644
Toxic,Objet_22930
Corrosive,Objet_14195
Corrosive,Objet_04130
Flammable,Objet_25458
Corrosive,Objet_10259
Unspecified,Objet_27105
Flammable,Objet_00855
Fragile,Objet_05621
Corrosive,Objet_22003
Explosive,Objet_12027
Unspecified,Objet_08019
Unspecified,Objet_03858
Fragile,Objet_22264
Fragile,Objet_04146
Fragile,Objet_21424
Toxic,Objet_14396
Corrosive,Objet_08460
Pressurized,Objet_12965
Food,Objet_04824
Pressurized,Objet_23104
Pressurized,Objet_18544
Fragile,Objet_08287
Unspecified,Objet_12092
Food,Objet_21088
Fragile,Objet_06728
Toxic,Objet_16886
Food,Objet_12385
Unspecified,Objet_15052
Fragile,Objet_16923
Toxic,Objet_05261
Food,Objet_18640
Fragile,Objet_24710
Fragile,Objet_04329
Explosive,Objet_17830
Corrosive,Objet_04103
Unspecified,Objet_16097
Flammable,Objet_28553
Flammable,Objet_02844
Food,Objet_26482
Toxic,Objet_26668
Flammable,Objet_22025
Oxidizing,Objet_23826
Oxidizing,Objet_13046
Pressurized,Objet_23526
Flammable,Objet_09784
Food,Objet_09822
Food,Objet_17844
Corrosive,Objet_11310
Explosive,Objet_04147
Fragile,Objet_18796
Flammable,Objet_00398
Pressurized,Objet_16947
Food,Objet_13686
Toxic,Objet_11527
Food,Objet_17863
Radioactive,Objet_29118
Corrosive,Objet_17592
Pressurized,Objet_20392
Fragile,Objet_00926
Pressurized,Objet_01941
Explosive,Objet_25912
Pressurized,Objet_23160
Fragile,Objet_25876
Oxidizing,Objet_10021
Pressurized,Objet_22574
Food,Objet_12587
Radioactive,Objet_06066
Explosive,Objet_21394
Explosive,Objet_04343
Fragile,Objet_13657
Fragile,Objet_24979
Pressurized,Objet_13703
Explosive,Objet_19402
Flammable,Objet_28870
Flammable,Objet_27421
Corrosive,Objet_05365
Explosive,Objet_12798
Radioactive,Objet_29881
Radioactive,Objet_27165
Toxic,Objet_05243
Oxidizing,Objet_29939
Explosive,Objet_03273
Unspecified,Objet_11561
Food,Objet_15274
Unspecified,Objet_15232
Fragile,Objet_17081
Food,Objet_17383
Food,Objet_15115
Oxidizing,Objet_24957
Oxidizing,Objet_19359
Food,Objet_01536
Fragile,Objet_26135
Explosive,Objet_04800
Fragile,Objet_10806
Food,Objet_25379
Food,Objet_22105
Toxic,Objet_09515
Flammable,Objet_27890
Corrosive,Objet_16510
Unspecified,Objet_06554
Fragile,Objet_22981
Pressurized,Objet_08939
Unspecified,Objet_07264
Explosive,Objet_28806
Corrosive,Objet_08214
Food,Objet_06420
Fragile,Objet_08668
Unspecified,Objet_08263
Pressurized,Objet_20194
Pressurized,Objet_07866
Flammable,Objet_06402
Explosive,Objet_09688
Explosive,Objet_16360
Pressurized,Objet_25547
Toxic,Objet_11406
Unspecified,Objet_05639
Fragile,Objet_21101
Explosive,Objet_28689
Corrosive,Objet_30124
Fragile,Objet_11948
Flammable,Objet_02967
Oxidizing,Objet_19481
Fragile,Objet_29357
Unspecified,Objet_18177
Toxic,Objet_21091
Unspecified,Objet_12054
Fragile,Objet_03391
Oxidizing,Objet_07030
Flammable,Objet_07411
Radioactive,Objet_00689
Toxic,Objet_22711
Oxidizing,Objet_11369
Radioactive,Objet_11128
Explosive,Objet_22186
Radioactive,Objet_26744
Oxidizing,Objet_01906
Corrosive,Objet_21875
Pressurized,Objet_06846
Explosive,Objet_24188
Flammable,Objet_23285
Toxic,Objet_29378
Unspecified,Objet_16695
Corrosive,Objet_04809
Unspecified,Objet_10947
Pressurized,Objet_14901
Corrosive,Objet_14674
Explosive,Objet_19851
Radioactive,Objet_08978
Explosive,Objet_27634
Pressurized,Objet_22218
Fragile,Objet_06973
Fragile,Objet_21308
Corrosive,Objet_25728
Food,Objet_18156
Flammable,Objet_18994
Toxic,Objet_01566
Fragile,Objet_17773
Corrosive,Objet_28550
Pressurized,Objet_01533
Oxidizing,Objet_11614
Food,Objet_00304
Radioactive,Objet_02500
Explosive,Objet_05302
Unspecified,Objet_09326
Flammable,Objet_11213
Flammable,Objet_14036
Pressurized,Objet_05515
Flammable,Objet_15954
Pressurized,Objet_04355
Explosive,Objet_30154
Oxidizing,Objet_24984
Radioactive,Objet_29666
Flammable,Objet_16708
Corrosive,Objet_07328
Pressurized,Objet_21893
Pressurized,Objet_02000
Toxic,Objet_25074
Toxic,Objet_07790
Pressurized,Objet_21154
Corrosive,Objet_25307
Fragile,Objet_25336
Pressurized,Objet_23005
Unspecified,Objet_09486
Pressurized,Objet_24921
Fragile,Objet_00053
Oxidizing,Objet_00428
Pressurized,Objet_07226
Radioactive,Objet_13063
Oxidizing,Objet_07833
Food,Objet_05040
Pressurized,Objet_18807
Oxidizing,Objet_20204
Radioactive,Objet_25373
Radioactive,Objet_26654
Pressurized,Objet_28810
Flammable,Objet_28578
Pressurized,Objet_20835
Food,Objet_10565
Toxic,Objet_15100
Toxic,Objet_29442
Pressurized,Objet_16191
Food,Objet_20707
Radioactive,Objet_02740
Oxidizing,Objet_22298
Food,Objet_20179
Corrosive,Objet_00252
Pressurized,Objet_13051
Unspecified,Objet_18963
Food,Objet_01415
Fragile,Objet_27344
Oxidizing,Objet_26435
Corrosive,Objet_21278
Oxidizing,Objet_07637
Fragile,Objet_29327
Flammable,Objet_01919
Oxidizing,Objet_04687
Flammable,Objet_12861
Pressurized,Objet_25339
Toxic,Objet_02194
Radioactive,Objet_02472
Explosive,Objet_23591
Radioactive,Objet_22290
Radioactive,Objet_15187
Oxidizing,Objet_29147
Pressurized,Objet_15580
Radioactive,Objet_23299
Unspecified,Objet_20478
Flammable,Objet_05481
Unspecified,Objet_14482
Fragile,Objet_08653
Corrosive,Objet_24303
Food,Objet_04277
Flammable,Objet_09652
Fragile,Objet_04125
Pressurized,Objet_17927
Oxidizing,Objet_29575
Unspecified,Objet_29523
Unspecified,Objet_21653
Pressurized,Objet_24369
Oxidizing,Objet_05855
Toxic,Objet_26623
Pressurized,Objet_25285
Flammable,Objet_25800
Explosive,Objet_25397
Flammable,Objet_26223
Pressurized,Objet_22725
Oxidizing,Objet_02886
Radioactive,Objet_10675
Food,Objet_02358
Radioactive,Objet_12041
Flammable,Objet_22768
Oxidizing,Objet_19277
Flammable,Objet_23457
Unspecified,Objet_29373
Pressurized,Objet_03353
Explosive,Objet_27277
Unspecified,Objet_17191
Radioactive,Objet_08034
Oxidizing,Objet_13868
Radioactive,Objet_07375
Corrosive,Objet_26423
Explosive,Objet_27544
Toxic,Objet_29222
Pressurized,Objet_14055
Food,Objet_27017
Toxic,Objet_28687
Flammable,Objet_25861
Explosive,Objet_02938
Toxic,Objet_10767
Radioactive,Objet_25037
Flammable,Objet_07380
Fragile,Objet_03460
Food,Objet_10614
Toxic,Objet_06931
Toxic,Objet_26622
Oxidizing,Objet_10809
Fragile,Objet_23899
Fragile,Objet_06100
Pressurized,Objet_04486
Toxic,Objet_15216
Unspecified,Objet_22248
Oxidizing,Objet_07777
Oxidizing,Objet_13639
Corrosive,Objet_15899
Oxidizing,Objet_20751
Food,Objet_07505
Toxic,Objet_27042
Explosive,Objet_04871
Toxic,Objet_07270
Oxidizing,Objet_25071
Explosive,Objet_27853
Corrosive,Objet_22855
Oxidizing,Objet_29875
Toxic,Objet_04035
Radioactive,Objet_05378
Radioactive,Objet_05768
Oxidizing,Objet_06418
Radioactive,Objet_24564
Corrosive,Objet_05873
Fragile,Objet_07053
Fragile,Objet_11950
Flammable,Objet_02118
Radioactive,Objet_05546
Fragile,Objet_15309
Explosive,Objet_10557
Unspecified,Objet_24641
Pressurized,Objet_22161
Fragile,Objet_23912
Unspecified,Objet_15198
Corrosive,Objet_15213
Toxic,Objet_09763
Explosive,Objet_07571
Fragile,Objet_20209
Corrosive,Objet_21510
Pressurized,Objet_00315
Explosive,Objet_27286
Corrosive,Objet_17545
Corrosive,Objet_13351
Oxidizing,Objet_30053
Food,Objet_09633
Unspecified,Objet_00037
Explosive,Objet_25533
Corrosive,Objet_07869
Explosive,Objet_27306
Radioactive,Objet_29421
Oxidizing,Objet_19108
Flammable,Objet_07775
Unspecified,Objet_03371
Fragile,Objet_29679
Food,Objet_02960
Food,Objet_24977
Food,Objet_04315
Oxidizing,Objet_07572
Toxic,Objet_00308
Explosive,Objet_02400
Flammable,Objet_06211
Radioactive,Objet_15639
Pressurized,Objet_18947
Toxic,Objet_24090
Toxic,Objet_27811
Food,Objet_24712
Toxic,Objet_26271
Unspecified,Objet_06674
Oxidizing,Objet_19336
Flammable,Objet_07610
Pressurized,Objet_17345
Toxic,Objet_20117
Toxic,Objet_27549
Explosive,Objet_16368
Oxidizing,Objet_28731
Radioactive,Objet_21702
Food,Objet_09149
Pressurized,Objet_28699
Pressurized,Objet_23435
Unspecified,Objet_02622
Unspecified,Objet_27323
Radioactive,Objet_13602
Corrosive,Objet_19404
Toxic,Objet_01127
Pressurized,Objet_22903
Toxic,Objet_14953
Radioactive,Objet_14246
Pressurized,Objet_28053
Explosive,Objet_10882
Flammable,Objet_12084
Toxic,Objet_13397
Fragile,Objet_20941
Toxic,Objet_08489
Explosive,Objet_23406
Toxic,Objet_05114
Food,Objet_08836
Radioactive,Objet_26038
Corrosive,Objet_27660
Fragile,Objet_13987
Unspecified,Objet_14837
Oxidizing,Objet_01336
Fragile,Objet_15857
Explosive,Objet_29702
Food,Objet_28374
Fragile,Objet_05903
Food,Objet_10451
Unspecified,Objet_14189
Oxidizing,Objet_17658
Food,Objet_00104
Toxic,Objet_24986
Explosive,Objet_23012
Corrosive,Objet_02421
Food,Objet_07388
Toxic,Objet_08184
Corrosive,Objet_05147
Oxidizing,Objet_18737
Food,Objet_06969
Flammable,Objet_15059
Flammable,Objet_00737
Pressurized,Objet_19694
Fragile,Objet_09716
Fragile,Objet_15191
Oxidizing,Objet_23945
Toxic,Objet_26929
Flammable,Objet_00609
Explosive,Objet_22446
Unspecified,Objet_09599
Food,Objet_09997
Explosive,Objet_22942
Fragile,Objet_28359
Flammable,Objet_28082
Corrosive,Objet_04756
Corrosive,Objet_24879
Radioactive,Objet_09416
Toxic,Objet_25005
Fragile,Objet_11337
Explosive,Objet_03321
Corrosive,Objet_03743
Toxic,Objet_02474
Flammable,Objet_24549
Unspecified,Objet_06698
Toxic,Objet_11778
Pressurized,Objet_14656
Flammable,Objet_12277
Flammable,Objet_13532
Radioactive,Objet_12610
Radioactive,Objet_23229
Pressurized,Objet_03421
Toxic,Objet_09460
Flammable,Objet_17224
Food,Objet_27531
Explosive,Objet_06964
Pressurized,Objet_14974
Oxidizing,Objet_26203
Unspecified,Objet_25299
Pressurized,Objet_10729
Oxidizing,Objet_10590
Radioactive,Objet_16313
Unspecified,Objet_00351
Pressurized,Objet_20597
Flammable,Objet_02280
Food,Objet_20497
Radioactive,Objet_30010
Fragile,Objet_25706
Flammable,Objet_13874
Explosive,Objet_19790
Explosive,Objet_03805
Pressurized,Objet_01103
Flammable,Objet_22893
Corrosive,Objet_10107
Radioactive,Objet_28057
Food,Objet_12952
Oxidizing,Objet_09665
Corrosive,Objet_12186
Food,Objet_13422
Food,Objet_14942
Food,Objet_02356
Radioactive,Objet_11196
Unspecified,Objet_29299
Explosive,Objet_28361
Explosive,Objet_00950
Unspecified,Objet_09162
Fragile,Objet_17208
Food,Objet_07551
Pressurized,Objet_13921
Corrosive,Objet_04950
Radioactive,Objet_15619
Oxidizing,Objet_14715
Oxidizing,Objet_05986
Toxic,Objet_27162
Fragile,Objet_19743
Radioactive,Objet_09823
Corrosive,Objet_11976
Fragile,Objet_12015
Corrosive,Objet_11580
Fragile,Objet_23551
Toxic,Objet_01241
Corrosive,Objet_00916
Explosive,Objet_13128
Flammable,Objet_16910
Radioactive,Objet_18057
Unspecified,Objet_29104
Corrosive,Objet_05723
Explosive,Objet_24967
Food,Objet_01377
Food,Objet_21329
Explosive,Objet_03660
Toxic,Objet_06867
Toxic,Objet_24326
Oxidizing,Objet_07791
Pressurized,Objet_00589
Fragile,Objet_03026
Oxidizing,Objet_01223
Fragile,Objet_01380
Flammable,Objet_24153
Food,Objet_28775
Flammable,Objet_26087
Unspecified,Objet_13685
Explosive,Objet_22511
Food,Objet_26315
Explosive,Objet_20448
Food,Objet_01778
Unspecified,Objet_27665
Unspecified,Objet_20262
Oxidizing,Objet_09974
Flammable,Objet_23590
Food,Objet_02083
Pressurized,Objet_06302
Fragile,Objet_09944
Unspecified,Objet_19653
Unspecified,Objet_08552
Flammable,Objet_19850
Flammable,Objet_16214
Corrosive,Objet_10066
Pressurized,Objet_28479
Pressurized,Objet_12909
Unspecified,Objet_21052
Explosive,Objet_01110
Food,Objet_02347
Radioactive,Objet_20730
Flammable,Objet_13309
Radioactive,Objet_25627
Food,Objet_24281
Unspecified,Objet_15547
Unspecified,Objet_06401
Radioactive,Objet_12001
Flammable,Objet_27881
Food,Objet_23820
Explosive,Objet_18371
Corrosive,Objet_20822
Fragile,Objet_06329
Unspecified,Objet_08116
Toxic,Objet_14717
Unspecified,Objet_00594
Fragile,Objet_21229
Corrosive,Objet_24913
Oxidizing,Objet_09324
Food,Objet_12140
Corrosive,Objet_04113
Radioactive,Objet_24930
Toxic,Objet_00563
Explosive,Objet_27457
Toxic,Objet_08672
Corrosive,Objet_24359
Pressurized,Objet_00628
Unspecified,Objet_26067
Radioactive,Objet_12216
Toxic,Objet_09286
Oxidizing,Objet_25787
Toxic,Objet_23666
Corrosive,Objet_06485
Pressurized,Objet_27678
Fragile,Objet_12817
Corrosive,Objet_15918
Food,Objet_21802
Corrosive,Objet_22501
Food,Objet_25028
Radioactive,Objet_21132
Pressurized,Objet_03864
Explosive,Objet_23834
Explosive,Objet_21640
Explosive,Objet_11438
Pressurized,Objet_08919
Radioactive,Objet_23974
Explosive,Objet_23709
Unspecified,Objet_16172
Radioactive,Objet_17240
Flammable,Objet_19671
Explosive,Objet_18515
Unspecified,Objet_29414
Pressurized,Objet_07099
Explosive,Objet_10671
Flammable,Objet_27481
Fragile,Objet_29932
Corrosive,Objet_19770
Pressurized,Objet_13035
Explosive,Objet_24209
Toxic,Objet_12236
Toxic,Objet_00826
Toxic,Objet_18948
Food,Objet_11164
Toxic,Objet_02841
Explosive,Objet_28460
Unspecified,Objet_02917
Corrosive,Objet_12784
Toxic,Objet_10430
Corrosive,Objet_29308
Explosive,Objet_05371
Unspecified,Objet_02965
Radioactive,Objet_17163
Pressurized,Objet_14895
Toxic,Objet_03681
Oxidizing,Objet_10984
Toxic,Objet_25404
Explosive,Objet_30078
Fragile,Objet_13152
Fragile,Objet_17507
Unspecified,Objet_07203
Unspecified,Objet_07525
Food,Objet_06758
Unspecified,Objet_17258
Oxidizing,Objet_16058
Oxidizing,Objet_20810
Oxidizing,Objet_22895
Radioactive,Objet_00994
Oxidizing,Objet_26854
Radioactive,Objet_01132
Toxic,Objet_12262
Unspecified,Objet_00573
Fragile,Objet_25106
Oxidizing,Objet_22333
Flammable,Objet_12869
Pressurized,Objet_20493
Corrosive,Objet_05685
Food,Objet_19880
Explosive,Objet_16382
Explosive,Objet_01290
Food,Objet_14368
Explosive,Objet_06665
Corrosive,Objet_08728
Food,Objet_14824
Fragile,Objet_08237
Oxidizing,Objet_16644
Oxidizing,Objet_26890
Unspecified,Objet_07906
Explosive,Objet_12289
Radioactive,Objet_00934
Food,Objet_20039
Food,Objet_11674
Fragile,Objet_15895
Explosive,Objet_25465
Flammable,Objet_15924
Corrosive,Objet_24507
Fragile,Objet_18456
Fragile,Objet_15907
Explosive,Objet_11897
Toxic,Objet_21678
Food,Objet_16157
Food,Objet_15613
Oxidizing,Objet_17719
Toxic,Objet_25767
Explosive,Objet_01264
Toxic,Objet_26589
Oxidizing,Objet_05208
Corrosive,Objet_05049
Radioactive,Objet_18728
Oxidizing,Objet_05601
Unspecified,Objet_16920
Flammable,Objet_22682
Oxidizing,Objet_05507
Corrosive,Objet_25112
Toxic,Objet_21676
Unspecified,Objet_20522
Unspecified,Objet_19067
Pressurized,Objet_08200
Corrosive,Objet_05663
Corrosive,Objet_28176
Explosive,Objet_25763
Fragile,Objet_11697
Toxic,Objet_01233
Corrosive,Objet_12367
Unspecified,Objet_22668
Pressurized,Objet_27994
Explosive,Objet_04301
Radioactive,Objet_06817
Pressurized,Objet_19675
Unspecified,Objet_17711
Radioactive,Objet_21787
Radioactive,Objet_13154
Radioactive,Objet_04910
Explosive,Objet_27263
Fragile,Objet_22455
Radioactive,Objet_13901
Corrosive,Objet_23157
Explosive,Objet_26899
Flammable,Objet_21108
Fragile,Objet_13588
Pressurized,Objet_15214
Corrosive,Objet_25489
Corrosive,Objet_01112
Oxidizing,Objet_11576
Radioactive,Objet_07262
Oxidizing,Objet_01410
Toxic,Objet_17968
Food,Objet_29891
Unspecified,Objet_03195
Radioactive,Objet_00067
Corrosive,Objet_06858
Flammable,Objet_02070
Food,Objet_18478
Food,Objet_21646
Corrosive,Objet_29586
Oxidizing,Objet_11379
Oxidizing,Objet_26976
Toxic,Objet_07391
Flammable,Objet_07645
Explosive,Objet_15261
Oxidizing,Objet_14869
Food,Objet_08926
Flammable,Objet_04930
Fragile,Objet_07455
Flammable,Objet_06464
Toxic,Objet_13018
Toxic,Objet_09907
Flammable,Objet_15687
Radioactive,Objet_24174
Flammable,Objet_20698
Toxic,Objet_12297
Corrosive,Objet_17340
Fragile,Objet_21759
Unspecified,Objet_04613
Toxic,Objet_25931
Pressurized,Objet_18834
Fragile,Objet_26310
Radioactive,Objet_02721
Flammable,Objet_03367
Radioactive,Objet_08866
Unspecified,Objet_27341
Pressurized,Objet_28027
Food,Objet_07565
Flammable,Objet_29948
Flammable,Objet_16215
Oxidizing,Objet_27392
Toxic,Objet_14490
Explosive,Objet_04141
Oxidizing,Objet_19906
Radioactive,Objet_15786
Flammable,Objet_04837
Toxic,Objet_07908
Flammable,Objet_05844
Fragile,Objet_20758
Radioactive,Objet_05268
Unspecified,Objet_22117
Food,Objet_28999
Food,Objet_18231
Corrosive,Objet_21827
Flammable,Objet_15426
Explosive,Objet_20280
Oxidizing,Objet_25629
Food,Objet_22178
Unspecified,Objet_28813
Explosive,Objet_08969
Unspecified,Objet_29017
Radioactive,Objet_09583
Flammable,Objet_22729
Oxidizing,Objet_17364
Fragile,Objet_18988
Corrosive,Objet_28787
Fragile,Objet_25231
Radioactive,Objet_20978
Radioactive,Objet_29490
Explosive,Objet_14662
Oxidizing,Objet_18526
Corrosive,Objet_29856
Radioactive,Objet_29322
Food,Objet_13082
Explosive,Objet_01168
Oxidizing,Objet_06804
Fragile,Objet_03480
Corrosive,Objet_21577
Fragile,Objet_02682
Flammable,Objet_09865
Oxidizing,Objet_08472
Pressurized,Objet_07044
Food,Objet_01243
Toxic,Objet_14409
Corrosive,Objet_12664
Oxidizing,Objet_19542
Oxidizing,Objet_03981
Radioactive,Objet_27125
Radioactive,Objet_26431
Oxidizing,Objet_22244
Food,Objet_23841
Radioactive,Objet_26464
Unspecified,Objet_15258
Explosive,Objet_06369
Explosive,Objet_21776
Radioactive,Objet_14144
Radioactive,Objet_00334
Explosive,Objet_11623
Toxic,Objet_20838
Radioactive,Objet_10147
Corrosive,Objet_24685
Radioactive,Objet_24411
Radioactive,Objet_16767
Explosive,Objet_27586
Flammable,Objet_12408
Corrosive,Objet_01821
Food,Objet_11587
Unspecified,Objet_27163
Food,Objet_28768
Food,Objet_28432
Radioactive,Objet_25702
Food,Objet_05620
Corrosive,Objet_19856
Radioactive,Objet_28628
Radioactive,Objet_11941
Food,Objet_21608
Pressurized,Objet_28762
Toxic,Objet_00456
Radioactive,Objet_24548
Pressurized,Objet_16098
Food,Objet_18107
Oxidizing,Objet_03006
Flammable,Objet_18936
Oxidizing,Objet_19889
Flammable,Objet_13364
Oxidizing,Objet_29274
Corrosive,Objet_02851
Food,Objet_09074
Food,Objet_03916
Fragile,Objet_24109
Fragile,Objet_25375
Fragile,Objet_07487
Pressurized,Objet_03811
Toxic,Objet_22368
Fragile,Objet_29474
Toxic,Objet_22069
Pressurized,Objet_30030
Food,Objet_29924
Explosive,Objet_19919
Unspecified,Objet_01569
Explosive,Objet_18105
Radioactive,Objet_15268
Explosive,Objet_21543
Pressurized,Objet_15123
Food,Objet_02941
Radioactive,Objet_30018
Unspecified,Objet_20548
Pressurized,Objet_09212
Unspecified,Objet_23667
Fragile,Objet_29710
Pressurized,Objet_20085
Oxidizing,Objet_10150
Toxic,Objet_01760
Food,Objet_14897
Flammable,Objet_06503
Pressurized,Objet_19039
Explosive,Objet_18678
Explosive,Objet_24028
Food,Objet_12521
Corrosive,Objet_06845
Explosive,Objet_23836
Pressurized,Objet_01783
Oxidizing,Objet_00651
Flammable,Objet_05800
Toxic,Objet_02360
Radioactive,Objet_16691
Explosive,Objet_20733
Flammable,Objet_29912
Corrosive,Objet_13085
Oxidizing,Objet_18192
Radioactive,Objet_26202
Corrosive,Objet_28438
Explosive,Objet_30089
Unspecified,Objet_27087
Flammable,Objet_20241
Pressurized,Objet_25265
Explosive,Objet_05927
Explosive,Objet_14172
Radioactive,Objet_29887
Fragile,Objet_01510
Explosive,Objet_08459
Explosive,Objet_15310
Explosive,Objet_28065
Explosive,Objet_20804
Pressurized,Objet_18572
Pressurized,Objet_12202
Pressurized,Objet_23530
Oxidizing,Objet_10710
Unspecified,Objet_28351
Unspecified,Objet_03116
Corrosive,Objet_08905
Fragile,Objet_17514
Flammable,Objet_18149
Toxic,Objet_16748
Fragile,Objet_20557
Flammable,Objet_24511
Unspecified,Objet_29823
Toxic,Objet_08445
Toxic,Objet_10596
Oxidizing,Objet_12921
Food,Objet_07033
Radioactive,Objet_27026
Fragile,Objet_15922
Fragile,Objet_00153
Fragile,Objet_21302
Radioactive,Objet_27921
Toxic,Objet_27155
Toxic,Objet_22553
Corrosive,Objet_03055
Pressurized,Objet_16404
Unspecified,Objet_15670
Oxidizing,Objet_13105
Unspecified,Objet_12947
Unspecified,Objet_19324
Flammable,Objet_06407
Corrosive,Objet_11263
Oxidizing,Objet_13079
Explosive,Objet_08543
Flammable,Objet_02213
Fragile,Objet_12581
Radioactive,Objet_04045
Pressurized,Objet_00433
Corrosive,Objet_16589
Radioactive,Objet_02454
Fragile,Objet_17696
Explosive,Objet_24489
Unspecified,Objet_22588
Fragile,Objet_08041
Radioactive,Objet_05964
Corrosive,Objet_14848
Pressurized,Objet_24338
Unspecified,Objet_13973
Unspecified,Objet_27045
Pressurized,Objet_29942
Corrosive,Objet_20231
Corrosive,Objet_18540
Toxic,Objet_26732
Toxic,Objet_02006
Oxidizing,Objet_17519
Toxic,Objet_11130
Explosive,Objet_10458
Explosive,Objet_01225
Unspecified,Objet_24610
Fragile,Objet_07069
Oxidizing,Objet_28217
Corrosive,Objet_04526
Oxidizing,Objet_05076
Fragile,Objet_13848
Toxic,Objet_01587
Unspecified,Objet_22525
Toxic,Objet_24407
Fragile,Objet_03412
Unspecified,Objet_01434
Explosive,Objet_20787
Unspecified,Objet_09700
Corrosive,Objet_23362
Unspecified,Objet_02408
Food,Objet_14293
Unspecified,Objet_29026
Radioactive,Objet_27070
Fragile,Objet_21269
Food,Objet_02026
Unspecified,Objet_27778
Pressurized,Objet_26953
Food,Objet_05174
Unspecified,Objet_05005
Pressurized,Objet_16132
Unspecified,Objet_01733
Oxidizing,Objet_09257
Fragile,Objet_10406
Flammable,Objet_01180
Oxidizing,Objet_15228
Corrosive,Objet_21283
Flammable,Objet_23215
Explosive,Objet_19637
Pressurized,Objet_27080
Radioactive,Objet_12349
Pressurized,Objet_23323
Oxidizing,Objet_04071
Corrosive,Objet_14896
Explosive,Objet_02355
Fragile,Objet_01538
Explosive,Objet_27183
Oxidizing,Objet_26825
Oxidizing,Objet_21356
Oxidizing,Objet_11749
Explosive,Objet_24719
Explosive,Objet_26855
Explosive,Objet_03842
Food,Objet_25974
Corrosive,Objet_14265
Fragile,Objet_09433
Pressurized,Objet_18502
Flammable,Objet_01056
Flammable,Objet_01811
Toxic,Objet_25911
Corrosive,Objet_14668
Unspecified,Objet_07019
Flammable,Objet_09919
Fragile,Objet_12411
Pressurized,Objet_16851
Pressurized,Objet_16209
Oxidizing,Objet_11415
Pressurized,Objet_00470
Corrosive,Objet_04608
Toxic,Objet_24322
Radioactive,Objet_04813
Pressurized,Objet_04853
Explosive,Objet_04160
Corrosive,Objet_09340
Unspecified,Objet_15332
Radioactive,Objet_17885
Flammable,Objet_25077
Pressurized,Objet_22103
Toxic,Objet_02435
Unspecified,Objet_06077
Pressurized,Objet_08633
Flammable,Objet_02601
Unspecified,Objet_13353
Explosive,Objet_10790
Food,Objet_21259
Food,Objet_21713
Flammable,Objet_22811
Fragile,Objet_28888
Toxic,Objet_18498
Oxidizing,Objet_08119
Explosive,Objet_29744
Food,Objet_28632
Unspecified,Objet_01722
Flammable,Objet_00169
Flammable,Objet_05000
Pressurized,Objet_26508
Explosive,Objet_10651
Corrosive,Objet_27551
Corrosive,Objet_21000
Oxidizing,Objet_21497
Fragile,Objet_06666
Corrosive,Objet_21883
Flammable,Objet_12436
Oxidizing,Objet_09863
Fragile,Objet_26842
Explosive,Objet_19278
Food,Objet_16831
Food,Objet_20702
Flammable,Objet_17911
Corrosive,Objet_11545
Oxidizing,Objet_09156
Unspecified,Objet_06565
Unspecified,Objet_12199
Pressurized,Objet_05276
Radioactive,Objet_03855
Toxic,Objet_13457
Unspecified,Objet_17725
Oxidizing,Objet_04013
Food,Objet_07073
Fragile,Objet_08458
Toxic,Objet_25123
Radioactive,Objet_20436
Corrosive,Objet_13316
Oxidizing,Objet_07145
Unspecified,Objet_05874
Food,Objet_23258
Explosive,Objet_26711
Oxidizing,Objet_12601
Food,Objet_03014
Unspecified,Objet_26503
Corrosive,Objet_12137
Unspecified,Objet_26741
Unspecified,Objet_14929
Explosive,Objet_13368
Pressurized,Objet_25669
Toxic,Objet_19907
Oxidizing,Objet_02158
Food,Objet_14804
Unspecified,Objet_09499
Oxidizing,Objet_26247
Explosive,Objet_08701
Flammable,Objet_21563
Toxic,Objet_06272
Explosive,Objet_18165
Explosive,Objet_30133
Pressurized,Objet_27712
Food,Objet_22282
Unspecified,Objet_17108
Unspecified,Objet_17172
Fragile,Objet_26147
Toxic,Objet_01010
Corrosive,Objet_24349
Explosive,Objet_24561
Pressurized,Objet_20443
Explosive,Objet_10983
Oxidizing,Objet_21993
Corrosive,Objet_11282
Toxic,Objet_13088
Oxidizing,Objet_11803
Flammable,Objet_03017
Toxic,Objet_04816
Flammable,Objet_16457
Explosive,Objet_10118
Corrosive,Objet_24732
Flammable,Objet_07888
Oxidizing,Objet_20598
Toxic,Objet_24691
Explosive,Objet_19112
Radioactive,Objet_11934
Radioactive,Objet_10160
Pressurized,Objet_19401
Flammable,Objet_05216
Oxidizing,Objet_18465
Oxidizing,Objet_25061
Oxidizing,Objet_23532
Explosive,Objet_06842
Pressurized,Objet_29605
Toxic,Objet_03876
Corrosive,Objet_07523
Fragile,Objet_05674
Explosive,Objet_25471
Radioactive,Objet_17470
Toxic,Objet_04286
Radioactive,Objet_24250
Unspecified,Objet_17244
Food,Objet_16630
Radioactive,Objet_11040
Oxidizing,Objet_23358
Fragile,Objet_05209
Flammable,Objet_08920
Unspecified,Objet_29521
Corrosive,Objet_14471
Food,Objet_15934
Unspecified,Objet_19969
Flammable,Objet_10517
Corrosive,Objet_01215
Unspecified,Objet_25419
Toxic,Objet_02743
Explosive,Objet_19327
Pressurized,Objet_13341
Corrosive,Objet_20010
Pressurized,Objet_17286
Unspecified,Objet_28654
Fragile,Objet_21958
Radioactive,Objet_21503
Radioactive,Objet_23135
Oxidizing,Objet_24532
Flammable,Objet_19418
Fragile,Objet_14524
Unspecified,Objet_11396
Food,Objet_02340
Pressurized,Objet_07830
Corrosive,Objet_15380
Explosive,Objet_29311
Explosive,Objet_29426
Flammable,Objet_03809
Fragile,Objet_01527
Food,Objet_16300
Food,Objet_07569
Pressurized,Objet_23007
Toxic,Objet_18944
Oxidizing,Objet_29073
Food,Objet_28402
Food,Objet_08818
Corrosive,Objet_29337
Food,Objet_12303
Corrosive,Objet_24772
Radioactive,Objet_27589
Fragile,Objet_02168
Pressurized,Objet_18638
Flammable,Objet_05875
Explosive,Objet_02998
Oxidizing,Objet_06995
Flammable,Objet_29626
Toxic,Objet_03812
Flammable,Objet_20983
Food,Objet_23640
Corrosive,Objet_25243
Unspecified,Objet_27522
Fragile,Objet_12359
Food,Objet_03585
Corrosive,Objet_11157
Oxidizing,Objet_20676
Food,Objet_04523
Food,Objet_19491
Fragile,Objet_12123
Explosive,Objet_12574
Toxic,Objet_11234
Pressurized,Objet_23301
Toxic,Objet_22304
Food,Objet_19014
Flammable,Objet_21380
Flammable,Objet_12093
Explosive,Objet_26733
Food,Objet_01332
Explosive,Objet_10796
Oxidizing,Objet_14165
Radioactive,Objet_10490
Oxidizing,Objet_19271
Explosive,Objet_02728
Explosive,Objet_17828
Corrosive,Objet_19331
Unspecified,Objet_01869
Corrosive,Objet_01703
Toxic,Objet_23176
Oxidizing,Objet_28838
Oxidizing,Objet_06843
Radioactive,Objet_07149
Unspecified,Objet_16731
Toxic,Objet_15702
Explosive,Objet_16248
Fragile,Objet_24479
Pressurized,Objet_06612
Corrosive,Objet_04881
Oxidizing,Objet_25172
Fragile,Objet_12522
Unspecified,Objet_27327
Flammable,Objet_09268
Flammable,Objet_04136
Corrosive,Objet_25254
Toxic,Objet_10175
Toxic,Objet_19287
Radioactive,Objet_18089
Explosive,Objet_28288
Toxic,Objet_14412
Radioactive,Objet_04414
Pressurized,Objet_01406
Explosive,Objet_01590
Fragile,Objet_16089
Food,Objet_25329
Pressurized,Objet_04400
Food,Objet_08756
Fragile,Objet_14453
Flammable,Objet_20956
Pressurized,Objet_22841
Corrosive,Objet_26119
Toxic,Objet_21905
Radioactive,Objet_22799
Flammable,Objet_22954
Food,Objet_04042
Pressurized,Objet_06791
Food,Objet_26471
Fragile,Objet_25899
Fragile,Objet_09130
Pressurized,Objet_22051
Corrosive,Objet_10616
Explosive,Objet_28577
Flammable,Objet_01227
Corrosive,Objet_24289
Food,Objet_11319
Flammable,Objet_21723
Corrosive,Objet_29800
Toxic,Objet_01486
Pressurized,Objet_08210
Fragile,Objet_03447
Unspecified,Objet_08071
Oxidizing,Objet_19833
Food,Objet_01042
Unspecified,Objet_11038
Toxic,Objet_26662
Explosive,Objet_17144
Fragile,Objet_02791
Explosive,Objet_02811
Oxidizing,Objet_14928
Unspecified,Objet_01133
Food,Objet_04234
Unspecified,Objet_26646
Flammable,Objet_03546
Radioactive,Objet_02027
Radioactive,Objet_12226
Unspecified,Objet_14485
Fragile,Objet_29067
Toxic,Objet_06131
Radioactive,Objet_29443
Food,Objet_11486
Unspecified,Objet_05184
Pressurized,Objet_21483
Radioactive,Objet_21390
Explosive,Objet_22375
Explosive,Objet_16284
Oxidizing,Objet_19890
Unspecified,Objet_04350
Oxidizing,Objet_25503
Unspecified,Objet_01964
Toxic,Objet_22789
Oxidizing,Objet_08838
Radioactive,Objet_19596
Oxidizing,Objet_21049
Explosive,Objet_28579
Unspecified,Objet_13005
Explosive,Objet_23192
Pressurized,Objet_23712
Fragile,Objet_00346
Radioactive,Objet_06174
Unspecified,Objet_20253
Oxidizing,Objet_11964
Flammable,Objet_09521
Flammable,Objet_20058
Explosive,Objet_06434
Unspecified,Objet_02974
Corrosive,Objet_20284
Flammable,Objet_28591
Radioactive,Objet_24729
Fragile,Objet_22713
Food,Objet_02394
Toxic,Objet_12753
Unspecified,Objet_28559
Corrosive,Objet_05647
Explosive,Objet_05992
Food,Objet_08009
Food,Objet_20805
Toxic,Objet_15780
Corrosive,Objet_24386
Oxidizing,Objet_03978
Pressurized,Objet_17782
Explosive,Objet_12950
Food,Objet_23810
Oxidizing,Objet_00647
Food,Objet_25910
Flammable,Objet_27106
Toxic,Objet_22660
Flammable,Objet_26807
Oxidizing,Objet_19742
Corrosive,Objet_21930
Unspecified,Objet_23999
Oxidizing,Objet_12541
Pressurized,Objet_11916
Toxic,Objet_17612
Pressurized,Objet_13380
Radioactive,Objet_15010
Oxidizing,Objet_04115
Unspecified,Objet_26582
Toxic,Objet_17938
Oxidizing,Objet_27637
Fragile,Objet_00773
Pressurized,Objet_03214
Food,Objet_26921
Toxic,Objet_08846
Oxidizing,Objet_26146
Toxic,Objet_22781
Pressurized,Objet_09056
Pressurized,Objet_26434
Food,Objet_28921
Corrosive,Objet_08909
Flammable,Objet_24834
Explosive,Objet_23156
Fragile,Objet_22386
Explosive,Objet_09115
Unspecified,Objet_08264
Corrosive,Objet_08191
Unspecified,Objet_12282
Unspecified,Objet_12494
Flammable,Objet_00133
Unspecified,Objet_17109
Food,Objet_28927
Explosive,Objet_15329
Pressurized,Objet_03248
Corrosive,Objet_00638
Toxic,Objet_08884
Toxic,Objet_10986
Explosive,Objet_04104
Unspecified,Objet_04476
Toxic,Objet_16288
Flammable,Objet_15489
Fragile,Objet_07699
Food,Objet_20352
Oxidizing,Objet_19058
Fragile,Objet_28719
Explosive,Objet_08193
Radioactive,Objet_19852
Explosive,Objet_26255
Explosive,Objet_22907
Fragile,Objet_21184
Radioactive,Objet_21305
Oxidizing,Objet_16007
Oxidizing,Objet_29040
Pressurized,Objet_12499
Food,Objet_05609
Fragile,Objet_09978
Explosive,Objet_09378
Flammable,Objet_28828
Fragile,Objet_28173
Toxic,Objet_22093
Fragile,Objet_20719
Pressurized,Objet_07847
Explosive,Objet_10689
Oxidizing,Objet_19501
Radioactive,Objet_14261
Oxidizing,Objet_21040
Pressurized,Objet_29112
Flammable,Objet_02366
Food,Objet_18734
Fragile,Objet_10101
Corrosive,Objet_14231
Explosive,Objet_02855
Toxic,Objet_09172
Flammable,Objet_05824
Food,Objet_13304
Fragile,Objet_09572
Flammable,Objet_06375
Corrosive,Objet_17102
Unspecified,Objet_18676
Radioactive,Objet_26164
Toxic,Objet_27147
Food,Objet_05508
Food,Objet_01864
Fragile,Objet_21850
Corrosive,Objet_24212
Corrosive,Objet_08058
Corrosive,Objet_18811
Toxic,Objet_10213
Fragile,Objet_20296
Toxic,Objet_22755
Toxic,Objet_02603
Unspecified,Objet_14167
Toxic,Objet_00567
Unspecified,Objet_11422
Pressurized,Objet_18243
Corrosive,Objet_16123
Food,Objet_19901
Radioactive,Objet_10483
Toxic,Objet_23225
Fragile,Objet_18910
Unspecified,Objet_21100
Fragile,Objet_26714
Food,Objet_08566
Oxidizing,Objet_07703
Pressurized,Objet_08894
Fragile,Objet_00243
Toxic,Objet_08999
Food,Objet_17314
Fragile,Objet_20737
Corrosive,Objet_26340
Food,Objet_02810
Toxic,Objet_00781
Pressurized,Objet_14847
Pressurized,Objet_15388
Corrosive,Objet_22778
Toxic,Objet_17449
Pressurized,Objet_24440
Radioactive,Objet_12766
Corrosive,Objet_22485
Flammable,Objet_08674
Oxidizing,Objet_23334
Flammable,Objet_17140
Food,Objet_11309
Explosive,Objet_20131
Pressurized,Objet_28683
Oxidizing,Objet_27509
Radioactive,Objet_08746
Flammable,Objet_13333
Fragile,Objet_15172
Unspecified,Objet_04543
Fragile,Objet_24306
Pressurized,Objet_16109
Fragile,Objet_01656
Radioactive,Objet_27223
Oxidizing,Objet_12550
Food,Objet_28055
Explosive,Objet_24159
Explosive,Objet_03439
Fragile,Objet_19524
Fragile,Objet_03783
Food,Objet_20215
Toxic,Objet_14008
Pressurized,Objet_28501
Explosive,Objet_12984
Oxidizing,Objet_23214
Explosive,Objet_02153
Oxidizing,Objet_29416
Explosive,Objet_16258
Toxic,Objet_20300
Pressurized,Objet_26106
Fragile,Objet_10864
Unspecified,Objet_28017
Toxic,Objet_28456
Explosive,Objet_00026
Explosive,Objet_21266
Flammable,Objet_22444
Fragile,Objet_14229
Corrosive,Objet_20536
Oxidizing,Objet_19142
Oxidizing,Objet_12528
Radioactive,Objet_11342
Flammable,Objet_06243
Pressurized,Objet_05891
Corrosive,Objet_11593
Oxidizing,Objet_08598
Radioactive,Objet_06586
Unspecified,Objet_03175
Food,Objet_06677
Explosive,Objet_16944
Unspecified,Objet_18952
Oxidizing,Objet_25306
Corrosive,Objet_08893
Corrosive,Objet_09756
Explosive,Objet_05071
Explosive,Objet_07605
Corrosive,Objet_25664
Explosive,Objet_05294
Corrosive,Objet_09111
Toxic,Objet_04031
Oxidizing,Objet_00736
Food,Objet_28939
Radioactive,Objet_28616
Flammable,Objet_17034
Fragile,Objet_11029
Corrosive,Objet_28596
Toxic,Objet_19781
Explosive,Objet_27014
Pressurized,Objet_22970
Pressurized,Objet_09601
Explosive,Objet_21912
Food,Objet_05845
Toxic,Objet_24970
Oxidizing,Objet_24574
Pressurized,Objet_14375
Oxidizing,Objet_00936
Unspecified,Objet_22576
Toxic,Objet_26501
Radioactive,Objet_16705
Flammable,Objet_29419
Unspecified,Objet_12346
Explosive,Objet_22297
Pressurized,Objet_12570
Food,Objet_28671
Pressurized,Objet_02863
Pressurized,Objet_02256
Radioactive,Objet_06186
Unspecified,Objet_23829
Flammable,Objet_23550
Toxic,Objet_06399
Explosive,Objet_00973
Pressurized,Objet_28271
Toxic,Objet_11928
Corrosive,Objet_15598
Corrosive,Objet_09381
Unspecified,Objet_29582
Fragile,Objet_20380
Food,Objet_13318
Radioactive,Objet_19084
Fragile,Objet_04859
Food,Objet_14556
Flammable,Objet_18621
Food,Objet_22470
Fragile,Objet_23191
Flammable,Objet_18071
Food,Objet_11866
Toxic,Objet_05152
Corrosive,Objet_27213
Unspecified,Objet_10266
Corrosive,Objet_11693
Corrosive,Objet_08666
Unspecified,Objet_15317
Toxic,Objet_24148
Unspecified,Objet_10844
Corrosive,Objet_12009
Toxic,Objet_19975
Fragile,Objet_05526
Radioactive,Objet_04469
Oxidizing,Objet_05180
Unspecified,Objet_19104
Unspecified,Objet_14399
Pressurized,Objet_12211
Food,Objet_03510
Corrosive,Objet_06421
Toxic,Objet_19182
Explosive,Objet_12981
Unspecified,Objet_18580
Radioactive,Objet_07620
Pressurized,Objet_14196
Explosive,Objet_09936
Fragile,Objet_03723
Radioactive,Objet_05299
Pressurized,Objet_13469
Oxidizing,Objet_20432
Radioactive,Objet_20657
Pressurized,Objet_12024
Food,Objet_06353
Radioactive,Objet_29765
Oxidizing,Objet_26139
Flammable,Objet_14911
Radioactive,Objet_04692
Pressurized,Objet_14770
Food,Objet_20232
Oxidizing,Objet_01726
Fragile,Objet_20088
Fragile,Objet_24058
Flammable,Objet_14309
Pressurized,Objet_06479
Unspecified,Objet_06730
Oxidizing,Objet_22522
Oxidizing,Objet_14136
Pressurized,Objet_03554
Explosive,Objet_29406
Corrosive,Objet_12880
Radioactive,Objet_01429
Corrosive,Objet_18045
Fragile,Objet_13217
Unspecified,Objet_10593
Toxic,Objet_08804
Explosive,Objet_09754
Oxidizing,Objet_29518
Unspecified,Objet_18866
Food,Objet_02730
Unspecified,Objet_01356
Radioactive,Objet_12892
Pressurized,Objet_26496
Oxidizing,Objet_18116
Radioactive,Objet_22434
Radioactive,Objet_08931
Unspecified,Objet_01927
Pressurized,Objet_12740
Food,Objet_26932
Food,Objet_19628
Oxidizing,Objet_18918
Unspecified,Objet_27681
Food,Objet_23858
Explosive,Objet_10979
Unspecified,Objet_24997
Unspecified,Objet_11345
Pressurized,Objet_02487
Oxidizing,Objet_15886
Unspecified,Objet_28325
Toxic,Objet_01762
Radioactive,Objet_25952
Fragile,Objet_24135
Radioactive,Objet_03023
Flammable,Objet_08290
Food,Objet_11200
Food,Objet_09397
Oxidizing,Objet_14647
Explosive,Objet_05554
Radioactive,Objet_18614
Toxic,Objet_29339
Food,Objet_28669
Unspecified,Objet_14065
Toxic,Objet_19768
Toxic,Objet_15238
Flammable,Objet_01504
Corrosive,Objet_29179
Corrosive,Objet_04046
Pressurized,Objet_29298
Pressurized,Objet_05614
Toxic,Objet_13384
Pressurized,Objet_05224
Corrosive,Objet_18379
Corrosive,Objet_11913
Explosive,Objet_01677
Fragile,Objet_01937
Fragile,Objet_21717
Fragile,Objet_17986
Explosive,Objet_11519
Oxidizing,Objet_20457
Fragile,Objet_08963
Unspecified,Objet_02759
Corrosive,Objet_04254
Oxidizing,Objet_07860
Toxic,Objet_13889
Food,Objet_11103
Toxic,Objet_26158
Unspecified,Objet_03429
Flammable,Objet_02169
Corrosive,Objet_23793
Explosive,Objet_17611
Fragile,Objet_12962
Food,Objet_23881
Oxidizing,Objet_07383
Corrosive,Objet_16356
Flammable,Objet_04534
Corrosive,Objet_17552
Fragile,Objet_03623
Unspecified,Objet_24416
Flammable,Objet_17802
Toxic,Objet_28524
Corrosive,Objet_01772
Corrosive,Objet_02253
Fragile,Objet_25936
Flammable,Objet_27809
Pressurized,Objet_17483
Explosive,Objet_23891
Radioactive,Objet_11185
Corrosive,Objet_09673
Fragile,Objet_07685
Toxic,Objet_27877
Corrosive,Objet_03472
Explosive,Objet_24679
Unspecified,Objet_08922
Oxidizing,Objet_28887
Oxidizing,Objet_13194
Flammable,Objet_03988
Oxidizing,Objet_28953
Radioactive,Objet_22535
Unspecified,Objet_06370
Food,Objet_04945
Oxidizing,Objet_18513
Fragile,Objet_01004
Oxidizing,Objet_14047
Corrosive,Objet_29579
Pressurized,Objet_11622
Fragile,Objet_08860
Oxidizing,Objet_03902
Food,Objet_26177
Flammable,Objet_16650
Corrosive,Objet_24288
Food,Objet_04852
Explosive,Objet_10789
Flammable,Objet_01682
Flammable,Objet_22739
Pressurized,Objet_14720
Corrosive,Objet_03719
Corrosive,Objet_24214
Oxidizing,Objet_08994
Unspecified,Objet_01444
Fragile,Objet_06012
Fragile,Objet_00900
Flammable,Objet_05392
Corrosive,Objet_26301
Pressurized,Objet_24274
Pressurized,Objet_16981
Flammable,Objet_19392
Corrosive,Objet_22823
Corrosive,Objet_22389
Unspecified,Objet_29724
Flammable,Objet_01249
Explosive,Objet_23984
Fragile,Objet_29573
Fragile,Objet_11513
Fragile,Objet_11430
Flammable,Objet_07448
Explosive,Objet_07689
Toxic,Objet_12496
Toxic,Objet_14149
Corrosive,Objet_16458
Unspecified,Objet_07014
Oxidizing,Objet_29121
Toxic,Objet_27291
Corrosive,Objet_18201
Food,Objet_08026
Flammable,Objet_23382
Toxic,Objet_16733
Pressurized,Objet_00264
Corrosive,Objet_26720
Toxic,Objet_27092
Fragile,Objet_14742
Corrosive,Objet_12604
Oxidizing,Objet_17045
Food,Objet_30086
Radioactive,Objet_01658
Toxic,Objet_26902
Corrosive,Objet_13213
Pressurized,Objet_21511
Flammable,Objet_10949
Pressurized,Objet_21078
Toxic,Objet_25592
Fragile,Objet_14208
Unspecified,Objet_12179
Food,Objet_00819
Unspecified,Objet_26640
Toxic,Objet_03247
Food,Objet_02659
Flammable,Objet_29721
Corrosive,Objet_17450
Unspecified,Objet_16698
Pressurized,Objet_29718
Fragile,Objet_15295
Flammable,Objet_22989
Toxic,Objet_26747
Flammable,Objet_08270
Radioactive,Objet_02548
Oxidizing,Objet_14139
Pressurized,Objet_26438
Oxidizing,Objet_26277
Radioactive,Objet_04219
Explosive,Objet_00175
Toxic,Objet_30101
Corrosive,Objet_15777
Food,Objet_29461
Flammable,Objet_25915
Flammable,Objet_01021
Corrosive,Objet_04782
Flammable,Objet_11617
Food,Objet_17939
Pressurized,Objet_03015
Flammable,Objet_23681
Unspecified,Objet_09529
Explosive,Objet_27424
Oxidizing,Objet_13283
Food,Objet_09991
Unspecified,Objet_14514
Corrosive,Objet_28871
Pressurized,Objet_13699
Fragile,Objet_20271
Explosive,Objet_03933
Explosive,Objet_11799
Food,Objet_17982
Food,Objet_12037
Unspecified,Objet_05349
Corrosive,Objet_09903
Pressurized,Objet_12926
Radioactive,Objet_16011
Flammable,Objet_12960
Fragile,Objet_01870
Toxic,Objet_07686
Pressurized,Objet_08547
Unspecified,Objet_00254
Explosive,Objet_14105
Explosive,Objet_15145
Radioactive,Objet_21470
Corrosive,Objet_24544
Explosive,Objet_07507
Fragile,Objet_26302
Toxic,Objet_14941
Corrosive,Objet_16743
Oxidizing,Objet_26903
Toxic,Objet_00494
Food,Objet_11014
Toxic,Objet_17040
Flammable,Objet_03153
Toxic,Objet_26365
Flammable,Objet_09072
Fragile,Objet_03237
Flammable,Objet_04675
Corrosive,Objet_07674
Unspecified,Objet_12406
Fragile,Objet_17957
Pressurized,Objet_12045
Food,Objet_05796
Unspecified,Objet_17173
Explosive,Objet_13252
Pressurized,Objet_14537
Food,Objet_05025
Unspecified,Objet_06029
Corrosive,Objet_03451
Food,Objet_13803
Oxidizing,Objet_19942
Fragile,Objet_14937
Unspecified,Objet_20171
Food,Objet_06711
Flammable,Objet_08995
Explosive,Objet_11338
Radioactive,Objet_22523
Radioactive,Objet_25838
Radioactive,Objet_03128
Flammable,Objet_27614
Unspecified,Objet_07026
Fragile,Objet_10755
Food,Objet_04453
Fragile,Objet_16145
Unspecified,Objet_00022
Pressurized,Objet_28826
Radioactive,Objet_12701
Toxic,Objet_05661
Explosive,Objet_16959
Pressurized,Objet_17847
Flammable,Objet_25157
Oxidizing,Objet_14854
Toxic,Objet_06118
Flammable,Objet_06660
Corrosive,Objet_21610
Flammable,Objet_15250
Flammable,Objet_02761
Explosive,Objet_04778
Fragile,Objet_24812
Fragile,Objet_05719
Oxidizing,Objet_16783
Oxidizing,Objet_20863
Toxic,Objet_16718
Oxidizing,Objet_14601
Toxic,Objet_20774
Flammable,Objet_15510
Pressurized,Objet_10644
Corrosive,Objet_29113
Radioactive,Objet_18996
Unspecified,Objet_22296
Explosive,Objet_20632
Flammable,Objet_17156
Unspecified,Objet_08889
Explosive,Objet_15815
Flammable,Objet_29174
Food,Objet_02406
Fragile,Objet_07092
Pressurized,Objet_29010
Radioactive,Objet_09143
Radioactive,Objet_21615
Explosive,Objet_13195
Flammable,Objet_07792
Radioactive,Objet_06615
Pressurized,Objet_01816
Pressurized,Objet_15515
Explosive,Objet_20427
Explosive,Objet_27486
Flammable,Objet_27056
Unspecified,Objet_09727
Fragile,Objet_21292
Pressurized,Objet_06335
Corrosive,Objet_04480
Explosive,Objet_28338
Unspecified,Objet_05352
Fragile,Objet_22948
Oxidizing,Objet_00562
Corrosive,Objet_12847
Unspecified,Objet_16562
Oxidizing,Objet_11480
Fragile,Objet_15477
Toxic,Objet_18420
Toxic,Objet_22332
Pressurized,Objet_14566
Food,Objet_15775
Fragile,Objet_05819
Pressurized,Objet_05413
Toxic,Objet_22396
Corrosive,Objet_07246
Corrosive,Objet_23487
Explosive,Objet_01082
Fragile,Objet_22830
Radioactive,Objet_05354
Fragile,Objet_14354
Explosive,Objet_12405
Corrosive,Objet_00906
Explosive,Objet_20001
Pressurized,Objet_17875
Explosive,Objet_04369
Toxic,Objet_06609
Toxic,Objet_09587
Radioactive,Objet_22836
Flammable,Objet_24509
Food,Objet_05020
Food,Objet_09086
Toxic,Objet_01338
Oxidizing,Objet_04574
Corrosive,Objet_04921
Explosive,Objet_20208
Toxic,Objet_18802
Fragile,Objet_13314
Oxidizing,Objet_19203
Food,Objet_04850
Unspecified,Objet_15361
Oxidizing,Objet_08581
Explosive,Objet_10439
Flammable,Objet_15282
Explosive,Objet_02610
Unspecified,Objet_22060
Oxidizing,Objet_01292
Toxic,Objet_02164
Fragile,Objet_26881
Toxic,Objet_04986
Unspecified,Objet_20829
Fragile,Objet_19438
Fragile,Objet_18829
Corrosive,Objet_10365
Oxidizing,Objet_00727
Corrosive,Objet_00294
Corrosive,Objet_17489
Fragile,Objet_25012
Fragile,Objet_27036
Oxidizing,Objet_23902
Explosive,Objet_17793
Pressurized,Objet_16919
Corrosive,Objet_02661
Unspecified,Objet_14564
Radioactive,Objet_30035
Toxic,Objet_15760
Pressurized,Objet_27120
Explosive,Objet_25907
Radioactive,Objet_25537
Toxic,Objet_08628
Food,Objet_05583
Pressurized,Objet_26784
Radioactive,Objet_01098
Toxic,Objet_06567
Oxidizing,Objet_09535
Toxic,Objet_16513
Unspecified,Objet_04963
Food,Objet_14562
Unspecified,Objet_14002
Food,Objet_22102
Oxidizing,Objet_12310
Unspecified,Objet_10061
Food,Objet_19437
Unspecified,Objet_24488
Pressurized,Objet_21473
Radioactive,Objet_22263
Radioactive,Objet_11838
Explosive,Objet_13498
Fragile,Objet_08015
Corrosive,Objet_24752
Fragile,Objet_26371
Food,Objet_06143
Explosive,Objet_22837
Corrosive,Objet_26637
Fragile,Objet_29349
Explosive,Objet_02420
Radioactive,Objet_15009
Fragile,Objet_14188
Food,Objet_01505
Explosive,Objet_01076
Oxidizing,Objet_22697
Oxidizing,Objet_25326
Corrosive,Objet_11564
Flammable,Objet_09684
Toxic,Objet_26269
Toxic,Objet_12040
Pressurized,Objet_27172
Food,Objet_16377
Radioactive,Objet_26630
Corrosive,Objet_03409
Food,Objet_01357
Flammable,Objet_06700
Unspecified,Objet_08176
Pressurized,Objet_12945
Corrosive,Objet_29598
Unspecified,Objet_15892
Toxic,Objet_26407
Radioactive,Objet_03314
Pressurized,Objet_02877
Pressurized,Objet_10604
Pressurized,Objet_01038
Pressurized,Objet_13223
Oxidizing,Objet_24323
Corrosive,Objet_18514
Flammable,Objet_21715
Pressurized,Objet_18479
Flammable,Objet_25520
Oxidizing,Objet_05720
Pressurized,Objet_12336
Food,Objet_18763
Oxidizing,Objet_27156
Oxidizing,Objet_18903
Toxic,Objet_05837
Fragile,Objet_19776
Pressurized,Objet_19673
Oxidizing,Objet_13833
Flammable,Objet_14226
Corrosive,Objet_06125
Unspecified,Objet_05868
Radioactive,Objet_04288
Oxidizing,Objet_11547
Food,Objet_26372
Explosive,Objet_01848
Flammable,Objet_27514
Toxic,Objet_13338
Unspecified,Objet_03929
Explosive,Objet_08845
Food,Objet_05763
Unspecified,Objet_07466
Fragile,Objet_11135
Oxidizing,Objet_13583
Flammable,Objet_03643
Corrosive,Objet_27492
Pressurized,Objet_11841
Toxic,Objet_08880
Fragile,Objet_14247
Oxidizing,Objet_23708
Toxic,Objet_15866
Pressurized,Objet_11448
Oxidizing,Objet_02957
Fragile,Objet_10854
Oxidizing,Objet_08010
Corrosive,Objet_09106
Flammable,Objet_04376
Fragile,Objet_16341
Oxidizing,Objet_22955
Oxidizing,Objet_27283
Unspecified,Objet_20874
Radioactive,Objet_08398
Fragile,Objet_28603
Explosive,Objet_11224
Pressurized,Objet_24314
Corrosive,Objet_18543
Toxic,Objet_26491
Toxic,Objet_28308
Toxic,Objet_11828
Corrosive,Objet_00060
Explosive,Objet_28696
Oxidizing,Objet_05632
Pressurized,Objet_09490
Unspecified,Objet_28655
Food,Objet_11727
Unspecified,Objet_23194
Fragile,Objet_08940
Corrosive,Objet_13727
Toxic,Objet_25049
Pressurized,Objet_13928
Radioactive,Objet_07123
Unspecified,Objet_25311
Oxidizing,Objet_20753
Oxidizing,Objet_07559
Oxidizing,Objet_06592
Fragile,Objet_02065
Unspecified,Objet_18140
Flammable,Objet_24240
Radioactive,Objet_24897
Fragile,Objet_07793
Fragile,Objet_10961
Radioactive,Objet_12804
Corrosive,Objet_03373
Toxic,Objet_23337
Flammable,Objet_04936
Oxidizing,Objet_26524
Pressurized,Objet_09071
Flammable,Objet_09621
Corrosive,Objet_14372
Flammable,Objet_16029
Corrosive,Objet_26313
Food,Objet_09849
Flammable,Objet_07998
Corrosive,Objet_18111
Food,Objet_19118
Pressurized,Objet_11017
Food,Objet_29439
Radioactive,Objet_05545
Toxic,Objet_13034
Oxidizing,Objet_03553
Unspecified,Objet_25130
Radioactive,Objet_29557
Pressurized,Objet_26581
Explosive,Objet_24210
Food,Objet_21758
Food,Objet_02066
Radioactive,Objet_06658
Unspecified,Objet_27000
Flammable,Objet_25998
Pressurized,Objet_07897
Toxic,Objet_27567
Pressurized,Objet_03878
Food,Objet_17498
Unspecified,Objet_26086
Explosive,Objet_19317
Toxic,Objet_14920
Pressurized,Objet_29501
Flammable,Objet_20461
Radioactive,Objet_02731
Flammable,Objet_16378
Radioactive,Objet_22655
Explosive,Objet_21159
Flammable,Objet_28116
Radioactive,Objet_22924
Pressurized,Objet_13030
Fragile,Objet_20848
Fragile,Objet_16732
Unspecified,Objet_17124
Unspecified,Objet_05831
Fragile,Objet_03875
Pressurized,Objet_11798
Unspecified,Objet_12424
Food,Objet_08029
Unspecified,Objet_03520
Toxic,Objet_00858
Corrosive,Objet_21706
Corrosive,Objet_11939
Fragile,Objet_07480
Unspecified,Objet_10954
Fragile,Objet_29453
Pressurized,Objet_18106
Flammable,Objet_20799
Flammable,Objet_26564
Radioactive,Objet_09704
Unspecified,Objet_11921
Explosive,Objet_04802
Radioactive,Objet_05745
Toxic,Objet_06853
Flammable,Objet_16043
Unspecified,Objet_29381
Food,Objet_13193
Food,Objet_07028
Explosive,Objet_04905
Corrosive,Objet_24011
Corrosive,Objet_20906
Flammable,Objet_07434
Explosive,Objet_21572
Flammable,Objet_14073
Explosive,Objet_12675
Flammable,Objet_02785
Radioactive,Objet_14481
Corrosive,Objet_00703
Corrosive,Objet_13093
Radioactive,Objet_06466
Pressurized,Objet_12837
Unspecified,Objet_21033
Fragile,Objet_19340
Explosive,Objet_09729
Corrosive,Objet_23367
Explosive,Objet_17195
Oxidizing,Objet_23832
Food,Objet_22195
Unspecified,Objet_19094
Corrosive,Objet_15822
Flammable,Objet_23131
Unspecified,Objet_00052
Food,Objet_23419
Corrosive,Objet_23274
Explosive,Objet_11760
Oxidizing,Objet_19042
Radioactive,Objet_22565
Radioactive,Objet_23161
Food,Objet_14370
Explosive,Objet_29663
Radioactive,Objet_12343
Pressurized,Objet_28056
Unspecified,Objet_00788
Radioactive,Objet_27673
Explosive,Objet_27920
Flammable,Objet_19344
Oxidizing,Objet_08266
Explosive,Objet_02008
Food,Objet_13494
Explosive,Objet_26145
Toxic,Objet_17583
Radioactive,Objet_18554
Radioactive,Objet_06392
Toxic,Objet_19702
Unspecified,Objet_11619
Unspecified,Objet_19293
Unspecified,Objet_23799
Explosive,Objet_14533
Flammable,Objet_24585
Unspecified,Objet_01766
Unspecified,Objet_22113
Toxic,Objet_09483
Radioactive,Objet_01409
Unspecified,Objet_28664
Flammable,Objet_23833
Oxidizing,Objet_03998
Radioactive,Objet_10309
Flammable,Objet_19343
Food,Objet_16201
Corrosive,Objet_04731
Flammable,Objet_16046
Food,Objet_29685
Explosive,Objet_26507
Radioactive,Objet_17962
Flammable,Objet_08305
Pressurized,Objet_18778
Oxidizing,Objet_15642
Oxidizing,Objet_09694
Toxic,Objet_25544
Flammable,Objet_12525
Food,Objet_01147
Unspecified,Objet_13026
Explosive,Objet_07009
Fragile,Objet_12162
Toxic,Objet_06888
Corrosive,Objet_18555
Radioactive,Objet_12746
Pressurized,Objet_20060
Oxidizing,Objet_25534
Pressurized,Objet_25585
Fragile,Objet_06397
Oxidizing,Objet_29132
Toxic,Objet_19828
Radioactive,Objet_24683
Corrosive,Objet_01812
Toxic,Objet_24941
Flammable,Objet_08486
Food,Objet_15552
Oxidizing,Objet_05603
Corrosive,Objet_16339
Corrosive,Objet_14651
Pressurized,Objet_14691
Radioactive,Objet_23622
Fragile,Objet_05075
Fragile,Objet_01675
Oxidizing,Objet_18583
Food,Objet_29697
Unspecified,Objet_09731
Unspecified,Objet_09100
Radioactive,Objet_09234
Corrosive,Objet_14672
Food,Objet_07060
Fragile,Objet_13187
Unspecified,Objet_19078
Food,Objet_02443
Pressurized,Objet_21532
Oxidizing,Objet_12463
Flammable,Objet_02956
Radioactive,Objet_30113
Explosive,Objet_21964
Corrosive,Objet_26228
Food,Objet_17074
Radioactive,Objet_23742
Unspecified,Objet_10183
Corrosive,Objet_22238
Corrosive,Objet_20146
Corrosive,Objet_18490
Radioactive,Objet_23430
Toxic,Objet_11664
Unspecified,Objet_08156
Corrosive,Objet_00525
Explosive,Objet_02786
Unspecified,Objet_23108
Fragile,Objet_01066
Corrosive,Objet_09231
Toxic,Objet_22141
Fragile,Objet_09642
Explosive,Objet_05552
Unspecified,Objet_15391
Unspecified,Objet_25989
Pressurized,Objet_01151
Radioactive,Objet_02873
Fragile,Objet_13230
Unspecified,Objet_12638
Radioactive,Objet_19162
Radioactive,Objet_03066
Food,Objet_10808
Radioactive,Objet_19732
Pressurized,Objet_10176
Food,Objet_15872
Unspecified,Objet_03844
Pressurized,Objet_16442
Toxic,Objet_06110
Explosive,Objet_24753
Food,Objet_03207
Corrosive,Objet_03243
Oxidizing,Objet_11942
Radioactive,Objet_24924
Unspecified,Objet_13151
Oxidizing,Objet_21704
Toxic,Objet_28132
Explosive,Objet_14168
Flammable,Objet_23037
Pressurized,Objet_27168
Fragile,Objet_27886
Flammable,Objet_12410
Corrosive,Objet_14987
Corrosive,Objet_08954
Explosive,Objet_13858
Pressurized,Objet_04638
Unspecified,Objet_12225
Radioactive,Objet_09139
Pressurized,Objet_09261
Flammable,Objet_26676
Fragile,Objet_24409
Food,Objet_11151
Explosive,Objet_29130
Corrosive,Objet_29281
Fragile,Objet_07730
Radioactive,Objet_26237
Fragile,Objet_11413
Pressurized,Objet_22099
Explosive,Objet_14641
Oxidizing,Objet_14555
Pressurized,Objet_23635
Oxidizing,Objet_06775
Toxic,Objet_30096
Radioactive,Objet_16047
Fragile,Objet_26299
Oxidizing,Objet_28982
Unspecified,Objet_24304
Food,Objet_09551
Oxidizing,Objet_06626
Toxic,Objet_08606
Unspecified,Objet_11548
Flammable,Objet_05201
Pressurized,Objet_27082
Corrosive,Objet_24301
Flammable,Objet_22692
Explosive,Objet_15151
Pressurized,Objet_03530
Radioactive,Objet_10358
Pressurized,Objet_14885
Explosive,Objet_28715
Food,Objet_26572
Flammable,Objet_26436
Unspecified,Objet_02593
Pressurized,Objet_16353
Corrosive,Objet_17341
Unspecified,Objet_21815
Flammable,Objet_18159
Food,Objet_11902
Food,Objet_19567
Toxic,Objet_25927
Corrosive,Objet_12268
Food,Objet_20690
Pressurized,Objet_25954
Unspecified,Objet_15810
Fragile,Objet_09184
Food,Objet_16418
Corrosive,Objet_18632
Food,Objet_11399
Oxidizing,Objet_06470
Toxic,Objet_25354
Radioactive,Objet_21126
Pressurized,Objet_08051
Unspecified,Objet_25985
Oxidizing,Objet_10345
Flammable,Objet_21337
Corrosive,Objet_11102
Corrosive,Objet_21830
Unspecified,Objet_17541
Radioactive,Objet_22859
Unspecified,Objet_07227
Unspecified,Objet_09484
Unspecified,Objet_08190
Flammable,Objet_04452
Radioactive,Objet_01609
Flammable,Objet_25105
Oxidizing,Objet_21453
Oxidizing,Objet_23707
Flammable,Objet_07978
Fragile,Objet_09185
Radioactive,Objet_25104
Pressurized,Objet_19261
Flammable,Objet_28965
Corrosive,Objet_05637
Food,Objet_04750
Corrosive,Objet_20350
Oxidizing,Objet_26924
Fragile,Objet_09607
Oxidizing,Objet_28709
Explosive,Objet_09766
Pressurized,Objet_30040
Corrosive,Objet_06693
Pressurized,Objet_16588
Radioactive,Objet_03813
Unspecified,Objet_12095
Fragile,Objet_00836
Toxic,Objet_24064
Explosive,Objet_25008
Pressurized,Objet_17019
Flammable,Objet_01930
Unspecified,Objet_24437
Explosive,Objet_03695
Explosive,Objet_24534
Explosive,Objet_22265
Food,Objet_27780
Pressurized,Objet_10594
Unspecified,Objet_17573
Fragile,Objet_19582
Radioactive,Objet_22793
Pressurized,Objet_04251
Fragile,Objet_09882
Pressurized,Objet_18491
Explosive,Objet_17810
Corrosive,Objet_19621
Radioactive,Objet_03780
Flammable,Objet_26224
Fragile,Objet_08238
Unspecified,Objet_15265
Explosive,Objet_29386
Food,Objet_10279
Pressurized,Objet_05115
Explosive,Objet_14797
Explosive,Objet_24008
Fragile,Objet_19269
Flammable,Objet_14419
Oxidizing,Objet_01474
Radioactive,Objet_07761
Pressurized,Objet_15116
Radioactive,Objet_11015
Unspecified,Objet_13006
Unspecified,Objet_14095
Pressurized,Objet_14510
Corrosive,Objet_27384
Flammable,Objet_20302
Toxic,Objet_25971
Flammable,Objet_05485
Oxidizing,Objet_28099
Explosive,Objet_20406
Corrosive,Objet_20151
Food,Objet_23922
Explosive,Objet_17114
Toxic,Objet_19665
Food,Objet_14266
Corrosive,Objet_03104
Oxidizing,Objet_06875
Toxic,Objet_21584
Corrosive,Objet_28070
Food,Objet_24590
Explosive,Objet_06848
Radioactive,Objet_26880
Fragile,Objet_17308
Pressurized,Objet_01346
Radioactive,Objet_01471
Food,Objet_00422
Fragile,Objet_28841
Explosive,Objet_23868
Toxic,Objet_28504
Oxidizing,Objet_00355
Flammable,Objet_24680
Radioactive,Objet_21289
Radioactive,Objet_06435
Corrosive,Objet_06238
Pressurized,Objet_27236
Toxic,Objet_25526
Flammable,Objet_06825
Unspecified,Objet_03050
Oxidizing,Objet_07439
Radioactive,Objet_11340
Food,Objet_28926
Flammable,Objet_10558
Food,Objet_01404
Food,Objet_04521
Fragile,Objet_17379
Explosive,Objet_25755
Explosive,Objet_02881
Explosive,Objet_20153
Corrosive,Objet_29529
Pressurized,Objet_23456
Pressurized,Objet_01839
Corrosive,Objet_01837
Oxidizing,Objet_12629
Fragile,Objet_10025
Pressurized,Objet_14515
Pressurized,Objet_13550
Explosive,Objet_16497
Toxic,Objet_09916
Corrosive,Objet_18464
Pressurized,Objet_05406
Unspecified,Objet_11333
Flammable,Objet_01177
Flammable,Objet_08921
Food,Objet_26009
Explosive,Objet_20431
Pressurized,Objet_11821
Unspecified,Objet_21578
Flammable,Objet_29070
Flammable,Objet_28366
Unspecified,Objet_05672
Explosive,Objet_27952
Toxic,Objet_26345
Unspecified,Objet_25723
Flammable,Objet_25830
Flammable,Objet_10945
Flammable,Objet_29464
Explosive,Objet_28272
Pressurized,Objet_21260
Corrosive,Objet_09564
Pressurized,Objet_22471
Explosive,Objet_30039
Pressurized,Objet_11189
Oxidizing,Objet_13505
Toxic,Objet_10926
Corrosive,Objet_25294
Fragile,Objet_08248
Radioactive,Objet_20594
Corrosive,Objet_15158
Radioactive,Objet_16036
Oxidizing,Objet_09444
Oxidizing,Objet_28848
Flammable,Objet_18865
Toxic,Objet_08686
Toxic,Objet_18390
Pressurized,Objet_09167
Radioactive,Objet_29636
Unspecified,Objet_27043
Unspecified,Objet_12388
Unspecified,Objet_08910
Radioactive,Objet_28483
Corrosive,Objet_26724
Explosive,Objet_17560
Radioactive,Objet_08611
Oxidizing,Objet_10516
Pressurized,Objet_28034
Pressurized,Objet_18908
Explosive,Objet_16345
Fragile,Objet_24733
Food,Objet_25961
Oxidizing,Objet_17200
Explosive,Objet_02973
Fragile,Objet_28043
Pressurized,Objet_23162
Unspecified,Objet_07249
Fragile,Objet_23093
Fragile,Objet_02698
Oxidizing,Objet_02716
Corrosive,Objet_13371
Radioactive,Objet_29650
Food,Objet_06538
Corrosive,Objet_12762
Food,Objet_14884
Corrosive,Objet_16633
Toxic,Objet_11347
Pressurized,Objet_22888
Corrosive,Objet_14385
Radioactive,Objet_22759
Flammable,Objet_26690
Explosive,Objet_21436
Radioactive,Objet_24026
Pressurized,Objet_10825
Toxic,Objet_15973
Flammable,Objet_01963
Flammable,Objet_00804
Radioactive,Objet_21153
Oxidizing,Objet_28638
Pressurized,Objet_05260
Toxic,Objet_05940
Food,Objet_27705
Pressurized,Objet_09312
Explosive,Objet_29034
Oxidizing,Objet_05497
Fragile,Objet_18703
Radioactive,Objet_14743
Unspecified,Objet_24297
Explosive,Objet_16239
Explosive,Objet_21395
Flammable,Objet_27110
Explosive,Objet_22654
Fragile,Objet_02412
Flammable,Objet_00698
Corrosive,Objet_06095
Pressurized,Objet_02353
Oxidizing,Objet_15847
Explosive,Objet_26731
Food,Objet_05953
Corrosive,Objet_12928
Oxidizing,Objet_06152
Corrosive,Objet_21291
Toxic,Objet_06451
Corrosive,Objet_00669
Flammable,Objet_21480
Radioactive,Objet_06127
Pressurized,Objet_07282
Oxidizing,Objet_14960
Oxidizing,Objet_23081
Toxic,Objet_28414
Pressurized,Objet_27753
Corrosive,Objet_18009
Flammable,Objet_04483
Flammable,Objet_26956
Radioactive,Objet_30126
Oxidizing,Objet_08853
Fragile,Objet_02599
Oxidizing,Objet_01691
Fragile,Objet_17168
Corrosive,Objet_01157
Flammable,Objet_13087
Radioactive,Objet_25140
Pressurized,Objet_06572
Fragile,Objet_07052
Flammable,Objet_24541
Food,Objet_16408
Oxidizing,Objet_18451
Explosive,Objet_03940
Flammable,Objet_16583
Corrosive,Objet_18114
Toxic,Objet_06849
Oxidizing,Objet_12328
Toxic,Objet_27196
Flammable,Objet_08630
Toxic,Objet_07633
Flammable,Objet_09538
Oxidizing,Objet_15932
Food,Objet_09218
Corrosive,Objet_16075
Unspecified,Objet_22467
Corrosive,Objet_15565
Pressurized,Objet_04965
Radioactive,Objet_29911
Unspecified,Objet_29255
Radioactive,Objet_13475
Fragile,Objet_13781
Corrosive,Objet_12063
Toxic,Objet_12509
Explosive,Objet_03987
Unspecified,Objet_23412
Explosive,Objet_19106
Radioactive,Objet_02521
Explosive,Objet_16883
Oxidizing,Objet_22289
Food,Objet_15993
Fragile,Objet_29961
Food,Objet_16040
Unspecified,Objet_22952
Oxidizing,Objet_06909
Corrosive,Objet_08024
Fragile,Objet_00373
Unspecified,Objet_14114
Radioactive,Objet_07658
Oxidizing,Objet_20264
Flammable,Objet_04049
Radioactive,Objet_13491
Unspecified,Objet_05588
Explosive,Objet_17978
Fragile,Objet_14428
Pressurized,Objet_07721
Food,Objet_18889
Explosive,Objet_18559
Explosive,Objet_12350
Pressurized,Objet_26951
Fragile,Objet_11251
Corrosive,Objet_18587
Radioactive,Objet_00376
Corrosive,Objet_22524
Flammable,Objet_03308
Fragile,Objet_28384
Corrosive,Objet_13023
Unspecified,Objet_06071
Explosive,Objet_26494
Fragile,Objet_02623
Flammable,Objet_06865
Oxidizing,Objet_24601
Flammable,Objet_28112
Corrosive,Objet_00680
Flammable,Objet_25124
Pressurized,Objet_03879
Toxic,Objet_12517
Radioactive,Objet_14128
Corrosive,Objet_27900
Oxidizing,Objet_04561
Food,Objet_24734
Unspecified,Objet_23671
Corrosive,Objet_11166
Radioactive,Objet_10768
Corrosive,Objet_10452
Radioactive,Objet_21268
Pressurized,Objet_09747
Toxic,Objet_24825
Radioactive,Objet_23733
Flammable,Objet_05618
Pressurized,Objet_17234
Unspecified,Objet_18354
Flammable,Objet_14810
Oxidizing,Objet_08286
Fragile,Objet_29614
Food,Objet_08641
Unspecified,Objet_00676
Flammable,Objet_17995
Explosive,Objet_04764
Fragile,Objet_14074
Toxic,Objet_03394
Flammable,Objet_05985
Fragile,Objet_25226
Oxidizing,Objet_09737
Oxidizing,Objet_06337
Radioactive,Objet_07337
Explosive,Objet_09938
Pressurized,Objet_22235
Unspecified,Objet_08157
Food,Objet_03198
Radioactive,Objet_11443
Radioactive,Objet_22510
Pressurized,Objet_20977
Radioactive,Objet_19411
Flammable,Objet_00632
Flammable,Objet_29062
Corrosive,Objet_19133
Food,Objet_09298
Unspecified,Objet_21314
Explosive,Objet_02247
Flammable,Objet_27404
Food,Objet_12697
Pressurized,Objet_28976
Radioactive,Objet_15280
Corrosive,Objet_01003
Flammable,Objet_12942
Oxidizing,Objet_05135
Pressurized,Objet_15167
Flammable,Objet_06708
Flammable,Objet_14446
Explosive,Objet_29638
Toxic,Objet_27756
Food,Objet_04619
Unspecified,Objet_00263
Corrosive,Objet_18766
Fragile,Objet_10399
Food,Objet_11653
Food,Objet_01512
Toxic,Objet_03442
Toxic,Objet_23956
Explosive,Objet_03312
Explosive,Objet_06630
Oxidizing,Objet_06349
Flammable,Objet_26451
Radioactive,Objet_09038
Flammable,Objet_20521
Radioactive,Objet_24095
Toxic,Objet_00735
Unspecified,Objet_26128
Corrosive,Objet_21407
Radioactive,Objet_09303
Toxic,Objet_08868
Food,Objet_26475
Explosive,Objet_17084
Food,Objet_22943
Corrosive,Objet_10445
Fragile,Objet_00759
Corrosive,Objet_16478
Corrosive,Objet_22606
Toxic,Objet_08378
Food,Objet_24540
Pressurized,Objet_05105
Pressurized,Objet_12005
Explosive,Objet_25206
Fragile,Objet_16892
Corrosive,Objet_15499
Unspecified,Objet_28327
Corrosive,Objet_15827
Pressurized,Objet_15984
Fragile,Objet_08178
Corrosive,Objet_29770
Flammable,Objet_07076
Explosive,Objet_02550
Food,Objet_17324
Corrosive,Objet_23967
Pressurized,Objet_10897
Radioactive,Objet_29797
Flammable,Objet_21077
Fragile,Objet_28693
Unspecified,Objet_18135
Corrosive,Objet_25428
Unspecified,Objet_02532
Fragile,Objet_15726
Food,Objet_28812
Fragile,Objet_11986
Corrosive,Objet_24555
Toxic,Objet_25312
Unspecified,Objet_08470
Oxidizing,Objet_21549
Food,Objet_25761
Fragile,Objet_24871
Pressurized,Objet_23432
Radioactive,Objet_27203
Pressurized,Objet_17362
Corrosive,Objet_11735
Fragile,Objet_04097
Pressurized,Objet_03443
Unspecified,Objet_29248
Pressurized,Objet_11560
Oxidizing,Objet_06906
Corrosive,Objet_17448
Pressurized,Objet_00477
Explosive,Objet_21065
Food,Objet_01489
Oxidizing,Objet_07307
Food,Objet_26717
Corrosive,Objet_01547
Corrosive,Objet_09741
Toxic,Objet_04939
Food,Objet_04575
Food,Objet_05627
Unspecified,Objet_12482
Food,Objet_00078
Toxic,Objet_13200
Fragile,Objet_00938
Oxidizing,Objet_04788
Unspecified,Objet_21280
Radioactive,Objet_14097
Toxic,Objet_06390
Pressurized,Objet_02062
Unspecified,Objet_30047
Unspecified,Objet_29809
Unspecified,Objet_13258
Pressurized,Objet_12352
Corrosive,Objet_21753
Flammable,Objet_11995
Explosive,Objet_27067
Toxic,Objet_07008
Pressurized,Objet_03250
Unspecified,Objet_11567
Fragile,Objet_14670
Pressurized,Objet_01226
Unspecified,Objet_28314
Unspecified,Objet_02987
Explosive,Objet_03769
Unspecified,Objet_02495
Unspecified,Objet_28528
Corrosive,Objet_25475
Oxidizing,Objet_00827
Pressurized,Objet_07629
Corrosive,Objet_04811
Toxic,Objet_27794
Pressurized,Objet_07567
Corrosive,Objet_05740
Corrosive,Objet_18038
Explosive,Objet_26819
Unspecified,Objet_25374
Flammable,Objet_11542
Pressurized,Objet_26897
Fragile,Objet_12594
Flammable,Objet_19643
Radioactive,Objet_09925
Fragile,Objet_25525
Corrosive,Objet_10421
Toxic,Objet_18783
Fragile,Objet_01674
Fragile,Objet_11408
Toxic,Objet_05686
Explosive,Objet_02815
Fragile,Objet_29181
Food,Objet_03044
Fragile,Objet_10335
Fragile,Objet_24496
Pressurized,Objet_12617
Food,Objet_02243
Oxidizing,Objet_13751
Radioactive,Objet_19603
Corrosive,Objet_21376
Flammable,Objet_21897
Flammable,Objet_28972
Fragile,Objet_17670
Food,Objet_27243
Radioactive,Objet_24764
Fragile,Objet_05434
Pressurized,Objet_25983
Radioactive,Objet_11352
Food,Objet_29454
Explosive,Objet_14740
Food,Objet_11621
Unspecified,Objet_23802
Toxic,Objet_07590
Flammable,Objet_21056
Explosive,Objet_23623
Flammable,Objet_03866
Flammable,Objet_16841
Fragile,Objet_17358
Explosive,Objet_03328
Explosive,Objet_00201
Flammable,Objet_30146
Food,Objet_18972
Flammable,Objet_19812
Corrosive,Objet_18630
Oxidizing,Objet_02669
Pressurized,Objet_04645
Toxic,Objet_19961
Oxidizing,Objet_00393
Explosive,Objet_25559
Radioactive,Objet_09853
Unspecified,Objet_09657
Unspecified,Objet_14174
Flammable,Objet_11536
Explosive,Objet_27226
Flammable,Objet_06460
Food,Objet_00649
Corrosive,Objet_23054
Unspecified,Objet_01720
Pressurized,Objet_10916
Pressurized,Objet_28011
Food,Objet_29742
Flammable,Objet_06828
Pressurized,Objet_10109
Radioactive,Objet_06984
Pressurized,Objet_16843
Toxic,Objet_22831
Explosive,Objet_13012
Radioactive,Objet_16977
Fragile,Objet_12666
Fragile,Objet_05775
Unspecified,Objet_24637
Food,Objet_20696
Radioactive,Objet_08673
Flammable,Objet_13784
Radioactive,Objet_13819
Explosive,Objet_27184
Radioactive,Objet_10845
Fragile,Objet_18499
Flammable,Objet_29303
Fragile,Objet_13698
Unspecified,Objet_12768
Radioactive,Objet_09670
Radioactive,Objet_28522
Pressurized,Objet_15379
Pressurized,Objet_01361
Toxic,Objet_20015
Radioactive,Objet_23454
Radioactive,Objet_08861
Explosive,Objet_04546
Fragile,Objet_25856
Oxidizing,Objet_26898
Flammable,Objet_05884
Pressurized,Objet_04075
Flammable,Objet_22997
Oxidizing,Objet_16261
Toxic,Objet_23541
Toxic,Objet_21569
Unspecified,Objet_06547
Pressurized,Objet_27503
Pressurized,Objet_10333
Corrosive,Objet_14064
Fragile,Objet_11219
Explosive,Objet_06844
Oxidizing,Objet_25970
Toxic,Objet_29081
Flammable,Objet_02073
Food,Objet_13032
Food,Objet_16772
Corrosive,Objet_08365
Unspecified,Objet_18878
Corrosive,Objet_28018
Corrosive,Objet_13236
Unspecified,Objet_10321
Unspecified,Objet_24634
Explosive,Objet_20283
Corrosive,Objet_09426
Fragile,Objet_12816
Corrosive,Objet_25269
Flammable,Objet_26779
Food,Objet_24340
Explosive,Objet_27926
Oxidizing,Objet_02335
Unspecified,Objet_24485
Unspecified,Objet_20347
Food,Objet_11381
Fragile,Objet_18724
Food,Objet_29811
Radioactive,Objet_22721
Toxic,Objet_15413
Flammable,Objet_28040
Explosive,Objet_22020
Radioactive,Objet_03160
Unspecified,Objet_06180
Radioactive,Objet_00999
Radioactive,Objet_06133
Unspecified,Objet_19711
Flammable,Objet_01601
Food,Objet_23538
Fragile,Objet_00935
Oxidizing,Objet_21416
Radioactive,Objet_18360
Explosive,Objet_29635
Radioactive,Objet_18945
Pressurized,Objet_11877
Explosive,Objet_28833
Oxidizing,Objet_12043
Unspecified,Objet_14712
Pressurized,Objet_07784
Unspecified,Objet_12883
Oxidizing,Objet_29037
Toxic,Objet_08572
Unspecified,Objet_23193
Unspecified,Objet_24099
Radioactive,Objet_20437
Toxic,Objet_03682
Oxidizing,Objet_08021
Unspecified,Objet_26828
Fragile,Objet_09247
Unspecified,Objet_24134
Toxic,Objet_04256
Radioactive,Objet_04855
Unspecified,Objet_18913
Oxidizing,Objet_25014
Toxic,Objet_04861
Unspecified,Objet_01728
Unspecified,Objet_01637
Pressurized,Objet_19707
Food,Objet_06417
Corrosive,Objet_13856
Oxidizing,Objet_09987
Explosive,Objet_09573
Unspecified,Objet_01618
Pressurized,Objet_04538
Flammable,Objet_10401
Fragile,Objet_28779
Toxic,Objet_08597
Explosive,Objet_22944
Unspecified,Objet_05384
Flammable,Objet_14033
Fragile,Objet_14704
Oxidizing,Objet_25718
Explosive,Objet_18238
Unspecified,Objet_11065
Food,Objet_10065
Radioactive,Objet_25932
Radioactive,Objet_13918
Radioactive,Objet_15548
Explosive,Objet_09826
Pressurized,Objet_02926
Flammable,Objet_19956
Radioactive,Objet_17635
Corrosive,Objet_02053
Toxic,Objet_24244
Food,Objet_28884
Flammable,Objet_10732
Radioactive,Objet_09818
Explosive,Objet_22526
Fragile,Objet_10091
Radioactive,Objet_23082
Oxidizing,Objet_05557
Fragile,Objet_28946
Pressurized,Objet_21330
Oxidizing,Objet_15720
Toxic,Objet_14376
Food,Objet_14278
Unspecified,Objet_13199
Pressurized,Objet_13096
Corrosive,Objet_20910
Corrosive,Objet_26230
Corrosive,Objet_14994
Flammable,Objet_08094
Explosive,Objet_14529
Radioactive,Objet_25421
Food,Objet_19151
Pressurized,Objet_01428
Oxidizing,Objet_09890
Explosive,Objet_24760
Toxic,Objet_25144
Explosive,Objet_20788
Pressurized,Objet_08877
Toxic,Objet_26515
Flammable,Objet_18443
Explosive,Objet_02828
Corrosive,Objet_10678
Explosive,Objet_11550
Explosive,Objet_24311
Food,Objet_05242
Pressurized,Objet_19388
Fragile,Objet_15988
Oxidizing,Objet_22508
Fragile,Objet_02007
Toxic,Objet_28723
Radioactive,Objet_29625
Flammable,Objet_27282
Pressurized,Objet_25894
Oxidizing,Objet_09152
Unspecified,Objet_28660
Fragile,Objet_14364
Oxidizing,Objet_04605
Flammable,Objet_28811
Food,Objet_00171
Flammable,Objet_21771
Radioactive,Objet_28807
Pressurized,Objet_05291
Flammable,Objet_14789
Radioactive,Objet_01145
Food,Objet_07297
Flammable,Objet_25117
Pressurized,Objet_24382
Oxidizing,Objet_24912
Toxic,Objet_15375
Toxic,Objet_25024
Corrosive,Objet_26554
Pressurized,Objet_16961
Corrosive,Objet_05814
Flammable,Objet_22249
Corrosive,Objet_18417
Food,Objet_01488
Flammable,Objet_21104
Explosive,Objet_22513
Explosive,Objet_04913
Fragile,Objet_05975
Oxidizing,Objet_15372
Oxidizing,Objet_16362
Toxic,Objet_04597
Oxidizing,Objet_02401
Radioactive,Objet_27439
Food,Objet_08709
Food,Objet_26382
Explosive,Objet_05965
Unspecified,Objet_03437
Fragile,Objet_21172
Corrosive,Objet_14914
Fragile,Objet_05016
Oxidizing,Objet_09699
Flammable,Objet_05163
Unspecified,Objet_24224
Toxic,Objet_10906
Flammable,Objet_02266
Radioactive,Objet_11937
Corrosive,Objet_05451
Oxidizing,Objet_04134
Unspecified,Objet_12079
Toxic,Objet_20636
Oxidizing,Objet_00132
Corrosive,Objet_27124
Fragile,Objet_23593
Explosive,Objet_26506
Food,Objet_25261
Pressurized,Objet_08528
Pressurized,Objet_04763
Radioactive,Objet_23782
Corrosive,Objet_07928
Unspecified,Objet_27880
Toxic,Objet_27984
Oxidizing,Objet_00501
Explosive,Objet_14764
Oxidizing,Objet_07642
Fragile,Objet_21911
Flammable,Objet_04807
Unspecified,Objet_02416
Radioactive,Objet_08762
Fragile,Objet_04646
Corrosive,Objet_22628
Pressurized,Objet_19730
Corrosive,Objet_13056
Pressurized,Objet_21730
Explosive,Objet_10717
Flammable,Objet_12579
Food,Objet_25709
Flammable,Objet_17158
Explosive,Objet_05067
Unspecified,Objet_10922
Unspecified,Objet_21417
Oxidizing,Objet_03262
Oxidizing,Objet_06086
Explosive,Objet_25781
Pressurized,Objet_25877
Pressurized,Objet_01643
Radioactive,Objet_29098
Toxic,Objet_16150
Food,Objet_06440
Oxidizing,Objet_01913
Food,Objet_05683
Oxidizing,Objet_28788
Flammable,Objet_21012
Food,Objet_00309
Corrosive,Objet_21138
Flammable,Objet_13205
Toxic,Objet_02492
Explosive,Objet_27419
Food,Objet_29483
Pressurized,Objet_07632
Radioactive,Objet_10391
Explosive,Objet_23492
Explosive,Objet_13979
Oxidizing,Objet_22036
Toxic,Objet_08407
Unspecified,Objet_23610
Oxidizing,Objet_25846
Radioactive,Objet_02467
Flammable,Objet_25153
Pressurized,Objet_27928
Fragile,Objet_18347
Toxic,Objet_10426
Corrosive,Objet_16146
Food,Objet_28266
Corrosive,Objet_03799
Food,Objet_12769
Pressurized,Objet_00390
Unspecified,Objet_13270
Pressurized,Objet_14943
Radioactive,Objet_09019
Pressurized,Objet_17889
Oxidizing,Objet_20747
Flammable,Objet_22679
Radioactive,Objet_16752
Explosive,Objet_15134
Unspecified,Objet_26252
Corrosive,Objet_18036
Corrosive,Objet_17474
Fragile,Objet_21082
Toxic,Objet_23476
Toxic,Objet_02071
Fragile,Objet_04867
Radioactive,Objet_16984
Pressurized,Objet_22821
Food,Objet_12116
Explosive,Objet_04938
Explosive,Objet_14588
Unspecified,Objet_09170
Pressurized,Objet_14900
Oxidizing,Objet_09126
Flammable,Objet_12969
Toxic,Objet_11842
Radioactive,Objet_23023
Pressurized,Objet_00985
Explosive,Objet_18359
Corrosive,Objet_02606
Radioactive,Objet_13127
Oxidizing,Objet_06724
Explosive,Objet_29619
Corrosive,Objet_23388
Radioactive,Objet_10665
Oxidizing,Objet_12781
Oxidizing,Objet_19119
Corrosive,Objet_28397
Toxic,Objet_29036
Pressurized,Objet_27020
Pressurized,Objet_07621
Fragile,Objet_20096
Corrosive,Objet_07089
Corrosive,Objet_04912
Radioactive,Objet_11737
Oxidizing,Objet_09075
Unspecified,Objet_11811
Fragile,Objet_20685
Explosive,Objet_28623
Corrosive,Objet_28975
Unspecified,Objet_08469
Explosive,Objet_19341
Fragile,Objet_13248
Unspecified,Objet_09428
Fragile,Objet_22737
Radioactive,Objet_28328
Pressurized,Objet_05503
Explosive,Objet_13986
Fragile,Objet_05563
Explosive,Objet_24186
Pressurized,Objet_27293
Unspecified,Objet_02166
Flammable,Objet_03401
Explosive,Objet_05718
Explosive,Objet_06816
Pressurized,Objet_23398
Flammable,Objet_09088
Fragile,Objet_01297
Toxic,Objet_03986
Fragile,Objet_17642
Unspecified,Objet_20533
Corrosive,Objet_05186
Pressurized,Objet_19840
Pressurized,Objet_07598
Radioactive,Objet_22951
Unspecified,Objet_13486
Radioactive,Objet_07671
Unspecified,Objet_11013
Oxidizing,Objet_07189
Unspecified,Objet_08992
Oxidizing,Objet_08820
Toxic,Objet_08260
Explosive,Objet_17966
Corrosive,Objet_29497
Pressurized,Objet_22683
Food,Objet_16218
Fragile,Objet_08047
Radioactive,Objet_26472
Flammable,Objet_12807
Unspecified,Objet_26764
Oxidizing,Objet_03567
Unspecified,Objet_14039
Food,Objet_25747
Flammable,Objet_14305
Toxic,Objet_17985
Fragile,Objet_04917
Pressurized,Objet_29892
Food,Objet_11237
Food,Objet_12489
Food,Objet_08158
Oxidizing,Objet_16346
Food,Objet_27029
Oxidizing,Objet_19136
Flammable,Objet_05335
Oxidizing,Objet_19716
Toxic,Objet_08596
Oxidizing,Objet_20414
Explosive,Objet_11195
Food,Objet_15783
Toxic,Objet_13312
Explosive,Objet_18776
Unspecified,Objet_21888
Oxidizing,Objet_20405
Explosive,Objet_01519
Oxidizing,Objet_04472
Corrosive,Objet_16965
Radioactive,Objet_18649
Oxidizing,Objet_29333
Corrosive,Objet_28396
Explosive,Objet_29921
Fragile,Objet_09838
Toxic,Objet_04639
Pressurized,Objet_07315
Flammable,Objet_20464
Radioactive,Objet_14119
Pressurized,Objet_21158
Radioactive,Objet_17713
Food,Objet_20453
Flammable,Objet_23224
Pressurized,Objet_16637
Flammable,Objet_20762
Explosive,Objet_11594
Oxidizing,Objet_27037
Toxic,Objet_25094
Flammable,Objet_18277
Fragile,Objet_14978
Radioactive,Objet_22719
Explosive,Objet_02351
Fragile,Objet_17749
Corrosive,Objet_08137
Unspecified,Objet_24096
Flammable,Objet_03337
Oxidizing,Objet_13839
Corrosive,Objet_17553
Flammable,Objet_04050
Toxic,Objet_16059
Oxidizing,Objet_13621
Explosive,Objet_10063
Food,Objet_16572
Food,Objet_19178
Fragile,Objet_05265
Unspecified,Objet_19807
Pressurized,Objet_08375
Fragile,Objet_27178
Oxidizing,Objet_22670
Fragile,Objet_00886
Unspecified,Objet_26822
Explosive,Objet_18771
Pressurized,Objet_02691
Food,Objet_16447
Unspecified,Objet_05382
Corrosive,Objet_24615
Toxic,Objet_07528
Toxic,Objet_10561
Unspecified,Objet_11822
Flammable,Objet_09173
Pressurized,Objet_00145
Corrosive,Objet_28211
Toxic,Objet_22146
Flammable,Objet_02824
Toxic,Objet_16399
Radioactive,Objet_09691
Flammable,Objet_16111
Unspecified,Objet_12188
Explosive,Objet_01916
Radioactive,Objet_23574
Toxic,Objet_19947
Oxidizing,Objet_17522
Pressurized,Objet_01767
Pressurized,Objet_04873
Flammable,Objet_16640
Fragile,Objet_08691
Oxidizing,Objet_25347
Oxidizing,Objet_06573
Fragile,Objet_23895
Flammable,Objet_16719
Food,Objet_21332
Oxidizing,Objet_22890
Explosive,Objet_26928
Flammable,Objet_15676
Explosive,Objet_13824
Food,Objet_14472
Corrosive,Objet_18860
Corrosive,Objet_29115
Explosive,Objet_12732
Pressurized,Objet_20050
Corrosive,Objet_21008
Fragile,Objet_12537
Unspecified,Objet_29344
Corrosive,Objet_12646
Corrosive,Objet_27144
Oxidizing,Objet_02017
Food,Objet_08579
Explosive,Objet_26133
Fragile,Objet_02424
Food,Objet_20170
Toxic,Objet_10535
Explosive,Objet_13667
Flammable,Objet_21948
Pressurized,Objet_06714
Fragile,Objet_20808
Food,Objet_08121
Corrosive,Objet_00989
Fragile,Objet_09828
Corrosive,Objet_01554
Corrosive,Objet_08014
Pressurized,Objet_19448
Fragile,Objet_27488
Corrosive,Objet_28906
Toxic,Objet_19028
Oxidizing,Objet_29860
Pressurized,Objet_24350
Food,Objet_23232
Food,Objet_09461
Explosive,Objet_16315
Food,Objet_20244
Unspecified,Objet_03194
Pressurized,Objet_02804
Unspecified,Objet_25498
Explosive,Objet_03067
Toxic,Objet_17598
Food,Objet_14548
Flammable,Objet_25292
Flammable,Objet_11391
Fragile,Objet_24033
Food,Objet_19233
Corrosive,Objet_08076
Food,Objet_06739
Radioactive,Objet_12680
Food,Objet_27068
Pressurized,Objet_28571
Oxidizing,Objet_18412
Toxic,Objet_24010
Pressurized,Objet_07398
Unspecified,Objet_02561
Toxic,Objet_14170
Pressurized,Objet_12858
Pressurized,Objet_03378
Radioactive,Objet_20370
Explosive,Objet_12641
Pressurized,Objet_26857
Explosive,Objet_24280
Food,Objet_03539
Flammable,Objet_13130
Pressurized,Objet_02040
Fragile,Objet_20609
Radioactive,Objet_02981
Explosive,Objet_16112
Fragile,Objet_13142
Flammable,Objet_09514
Explosive,Objet_29772
Flammable,Objet_00007
Pressurized,Objet_00997
Toxic,Objet_00209
Fragile,Objet_13745
Toxic,Objet_10812
Toxic,Objet_25319
Food,Objet_11788
Explosive,Objet_00036
Fragile,Objet_03145
Explosive,Objet_25708
Oxidizing,Objet_29503
Flammable,Objet_08705
Corrosive,Objet_29964
Explosive,Objet_26100
Corrosive,Objet_04865
Radioactive,Objet_16337
Toxic,Objet_11009
Explosive,Objet_08296
Pressurized,Objet_16121
Pressurized,Objet_15855
Flammable,Objet_13052
Radioactive,Objet_22536
Flammable,Objet_20379
Radioactive,Objet_27547
Flammable,Objet_08794
Unspecified,Objet_14938
Explosive,Objet_03000
Pressurized,Objet_25287
Unspecified,Objet_29266
Unspecified,Objet_00199
Flammable,Objet_29926
Fragile,Objet_13949
Food,Objet_16225
Fragile,Objet_28773
Corrosive,Objet_11293
Oxidizing,Objet_22114
Radioactive,Objet_08929
Food,Objet_12340
Unspecified,Objet_25560
Toxic,Objet_00208
Food,Objet_24660
Flammable,Objet_11896
Toxic,Objet_20254
Unspecified,Objet_00462
Toxic,Objet_11746
Unspecified,Objet_16914
Toxic,Objet_16126
Food,Objet_20605
Fragile,Objet_29880
Oxidizing,Objet_23648
Radioactive,Objet_21241
Fragile,Objet_04560
Fragile,Objet_17728
Oxidizing,Objet_08131
Oxidizing,Objet_11806
Radioactive,Objet_02032
Flammable,Objet_05912
Pressurized,Objet_20446
Explosive,Objet_10849
Unspecified,Objet_03944
Radioactive,Objet_19383
Corrosive,Objet_00635
Oxidizing,Objet_00599
Explosive,Objet_19699
Explosive,Objet_13862
Explosive,Objet_20715
Food,Objet_28025
Fragile,Objet_00161
Flammable,Objet_28613
Toxic,Objet_21812
Unspecified,Objet_04289
Radioactive,Objet_23872
Radioactive,Objet_19660
Explosive,Objet_07634
Oxidizing,Objet_10288
Radioactive,Objet_18506
Toxic,Objet_09294
Explosive,Objet_16793
Explosive,Objet_08330
Radioactive,Objet_26437
Explosive,Objet_13267
Corrosive,Objet_08096
Oxidizing,Objet_18641
Flammable,Objet_03468
Toxic,Objet_06948
Corrosive,Objet_14340
Flammable,Objet_21540
Corrosive,Objet_13597
Toxic,Objet_24432
Pressurized,Objet_17089
Radioactive,Objet_01757
Corrosive,Objet_26754
Food,Objet_08151
Unspecified,Objet_07980
Food,Objet_05022
Pressurized,Objet_21773
Unspecified,Objet_04353
Corrosive,Objet_28088
Flammable,Objet_17183
Radioactive,Objet_23651
Fragile,Objet_21995
Food,Objet_11062
Radioactive,Objet_28734
Radioactive,Objet_05084
Explosive,Objet_01994
Unspecified,Objet_09835
Pressurized,Objet_06270
Fragile,Objet_24227
Fragile,Objet_25725
Fragile,Objet_06837
Flammable,Objet_24802
Unspecified,Objet_11677
Food,Objet_06723
Radioactive,Objet_14011
Explosive,Objet_12181
Toxic,Objet_13204
Pressurized,Objet_20616
Toxic,Objet_20459
Unspecified,Objet_06007
Toxic,Objet_25171
Corrosive,Objet_20212
Food,Objet_23479
Corrosive,Objet_17010
Oxidizing,Objet_05713
Unspecified,Objet_10930
Radioactive,Objet_14215
Flammable,Objet_19320
Corrosive,Objet_04591
Food,Objet_24177
Radioactive,Objet_01662
Radioactive,Objet_12422
Toxic,Objet_25926
Food,Objet_27854
Oxidizing,Objet_29210
Corrosive,Objet_24554
Pressurized,Objet_28106
Fragile,Objet_22906
Explosive,Objet_10599
Radioactive,Objet_09229
Food,Objet_22191
Corrosive,Objet_11076
Pressurized,Objet_02767
Toxic,Objet_16621
Oxidizing,Objet_15951
Pressurized,Objet_27079
Radioactive,Objet_12465
Radioactive,Objet_12560
Fragile,Objet_19725
Flammable,Objet_10976
Oxidizing,Objet_26605
Pressurized,Objet_17368
Food,Objet_04826
Flammable,Objet_04198
Unspecified,Objet_28640
Unspecified,Objet_10131
Toxic,Objet_20157
Fragile,Objet_22550
Pressurized,Objet_21658
Explosive,Objet_28152
Explosive,Objet_08224
Radioactive,Objet_21118
Fragile,Objet_26057
Fragile,Objet_05734
Flammable,Objet_24451
Fragile,Objet_13346
Fragile,Objet_01753
Oxidizing,Objet_09026
Fragile,Objet_16431
Corrosive,Objet_28733
Food,Objet_04155
Unspecified,Objet_03318
Fragile,Objet_17131
Unspecified,Objet_20202
Explosive,Objet_19966
Food,Objet_23202
Explosive,Objet_18914
Pressurized,Objet_22757
Toxic,Objet_27483
Radioactive,Objet_23668
Fragile,Objet_26213
Pressurized,Objet_25956
Fragile,Objet_22441
Corrosive,Objet_05149
Flammable,Objet_07700
Corrosive,Objet_06970
Pressurized,Objet_25677
Toxic,Objet_15350
Flammable,Objet_29899
Toxic,Objet_17264
Toxic,Objet_17608
Radioactive,Objet_01799
Food,Objet_02046
Corrosive,Objet_21870
Flammable,Objet_14850
Flammable,Objet_19560
Fragile,Objet_11907
Fragile,Objet_18109
Pressurized,Objet_02338
Explosive,Objet_25257
Explosive,Objet_09605
Unspecified,Objet_23847
Pressurized,Objet_25360
Fragile,Objet_28749
Oxidizing,Objet_28399
Oxidizing,Objet_10840
Pressurized,Objet_20501
Corrosive,Objet_05400
Radioactive,Objet_08550
Corrosive,Objet_21836
Flammable,Objet_19045
Radioactive,Objet_24978
Fragile,Objet_28129
Fragile,Objet_22275
Fragile,Objet_11074
Flammable,Objet_03892
Fragile,Objet_14741
Oxidizing,Objet_22503
Fragile,Objet_21797
Unspecified,Objet_13074
Food,Objet_25487
Oxidizing,Objet_24308
Corrosive,Objet_24975
Explosive,Objet_18954
Unspecified,Objet_27862
Explosive,Objet_04931
Unspecified,Objet_21775
Unspecified,Objet_16838
Corrosive,Objet_19066
Pressurized,Objet_22215
Corrosive,Objet_14617
Toxic,Objet_25044
Radioactive,Objet_02137
Oxidizing,Objet_05366
Unspecified,Objet_20367
Flammable,Objet_05155
Explosive,Objet_07016
Oxidizing,Objet_18652
Food,Objet_29169
Corrosive,Objet_01342
Radioactive,Objet_13295
Oxidizing,Objet_10637
Toxic,Objet_27682
Radioactive,Objet_20415
Flammable,Objet_08656
Unspecified,Objet_01266
Flammable,Objet_07319
Corrosive,Objet_24123
Radioactive,Objet_03685
Radioactive,Objet_12212
Toxic,Objet_28377
Explosive,Objet_07684
Toxic,Objet_10740
Explosive,Objet_18605
Food,Objet_25869
Toxic,Objet_20946
Pressurized,Objet_07358
Pressurized,Objet_16595
Toxic,Objet_21757
Unspecified,Objet_24756
Pressurized,Objet_26070
Unspecified,Objet_06398
Unspecified,Objet_09502
Toxic,Objet_28296
Flammable,Objet_25460
Unspecified,Objet_15028
Toxic,Objet_17599
Toxic,Objet_24230
Corrosive,Objet_06941
Oxidizing,Objet_11557
Flammable,Objet_09526
Food,Objet_20429
Toxic,Objet_01670
Explosive,Objet_28873
Radioactive,Objet_07311
Toxic,Objet_17030
Pressurized,Objet_09566
Flammable,Objet_16550
Oxidizing,Objet_11101
Flammable,Objet_04642
Corrosive,Objet_09285
Food,Objet_00766
Food,Objet_15915
Flammable,Objet_26664
Corrosive,Objet_18367
Explosive,Objet_15496
Fragile,Objet_27119
Food,Objet_12999
Unspecified,Objet_04487
Food,Objet_28423
Fragile,Objet_08254
Unspecified,Objet_03350
Radioactive,Objet_17597
Flammable,Objet_12873
Flammable,Objet_21399
Toxic,Objet_09270
Flammable,Objet_00734
Pressurized,Objet_12399
Explosive,Objet_16355
Flammable,Objet_07240
Toxic,Objet_04791
Corrosive,Objet_03808
Flammable,Objet_15153
Food,Objet_24818
Corrosive,Objet_09044
Toxic,Objet_27740
Pressurized,Objet_05252
Corrosive,Objet_28627
Oxidizing,Objet_28923
Oxidizing,Objet_24354
Fragile,Objet_27346
Explosive,Objet_16062
Pressurized,Objet_22487
Fragile,Objet_16584
Fragile,Objet_03037
Explosive,Objet_25198
Pressurized,Objet_14792
Unspecified,Objet_18844
Unspecified,Objet_09227
Pressurized,Objet_12421
Oxidizing,Objet_21319
Corrosive,Objet_13616
Unspecified,Objet_24761
Food,Objet_23482
Flammable,Objet_17293
Radioactive,Objet_07484
Radioactive,Objet_27642
Oxidizing,Objet_10223
Explosive,Objet_24886
Unspecified,Objet_07291
Radioactive,Objet_11197
Corrosive,Objet_23394
Unspecified,Objet_14509
Radioactive,Objet_27687
Corrosive,Objet_06112
Oxidizing,Objet_25111
Unspecified,Objet_20836
Radioactive,Objet_02405
Oxidizing,Objet_20689
Food,Objet_08221
Flammable,Objet_17862
Corrosive,Objet_11521
Food,Objet_23234
Toxic,Objet_28730
Flammable,Objet_09803
Corrosive,Objet_22734
Explosive,Objet_15858
Flammable,Objet_25641
Flammable,Objet_23344
Food,Objet_28876
Food,Objet_29671
Radioactive,Objet_01011
Unspecified,Objet_20388
Radioactive,Objet_06371
Unspecified,Objet_01159
Unspecified,Objet_01523
Explosive,Objet_02184
Fragile,Objet_03326
Explosive,Objet_04884
Oxidizing,Objet_00190
Explosive,Objet_14182
Unspecified,Objet_27443
Toxic,Objet_13112
Explosive,Objet_26290
Radioactive,Objet_09237
Oxidizing,Objet_27117
Flammable,Objet_23026
Unspecified,Objet_15448
Toxic,Objet_03136
Radioactive,Objet_23884
Food,Objet_16602
Toxic,Objet_05989
Toxic,Objet_26962
Pressurized,Objet_04139
Fragile,Objet_20069
Pressurized,Objet_13590
Food,Objet_15579
Pressurized,Objet_12490
Food,Objet_02708
Unspecified,Objet_09244
Fragile,Objet_06410
Pressurized,Objet_08473
Corrosive,Objet_23988
Fragile,Objet_27093
Unspecified,Objet_21127
Oxidizing,Objet_22602
Food,Objet_15054
Flammable,Objet_16913
Toxic,Objet_12120
Flammable,Objet_09546
Radioactive,Objet_28973
Oxidizing,Objet_28235
Pressurized,Objet_26817
Explosive,Objet_08268
Unspecified,Objet_03696
Pressurized,Objet_16477
Flammable,Objet_00062
Explosive,Objet_14314
Pressurized,Objet_11058
Unspecified,Objet_18432
Fragile,Objet_25030
Unspecified,Objet_19249
Flammable,Objet_07609
Oxidizing,Objet_23756
Flammable,Objet_12917
Explosive,Objet_27864
Unspecified,Objet_13348
Pressurized,Objet_19905
Pressurized,Objet_12051
Radioactive,Objet_26631
Explosive,Objet_28263
Explosive,Objet_22959
Corrosive,Objet_26182
Corrosive,Objet_23850
Flammable,Objet_23959
Oxidizing,Objet_15629
Corrosive,Objet_00592
Explosive,Objet_15643
Pressurized,Objet_00559
Explosive,Objet_12153
Radioactive,Objet_01016
Radioactive,Objet_20786
Toxic,Objet_03484
Food,Objet_11906
Toxic,Objet_01189
Oxidizing,Objet_00862
Explosive,Objet_08236
Radioactive,Objet_23035
Unspecified,Objet_22546
Explosive,Objet_27107
Unspecified,Objet_10606
Unspecified,Objet_29499
Oxidizing,Objet_18092
Flammable,Objet_02342
Food,Objet_16221
Pressurized,Objet_24964
Food,Objet_19874
Explosive,Objet_25785
Flammable,Objet_02379
Oxidizing,Objet_21165
Radioactive,Objet_22776
Flammable,Objet_17423
Radioactive,Objet_15303
Unspecified,Objet_05027
Oxidizing,Objet_05616
Radioactive,Objet_06304
Radioactive,Objet_18430
Corrosive,Objet_03560
Food,Objet_01583
Toxic,Objet_26199
Explosive,Objet_14581
Corrosive,Objet_05968
Radioactive,Objet_09613
Food,Objet_06916
Explosive,Objet_18263
Oxidizing,Objet_06284
Corrosive,Objet_19571
Flammable,Objet_17732
Toxic,Objet_00605
Fragile,Objet_27055
Unspecified,Objet_17495
Unspecified,Objet_12625
Explosive,Objet_12529
Unspecified,Objet_07820
Oxidizing,Objet_03415
Explosive,Objet_04167
Explosive,Objet_16206
Corrosive,Objet_12834
Toxic,Objet_14536
Flammable,Objet_11566
Unspecified,Objet_01393
Oxidizing,Objet_14286
Explosive,Objet_02370
Oxidizing,Objet_06671
Toxic,Objet_05146
Pressurized,Objet_05421
Food,Objet_26838
Radioactive,Objet_19177
Food,Objet_14499
Flammable,Objet_06987
Toxic,Objet_23905
Corrosive,Objet_02802
Food,Objet_13145
Oxidizing,Objet_05345
Food,Objet_17720
Pressurized,Objet_09660
Food,Objet_20075
Oxidizing,Objet_27453
Explosive,Objet_18997
Radioactive,Objet_26620
Explosive,Objet_08793
Pressurized,Objet_02683
Radioactive,Objet_25855
Radioactive,Objet_23758
Toxic,Objet_01836
Explosive,Objet_06111
Radioactive,Objet_07148
Pressurized,Objet_14922
Unspecified,Objet_19385
Flammable,Objet_06881
Fragile,Objet_06384
Oxidizing,Objet_20769
Unspecified,Objet_23565
Unspecified,Objet_22115
Oxidizing,Objet_14290
Corrosive,Objet_20643
Radioactive,Objet_23366
Flammable,Objet_26922
Corrosive,Objet_20222
Corrosive,Objet_20817
Food,Objet_00325
Radioactive,Objet_25408
Explosive,Objet_21601
Toxic,Objet_21697
Food,Objet_22380
Oxidizing,Objet_07316
Unspecified,Objet_27904
Explosive,Objet_15906
Corrosive,Objet_16474
Pressurized,Objet_00799
Toxic,Objet_02745
Flammable,Objet_30099
Explosive,Objet_30032
Toxic,Objet_11080
Flammable,Objet_14621
Explosive,Objet_24633
Food,Objet_02635
Oxidizing,Objet_08608
Corrosive,Objet_27187
Toxic,Objet_27219
Corrosive,Objet_12637
Food,Objet_15441
Fragile,Objet_27771
Flammable,Objet_12667
Explosive,Objet_03073
Corrosive,Objet_29957
Food,Objet_02905
Radioactive,Objet_06442
Explosive,Objet_10928
Radioactive,Objet_23764
Radioactive,Objet_03906
Flammable,Objet_16162
Radioactive,Objet_27550
Explosive,Objet_21085
Explosive,Objet_26008
Toxic,Objet_13735
Food,Objet_16879
Flammable,Objet_03088
Unspecified,Objet_05133
Oxidizing,Objet_06194
Flammable,Objet_27613
Flammable,Objet_07902
Food,Objet_14956
Radioactive,Objet_24642
Food,Objet_19075
Radioactive,Objet_00446
Toxic,Objet_09296
Oxidizing,Objet_22165
Pressurized,Objet_20600
Corrosive,Objet_23347
Unspecified,Objet_17993
Fragile,Objet_20821
Oxidizing,Objet_29840
Flammable,Objet_12988
Toxic,Objet_29592
Flammable,Objet_22478
Corrosive,Objet_24867
Explosive,Objet_14503
Food,Objet_17772
Radioactive,Objet_10931
Unspecified,Objet_21811
Pressurized,Objet_19728
Fragile,Objet_19300
Radioactive,Objet_14180
Radioactive,Objet_15193
Corrosive,Objet_24414
Radioactive,Objet_09168
Fragile,Objet_24405
Radioactive,Objet_08036
Corrosive,Objet_00988
Explosive,Objet_10676
Fragile,Objet_16531
Flammable,Objet_17104
Radioactive,Objet_03746
Food,Objet_19494
Oxidizing,Objet_26519
Oxidizing,Objet_16988
Explosive,Objet_07723
Unspecified,Objet_27294
Corrosive,Objet_02486
Corrosive,Objet_21270
Toxic,Objet_02159
Flammable,Objet_01440
Toxic,Objet_18125
Flammable,Objet_29559
Oxidizing,Objet_11019
Oxidizing,Objet_19935
Toxic,Objet_16331
Radioactive,Objet_19642
Corrosive,Objet_27770
Flammable,Objet_13509
Food,Objet_22701
Oxidizing,Objet_12066
Explosive,Objet_14886
Flammable,Objet_15930
Food,Objet_04919
Corrosive,Objet_16463
Explosive,Objet_05636
Unspecified,Objet_06788
Food,Objet_18876
Unspecified,Objet_11982
Toxic,Objet_28475
Oxidizing,Objet_28620
Radioactive,Objet_10049
Food,Objet_08731
Flammable,Objet_10939
Corrosive,Objet_07180
Unspecified,Objet_20299
Pressurized,Objet_22978
Flammable,Objet_03482
Fragile,Objet_12004
Pressurized,Objet_21411
Toxic,Objet_28904
Corrosive,Objet_26970
Toxic,Objet_12685
Fragile,Objet_29719
Oxidizing,Objet_08539
Pressurized,Objet_22410
Explosive,Objet_25994
Food,Objet_27987
Pressurized,Objet_13241
Pressurized,Objet_15562
Food,Objet_09676
Radioactive,Objet_16881
Radioactive,Objet_27361
Explosive,Objet_16757
Corrosive,Objet_13777
Toxic,Objet_07155
Toxic,Objet_02903
Radioactive,Objet_04553
Radioactive,Objet_08975
Flammable,Objet_21710
Oxidizing,Objet_22469
Oxidizing,Objet_23585
Pressurized,Objet_22348
Fragile,Objet_09500
Flammable,Objet_19804
Explosive,Objet_17433
Fragile,Objet_04970
Unspecified,Objet_13887
Flammable,Objet_04713
Food,Objet_14595
Toxic,Objet_06561
Unspecified,Objet_11612
Radioactive,Objet_18898
Flammable,Objet_28370
Toxic,Objet_04014
Radioactive,Objet_01961
Toxic,Objet_21180
Oxidizing,Objet_01321
Food,Objet_16424
Radioactive,Objet_12097
Corrosive,Objet_04527
Food,Objet_14878
Pressurized,Objet_01436
Explosive,Objet_00790
Corrosive,Objet_02772
Toxic,Objet_22931
Unspecified,Objet_16492
Unspecified,Objet_19125
Flammable,Objet_18885
Toxic,Objet_20051
Flammable,Objet_11154
Explosive,Objet_29931
Food,Objet_13256
Oxidizing,Objet_02382
Corrosive,Objet_06831
Explosive,Objet_15449
Food,Objet_15192
Toxic,Objet_23773
Food,Objet_28889
Food,Objet_09915
Oxidizing,Objet_21477
Toxic,Objet_23940
Explosive,Objet_19159
Unspecified,Objet_20640
Oxidizing,Objet_14414
Toxic,Objet_07536
Food,Objet_12986
Pressurized,Objet_05573
Unspecified,Objet_00718
Unspecified,Objet_08488
Corrosive,Objet_20238
Radioactive,Objet_10436
Flammable,Objet_21320
Fragile,Objet_08000
Fragile,Objet_04144
Corrosive,Objet_11858
Radioactive,Objet_22817
Corrosive,Objet_17457
Explosive,Objet_06966
Fragile,Objet_11971
Pressurized,Objet_17127
Fragile,Objet_18447
Oxidizing,Objet_13662
Unspecified,Objet_08637
Fragile,Objet_12901
Fragile,Objet_00715
Oxidizing,Objet_02577
Food,Objet_14313
Corrosive,Objet_03279
Pressurized,Objet_12552
Oxidizing,Objet_29391
Corrosive,Objet_10370
Toxic,Objet_19204
Fragile,Objet_02511
Fragile,Objet_13009
Corrosive,Objet_29360
Radioactive,Objet_04984
Corrosive,Objet_29056
Toxic,Objet_08823
Unspecified,Objet_27598
Fragile,Objet_23519
Toxic,Objet_14549
Flammable,Objet_05065
Oxidizing,Objet_08187
Flammable,Objet_13097
Radioactive,Objet_10206
Unspecified,Objet_22540
Food,Objet_19240
Unspecified,Objet_10623
Toxic,Objet_02275
Food,Objet_00003
Corrosive,Objet_18819
Fragile,Objet_18350
Fragile,Objet_18671
Corrosive,Objet_07882
Unspecified,Objet_11284
Fragile,Objet_23185
Unspecified,Objet_17193
Radioactive,Objet_16389
Toxic,Objet_29757
Food,Objet_23509
Fragile,Objet_20118
Pressurized,Objet_12713
Oxidizing,Objet_15398
Pressurized,Objet_10942
Radioactive,Objet_24652
Pressurized,Objet_19928
Radioactive,Objet_17819
Toxic,Objet_00461
Corrosive,Objet_19899
Pressurized,Objet_20488
Oxidizing,Objet_20115
Pressurized,Objet_26858
Food,Objet_14443
Toxic,Objet_06005
Flammable,Objet_07971
Unspecified,Objet_14038
Radioactive,Objet_23030
Explosive,Objet_26614
Pressurized,Objet_15860
Pressurized,Objet_21980
Radioactive,Objet_07707
Oxidizing,Objet_01097
Oxidizing,Objet_16580
Radioactive,Objet_09508
Fragile,Objet_14212
Radioactive,Objet_24600
Unspecified,Objet_23348
Unspecified,Objet_18484
Explosive,Objet_04558
Unspecified,Objet_06878
Corrosive,Objet_18019
Pressurized,Objet_22094
Explosive,Objet_09985
Toxic,Objet_24801
Toxic,Objet_14585
Radioactive,Objet_03568
Corrosive,Objet_23982
Pressurized,Objet_18537
Unspecified,Objet_08632
Flammable,Objet_11484
Radioactive,Objet_16808
Pressurized,Objet_28959
Oxidizing,Objet_10952
Food,Objet_29403
Unspecified,Objet_15357
Oxidizing,Objet_21667
Explosive,Objet_11146
Unspecified,Objet_23376
Flammable,Objet_29219
Fragile,Objet_11972
Radioactive,Objet_14890
Oxidizing,Objet_19540
Pressurized,Objet_18549
Toxic,Objet_11957
Explosive,Objet_02975
Explosive,Objet_16450
Radioactive,Objet_11242
Pressurized,Objet_08217
Flammable,Objet_23686
Pressurized,Objet_09896
Radioactive,Objet_12738
Pressurized,Objet_20471
Food,Objet_00102
Unspecified,Objet_05988
Oxidizing,Objet_14894
Flammable,Objet_06598
Food,Objet_16759
Corrosive,Objet_25827
Explosive,Objet_26264
Toxic,Objet_24707
Unspecified,Objet_03375
Unspecified,Objet_21006
Toxic,Objet_10361
Toxic,Objet_13008
Toxic,Objet_12507
Radioactive,Objet_24331
Explosive,Objet_21102
Corrosive,Objet_14694
Oxidizing,Objet_21432
Radioactive,Objet_24849
Pressurized,Objet_01798
Radioactive,Objet_28335
Radioactive,Objet_00580
Food,Objet_01560
Unspecified,Objet_24883
Pressurized,Objet_12237
Pressurized,Objet_14346
Fragile,Objet_15659
Pressurized,Objet_04883
Explosive,Objet_24926
Toxic,Objet_19994
Corrosive,Objet_01183
Pressurized,Objet_00785
Toxic,Objet_14342
Toxic,Objet_14730
Food,Objet_08545
Flammable,Objet_22716
Flammable,Objet_27775
Radioactive,Objet_13614
Explosive,Objet_00012
Fragile,Objet_06835
Flammable,Objet_15803
Corrosive,Objet_24587
Flammable,Objet_20607
Pressurized,Objet_14584
Fragile,Objet_25930
Unspecified,Objet_22825
Radioactive,Objet_02095
Fragile,Objet_29015
Radioactive,Objet_04478
Toxic,Objet_15524
Food,Objet_14700
Fragile,Objet_26577
Explosive,Objet_19251
Unspecified,Objet_03106
Unspecified,Objet_02437
Pressurized,Objet_22633
Explosive,Objet_27630
Radioactive,Objet_04299
Unspecified,Objet_17145
Oxidizing,Objet_04492
Oxidizing,Objet_02272
Radioactive,Objet_18871
Radioactive,Objet_23118
Pressurized,Objet_25944
Toxic,Objet_14238
Oxidizing,Objet_27336
Oxidizing,Objet_00903
Corrosive,Objet_19937
Food,Objet_08439
Flammable,Objet_13427
Fragile,Objet_22346
Oxidizing,Objet_22097
Oxidizing,Objet_03339
Fragile,Objet_01562
Pressurized,Objet_18266
Pressurized,Objet_09404
Explosive,Objet_10251
Food,Objet_02559
Radioactive,Objet_29988
Radioactive,Objet_04314
Pressurized,Objet_03654
Flammable,Objet_16352
Oxidizing,Objet_09945
Oxidizing,Objet_17897
Unspecified,Objet_08241
Explosive,Objet_09377
Explosive,Objet_13810
Fragile,Objet_05347
Toxic,Objet_28914
Fragile,Objet_19574
Pressurized,Objet_07508
Explosive,Objet_28680
Flammable,Objet_20507
Pressurized,Objet_08206
Pressurized,Objet_00185
Oxidizing,Objet_27810
Explosive,Objet_07490
Unspecified,Objet_29295
Corrosive,Objet_21412
Oxidizing,Objet_00611
Corrosive,Objet_08834
Fragile,Objet_08773
Flammable,Objet_11465
Corrosive,Objet_03781
Fragile,Objet_11046
Flammable,Objet_28869
Fragile,Objet_01413
Pressurized,Objet_19988
Fragile,Objet_07330
Fragile,Objet_21624
Explosive,Objet_17820
Corrosive,Objet_27897
Flammable,Objet_01453
Radioactive,Objet_22236
Fragile,Objet_14631
Flammable,Objet_24570
Pressurized,Objet_02183
Oxidizing,Objet_02578
Unspecified,Objet_03127
Explosive,Objet_15754
Fragile,Objet_17053
Radioactive,Objet_03511
Corrosive,Objet_15602
Food,Objet_27601
Corrosive,Objet_03079
Explosive,Objet_13748
Radioactive,Objet_10957
Toxic,Objet_08895
Toxic,Objet_12345
Food,Objet_13906
Explosive,Objet_05944
Toxic,Objet_09952
Pressurized,Objet_08175
Unspecified,Objet_23332
Radioactive,Objet_22352
Fragile,Objet_15002
Unspecified,Objet_18573
Pressurized,Objet_11216
Fragile,Objet_16219
Fragile,Objet_07354
Radioactive,Objet_09842
Corrosive,Objet_07829
Oxidizing,Objet_02992
Unspecified,Objet_25670
Radioactive,Objet_21531
Oxidizing,Objet_28740
Fragile,Objet_10934
Food,Objet_24263
Fragile,Objet_00515
Oxidizing,Objet_23056
Fragile,Objet_19614
Food,Objet_12135
Explosive,Objet_27212
Food,Objet_05472
Explosive,Objet_29741
Fragile,Objet_04456
Pressurized,Objet_04206
Unspecified,Objet_05337
Pressurized,Objet_27597
Unspecified,Objet_12269
Corrosive,Objet_28562
Flammable,Objet_22979
Corrosive,Objet_29730
Unspecified,Objet_22632
Corrosive,Objet_19141
Toxic,Objet_17521
Radioactive,Objet_00621
Toxic,Objet_16275
Pressurized,Objet_26021
Oxidizing,Objet_21548
Toxic,Objet_01182
Explosive,Objet_08463
Toxic,Objet_14906
Food,Objet_13294
Pressurized,Objet_01928
Flammable,Objet_08219
Pressurized,Objet_00025
Toxic,Objet_28896
Flammable,Objet_07417
Food,Objet_29556
Unspecified,Objet_23520
Fragile,Objet_21734
Explosive,Objet_29206
Toxic,Objet_07881
Fragile,Objet_01119
Flammable,Objet_27885
Oxidizing,Objet_28658
Toxic,Objet_24044
Toxic,Objet_25984
Toxic,Objet_24644
Explosive,Objet_27555
Corrosive,Objet_05445
Radioactive,Objet_01314
Food,Objet_27793
Oxidizing,Objet_06512
Toxic,Objet_20028
Fragile,Objet_03759
Corrosive,Objet_30108
Oxidizing,Objet_16031
Food,Objet_00907
Toxic,Objet_22245
Radioactive,Objet_08634
Explosive,Objet_20826
Unspecified,Objet_15948
Flammable,Objet_23080
Unspecified,Objet_03118
Fragile,Objet_26723
Pressurized,Objet_27371
Explosive,Objet_25175
Fragile,Objet_02089
Pressurized,Objet_06977
Explosive,Objet_16485
Corrosive,Objet_07239
Corrosive,Objet_08361
Unspecified,Objet_14807
Flammable,Objet_14766
Food,Objet_24031
Flammable,Objet_09924
Food,Objet_12454
Corrosive,Objet_10449
Explosive,Objet_26975
Explosive,Objet_14765
Corrosive,Objet_29516
Toxic,Objet_14005
Flammable,Objet_09794
Fragile,Objet_08149
Oxidizing,Objet_05622
Food,Objet_21963
Unspecified,Objet_11452
Corrosive,Objet_04189
Fragile,Objet_27654
Pressurized,Objet_26915
Food,Objet_21392
Food,Objet_02732
Radioactive,Objet_22398
Flammable,Objet_24298
Radioactive,Objet_25023
Explosive,Objet_23294
Flammable,Objet_17657
Flammable,Objet_21370
Pressurized,Objet_22367
Oxidizing,Objet_10318
Unspecified,Objet_24971
Fragile,Objet_25034
Pressurized,Objet_27971
Oxidizing,Objet_04753
Radioactive,Objet_19782
Corrosive,Objet_08008
Pressurized,Objet_27782
Unspecified,Objet_25656
Radioactive,Objet_22230
Radioactive,Objet_17205
Pressurized,Objet_05902
Pressurized,Objet_11781
Food,Objet_19115
Fragile,Objet_24947
Pressurized,Objet_10889
Corrosive,Objet_26705
Corrosive,Objet_16863
Corrosive,Objet_03261
Radioactive,Objet_25835
Pressurized,Objet_22917
Unspecified,Objet_27118
Explosive,Objet_11800
Radioactive,Objet_18937
Corrosive,Objet_23798
Radioactive,Objet_10757
Fragile,Objet_10560
Corrosive,Objet_06899
Explosive,Objet_10347
Unspecified,Objet_01303
Radioactive,Objet_12368
Radioactive,Objet_17980
Food,Objet_13679
Pressurized,Objet_18636
Pressurized,Objet_19709
Toxic,Objet_00957
Radioactive,Objet_11361
Pressurized,Objet_28086
Explosive,Objet_19562
Toxic,Objet_06625
Explosive,Objet_27268
Food,Objet_25442
Flammable,Objet_17689
Fragile,Objet_06960
Toxic,Objet_30014
Toxic,Objet_21294
Fragile,Objet_02483
Food,Objet_29091
Fragile,Objet_11083
Explosive,Objet_25282
Unspecified,Objet_17609
Food,Objet_01852
Pressurized,Objet_14959
Food,Objet_18331
Pressurized,Objet_09866
Unspecified,Objet_25164
Radioactive,Objet_17707
Radioactive,Objet_13765
Pressurized,Objet_19006
Toxic,Objet_05460
Pressurized,Objet_08346
Fragile,Objet_22392
Flammable,Objet_13197
Pressurized,Objet_16979
Fragile,Objet_03445
Fragile,Objet_26283
Food,Objet_16656
Unspecified,Objet_08887
Corrosive,Objet_14852
Unspecified,Objet_27675
Oxidizing,Objet_24988
Corrosive,Objet_07133
Toxic,Objet_15549
Unspecified,Objet_20456
Corrosive,Objet_18094
Fragile,Objet_01193
Radioactive,Objet_14089
Fragile,Objet_23809
Food,Objet_04227
Fragile,Objet_13202
Fragile,Objet_19788
Corrosive,Objet_26735
Fragile,Objet_15249
Toxic,Objet_14946
Fragile,Objet_04226
Corrosive,Objet_05834
Explosive,Objet_29627
Oxidizing,Objet_07003
Pressurized,Objet_10129
Corrosive,Objet_01847
Food,Objet_02228
Fragile,Objet_07032
Pressurized,Objet_06577
Food,Objet_11851
Oxidizing,Objet_15589
Unspecified,Objet_05774
Flammable,Objet_15199
Oxidizing,Objet_21114
Oxidizing,Objet_14249
Explosive,Objet_06511
Radioactive,Objet_18560
Fragile,Objet_21565
Oxidizing,Objet_05358
Food,Objet_14664
Oxidizing,Objet_27840
Corrosive,Objet_21142
Fragile,Objet_24050
Flammable,Objet_12979
Oxidizing,Objet_05164
Fragile,Objet_20905
Food,Objet_25052
Explosive,Objet_18827
Fragile,Objet_05623
Food,Objet_10783
Explosive,Objet_09402
Food,Objet_08568
Flammable,Objet_18031
Flammable,Objet_24738
Corrosive,Objet_07018
Pressurized,Objet_25678
Food,Objet_07850
Corrosive,Objet_17181
Corrosive,Objet_08323
Oxidizing,Objet_24657
Oxidizing,Objet_14506
Radioactive,Objet_06887
Unspecified,Objet_03880
Explosive,Objet_03686
Fragile,Objet_04979
Explosive,Objet_05403
Pressurized,Objet_24320
Oxidizing,Objet_03969
Oxidizing,Objet_02513
Radioactive,Objet_18187
Pressurized,Objet_12808
Fragile,Objet_08043
Explosive,Objet_00333
Radioactive,Objet_02094
Pressurized,Objet_01156
Unspecified,Objet_12659
Oxidizing,Objet_02300
Explosive,Objet_28036
Explosive,Objet_03383
Flammable,Objet_29283
Food,Objet_17602
Radioactive,Objet_10417
Radioactive,Objet_06832
Fragile,Objet_29853
Radioactive,Objet_16237
Food,Objet_15859
Fragile,Objet_06142
Unspecified,Objet_19884
Unspecified,Objet_05307
Flammable,Objet_11993
Oxidizing,Objet_26872
Unspecified,Objet_21722
Explosive,Objet_27826
Unspecified,Objet_05765
Fragile,Objet_07510
Unspecified,Objet_12052
Fragile,Objet_24562
Pressurized,Objet_22870
Toxic,Objet_20614
Food,Objet_26959
Flammable,Objet_20026
Explosive,Objet_22774
Radioactive,Objet_14140
Oxidizing,Objet_11747
Explosive,Objet_04124
Toxic,Objet_15911
Unspecified,Objet_26806
Toxic,Objet_02385
Radioactive,Objet_28567
Toxic,Objet_00123
Fragile,Objet_13576
Explosive,Objet_15251
Explosive,Objet_01921
Toxic,Objet_01611
Unspecified,Objet_20206
Explosive,Objet_23735
Food,Objet_08582
Radioactive,Objet_14374
Flammable,Objet_26153
Corrosive,Objet_18591
Toxic,Objet_00210
Unspecified,Objet_03138
Fragile,Objet_05862
Explosive,Objet_19130
Food,Objet_22213
Unspecified,Objet_23886
Pressurized,Objet_07305
Fragile,Objet_07191
Flammable,Objet_27574
Corrosive,Objet_16970
Food,Objet_10890
Corrosive,Objet_29873
Flammable,Objet_04973
Fragile,Objet_19488
Fragile,Objet_05624
Unspecified,Objet_05966
Corrosive,Objet_27387
Radioactive,Objet_11776
Pressurized,Objet_28786
Flammable,Objet_07461
Explosive,Objet_11283
Corrosive,Objet_24463
Toxic,Objet_28218
Oxidizing,Objet_16197
Food,Objet_02589
Radioactive,Objet_26446
Food,Objet_18749
Unspecified,Objet_11636
Oxidizing,Objet_11055
Food,Objet_23837
Radioactive,Objet_01335
Oxidizing,Objet_19180
Corrosive,Objet_21551
Flammable,Objet_28156
Flammable,Objet_15025
Radioactive,Objet_04465
Explosive,Objet_10235
Fragile,Objet_01430
Explosive,Objet_28449
Radioactive,Objet_00600
Radioactive,Objet_17858
Unspecified,Objet_12295
Pressurized,Objet_01832
Oxidizing,Objet_02753
Corrosive,Objet_25683
Oxidizing,Objet_20876
Flammable,Objet_14348
Fragile,Objet_27762
Fragile,Objet_08511
Radioactive,Objet_23986
Fragile,Objet_02175
Corrosive,Objet_01278
Radioactive,Objet_29983
Explosive,Objet_20779
Fragile,Objet_11525
Unspecified,Objet_24613
Unspecified,Objet_18445
Pressurized,Objet_17740
Explosive,Objet_16570
Flammable,Objet_10549
Unspecified,Objet_01149
Toxic,Objet_11725
Food,Objet_00897
Radioactive,Objet_11502
Toxic,Objet_13899
Corrosive,Objet_21761
Explosive,Objet_17542
Pressurized,Objet_06260
Oxidizing,Objet_03091
Explosive,Objet_04348
Explosive,Objet_16925
Oxidizing,Objet_16780
Fragile,Objet_12788
Unspecified,Objet_02278
Flammable,Objet_13665
Toxic,Objet_20576
Flammable,Objet_18777
Unspecified,Objet_06541
Corrosive,Objet_04431
Pressurized,Objet_12319
Unspecified,Objet_05085
Fragile,Objet_19304
Food,Objet_04920
Pressurized,Objet_22671
Radioactive,Objet_01873
Corrosive,Objet_12000
Pressurized,Objet_13696
Flammable,Objet_08935
Toxic,Objet_23220
Fragile,Objet_23071
Unspecified,Objet_14535
Explosive,Objet_27320
Explosive,Objet_12391
Food,Objet_10307
Radioactive,Objet_08182
Fragile,Objet_22409
Toxic,Objet_21588
Oxidizing,Objet_23338
Radioactive,Objet_01958
Oxidizing,Objet_20925
Explosive,Objet_02712
Flammable,Objet_28233
Fragile,Objet_28258
Explosive,Objet_24084
Unspecified,Objet_23589
Pressurized,Objet_08557
Oxidizing,Objet_10800
Unspecified,Objet_13456
Oxidizing,Objet_17292
Oxidizing,Objet_17750
Oxidizing,Objet_09311
Radioactive,Objet_00288
Explosive,Objet_28789
Flammable,Objet_18002
Explosive,Objet_06962
Pressurized,Objet_07334
Toxic,Objet_13108
Fragile,Objet_17644
Pressurized,Objet_29628
Pressurized,Objet_23252
Unspecified,Objet_01069
Food,Objet_14787
Oxidizing,Objet_29838
Explosive,Objet_03265
Unspecified,Objet_22200
Corrosive,Objet_10178
Radioactive,Objet_07532
Flammable,Objet_16072
Corrosive,Objet_08760
Unspecified,Objet_26218
Corrosive,Objet_15809
Oxidizing,Objet_08657
Toxic,Objet_04030
Food,Objet_24817
Flammable,Objet_14769
Corrosive,Objet_08253
Fragile,Objet_01144
Food,Objet_25744
Pressurized,Objet_01324
Unspecified,Objet_20245
Explosive,Objet_05595
Flammable,Objet_22328
Flammable,Objet_23944
Toxic,Objet_14558
Corrosive,Objet_05667
Unspecified,Objet_26579
Unspecified,Objet_10196
Unspecified,Objet_15851
Pressurized,Objet_19996
Food,Objet_07254
Oxidizing,Objet_10228
Pressurized,Objet_07770
Toxic,Objet_10498
Flammable,Objet_07402
Flammable,Objet_15027
Oxidizing,Objet_24575
Flammable,Objet_19741
Pressurized,Objet_07731
Radioactive,Objet_10607
Flammable,Objet_24204
Explosive,Objet_11424
Pressurized,Objet_03768
Oxidizing,Objet_10726
Food,Objet_00704
Radioactive,Objet_01723
Food,Objet_05237
Corrosive,Objet_25801
Corrosive,Objet_11100
Oxidizing,Objet_20135
Flammable,Objet_11253
Toxic,Objet_10576
Explosive,Objet_27016
Radioactive,Objet_20420
Radioactive,Objet_10246
Corrosive,Objet_26879
Explosive,Objet_04464
Unspecified,Objet_26868
Flammable,Objet_15724
Toxic,Objet_04995
Oxidizing,Objet_20672
Food,Objet_22214
Oxidizing,Objet_22221
Unspecified,Objet_02525
Toxic,Objet_21224
Unspecified,Objet_14324
Food,Objet_06857
Explosive,Objet_19101
Corrosive,Objet_12444
Food,Objet_21728
Pressurized,Objet_18062
Food,Objet_12931
Pressurized,Objet_11301
Flammable,Objet_11954
Unspecified,Objet_19967
Radioactive,Objet_22751
Unspecified,Objet_14780
Oxidizing,Objet_05448
Corrosive,Objet_27628
Radioactive,Objet_22237
Pressurized,Objet_25693
Flammable,Objet_25972
Radioactive,Objet_07378
Flammable,Objet_17870
Unspecified,Objet_17840
Explosive,Objet_19440
Unspecified,Objet_00080
Radioactive,Objet_16468
Corrosive,Objet_30153
Oxidizing,Objet_17004
Corrosive,Objet_10256
Fragile,Objet_16316
Fragile,Objet_09189
Oxidizing,Objet_21374
Fragile,Objet_04981
Food,Objet_01318
Flammable,Objet_30114
Oxidizing,Objet_25904
Flammable,Objet_28044
Corrosive,Objet_10546
Flammable,Objet_04698
Radioactive,Objet_29633
Radioactive,Objet_05449
Fragile,Objet_04666
Radioactive,Objet_05182
Flammable,Objet_06864
Explosive,Objet_06757
Flammable,Objet_25301
Radioactive,Objet_20348
Explosive,Objet_02041
Unspecified,Objet_30123
Flammable,Objet_04017
Toxic,Objet_01414
Pressurized,Objet_15321
Toxic,Objet_00356
Corrosive,Objet_19088
Fragile,Objet_11437
Food,Objet_14665
Toxic,Objet_21617
Flammable,Objet_23255
Oxidizing,Objet_26205
Unspecified,Objet_15421
Pressurized,Objet_18216
Corrosive,Objet_19737
Flammable,Objet_14295
Oxidizing,Objet_11052
Unspecified,Objet_08661
Radioactive,Objet_01172
Radioactive,Objet_10217
Food,Objet_07348
Oxidizing,Objet_12457
Unspecified,Objet_12954
Toxic,Objet_06322
Pressurized,Objet_27875
Corrosive,Objet_26796
Fragile,Objet_10530
Fragile,Objet_22625
Radioactive,Objet_16762
Fragile,Objet_02084
Unspecified,Objet_21838
Flammable,Objet_20865
Unspecified,Objet_09782
Corrosive,Objet_00915
Toxic,Objet_15621
Toxic,Objet_13102
Food,Objet_18576
Unspecified,Objet_20601
Radioactive,Objet_06104
Radioactive,Objet_22554
Radioactive,Objet_03422
Fragile,Objet_03905
Food,Objet_07753
Corrosive,Objet_24124
Explosive,Objet_08209
Pressurized,Objet_05926
Unspecified,Objet_12763
Fragile,Objet_16297
Flammable,Objet_14639
Food,Objet_07748
Oxidizing,Objet_06510
Oxidizing,Objet_06555
Food,Objet_03891
Fragile,Objet_03467
Explosive,Objet_17895
Corrosive,Objet_04274
Radioactive,Objet_17501
Flammable,Objet_19911
Corrosive,Objet_05513
Toxic,Objet_16357
Corrosive,Objet_00478
Flammable,Objet_19986
Oxidizing,Objet_17912
Unspecified,Objet_03889
Unspecified,Objet_14857
Flammable,Objet_12820
Unspecified,Objet_04611
Fragile,Objet_28713
Food,Objet_19507
Fragile,Objet_01391
Pressurized,Objet_15939
Unspecified,Objet_29272
Oxidizing,Objet_00902
Explosive,Objet_17655
Pressurized,Objet_14758
Pressurized,Objet_11611
Fragile,Objet_24844
Toxic,Objet_22308
Unspecified,Objet_15646
Flammable,Objet_11864
Food,Objet_07097
Toxic,Objet_07361
Pressurized,Objet_11853
Explosive,Objet_04099
Radioactive,Objet_09544
Explosive,Objet_28992
Corrosive,Objet_21498
Flammable,Objet_29510
Radioactive,Objet_19972
Oxidizing,Objet_08824
Fragile,Objet_11120
Radioactive,Objet_15304
Flammable,Objet_18424
Food,Objet_00331
Unspecified,Objet_10701
Fragile,Objet_21962
Pressurized,Objet_01707
Radioactive,Objet_17377
Explosive,Objet_13357
Fragile,Objet_05119
Flammable,Objet_05943
Explosive,Objet_28204
Food,Objet_03325
Pressurized,Objet_00742
Food,Objet_00504
Unspecified,Objet_20911
Oxidizing,Objet_09693
Oxidizing,Objet_29227
Oxidizing,Objet_03931
Fragile,Objet_25536
Radioactive,Objet_00407
Radioactive,Objet_07926
Unspecified,Objet_09050
Toxic,Objet_20921
Toxic,Objet_15185
Fragile,Objet_00583
Corrosive,Objet_11481
Food,Objet_11256
Oxidizing,Objet_18668
Oxidizing,Objet_11344
Explosive,Objet_27856
Explosive,Objet_14623
Explosive,Objet_19566
Food,Objet_01013
Toxic,Objet_07729
Unspecified,Objet_06159
Pressurized,Objet_19357
Explosive,Objet_04501
Corrosive,Objet_13545
Toxic,Objet_12765
Fragile,Objet_23732
Toxic,Objet_20720
Radioactive,Objet_02161
Explosive,Objet_01339
Food,Objet_07492
Toxic,Objet_13859
Fragile,Objet_13126
Radioactive,Objet_21212
Corrosive,Objet_01329
Radioactive,Objet_15521
Radioactive,Objet_17027
Fragile,Objet_12358
Unspecified,Objet_12413
Explosive,Objet_06647
Toxic,Objet_05104
Unspecified,Objet_25703
Flammable,Objet_22305
Corrosive,Objet_26941
Toxic,Objet_06016
Food,Objet_26978
Toxic,Objet_23039
Oxidizing,Objet_12810
Oxidizing,Objet_19685
Pressurized,Objet_17075
Pressurized,Objet_04110
Flammable,Objet_15692
Corrosive,Objet_19829
Toxic,Objet_30027
Flammable,Objet_18780
Toxic,Objet_16254
Fragile,Objet_14613
Corrosive,Objet_02236
Pressurized,Objet_22032
Oxidizing,Objet_15146
Corrosive,Objet_07209
Fragile,Objet_13408
Fragile,Objet_10372
Toxic,Objet_06051
Food,Objet_21485
Oxidizing,Objet_24766
Corrosive,Objet_10244
Toxic,Objet_16099
Flammable,Objet_26107
Flammable,Objet_16992
Unspecified,Objet_05735
Explosive,Objet_17060
Explosive,Objet_00593
Oxidizing,Objet_22120
Radioactive,Objet_29833
Pressurized,Objet_22419
Unspecified,Objet_20137
Toxic,Objet_26028
Flammable,Objet_25223
Food,Objet_06509
Flammable,Objet_12774
Oxidizing,Objet_03665
Unspecified,Objet_10536
Toxic,Objet_19318
Pressurized,Objet_11603
Toxic,Objet_20042
Oxidizing,Objet_15096
Fragile,Objet_09034
Fragile,Objet_01845
Food,Objet_22555
Unspecified,Objet_02896
Pressurized,Objet_05852
Oxidizing,Objet_27338
Radioactive,Objet_25791
Unspecified,Objet_18466
Toxic,Objet_11676
Fragile,Objet_00278
Pressurized,Objet_06501
Oxidizing,Objet_18208
Unspecified,Objet_08780
Unspecified,Objet_27314
Radioactive,Objet_16735
Flammable,Objet_11028
Food,Objet_26558
Unspecified,Objet_14406
Oxidizing,Objet_03024
Corrosive,Objet_13406
Explosive,Objet_11748
Explosive,Objet_01629
Corrosive,Objet_03436
Explosive,Objet_11690
Toxic,Objet_01883
Oxidizing,Objet_29754
Unspecified,Objet_29707
Unspecified,Objet_13666
Corrosive,Objet_03298
Radioactive,Objet_21134
Flammable,Objet_14567
Radioactive,Objet_24841
Explosive,Objet_09748
Corrosive,Objet_15843
Pressurized,Objet_29593
Flammable,Objet_03296
Flammable,Objet_23237
Fragile,Objet_11833
Fragile,Objet_26736
Explosive,Objet_00383
Explosive,Objet_13282
Explosive,Objet_28941
Flammable,Objet_22347
Food,Objet_14301
Pressurized,Objet_04485
Fragile,Objet_23357
Explosive,Objet_22626
Fragile,Objet_24693
Food,Objet_26083
Food,Objet_22343
Corrosive,Objet_19447
Unspecified,Objet_26863
Fragile,Objet_19594
Oxidizing,Objet_08980
Oxidizing,Objet_18493
Food,Objet_27962
Flammable,Objet_20965
Pressurized,Objet_01136
Flammable,Objet_28162
Flammable,Objet_07864
Oxidizing,Objet_19109
Food,Objet_10055
Pressurized,Objet_27347
Toxic,Objet_26249
Pressurized,Objet_01337
Toxic,Objet_05690
Explosive,Objet_09253
Explosive,Objet_09387
Toxic,Objet_12544
Radioactive,Objet_29190
Radioactive,Objet_21423
Toxic,Objet_28380
Fragile,Objet_19458
Oxidizing,Objet_12555
Corrosive,Objet_01914
Food,Objet_01717
Fragile,Objet_29769
Radioactive,Objet_06389
Flammable,Objet_28345
Radioactive,Objet_05426
Explosive,Objet_06256
Radioactive,Objet_28780
Toxic,Objet_22569
Toxic,Objet_13463
Pressurized,Objet_14457
Explosive,Objet_14604
Flammable,Objet_11193
Flammable,Objet_17896
Food,Objet_10032
Corrosive,Objet_20550
Corrosive,Objet_26861
Corrosive,Objet_18086
Fragile,Objet_21263
Unspecified,Objet_13959
Toxic,Objet_23861
Unspecified,Objet_25384
Pressurized,Objet_22514
Flammable,Objet_03416
Radioactive,Objet_19153
Radioactive,Objet_16897
Oxidizing,Objet_26032
Explosive,Objet_25184
Corrosive,Objet_02314
Unspecified,Objet_19160
Unspecified,Objet_03547
Pressurized,Objet_16503
Unspecified,Objet_06685
Corrosive,Objet_21129
Fragile,Objet_08345
Pressurized,Objet_24059
Food,Objet_04389
Pressurized,Objet_04378
Explosive,Objet_08438
Unspecified,Objet_05722
Pressurized,Objet_22378
Flammable,Objet_22630
Unspecified,Objet_00217
Radioactive,Objet_18190
Fragile,Objet_29358
Toxic,Objet_07363
Oxidizing,Objet_22990
Fragile,Objet_08516
Explosive,Objet_23102
Corrosive,Objet_07381
Fragile,Objet_23524
Unspecified,Objet_07161
Pressurized,Objet_24698
Radioactive,Objet_25958
Flammable,Objet_29196
Radioactive,Objet_28107
Radioactive,Objet_07495
Food,Objet_23729
Oxidizing,Objet_09714
Oxidizing,Objet_02361
Radioactive,Objet_14834
Radioactive,Objet_09353
Radioactive,Objet_10716
Food,Objet_03487
Food,Objet_03084
Radioactive,Objet_01026
Unspecified,Objet_10180
Pressurized,Objet_22358
Food,Objet_02290
Radioactive,Objet_00487
Unspecified,Objet_24333
Radioactive,Objet_12022
Fragile,Objet_12491
Flammable,Objet_23597
Explosive,Objet_19865
Unspecified,Objet_22819
Oxidizing,Objet_14719
Food,Objet_17781
Explosive,Objet_26238
Corrosive,Objet_18246
Pressurized,Objet_11980
Corrosive,Objet_25772
Unspecified,Objet_12514
Oxidizing,Objet_26200
Pressurized,Objet_07477
Unspecified,Objet_14982
Explosive,Objet_16018
Food,Objet_26931
Radioactive,Objet_03384
Unspecified,Objet_14267
Unspecified,Objet_04373
Unspecified,Objet_12887
Oxidizing,Objet_14056
Corrosive,Objet_22506
Unspecified,Objet_23313
Corrosive,Objet_04673
Unspecified,Objet_17403
Flammable,Objet_02222
Flammable,Objet_24487
Food,Objet_01993
Toxic,Objet_20227
Corrosive,Objet_22359
Explosive,Objet_05428
Food,Objet_28674
Toxic,Objet_21853
Toxic,Objet_07482
Unspecified,Objet_13733
Food,Objet_06530
Oxidizing,Objet_20295
Pressurized,Objet_16764
Explosive,Objet_08421
Food,Objet_26263
Oxidizing,Objet_02800
Radioactive,Objet_15095
Fragile,Objet_28316
Fragile,Objet_27049
Explosive,Objet_23006
Radioactive,Objet_09584
Flammable,Objet_11715
Unspecified,Objet_26775
Explosive,Objet_14153
Flammable,Objet_10801
Unspecified,Objet_02231
Fragile,Objet_27348
Radioactive,Objet_20072
Explosive,Objet_12030
Fragile,Objet_05205
Radioactive,Objet_07630
Explosive,Objet_29164
Radioactive,Objet_02329
Fragile,Objet_09364
Radioactive,Objet_00469
Corrosive,Objet_10481
Explosive,Objet_17890
Unspecified,Objet_11348
Toxic,Objet_12708
Corrosive,Objet_24493
Radioactive,Objet_18295
Toxic,Objet_14495
Flammable,Objet_04690
Unspecified,Objet_08412
Flammable,Objet_09980
Oxidizing,Objet_28776
Explosive,Objet_00786
Toxic,Objet_15138
Fragile,Objet_20756
Corrosive,Objet_22423
Corrosive,Objet_00986
Pressurized,Objet_10597
Flammable,Objet_18381
Corrosive,Objet_26257
Pressurized,Objet_20567
Corrosive,Objet_09533
Oxidizing,Objet_23536
Radioactive,Objet_14999
Corrosive,Objet_20032
Pressurized,Objet_02036
Flammable,Objet_09169
Pressurized,Objet_15730
Flammable,Objet_28092
Toxic,Objet_01364
Fragile,Objet_16448
Flammable,Objet_02438
Food,Objet_06764
Flammable,Objet_05407
Corrosive,Objet_06141
Fragile,Objet_22608
Radioactive,Objet_17803
Toxic,Objet_08711
Food,Objet_16569
Fragile,Objet_16911
Fragile,Objet_07889
Radioactive,Objet_14413
Corrosive,Objet_00813
Explosive,Objet_11064
Unspecified,Objet_03735
Pressurized,Objet_19190
Flammable,Objet_26390
Unspecified,Objet_01649
Flammable,Objet_27307
Oxidizing,Objet_20869
Unspecified,Objet_09824
Pressurized,Objet_12923
Oxidizing,Objet_10762
Unspecified,Objet_22366
Flammable,Objet_18785
Toxic,Objet_27872
Corrosive,Objet_00835
Fragile,Objet_06912
Explosive,Objet_01495
Unspecified,Objet_28882
Explosive,Objet_26649
Pressurized,Objet_18173
Radioactive,Objet_11119
Fragile,Objet_00206
Pressurized,Objet_01639
Explosive,Objet_05364
Flammable,Objet_23031
Toxic,Objet_20425
Explosive,Objet_02713
Food,Objet_01412
Unspecified,Objet_17142
Oxidizing,Objet_13982
Explosive,Objet_11354
Fragile,Objet_25914
Food,Objet_11857
Unspecified,Objet_29808
Explosive,Objet_03873
Oxidizing,Objet_18789
Food,Objet_24029
Corrosive,Objet_03354
Flammable,Objet_18547
Unspecified,Objet_20355
Pressurized,Objet_13981
Pressurized,Objet_01351
Toxic,Objet_19120
Toxic,Objet_01416
Radioactive,Objet_08195
Explosive,Objet_14151
Oxidizing,Objet_16032
Explosive,Objet_02362
Unspecified,Objet_15494
Food,Objet_19417
Fragile,Objet_01479
Unspecified,Objet_12104
Pressurized,Objet_22489
Toxic,Objet_04618
Explosive,Objet_22617
Corrosive,Objet_29095
Corrosive,Objet_29103
Oxidizing,Objet_17691
Radioactive,Objet_18429
Food,Objet_26314
Explosive,Objet_19325
Explosive,Objet_00215
Radioactive,Objet_15417
Flammable,Objet_19337
Oxidizing,Objet_07055
Food,Objet_25624
Oxidizing,Objet_18288
Unspecified,Objet_11060
Fragile,Objet_17432
Oxidizing,Objet_01531
Food,Objet_24143
Fragile,Objet_26025
Fragile,Objet_27363
Food,Objet_29408
Pressurized,Objet_29751
Radioactive,Objet_23624
Toxic,Objet_16326
Unspecified,Objet_19349
Unspecified,Objet_25068
Explosive,Objet_11239
Pressurized,Objet_19475
Radioactive,Objet_27759
Fragile,Objet_20351
Toxic,Objet_22311
Oxidizing,Objet_25253
Corrosive,Objet_02624
Toxic,Objet_00568
Oxidizing,Objet_00463
Corrosive,Objet_26270
Food,Objet_04081
Oxidizing,Objet_17614
Pressurized,Objet_04653
Oxidizing,Objet_26226
Fragile,Objet_05605
Corrosive,Objet_19348
Flammable,Objet_18852
Explosive,Objet_21201
Unspecified,Objet_23466
Pressurized,Objet_03656
Explosive,Objet_10098
Pressurized,Objet_26566
Explosive,Objet_16852
Toxic,Objet_27487
Explosive,Objet_00636
Corrosive,Objet_08507
Fragile,Objet_16361
Flammable,Objet_14630
Pressurized,Objet_18147
Toxic,Objet_11255
Explosive,Objet_23797
Fragile,Objet_29300
Fragile,Objet_17162
Toxic,Objet_11314
Radioactive,Objet_17402
Pressurized,Objet_08729
Food,Objet_13841
Corrosive,Objet_16815
Pressurized,Objet_02829
Pressurized,Objet_15719
Food,Objet_25742
Explosive,Objet_23115
Radioactive,Objet_28068
Fragile,Objet_02054
Unspecified,Objet_29340
Flammable,Objet_16700
Unspecified,Objet_02284
Radioactive,Objet_13834
Corrosive,Objet_08927
Radioactive,Objet_02641
Toxic,Objet_23276
Food,Objet_14972
Fragile,Objet_01926
Flammable,Objet_27744
Oxidizing,Objet_08763
Oxidizing,Objet_25529
Radioactive,Objet_18154
Explosive,Objet_00107
Pressurized,Objet_03159
Unspecified,Objet_18767
Unspecified,Objet_11633
Pressurized,Objet_19977
Unspecified,Objet_16188
Corrosive,Objet_10725
Explosive,Objet_06023
Unspecified,Objet_25962
Radioactive,Objet_14756
Toxic,Objet_15616
Unspecified,Objet_11376
Explosive,Objet_10249
Unspecified,Objet_24538
Corrosive,Objet_06156
Flammable,Objet_19885
Flammable,Objet_08165
Food,Objet_20562
Food,Objet_20214
Explosive,Objet_12173
Food,Objet_05767
Unspecified,Objet_14203
Radioactive,Objet_04962
Food,Objet_29024
Explosive,Objet_00369
Toxic,Objet_20974
Unspecified,Objet_03637
Corrosive,Objet_28503
Oxidizing,Objet_18186
Fragile,Objet_29613
Explosive,Objet_03540
Pressurized,Objet_22991
Oxidizing,Objet_06411
Corrosive,Objet_09604
Unspecified,Objet_03544
Pressurized,Objet_21694
Food,Objet_26426
Food,Objet_21388
Radioactive,Objet_13530
Toxic,Objet_25414
Pressurized,Objet_13800
Unspecified,Objet_15537
Oxidizing,Objet_03903
Toxic,Objet_29602
Radioactive,Objet_01367
Food,Objet_20045
Corrosive,Objet_26553
Unspecified,Objet_27600
Explosive,Objet_15184
Toxic,Objet_11371
Flammable,Objet_19394
Unspecified,Objet_14817
Explosive,Objet_17948
Fragile,Objet_23488
Pressurized,Objet_13307
Food,Objet_16194
Flammable,Objet_10711
Pressurized,Objet_28783
Unspecified,Objet_10693
Unspecified,Objet_01186
Fragile,Objet_12562
Oxidizing,Objet_16553
Food,Objet_00434
Corrosive,Objet_20890
Unspecified,Objet_04806
Fragile,Objet_25878
Corrosive,Objet_10544
Oxidizing,Objet_18418
Flammable,Objet_00645
Corrosive,Objet_12344
Flammable,Objet_07329
Flammable,Objet_14477
Pressurized,Objet_21290
Food,Objet_16702
Unspecified,Objet_16769
Unspecified,Objet_20287
Explosive,Objet_23473
Oxidizing,Objet_25918
Explosive,Objet_15531
Food,Objet_00796
Unspecified,Objet_04779
Fragile,Objet_11520
Radioactive,Objet_16504
Unspecified,Objet_16552
Flammable,Objet_20087
Oxidizing,Objet_25225
Explosive,Objet_28223
Fragile,Objet_21828
Radioactive,Objet_14723
Food,Objet_22247
Explosive,Objet_14507
Explosive,Objet_09640
Fragile,Objet_27425
Unspecified,Objet_16558
Pressurized,Objet_23169
Radioactive,Objet_19306
Corrosive,Objet_10281
Explosive,Objet_21366
Flammable,Objet_15269
Explosive,Objet_17547
Fragile,Objet_06171
Food,Objet_11917
Fragile,Objet_14827
Corrosive,Objet_25303
Toxic,Objet_23864
Flammable,Objet_22958
Pressurized,Objet_18236
Pressurized,Objet_22087
Explosive,Objet_07533
Unspecified,Objet_07098
Explosive,Objet_27960
Radioactive,Objet_06265
Explosive,Objet_17928
Explosive,Objet_08743
Corrosive,Objet_19284
Unspecified,Objet_03369
Oxidizing,Objet_21225
Unspecified,Objet_18223
Radioactive,Objet_27925
Unspecified,Objet_09040
Flammable,Objet_21587
Radioactive,Objet_28188
Oxidizing,Objet_03563
Toxic,Objet_09196
Toxic,Objet_21379
Explosive,Objet_03819
Corrosive,Objet_10026
Explosive,Objet_14094
Pressurized,Objet_23693
Toxic,Objet_19253
Unspecified,Objet_16661
Flammable,Objet_23943
Unspecified,Objet_11816
Fragile,Objet_04005
Oxidizing,Objet_06230
Fragile,Objet_17960
Pressurized,Objet_05928
Oxidizing,Objet_13649
Oxidizing,Objet_16322
Pressurized,Objet_13263
Oxidizing,Objet_09048
Corrosive,Objet_10132
Food,Objet_25090
Food,Objet_16233
Unspecified,Objet_20722
Fragile,Objet_05372
Food,Objet_15281
Radioactive,Objet_23236
Fragile,Objet_13388
Corrosive,Objet_03955
Flammable,Objet_14577
Toxic,Objet_17113
Pressurized,Objet_28942
Fragile,Objet_08302
Unspecified,Objet_03664
Explosive,Objet_25389
Pressurized,Objet_17270
Radioactive,Objet_20076
Toxic,Objet_17020
Oxidizing,Objet_00755
Radioactive,Objet_18335
Oxidizing,Objet_21747
Food,Objet_02105
Food,Objet_17872
Unspecified,Objet_10241
Fragile,Objet_18461
Explosive,Objet_17356
Fragile,Objet_19971
Toxic,Objet_14152
Oxidizing,Objet_02763
Toxic,Objet_25087
Pressurized,Objet_25197
Explosive,Objet_15952
Corrosive,Objet_04509
Toxic,Objet_16309
Corrosive,Objet_21188
Explosive,Objet_20855
Radioactive,Objet_10317
Unspecified,Objet_15972
Explosive,Objet_19057
Toxic,Objet_15607
Toxic,Objet_14553
Toxic,Objet_19478
Pressurized,Objet_26455
Fragile,Objet_08831
Fragile,Objet_28622
Food,Objet_06986
Pressurized,Objet_17464
Radioactive,Objet_08435
Unspecified,Objet_08081
Corrosive,Objet_08826
Toxic,Objet_18342
Radioactive,Objet_24408
Unspecified,Objet_09567
Toxic,Objet_17310
Food,Objet_04269
Explosive,Objet_16860
Fragile,Objet_18951
Fragile,Objet_29871
Radioactive,Objet_26244
Toxic,Objet_01387
Pressurized,Objet_10692
Unspecified,Objet_09957
Food,Objet_28536
Toxic,Objet_21585
Flammable,Objet_03782
Unspecified,Objet_30110
Explosive,Objet_02350
Food,Objet_27231
Corrosive,Objet_16242
Explosive,Objet_12355
Corrosive,Objet_25724
Fragile,Objet_23189
Pressurized,Objet_00615
Radioactive,Objet_16798
Fragile,Objet_07886
Food,Objet_26659
Radioactive,Objet_12433
Toxic,Objet_22735
Explosive,Objet_20123
Pressurized,Objet_25430
Food,Objet_10194
Oxidizing,Objet_10964
Fragile,Objet_04966
Corrosive,Objet_11042
Oxidizing,Objet_27501
Corrosive,Objet_25881
Flammable,Objet_00157
Food,Objet_04781
Toxic,Objet_21641
Corrosive,Objet_27717
Fragile,Objet_26110
Corrosive,Objet_11692
Oxidizing,Objet_02180
Radioactive,Objet_05161
Corrosive,Objet_24040
Food,Objet_24154
Fragile,Objet_23125
Corrosive,Objet_08023
Toxic,Objet_27436
Radioactive,Objet_18897
Oxidizing,Objet_27643
Pressurized,Objet_30062
Food,Objet_14679
Food,Objet_02801
Corrosive,Objet_18271
Toxic,Objet_29082
Pressurized,Objet_10267
Pressurized,Objet_05673
Explosive,Objet_05191
Radioactive,Objet_09492
Explosive,Objet_03974
Corrosive,Objet_08871
Explosive,Objet_26972
Corrosive,Objet_14067
Explosive,Objet_15650
Food,Objet_18999
Corrosive,Objet_17231
Explosive,Objet_27434
Pressurized,Objet_20000
Fragile,Objet_20225
Unspecified,Objet_09937
Corrosive,Objet_19902
Explosive,Objet_28572
Corrosive,Objet_21080
Food,Objet_19639
Corrosive,Objet_25416
Unspecified,Objet_11097
Toxic,Objet_24035
Corrosive,Objet_18816
Pressurized,Objet_05048
Unspecified,Objet_26215
Corrosive,Objet_03426
Unspecified,Objet_22276
Corrosive,Objet_13246
Fragile,Objet_28048
Unspecified,Objet_19515
Corrosive,Objet_01462
Pressurized,Objet_05570
Pressurized,Objet_07827
Oxidizing,Objet_04602
Toxic,Objet_16615
Unspecified,Objet_24751
Unspecified,Objet_18692
Unspecified,Objet_21668
Corrosive,Objet_26251
Oxidizing,Objet_09864
Flammable,Objet_06050
Unspecified,Objet_21312
Flammable,Objet_28507
Fragile,Objet_28543
Corrosive,Objet_10650
Explosive,Objet_24523
Flammable,Objet_19539
Fragile,Objet_25646
Food,Objet_01323
Flammable,Objet_05864
Unspecified,Objet_15492
Oxidizing,Objet_09455
Unspecified,Objet_20651
Unspecified,Objet_16080
Corrosive,Objet_05414
Unspecified,Objet_03649
Oxidizing,Objet_26647
Explosive,Objet_27309
Oxidizing,Objet_22872
Pressurized,Objet_25390
Corrosive,Objet_05326
Food,Objet_09443
Oxidizing,Objet_01934
Oxidizing,Objet_15451
Toxic,Objet_29137
Flammable,Objet_29630
Food,Objet_15833
Flammable,Objet_03904
Fragile,Objet_00724
Explosive,Objet_03386
Corrosive,Objet_24305
Unspecified,Objet_27215
Corrosive,Objet_12335
Explosive,Objet_05082
Flammable,Objet_06566
Pressurized,Objet_22791
Flammable,Objet_25334
Toxic,Objet_17880
Corrosive,Objet_11836
Explosive,Objet_02173
Radioactive,Objet_27302
Flammable,Objet_15551
Toxic,Objet_11716
Food,Objet_04145
Fragile,Objet_19155
Corrosive,Objet_04217
Explosive,Objet_01065
Unspecified,Objet_19123
Radioactive,Objet_26480
Radioactive,Objet_13403
Pressurized,Objet_12505
Explosive,Objet_13936
Toxic,Objet_25879
Fragile,Objet_26874
Corrosive,Objet_28340
Radioactive,Objet_07392
Food,Objet_09160
Explosive,Objet_14736
Pressurized,Objet_25102
Radioactive,Objet_03171
Toxic,Objet_08649
Corrosive,Objet_22274
Explosive,Objet_28016
Unspecified,Objet_10649
Pressurized,Objet_23099
Pressurized,Objet_19288
Radioactive,Objet_27865
Corrosive,Objet_07932
Flammable,Objet_00824
Flammable,Objet_29185
Explosive,Objet_17472
Toxic,Objet_18631
Pressurized,Objet_09797
Unspecified,Objet_29173
Unspecified,Objet_10382
Fragile,Objet_21525
Fragile,Objet_22261
Oxidizing,Objet_00448
Explosive,Objet_09774
Toxic,Objet_10519
Fragile,Objet_01912
Fragile,Objet_18100
Radioactive,Objet_03910
Radioactive,Objet_03728
Radioactive,Objet_02157
Explosive,Objet_25466
Pressurized,Objet_18046
Unspecified,Objet_06115
Explosive,Objet_26308
Oxidizing,Objet_02954
Fragile,Objet_15302
Oxidizing,Objet_23343
Fragile,Objet_30105
Radioactive,Objet_28458
Toxic,Objet_25619
Radioactive,Objet_22381
Explosive,Objet_18386
Toxic,Objet_01668
Pressurized,Objet_12224
Unspecified,Objet_26742
Oxidizing,Objet_05660
Oxidizing,Objet_29350
Pressurized,Objet_02924
Flammable,Objet_29728
Pressurized,Objet_13846
Explosive,Objet_12449
Toxic,Objet_28195
Pressurized,Objet_07050
Toxic,Objet_00610
Explosive,Objet_24682
Corrosive,Objet_06682
Oxidizing,Objet_19145
Fragile,Objet_24027
Toxic,Objet_22918
Unspecified,Objet_13413
Toxic,Objet_28311
Fragile,Objet_22382
Toxic,Objet_17688
Oxidizing,Objet_16035
Corrosive,Objet_02013
Flammable,Objet_29123
Radioactive,Objet_28054
Oxidizing,Objet_03201
Flammable,Objet_04780
Pressurized,Objet_04187
Toxic,Objet_13577
Corrosive,Objet_30049
Flammable,Objet_27651
Toxic,Objet_19696
Flammable,Objet_24576
Food,Objet_13216
Toxic,Objet_01617
Explosive,Objet_18131
Fragile,Objet_12602
Explosive,Objet_23244
Fragile,Objet_00650
