Type, Name
Food,Objet_06103
Radioactive,Objet_03673
Corrosive,Objet_05364
Unspecified,Objet_02744
Pressurized,Objet_04399
Explosive,Objet_04381
Oxidizing,Objet_05524
Explosive,Objet_00311
Toxic,Objet_05994
Toxic,Objet_07282
Flammable,Objet_00568
Unspecified,Objet_00554
Toxic,Objet_02071
Flammable,Objet_00447
Fragile,Objet_02990
Radioactive,Objet_05432
Food,Objet_02095
Pressurized,Objet_04008
Unspecified,Objet_00273
Fragile,Objet_05158
Corrosive,Objet_06375
Oxidizing,Objet_01959
Unspecified,Objet_04582
Fragile,Objet_00739
Unspecified,Objet_06467
Oxidizing,Objet_06726
Fragile,Objet_02697
Toxic,Objet_05854
Unspecified,Objet_01532
Oxidizing,Objet_04575
Flammable,Objet_02911
Radioactive,Objet_03318
Fragile,Objet_00662
Radioactive,Objet_04139
Fragile,Objet_06411
Oxidizing,Objet_05982
Food,Objet_01587
Radioactive,Objet_00272
Explosive,Objet_03539
Toxic,Objet_06938
Pressurized,Objet_03416
Explosive,Objet_07562
Radioactive,Objet_07601
Flammable,Objet_04885
Oxidizing,Objet_05959
Fragile,Objet_01784
Unspecified,Objet_01906
Corrosive,Objet_00186
Explosive,Objet_02276
Fragile,Objet_06989
Food,Objet_05031
Explosive,Objet_03617
Toxic,Objet_05166
Flammable,Objet_02850
Oxidizing,Objet_00038
Flammable,Objet_07622
Unspecified,Objet_01323
Toxic,Objet_00693
Flammable,Objet_06051
Flammable,Objet_01982
Unspecified,Objet_06340
Fragile,Objet_01570
Radioactive,Objet_07050
Explosive,Objet_01713
Flammable,Objet_05452
Unspecified,Objet_03510
Pressurized,Objet_01284
Radioactive,Objet_04341
Fragile,Objet_06098
Explosive,Objet_00275
Fragile,Objet_04027
Food,Objet_03283
Toxic,Objet_06868
Food,Objet_00010
Flammable,Objet_06313
Oxidizing,Objet_02397
Pressurized,Objet_04875
Unspecified,Objet_03889
Toxic,Objet_03308
Corrosive,Objet_06634
Food,Objet_02550
Flammable,Objet_01685
Toxic,Objet_06044
Explosive,Objet_03514
Oxidizing,Objet_00371
Pressurized,Objet_04423
Explosive,Objet_00694
Radioactive,Objet_03820
Radioactive,Objet_02662
Corrosive,Objet_00953
Explosive,Objet_06555
Explosive,Objet_01221
Radioactive,Objet_05516
Flammable,Objet_06924
Corrosive,Objet_00673
Radioactive,Objet_07685
Radioactive,Objet_04159
Explosive,Objet_05636
Pressurized,Objet_04690
Toxic,Objet_07634
Explosive,Objet_03299
Oxidizing,Objet_03207
Unspecified,Objet_07743
Pressurized,Objet_03004
Radioactive,Objet_07446
Unspecified,Objet_07458
Oxidizing,Objet_07277
Corrosive,Objet_05477
Radioactive,Objet_06688
Explosive,Objet_06556
Toxic,Objet_02690
Toxic,Objet_07512
Corrosive,Objet_02197
Food,Objet_05262
Pressurized,Objet_02289
Pressurized,Objet_01268
Oxidizing,Objet_04930
Unspecified,Objet_05265
Fragile,Objet_05684
Toxic,Objet_07481
Explosive,Objet_01248
Flammable,Objet_07696
Pressurized,Objet_02497
Toxic,Objet_02258
Oxidizing,Objet_05059
Pressurized,Objet_01964
Fragile,Objet_05642
Corrosive,Objet_05072
Oxidizing,Objet_05152
Fragile,Objet_07658
Food,Objet_07153
Explosive,Objet_06818
Explosive,Objet_07077
Radioactive,Objet_02381
Fragile,Objet_02356
Unspecified,Objet_01068
Food,Objet_05617
Toxic,Objet_05620
Pressurized,Objet_03633
Corrosive,Objet_01640
Fragile,Objet_00014
Oxidizing,Objet_03990
Explosive,Objet_03429
Oxidizing,Objet_03392
Fragile,Objet_03306
Flammable,Objet_05515
Toxic,Objet_03589
Explosive,Objet_07412
Toxic,Objet_05317
Unspecified,Objet_00287
Radioactive,Objet_03619
Oxidizing,Objet_07530
Food,Objet_05688
Explosive,Objet_04025
Food,Objet_05339
Food,Objet_02717
Oxidizing,Objet_04439
Unspecified,Objet_06500
Radioactive,Objet_06582
Unspecified,Objet_03252
Fragile,Objet_06801
Fragile,Objet_07047
Food,Objet_01929
Food,Objet_03621
Explosive,Objet_04637
Corrosive,Objet_01136
Explosive,Objet_07179
Explosive,Objet_05957
Pressurized,Objet_06904
Unspecified,Objet_00327
Pressurized,Objet_07611
Oxidizing,Objet_02073
Toxic,Objet_03829
Oxidizing,Objet_04456
Unspecified,Objet_04671
Food,Objet_02312
Food,Objet_07190
Toxic,Objet_03771
Fragile,Objet_07264
Pressurized,Objet_01514
Oxidizing,Objet_05673
Explosive,Objet_00707
Explosive,Objet_00755
Radioactive,Objet_03202
Corrosive,Objet_07372
Pressurized,Objet_03949
Fragile,Objet_05628
Explosive,Objet_03593
Unspecified,Objet_02194
Pressurized,Objet_04994
Toxic,Objet_03184
Unspecified,Objet_04006
Explosive,Objet_00833
Explosive,Objet_04857
Radioactive,Objet_00075
Toxic,Objet_01763
Radioactive,Objet_05075
Oxidizing,Objet_06791
Food,Objet_03190
Toxic,Objet_01518
Pressurized,Objet_05195
Fragile,Objet_02775
Flammable,Objet_04939
Corrosive,Objet_05086
Explosive,Objet_01082
Flammable,Objet_01060
Food,Objet_05018
Pressurized,Objet_00526
Toxic,Objet_06349
Food,Objet_04528
Fragile,Objet_03101
Food,Objet_02315
Oxidizing,Objet_07359
Radioactive,Objet_04905
Oxidizing,Objet_07015
Flammable,Objet_06335
Pressurized,Objet_04307
Pressurized,Objet_04827
Food,Objet_01095
Flammable,Objet_03016
Fragile,Objet_06195
Flammable,Objet_06379
Fragile,Objet_01078
Explosive,Objet_01894
Unspecified,Objet_00928
Food,Objet_05679
Pressurized,Objet_02622
Explosive,Objet_03574
Radioactive,Objet_04447
Flammable,Objet_02615
Flammable,Objet_01872
Food,Objet_02640
Radioactive,Objet_01175
Toxic,Objet_00559
Corrosive,Objet_03345
Corrosive,Objet_02342
Oxidizing,Objet_06977
Pressurized,Objet_00904
Oxidizing,Objet_01955
Unspecified,Objet_06873
Fragile,Objet_05117
Toxic,Objet_01580
Radioactive,Objet_05699
Oxidizing,Objet_07527
Flammable,Objet_06710
Corrosive,Objet_04434
Flammable,Objet_01478
Corrosive,Objet_06944
Radioactive,Objet_05970
Unspecified,Objet_04058
Toxic,Objet_02238
Flammable,Objet_03605
Corrosive,Objet_07713
Pressurized,Objet_01832
Corrosive,Objet_01383
Unspecified,Objet_02387
Flammable,Objet_07719
Fragile,Objet_00746
Food,Objet_06192
Pressurized,Objet_05177
Unspecified,Objet_05282
Oxidizing,Objet_05661
Unspecified,Objet_04245
Pressurized,Objet_06834
Toxic,Objet_06608
Pressurized,Objet_02168
Fragile,Objet_00882
Corrosive,Objet_01742
Radioactive,Objet_00494
Unspecified,Objet_01665
Radioactive,Objet_00449
Flammable,Objet_06596
Unspecified,Objet_05715
Radioactive,Objet_06727
Unspecified,Objet_00553
Fragile,Objet_02196
Radioactive,Objet_07508
Oxidizing,Objet_03881
Fragile,Objet_01069
Pressurized,Objet_03396
Oxidizing,Objet_01994
Corrosive,Objet_04586
Unspecified,Objet_01593
Pressurized,Objet_02792
Flammable,Objet_07707
Corrosive,Objet_03476
Pressurized,Objet_05713
Oxidizing,Objet_03900
Corrosive,Objet_01710
Flammable,Objet_04668
Unspecified,Objet_03164
Radioactive,Objet_03224
Explosive,Objet_00570
Explosive,Objet_04708
Toxic,Objet_04312
Unspecified,Objet_06204
Flammable,Objet_04517
Unspecified,Objet_03762
Oxidizing,Objet_06465
Pressurized,Objet_07428
Toxic,Objet_07046
Flammable,Objet_02715
Explosive,Objet_07229
Corrosive,Objet_06089
Unspecified,Objet_05547
Explosive,Objet_06344
Unspecified,Objet_03063
Pressurized,Objet_01151
Explosive,Objet_05293
Pressurized,Objet_02802
Explosive,Objet_05518
Corrosive,Objet_02940
Flammable,Objet_02227
Radioactive,Objet_02222
Flammable,Objet_02294
Radioactive,Objet_00149
Unspecified,Objet_06041
Fragile,Objet_04878
Oxidizing,Objet_02361
Explosive,Objet_05094
Toxic,Objet_00428
Radioactive,Objet_03247
Radioactive,Objet_04394
Pressurized,Objet_00648
Corrosive,Objet_04238
Explosive,Objet_06557
Food,Objet_07570
Unspecified,Objet_04706
Pressurized,Objet_04743
Unspecified,Objet_04488
Toxic,Objet_07690
Corrosive,Objet_03494
Flammable,Objet_05110
Pressurized,Objet_03912
Pressurized,Objet_01583
Oxidizing,Objet_07254
Toxic,Objet_06962
Corrosive,Objet_04513
Fragile,Objet_05830
Radioactive,Objet_06056
Fragile,Objet_00765
Corrosive,Objet_04040
Pressurized,Objet_04565
Toxic,Objet_06967
Food,Objet_01442
Toxic,Objet_00491
Oxidizing,Objet_01362
Pressurized,Objet_07714
Oxidizing,Objet_03699
Food,Objet_07532
Unspecified,Objet_02032
Oxidizing,Objet_01489
Radioactive,Objet_06524
Corrosive,Objet_04074
Food,Objet_02250
Unspecified,Objet_06473
Corrosive,Objet_03216
Unspecified,Objet_07058
Corrosive,Objet_01225
Flammable,Objet_06878
Oxidizing,Objet_03832
Corrosive,Objet_04364
Food,Objet_07175
Food,Objet_01508
Radioactive,Objet_00330
Corrosive,Objet_07294
Flammable,Objet_07362
Radioactive,Objet_01696
Oxidizing,Objet_03364
Radioactive,Objet_06425
Explosive,Objet_05139
Oxidizing,Objet_04867
Radioactive,Objet_06414
Toxic,Objet_04813
Food,Objet_05553
Oxidizing,Objet_04346
Pressurized,Objet_00357
Corrosive,Objet_04566
Pressurized,Objet_00225
Radioactive,Objet_07237
Unspecified,Objet_06667
Radioactive,Objet_00193
Toxic,Objet_05089
Flammable,Objet_03629
Unspecified,Objet_04467
Corrosive,Objet_01094
Radioactive,Objet_01986
Flammable,Objet_00230
Radioactive,Objet_05805
Food,Objet_03237
Flammable,Objet_05909
Corrosive,Objet_00456
Food,Objet_05904
Fragile,Objet_05194
Explosive,Objet_06420
Oxidizing,Objet_05462
Corrosive,Objet_03323
Pressurized,Objet_00323
Explosive,Objet_05740
Corrosive,Objet_02614
Corrosive,Objet_06137
Flammable,Objet_05674
Explosive,Objet_04112
Pressurized,Objet_04646
Toxic,Objet_01985
Explosive,Objet_04639
Toxic,Objet_06678
Food,Objet_04395
Pressurized,Objet_03121
Pressurized,Objet_01775
Toxic,Objet_01520
Unspecified,Objet_04955
Explosive,Objet_01807
Radioactive,Objet_02526
Unspecified,Objet_03288
Unspecified,Objet_04733
Corrosive,Objet_04988
Unspecified,Objet_03911
Corrosive,Objet_04385
Radioactive,Objet_01307
Pressurized,Objet_06514
Fragile,Objet_04330
Oxidizing,Objet_04259
Explosive,Objet_02890
Explosive,Objet_04908
Explosive,Objet_03289
Food,Objet_02866
Flammable,Objet_03895
Unspecified,Objet_04272
Pressurized,Objet_03542
Explosive,Objet_06853
Corrosive,Objet_02182
Oxidizing,Objet_06315
Fragile,Objet_04013
Explosive,Objet_06272
Fragile,Objet_02035
Radioactive,Objet_04054
Pressurized,Objet_02498
Flammable,Objet_05919
Pressurized,Objet_05756
Unspecified,Objet_05004
Food,Objet_01389
Fragile,Objet_03814
Radioactive,Objet_01796
Flammable,Objet_01479
Radioactive,Objet_03076
Explosive,Objet_00688
Fragile,Objet_00210
Fragile,Objet_06676
Unspecified,Objet_03353
Oxidizing,Objet_04512
Pressurized,Objet_03390
Fragile,Objet_05532
Pressurized,Objet_03997
Toxic,Objet_03437
Pressurized,Objet_02085
Oxidizing,Objet_03973
Toxic,Objet_01877
Food,Objet_03812
Corrosive,Objet_07777
Fragile,Objet_05144
Oxidizing,Objet_02585
Food,Objet_02517
Corrosive,Objet_07392
Corrosive,Objet_02981
Unspecified,Objet_07287
Corrosive,Objet_06008
Toxic,Objet_03351
Pressurized,Objet_02255
Corrosive,Objet_00538
Food,Objet_00481
Unspecified,Objet_03294
Radioactive,Objet_02306
Toxic,Objet_07641
Toxic,Objet_06188
Corrosive,Objet_05708
Corrosive,Objet_03736
Radioactive,Objet_04015
Oxidizing,Objet_00373
Explosive,Objet_04292
Unspecified,Objet_07244
Oxidizing,Objet_05728
Flammable,Objet_02265
Food,Objet_00440
Corrosive,Objet_00905
Food,Objet_01769
Oxidizing,Objet_01025
Toxic,Objet_04490
Unspecified,Objet_06312
Explosive,Objet_01991
Toxic,Objet_04775
Flammable,Objet_04355
Corrosive,Objet_06552
Explosive,Objet_00545
Radioactive,Objet_02477
Food,Objet_04277
Unspecified,Objet_00870
Food,Objet_04843
Food,Objet_04130
Food,Objet_05864
Explosive,Objet_01706
Pressurized,Objet_02199
Pressurized,Objet_05113
Radioactive,Objet_03166
Explosive,Objet_05949
Radioactive,Objet_06278
Toxic,Objet_00398
Oxidizing,Objet_06031
Food,Objet_03884
Corrosive,Objet_05777
Pressurized,Objet_01219
Flammable,Objet_02132
Toxic,Objet_01525
Explosive,Objet_00167
Toxic,Objet_03583
Unspecified,Objet_06897
Fragile,Objet_06436
Food,Objet_04842
Toxic,Objet_03093
Oxidizing,Objet_00571
Oxidizing,Objet_05974
Corrosive,Objet_04556
Radioactive,Objet_06845
Unspecified,Objet_02899
Oxidizing,Objet_00438
Unspecified,Objet_03550
Oxidizing,Objet_04246
Oxidizing,Objet_07326
Flammable,Objet_01135
Toxic,Objet_07511
Toxic,Objet_05384
Radioactive,Objet_06716
Corrosive,Objet_00521
Radioactive,Objet_04949
Food,Objet_02784
Unspecified,Objet_06806
Unspecified,Objet_05591
Unspecified,Objet_00980
Pressurized,Objet_01403
Corrosive,Objet_01771
Flammable,Objet_05264
Explosive,Objet_07161
Toxic,Objet_06672
Pressurized,Objet_06274
Unspecified,Objet_04099
Fragile,Objet_06178
Explosive,Objet_07712
Oxidizing,Objet_03420
Oxidizing,Objet_06462
Toxic,Objet_01753
Food,Objet_04898
Fragile,Objet_05008
Food,Objet_03311
Fragile,Objet_03597
Pressurized,Objet_07522
Fragile,Objet_02886
Food,Objet_01801
Corrosive,Objet_05781
Radioactive,Objet_01227
Radioactive,Objet_00107
Corrosive,Objet_06288
Pressurized,Objet_03515
Unspecified,Objet_00885
Food,Objet_01655
Fragile,Objet_03407
Corrosive,Objet_06528
Unspecified,Objet_02350
Corrosive,Objet_03203
Radioactive,Objet_06343
Radioactive,Objet_07468
Corrosive,Objet_03264
Pressurized,Objet_06101
Oxidizing,Objet_06613
Oxidizing,Objet_03129
Oxidizing,Objet_01061
Corrosive,Objet_07599
Explosive,Objet_05596
Unspecified,Objet_03658
Pressurized,Objet_05283
Toxic,Objet_05068
Oxidizing,Objet_00762
Fragile,Objet_05124
Pressurized,Objet_06542
Fragile,Objet_01799
Oxidizing,Objet_02926
Corrosive,Objet_02451
Toxic,Objet_05647
Explosive,Objet_06863
Toxic,Objet_04522
Flammable,Objet_01297
Unspecified,Objet_04102
Toxic,Objet_03291
Toxic,Objet_05345
Unspecified,Objet_03102
Explosive,Objet_02950
Flammable,Objet_02594
Unspecified,Objet_04812
Radioactive,Objet_05520
Food,Objet_05559
Oxidizing,Objet_05184
Food,Objet_01237
Toxic,Objet_01013
Explosive,Objet_00677
Radioactive,Objet_01932
Radioactive,Objet_00145
Flammable,Objet_02816
Explosive,Objet_04376
Corrosive,Objet_05938
Explosive,Objet_04557
Flammable,Objet_03909
Oxidizing,Objet_00731
Corrosive,Objet_04496
Food,Objet_04676
Toxic,Objet_03022
Food,Objet_05912
Radioactive,Objet_00760
Corrosive,Objet_02658
Unspecified,Objet_07206
Pressurized,Objet_04273
Flammable,Objet_04722
Corrosive,Objet_06985
Flammable,Objet_07490
Pressurized,Objet_01311
Food,Objet_05302
Pressurized,Objet_04113
Oxidizing,Objet_06354
Unspecified,Objet_04963
Explosive,Objet_03956
Flammable,Objet_01900
Radioactive,Objet_03931
Oxidizing,Objet_06753
Corrosive,Objet_05780
Toxic,Objet_03620
Unspecified,Objet_02195
Radioactive,Objet_07182
Unspecified,Objet_06637
Food,Objet_06785
Fragile,Objet_04433
Flammable,Objet_04889
Pressurized,Objet_01659
Explosive,Objet_02034
Pressurized,Objet_07358
Pressurized,Objet_05114
Food,Objet_02555
Explosive,Objet_00807
Flammable,Objet_01182
Radioactive,Objet_05662
Flammable,Objet_01396
Toxic,Objet_04463
Fragile,Objet_01517
Pressurized,Objet_01934
Explosive,Objet_06194
Fragile,Objet_05932
Radioactive,Objet_04155
Toxic,Objet_02299
Oxidizing,Objet_02155
Fragile,Objet_05414
Radioactive,Objet_01255
Radioactive,Objet_04024
Fragile,Objet_07469
Radioactive,Objet_07523
Corrosive,Objet_06153
Fragile,Objet_07662
Radioactive,Objet_05093
Corrosive,Objet_03218
Oxidizing,Objet_00515
Flammable,Objet_07143
Pressurized,Objet_00652
Explosive,Objet_01318
Flammable,Objet_02917
Flammable,Objet_01293
Unspecified,Objet_04579
Unspecified,Objet_01951
Flammable,Objet_03727
Fragile,Objet_01884
Radioactive,Objet_07625
Flammable,Objet_03125
Radioactive,Objet_05573
Flammable,Objet_04377
Pressurized,Objet_00131
Flammable,Objet_03275
Pressurized,Objet_00530
Flammable,Objet_02417
Flammable,Objet_01732
Flammable,Objet_07408
Fragile,Objet_04183
Radioactive,Objet_02283
Corrosive,Objet_02580
Food,Objet_05575
Flammable,Objet_03468
Corrosive,Objet_01671
Pressurized,Objet_03795
Food,Objet_02827
Corrosive,Objet_06899
Pressurized,Objet_03592
Oxidizing,Objet_05795
Oxidizing,Objet_03141
Toxic,Objet_01137
Radioactive,Objet_04937
Corrosive,Objet_06766
Pressurized,Objet_06226
Explosive,Objet_05930
Oxidizing,Objet_00276
Fragile,Objet_03136
Food,Objet_06083
Toxic,Objet_05032
Corrosive,Objet_04168
Oxidizing,Objet_05145
Flammable,Objet_03596
Radioactive,Objet_01447
Explosive,Objet_02701
Oxidizing,Objet_01901
Fragile,Objet_06145
Corrosive,Objet_00113
Radioactive,Objet_05380
Pressurized,Objet_05198
Pressurized,Objet_04151
Corrosive,Objet_06244
Food,Objet_03091
Corrosive,Objet_04133
Food,Objet_00947
Toxic,Objet_00876
Explosive,Objet_01892
Fragile,Objet_05223
Unspecified,Objet_01453
Flammable,Objet_01210
Corrosive,Objet_03790
Explosive,Objet_02486
Explosive,Objet_02725
Toxic,Objet_03042
Corrosive,Objet_04904
Pressurized,Objet_01922
Flammable,Objet_02414
Radioactive,Objet_06911
Food,Objet_05069
Radioactive,Objet_00560
Radioactive,Objet_06996
Unspecified,Objet_00633
Explosive,Objet_02582
Toxic,Objet_04374
Radioactive,Objet_00431
Unspecified,Objet_02554
Food,Objet_04900
Unspecified,Objet_06618
Food,Objet_03273
Flammable,Objet_03517
Pressurized,Objet_02472
Food,Objet_03254
Radioactive,Objet_03012
Fragile,Objet_05525
Flammable,Objet_02612
Fragile,Objet_04229
Oxidizing,Objet_05835
Pressurized,Objet_04094
Fragile,Objet_04997
Toxic,Objet_01263
Toxic,Objet_03055
Flammable,Objet_07318
Explosive,Objet_05787
Radioactive,Objet_00960
Pressurized,Objet_07701
Unspecified,Objet_05643
Fragile,Objet_05598
Explosive,Objet_01722
Unspecified,Objet_05799
Explosive,Objet_06173
Pressurized,Objet_07517
Pressurized,Objet_04137
Unspecified,Objet_06452
Toxic,Objet_05064
Explosive,Objet_02678
Food,Objet_05376
Explosive,Objet_03588
Fragile,Objet_03457
Fragile,Objet_05106
Oxidizing,Objet_05348
Explosive,Objet_00907
Pressurized,Objet_02556
Corrosive,Objet_00453
Flammable,Objet_07063
Radioactive,Objet_06972
Radioactive,Objet_01236
Corrosive,Objet_05978
Oxidizing,Objet_05578
Oxidizing,Objet_07354
Food,Objet_05692
Oxidizing,Objet_03058
Explosive,Objet_05341
Flammable,Objet_05726
Toxic,Objet_07033
Radioactive,Objet_06282
Corrosive,Objet_06053
Food,Objet_00320
Toxic,Objet_00271
Unspecified,Objet_01235
Pressurized,Objet_01393
Corrosive,Objet_00148
Corrosive,Objet_05936
Fragile,Objet_04149
Corrosive,Objet_04327
Explosive,Objet_03360
Food,Objet_04480
Corrosive,Objet_02522
Fragile,Objet_03805
Fragile,Objet_02137
Radioactive,Objet_05001
Pressurized,Objet_01723
Explosive,Objet_02588
Toxic,Objet_07049
Unspecified,Objet_00425
Corrosive,Objet_04087
Explosive,Objet_06300
Food,Objet_00055
Oxidizing,Objet_00593
Food,Objet_06941
Pressurized,Objet_02876
Unspecified,Objet_00019
Corrosive,Objet_06331
Unspecified,Objet_01283
Food,Objet_07281
Explosive,Objet_01579
Radioactive,Objet_05306
Radioactive,Objet_05048
Pressurized,Objet_02534
Corrosive,Objet_01850
Oxidizing,Objet_04996
Food,Objet_02394
Oxidizing,Objet_02989
Radioactive,Objet_06554
Unspecified,Objet_03154
Oxidizing,Objet_00292
Fragile,Objet_04276
Radioactive,Objet_01364
Unspecified,Objet_05755
Unspecified,Objet_03406
Fragile,Objet_05192
Toxic,Objet_03231
Unspecified,Objet_05613
Explosive,Objet_02445
Corrosive,Objet_00844
Corrosive,Objet_03800
Unspecified,Objet_06648
Radioactive,Objet_07716
Unspecified,Objet_03418
Food,Objet_02977
Radioactive,Objet_04425
Unspecified,Objet_07137
Radioactive,Objet_04896
Fragile,Objet_02395
Radioactive,Objet_06894
Corrosive,Objet_04419
Flammable,Objet_04075
Unspecified,Objet_07346
Corrosive,Objet_00988
Fragile,Objet_04911
Toxic,Objet_06910
Radioactive,Objet_03439
Oxidizing,Objet_01903
Food,Objet_03482
Corrosive,Objet_02868
Pressurized,Objet_02773
Flammable,Objet_01509
Unspecified,Objet_07212
Fragile,Objet_03663
Food,Objet_03671
Radioactive,Objet_07232
Unspecified,Objet_06494
Explosive,Objet_05572
Oxidizing,Objet_04240
Oxidizing,Objet_01415
Pressurized,Objet_03646
Radioactive,Objet_06262
Food,Objet_02084
Unspecified,Objet_06446
Explosive,Objet_02208
Oxidizing,Objet_05358
Toxic,Objet_00660
Food,Objet_03071
Corrosive,Objet_05448
Explosive,Objet_00798
Food,Objet_05906
Corrosive,Objet_00199
Corrosive,Objet_00990
Food,Objet_06111
Toxic,Objet_02318
Flammable,Objet_05315
Oxidizing,Objet_03344
Toxic,Objet_03724
Pressurized,Objet_03422
Radioactive,Objet_01611
Fragile,Objet_07654
Explosive,Objet_01032
Corrosive,Objet_07217
Pressurized,Objet_03259
Unspecified,Objet_04144
Explosive,Objet_00002
Corrosive,Objet_00984
Flammable,Objet_00869
Unspecified,Objet_05281
Pressurized,Objet_00414
Oxidizing,Objet_05716
Flammable,Objet_04466
Radioactive,Objet_06645
Pressurized,Objet_07384
Explosive,Objet_02947
Unspecified,Objet_05775
Flammable,Objet_07070
Food,Objet_06369
Explosive,Objet_03701
Food,Objet_07493
Unspecified,Objet_06040
Explosive,Objet_07129
Pressurized,Objet_01174
Unspecified,Objet_00347
Explosive,Objet_05750
Fragile,Objet_01689
Oxidizing,Objet_05301
Food,Objet_07585
Pressurized,Objet_04848
Fragile,Objet_07575
Explosive,Objet_07291
Fragile,Objet_03272
Toxic,Objet_04784
Flammable,Objet_04494
Flammable,Objet_00476
Food,Objet_03925
Unspecified,Objet_03064
Corrosive,Objet_06397
Unspecified,Objet_05653
Toxic,Objet_01635
Explosive,Objet_06954
Food,Objet_01618
Pressurized,Objet_05997
Pressurized,Objet_06523
Fragile,Objet_01141
Corrosive,Objet_03361
Explosive,Objet_00116
Radioactive,Objet_00791
Fragile,Objet_00176
Toxic,Objet_05622
Toxic,Objet_03659
Flammable,Objet_00497
Corrosive,Objet_01873
Unspecified,Objet_05212
Fragile,Objet_03537
Oxidizing,Objet_03830
Flammable,Objet_03981
Food,Objet_04761
Radioactive,Objet_06505
Corrosive,Objet_05060
Flammable,Objet_04903
Radioactive,Objet_00691
Toxic,Objet_02365
Toxic,Objet_04256
Pressurized,Objet_05485
Unspecified,Objet_05413
Explosive,Objet_04195
Flammable,Objet_02478
Toxic,Objet_06320
Explosive,Objet_00626
Explosive,Objet_07144
Toxic,Objet_04691
Oxidizing,Objet_06314
Radioactive,Objet_05584
Pressurized,Objet_03721
Toxic,Objet_02448
Fragile,Objet_04694
Oxidizing,Objet_05377
Fragile,Objet_03951
Corrosive,Objet_02735
Corrosive,Objet_01845
Pressurized,Objet_01905
Pressurized,Objet_02780
Unspecified,Objet_07584
Corrosive,Objet_00696
Food,Objet_04531
Fragile,Objet_01691
Oxidizing,Objet_04874
Toxic,Objet_06426
Oxidizing,Objet_02428
Toxic,Objet_01597
Oxidizing,Objet_06846
Explosive,Objet_02634
Explosive,Objet_07059
Corrosive,Objet_01350
Unspecified,Objet_01116
Corrosive,Objet_01619
Toxic,Objet_02648
Pressurized,Objet_03151
Toxic,Objet_03118
Pressurized,Objet_05066
Toxic,Objet_04403
Fragile,Objet_04468
Food,Objet_05459
Oxidizing,Objet_02617
Corrosive,Objet_04991
Oxidizing,Objet_03817
Food,Objet_06355
Flammable,Objet_01550
Pressurized,Objet_05570
Corrosive,Objet_04592
Corrosive,Objet_04279
Unspecified,Objet_01938
Oxidizing,Objet_06174
Flammable,Objet_06445
Fragile,Objet_06199
Corrosive,Objet_01410
Fragile,Objet_04038
Flammable,Objet_02530
Flammable,Objet_06376
Pressurized,Objet_05841
Unspecified,Objet_02946
Food,Objet_05890
Unspecified,Objet_02786
Toxic,Objet_01264
Food,Objet_06400
Fragile,Objet_06254
Pressurized,Objet_07306
Flammable,Objet_03246
Toxic,Objet_01708
Oxidizing,Objet_03044
Fragile,Objet_01590
Oxidizing,Objet_01413
Explosive,Objet_01931
Oxidizing,Objet_05133
Oxidizing,Objet_00185
Oxidizing,Objet_00495
Flammable,Objet_03610
Pressurized,Objet_02879
Radioactive,Objet_00361
Corrosive,Objet_03643
Oxidizing,Objet_07120
Toxic,Objet_06848
Food,Objet_02302
Food,Objet_00878
Unspecified,Objet_05128
Oxidizing,Objet_05625
Corrosive,Objet_00524
Corrosive,Objet_01797
Explosive,Objet_05087
Flammable,Objet_06034
Flammable,Objet_02340
Unspecified,Objet_04571
Unspecified,Objet_04922
Oxidizing,Objet_04797
Flammable,Objet_00699
Corrosive,Objet_00121
Unspecified,Objet_02502
Oxidizing,Objet_01213
Fragile,Objet_07173
Food,Objet_06381
Pressurized,Objet_05669
Corrosive,Objet_03295
Pressurized,Objet_02444
Unspecified,Objet_04048
Fragile,Objet_02015
Unspecified,Objet_06158
Corrosive,Objet_04070
Toxic,Objet_01338
Toxic,Objet_02494
Flammable,Objet_07629
Pressurized,Objet_01366
Oxidizing,Objet_01814
Fragile,Objet_05690
Explosive,Objet_00620
Fragile,Objet_01030
Radioactive,Objet_03960
Pressurized,Objet_00961
Flammable,Objet_02028
Unspecified,Objet_03546
Oxidizing,Objet_03758
Food,Objet_07094
Radioactive,Objet_01145
Pressurized,Objet_02589
Flammable,Objet_06490
Food,Objet_01794
Corrosive,Objet_03957
Corrosive,Objet_07008
Fragile,Objet_05500
Explosive,Objet_06427
Fragile,Objet_02858
Explosive,Objet_02724
Oxidizing,Objet_03616
Food,Objet_04578
Oxidizing,Objet_03123
Radioactive,Objet_05406
Flammable,Objet_00339
Toxic,Objet_01719
Fragile,Objet_03961
Corrosive,Objet_03746
Explosive,Objet_00834
Corrosive,Objet_07061
Food,Objet_00597
Toxic,Objet_00780
Flammable,Objet_04515
Toxic,Objet_02673
Explosive,Objet_02948
Pressurized,Objet_04912
Pressurized,Objet_04215
Toxic,Objet_04063
Corrosive,Objet_02669
Explosive,Objet_03696
Explosive,Objet_06059
Corrosive,Objet_01547
Fragile,Objet_03937
Flammable,Objet_06075
Unspecified,Objet_06784
Oxidizing,Objet_02050
Unspecified,Objet_06616
Explosive,Objet_03726
Fragile,Objet_05246
Explosive,Objet_07121
Corrosive,Objet_01617
Pressurized,Objet_00423
Pressurized,Objet_03582
Unspecified,Objet_05913
Unspecified,Objet_01173
Corrosive,Objet_06232
Food,Objet_06584
Toxic,Objet_05096
Radioactive,Objet_07500
Radioactive,Objet_05990
Corrosive,Objet_01803
Unspecified,Objet_04952
Explosive,Objet_01939
Explosive,Objet_05260
Fragile,Objet_04603
Explosive,Objet_02771
Toxic,Objet_01127
Toxic,Objet_00461
Toxic,Objet_02333
Corrosive,Objet_01326
Explosive,Objet_00810
Unspecified,Objet_02659
Pressurized,Objet_04255
Flammable,Objet_00845
Fragile,Objet_06209
Food,Objet_05122
Oxidizing,Objet_01282
Radioactive,Objet_00577
Oxidizing,Objet_02133
Fragile,Objet_03235
Unspecified,Objet_04928
Oxidizing,Objet_06042
Pressurized,Objet_06750
Pressurized,Objet_03467
Corrosive,Objet_07216
Food,Objet_02894
Fragile,Objet_00498
Unspecified,Objet_04882
Flammable,Objet_05249
Fragile,Objet_06829
Pressurized,Objet_06786
Pressurized,Objet_04954
Fragile,Objet_05758
Pressurized,Objet_07533
Corrosive,Objet_06304
Corrosive,Objet_03928
Flammable,Objet_02708
Oxidizing,Objet_04958
Food,Objet_05883
Radioactive,Objet_02987
Radioactive,Objet_03934
Explosive,Objet_03059
Explosive,Objet_04181
Fragile,Objet_03563
Oxidizing,Objet_00551
Pressurized,Objet_03162
Explosive,Objet_05327
Pressurized,Objet_04283
Explosive,Objet_06293
Toxic,Objet_06826
Explosive,Objet_06520
Radioactive,Objet_05834
Explosive,Objet_04972
Oxidizing,Objet_06172
Fragile,Objet_05486
Fragile,Objet_00029
Unspecified,Objet_01615
Fragile,Objet_06126
Flammable,Objet_00419
Fragile,Objet_06132
Food,Objet_02929
Flammable,Objet_02679
Unspecified,Objet_02650
Food,Objet_05732
Pressurized,Objet_04184
Food,Objet_05963
Radioactive,Objet_03115
Oxidizing,Objet_02677
Explosive,Objet_06150
Radioactive,Objet_06636
Radioactive,Objet_04915
Oxidizing,Objet_00872
Oxidizing,Objet_02433
Pressurized,Objet_01598
Pressurized,Objet_05773
Unspecified,Objet_06815
Food,Objet_03168
Unspecified,Objet_02892
Explosive,Objet_05675
Oxidizing,Objet_02176
Pressurized,Objet_02500
Corrosive,Objet_04321
Radioactive,Objet_03686
Food,Objet_07461
Food,Objet_05118
Unspecified,Objet_01420
Food,Objet_05187
Fragile,Objet_01679
Oxidizing,Objet_01426
Corrosive,Objet_00319
Pressurized,Objet_07113
Flammable,Objet_05465
Unspecified,Objet_06252
Food,Objet_05701
Flammable,Objet_03793
Food,Objet_05505
Radioactive,Objet_01768
Oxidizing,Objet_01093
Explosive,Objet_02348
Fragile,Objet_04214
Corrosive,Objet_06570
Unspecified,Objet_03918
Pressurized,Objet_04017
Corrosive,Objet_03594
Corrosive,Objet_03599
Flammable,Objet_04268
Pressurized,Objet_01414
Oxidizing,Objet_03883
Pressurized,Objet_01475
Pressurized,Objet_06093
Pressurized,Objet_00307
Fragile,Objet_00150
Unspecified,Objet_06395
Radioactive,Objet_02496
Food,Objet_02357
Corrosive,Objet_07776
Unspecified,Objet_01046
Corrosive,Objet_06117
Corrosive,Objet_02620
Toxic,Objet_03970
Corrosive,Objet_00254
Explosive,Objet_06822
Oxidizing,Objet_00623
Food,Objet_07207
Fragile,Objet_07639
Radioactive,Objet_00025
Fragile,Objet_01559
Food,Objet_05369
Toxic,Objet_06328
Unspecified,Objet_01149
Fragile,Objet_02141
Corrosive,Objet_00464
Oxidizing,Objet_00819
Unspecified,Objet_02884
Corrosive,Objet_03692
Toxic,Objet_06947
Toxic,Objet_00201
Flammable,Objet_01192
Oxidizing,Objet_01456
Pressurized,Objet_01304
Pressurized,Objet_06495
Pressurized,Objet_07414
Flammable,Objet_01562
Oxidizing,Objet_01110
Food,Objet_02005
Pressurized,Objet_05635
Flammable,Objet_03968
Unspecified,Objet_01745
Flammable,Objet_06577
Flammable,Objet_02157
Toxic,Objet_03219
Food,Objet_05084
Toxic,Objet_05844
Unspecified,Objet_01925
Unspecified,Objet_03572
Flammable,Objet_04924
Corrosive,Objet_07054
Fragile,Objet_01495
Pressurized,Objet_04449
Flammable,Objet_06690
Pressurized,Objet_06428
Corrosive,Objet_05587
Food,Objet_00520
Flammable,Objet_04569
Toxic,Objet_03483
Flammable,Objet_00706
Oxidizing,Objet_06362
Explosive,Objet_07709
Pressurized,Objet_01563
Flammable,Objet_02737
Radioactive,Objet_03914
Food,Objet_05209
Radioactive,Objet_04687
Radioactive,Objet_03756
Toxic,Objet_00666
Food,Objet_00814
Unspecified,Objet_00713
Flammable,Objet_02019
Corrosive,Objet_00183
Unspecified,Objet_01890
Toxic,Objet_05337
Explosive,Objet_06908
Radioactive,Objet_06129
Flammable,Objet_04999
Fragile,Objet_01789
Toxic,Objet_05441
Food,Objet_03301
Radioactive,Objet_01384
Flammable,Objet_04372
Corrosive,Objet_03421
Fragile,Objet_01594
Corrosive,Objet_02260
Toxic,Objet_03298
Radioactive,Objet_02823
Food,Objet_06671
Pressurized,Objet_03014
Unspecified,Objet_03688
Food,Objet_03501
Unspecified,Objet_01253
Corrosive,Objet_02952
Flammable,Objet_01643
Unspecified,Objet_04670
Corrosive,Objet_00422
Corrosive,Objet_04800
Explosive,Objet_07007
Food,Objet_06564
Flammable,Objet_00132
Food,Objet_07673
Radioactive,Objet_02779
Radioactive,Objet_01854
Corrosive,Objet_00967
Radioactive,Objet_05914
Food,Objet_02841
Toxic,Objet_00280
Radioactive,Objet_05836
Pressurized,Objet_03322
Flammable,Objet_06709
Pressurized,Objet_07682
Flammable,Objet_02988
Unspecified,Objet_07265
Flammable,Objet_05189
Toxic,Objet_03624
Pressurized,Objet_07536
Flammable,Objet_07487
Corrosive,Objet_07074
Unspecified,Objet_02346
Food,Objet_03038
Explosive,Objet_07126
Pressurized,Objet_05319
Pressurized,Objet_03977
Food,Objet_05605
Fragile,Objet_00255
Radioactive,Objet_05399
Unspecified,Objet_06567
Unspecified,Objet_04941
Food,Objet_07742
Explosive,Objet_03660
Food,Objet_04681
Explosive,Objet_03972
Explosive,Objet_05707
Pressurized,Objet_05080
Unspecified,Objet_04506
Radioactive,Objet_04213
Oxidizing,Objet_04092
Radioactive,Objet_01373
Toxic,Objet_01549
Flammable,Objet_01555
Unspecified,Objet_01849
Pressurized,Objet_05188
Flammable,Objet_01259
Corrosive,Objet_02366
Fragile,Objet_00262
Toxic,Objet_05927
Fragile,Objet_02462
Flammable,Objet_03018
Flammable,Objet_06779
Fragile,Objet_03866
Pressurized,Objet_00031
Flammable,Objet_00919
Fragile,Objet_05179
Fragile,Objet_05581
Pressurized,Objet_07002
Radioactive,Objet_03313
Corrosive,Objet_07053
Toxic,Objet_00170
Toxic,Objet_03236
Radioactive,Objet_05987
Flammable,Objet_05328
Unspecified,Objet_07693
Oxidizing,Objet_01950
Food,Objet_03046
Oxidizing,Objet_02904
Corrosive,Objet_07257
Fragile,Objet_07230
Flammable,Objet_03571
Toxic,Objet_01379
Flammable,Objet_04995
Unspecified,Objet_05443
Food,Objet_03138
Fragile,Objet_01540
Explosive,Objet_06081
Fragile,Objet_02476
Unspecified,Objet_07214
Fragile,Objet_07330
Flammable,Objet_01482
Oxidizing,Objet_00209
Radioactive,Objet_06310
Radioactive,Objet_02626
Unspecified,Objet_02267
Corrosive,Objet_06684
Oxidizing,Objet_01730
Corrosive,Objet_07564
Food,Objet_06273
Flammable,Objet_00861
Toxic,Objet_07482
Fragile,Objet_04765
Fragile,Objet_05147
Toxic,Objet_01257
Radioactive,Objet_04833
Flammable,Objet_04781
Unspecified,Objet_04664
Unspecified,Objet_07235
Explosive,Objet_03535
Unspecified,Objet_06389
Toxic,Objet_07524
Flammable,Objet_05289
Oxidizing,Objet_05466
Flammable,Objet_00668
Pressurized,Objet_07459
Radioactive,Objet_00767
Radioactive,Objet_02559
Explosive,Objet_02676
Oxidizing,Objet_06255
Toxic,Objet_02746
Corrosive,Objet_02807
Explosive,Objet_01773
Unspecified,Objet_05911
Fragile,Objet_05894
Unspecified,Objet_06778
Flammable,Objet_00777
Radioactive,Objet_05487
Pressurized,Objet_00902
Unspecified,Objet_06771
Oxidizing,Objet_03691
Unspecified,Objet_04400
Food,Objet_05814
Flammable,Objet_01122
Pressurized,Objet_03637
Toxic,Objet_05533
Food,Objet_06442
Radioactive,Objet_02751
Food,Objet_01261
Corrosive,Objet_01772
Pressurized,Objet_07757
Fragile,Objet_00154
Unspecified,Objet_01499
Fragile,Objet_02345
Flammable,Objet_00241
Toxic,Objet_01680
Explosive,Objet_06106
Flammable,Objet_00775
Unspecified,Objet_06509
Toxic,Objet_02163
Unspecified,Objet_01251
Oxidizing,Objet_00479
Pressurized,Objet_04772
Flammable,Objet_01864
Fragile,Objet_01107
Fragile,Objet_03195
Flammable,Objet_01599
Food,Objet_00719
Fragile,Objet_00656
Corrosive,Objet_05504
Radioactive,Objet_02761
Toxic,Objet_03779
Toxic,Objet_02148
Radioactive,Objet_01759
Toxic,Objet_01933
Radioactive,Objet_01488
Radioactive,Objet_04446
Explosive,Objet_01088
Explosive,Objet_07332
Explosive,Objet_00880
Radioactive,Objet_03006
Oxidizing,Objet_02383
Food,Objet_00282
Food,Objet_07160
Corrosive,Objet_01521
Explosive,Objet_00645
Corrosive,Objet_04953
Pressurized,Objet_05915
Food,Objet_02814
Flammable,Objet_02401
Unspecified,Objet_04910
Flammable,Objet_06260
Oxidizing,Objet_07184
Oxidizing,Objet_02667
Radioactive,Objet_04524
Unspecified,Objet_05215
Flammable,Objet_04831
Food,Objet_03926
Unspecified,Objet_01381
Explosive,Objet_02293
Pressurized,Objet_07068
Explosive,Objet_06323
Flammable,Objet_01785
Explosive,Objet_02557
Pressurized,Objet_06838
Pressurized,Objet_06884
Radioactive,Objet_05871
Pressurized,Objet_05545
Radioactive,Objet_05825
Corrosive,Objet_00669
Pressurized,Objet_02564
Corrosive,Objet_06283
Flammable,Objet_00561
Oxidizing,Objet_04593
Radioactive,Objet_01924
Food,Objet_01779
Unspecified,Objet_05792
Fragile,Objet_02088
Food,Objet_03024
Food,Objet_05611
Food,Objet_02541
Toxic,Objet_07675
Fragile,Objet_01153
Pressurized,Objet_02454
Explosive,Objet_04766
Food,Objet_04968
Explosive,Objet_02684
Unspecified,Objet_06003
Corrosive,Objet_02225
Corrosive,Objet_00124
Fragile,Objet_05347
Flammable,Objet_04854
Oxidizing,Objet_02008
Explosive,Objet_06602
Corrosive,Objet_05926
Unspecified,Objet_01791
Radioactive,Objet_05824
Pressurized,Objet_03426
Flammable,Objet_07387
Fragile,Objet_03554
Oxidizing,Objet_01661
Radioactive,Objet_00009
Explosive,Objet_04226
Food,Objet_05971
Pressurized,Objet_06399
Oxidizing,Objet_01278
Unspecified,Objet_00527
Corrosive,Objet_00542
Corrosive,Objet_04409
Corrosive,Objet_07248
Corrosive,Objet_04126
Radioactive,Objet_03314
Toxic,Objet_07667
Oxidizing,Objet_04243
Oxidizing,Objet_02230
Unspecified,Objet_00644
Flammable,Objet_05826
Unspecified,Objet_07462
Radioactive,Objet_05082
Oxidizing,Objet_00886
Unspecified,Objet_04799
Explosive,Objet_04852
Fragile,Objet_05410
Unspecified,Objet_03856
Fragile,Objet_02758
Pressurized,Objet_03033
Oxidizing,Objet_04019
Corrosive,Objet_02136
Flammable,Objet_06253
Flammable,Objet_03627
Fragile,Objet_06311
Oxidizing,Objet_07453
Pressurized,Objet_02247
Radioactive,Objet_06903
Flammable,Objet_01274
Flammable,Objet_00066
Radioactive,Objet_03056
Toxic,Objet_01247
Corrosive,Objet_05045
Explosive,Objet_00117
Oxidizing,Objet_00062
Toxic,Objet_02200
Unspecified,Objet_03210
Fragile,Objet_00720
Flammable,Objet_01682
Corrosive,Objet_04872
Corrosive,Objet_01391
Toxic,Objet_01188
Unspecified,Objet_00843
Corrosive,Objet_00135
Flammable,Objet_07045
Pressurized,Objet_00740
Food,Objet_07612
Explosive,Objet_07595
Pressurized,Objet_00493
Explosive,Objet_05250
Fragile,Objet_01636
Toxic,Objet_02631
Corrosive,Objet_05568
Food,Objet_04692
Unspecified,Objet_00313
Explosive,Objet_03198
Pressurized,Objet_00098
Oxidizing,Objet_05329
Radioactive,Objet_05056
Food,Objet_02756
Fragile,Objet_02750
Fragile,Objet_04666
Fragile,Objet_02508
Toxic,Objet_01446
Pressurized,Objet_00946
Fragile,Objet_00708
Fragile,Objet_04223
Flammable,Objet_04970
Food,Objet_05813
Pressurized,Objet_00646
Food,Objet_01998
Radioactive,Objet_02812
Flammable,Objet_03214
Oxidizing,Objet_00240
Fragile,Objet_05401
Pressurized,Objet_03915
Corrosive,Objet_02316
Flammable,Objet_03867
Explosive,Objet_06419
Fragile,Objet_01246
Flammable,Objet_03156
Food,Objet_07367
Unspecified,Objet_04232
Oxidizing,Objet_04380
Radioactive,Objet_03282
Corrosive,Objet_02066
Food,Objet_03349
Explosive,Objet_03002
Explosive,Objet_04895
Food,Objet_03584
Oxidizing,Objet_07587
Corrosive,Objet_00251
Food,Objet_04547
Toxic,Objet_05810
Toxic,Objet_07099
Pressurized,Objet_07027
Fragile,Objet_06969
Explosive,Objet_05539
Unspecified,Objet_04211
Pressurized,Objet_04505
Fragile,Objet_06341
Toxic,Objet_05600
Toxic,Objet_05434
Corrosive,Objet_04349
Flammable,Objet_03667
Pressurized,Objet_03562
Food,Objet_06097
Food,Objet_05417
Flammable,Objet_00426
Toxic,Objet_01165
Explosive,Objet_05811
Toxic,Objet_06476
Toxic,Objet_02061
Unspecified,Objet_03100
Radioactive,Objet_00277
Oxidizing,Objet_00338
Oxidizing,Objet_03649
Food,Objet_00937
Food,Objet_07222
Fragile,Objet_03764
Unspecified,Objet_05236
Fragile,Objet_01229
Pressurized,Objet_00690
Flammable,Objet_07374
Fragile,Objet_04001
Flammable,Objet_07721
Food,Objet_04677
Oxidizing,Objet_06978
Toxic,Objet_02091
Pressurized,Objet_01281
Flammable,Objet_00417
Flammable,Objet_03172
Toxic,Objet_03717
Flammable,Objet_00015
Unspecified,Objet_01431
Pressurized,Objet_01608
Explosive,Objet_07069
Fragile,Objet_00310
Flammable,Objet_01926
Corrosive,Objet_01183
Pressurized,Objet_06270
Corrosive,Objet_06539
Oxidizing,Objet_01513
Radioactive,Objet_01834
Fragile,Objet_06163
Explosive,Objet_07623
Toxic,Objet_01205
Oxidizing,Objet_03043
Pressurized,Objet_06942
Corrosive,Objet_00852
Corrosive,Objet_05290
Unspecified,Objet_03837
Toxic,Objet_04239
Radioactive,Objet_01241
Fragile,Objet_05119
Explosive,Objet_02256
Explosive,Objet_03920
Unspecified,Objet_01765
Unspecified,Objet_05922
Pressurized,Objet_01445
Corrosive,Objet_03119
Pressurized,Objet_04361
Fragile,Objet_02338
Explosive,Objet_03668
Toxic,Objet_01835
Oxidizing,Objet_01198
Explosive,Objet_04326
Pressurized,Objet_04224
Radioactive,Objet_03146
Fragile,Objet_03438
Food,Objet_07521
Pressurized,Objet_06615
Explosive,Objet_02062
Fragile,Objet_06303
Pressurized,Objet_04739
Flammable,Objet_05921
Corrosive,Objet_02374
Flammable,Objet_02000
Food,Objet_07449
Pressurized,Objet_00074
Unspecified,Objet_07136
Unspecified,Objet_05790
Radioactive,Objet_00155
Flammable,Objet_03573
Pressurized,Objet_03221
Radioactive,Objet_01045
Corrosive,Objet_07766
Flammable,Objet_03608
Explosive,Objet_03962
Toxic,Objet_04128
Radioactive,Objet_01428
Oxidizing,Objet_03525
Fragile,Objet_07004
Corrosive,Objet_04003
Flammable,Objet_02516
Oxidizing,Objet_00865
Flammable,Objet_02154
Food,Objet_03645
Pressurized,Objet_06902
Pressurized,Objet_06808
Radioactive,Objet_06114
Radioactive,Objet_02575
Radioactive,Objet_07220
Pressurized,Objet_06651
Fragile,Objet_07455
Fragile,Objet_07551
Food,Objet_00735
Unspecified,Objet_06526
Fragile,Objet_01800
Toxic,Objet_07646
Corrosive,Objet_03209
Oxidizing,Objet_07370
Food,Objet_06464
Explosive,Objet_01436
Corrosive,Objet_04198
Corrosive,Objet_07751
Explosive,Objet_03447
Radioactive,Objet_06700
Corrosive,Objet_05923
Explosive,Objet_01250
Oxidizing,Objet_07537
Unspecified,Objet_04397
Fragile,Objet_03139
Flammable,Objet_03901
Radioactive,Objet_02277
Radioactive,Objet_07686
Radioactive,Objet_06898
Pressurized,Objet_07704
Pressurized,Objet_05905
Toxic,Objet_00247
Oxidizing,Objet_01167
Food,Objet_06764
Corrosive,Objet_03261
Fragile,Objet_03133
Toxic,Objet_00123
Unspecified,Objet_06692
Flammable,Objet_06276
Explosive,Objet_01291
Explosive,Objet_00686
Flammable,Objet_06019
Fragile,Objet_03379
Corrosive,Objet_00056
Pressurized,Objet_07293
Radioactive,Objet_05977
Radioactive,Objet_00705
Food,Objet_00751
Toxic,Objet_03740
Fragile,Objet_05685
Pressurized,Objet_02461
Explosive,Objet_00883
Flammable,Objet_06843
Radioactive,Objet_05225
Flammable,Objet_03887
Radioactive,Objet_02134
Flammable,Objet_07435
Flammable,Objet_02712
Food,Objet_00801
Radioactive,Objet_00269
Corrosive,Objet_00486
Radioactive,Objet_05163
Flammable,Objet_05020
Radioactive,Objet_00400
Radioactive,Objet_02376
Unspecified,Objet_00140
Food,Objet_05850
Unspecified,Objet_04933
Oxidizing,Objet_01385
Food,Objet_01576
Toxic,Objet_00375
Unspecified,Objet_01202
Food,Objet_05698
Fragile,Objet_07169
Unspecified,Objet_01378
Pressurized,Objet_03520
Radioactive,Objet_02347
Food,Objet_00032
Explosive,Objet_05025
Radioactive,Objet_05009
Flammable,Objet_03159
Oxidizing,Objet_06759
Food,Objet_07193
Fragile,Objet_05016
Flammable,Objet_05183
Oxidizing,Objet_03689
Flammable,Objet_00264
Corrosive,Objet_00111
Radioactive,Objet_04734
Flammable,Objet_02398
Corrosive,Objet_00233
Flammable,Objet_01427
Explosive,Objet_01377
Oxidizing,Objet_04414
Radioactive,Objet_02906
Unspecified,Objet_05898
Flammable,Objet_05721
Flammable,Objet_01325
Unspecified,Objet_07163
Toxic,Objet_04261
Oxidizing,Objet_04191
Toxic,Objet_03132
Flammable,Objet_03397
Pressurized,Objet_04430
Flammable,Objet_05599
Fragile,Objet_01923
Oxidizing,Objet_00257
Oxidizing,Objet_07561
Food,Objet_00797
Corrosive,Objet_06054
Pressurized,Objet_01176
Flammable,Objet_00472
Food,Objet_05409
Corrosive,Objet_05180
Oxidizing,Objet_06915
Oxidizing,Objet_01158
Toxic,Objet_06248
Pressurized,Objet_00127
Flammable,Objet_05038
Food,Objet_00234
Radioactive,Objet_01302
Oxidizing,Objet_02844
Flammable,Objet_06747
Corrosive,Objet_02364
Corrosive,Objet_02013
Food,Objet_03611
Explosive,Objet_03950
Flammable,Objet_00727
Unspecified,Objet_00197
Flammable,Objet_01096
Toxic,Objet_03497
Unspecified,Objet_00021
Food,Objet_06907
Flammable,Objet_00355
Radioactive,Objet_01361
Flammable,Objet_04386
Radioactive,Objet_04037
Radioactive,Objet_06946
Explosive,Objet_04304
Flammable,Objet_01819
Food,Objet_00415
Explosive,Objet_06719
Food,Objet_06919
Radioactive,Objet_03615
Food,Objet_02934
Radioactive,Objet_07660
Unspecified,Objet_01085
Oxidizing,Objet_04790
Food,Objet_03453
Corrosive,Objet_03269
Explosive,Objet_01133
Unspecified,Objet_03070
Fragile,Objet_03163
Oxidizing,Objet_00912
Corrosive,Objet_03749
Unspecified,Objet_02121
Corrosive,Objet_05252
Fragile,Objet_05233
Explosive,Objet_03110
Radioactive,Objet_07197
Pressurized,Objet_01996
Fragile,Objet_02056
Fragile,Objet_01702
Oxidizing,Objet_04787
Pressurized,Objet_00332
Pressurized,Objet_07258
Unspecified,Objet_02060
Food,Objet_05263
Oxidizing,Objet_04992
Corrosive,Objet_02916
Flammable,Objet_02204
Pressurized,Objet_06793
Explosive,Objet_00450
Flammable,Objet_03838
Unspecified,Objet_00827
Toxic,Objet_06437
Corrosive,Objet_06230
Pressurized,Objet_02770
Explosive,Objet_06325
Toxic,Objet_06416
Explosive,Objet_01586
Pressurized,Objet_01008
Fragile,Objet_03492
Radioactive,Objet_03477
Explosive,Objet_07754
Toxic,Objet_04305
Toxic,Objet_00395
Pressurized,Objet_01150
Radioactive,Objet_02834
Oxidizing,Objet_00064
Food,Objet_04476
Flammable,Objet_00288
Pressurized,Objet_00281
Fragile,Objet_06316
Flammable,Objet_04492
Radioactive,Objet_05439
Oxidizing,Objet_00995
Pressurized,Objet_02959
Pressurized,Objet_01308
Corrosive,Objet_07775
Flammable,Objet_06730
Radioactive,Objet_04333
Pressurized,Objet_04650
Fragile,Objet_01530
Explosive,Objet_06472
Food,Objet_07073
Unspecified,Objet_05383
Pressurized,Objet_03505
Radioactive,Objet_06682
Toxic,Objet_03478
Pressurized,Objet_01051
Unspecified,Objet_04205
Fragile,Objet_00335
Oxidizing,Objet_04046
Food,Objet_02145
Unspecified,Objet_01053
Toxic,Objet_00800
Toxic,Objet_01266
Oxidizing,Objet_02045
Fragile,Objet_07279
Pressurized,Objet_01370
Fragile,Objet_00539
Pressurized,Objet_03636
Explosive,Objet_04391
Fragile,Objet_03245
Pressurized,Objet_00627
Toxic,Objet_06881
Corrosive,Objet_05342
Radioactive,Objet_06724
Corrosive,Objet_05731
Oxidizing,Objet_06206
Food,Objet_00181
Pressurized,Objet_00227
Unspecified,Objet_00793
Flammable,Objet_04562
Corrosive,Objet_06477
Radioactive,Objet_07684
Corrosive,Objet_03083
Flammable,Objet_02420
Radioactive,Objet_03241
Toxic,Objet_00900
Toxic,Objet_04596
Fragile,Objet_02235
Fragile,Objet_01865
Flammable,Objet_07224
Oxidizing,Objet_03787
Pressurized,Objet_02774
Flammable,Objet_05852
Toxic,Objet_07615
Radioactive,Objet_03526
Corrosive,Objet_05608
Explosive,Objet_06702
Food,Objet_02319
Food,Objet_01115
Explosive,Objet_02772
Pressurized,Objet_00519
Toxic,Objet_07085
Pressurized,Objet_06617
Unspecified,Objet_02027
Toxic,Objet_00598
Explosive,Objet_07476
Fragile,Objet_06144
Unspecified,Objet_02048
Pressurized,Objet_01001
Unspecified,Objet_04767
Toxic,Objet_00473
Pressurized,Objet_07761
Unspecified,Objet_00769
Fragile,Objet_02616
Corrosive,Objet_01829
Fragile,Objet_07048
Explosive,Objet_06222
Flammable,Objet_02985
Pressurized,Objet_01717
Corrosive,Objet_06238
Radioactive,Objet_00994
Explosive,Objet_01206
Pressurized,Objet_03765
Food,Objet_00325
Toxic,Objet_00632
Flammable,Objet_02805
Fragile,Objet_00563
Food,Objet_06658
Oxidizing,Objet_00372
Toxic,Objet_00054
Food,Objet_03045
Fragile,Objet_01349
Fragile,Objet_02895
Explosive,Objet_02740
Food,Objet_03113
Flammable,Objet_02209
Food,Objet_02621
Pressurized,Objet_04634
Explosive,Objet_02860
Food,Objet_04990
Food,Objet_00734
Radioactive,Objet_05789
Pressurized,Objet_06069
Food,Objet_03745
Explosive,Objet_05704
Unspecified,Objet_05965
Fragile,Objet_00712
Flammable,Objet_04325
Explosive,Objet_02633
Explosive,Objet_01843
Unspecified,Objet_02925
Fragile,Objet_00106
Corrosive,Objet_02533
Unspecified,Objet_01975
Food,Objet_02651
Toxic,Objet_06177
Fragile,Objet_03321
Pressurized,Objet_02928
Oxidizing,Objet_01279
Corrosive,Objet_07034
Oxidizing,Objet_03062
Corrosive,Objet_00605
Explosive,Objet_03978
Oxidizing,Objet_07022
Toxic,Objet_00413
Unspecified,Objet_07457
Food,Objet_04045
Toxic,Objet_03782
Flammable,Objet_07577
Pressurized,Objet_07296
Fragile,Objet_03232
Explosive,Objet_00550
Toxic,Objet_02976
Corrosive,Objet_04415
Radioactive,Objet_01653
Toxic,Objet_04050
Corrosive,Objet_05405
Pressurized,Objet_01548
Pressurized,Objet_02309
Fragile,Objet_01214
Food,Objet_03871
Radioactive,Objet_05335
Fragile,Objet_03843
Corrosive,Objet_02106
Food,Objet_00579
Fragile,Objet_00811
Flammable,Objet_04338
Explosive,Objet_07031
Oxidizing,Objet_04526
Fragile,Objet_06600
Radioactive,Objet_00778
Radioactive,Objet_02403
Fragile,Objet_04580
Unspecified,Objet_00860
Toxic,Objet_00126
Unspecified,Objet_04471
Toxic,Objet_02450
Oxidizing,Objet_04375
Oxidizing,Objet_04984
Explosive,Objet_02109
Unspecified,Objet_03676
Radioactive,Objet_04917
Explosive,Objet_02016
Food,Objet_00556
Radioactive,Objet_04322
Food,Objet_00268
Oxidizing,Objet_00982
Flammable,Objet_05948
Food,Objet_06968
Radioactive,Objet_01066
Oxidizing,Objet_03109
Food,Objet_07140
Explosive,Objet_01676
Explosive,Objet_00065
Pressurized,Objet_04606
Oxidizing,Objet_03850
Pressurized,Objet_05868
Corrosive,Objet_02901
Fragile,Objet_01729
Pressurized,Objet_07233
Corrosive,Objet_07228
Corrosive,Objet_01047
Corrosive,Objet_03362
Oxidizing,Objet_03730
Toxic,Objet_05877
Unspecified,Objet_07441
Pressurized,Objet_06974
Corrosive,Objet_01654
Pressurized,Objet_02169
Fragile,Objet_05203
Oxidizing,Objet_02114
Oxidizing,Objet_01029
Explosive,Objet_05609
Toxic,Objet_04514
Pressurized,Objet_02447
Oxidizing,Objet_06157
Corrosive,Objet_03227
Pressurized,Objet_06198
Radioactive,Objet_02968
Toxic,Objet_03910
Unspecified,Objet_07637
Corrosive,Objet_02734
Flammable,Objet_03239
Food,Objet_02128
Oxidizing,Objet_02759
Oxidizing,Objet_00959
Fragile,Objet_04532
Toxic,Objet_04595
Corrosive,Objet_07032
Radioactive,Objet_04429
Toxic,Objet_04698
Explosive,Objet_00390
Fragile,Objet_01109
Radioactive,Objet_06474
Oxidizing,Objet_00284
Toxic,Objet_05214
Toxic,Objet_01354
Corrosive,Objet_07510
Fragile,Objet_05450
Flammable,Objet_01582
Flammable,Objet_06840
Radioactive,Objet_00297
Oxidizing,Objet_05943
Oxidizing,Objet_07598
Pressurized,Objet_07178
Explosive,Objet_02509
Unspecified,Objet_01627
Food,Objet_05381
Toxic,Objet_05091
Unspecified,Objet_04729
Food,Objet_06529
Flammable,Objet_01755
Unspecified,Objet_02536
Flammable,Objet_04359
Flammable,Objet_03751
Flammable,Objet_04663
Unspecified,Objet_03297
Flammable,Objet_05889
Unspecified,Objet_06258
Toxic,Objet_07203
Corrosive,Objet_07626
Explosive,Objet_03813
Toxic,Objet_05204
Pressurized,Objet_01309
Oxidizing,Objet_02874
Toxic,Objet_05150
Corrosive,Objet_04203
Radioactive,Objet_06413
Flammable,Objet_07729
Unspecified,Objet_00073
Oxidizing,Objet_03122
Fragile,Objet_01290
Explosive,Objet_02189
Food,Objet_01092
Flammable,Objet_00531
Fragile,Objet_05141
Corrosive,Objet_02726
Toxic,Objet_01037
Unspecified,Objet_06660
Radioactive,Objet_04936
Food,Objet_05050
Pressurized,Objet_05386
Flammable,Objet_05352
Unspecified,Objet_00507
Pressurized,Objet_04504
Explosive,Objet_03785
Corrosive,Objet_04959
Toxic,Objet_02700
Corrosive,Objet_06152
Radioactive,Objet_05848
Flammable,Objet_01786
Fragile,Objet_01209
Oxidizing,Objet_06882
Unspecified,Objet_03327
Food,Objet_02738
Pressurized,Objet_02115
Pressurized,Objet_01049
Pressurized,Objet_02164
Flammable,Objet_06291
Unspecified,Objet_00356
Explosive,Objet_01940
Corrosive,Objet_07617
Corrosive,Objet_06415
Food,Objet_02803
Explosive,Objet_02181
Toxic,Objet_01079
Food,Objet_02596
Unspecified,Objet_06926
Explosive,Objet_02696
Food,Objet_02857
Radioactive,Objet_06217
Explosive,Objet_07072
Unspecified,Objet_06322
Fragile,Objet_02159
Pressurized,Objet_03072
Corrosive,Objet_01034
Unspecified,Objet_02518
Toxic,Objet_07447
Food,Objet_01406
Unspecified,Objet_03242
Corrosive,Objet_03368
Explosive,Objet_01915
Fragile,Objet_00286
Pressurized,Objet_01408
Radioactive,Objet_03631
Oxidizing,Objet_04053
Flammable,Objet_02030
Radioactive,Objet_06638
Corrosive,Objet_03845
Unspecified,Objet_07125
Unspecified,Objet_05243
Flammable,Objet_04534
Toxic,Objet_06635
Fragile,Objet_05560
Toxic,Objet_04342
Food,Objet_03017
Fragile,Objet_02680
Explosive,Objet_06149
Radioactive,Objet_03665
Radioactive,Objet_05774
Toxic,Objet_02129
Flammable,Objet_06950
Toxic,Objet_00726
Pressurized,Objet_05365
Flammable,Objet_01337
Explosive,Objet_03777
Flammable,Objet_05403
Flammable,Objet_02124
Unspecified,Objet_02272
Radioactive,Objet_04536
Fragile,Objet_05592
Toxic,Objet_03057
Pressurized,Objet_07290
Oxidizing,Objet_05355
Radioactive,Objet_04219
Radioactive,Objet_01649
Flammable,Objet_01860
Oxidizing,Objet_05146
Flammable,Objet_04201
Food,Objet_06931
Corrosive,Objet_06975
Toxic,Objet_04770
Toxic,Objet_05229
Explosive,Objet_00873
Fragile,Objet_03635
Pressurized,Objet_05033
Unspecified,Objet_01461
Toxic,Objet_04975
Explosive,Objet_03507
Flammable,Objet_04106
Toxic,Objet_04210
Food,Objet_03096
Corrosive,Objet_05902
Oxidizing,Objet_00478
Flammable,Objet_00208
Flammable,Objet_06914
Fragile,Objet_03984
Fragile,Objet_00795
Fragile,Objet_02191
Radioactive,Objet_00452
Explosive,Objet_01132
Food,Objet_02278
Fragile,Objet_01181
Corrosive,Objet_01319
Corrosive,Objet_00890
Flammable,Objet_07780
Toxic,Objet_06334
Explosive,Objet_00303
Pressurized,Objet_06123
Pressurized,Objet_05521
Radioactive,Objet_01956
Radioactive,Objet_00838
Explosive,Objet_04096
Flammable,Objet_02943
Unspecified,Objet_00245
Oxidizing,Objet_05444
Pressurized,Objet_00812
Food,Objet_05041
Toxic,Objet_06782
Toxic,Objet_06483
Radioactive,Objet_03200
Unspecified,Objet_05408
Pressurized,Objet_03309
Toxic,Objet_00566
Unspecified,Objet_07399
Pressurized,Objet_01142
Corrosive,Objet_05046
Flammable,Objet_05393
Pressurized,Objet_06378
Corrosive,Objet_06717
Flammable,Objet_04069
Toxic,Objet_07170
Pressurized,Objet_06332
Corrosive,Objet_06212
Oxidizing,Objet_00634
Flammable,Objet_05634
Explosive,Objet_04421
Radioactive,Objet_06680
Corrosive,Objet_06765
Radioactive,Objet_05847
Toxic,Objet_02576
Explosive,Objet_04442
Unspecified,Objet_05615
Corrosive,Objet_02721
Pressurized,Objet_01256
Unspecified,Objet_01134
Unspecified,Objet_01265
Food,Objet_03943
Flammable,Objet_00274
Oxidizing,Objet_04614
Fragile,Objet_01187
Flammable,Objet_01038
Radioactive,Objet_02012
Food,Objet_05529
Oxidizing,Objet_07758
Toxic,Objet_05857
Food,Objet_07056
Flammable,Objet_06620
Fragile,Objet_00068
Explosive,Objet_03759
Radioactive,Objet_05402
Unspecified,Objet_00534
Food,Objet_05530
Corrosive,Objet_04052
Fragile,Objet_06348
Toxic,Objet_04250
Corrosive,Objet_07243
Oxidizing,Objet_04427
Radioactive,Objet_03155
Unspecified,Objet_04390
Unspecified,Objet_04559
Corrosive,Objet_06686
Radioactive,Objet_05279
Oxidizing,Objet_03305
Corrosive,Objet_07728
Pressurized,Objet_03427
Pressurized,Objet_03531
Oxidizing,Objet_00114
Corrosive,Objet_04265
Radioactive,Objet_05324
Toxic,Objet_03675
Fragile,Objet_02464
Fragile,Objet_04840
Fragile,Objet_07620
Unspecified,Objet_05258
Food,Objet_02639
Radioactive,Objet_04932
Radioactive,Objet_02049
Oxidizing,Objet_04209
Toxic,Objet_03375
Radioactive,Objet_00246
Oxidizing,Objet_02120
Fragile,Objet_04860
Food,Objet_00748
Toxic,Objet_05022
Radioactive,Objet_01423
Explosive,Objet_01735
Fragile,Objet_05633
Fragile,Objet_03694
Radioactive,Objet_04097
Toxic,Objet_04771
Flammable,Objet_01139
Pressurized,Objet_00103
Flammable,Objet_01538
Explosive,Objet_03182
Fragile,Objet_03458
Fragile,Objet_05548
Food,Objet_04795
Unspecified,Objet_06874
Pressurized,Objet_07146
Food,Objet_05015
Unspecified,Objet_04077
Flammable,Objet_05562
Pressurized,Objet_01740
Fragile,Objet_01465
Pressurized,Objet_06735
Oxidizing,Objet_02608
Pressurized,Objet_00996
Fragile,Objet_01783
Pressurized,Objet_01352
Pressurized,Objet_04189
Unspecified,Objet_05765
Flammable,Objet_01494
Food,Objet_01650
Food,Objet_00331
Pressurized,Objet_02762
Corrosive,Objet_03773
Pressurized,Objet_02064
Toxic,Objet_06357
Oxidizing,Objet_03778
Pressurized,Objet_06396
Pressurized,Objet_06412
Flammable,Objet_06131
Food,Objet_06825
Radioactive,Objet_00299
Corrosive,Objet_03715
Unspecified,Objet_02921
Flammable,Objet_06592
Fragile,Objet_00914
Corrosive,Objet_03089
Fragile,Objet_06738
Radioactive,Objet_05725
Explosive,Objet_02147
Unspecified,Objet_04947
Radioactive,Objet_06271
Corrosive,Objet_03862
Explosive,Objet_04171
Flammable,Objet_05005
Fragile,Objet_07298
Unspecified,Objet_02933
Corrosive,Objet_02251
Food,Objet_02108
Pressurized,Objet_06933
Fragile,Objet_05668
Unspecified,Objet_04351
Explosive,Objet_00260
Flammable,Objet_07425
Corrosive,Objet_01224
Flammable,Objet_06597
Unspecified,Objet_01081
Explosive,Objet_03744
Unspecified,Objet_07538
Pressurized,Objet_02352
Food,Objet_03737
Food,Objet_04659
Toxic,Objet_07609
Corrosive,Objet_05057
Oxidizing,Objet_05271
Unspecified,Objet_01566
Fragile,Objet_04516
Radioactive,Objet_03980
Corrosive,Objet_00730
Oxidizing,Objet_07041
Unspecified,Objet_01981
Pressurized,Objet_01317
Pressurized,Objet_03034
Fragile,Objet_06409
Pressurized,Objet_07168
Unspecified,Objet_03395
Toxic,Objet_06718
Pressurized,Objet_03114
Toxic,Objet_07393
Corrosive,Objet_07337
Corrosive,Objet_06176
Explosive,Objet_04945
Unspecified,Objet_05646
Unspecified,Objet_03656
Food,Objet_04156
Explosive,Objet_07764
Fragile,Objet_03710
Unspecified,Objet_07678
Pressurized,Objet_03872
Fragile,Objet_04432
Unspecified,Objet_03581
Toxic,Objet_04640
Flammable,Objet_03684
Toxic,Objet_04049
Oxidizing,Objet_06563
Radioactive,Objet_00893
Food,Objet_02161
Toxic,Objet_01781
Pressurized,Objet_03720
Explosive,Objet_03480
Flammable,Objet_01767
Flammable,Objet_01118
Food,Objet_00278
Pressurized,Objet_02178
Flammable,Objet_04142
Corrosive,Objet_05103
Flammable,Objet_04962
Unspecified,Objet_02655
Flammable,Objet_04710
Toxic,Objet_02765
Toxic,Objet_01320
Toxic,Objet_01276
Food,Objet_02641
Explosive,Objet_00219
Fragile,Objet_05085
Explosive,Objet_01601
Oxidizing,Objet_02831
Pressurized,Objet_04152
Food,Objet_00504
Food,Objet_06998
Toxic,Objet_05817
Corrosive,Objet_05986
Unspecified,Objet_02174
Corrosive,Objet_05793
Food,Objet_00575
Fragile,Objet_03816
Pressurized,Objet_02573
Unspecified,Objet_06976
Food,Objet_02949
Radioactive,Objet_04674
Toxic,Objet_06026
Corrosive,Objet_04208
Unspecified,Objet_06432
Oxidizing,Objet_01945
Food,Objet_02635
Oxidizing,Objet_05222
Fragile,Objet_00033
Unspecified,Objet_02833
Flammable,Objet_05498
Radioactive,Objet_01430
Food,Objet_01809
Pressurized,Objet_05442
Flammable,Objet_04725
Unspecified,Objet_05846
Oxidizing,Objet_06088
Flammable,Objet_04345
Fragile,Objet_06112
Radioactive,Objet_00416
Corrosive,Objet_00490
Radioactive,Objet_03628
Explosive,Objet_07388
Flammable,Objet_05435
Toxic,Objet_06706
Food,Objet_06298
Explosive,Objet_03367
Radioactive,Objet_03160
Food,Objet_04546
Radioactive,Objet_06183
Food,Objet_02068
Radioactive,Objet_00724
Explosive,Objet_02510
Fragile,Objet_06318
Corrosive,Objet_00011
Pressurized,Objet_06558
Flammable,Objet_03193
Unspecified,Objet_01560
Pressurized,Objet_05142
Toxic,Objet_03145
Flammable,Objet_07262
Toxic,Objet_01840
Corrosive,Objet_02591
Food,Objet_03796
Radioactive,Objet_06928
Corrosive,Objet_01419
Radioactive,Objet_06337
Food,Objet_07101
Fragile,Objet_00680
Flammable,Objet_02119
Flammable,Objet_02819
Corrosive,Objet_01217
Explosive,Objet_02173
Unspecified,Objet_05985
Pressurized,Objet_03147
Explosive,Objet_06496
Food,Objet_05076
Food,Objet_01195
Flammable,Objet_02863
Unspecified,Objet_05303
Fragile,Objet_06113
Corrosive,Objet_03618
Oxidizing,Objet_00628
Explosive,Objet_02983
Flammable,Objet_04289
Pressurized,Objet_01914
Pressurized,Objet_04850
Explosive,Objet_03176
Fragile,Objet_06691
Radioactive,Objet_03516
Oxidizing,Objet_07368
Explosive,Objet_05536
Flammable,Objet_07718
Radioactive,Objet_06870
Flammable,Objet_07645
Pressurized,Objet_00664
Explosive,Objet_03286
Food,Objet_05517
Fragile,Objet_05907
Oxidizing,Objet_05295
Corrosive,Objet_06578
Explosive,Objet_02246
Corrosive,Objet_04607
Flammable,Objet_03504
Explosive,Objet_04719
Toxic,Objet_03650
Toxic,Objet_00741
Corrosive,Objet_04378
Toxic,Objet_03331
Fragile,Objet_04379
Fragile,Objet_06798
Oxidizing,Objet_04026
Food,Objet_05276
Explosive,Objet_01503
Food,Objet_06900
Oxidizing,Objet_04920
Fragile,Objet_06531
Oxidizing,Objet_05098
Oxidizing,Objet_04590
Food,Objet_00340
Fragile,Objet_01347
Food,Objet_02046
Radioactive,Objet_07578
Unspecified,Objet_02806
Toxic,Objet_02528
Fragile,Objet_00045
Pressurized,Objet_03412
Oxidizing,Objet_04020
Fragile,Objet_02405
Food,Objet_07706
Pressurized,Objet_01353
Unspecified,Objet_05769
Toxic,Objet_07534
Radioactive,Objet_03415
Oxidizing,Objet_03725
Fragile,Objet_00454
Oxidizing,Objet_00698
Food,Objet_00429
Flammable,Objet_01952
Oxidizing,Objet_05010
Oxidizing,Objet_05332
Food,Objet_07115
Unspecified,Objet_02562
Unspecified,Objet_00948
Pressurized,Objet_05256
Explosive,Objet_00642
Oxidizing,Objet_05736
Fragile,Objet_01006
Flammable,Objet_05580
Explosive,Objet_06071
Corrosive,Objet_03784
Unspecified,Objet_05831
Unspecified,Objet_06723
Fragile,Objet_06142
Pressurized,Objet_03074
Pressurized,Objet_03265
Radioactive,Objet_07631
Oxidizing,Objet_06683
Pressurized,Objet_02037
Radioactive,Objet_03528
Toxic,Objet_00203
Oxidizing,Objet_03654
Flammable,Objet_05665
Pressurized,Objet_02862
Corrosive,Objet_02002
Corrosive,Objet_04085
Fragile,Objet_07519
Oxidizing,Objet_04923
Food,Objet_00692
Oxidizing,Objet_05468
Fragile,Objet_00635
Food,Objet_04893
Radioactive,Objet_05287
Fragile,Objet_05501
Radioactive,Objet_04985
Unspecified,Objet_03112
Food,Objet_05626
Flammable,Objet_00505
Oxidizing,Objet_02152
Corrosive,Objet_04574
Flammable,Objet_00763
Corrosive,Objet_05396
Toxic,Objet_06929
Oxidizing,Objet_05458
Corrosive,Objet_07750
Pressurized,Objet_04555
Corrosive,Objet_04832
Toxic,Objet_01695
Oxidizing,Objet_02752
Food,Objet_00922
Unspecified,Objet_05219
Radioactive,Objet_00522
Oxidizing,Objet_07422
Explosive,Objet_05052
Fragile,Objet_03165
Corrosive,Objet_06225
Toxic,Objet_07253
Fragile,Objet_01073
Explosive,Objet_05453
Food,Objet_01207
Unspecified,Objet_05420
Fragile,Objet_01990
Fragile,Objet_03674
Food,Objet_02682
Pressurized,Objet_04064
Radioactive,Objet_02785
Flammable,Objet_00613
Fragile,Objet_04002
Corrosive,Objet_05723
Pressurized,Objet_00457
Flammable,Objet_02291
Unspecified,Objet_03174
Explosive,Objet_06189
Radioactive,Objet_01930
Corrosive,Objet_05190
Flammable,Objet_02964
Pressurized,Objet_01437
Unspecified,Objet_07698
Fragile,Objet_02481
Unspecified,Objet_01851
Radioactive,Objet_01818
Pressurized,Objet_03337
Radioactive,Objet_03634
Explosive,Objet_00768
Radioactive,Objet_06749
Fragile,Objet_05798
Oxidizing,Objet_04306
Pressurized,Objet_01974
Unspecified,Objet_03565
Oxidizing,Objet_06191
Pressurized,Objet_06955
Unspecified,Objet_07055
Pressurized,Objet_01399
Radioactive,Objet_04621
Fragile,Objet_05173
Unspecified,Objet_06082
Radioactive,Objet_05159
Pressurized,Objet_04741
Radioactive,Objet_00030
Corrosive,Objet_07373
Oxidizing,Objet_04602
Fragile,Objet_06668
Pressurized,Objet_03677
Unspecified,Objet_04127
Fragile,Objet_03852
Fragile,Objet_04610
Food,Objet_01412
Flammable,Objet_06799
Food,Objet_04197
Oxidizing,Objet_02249
Corrosive,Objet_05227
Food,Objet_04120
Explosive,Objet_05502
Unspecified,Objet_06748
Toxic,Objet_07736
Corrosive,Objet_01999
Pressurized,Objet_07424
Fragile,Objet_05201
Food,Objet_07395
Pressurized,Objet_03602
Unspecified,Objet_02131
Fragile,Objet_03653
Pressurized,Objet_02413
Corrosive,Objet_07649
Toxic,Objet_01039
Flammable,Objet_01026
Explosive,Objet_01888
Radioactive,Objet_01776
Toxic,Objet_04764
Explosive,Objet_03513
Unspecified,Objet_00879
Toxic,Objet_00306
Corrosive,Objet_06124
Pressurized,Objet_03180
Toxic,Objet_00926
Corrosive,Objet_04021
Flammable,Objet_02245
Corrosive,Objet_06761
Fragile,Objet_03865
Radioactive,Objet_03974
Explosive,Objet_07679
Flammable,Objet_05309
Toxic,Objet_00238
Unspecified,Objet_02994
Explosive,Objet_04059
Corrosive,Objet_04577
Corrosive,Objet_03357
Pressurized,Objet_02847
Unspecified,Objet_06893
Flammable,Objet_03240
Fragile,Objet_03020
Corrosive,Objet_02881
Radioactive,Objet_02140
Fragile,Objet_04180
Food,Objet_02638
Fragile,Objet_06138
Corrosive,Objet_05980
Pressurized,Objet_06633
Radioactive,Objet_00510
Fragile,Objet_03037
Explosive,Objet_06949
Flammable,Objet_01545
Toxic,Objet_04720
Toxic,Objet_05845
Fragile,Objet_01605
Corrosive,Objet_01131
Unspecified,Objet_01018
Food,Objet_01275
Radioactive,Objet_05511
Oxidizing,Objet_00108
Toxic,Objet_07198
Unspecified,Objet_05654
Fragile,Objet_02101
Unspecified,Objet_02482
Explosive,Objet_04493
Food,Objet_01355
Flammable,Objet_02074
Fragile,Objet_06916
Pressurized,Objet_03734
Toxic,Objet_02781
Radioactive,Objet_06324
Radioactive,Objet_00717
Fragile,Objet_06594
Flammable,Objet_06398
Fragile,Objet_06066
Food,Objet_02852
Corrosive,Objet_05724
Food,Objet_00557
Pressurized,Objet_06569
Explosive,Objet_01043
Flammable,Objet_07407
Radioactive,Objet_05115
Radioactive,Objet_02390
Unspecified,Objet_02686
Toxic,Objet_07638
Corrosive,Objet_00004
Radioactive,Objet_06674
Toxic,Objet_06533
Oxidizing,Objet_01496
Explosive,Objet_01911
Explosive,Objet_00337
Corrosive,Objet_04188
Food,Objet_06391
Pressurized,Objet_05296
Pressurized,Objet_02956
Radioactive,Objet_05544
Radioactive,Objet_01397
Toxic,Objet_03373
Flammable,Objet_00346
Food,Objet_02707
Flammable,Objet_00432
Flammable,Objet_07321
Explosive,Objet_00223
Oxidizing,Objet_01899
Corrosive,Objet_03969
Corrosive,Objet_01084
Food,Objet_07251
Pressurized,Objet_07351
Flammable,Objet_01179
Food,Objet_03893
Pressurized,Objet_00101
Oxidizing,Objet_04662
Oxidizing,Objet_00637
Oxidizing,Objet_01111
Explosive,Objet_01610
Oxidizing,Objet_06544
Explosive,Objet_00467
Fragile,Objet_01621
Flammable,Objet_02565
Oxidizing,Objet_04502
Corrosive,Objet_06468
Explosive,Objet_07001
Oxidizing,Objet_07210
Fragile,Objet_06216
Radioactive,Objet_01980
Oxidizing,Objet_02936
Corrosive,Objet_04088
Pressurized,Objet_04076
Unspecified,Objet_04178
Fragile,Objet_01296
Radioactive,Objet_03579
Food,Objet_03735
Radioactive,Objet_03824
Unspecified,Objet_04967
Toxic,Objet_05497
Corrosive,Objet_01670
Food,Objet_00351
Corrosive,Objet_00944
Unspecified,Objet_02479
Explosive,Objet_01424
Oxidizing,Objet_05454
Corrosive,Objet_05649
Food,Objet_07087
Toxic,Objet_07334
Flammable,Objet_06160
Pressurized,Objet_01626
Flammable,Objet_00859
Oxidizing,Objet_04288
Food,Objet_06099
Pressurized,Objet_03987
Unspecified,Objet_06722
Fragile,Objet_00943
Flammable,Objet_00679
Pressurized,Objet_00701
Food,Objet_02891
Toxic,Objet_06233
Oxidizing,Objet_04829
Explosive,Objet_03823
Pressurized,Objet_03343
Corrosive,Objet_02653
Pressurized,Objet_07574
Fragile,Objet_00408
Pressurized,Objet_04079
Corrosive,Objet_03169
Food,Objet_04944
Explosive,Objet_06923
Corrosive,Objet_00517
Toxic,Objet_06981
Food,Objet_05193
Food,Objet_03222
Radioactive,Objet_07369
Oxidizing,Objet_02908
Radioactive,Objet_04481
Flammable,Objet_06516
Food,Objet_03869
Fragile,Objet_00974
Fragile,Objet_05088
Oxidizing,Objet_07299
Fragile,Objet_05043
Food,Objet_05652
Pressurized,Objet_00924
Toxic,Objet_06553
Radioactive,Objet_02542
Radioactive,Objet_05418
Oxidizing,Objet_04745
Radioactive,Objet_02605
Oxidizing,Objet_07148
Oxidizing,Objet_07329
Corrosive,Objet_03455
Unspecified,Objet_00487
Unspecified,Objet_00594
Radioactive,Objet_06654
Corrosive,Objet_02951
Explosive,Objet_00365
Flammable,Objet_07674
Corrosive,Objet_04350
Corrosive,Objet_03534
Unspecified,Objet_01089
Unspecified,Objet_04520
Flammable,Objet_03158
Radioactive,Objet_00071
Fragile,Objet_05298
Flammable,Objet_07252
Fragile,Objet_01443
Explosive,Objet_02663
Toxic,Objet_05535
Explosive,Objet_05809
Corrosive,Objet_04541
Toxic,Objet_00220
Corrosive,Objet_02059
Corrosive,Objet_07150
Explosive,Objet_05176
Oxidizing,Objet_03697
Corrosive,Objet_05639
Corrosive,Objet_05308
Radioactive,Objet_00380
Radioactive,Objet_03077
Flammable,Objet_03001
Oxidizing,Objet_07035
Radioactive,Objet_00745
Toxic,Objet_05671
Toxic,Objet_07255
Radioactive,Objet_02592
Explosive,Objet_07029
Flammable,Objet_05107
Flammable,Objet_01798
Pressurized,Objet_02057
Oxidizing,Objet_01191
Corrosive,Objet_06566
Toxic,Objet_04675
Toxic,Objet_00048
Fragile,Objet_01581
Pressurized,Objet_02379
Unspecified,Objet_01885
Radioactive,Objet_01793
Flammable,Objet_02470
Corrosive,Objet_03435
Toxic,Objet_05566
Unspecified,Objet_05388
Oxidizing,Objet_04163
Corrosive,Objet_03128
Fragile,Objet_00382
Food,Objet_00958
Radioactive,Objet_02392
Unspecified,Objet_00831
Flammable,Objet_00738
Corrosive,Objet_04073
Food,Objet_06007
Explosive,Objet_01827
Corrosive,Objet_05807
Fragile,Objet_02830
Food,Objet_05310
Unspecified,Objet_00322
Fragile,Objet_07256
Oxidizing,Objet_07632
Unspecified,Objet_03205
Flammable,Objet_07597
Pressurized,Objet_02279
Flammable,Objet_06913
Flammable,Objet_06511
Corrosive,Objet_01692
Toxic,Objet_06936
Radioactive,Objet_06572
Unspecified,Objet_01614
Food,Objet_04756
Pressurized,Objet_04769
Radioactive,Objet_06025
Food,Objet_07071
Corrosive,Objet_01571
Flammable,Objet_07715
Oxidizing,Objet_06622
Food,Objet_07565
Explosive,Objet_02205
Fragile,Objet_03336
Oxidizing,Objet_00858
Oxidizing,Objet_06478
Oxidizing,Objet_01201
Oxidizing,Objet_02236
Pressurized,Objet_07017
Toxic,Objet_03527
Explosive,Objet_06819
Fragile,Objet_04176
Explosive,Objet_05241
Toxic,Objet_01574
Oxidizing,Objet_01298
Food,Objet_05763
Corrosive,Objet_02389
Toxic,Objet_05689
Flammable,Objet_00122
Toxic,Objet_05853
Explosive,Objet_06741
Unspecified,Objet_07344
Fragile,Objet_05482
Toxic,Objet_03755
Flammable,Objet_04170
Radioactive,Objet_05063
Unspecified,Objet_04407
Explosive,Objet_03815
Toxic,Objet_02233
Explosive,Objet_00887
Fragile,Objet_04253
Oxidizing,Objet_03803
Explosive,Objet_05489
Corrosive,Objet_05998
Food,Objet_05415
Corrosive,Objet_03226
Pressurized,Objet_00078
Fragile,Objet_02210
Explosive,Objet_01057
Unspecified,Objet_06669
Unspecified,Objet_03708
Toxic,Objet_06151
Radioactive,Objet_01342
Toxic,Objet_05542
Unspecified,Objet_00013
Oxidizing,Objet_05767
Toxic,Objet_04783
Corrosive,Objet_03609
Explosive,Objet_04235
Flammable,Objet_03741
Pressurized,Objet_07152
Radioactive,Objet_00857
Radioactive,Objet_00603
Toxic,Objet_01895
Pressurized,Objet_05353
Radioactive,Objet_06453
Fragile,Objet_03924
Oxidizing,Objet_00881
Explosive,Objet_04011
Fragile,Objet_06102
Explosive,Objet_06086
Oxidizing,Objet_05571
Radioactive,Objet_05379
Corrosive,Objet_04194
Food,Objet_05629
Fragile,Objet_02427
Explosive,Objet_05659
Corrosive,Objet_05874
Oxidizing,Objet_00672
Toxic,Objet_04655
Radioactive,Objet_02732
Radioactive,Objet_05589
Flammable,Objet_02845
Explosive,Objet_06756
Radioactive,Objet_03481
Corrosive,Objet_02003
Oxidizing,Objet_06693
Toxic,Objet_06895
Pressurized,Objet_00952
Explosive,Objet_03276
Oxidizing,Objet_00023
Unspecified,Objet_00641
Oxidizing,Objet_02687
Pressurized,Objet_07266
Explosive,Objet_03334
Food,Objet_01609
Radioactive,Objet_04757
Food,Objet_03238
Food,Objet_00796
Flammable,Objet_01848
Food,Objet_05312
Unspecified,Objet_06482
Unspecified,Objet_05430
Toxic,Objet_00081
Flammable,Objet_02729
Corrosive,Objet_04122
Toxic,Objet_06599
Fragile,Objet_00368
Pressurized,Objet_04567
Radioactive,Objet_06579
Fragile,Objet_03921
Explosive,Objet_05823
Oxidizing,Objet_01121
Flammable,Objet_07199
Fragile,Objet_00343
Food,Objet_00728
Toxic,Objet_06867
Pressurized,Objet_06920
Food,Objet_00951
Food,Objet_04110
Corrosive,Objet_05718
Food,Objet_05226
Food,Objet_01875
Oxidizing,Objet_01666
Corrosive,Objet_02851
Unspecified,Objet_00685
Oxidizing,Objet_04957
Fragile,Objet_04919
Oxidizing,Objet_00138
Food,Objet_02919
Oxidizing,Objet_04789
Radioactive,Objet_03508
Fragile,Objet_01963
Fragile,Objet_01497
Fragile,Objet_07725
Toxic,Objet_02263
Food,Objet_01675
Radioactive,Objet_04683
Pressurized,Objet_00142
Fragile,Objet_07473
Food,Objet_07406
Food,Objet_02286
Flammable,Objet_01668
Oxidizing,Objet_03938
Food,Objet_04271
Explosive,Objet_04987
Food,Objet_05494
Pressurized,Objet_03408
Food,Objet_04408
Fragile,Objet_02216
Oxidizing,Objet_02511
Oxidizing,Objet_00784
Toxic,Objet_07683
Explosive,Objet_04294
Corrosive,Objet_02452
Corrosive,Objet_05051
Radioactive,Objet_00821
Oxidizing,Objet_02572
Flammable,Objet_02869
Flammable,Objet_02126
Toxic,Objet_06213
Oxidizing,Objet_05746
Corrosive,Objet_00293
Flammable,Objet_05357
Flammable,Objet_05564
Flammable,Objet_00188
Food,Objet_06104
Food,Objet_06005
Toxic,Objet_07409
Corrosive,Objet_02777
Oxidizing,Objet_03423
Explosive,Objet_00178
Oxidizing,Objet_01016
Corrosive,Objet_07297
Corrosive,Objet_07128
Flammable,Objet_05719
Food,Objet_07283
Oxidizing,Objet_05143
Oxidizing,Objet_00516
Radioactive,Objet_03680
Corrosive,Objet_05822
Toxic,Objet_05714
Pressurized,Objet_04810
Food,Objet_05400
Toxic,Objet_06772
Corrosive,Objet_01477
Unspecified,Objet_07288
Explosive,Objet_07043
Toxic,Objet_02791
Radioactive,Objet_00267
Fragile,Objet_01050
Food,Objet_06011
Pressurized,Objet_02175
Radioactive,Objet_04759
Oxidizing,Objet_06286
Radioactive,Objet_06018
Flammable,Objet_00977
Explosive,Objet_04510
Unspecified,Objet_02535
Radioactive,Objet_02644
Oxidizing,Objet_02284
Food,Objet_00318
Pressurized,Objet_07633
Flammable,Objet_02551
Flammable,Objet_00259
Corrosive,Objet_04796
Radioactive,Objet_07261
Radioactive,Objet_00290
Unspecified,Objet_01098
Oxidizing,Objet_03462
Pressurized,Objet_00832
Flammable,Objet_03127
Radioactive,Objet_06063
Explosive,Objet_06353
Flammable,Objet_02303
Flammable,Objet_01360
Radioactive,Objet_06627
Unspecified,Objet_01451
Flammable,Objet_07098
Food,Objet_05996
Oxidizing,Objet_00576
Food,Objet_07141
Corrosive,Objet_06632
Radioactive,Objet_06119
Explosive,Objet_05925
Oxidizing,Objet_03954
Fragile,Objet_06159
Pressurized,Objet_06973
Toxic,Objet_01330
Pressurized,Objet_06952
Unspecified,Objet_07189
Toxic,Objet_02918
Oxidizing,Objet_02354
Unspecified,Objet_05710
Toxic,Objet_01836
Corrosive,Objet_00168
Toxic,Objet_00921
Toxic,Objet_07651
Explosive,Objet_04457
Pressurized,Objet_05280
Pressurized,Objet_02665
Radioactive,Objet_02539
Fragile,Objet_07636
Food,Objet_01522
Toxic,Objet_02749
Fragile,Objet_07313
Unspecified,Objet_04880
Explosive,Objet_06277
Pressurized,Objet_06880
Flammable,Objet_05655
Oxidizing,Objet_04735
Fragile,Objet_06666
Explosive,Objet_00548
Pressurized,Objet_06966
Unspecified,Objet_00856
Oxidizing,Objet_03798
Oxidizing,Objet_00567
Flammable,Objet_03942
Toxic,Objet_03536
Toxic,Objet_02321
Toxic,Objet_03285
Toxic,Objet_06438
Pressurized,Objet_02692
Unspecified,Objet_04553
Food,Objet_04804
Toxic,Objet_00783
Corrosive,Objet_04689
Pressurized,Objet_03768
Toxic,Objet_04641
Food,Objet_01749
Flammable,Objet_04965
Explosive,Objet_07485
Radioactive,Objet_01007
Food,Objet_07556
Radioactive,Objet_03825
Explosive,Objet_05314
Corrosive,Objet_03153
Corrosive,Objet_04554
Corrosive,Objet_02515
Fragile,Objet_03761
Unspecified,Objet_00316
Radioactive,Objet_03927
Corrosive,Objet_03302
Explosive,Objet_02630
Unspecified,Objet_06045
Corrosive,Objet_00535
Radioactive,Objet_06386
Flammable,Objet_00190
Pressurized,Objet_02443
Food,Objet_01345
Explosive,Objet_07555
Explosive,Objet_06586
Toxic,Objet_06755
Toxic,Objet_02969
Pressurized,Objet_05431
Radioactive,Objet_02661
Food,Objet_04315
Pressurized,Objet_04518
Oxidizing,Objet_03066
Oxidizing,Objet_04527
Explosive,Objet_00198
Flammable,Objet_00979
Oxidizing,Objet_07505
Unspecified,Objet_00094
Radioactive,Objet_05333
Oxidizing,Objet_07589
Toxic,Objet_02656
Oxidizing,Objet_04301
Unspecified,Objet_00082
Explosive,Objet_07448
Explosive,Objet_03512
Explosive,Objet_06342
Fragile,Objet_06502
Toxic,Objet_03340
Fragile,Objet_00540
Toxic,Objet_06535
Corrosive,Objet_02328
Flammable,Objet_06644
Pressurized,Objet_01674
Toxic,Objet_01004
Corrosive,Objet_01902
Pressurized,Objet_04287
Explosive,Objet_07064
Radioactive,Objet_03137
Explosive,Objet_01852
Toxic,Objet_06458
Fragile,Objet_01163
Toxic,Objet_07515
Unspecified,Objet_01457
Unspecified,Objet_00036
Toxic,Objet_01973
Unspecified,Objet_02902
Corrosive,Objet_06830
Corrosive,Objet_01159
Radioactive,Objet_04260
Explosive,Objet_05161
Corrosive,Objet_03312
Unspecified,Objet_06002
Pressurized,Objet_02408
Explosive,Objet_00638
Flammable,Objet_06512
Explosive,Objet_00689
Unspecified,Objet_03540
Explosive,Objet_03732
Food,Objet_01315
Food,Objet_04825
Fragile,Objet_07307
Flammable,Objet_01613
Fragile,Objet_02110
Unspecified,Objet_01343
Pressurized,Objet_01625
Unspecified,Objet_00529
Oxidizing,Objet_07149
Toxic,Objet_04445
Pressurized,Objet_06038
Corrosive,Objet_01575
Radioactive,Objet_04897
Food,Objet_00682
Food,Objet_02393
Pressurized,Objet_01002
Toxic,Objet_07110
Corrosive,Objet_07423
Flammable,Objet_07242
Toxic,Objet_05682
Pressurized,Objet_01564
Toxic,Objet_02190
Fragile,Objet_02180
Explosive,Objet_03248
Oxidizing,Objet_06480
Food,Objet_06519
Explosive,Objet_02009
Flammable,Objet_01714
Flammable,Objet_01573
Oxidizing,Objet_00194
Toxic,Objet_05645
Unspecified,Objet_05372
Unspecified,Objet_02039
Food,Objet_06788
Food,Objet_07581
Explosive,Objet_07097
Food,Objet_01948
Radioactive,Objet_00935
Toxic,Objet_05916
Explosive,Objet_01533
Oxidizing,Objet_06330
Explosive,Objet_06164
Toxic,Objet_02838
Fragile,Objet_05899
Pressurized,Objet_02042
Unspecified,Objet_00317
Explosive,Objet_02636
Oxidizing,Objet_04227
Food,Objet_07333
Pressurized,Objet_01388
Flammable,Objet_05503
Fragile,Objet_02903
Food,Objet_04196
Food,Objet_03982
Oxidizing,Objet_01458
Oxidizing,Objet_04489
Radioactive,Objet_01528
Unspecified,Objet_03287
Toxic,Objet_01572
Flammable,Objet_05101
Unspecified,Objet_06883
Oxidizing,Objet_05892
Explosive,Objet_03848
Radioactive,Objet_00418
Unspecified,Objet_03864
Fragile,Objet_04035
Radioactive,Objet_07760
Fragile,Objet_01467
Food,Objet_01333
Explosive,Objet_01527
Fragile,Objet_06471
Fragile,Objet_06161
Toxic,Objet_03878
Fragile,Objet_00305
Unspecified,Objet_00549
Food,Objet_05796
Radioactive,Objet_00080
Radioactive,Objet_04645
Corrosive,Objet_00060
Explosive,Objet_02569
Corrosive,Objet_04821
Unspecified,Objet_07301
Oxidizing,Objet_07445
Radioactive,Objet_06197
Toxic,Objet_05808
Fragile,Objet_05440
Flammable,Objet_06339
Fragile,Objet_00399
Unspecified,Objet_06240
Toxic,Objet_01669
Explosive,Objet_06642
Unspecified,Objet_04114
Pressurized,Objet_02623
Toxic,Objet_02214
Food,Objet_04629
Unspecified,Objet_05121
Corrosive,Objet_02647
Unspecified,Objet_02766
Explosive,Objet_00349
Oxidizing,Objet_06296
Toxic,Objet_01546
Explosive,Objet_04853
Food,Objet_02561
Oxidizing,Objet_05829
Radioactive,Objet_04389
Fragile,Objet_04588
Toxic,Objet_02254
Explosive,Objet_00105
Explosive,Objet_04630
Fragile,Objet_03549
Explosive,Objet_00393
Food,Objet_04966
Unspecified,Objet_07655
Flammable,Objet_05024
Food,Objet_05697
Flammable,Objet_03304
Unspecified,Objet_04702
Oxidizing,Objet_00895
Fragile,Objet_00483
Fragile,Objet_00617
Explosive,Objet_01087
Flammable,Objet_02058
Unspecified,Objet_01449
Food,Objet_03243
Fragile,Objet_01441
Fragile,Objet_02491
Fragile,Objet_00842
Corrosive,Objet_07202
Flammable,Objet_04656
Pressurized,Objet_05232
Toxic,Objet_03503
Toxic,Objet_06763
Food,Objet_04444
Unspecified,Objet_00172
Flammable,Objet_04225
Fragile,Objet_06804
Corrosive,Objet_00619
Oxidizing,Objet_02670
Oxidizing,Objet_02796
Toxic,Objet_05735
Food,Objet_06816
Food,Objet_01097
Toxic,Objet_01565
Unspecified,Objet_02416
Oxidizing,Objet_05162
Oxidizing,Objet_00134
Food,Objet_04469
Corrosive,Objet_06048
Toxic,Objet_00236
Food,Objet_00830
Explosive,Objet_01157
Pressurized,Objet_05939
Food,Objet_04298
Pressurized,Objet_02457
Unspecified,Objet_00711
Fragile,Objet_01197
Flammable,Objet_04864
Explosive,Objet_00975
Unspecified,Objet_05270
Food,Objet_00475
Radioactive,Objet_04732
Pressurized,Objet_04948
Radioactive,Objet_04679
Oxidizing,Objet_06022
Flammable,Objet_00265
Fragile,Objet_01273
Toxic,Objet_03648
Radioactive,Objet_00716
Pressurized,Objet_04665
Unspecified,Objet_02266
Fragile,Objet_03144
Flammable,Objet_01480
Toxic,Objet_03187
Radioactive,Objet_07331
Radioactive,Objet_00430
Fragile,Objet_03885
Oxidizing,Objet_07316
Toxic,Objet_01596
Oxidizing,Objet_00352
Explosive,Objet_04715
Explosive,Objet_01203
Pressurized,Objet_03491
Food,Objet_00917
Fragile,Objet_04383
Corrosive,Objet_06077
Fragile,Objet_03916
Toxic,Objet_01805
Corrosive,Objet_04086
Food,Objet_07694
Pressurized,Objet_06090
Food,Objet_02324
Toxic,Objet_07600
Radioactive,Objet_03544
Corrosive,Objet_03678
Pressurized,Objet_03886
Oxidizing,Objet_02113
Unspecified,Objet_00787
Fragile,Objet_06015
Radioactive,Objet_00599
Toxic,Objet_05730
Radioactive,Objet_06122
Corrosive,Objet_02411
Explosive,Objet_06677
Toxic,Objet_02822
Flammable,Objet_01305
Food,Objet_02488
Radioactive,Objet_03450
Food,Objet_04573
Fragile,Objet_02123
Toxic,Objet_03183
Corrosive,Objet_03472
Corrosive,Objet_02826
Unspecified,Objet_04234
Flammable,Objet_04495
Flammable,Objet_02915
Explosive,Objet_00484
Oxidizing,Objet_05137
Pressurized,Objet_02848
Fragile,Objet_04548
Food,Objet_06073
Unspecified,Objet_05065
Food,Objet_05058
Pressurized,Objet_03828
Fragile,Objet_07200
Toxic,Objet_02637
Radioactive,Objet_04237
Food,Objet_04147
Fragile,Objet_05044
Corrosive,Objet_00191
Explosive,Objet_01637
Radioactive,Objet_07421
Pressurized,Objet_05474
Flammable,Objet_02939
Oxidizing,Objet_01554
Pressurized,Objet_06451
Unspecified,Objet_01425
Radioactive,Objet_06004
Oxidizing,Objet_00773
Radioactive,Objet_02544
Radioactive,Objet_05423
Oxidizing,Objet_07749
Toxic,Objet_06507
Explosive,Objet_03644
Fragile,Objet_01249
Explosive,Objet_00166
Food,Objet_06360
Oxidizing,Objet_05819
Food,Objet_01862
Flammable,Objet_01792
Toxic,Objet_05691
Radioactive,Objet_03890
Fragile,Objet_06345
Toxic,Objet_07689
Corrosive,Objet_01033
Unspecified,Objet_06854
Fragile,Objet_05700
Oxidizing,Objet_04062
Food,Objet_00061
Oxidizing,Objet_06774
Explosive,Objet_07171
Pressurized,Objet_04460
Unspecified,Objet_04704
Explosive,Objet_00386
Unspecified,Objet_01569
Pressurized,Objet_06821
Radioactive,Objet_06739
Pressurized,Objet_06827
Fragile,Objet_03839
Food,Objet_03117
Toxic,Objet_02519
Explosive,Objet_04501
Toxic,Objet_03835
Corrosive,Objet_05988
Unspecified,Objet_01969
Flammable,Objet_03208
Unspecified,Objet_06562
Toxic,Objet_07763
Explosive,Objet_02179
Oxidizing,Objet_06201
Explosive,Objet_04738
Radioactive,Objet_02793
Toxic,Objet_04043
Radioactive,Objet_01936
Fragile,Objet_02674
Radioactive,Objet_03441
Radioactive,Objet_06860
Flammable,Objet_03614
Pressurized,Objet_00894
Unspecified,Objet_01040
Corrosive,Objet_07628
Radioactive,Objet_07734
Unspecified,Objet_03257
Unspecified,Objet_00216
Radioactive,Objet_06118
Corrosive,Objet_05395
Fragile,Objet_06182
Oxidizing,Objet_02252
Radioactive,Objet_04357
Food,Objet_02865
Flammable,Objet_04458
Explosive,Objet_02162
Unspecified,Objet_04591
Corrosive,Objet_06393
Food,Objet_07470
Fragile,Objet_00291
Food,Objet_04608
Food,Objet_05239
Flammable,Objet_03766
Unspecified,Objet_07444
Fragile,Objet_04258
Pressurized,Objet_05456
Oxidizing,Objet_03189
Corrosive,Objet_01812
Pressurized,Objet_00502
Toxic,Objet_02023
Oxidizing,Objet_02353
Pressurized,Objet_02492
Fragile,Objet_03859
Corrosive,Objet_05519
Flammable,Objet_02681
Oxidizing,Objet_00565
Corrosive,Objet_01400
Fragile,Objet_04462
Unspecified,Objet_04834
Explosive,Objet_01553
Oxidizing,Objet_03466
Food,Objet_00162
Corrosive,Objet_01972
Food,Objet_07208
Radioactive,Objet_01498
Unspecified,Objet_04581
Radioactive,Objet_04220
Oxidizing,Objet_05863
Radioactive,Objet_02100
Flammable,Objet_05664
Flammable,Objet_07238
Fragile,Objet_03023
Toxic,Objet_05274
Pressurized,Objet_02331
Explosive,Objet_04141
Radioactive,Objet_01056
Fragile,Objet_00896
Unspecified,Objet_03148
Radioactive,Objet_04461
Flammable,Objet_01372
Toxic,Objet_04545
Explosive,Objet_01052
Flammable,Objet_03432
Oxidizing,Objet_04123
Toxic,Objet_04786
Fragile,Objet_06448
Unspecified,Objet_05741
Fragile,Objet_00192
Toxic,Objet_04631
Toxic,Objet_05182
Food,Objet_05493
Flammable,Objet_01027
Pressurized,Objet_04313
Pressurized,Objet_01254
Explosive,Objet_00546
Radioactive,Objet_02415
Oxidizing,Objet_04459
Unspecified,Objet_06052
Radioactive,Objet_03315
Radioactive,Objet_07619
Unspecified,Objet_05612
Toxic,Objet_01126
Fragile,Objet_04894
Explosive,Objet_02047
Radioactive,Objet_05037
Toxic,Objet_01190
Unspecified,Objet_04047
Explosive,Objet_07735
Explosive,Objet_07335
Radioactive,Objet_03547
Toxic,Objet_05019
Pressurized,Objet_03099
Radioactive,Objet_00462
Oxidizing,Objet_06029
Unspecified,Objet_04820
Food,Objet_04974
Fragile,Objet_05678
Food,Objet_07567
Food,Objet_05273
Oxidizing,Objet_01681
Pressurized,Objet_05908
Food,Objet_00602
Pressurized,Objet_00629
Pressurized,Objet_00965
Pressurized,Objet_02248
Oxidizing,Objet_04754
Pressurized,Objet_02090
Oxidizing,Objet_07131
Oxidizing,Objet_02080
Fragile,Objet_05772
Radioactive,Objet_06987
Flammable,Objet_05407
Explosive,Objet_02672
Oxidizing,Objet_07579
Fragile,Objet_04392
Pressurized,Objet_02231
Radioactive,Objet_04877
Explosive,Objet_04199
Oxidizing,Objet_00092
Fragile,Objet_07360
Corrosive,Objet_02854
Flammable,Objet_02966
Toxic,Objet_04961
Toxic,Objet_04619
Radioactive,Objet_05979
Oxidizing,Objet_02710
Fragile,Objet_03570
Food,Objet_00409
Pressurized,Objet_03405
Pressurized,Objet_00853
Fragile,Objet_04166
Oxidizing,Objet_04550
Flammable,Objet_00964
Oxidizing,Objet_04841
Corrosive,Objet_07249
Pressurized,Objet_00794
Food,Objet_07134
Unspecified,Objet_01238
Fragile,Objet_05942
Unspecified,Objet_04946
Oxidizing,Objet_05326
Toxic,Objet_02993
Explosive,Objet_01390
Flammable,Objet_01005
Corrosive,Objet_06721
Unspecified,Objet_06263
Fragile,Objet_04382
Pressurized,Objet_02930
Corrosive,Objet_04309
Radioactive,Objet_06585
Flammable,Objet_06050
Radioactive,Objet_01417
Food,Objet_04177
Oxidizing,Objet_06536
Fragile,Objet_07727
Toxic,Objet_06587
Flammable,Objet_00492
Oxidizing,Objet_07722
Corrosive,Objet_02079
Explosive,Objet_04890
Oxidizing,Objet_02782
Oxidizing,Objet_06560
Radioactive,Objet_06406
Food,Objet_03262
Pressurized,Objet_03601
Flammable,Objet_00500
Unspecified,Objet_02384
Radioactive,Objet_06740
Oxidizing,Objet_05323
Fragile,Objet_07398
Pressurized,Objet_03669
Oxidizing,Objet_05903
Food,Objet_01245
Pressurized,Objet_07544
Fragile,Objet_01481
Fragile,Objet_06896
Radioactive,Objet_06670
Radioactive,Objet_04544
Pressurized,Objet_01987
Explosive,Objet_04793
Food,Objet_05220
Oxidizing,Objet_04888
Toxic,Objet_07604
Oxidizing,Objet_00772
Explosive,Objet_02909
Oxidizing,Objet_02063
Pressurized,Objet_05244
Explosive,Objet_01504
Unspecified,Objet_00244
Explosive,Objet_07774
Corrosive,Objet_04422
Corrosive,Objet_04576
Toxic,Objet_05924
Fragile,Objet_01112
Pressurized,Objet_01802
Toxic,Objet_05460
Fragile,Objet_06431
Pressurized,Objet_05816
Toxic,Objet_02703
Pressurized,Objet_04393
Food,Objet_00963
Explosive,Objet_07223
Food,Objet_02870
Food,Objet_04925
Corrosive,Objet_05135
Flammable,Objet_02386
Radioactive,Objet_07284
Toxic,Objet_05933
Flammable,Objet_06457
Corrosive,Objet_04107
Explosive,Objet_00999
Fragile,Objet_03576
Toxic,Objet_02586
Unspecified,Objet_05947
Toxic,Objet_05112
Food,Objet_07341
Oxidizing,Objet_07176
Toxic,Objet_02888
Food,Objet_04426
Unspecified,Objet_06264
Oxidizing,Objet_07583
Flammable,Objet_05776
Food,Objet_06713
Flammable,Objet_05651
Pressurized,Objet_07495
Food,Objet_01913
Unspecified,Objet_03786
Flammable,Objet_06742
Pressurized,Objet_04437
Toxic,Objet_07627
Explosive,Objet_00232
Fragile,Objet_01736
Food,Objet_00403
Explosive,Objet_00802
Oxidizing,Objet_01858
Explosive,Objet_06767
Pressurized,Objet_05021
Corrosive,Objet_07661
Fragile,Objet_06695
Toxic,Objet_02748
Explosive,Objet_04543
Explosive,Objet_07139
Radioactive,Objet_05594
Unspecified,Objet_07702
Explosive,Objet_03484
Pressurized,Objet_00909
Flammable,Objet_05307
Explosive,Objet_07096
Toxic,Objet_03487
Explosive,Objet_04740
Explosive,Objet_06499
Oxidizing,Objet_03590
Corrosive,Objet_02566
Corrosive,Objet_06687
Toxic,Objet_02893
Food,Objet_01270
Explosive,Objet_05261
Pressurized,Objet_07304
Toxic,Objet_03010
Explosive,Objet_05509
Flammable,Objet_02590
Pressurized,Objet_05490
Pressurized,Objet_00085
Explosive,Objet_06789
Fragile,Objet_04161
Flammable,Objet_00377
Fragile,Objet_05361
Oxidizing,Objet_07356
Pressurized,Objet_03780
Radioactive,Objet_05470
Unspecified,Objet_04190
Food,Objet_05257
Explosive,Objet_06261
Explosive,Objet_05510
Flammable,Objet_05680
Explosive,Objet_04150
Radioactive,Objet_06181
Toxic,Objet_06675
Unspecified,Objet_00088
Flammable,Objet_03051
Corrosive,Objet_04817
Corrosive,Objet_06802
Corrosive,Objet_02820
Food,Objet_02972
Food,Objet_01758
Fragile,Objet_00871
Explosive,Objet_04323
Oxidizing,Objet_07590
Explosive,Objet_02339
Pressurized,Objet_04252
Pressurized,Objet_05969
Pressurized,Objet_05030
Explosive,Objet_06832
Oxidizing,Objet_05867
Unspecified,Objet_01744
Pressurized,Objet_00404
Fragile,Objet_04835
Toxic,Objet_04340
Radioactive,Objet_07057
Toxic,Objet_07550
Flammable,Objet_07503
Flammable,Objet_05392
Explosive,Objet_01752
Fragile,Objet_03428
Corrosive,Objet_06061
Pressurized,Objet_00252
Oxidizing,Objet_02202
Corrosive,Objet_03561
Radioactive,Objet_04248
Radioactive,Objet_04134
Unspecified,Objet_07260
Oxidizing,Objet_06394
Toxic,Objet_02096
Toxic,Objet_00683
Toxic,Objet_01535
Corrosive,Objet_06609
Fragile,Objet_04412
Food,Objet_02107
Flammable,Objet_05821
Food,Objet_01024
Corrosive,Objet_05565
Pressurized,Objet_02399
Flammable,Objet_05709
Oxidizing,Objet_03419
Flammable,Objet_07389
Toxic,Objet_02747
Explosive,Objet_01140
Pressurized,Objet_00367
Toxic,Objet_03215
Oxidizing,Objet_06012
Flammable,Objet_05425
Corrosive,Objet_03157
Corrosive,Objet_04983
Flammable,Objet_06837
Toxic,Objet_00733
Unspecified,Objet_07463
Corrosive,Objet_07181
Pressurized,Objet_03604
Explosive,Objet_01194
Unspecified,Objet_01288
Unspecified,Objet_07044
Toxic,Objet_00715
Oxidizing,Objet_03905
Fragile,Objet_07456
Pressurized,Objet_04428
Toxic,Objet_02718
Fragile,Objet_03894
Toxic,Objet_00587
Oxidizing,Objet_00069
Corrosive,Objet_05140
Food,Objet_02611
Pressurized,Objet_00253
Food,Objet_04792
Flammable,Objet_06768
Flammable,Objet_02567
Toxic,Objet_01712
Oxidizing,Objet_03047
Explosive,Objet_01897
Radioactive,Objet_00992
Flammable,Objet_03449
Pressurized,Objet_04695
Corrosive,Objet_05984
Fragile,Objet_03008
Pressurized,Objet_02579
Pressurized,Objet_01332
Oxidizing,Objet_02407
Explosive,Objet_00072
Explosive,Objet_02380
Toxic,Objet_05717
Radioactive,Objet_06650
Explosive,Objet_05148
Flammable,Objet_04638
Oxidizing,Objet_00300
Radioactive,Objet_02382
Oxidizing,Objet_02835
Fragile,Objet_04281
Toxic,Objet_00215
Corrosive,Objet_05720
Oxidizing,Objet_04275
Food,Objet_01965
Pressurized,Objet_05231
Flammable,Objet_06479
Corrosive,Objet_01989
Unspecified,Objet_00301
Unspecified,Objet_06685
Explosive,Objet_05297
Corrosive,Objet_00590
Flammable,Objet_06460
Unspecified,Objet_02441
Toxic,Objet_02944
Fragile,Objet_00737
Unspecified,Objet_07151
Radioactive,Objet_06681
Pressurized,Objet_00916
Toxic,Objet_00263
Fragile,Objet_06461
Corrosive,Objet_05876
Food,Objet_03679
Fragile,Objet_06347
Oxidizing,Objet_01823
Food,Objet_01292
Oxidizing,Objet_04618
Oxidizing,Objet_06698
Radioactive,Objet_05804
Fragile,Objet_03410
Explosive,Objet_04651
Flammable,Objet_03326
Fragile,Objet_01813
Oxidizing,Objet_00385
Fragile,Objet_05126
Oxidizing,Objet_01490
Unspecified,Objet_07630
Fragile,Objet_01847
Unspecified,Objet_07603
Corrosive,Objet_01541
Radioactive,Objet_02914
Toxic,Objet_01698
Unspecified,Objet_06517
Corrosive,Objet_02053
Radioactive,Objet_00459
Pressurized,Objet_07740
Explosive,Objet_02505
Oxidizing,Objet_03711
Fragile,Objet_06835
Food,Objet_00091
Unspecified,Objet_03963
Oxidizing,Objet_02688
Corrosive,Objet_01392
Radioactive,Objet_03591
Food,Objet_07411
Radioactive,Objet_07174
Flammable,Objet_02192
Corrosive,Objet_07606
Toxic,Objet_05567
Toxic,Objet_04448
Food,Objet_06336
Food,Objet_01334
Pressurized,Objet_07039
Oxidizing,Objet_01623
Explosive,Objet_05946
Toxic,Objet_04560
Explosive,Objet_06371
Radioactive,Objet_03376
Flammable,Objet_01589
Flammable,Objet_06200
Oxidizing,Objet_03094
Pressurized,Objet_04362
Corrosive,Objet_00547
Corrosive,Objet_04012
Oxidizing,Objet_07770
Food,Objet_05885
Pressurized,Objet_00970
Toxic,Objet_07312
Pressurized,Objet_02882
Flammable,Objet_00611
Food,Objet_02924
Oxidizing,Objet_04185
Pressurized,Objet_01200
Fragile,Objet_01782
Corrosive,Objet_05029
Toxic,Objet_05012
Radioactive,Objet_00402
Flammable,Objet_03400
Corrosive,Objet_00702
Explosive,Objet_02629
Corrosive,Objet_07159
Pressurized,Objet_05120
Radioactive,Objet_03027
Flammable,Objet_03192
Corrosive,Objet_02275
Radioactive,Objet_06590
Toxic,Objet_06626
Flammable,Objet_07669
Pressurized,Objet_01223
Explosive,Objet_02722
Corrosive,Objet_01171
Oxidizing,Objet_04405
Explosive,Objet_01328
Toxic,Objet_01602
Radioactive,Objet_00445
Flammable,Objet_02463
Corrosive,Objet_07518
Flammable,Objet_03073
Corrosive,Objet_03860
Pressurized,Objet_02087
Unspecified,Objet_03748
Flammable,Objet_05884
Radioactive,Objet_06385
Oxidizing,Objet_07103
Flammable,Objet_06875
Toxic,Objet_06175
Corrosive,Objet_04295
Radioactive,Objet_07042
Corrosive,Objet_07303
Oxidizing,Objet_04157
Unspecified,Objet_04584
Flammable,Objet_05733
Oxidizing,Objet_05067
Radioactive,Objet_01155
Pressurized,Objet_02705
Fragile,Objet_06707
Pressurized,Objet_00059
Flammable,Objet_03085
Corrosive,Objet_01542
Radioactive,Objet_06820
Food,Objet_04016
Explosive,Objet_02102
Oxidizing,Objet_03587
Fragile,Objet_00058
Flammable,Objet_05234
Pressurized,Objet_01166
Unspecified,Objet_02371
Pressurized,Objet_02097
Explosive,Objet_01322
Flammable,Objet_03946
Pressurized,Objet_01080
Radioactive,Objet_02244
Flammable,Objet_00808
Corrosive,Objet_06165
Flammable,Objet_07592
Pressurized,Objet_06983
Food,Objet_00913
Flammable,Objet_02613
Explosive,Objet_07003
Food,Objet_01232
Pressurized,Objet_07436
Unspecified,Objet_04221
Corrosive,Objet_02945
Toxic,Objet_02897
Pressurized,Objet_00003
Fragile,Objet_00308
Toxic,Objet_01199
Pressurized,Objet_06105
Radioactive,Objet_02490
Food,Objet_02974
Radioactive,Objet_06074
Flammable,Objet_00095
Oxidizing,Objet_02188
Unspecified,Objet_02455
Flammable,Objet_05330
Oxidizing,Objet_00862
Food,Objet_06208
Pressurized,Objet_03849
Radioactive,Objet_04036
Corrosive,Objet_01344
Corrosive,Objet_04611
Flammable,Objet_04000
Toxic,Objet_02146
Radioactive,Objet_07081
Corrosive,Objet_01988
Flammable,Objet_04723
Fragile,Objet_02264
Flammable,Objet_06110
Food,Objet_04172
Food,Objet_01374
Unspecified,Objet_07624
Toxic,Objet_01874
Corrosive,Objet_00243
Pressurized,Objet_00934
Pressurized,Objet_01868
Unspecified,Objet_02864
Pressurized,Objet_07037
Flammable,Objet_00558
Flammable,Objet_05683
Explosive,Objet_00258
Toxic,Objet_06095
Corrosive,Objet_05205
Unspecified,Objet_06891
Food,Objet_07383
Toxic,Objet_02991
Toxic,Objet_04742
Food,Objet_02341
Fragile,Objet_03479
Fragile,Objet_00782
Toxic,Objet_01908
Unspecified,Objet_03964
Fragile,Objet_02818
Flammable,Objet_04979
Fragile,Objet_02546
Pressurized,Objet_01699
Explosive,Objet_05838
Pressurized,Objet_01146
Corrosive,Objet_04254
Radioactive,Objet_04705
Unspecified,Objet_07385
Radioactive,Objet_05976
Unspecified,Objet_02570
Fragile,Objet_00119
Toxic,Objet_02253
Flammable,Objet_06243
Unspecified,Objet_06338
Radioactive,Objet_02745
Fragile,Objet_07380
Radioactive,Objet_03553
Radioactive,Objet_00381
Radioactive,Objet_04319
Flammable,Objet_05426
Toxic,Objet_07323
Toxic,Objet_04826
Radioactive,Objet_00675
Pressurized,Objet_00920
Pressurized,Objet_04909
Corrosive,Objet_04523
Unspecified,Objet_00650
Pressurized,Objet_05945
Corrosive,Objet_06067
Fragile,Objet_00624
Radioactive,Objet_01919
Flammable,Objet_04274
Explosive,Objet_07475
Flammable,Objet_00109
Radioactive,Objet_01983
Flammable,Objet_03904
Radioactive,Objet_03177
Food,Objet_04605
Pressurized,Objet_00653
Unspecified,Objet_03088
Explosive,Objet_06773
Unspecified,Objet_00625
Corrosive,Objet_05663
Toxic,Objet_05597
Corrosive,Objet_03811
Explosive,Objet_02489
Radioactive,Objet_05641
Toxic,Objet_03230
Fragile,Objet_07440
Toxic,Objet_04600
Unspecified,Objet_07656
Unspecified,Objet_05419
Corrosive,Objet_07703
Explosive,Objet_01086
Fragile,Objet_06429
Fragile,Objet_02288
Toxic,Objet_06327
Radioactive,Objet_05210
Toxic,Objet_01896
Toxic,Objet_03225
Toxic,Objet_07501
Fragile,Objet_03097
Radioactive,Objet_00789
Radioactive,Objet_01595
Fragile,Objet_03060
Radioactive,Objet_06030
Corrosive,Objet_07185
Pressurized,Objet_00987
Toxic,Objet_07005
Food,Objet_02351
Corrosive,Objet_01833
Fragile,Objet_02282
Corrosive,Objet_06796
Radioactive,Objet_03381
Explosive,Objet_03030
Pressurized,Objet_06653
Corrosive,Objet_01014
Oxidizing,Objet_07602
Toxic,Objet_00971
Radioactive,Objet_02495
Explosive,Objet_01561
Explosive,Objet_00144
Oxidizing,Objet_03370
Explosive,Objet_01688
Food,Objet_07188
Corrosive,Objet_05476
Toxic,Objet_05344
Unspecified,Objet_00923
Flammable,Objet_02269
Food,Objet_06982
Radioactive,Objet_06287
Unspecified,Objet_03191
Radioactive,Objet_02483
Flammable,Objet_07052
Oxidizing,Objet_07526
Oxidizing,Objet_03082
Explosive,Objet_06876
Fragile,Objet_01962
Oxidizing,Objet_02065
Explosive,Objet_02642
Food,Objet_07348
Corrosive,Objet_05277
Explosive,Objet_00892
Corrosive,Objet_01239
Unspecified,Objet_01568
Fragile,Objet_07092
Pressurized,Objet_03989
Food,Objet_07525
Food,Objet_05901
Radioactive,Objet_03465
Oxidizing,Objet_01510
Food,Objet_03752
Pressurized,Objet_05074
Pressurized,Objet_07376
Fragile,Objet_03622
Flammable,Objet_05764
Food,Objet_02776
Food,Objet_01340
Radioactive,Objet_01703
Explosive,Objet_07464
Toxic,Objet_07247
Radioactive,Objet_03855
Fragile,Objet_06064
Food,Objet_05127
Fragile,Objet_04632
Unspecified,Objet_06162
Food,Objet_04697
Fragile,Objet_07433
Radioactive,Objet_01500
Unspecified,Objet_03260
Fragile,Objet_07302
Toxic,Objet_01746
Corrosive,Objet_03760
Corrosive,Objet_06922
Pressurized,Objet_00406
Corrosive,Objet_05778
Toxic,Objet_05514
Explosive,Objet_05968
Corrosive,Objet_01244
Fragile,Objet_00804
Flammable,Objet_03723
Radioactive,Objet_04980
Toxic,Objet_01537
Pressurized,Objet_04876
Pressurized,Objet_01557
Explosive,Objet_03005
Unspecified,Objet_06879
Corrosive,Objet_04116
Unspecified,Objet_06993
Fragile,Objet_00815
Unspecified,Objet_06522
Corrosive,Objet_04368
Explosive,Objet_06078
Toxic,Objet_01310
Radioactive,Objet_02218
Corrosive,Objet_07396
Pressurized,Objet_06866
Pressurized,Objet_05766
Toxic,Objet_05165
Pressurized,Objet_03161
Unspecified,Objet_04846
Food,Objet_01607
Corrosive,Objet_03552
Explosive,Objet_04794
Explosive,Objet_06503
Toxic,Objet_01883
Fragile,Objet_01371
Fragile,Objet_04806
Unspecified,Objet_06831
Unspecified,Objet_02624
Corrosive,Objet_01817
Radioactive,Objet_00392
Pressurized,Objet_04564
Toxic,Objet_03048
Explosive,Objet_03880
Corrosive,Objet_03279
Unspecified,Objet_05385
Radioactive,Objet_00866
Fragile,Objet_02026
Oxidizing,Objet_05541
Food,Objet_02979
Radioactive,Objet_03399
Corrosive,Objet_02649
Toxic,Objet_00362
Fragile,Objet_07746
Fragile,Objet_06549
Unspecified,Objet_07700
Radioactive,Objet_04960
Radioactive,Objet_02467
Oxidizing,Objet_03991
Pressurized,Objet_03788
Corrosive,Objet_03348
Toxic,Objet_02437
Oxidizing,Objet_00508
Fragile,Objet_05424
Flammable,Objet_02543
Oxidizing,Objet_02183
Oxidizing,Objet_05614
Radioactive,Objet_04164
Toxic,Objet_06440
Unspecified,Objet_00374
Fragile,Objet_04041
Unspecified,Objet_04401
Flammable,Objet_00434
Flammable,Objet_05322
Fragile,Objet_01003
Explosive,Objet_03998
Unspecified,Objet_07730
Unspecified,Objet_06521
Oxidizing,Objet_06871
Flammable,Objet_02368
Explosive,Objet_05786
Toxic,Objet_00511
Unspecified,Objet_04302
Radioactive,Objet_02683
Unspecified,Objet_00207
Fragile,Objet_04441
Pressurized,Objet_01368
Food,Objet_02033
Explosive,Objet_02038
Oxidizing,Objet_04332
Fragile,Objet_03220
Unspecified,Objet_01944
Food,Objet_05374
Unspecified,Objet_01810
Pressurized,Objet_05211
Radioactive,Objet_07545
Food,Objet_02532
Radioactive,Objet_07013
Oxidizing,Objet_05390
Explosive,Objet_06769
Flammable,Objet_01143
Oxidizing,Objet_04072
Explosive,Objet_05156
Food,Objet_07273
Flammable,Objet_00090
Food,Objet_01398
Pressurized,Objet_03015
Explosive,Objet_07695
Explosive,Objet_05958
Explosive,Objet_01825
Fragile,Objet_00384
Explosive,Objet_00169
Radioactive,Objet_03021
Pressurized,Objet_04780
Toxic,Objet_00165
Unspecified,Objet_03181
Explosive,Objet_03179
Radioactive,Objet_01435
Radioactive,Objet_02203
Flammable,Objet_01272
Toxic,Objet_05865
Explosive,Objet_05266
Radioactive,Objet_02170
Food,Objet_01363
Fragile,Objet_00158
Fragile,Objet_01433
Oxidizing,Objet_01859
Food,Objet_00655
Fragile,Objet_01733
Radioactive,Objet_01380
Pressurized,Objet_06877
Toxic,Objet_00820
Corrosive,Objet_03341
Flammable,Objet_00966
Unspecified,Objet_05017
Radioactive,Objet_02922
Corrosive,Objet_00757
Unspecified,Objet_05055
Oxidizing,Objet_02986
Oxidizing,Objet_02332
Toxic,Objet_02719
Fragile,Objet_02996
Oxidizing,Objet_04317
Pressurized,Objet_06943
Flammable,Objet_01968
Radioactive,Objet_05242
Unspecified,Objet_00360
Unspecified,Objet_00986
Oxidizing,Objet_00583
Pressurized,Objet_06463
Radioactive,Objet_04454
Oxidizing,Objet_07079
Explosive,Objet_03695
Explosive,Objet_06356
Oxidizing,Objet_03953
Toxic,Objet_04773
Food,Objet_02029
Unspecified,Objet_02069
Corrosive,Objet_04464
Toxic,Objet_06366
Oxidizing,Objet_06382
Corrosive,Objet_00506
Pressurized,Objet_05820
Pressurized,Objet_03580
Fragile,Objet_06959
Pressurized,Objet_02377
Radioactive,Objet_06939
Food,Objet_05951
Fragile,Objet_07710
Radioactive,Objet_06408
Corrosive,Objet_05601
Corrosive,Objet_06487
Fragile,Objet_05199
Explosive,Objet_04491
Toxic,Objet_06886
Toxic,Objet_02524
Pressurized,Objet_07576
Explosive,Objet_04701
Corrosive,Objet_02625
Corrosive,Objet_07643
Unspecified,Objet_01694
Unspecified,Objet_07025
Oxidizing,Objet_00678
Radioactive,Objet_01909
Toxic,Objet_04335
Oxidizing,Objet_04200
Radioactive,Objet_03213
Corrosive,Objet_03733
Fragile,Objet_07195
Pressurized,Objet_06731
Pressurized,Objet_06055
Unspecified,Objet_04095
Fragile,Objet_01891
Fragile,Objet_01672
Fragile,Objet_07739
Explosive,Objet_02931
Explosive,Objet_05962
Toxic,Objet_02432
Explosive,Objet_06257
Fragile,Objet_02224
Oxidizing,Objet_03794
Corrosive,Objet_04160
Radioactive,Objet_01917
Radioactive,Objet_07165
Fragile,Objet_06760
Toxic,Objet_04744
Corrosive,Objet_01660
Explosive,Objet_06571
Food,Objet_04413
Toxic,Objet_03891
Toxic,Objet_01212
Pressurized,Objet_03382
Oxidizing,Objet_04916
Flammable,Objet_05028
Flammable,Objet_07145
Unspecified,Objet_01861
Unspecified,Objet_03413
Radioactive,Objet_01160
Toxic,Objet_06121
Flammable,Objet_00485
Oxidizing,Objet_04343
Corrosive,Objet_04749
Corrosive,Objet_01766
Corrosive,Objet_02125
Unspecified,Objet_02646
Explosive,Objet_05761
Oxidizing,Objet_00039
Unspecified,Objet_07285
Radioactive,Objet_04257
Toxic,Objet_06532
Pressurized,Objet_04927
Explosive,Objet_00266
Oxidizing,Objet_07024
Fragile,Objet_00147
Food,Objet_05856
Explosive,Objet_00024
Radioactive,Objet_06370
Unspecified,Objet_02259
Fragile,Objet_06803
Fragile,Objet_01652
Oxidizing,Objet_05359
Pressurized,Objet_02954
Corrosive,Objet_07114
Corrosive,Objet_05770
Unspecified,Objet_03223
Corrosive,Objet_06455
Corrosive,Objet_02459
Pressurized,Objet_07194
Flammable,Objet_06326
Unspecified,Objet_00976
Flammable,Objet_06746
Food,Objet_00877
Unspecified,Objet_02736
Toxic,Objet_00927
Oxidizing,Objet_06297
Pressurized,Objet_07737
Food,Objet_01588
Pressurized,Objet_05389
Fragile,Objet_03369
Food,Objet_01828
Flammable,Objet_03868
Oxidizing,Objet_03568
Explosive,Objet_05436
Radioactive,Objet_05109
Explosive,Objet_04811
Pressurized,Objet_05738
Corrosive,Objet_03863
Explosive,Objet_06538
Fragile,Objet_06960
Radioactive,Objet_04989
Pressurized,Objet_04267
Unspecified,Objet_02601
Oxidizing,Objet_06591
Pressurized,Objet_06948
Food,Objet_04451
Corrosive,Objet_07480
Food,Objet_04563
Corrosive,Objet_07275
Corrosive,Objet_05131
Corrosive,Objet_00175
Toxic,Objet_05989
Explosive,Objet_07752
Fragile,Objet_01524
Food,Objet_05003
Pressurized,Objet_01935
Fragile,Objet_02503
Fragile,Objet_00956
Oxidizing,Objet_00196
Oxidizing,Objet_03079
Toxic,Objet_03140
Unspecified,Objet_03842
Toxic,Objet_06422
Toxic,Objet_07327
Toxic,Objet_06220
Food,Objet_03475
Flammable,Objet_07509
Unspecified,Objet_02429
Radioactive,Objet_04406
Toxic,Objet_03958
Unspecified,Objet_02082
Radioactive,Objet_00283
Explosive,Objet_05042
Toxic,Objet_07347
Food,Objet_05027
Corrosive,Objet_01164
Radioactive,Objet_01168
Oxidizing,Objet_02396
Unspecified,Objet_00681
Radioactive,Objet_06508
Explosive,Objet_03149
Pressurized,Objet_03821
Toxic,Objet_04713
Radioactive,Objet_05522
Unspecified,Objet_01411
Food,Objet_01690
Radioactive,Objet_07426
Fragile,Objet_06047
Fragile,Objet_02720
Radioactive,Objet_02610
Pressurized,Objet_04624
Radioactive,Objet_00608
Food,Objet_03543
Flammable,Objet_03212
Toxic,Objet_06990
Toxic,Objet_00785
Food,Objet_01664
Explosive,Objet_01648
Toxic,Objet_04747
Unspecified,Objet_01880
Explosive,Objet_06979
Oxidizing,Objet_00180
Pressurized,Objet_03251
Flammable,Objet_06166
Explosive,Objet_05711
Toxic,Objet_02221
Pressurized,Objet_04892
Radioactive,Objet_06781
Explosive,Objet_05320
Explosive,Objet_02507
Flammable,Objet_04844
Corrosive,Objet_00792
Oxidizing,Objet_01258
Pressurized,Objet_06202
Radioactive,Objet_07350
Corrosive,Objet_02484
Unspecified,Objet_06466
Fragile,Objet_03681
Food,Objet_07280
Radioactive,Objet_03319
Unspecified,Objet_01515
Flammable,Objet_03197
Explosive,Objet_01910
Food,Objet_01104
Pressurized,Objet_06219
Oxidizing,Objet_06934
Toxic,Objet_02215
Pressurized,Objet_04145
Pressurized,Objet_04296
Flammable,Objet_03999
Corrosive,Objet_03808
Food,Objet_00018
Unspecified,Objet_05449
Unspecified,Objet_04620
Radioactive,Objet_07563
Food,Objet_05151
Unspecified,Objet_06352
Explosive,Objet_03372
Flammable,Objet_04816
Food,Objet_06699
Explosive,Objet_06211
Toxic,Objet_01119
Oxidizing,Objet_03394
Unspecified,Objet_02219
Corrosive,Objet_01083
Toxic,Objet_02446
Unspecified,Objet_06449
Flammable,Objet_02547
Corrosive,Objet_05149
Corrosive,Objet_00503
Fragile,Objet_03529
Food,Objet_00224
Toxic,Objet_00442
Fragile,Objet_04186
Flammable,Objet_02469
Unspecified,Objet_06991
Corrosive,Objet_05995
Food,Objet_07349
Explosive,Objet_01365
Oxidizing,Objet_04661
Toxic,Objet_02689
Pressurized,Objet_03551
Explosive,Objet_03474
Food,Objet_02790
Explosive,Objet_02424
Oxidizing,Objet_00143
Fragile,Objet_07276
Corrosive,Objet_03769
Flammable,Objet_04587
Oxidizing,Objet_00460
Flammable,Objet_05002
Pressurized,Objet_05472
Fragile,Objet_04871
Fragile,Objet_03575
Oxidizing,Objet_03935
Food,Objet_03993
Food,Objet_06367
Oxidizing,Objet_00998
Food,Objet_03170
Explosive,Objet_02240
Flammable,Objet_05631
Radioactive,Objet_01454
Toxic,Objet_07201
Unspecified,Objet_05062
Food,Objet_06459
Flammable,Objet_07418
Pressurized,Objet_01156
Unspecified,Objet_03175
Toxic,Objet_05558
Toxic,Objet_01010
Unspecified,Objet_04498
Explosive,Objet_06346
Radioactive,Objet_02014
Corrosive,Objet_07726
Pressurized,Objet_04758
Corrosive,Objet_02313
Radioactive,Objet_04660
Unspecified,Objet_07543
Explosive,Objet_02764
Flammable,Objet_02755
Food,Objet_01949
Explosive,Objet_05475
Pressurized,Objet_02001
Explosive,Objet_01154
Explosive,Objet_06070
Explosive,Objet_01387
Oxidizing,Objet_00017
Fragile,Objet_06140
Radioactive,Objet_05531
Pressurized,Objet_06546
Flammable,Objet_02760
Pressurized,Objet_01418
Pressurized,Objet_07676
Corrosive,Objet_03703
Explosive,Objet_03545
Unspecified,Objet_07111
Unspecified,Objet_07154
Flammable,Objet_07270
Explosive,Objet_06869
Oxidizing,Objet_03971
Pressurized,Objet_00898
Corrosive,Objet_00437
Toxic,Objet_00205
Oxidizing,Objet_01683
Flammable,Objet_03098
Food,Objet_04148
Corrosive,Objet_02185
Food,Objet_06221
Oxidizing,Objet_00828
Oxidizing,Objet_03908
Food,Objet_02349
Radioactive,Objet_00891
Food,Objet_00420
Food,Objet_07591
Toxic,Objet_06887
Fragile,Objet_03642
Flammable,Objet_00868
Toxic,Objet_06657
Fragile,Objet_03664
Pressurized,Objet_02859
Pressurized,Objet_00770
Corrosive,Objet_02512
Corrosive,Objet_02036
Pressurized,Objet_04084
Corrosive,Objet_01280
Radioactive,Objet_05200
Corrosive,Objet_03775
Oxidizing,Objet_06024
Toxic,Objet_03425
Toxic,Objet_04549
Corrosive,Objet_01129
Pressurized,Objet_04014
Food,Objet_01077
Explosive,Objet_00195
Oxidizing,Objet_02889
Explosive,Objet_06551
Unspecified,Objet_05534
Toxic,Objet_02998
Flammable,Objet_03490
Explosive,Objet_03084
Pressurized,Objet_05832
Oxidizing,Objet_01741
Radioactive,Objet_05288
Corrosive,Objet_06484
Oxidizing,Objet_01455
Toxic,Objet_02723
Oxidizing,Objet_01015
Food,Objet_00336
Radioactive,Objet_07340
Toxic,Objet_01788
Food,Objet_06115
Fragile,Objet_01252
Corrosive,Objet_02975
Pressurized,Objet_06790
Fragile,Objet_00248
Explosive,Objet_03698
Fragile,Objet_01277
Explosive,Objet_04599
Corrosive,Objet_01867
Flammable,Objet_03355
Unspecified,Objet_03217
Flammable,Objet_04682
Corrosive,Objet_00836
Toxic,Objet_00840
Fragile,Objet_02456
Toxic,Objet_01678
Unspecified,Objet_04568
Explosive,Objet_04269
Explosive,Objet_01738
Explosive,Objet_02666
Pressurized,Objet_01316
Explosive,Objet_00744
Explosive,Objet_04873
Radioactive,Objet_04863
Flammable,Objet_05455
Food,Objet_03709
Oxidizing,Objet_06639
Toxic,Objet_04907
Unspecified,Objet_06994
Toxic,Objet_07664
Unspecified,Objet_03385
Corrosive,Objet_04673
Fragile,Objet_00983
Fragile,Objet_02867
Explosive,Objet_06249
Explosive,Objet_06281
Flammable,Objet_04956
Corrosive,Objet_03841
Pressurized,Objet_03000
Unspecified,Objet_04331
Unspecified,Objet_01091
Explosive,Objet_01531
Explosive,Objet_03714
Corrosive,Objet_04672
Pressurized,Objet_04352
Oxidizing,Objet_04060
Flammable,Objet_04004
Oxidizing,Objet_01041
Food,Objet_05929
Unspecified,Objet_02166
Radioactive,Objet_03555
Fragile,Objet_01473
Fragile,Objet_02274
Radioactive,Objet_01020
Flammable,Objet_06534
Toxic,Objet_02298
Flammable,Objet_01592
Fragile,Objet_02829
Pressurized,Objet_06589
Corrosive,Objet_03598
Oxidizing,Objet_01927
Corrosive,Objet_01830
Fragile,Objet_05650
Food,Objet_00125
Toxic,Objet_04819
Corrosive,Objet_03338
Pressurized,Objet_04316
Flammable,Objet_02320
Food,Objet_02825
Food,Objet_02186
Flammable,Objet_02301
Unspecified,Objet_01937
Fragile,Objet_05391
Unspecified,Objet_07571
Oxidizing,Objet_05896
Toxic,Objet_07741
Explosive,Objet_03328
Radioactive,Objet_04508
Explosive,Objet_06321
Radioactive,Objet_00941
Pressurized,Objet_04293
Radioactive,Objet_00035
Pressurized,Objet_05230
Oxidizing,Objet_00973
Fragile,Objet_01718
Unspecified,Objet_02587
Toxic,Objet_04420
Food,Objet_00466
Unspecified,Objet_07026
Corrosive,Objet_00997
Oxidizing,Objet_07708
Radioactive,Objet_04417
Food,Objet_00759
Pressurized,Objet_02337
Fragile,Objet_01071
Flammable,Objet_04365
Explosive,Objet_07738
Oxidizing,Objet_00444
Fragile,Objet_06770
Oxidizing,Objet_04535
Explosive,Objet_07586
Flammable,Objet_02367
Flammable,Objet_05621
Radioactive,Objet_01434
Food,Objet_04115
Unspecified,Objet_00667
Food,Objet_04358
Food,Objet_01286
Radioactive,Objet_00249
Oxidizing,Objet_06956
Corrosive,Objet_03456
Corrosive,Objet_06493
Food,Objet_02055
Pressurized,Objet_04538
Oxidizing,Objet_03888
Oxidizing,Objet_04251
Explosive,Objet_04499
Corrosive,Objet_05451
Toxic,Objet_07105
Fragile,Objet_00908
Flammable,Objet_01997
Toxic,Objet_01838
Radioactive,Objet_04542
Oxidizing,Objet_03028
Unspecified,Objet_07765
Radioactive,Objet_06237
Pressurized,Objet_03454
Toxic,Objet_00606
Oxidizing,Objet_04685
Toxic,Objet_02898
Explosive,Objet_06619
Toxic,Objet_01186
Fragile,Objet_05632
Fragile,Objet_03524
Toxic,Objet_07366
Explosive,Objet_03485
Fragile,Objet_07060
Radioactive,Objet_06725
Fragile,Objet_05286
Oxidizing,Objet_01058
Food,Objet_07404
Corrosive,Objet_06576
Toxic,Objet_05079
Food,Objet_01519
Radioactive,Objet_01407
Radioactive,Objet_02402
Food,Objet_00659
Unspecified,Objet_06800
Food,Objet_04093
Pressurized,Objet_07130
Pressurized,Objet_05833
Corrosive,Objet_05174
Fragile,Objet_05366
Pressurized,Objet_02558
Radioactive,Objet_04334
Fragile,Objet_01816
Toxic,Objet_03498
Toxic,Objet_01331
Food,Objet_03742
Oxidizing,Objet_02323
Oxidizing,Objet_00110
Radioactive,Objet_01748
Food,Objet_02795
Food,Objet_06247
Oxidizing,Objet_02044
Explosive,Objet_00079
Oxidizing,Objet_04644
Corrosive,Objet_00006
Toxic,Objet_04839
Corrosive,Objet_01516
Flammable,Objet_04124
Oxidizing,Objet_00097
Explosive,Objet_00604
Unspecified,Objet_05586
Food,Objet_03690
Corrosive,Objet_02997
Oxidizing,Objet_04143
Pressurized,Objet_01631
Explosive,Objet_03917
Flammable,Objet_06795
Toxic,Objet_01958
Unspecified,Objet_00405
Explosive,Objet_01468
Oxidizing,Objet_04482
Fragile,Objet_04241
Toxic,Objet_07640
Corrosive,Objet_00749
Flammable,Objet_03530
Pressurized,Objet_06961
Corrosive,Objet_05961
Oxidizing,Objet_06630
Pressurized,Objet_06971
Oxidizing,Objet_04179
Explosive,Objet_04055
Pressurized,Objet_01294
Pressurized,Objet_06624
Pressurized,Objet_01404
Fragile,Objet_07030
Explosive,Objet_01055
Food,Objet_07403
Corrosive,Objet_07082
Flammable,Objet_03959
Flammable,Objet_03896
Unspecified,Objet_05744
Pressurized,Objet_00573
Flammable,Objet_04339
Explosive,Objet_06792
Toxic,Objet_05695
Corrosive,Objet_06079
Explosive,Objet_01639
Radioactive,Objet_07286
Radioactive,Objet_01725
Corrosive,Objet_05897
Toxic,Objet_00376
Unspecified,Objet_02076
Fragile,Objet_02537
Fragile,Objet_06745
Explosive,Objet_01125
Explosive,Objet_07474
Radioactive,Objet_02698
Corrosive,Objet_02285
Corrosive,Objet_04696
Food,Objet_00034
Food,Objet_03433
Flammable,Objet_03250
Fragile,Objet_02220
Toxic,Objet_04507
Pressurized,Objet_06280
Fragile,Objet_05071
Toxic,Objet_05153
Explosive,Objet_06351
Oxidizing,Objet_06744
Explosive,Objet_07066
Oxidizing,Objet_03705
Fragile,Objet_03632
Radioactive,Objet_03763
Unspecified,Objet_07711
Oxidizing,Objet_02973
Flammable,Objet_07328
Flammable,Objet_05092
Food,Objet_04653
Food,Objet_06275
Explosive,Objet_04601
Unspecified,Objet_07205
Radioactive,Objet_04204
Radioactive,Objet_01820
Radioactive,Objet_03310
Explosive,Objet_04051
Toxic,Objet_03929
Corrosive,Objet_06964
Pressurized,Objet_04044
Corrosive,Objet_05428
Food,Objet_00179
Pressurized,Objet_03809
Unspecified,Objet_07560
Radioactive,Objet_01287
Fragile,Objet_04635
Fragile,Objet_02160
Fragile,Objet_07108
Oxidizing,Objet_06852
Food,Objet_02325
Unspecified,Objet_06595
Oxidizing,Objet_06285
Toxic,Objet_02811
Oxidizing,Objet_01790
Pressurized,Objet_01124
Food,Objet_00139
Unspecified,Objet_04187
Radioactive,Objet_03702
Oxidizing,Objet_03640
Corrosive,Objet_04497
Food,Objet_00378
Oxidizing,Objet_04236
Corrosive,Objet_05132
Toxic,Objet_06811
Fragile,Objet_01815
Unspecified,Objet_00518
Fragile,Objet_07124
Corrosive,Objet_02728
Pressurized,Objet_06184
Oxidizing,Objet_01567
Radioactive,Objet_05585
Food,Objet_02778
Flammable,Objet_05563
Explosive,Objet_00214
Toxic,Objet_02706
Radioactive,Objet_01634
Toxic,Objet_06794
Oxidizing,Objet_07450
Pressurized,Objet_01750
Corrosive,Objet_02099
Corrosive,Objet_00086
Radioactive,Objet_02955
Oxidizing,Objet_04029
Corrosive,Objet_07557
Toxic,Objet_06641
Explosive,Objet_07164
Explosive,Objet_02212
Pressurized,Objet_01356
Food,Objet_02151
Oxidizing,Objet_05167
Food,Objet_01882
Fragile,Objet_07507
Toxic,Objet_00839
Unspecified,Objet_00387
Corrosive,Objet_01977
Toxic,Objet_06224
Fragile,Objet_03955
Corrosive,Objet_05336
Fragile,Objet_04572
Corrosive,Objet_06664
Explosive,Objet_06139
Fragile,Objet_05791
Corrosive,Objet_01876
Flammable,Objet_06404
Oxidizing,Objet_03930
Oxidizing,Objet_02232
Food,Objet_06187
Flammable,Objet_00052
Corrosive,Objet_07241
Unspecified,Objet_02871
Food,Objet_00141
Fragile,Objet_04693
Corrosive,Objet_01505
Explosive,Objet_01826
Oxidizing,Objet_02081
Fragile,Objet_07488
Fragile,Objet_04870
Corrosive,Objet_02458
Food,Objet_02957
Toxic,Objet_05272
Fragile,Objet_01267
Flammable,Objet_06384
Oxidizing,Objet_05343
Corrosive,Objet_01954
Radioactive,Objet_01216
Fragile,Objet_06319
Oxidizing,Objet_04616
Food,Objet_06235
Food,Objet_04935
Radioactive,Objet_00847
Fragile,Objet_01893
Radioactive,Objet_00581
Radioactive,Objet_07681
Pressurized,Objet_00005
Radioactive,Objet_05023
Radioactive,Objet_07648
Pressurized,Objet_04830
Toxic,Objet_04902
Flammable,Objet_02198
Fragile,Objet_02643
Radioactive,Objet_04824
Food,Objet_03330
Food,Objet_01853
Toxic,Objet_04418
Unspecified,Objet_00803
Unspecified,Objet_00041
Toxic,Objet_05992
Fragile,Objet_01551
Toxic,Objet_07127
Fragile,Objet_05743
Oxidizing,Objet_01585
Unspecified,Objet_03050
Food,Objet_02104
Fragile,Objet_05217
Fragile,Objet_04089
Food,Objet_01048
Fragile,Objet_06912
Toxic,Objet_01101
Pressurized,Objet_06373
Corrosive,Objet_04938
Explosive,Objet_06925
Food,Objet_03857
Explosive,Objet_03196
Radioactive,Objet_04838
Pressurized,Objet_00410
Radioactive,Objet_01544
Corrosive,Objet_06736
Explosive,Objet_03486
Pressurized,Objet_00848
Radioactive,Objet_03672
Explosive,Objet_03538
Explosive,Objet_07486
Toxic,Objet_03296
Corrosive,Objet_05681
Unspecified,Objet_02184
Unspecified,Objet_02327
Explosive,Objet_02525
Pressurized,Objet_00918
Toxic,Objet_03975
Fragile,Objet_04217
Food,Objet_00614
Oxidizing,Objet_02965
Radioactive,Objet_06033
Unspecified,Objet_06927
Pressurized,Objet_03271
Unspecified,Objet_04431
Food,Objet_00200
Pressurized,Objet_04901
Corrosive,Objet_05630
Pressurized,Objet_07666
Flammable,Objet_01369
Corrosive,Objet_02006
Unspecified,Objet_03994
Corrosive,Objet_07552
Flammable,Objet_01658
Toxic,Objet_03332
Pressurized,Objet_05378
Explosive,Objet_05703
Unspecified,Objet_06812
Food,Objet_00333
Food,Objet_07778
Oxidizing,Objet_00289
Flammable,Objet_07116
Unspecified,Objet_02430
Flammable,Objet_04007
Radioactive,Objet_03844
Flammable,Objet_04146
Pressurized,Objet_01709
Toxic,Objet_04643
Unspecified,Objet_06805
Food,Objet_05090
Unspecified,Objet_06623
Food,Objet_05471
Unspecified,Objet_06631
Pressurized,Objet_02426
Food,Objet_03556
Oxidizing,Objet_04129
Oxidizing,Objet_03329
Explosive,Objet_06737
Explosive,Objet_01992
Oxidizing,Objet_03009
Explosive,Objet_02305
Oxidizing,Objet_01995
Radioactive,Objet_00541
Flammable,Objet_02268
Corrosive,Objet_02978
Pressurized,Objet_07394
Toxic,Objet_04598
Flammable,Objet_00601
Oxidizing,Objet_01641
Food,Objet_03431
Toxic,Objet_01578
Pressurized,Objet_05000
Food,Objet_05595
Fragile,Objet_02021
Radioactive,Objet_04318
Oxidizing,Objet_03244
Radioactive,Objet_00037
Oxidizing,Objet_01846
Explosive,Objet_00104
Fragile,Objet_01747
Corrosive,Objet_07614
Toxic,Objet_05213
Radioactive,Objet_06814
Pressurized,Objet_00221
Fragile,Objet_05964
Fragile,Objet_01701
Food,Objet_07343
Toxic,Objet_02552
Oxidizing,Objet_00217
Pressurized,Objet_01529
Flammable,Objet_03391
Food,Objet_05138
Flammable,Objet_05696
Radioactive,Objet_03363
Pressurized,Objet_02808
Pressurized,Objet_05973
Toxic,Objet_02425
Explosive,Objet_04627
Oxidizing,Objet_05478
Fragile,Objet_07489
Flammable,Objet_07479
Fragile,Objet_02363
Unspecified,Objet_03280
Corrosive,Objet_00725
Flammable,Objet_06489
Unspecified,Objet_01439
Radioactive,Objet_07361
Fragile,Objet_01440
Food,Objet_00942
Explosive,Objet_05702
Toxic,Objet_05797
Oxidizing,Objet_02193
Unspecified,Objet_02810
Flammable,Objet_00152
Fragile,Objet_00723
Unspecified,Objet_04398
Flammable,Objet_02024
Flammable,Objet_02031
Pressurized,Objet_05967
Explosive,Objet_04173
Corrosive,Objet_07594
Radioactive,Objet_07528
Toxic,Objet_06839
Fragile,Objet_06168
Unspecified,Objet_07011
Pressurized,Objet_06488
Explosive,Objet_02138
Corrosive,Objet_03923
Explosive,Objet_03791
Explosive,Objet_06715
Toxic,Objet_00799
Radioactive,Objet_01811
Fragile,Objet_05349
Oxidizing,Objet_01042
Oxidizing,Objet_05788
Fragile,Objet_01638
Food,Objet_02077
Pressurized,Objet_00911
Pressurized,Objet_04109
Unspecified,Objet_07431
Food,Objet_00600
Toxic,Objet_01346
Explosive,Objet_00089
Radioactive,Objet_04443
Pressurized,Objet_04162
Food,Objet_02887
Unspecified,Objet_06659
Unspecified,Objet_04837
Radioactive,Objet_03945
Flammable,Objet_00396
Corrosive,Objet_02142
Corrosive,Objet_03799
Fragile,Objet_04869
Flammable,Objet_03278
Pressurized,Objet_01262
Food,Objet_07036
Food,Objet_02913
Flammable,Objet_03293
Fragile,Objet_03802
Flammable,Objet_05254
Fragile,Objet_06537
Flammable,Objet_07123
Corrosive,Objet_01196
Oxidizing,Objet_05340
Oxidizing,Objet_03303
Oxidizing,Objet_06847
Corrosive,Objet_03359
Radioactive,Objet_00146
Explosive,Objet_06697
Explosive,Objet_02769
Pressurized,Objet_06885
Radioactive,Objet_04387
Flammable,Objet_03496
Food,Objet_00771
Food,Objet_05576
Toxic,Objet_05941
Corrosive,Objet_01961
Flammable,Objet_04726
Fragile,Objet_04455
Explosive,Objet_07292
Explosive,Objet_01106
Toxic,Objet_06016
Radioactive,Objet_04521
Unspecified,Objet_03414
Pressurized,Objet_00046
Explosive,Objet_06470
Explosive,Objet_05888
Radioactive,Objet_07250
Corrosive,Objet_00285
Food,Objet_00171
Flammable,Objet_01009
Food,Objet_06762
Oxidizing,Objet_03603
Unspecified,Objet_03380
Unspecified,Objet_01947
Fragile,Objet_05026
Pressurized,Objet_00087
Fragile,Objet_06679
Fragile,Objet_00027
Explosive,Objet_01128
Oxidizing,Objet_04310
Toxic,Objet_06035
Fragile,Objet_01687
Toxic,Objet_04154
Flammable,Objet_05433
Corrosive,Objet_01777
Pressurized,Objet_03108
Toxic,Objet_04669
Radioactive,Objet_01452
Oxidizing,Objet_02421
Oxidizing,Objet_00671
Explosive,Objet_06169
Pressurized,Objet_01869
Explosive,Objet_00436
Fragile,Objet_00766
Corrosive,Objet_04297
Unspecified,Objet_01421
Toxic,Objet_02273
Corrosive,Objet_05666
Radioactive,Objet_06196
Food,Objet_03339
Corrosive,Objet_01120
Unspecified,Objet_02075
Unspecified,Objet_05526
Food,Objet_03383
Radioactive,Objet_02628
Fragile,Objet_03061
Pressurized,Objet_00128
Pressurized,Objet_06205
Corrosive,Objet_07080
Oxidizing,Objet_05238
Fragile,Objet_06014
Food,Objet_07371
Flammable,Objet_03607
Unspecified,Objet_00020
Unspecified,Objet_03081
Oxidizing,Objet_01957
Fragile,Objet_06234
Toxic,Objet_05954
Explosive,Objet_02757
Radioactive,Objet_01842
Unspecified,Objet_07717
Corrosive,Objet_01979
Unspecified,Objet_01871
Flammable,Objet_07390
Radioactive,Objet_04098
Radioactive,Objet_04068
Fragile,Objet_07540
Radioactive,Objet_00218
Food,Objet_06561
Fragile,Objet_00204
Flammable,Objet_03268
Oxidizing,Objet_06076
Food,Objet_03080
Explosive,Objet_02372
Corrosive,Objet_00823
Unspecified,Objet_00465
Pressurized,Objet_06407
Flammable,Objet_04636
Pressurized,Objet_07107
Radioactive,Objet_05944
Flammable,Objet_06858
Radioactive,Objet_03335
Toxic,Objet_03712
Unspecified,Objet_07156
Explosive,Objet_04751
Fragile,Objet_07375
Toxic,Objet_00359
Radioactive,Objet_07659
Oxidizing,Objet_05235
Toxic,Objet_06268
Pressurized,Objet_03933
Pressurized,Objet_05354
Corrosive,Objet_00957
Toxic,Objet_03967
Corrosive,Objet_04503
Flammable,Objet_06906
Pressurized,Objet_01656
Toxic,Objet_01220
Oxidizing,Objet_01677
Toxic,Objet_03892
Toxic,Objet_03846
Corrosive,Objet_00226
Flammable,Objet_03716
Fragile,Objet_03403
Pressurized,Objet_07382
Unspecified,Objet_05197
Fragile,Objet_04291
Fragile,Objet_04539
Fragile,Objet_01967
Flammable,Objet_01632
Oxidizing,Objet_06084
Flammable,Objet_06583
Toxic,Objet_01953
Radioactive,Objet_02961
Unspecified,Objet_07259
Pressurized,Objet_07211
Toxic,Objet_00703
Corrosive,Objet_01382
Unspecified,Objet_03068
Pressurized,Objet_07768
Explosive,Objet_03178
Unspecified,Objet_07183
Explosive,Objet_06308
Radioactive,Objet_02105
Radioactive,Objet_05446
Toxic,Objet_07496
Pressurized,Objet_04736
Explosive,Objet_01806
Flammable,Objet_05579
Flammable,Objet_01193
Explosive,Objet_03666
Oxidizing,Objet_06714
Unspecified,Objet_05872
Fragile,Objet_02671
Toxic,Objet_06754
Fragile,Objet_03442
Flammable,Objet_01485
Fragile,Objet_05727
Unspecified,Objet_04981
Radioactive,Objet_00822
Oxidizing,Objet_06037
Flammable,Objet_01113
Food,Objet_01642
Food,Objet_02373
Toxic,Objet_07357
Corrosive,Objet_04628
Corrosive,Objet_07442
Corrosive,Objet_05644
Radioactive,Objet_07339
Fragile,Objet_05722
Toxic,Objet_01074
Fragile,Objet_07157
Radioactive,Objet_06575
Food,Objet_03316
Explosive,Objet_00654
Oxidizing,Objet_01152
Pressurized,Objet_07499
Corrosive,Objet_07605
Oxidizing,Objet_04450
Unspecified,Objet_07429
Oxidizing,Objet_02840
Corrosive,Objet_00899
Food,Objet_02449
Oxidizing,Objet_00936
Corrosive,Objet_05461
Toxic,Objet_06236
Flammable,Objet_07240
Corrosive,Objet_06265
Unspecified,Objet_04803
Pressurized,Objet_01189
Corrosive,Objet_05421
Unspecified,Objet_00710
Unspecified,Objet_05346
Unspecified,Objet_02480
Radioactive,Objet_03471
Fragile,Objet_03143
Oxidizing,Objet_02435
Pressurized,Objet_00779
Flammable,Objet_00348
Explosive,Objet_03902
Pressurized,Objet_01558
Toxic,Objet_00389
Radioactive,Objet_04978
Toxic,Objet_03445
Unspecified,Objet_05154
Fragile,Objet_06491
Pressurized,Objet_02753
Pressurized,Objet_07089
Unspecified,Objet_00588
Corrosive,Objet_07773
Flammable,Objet_05779
Food,Objet_04230
Flammable,Objet_01943
Fragile,Objet_00884
Flammable,Objet_01075
Fragile,Objet_06497
Oxidizing,Objet_01886
Fragile,Objet_06703
Food,Objet_06694
Explosive,Objet_04686
Radioactive,Objet_03509
Unspecified,Objet_01162
Radioactive,Objet_07239
Corrosive,Objet_02493
Oxidizing,Objet_07219
Corrosive,Objet_01180
Corrosive,Objet_01657
Fragile,Objet_03922
Oxidizing,Objet_02501
Explosive,Objet_05784
Unspecified,Objet_01543
Radioactive,Objet_01512
Explosive,Objet_06951
Toxic,Objet_01463
Corrosive,Objet_03404
Explosive,Objet_03704
Flammable,Objet_07513
Fragile,Objet_03069
Pressurized,Objet_00053
Toxic,Objet_03270
Oxidizing,Objet_06836
Unspecified,Objet_02422
Food,Objet_03683
Radioactive,Objet_05747
Corrosive,Objet_06193
Flammable,Objet_03440
Food,Objet_00366
Unspecified,Objet_01208
Oxidizing,Objet_06170
Toxic,Objet_00499
Fragile,Objet_01036
Fragile,Objet_04371
Explosive,Objet_07166
Explosive,Objet_07472
Explosive,Objet_04849
Flammable,Objet_04537
Food,Objet_05130
Pressurized,Objet_00364
Food,Objet_01429
Pressurized,Objet_07692
Toxic,Objet_00435
Flammable,Objet_03040
Food,Objet_07731
Explosive,Objet_05111
Pressurized,Objet_05590
Pressurized,Objet_03092
Unspecified,Objet_06001
Fragile,Objet_02821
Food,Objet_06058
Explosive,Objet_03493
Corrosive,Objet_01012
Unspecified,Objet_01912
Pressurized,Objet_05164
Radioactive,Objet_02798
Pressurized,Objet_06284
Radioactive,Objet_06649
Explosive,Objet_00718
Corrosive,Objet_02051
Radioactive,Objet_00213
Pressurized,Objet_04727
Radioactive,Objet_01728
Pressurized,Objet_01646
Explosive,Objet_03630
Unspecified,Objet_06130
Flammable,Objet_02598
Food,Objet_05893
Oxidizing,Objet_01879
Fragile,Objet_06757
Explosive,Objet_07010
Corrosive,Objet_02143
Explosive,Objet_07021
Oxidizing,Objet_02513
Pressurized,Objet_04165
Toxic,Objet_07582
Explosive,Objet_04299
Oxidizing,Objet_01028
Corrosive,Objet_02607
Food,Objet_04828
Corrosive,Objet_06043
Corrosive,Objet_01502
Fragile,Objet_00298
Pressurized,Objet_06673
Food,Objet_04717
Oxidizing,Objet_06185
Unspecified,Objet_02439
Unspecified,Objet_00805
Corrosive,Objet_01474
Unspecified,Objet_03992
Toxic,Objet_02040
Radioactive,Objet_06728
Unspecified,Objet_05398
Corrosive,Objet_02098
Explosive,Objet_06501
Oxidizing,Objet_07438
Toxic,Objet_02307
Toxic,Objet_05416
Corrosive,Objet_03281
Flammable,Objet_02287
Flammable,Objet_00695
Unspecified,Objet_02861
Toxic,Objet_01780
Corrosive,Objet_04286
Fragile,Objet_03206
Food,Objet_07460
Explosive,Objet_05014
Oxidizing,Objet_00854
Flammable,Objet_05221
Corrosive,Objet_03499
Food,Objet_03384
Toxic,Objet_03647
Oxidizing,Objet_04290
Flammable,Objet_06094
Flammable,Objet_03317
Explosive,Objet_01487
Flammable,Objet_07353
Toxic,Objet_00949
Flammable,Objet_03035
Unspecified,Objet_06935
Food,Objet_05218
Pressurized,Objet_04951
Oxidizing,Objet_03783
Corrosive,Objet_00016
Radioactive,Objet_03258
Toxic,Objet_00543
Corrosive,Objet_03781
Explosive,Objet_07192
Pressurized,Objet_04023
Food,Objet_05771
Radioactive,Objet_04808
Explosive,Objet_05269
Pressurized,Objet_07697
Pressurized,Objet_00228
Pressurized,Objet_04977
Pressurized,Objet_06143
Unspecified,Objet_05129
Oxidizing,Objet_03452
Toxic,Objet_02714
Corrosive,Objet_01920
Explosive,Objet_05879
Fragile,Objet_04585
Explosive,Objet_05554
Pressurized,Objet_01375
Pressurized,Objet_00867
Fragile,Objet_00523
Corrosive,Objet_06155
Pressurized,Objet_04101
Toxic,Objet_04353
Explosive,Objet_04612
Pressurized,Objet_05694
Explosive,Objet_04886
Unspecified,Objet_06625
Toxic,Objet_06708
Unspecified,Objet_06732
Explosive,Objet_05169
Unspecified,Objet_06603
Pressurized,Objet_00537
Toxic,Objet_07310
Explosive,Objet_02111
Corrosive,Objet_06559
Radioactive,Objet_02788
Toxic,Objet_05097
Flammable,Objet_03903
Toxic,Objet_02704
Corrosive,Objet_06515
Fragile,Objet_06430
Flammable,Objet_03194
Explosive,Objet_05370
Radioactive,Objet_04597
Pressurized,Objet_06720
Fragile,Objet_06857
Food,Objet_05672
Pressurized,Objet_06872
Radioactive,Objet_05739
Unspecified,Objet_01469
Fragile,Objet_00112
Toxic,Objet_07314
Flammable,Objet_03548
Unspecified,Objet_06734
Toxic,Objet_01376
Unspecified,Objet_00334
Oxidizing,Objet_02241
Corrosive,Objet_01907
Radioactive,Objet_01721
Flammable,Objet_04649
Explosive,Objet_05104
Corrosive,Objet_02980
Oxidizing,Objet_00211
Pressurized,Objet_01409
Fragile,Objet_02896
Flammable,Objet_00008
Toxic,Objet_05862
Explosive,Objet_06712
Flammable,Objet_07484
Toxic,Objet_01269
Food,Objet_03374
Unspecified,Objet_00448
Corrosive,Objet_07705
Toxic,Objet_01645
Unspecified,Objet_03826
Unspecified,Objet_05251
Toxic,Objet_05583
Explosive,Objet_04750
Flammable,Objet_03142
Oxidizing,Objet_00294
Food,Objet_05935
Toxic,Objet_07122
Corrosive,Objet_01285
Unspecified,Objet_00752
Pressurized,Objet_01035
Radioactive,Objet_03087
Flammable,Objet_00096
Corrosive,Objet_01486
Fragile,Objet_07677
Oxidizing,Objet_05248
Oxidizing,Objet_02872
Unspecified,Objet_07427
Radioactive,Objet_02849
Fragile,Objet_04384
Unspecified,Objet_04479
Corrosive,Objet_02358
Pressurized,Objet_01870
Radioactive,Objet_06970
Pressurized,Objet_04206
Explosive,Objet_04388
Flammable,Objet_03249
Corrosive,Objet_05412
Pressurized,Objet_04530
Fragile,Objet_02466
Fragile,Objet_01064
Pressurized,Objet_00931
Flammable,Objet_02485
Toxic,Objet_03054
Corrosive,Objet_01102
Corrosive,Objet_02907
Corrosive,Objet_04728
Unspecified,Objet_06601
Radioactive,Objet_06301
Radioactive,Objet_06905
Toxic,Objet_01432
Toxic,Objet_07177
Toxic,Objet_05473
Explosive,Objet_02054
Flammable,Objet_06498
Unspecified,Objet_00788
Fragile,Objet_04247
Explosive,Objet_06780
Flammable,Objet_06127
Flammable,Objet_03719
Toxic,Objet_05540
Corrosive,Objet_06418
Fragile,Objet_06807
Fragile,Objet_05800
Flammable,Objet_00099
Flammable,Objet_07315
Explosive,Objet_03822
Radioactive,Objet_05325
Toxic,Objet_05049
Oxidizing,Objet_01103
Explosive,Objet_07756
Corrosive,Objet_03444
Toxic,Objet_01716
Fragile,Objet_07320
Food,Objet_04438
Flammable,Objet_04366
Oxidizing,Objet_06614
Oxidizing,Objet_02118
Unspecified,Objet_03834
Pressurized,Objet_02767
Explosive,Objet_05073
Pressurized,Objet_05099
Fragile,Objet_05543
Radioactive,Objet_00379
Toxic,Objet_06984
Toxic,Objet_01023
Radioactive,Objet_03767
Radioactive,Objet_07566
Food,Objet_00446
Food,Objet_02923
Toxic,Objet_07417
Unspecified,Objet_00863
Explosive,Objet_00647
Explosive,Objet_00202
Pressurized,Objet_03320
Pressurized,Objet_07608
Radioactive,Objet_05667
Corrosive,Objet_04337
Toxic,Objet_04328
Food,Objet_03130
Corrosive,Objet_07187
Oxidizing,Objet_03366
Food,Objet_05170
Pressurized,Objet_04881
Explosive,Objet_07471
Food,Objet_02187
Food,Objet_01312
Corrosive,Objet_02460
Pressurized,Objet_07065
Fragile,Objet_02300
Explosive,Objet_07083
Food,Objet_06387
Toxic,Objet_04344
Corrosive,Objet_04320
Explosive,Objet_06751
Pressurized,Objet_03533
Toxic,Objet_04730
Explosive,Objet_07158
Pressurized,Objet_04712
Explosive,Objet_07478
Fragile,Objet_05011
Toxic,Objet_07733
Corrosive,Objet_04755
Toxic,Objet_02322
Corrosive,Objet_01483
Flammable,Objet_06292
Toxic,Objet_04470
Flammable,Objet_05569
Unspecified,Objet_05491
Fragile,Objet_07466
Flammable,Objet_01526
Flammable,Objet_05155
Food,Objet_07234
Flammable,Objet_00663
Fragile,Objet_07572
Unspecified,Objet_06439
Unspecified,Objet_03577
Pressurized,Objet_04270
Food,Objet_00388
Explosive,Objet_04056
Oxidizing,Objet_04081
Fragile,Objet_03105
Oxidizing,Objet_01138
Pressurized,Objet_01114
Fragile,Objet_02018
Unspecified,Objet_02880
Pressurized,Objet_05484
Corrosive,Objet_07452
Unspecified,Objet_01795
Toxic,Objet_06530
Explosive,Objet_03655
Fragile,Objet_00704
Fragile,Objet_03739
Flammable,Objet_06568
Oxidizing,Objet_02995
Toxic,Objet_06775
Food,Objet_00826
Flammable,Objet_01123
Explosive,Objet_01855
Flammable,Objet_01539
Oxidizing,Objet_07432
Oxidizing,Objet_04509
Corrosive,Objet_05577
Oxidizing,Objet_00470
Toxic,Objet_01651
Corrosive,Objet_04329
Food,Objet_05299
Pressurized,Objet_05095
Food,Objet_00586
Explosive,Objet_01878
Flammable,Objet_06783
Flammable,Objet_07363
Toxic,Objet_02514
Corrosive,Objet_00955
Fragile,Objet_07386
Unspecified,Objet_01169
Corrosive,Objet_06610
Food,Objet_00326
Pressurized,Objet_02116
Corrosive,Objet_02311
Food,Objet_07665
Explosive,Objet_05677
Oxidizing,Objet_06921
Unspecified,Objet_02709
Unspecified,Objet_07218
Pressurized,Objet_04396
Oxidizing,Objet_03007
Pressurized,Objet_03941
Toxic,Objet_07100
Flammable,Objet_03652
Unspecified,Objet_06068
Corrosive,Objet_07225
Toxic,Objet_05818
Flammable,Objet_04071
Explosive,Objet_02223
Radioactive,Objet_03116
Food,Objet_02130
Food,Objet_02645
Fragile,Objet_00915
Fragile,Objet_02813
Toxic,Objet_04167
Fragile,Objet_02419
Radioactive,Objet_00640
Radioactive,Objet_07443
Fragile,Objet_06733
Flammable,Objet_04760
Pressurized,Objet_02229
Corrosive,Objet_06999
Toxic,Objet_00776
Radioactive,Objet_00574
Toxic,Objet_04500
Flammable,Objet_05881
Fragile,Objet_01863
Unspecified,Objet_03713
Fragile,Objet_05469
Toxic,Objet_02499
Explosive,Objet_07093
Unspecified,Objet_07668
Unspecified,Objet_04658
Toxic,Objet_01470
Toxic,Objet_02007
Corrosive,Objet_03171
Pressurized,Objet_02520
Flammable,Objet_05481
Unspecified,Objet_02423
Flammable,Objet_01178
Explosive,Objet_00401
Fragile,Objet_02577
Food,Objet_04623
Fragile,Objet_00754
Corrosive,Objet_01130
Explosive,Objet_01577
Food,Objet_05860
Pressurized,Objet_03185
Oxidizing,Objet_03870
Flammable,Objet_00270
Food,Objet_00829
Food,Objet_07309
Corrosive,Objet_02473
Radioactive,Objet_01438
Flammable,Objet_04061
Radioactive,Objet_05480
Corrosive,Objet_01067
Pressurized,Objet_06518
Flammable,Objet_02410
Food,Objet_05754
Food,Objet_06543
Fragile,Objet_07593
Explosive,Objet_04899
Explosive,Objet_01416
Explosive,Objet_06368
Flammable,Objet_01367
Radioactive,Objet_04926
Oxidizing,Objet_03750
Radioactive,Objet_03290
Fragile,Objet_07558
Oxidizing,Objet_01395
Unspecified,Objet_05734
Unspecified,Objet_06383
Fragile,Objet_01787
Pressurized,Objet_07204
Unspecified,Objet_02067
Corrosive,Objet_03700
Toxic,Objet_00747
Corrosive,Objet_04940
Radioactive,Objet_03135
Corrosive,Objet_06228
Flammable,Objet_06527
Oxidizing,Objet_07653
Pressurized,Objet_07596
Pressurized,Objet_02242
Food,Objet_00582
Radioactive,Objet_05940
Pressurized,Objet_05960
Explosive,Objet_05712
Explosive,Objet_02538
Pressurized,Objet_01904
Unspecified,Objet_05851
Corrosive,Objet_06358
Unspecified,Objet_01774
Corrosive,Objet_04929
Fragile,Objet_02597
Flammable,Objet_04950
Unspecified,Objet_05637
Corrosive,Objet_06988
Fragile,Objet_03409
Unspecified,Objet_02004
Unspecified,Objet_05757
Corrosive,Objet_02329
Oxidizing,Objet_02660
Food,Objet_04865
Oxidizing,Objet_03255
Radioactive,Objet_00509
Radioactive,Objet_02089
Oxidizing,Objet_05676
Flammable,Objet_07365
Flammable,Objet_03947
Pressurized,Objet_04118
Corrosive,Objet_05116
Fragile,Objet_05660
Food,Objet_07191
Flammable,Objet_02618
Fragile,Objet_00722
Radioactive,Objet_06179
Pressurized,Objet_06085
Oxidizing,Objet_00564
Fragile,Objet_05842
Toxic,Objet_02549
Toxic,Objet_03104
Toxic,Objet_07514
Fragile,Objet_01031
Corrosive,Objet_06107
Flammable,Objet_03641
Flammable,Objet_07142
Oxidizing,Objet_02883
Food,Objet_01616
Flammable,Objet_02727
Toxic,Objet_03284
Oxidizing,Objet_05356
Oxidizing,Objet_02487
Oxidizing,Objet_07227
Corrosive,Objet_02685
Toxic,Objet_06864
Radioactive,Objet_04552
Oxidizing,Objet_02475
Radioactive,Objet_00296
Pressurized,Objet_02292
Oxidizing,Objet_03495
Radioactive,Objet_04411
Unspecified,Objet_04776
Radioactive,Objet_00354
Radioactive,Objet_03687
Pressurized,Objet_06628
Oxidizing,Objet_02261
Flammable,Objet_03875
Toxic,Objet_04823
Fragile,Objet_03731
Pressurized,Objet_06060
Pressurized,Objet_02693
Unspecified,Objet_00761
Unspecified,Objet_05574
Explosive,Objet_05394
Unspecified,Objet_01760
Fragile,Objet_03907
Fragile,Objet_03256
Radioactive,Objet_03738
Toxic,Objet_07724
Explosive,Objet_05886
Corrosive,Objet_02548
Explosive,Objet_03234
Corrosive,Objet_06743
Food,Objet_06148
Flammable,Objet_04311
Food,Objet_05527
Food,Objet_02523
Toxic,Objet_07419
Flammable,Objet_02355
Toxic,Objet_02438
Explosive,Objet_05078
Fragile,Objet_00569
Fragile,Objet_02388
Corrosive,Objet_01289
Food,Objet_02527
Unspecified,Objet_02702
Corrosive,Objet_00047
Radioactive,Objet_00781
Flammable,Objet_06227
Unspecified,Objet_04028
Flammable,Objet_05479
Flammable,Objet_00174
Explosive,Objet_03521
Explosive,Objet_07324
Corrosive,Objet_04363
Corrosive,Objet_07078
Unspecified,Objet_00972
Fragile,Objet_00156
Corrosive,Objet_07018
Pressurized,Objet_07541
Toxic,Objet_06256
Unspecified,Objet_03874
Fragile,Objet_07663
Oxidizing,Objet_03378
Radioactive,Objet_00455
Radioactive,Objet_02409
Explosive,Objet_07747
Pressurized,Objet_04440
Radioactive,Objet_05422
Oxidizing,Objet_04207
Unspecified,Objet_07028
Unspecified,Objet_02434
Corrosive,Objet_04031
Fragile,Objet_03600
Pressurized,Objet_05411
Explosive,Objet_05275
Corrosive,Objet_04654
Explosive,Objet_05759
Toxic,Objet_00057
Radioactive,Objet_02809
Unspecified,Objet_06072
Oxidizing,Objet_05869
Toxic,Objet_03204
Radioactive,Objet_06203
Pressurized,Objet_04193
Food,Objet_06410
Fragile,Objet_03463
Corrosive,Objet_03847
Pressurized,Objet_00903
Explosive,Objet_01724
Food,Objet_07009
Fragile,Objet_07647
Fragile,Objet_03940
Corrosive,Objet_05464
Fragile,Objet_02768
Corrosive,Objet_03818
Corrosive,Objet_04943
Oxidizing,Objet_01301
Radioactive,Objet_00051
Fragile,Objet_03131
Pressurized,Objet_06861
Explosive,Objet_06279
Toxic,Objet_00136
Pressurized,Objet_06833
Fragile,Objet_03053
Food,Objet_02025
Pressurized,Objet_06890
Pressurized,Objet_00312
Pressurized,Objet_01684
Flammable,Objet_07439
Explosive,Objet_06441
Radioactive,Objet_07263
Oxidizing,Objet_02967
Flammable,Objet_05859
Explosive,Objet_00584
Radioactive,Objet_02837
Fragile,Objet_04042
Flammable,Objet_07305
Fragile,Objet_06776
Explosive,Objet_02308
Pressurized,Objet_00743
Explosive,Objet_04356
Toxic,Objet_02144
Fragile,Objet_05693
Unspecified,Objet_02375
Unspecified,Objet_04022
Flammable,Objet_05492
Unspecified,Objet_05742
Fragile,Objet_01624
Flammable,Objet_03402
Toxic,Objet_07529
Toxic,Objet_07451
Flammable,Objet_02654
Pressurized,Objet_03473
Toxic,Objet_05105
Explosive,Objet_01072
Corrosive,Objet_03827
Oxidizing,Objet_04478
Fragile,Objet_03913
Food,Objet_02675
Corrosive,Objet_02172
Radioactive,Objet_02905
Corrosive,Objet_03511
Toxic,Objet_06039
Food,Objet_06492
Flammable,Objet_00076
Radioactive,Objet_00978
Pressurized,Objet_00477
Explosive,Objet_04684
Unspecified,Objet_03459
Oxidizing,Objet_03325
Corrosive,Objet_04005
Corrosive,Objet_06309
Oxidizing,Objet_01715
Oxidizing,Objet_00945
Corrosive,Objet_06711
Unspecified,Objet_02603
Food,Objet_06000
Unspecified,Objet_05447
Flammable,Objet_02017
Unspecified,Objet_05801
Toxic,Objet_02846
Corrosive,Objet_02815
Unspecified,Objet_06447
Pressurized,Objet_07504
Oxidizing,Objet_06417
Flammable,Objet_02875
Food,Objet_06862
Corrosive,Objet_01348
Toxic,Objet_05891
Toxic,Objet_00940
Radioactive,Objet_00806
Toxic,Objet_03025
Flammable,Objet_06828
Corrosive,Objet_04083
Flammable,Objet_03986
Fragile,Objet_04202
Unspecified,Objet_04104
Fragile,Objet_00314
Fragile,Objet_04913
Pressurized,Objet_06547
Flammable,Objet_05437
Pressurized,Objet_06456
Fragile,Objet_00397
Unspecified,Objet_02843
Pressurized,Objet_03948
Pressurized,Objet_03120
Food,Objet_00615
Fragile,Objet_01603
Corrosive,Objet_05438
Toxic,Objet_06940
Unspecified,Objet_01231
Pressurized,Objet_00855
Pressurized,Objet_02237
Unspecified,Objet_04847
Flammable,Objet_02344
Food,Objet_01804
Unspecified,Objet_02335
Food,Objet_01941
Food,Objet_03541
Radioactive,Objet_01552
Pressurized,Objet_06108
Corrosive,Objet_05206
Unspecified,Objet_05752
Oxidizing,Objet_06171
Flammable,Objet_01234
Food,Objet_06290
Explosive,Objet_07477
Corrosive,Objet_05523
Corrosive,Objet_06810
Pressurized,Objet_00189
Flammable,Objet_05555
Fragile,Objet_04561
Explosive,Objet_04153
Food,Objet_05546
Flammable,Objet_06851
Explosive,Objet_01471
Toxic,Objet_05706
Toxic,Objet_04570
Radioactive,Objet_00184
Corrosive,Objet_04103
Flammable,Objet_01673
Radioactive,Objet_00536
Oxidizing,Objet_04473
Food,Objet_07744
Fragile,Objet_07311
Unspecified,Objet_07051
Corrosive,Objet_01448
Radioactive,Objet_05753
Toxic,Objet_06363
Pressurized,Objet_06655
Fragile,Objet_01063
Fragile,Objet_07322
Unspecified,Objet_00161
Fragile,Objet_06259
Corrosive,Objet_00118
Explosive,Objet_07172
Oxidizing,Objet_03346
Pressurized,Objet_04348
Radioactive,Objet_05556
Flammable,Objet_04589
Toxic,Objet_03398
Fragile,Objet_00304
Fragile,Objet_07621
Corrosive,Objet_03919
Food,Objet_04809
Pressurized,Objet_05457
Explosive,Objet_02150
Corrosive,Objet_02855
Fragile,Objet_03500
Oxidizing,Objet_03039
Food,Objet_03518
Radioactive,Objet_06080
Toxic,Objet_01881
Toxic,Objet_06245
Explosive,Objet_07405
Food,Objet_00407
Pressurized,Objet_04583
Unspecified,Objet_00929
Flammable,Objet_03753
Explosive,Objet_06588
Oxidizing,Objet_05292
Flammable,Objet_03150
Pressurized,Objet_03831
Food,Objet_03558
Toxic,Objet_04721
Radioactive,Objet_06435
Toxic,Objet_03996
Pressurized,Objet_05047
Unspecified,Objet_06190
Oxidizing,Objet_00674
Pressurized,Objet_01491
Food,Objet_03188
Unspecified,Objet_07720
Oxidizing,Objet_06100
Unspecified,Objet_00609
Flammable,Objet_03853
Oxidizing,Objet_02900
Corrosive,Objet_00159
Food,Objet_03807
Pressurized,Objet_01628
Radioactive,Objet_07231
Toxic,Objet_03292
Food,Objet_05507
Oxidizing,Objet_05616
Oxidizing,Objet_01966
Corrosive,Objet_01778
Flammable,Objet_01866
Fragile,Objet_02960
Corrosive,Objet_00007
Radioactive,Objet_04998
Fragile,Objet_03586
Food,Objet_04768
Corrosive,Objet_03333
Oxidizing,Objet_00774
Oxidizing,Objet_05745
Fragile,Objet_00786
Unspecified,Objet_05640
Explosive,Objet_05993
Explosive,Objet_07762
Toxic,Objet_02228
Oxidizing,Objet_01147
Food,Objet_07580
Fragile,Objet_02970
Toxic,Objet_05102
Oxidizing,Objet_00084
Unspecified,Objet_00572
Pressurized,Objet_07289
Corrosive,Objet_04410
Fragile,Objet_04182
Toxic,Objet_01536
Oxidizing,Objet_01464
Fragile,Objet_03307
Explosive,Objet_04778
Fragile,Objet_06917
Flammable,Objet_01459
Toxic,Objet_00102
Radioactive,Objet_05618
Pressurized,Objet_05806
Explosive,Objet_06046
Flammable,Objet_04887
Corrosive,Objet_05686
Unspecified,Objet_06953
Fragile,Objet_07067
Food,Objet_06147
Unspecified,Objet_00093
Unspecified,Objet_06250
Food,Objet_06823
Toxic,Objet_07680
Fragile,Objet_04280
Toxic,Objet_01233
Pressurized,Objet_07559
Flammable,Objet_01534
Corrosive,Objet_02878
Explosive,Objet_01327
Fragile,Objet_03090
Fragile,Objet_01844
Radioactive,Objet_04648
Food,Objet_06963
Food,Objet_06214
Food,Objet_04264
Explosive,Objet_01230
Toxic,Objet_00939
Oxidizing,Objet_05828
Corrosive,Objet_04993
Radioactive,Objet_00067
Unspecified,Objet_03522
Oxidizing,Objet_05429
Toxic,Objet_03233
Pressurized,Objet_01976
Corrosive,Objet_03898
Fragile,Objet_00222
Food,Objet_06402
Pressurized,Objet_06513
Fragile,Objet_00137
Unspecified,Objet_00850
Radioactive,Objet_00596
Corrosive,Objet_03274
Fragile,Objet_03729
Flammable,Objet_04475
Oxidizing,Objet_00028
Food,Objet_06777
Pressurized,Objet_02206
Food,Objet_00353
Oxidizing,Objet_05136
Radioactive,Objet_00394
Toxic,Objet_07075
Pressurized,Objet_04858
Flammable,Objet_04452
Oxidizing,Objet_05920
Toxic,Objet_03840
Oxidizing,Objet_05108
Toxic,Objet_04158
Flammable,Objet_02092
Oxidizing,Objet_02839
Unspecified,Objet_04746
Unspecified,Objet_07539
Radioactive,Objet_03564
Oxidizing,Objet_06909
Explosive,Objet_03639
Unspecified,Objet_06705
Pressurized,Objet_06096
Flammable,Objet_00930
Unspecified,Objet_05878
Corrosive,Objet_01704
Toxic,Objet_05910
Corrosive,Objet_07038
Pressurized,Objet_02619
Unspecified,Objet_06849
Oxidizing,Objet_06388
Unspecified,Objet_02442
Food,Objet_04487
Food,Objet_06364
Unspecified,Objet_04078
Fragile,Objet_04067
Oxidizing,Objet_06844
Unspecified,Objet_02400
Food,Objet_00910
Corrosive,Objet_01476
Explosive,Objet_06359
Corrosive,Objet_04314
Toxic,Objet_04525
Pressurized,Objet_07102
Radioactive,Objet_01117
Food,Objet_04282
Toxic,Objet_05228
Radioactive,Objet_05304
Oxidizing,Objet_00618
Explosive,Objet_03770
Fragile,Objet_01511
Explosive,Objet_02201
Flammable,Objet_02471
Toxic,Objet_07014
Oxidizing,Objet_01604
Flammable,Objet_06134
Toxic,Objet_04779
Radioactive,Objet_05382
Flammable,Objet_03152
Radioactive,Objet_00756
Explosive,Objet_07531
Radioactive,Objet_06229
Toxic,Objet_00229
Corrosive,Objet_01662
Toxic,Objet_01226
Radioactive,Objet_07076
Corrosive,Objet_05999
Radioactive,Objet_06481
Radioactive,Objet_00026
Explosive,Objet_07167
Pressurized,Objet_01021
Radioactive,Objet_06307
Explosive,Objet_03095
Toxic,Objet_02011
Explosive,Objet_03757
Unspecified,Objet_05506
Toxic,Objet_04652
Toxic,Objet_02595
Pressurized,Objet_05839
Food,Objet_06663
Pressurized,Objet_02094
Food,Objet_06365
Toxic,Objet_07095
Corrosive,Objet_06797
Unspecified,Objet_05656
Explosive,Objet_06605
Oxidizing,Objet_01727
Food,Objet_06361
Unspecified,Objet_00968
Explosive,Objet_00083
Radioactive,Objet_00157
Fragile,Objet_03388
Food,Objet_02920
Unspecified,Objet_06186
Toxic,Objet_02041
Pressurized,Objet_03559
Explosive,Objet_05648
Corrosive,Objet_02217
Toxic,Objet_06125
Fragile,Objet_03939
Flammable,Objet_05837
Flammable,Objet_04066
Radioactive,Objet_05624
Flammable,Objet_07325
Explosive,Objet_02938
Fragile,Objet_07308
Food,Objet_03350
Corrosive,Objet_04856
Pressurized,Objet_05427
Toxic,Objet_07104
Fragile,Objet_03858
Corrosive,Objet_06380
Fragile,Objet_01971
Pressurized,Objet_07644
Fragile,Objet_01630
Unspecified,Objet_03638
Food,Objet_06317
Food,Objet_01700
Radioactive,Objet_00709
Radioactive,Objet_05606
Flammable,Objet_02020
Corrosive,Objet_02560
Corrosive,Objet_02652
Oxidizing,Objet_03126
Flammable,Objet_00684
Flammable,Objet_00888
Flammable,Objet_00427
Pressurized,Objet_02794
Explosive,Objet_05812
Toxic,Objet_00841
Unspecified,Objet_00835
Oxidizing,Objet_03523
Toxic,Objet_07415
Fragile,Objet_07430
Corrosive,Objet_05036
Oxidizing,Objet_03356
Oxidizing,Objet_07465
Explosive,Objet_00250
Toxic,Objet_00043
Pressurized,Objet_01260
Flammable,Objet_05387
Unspecified,Objet_07300
Pressurized,Objet_03623
Toxic,Objet_04801
Explosive,Objet_03342
Radioactive,Objet_07271
Pressurized,Objet_02699
Toxic,Objet_00790
Corrosive,Objet_04798
Food,Objet_00050
Radioactive,Objet_04032
Oxidizing,Objet_05208
Fragile,Objet_01357
Unspecified,Objet_05849
Flammable,Objet_00528
Oxidizing,Objet_01731
Fragile,Objet_00595
Toxic,Objet_06604
Food,Objet_02877
Pressurized,Objet_06930
Unspecified,Objet_07410
Unspecified,Objet_04212
Flammable,Objet_05237
Corrosive,Objet_04711
Food,Objet_02280
Fragile,Objet_00837
Fragile,Objet_04131
Toxic,Objet_01841
Fragile,Objet_06215
Oxidizing,Objet_02600
Oxidizing,Objet_06092
Unspecified,Objet_05316
Explosive,Objet_03434
Food,Objet_00552
Fragile,Objet_06945
Oxidizing,Objet_04347
Corrosive,Objet_05873
Toxic,Objet_05861
Toxic,Objet_03488
Flammable,Objet_06156
Food,Objet_01460
Explosive,Objet_07767
Corrosive,Objet_06135
Unspecified,Objet_00344
Toxic,Objet_04465
Unspecified,Objet_02797
Fragile,Objet_04132
Flammable,Objet_01984
Food,Objet_04615
Toxic,Objet_00825
Corrosive,Objet_00578
Corrosive,Objet_07748
Oxidizing,Objet_01329
Oxidizing,Objet_01492
Oxidizing,Objet_02668
Toxic,Objet_01484
Explosive,Objet_01756
Pressurized,Objet_05495
Explosive,Objet_00295
Fragile,Objet_06550
Toxic,Objet_07135
Corrosive,Objet_01856
Fragile,Objet_00173
Flammable,Objet_04533
Pressurized,Objet_01839
Food,Objet_07236
Corrosive,Objet_05918
Oxidizing,Objet_07779
Radioactive,Objet_02177
Radioactive,Objet_00700
Fragile,Objet_00525
Explosive,Objet_04862
Unspecified,Objet_02632
Toxic,Objet_06028
Unspecified,Objet_00329
Toxic,Objet_02571
Pressurized,Objet_00391
Toxic,Objet_02022
Toxic,Objet_05840
Toxic,Objet_00411
Food,Objet_05077
Radioactive,Objet_05321
Flammable,Objet_01942
Pressurized,Objet_03747
Corrosive,Objet_04018
Oxidizing,Objet_01837
Flammable,Objet_05619
Unspecified,Objet_07635
Radioactive,Objet_05186
Fragile,Objet_06241
Flammable,Objet_06475
Pressurized,Objet_03728
Pressurized,Objet_03430
Pressurized,Objet_02431
Unspecified,Objet_06299
Toxic,Objet_04233
Corrosive,Objet_03662
Pressurized,Objet_07401
Food,Objet_04435
Unspecified,Objet_05670
Pressurized,Objet_03448
Explosive,Objet_00658
Oxidizing,Objet_06065
Food,Objet_05538
Toxic,Objet_04262
Explosive,Objet_01889
Oxidizing,Objet_03470
Fragile,Objet_04748
Unspecified,Objet_01644
Oxidizing,Objet_03851
Food,Objet_04891
Unspecified,Objet_00309
Flammable,Objet_01466
Toxic,Objet_01170
Radioactive,Objet_04121
Explosive,Objet_01686
Radioactive,Objet_05966
Flammable,Objet_05362
Food,Objet_07420
Flammable,Objet_07336
Toxic,Objet_00636
Unspecified,Objet_03173
Toxic,Objet_04030
Toxic,Objet_05291
Explosive,Objet_06573
Corrosive,Objet_05855
Explosive,Objet_05955
Radioactive,Objet_01204
Flammable,Objet_04700
Flammable,Objet_04266
Explosive,Objet_07106
Oxidizing,Objet_00237
Oxidizing,Objet_01324
Oxidizing,Objet_06580
Oxidizing,Objet_03966
Explosive,Objet_02370
Fragile,Objet_04752
Pressurized,Objet_05508
Pressurized,Objet_00580
Oxidizing,Objet_02052
Corrosive,Objet_00661
Flammable,Objet_05887
Pressurized,Objet_07180
Food,Objet_07650
Food,Objet_03879
Flammable,Objet_07616
Food,Objet_02540
Flammable,Objet_00496
Pressurized,Objet_00151
Toxic,Objet_00163
Explosive,Objet_01946
Unspecified,Objet_04111
Explosive,Objet_06643
Flammable,Objet_06305
Unspecified,Objet_00489
Flammable,Objet_07338
Corrosive,Objet_00989
Toxic,Objet_02578
Toxic,Objet_04782
Oxidizing,Objet_02531
Explosive,Objet_00849
Toxic,Objet_07492
Explosive,Objet_02927
Oxidizing,Objet_06021
Fragile,Objet_04851
Toxic,Objet_00721
Flammable,Objet_01693
Explosive,Objet_05134
Toxic,Objet_00610
Fragile,Objet_06403
Food,Objet_07132
Pressurized,Objet_00063
Oxidizing,Objet_04921
Corrosive,Objet_06133
Oxidizing,Objet_03876
Pressurized,Objet_03253
Corrosive,Objet_06374
Pressurized,Objet_04969
Corrosive,Objet_06036
Food,Objet_04861
Toxic,Objet_07688
Toxic,Objet_03134
Pressurized,Objet_00585
Toxic,Objet_02963
Explosive,Objet_06646
Food,Objet_03277
Pressurized,Objet_02086
Oxidizing,Objet_06593
Unspecified,Objet_03877
Pressurized,Objet_01462
Toxic,Objet_04284
Toxic,Objet_01506
Corrosive,Objet_02730
Toxic,Objet_05483
Oxidizing,Objet_01921
Oxidizing,Objet_02912
Pressurized,Objet_00962
Flammable,Objet_04814
Flammable,Objet_01228
Oxidizing,Objet_04216
Oxidizing,Objet_07732
Unspecified,Objet_01359
Food,Objet_00182
Unspecified,Objet_00120
Corrosive,Objet_01335
Unspecified,Objet_05445
Toxic,Objet_02297
Toxic,Objet_07652
Explosive,Objet_01600
Food,Objet_04791
Toxic,Objet_06023
Pressurized,Objet_05931
Corrosive,Objet_07086
Unspecified,Objet_00235
Unspecified,Objet_02336
Unspecified,Objet_00164
Corrosive,Objet_02406
Corrosive,Objet_00758
Fragile,Objet_03201
Radioactive,Objet_03936
Fragile,Objet_04973
Pressurized,Objet_06392
Explosive,Objet_05216
Pressurized,Objet_01300
Unspecified,Objet_05168
Pressurized,Objet_06246
Unspecified,Objet_00851
Pressurized,Objet_06154
Corrosive,Objet_03882
Toxic,Objet_06027
Corrosive,Objet_03401
Toxic,Objet_02360
Oxidizing,Objet_04136
Pressurized,Objet_01000
Food,Objet_04090
Fragile,Objet_04737
Explosive,Objet_03944
Flammable,Objet_00187
Explosive,Objet_05181
Food,Objet_07162
Oxidizing,Objet_05373
Toxic,Objet_07723
Oxidizing,Objet_03469
Food,Objet_00714
Unspecified,Objet_01493
Flammable,Objet_01076
Food,Objet_03354
Corrosive,Objet_02453
Flammable,Objet_06223
Toxic,Objet_04558
Corrosive,Objet_06329
Explosive,Objet_00358
Pressurized,Objet_02243
Food,Objet_03983
Radioactive,Objet_06136
Food,Objet_05300
Pressurized,Objet_00369
Explosive,Objet_06306
Pressurized,Objet_03041
Radioactive,Objet_05748
Oxidizing,Objet_04626
Oxidizing,Objet_06565
Pressurized,Objet_04855
Radioactive,Objet_01161
Flammable,Objet_00424
Corrosive,Objet_01242
Radioactive,Objet_07221
Toxic,Objet_01321
Explosive,Objet_03065
Unspecified,Objet_03626
Pressurized,Objet_02378
Oxidizing,Objet_06333
Radioactive,Objet_05040
Fragile,Objet_03776
Oxidizing,Objet_05185
Oxidizing,Objet_07397
Toxic,Objet_03772
Corrosive,Objet_07245
Pressurized,Objet_02742
Explosive,Objet_02295
Unspecified,Objet_03718
Explosive,Objet_02599
Pressurized,Objet_00906
Flammable,Objet_04091
Unspecified,Objet_07020
Toxic,Objet_00622
Unspecified,Objet_04594
Flammable,Objet_07400
Radioactive,Objet_01148
Unspecified,Objet_02418
Toxic,Objet_00950
Corrosive,Objet_04010
Explosive,Objet_00616
Toxic,Objet_00753
Flammable,Objet_02731
Food,Objet_04942
Toxic,Objet_00742
Pressurized,Objet_01620
Corrosive,Objet_00302
Pressurized,Objet_03266
Explosive,Objet_03810
Oxidizing,Objet_06020
Radioactive,Objet_07568
Unspecified,Objet_04249
Pressurized,Objet_01720
Pressurized,Objet_05593
Corrosive,Objet_00750
Unspecified,Objet_04117
Food,Objet_07553
Oxidizing,Objet_07502
Oxidizing,Objet_01185
Food,Objet_03011
Pressurized,Objet_05160
Food,Objet_04080
Corrosive,Objet_05488
Pressurized,Objet_06057
Toxic,Objet_02072
Toxic,Objet_00846
Toxic,Objet_07112
Food,Objet_03167
Unspecified,Objet_07657
Food,Objet_06120
Flammable,Objet_01808
Food,Objet_07520
Toxic,Objet_03075
Flammable,Objet_06289
Food,Objet_04822
Corrosive,Objet_04609
Toxic,Objet_00471
Radioactive,Objet_00512
Food,Objet_03532
Explosive,Objet_02568
Food,Objet_06009
Food,Objet_02010
Pressurized,Objet_02609
Flammable,Objet_02093
Flammable,Objet_03861
Oxidizing,Objet_04777
Flammable,Objet_00345
Unspecified,Objet_01633
Flammable,Objet_05782
Toxic,Objet_04231
Food,Objet_02207
Radioactive,Objet_02385
Explosive,Objet_02716
Fragile,Objet_07618
Corrosive,Objet_02139
Food,Objet_06032
Radioactive,Objet_07381
Fragile,Objet_03595
Unspecified,Objet_04169
Corrosive,Objet_00279
Oxidizing,Objet_04135
Explosive,Objet_05006
Pressurized,Objet_06242
Pressurized,Objet_05171
Oxidizing,Objet_07000
Toxic,Objet_03019
Food,Objet_04918
Oxidizing,Objet_02304
Explosive,Objet_05368
Radioactive,Objet_04625
Unspecified,Objet_02436
Oxidizing,Objet_05123
Flammable,Objet_05499
Explosive,Objet_06813
Unspecified,Objet_05882
Fragile,Objet_00764
Corrosive,Objet_04678
Fragile,Objet_02135
Corrosive,Objet_05928
Flammable,Objet_01757
Toxic,Objet_02239
Food,Objet_04483
Toxic,Objet_00256
Corrosive,Objet_04633
Food,Objet_02158
Explosive,Objet_04964
Pressurized,Objet_05157
Flammable,Objet_04718
Food,Objet_07040
Food,Objet_05737
Flammable,Objet_03836
Food,Objet_07091
Explosive,Objet_05100
Unspecified,Objet_04709
Radioactive,Objet_05313
Radioactive,Objet_03263
Oxidizing,Objet_05512
Fragile,Objet_01663
Unspecified,Objet_02553
Food,Objet_06128
Toxic,Objet_06855
Fragile,Objet_06992
Unspecified,Objet_06540
Explosive,Objet_01351
Radioactive,Objet_05224
Explosive,Objet_02942
Toxic,Objet_05463
Corrosive,Objet_00607
Corrosive,Objet_01065
Flammable,Objet_05061
Oxidizing,Objet_02122
Corrosive,Objet_02574
Toxic,Objet_00129
Corrosive,Objet_02290
Fragile,Objet_07670
Food,Objet_03906
Explosive,Objet_03347
Radioactive,Objet_01218
Explosive,Objet_02999
Explosive,Objet_04034
Explosive,Objet_02103
Corrosive,Objet_03625
Fragile,Objet_01960
Radioactive,Objet_03229
Corrosive,Objet_02078
Unspecified,Objet_03461
Radioactive,Objet_02982
Pressurized,Objet_03032
Food,Objet_02529
Unspecified,Objet_00874
Unspecified,Objet_00889
Food,Objet_04300
Fragile,Objet_04836
Corrosive,Objet_05768
Fragile,Objet_02468
Flammable,Objet_05054
Unspecified,Objet_03569
Unspecified,Objet_00513
Explosive,Objet_05331
Oxidizing,Objet_01770
Radioactive,Objet_06957
Fragile,Objet_00469
Oxidizing,Objet_06758
Corrosive,Objet_02226
Fragile,Objet_00665
Unspecified,Objet_04859
Toxic,Objet_00514
Pressurized,Objet_00482
Food,Objet_04175
Fragile,Objet_05363
Fragile,Objet_00501
Radioactive,Objet_04667
Corrosive,Objet_01070
Pressurized,Objet_06504
Pressurized,Objet_01011
Explosive,Objet_00350
Corrosive,Objet_00993
Oxidizing,Objet_00443
Corrosive,Objet_00687
Explosive,Objet_00370
Pressurized,Objet_03107
Fragile,Objet_05843
Flammable,Objet_06350
Flammable,Objet_02992
Fragile,Objet_00533
Fragile,Objet_07352
Corrosive,Objet_01402
Unspecified,Objet_01211
Radioactive,Objet_06986
Food,Objet_05305
Food,Objet_00177
Food,Objet_03985
Toxic,Objet_00040
Food,Objet_03789
Toxic,Objet_05083
Unspecified,Objet_05827
Radioactive,Objet_07569
Pressurized,Objet_07317
Fragile,Objet_06859
Corrosive,Objet_06013
Flammable,Objet_02799
Fragile,Objet_06892
Radioactive,Objet_04486
Explosive,Objet_07416
Corrosive,Objet_00206
Food,Objet_00562
Food,Objet_04647
Pressurized,Objet_03358
Food,Objet_05034
Food,Objet_02343
Explosive,Objet_04617
Radioactive,Objet_02127
Corrosive,Objet_01177
Flammable,Objet_04369
Pressurized,Objet_01606
Radioactive,Objet_07434
Pressurized,Objet_06006
Toxic,Objet_07506
Fragile,Objet_05729
Radioactive,Objet_01737
Fragile,Objet_01918
Radioactive,Objet_06661
Fragile,Objet_03124
Oxidizing,Objet_01303
Oxidizing,Objet_01898
Pressurized,Objet_04699
Toxic,Objet_06665
Food,Objet_02817
Unspecified,Objet_07377
Corrosive,Objet_01754
Flammable,Objet_04731
Radioactive,Objet_06662
Oxidizing,Objet_04065
Pressurized,Objet_03806
Food,Objet_07642
Oxidizing,Objet_05247
Unspecified,Objet_07413
Food,Objet_01697
Explosive,Objet_06510
Explosive,Objet_07319
Explosive,Objet_03267
Radioactive,Objet_03560
Oxidizing,Objet_06652
Flammable,Objet_03743
Corrosive,Objet_02362
Explosive,Objet_05638
Toxic,Objet_00342
Food,Objet_07769
Oxidizing,Objet_01172
Flammable,Objet_06841
Fragile,Objet_03932
Pressurized,Objet_05202
Fragile,Objet_03976
Food,Objet_07138
Corrosive,Objet_00981
Radioactive,Objet_06980
Flammable,Objet_04680
Oxidizing,Objet_07274
Explosive,Objet_05953
Flammable,Objet_02695
Unspecified,Objet_02310
Flammable,Objet_00212
Flammable,Objet_05582
Flammable,Objet_05975
Corrosive,Objet_05880
Flammable,Objet_07535
Fragile,Objet_07088
Radioactive,Objet_06701
Unspecified,Objet_05081
Toxic,Objet_04100
Toxic,Objet_04263
Food,Objet_00077
Fragile,Objet_03036
Oxidizing,Objet_06541
Flammable,Objet_04971
Food,Objet_00592
Oxidizing,Objet_04370
Corrosive,Objet_01099
Explosive,Objet_06995
Flammable,Objet_04039
Flammable,Objet_05627
Flammable,Objet_05007
Pressurized,Objet_07497
Oxidizing,Objet_02112
Oxidizing,Objet_06901
Radioactive,Objet_03693
Pressurized,Objet_01444
Fragile,Objet_00115
Pressurized,Objet_05350
Radioactive,Objet_06167
Fragile,Objet_00933
Explosive,Objet_04931
Unspecified,Objet_00324
Corrosive,Objet_03026
Explosive,Objet_03578
Fragile,Objet_01100
Toxic,Objet_03029
Unspecified,Objet_00321
Radioactive,Objet_06267
Pressurized,Objet_01105
Oxidizing,Objet_04218
Fragile,Objet_02584
Flammable,Objet_05981
Unspecified,Objet_02836
Flammable,Objet_03685
Pressurized,Objet_03211
Oxidizing,Objet_06239
Unspecified,Objet_04866
Fragile,Objet_05751
Corrosive,Objet_06390
Flammable,Objet_00824
Oxidizing,Objet_07573
Explosive,Objet_05294
Food,Objet_01054
Fragile,Objet_03049
Explosive,Objet_05360
Pressurized,Objet_07209
Radioactive,Objet_00969
Flammable,Objet_07437
Unspecified,Objet_03067
Fragile,Objet_03988
Food,Objet_02602
Flammable,Objet_05255
Unspecified,Objet_01970
Pressurized,Objet_04642
Oxidizing,Objet_00441
Fragile,Objet_01764
Explosive,Objet_05623
Fragile,Objet_03833
Oxidizing,Objet_02043
Radioactive,Objet_07213
Flammable,Objet_04285
Flammable,Objet_05191
Explosive,Objet_05351
Flammable,Objet_00901
Toxic,Objet_06062
Fragile,Objet_06405
Radioactive,Objet_04551
Food,Objet_05259
Pressurized,Objet_05937
Explosive,Objet_02545
Pressurized,Objet_02257
Unspecified,Objet_04140
Pressurized,Objet_04762
Flammable,Objet_02741
Food,Objet_03003
Unspecified,Objet_04174
Radioactive,Objet_05285
Radioactive,Objet_03078
Toxic,Objet_03506
Fragile,Objet_05404
Food,Objet_06696
Fragile,Objet_05803
Fragile,Objet_01108
Food,Objet_04914
Food,Objet_02359
Food,Objet_04453
Flammable,Objet_05870
Explosive,Objet_00042
Flammable,Objet_02657
Oxidizing,Objet_07278
Food,Objet_04192
Food,Objet_00925
Explosive,Objet_01726
Flammable,Objet_00817
Radioactive,Objet_02583
Corrosive,Objet_02739
Unspecified,Objet_04753
Corrosive,Objet_04477
Unspecified,Objet_06704
Food,Objet_03854
Unspecified,Objet_02083
Food,Objet_04982
Toxic,Objet_00816
Flammable,Objet_01450
Food,Objet_06266
Toxic,Objet_01019
Flammable,Objet_07226
Corrosive,Objet_06146
Radioactive,Objet_04613
Radioactive,Objet_00813
Toxic,Objet_04657
Pressurized,Objet_07771
Unspecified,Objet_07546
Toxic,Objet_04228
Explosive,Objet_04373
Radioactive,Objet_05610
Explosive,Objet_04360
Corrosive,Objet_02800
Fragile,Objet_04057
Explosive,Objet_02853
Food,Objet_05802
Explosive,Objet_02070
Toxic,Objet_03519
Food,Objet_04818
Flammable,Objet_07006
Radioactive,Objet_02832
Radioactive,Objet_05284
Explosive,Objet_07246
Toxic,Objet_02211
Fragile,Objet_05657
Corrosive,Objet_01762
Food,Objet_02713
Flammable,Objet_05705
Corrosive,Objet_04474
Pressurized,Objet_03706
Flammable,Objet_01523
Toxic,Objet_06581
Explosive,Objet_01044
Unspecified,Objet_06421
Explosive,Objet_02581
Corrosive,Objet_05253
Corrosive,Objet_06207
Toxic,Objet_03557
Explosive,Objet_06302
Toxic,Objet_02234
Oxidizing,Objet_03106
Explosive,Objet_05371
Explosive,Objet_01386
Fragile,Objet_05551
Flammable,Objet_06850
Pressurized,Objet_06752
Corrosive,Objet_01821
Radioactive,Objet_01059
Explosive,Objet_00991
Flammable,Objet_01314
Corrosive,Objet_06450
Unspecified,Objet_03424
Explosive,Objet_06817
Pressurized,Objet_05602
Corrosive,Objet_04242
Food,Objet_05815
Flammable,Objet_01916
Explosive,Objet_02270
Explosive,Objet_07542
Explosive,Objet_00070
Food,Objet_06656
Corrosive,Objet_02317
Flammable,Objet_00100
Unspecified,Objet_04724
Radioactive,Objet_04484
Oxidizing,Objet_04336
Pressurized,Objet_03682
Corrosive,Objet_05561
Corrosive,Objet_02711
Unspecified,Objet_04278
Explosive,Objet_01743
Explosive,Objet_04416
Toxic,Objet_03411
Pressurized,Objet_05557
Toxic,Objet_04519
Toxic,Objet_03389
Oxidizing,Objet_05039
Pressurized,Objet_02804
Oxidizing,Objet_00732
Pressurized,Objet_00153
Radioactive,Objet_05278
Pressurized,Objet_04105
Toxic,Objet_07342
Fragile,Objet_03612
Toxic,Objet_06017
Oxidizing,Objet_03352
Radioactive,Objet_02563
Food,Objet_07268
Food,Objet_06621
Radioactive,Objet_03873
Food,Objet_02334
Oxidizing,Objet_04222
Toxic,Objet_04774
Pressurized,Objet_03502
Food,Objet_01556
Unspecified,Objet_06640
Food,Objet_05035
Corrosive,Objet_00463
Flammable,Objet_04033
Flammable,Objet_06612
Corrosive,Objet_06958
Toxic,Objet_00001
Radioactive,Objet_03722
Flammable,Objet_02962
Pressurized,Objet_04108
Corrosive,Objet_05783
Unspecified,Objet_02789
Oxidizing,Objet_07672
Food,Objet_00451
Corrosive,Objet_01022
Fragile,Objet_00012
Oxidizing,Objet_07691
Fragile,Objet_06611
Flammable,Objet_02156
Radioactive,Objet_03897
Corrosive,Objet_05013
Corrosive,Objet_00676
Food,Objet_07215
Unspecified,Objet_02593
Oxidizing,Objet_05875
Corrosive,Objet_01647
Flammable,Objet_07345
Oxidizing,Objet_07607
Explosive,Objet_05604
Oxidizing,Objet_01857
Unspecified,Objet_02885
Toxic,Objet_05934
Toxic,Objet_07119
Oxidizing,Objet_03377
Explosive,Objet_07467
Food,Objet_00651
Radioactive,Objet_02754
Corrosive,Objet_07019
Oxidizing,Objet_07196
Corrosive,Objet_07272
Radioactive,Objet_05207
Fragile,Objet_02117
Fragile,Objet_01591
Oxidizing,Objet_01928
Fragile,Objet_07391
Corrosive,Objet_00612
Radioactive,Objet_03086
Toxic,Objet_01978
Radioactive,Objet_05749
Radioactive,Objet_07147
Oxidizing,Objet_07364
Food,Objet_05467
Pressurized,Objet_04707
Explosive,Objet_01313
Toxic,Objet_04354
Toxic,Objet_03436
Food,Objet_04324
Pressurized,Objet_04472
Fragile,Objet_01336
Unspecified,Objet_00383
Explosive,Objet_07483
Flammable,Objet_06251
Explosive,Objet_03103
Oxidizing,Objet_01090
Fragile,Objet_06647
Radioactive,Objet_05053
Food,Objet_00630
Fragile,Objet_00818
Explosive,Objet_03801
Radioactive,Objet_02842
Flammable,Objet_07355
Unspecified,Objet_06218
Radioactive,Objet_04906
Explosive,Objet_04622
Corrosive,Objet_07554
Radioactive,Objet_07402
Corrosive,Objet_05496
Pressurized,Objet_05658
Radioactive,Objet_00488
Pressurized,Objet_07109
Corrosive,Objet_02691
Corrosive,Objet_03792
Corrosive,Objet_07023
Oxidizing,Objet_01062
Flammable,Objet_03199
Radioactive,Objet_05267
Oxidizing,Objet_00341
Unspecified,Objet_07759
Corrosive,Objet_01751
Unspecified,Objet_03657
Unspecified,Objet_07516
Unspecified,Objet_04879
Toxic,Objet_03670
Radioactive,Objet_05537
Flammable,Objet_05196
Fragile,Objet_03393
Food,Objet_07016
Pressurized,Objet_07118
Toxic,Objet_06842
Radioactive,Objet_06443
Oxidizing,Objet_04303
Radioactive,Objet_00468
Unspecified,Objet_05125
Pressurized,Objet_04125
Radioactive,Objet_03952
Explosive,Objet_05956
Explosive,Objet_00670
Corrosive,Objet_01422
Food,Objet_06401
Radioactive,Objet_04845
Corrosive,Objet_00439
Unspecified,Objet_02743
Corrosive,Objet_02627
Food,Objet_07295
Radioactive,Objet_00555
Corrosive,Objet_00433
Oxidizing,Objet_03661
Flammable,Objet_06937
Corrosive,Objet_06598
Pressurized,Objet_00532
Pressurized,Objet_02824
Explosive,Objet_04884
Radioactive,Objet_06091
Unspecified,Objet_07548
Toxic,Objet_00729
Pressurized,Objet_02330
Flammable,Objet_05917
Flammable,Objet_03365
Explosive,Objet_05950
Toxic,Objet_00897
Food,Objet_01184
Fragile,Objet_02391
Toxic,Objet_04805
Explosive,Objet_03567
Toxic,Objet_04807
Explosive,Objet_00954
Food,Objet_05549
Pressurized,Objet_02369
Unspecified,Objet_03013
Radioactive,Objet_07613
Toxic,Objet_05952
Oxidizing,Objet_01501
Pressurized,Objet_05983
Food,Objet_05367
Fragile,Objet_01629
Radioactive,Objet_01017
Corrosive,Objet_04244
Food,Objet_00864
Fragile,Objet_06918
Flammable,Objet_05762
Radioactive,Objet_07610
Toxic,Objet_00639
Oxidizing,Objet_05245
Unspecified,Objet_04367
Fragile,Objet_00412
Corrosive,Objet_06010
Unspecified,Objet_01215
Pressurized,Objet_07755
Oxidizing,Objet_03386
Food,Objet_01394
Fragile,Objet_02296
Food,Objet_03899
Explosive,Objet_04688
Fragile,Objet_02856
Unspecified,Objet_00231
Flammable,Objet_05858
Fragile,Objet_06295
Radioactive,Objet_01734
Oxidizing,Objet_07090
Food,Objet_02326
Fragile,Objet_04308
Toxic,Objet_04424
Food,Objet_04763
Radioactive,Objet_01667
Food,Objet_03371
Food,Objet_03464
Oxidizing,Objet_02984
Oxidizing,Objet_02828
Radioactive,Objet_03387
Flammable,Objet_00239
Pressurized,Objet_06377
Fragile,Objet_05334
Food,Objet_04802
Unspecified,Objet_03451
Radioactive,Objet_04714
Explosive,Objet_06469
Pressurized,Objet_04604
Food,Objet_07267
Toxic,Objet_03111
Flammable,Objet_03489
Oxidizing,Objet_07062
Flammable,Objet_06888
Oxidizing,Objet_04511
Pressurized,Objet_04976
Corrosive,Objet_06294
Unspecified,Objet_00544
Corrosive,Objet_00589
Radioactive,Objet_06574
Unspecified,Objet_05070
Pressurized,Objet_03979
Radioactive,Objet_00932
Flammable,Objet_02440
Food,Objet_01306
Radioactive,Objet_03819
Food,Objet_04082
Oxidizing,Objet_07133
Explosive,Objet_05866
Unspecified,Objet_02506
Unspecified,Objet_01831
Fragile,Objet_03324
Toxic,Objet_05318
Fragile,Objet_03774
Explosive,Objet_01144
Flammable,Objet_02941
Fragile,Objet_01222
Explosive,Objet_06141
Pressurized,Objet_05552
Toxic,Objet_01240
Flammable,Objet_05513
Unspecified,Objet_00458
Toxic,Objet_01243
Pressurized,Objet_06997
Fragile,Objet_04703
Unspecified,Objet_03995
Food,Objet_04986
Toxic,Objet_02314
Oxidizing,Objet_06889
Flammable,Objet_01887
Corrosive,Objet_06486
Toxic,Objet_06231
Corrosive,Objet_00044
Toxic,Objet_06485
Radioactive,Objet_03417
Toxic,Objet_05607
Corrosive,Objet_04402
Food,Objet_06087
Unspecified,Objet_06454
Fragile,Objet_05240
Oxidizing,Objet_07491
Food,Objet_06109
Food,Objet_00631
Toxic,Objet_02873
Corrosive,Objet_02262
Radioactive,Objet_01822
Explosive,Objet_05972
Radioactive,Objet_07012
Toxic,Objet_03443
Pressurized,Objet_00022
Radioactive,Objet_02910
Flammable,Objet_06423
Radioactive,Objet_01299
Food,Objet_03754
Oxidizing,Objet_07117
Corrosive,Objet_04009
Unspecified,Objet_06787
Toxic,Objet_01295
Unspecified,Objet_00421
Explosive,Objet_06444
Explosive,Objet_02149
Oxidizing,Objet_01271
Fragile,Objet_04785
Oxidizing,Objet_05175
Corrosive,Objet_06965
Pressurized,Objet_07588
Corrosive,Objet_01707
Unspecified,Objet_02521
Unspecified,Objet_07687
Flammable,Objet_01993
Food,Objet_02932
Unspecified,Objet_04716
Oxidizing,Objet_03613
Food,Objet_07084
Food,Objet_07547
Pressurized,Objet_07269
Pressurized,Objet_05375
Flammable,Objet_03228
Explosive,Objet_04485
Fragile,Objet_07454
Pressurized,Objet_06049
Explosive,Objet_07155
Radioactive,Objet_06180
Radioactive,Objet_02281
Fragile,Objet_04404
Food,Objet_04138
Oxidizing,Objet_07498
Unspecified,Objet_00875
Unspecified,Objet_03052
Unspecified,Objet_00591
Food,Objet_02787
Toxic,Objet_03606
Pressurized,Objet_02165
Unspecified,Objet_06856
Food,Objet_05550
Food,Objet_07753
Food,Objet_00049
Toxic,Objet_05900
Food,Objet_06932
Toxic,Objet_00261
Corrosive,Objet_02474
Pressurized,Objet_01622
Radioactive,Objet_06545
Radioactive,Objet_00363
Unspecified,Objet_01401
Corrosive,Objet_06629
Fragile,Objet_02733
Toxic,Objet_07379
Oxidizing,Objet_00621
Corrosive,Objet_04815
Explosive,Objet_04119
Explosive,Objet_06269
Pressurized,Objet_02694
Unspecified,Objet_02606
Flammable,Objet_01761
Toxic,Objet_03707
Food,Objet_02763
Pressurized,Objet_02971
Unspecified,Objet_06607
Fragile,Objet_00480
Pressurized,Objet_03446
Flammable,Objet_06689
Explosive,Objet_01705
Flammable,Objet_03965
Radioactive,Objet_01472
Unspecified,Objet_02801
Fragile,Objet_00736
Radioactive,Objet_02465
Radioactive,Objet_04883
Oxidizing,Objet_06372
Fragile,Objet_02604
Fragile,Objet_05178
Pressurized,Objet_02412
Food,Objet_06824
Corrosive,Objet_00133
Pressurized,Objet_01711
Food,Objet_06210
Flammable,Objet_02171
Oxidizing,Objet_05760
Flammable,Objet_00938
Fragile,Objet_07671
Explosive,Objet_02664
Radioactive,Objet_07699
Oxidizing,Objet_07745
Pressurized,Objet_01405
Fragile,Objet_06434
Corrosive,Objet_06116
Toxic,Objet_05603
Toxic,Objet_04540
Explosive,Objet_02783
Oxidizing,Objet_02958
Fragile,Objet_06424
Explosive,Objet_01339
Unspecified,Objet_00328
Corrosive,Objet_02167
Food,Objet_05311
Fragile,Objet_05785
Unspecified,Objet_06506
Fragile,Objet_06433
Toxic,Objet_06729
Corrosive,Objet_04868
Radioactive,Objet_06809
Fragile,Objet_03651
Toxic,Objet_01358
Corrosive,Objet_00474
Food,Objet_00657
Pressurized,Objet_01824
Fragile,Objet_00130
Corrosive,Objet_04788
Unspecified,Objet_05338
Unspecified,Objet_05397
Radioactive,Objet_07186
Food,Objet_07494
Explosive,Objet_03186
Food,Objet_02504
Unspecified,Objet_01341
Corrosive,Objet_05794
Oxidizing,Objet_03797
Radioactive,Objet_00809
Pressurized,Objet_03460
Corrosive,Objet_06525
Pressurized,Objet_04934
Radioactive,Objet_07378
Corrosive,Objet_05588
Corrosive,Objet_01507
Explosive,Objet_02213
Toxic,Objet_05528
Radioactive,Objet_03585
Explosive,Objet_05895
Flammable,Objet_05172
Food,Objet_02271
Corrosive,Objet_00697
Radioactive,Objet_01584
Oxidizing,Objet_02935
Oxidizing,Objet_07772
Radioactive,Objet_02153
Toxic,Objet_00649
Explosive,Objet_03566
Fragile,Objet_01612
Corrosive,Objet_06606
Flammable,Objet_04529
Explosive,Objet_05687
Food,Objet_00160
Oxidizing,Objet_03031
Corrosive,Objet_04436
Explosive,Objet_02937
Oxidizing,Objet_05268
Explosive,Objet_05991
Oxidizing,Objet_03804
Explosive,Objet_06865
Fragile,Objet_00242
Unspecified,Objet_06548
Oxidizing,Objet_01739
Flammable,Objet_00315
Unspecified,Objet_07549
Food,Objet_02953
Radioactive,Objet_03300
Corrosive,Objet_00643
Oxidizing,Objet_00985
Unspecified,Objet_02404
