Category,Object
Food,Object_01721
Food,Object_09067
Toxic,Object_04871
Corrosive,Object_05292
Food,Object_02177
Food,Object_11586
Toxic,Object_10706
Oxidizing,Object_13804
Toxic,Object_11290
Food,Object_02563
Corrosive,Object_01181
Corrosive,Object_05099
Explosive,Object_11757
Fragile,Object_04364
Food,Object_06845
Explosive,Object_11011
Toxic,Object_05345
Food,Object_11817
Pressurized,Object_07991
Pressurized,Object_12597
Unspecified,Object_09334
Fragile,Object_12005
Oxidizing,Object_11721
Food,Object_09255
Fragile,Object_06336
Radioactive,Object_00455
Pressurized,Object_04237
Radioactive,Object_09181
Corrosive,Object_11179
Toxic,Object_03097
Corrosive,Object_13069
Corrosive,Object_14498
Oxidizing,Object_02600
Food,Object_15078
Unspecified,Object_14475
Radioactive,Object_13192
Corrosive,Object_11158
Radioactive,Object_01607
Explosive,Object_08985
Toxic,Object_00112
Pressurized,Object_10599
Pressurized,Object_01375
Fragile,Object_13366
Unspecified,Object_07568
Fragile,Object_00546
Oxidizing,Object_07113
Corrosive,Object_13601
Unspecified,Object_00473
Pressurized,Object_05672
Food,Object_02110
Corrosive,Object_07782
Oxidizing,Object_02766
Explosive,Object_12310
Unspecified,Object_06389
Radioactive,Object_07500
Oxidizing,Object_10905
Oxidizing,Object_03618
Fragile,Object_12944
Pressurized,Object_13768
Pressurized,Object_01781
Pressurized,Object_09023
Pressurized,Object_06134
Food,Object_13573
Unspecified,Object_04858
Corrosive,Object_06409
Flammable,Object_14665
Unspecified,Object_11151
Corrosive,Object_11547
Fragile,Object_03070
Fragile,Object_04072
Radioactive,Object_05481
Flammable,Object_05064
Fragile,Object_02492
Unspecified,Object_02460
Pressurized,Object_13439
Food,Object_01622
Toxic,Object_02138
Food,Object_01955
Explosive,Object_07062
Radioactive,Object_14663
Fragile,Object_05622
Oxidizing,Object_00454
Flammable,Object_13231
Fragile,Object_06809
Food,Object_00734
Flammable,Object_07602
Unspecified,Object_10853
Flammable,Object_05017
Oxidizing,Object_10297
Pressurized,Object_09228
Pressurized,Object_08544
Pressurized,Object_04691
Explosive,Object_14516
Flammable,Object_02070
Pressurized,Object_13211
Explosive,Object_02395
Food,Object_07517
Radioactive,Object_00739
Fragile,Object_08099
Radioactive,Object_06595
Fragile,Object_03770
Pressurized,Object_07490
Radioactive,Object_07550
Explosive,Object_15123
Oxidizing,Object_05281
Explosive,Object_04118
Flammable,Object_13995
Unspecified,Object_00333
Fragile,Object_05453
Unspecified,Object_14448
Unspecified,Object_04606
Oxidizing,Object_00865
Flammable,Object_11237
Toxic,Object_02643
Explosive,Object_06703
Explosive,Object_08968
Toxic,Object_10634
Flammable,Object_11247
Fragile,Object_08106
Unspecified,Object_05685
Food,Object_08210
Toxic,Object_04443
Unspecified,Object_00303
Radioactive,Object_02069
Oxidizing,Object_02789
Pressurized,Object_08686
Corrosive,Object_08716
Toxic,Object_08917
Radioactive,Object_11597
Unspecified,Object_05480
Corrosive,Object_05025
Oxidizing,Object_03357
Radioactive,Object_01764
Radioactive,Object_04483
Food,Object_00792
Radioactive,Object_10379
Toxic,Object_10371
Pressurized,Object_07329
Flammable,Object_03745
Food,Object_09556
Oxidizing,Object_14241
Oxidizing,Object_09211
Food,Object_09580
Explosive,Object_03160
Fragile,Object_06263
Fragile,Object_01149
Toxic,Object_10231
Oxidizing,Object_12929
Corrosive,Object_08750
Corrosive,Object_00390
Toxic,Object_14722
Food,Object_14724
Radioactive,Object_09773
Toxic,Object_01096
Pressurized,Object_00533
Pressurized,Object_05953
Unspecified,Object_07442
Food,Object_08630
Toxic,Object_03085
Radioactive,Object_00232
Explosive,Object_04009
Corrosive,Object_00103
Radioactive,Object_02433
Fragile,Object_08339
Unspecified,Object_09599
Fragile,Object_02360
Corrosive,Object_02829
Food,Object_09743
Food,Object_11973
Explosive,Object_04888
Food,Object_07580
Unspecified,Object_01503
Radioactive,Object_07738
Toxic,Object_11581
Unspecified,Object_12001
Food,Object_11512
Flammable,Object_04851
Pressurized,Object_03656
Fragile,Object_14821
Explosive,Object_13633
Explosive,Object_14868
Toxic,Object_09282
Flammable,Object_14196
Unspecified,Object_04923
Corrosive,Object_00487
Corrosive,Object_14045
Food,Object_15136
Toxic,Object_10357
Oxidizing,Object_05756
Unspecified,Object_09885
Flammable,Object_13746
Flammable,Object_08013
Flammable,Object_13619
Radioactive,Object_11084
Toxic,Object_11509
Food,Object_14845
Toxic,Object_09444
Explosive,Object_14613
Fragile,Object_08769
Food,Object_09547
Pressurized,Object_00938
Oxidizing,Object_03291
Radioactive,Object_06000
Unspecified,Object_03714
Flammable,Object_05870
Pressurized,Object_06722
Food,Object_08054
Explosive,Object_03360
Food,Object_00003
Unspecified,Object_09886
Toxic,Object_07173
Toxic,Object_09295
Toxic,Object_07108
Flammable,Object_05794
Toxic,Object_14917
Food,Object_02965
Fragile,Object_10233
Explosive,Object_03734
Radioactive,Object_10188
Radioactive,Object_06576
Corrosive,Object_00516
Pressurized,Object_01339
Pressurized,Object_00648
Radioactive,Object_09708
Food,Object_12627
Fragile,Object_15083
Radioactive,Object_08450
Radioactive,Object_14570
Pressurized,Object_04088
Oxidizing,Object_13241
Pressurized,Object_03722
Oxidizing,Object_03900
Food,Object_04116
Toxic,Object_11990
Food,Object_02021
Radioactive,Object_07416
Unspecified,Object_04444
Explosive,Object_11800
Radioactive,Object_09085
Fragile,Object_05444
Food,Object_01759
Unspecified,Object_09116
Food,Object_12245
Unspecified,Object_02874
Toxic,Object_03672
Corrosive,Object_04530
Unspecified,Object_13487
Flammable,Object_08235
Food,Object_09126
Toxic,Object_03288
Oxidizing,Object_01384
Unspecified,Object_01039
Explosive,Object_09006
Toxic,Object_11625
Explosive,Object_04754
Food,Object_12453
Flammable,Object_02454
Oxidizing,Object_00255
Corrosive,Object_08706
Flammable,Object_01047
Toxic,Object_02851
Radioactive,Object_09305
Flammable,Object_05593
Fragile,Object_09177
Corrosive,Object_11393
Oxidizing,Object_09897
Toxic,Object_05981
Oxidizing,Object_02749
Unspecified,Object_02336
Corrosive,Object_11488
Oxidizing,Object_13940
Radioactive,Object_03510
Radioactive,Object_03719
Fragile,Object_09622
Explosive,Object_07700
Food,Object_14262
Fragile,Object_12667
Toxic,Object_06239
Pressurized,Object_11101
Explosive,Object_07181
Fragile,Object_13624
Radioactive,Object_11519
Oxidizing,Object_06669
Unspecified,Object_05988
Flammable,Object_14871
Fragile,Object_03299
Unspecified,Object_13854
Corrosive,Object_10478
Oxidizing,Object_14031
Radioactive,Object_10488
Toxic,Object_00085
Oxidizing,Object_04984
Corrosive,Object_08615
Corrosive,Object_04956
Food,Object_02469
Flammable,Object_14024
Explosive,Object_00182
Oxidizing,Object_08656
Pressurized,Object_12973
Food,Object_03502
Explosive,Object_14094
Pressurized,Object_12112
Oxidizing,Object_14096
Toxic,Object_13317
Pressurized,Object_02975
Flammable,Object_04678
Explosive,Object_06656
Radioactive,Object_15100
Food,Object_06619
Food,Object_14078
Toxic,Object_06647
Toxic,Object_02082
Flammable,Object_08188
Food,Object_00416
Food,Object_11318
Pressurized,Object_10108
Corrosive,Object_14789
Unspecified,Object_07426
Corrosive,Object_05732
Explosive,Object_07191
Radioactive,Object_12368
Radioactive,Object_07078
Radioactive,Object_08851
Pressurized,Object_12750
Fragile,Object_14312
Flammable,Object_10372
Fragile,Object_14562
Pressurized,Object_07548
Fragile,Object_07025
Pressurized,Object_07057
Food,Object_14414
Fragile,Object_07163
Corrosive,Object_02679
Food,Object_04595
Corrosive,Object_05590
Unspecified,Object_12381
Corrosive,Object_08364
Toxic,Object_09443
Oxidizing,Object_03392
Fragile,Object_12267
Radioactive,Object_06854
Food,Object_09986
Corrosive,Object_09568
Radioactive,Object_09874
Food,Object_02803
Explosive,Object_01563
Fragile,Object_12862
Pressurized,Object_09766
Oxidizing,Object_07497
Pressurized,Object_10581
Corrosive,Object_12424
Toxic,Object_01239
Flammable,Object_11689
Radioactive,Object_01840
Pressurized,Object_12593
Unspecified,Object_08410
Oxidizing,Object_02602
Explosive,Object_07563
Radioactive,Object_11848
Fragile,Object_00928
Toxic,Object_01355
Explosive,Object_02993
Corrosive,Object_09745
Toxic,Object_06254
Explosive,Object_10880
Pressurized,Object_06822
Flammable,Object_12419
Unspecified,Object_02580
Radioactive,Object_07263
Pressurized,Object_14208
Food,Object_13841
Pressurized,Object_03768
Oxidizing,Object_14544
Unspecified,Object_02945
Pressurized,Object_11404
Explosive,Object_09066
Food,Object_07771
Food,Object_11185
Flammable,Object_04254
Explosive,Object_14176
Unspecified,Object_14294
Unspecified,Object_03053
Explosive,Object_13347
Fragile,Object_13416
Oxidizing,Object_03767
Corrosive,Object_12159
Oxidizing,Object_03738
Unspecified,Object_05105
Corrosive,Object_07477
Toxic,Object_14856
Fragile,Object_04438
Fragile,Object_00808
Radioactive,Object_10622
Oxidizing,Object_13820
Oxidizing,Object_02181
Flammable,Object_09887
Toxic,Object_07358
Radioactive,Object_07472
Flammable,Object_12633
Explosive,Object_05856
Flammable,Object_07158
Radioactive,Object_10445
Pressurized,Object_08651
Radioactive,Object_12924
Oxidizing,Object_13276
Oxidizing,Object_10286
Flammable,Object_14399
Unspecified,Object_07341
Explosive,Object_07598
Toxic,Object_09310
Oxidizing,Object_15124
Oxidizing,Object_02659
Corrosive,Object_14910
Food,Object_05101
Corrosive,Object_05361
Corrosive,Object_09793
Fragile,Object_03683
Flammable,Object_14125
Radioactive,Object_05165
Radioactive,Object_13070
Radioactive,Object_05085
Oxidizing,Object_09592
Radioactive,Object_03414
Pressurized,Object_05144
Food,Object_07721
Radioactive,Object_14163
Unspecified,Object_12766
Flammable,Object_09218
Pressurized,Object_06717
Unspecified,Object_12078
Fragile,Object_06790
Oxidizing,Object_08023
Corrosive,Object_13127
Radioactive,Object_13933
Radioactive,Object_14670
Unspecified,Object_00044
Fragile,Object_14350
Fragile,Object_03329
Radioactive,Object_04301
Explosive,Object_11264
Explosive,Object_14919
Corrosive,Object_11854
Pressurized,Object_08534
Toxic,Object_11028
Corrosive,Object_15038
Flammable,Object_04654
Toxic,Object_14804
Radioactive,Object_12436
Food,Object_09976
Food,Object_08414
Food,Object_14772
Unspecified,Object_03098
Fragile,Object_03821
Toxic,Object_01290
Corrosive,Object_01998
Food,Object_02737
Unspecified,Object_14149
Toxic,Object_11833
Toxic,Object_07582
Corrosive,Object_08394
Unspecified,Object_07509
Oxidizing,Object_04037
Oxidizing,Object_04338
Unspecified,Object_03323
Food,Object_13864
Fragile,Object_08764
Toxic,Object_02756
Pressurized,Object_12925
Oxidizing,Object_07441
Food,Object_06439
Unspecified,Object_11924
Unspecified,Object_13217
Corrosive,Object_02636
Radioactive,Object_04638
Food,Object_04690
Corrosive,Object_09018
Corrosive,Object_07054
Toxic,Object_07131
Flammable,Object_09798
Oxidizing,Object_13727
Oxidizing,Object_08163
Flammable,Object_12430
Radioactive,Object_02513
Oxidizing,Object_12066
Flammable,Object_00164
Flammable,Object_13188
Explosive,Object_10193
Toxic,Object_14370
Fragile,Object_03408
Flammable,Object_11960
Radioactive,Object_08881
Food,Object_12484
Pressurized,Object_10154
Unspecified,Object_08514
Food,Object_05051
Toxic,Object_04071
Radioactive,Object_14048
Pressurized,Object_13436
Fragile,Object_11557
Toxic,Object_06540
Corrosive,Object_04693
Radioactive,Object_09459
Oxidizing,Object_08638
Oxidizing,Object_01713
Radioactive,Object_04212
Toxic,Object_07670
Toxic,Object_02232
Radioactive,Object_10567
Fragile,Object_02625
Radioactive,Object_04576
Corrosive,Object_11081
Radioactive,Object_06668
Flammable,Object_00616
Explosive,Object_06502
Pressurized,Object_04430
Corrosive,Object_00588
Oxidizing,Object_08554
Food,Object_04010
Oxidizing,Object_01765
Toxic,Object_03741
Fragile,Object_10496
Corrosive,Object_01915
Flammable,Object_05908
Explosive,Object_11569
Pressurized,Object_07464
Unspecified,Object_06433
Fragile,Object_13694
Pressurized,Object_05202
Corrosive,Object_00979
Radioactive,Object_08916
Corrosive,Object_03361
Flammable,Object_05394
Radioactive,Object_08380
Pressurized,Object_14921
Fragile,Object_01207
Pressurized,Object_14851
Fragile,Object_09086
Oxidizing,Object_00574
Radioactive,Object_06839
Unspecified,Object_02504
Radioactive,Object_02652
Toxic,Object_13109
Food,Object_04974
Flammable,Object_03964
Radioactive,Object_02126
Toxic,Object_09833
Unspecified,Object_11093
Pressurized,Object_10514
Toxic,Object_03598
Corrosive,Object_13832
Unspecified,Object_05712
Flammable,Object_04661
Food,Object_01987
Pressurized,Object_04175
Food,Object_07947
Fragile,Object_00477
Toxic,Object_11959
Pressurized,Object_07013
Fragile,Object_08810
Fragile,Object_09011
Radioactive,Object_08393
Unspecified,Object_10291
Oxidizing,Object_09073
Corrosive,Object_00332
Explosive,Object_08297
Food,Object_06032
Fragile,Object_14461
Radioactive,Object_02915
Flammable,Object_06118
Corrosive,Object_00366
Explosive,Object_13481
Fragile,Object_05763
Flammable,Object_00720
Pressurized,Object_10443
Corrosive,Object_02988
Corrosive,Object_08964
Oxidizing,Object_06605
Toxic,Object_11514
Toxic,Object_10199
Flammable,Object_11752
Corrosive,Object_08492
Corrosive,Object_12170
Explosive,Object_05257
Flammable,Object_08806
Corrosive,Object_11927
Explosive,Object_05203
Corrosive,Object_03396
Pressurized,Object_07936
Food,Object_00211
Oxidizing,Object_08788
Radioactive,Object_10519
Toxic,Object_09918
Food,Object_11535
Corrosive,Object_07528
Food,Object_11755
Toxic,Object_00580
Oxidizing,Object_13734
Food,Object_09876
Explosive,Object_08870
Corrosive,Object_04722
Oxidizing,Object_06786
Explosive,Object_04463
Fragile,Object_07585
Fragile,Object_11534
Radioactive,Object_03820
Unspecified,Object_12506
Toxic,Object_03700
Fragile,Object_04172
Pressurized,Object_02870
Unspecified,Object_12982
Corrosive,Object_09339
Unspecified,Object_06023
Fragile,Object_01540
Toxic,Object_14955
Toxic,Object_00943
Food,Object_04231
Radioactive,Object_00944
Pressurized,Object_08234
Fragile,Object_12813
Oxidizing,Object_08942
Toxic,Object_13352
Food,Object_10124
Toxic,Object_11421
Toxic,Object_08738
Flammable,Object_12271
Pressurized,Object_14920
Radioactive,Object_00959
Fragile,Object_10842
Explosive,Object_10225
Toxic,Object_07583
Pressurized,Object_10930
Flammable,Object_11503
Explosive,Object_07133
Unspecified,Object_00359
Radioactive,Object_12917
Flammable,Object_11470
Toxic,Object_04650
Flammable,Object_11173
Explosive,Object_07068
Oxidizing,Object_13343
Radioactive,Object_14731
Flammable,Object_00132
Fragile,Object_00066
Unspecified,Object_02686
Pressurized,Object_13370
Oxidizing,Object_03992
Toxic,Object_12736
Unspecified,Object_08509
Explosive,Object_03509
Flammable,Object_00783
Flammable,Object_11118
Corrosive,Object_01325
Unspecified,Object_09596
Flammable,Object_05189
Toxic,Object_09524
Oxidizing,Object_08016
Radioactive,Object_14799
Toxic,Object_00055
Oxidizing,Object_14477
Flammable,Object_03350
Food,Object_12832
Flammable,Object_02271
Oxidizing,Object_01399
Oxidizing,Object_06980
Corrosive,Object_00886
Food,Object_10535
Food,Object_13992
Flammable,Object_09207
Radioactive,Object_01195
Unspecified,Object_13319
Flammable,Object_04082
Unspecified,Object_14277
Flammable,Object_02991
Flammable,Object_11038
Pressurized,Object_08548
Pressurized,Object_07055
Radioactive,Object_00209
Flammable,Object_01446
Radioactive,Object_05325
Oxidizing,Object_14431
Pressurized,Object_13915
Explosive,Object_00438
Corrosive,Object_03960
Pressurized,Object_10290
Radioactive,Object_04158
Toxic,Object_00294
Radioactive,Object_14185
Toxic,Object_06103
Toxic,Object_14829
Pressurized,Object_10336
Oxidizing,Object_00278
Explosive,Object_09955
Unspecified,Object_05297
Food,Object_14661
Explosive,Object_11765
Fragile,Object_09026
Unspecified,Object_09422
Unspecified,Object_04329
Fragile,Object_06141
Fragile,Object_03134
Radioactive,Object_12302
Unspecified,Object_08586
Corrosive,Object_11567
Unspecified,Object_10949
Pressurized,Object_02253
Unspecified,Object_12060
Unspecified,Object_13773
Flammable,Object_05762
Explosive,Object_14743
Corrosive,Object_14388
Food,Object_09491
Flammable,Object_08381
Explosive,Object_14433
Food,Object_06682
Fragile,Object_05816
Unspecified,Object_06943
Toxic,Object_12053
Unspecified,Object_04711
Unspecified,Object_03130
Explosive,Object_04629
Corrosive,Object_04975
Corrosive,Object_04532
Flammable,Object_09386
Corrosive,Object_08454
Oxidizing,Object_08574
Unspecified,Object_11518
Unspecified,Object_04897
Corrosive,Object_14727
Flammable,Object_12143
Food,Object_11193
Corrosive,Object_07993
Flammable,Object_04431
Pressurized,Object_08462
Toxic,Object_14834
Toxic,Object_01782
Corrosive,Object_11221
Flammable,Object_02142
Toxic,Object_08588
Radioactive,Object_09242
Explosive,Object_04892
Pressurized,Object_11900
Unspecified,Object_01341
Oxidizing,Object_04021
Food,Object_02122
Explosive,Object_05991
Toxic,Object_06984
Toxic,Object_01992
Unspecified,Object_09992
Corrosive,Object_09631
Toxic,Object_10376
Fragile,Object_12788
Radioactive,Object_07916
Fragile,Object_00991
Flammable,Object_08278
Explosive,Object_04999
Unspecified,Object_05916
Unspecified,Object_05857
Unspecified,Object_11499
Toxic,Object_01941
Radioactive,Object_01156
Fragile,Object_05175
Explosive,Object_06511
Radioactive,Object_01154
Food,Object_09795
Flammable,Object_13437
Fragile,Object_03193
Explosive,Object_05221
Radioactive,Object_06602
Radioactive,Object_01855
Food,Object_14062
Oxidizing,Object_04122
Radioactive,Object_13500
Corrosive,Object_00431
Explosive,Object_08646
Oxidizing,Object_00465
Toxic,Object_11822
Flammable,Object_00233
Flammable,Object_09638
Toxic,Object_04090
Unspecified,Object_02227
Unspecified,Object_02746
Explosive,Object_11655
Oxidizing,Object_13368
Toxic,Object_06227
Corrosive,Object_02793
Explosive,Object_00355
Toxic,Object_05850
Pressurized,Object_10808
Radioactive,Object_04022
Flammable,Object_06842
Unspecified,Object_10016
Fragile,Object_13208
Explosive,Object_00341
Toxic,Object_07205
Oxidizing,Object_02802
Food,Object_10259
Radioactive,Object_06941
Pressurized,Object_01097
Fragile,Object_06503
Radioactive,Object_06688
Food,Object_09499
Food,Object_10504
Pressurized,Object_00774
Pressurized,Object_12466
Oxidizing,Object_09748
Corrosive,Object_08792
Pressurized,Object_08731
Explosive,Object_08022
Radioactive,Object_01372
Unspecified,Object_04412
Corrosive,Object_06879
Food,Object_00694
Pressurized,Object_10948
Pressurized,Object_07606
Toxic,Object_04639
Radioactive,Object_12121
Fragile,Object_03571
Toxic,Object_06073
Unspecified,Object_09680
Corrosive,Object_08239
Food,Object_13925
Radioactive,Object_13812
Radioactive,Object_04511
Corrosive,Object_04480
Radioactive,Object_07354
Oxidizing,Object_09936
Unspecified,Object_11082
Food,Object_02342
Oxidizing,Object_04124
Radioactive,Object_13155
Corrosive,Object_07454
Oxidizing,Object_00813
Toxic,Object_12134
Toxic,Object_10726
Pressurized,Object_07973
Explosive,Object_10628
Radioactive,Object_12306
Corrosive,Object_06597
Unspecified,Object_15039
Flammable,Object_06082
Food,Object_10460
Toxic,Object_14115
Corrosive,Object_11718
Fragile,Object_09870
Toxic,Object_03629
Food,Object_02193
Toxic,Object_06891
Radioactive,Object_11812
Explosive,Object_08924
Unspecified,Object_09237
Pressurized,Object_11049
Oxidizing,Object_04719
Corrosive,Object_07452
Food,Object_09537
Oxidizing,Object_07359
Flammable,Object_13108
Corrosive,Object_05091
Oxidizing,Object_01215
Radioactive,Object_06693
Toxic,Object_03167
Food,Object_04479
Toxic,Object_07488
Fragile,Object_13947
Radioactive,Object_14654
Corrosive,Object_01236
Radioactive,Object_06746
Unspecified,Object_01148
Unspecified,Object_09553
Radioactive,Object_06331
Explosive,Object_04866
Radioactive,Object_15074
Fragile,Object_10755
Flammable,Object_07805
Corrosive,Object_06869
Food,Object_07918
Pressurized,Object_11291
Toxic,Object_06958
Radioactive,Object_05093
Explosive,Object_05566
Fragile,Object_04334
Fragile,Object_06288
Explosive,Object_12872
Pressurized,Object_02901
Food,Object_10901
Food,Object_04624
Food,Object_05799
Food,Object_06043
Pressurized,Object_01376
Food,Object_09071
Flammable,Object_09314
Oxidizing,Object_14696
Pressurized,Object_00636
Explosive,Object_02047
Corrosive,Object_01637
Unspecified,Object_13668
Unspecified,Object_13535
Pressurized,Object_02914
Pressurized,Object_13072
Toxic,Object_04939
Pressurized,Object_04609
Radioactive,Object_10097
Radioactive,Object_07905
Corrosive,Object_14990
Flammable,Object_09555
Fragile,Object_07950
Food,Object_13729
Radioactive,Object_05021
Flammable,Object_04799
Food,Object_06293
Food,Object_09043
Radioactive,Object_02319
Unspecified,Object_03996
Oxidizing,Object_14529
Food,Object_01618
Fragile,Object_02188
Fragile,Object_04597
Unspecified,Object_01130
Pressurized,Object_04525
Unspecified,Object_13522
Toxic,Object_06178
Corrosive,Object_02808
Toxic,Object_11405
Fragile,Object_14708
Corrosive,Object_01036
Toxic,Object_11911
Explosive,Object_10673
Flammable,Object_11455
Oxidizing,Object_12394
Corrosive,Object_09221
Flammable,Object_06516
Pressurized,Object_06195
Toxic,Object_08670
Corrosive,Object_04544
Pressurized,Object_02873
Unspecified,Object_13469
Explosive,Object_02865
Corrosive,Object_14373
Corrosive,Object_07110
Toxic,Object_12406
Oxidizing,Object_06496
Oxidizing,Object_09588
Oxidizing,Object_04435
Unspecified,Object_08653
Pressurized,Object_03100
Flammable,Object_07887
Toxic,Object_14311
Toxic,Object_12097
Radioactive,Object_06768
Pressurized,Object_13059
Food,Object_09406
Oxidizing,Object_03026
Flammable,Object_03955
Oxidizing,Object_08138
Explosive,Object_09732
Flammable,Object_00564
Corrosive,Object_12035
Unspecified,Object_10406
Pressurized,Object_12102
Pressurized,Object_06416
Explosive,Object_09538
Pressurized,Object_11883
Toxic,Object_01369
Pressurized,Object_05138
Radioactive,Object_09821
Explosive,Object_05896
Explosive,Object_02406
Pressurized,Object_00082
Pressurized,Object_07243
Corrosive,Object_12880
Corrosive,Object_06583
Corrosive,Object_13199
Fragile,Object_14684
Food,Object_09716
Explosive,Object_14371
Unspecified,Object_00146
Corrosive,Object_07411
Pressurized,Object_04937
Radioactive,Object_03802
Flammable,Object_01583
Toxic,Object_09823
Oxidizing,Object_01441
Toxic,Object_05737
Flammable,Object_10641
Oxidizing,Object_12569
Fragile,Object_08672
Fragile,Object_08975
Unspecified,Object_05359
Flammable,Object_03398
Radioactive,Object_12689
Oxidizing,Object_08793
Food,Object_07664
Oxidizing,Object_06430
Pressurized,Object_08680
Corrosive,Object_07647
Pressurized,Object_10162
Fragile,Object_00499
Corrosive,Object_12835
Fragile,Object_04054
Food,Object_14970
Corrosive,Object_06719
Flammable,Object_12712
Oxidizing,Object_03311
Food,Object_00965
Explosive,Object_04920
Oxidizing,Object_05779
Toxic,Object_00562
Food,Object_12745
Pressurized,Object_14744
Unspecified,Object_12123
Corrosive,Object_08193
Radioactive,Object_03585
Toxic,Object_14513
Corrosive,Object_02285
Radioactive,Object_11001
Radioactive,Object_06537
Pressurized,Object_05083
Radioactive,Object_10006
Fragile,Object_11274
Flammable,Object_13223
Radioactive,Object_00162
Flammable,Object_14923
Corrosive,Object_01636
Radioactive,Object_11486
Unspecified,Object_00665
Unspecified,Object_14198
Radioactive,Object_06742
Unspecified,Object_12264
Oxidizing,Object_07536
Oxidizing,Object_08367
Flammable,Object_15090
Pressurized,Object_08386
Corrosive,Object_09506
Fragile,Object_03476
Unspecified,Object_04392
Unspecified,Object_09906
Oxidizing,Object_07479
Fragile,Object_00794
Pressurized,Object_08093
Fragile,Object_07202
Flammable,Object_08038
Explosive,Object_14420
Unspecified,Object_10053
Explosive,Object_03634
Oxidizing,Object_03370
Toxic,Object_14081
Corrosive,Object_00230
Corrosive,Object_05432
Pressurized,Object_09925
Toxic,Object_10044
Flammable,Object_11618
Toxic,Object_02351
Fragile,Object_12220
Toxic,Object_04726
Explosive,Object_11344
Explosive,Object_12774
Radioactive,Object_02343
Flammable,Object_03261
Radioactive,Object_09507
Food,Object_03580
Flammable,Object_07868
Unspecified,Object_03623
Corrosive,Object_12857
Oxidizing,Object_13859
Toxic,Object_06074
Toxic,Object_03456
Toxic,Object_06465
Radioactive,Object_03893
Pressurized,Object_00291
Flammable,Object_07142
Food,Object_09007
Food,Object_10227
Food,Object_06257
Corrosive,Object_08127
Fragile,Object_11182
Explosive,Object_04418
Unspecified,Object_06921
Oxidizing,Object_10564
Fragile,Object_02116
Food,Object_11362
Toxic,Object_07996
Fragile,Object_00173
Explosive,Object_02171
Flammable,Object_03543
Unspecified,Object_03008
Pressurized,Object_14027
Flammable,Object_14482
Flammable,Object_14588
Radioactive,Object_00664
Flammable,Object_10470
Flammable,Object_09114
Explosive,Object_03363
Unspecified,Object_11769
Corrosive,Object_11041
Oxidizing,Object_14047
Corrosive,Object_02175
Unspecified,Object_02380
Toxic,Object_03082
Pressurized,Object_03427
Explosive,Object_14097
Oxidizing,Object_11978
Radioactive,Object_06148
Oxidizing,Object_11866
Flammable,Object_01248
Toxic,Object_02560
Oxidizing,Object_10625
Unspecified,Object_05578
Explosive,Object_10474
Radioactive,Object_12983
Oxidizing,Object_02505
Toxic,Object_02084
Toxic,Object_14124
Pressurized,Object_03513
Corrosive,Object_06530
Pressurized,Object_03071
Oxidizing,Object_01745
Pressurized,Object_09297
Oxidizing,Object_10022
Unspecified,Object_13111
Unspecified,Object_05096
Corrosive,Object_03673
Toxic,Object_10056
Unspecified,Object_14069
Unspecified,Object_03244
Unspecified,Object_13973
Corrosive,Object_13371
Corrosive,Object_05194
Flammable,Object_08633
Unspecified,Object_00298
Fragile,Object_05067
Fragile,Object_11181
Fragile,Object_05823
Food,Object_12574
Oxidizing,Object_02849
Unspecified,Object_14912
Oxidizing,Object_00364
Unspecified,Object_05949
Toxic,Object_01551
Unspecified,Object_03754
Explosive,Object_08139
Corrosive,Object_05680
Fragile,Object_06317
Food,Object_02003
Explosive,Object_04216
Corrosive,Object_06228
Fragile,Object_02922
Pressurized,Object_13710
Flammable,Object_14644
Pressurized,Object_02912
Food,Object_01832
Pressurized,Object_03038
Corrosive,Object_09888
Fragile,Object_10768
Food,Object_09659
Explosive,Object_01931
Corrosive,Object_11974
Fragile,Object_05713
Radioactive,Object_11905
Food,Object_11472
Unspecified,Object_01340
Corrosive,Object_13163
Corrosive,Object_00779
Food,Object_12694
Unspecified,Object_03627
Pressurized,Object_12307
Fragile,Object_13452
Explosive,Object_12999
Corrosive,Object_08336
Pressurized,Object_13183
Corrosive,Object_13051
Pressurized,Object_04834
Flammable,Object_12027
Explosive,Object_06329
Flammable,Object_07506
Unspecified,Object_05718
Oxidizing,Object_13565
Oxidizing,Object_11175
Toxic,Object_02718
Fragile,Object_08986
Corrosive,Object_13000
Unspecified,Object_02821
Pressurized,Object_06071
Pressurized,Object_13428
Toxic,Object_07461
Unspecified,Object_06365
Pressurized,Object_11000
Fragile,Object_05426
Flammable,Object_09462
Food,Object_01522
Explosive,Object_02630
Oxidizing,Object_11640
Toxic,Object_08337
Radioactive,Object_08130
Unspecified,Object_02223
Food,Object_09667
Pressurized,Object_09669
Fragile,Object_08980
Explosive,Object_08189
Unspecified,Object_12217
Fragile,Object_04990
Food,Object_07189
Radioactive,Object_12856
Radioactive,Object_06520
Food,Object_07115
Radioactive,Object_03611
Pressurized,Object_06364
Corrosive,Object_03383
Explosive,Object_02203
Fragile,Object_02832
Unspecified,Object_13081
Food,Object_14412
Food,Object_01691
Explosive,Object_08877
Pressurized,Object_04767
Corrosive,Object_14259
Oxidizing,Object_06709
Corrosive,Object_09747
Food,Object_05924
Corrosive,Object_07143
Unspecified,Object_09405
Fragile,Object_02670
Unspecified,Object_06469
Fragile,Object_13021
Toxic,Object_01082
Radioactive,Object_01345
Fragile,Object_12666
Explosive,Object_06065
Unspecified,Object_13082
Pressurized,Object_00309
Pressurized,Object_05279
Oxidizing,Object_05659
Flammable,Object_14575
Food,Object_05910
Corrosive,Object_10729
Radioactive,Object_06028
Toxic,Object_07471
Radioactive,Object_03872
Flammable,Object_11030
Radioactive,Object_08148
Unspecified,Object_04266
Food,Object_10015
Flammable,Object_01991
Explosive,Object_02541
Flammable,Object_12798
Radioactive,Object_11665
Explosive,Object_01241
Toxic,Object_13314
Corrosive,Object_14330
Unspecified,Object_09629
Radioactive,Object_13561
Corrosive,Object_13869
Toxic,Object_00494
Flammable,Object_14478
Flammable,Object_05112
Flammable,Object_11313
Oxidizing,Object_02381
Corrosive,Object_12298
Unspecified,Object_01632
Unspecified,Object_12605
Corrosive,Object_00267
Unspecified,Object_10747
Food,Object_09415
Fragile,Object_11369
Unspecified,Object_11164
Fragile,Object_04655
Pressurized,Object_08511
Radioactive,Object_02677
Unspecified,Object_00258
Unspecified,Object_00152
Food,Object_14357
Corrosive,Object_10122
Radioactive,Object_11254
Pressurized,Object_08257
Food,Object_06330
Toxic,Object_10723
Pressurized,Object_06741
Toxic,Object_07425
Flammable,Object_01762
Oxidizing,Object_13847
Radioactive,Object_06039
Toxic,Object_11685
Oxidizing,Object_07781
Corrosive,Object_00523
Toxic,Object_06857
Flammable,Object_10531
Unspecified,Object_13193
Explosive,Object_03576
Unspecified,Object_02533
Flammable,Object_14774
Explosive,Object_09603
Unspecified,Object_08794
Food,Object_06884
Oxidizing,Object_13901
Food,Object_06187
Pressurized,Object_10932
Food,Object_12739
Explosive,Object_13176
Oxidizing,Object_10501
Fragile,Object_11338
Radioactive,Object_05114
Explosive,Object_12769
Fragile,Object_00320
Unspecified,Object_04128
Radioactive,Object_04868
Oxidizing,Object_08807
Fragile,Object_09057
Explosive,Object_08798
Oxidizing,Object_08089
Explosive,Object_06536
Toxic,Object_07219
Corrosive,Object_06390
Oxidizing,Object_11820
Corrosive,Object_01421
Pressurized,Object_00029
Oxidizing,Object_03565
Corrosive,Object_13705
Corrosive,Object_01880
Flammable,Object_11775
Pressurized,Object_01466
Pressurized,Object_13429
Toxic,Object_04867
Radioactive,Object_07997
Explosive,Object_02611
Radioactive,Object_10725
Food,Object_04905
Toxic,Object_14961
Fragile,Object_14505
Flammable,Object_08291
Corrosive,Object_06209
Fragile,Object_09805
Explosive,Object_00394
Unspecified,Object_12497
Food,Object_06031
Fragile,Object_14867
Pressurized,Object_01141
Toxic,Object_12680
Oxidizing,Object_01014
Explosive,Object_04973
Corrosive,Object_10484
Food,Object_11435
Flammable,Object_06727
Explosive,Object_12844
Toxic,Object_14116
Food,Object_04270
Flammable,Object_13356
Radioactive,Object_14876
Fragile,Object_14902
Oxidizing,Object_09013
Toxic,Object_11738
Pressurized,Object_12382
Flammable,Object_00952
Fragile,Object_06045
Unspecified,Object_13187
Flammable,Object_13008
Pressurized,Object_04893
Radioactive,Object_13287
Oxidizing,Object_00019
Toxic,Object_09932
Fragile,Object_10335
Pressurized,Object_09253
Oxidizing,Object_10446
Fragile,Object_13823
Unspecified,Object_04765
Unspecified,Object_10434
Food,Object_00020
Unspecified,Object_10781
Corrosive,Object_08643
Radioactive,Object_00804
Fragile,Object_00077
Explosive,Object_06340
Radioactive,Object_00861
Toxic,Object_03200
Oxidizing,Object_02595
Flammable,Object_11776
Food,Object_12309
Fragile,Object_08796
Oxidizing,Object_03950
Fragile,Object_05616
Food,Object_05691
Pressurized,Object_14862
Food,Object_07889
Flammable,Object_08855
Explosive,Object_02054
Toxic,Object_09677
Fragile,Object_13266
Fragile,Object_02784
Fragile,Object_01561
Flammable,Object_12195
Food,Object_02040
Pressurized,Object_05820
Food,Object_04541
Radioactive,Object_04659
Corrosive,Object_12630
Corrosive,Object_14002
Pressurized,Object_13594
Corrosive,Object_12467
Fragile,Object_02796
Unspecified,Object_03277
Radioactive,Object_03659
Oxidizing,Object_06740
Unspecified,Object_09368
Oxidizing,Object_04155
Corrosive,Object_03577
Toxic,Object_05704
Radioactive,Object_14931
Pressurized,Object_11914
Toxic,Object_08293
Radioactive,Object_12935
Flammable,Object_14341
Unspecified,Object_11208
Pressurized,Object_09299
Food,Object_11967
Flammable,Object_13998
Unspecified,Object_13557
Explosive,Object_08017
Corrosive,Object_02133
Toxic,Object_12776
Toxic,Object_02787
Food,Object_01431
Corrosive,Object_10898
Flammable,Object_00758
Unspecified,Object_01191
Radioactive,Object_07831
Fragile,Object_10733
Explosive,Object_00024
Flammable,Object_06777
Radioactive,Object_11645
Food,Object_00313
Fragile,Object_03807
Explosive,Object_11302
Flammable,Object_08965
Explosive,Object_02499
Flammable,Object_05403
Food,Object_13638
Pressurized,Object_03562
Food,Object_00640
Unspecified,Object_01644
Fragile,Object_02644
Food,Object_07733
Flammable,Object_09311
Food,Object_06374
Unspecified,Object_10984
Corrosive,Object_14747
Corrosive,Object_04648
Unspecified,Object_13031
Unspecified,Object_14979
Radioactive,Object_04925
Explosive,Object_14530
Toxic,Object_03062
Fragile,Object_06259
Toxic,Object_07037
Food,Object_11904
Flammable,Object_13676
Fragile,Object_05446
Fragile,Object_13289
Toxic,Object_11365
Toxic,Object_01770
Radioactive,Object_06349
Oxidizing,Object_05113
Pressurized,Object_05092
Explosive,Object_08271
Radioactive,Object_04491
Fragile,Object_12977
Toxic,Object_04420
Flammable,Object_14242
Oxidizing,Object_10250
Fragile,Object_04749
Oxidizing,Object_04744
Explosive,Object_12508
Explosive,Object_02628
Flammable,Object_10767
Toxic,Object_03258
Oxidizing,Object_12622
Fragile,Object_10214
Pressurized,Object_07518
Fragile,Object_03737
Corrosive,Object_05574
Pressurized,Object_07376
Flammable,Object_06981
Explosive,Object_08439
Flammable,Object_08025
Oxidizing,Object_05903
Food,Object_05199
Oxidizing,Object_06366
Fragile,Object_10776
Oxidizing,Object_00589
Toxic,Object_11592
Explosive,Object_08853
Oxidizing,Object_03407
Pressurized,Object_07849
Food,Object_00155
Radioactive,Object_11522
Fragile,Object_06963
Flammable,Object_11400
Unspecified,Object_02819
Oxidizing,Object_06766
Flammable,Object_08532
Unspecified,Object_06250
Oxidizing,Object_04094
Oxidizing,Object_04027
Corrosive,Object_08488
Explosive,Object_14857
Flammable,Object_01265
Fragile,Object_11856
Explosive,Object_03973
Oxidizing,Object_08224
Pressurized,Object_14837
Pressurized,Object_06076
Flammable,Object_14432
Unspecified,Object_01796
Pressurized,Object_06606
Food,Object_02431
Corrosive,Object_09703
Explosive,Object_01043
Food,Object_02688
Radioactive,Object_09453
Food,Object_06882
Unspecified,Object_11192
Corrosive,Object_11033
Corrosive,Object_02639
Food,Object_03985
Corrosive,Object_06603
Unspecified,Object_11867
Radioactive,Object_08572
Explosive,Object_14244
Toxic,Object_10666
Radioactive,Object_12580
Oxidizing,Object_02878
Food,Object_07603
Unspecified,Object_09865
Food,Object_02277
Explosive,Object_07759
Toxic,Object_12479
Radioactive,Object_01953
Fragile,Object_10630
Fragile,Object_14674
Corrosive,Object_09730
Toxic,Object_07462
Unspecified,Object_06046
Fragile,Object_07667
Flammable,Object_03783
Oxidizing,Object_11523
Oxidizing,Object_05603
Flammable,Object_06289
Corrosive,Object_12867
Toxic,Object_13141
Corrosive,Object_02757
Fragile,Object_13515
Toxic,Object_14266
Fragile,Object_09943
Unspecified,Object_14453
Flammable,Object_06781
Oxidizing,Object_02249
Unspecified,Object_13015
Oxidizing,Object_03993
Fragile,Object_13784
Radioactive,Object_01729
Unspecified,Object_14866
Fragile,Object_12834
Radioactive,Object_11235
Pressurized,Object_12296
Pressurized,Object_05261
Explosive,Object_03919
Food,Object_05272
Food,Object_11732
Oxidizing,Object_13376
Corrosive,Object_05729
Toxic,Object_11452
Oxidizing,Object_07303
Corrosive,Object_08631
Radioactive,Object_04000
Pressurized,Object_06513
Food,Object_03769
Toxic,Object_14541
Pressurized,Object_07061
Flammable,Object_12706
Corrosive,Object_14687
Explosive,Object_06843
Toxic,Object_03852
Radioactive,Object_07186
Fragile,Object_13045
Toxic,Object_10937
Flammable,Object_08811
Corrosive,Object_08584
Radioactive,Object_06301
Radioactive,Object_13023
Explosive,Object_13271
Flammable,Object_05431
Oxidizing,Object_05705
Radioactive,Object_12707
Toxic,Object_07696
Fragile,Object_10505
Oxidizing,Object_05111
Corrosive,Object_14203
Food,Object_14915
Fragile,Object_11646
Food,Object_13918
Toxic,Object_04614
Oxidizing,Object_05637
Radioactive,Object_03333
Corrosive,Object_14745
Radioactive,Object_02597
Radioactive,Object_03707
Toxic,Object_07139
Food,Object_10126
Unspecified,Object_01008
Food,Object_08132
Fragile,Object_12840
Fragile,Object_09785
Toxic,Object_10589
Radioactive,Object_08331
Explosive,Object_00839
Corrosive,Object_02723
Corrosive,Object_09646
Oxidizing,Object_01022
Flammable,Object_09488
Toxic,Object_02898
Toxic,Object_03161
Pressurized,Object_07983
Toxic,Object_07891
Fragile,Object_09017
Corrosive,Object_01457
Oxidizing,Object_10652
Radioactive,Object_12244
Fragile,Object_11539
Radioactive,Object_12897
Toxic,Object_00506
Unspecified,Object_08726
Fragile,Object_08490
Unspecified,Object_05155
Food,Object_14343
Unspecified,Object_15076
Unspecified,Object_05349
Toxic,Object_05708
Radioactive,Object_05253
Radioactive,Object_04560
Fragile,Object_09554
Explosive,Object_00719
Corrosive,Object_05819
Food,Object_05487
Explosive,Object_05931
Pressurized,Object_11696
Toxic,Object_04792
Toxic,Object_09989
Corrosive,Object_03050
Fragile,Object_14378
Corrosive,Object_05976
Corrosive,Object_12949
Food,Object_13126
Toxic,Object_03460
Pressurized,Object_13678
Food,Object_06498
Radioactive,Object_11955
Corrosive,Object_13924
Explosive,Object_05507
Fragile,Object_07203
Unspecified,Object_07523
Explosive,Object_12248
Explosive,Object_09837
Corrosive,Object_03078
Food,Object_14402
Corrosive,Object_05425
Oxidizing,Object_12025
Unspecified,Object_08521
Flammable,Object_03869
Flammable,Object_00264
Flammable,Object_05655
Toxic,Object_02496
Toxic,Object_07194
Corrosive,Object_15053
Oxidizing,Object_05699
Radioactive,Object_05658
Fragile,Object_01111
Flammable,Object_02062
Flammable,Object_10059
Oxidizing,Object_09881
Toxic,Object_01136
Fragile,Object_00016
Toxic,Object_08107
Radioactive,Object_15059
Oxidizing,Object_10866
Food,Object_03036
Food,Object_08609
Explosive,Object_02274
Oxidizing,Object_11842
Oxidizing,Object_07855
Pressurized,Object_14347
Oxidizing,Object_11771
Flammable,Object_14638
Toxic,Object_05547
Explosive,Object_14256
Pressurized,Object_10649
Radioactive,Object_15120
Radioactive,Object_08465
Corrosive,Object_12164
Radioactive,Object_01412
Fragile,Object_00254
Oxidizing,Object_04728
Unspecified,Object_02228
Food,Object_06555
Explosive,Object_00532
Pressurized,Object_04192
Food,Object_13637
Food,Object_14997
Food,Object_08740
Fragile,Object_01434
Food,Object_06548
Pressurized,Object_02863
Fragile,Object_12507
Corrosive,Object_10229
Fragile,Object_06367
Toxic,Object_11919
Toxic,Object_14170
Corrosive,Object_13810
Radioactive,Object_04946
Unspecified,Object_09982
Flammable,Object_09619
Fragile,Object_13893
Fragile,Object_10841
Unspecified,Object_04453
Food,Object_03025
Fragile,Object_03092
Explosive,Object_08015
Toxic,Object_08062
Corrosive,Object_04782
Radioactive,Object_03522
Pressurized,Object_04581
Flammable,Object_07985
Flammable,Object_13245
Radioactive,Object_00483
Corrosive,Object_08032
Corrosive,Object_00689
Flammable,Object_07848
Flammable,Object_08350
Flammable,Object_14842
Radioactive,Object_06571
Pressurized,Object_13531
Fragile,Object_06956
Oxidizing,Object_07632
Oxidizing,Object_10276
Fragile,Object_14148
Unspecified,Object_13167
Flammable,Object_00832
Pressurized,Object_07380
Explosive,Object_14909
Radioactive,Object_07032
Corrosive,Object_10722
Pressurized,Object_03385
Corrosive,Object_01559
Flammable,Object_08355
Fragile,Object_14174
Food,Object_07808
Unspecified,Object_08647
Toxic,Object_13006
Fragile,Object_01394
Radioactive,Object_10907
Toxic,Object_08830
Toxic,Object_02407
Fragile,Object_02482
Toxic,Object_12218
Unspecified,Object_10140
Unspecified,Object_04455
Fragile,Object_01980
Flammable,Object_13300
Pressurized,Object_06189
Oxidizing,Object_00053
Toxic,Object_12986
Corrosive,Object_05613
Unspecified,Object_04336
Toxic,Object_01420
Fragile,Object_09780
Pressurized,Object_08739
Radioactive,Object_14522
Food,Object_01196
Flammable,Object_13230
Explosive,Object_03404
Corrosive,Object_01424
Oxidizing,Object_00154
Fragile,Object_11750
Corrosive,Object_11035
Fragile,Object_00704
Corrosive,Object_11622
Radioactive,Object_00113
Unspecified,Object_08573
Flammable,Object_12527
Oxidizing,Object_09563
Explosive,Object_06805
Oxidizing,Object_14545
Flammable,Object_10301
Oxidizing,Object_05441
Pressurized,Object_12887
Radioactive,Object_13871
Flammable,Object_09409
Fragile,Object_07925
Unspecified,Object_08436
Radioactive,Object_00038
Fragile,Object_11019
Fragile,Object_10494
Food,Object_14493
Food,Object_06823
Flammable,Object_09952
Unspecified,Object_00563
Corrosive,Object_01834
Oxidizing,Object_03035
Flammable,Object_05813
Pressurized,Object_03104
Corrosive,Object_07753
Explosive,Object_09414
Oxidizing,Object_14788
Radioactive,Object_08201
Pressurized,Object_12166
Toxic,Object_01752
Pressurized,Object_12861
Explosive,Object_01502
Explosive,Object_03649
Oxidizing,Object_12459
Unspecified,Object_03524
Fragile,Object_04131
Radioactive,Object_05330
Flammable,Object_12148
Toxic,Object_02128
Food,Object_06671
Toxic,Object_05369
Explosive,Object_05366
Toxic,Object_00561
Fragile,Object_08489
Explosive,Object_09345
Fragile,Object_02646
Corrosive,Object_12735
Pressurized,Object_07756
Oxidizing,Object_09544
Unspecified,Object_07917
Corrosive,Object_08006
Fragile,Object_12758
Radioactive,Object_10123
Unspecified,Object_08154
Oxidizing,Object_10918
Radioactive,Object_08396
Toxic,Object_03725
Flammable,Object_10449
Pressurized,Object_14811
Food,Object_14346
Pressurized,Object_00961
Pressurized,Object_13690
Food,Object_13649
Toxic,Object_08819
Food,Object_11153
Flammable,Object_03059
Food,Object_01226
Corrosive,Object_00888
Flammable,Object_09037
Corrosive,Object_09763
Explosive,Object_06341
Corrosive,Object_06487
Toxic,Object_14157
Fragile,Object_04912
Corrosive,Object_07124
Toxic,Object_04287
Oxidizing,Object_02389
Radioactive,Object_11504
Fragile,Object_13568
Unspecified,Object_06282
Flammable,Object_04689
Radioactive,Object_08715
Toxic,Object_07001
Flammable,Object_08657
Fragile,Object_10119
Food,Object_06771
Corrosive,Object_01183
Fragile,Object_12109
Oxidizing,Object_13413
Radioactive,Object_14688
Oxidizing,Object_05190
Fragile,Object_03986
Unspecified,Object_03859
Toxic,Object_14939
Flammable,Object_13486
Toxic,Object_13326
Toxic,Object_00696
Toxic,Object_00064
Fragile,Object_07897
Unspecified,Object_13907
Explosive,Object_04886
Unspecified,Object_00423
Pressurized,Object_08905
Radioactive,Object_08426
Corrosive,Object_03765
Toxic,Object_02119
Unspecified,Object_08533
Unspecified,Object_13492
Radioactive,Object_00776
Fragile,Object_14359
Flammable,Object_07232
Pressurized,Object_12036
Fragile,Object_12652
Radioactive,Object_13719
Pressurized,Object_12422
Corrosive,Object_08096
Pressurized,Object_07439
Food,Object_06816
Flammable,Object_11977
Flammable,Object_12529
Pressurized,Object_10013
Fragile,Object_10959
Radioactive,Object_05416
Fragile,Object_08508
Corrosive,Object_02474
Pressurized,Object_04038
Unspecified,Object_07295
Explosive,Object_10208
Flammable,Object_05184
Oxidizing,Object_14382
Fragile,Object_07277
Radioactive,Object_04894
Food,Object_09431
Corrosive,Object_09265
Unspecified,Object_03232
Corrosive,Object_02178
Food,Object_00280
Toxic,Object_09985
Pressurized,Object_08008
Unspecified,Object_12427
Pressurized,Object_05557
Unspecified,Object_02892
Explosive,Object_10632
Explosive,Object_06037
Toxic,Object_12367
Pressurized,Object_09895
Fragile,Object_06207
Flammable,Object_12012
Toxic,Object_00695
Fragile,Object_07874
Explosive,Object_12161
Unspecified,Object_08207
Flammable,Object_13726
Food,Object_02966
Flammable,Object_12149
Fragile,Object_01343
Pressurized,Object_10974
Flammable,Object_01219
Oxidizing,Object_01246
Radioactive,Object_12249
Unspecified,Object_00780
Corrosive,Object_14051
Radioactive,Object_08324
Food,Object_01928
Explosive,Object_09916
Food,Object_09572
Radioactive,Object_00584
Corrosive,Object_14900
Food,Object_07152
Corrosive,Object_05015
Food,Object_12144
Flammable,Object_08065
Radioactive,Object_02658
Flammable,Object_08911
Explosive,Object_00006
Toxic,Object_04680
Toxic,Object_13142
Corrosive,Object_06169
Corrosive,Object_01076
Food,Object_00970
Explosive,Object_10692
Unspecified,Object_09333
Pressurized,Object_09027
Flammable,Object_10245
Radioactive,Object_07413
Oxidizing,Object_12878
Food,Object_12737
Pressurized,Object_09939
Explosive,Object_10236
Unspecified,Object_12539
Explosive,Object_09351
Corrosive,Object_06580
Radioactive,Object_06736
Oxidizing,Object_11729
Toxic,Object_01590
Flammable,Object_09505
Fragile,Object_10170
Pressurized,Object_10693
Toxic,Object_09854
Unspecified,Object_09332
Oxidizing,Object_05645
Pressurized,Object_06773
Toxic,Object_05695
Food,Object_01256
Toxic,Object_05511
Food,Object_09373
Toxic,Object_01029
Explosive,Object_04396
Fragile,Object_11253
Oxidizing,Object_13365
Pressurized,Object_04822
Flammable,Object_02308
Pressurized,Object_09902
Fragile,Object_05994
Pressurized,Object_05601
Toxic,Object_06812
Pressurized,Object_08372
Radioactive,Object_08225
Fragile,Object_10548
Pressurized,Object_09853
Pressurized,Object_15098
Toxic,Object_12684
Radioactive,Object_04293
Fragile,Object_08268
Pressurized,Object_03112
Toxic,Object_04007
Oxidizing,Object_00803
Fragile,Object_14472
Corrosive,Object_13997
Explosive,Object_05881
Food,Object_05542
Pressurized,Object_03118
Unspecified,Object_01605
Explosive,Object_11492
Pressurized,Object_08404
Food,Object_06901
Radioactive,Object_07169
Pressurized,Object_05226
Corrosive,Object_04045
Radioactive,Object_00284
Toxic,Object_00498
Explosive,Object_02416
Fragile,Object_03647
Unspecified,Object_04594
Unspecified,Object_14918
Fragile,Object_06418
Radioactive,Object_07266
Flammable,Object_08650
Toxic,Object_13244
Oxidizing,Object_02731
Flammable,Object_01675
Oxidizing,Object_01138
Food,Object_11286
Pressurized,Object_03012
Unspecified,Object_12523
Unspecified,Object_03832
Pressurized,Object_02000
Corrosive,Object_06955
Food,Object_10707
Unspecified,Object_00631
Food,Object_12610
Corrosive,Object_13242
Flammable,Object_01049
Explosive,Object_12083
Oxidizing,Object_04203
Unspecified,Object_10045
Explosive,Object_11345
Explosive,Object_10566
Oxidizing,Object_01906
Fragile,Object_07769
Oxidizing,Object_01565
Toxic,Object_01389
Unspecified,Object_04592
Fragile,Object_11086
Unspecified,Object_13139
Flammable,Object_14464
Flammable,Object_06145
Oxidizing,Object_03504
Explosive,Object_01528
Explosive,Object_10093
Food,Object_03145
Food,Object_10892
Fragile,Object_07226
Radioactive,Object_08690
Explosive,Object_08227
Radioactive,Object_03434
Oxidizing,Object_10631
Explosive,Object_00638
Pressurized,Object_02464
Radioactive,Object_10242
Food,Object_03945
Oxidizing,Object_13117
Corrosive,Object_07841
Fragile,Object_14492
Corrosive,Object_02917
Fragile,Object_04883
Unspecified,Object_14497
Radioactive,Object_14826
Fragile,Object_10694
Toxic,Object_07863
Corrosive,Object_10209
Food,Object_10485
Toxic,Object_04847
Corrosive,Object_13979
Oxidizing,Object_07755
Fragile,Object_07264
Explosive,Object_13544
Unspecified,Object_13770
Unspecified,Object_10072
Explosive,Object_08625
Radioactive,Object_02927
Unspecified,Object_03096
Flammable,Object_12342
Pressurized,Object_00586
Explosive,Object_13618
Unspecified,Object_01536
Explosive,Object_01858
Pressurized,Object_13268
Explosive,Object_14885
Corrosive,Object_12971
Explosive,Object_03526
Pressurized,Object_09663
Unspecified,Object_06617
Food,Object_14413
Oxidizing,Object_12990
Oxidizing,Object_01037
Oxidizing,Object_13599
Pressurized,Object_02061
Food,Object_01614
Flammable,Object_09354
Unspecified,Object_02512
Food,Object_00763
Radioactive,Object_02485
Explosive,Object_01360
Food,Object_10536
Corrosive,Object_02156
Pressurized,Object_03143
Flammable,Object_03721
Toxic,Object_03570
Explosive,Object_09005
Flammable,Object_09587
Toxic,Object_04457
Explosive,Object_10682
Corrosive,Object_04521
Flammable,Object_09424
Flammable,Object_08775
Oxidizing,Object_04763
Flammable,Object_15109
Toxic,Object_13986
Corrosive,Object_13037
Pressurized,Object_02907
Pressurized,Object_08961
Unspecified,Object_10255
Radioactive,Object_01676
Explosive,Object_03127
Toxic,Object_01630
Corrosive,Object_09581
Pressurized,Object_05843
Corrosive,Object_12439
Oxidizing,Object_14407
Food,Object_03095
Radioactive,Object_04269
Fragile,Object_02645
Pressurized,Object_07153
Unspecified,Object_09884
Toxic,Object_05367
Toxic,Object_08682
Corrosive,Object_02470
Toxic,Object_02120
Food,Object_05435
Radioactive,Object_07114
Radioactive,Object_02518
Explosive,Object_03795
Explosive,Object_03322
Pressurized,Object_14713
Pressurized,Object_06309
Fragile,Object_05013
Oxidizing,Object_11214
Oxidizing,Object_09535
Explosive,Object_11736
Flammable,Object_10663
Flammable,Object_14113
Unspecified,Object_03718
Corrosive,Object_14817
Corrosive,Object_12531
Explosive,Object_03828
Radioactive,Object_08370
Flammable,Object_08345
Oxidizing,Object_05215
Unspecified,Object_04030
Corrosive,Object_13166
Oxidizing,Object_03227
Pressurized,Object_13214
Corrosive,Object_07586
Corrosive,Object_12577
Radioactive,Object_10279
Unspecified,Object_05319
Food,Object_02586
Pressurized,Object_01477
Flammable,Object_01884
Oxidizing,Object_10012
Flammable,Object_12225
Unspecified,Object_05148
Toxic,Object_03452
Pressurized,Object_02607
Oxidizing,Object_13179
Corrosive,Object_09643
Pressurized,Object_07391
Radioactive,Object_10541
Food,Object_11243
Corrosive,Object_07463
Pressurized,Object_00591
Fragile,Object_11607
Toxic,Object_08941
Radioactive,Object_03922
Unspecified,Object_14215
Food,Object_08149
Flammable,Object_00642
Flammable,Object_03002
Radioactive,Object_02601
Explosive,Object_11711
Food,Object_09551
Oxidizing,Object_14231
Pressurized,Object_11109
Food,Object_11044
Food,Object_10708
Fragile,Object_02700
Explosive,Object_10046
Fragile,Object_13488
Explosive,Object_11189
Food,Object_01288
Unspecified,Object_10763
Explosive,Object_09360
Radioactive,Object_03331
Explosive,Object_03022
Oxidizing,Object_09977
Explosive,Object_11777
Toxic,Object_13834
Unspecified,Object_03972
Explosive,Object_12136
Pressurized,Object_14697
Food,Object_13980
Radioactive,Object_06910
Pressurized,Object_13589
Toxic,Object_14035
Fragile,Object_04011
Food,Object_10863
Explosive,Object_02788
Food,Object_00377
Radioactive,Object_00153
Oxidizing,Object_13781
Explosive,Object_00128
Corrosive,Object_13065
Toxic,Object_07708
Fragile,Object_06541
Fragile,Object_11811
Flammable,Object_14564
Food,Object_14032
Explosive,Object_05907
Unspecified,Object_09726
Unspecified,Object_07942
Food,Object_07525
Fragile,Object_00514
Flammable,Object_13116
Flammable,Object_14082
Corrosive,Object_06035
Food,Object_09096
Radioactive,Object_00134
Flammable,Object_09771
Fragile,Object_01862
Food,Object_06591
Fragile,Object_12461
Pressurized,Object_13191
Oxidizing,Object_00723
Flammable,Object_06967
Food,Object_12865
Explosive,Object_08558
Flammable,Object_01296
Toxic,Object_08787
Radioactive,Object_02855
Food,Object_10689
Corrosive,Object_14138
Oxidizing,Object_14707
Corrosive,Object_09365
Toxic,Object_08963
Flammable,Object_08070
Corrosive,Object_09778
Corrosive,Object_06007
Corrosive,Object_13215
Oxidizing,Object_04302
Food,Object_08976
Fragile,Object_11296
Toxic,Object_13219
Unspecified,Object_00693
Pressurized,Object_11938
Unspecified,Object_03685
Flammable,Object_04673
Oxidizing,Object_05033
Oxidizing,Object_00456
Explosive,Object_02951
Toxic,Object_06661
Radioactive,Object_07834
Corrosive,Object_14655
Explosive,Object_02236
Fragile,Object_10644
Radioactive,Object_08503
Radioactive,Object_13476
Toxic,Object_10244
Corrosive,Object_02631
Oxidizing,Object_07620
Corrosive,Object_06379
Corrosive,Object_08097
Unspecified,Object_05337
Fragile,Object_10825
Pressurized,Object_04313
Corrosive,Object_05440
Food,Object_09875
Corrosive,Object_00524
Toxic,Object_12656
Corrosive,Object_04794
Corrosive,Object_09248
Toxic,Object_09847
Flammable,Object_00503
Food,Object_09628
Radioactive,Object_06217
Pressurized,Object_09342
Corrosive,Object_10408
Explosive,Object_10954
Fragile,Object_07823
Toxic,Object_03974
Pressurized,Object_12451
Corrosive,Object_00948
Corrosive,Object_04371
Food,Object_12647
Explosive,Object_08918
Unspecified,Object_11697
Fragile,Object_06203
Explosive,Object_00747
Explosive,Object_00510
Pressurized,Object_06138
Oxidizing,Object_04903
Toxic,Object_04645
Flammable,Object_03173
Toxic,Object_06029
Radioactive,Object_04474
Unspecified,Object_00079
Food,Object_10384
Unspecified,Object_07612
Toxic,Object_02440
Radioactive,Object_13227
Oxidizing,Object_02339
Oxidizing,Object_13404
Explosive,Object_03833
Radioactive,Object_02112
Unspecified,Object_06886
Fragile,Object_02769
Pressurized,Object_04896
Unspecified,Object_09806
Corrosive,Object_07288
Food,Object_05992
Explosive,Object_13228
Unspecified,Object_04146
Corrosive,Object_04593
Oxidizing,Object_05437
Toxic,Object_00655
Oxidizing,Object_03736
Explosive,Object_14369
Corrosive,Object_10100
Radioactive,Object_06780
Pressurized,Object_12087
Pressurized,Object_13453
Toxic,Object_12602
Oxidizing,Object_11815
Unspecified,Object_03732
Pressurized,Object_07051
Flammable,Object_08746
Food,Object_04258
Toxic,Object_13309
Explosive,Object_11515
Fragile,Object_07972
Explosive,Object_11330
Unspecified,Object_14300
Fragile,Object_06392
Fragile,Object_14013
Flammable,Object_09115
Toxic,Object_06427
Explosive,Object_05443
Unspecified,Object_04628
Explosive,Object_04363
Explosive,Object_01153
Oxidizing,Object_05293
Food,Object_09775
Oxidizing,Object_11702
Food,Object_05939
Food,Object_06645
Pressurized,Object_01904
Pressurized,Object_12608
Pressurized,Object_14180
Flammable,Object_03762
Toxic,Object_04383
Unspecified,Object_06675
Flammable,Object_05411
Toxic,Object_05725
Food,Object_13204
Radioactive,Object_10156
Oxidizing,Object_03888
Flammable,Object_10278
Oxidizing,Object_09327
Pressurized,Object_09866
Explosive,Object_00261
Toxic,Object_06152
Radioactive,Object_11307
Flammable,Object_08953
Explosive,Object_08579
Fragile,Object_14852
Explosive,Object_13498
Food,Object_03149
Toxic,Object_14512
Corrosive,Object_05265
Fragile,Object_10574
Flammable,Object_12566
Unspecified,Object_01045
Oxidizing,Object_10389
Explosive,Object_03256
Explosive,Object_10289
Explosive,Object_05347
Food,Object_09501
Fragile,Object_02204
Unspecified,Object_06056
Oxidizing,Object_12241
Oxidizing,Object_03120
Corrosive,Object_12598
Flammable,Object_05548
Pressurized,Object_07581
Oxidizing,Object_00358
Unspecified,Object_02427
Pressurized,Object_14709
Explosive,Object_02714
Corrosive,Object_13552
Explosive,Object_12923
Corrosive,Object_10083
Explosive,Object_07220
Pressurized,Object_08256
Unspecified,Object_04303
Toxic,Object_08059
Oxidizing,Object_15104
Explosive,Object_05635
Unspecified,Object_05936
Food,Object_09397
Toxic,Object_03487
Radioactive,Object_05690
Explosive,Object_04751
Unspecified,Object_06359
Fragile,Object_10080
Unspecified,Object_10516
Unspecified,Object_02039
Unspecified,Object_03917
Explosive,Object_14450
Oxidizing,Object_13688
Food,Object_06624
Radioactive,Object_05544
Fragile,Object_12928
Flammable,Object_07402
Toxic,Object_15128
Pressurized,Object_12336
Fragile,Object_04538
Flammable,Object_02368
Food,Object_04439
Pressurized,Object_05420
Corrosive,Object_14281
Explosive,Object_09294
Corrosive,Object_10075
Unspecified,Object_09907
Food,Object_03947
Pressurized,Object_01051
Unspecified,Object_05391
Food,Object_02730
Oxidizing,Object_05826
Radioactive,Object_05526
Radioactive,Object_09502
Pressurized,Object_06202
Corrosive,Object_08146
Toxic,Object_11770
Explosive,Object_00963
Explosive,Object_14130
Oxidizing,Object_01819
Toxic,Object_15079
Oxidizing,Object_12558
Food,Object_11928
Explosive,Object_12125
Unspecified,Object_06505
Fragile,Object_06714
Toxic,Object_12433
Radioactive,Object_09684
Fragile,Object_04769
Pressurized,Object_10784
Radioactive,Object_13273
Oxidizing,Object_14549
Explosive,Object_07451
Corrosive,Object_03345
Unspecified,Object_09624
Explosive,Object_14114
Explosive,Object_09973
Food,Object_11415
Explosive,Object_04950
Explosive,Object_02052
Unspecified,Object_09259
Oxidizing,Object_09842
Unspecified,Object_08077
Oxidizing,Object_04747
Fragile,Object_02500
Toxic,Object_14132
Oxidizing,Object_00231
Oxidizing,Object_00094
Radioactive,Object_03238
Flammable,Object_06793
Food,Object_07282
Fragile,Object_03156
Toxic,Object_06080
Toxic,Object_13586
Explosive,Object_00806
Oxidizing,Object_09148
Flammable,Object_13465
Oxidizing,Object_09893
Radioactive,Object_12024
Corrosive,Object_11773
Flammable,Object_14355
Fragile,Object_02060
Flammable,Object_02186
Corrosive,Object_06683
Oxidizing,Object_05436
Explosive,Object_10195
Food,Object_09063
Unspecified,Object_01872
Unspecified,Object_14775
Radioactive,Object_01839
Explosive,Object_14957
Fragile,Object_12658
Explosive,Object_12263
Food,Object_01730
Corrosive,Object_02414
Pressurized,Object_11513
Radioactive,Object_14702
Food,Object_11847
Radioactive,Object_13373
Unspecified,Object_03785
Oxidizing,Object_10702
Radioactive,Object_07608
Unspecified,Object_05353
Oxidizing,Object_03825
Oxidizing,Object_03073
Toxic,Object_06191
Radioactive,Object_08190
Corrosive,Object_04242
Toxic,Object_05450
Oxidizing,Object_12972
Pressurized,Object_09644
Food,Object_01406
Toxic,Object_06940
Corrosive,Object_05822
Corrosive,Object_03930
Oxidizing,Object_08019
Corrosive,Object_04563
Corrosive,Object_06937
Explosive,Object_13602
Oxidizing,Object_07601
Unspecified,Object_10586
Unspecified,Object_09263
Explosive,Object_05250
Radioactive,Object_06949
Flammable,Object_05239
Fragile,Object_13699
Toxic,Object_04641
Food,Object_03853
Unspecified,Object_09159
Flammable,Object_09428
Oxidizing,Object_09399
Pressurized,Object_10714
Fragile,Object_06865
Oxidizing,Object_03275
Oxidizing,Object_02635
Pressurized,Object_04055
Fragile,Object_00844
Toxic,Object_01818
Toxic,Object_09393
Radioactive,Object_10955
Fragile,Object_10801
Food,Object_08145
Flammable,Object_14447
Oxidizing,Object_05071
Toxic,Object_02330
Unspecified,Object_09199
Unspecified,Object_09679
Oxidizing,Object_13579
Toxic,Object_02745
Radioactive,Object_04406
Food,Object_13972
Oxidizing,Object_10328
Food,Object_14364
Toxic,Object_08039
Corrosive,Object_10667
Food,Object_08913
Fragile,Object_07661
Radioactive,Object_11947
Fragile,Object_01491
Corrosive,Object_09583
Food,Object_00090
Corrosive,Object_08072
Food,Object_07126
Food,Object_13050
Toxic,Object_00819
Food,Object_12184
Oxidizing,Object_06104
Explosive,Object_01702
Radioactive,Object_03210
Food,Object_11823
Food,Object_06024
Unspecified,Object_04314
Pressurized,Object_04304
Radioactive,Object_14624
Toxic,Object_12970
Corrosive,Object_07655
Oxidizing,Object_10321
Corrosive,Object_09739
Toxic,Object_06153
Oxidizing,Object_11524
Unspecified,Object_12173
Corrosive,Object_02356
Fragile,Object_11521
Food,Object_09235
Corrosive,Object_04791
Unspecified,Object_06531
Radioactive,Object_07322
Oxidizing,Object_01013
Food,Object_11716
Fragile,Object_03933
Food,Object_03584
Corrosive,Object_07900
Flammable,Object_13105
Fragile,Object_06213
Food,Object_11891
Food,Object_03810
Food,Object_07368
Explosive,Object_08217
Radioactive,Object_13057
Unspecified,Object_12756
Unspecified,Object_08754
Pressurized,Object_14934
Radioactive,Object_12450
Radioactive,Object_13625
Unspecified,Object_03209
Unspecified,Object_14933
Food,Object_12039
Food,Object_13235
Fragile,Object_03219
Radioactive,Object_01274
Oxidizing,Object_02976
Pressurized,Object_13984
Flammable,Object_02884
Unspecified,Object_02373
Fragile,Object_10971
Fragile,Object_04582
Corrosive,Object_05905
Corrosive,Object_02264
Corrosive,Object_01419
Fragile,Object_12289
Unspecified,Object_11845
Explosive,Object_10258
Unspecified,Object_05109
Radioactive,Object_02075
Oxidizing,Object_10512
Fragile,Object_02675
Oxidizing,Object_00434
Explosive,Object_01062
Radioactive,Object_15003
Toxic,Object_09349
Corrosive,Object_12717
Unspecified,Object_10716
Pressurized,Object_04461
Radioactive,Object_04731
Pressurized,Object_00192
Oxidizing,Object_12644
Toxic,Object_15031
Radioactive,Object_09690
Unspecified,Object_06200
Fragile,Object_14726
Corrosive,Object_00863
Toxic,Object_05295
Radioactive,Object_07752
Pressurized,Object_10545
Toxic,Object_03264
Flammable,Object_09983
Explosive,Object_09150
Fragile,Object_08601
Corrosive,Object_05760
Fragile,Object_02117
Pressurized,Object_13796
Food,Object_05696
Radioactive,Object_14600
Oxidizing,Object_09632
Toxic,Object_09531
Unspecified,Object_01750
Fragile,Object_13196
Oxidizing,Object_11788
Food,Object_12322
Explosive,Object_09382
Oxidizing,Object_05897
Fragile,Object_14499
Food,Object_08169
Radioactive,Object_05986
Unspecified,Object_12615
Flammable,Object_10799
Fragile,Object_03539
Radioactive,Object_08042
Unspecified,Object_07933
Toxic,Object_12228
Explosive,Object_13005
Explosive,Object_06149
Flammable,Object_00384
Corrosive,Object_01374
Fragile,Object_04189
Unspecified,Object_02743
Corrosive,Object_12891
Food,Object_14434
Flammable,Object_13577
Corrosive,Object_05689
Radioactive,Object_09121
Food,Object_13514
Fragile,Object_15061
Fragile,Object_14831
Food,Object_12154
Toxic,Object_08471
Food,Object_09064
Unspecified,Object_07600
Unspecified,Object_02952
Unspecified,Object_12138
Flammable,Object_07616
Toxic,Object_02281
Explosive,Object_08956
Toxic,Object_00890
Fragile,Object_00756
Pressurized,Object_02765
Flammable,Object_04156
Radioactive,Object_05256
Food,Object_09243
Unspecified,Object_07703
Corrosive,Object_03372
Fragile,Object_03180
Unspecified,Object_11293
Unspecified,Object_03292
Pressurized,Object_00493
Flammable,Object_12044
Flammable,Object_11383
Unspecified,Object_03263
Corrosive,Object_08848
Fragile,Object_09324
Radioactive,Object_04945
Radioactive,Object_12401
Pressurized,Object_08580
Fragile,Object_08713
Explosive,Object_09291
Pressurized,Object_01125
Oxidizing,Object_03957
Pressurized,Object_04252
Flammable,Object_13721
Flammable,Object_14306
Fragile,Object_13788
Pressurized,Object_13704
Radioactive,Object_13124
Corrosive,Object_10064
Fragile,Object_06291
Explosive,Object_14965
Oxidizing,Object_10436
Fragile,Object_03397
Food,Object_00022
Unspecified,Object_06362
Toxic,Object_13545
Corrosive,Object_06167
Toxic,Object_05531
Oxidizing,Object_13091
Corrosive,Object_02524
Unspecified,Object_00030
Explosive,Object_05631
Fragile,Object_01185
Food,Object_11983
Radioactive,Object_00945
Unspecified,Object_06267
Oxidizing,Object_13775
Unspecified,Object_10177
Fragile,Object_04785
Fragile,Object_05588
Radioactive,Object_11813
Unspecified,Object_08061
Oxidizing,Object_01921
Oxidizing,Object_07424
Toxic,Object_09240
Toxic,Object_05037
Explosive,Object_04086
Unspecified,Object_02231
Food,Object_03437
Flammable,Object_13733
Flammable,Object_03840
Pressurized,Object_13455
Radioactive,Object_02170
Explosive,Object_00992
Fragile,Object_08301
Food,Object_00422
Unspecified,Object_13283
Corrosive,Object_13888
Corrosive,Object_10039
Unspecified,Object_05782
Corrosive,Object_11805
Toxic,Object_10769
Explosive,Object_05053
Corrosive,Object_10111
Explosive,Object_12720
Flammable,Object_13691
Unspecified,Object_07923
Corrosive,Object_02599
Food,Object_14986
Explosive,Object_05913
Food,Object_07373
Flammable,Object_14864
Toxic,Object_06413
Flammable,Object_08893
Unspecified,Object_06759
Corrosive,Object_14100
Flammable,Object_14683
Unspecified,Object_04261
Corrosive,Object_03885
Flammable,Object_00446
Radioactive,Object_03720
Oxidizing,Object_07188
Pressurized,Object_07692
Pressurized,Object_07760
Corrosive,Object_08371
Corrosive,Object_06654
Fragile,Object_06767
Flammable,Object_11407
Pressurized,Object_14625
Pressurized,Object_01970
Corrosive,Object_00370
Oxidizing,Object_02781
Fragile,Object_08510
Explosive,Object_11996
Radioactive,Object_06090
Food,Object_08041
Corrosive,Object_07138
Unspecified,Object_03146
Radioactive,Object_04546
Oxidizing,Object_03223
Fragile,Object_08383
Radioactive,Object_04186
Explosive,Object_05044
Food,Object_12239
Pressurized,Object_03387
Pressurized,Object_02073
Corrosive,Object_07883
Fragile,Object_06414
Oxidizing,Object_04825
Fragile,Object_04104
Corrosive,Object_08233
Radioactive,Object_04882
Oxidizing,Object_15020
Toxic,Object_12637
Toxic,Object_04018
Radioactive,Object_02754
Flammable,Object_11966
Explosive,Object_13578
Radioactive,Object_05336
Radioactive,Object_11354
Flammable,Object_13253
Radioactive,Object_04284
Explosive,Object_03792
Pressurized,Object_06649
Flammable,Object_10461
Fragile,Object_14209
Pressurized,Object_14250
Fragile,Object_06672
Oxidizing,Object_06420
Toxic,Object_12003
Explosive,Object_01611
Fragile,Object_07005
Unspecified,Object_07052
Oxidizing,Object_11159
Explosive,Object_05886
Unspecified,Object_06185
Radioactive,Object_06718
Corrosive,Object_04291
Oxidizing,Object_11527
Food,Object_00788
Unspecified,Object_03645
Corrosive,Object_03709
Unspecified,Object_01518
Corrosive,Object_13890
Pressurized,Object_01731
Fragile,Object_04706
Toxic,Object_05123
Pressurized,Object_07902
Food,Object_00383
Toxic,Object_10889
Explosive,Object_08428
Food,Object_06890
Explosive,Object_01328
Explosive,Object_12725
Flammable,Object_00395
Radioactive,Object_01237
Corrosive,Object_11930
Oxidizing,Object_06458
Radioactive,Object_02187
Corrosive,Object_05845
Flammable,Object_05377
Radioactive,Object_13454
Explosive,Object_07249
Fragile,Object_06287
Radioactive,Object_13740
Toxic,Object_09375
Unspecified,Object_08494
Oxidizing,Object_14819
Food,Object_04413
Flammable,Object_07978
Flammable,Object_02825
Flammable,Object_00414
Unspecified,Object_14408
Radioactive,Object_01162
Oxidizing,Object_13664
Fragile,Object_12993
Pressurized,Object_14881
Food,Object_06311
Oxidizing,Object_00895
Fragile,Object_10261
Flammable,Object_10744
Oxidizing,Object_00683
Explosive,Object_08600
Toxic,Object_15093
Food,Object_06133
Toxic,Object_04451
Flammable,Object_07701
Flammable,Object_04190
Oxidizing,Object_03658
Explosive,Object_03176
Fragile,Object_13902
Pressurized,Object_11948
Radioactive,Object_10979
Oxidizing,Object_13785
Food,Object_02333
Flammable,Object_15016
Flammable,Object_05528
Radioactive,Object_08892
Oxidizing,Object_12038
Toxic,Object_10510
Flammable,Object_05661
Corrosive,Object_02656
Fragile,Object_06734
Radioactive,Object_10359
Unspecified,Object_09641
Food,Object_11511
Pressurized,Object_13399
Corrosive,Object_04928
Food,Object_02882
Fragile,Object_10855
Oxidizing,Object_07475
Radioactive,Object_08005
Toxic,Object_12765
Fragile,Object_07888
Fragile,Object_07116
Fragile,Object_14416
Toxic,Object_01439
Oxidizing,Object_00168
Flammable,Object_14777
Pressurized,Object_01295
Oxidizing,Object_14896
Corrosive,Object_12099
Radioactive,Object_07813
Food,Object_10184
Flammable,Object_00183
Radioactive,Object_07824
Unspecified,Object_03679
Explosive,Object_08265
Unspecified,Object_07635
Unspecified,Object_12827
Explosive,Object_12496
Toxic,Object_05318
Corrosive,Object_00822
Flammable,Object_03686
Corrosive,Object_07907
Fragile,Object_04667
Radioactive,Object_08090
Toxic,Object_10183
Explosive,Object_06745
Oxidizing,Object_14274
Radioactive,Object_13009
Flammable,Object_00932
Toxic,Object_10550
Fragile,Object_06174
Fragile,Object_14394
Pressurized,Object_06304
Toxic,Object_11583
Pressurized,Object_08098
Pressurized,Object_13897
Explosive,Object_05536
Oxidizing,Object_12476
Oxidizing,Object_04044
Toxic,Object_06660
Food,Object_14719
Explosive,Object_12441
Flammable,Object_00751
Oxidizing,Object_05210
Corrosive,Object_11324
Food,Object_00216
Unspecified,Object_12366
Toxic,Object_05177
Toxic,Object_04861
Food,Object_02801
Unspecified,Object_06070
Explosive,Object_14385
Radioactive,Object_07761
Radioactive,Object_01463
Food,Object_04024
Toxic,Object_00037
Oxidizing,Object_06055
Corrosive,Object_02457
Pressurized,Object_01430
Corrosive,Object_07562
Corrosive,Object_03532
Explosive,Object_02162
Radioactive,Object_08904
Unspecified,Object_05497
Explosive,Object_10074
Food,Object_03056
Radioactive,Object_08052
Fragile,Object_10374
Fragile,Object_05301
Fragile,Object_09715
Radioactive,Object_00281
Fragile,Object_03625
Explosive,Object_13138
Radioactive,Object_00672
Fragile,Object_10480
Flammable,Object_09567
Radioactive,Object_11216
Flammable,Object_05438
Food,Object_06527
Fragile,Object_11275
Explosive,Object_07007
Fragile,Object_06484
Unspecified,Object_02629
Explosive,Object_03657
Explosive,Object_05529
Toxic,Object_11761
Flammable,Object_14636
Oxidizing,Object_15037
Unspecified,Object_03418
Corrosive,Object_03356
Fragile,Object_05108
Pressurized,Object_09606
Unspecified,Object_13443
Radioactive,Object_12215
Explosive,Object_00056
Food,Object_07999
Radioactive,Object_14305
Fragile,Object_14947
Oxidizing,Object_00660
Food,Object_06539
Explosive,Object_06888
Flammable,Object_09146
Unspecified,Object_02391
Oxidizing,Object_12502
Explosive,Object_02383
Explosive,Object_13650
Explosive,Object_14142
Food,Object_13656
Corrosive,Object_03362
Oxidizing,Object_11163
Fragile,Object_06950
Flammable,Object_07168
Fragile,Object_11861
Toxic,Object_08049
Unspecified,Object_10766
Corrosive,Object_04171
Fragile,Object_03224
Radioactive,Object_02931
Food,Object_13879
Explosive,Object_08823
Radioactive,Object_14128
Flammable,Object_10794
Explosive,Object_01887
Flammable,Object_05386
Food,Object_12385
Oxidizing,Object_10311
Corrosive,Object_08958
Unspecified,Object_15129
Toxic,Object_06300
Explosive,Object_02971
Flammable,Object_07406
Explosive,Object_06618
Corrosive,Object_04349
Pressurized,Object_02104
Radioactive,Object_11203
Toxic,Object_02067
Corrosive,Object_06698
Explosive,Object_11560
Fragile,Object_09175
Food,Object_14288
Toxic,Object_03077
Fragile,Object_03997
Flammable,Object_05089
Oxidizing,Object_00594
Corrosive,Object_02329
Unspecified,Object_07943
Explosive,Object_01584
Pressurized,Object_05571
Pressurized,Object_00990
Explosive,Object_12963
Pressurized,Object_14226
Food,Object_05624
Fragile,Object_00482
Unspecified,Object_09584
Toxic,Object_12804
Pressurized,Object_01777
Flammable,Object_06733
Unspecified,Object_07184
Toxic,Object_06546
Corrosive,Object_13430
Corrosive,Object_01961
Corrosive,Object_04245
Toxic,Object_06464
Food,Object_10661
Food,Object_13700
Explosive,Object_07023
Pressurized,Object_03393
Food,Object_10169
Oxidizing,Object_09408
Corrosive,Object_08524
Food,Object_06875
Toxic,Object_03637
Unspecified,Object_02655
Flammable,Object_07720
Food,Object_15027
Food,Object_08566
Flammable,Object_13385
Food,Object_06269
Flammable,Object_10720
Food,Object_11148
Toxic,Object_05505
Radioactive,Object_14353
Radioactive,Object_05110
Radioactive,Object_05754
Corrosive,Object_01883
Oxidizing,Object_02166
Fragile,Object_12724
Explosive,Object_07569
Flammable,Object_10532
Fragile,Object_06381
Fragile,Object_09649
Flammable,Object_11957
Food,Object_04170
Unspecified,Object_13501
Flammable,Object_05669
Corrosive,Object_09971
Corrosive,Object_12092
Flammable,Object_14195
Pressurized,Object_07989
Flammable,Object_00599
Flammable,Object_01331
Oxidizing,Object_08165
Pressurized,Object_07530
Radioactive,Object_03610
Fragile,Object_02536
Flammable,Object_10370
Explosive,Object_13448
Corrosive,Object_13450
Unspecified,Object_08299
Food,Object_05987
Food,Object_06844
Toxic,Object_12964
Oxidizing,Object_08068
Radioactive,Object_13203
Pressurized,Object_04827
Toxic,Object_12147
Food,Object_00426
Food,Object_08519
Explosive,Object_15115
Food,Object_02820
Flammable,Object_13648
Unspecified,Object_03670
Radioactive,Object_05840
Radioactive,Object_03166
Food,Object_07519
Oxidizing,Object_14444
Corrosive,Object_01478
Toxic,Object_01667
Toxic,Object_15141
Radioactive,Object_02935
Flammable,Object_07369
Oxidizing,Object_03136
Corrosive,Object_02409
Food,Object_09487
Pressurized,Object_01254
Oxidizing,Object_00826
Corrosive,Object_06995
Pressurized,Object_14238
Fragile,Object_11615
Oxidizing,Object_06116
Radioactive,Object_07348
Flammable,Object_09275
Food,Object_05868
Pressurized,Object_13884
Corrosive,Object_07230
Corrosive,Object_10854
Pressurized,Object_13482
Oxidizing,Object_13621
Food,Object_02598
Flammable,Object_00335
Oxidizing,Object_04766
Corrosive,Object_08852
Pressurized,Object_07867
Flammable,Object_01228
Flammable,Object_00556
Corrosive,Object_08018
Unspecified,Object_03199
Explosive,Object_08101
Unspecified,Object_09039
Toxic,Object_03486
Fragile,Object_13536
Explosive,Object_13239
Explosive,Object_01610
Pressurized,Object_09028
Oxidizing,Object_11841
Radioactive,Object_00761
Fragile,Object_09202
Oxidizing,Object_13080
Food,Object_08356
Radioactive,Object_08091
Explosive,Object_07436
Corrosive,Object_07119
Toxic,Object_05429
Pressurized,Object_09356
Radioactive,Object_09302
Food,Object_08894
Toxic,Object_08429
Toxic,Object_01694
Fragile,Object_10381
Explosive,Object_01516
Unspecified,Object_08140
Pressurized,Object_05027
Explosive,Object_04931
Fragile,Object_02143
Radioactive,Object_06915
Explosive,Object_09891
Toxic,Object_07177
Pressurized,Object_04733
Unspecified,Object_04442
Toxic,Object_01908
Explosive,Object_05134
Fragile,Object_04720
Food,Object_13682
Explosive,Object_09316
Corrosive,Object_08349
Toxic,Object_10495
Fragile,Object_01302
Radioactive,Object_07164
Explosive,Object_00125
Fragile,Object_11317
Corrosive,Object_12718
Radioactive,Object_01813
Toxic,Object_06447
Flammable,Object_02388
Toxic,Object_09401
Toxic,Object_08846
Fragile,Object_00858
Radioactive,Object_04705
Pressurized,Object_08925
Food,Object_00592
Oxidizing,Object_12232
Pressurized,Object_09815
Unspecified,Object_12626
Pressurized,Object_02836
Corrosive,Object_13977
Corrosive,Object_10450
Toxic,Object_12269
Oxidizing,Object_11397
Fragile,Object_00026
Corrosive,Object_05748
Flammable,Object_07980
Fragile,Object_09220
Pressurized,Object_01120
Pressurized,Object_01927
Toxic,Object_12846
Unspecified,Object_01073
Explosive,Object_00848
Oxidizing,Object_10042
Explosive,Object_01301
Food,Object_14445
Explosive,Object_08167
Radioactive,Object_00874
Corrosive,Object_13802
Toxic,Object_09189
Toxic,Object_08128
Radioactive,Object_07185
Food,Object_00253
Flammable,Object_03265
Radioactive,Object_03572
Fragile,Object_00191
Unspecified,Object_04829
Corrosive,Object_12902
Corrosive,Object_13550
Fragile,Object_08182
Corrosive,Object_01671
Corrosive,Object_04499
Corrosive,Object_07799
Toxic,Object_04526
Corrosive,Object_01048
Fragile,Object_12188
Unspecified,Object_09899
Toxic,Object_01055
Unspecified,Object_06022
Fragile,Object_10142
Fragile,Object_06256
Food,Object_13323
Explosive,Object_11449
Fragile,Object_08354
Radioactive,Object_03896
Pressurized,Object_01866
Oxidizing,Object_04983
Fragile,Object_03453
Unspecified,Object_02543
Food,Object_03379
Fragile,Object_02919
Radioactive,Object_09736
Corrosive,Object_13424
Explosive,Object_03189
Oxidizing,Object_12337
Toxic,Object_12043
Unspecified,Object_05152
Fragile,Object_07193
Corrosive,Object_09609
Unspecified,Object_12081
Fragile,Object_08477
Radioactive,Object_02523
Flammable,Object_00107
Corrosive,Object_12517
Toxic,Object_04477
Toxic,Object_09734
Food,Object_14504
Corrosive,Object_11006
Corrosive,Object_13148
Corrosive,Object_02943
Toxic,Object_12730
Food,Object_01877
Pressurized,Object_12690
Explosive,Object_09781
Flammable,Object_06499
Radioactive,Object_01507
Oxidizing,Object_12561
Oxidizing,Object_07679
Pressurized,Object_04415
Toxic,Object_00911
Explosive,Object_07768
Fragile,Object_12543
Fragile,Object_12389
Toxic,Object_02008
Toxic,Object_11294
Corrosive,Object_01224
Oxidizing,Object_05335
Corrosive,Object_11231
Radioactive,Object_14245
Food,Object_02419
Food,Object_03823
Oxidizing,Object_09191
Corrosive,Object_13151
Explosive,Object_12678
Unspecified,Object_13020
Corrosive,Object_01427
Explosive,Object_08912
Flammable,Object_06475
Fragile,Object_11466
Explosive,Object_11066
Pressurized,Object_00882
Toxic,Object_11809
Explosive,Object_04331
Toxic,Object_01801
Pressurized,Object_01334
Oxidizing,Object_11987
Oxidizing,Object_00502
Radioactive,Object_06587
Toxic,Object_02334
Flammable,Object_13528
Pressurized,Object_14012
Food,Object_13335
Radioactive,Object_12213
Food,Object_05861
Pressurized,Object_04373
Pressurized,Object_11090
Flammable,Object_11635
Toxic,Object_10590
Toxic,Object_10648
Fragile,Object_05419
Fragile,Object_01453
Unspecified,Object_10795
Pressurized,Object_13106
Food,Object_13382
Flammable,Object_03290
Unspecified,Object_01247
Oxidizing,Object_04833
Oxidizing,Object_11634
Oxidizing,Object_04288
Explosive,Object_01193
Pressurized,Object_09260
Toxic,Object_06316
Toxic,Object_07334
Unspecified,Object_07871
Food,Object_12469
Unspecified,Object_05468
Toxic,Object_14729
Fragile,Object_09571
Corrosive,Object_08481
Flammable,Object_09165
Radioactive,Object_00203
Fragile,Object_12320
Unspecified,Object_00028
Corrosive,Object_06554
Pressurized,Object_04844
Unspecified,Object_10783
Unspecified,Object_01053
Unspecified,Object_06748
Unspecified,Object_03842
Unspecified,Object_14046
Unspecified,Object_14316
Toxic,Object_11077
Corrosive,Object_07312
Toxic,Object_05317
Toxic,Object_13292
Unspecified,Object_08518
Pressurized,Object_03843
Oxidizing,Object_02009
Explosive,Object_09809
Pressurized,Object_04506
Flammable,Object_14977
Toxic,Object_06353
Oxidizing,Object_03409
Unspecified,Object_04265
Toxic,Object_01650
Toxic,Object_04993
Explosive,Object_05586
Corrosive,Object_10765
Oxidizing,Object_10030
Corrosive,Object_04401
Explosive,Object_14459
Food,Object_08930
Toxic,Object_03999
Pressurized,Object_00843
Oxidizing,Object_01585
Oxidizing,Object_06404
Unspecified,Object_02858
Pressurized,Object_05178
Fragile,Object_00746
Oxidizing,Object_10696
Explosive,Object_08735
Oxidizing,Object_13905
Flammable,Object_03239
Radioactive,Object_11428
Oxidizing,Object_01870
Flammable,Object_00577
Food,Object_14193
Unspecified,Object_14127
Flammable,Object_05628
Explosive,Object_10941
Corrosive,Object_09789
Flammable,Object_08298
Food,Object_06974
Fragile,Object_08397
Toxic,Object_05872
Toxic,Object_10558
Oxidizing,Object_12247
Explosive,Object_07764
Oxidizing,Object_09841
Corrosive,Object_02683
Radioactive,Object_04321
Radioactive,Object_13811
Food,Object_08831
Flammable,Object_12274
Unspecified,Object_14233
Explosive,Object_05909
Flammable,Object_14874
Pressurized,Object_09340
Unspecified,Object_11357
Food,Object_07507
Oxidizing,Object_06697
Oxidizing,Object_01445
Oxidizing,Object_13819
Flammable,Object_03905
Toxic,Object_01963
Toxic,Object_02893
Flammable,Object_15150
Flammable,Object_02842
Fragile,Object_11749
Food,Object_10924
Pressurized,Object_05912
Flammable,Object_10646
Pressurized,Object_01743
Flammable,Object_10547
Oxidizing,Object_00244
Fragile,Object_07688
Oxidizing,Object_11748
Unspecified,Object_06708
Toxic,Object_03217
Food,Object_00265
Food,Object_13798
Fragile,Object_13418
Pressurized,Object_14452
Unspecified,Object_08555
Toxic,Object_00157
Radioactive,Object_11878
Oxidizing,Object_10073
Food,Object_02549
Fragile,Object_07443
Toxic,Object_05955
Food,Object_12142
Food,Object_11944
Oxidizing,Object_06463
Fragile,Object_09038
Food,Object_09652
Oxidizing,Object_12892
Oxidizing,Object_00760
Corrosive,Object_00185
Oxidizing,Object_03411
Toxic,Object_05970
Toxic,Object_08896
Pressurized,Object_09979
Corrosive,Object_09239
Toxic,Object_01597
Fragile,Object_13402
Corrosive,Object_12877
Toxic,Object_03952
Fragile,Object_14882
Corrosive,Object_00443
Radioactive,Object_12007
Explosive,Object_02152
Food,Object_02588
Explosive,Object_00729
Corrosive,Object_14301
Pressurized,Object_08728
Fragile,Object_03617
Flammable,Object_12201
Radioactive,Object_04796
Explosive,Object_02921
Radioactive,Object_10874
Fragile,Object_06838
Explosive,Object_02065
Unspecified,Object_02522
Fragile,Object_08028
Toxic,Object_11542
Toxic,Object_08344
Toxic,Object_03246
Pressurized,Object_07529
Toxic,Object_06905
Toxic,Object_15138
Radioactive,Object_05402
Radioactive,Object_03568
Pressurized,Object_02291
Radioactive,Object_13976
Explosive,Object_07626
Pressurized,Object_08051
Explosive,Object_04580
Toxic,Object_14284
Corrosive,Object_10429
Explosive,Object_13341
Oxidizing,Object_12943
Food,Object_11673
Food,Object_04466
Unspecified,Object_04881
Toxic,Object_12348
Explosive,Object_05644
Pressurized,Object_08464
Food,Object_06985
Flammable,Object_10050
Corrosive,Object_12380
Fragile,Object_04142
Radioactive,Object_04197
Explosive,Object_10793
Toxic,Object_07357
Toxic,Object_10840
Radioactive,Object_14755
Unspecified,Object_08088
Radioactive,Object_10653
Unspecified,Object_09783
Radioactive,Object_10712
Radioactive,Object_09458
Explosive,Object_14605
Food,Object_14042
Corrosive,Object_02288
Pressurized,Object_08218
Corrosive,Object_02369
Explosive,Object_04113
Fragile,Object_01264
Food,Object_03574
Flammable,Object_04450
Radioactive,Object_07048
Food,Object_12859
Oxidizing,Object_02707
Fragile,Object_02520
Toxic,Object_13272
Flammable,Object_03858
Radioactive,Object_12250
Unspecified,Object_06013
Unspecified,Object_10939
Unspecified,Object_01635
Food,Object_12875
Pressurized,Object_00199
Unspecified,Object_12130
Radioactive,Object_04434
Oxidizing,Object_10036
Unspecified,Object_13040
Toxic,Object_07302
Radioactive,Object_04112
Fragile,Object_00227
Explosive,Object_03208
Toxic,Object_07630
Corrosive,Object_06142
Fragile,Object_12096
Toxic,Object_07557
Food,Object_08561
Fragile,Object_07617
Food,Object_06086
Unspecified,Object_02503
Unspecified,Object_05005
Corrosive,Object_01025
Pressurized,Object_10404
Toxic,Object_09099
Toxic,Object_07337
Toxic,Object_12163
Corrosive,Object_12957
Food,Object_10903
Oxidizing,Object_14188
Oxidizing,Object_09698
Explosive,Object_08845
Food,Object_02421
Fragile,Object_04732
Corrosive,Object_13320
Oxidizing,Object_00129
Explosive,Object_05368
Food,Object_07906
Corrosive,Object_03296
Toxic,Object_05876
Toxic,Object_06094
Radioactive,Object_01720
Fragile,Object_09699
Explosive,Object_12076
Radioactive,Object_02905
Radioactive,Object_07112
Fragile,Object_05043
Explosive,Object_11825
Pressurized,Object_13681
Flammable,Object_01639
Corrosive,Object_12675
Unspecified,Object_04529
Corrosive,Object_10262
Flammable,Object_03399
Corrosive,Object_08641
Toxic,Object_07881
Radioactive,Object_06251
Food,Object_09361
Radioactive,Object_11855
Fragile,Object_01091
Fragile,Object_08120
Flammable,Object_00941
Oxidizing,Object_02498
Food,Object_10521
Flammable,Object_15035
Radioactive,Object_06124
Fragile,Object_05412
Flammable,Object_04750
Explosive,Object_07572
Oxidizing,Object_09040
Fragile,Object_02011
Pressurized,Object_12552
Food,Object_15018
Fragile,Object_08837
Corrosive,Object_00472
Unspecified,Object_01365
Unspecified,Object_05372
Flammable,Object_05943
Unspecified,Object_08244
Pressurized,Object_10174
Explosive,Object_12932
Pressurized,Object_02225
Toxic,Object_13519
Pressurized,Object_00903
Toxic,Object_06500
Oxidizing,Object_10687
Radioactive,Object_01275
Fragile,Object_08067
Flammable,Object_05807
Unspecified,Object_12911
Radioactive,Object_11965
Corrosive,Object_11945
Corrosive,Object_11962
Unspecified,Object_12237
Toxic,Object_14381
Corrosive,Object_14319
Pressurized,Object_12236
Explosive,Object_05323
Food,Object_03081
Explosive,Object_00590
Corrosive,Object_05842
Flammable,Object_02131
Radioactive,Object_04502
Fragile,Object_06962
Flammable,Object_14435
Fragile,Object_05701
Corrosive,Object_06313
Pressurized,Object_02481
Radioactive,Object_09566
Flammable,Object_14085
Toxic,Object_01074
Radioactive,Object_10502
Radioactive,Object_14740
Fragile,Object_13177
Corrosive,Object_02596
Radioactive,Object_07331
Fragile,Object_01641
Oxidizing,Object_08406
Corrosive,Object_11341
Unspecified,Object_06332
Fragile,Object_00067
Oxidizing,Object_09083
Food,Object_12426
Oxidizing,Object_06179
Fragile,Object_05467
Corrosive,Object_13880
Flammable,Object_11098
Toxic,Object_06436
Food,Object_02056
Food,Object_02772
Food,Object_05038
Unspecified,Object_05796
Fragile,Object_08939
Food,Object_00974
Fragile,Object_12997
Unspecified,Object_05484
Unspecified,Object_04783
Fragile,Object_06440
Food,Object_02257
Unspecified,Object_08285
Corrosive,Object_10575
Fragile,Object_06372
Unspecified,Object_13071
Corrosive,Object_02559
Food,Object_13378
Radioactive,Object_01458
Pressurized,Object_05944
Fragile,Object_01732
Food,Object_00316
Unspecified,Object_06100
Flammable,Object_04891
Fragile,Object_13960
Radioactive,Object_05080
Pressurized,Object_09573
Fragile,Object_00351
Fragile,Object_01075
Corrosive,Object_03968
Food,Object_02591
Flammable,Object_12910
Corrosive,Object_13379
Corrosive,Object_02103
Oxidizing,Object_02031
Unspecified,Object_11814
Fragile,Object_10594
Unspecified,Object_05930
Fragile,Object_08074
Oxidizing,Object_12279
Food,Object_02029
Pressurized,Object_12089
Unspecified,Object_13817
Unspecified,Object_09877
Corrosive,Object_07623
Corrosive,Object_12176
Food,Object_01615
Fragile,Object_12528
Toxic,Object_13845
Pressurized,Object_11632
Toxic,Object_01596
Fragile,Object_12180
Oxidizing,Object_04278
Toxic,Object_00629
Corrosive,Object_10223
Pressurized,Object_02539
Unspecified,Object_00123
Radioactive,Object_08700
Pressurized,Object_13646
Pressurized,Object_06027
Toxic,Object_02569
Pressurized,Object_11138
Toxic,Object_07102
Oxidizing,Object_09344
Food,Object_01276
Corrosive,Object_01768
Corrosive,Object_06604
Pressurized,Object_06946
Flammable,Object_02085
Flammable,Object_10422
Corrosive,Object_01919
Pressurized,Object_06577
Oxidizing,Object_09068
Oxidizing,Object_01854
Corrosive,Object_10212
Food,Object_00960
Pressurized,Object_05290
Oxidizing,Object_07648
Corrosive,Object_11954
Flammable,Object_08585
Food,Object_03155
Corrosive,Object_14548
Oxidizing,Object_10425
Flammable,Object_14760
Oxidizing,Object_13641
Corrosive,Object_10455
Fragile,Object_03273
Corrosive,Object_01338
Fragile,Object_08126
Corrosive,Object_13669
Flammable,Object_10517
Radioactive,Object_05236
Radioactive,Object_11722
Corrosive,Object_14860
Unspecified,Object_06008
Explosive,Object_10452
Fragile,Object_08252
Food,Object_05180
Corrosive,Object_08833
Explosive,Object_04748
Radioactive,Object_14803
Oxidizing,Object_10897
Pressurized,Object_03498
Pressurized,Object_09807
Pressurized,Object_09142
Explosive,Object_12417
Corrosive,Object_07728
Toxic,Object_12408
Food,Object_02404
Flammable,Object_04092
Radioactive,Object_01257
Corrosive,Object_05602
Food,Object_09480
Fragile,Object_12301
Pressurized,Object_10437
Fragile,Object_00676
Fragile,Object_14770
Toxic,Object_04352
Unspecified,Object_08582
Food,Object_12286
Explosive,Object_12231
Corrosive,Object_14421
Toxic,Object_07307
Explosive,Object_07668
Toxic,Object_01648
Oxidizing,Object_14470
Unspecified,Object_12938
Food,Object_07063
Food,Object_01488
Corrosive,Object_00519
Radioactive,Object_06480
Food,Object_06761
Explosive,Object_09801
Radioactive,Object_02428
Explosive,Object_07345
Toxic,Object_08652
Toxic,Object_14518
Explosive,Object_05615
Unspecified,Object_04260
Toxic,Object_05584
Toxic,Object_01956
Fragile,Object_05562
Explosive,Object_08676
Fragile,Object_14325
Radioactive,Object_14853
Toxic,Object_13953
Food,Object_01867
Unspecified,Object_03676
Unspecified,Object_06574
Food,Object_03630
Explosive,Object_06876
Toxic,Object_00459
Corrosive,Object_09227
Unspecified,Object_06928
Explosive,Object_11731
Oxidizing,Object_11699
Corrosive,Object_01680
Explosive,Object_01259
Unspecified,Object_02977
Corrosive,Object_08691
Oxidizing,Object_02095
Oxidizing,Object_01688
Oxidizing,Object_10867
Corrosive,Object_11260
Fragile,Object_14540
Radioactive,Object_07069
Flammable,Object_00698
Food,Object_14227
Radioactive,Object_00380
Food,Object_03514
Unspecified,Object_03400
Food,Object_03990
Fragile,Object_13306
Oxidizing,Object_12280
Oxidizing,Object_12819
Explosive,Object_13479
Explosive,Object_04725
Toxic,Object_01978
Oxidizing,Object_00222
Flammable,Object_13463
Corrosive,Object_14785
Pressurized,Object_13769
Unspecified,Object_14657
Unspecified,Object_00749
Explosive,Object_05193
Pressurized,Object_13100
Radioactive,Object_02176
Unspecified,Object_11953
Explosive,Object_03274
Flammable,Object_03080
Unspecified,Object_00600
Pressurized,Object_01356
Corrosive,Object_07418
Toxic,Object_01995
Unspecified,Object_03391
Oxidizing,Object_10412
Fragile,Object_01401
Flammable,Object_03373
Pressurized,Object_01881
Food,Object_13144
Explosive,Object_12290
Corrosive,Object_08549
Fragile,Object_12592
Explosive,Object_04162
Radioactive,Object_11563
Unspecified,Object_00786
Explosive,Object_00652
Fragile,Object_00954
Radioactive,Object_00159
Fragile,Object_15149
Unspecified,Object_12034
Radioactive,Object_11600
Radioactive,Object_10910
Oxidizing,Object_07565
Radioactive,Object_13226
Explosive,Object_13744
Radioactive,Object_12596
Unspecified,Object_14586
Pressurized,Object_05493
Explosive,Object_06629
Radioactive,Object_08388
Radioactive,Object_03716
Explosive,Object_10001
Pressurized,Object_01294
Food,Object_04069
Flammable,Object_00045
Radioactive,Object_14484
Fragile,Object_11690
Unspecified,Object_13620
Explosive,Object_10145
Food,Object_05166
Unspecified,Object_09737
Flammable,Object_14877
Explosive,Object_00518
Unspecified,Object_06803
Radioactive,Object_13094
Explosive,Object_06026
Explosive,Object_07544
Fragile,Object_08684
Fragile,Object_03592
Food,Object_07235
Fragile,Object_13659
Explosive,Object_07694
Oxidizing,Object_11709
Toxic,Object_02692
Pressurized,Object_05958
Toxic,Object_09330
Corrosive,Object_02038
Fragile,Object_11316
Food,Object_12214
Flammable,Object_13606
Pressurized,Object_13002
Flammable,Object_04625
Pressurized,Object_01971
Pressurized,Object_01999
Flammable,Object_03174
Flammable,Object_00049
Food,Object_11969
Explosive,Object_01554
Pressurized,Object_00450
Explosive,Object_00412
Food,Object_09610
Corrosive,Object_09381
Pressurized,Object_10764
Explosive,Object_08274
Food,Object_00140
Fragile,Object_04238
Pressurized,Object_08927
Radioactive,Object_13502
Pressurized,Object_02616
Toxic,Object_13863
Pressurized,Object_13345
Pressurized,Object_14993
Corrosive,Object_06770
Explosive,Object_13951
Pressurized,Object_05871
Oxidizing,Object_00070
Oxidizing,Object_11042
Food,Object_11007
Unspecified,Object_09430
Explosive,Object_14243
Flammable,Object_02462
Flammable,Object_02934
Unspecified,Object_07747
Oxidizing,Object_01944
Oxidizing,Object_00345
Explosive,Object_12559
Radioactive,Object_07335
Pressurized,Object_06033
Flammable,Object_05087
Radioactive,Object_02275
Toxic,Object_08449
Toxic,Object_00569
Toxic,Object_11554
Flammable,Object_11926
Toxic,Object_09015
Explosive,Object_11793
Corrosive,Object_12487
Explosive,Object_04626
Fragile,Object_02314
Fragile,Object_07570
Toxic,Object_05535
Food,Object_14417
Pressurized,Object_13904
Fragile,Object_05398
Pressurized,Object_03206
Radioactive,Object_07017
Oxidizing,Object_13411
Unspecified,Object_03179
Explosive,Object_10160
Toxic,Object_07420
Food,Object_14835
Radioactive,Object_14836
Corrosive,Object_07988
Oxidizing,Object_03117
Radioactive,Object_06253
Fragile,Object_08921
Food,Object_12205
Radioactive,Object_00645
Oxidizing,Object_02867
Corrosive,Object_03839
Toxic,Object_03184
Fragile,Object_06817
Corrosive,Object_14793
Corrosive,Object_07873
Oxidizing,Object_01020
Explosive,Object_07030
Toxic,Object_01362
Corrosive,Object_07090
Corrosive,Object_04202
Pressurized,Object_04359
Food,Object_09700
Radioactive,Object_06621
Fragile,Object_00357
Pressurized,Object_07589
Explosive,Object_14879
Fragile,Object_14160
Food,Object_04853
Explosive,Object_14854
Explosive,Object_04916
Fragile,Object_00962
Explosive,Object_03546
Toxic,Object_00817
Explosive,Object_07877
Flammable,Object_13115
Pressurized,Object_03766
Oxidizing,Object_14437
Explosive,Object_01656
Oxidizing,Object_11144
Oxidizing,Object_10351
Explosive,Object_00075
Food,Object_08398
Fragile,Object_06851
Radioactive,Object_09151
Flammable,Object_04337
Oxidizing,Object_07904
Radioactive,Object_14581
Radioactive,Object_07515
Food,Object_06825
Toxic,Object_01068
Radioactive,Object_11520
Oxidizing,Object_08802
Fragile,Object_05711
Radioactive,Object_01886
Pressurized,Object_02918
Explosive,Object_13414
Flammable,Object_10544
Pressurized,Object_08317
Corrosive,Object_00701
Explosive,Object_09296
Unspecified,Object_08133
Food,Object_08981
Toxic,Object_01319
Flammable,Object_08121
Fragile,Object_03578
Unspecified,Object_02491
Oxidizing,Object_13558
Unspecified,Object_04692
Toxic,Object_01942
Corrosive,Object_01684
Oxidizing,Object_07440
Radioactive,Object_00163
Fragile,Object_15058
Unspecified,Object_02755
Fragile,Object_05977
Pressurized,Object_00042
Food,Object_14642
Toxic,Object_01476
Pressurized,Object_04824
Fragile,Object_06744
Unspecified,Object_10454
Pressurized,Object_02729
Radioactive,Object_05351
Pressurized,Object_07238
Radioactive,Object_01123
Explosive,Object_13631
Pressurized,Object_12317
Flammable,Object_11004
Food,Object_12490
Food,Object_07663
Fragile,Object_05971
Toxic,Object_11206
Fragile,Object_10762
Fragile,Object_05039
Pressurized,Object_11055
Flammable,Object_04177
Oxidizing,Object_00725
Pressurized,Object_00293
Flammable,Object_02337
Radioactive,Object_08342
Corrosive,Object_03449
Pressurized,Object_14801
Radioactive,Object_13067
Explosive,Object_10463
Pressurized,Object_06902
Flammable,Object_07066
Toxic,Object_03661
Corrosive,Object_04797
Oxidizing,Object_05904
Fragile,Object_02088
Radioactive,Object_08869
Explosive,Object_00915
Flammable,Object_11015
Explosive,Object_07567
Oxidizing,Object_12376
Flammable,Object_14841
Toxic,Object_13238
Fragile,Object_02800
Flammable,Object_06125
Food,Object_04780
Pressurized,Object_13221
Oxidizing,Object_00618
Flammable,Object_11057
Fragile,Object_10800
Flammable,Object_02361
Explosive,Object_11627
Unspecified,Object_02384
Fragile,Object_01526
Pressurized,Object_13574
Flammable,Object_05470
Unspecified,Object_12440
Toxic,Object_10724
Fragile,Object_09941
Oxidizing,Object_13795
Flammable,Object_10021
Corrosive,Object_07847
Toxic,Object_08666
Unspecified,Object_02768
Radioactive,Object_06452
Pressurized,Object_04422
Toxic,Object_01473
Fragile,Object_10240
Fragile,Object_15151
Toxic,Object_12120
Corrosive,Object_12080
Toxic,Object_06883
Unspecified,Object_05746
Pressurized,Object_09273
Toxic,Object_07709
Flammable,Object_06357
Explosive,Object_09859
Unspecified,Object_05129
Pressurized,Object_07931
Oxidizing,Object_14121
Toxic,Object_05181
Oxidizing,Object_11691
Radioactive,Object_02822
Radioactive,Object_13512
Pressurized,Object_02534
Food,Object_13800
Toxic,Object_07103
Unspecified,Object_11298
Corrosive,Object_06924
Pressurized,Object_09231
Oxidizing,Object_02954
Oxidizing,Object_02127
Corrosive,Object_08296
Explosive,Object_11832
Radioactive,Object_01602
Radioactive,Object_07911
Unspecified,Object_04857
Food,Object_09056
Corrosive,Object_09761
Oxidizing,Object_06681
Food,Object_11760
Explosive,Object_04486
Fragile,Object_02933
Pressurized,Object_12869
Toxic,Object_03472
Flammable,Object_01243
Radioactive,Object_06162
Corrosive,Object_02925
Radioactive,Object_11363
Pressurized,Object_12493
Flammable,Object_03753
Unspecified,Object_06691
Explosive,Object_14251
Fragile,Object_13312
Toxic,Object_04569
Pressurized,Object_00602
Explosive,Object_10525
Radioactive,Object_08309
Explosive,Object_01131
Radioactive,Object_14321
Unspecified,Object_07487
Unspecified,Object_00338
Oxidizing,Object_14886
Toxic,Object_02871
Food,Object_06677
Oxidizing,Object_09437
Fragile,Object_02666
Fragile,Object_11999
Food,Object_09152
Corrosive,Object_01314
Unspecified,Object_05469
Flammable,Object_10584
Toxic,Object_02968
Pressurized,Object_06586
Oxidizing,Object_03272
Fragile,Object_03890
Oxidizing,Object_07100
Explosive,Object_13360
Radioactive,Object_14144
Toxic,Object_07952
Radioactive,Object_11874
Flammable,Object_11364
Unspecified,Object_06062
Pressurized,Object_09119
Pressurized,Object_10823
Explosive,Object_08771
Corrosive,Object_11496
Toxic,Object_11167
Explosive,Object_06569
Fragile,Object_12256
Explosive,Object_06800
Radioactive,Object_12311
Flammable,Object_01716
Fragile,Object_13946
Fragile,Object_04139
Pressurized,Object_08236
Radioactive,Object_10845
Food,Object_11437
Radioactive,Object_08528
Explosive,Object_02510
Explosive,Object_05770
Explosive,Object_14260
Radioactive,Object_12908
Fragile,Object_02738
Flammable,Object_07044
Explosive,Object_11376
Oxidizing,Object_06954
Toxic,Object_00713
Oxidizing,Object_07865
Oxidizing,Object_03975
Food,Object_10920
Corrosive,Object_13742
Flammable,Object_05352
Oxidizing,Object_11380
Pressurized,Object_01234
Explosive,Object_13338
Food,Object_09441
Unspecified,Object_00597
Fragile,Object_13588
Explosive,Object_04860
Flammable,Object_03790
Toxic,Object_01475
Food,Object_13499
Unspecified,Object_13634
Toxic,Object_11439
Oxidizing,Object_02483
Explosive,Object_11707
Pressurized,Object_06467
Oxidizing,Object_14791
Oxidizing,Object_11576
Pressurized,Object_06835
Oxidizing,Object_03488
Food,Object_11229
Fragile,Object_06601
Unspecified,Object_08079
Food,Object_01292
Food,Object_04665
Explosive,Object_12595
Flammable,Object_08784
Unspecified,Object_05035
Pressurized,Object_06696
Flammable,Object_13475
Explosive,Object_09527
Food,Object_14221
Pressurized,Object_04924
Explosive,Object_03538
Pressurized,Object_02986
Toxic,Object_06850
Corrosive,Object_12026
Pressurized,Object_11587
Food,Object_07636
Corrosive,Object_05814
Corrosive,Object_07147
Flammable,Object_10392
Corrosive,Object_10943
Explosive,Object_07987
Toxic,Object_05375
Radioactive,Object_12167
Unspecified,Object_02155
Unspecified,Object_02783
Oxidizing,Object_05070
Radioactive,Object_14717
Toxic,Object_04039
Flammable,Object_10861
Toxic,Object_04061
Flammable,Object_09498
Radioactive,Object_08889
Flammable,Object_08247
Radioactive,Object_03262
Food,Object_02132
Unspecified,Object_03587
Pressurized,Object_09731
Food,Object_07990
Radioactive,Object_08674
Explosive,Object_02208
Flammable,Object_04729
Pressurized,Object_07135
Corrosive,Object_12211
Toxic,Object_01948
Oxidizing,Object_11658
Oxidizing,Object_05706
Flammable,Object_14956
Explosive,Object_05508
Corrosive,Object_06129
Explosive,Object_08021
Toxic,Object_02086
Food,Object_05502
Corrosive,Object_01879
Fragile,Object_14393
Flammable,Object_12673
Flammable,Object_05768
Flammable,Object_09278
Oxidizing,Object_01926
Radioactive,Object_04540
Unspecified,Object_13391
Corrosive,Object_00753
Corrosive,Object_01095
Pressurized,Object_12662
Food,Object_02750
Unspecified,Object_08897
Pressurized,Object_11908
Corrosive,Object_12404
Explosive,Object_02649
Flammable,Object_07555
Food,Object_00478
Toxic,Object_01661
Pressurized,Object_04445
Pressurized,Object_03480
Fragile,Object_11798
Corrosive,Object_01524
Corrosive,Object_07894
Toxic,Object_13419
Oxidizing,Object_06093
Pressurized,Object_13912
Radioactive,Object_13831
Food,Object_04083
Oxidizing,Object_11612
Radioactive,Object_15106
Food,Object_07921
Pressurized,Object_01142
Flammable,Object_04393
Radioactive,Object_10695
Explosive,Object_08432
Unspecified,Object_04002
Radioactive,Object_06226
Fragile,Object_00558
Oxidizing,Object_14720
Oxidizing,Object_04167
Fragile,Object_14880
Pressurized,Object_07801
Food,Object_13537
Flammable,Object_09024
Toxic,Object_13805
Food,Object_09016
Corrosive,Object_10213
Explosive,Object_10775
Corrosive,Object_10982
Flammable,Object_14322
Pressurized,Object_13007
Radioactive,Object_12814
Explosive,Object_00336
Explosive,Object_00430
Unspecified,Object_14055
Food,Object_14425
Toxic,Object_08012
Food,Object_09630
Corrosive,Object_00343
Food,Object_10281
Explosive,Object_11154
Radioactive,Object_04559
Toxic,Object_14525
Unspecified,Object_13715
Pressurized,Object_13616
Food,Object_01798
Pressurized,Object_01210
Oxidizing,Object_04633
Corrosive,Object_01513
Radioactive,Object_01216
Radioactive,Object_03757
Food,Object_14988
Oxidizing,Object_05607
Corrosive,Object_06344
Explosive,Object_00448
Radioactive,Object_11242
Radioactive,Object_02111
Unspecified,Object_08300
Food,Object_10872
Oxidizing,Object_11827
Oxidizing,Object_11289
Pressurized,Object_04240
Unspecified,Object_08446
Oxidizing,Object_00285
Radioactive,Object_02109
Radioactive,Object_05344
Pressurized,Object_02557
Unspecified,Object_02916
Unspecified,Object_01277
Radioactive,Object_05442
Corrosive,Object_13427
Pressurized,Object_00489
Food,Object_11024
Oxidizing,Object_14106
Radioactive,Object_01920
Fragile,Object_05358
Explosive,Object_11139
Unspecified,Object_07727
Unspecified,Object_05074
Corrosive,Object_02076
Fragile,Object_10315
Radioactive,Object_02938
Food,Object_05805
Flammable,Object_01924
Oxidizing,Object_05646
Explosive,Object_06401
Corrosive,Object_11481
Pressurized,Object_04073
Fragile,Object_04031
Toxic,Object_04599
Food,Object_06976
Food,Object_12842
Pressurized,Object_01415
Toxic,Object_07233
Oxidizing,Object_03279
Explosive,Object_11252
Fragile,Object_10754
Toxic,Object_03005
Unspecified,Object_01797
Unspecified,Object_08694
Food,Object_00936
Flammable,Object_04282
Pressurized,Object_03669
Pressurized,Object_00759
Toxic,Object_03091
Fragile,Object_13135
Oxidizing,Object_13474
Toxic,Object_10877
Oxidizing,Object_07408
Corrosive,Object_08497
Explosive,Object_00324
Corrosive,Object_09799
Oxidizing,Object_04174
Flammable,Object_13538
Fragile,Object_01242
Unspecified,Object_10316
Corrosive,Object_04064
Fragile,Object_01609
Pressurized,Object_13570
Corrosive,Object_03879
Pressurized,Object_14592
Corrosive,Object_00229
Toxic,Object_14178
Pressurized,Object_02614
Explosive,Object_07248
Toxic,Object_08205
Toxic,Object_05057
Pressurized,Object_12019
Pressurized,Object_09387
Toxic,Object_06333
Food,Object_05006
Pressurized,Object_07913
Oxidizing,Object_02315
Explosive,Object_02439
Food,Object_03466
Food,Object_04225
Unspecified,Object_07430
Pressurized,Object_02199
Explosive,Object_12951
Pressurized,Object_06723
Food,Object_06168
Radioactive,Object_07766
Unspecified,Object_09226
Explosive,Object_12002
Flammable,Object_08174
Flammable,Object_07736
Corrosive,Object_01937
Pressurized,Object_04328
Corrosive,Object_01469
Pressurized,Object_02807
Toxic,Object_04966
Radioactive,Object_08688
Corrosive,Object_01802
Explosive,Object_03501
Fragile,Object_13738
Food,Object_11480
Food,Object_08724
Food,Object_03260
Radioactive,Object_02295
Food,Object_06765
Oxidizing,Object_14372
Oxidizing,Object_04280
Radioactive,Object_08007
Unspecified,Object_13988
Flammable,Object_07967
Pressurized,Object_11228
Food,Object_13110
Radioactive,Object_01910
Unspecified,Object_08743
Unspecified,Object_12770
Fragile,Object_14021
Oxidizing,Object_05747
Pressurized,Object_05993
Unspecified,Object_04755
Toxic,Object_10112
Toxic,Object_07041
Pressurized,Object_13562
Fragile,Object_14863
Radioactive,Object_10256
Pressurized,Object_00272
Food,Object_01864
Radioactive,Object_08842
Corrosive,Object_12204
Corrosive,Object_01077
Oxidizing,Object_06841
Food,Object_09852
Corrosive,Object_07551
Fragile,Object_09604
Oxidizing,Object_09818
Toxic,Object_14199
Toxic,Object_04168
Explosive,Object_00837
Corrosive,Object_11604
Fragile,Object_11834
Flammable,Object_07323
Pressurized,Object_04467
Pressurized,Object_11828
Toxic,Object_01699
Toxic,Object_09448
Oxidizing,Object_06067
Toxic,Object_02393
Flammable,Object_01958
Pressurized,Object_14546
Explosive,Object_07476
Pressurized,Object_11277
Food,Object_10110
Unspecified,Object_10709
Radioactive,Object_01161
Toxic,Object_05310
Corrosive,Object_10399
Explosive,Object_07093
Toxic,Object_15102
Fragile,Object_08457
Unspecified,Object_10972
Explosive,Object_06051
Unspecified,Object_06705
Radioactive,Object_10498
Flammable,Object_08037
Fragile,Object_03020
Radioactive,Object_00060
Flammable,Object_02386
Oxidizing,Object_14360
Unspecified,Object_05248
Explosive,Object_06701
Radioactive,Object_04384
Food,Object_11674
Food,Object_04251
Food,Object_00702
Unspecified,Object_09089
Pressurized,Object_01844
Flammable,Object_13829
Oxidizing,Object_10264
Explosive,Object_02379
Flammable,Object_05874
Radioactive,Object_07676
Fragile,Object_04135
Fragile,Object_13118
Corrosive,Object_00240
Flammable,Object_14077
Flammable,Object_07910
Explosive,Object_01968
Oxidizing,Object_08768
Pressurized,Object_14348
Oxidizing,Object_02282
Unspecified,Object_03072
Food,Object_06198
Toxic,Object_05951
Unspecified,Object_10325
Oxidizing,Object_01570
Fragile,Object_13994
Corrosive,Object_05241
Flammable,Object_08295
Toxic,Object_13632
Fragile,Object_02148
Toxic,Object_01315
Unspecified,Object_09306
Oxidizing,Object_01173
Flammable,Object_13146
Oxidizing,Object_02896
Oxidizing,Object_06402
Oxidizing,Object_01465
Explosive,Object_12915
Pressurized,Object_10165
Pressurized,Object_09215
Oxidizing,Object_11870
Pressurized,Object_01653
Flammable,Object_04798
Food,Object_13184
Corrosive,Object_14537
Unspecified,Object_08703
Explosive,Object_13098
Pressurized,Object_09637
Corrosive,Object_01285
Flammable,Object_09046
Toxic,Object_14001
Toxic,Object_08662
Flammable,Object_08078
Corrosive,Object_07724
Food,Object_08213
Oxidizing,Object_03045
Explosive,Object_03320
Toxic,Object_00770
Flammable,Object_08751
Explosive,Object_12511
Explosive,Object_07858
Flammable,Object_12697
Toxic,Object_04914
Fragile,Object_09383
Corrosive,Object_06515
Corrosive,Object_07969
Oxidizing,Object_10965
Fragile,Object_13629
Explosive,Object_01820
Fragile,Object_02465
Oxidizing,Object_02037
Fragile,Object_06938
Corrosive,Object_04048
Food,Object_14336
Unspecified,Object_13367
Oxidizing,Object_01480
Toxic,Object_04253
Fragile,Object_03218
Unspecified,Object_01670
Explosive,Object_10893
Food,Object_04742
Explosive,Object_12954
Explosive,Object_04200
Oxidizing,Object_09719
Unspecified,Object_09777
Toxic,Object_14249
Food,Object_02403
Radioactive,Object_03663
Fragile,Object_10235
Unspecified,Object_03347
Radioactive,Object_11370
Explosive,Object_11174
Corrosive,Object_08725
Unspecified,Object_07937
Fragile,Object_01005
Food,Object_06807
Radioactive,Object_10150
Toxic,Object_01126
Radioactive,Object_03855
Unspecified,Object_04715
Toxic,Object_12270
Oxidizing,Object_09106
Toxic,Object_04036
Fragile,Object_10041
Fragile,Object_14204
Radioactive,Object_13250
Corrosive,Object_01165
Pressurized,Object_00193
Explosive,Object_09796
Fragile,Object_04354
Food,Object_07387
Flammable,Object_00111
Food,Object_00738
Fragile,Object_10061
Radioactive,Object_07456
Oxidizing,Object_00896
Pressurized,Object_03909
Oxidizing,Object_12448
Flammable,Object_05558
Food,Object_01556
Radioactive,Object_01646
Flammable,Object_05767
Oxidizing,Object_01833
Toxic,Object_07919
Explosive,Object_04259
Food,Object_11942
Oxidizing,Object_09065
Pressurized,Object_03436
Oxidizing,Object_09145
Corrosive,Object_10513
Explosive,Object_09474
Toxic,Object_08321
Corrosive,Object_14265
Oxidizing,Object_13755
Toxic,Object_08611
Fragile,Object_04601
Fragile,Object_00149
Fragile,Object_09205
Pressurized,Object_11958
Explosive,Object_01484
Fragile,Object_04390
Food,Object_15101
Radioactive,Object_07532
Unspecified,Object_11476
Unspecified,Object_02817
Food,Object_06674
Radioactive,Object_13426
Corrosive,Object_06556
Corrosive,Object_10345
Corrosive,Object_03075
Radioactive,Object_08629
Explosive,Object_12591
Radioactive,Object_10922
Pressurized,Object_12352
Unspecified,Object_02159
Pressurized,Object_02982
Toxic,Object_00492
Pressurized,Object_13937
Unspecified,Object_07091
Unspecified,Object_14943
Radioactive,Object_08667
Corrosive,Object_01322
Unspecified,Object_02634
Flammable,Object_12127
Fragile,Object_07151
Explosive,Object_02100
Flammable,Object_02023
Oxidizing,Object_14531
Corrosive,Object_07428
Pressurized,Object_08935
Explosive,Object_13600
Oxidizing,Object_01169
Radioactive,Object_14418
Pressurized,Object_02517
Toxic,Object_00440
Food,Object_00651
Pressurized,Object_04543
Unspecified,Object_01493
Explosive,Object_08105
Fragile,Object_09331
Explosive,Object_00017
Toxic,Object_07929
Food,Object_03105
Food,Object_07064
Flammable,Object_00846
Corrosive,Object_00585
Radioactive,Object_06249
Fragile,Object_10563
Pressurized,Object_12787
Toxic,Object_05595
Fragile,Object_07932
Flammable,Object_05008
Fragile,Object_10890
Food,Object_08530
Radioactive,Object_06370
Food,Object_10272
Pressurized,Object_05041
Flammable,Object_08136
Toxic,Object_11303
Unspecified,Object_12681
Toxic,Object_14403
Unspecified,Object_07071
Unspecified,Object_03512
Corrosive,Object_01599
Oxidizing,Object_07501
Flammable,Object_11210
Pressurized,Object_09919
Radioactive,Object_11348
Pressurized,Object_01361
Flammable,Object_12728
Food,Object_01305
Corrosive,Object_08385
Unspecified,Object_09813
Food,Object_01057
Radioactive,Object_14308
Oxidizing,Object_04904
Food,Object_05197
Food,Object_07876
Flammable,Object_01046
Food,Object_08513
Oxidizing,Object_10875
Flammable,Object_00940
Unspecified,Object_09728
Radioactive,Object_03462
Food,Object_14830
Corrosive,Object_09323
Corrosive,Object_03054
Unspecified,Object_09639
Food,Object_03084
Flammable,Object_06398
Toxic,Object_03351
Oxidizing,Object_04617
Explosive,Object_08377
Flammable,Object_09678
Corrosive,Object_12258
Explosive,Object_10650
Oxidizing,Object_05665
Food,Object_13490
Corrosive,Object_11268
Toxic,Object_10830
Oxidizing,Object_12398
Unspecified,Object_12351
Oxidizing,Object_01784
Toxic,Object_03349
Pressurized,Object_07884
Radioactive,Object_12632
Pressurized,Object_11605
Radioactive,Object_08590
Corrosive,Object_14806
Food,Object_10526
Pressurized,Object_00251
Toxic,Object_00907
Radioactive,Object_02145
Fragile,Object_11012
Toxic,Object_14329
Fragile,Object_03364
Radioactive,Object_00641
Radioactive,Object_11444
Oxidizing,Object_05168
Oxidizing,Object_06431
Toxic,Object_05370
Radioactive,Object_03365
Explosive,Object_04362
Unspecified,Object_14903
Unspecified,Object_09010
Fragile,Object_04965
Radioactive,Object_05543
Food,Object_02507
Radioactive,Object_13102
Food,Object_04554
Unspecified,Object_10507
Corrosive,Object_14026
Oxidizing,Object_01775
Flammable,Object_03746
Food,Object_13077
Pressurized,Object_07217
Corrosive,Object_13491
Flammable,Object_13087
Flammable,Object_02280
Fragile,Object_00120
Toxic,Object_09348
Explosive,Object_08979
Explosive,Object_02302
Toxic,Object_13285
Flammable,Object_05753
Pressurized,Object_01164
Flammable,Object_05501
Explosive,Object_09894
Radioactive,Object_13927
Fragile,Object_15148
Unspecified,Object_00105
Toxic,Object_05550
Food,Object_02929
Explosive,Object_04130
Food,Object_07321
Oxidizing,Object_00722
Flammable,Object_10366
Pressurized,Object_03297
Unspecified,Object_09322
Flammable,Object_12489
Explosive,Object_12319
Unspecified,Object_01996
Food,Object_11648
Food,Object_10700
Radioactive,Object_03128
Corrosive,Object_15017
Radioactive,Object_14565
Food,Object_09192
Food,Object_08332
Pressurized,Object_14535
Fragile,Object_09654
Flammable,Object_01696
Oxidizing,Object_12501
Radioactive,Object_05627
Corrosive,Object_07196
Unspecified,Object_12346
Radioactive,Object_06460
Radioactive,Object_14589
Radioactive,Object_06695
Flammable,Object_06609
Fragile,Object_03040
Flammable,Object_12229
Fragile,Object_10087
Explosive,Object_00402
Explosive,Object_00273
Radioactive,Object_06265
Radioactive,Object_03929
Corrosive,Object_07802
Explosive,Object_10138
Explosive,Object_07105
Oxidizing,Object_10796
Unspecified,Object_06183
Fragile,Object_03921
Pressurized,Object_05569
Explosive,Object_08761
Food,Object_04977
Flammable,Object_02051
Toxic,Object_04161
Corrosive,Object_02044
Radioactive,Object_07257
Oxidizing,Object_02862
Explosive,Object_06551
Explosive,Object_05582
Radioactive,Object_09997
Pressurized,Object_03065
Oxidizing,Object_00447
Fragile,Object_13337
Toxic,Object_07073
Oxidizing,Object_12609
Oxidizing,Object_07731
Toxic,Object_00501
Explosive,Object_03958
Radioactive,Object_07260
Radioactive,Object_09455
Corrosive,Object_13019
Corrosive,Object_11263
Unspecified,Object_01647
Oxidizing,Object_02002
Unspecified,Object_08679
Explosive,Object_08053
Pressurized,Object_09262
Flammable,Object_02467
Radioactive,Object_12906
Fragile,Object_02947
Food,Object_03394
Toxic,Object_08814
Unspecified,Object_11323
Flammable,Object_00495
Toxic,Object_06485
Oxidizing,Object_09031
Flammable,Object_12203
Explosive,Object_08087
Oxidizing,Object_01500
Food,Object_11273
Oxidizing,Object_05533
Food,Object_03850
Flammable,Object_03540
Food,Object_10865
Corrosive,Object_03519
Corrosive,Object_11454
Oxidizing,Object_04818
Oxidizing,Object_07236
Pressurized,Object_10914
Explosive,Object_08162
Fragile,Object_10909
Oxidizing,Object_06443
Radioactive,Object_04222
Pressurized,Object_11579
Unspecified,Object_01333
Radioactive,Object_05029
Flammable,Object_02318
Oxidizing,Object_04137
Pressurized,Object_01433
Food,Object_09241
Radioactive,Object_01042
Unspecified,Object_05581
Pressurized,Object_11036
Corrosive,Object_07827
Radioactive,Object_04875
Corrosive,Object_07741
Unspecified,Object_04787
Explosive,Object_00150
Flammable,Object_12073
Oxidizing,Object_00480
Oxidizing,Object_10339
Explosive,Object_04117
Fragile,Object_02521
Toxic,Object_13432
Explosive,Object_11921
Corrosive,Object_05649
Flammable,Object_05240
Flammable,Object_06407
Fragile,Object_03744
Explosive,Object_14269
Pressurized,Object_01359
Unspecified,Object_08277
Toxic,Object_04740
Unspecified,Object_13264
Toxic,Object_14487
Toxic,Object_10864
Unspecified,Object_11474
Corrosive,Object_11654
Fragile,Object_15012
Flammable,Object_03675
Corrosive,Object_11359
Corrosive,Object_00653
Explosive,Object_06130
Radioactive,Object_07459
Fragile,Object_11249
Pressurized,Object_13297
Fragile,Object_12297
Pressurized,Object_13815
Food,Object_05934
Radioactive,Object_07084
Radioactive,Object_11443
Fragile,Object_15064
Flammable,Object_05143
Pressurized,Object_12905
Oxidizing,Object_10340
Food,Object_14186
Food,Object_11528
Food,Object_14060
Unspecified,Object_05580
Radioactive,Object_14682
Toxic,Object_00809
Explosive,Object_07514
Unspecified,Object_15119
Fragile,Object_06596
Food,Object_02376
Corrosive,Object_14583
Oxidizing,Object_13539
Radioactive,Object_01245
Flammable,Object_14219
Food,Object_02647
Unspecified,Object_05789
Explosive,Object_04813
Radioactive,Object_06903
Unspecified,Object_04181
Food,Object_13056
Pressurized,Object_09517
Fragile,Object_04790
Food,Object_04228
Pressurized,Object_02325
Corrosive,Object_02438
Pressurized,Object_04963
Flammable,Object_14890
Flammable,Object_03612
Fragile,Object_08325
Corrosive,Object_08463
Corrosive,Object_13816
Fragile,Object_00054
Food,Object_06264
Explosive,Object_05596
Toxic,Object_10026
Pressurized,Object_01865
Toxic,Object_03099
Unspecified,Object_06758
Explosive,Object_03014
Corrosive,Object_03140
Radioactive,Object_00322
Toxic,Object_09074
Explosive,Object_12547
Oxidizing,Object_09927
Oxidizing,Object_08353
Flammable,Object_14759
Corrosive,Object_02301
Corrosive,Object_14532
Pressurized,Object_01539
Explosive,Object_11829
Pressurized,Object_06570
Corrosive,Object_01562
Flammable,Object_10565
Oxidizing,Object_08758
Explosive,Object_04786
Flammable,Object_12478
Corrosive,Object_14994
Toxic,Object_03441
Fragile,Object_05742
Food,Object_01139
Unspecified,Object_07060
Fragile,Object_02461
Food,Object_01044
Toxic,Object_01435
Corrosive,Object_10603
Oxidizing,Object_06993
Unspecified,Object_05717
Flammable,Object_07521
Oxidizing,Object_01531
Fragile,Object_13553
Corrosive,Object_15126
Flammable,Object_00997
Radioactive,Object_07449
Fragile,Object_10549
Unspecified,Object_03124
Radioactive,Object_13532
Unspecified,Object_14292
Food,Object_14547
Fragile,Object_11205
Food,Object_03789
Oxidizing,Object_05406
Oxidizing,Object_09198
Explosive,Object_12480
Unspecified,Object_00942
Unspecified,Object_00605
Pressurized,Object_07315
Flammable,Object_11529
Corrosive,Object_00745
Food,Object_07975
Pressurized,Object_13542
Corrosive,Object_01170
Corrosive,Object_07806
Oxidizing,Object_03867
Radioactive,Object_12920
Oxidizing,Object_04927
Food,Object_04426
Explosive,Object_00421
Corrosive,Object_11801
Toxic,Object_08375
Oxidizing,Object_05879
Oxidizing,Object_01211
Flammable,Object_02043
Explosive,Object_05918
Food,Object_05824
Pressurized,Object_12636
Oxidizing,Object_00657
Oxidizing,Object_04507
Explosive,Object_01547
Oxidizing,Object_09109
Pressurized,Object_11706
Unspecified,Object_09022
Oxidizing,Object_09475
Explosive,Object_02447
Explosive,Object_04821
Corrosive,Object_10819
Corrosive,Object_07833
Unspecified,Object_03439
Flammable,Object_00989
Radioactive,Object_02702
Explosive,Object_11131
Food,Object_09417
Corrosive,Object_03518
Fragile,Object_01807
Unspecified,Object_04832
Flammable,Object_06075
Explosive,Object_00850
Fragile,Object_06988
Toxic,Object_07810
Radioactive,Object_03162
Unspecified,Object_04995
Corrosive,Object_13792
Toxic,Object_01393
Flammable,Object_06935
Toxic,Object_04173
Fragile,Object_10921
Toxic,Object_00982
Corrosive,Object_11483
Food,Object_04199
Food,Object_00118
Unspecified,Object_06964
Corrosive,Object_14632
Oxidizing,Object_08517
Oxidizing,Object_14967
Food,Object_14711
Food,Object_15105
Pressurized,Object_13180
Food,Object_06160
Explosive,Object_11636
Explosive,Object_14004
Toxic,Object_10273
Unspecified,Object_11188
Radioactive,Object_12379
Radioactive,Object_04745
Food,Object_13613
Unspecified,Object_02157
Corrosive,Object_13236
Food,Object_11688
Unspecified,Object_02115
Toxic,Object_02328
Food,Object_01929
Explosive,Object_03330
Oxidizing,Object_10024
Food,Object_11225
Food,Object_02262
Unspecified,Object_06246
Explosive,Object_13422
Radioactive,Object_10155
Flammable,Object_00842
Fragile,Object_02736
Food,Object_00127
Unspecified,Object_11445
Unspecified,Object_03470
Fragile,Object_03949
Flammable,Object_07772
Corrosive,Object_05479
Fragile,Object_11940
Food,Object_06335
Oxidizing,Object_13234
Unspecified,Object_00541
Fragile,Object_02437
Pressurized,Object_07092
Oxidizing,Object_10157
Corrosive,Object_06559
Pressurized,Object_00319
Unspecified,Object_10105
Food,Object_05200
Pressurized,Object_12145
Toxic,Object_08206
Corrosive,Object_13584
Fragile,Object_07790
Fragile,Object_00167
Unspecified,Object_14317
Food,Object_11568
Fragile,Object_14978
Pressurized,Object_14847
Explosive,Object_07735
Fragile,Object_04271
Unspecified,Object_10415
Unspecified,Object_12604
Pressurized,Object_09261
Flammable,Object_12345
Fragile,Object_11409
Pressurized,Object_13408
Toxic,Object_07356
Food,Object_01642
Toxic,Object_05793
Explosive,Object_03473
Explosive,Object_04873
Pressurized,Object_02422
Fragile,Object_05018
Pressurized,Object_04098
Radioactive,Object_06713
Fragile,Object_15042
Pressurized,Object_08928
Food,Object_04447
Food,Object_03605
Food,Object_00981
Explosive,Object_12653
Radioactive,Object_09898
Unspecified,Object_05521
Toxic,Object_09593
Pressurized,Object_09470
Fragile,Object_13213
Pressurized,Object_01033
Food,Object_12955
Toxic,Object_14239
Explosive,Object_14569
Flammable,Object_00833
Flammable,Object_06542
Food,Object_02694
Flammable,Object_00299
Toxic,Object_10483
Oxidizing,Object_02881
Explosive,Object_10347
Oxidizing,Object_11125
Food,Object_09901
Explosive,Object_13642
Pressurized,Object_10263
Flammable,Object_08634
Oxidizing,Object_07899
Fragile,Object_12146
Pressurized,Object_14064
Radioactive,Object_06299
Oxidizing,Object_01534
Food,Object_08948
Oxidizing,Object_03876
Pressurized,Object_07508
Fragile,Object_09617
Explosive,Object_04761
Flammable,Object_00716
Food,Object_10705
Flammable,Object_04553
Corrosive,Object_14410
Oxidizing,Object_09984
Toxic,Object_07353
Fragile,Object_07710
Food,Object_04427
Pressurized,Object_07072
Corrosive,Object_11180
Oxidizing,Object_07595
Fragile,Object_10629
Toxic,Object_04683
Explosive,Object_03126
Explosive,Object_08825
Pressurized,Object_11686
Flammable,Object_09658
Food,Object_12950
Pressurized,Object_14395
Food,Object_07015
Food,Object_09309
Flammable,Object_04150
Flammable,Object_07076
Unspecified,Object_03257
Unspecified,Object_12103
Unspecified,Object_02247
Pressurized,Object_07095
Unspecified,Object_02930
Flammable,Object_01543
Oxidizing,Object_07878
Explosive,Object_01604
Corrosive,Object_13362
Corrosive,Object_06712
Fragile,Object_02680
Toxic,Object_02377
Food,Object_01291
Food,Object_12849
Toxic,Object_10040
Toxic,Object_08400
Flammable,Object_10602
Corrosive,Object_03289
Oxidizing,Object_09589
Explosive,Object_05206
Radioactive,Object_02928
Radioactive,Object_13265
Radioactive,Object_00918
Unspecified,Object_03631
Explosive,Object_01792
Explosive,Object_06441
Oxidizing,Object_01821
Flammable,Object_08984
Fragile,Object_08982
Explosive,Object_05374
Radioactive,Object_03899
Pressurized,Object_01032
Radioactive,Object_13010
Flammable,Object_08327
Explosive,Object_13329
Explosive,Object_05852
Toxic,Object_08203
Food,Object_01724
Flammable,Object_11355
Radioactive,Object_00300
Explosive,Object_00382
Fragile,Object_13948
Toxic,Object_15085
Fragile,Object_13405
Oxidizing,Object_10205
Corrosive,Object_07494
Toxic,Object_13075
Fragile,Object_01655
Fragile,Object_05606
Explosive,Object_05946
Unspecified,Object_10441
Food,Object_03495
Food,Object_03749
Explosive,Object_06182
Toxic,Object_10527
Pressurized,Object_01897
Radioactive,Object_05597
Pressurized,Object_03461
Pressurized,Object_08655
Unspecified,Object_03596
Explosive,Object_04106
Toxic,Object_01179
Radioactive,Object_14111
Food,Object_00778
Pressurized,Object_12797
Oxidizing,Object_01816
Radioactive,Object_13066
Flammable,Object_09534
Oxidizing,Object_14141
Oxidizing,Object_04497
Oxidizing,Object_11155
Corrosive,Object_04144
Radioactive,Object_02956
Flammable,Object_08135
Fragile,Object_07915
Fragile,Object_04520
Oxidizing,Object_12329
Oxidizing,Object_06881
Flammable,Object_12732
Pressurized,Object_12153
Unspecified,Object_06947
Toxic,Object_04836
Explosive,Object_01981
Fragile,Object_14066
Oxidizing,Object_01244
Fragile,Object_01287
Oxidizing,Object_05079
Fragile,Object_06628
Radioactive,Object_10824
Radioactive,Object_12193
Unspecified,Object_04958
Oxidizing,Object_06113
Pressurized,Object_03652
Unspecified,Object_05117
Fragile,Object_06549
Explosive,Object_07574
Food,Object_09157
Oxidizing,Object_13877
Oxidizing,Object_03601
Corrosive,Object_07363
Explosive,Object_04057
Pressurized,Object_01799
Toxic,Object_14538
Unspecified,Object_12413
Explosive,Object_06526
Corrosive,Object_00409
Explosive,Object_04644
Unspecified,Object_10591
Oxidizing,Object_14072
Radioactive,Object_01896
Flammable,Object_03413
Food,Object_13165
Fragile,Object_07318
Explosive,Object_10029
Flammable,Object_06553
Corrosive,Object_05095
Pressurized,Object_10337
Fragile,Object_04411
Flammable,Object_02514
Pressurized,Object_02287
Oxidizing,Object_12802
Radioactive,Object_00190
Toxic,Object_07499
Corrosive,Object_00971
Oxidizing,Object_06003
Oxidizing,Object_13038
Food,Object_03031
Unspecified,Object_09697
Radioactive,Object_11602
Flammable,Object_05577
Oxidizing,Object_09285
Oxidizing,Object_14154
Oxidizing,Object_08411
Toxic,Object_05334
Unspecified,Object_01366
Oxidizing,Object_00114
Flammable,Object_06820
Radioactive,Object_02107
Pressurized,Object_04377
Unspecified,Object_12639
Toxic,Object_08959
Explosive,Object_10076
Food,Object_08753
Oxidizing,Object_10115
Unspecified,Object_00598
Corrosive,Object_10704
Radioactive,Object_02213
Fragile,Object_14441
Flammable,Object_02420
Explosive,Object_03007
Oxidizing,Object_02548
Pressurized,Object_06215
Food,Object_09279
Oxidizing,Object_05485
Food,Object_02241
Explosive,Object_04712
Unspecified,Object_03463
Oxidizing,Object_02306
Toxic,Object_12189
Unspecified,Object_13861
Toxic,Object_01823
Radioactive,Object_04495
Corrosive,Object_06552
Flammable,Object_10701
Toxic,Object_01174
Explosive,Object_11306
Corrosive,Object_09594
Food,Object_07074
Pressurized,Object_04568
Pressurized,Object_00845
Explosive,Object_09143
Pressurized,Object_08977
Oxidizing,Object_08541
Unspecified,Object_13851
Explosive,Object_09618
Explosive,Object_12254
Pressurized,Object_01377
Pressurized,Object_00504
Oxidizing,Object_07182
Oxidizing,Object_00625
Flammable,Object_03797
Unspecified,Object_09764
Toxic,Object_14283
Pressurized,Object_04789
Corrosive,Object_07291
Flammable,Object_07860
Fragile,Object_02490
Food,Object_13567
Flammable,Object_03726
Radioactive,Object_00179
Pressurized,Object_15139
Radioactive,Object_04068
Flammable,Object_05191
Explosive,Object_07489
Explosive,Object_06391
Food,Object_00955
Pressurized,Object_05898
Corrosive,Object_03132
Toxic,Object_08957
Food,Object_13549
Flammable,Object_03438
Corrosive,Object_13460
Fragile,Object_13923
Toxic,Object_06450
Oxidizing,Object_11639
Unspecified,Object_08932
Flammable,Object_01303
Unspecified,Object_13771
Food,Object_01950
Fragile,Object_12033
Food,Object_15004
Oxidizing,Object_10786
Corrosive,Object_10116
Flammable,Object_14646
Food,Object_10355
Food,Object_10051
Fragile,Object_08251
Radioactive,Object_12854
Pressurized,Object_01514
Toxic,Object_01903
Food,Object_06355
Toxic,Object_07948
Unspecified,Object_10934
Fragile,Object_14430
Food,Object_07976
Corrosive,Object_02835
Flammable,Object_08001
Toxic,Object_13459
Flammable,Object_02782
Oxidizing,Object_13079
Toxic,Object_13497
Food,Object_01874
Unspecified,Object_07481
Toxic,Object_05498
Toxic,Object_12230
Pressurized,Object_11005
Radioactive,Object_05321
Radioactive,Object_09539
Corrosive,Object_12899
Flammable,Object_13934
Pressurized,Object_03177
Oxidizing,Object_01178
Flammable,Object_00799
Toxic,Object_08221
Toxic,Object_08873
Radioactive,Object_02408
Explosive,Object_07901
Fragile,Object_11880
Flammable,Object_15087
Explosive,Object_01902
Unspecified,Object_00142
Oxidizing,Object_03962
Oxidizing,Object_01336
Explosive,Object_06558
Flammable,Object_14937
Toxic,Object_10670
Radioactive,Object_08171
Explosive,Object_11177
Fragile,Object_04852
Unspecified,Object_02153
Fragile,Object_02767
Radioactive,Object_01851
Explosive,Object_04880
Flammable,Object_05774
Fragile,Object_00481
Corrosive,Object_10005
Radioactive,Object_05980
Radioactive,Object_05825
Pressurized,Object_13140
Food,Object_06863
Explosive,Object_13732
Radioactive,Object_13756
Flammable,Object_10562
Radioactive,Object_06611
Explosive,Object_10559
Radioactive,Object_14742
Flammable,Object_00644
Food,Object_09362
Radioactive,Object_11536
Food,Object_11388
Food,Object_07469
Radioactive,Object_08989
Fragile,Object_00236
Corrosive,Object_02149
Pressurized,Object_05553
Explosive,Object_14089
Unspecified,Object_08209
Explosive,Object_01511
Unspecified,Object_11385
Toxic,Object_11939
Flammable,Object_08719
Food,Object_11733
Flammable,Object_12273
Unspecified,Object_06186
Toxic,Object_12084
Corrosive,Object_09696
Flammable,Object_01202
Fragile,Object_01350
Oxidizing,Object_04257
Corrosive,Object_09707
Unspecified,Object_13875
Toxic,Object_06598
Food,Object_12922
Toxic,Object_00063
Corrosive,Object_13592
Pressurized,Object_12649
Fragile,Object_03231
Fragile,Object_13809
Food,Object_05969
Food,Object_10395
Oxidizing,Object_10849
Flammable,Object_08967
Radioactive,Object_10748
Toxic,Object_00703
Fragile,Object_14005
Oxidizing,Object_02710
Flammable,Object_07107
Explosive,Object_05379
Flammable,Object_11575
Unspecified,Object_11068
Corrosive,Object_02761
Corrosive,Object_10640
Toxic,Object_13316
Radioactive,Object_05846
Pressurized,Object_13830
Radioactive,Object_08866
Toxic,Object_06066
Explosive,Object_14749
Pressurized,Object_01893
Flammable,Object_05608
Pressurized,Object_08365
Explosive,Object_06567
Radioactive,Object_12768
Explosive,Object_00791
Food,Object_01324
Oxidizing,Object_06131
Food,Object_09633
Unspecified,Object_03702
Toxic,Object_11027
Flammable,Object_12328
Fragile,Object_12663
Explosive,Object_02248
Radioactive,Object_00101
Pressurized,Object_09705
Pressurized,Object_05518
Toxic,Object_02163
Fragile,Object_03506
Flammable,Object_03069
Oxidizing,Object_13282
Oxidizing,Object_15049
Corrosive,Object_00425
Radioactive,Object_13359
Food,Object_00650
Fragile,Object_03484
Pressurized,Object_09914
Food,Object_05088
Unspecified,Object_12129
Oxidizing,Object_01901
Pressurized,Object_09670
Explosive,Object_08840
Toxic,Object_12350
Fragile,Object_13548
Oxidizing,Object_10740
Flammable,Object_02016
Food,Object_10354
Flammable,Object_12980
Radioactive,Object_05975
Pressurized,Object_01332
Corrosive,Object_09440
Toxic,Object_09138
Corrosive,Object_07885
Flammable,Object_09762
Radioactive,Object_04737
Toxic,Object_04664
Toxic,Object_01229
Toxic,Object_00039
Flammable,Object_13269
Unspecified,Object_00718
Explosive,Object_06870
Oxidizing,Object_07242
Food,Object_13571
Food,Object_04348
Corrosive,Object_10684
Pressurized,Object_02575
Corrosive,Object_15007
Flammable,Object_12423
Food,Object_13254
Radioactive,Object_10613
Explosive,Object_08048
Pressurized,Object_04991
Fragile,Object_01040
Food,Object_03225
Fragile,Object_08909
Corrosive,Object_06220
Explosive,Object_15034
Toxic,Object_10011
Fragile,Object_03195
Radioactive,Object_02362
Corrosive,Object_12021
Oxidizing,Object_13787
Fragile,Object_05714
Oxidizing,Object_00201
Unspecified,Object_13598
Corrosive,Object_14723
Pressurized,Object_09570
Pressurized,Object_06524
Explosive,Object_14011
Pressurized,Object_13525
Explosive,Object_05389
Explosive,Object_14397
Fragile,Object_12821
Radioactive,Object_10616
Toxic,Object_09326
Radioactive,Object_13876
Unspecified,Object_04869
Explosive,Object_11045
Radioactive,Object_06158
Fragile,Object_12793
Unspecified,Object_03966
Fragile,Object_08357
Toxic,Object_01348
Radioactive,Object_02790
Explosive,Object_01316
Food,Object_07684
Explosive,Object_13920
Pressurized,Object_11555
Food,Object_08538
Radioactive,Object_01293
Oxidizing,Object_09468
Food,Object_06245
Unspecified,Object_07349
Toxic,Object_13990
Unspecified,Object_00706
Radioactive,Object_06864
Corrosive,Object_00449
Oxidizing,Object_14049
Pressurized,Object_03051
Flammable,Object_05772
Pressurized,Object_11540
Unspecified,Object_04343
Unspecified,Object_02317
Flammable,Object_02725
Corrosive,Object_03303
Corrosive,Object_12933
Food,Object_09379
Radioactive,Object_02633
Food,Object_01767
Toxic,Object_09172
Fragile,Object_04459
Toxic,Object_13628
Flammable,Object_09247
Flammable,Object_02804
Unspecified,Object_12040
Unspecified,Object_10453
Flammable,Object_11333
Food,Object_08378
Food,Object_05103
Toxic,Object_10573
Pressurized,Object_08340
Pressurized,Object_01703
Food,Object_01994
Fragile,Object_04738
Explosive,Object_02309
Radioactive,Object_02452
Explosive,Object_06354
Fragile,Object_12388
Explosive,Object_09054
Food,Object_00913
Pressurized,Object_01800
Fragile,Object_07326
Fragile,Object_06285
Toxic,Object_01861
Toxic,Object_10388
Unspecified,Object_08181
Oxidizing,Object_10994
Fragile,Object_12779
Unspecified,Object_01218
Toxic,Object_14936
Explosive,Object_02946
Flammable,Object_01850
Food,Object_10482
Corrosive,Object_05723
Corrosive,Object_12000
Food,Object_12588
Pressurized,Object_01011
Toxic,Object_03835
Oxidizing,Object_09990
Toxic,Object_11937
Explosive,Object_03464
Oxidizing,Object_01079
Flammable,Object_04109
Radioactive,Object_04865
Flammable,Object_06132
Toxic,Object_11629
Corrosive,Object_05700
Corrosive,Object_08323
Fragile,Object_05885
Food,Object_05830
Toxic,Object_07798
Radioactive,Object_03550
Radioactive,Object_11975
Pressurized,Object_07671
Food,Object_02669
Toxic,Object_12405
Unspecified,Object_08491
Pressurized,Object_07272
Explosive,Object_12257
Radioactive,Object_02303
Pressurized,Object_07159
Food,Object_03739
Unspecified,Object_07409
Fragile,Object_03172
Explosive,Object_00110
Flammable,Object_03989
Food,Object_10390
Flammable,Object_01959
Fragile,Object_06757
Oxidizing,Object_12057
Unspecified,Object_05591
Explosive,Object_12767
Unspecified,Object_13955
Toxic,Object_08308
Pressurized,Object_10643
Food,Object_13966
Oxidizing,Object_12431
Fragile,Object_10522
Toxic,Object_08648
Food,Object_10128
Unspecified,Object_11442
Toxic,Object_12383
Toxic,Object_08520
Food,Object_02713
Flammable,Object_05047
Explosive,Object_13828
Flammable,Object_13510
Pressurized,Object_04514
Explosive,Object_07262
Oxidizing,Object_14521
Oxidizing,Object_12022
Oxidizing,Object_14559
Pressurized,Object_01405
Food,Object_03430
Fragile,Object_10715
Oxidizing,Object_14895
Food,Object_00403
Unspecified,Object_04127
Pressurized,Object_08437
Pressurized,Object_01307
Fragile,Object_13220
Toxic,Object_08369
Corrosive,Object_11326
Food,Object_01145
Explosive,Object_11553
Radioactive,Object_14314
Food,Object_01582
Corrosive,Object_05950
Radioactive,Object_11890
Pressurized,Object_06015
Oxidizing,Object_12460
Flammable,Object_10978
Pressurized,Object_12415
Corrosive,Object_04694
Fragile,Object_09493
Corrosive,Object_03041
Corrosive,Object_15070
Flammable,Object_10624
Flammable,Object_05777
Food,Object_06652
Explosive,Object_04193
Corrosive,Object_04708
Explosive,Object_02859
Food,Object_07512
Food,Object_05549
Explosive,Object_02192
Food,Object_02734
Fragile,Object_09270
Explosive,Object_01208
Radioactive,Object_01358
Unspecified,Object_12760
Corrosive,Object_03772
Food,Object_07678
Oxidizing,Object_06679
Unspecified,Object_11799
Oxidizing,Object_06345
Oxidizing,Object_07121
Flammable,Object_09272
Oxidizing,Object_03102
Radioactive,Object_13661
Unspecified,Object_06085
Radioactive,Object_14603
Food,Object_11493
Toxic,Object_00327
Pressurized,Object_09147
Pressurized,Object_06235
Toxic,Object_13547
Fragile,Object_05408
Oxidizing,Object_08712
Explosive,Object_02321
Oxidizing,Object_07458
Oxidizing,Object_01349
Radioactive,Object_03534
Corrosive,Object_09139
Food,Object_00344
Flammable,Object_07372
Food,Object_01031
Toxic,Object_12655
Corrosive,Object_13291
Toxic,Object_05383
Unspecified,Object_00687
Corrosive,Object_08557
Oxidizing,Object_06470
Toxic,Object_02134
Explosive,Object_09779
Corrosive,Object_02144
Food,Object_05207
Unspecified,Object_11934
Toxic,Object_05679
Corrosive,Object_04272
Explosive,Object_00854
Unspecified,Object_14491
Unspecified,Object_06105
Fragile,Object_02732
Radioactive,Object_01214
Corrosive,Object_13860
Unspecified,Object_04248
Fragile,Object_08458
Pressurized,Object_06735
Radioactive,Object_13936
Flammable,Object_09635
Flammable,Object_12945
Flammable,Object_14758
Unspecified,Object_14927
Radioactive,Object_08617
Food,Object_03467
Flammable,Object_05623
Radioactive,Object_04179
Food,Object_09288
Pressurized,Object_13765
Toxic,Object_00976
Explosive,Object_14555
Toxic,Object_01725
Radioactive,Object_02650
Fragile,Object_02910
Unspecified,Object_13900
Food,Object_08467
Fragile,Object_10691
Toxic,Object_02392
Food,Object_13665
Fragile,Object_05305
Explosive,Object_09967
Pressurized,Object_05371
Explosive,Object_12475
Oxidizing,Object_08595
Pressurized,Object_06275
Explosive,Object_11424
Explosive,Object_10961
Explosive,Object_09856
Explosive,Object_11265
Explosive,Object_00247
Pressurized,Object_00411
Radioactive,Object_04909
Fragile,Object_10333
Food,Object_14211
Food,Object_02604
Toxic,Object_08960
Oxidizing,Object_09049
Explosive,Object_07751
Food,Object_10179
Radioactive,Object_01470
Flammable,Object_02984
Toxic,Object_13983
Toxic,Object_00432
Explosive,Object_10018
Oxidizing,Object_14471
Unspecified,Object_01271
Oxidizing,Object_02370
Unspecified,Object_12049
Unspecified,Object_09662
Corrosive,Object_12085
Fragile,Object_07467
Pressurized,Object_10588
Fragile,Object_08440
Radioactive,Object_14593
Corrosive,Object_13434
Flammable,Object_12874
Toxic,Object_11386
Fragile,Object_14152
Flammable,Object_09623
Oxidizing,Object_07003
Radioactive,Object_03196
Explosive,Object_01094
Radioactive,Object_05179
Unspecified,Object_02387
Unspecified,Object_05792
Oxidizing,Object_05731
Oxidizing,Object_08063
Food,Object_14677
Pressurized,Object_05678
Food,Object_06240
Food,Object_09113
Toxic,Object_13372
Pressurized,Object_08663
Unspecified,Object_02638
Toxic,Object_09545
Pressurized,Object_07109
Explosive,Object_08056
Unspecified,Object_02459
Explosive,Object_08952
Food,Object_03106
Unspecified,Object_10658
Pressurized,Object_04811
Radioactive,Object_05392
Toxic,Object_06585
Food,Object_04709
Fragile,Object_03932
Unspecified,Object_00793
Flammable,Object_01817
Radioactive,Object_13181
Toxic,Object_03334
Flammable,Object_06166
Toxic,Object_06855
Fragile,Object_08262
Flammable,Object_13870
Oxidizing,Object_11064
Oxidizing,Object_03234
Pressurized,Object_04998
Oxidizing,Object_03691
Toxic,Object_05201
Corrosive,Object_04964
Pressurized,Object_06929
Toxic,Object_06170
Radioactive,Object_04138
Toxic,Object_01572
Explosive,Object_08862
Corrosive,Object_13885
Unspecified,Object_09562
Corrosive,Object_14514
Unspecified,Object_05187
Unspecified,Object_06429
Corrosive,Object_08382
Corrosive,Object_03868
Fragile,Object_06126
Explosive,Object_13003
Unspecified,Object_13334
Toxic,Object_03981
Fragile,Object_12054
Fragile,Object_08675
Food,Object_06230
Food,Object_07284
Pressurized,Object_13826
Pressurized,Object_03382
Flammable,Object_08591
Unspecified,Object_07651
Flammable,Object_09144
Fragile,Object_03321
Fragile,Object_09111
Fragile,Object_06394
Unspecified,Object_00736
Radioactive,Object_09512
Oxidizing,Object_12344
Radioactive,Object_04244
Flammable,Object_10789
Unspecified,Object_13398
Unspecified,Object_01297
Radioactive,Object_13185
Unspecified,Object_05728
Pressurized,Object_01298
Toxic,Object_10178
Radioactive,Object_03665
Flammable,Object_08459
Radioactive,Object_08799
Food,Object_00857
Fragile,Object_11715
Fragile,Object_00987
Toxic,Object_02853
Radioactive,Object_01913
Oxidizing,Object_03682
Pressurized,Object_04298
Fragile,Object_04198
Oxidizing,Object_11467
Fragile,Object_08080
Unspecified,Object_12518
Toxic,Object_06442
Corrosive,Object_02230
Food,Object_14092
Oxidizing,Object_02605
Food,Object_13308
Corrosive,Object_06491
Food,Object_01845
Radioactive,Object_11032
Unspecified,Object_08908
Fragile,Object_11337
Oxidizing,Object_10098
Unspecified,Object_07492
Explosive,Object_13906
Toxic,Object_11102
Fragile,Object_02668
Toxic,Object_14220
Corrosive,Object_00369
Fragile,Object_13956
Toxic,Object_14792
Food,Object_01594
Oxidizing,Object_00812
Flammable,Object_02093
Oxidizing,Object_14617
Explosive,Object_05205
Food,Object_05534
Explosive,Object_12390
Corrosive,Object_12447
Pressurized,Object_11606
Unspecified,Object_00684
Fragile,Object_12542
Corrosive,Object_04114
Corrosive,Object_13714
Explosive,Object_09421
Explosive,Object_10988
Unspecified,Object_06640
Explosive,Object_03354
Fragile,Object_11968
Corrosive,Object_03390
Explosive,Object_00545
Flammable,Object_05249
Explosive,Object_12623
Pressurized,Object_05899
Unspecified,Object_04358
Food,Object_09713
Oxidizing,Object_02682
Pressurized,Object_07120
Radioactive,Object_06276
Pressurized,Object_02297
Pressurized,Object_13420
Corrosive,Object_10314
Toxic,Object_01738
Fragile,Object_00566
Unspecified,Object_03443
Fragile,Object_05973
Fragile,Object_07576
Toxic,Object_00925
Explosive,Object_03319
Unspecified,Object_09552
Toxic,Object_14905
Toxic,Object_08795
Radioactive,Object_02552
Food,Object_08822
Explosive,Object_05309
Corrosive,Object_12614
Oxidizing,Object_01598
Food,Object_15029
Corrosive,Object_03561
Corrosive,Object_13389
Oxidizing,Object_00466
Oxidizing,Object_01882
Flammable,Object_14550
Unspecified,Object_01396
Unspecified,Object_13506
Explosive,Object_08441
Fragile,Object_13157
Unspecified,Object_09412
Flammable,Object_14007
Unspecified,Object_08030
Unspecified,Object_15155
Radioactive,Object_11912
Food,Object_11949
Flammable,Object_14556
Flammable,Object_10246
Explosive,Object_09337
Explosive,Object_08644
Unspecified,Object_07447
Oxidizing,Object_09002
Food,Object_13095
Explosive,Object_00172
Toxic,Object_07460
Explosive,Object_13895
Fragile,Object_00647
Explosive,Object_09774
Explosive,Object_03420
Radioactive,Object_05609
Unspecified,Object_14750
Flammable,Object_07838
Radioactive,Object_12108
Oxidizing,Object_11358
Pressurized,Object_12090
Pressurized,Object_10879
Food,Object_06278
Pressurized,Object_13603
Food,Object_08563
Unspecified,Object_03431
Toxic,Object_06631
Pressurized,Object_05343
Pressurized,Object_11743
Oxidizing,Object_07961
Radioactive,Object_00050
Corrosive,Object_01323
Explosive,Object_06909
Explosive,Object_07206
Unspecified,Object_10968
Corrosive,Object_06658
Radioactive,Object_14019
Flammable,Object_09290
Toxic,Object_06081
Oxidizing,Object_09749
Unspecified,Object_06690
Toxic,Object_05730
Explosive,Object_04093
Pressurized,Object_15160
Fragile,Object_14376
Pressurized,Object_14843
Toxic,Object_01878
Flammable,Object_13987
Explosive,Object_07658
Oxidizing,Object_05866
Unspecified,Object_04297
Fragile,Object_09466
Unspecified,Object_04292
Corrosive,Object_09478
Toxic,Object_11922
Corrosive,Object_04367
Radioactive,Object_04972
Radioactive,Object_09130
Explosive,Object_01135
Explosive,Object_10752
Toxic,Object_05541
Toxic,Object_13825
Explosive,Object_02653
Unspecified,Object_12050
Explosive,Object_13663
Flammable,Object_05821
Corrosive,Object_04060
Corrosive,Object_09760
Unspecified,Object_08594
Food,Object_14607
Oxidizing,Object_10203
Corrosive,Object_04968
Food,Object_02255
Unspecified,Object_11128
Corrosive,Object_08290
Pressurized,Object_02981
Toxic,Object_07251
Fragile,Object_02289
Unspecified,Object_01028
Flammable,Object_00731
Unspecified,Object_06172
Oxidizing,Object_05499
Food,Object_14798
Radioactive,Object_14177
Unspecified,Object_12168
Fragile,Object_04578
Toxic,Object_10058
Unspecified,Object_12519
Flammable,Object_14052
Fragile,Object_09772
Flammable,Object_12677
Corrosive,Object_04458
Radioactive,Object_02568
Flammable,Object_01467
Explosive,Object_03521
Toxic,Object_14137
Radioactive,Object_03878
Radioactive,Object_01249
Pressurized,Object_04309
Unspecified,Object_14105
Toxic,Object_14509
Toxic,Object_00141
Corrosive,Object_13818
Food,Object_01462
Corrosive,Object_14457
Toxic,Object_03871
Fragile,Object_00678
Food,Object_14276
Toxic,Object_01755
Corrosive,Object_08723
Radioactive,Object_05952
Flammable,Object_10008
Explosive,Object_05299
Toxic,Object_05260
Pressurized,Object_08085
Toxic,Object_03182
Oxidizing,Object_07367
Toxic,Object_12941
Unspecified,Object_11418
Radioactive,Object_01213
Oxidizing,Object_07762
Food,Object_11141
Flammable,Object_01587
Fragile,Object_13396
Pressurized,Object_04760
Corrosive,Object_07821
Pressurized,Object_00856
Pressurized,Object_10506
Unspecified,Object_03312
Fragile,Object_11475
Radioactive,Object_01009
Oxidizing,Object_03032
Toxic,Object_10367
Explosive,Object_09911
Pressurized,Object_14698
Unspecified,Object_09396
Radioactive,Object_03756
Pressurized,Object_05801
Oxidizing,Object_06052
Food,Object_06092
Explosive,Object_02805
Toxic,Object_01589
Toxic,Object_13207
Explosive,Object_13610
Unspecified,Object_13614
Pressurized,Object_04781
Pressurized,Object_08275
Pressurized,Object_06532
Corrosive,Object_13855
Explosive,Object_09689
Explosive,Object_14983
Flammable,Object_14118
Oxidizing,Object_11063
Food,Object_12996
Unspecified,Object_09970
Pressurized,Object_05045
Flammable,Object_09209
Explosive,Object_13417
Toxic,Object_04986
Explosive,Object_08473
Food,Object_04952
Corrosive,Object_10936
Corrosive,Object_08129
Fragile,Object_07956
Toxic,Object_09674
Oxidizing,Object_03787
Explosive,Object_02229
Fragile,Object_11382
Corrosive,Object_05890
Unspecified,Object_08302
Flammable,Object_04504
Toxic,Object_03542
Radioactive,Object_07982
Oxidizing,Object_04015
Radioactive,Object_09254
Pressurized,Object_11614
Unspecified,Object_12795
Flammable,Object_15091
Radioactive,Object_02944
Oxidizing,Object_04279
Unspecified,Object_01932
Oxidizing,Object_04515
Radioactive,Object_07097
Radioactive,Object_07297
Pressurized,Object_01413
Flammable,Object_15072
Food,Object_14033
Corrosive,Object_11857
Explosive,Object_07423
Corrosive,Object_02861
Corrosive,Object_05878
Pressurized,Object_12934
Unspecified,Object_07080
Corrosive,Object_12513
Toxic,Object_12199
Flammable,Object_11740
Explosive,Object_09834
Pressurized,Object_10309
Flammable,Object_09410
Radioactive,Object_06720
Corrosive,Object_04685
Corrosive,Object_12634
Explosive,Object_07208
Radioactive,Object_10835
Food,Object_07854
Pressurized,Object_12839
Corrosive,Object_05968
Explosive,Object_07042
Unspecified,Object_10741
Toxic,Object_02154
Toxic,Object_04489
Food,Object_12789
Toxic,Object_04675
Toxic,Object_10327
Oxidizing,Object_10605
Explosive,Object_09647
Explosive,Object_08319
Radioactive,Object_05022
Oxidizing,Object_01711
Unspecified,Object_11599
Unspecified,Object_03109
Corrosive,Object_01404
Explosive,Object_09550
Toxic,Object_07879
Unspecified,Object_14987
Corrosive,Object_08606
Oxidizing,Object_04295
Oxidizing,Object_14400
Corrosive,Object_09754
Fragile,Object_15081
Radioactive,Object_04397
Corrosive,Object_14014
Food,Object_14941
Pressurized,Object_08627
Toxic,Object_06053
Unspecified,Object_10600
Unspecified,Object_11079
Fragile,Object_01364
Corrosive,Object_09120
Oxidizing,Object_10326
Toxic,Object_11676
Unspecified,Object_00796
Radioactive,Object_01586
Flammable,Object_11485
Food,Object_11440
Radioactive,Object_11017
Flammable,Object_07909
Explosive,Object_08468
Unspecified,Object_11860
Fragile,Object_07780
Toxic,Object_07161
Explosive,Object_13261
Toxic,Object_07395
Corrosive,Object_03588
Pressurized,Object_07123
Oxidizing,Object_00870
Pressurized,Object_08914
Fragile,Object_05620
Corrosive,Object_02207
Flammable,Object_11431
Oxidizing,Object_10317
Radioactive,Object_06405
Food,Object_02963
Pressurized,Object_14766
Fragile,Object_03187
Toxic,Object_06529
Toxic,Object_02101
Corrosive,Object_00362
Toxic,Object_00034
Toxic,Object_12152
Food,Object_11871
Flammable,Object_07293
Food,Object_07485
Toxic,Object_08564
Food,Object_12028
Explosive,Object_02627
Oxidizing,Object_06018
Oxidizing,Object_14309
Explosive,Object_02572
Toxic,Object_09839
Fragile,Object_07374
Explosive,Object_08732
Explosive,Object_12864
Radioactive,Object_09598
Unspecified,Object_01203
Fragile,Object_04840
Explosive,Object_04646
Toxic,Object_06932
Toxic,Object_01408
Fragile,Object_10439
Radioactive,Object_09495
Fragile,Object_12196
Toxic,Object_03483
Oxidizing,Object_02546
Radioactive,Object_01824
Oxidizing,Object_04721
Radioactive,Object_02494
Food,Object_08316
Food,Object_14361
Corrosive,Object_07268
Flammable,Object_11616
Oxidizing,Object_12175
Unspecified,Object_14171
Radioactive,Object_12065
Radioactive,Object_06281
Flammable,Object_09597
Pressurized,Object_05670
Toxic,Object_05539
Radioactive,Object_04429
Toxic,Object_08261
Flammable,Object_08938
Flammable,Object_04103
Fragile,Object_02687
Food,Object_13342
Radioactive,Object_12817
Food,Object_01104
Corrosive,Object_04062
Flammable,Object_01081
Oxidizing,Object_10318
Unspecified,Object_00046
Oxidizing,Object_11482
Explosive,Object_11245
Flammable,Object_14091
Oxidizing,Object_11859
Pressurized,Object_11735
Food,Object_06795
Fragile,Object_00515
Explosive,Object_08292
Flammable,Object_02883
Flammable,Object_05662
Oxidizing,Object_13197
Oxidizing,Object_13484
Fragile,Object_02265
Flammable,Object_05216
Food,Object_03344
Unspecified,Object_04676
Flammable,Object_13554
Pressurized,Object_11970
Oxidizing,Object_05744
Pressurized,Object_10219
Unspecified,Object_10711
Food,Object_07101
Food,Object_05307
Oxidizing,Object_14980
Corrosive,Object_08238
Fragile,Object_11887
Oxidizing,Object_08849
Flammable,Object_02055
Pressurized,Object_06462
Corrosive,Object_11574
Toxic,Object_09370
Unspecified,Object_10606
Food,Object_15024
Radioactive,Object_00534
Flammable,Object_05348
Toxic,Object_05225
Corrosive,Object_09384
Toxic,Object_08777
Unspecified,Object_04041
Corrosive,Object_09776
Corrosive,Object_03667
Oxidizing,Object_13931
Corrosive,Object_06525
Toxic,Object_08689
Toxic,Object_02042
Food,Object_00475
Oxidizing,Object_13751
Unspecified,Object_11434
Oxidizing,Object_14043
Food,Object_07480
Explosive,Object_07765
Flammable,Object_05418
Corrosive,Object_06944
Oxidizing,Object_14486
Corrosive,Object_11580
Radioactive,Object_03750
Pressurized,Object_12075
Corrosive,Object_02158
Unspecified,Object_13442
Oxidizing,Object_06847
Oxidizing,Object_13255
Unspecified,Object_06806
Flammable,Object_10612
Food,Object_05911
Flammable,Object_08971
Corrosive,Object_05061
Oxidizing,Object_07305
Unspecified,Object_12699
Oxidizing,Object_02169
Flammable,Object_12292
Pressurized,Object_00777
Explosive,Object_09605
Fragile,Object_05959
Oxidizing,Object_12851
Explosive,Object_09449
Pressurized,Object_05254
Pressurized,Object_10444
Toxic,Object_12975
Fragile,Object_06180
Unspecified,Object_12071
Unspecified,Object_00744
Explosive,Object_02195
Fragile,Object_05716
Explosive,Object_06582
Fragile,Object_02664
Explosive,Object_14751
Fragile,Object_00078
Radioactive,Object_10638
Food,Object_10472
Corrosive,Object_01124
Pressurized,Object_04652
Unspecified,Object_05697
Fragile,Object_03788
Pressurized,Object_07875
Pressurized,Object_01098
Pressurized,Object_01132
Pressurized,Object_10322
Explosive,Object_09956
Corrosive,Object_03445
Fragile,Object_07539
Pressurized,Object_07024
Oxidizing,Object_06725
Pressurized,Object_05264
Toxic,Object_12866
Flammable,Object_02592
Corrosive,Object_13349
Flammable,Object_12238
Unspecified,Object_09077
Toxic,Object_08311
Toxic,Object_07792
Explosive,Object_12716
Unspecified,Object_11941
Pressurized,Object_03505
Flammable,Object_04381
Flammable,Object_06373
Toxic,Object_13566
Pressurized,Object_04573
Radioactive,Object_05506
Food,Object_02129
Oxidizing,Object_05862
Flammable,Object_08899
Oxidizing,Object_00666
Food,Object_12009
Unspecified,Object_11896
Fragile,Object_14181
Oxidizing,Object_07311
Food,Object_02068
Fragile,Object_02014
Pressurized,Object_02958
Explosive,Object_10820
Radioactive,Object_07644
Radioactive,Object_09878
Toxic,Object_07271
Fragile,Object_14718
Toxic,Object_00699
Food,Object_06107
Radioactive,Object_03969
Food,Object_03776
Toxic,Object_10966
Fragile,Object_05786
Fragile,Object_13680
Corrosive,Object_14975
Fragile,Object_12224
Radioactive,Object_11114
Radioactive,Object_04660
Pressurized,Object_04285
Oxidizing,Object_11465
Oxidizing,Object_09770
Food,Object_04345
Oxidizing,Object_04326
Pressurized,Object_13206
Unspecified,Object_08616
Toxic,Object_04368
Explosive,Object_04484
Toxic,Object_02529
Food,Object_05483
Unspecified,Object_00342
Toxic,Object_06356
Food,Object_12395
Explosive,Object_09769
Toxic,Object_10356
Unspecified,Object_02913
Flammable,Object_05967
Flammable,Object_09883
Explosive,Object_01512
Flammable,Object_09347
Corrosive,Object_01143
Oxidizing,Object_15158
Fragile,Object_08640
Oxidizing,Object_10032
Pressurized,Object_13941
Oxidizing,Object_02553
Oxidizing,Object_01312
Flammable,Object_03103
Radioactive,Object_10248
Fragile,Object_11248
Toxic,Object_14228
Oxidizing,Object_01206
Explosive,Object_13942
Fragile,Object_01875
Toxic,Object_05724
Fragile,Object_01962
Radioactive,Object_09060
Explosive,Object_09846
Flammable,Object_10940
Unspecified,Object_01982
Corrosive,Object_14768
Corrosive,Object_03083
Explosive,Object_11308
Oxidizing,Object_03459
Explosive,Object_01072
Unspecified,Object_08907
Unspecified,Object_07419
Food,Object_14396
Oxidizing,Object_01172
Fragile,Object_14109
Food,Object_00287
Food,Object_02451
Fragile,Object_06815
Corrosive,Object_08178
Food,Object_09880
Corrosive,Object_07538
Explosive,Object_00810
Food,Object_03190
Oxidizing,Object_14761
Fragile,Object_08843
Unspecified,Object_06380
Flammable,Object_14678
Radioactive,Object_04947
Corrosive,Object_10569
Unspecified,Object_06219
Explosive,Object_06959
Toxic,Object_15107
Food,Object_03626
Oxidizing,Object_03108
Pressurized,Object_07653
Toxic,Object_13344
Toxic,Object_02763
Pressurized,Object_03639
Corrosive,Object_11753
Fragile,Object_08034
Fragile,Object_05778
Radioactive,Object_12235
Food,Object_05811
Radioactive,Object_05806
Toxic,Object_02828
Flammable,Object_12139
Oxidizing,Object_14280
Pressurized,Object_08620
Unspecified,Object_03713
Pressurized,Object_13281
Radioactive,Object_10645
Pressurized,Object_14334
Pressurized,Object_13874
Flammable,Object_08697
Fragile,Object_00632
Flammable,Object_11981
Toxic,Object_09521
Food,Object_10719
Food,Object_05132
Pressurized,Object_06248
Food,Object_11656
Food,Object_05733
Fragile,Object_06832
Corrosive,Object_00717
Toxic,Object_03520
Food,Object_01509
Fragile,Object_07281
Flammable,Object_08800
Food,Object_01134
Corrosive,Object_04941
Explosive,Object_08705
Radioactive,Object_11473
Pressurized,Object_00977
Unspecified,Object_03988
Flammable,Object_14641
Unspecified,Object_09836
Fragile,Object_01326
Fragile,Object_06042
Food,Object_11051
Radioactive,Object_11037
Flammable,Object_10926
Radioactive,Object_14299
Fragile,Object_14107
Radioactive,Object_05162
Unspecified,Object_01282
Oxidizing,Object_05651
Flammable,Object_10582
Unspecified,Object_04600
Oxidizing,Object_14643
Unspecified,Object_04382
Radioactive,Object_14645
Explosive,Object_05996
Toxic,Object_12303
Explosive,Object_07571
Explosive,Object_15062
Radioactive,Object_05836
Toxic,Object_08413
Explosive,Object_11774
Food,Object_05331
Food,Object_10206
Toxic,Object_12330
Corrosive,Object_06957
Radioactive,Object_02212
Fragile,Object_07310
Flammable,Object_01086
Radioactive,Object_04876
Oxidizing,Object_14508
Fragile,Object_03938
Flammable,Object_09695
Corrosive,Object_00611
Corrosive,Object_11708
Explosive,Object_14058
Explosive,Object_11169
Fragile,Object_09251
Toxic,Object_03402
Toxic,Object_12744
Flammable,Object_03469
Flammable,Object_13392
Flammable,Object_13415
Toxic,Object_10761
Toxic,Object_11095
Pressurized,Object_11113
Explosive,Object_12018
Fragile,Object_04759
Toxic,Object_07502
Fragile,Object_02346
Explosive,Object_01501
Radioactive,Object_11895
Radioactive,Object_14354
Toxic,Object_08333
Pressurized,Object_01847
Corrosive,Object_04065
Toxic,Object_13978
Pressurized,Object_01989
Oxidizing,Object_08280
Unspecified,Object_04752
Toxic,Object_14501
Corrosive,Object_03465
Oxidizing,Object_09627
Corrosive,Object_05889
Pressurized,Object_11013
Corrosive,Object_00424
Fragile,Object_03891
Radioactive,Object_11074
Oxidizing,Object_00926
Explosive,Object_06750
Fragile,Object_05514
Unspecified,Object_04978
Oxidizing,Object_12581
Explosive,Object_14165
Toxic,Object_11881
Food,Object_14075
Oxidizing,Object_07050
Radioactive,Object_14855
Fragile,Object_13483
Flammable,Object_00966
Unspecified,Object_02885
Toxic,Object_13131
Flammable,Object_02312
Food,Object_02809
Fragile,Object_02353
Radioactive,Object_03165
Flammable,Object_04536
Radioactive,Object_02544
Pressurized,Object_05102
Radioactive,Object_05640
Pressurized,Object_13462
Pressurized,Object_03559
Radioactive,Object_02256
Explosive,Object_11048
Fragile,Object_05357
Fragile,Object_08704
Explosive,Object_10268
Toxic,Object_05082
Corrosive,Object_12259
Fragile,Object_13284
Explosive,Object_01103
Fragile,Object_02727
Unspecified,Object_07379
Explosive,Object_06421
Food,Object_10782
Pressurized,Object_11680
Toxic,Object_11946
Oxidizing,Object_06456
Pressurized,Object_06550
Radioactive,Object_07814
Unspecified,Object_01147
Corrosive,Object_13049
Fragile,Object_11349
Fragile,Object_06224
Unspecified,Object_10838
Oxidizing,Object_04101
Explosive,Object_12992
Flammable,Object_10595
Corrosive,Object_09366
Oxidizing,Object_11061
Radioactive,Object_02960
Fragile,Object_11016
Oxidizing,Object_00469
Fragile,Object_04611
Oxidizing,Object_00198
Pressurized,Object_07279
Flammable,Object_00975
Explosive,Object_11123
Pressurized,Object_14812
Flammable,Object_00885
Pressurized,Object_02167
Explosive,Object_06934
Flammable,Object_12624
Unspecified,Object_01600
Radioactive,Object_13096
Toxic,Object_13505
Unspecified,Object_03074
Toxic,Object_11244
Fragile,Object_09404
Food,Object_12481
Fragile,Object_10265
Oxidizing,Object_08553
Unspecified,Object_10133
Toxic,Object_05227
Food,Object_01811
Food,Object_05141
Unspecified,Object_09014
Explosive,Object_08720
Unspecified,Object_13438
Unspecified,Object_14155
Fragile,Object_03729
Radioactive,Object_10277
Food,Object_03304
Explosive,Object_14946
Toxic,Object_00223
Explosive,Object_07547
Fragile,Object_02273
Corrosive,Object_06199
Radioactive,Object_05271
Pressurized,Object_03248
Toxic,Object_11915
Flammable,Object_05519
Toxic,Object_04233
Radioactive,Object_00187
Toxic,Object_11222
Flammable,Object_10639
Oxidizing,Object_10237
Food,Object_08405
Fragile,Object_11679
Fragile,Object_06831
Corrosive,Object_10900
Radioactive,Object_08402
Unspecified,Object_00367
Oxidizing,Object_05545
Corrosive,Object_03698
Oxidizing,Object_14974
Unspecified,Object_10411
Toxic,Object_05286
Explosive,Object_13495
Flammable,Object_04940
Unspecified,Object_07541
Pressurized,Object_10377
Explosive,Object_01984
Unspecified,Object_10202
Unspecified,Object_05919
Unspecified,Object_12156
Explosive,Object_10181
Fragile,Object_13485
Pressurized,Object_00669
Fragile,Object_04688
Flammable,Object_00565
Explosive,Object_01100
Oxidizing,Object_02847
Radioactive,Object_14134
Unspecified,Object_02121
Flammable,Object_11217
Radioactive,Object_05312
Pressurized,Object_07955
Corrosive,Object_12807
Flammable,Object_02251
Toxic,Object_02311
Explosive,Object_00292
Unspecified,Object_11595
Radioactive,Object_03147
Flammable,Object_15154
Explosive,Object_14324
Oxidizing,Object_05989
Radioactive,Object_04855
Toxic,Object_00864
Unspecified,Object_01717
Pressurized,Object_07675
Unspecified,Object_00868
Corrosive,Object_09672
Oxidizing,Object_13896
Explosive,Object_00270
Oxidizing,Object_01160
Corrosive,Object_02903
Corrosive,Object_00692
Pressurized,Object_13655
Unspecified,Object_12790
Toxic,Object_01888
Pressurized,Object_11585
Corrosive,Object_02562
Explosive,Object_09419
Food,Object_12876
Explosive,Object_04075
Pressurized,Object_06408
Food,Object_05751
Unspecified,Object_05901
Explosive,Object_13996
Toxic,Object_12845
Food,Object_10664
Fragile,Object_02578
Corrosive,Object_15144
Food,Object_07332
Food,Object_10737
Food,Object_06419
Radioactive,Object_03061
Fragile,Object_06454
Food,Object_08395
Flammable,Object_11858
Toxic,Object_13849
Radioactive,Object_03285
Toxic,Object_02382
Toxic,Object_12704
Fragile,Object_00277
Fragile,Object_06058
Toxic,Object_05512
Fragile,Object_11207
Unspecified,Object_03644
Food,Object_13041
Oxidizing,Object_04658
Food,Object_12584
Toxic,Object_03711
Corrosive,Object_12546
Pressurized,Object_11531
Toxic,Object_09582
Flammable,Object_08658
Explosive,Object_10499
Oxidizing,Object_11460
Corrosive,Object_06764
Oxidizing,Object_13779
Unspecified,Object_09411
Pressurized,Object_10469
Explosive,Object_02641
Unspecified,Object_04469
Pressurized,Object_11565
Oxidizing,Object_03786
Radioactive,Object_11641
Pressurized,Object_03153
Radioactive,Object_13883
Radioactive,Object_10341
Food,Object_08379
Fragile,Object_03215
Fragile,Object_11868
Explosive,Object_06791
Corrosive,Object_03500
Fragile,Object_12743
Radioactive,Object_04668
Unspecified,Object_06523
Toxic,Object_12265
Oxidizing,Object_07520
Unspecified,Object_10788
Unspecified,Object_00998
Food,Object_11132
Radioactive,Object_11347
Fragile,Object_05259
Flammable,Object_09117
Radioactive,Object_01177
Fragile,Object_09500
Corrosive,Object_08632
Corrosive,Object_09791
Fragile,Object_00098
Radioactive,Object_10635
Explosive,Object_11657
Fragile,Object_06218
Fragile,Object_00623
Flammable,Object_09485
Pressurized,Object_03967
Fragile,Object_06866
Flammable,Object_04494
Flammable,Object_02795
Oxidizing,Object_06306
Fragile,Object_00766
Radioactive,Object_14850
Toxic,Object_06417
Fragile,Object_14928
Unspecified,Object_12562
Fragile,Object_02606
Unspecified,Object_04361
Explosive,Object_09729
Food,Object_04566
Food,Object_03860
Fragile,Object_05500
Radioactive,Object_00282
Pressurized,Object_09653
Flammable,Object_11060
Corrosive,Object_11703
Unspecified,Object_14302
Oxidizing,Object_12567
Corrosive,Object_01222
Fragile,Object_11351
Food,Object_04793
Flammable,Object_11884
Corrosive,Object_11047
Toxic,Object_09050
Flammable,Object_04686
Flammable,Object_03864
Corrosive,Object_04590
Explosive,Object_00972
Fragile,Object_01783
Food,Object_08714
Explosive,Object_09249
Unspecified,Object_10296
Food,Object_09642
Flammable,Object_09845
Food,Object_10604
Fragile,Object_07450
Corrosive,Object_12113
Oxidizing,Object_04464
Oxidizing,Object_06193
Oxidizing,Object_09526
Pressurized,Object_09078
Toxic,Object_10957
Corrosive,Object_08529
Fragile,Object_07697
Flammable,Object_04743
Food,Object_14207
Corrosive,Object_14507
Corrosive,Object_13667
Food,Object_02136
Food,Object_01527
Oxidizing,Object_01525
Explosive,Object_11089
Corrosive,Object_02239
Food,Object_00365
Pressurized,Object_11311
Radioactive,Object_00138
Food,Object_12399
Pressurized,Object_02045
Unspecified,Object_06721
Oxidizing,Object_08496
Corrosive,Object_06643
Toxic,Object_03731
Unspecified,Object_02150
Oxidizing,Object_02889
Toxic,Object_09820
Oxidizing,Object_07347
Explosive,Object_05520
Flammable,Object_02089
Radioactive,Object_12727
Unspecified,Object_08859
Oxidizing,Object_14439
Radioactive,Object_12843
Corrosive,Object_11031
Unspecified,Object_11112
Flammable,Object_14291
Radioactive,Object_03352
Fragile,Object_08500
Explosive,Object_05421
Explosive,Object_07386
Pressurized,Object_09188
Radioactive,Object_08903
Food,Object_04517
Radioactive,Object_03468
Oxidizing,Object_00488
Food,Object_02007
Fragile,Object_03254
Food,Object_13149
Radioactive,Object_05009
Toxic,Object_04957
Explosive,Object_00877
Flammable,Object_02425
Corrosive,Object_04838
Toxic,Object_07935
Unspecified,Object_05213
Flammable,Object_02497
Flammable,Object_04736
Flammable,Object_15036
Flammable,Object_03406
Food,Object_06236
Pressurized,Object_13591
Radioactive,Object_07275
Fragile,Object_05062
Explosive,Object_06694
Radioactive,Object_08415
Radioactive,Object_01574
Toxic,Object_07778
Explosive,Object_04308
Pressurized,Object_02949
Corrosive,Object_04918
Food,Object_12753
Unspecified,Object_09648
Explosive,Object_14790
Unspecified,Object_12885
Toxic,Object_04470
Explosive,Object_11663
Unspecified,Object_11672
Fragile,Object_03252
Corrosive,Object_01939
Pressurized,Object_00512
Fragile,Object_14832
Fragile,Object_08718
Pressurized,Object_03479
Radioactive,Object_14908
Toxic,Object_01889
Corrosive,Object_08762
Corrosive,Object_01370
Unspecified,Object_03740
Flammable,Object_01617
Unspecified,Object_02405
Toxic,Object_00670
Explosive,Object_04915
Flammable,Object_02662
Flammable,Object_04417
Pressurized,Object_03567
Radioactive,Object_13945
Radioactive,Object_02823
Food,Object_06157
Pressurized,Object_14861
Flammable,Object_10656
Radioactive,Object_11747
Flammable,Object_10676
Unspecified,Object_13919
Food,Object_14332
Toxic,Object_11979
Corrosive,Object_12853
Toxic,Object_10135
Fragile,Object_11745
Pressurized,Object_11717
Pressurized,Object_14666
Toxic,Object_09614
Food,Object_11923
Pressurized,Object_05693
Pressurized,Object_10442
Unspecified,Object_08929
Explosive,Object_06893
Fragile,Object_14003
Toxic,Object_12657
Unspecified,Object_04051
Toxic,Object_05827
Corrosive,Object_06620
Corrosive,Object_03894
Explosive,Object_13025
Radioactive,Object_11917
Food,Object_00724
Corrosive,Object_06760
Toxic,Object_04369
Flammable,Object_02741
Fragile,Object_03763
Toxic,Object_10346
Fragile,Object_05841
Explosive,Object_00951
Explosive,Object_00917
Pressurized,Object_04949
Explosive,Object_12432
Unspecified,Object_14701
Corrosive,Object_04040
Radioactive,Object_10400
Pressurized,Object_03813
Explosive,Object_12579
Explosive,Object_07046
Pressurized,Object_07704
Food,Object_02719
Unspecified,Object_04407
Explosive,Object_12946
Toxic,Object_11840
Food,Object_07396
Toxic,Object_07313
Explosive,Object_03359
Fragile,Object_05490
Flammable,Object_12465
Food,Object_01566
Oxidizing,Object_07122
Food,Object_08050
Radioactive,Object_05563
Pressurized,Object_04388
Corrosive,Object_05019
Oxidizing,Object_13480
Radioactive,Object_03508
Fragile,Object_05829
Food,Object_00197
Oxidizing,Object_01945
Explosive,Object_05182
Food,Object_11126
Pressurized,Object_00052
Fragile,Object_03113
Pressurized,Object_04788
Corrosive,Object_04805
Unspecified,Object_14161
Food,Object_06638
Pressurized,Object_10993
Toxic,Object_14561
Flammable,Object_12283
Toxic,Object_08946
Toxic,Object_10432
Pressurized,Object_02090
Oxidizing,Object_05530
Food,Object_10869
Food,Object_10806
Corrosive,Object_12782
Explosive,Object_10365
Flammable,Object_08343
Toxic,Object_08692
Toxic,Object_10299
Pressurized,Object_02502
Food,Object_10908
Radioactive,Object_13917
Flammable,Object_09301
Corrosive,Object_04099
Unspecified,Object_02626
Explosive,Object_13053
Food,Object_09963
Corrosive,Object_15125
Corrosive,Object_12088
Toxic,Object_10894
Fragile,Object_12830
Food,Object_08552
Unspecified,Object_04696
Explosive,Object_00400
Corrosive,Object_11613
Corrosive,Object_02706
Oxidizing,Object_07717
Toxic,Object_12042
Corrosive,Object_05638
Oxidizing,Object_01397
Food,Object_05128
Radioactive,Object_12443
Pressurized,Object_10743
Radioactive,Object_00433
Pressurized,Object_13712
Unspecified,Object_01934
Radioactive,Object_03897
Toxic,Object_06880
Pressurized,Object_13013
Fragile,Object_04889
Toxic,Object_14706
Fragile,Object_09546
Flammable,Object_13696
Corrosive,Object_01842
Toxic,Object_03006
Explosive,Object_09787
Food,Object_03851
Fragile,Object_05030
Oxidizing,Object_11300
Fragile,Object_12913
Pressurized,Object_14859
Pressurized,Object_07629
Food,Object_05291
Pressurized,Object_04522
Fragile,Object_06305
Radioactive,Object_06395
Flammable,Object_09586
Unspecified,Object_01733
Food,Object_07587
Radioactive,Object_14063
Radioactive,Object_01260
Pressurized,Object_08614
Corrosive,Object_03671
Unspecified,Object_14649
Toxic,Object_10226
Toxic,Object_04263
Flammable,Object_11010
Radioactive,Object_07290
Explosive,Object_02013
Explosive,Object_12288
Radioactive,Object_01106
Flammable,Object_08164
Pressurized,Object_11384
Flammable,Object_13169
Pressurized,Object_12537
Radioactive,Object_03170
Flammable,Object_03188
Fragile,Object_04215
Unspecified,Object_13262
Oxidizing,Object_08366
Corrosive,Object_02978
Pressurized,Object_11892
Flammable,Object_12452
Explosive,Object_05888
Radioactive,Object_05873
Corrosive,Object_05771
Toxic,Object_08604
Explosive,Object_04374
Pressurized,Object_04585
Corrosive,Object_07965
Fragile,Object_12438
Toxic,Object_06836
Unspecified,Object_05538
Corrosive,Object_10681
Flammable,Object_10362
Toxic,Object_15065
Flammable,Object_05302
Food,Object_12272
Explosive,Object_02202
Corrosive,Object_13908
Explosive,Object_00958
Oxidizing,Object_13615
Fragile,Object_11564
Oxidizing,Object_08124
Toxic,Object_00347
Explosive,Object_14672
Radioactive,Object_15066
Fragile,Object_04953
Food,Object_00086
Pressurized,Object_05895
Oxidizing,Object_13014
Pressurized,Object_05761
Oxidizing,Object_10175
Flammable,Object_11993
Radioactive,Object_08502
Food,Object_03666
Radioactive,Object_14022
Toxic,Object_01250
Toxic,Object_12749
Oxidizing,Object_07209
Flammable,Object_08434
Pressurized,Object_08618
Oxidizing,Object_09433
Fragile,Object_02798
Radioactive,Object_03369
Radioactive,Object_07470
Unspecified,Object_11458
Pressurized,Object_08479
Fragile,Object_05234
Toxic,Object_00047
Toxic,Object_01423
Toxic,Object_08159
Radioactive,Object_07286
Unspecified,Object_13572
Radioactive,Object_07686
Corrosive,Object_10790
Explosive,Object_03621
Toxic,Object_12965
Explosive,Object_13444
Food,Object_01892
Unspecified,Object_02449
Oxidizing,Object_10476
Food,Object_14489
Corrosive,Object_08949
Fragile,Object_11723
Toxic,Object_01643
Pressurized,Object_01352
Radioactive,Object_02242
Flammable,Object_06108
Flammable,Object_10942
Food,Object_05404
Flammable,Object_14714
Oxidizing,Object_02990
Radioactive,Object_08737
Explosive,Object_10810
Corrosive,Object_02690
Radioactive,Object_09236
Pressurized,Object_07404
Fragile,Object_12686
Toxic,Object_02962
Unspecified,Object_05473
Radioactive,Object_09541
Food,Object_14426
Food,Object_02324
Pressurized,Object_07036
Unspecified,Object_14916
Explosive,Object_05776
Radioactive,Object_02831
Corrosive,Object_06992
Explosive,Object_07482
Pressurized,Object_11406
Corrosive,Object_07392
Food,Object_01638
Explosive,Object_05734
Food,Object_12100
Oxidizing,Object_05183
Toxic,Object_06384
Food,Object_11767
Explosive,Object_07974
Radioactive,Object_00083
Unspecified,Object_14907
Corrosive,Object_08249
Explosive,Object_10680
Unspecified,Object_13862
Food,Object_05818
Radioactive,Object_03902
Fragile,Object_04534
Flammable,Object_15009
Unspecified,Object_11631
Radioactive,Object_02190
Radioactive,Object_08571
Toxic,Object_13267
Explosive,Object_07964
Oxidizing,Object_01263
Oxidizing,Object_11468
Toxic,Object_02770
Food,Object_02775
Fragile,Object_11662
Fragile,Object_13974
Toxic,Object_03548
Toxic,Object_05058
Unspecified,Object_10975
Flammable,Object_14367
Toxic,Object_00995
Fragile,Object_07839
Explosive,Object_07750
Fragile,Object_10844
Corrosive,Object_01235
Explosive,Object_10884
Radioactive,Object_11377
Pressurized,Object_06788
Flammable,Object_00274
Flammable,Object_00248
Radioactive,Object_00773
Food,Object_13666
Radioactive,Object_14090
Oxidizing,Object_08805
Oxidizing,Object_00326
Radioactive,Object_12587
Food,Object_10023
Radioactive,Object_14628
Radioactive,Object_13246
Explosive,Object_08003
Radioactive,Object_13048
Explosive,Object_14460
Radioactive,Object_10224
Corrosive,Object_11447
Radioactive,Object_03366
Radioactive,Object_08695
Pressurized,Object_08997
Flammable,Object_11652
Corrosive,Object_14365
Oxidizing,Object_08919
Corrosive,Object_09003
Unspecified,Object_10251
Explosive,Object_06860
Fragile,Object_13777
Unspecified,Object_00437
Toxic,Object_05552
Explosive,Object_05115
Oxidizing,Object_00860
Corrosive,Object_05960
Toxic,Object_14756
Corrosive,Object_14183
Radioactive,Object_01052
Toxic,Object_05031
Radioactive,Object_14392
Radioactive,Object_04436
Radioactive,Object_05186
Explosive,Object_03435
Corrosive,Object_01395
Fragile,Object_10576
Pressurized,Object_09352
Flammable,Object_09951
Oxidizing,Object_00331
Food,Object_07786
Fragile,Object_00407
Fragile,Object_07628
Toxic,Object_06210
Oxidizing,Object_02762
Explosive,Object_14502
Flammable,Object_05078
Oxidizing,Object_00027
Unspecified,Object_06040
Pressurized,Object_03503
Pressurized,Object_02046
Fragile,Object_06849
Pressurized,Object_00807
Explosive,Object_02887
Toxic,Object_13762
Toxic,Object_01188
Corrosive,Object_03784
Oxidizing,Object_09204
Flammable,Object_14423
Radioactive,Object_14093
Radioactive,Object_14053
Toxic,Object_05355
Unspecified,Object_01766
Toxic,Object_06489
Toxic,Object_10094
Unspecified,Object_11986
Unspecified,Object_12140
Fragile,Object_05362
Unspecified,Object_06423
Pressurized,Object_08698
Explosive,Object_05648
Explosive,Object_01899
Toxic,Object_06518
Explosive,Object_10757
Food,Object_01780
Corrosive,Object_03455
Food,Object_09738
Corrosive,Object_04717
Flammable,Object_06197
Unspecified,Object_09579
Corrosive,Object_12755
Radioactive,Object_12370
Toxic,Object_11804
Oxidizing,Object_04762
Explosive,Object_11143
Explosive,Object_03912
Unspecified,Object_09862
Explosive,Object_14748
Explosive,Object_13133
Fragile,Object_12016
Explosive,Object_09706
Food,Object_08433
Radioactive,Object_14131
Pressurized,Object_14485
Food,Object_07681
Unspecified,Object_10343
Explosive,Object_06564
Oxidizing,Object_05192
Corrosive,Object_12287
Unspecified,Object_07366
Pressurized,Object_05060
Food,Object_05942
Flammable,Object_08058
Food,Object_04353
Toxic,Object_13018
Oxidizing,Object_14700
Unspecified,Object_03694
Radioactive,Object_04545
Food,Object_07896
Pressurized,Object_08506
Toxic,Object_10710
Toxic,Object_10465
Pressurized,Object_11603
Unspecified,Object_04149
Fragile,Object_08661
Pressurized,Object_09935
Toxic,Object_14327
Radioactive,Object_02316
Oxidizing,Object_02941
Flammable,Object_14579
Fragile,Object_07820
Pressurized,Object_01940
Fragile,Object_08945
Flammable,Object_02224
Explosive,Object_02210
Flammable,Object_03533
Toxic,Object_00419
Radioactive,Object_00789
Pressurized,Object_06692
Pressurized,Object_04063
Unspecified,Object_12863
Explosive,Object_02028
Corrosive,Object_09959
Radioactive,Object_10118
Oxidizing,Object_05966
Fragile,Object_14883
Unspecified,Object_14206
Pressurized,Object_03603
Unspecified,Object_01158
Toxic,Object_05956
Flammable,Object_10211
Toxic,Object_07156
Flammable,Object_13153
Food,Object_09750
Pressurized,Object_03222
Flammable,Object_07715
Food,Object_04570
Pressurized,Object_02948
Fragile,Object_01606
Toxic,Object_02726
Flammable,Object_11251
Pressurized,Object_01450
Fragile,Object_09504
Unspecified,Object_01841
Explosive,Object_10837
Oxidizing,Object_13470
Fragile,Object_14944
Corrosive,Object_08817
Pressurized,Object_11502
Corrosive,Object_09438
Toxic,Object_04703
Pressurized,Object_08352
Oxidizing,Object_08978
Flammable,Object_08701
Unspecified,Object_12549
Corrosive,Object_13032
Explosive,Object_08527
Oxidizing,Object_04556
Pressurized,Object_04849
Explosive,Object_08191
Toxic,Object_05892
Food,Object_04432
Flammable,Object_04584
Flammable,Object_14810
Radioactive,Object_12446
Unspecified,Object_08117
Fragile,Object_03693
Pressurized,Object_05333
Fragile,Object_06873
Flammable,Object_03353
Fragile,Object_01127
Toxic,Object_11461
Explosive,Object_05476
Fragile,Object_04577
Unspecified,Object_00521
Flammable,Object_05559
Pressurized,Object_05682
Unspecified,Object_01628
Corrosive,Object_11894
Flammable,Object_01853
Fragile,Object_14637
Unspecified,Object_14387
Corrosive,Object_07693
Fragile,Object_14523
Unspecified,Object_10778
Food,Object_03752
Flammable,Object_01969
Corrosive,Object_06998
Toxic,Object_09908
Explosive,Object_01814
Explosive,Object_00633
Radioactive,Object_08208
Toxic,Object_05413
Toxic,Object_14419
Food,Object_05332
Oxidizing,Object_08729
Toxic,Object_14050
Flammable,Object_03582
Pressurized,Object_12611
Fragile,Object_08002
Oxidizing,Object_14633
Explosive,Object_02739
Pressurized,Object_06044
Oxidizing,Object_10204
Pressurized,Object_14267
Pressurized,Object_06762
Fragile,Object_13060
Oxidizing,Object_07604
Toxic,Object_14099
Food,Object_08832
Pressurized,Object_03192
Explosive,Object_12702
Unspecified,Object_14779
Unspecified,Object_11266
Corrosive,Object_12409
Explosive,Object_08255
Toxic,Object_07267
Fragile,Object_13504
Food,Object_01520
Food,Object_02267
Flammable,Object_10543
Flammable,Object_09612
Radioactive,Object_06319
Flammable,Object_01189
Explosive,Object_12940
Food,Object_06519
Fragile,Object_06779
Unspecified,Object_07674
Pressurized,Object_13686
Toxic,Object_06710
Unspecified,Object_05065
Oxidizing,Object_06972
Corrosive,Object_02367
Explosive,Object_15046
Fragile,Object_00314
Oxidizing,Object_12536
Flammable,Object_06097
Flammable,Object_11336
Toxic,Object_03317
Flammable,Object_00389
Toxic,Object_09981
Flammable,Object_08347
Toxic,Object_10812
Pressurized,Object_05785
Corrosive,Object_06360
Food,Object_08996
Radioactive,Object_11419
Explosive,Object_00348
Pressurized,Object_10055
Toxic,Object_05161
Toxic,Object_01041
Food,Object_09645
Fragile,Object_03157
Explosive,Object_02322
Flammable,Object_09576
Toxic,Object_02114
Radioactive,Object_10717
Unspecified,Object_08279
Food,Object_02985
Explosive,Object_12458
Corrosive,Object_08717
Oxidizing,Object_12023
Flammable,Object_14139
Unspecified,Object_03615
Fragile,Object_00237
Food,Object_11391
Pressurized,Object_03710
Pressurized,Object_01461
Pressurized,Object_01252
Flammable,Object_03079
Unspecified,Object_15103
Unspecified,Object_04235
Flammable,Object_10953
Explosive,Object_06657
Unspecified,Object_06294
Flammable,Object_03759
Radioactive,Object_10360
Oxidizing,Object_11340
Pressurized,Object_10004
Fragile,Object_00393
Toxic,Object_12243
Explosive,Object_14849
Corrosive,Object_13275
Explosive,Object_07531
Explosive,Object_08944
Fragile,Object_00445
Unspecified,Object_13240
Corrosive,Object_03063
Pressurized,Object_03861
Food,Object_12133
Flammable,Object_14873
Corrosive,Object_10848
Oxidizing,Object_05594
Corrosive,Object_01773
Oxidizing,Object_00624
Corrosive,Object_01273
Radioactive,Object_13114
Flammable,Object_10215
Explosive,Object_10798
Fragile,Object_04496
Radioactive,Object_05364
Explosive,Object_00406
Pressurized,Object_04512
Toxic,Object_09802
Oxidizing,Object_12904
Pressurized,Object_12734
Corrosive,Object_00894
Radioactive,Object_04985
Oxidizing,Object_13027
Flammable,Object_07187
Fragile,Object_09560
Radioactive,Object_11459
Pressurized,Object_10066
Food,Object_09045
Fragile,Object_07946
Radioactive,Object_10252
Oxidizing,Object_12119
Pressurized,Object_05107
Toxic,Object_11982
Pressurized,Object_11487
Food,Object_02799
Food,Object_10334
Flammable,Object_00031
Food,Object_08867
Corrosive,Object_07324
Unspecified,Object_12898
Toxic,Object_01708
Food,Object_06192
Oxidizing,Object_12357
Pressurized,Object_10751
Oxidizing,Object_05167
Corrosive,Object_04616
Unspecified,Object_14813
Radioactive,Object_06913
Explosive,Object_11584
Fragile,Object_12890
Explosive,Object_06774
Pressurized,Object_02540
Corrosive,Object_02573
Corrosive,Object_00986
Oxidizing,Object_13409
Food,Object_03221
Toxic,Object_14602
Unspecified,Object_01894
Food,Object_09824
Toxic,Object_09871
Toxic,Object_13384
Fragile,Object_02032
Corrosive,Object_04774
Food,Object_08334
Fragile,Object_01640
Flammable,Object_02587
Unspecified,Object_04874
Flammable,Object_00879
Unspecified,Object_14036
Fragile,Object_02363
Pressurized,Object_01481
Radioactive,Object_05223
Oxidizing,Object_14366
Food,Object_12358
Explosive,Object_04622
Fragile,Object_05922
Unspecified,Object_07132
Unspecified,Object_10539
Food,Object_13278
Flammable,Object_11852
Fragile,Object_01168
Flammable,Object_00528
Fragile,Object_15147
Unspecified,Object_12118
Corrosive,Object_12660
Oxidizing,Object_06990
Unspecified,Object_03983
Pressurized,Object_13353
Fragile,Object_01385
Oxidizing,Object_10396
Explosive,Object_00823
Pressurized,Object_11976
Corrosive,Object_13325
Oxidizing,Object_05726
Corrosive,Object_14960
Toxic,Object_03475
Fragile,Object_00919
Radioactive,Object_11897
Food,Object_08195
Food,Object_05833
Pressurized,Object_05692
Corrosive,Object_03336
Flammable,Object_00849
Corrosive,Object_01354
Unspecified,Object_08216
Food,Object_05195
Unspecified,Object_01442
Unspecified,Object_12278
Radioactive,Object_13388
Flammable,Object_02182
Explosive,Object_03386
Corrosive,Object_02266
Oxidizing,Object_12799
Corrosive,Object_11071
Pressurized,Object_03748
Flammable,Object_02180
Corrosive,Object_07234
Toxic,Object_05251
Pressurized,Object_02608
Radioactive,Object_02654
Corrosive,Object_13569
Corrosive,Object_00014
Explosive,Object_12212
Flammable,Object_14533
Food,Object_08864
Oxidizing,Object_15153
Radioactive,Object_08373
Fragile,Object_14436
Flammable,Object_10870
Flammable,Object_10475
Flammable,Object_08391
Fragile,Object_04398
Food,Object_09520
Fragile,Object_07673
Unspecified,Object_02621
Corrosive,Object_07634
Unspecified,Object_04187
Radioactive,Object_00526
Toxic,Object_07872
Unspecified,Object_05709
Pressurized,Object_14953
Unspecified,Object_09329
Unspecified,Object_01083
Flammable,Object_09092
Unspecified,Object_10887
Toxic,Object_04318
Radioactive,Object_07390
Corrosive,Object_02959
Pressurized,Object_03654
Fragile,Object_01905
Food,Object_06295
Explosive,Object_11850
Explosive,Object_12628
Unspecified,Object_15108
Oxidizing,Object_02220
Oxidizing,Object_00171
Toxic,Object_09688
Oxidizing,Object_13786
Explosive,Object_03664
Flammable,Object_03696
Unspecified,Object_00847
Flammable,Object_10457
Fragile,Object_03944
Unspecified,Object_03327
Food,Object_11258
Flammable,Object_13509
Fragile,Object_12293
Oxidizing,Object_10888
Pressurized,Object_00711
Radioactive,Object_06231
Toxic,Object_11794
Toxic,Object_00147
Toxic,Object_00771
Food,Object_10990
Toxic,Object_09924
Oxidizing,Object_01387
Corrosive,Object_02651
Corrosive,Object_03403
Pressurized,Object_07010
Pressurized,Object_10028
Radioactive,Object_13750
Flammable,Object_09577
Explosive,Object_02622
Fragile,Object_14015
Food,Object_02509
Flammable,Object_04922
Toxic,Object_02173
Oxidizing,Object_00593
Fragile,Object_12384
Food,Object_11543
Oxidizing,Object_12137
Explosive,Object_09467
Explosive,Object_02684
Explosive,Object_03052
Fragile,Object_06607
Unspecified,Object_08374
Fragile,Object_11299
Unspecified,Object_08486
Food,Object_00310
Corrosive,Object_09889
Explosive,Object_04001
Corrosive,Object_02815
Fragile,Object_10350
Oxidizing,Object_03516
Corrosive,Object_13511
Flammable,Object_01353
Pressurized,Object_13835
Corrosive,Object_01538
Radioactive,Object_11671
Pressurized,Object_02352
Food,Object_00509
Corrosive,Object_04707
Flammable,Object_02973
Oxidizing,Object_02214
Radioactive,Object_07642
Pressurized,Object_13036
Toxic,Object_07957
Pressurized,Object_07343
Pressurized,Object_05269
Flammable,Object_06377
Flammable,Object_04201
Oxidizing,Object_04604
Radioactive,Object_08179
Oxidizing,Object_11161
Toxic,Object_11156
Toxic,Object_05380
Flammable,Object_06968
Unspecified,Object_00215
Explosive,Object_08860
Radioactive,Object_00737
Flammable,Object_03213
Unspecified,Object_04672
Food,Object_04640
Radioactive,Object_08983
Fragile,Object_03609
Explosive,Object_05486
Pressurized,Object_07398
Radioactive,Object_13882
Corrosive,Object_08779
Explosive,Object_01232
Pressurized,Object_10528
Pressurized,Object_04315
Radioactive,Object_03837
Pressurized,Object_00099
Fragile,Object_00649
Corrosive,Object_10493
Corrosive,Object_09782
Fragile,Object_13672
Corrosive,Object_00257
Unspecified,Object_08540
Fragile,Object_11537
Radioactive,Object_07087
Oxidizing,Object_13128
Pressurized,Object_04959
Flammable,Object_07779
Unspecified,Object_01268
Food,Object_03940
Radioactive,Object_14126
Radioactive,Object_05447
Explosive,Object_06327
Unspecified,Object_00685
Unspecified,Object_09676
Unspecified,Object_05284
Radioactive,Object_03375
Unspecified,Object_15117
Pressurized,Object_11712
Pressurized,Object_04035
Fragile,Object_14728
Flammable,Object_00983
Unspecified,Object_11276
Fragile,Object_12654
Toxic,Object_04856
Pressurized,Object_02358
Radioactive,Object_12041
Unspecified,Object_14778
Pressurized,Object_06544
Fragile,Object_02079
Oxidizing,Object_14084
Explosive,Object_14189
Explosive,Object_02940
Fragile,Object_05775
Unspecified,Object_11590
Radioactive,Object_06432
Unspecified,Object_11659
Unspecified,Object_05415
Radioactive,Object_14656
Oxidizing,Object_04108
Explosive,Object_14594
Radioactive,Object_10068
Corrosive,Object_12183
Unspecified,Object_07607
Fragile,Object_07154
Radioactive,Object_15118
Corrosive,Object_07178
Corrosive,Object_07104
Food,Object_02020
Explosive,Object_08248
Radioactive,Object_07914
Explosive,Object_04969
Oxidizing,Object_09810
Food,Object_03705
Flammable,Object_14618
Food,Object_09508
Oxidizing,Object_10275
Fragile,Object_03838
Pressurized,Object_14557
Food,Object_09964
Corrosive,Object_11100
Pressurized,Object_13099
Unspecified,Object_10931
Fragile,Object_04917
Oxidizing,Object_01714
Food,Object_00069
Oxidizing,Object_09701
Corrosive,Object_10027
Explosive,Object_04739
Explosive,Object_02860
Corrosive,Object_07597
Oxidizing,Object_01997
Unspecified,Object_13652
Oxidizing,Object_05445
Unspecified,Object_09271
Food,Object_09293
Toxic,Object_02480
Flammable,Object_04741
Pressurized,Object_14741
Explosive,Object_01836
Explosive,Object_11561
Radioactive,Object_03724
Unspecified,Object_10827
Pressurized,Object_11843
Pressurized,Object_08827
Oxidizing,Object_09904
Fragile,Object_10881
Flammable,Object_13842
Pressurized,Object_12710
Food,Object_07920
Food,Object_06089
Toxic,Object_08973
Oxidizing,Object_04493
Pressurized,Object_06147
Unspecified,Object_02305
Corrosive,Object_03230
Unspecified,Object_01482
Oxidizing,Object_05948
Fragile,Object_07167
Radioactive,Object_13596
Explosive,Object_09790
Corrosive,Object_07210
Fragile,Object_12772
Flammable,Object_05430
Pressurized,Object_12061
Corrosive,Object_04241
Corrosive,Object_00408
Toxic,Object_04565
Flammable,Object_13472
Food,Object_14622
Unspecified,Object_10917
Fragile,Object_06732
Fragile,Object_00712
Radioactive,Object_07627
Corrosive,Object_11885
Explosive,Object_11451
Explosive,Object_12077
Food,Object_12847
Fragile,Object_08607
Unspecified,Object_04558
Oxidizing,Object_02531
Flammable,Object_09164
Pressurized,Object_05674
Radioactive,Object_14272
Fragile,Object_00902
Toxic,Object_10385
Explosive,Object_07793
Explosive,Object_02722
Unspecified,Object_04933
Fragile,Object_08525
Corrosive,Object_05576
Oxidizing,Object_01034
Toxic,Object_09307
Explosive,Object_04399
Unspecified,Object_09059
Corrosive,Object_06050
Unspecified,Object_13551
Toxic,Object_04610
Oxidizing,Object_03779
Corrosive,Object_14235
Unspecified,Object_00467
Corrosive,Object_04478
Flammable,Object_10394
Corrosive,Object_09683
Unspecified,Object_12106
Corrosive,Object_04803
Oxidizing,Object_03941
Unspecified,Object_14884
Explosive,Object_14191
Oxidizing,Object_00228
Toxic,Object_08245
Oxidizing,Object_05780
Food,Object_03906
Unspecified,Object_06894
Oxidizing,Object_00635
Explosive,Object_14563
Unspecified,Object_02932
Fragile,Object_09336
Corrosive,Object_13868
Pressurized,Object_09141
Food,Object_03388
Flammable,Object_06426
Toxic,Object_12353
Radioactive,Object_14865
Oxidizing,Object_00613
Flammable,Object_06635
Oxidizing,Object_03613
Flammable,Object_06706
Flammable,Object_03422
Corrosive,Object_05024
Explosive,Object_02618
Flammable,Object_02194
Oxidizing,Object_14962
Fragile,Object_11682
Unspecified,Object_14356
Food,Object_12463
Unspecified,Object_10647
Corrosive,Object_08487
Flammable,Object_07511
Flammable,Object_13853
Fragile,Object_09665
Oxidizing,Object_13844
Toxic,Object_14030
Corrosive,Object_12006
Pressurized,Object_10292
Food,Object_03240
Corrosive,Object_08115
Pressurized,Object_13526
Pressurized,Object_06747
Explosive,Object_10280
Pressurized,Object_10509
Oxidizing,Object_15073
Radioactive,Object_09903
Fragile,Object_00464
Food,Object_02410
Food,Object_12838
Pressurized,Object_13611
Flammable,Object_09600
Unspecified,Object_14769
Flammable,Object_08898
Radioactive,Object_05280
Radioactive,Object_05069
Food,Object_07556
Corrosive,Object_05139
Flammable,Object_10078
Toxic,Object_03389
Explosive,Object_08820
Flammable,Object_06914
Radioactive,Object_05741
Toxic,Object_07707
Food,Object_13332
Radioactive,Object_12784
Corrosive,Object_10828
Food,Object_02294
Explosive,Object_07350
Fragile,Object_10136
Toxic,Object_02753
Pressurized,Object_01071
Pressurized,Object_00967
Fragile,Object_09094
Corrosive,Object_01673
Food,Object_00595
Food,Object_11067
Explosive,Object_13964
Toxic,Object_05687
Oxidizing,Object_09913
Pressurized,Object_01058
Toxic,Object_03782
Corrosive,Object_08507
Oxidizing,Object_05314
Pressurized,Object_02852
Pressurized,Object_03049
Corrosive,Object_11989
Radioactive,Object_08151
Toxic,Object_08122
Corrosive,Object_04234
Corrosive,Object_03980
Fragile,Object_13446
Pressurized,Object_06630
Flammable,Object_03133
Explosive,Object_09826
Toxic,Object_09355
Pressurized,Object_12966
Radioactive,Object_08283
Flammable,Object_12670
Fragile,Object_07928
Flammable,Object_09154
Explosive,Object_11022
Unspecified,Object_06088
Explosive,Object_00673
Radioactive,Object_12207
Radioactive,Object_00859
Food,Object_09960
Pressurized,Object_04366
Flammable,Object_13958
Food,Object_14558
Food,Object_01822
Radioactive,Object_06493
Pressurized,Object_01573
Explosive,Object_12811
Flammable,Object_14950
Fragile,Object_05556
Toxic,Object_09427
Flammable,Object_13914
Fragile,Object_02530
Oxidizing,Object_06986
Explosive,Object_14640
Corrosive,Object_03371
Food,Object_04255
Unspecified,Object_09230
Pressurized,Object_09692
Pressurized,Object_03903
Flammable,Object_07722
Food,Object_06808
Toxic,Object_01150
Unspecified,Object_05011
Oxidizing,Object_09872
Pressurized,Object_00880
Unspecified,Object_12886
Oxidizing,Object_09186
Corrosive,Object_01677
Fragile,Object_08556
Fragile,Object_09746
Unspecified,Object_10269
Radioactive,Object_04548
Explosive,Object_09503
Fragile,Object_13697
Oxidizing,Object_08543
Corrosive,Object_08878
Oxidizing,Object_06589
Food,Object_12117
Flammable,Object_03064
Flammable,Object_11638
Toxic,Object_02435
Toxic,Object_11647
Flammable,Object_12617
Unspecified,Object_07599
Radioactive,Object_12958
Unspecified,Object_04087
Pressurized,Object_10047
Oxidizing,Object_09693
Toxic,Object_04449
Pressurized,Object_10497
Unspecified,Object_02233
Flammable,Object_09233
Corrosive,Object_05153
Flammable,Object_10619
Corrosive,Object_08635
Radioactive,Object_01558
Oxidizing,Object_07757
Food,Object_00887
Explosive,Object_13104
Fragile,Object_00557
Corrosive,Object_11310
Oxidizing,Object_15135
Fragile,Object_06091
Flammable,Object_13711
Flammable,Object_02015
Pressurized,Object_01827
Radioactive,Object_11194
Corrosive,Object_11008
Radioactive,Object_11023
Flammable,Object_06326
Radioactive,Object_01007
Flammable,Object_03491
Toxic,Object_01626
Fragile,Object_08883
Unspecified,Object_11135
Corrosive,Object_04808
Pressurized,Object_13076
Fragile,Object_10344
Oxidizing,Object_14495
Food,Object_08043
Corrosive,Object_06428
Food,Object_02005
Pressurized,Object_13949
Corrosive,Object_01129
Flammable,Object_14925
Flammable,Object_12603
Fragile,Object_13458
Explosive,Object_01917
Unspecified,Object_13840
Corrosive,Object_11734
Explosive,Object_03415
Toxic,Object_14490
Toxic,Object_07111
Oxidizing,Object_06535
Radioactive,Object_00527
Corrosive,Object_12631
Flammable,Object_09090
Explosive,Object_01227
Toxic,Object_05585
Unspecified,Object_06670
Flammable,Object_08315
Radioactive,Object_11744
Fragile,Object_04210
Food,Object_14796
Toxic,Object_12695
Explosive,Object_05220
Food,Object_09283
Unspecified,Object_09620
Oxidizing,Object_01409
Explosive,Object_02886
Pressurized,Object_13935
Corrosive,Object_08789
Corrosive,Object_05555
Unspecified,Object_05722
Toxic,Object_04878
Flammable,Object_14577
Pressurized,Object_08551
Food,Object_07740
Corrosive,Object_02869
Corrosive,Object_07039
Pressurized,Object_07807
Fragile,Object_14389
Explosive,Object_07543
Pressurized,Object_05283
Toxic,Object_10996
Food,Object_10891
Explosive,Object_00011
Pressurized,Object_05120
Unspecified,Object_11660
Pressurized,Object_11754
Food,Object_07908
Pressurized,Object_00836
Radioactive,Object_04500
Fragile,Object_14695
Corrosive,Object_06449
Radioactive,Object_12548
Explosive,Object_09671
Fragile,Object_11162
Corrosive,Object_12030
Food,Object_14520
Flammable,Object_09149
Oxidizing,Object_06626
Corrosive,Object_09797
Fragile,Object_01591
Pressurized,Object_08108
Unspecified,Object_13154
Explosive,Object_13881
Oxidizing,Object_14098
Radioactive,Object_07718
Corrosive,Object_10868
Oxidizing,Object_07826
Food,Object_03186
Toxic,Object_12740
Pressurized,Object_00015
Food,Object_00256
Explosive,Object_14023
Flammable,Object_10413
Pressurized,Object_12775
Pressurized,Object_04701
Toxic,Object_06897
Explosive,Object_09611
Radioactive,Object_01761
Explosive,Object_11985
Oxidizing,Object_08412
Food,Object_02997
Corrosive,Object_10232
Flammable,Object_00782
Fragile,Object_09132
Explosive,Object_05855
Toxic,Object_01440
Unspecified,Object_04684
Pressurized,Object_07615
Explosive,Object_08542
Explosive,Object_07994
Oxidizing,Object_12331
Flammable,Object_14101
Toxic,Object_10358
Toxic,Object_14442
Food,Object_08214
Oxidizing,Object_12454
Fragile,Object_12020
Radioactive,Object_05667
Oxidizing,Object_01856
Radioactive,Object_04327
Flammable,Object_09369
Toxic,Object_10756
Flammable,Object_02010
Radioactive,Object_09173
Toxic,Object_07970
Oxidizing,Object_01262
Pressurized,Object_04188
Radioactive,Object_11325
Unspecified,Object_00308
Toxic,Object_14527
Flammable,Object_02216
Oxidizing,Object_09660
Explosive,Object_03048
Corrosive,Object_06438
Unspecified,Object_08570
Pressurized,Object_00207
Explosive,Object_07652
Oxidizing,Object_10401
Corrosive,Object_15152
Pressurized,Object_12343
Unspecified,Object_14375
Corrosive,Object_09510
Pressurized,Object_00339
Explosive,Object_04356
Unspecified,Object_12870
Corrosive,Object_01382
Oxidizing,Object_05405
Toxic,Object_04994
Oxidizing,Object_14466
Explosive,Object_08418
Unspecified,Object_03447
Toxic,Object_00735
Flammable,Object_14120
Flammable,Object_04230
Unspecified,Object_00137
Radioactive,Object_14331
Corrosive,Object_13120
Pressurized,Object_12494
Toxic,Object_05611
Radioactive,Object_12607
Oxidizing,Object_12565
Unspecified,Object_13503
Explosive,Object_01588
Unspecified,Object_00057
Pressurized,Object_09229
Explosive,Object_11916
Unspecified,Object_01672
Fragile,Object_05160
Radioactive,Object_14080
Unspecified,Object_14230
Toxic,Object_02950
Flammable,Object_12781
Pressurized,Object_11508
Radioactive,Object_04080
Radioactive,Object_03013
Toxic,Object_14823
Unspecified,Object_09953
Radioactive,Object_13318
Flammable,Object_01753
Radioactive,Object_01952
Corrosive,Object_02160
Food,Object_03129
Fragile,Object_02724
Toxic,Object_10079
Unspecified,Object_08593
Radioactive,Object_13752
Flammable,Object_12715
Explosive,Object_02711
Unspecified,Object_06266
Pressurized,Object_11935
Flammable,Object_13026
Explosive,Object_06584
Flammable,Object_10760
Oxidizing,Object_00821
Explosive,Object_07352
Food,Object_11232
Fragile,Object_06298
Toxic,Object_03773
Oxidizing,Object_05340
Explosive,Object_10533
Flammable,Object_08974
Radioactive,Object_05154
Flammable,Object_01669
Explosive,Object_02244
Toxic,Object_12386
Explosive,Object_14784
Pressurized,Object_05285
Oxidizing,Object_09436
Flammable,Object_05617
Fragile,Object_02528
Radioactive,Object_09124
Corrosive,Object_03233
Pressurized,Object_08803
Pressurized,Object_02902
Toxic,Object_03641
Food,Object_13757
Corrosive,Object_01977
Toxic,Object_00262
Toxic,Object_07650
Explosive,Object_01706
Flammable,Object_02660
Corrosive,Object_11726
Oxidizing,Object_08950
Corrosive,Object_12826
Oxidizing,Object_12568
Corrosive,Object_10151
Pressurized,Object_10187
Explosive,Object_11204
Radioactive,Object_07407
Explosive,Object_07912
Radioactive,Object_14229
Fragile,Object_09625
Fragile,Object_13916
Fragile,Object_08387
Flammable,Object_10310
Corrosive,Object_06406
Food,Object_09103
Toxic,Object_05262
Food,Object_07309
Explosive,Object_15030
Food,Object_05119
Toxic,Object_07026
Explosive,Object_00643
Fragile,Object_07082
Flammable,Object_01459
Radioactive,Object_06646
Corrosive,Object_10423
Pressurized,Object_04243
Flammable,Object_14067
Corrosive,Object_04550
Corrosive,Object_08923
Fragile,Object_05274
Explosive,Object_13867
Food,Object_12392
Fragile,Object_14112
Corrosive,Object_14872
Flammable,Object_03826
Food,Object_00922
Unspecified,Object_11070
Pressurized,Object_08313
Pressurized,Object_07261
Corrosive,Object_11687
Pressurized,Object_06794
Corrosive,Object_12011
Toxic,Object_13274
Explosive,Object_14692
Food,Object_03123
Pressurized,Object_01747
Fragile,Object_05172
Oxidizing,Object_12688
Unspecified,Object_05387
Flammable,Object_08142
Unspecified,Object_08581
Flammable,Object_05915
Oxidizing,Object_14122
Flammable,Object_08763
Toxic,Object_13293
Explosive,Object_12253
Pressurized,Object_09289
Oxidizing,Object_07198
Fragile,Object_11233
Toxic,Object_02096
Explosive,Object_09896
Pressurized,Object_12233
Unspecified,Object_00170
Flammable,Object_02237
Explosive,Object_04153
Radioactive,Object_00539
Unspecified,Object_07554
Radioactive,Object_11566
Toxic,Object_04587
Flammable,Object_13024
Fragile,Object_10843
Pressurized,Object_12242
Flammable,Object_00325
Food,Object_07498
Explosive,Object_09472
Explosive,Object_13909
Corrosive,Object_09675
Fragile,Object_15110
Radioactive,Object_10813
Fragile,Object_07224
Oxidizing,Object_00178
Fragile,Object_09429
Fragile,Object_12967
Explosive,Object_10220
Pressurized,Object_11782
Pressurized,Object_09169
Flammable,Object_08780
Unspecified,Object_07254
Fragile,Object_13748
Flammable,Object_05592
Flammable,Object_12792
Oxidizing,Object_13186
Fragile,Object_04710
Pressurized,Object_09416
Fragile,Object_08934
Corrosive,Object_04814
Radioactive,Object_12192
Flammable,Object_15116
Fragile,Object_07150
Fragile,Object_10915
Flammable,Object_07417
Pressurized,Object_04070
Toxic,Object_12373
Corrosive,Object_09822
Food,Object_14438
Food,Object_04854
Pressurized,Object_10403
Oxidizing,Object_04906
Pressurized,Object_13754
Food,Object_08809
Oxidizing,Object_09234
Toxic,Object_13348
Corrosive,Object_12425
Food,Object_09808
Toxic,Object_10614
Toxic,Object_01471
Food,Object_01988
Food,Object_03088
Oxidizing,Object_13061
Radioactive,Object_11918
Food,Object_12477
Corrosive,Object_01804
Flammable,Object_11201
Explosive,Object_03923
Explosive,Object_07922
Food,Object_13583
Oxidizing,Object_06434
Unspecified,Object_04305
Flammable,Object_14690
Food,Object_06919
Food,Object_01846
Flammable,Object_01616
Pressurized,Object_09980
Unspecified,Object_11395
Flammable,Object_06641
Food,Object_12172
Fragile,Object_04005
Radioactive,Object_01107
Explosive,Object_06127
Oxidizing,Object_06184
Pressurized,Object_07804
Pressurized,Object_11297
Toxic,Object_03781
Toxic,Object_05125
Oxidizing,Object_05844
Explosive,Object_05131
Pressurized,Object_07405
Food,Object_13461
Corrosive,Object_03110
Oxidizing,Object_12985
Food,Object_12086
Oxidizing,Object_09128
Explosive,Object_03551
Food,Object_05815
Flammable,Object_07809
Unspecified,Object_11094
Radioactive,Object_11746
Flammable,Object_07584
Fragile,Object_04025
Radioactive,Object_03796
Unspecified,Object_10295
Pressurized,Object_00268
Fragile,Object_14989
Radioactive,Object_08815
Radioactive,Object_03281
Explosive,Object_12978
Fragile,Object_10222
Toxic,Object_10462
Unspecified,Object_14503
Explosive,Object_03169
Corrosive,Object_09727
Radioactive,Object_01223
Food,Object_07962
Corrosive,Object_02466
Radioactive,Object_06258
Toxic,Object_06252
Pressurized,Object_12888
Fragile,Object_05666
Explosive,Object_11379
Corrosive,Object_14065
Explosive,Object_01225
Oxidizing,Object_08401
Corrosive,Object_02027
Toxic,Object_05422
Toxic,Object_12831
Flammable,Object_14270
Fragile,Object_14222
Radioactive,Object_12722
Fragile,Object_12808
Flammable,Object_04023
Oxidizing,Object_12284
Explosive,Object_09097
Oxidizing,Object_06592
Corrosive,Object_12616
Corrosive,Object_00840
Food,Object_10113
Pressurized,Object_08267
Fragile,Object_07308
Explosive,Object_01283
Fragile,Object_00855
Oxidizing,Object_03583
Fragile,Object_13772
Corrosive,Object_08184
Corrosive,Object_13563
Food,Object_06139
Unspecified,Object_08660
Oxidizing,Object_11413
Food,Object_08083
Unspecified,Object_01973
Food,Object_03925
Oxidizing,Object_13968
Radioactive,Object_11292
Oxidizing,Object_00529
Pressurized,Object_08228
Fragile,Object_05434
Toxic,Object_01722
Oxidizing,Object_02657
Fragile,Object_08284
Pressurized,Object_05654
Radioactive,Object_12533
Toxic,Object_05639
Pressurized,Object_09137
Unspecified,Object_04929
Food,Object_00609
Fragile,Object_03144
Pressurized,Object_03638
Radioactive,Object_07274
Radioactive,Object_02506
Corrosive,Object_14699
Explosive,Object_12640
Corrosive,Object_14609
Oxidizing,Object_03009
Flammable,Object_09025
Flammable,Object_06673
Pressurized,Object_10323
Fragile,Object_14038
Explosive,Object_03817
Oxidizing,Object_00413
Pressurized,Object_10731
Explosive,Object_14753
Unspecified,Object_05050
Food,Object_10876
Food,Object_08868
Unspecified,Object_09178
Unspecified,Object_15028
Fragile,Object_02400
Toxic,Object_03471
Toxic,Object_09170
Unspecified,Object_11423
Fragile,Object_10665
Pressurized,Object_10234
Food,Object_12323
Toxic,Object_05164
Corrosive,Object_13224
Fragile,Object_03928
Explosive,Object_08727
Oxidizing,Object_15077
Fragile,Object_03614
Flammable,Object_15060
Toxic,Object_05739
Toxic,Object_03017
Toxic,Object_01504
Oxidizing,Object_01727
Toxic,Object_10976
Corrosive,Object_06633
Pressurized,Object_07065
Corrosive,Object_10871
Corrosive,Object_07566
Flammable,Object_02570
Explosive,Object_02396
Oxidizing,Object_10320
Explosive,Object_00969
Oxidizing,Object_07400
Explosive,Object_11052
Corrosive,Object_10977
Food,Object_01117
Explosive,Object_10247
Pressurized,Object_12222
Oxidizing,Object_10426
Toxic,Object_12931
Toxic,Object_05116
Pressurized,Object_03589
Radioactive,Object_11186
Toxic,Object_11398
Food,Object_06128
Toxic,Object_03142
Oxidizing,Object_01485
Food,Object_05003
Flammable,Object_09479
Oxidizing,Object_14315
Corrosive,Object_02489
Food,Object_01363
Pressurized,Object_06156
Corrosive,Object_04596
Flammable,Object_11670
Radioactive,Object_11790
Flammable,Object_03680
Unspecified,Object_03499
Pressurized,Object_08741
Corrosive,Object_06977
Flammable,Object_04987
Fragile,Object_04224
Radioactive,Object_06659
Toxic,Object_03515
Toxic,Object_05449
Fragile,Object_01523
Unspecified,Object_11720
Explosive,Object_07794
Flammable,Object_12324
Fragile,Object_06322
Flammable,Object_11436
Corrosive,Object_14255
Corrosive,Object_05710
Radioactive,Object_00741
Unspecified,Object_14463
Unspecified,Object_05864
Unspecified,Object_11238
Fragile,Object_01019
Corrosive,Object_04615
Corrosive,Object_03845
Oxidizing,Object_12748
Food,Object_00439
Corrosive,Object_09848
Flammable,Object_08578
Radioactive,Object_02556
Unspecified,Object_03875
Oxidizing,Object_04810
Toxic,Object_06211
Oxidizing,Object_08495
Explosive,Object_02840
Flammable,Object_08046
Corrosive,Object_05208
Corrosive,Object_08452
Pressurized,Object_12803
Fragile,Object_14411
Unspecified,Object_00035
Flammable,Object_00025
Food,Object_12169
Unspecified,Object_03060
Radioactive,Object_06143
Unspecified,Object_06188
Food,Object_10287
Fragile,Object_08624
Explosive,Object_04424
Corrosive,Object_07638
Pressurized,Object_00021
Pressurized,Object_13477
Flammable,Object_08243
Explosive,Object_04488
Fragile,Object_04157
Toxic,Object_10380
Food,Object_05219
Unspecified,Object_04123
Toxic,Object_08872
Fragile,Object_03395
Fragile,Object_07992
Food,Object_14335
Food,Object_13158
Food,Object_09155
Fragile,Object_06140
Unspecified,Object_08417
Food,Object_11270
Radioactive,Object_02164
Radioactive,Object_00933
Radioactive,Object_08111
Unspecified,Object_00798
Food,Object_10428
Fragile,Object_01220
Fragile,Object_03268
Explosive,Object_02937
Corrosive,Object_06517
Explosive,Object_06685
Explosive,Object_02151
Fragile,Object_12141
Pressurized,Object_08734
Corrosive,Object_05612
Pressurized,Object_10609
Flammable,Object_11808
Radioactive,Object_00088
Unspecified,Object_09131
Unspecified,Object_00553
Corrosive,Object_10839
Corrosive,Object_12473
Explosive,Object_12777
Pressurized,Object_12575
Corrosive,Object_03998
Flammable,Object_06510
Toxic,Object_11544
Explosive,Object_14156
Unspecified,Object_07033
Unspecified,Object_02678
Toxic,Object_07575
Oxidizing,Object_03943
Explosive,Object_08173
Explosive,Object_02359
Oxidizing,Object_12668
Food,Object_09341
Oxidizing,Object_04603
Radioactive,Object_03959
Unspecified,Object_02219
Radioactive,Object_06350
Unspecified,Object_09616
Corrosive,Object_13910
Toxic,Object_05137
Radioactive,Object_05196
Oxidizing,Object_05853
Unspecified,Object_08619
Radioactive,Object_04008
Food,Object_02894
Toxic,Object_05848
Food,Object_11446
Flammable,Object_05865
Unspecified,Object_13866
Corrosive,Object_03089
Corrosive,Object_08583
Unspecified,Object_08010
Radioactive,Object_09962
Radioactive,Object_01221
Pressurized,Object_06261
Oxidizing,Object_03874
Pressurized,Object_07165
Oxidizing,Object_05049
Radioactive,Object_12017
Oxidizing,Object_06534
Radioactive,Object_03171
Toxic,Object_13975
Explosive,Object_01793
Pressurized,Object_12833
Fragile,Object_00728
Radioactive,Object_03889
Pressurized,Object_02957
Unspecified,Object_02519
Toxic,Object_09442
Unspecified,Object_14184
Oxidizing,Object_02304
Fragile,Object_01709
Unspecified,Object_01546
Food,Object_08776
Toxic,Object_05984
Corrosive,Object_05802
Unspecified,Object_14326
Flammable,Object_04306
Fragile,Object_01012
Oxidizing,Object_08147
Oxidizing,Object_12462
Fragile,Object_05106
Food,Object_11352
Oxidizing,Object_08565
Toxic,Object_07895
Oxidizing,Object_11375
Unspecified,Object_15096
Food,Object_00007
Unspecified,Object_06098
Pressurized,Object_07448
Pressurized,Object_00929
Explosive,Object_14202
Oxidizing,Object_12570
Pressurized,Object_06578
Toxic,Object_15086
Food,Object_13047
Fragile,Object_07047
Pressurized,Object_13605
Flammable,Object_07869
Corrosive,Object_00386
Flammable,Object_01898
Oxidizing,Object_00315
Corrosive,Object_10052
Pressurized,Object_01990
Toxic,Object_07609
Unspecified,Object_00212
Food,Object_09900
Unspecified,Object_09857
Pressurized,Object_07836
Radioactive,Object_00530
Unspecified,Object_02260
Toxic,Object_04351
Flammable,Object_13675
Unspecified,Object_09929
Unspecified,Object_12445
Fragile,Object_05921
Corrosive,Object_13386
Fragile,Object_08745
Oxidizing,Object_01517
Corrosive,Object_02299
Explosive,Object_02057
Radioactive,Object_11835
Toxic,Object_12418
Food,Object_06826
Fragile,Object_02209
Oxidizing,Object_13799
Pressurized,Object_01498
Corrosive,Object_09548
Food,Object_08955
Fragile,Object_13527
Fragile,Object_11994
Radioactive,Object_07355
Flammable,Object_14282
Corrosive,Object_03305
Corrosive,Object_14173
Corrosive,Object_03308
Pressurized,Object_10196
Radioactive,Object_01300
Oxidizing,Object_11681
Corrosive,Object_03995
Unspecified,Object_04387
Fragile,Object_09650
Flammable,Object_00901
Fragile,Object_07276
Oxidizing,Object_13022
Toxic,Object_08613
Fragile,Object_09786
Explosive,Object_04232
Flammable,Object_08783
Flammable,Object_14816
Radioactive,Object_01624
Fragile,Object_08576
Radioactive,Object_01351
Pressurized,Object_06106
Fragile,Object_10300
Flammable,Object_06906
Explosive,Object_09367
Unspecified,Object_12252
Explosive,Object_00646
Explosive,Object_05055
Fragile,Object_08222
Food,Object_00312
Food,Object_06272
Toxic,Object_07327
Corrosive,Object_08427
Flammable,Object_11684
Explosive,Object_00241
Flammable,Object_11551
Food,Object_08305
Food,Object_12332
Pressurized,Object_11039
Oxidizing,Object_03300
Food,Object_14224
Flammable,Object_00742
Corrosive,Object_07412
Fragile,Object_11872
Oxidizing,Object_08294
Flammable,Object_09831
Flammable,Object_04843
Flammable,Object_14519
Radioactive,Object_09882
Flammable,Object_05122
Unspecified,Object_05462
Corrosive,Object_11902
Pressurized,Object_00301
Radioactive,Object_09084
Flammable,Object_00119
Food,Object_13891
Oxidizing,Object_04934
Flammable,Object_02147
Corrosive,Object_14660
Pressurized,Object_09258
Fragile,Object_06752
Food,Object_07292
Corrosive,Object_09284
Flammable,Object_10303
Pressurized,Object_05804
Corrosive,Object_11328
Food,Object_09923
Oxidizing,Object_06243
Radioactive,Object_03432
Flammable,Object_09561
Fragile,Object_04452
Radioactive,Object_02026
Toxic,Object_11334
Oxidizing,Object_05294
Flammable,Object_15137
Radioactive,Object_11117
Radioactive,Object_10967
Pressurized,Object_03798
Corrosive,Object_02989
Fragile,Object_06064
Explosive,Object_04859
Radioactive,Object_14129
Flammable,Object_07130
Pressurized,Object_13701
Unspecified,Object_06900
Oxidizing,Object_03816
Toxic,Object_09158
Flammable,Object_00818
Fragile,Object_11003
Unspecified,Object_11875
Oxidizing,Object_00349
Food,Object_02259
Oxidizing,Object_14552
Explosive,Object_00329
Corrosive,Object_05320
Explosive,Object_12672
Food,Object_12914
Pressurized,Object_09910
Unspecified,Object_01468
Corrosive,Object_14076
Pressurized,Object_14401
Radioactive,Object_13260
Food,Object_10241
Unspecified,Object_07014
Toxic,Object_12171
Oxidizing,Object_06787
Food,Object_06508
Pressurized,Object_05133
Oxidizing,Object_00381
Oxidizing,Object_04524
Food,Object_01601
Food,Object_01577
Toxic,Object_09930
Unspecified,Object_02071
Toxic,Object_07545
Explosive,Object_11863
Explosive,Object_14566
Radioactive,Object_12107
Toxic,Object_00012
Radioactive,Object_05884
Food,Object_11956
Unspecified,Object_00166
Oxidizing,Object_03804
Oxidizing,Object_00058
Food,Object_08392
Fragile,Object_08035
Toxic,Object_10511
Pressurized,Object_13435
Corrosive,Object_15097
Unspecified,Object_01829
Food,Object_11901
Food,Object_01472
Radioactive,Object_05869
Corrosive,Object_03814
Corrosive,Object_07075
Food,Object_02475
Flammable,Object_07239
Unspecified,Object_12512
Toxic,Object_00573
Pressurized,Object_00490
Toxic,Object_09343
Food,Object_08273
Explosive,Object_02484
Flammable,Object_08461
Radioactive,Object_03250
Corrosive,Object_09465
Flammable,Object_08575
Flammable,Object_03489
Toxic,Object_06136
Unspecified,Object_12679
Toxic,Object_13035
Radioactive,Object_13758
Corrosive,Object_11295
Explosive,Object_09423
Unspecified,Object_14362
Explosive,Object_11213
Unspecified,Object_11779
Explosive,Object_08790
Oxidizing,Object_00707
Explosive,Object_11664
Radioactive,Object_05880
Fragile,Object_14248
Unspecified,Object_13380
Explosive,Object_11778
Explosive,Object_13159
Toxic,Object_07966
Unspecified,Object_10459
Flammable,Object_09607
Flammable,Object_14384
Unspecified,Object_14651
Toxic,Object_10025
Explosive,Object_09185
Corrosive,Object_07468
Corrosive,Object_14297
Explosive,Object_14782
Pressurized,Object_09921
Oxidizing,Object_02240
Explosive,Object_08420
Flammable,Object_10821
Flammable,Object_14668
Unspecified,Object_09483
Explosive,Object_08668
Food,Object_12805
Explosive,Object_00093
Unspecified,Object_11713
Corrosive,Object_14087
Explosive,Object_05832
Radioactive,Object_07787
Food,Object_09958
Toxic,Object_03203
Flammable,Object_15056
Unspecified,Object_03936
Explosive,Object_02538
Flammable,Object_03590
Toxic,Object_12586
Oxidizing,Object_14488
Food,Object_04050
Corrosive,Object_04296
Radioactive,Object_12338
Pressurized,Object_02681
Toxic,Object_10129
Corrosive,Object_04312
Fragile,Object_09012
Explosive,Object_07346
Oxidizing,Object_01964
Unspecified,Object_10615
Pressurized,Object_06785
Corrosive,Object_15052
Radioactive,Object_08192
Fragile,Object_13298
Pressurized,Object_07621
Radioactive,Object_07857
Fragile,Object_02296
Explosive,Object_04579
Explosive,Object_02891
Explosive,Object_07240
Oxidizing,Object_02487
Toxic,Object_04067
Radioactive,Object_00404
Pressurized,Object_10312
Unspecified,Object_08186
Flammable,Object_02728
Toxic,Object_12202
Explosive,Object_07289
Fragile,Object_08821
Flammable,Object_04621
Oxidizing,Object_07298
Unspecified,Object_02135
Flammable,Object_00612
Oxidizing,Object_09655
Toxic,Object_10020
Pressurized,Object_10945
Toxic,Object_07986
Pressurized,Object_02866
Unspecified,Object_12104
Flammable,Object_04571
Flammable,Object_01027
Pressurized,Object_09803
Unspecified,Object_11889
Oxidizing,Object_13302
Pressurized,Object_01102
Oxidizing,Object_11453
Radioactive,Object_07088
Radioactive,Object_03678
Food,Object_10750
Explosive,Object_11416
Corrosive,Object_05463
Fragile,Object_00550
Corrosive,Object_14773
Explosive,Object_06858
Fragile,Object_08835
Oxidizing,Object_00727
Explosive,Object_04549
Flammable,Object_03743
Pressurized,Object_07748
Food,Object_04962
Explosive,Object_04226
Corrosive,Object_13288
Radioactive,Object_07144
Explosive,Object_13911
Oxidizing,Object_03122
Flammable,Object_08100
Radioactive,Object_12635
Food,Object_08177
Unspecified,Object_10759
Oxidizing,Object_07537
Toxic,Object_13839
Food,Object_11548
Flammable,Object_05962
Corrosive,Object_03068
Explosive,Object_06410
Pressurized,Object_07410
Fragile,Object_08230
Food,Object_13689
Fragile,Object_08443
Fragile,Object_11873
Explosive,Object_01137
Toxic,Object_06907
Oxidizing,Object_12642
Unspecified,Object_07590
Explosive,Object_03047
Toxic,Object_13257
Flammable,Object_12095
Fragile,Object_14290
Pressurized,Object_02372
Food,Object_09621
Unspecified,Object_12227
Corrosive,Object_14822
Pressurized,Object_04635
Oxidizing,Object_10134
Unspecified,Object_05339
Food,Object_13034
Unspecified,Object_10811
Fragile,Object_03440
Fragile,Object_07784
Fragile,Object_06911
Fragile,Object_00097
Food,Object_05174
Fragile,Object_10585
Flammable,Object_06060
Oxidizing,Object_01774
Food,Object_14802
Unspecified,Object_13774
Corrosive,Object_02006
Fragile,Object_00862
Explosive,Object_00656
Oxidizing,Object_01537
Food,Object_12128
Corrosive,Object_11545
Pressurized,Object_06041
Oxidizing,Object_03662
Unspecified,Object_13604
Corrosive,Object_01099
Explosive,Object_05633
Fragile,Object_10033
Corrosive,Object_01299
Explosive,Object_13233
Unspecified,Object_14669
Oxidizing,Object_13639
Oxidizing,Object_04575
Pressurized,Object_07535
Flammable,Object_02584
Unspecified,Object_10919
Corrosive,Object_00872
Flammable,Object_09685
Oxidizing,Object_00714
Radioactive,Object_05619
Unspecified,Object_15044
Fragile,Object_02620
Unspecified,Object_14428
Radioactive,Object_01437
Pressurized,Object_04323
Radioactive,Object_08931
Explosive,Object_00002
Oxidizing,Object_12919
Explosive,Object_01532
Oxidizing,Object_05598
Food,Object_13387
Oxidizing,Object_06385
Corrosive,Object_01548
Corrosive,Object_14264
Flammable,Object_13328
Toxic,Object_11988
Fragile,Object_07294
Food,Object_08329
Flammable,Object_00374
Fragile,Object_03848
Corrosive,Object_07377
Flammable,Object_04485
Food,Object_01050
Flammable,Object_08813
Pressurized,Object_10038
Flammable,Object_06739
Flammable,Object_14133
Radioactive,Object_03886
Pressurized,Object_12553
Toxic,Object_04078
Flammable,Object_05034
Food,Object_08000
Corrosive,Object_10082
Fragile,Object_10207
Explosive,Object_02764
Flammable,Object_11464
Oxidizing,Object_11097
Radioactive,Object_14279
Radioactive,Object_10054
Oxidizing,Object_06095
Food,Object_14104
Pressurized,Object_13363
Unspecified,Object_04316
Pressurized,Object_13407
Toxic,Object_11463
Explosive,Object_11390
Flammable,Object_12995
Explosive,Object_05551
Unspecified,Object_08196
Food,Object_10402
Explosive,Object_11119
Pressurized,Object_00662
Explosive,Object_06472
Food,Object_04180
Radioactive,Object_02365
Food,Object_07362
Oxidizing,Object_05954
Pressurized,Object_02218
Oxidizing,Object_09496
Pressurized,Object_06973
Fragile,Object_02577
Radioactive,Object_09681
Fragile,Object_10002
Fragile,Object_04097
Oxidizing,Object_05163
Unspecified,Object_04948
Unspecified,Object_13457
Corrosive,Object_02516
Food,Object_01205
Corrosive,Object_04727
Oxidizing,Object_06290
Flammable,Object_12621
Fragile,Object_09182
Unspecified,Object_04542
Toxic,Object_06471
Explosive,Object_09825
Fragile,Object_04100
Food,Object_05360
Toxic,Object_03803
Flammable,Object_10421
Food,Object_10387
Radioactive,Object_09536
Unspecified,Object_03090
Fragile,Object_08804
Explosive,Object_04800
Toxic,Object_12503
Toxic,Object_14844
Radioactive,Object_04350
Corrosive,Object_07800
Fragile,Object_09557
Flammable,Object_01201
Food,Object_10587
Flammable,Object_08215
Corrosive,Object_03699
Food,Object_00205
Flammable,Object_08901
Toxic,Object_12520
Flammable,Object_00121
Corrosive,Object_08522
Fragile,Object_00634
Fragile,Object_05255
Corrosive,Object_00536
Fragile,Object_01734
Unspecified,Object_07633
Toxic,Object_09190
Fragile,Object_15047
Explosive,Object_10230
Unspecified,Object_06615
Food,Object_14192
Radioactive,Object_13397
Unspecified,Object_06110
Toxic,Object_11704
Food,Object_12132
Radioactive,Object_02998
Pressurized,Object_09942
Corrosive,Object_12340
Food,Object_12648
Explosive,Object_03442
Oxidizing,Object_05032
Corrosive,Object_00784
Food,Object_07578
Pressurized,Object_02235
Radioactive,Object_03183
Fragile,Object_12930
Radioactive,Object_07016
Explosive,Object_06538
Radioactive,Object_05238
Flammable,Object_09917
Explosive,Object_12374
Fragile,Object_02704
Explosive,Object_06382
Explosive,Object_10216
Food,Object_13814
Unspecified,Object_00376
Flammable,Object_12837
Pressurized,Object_05198
Pressurized,Object_14164
Toxic,Object_10417
Unspecified,Object_14108
Radioactive,Object_03178
Radioactive,Object_00950
Toxic,Object_00479
Oxidizing,Object_12544
Radioactive,Object_07713
Explosive,Object_08596
Toxic,Object_10057
Pressurized,Object_06342
Corrosive,Object_02565
Food,Object_13807
Flammable,Object_13560
Pressurized,Object_00009
Unspecified,Object_01519
Fragile,Object_11116
Toxic,Object_01912
Pressurized,Object_01769
Toxic,Object_05925
Toxic,Object_05720
Fragile,Object_09492
Explosive,Object_00289
Corrosive,Object_04828
Corrosive,Object_05459
Oxidizing,Object_07816
Flammable,Object_02211
Radioactive,Object_08887
Pressurized,Object_06320
Unspecified,Object_00900
Oxidizing,Object_01668
Pressurized,Object_12191
Fragile,Object_15071
Unspecified,Object_03340
Radioactive,Object_00497
Toxic,Object_13017
Food,Object_06020
Unspecified,Object_03325
Fragile,Object_10146
Corrosive,Object_00387
Flammable,Object_04385
Explosive,Object_01916
Toxic,Object_00131
Unspecified,Object_00176
Pressurized,Object_07559
Flammable,Object_10060
Pressurized,Object_00790
Flammable,Object_05316
Unspecified,Object_11933
Toxic,Object_03030
Toxic,Object_01163
Food,Object_06292
Flammable,Object_05461
Flammable,Object_05938
Radioactive,Object_06077
Radioactive,Object_06399
Flammable,Object_01110
Flammable,Object_03557
Fragile,Object_01429
Pressurized,Object_06297
Unspecified,Object_03001
Pressurized,Object_10003
Fragile,Object_03267
Explosive,Object_04913
Radioactive,Object_14059
Flammable,Object_03358
Pressurized,Object_14278
Radioactive,Object_04768
Oxidizing,Object_01809
Toxic,Object_10597
Corrosive,Object_14020
Flammable,Object_09246
Unspecified,Object_10063
Fragile,Object_00375
Pressurized,Object_06084
Flammable,Object_10822
Pressurized,Object_07695
Food,Object_15025
Corrosive,Object_00691
Food,Object_09088
Explosive,Object_11234
Pressurized,Object_15133
Flammable,Object_04943
Corrosive,Object_12751
Pressurized,Object_10730
Fragile,Object_14386
Pressurized,Object_13088
Radioactive,Object_01923
Corrosive,Object_02200
Toxic,Object_05303
Pressurized,Object_12185
Unspecified,Object_08103
Corrosive,Object_05376
Fragile,Object_14704
Corrosive,Object_03681
Corrosive,Object_11321
Flammable,Object_00219
Food,Object_14429
Toxic,Object_08114
Pressurized,Object_03021
Radioactive,Object_12816
Flammable,Object_06021
Food,Object_04159
Radioactive,Object_03697
Unspecified,Object_14888
Oxidizing,Object_03154
Unspecified,Object_13695
Explosive,Object_10048
Unspecified,Object_13745
Corrosive,Object_06731
Fragile,Object_14006
Food,Object_08250
Corrosive,Object_14406
Oxidizing,Object_01067
Unspecified,Object_12981
Radioactive,Object_12131
Food,Object_13369
Flammable,Object_08970
Food,Object_09944
Toxic,Object_07473
Radioactive,Object_08212
Corrosive,Object_03164
Corrosive,Object_05929
Toxic,Object_11837
Toxic,Object_12369
Fragile,Object_07553
Unspecified,Object_11142
Food,Object_12534
Corrosive,Object_12571
Corrosive,Object_13580
Toxic,Object_12182
Radioactive,Object_10489
Corrosive,Object_13683
Fragile,Object_13636
Corrosive,Object_15008
Pressurized,Object_11314
Flammable,Object_13168
Oxidizing,Object_14034
Food,Object_04702
Radioactive,Object_02375
Oxidizing,Object_07070
Toxic,Object_11678
Pressurized,Object_04508
Flammable,Object_01056
Corrosive,Object_01460
Food,Object_08466
Flammable,Object_08445
Oxidizing,Object_02137
Unspecified,Object_05135
Food,Object_03712
Fragile,Object_12582
Fragile,Object_03302
Toxic,Object_11624
Toxic,Object_09687
Pressurized,Object_09800
Toxic,Object_06916
Fragile,Object_11110
Corrosive,Object_01152
Radioactive,Object_07729
Fragile,Object_02696
Toxic,Object_05007
Unspecified,Object_09966
Flammable,Object_03701
Explosive,Object_09264
Toxic,Object_10194
Oxidizing,Object_14068
Unspecified,Object_11784
Corrosive,Object_06632
Oxidizing,Object_06002
Explosive,Object_13068
Food,Object_11692
Corrosive,Object_11257
Corrosive,Object_08084
Radioactive,Object_02778
Corrosive,Object_11491
Corrosive,Object_12909
Fragile,Object_09549
Corrosive,Object_02760
Fragile,Object_04319
Food,Object_07631
Flammable,Object_03687
Unspecified,Object_10618
Corrosive,Object_08312
Unspecified,Object_01815
Food,Object_13441
Radioactive,Object_04317
Unspecified,Object_07522
Flammable,Object_10774
Unspecified,Object_15094
Flammable,Object_14468
Corrosive,Object_06122
Flammable,Object_03341
Explosive,Object_03554
Toxic,Object_09274
Explosive,Object_06933
Toxic,Object_09072
Fragile,Object_04165
Unspecified,Object_07098
Unspecified,Object_07660
Food,Object_12889
Food,Object_05327
Fragile,Object_11176
Flammable,Object_00542
Fragile,Object_14398
Fragile,Object_13029
Unspecified,Object_05140
Flammable,Object_13873
Toxic,Object_00579
Explosive,Object_10418
Flammable,Object_14254
Toxic,Object_12200
Corrosive,Object_09123
Radioactive,Object_08603
Fragile,Object_02418
Unspecified,Object_00117
Flammable,Object_07593
Toxic,Object_15032
Pressurized,Object_08082
Flammable,Object_08303
Explosive,Object_05242
Radioactive,Object_12361
Radioactive,Object_08109
Pressurized,Object_06069
Unspecified,Object_04850
Corrosive,Object_14295
Corrosive,Object_11525
Fragile,Object_11594
Oxidizing,Object_07516
Explosive,Object_06814
Oxidizing,Object_05170
Corrosive,Object_04475
Pressurized,Object_01715
Oxidizing,Object_00730
Fragile,Object_05883
Explosive,Object_01838
Oxidizing,Object_09657
Toxic,Object_11596
Flammable,Object_08363
Unspecified,Object_03904
Pressurized,Object_07540
Explosive,Object_09091
Corrosive,Object_10637
Radioactive,Object_01633
Explosive,Object_12947
Corrosive,Object_13658
Unspecified,Object_13783
Radioactive,Object_03202
Radioactive,Object_10285
Fragile,Object_02900
Explosive,Object_14536
Oxidizing,Object_03581
Unspecified,Object_12701
Unspecified,Object_04877
Oxidizing,Object_13170
Fragile,Object_03849
Radioactive,Object_11403
Explosive,Object_07195
Corrosive,Object_07496
Explosive,Object_14253
Unspecified,Object_08362
Corrosive,Object_01758
Unspecified,Object_02401
Explosive,Object_00306
Toxic,Object_14610
Flammable,Object_04440
Oxidizing,Object_05525
Oxidizing,Object_01806
Flammable,Object_13164
Flammable,Object_14214
Explosive,Object_12276
Oxidizing,Object_02238
Flammable,Object_14679
Food,Object_08237
Flammable,Object_11821
Pressurized,Object_07180
Radioactive,Object_14891
Corrosive,Object_14103
Toxic,Object_12396
Food,Object_06625
Explosive,Object_03318
Toxic,Object_03494
Toxic,Object_10243
Fragile,Object_04218
Unspecified,Object_02283
Toxic,Object_04649
Fragile,Object_08850
Corrosive,Object_06096
Flammable,Object_09988
Corrosive,Object_11105
Flammable,Object_14676
Corrosive,Object_02331
Fragile,Object_05277
Flammable,Object_13957
Food,Object_00073
Explosive,Object_06754
Toxic,Object_03421
Toxic,Object_10330
Food,Object_07096
Food,Object_05677
Oxidizing,Object_01693
Flammable,Object_07287
Oxidizing,Object_05341
Oxidizing,Object_14781
Oxidizing,Object_02717
Food,Object_01852
Corrosive,Object_10803
Explosive,Object_14776
Corrosive,Object_09741
Oxidizing,Object_08829
Radioactive,Object_04503
Fragile,Object_12304
Toxic,Object_10009
Radioactive,Object_06610
Fragile,Object_07360
Fragile,Object_09079
Oxidizing,Object_00476
Pressurized,Object_00851
Toxic,Object_12056
Flammable,Object_00263
Pressurized,Object_00899
Corrosive,Object_14070
Unspecified,Object_10065
Radioactive,Object_09477
Oxidizing,Object_01066
Explosive,Object_08125
Radioactive,Object_10363
Radioactive,Object_11633
Explosive,Object_14833
Corrosive,Object_02697
Oxidizing,Object_06651
Pressurized,Object_14404
Oxidizing,Object_08747
Oxidizing,Object_15143
Corrosive,Object_13330
Flammable,Object_10621
Flammable,Object_02063
Oxidizing,Object_03703
Corrosive,Object_02098
Explosive,Object_02953
Pressurized,Object_12937
Radioactive,Object_10168
Food,Object_09909
Toxic,Object_07835
Oxidizing,Object_03481
Explosive,Object_10923
Fragile,Object_01496
Fragile,Object_01402
Flammable,Object_01233
Corrosive,Object_02877
Food,Object_08116
Fragile,Object_02286
Toxic,Object_05042
Explosive,Object_05752
Corrosive,Object_11220
Fragile,Object_09420
Corrosive,Object_11255
Corrosive,Object_08546
Pressurized,Object_06778
Explosive,Object_07594
Food,Object_08118
Fragile,Object_12661
Fragile,Object_05258
Pressurized,Object_05273
Explosive,Object_12151
Toxic,Object_04848
Flammable,Object_08773
Explosive,Object_08360
Flammable,Object_00956
Oxidizing,Object_02269
Flammable,Object_08448
Fragile,Object_03315
Food,Object_14182
Corrosive,Object_14969
Unspecified,Object_03586
Toxic,Object_03529
Flammable,Object_00486
Fragile,Object_02561
Food,Object_00947
Food,Object_00410
Radioactive,Object_14467
Toxic,Object_05456
Pressurized,Object_11768
Oxidizing,Object_04028
Explosive,Object_12472
Food,Object_05894
Toxic,Object_03034
Explosive,Object_04341
Unspecified,Object_03326
Toxic,Object_14824
Corrosive,Object_06797
Fragile,Object_05409
Oxidizing,Object_05342
Flammable,Object_03141
Corrosive,Object_07954
Toxic,Object_04718
Radioactive,Object_00243
Radioactive,Object_07743
Oxidizing,Object_06435
Food,Object_09081
Flammable,Object_11282
Unspecified,Object_09710
Corrosive,Object_06403
Pressurized,Object_05803
Pressurized,Object_09947
Fragile,Object_02612
Fragile,Object_04663
Oxidizing,Object_07160
Toxic,Object_13926
Flammable,Object_07745
Radioactive,Object_10832
Oxidizing,Object_13529
Explosive,Object_14140
Toxic,Object_06756
Corrosive,Object_02495
Pressurized,Object_09934
Food,Object_05632
Toxic,Object_14017
Corrosive,Object_00321
Radioactive,Object_10176
Unspecified,Object_14225
Food,Object_03806
Pressurized,Object_02567
Pressurized,Object_05229
Explosive,Object_00923
Flammable,Object_11426
Toxic,Object_01078
Explosive,Object_00360
Corrosive,Object_09828
Radioactive,Object_07253
Pressurized,Object_10121
Fragile,Object_06975
Unspecified,Object_12836
Unspecified,Object_08685
Pressurized,Object_08095
Fragile,Object_13782
Radioactive,Object_04286
Pressurized,Object_14147
Corrosive,Object_13431
Radioactive,Object_03269
Oxidizing,Object_04756
Oxidizing,Object_08389
Corrosive,Object_00346
Oxidizing,Object_01805
Food,Object_12186
Flammable,Object_02826
Flammable,Object_10139
Flammable,Object_01739
Fragile,Object_01451
Toxic,Object_07767
Food,Object_00787
Pressurized,Object_05847
Oxidizing,Object_03158
Corrosive,Object_00721
Unspecified,Object_01625
Oxidizing,Object_12414
Food,Object_13623
Pressurized,Object_14258
Unspecified,Object_02594
Oxidizing,Object_09664
Fragile,Object_07006
Toxic,Object_13390
Oxidizing,Object_07170
Food,Object_14298
Corrosive,Object_09879
Fragile,Object_02450
Radioactive,Object_14057
Food,Object_11792
Oxidizing,Object_12726
Corrosive,Object_07199
Fragile,Object_00830
Toxic,Object_13129
Pressurized,Object_06796
Pressurized,Object_12064
Food,Object_05831
Fragile,Object_15054
Unspecified,Object_04414
Flammable,Object_14303
Fragile,Object_01320
Explosive,Object_08515
Corrosive,Object_11058
Oxidizing,Object_09714
Fragile,Object_06117
Toxic,Object_05492
Pressurized,Object_12812
Fragile,Object_04465
Corrosive,Object_05537
Pressurized,Object_09082
Oxidizing,Object_06383
Food,Object_09110
Radioactive,Object_06396
Food,Object_10172
Flammable,Object_11367
Radioactive,Object_12987
Radioactive,Object_12599
Toxic,Object_02141
Toxic,Object_12150
Corrosive,Object_04779
Flammable,Object_11170
Flammable,Object_04394
Fragile,Object_03606
Unspecified,Object_11925
Unspecified,Object_00828
Radioactive,Object_10596
Unspecified,Object_09176
Fragile,Object_01700
Oxidizing,Object_09949
Explosive,Object_08834
Radioactive,Object_04213
Toxic,Object_11479
Oxidizing,Object_14984
Food,Object_08910
Flammable,Object_08320
Food,Object_12721
Pressurized,Object_06099
Toxic,Object_07677
Pressurized,Object_04379
Radioactive,Object_12206
Radioactive,Object_03951
Fragile,Object_07256
Flammable,Object_07304
Food,Object_00559
Fragile,Object_10703
Flammable,Object_08253
Toxic,Object_08026
Radioactive,Object_09171
Explosive,Object_14287
Toxic,Object_05614
Flammable,Object_01748
Unspecified,Object_12221
Toxic,Object_06930
Flammable,Object_03971
Flammable,Object_08011
Corrosive,Object_11500
Food,Object_10570
Flammable,Object_07706
Flammable,Object_10049
Corrosive,Object_12723
Unspecified,Object_07192
Fragile,Object_08988
Food,Object_10427
Food,Object_12031
Fragile,Object_14342
Toxic,Object_04666
Flammable,Object_14840
Food,Object_08841
Explosive,Object_07613
Pressurized,Object_01010
Flammable,Object_06425
Food,Object_03994
Explosive,Object_08770
Food,Object_06904
Pressurized,Object_02033
Explosive,Object_04026
Flammable,Object_09608
Toxic,Object_10382
Flammable,Object_12709
Pressurized,Object_00878
Corrosive,Object_03043
Radioactive,Object_13336
Corrosive,Object_11906
Corrosive,Object_12962
Pressurized,Object_07719
Explosive,Object_10797
Fragile,Object_11456
Pressurized,Object_12583
Toxic,Object_03882
Food,Object_00391
Flammable,Object_10851
Explosive,Object_10669
Explosive,Object_10983
Toxic,Object_08200
Radioactive,Object_05812
Explosive,Object_13310
Pressurized,Object_11831
Unspecified,Object_00396
Pressurized,Object_13635
Corrosive,Object_00096
Corrosive,Object_09163
Radioactive,Object_13286
Unspecified,Object_08246
Toxic,Object_03954
Explosive,Object_00453
Toxic,Object_09187
Food,Object_03624
Flammable,Object_13657
Pressurized,Object_01608
Fragile,Object_01662
Corrosive,Object_08711
Radioactive,Object_10305
Radioactive,Object_12116
Oxidizing,Object_13400
Unspecified,Object_12444
Unspecified,Object_11710
Flammable,Object_06112
Unspecified,Object_06337
Food,Object_11538
Corrosive,Object_05488
Unspecified,Object_08592
Explosive,Object_12693
Oxidizing,Object_02535
Toxic,Object_13156
Flammable,Object_02426
Toxic,Object_03622
Fragile,Object_07732
Flammable,Object_01825
Corrosive,Object_05675
Food,Object_11150
Oxidizing,Object_10785
Food,Object_08752
Toxic,Object_07749
Explosive,Object_09250
Explosive,Object_06284
Oxidizing,Object_01683
Oxidizing,Object_13471
Fragile,Object_03733
Food,Object_06925
Toxic,Object_08994
Unspecified,Object_09389
Radioactive,Object_12530
Toxic,Object_06689
Corrosive,Object_09042
Radioactive,Object_02197
Explosive,Object_01030
Toxic,Object_06137
Pressurized,Object_08060
Unspecified,Object_00772
Explosive,Object_09102
Toxic,Object_10718
Pressurized,Object_13654
Corrosive,Object_01664
Corrosive,Object_09928
Unspecified,Object_09252
Fragile,Object_15048
Radioactive,Object_04936
Explosive,Object_00596
Food,Object_01557
Food,Object_03067
Oxidizing,Object_09400
Radioactive,Object_06225
Fragile,Object_08368
Oxidizing,Object_07229
Fragile,Object_03086
Flammable,Object_07401
Pressurized,Object_07579
Oxidizing,Object_10534
Corrosive,Object_03730
Flammable,Object_07886
Oxidizing,Object_11438
Explosive,Object_12606
Toxic,Object_13838
Flammable,Object_12500
Unspecified,Object_01390
Fragile,Object_06856
Pressurized,Object_06312
Explosive,Object_15010
Radioactive,Object_14458
Radioactive,Object_03368
Fragile,Object_08014
Radioactive,Object_07478
Food,Object_02053
Pressurized,Object_13698
Corrosive,Object_12048
Unspecified,Object_05393
Unspecified,Object_10699
Radioactive,Object_05773
Fragile,Object_11623
Toxic,Object_04107
Radioactive,Object_13753
Toxic,Object_09392
Oxidizing,Object_09219
Unspecified,Object_01705
Unspecified,Object_00334
Corrosive,Object_00681
Unspecified,Object_10572
Explosive,Object_07118
Fragile,Object_01198
Pressurized,Object_06019
Radioactive,Object_00621
Unspecified,Object_14797
Pressurized,Object_06205
Radioactive,Object_11839
Toxic,Object_06483
Corrosive,Object_00762
Explosive,Object_04757
Flammable,Object_12165
Pressurized,Object_10147
Food,Object_06575
Radioactive,Object_13575
Toxic,Object_13074
Oxidizing,Object_12032
Unspecified,Object_11088
Pressurized,Object_11588
Explosive,Object_00576
Pressurized,Object_13478
Pressurized,Object_11134
Flammable,Object_03057
Explosive,Object_12780
Food,Object_04872
Unspecified,Object_01535
Oxidizing,Object_05287
Flammable,Object_11372
Radioactive,Object_08637
Radioactive,Object_02571
Corrosive,Object_03405
Toxic,Object_14587
Toxic,Object_09978
Fragile,Object_06848
Explosive,Object_03827
Fragile,Object_06453
Unspecified,Object_07299
Unspecified,Object_15033
Fragile,Object_05863
Food,Object_10120
Explosive,Object_03977
Flammable,Object_12251
Explosive,Object_09509
Food,Object_10014
Flammable,Object_09036
Oxidizing,Object_12407
Pressurized,Object_07200
Fragile,Object_12671
Oxidizing,Object_07117
Unspecified,Object_07938
Flammable,Object_04713
Explosive,Object_14629
Pressurized,Object_00318
Toxic,Object_03704
Food,Object_04079
Food,Object_11230
Radioactive,Object_13597
Explosive,Object_09838
Toxic,Object_09030
Unspecified,Object_13001
Flammable,Object_14427
Radioactive,Object_11849
Fragile,Object_07998
Pressurized,Object_04830
Explosive,Object_13764
Flammable,Object_06424
Toxic,Object_09196
Unspecified,Object_01553
Radioactive,Object_08425
Pressurized,Object_07817
Flammable,Object_07339
Food,Object_12572
Oxidizing,Object_11578
Fragile,Object_05503
Fragile,Object_06813
Toxic,Object_11284
Pressurized,Object_01629
Fragile,Object_03956
Pressurized,Object_14765
Toxic,Object_00165
Food,Object_07624
Fragile,Object_10084
Pressurized,Object_03367
Corrosive,Object_13354
Explosive,Object_09851
Flammable,Object_06286
Pressurized,Object_14029
Explosive,Object_06030
Radioactive,Object_07882
Explosive,Object_14827
Toxic,Object_12371
Flammable,Object_05275
Pressurized,Object_03042
Corrosive,Object_10324
Radioactive,Object_01623
Flammable,Object_00239
Oxidizing,Object_01122
Oxidizing,Object_12058
Oxidizing,Object_10099
Explosive,Object_14153
Toxic,Object_09940
Oxidizing,Object_12800
Oxidizing,Object_14201
Unspecified,Object_09174
Explosive,Object_14246
Pressurized,Object_02234
Oxidizing,Object_11888
Radioactive,Object_03139
Food,Object_04907
Unspecified,Object_04034
Food,Object_14694
Fragile,Object_04960
Toxic,Object_05740
Oxidizing,Object_00242
Toxic,Object_01935
Explosive,Object_01455
Oxidizing,Object_10010
Unspecified,Object_11371
Corrosive,Object_05583
Pressurized,Object_09377
Toxic,Object_06983
Unspecified,Object_04324
Flammable,Object_02001
Food,Object_00659
Food,Object_08435
Fragile,Object_04841
Corrosive,Object_10189
Toxic,Object_13425
Toxic,Object_15082
Pressurized,Object_03229
Radioactive,Object_07533
Fragile,Object_06114
Food,Object_06711
Flammable,Object_11246
Oxidizing,Object_01863
Food,Object_03887
Food,Object_11285
Pressurized,Object_05156
Food,Object_12991
Toxic,Object_04764
Toxic,Object_09994
Food,Object_04052
Corrosive,Object_15088
Fragile,Object_09961
Unspecified,Object_14612
Flammable,Object_01190
Pressurized,Object_02243
Oxidizing,Object_04372
Unspecified,Object_03536
Explosive,Object_13685
Unspecified,Object_10846
Oxidizing,Object_00234
Fragile,Object_03846
Unspecified,Object_02179
Explosive,Object_13296
Fragile,Object_13086
Fragile,Object_07259
Flammable,Object_00108
Fragile,Object_06821
Fragile,Object_03862
Explosive,Object_04539
Food,Object_02441
Oxidizing,Object_08605
Food,Object_04423
Corrosive,Object_04184
Radioactive,Object_08721
Fragile,Object_13684
Toxic,Object_07945
Food,Object_04679
Radioactive,Object_03965
Fragile,Object_08922
Pressurized,Object_10464
Oxidizing,Object_05150
Corrosive,Object_00200
Pressurized,Object_07183
Flammable,Object_06846
Radioactive,Object_14205
Flammable,Object_02545
Oxidizing,Object_02812
Corrosive,Object_08318
Unspecified,Object_09725
Explosive,Object_02185
Flammable,Object_06318
Flammable,Object_12921
Fragile,Object_04277
Unspecified,Object_03249
Pressurized,Object_04433
Fragile,Object_14481
Flammable,Object_11572
Oxidizing,Object_02525
Flammable,Object_08409
Flammable,Object_11069
Fragile,Object_08055
Fragile,Object_13731
Radioactive,Object_05268
Pressurized,Object_14913
Fragile,Object_10433
Food,Object_08447
Fragile,Object_06687
Toxic,Object_03450
Food,Object_05424
Food,Object_09843
Oxidizing,Object_11494
Corrosive,Object_07846
Corrosive,Object_09849
Oxidizing,Object_14616
Unspecified,Object_07666
Pressurized,Object_10859
Explosive,Object_02394
Food,Object_08422
Radioactive,Object_10127
Unspecified,Object_11484
Explosive,Object_03423
Oxidizing,Object_01568
Explosive,Object_09615
Explosive,Object_10173
Flammable,Object_01414
Oxidizing,Object_01593
Radioactive,Object_02740
Toxic,Object_03416
Radioactive,Object_03575
Flammable,Object_09402
Pressurized,Object_07319
Unspecified,Object_03793
Pressurized,Object_14268
Unspecified,Object_02313
Toxic,Object_06557
Flammable,Object_01751
Food,Object_07995
Radioactive,Object_04402
Corrosive,Object_05451
Fragile,Object_13612
Explosive,Object_09238
Unspecified,Object_02278
Flammable,Object_13706
Oxidizing,Object_11963
Flammable,Object_01070
Oxidizing,Object_12313
Corrosive,Object_05494
Radioactive,Object_14973
Food,Object_02701
Oxidizing,Object_09717
Oxidizing,Object_10431
Explosive,Object_12387
Fragile,Object_07244
Flammable,Object_08330
Flammable,Object_04653
Fragile,Object_00587
Food,Object_00145
Fragile,Object_06792
Fragile,Object_01595
Explosive,Object_05564
Fragile,Object_03984
Toxic,Object_10735
Corrosive,Object_10878
Flammable,Object_08992
Flammable,Object_11637
Oxidizing,Object_13540
Flammable,Object_09559
Explosive,Object_04997
Oxidizing,Object_10683
Pressurized,Object_05004
Toxic,Object_03880
Pressurized,Object_08882
Unspecified,Object_01579
Corrosive,Object_00930
Explosive,Object_07273
Radioactive,Object_03135
Unspecified,Object_05014
Explosive,Object_04716
Corrosive,Object_06637
Food,Object_09055
Corrosive,Object_11187
Pressurized,Object_09267
Radioactive,Object_01529
Oxidizing,Object_00909
Toxic,Object_00043
Corrosive,Object_05513
Pressurized,Object_00317
Explosive,Object_11824
Fragile,Object_04019
Pressurized,Object_09041
Flammable,Object_14351
Food,Object_09021
Pressurized,Object_01212
Corrosive,Object_07384
Explosive,Object_05769
Oxidizing,Object_14635
Explosive,Object_00935
Food,Object_00139
Explosive,Object_00768
Radioactive,Object_10373
Radioactive,Object_03194
Oxidizing,Object_14922
Radioactive,Object_07146
Pressurized,Object_00884
Radioactive,Object_12650
Explosive,Object_07056
Corrosive,Object_07483
Pressurized,Object_02374
Explosive,Object_10882
Fragile,Object_00398
Pressurized,Object_00994
Fragile,Object_08033
Fragile,Object_02712
Fragile,Object_06824
Flammable,Object_03857
Corrosive,Object_10331
Explosive,Object_09937
Pressurized,Object_06216
Pressurized,Object_06563
Explosive,Object_09702
Fragile,Object_11026
Corrosive,Object_09460
Fragile,Object_06953
Fragile,Object_02609
Flammable,Object_08599
Pressurized,Object_09029
Radioactive,Object_08933
Toxic,Object_01510
Radioactive,Object_07510
Flammable,Object_07656
Fragile,Object_14056
Flammable,Object_10407
Pressurized,Object_03604
Explosive,Object_08610
Radioactive,Object_02673
Pressurized,Object_05474
Pressurized,Object_11609
Explosive,Object_01983
Food,Object_06506
Flammable,Object_01270
Food,Object_00978
Pressurized,Object_03553
Oxidizing,Object_12711
Pressurized,Object_07702
Toxic,Object_02814
Explosive,Object_07457
Unspecified,Object_09558
Food,Object_10981
Radioactive,Object_00081
Flammable,Object_04823
Explosive,Object_00428
Pressurized,Object_04537
Radioactive,Object_08966
Explosive,Object_13374
Unspecified,Object_05373
Pressurized,Object_15145
Explosive,Object_03535
Corrosive,Object_06446
Toxic,Object_03287
Explosive,Object_13944
Unspecified,Object_04839
Pressurized,Object_14780
Fragile,Object_14712
Flammable,Object_13725
Unspecified,Object_09933
Flammable,Object_08562
Pressurized,Object_02140
Food,Object_14893
Radioactive,Object_04552
Unspecified,Object_12820
Food,Object_04812
Radioactive,Object_10185
Explosive,Object_12815
Corrosive,Object_11018
Flammable,Object_07216
Pressurized,Object_08187
Oxidizing,Object_05414
Fragile,Object_07129
Corrosive,Object_02811
Corrosive,Object_11766
Fragile,Object_09752
Corrosive,Object_01521
Unspecified,Object_00158
Unspecified,Object_01436
Unspecified,Object_02417
Fragile,Object_07465
Explosive,Object_10833
Toxic,Object_14344
Explosive,Object_13763
Oxidizing,Object_00297
Unspecified,Object_12055
Fragile,Object_01803
Toxic,Object_03616
Pressurized,Object_04332
Oxidizing,Object_01187
Food,Object_01407
Explosive,Object_01064
Pressurized,Object_06961
Unspecified,Object_02463
Toxic,Object_07225
Fragile,Object_06561
Toxic,Object_01403
Unspecified,Object_07665
Explosive,Object_05433
Explosive,Object_05795
Pressurized,Object_06388
Fragile,Object_10579
Corrosive,Object_07953
Explosive,Object_09861
Unspecified,Object_04275
Unspecified,Object_05995
Radioactive,Object_04456
Unspecified,Object_10655
Explosive,Object_03777
Radioactive,Object_01464
Radioactive,Object_11802
Oxidizing,Object_03448
Unspecified,Object_09591
Fragile,Object_14620
Corrosive,Object_04527
Corrosive,Object_03780
Unspecified,Object_02018
Fragile,Object_03865
Unspecified,Object_14009
Food,Object_09514
Corrosive,Object_09965
Corrosive,Object_13546
Fragile,Object_06400
Corrosive,Object_01157
Explosive,Object_07870
Unspecified,Object_04376
Corrosive,Object_04404
Flammable,Object_14964
Toxic,Object_11879
Fragile,Object_00540
Food,Object_04879
Food,Object_05036
Unspecified,Object_04901
Radioactive,Object_05076
Fragile,Object_12082
Oxidizing,Object_02072
Corrosive,Object_07685
Food,Object_00513
Pressurized,Object_07560
Explosive,Object_01456
Flammable,Object_09656
Explosive,Object_12783
Explosive,Object_07625
Oxidizing,Object_07437
Fragile,Object_12665
Oxidizing,Object_02340
Explosive,Object_09595
Toxic,Object_02838
Radioactive,Object_05020
Corrosive,Object_11227
Pressurized,Object_07862
Pressurized,Object_05604
Toxic,Object_02349
Radioactive,Object_06321
Explosive,Object_00186
Unspecified,Object_08220
Oxidizing,Object_11626
Toxic,Object_05610
Explosive,Object_09540
Food,Object_03152
Fragile,Object_08198
Pressurized,Object_12308
Pressurized,Object_10836
Fragile,Object_00674
Explosive,Object_14333
Flammable,Object_00442
Toxic,Object_03924
Radioactive,Object_14685
Oxidizing,Object_02270
Fragile,Object_05457
Explosive,Object_00927
Toxic,Object_04572
Flammable,Object_08269
Pressurized,Object_10440
Radioactive,Object_06971
Food,Object_04930
Radioactive,Object_00781
Oxidizing,Object_07564
Unspecified,Object_12823
Unspecified,Object_12105
Food,Object_05783
Flammable,Object_09543
Pressurized,Object_03163
Pressurized,Object_00161
Toxic,Object_03107
Explosive,Object_11611
Explosive,Object_07637
Pressurized,Object_09286
Unspecified,Object_13952
Flammable,Object_06009
Pressurized,Object_02920
Flammable,Object_04895
Oxidizing,Object_04217
Corrosive,Object_00195
Unspecified,Object_13412
Radioactive,Object_03496
Toxic,Object_12240
Food,Object_11029
Oxidizing,Object_06415
Fragile,Object_14338
Toxic,Object_04283
Flammable,Object_14992
Flammable,Object_09523
Flammable,Object_01426
Corrosive,Object_00551
Unspecified,Object_03822
Toxic,Object_04589
Explosive,Object_00307
Explosive,Object_10293
Explosive,Object_02705
Radioactive,Object_04129
Food,Object_03175
Fragile,Object_09931
Toxic,Object_02744
Fragile,Object_03251
Fragile,Object_09892
Radioactive,Object_14703
Flammable,Object_05589
Toxic,Object_02226
Toxic,Object_10217
Unspecified,Object_07306
Food,Object_09048
Explosive,Object_11374
Pressurized,Object_04619
Pressurized,Object_13543
Pressurized,Object_11838
Food,Object_05472
Toxic,Object_02130
Oxidizing,Object_13670
Pressurized,Object_06397
Radioactive,Object_02674
Pressurized,Object_09009
Explosive,Object_13507
Flammable,Object_00290
Radioactive,Object_02841
Fragile,Object_02875
Fragile,Object_11200
Corrosive,Object_02385
Radioactive,Object_06999
Unspecified,Object_14212
Explosive,Object_07830
Explosive,Object_11694
Radioactive,Object_02623
Flammable,Object_14526
Oxidizing,Object_10538
Radioactive,Object_14721
Pressurized,Object_02843
Oxidizing,Object_10980
Oxidizing,Object_02777
Toxic,Object_09735
Flammable,Object_12010
Unspecified,Object_05243
Explosive,Object_04389
Fragile,Object_03970
Flammable,Object_12282
Unspecified,Object_02574
Explosive,Object_01200
Food,Object_09863
Oxidizing,Object_02589
Radioactive,Object_06867
Flammable,Object_12979
Flammable,Object_09999
Toxic,Object_13063
Food,Object_04163
Pressurized,Object_12437
Explosive,Object_14901
Oxidizing,Object_02292
Explosive,Object_08270
Explosive,Object_13052
Toxic,Object_14597
Fragile,Object_14551
Flammable,Object_00470
Oxidizing,Object_09533
Radioactive,Object_03490
Unspecified,Object_05673
Pressurized,Object_08168
Corrosive,Object_10210
Radioactive,Object_11269
Explosive,Object_07446
Unspecified,Object_07085
Flammable,Object_04268
Food,Object_14619
Unspecified,Object_14218
Oxidizing,Object_02411
Oxidizing,Object_09195
Fragile,Object_04239
Flammable,Object_00934
Explosive,Object_07981
Oxidizing,Object_11043
Corrosive,Object_11259
Pressurized,Object_04074
Toxic,Object_01279
Corrosive,Object_14615
Explosive,Object_06012
Oxidizing,Object_13357
Flammable,Object_08469
Unspecified,Object_05676
Food,Object_01657
Toxic,Object_07378
Fragile,Object_02551
Radioactive,Object_03573
Oxidizing,Object_04347
Pressurized,Object_03426
Toxic,Object_04598
Fragile,Object_03046
Toxic,Object_05641
Explosive,Object_11361
Explosive,Object_11785
Pressurized,Object_09032
Pressurized,Object_09494
Oxidizing,Object_03278
Pressurized,Object_01704
Toxic,Object_03451
Pressurized,Object_06614
Unspecified,Object_05979
Fragile,Object_04223
Food,Object_10986
Food,Object_05350
Fragile,Object_00892
Fragile,Object_14659
Toxic,Object_13928
Explosive,Object_11621
Oxidizing,Object_06931
Fragile,Object_14894
Radioactive,Object_13801
Explosive,Object_13449
Explosive,Object_11980
Flammable,Object_03293
Unspecified,Object_10424
Pressurized,Object_10713
Flammable,Object_14733
Unspecified,Object_08504
Fragile,Object_11198
Fragile,Object_11650
Pressurized,Object_05875
Unspecified,Object_14746
Toxic,Object_08419
Oxidizing,Object_05130
Pressurized,Object_12498
Radioactive,Object_12825
Corrosive,Object_11267
Food,Object_12676
Oxidizing,Object_14158
Unspecified,Object_13143
Corrosive,Object_09101
Pressurized,Object_04687
Explosive,Object_06663
Explosive,Object_08069
Radioactive,Object_05094
Unspecified,Object_10107
Oxidizing,Object_06749
Fragile,Object_15084
Flammable,Object_08081
Radioactive,Object_05363
Flammable,Object_06509
Toxic,Object_13134
Pressurized,Object_05245
Food,Object_05399
Flammable,Object_14911
Food,Object_00912
Unspecified,Object_05809
Flammable,Object_11556
Corrosive,Object_08863
Corrosive,Object_01698
Explosive,Object_02923
Unspecified,Object_04944
Corrosive,Object_06707
Food,Object_15045
Radioactive,Object_00283
Radioactive,Object_10490
Explosive,Object_10727
Fragile,Object_08659
Radioactive,Object_11530
Corrosive,Object_01308
Radioactive,Object_04846
Unspecified,Object_07491
Oxidizing,Object_07690
Oxidizing,Object_00368
Radioactive,Object_14554
Unspecified,Object_10956
Unspecified,Object_04391
Toxic,Object_01373
Radioactive,Object_13789
Corrosive,Object_10101
Corrosive,Object_03151
Toxic,Object_09840
Radioactive,Object_13961
Toxic,Object_12210
Pressurized,Object_04989
Flammable,Object_09457
Fragile,Object_03870
Food,Object_03689
Toxic,Object_13813
Unspecified,Object_00705
Corrosive,Object_05522
Radioactive,Object_07320
Pressurized,Object_11533
Oxidizing,Object_12848
Fragile,Object_08172
Corrosive,Object_01849
Oxidizing,Object_04256
Unspecified,Object_04405
Radioactive,Object_03530
Corrosive,Object_08759
Explosive,Object_05688
Corrosive,Object_08664
Flammable,Object_00667
Pressurized,Object_03742
Explosive,Object_11516
Unspecified,Object_01831
Pressurized,Object_04020
Explosive,Object_12177
Fragile,Object_09378
Oxidizing,Object_11932
Food,Object_04276
Flammable,Object_00999
Food,Object_03412
Corrosive,Object_13161
Toxic,Object_13055
Toxic,Object_08797
Unspecified,Object_02818
Toxic,Object_10435
Food,Object_09374
Fragile,Object_06461
Unspecified,Object_06237
Unspecified,Object_01712
Corrosive,Object_07984
Flammable,Object_06861
Fragile,Object_12416
Corrosive,Object_12696
Toxic,Object_14168
Flammable,Object_06014
Food,Object_11951
Radioactive,Object_02844
Radioactive,Object_11322
Pressurized,Object_08073
Oxidizing,Object_10721
Food,Object_14935
Pressurized,Object_05854
Food,Object_12521
Food,Object_14945
Food,Object_11429
Pressurized,Object_05324
Unspecified,Object_10577
Food,Object_01140
Unspecified,Object_02564
Explosive,Object_11339
Corrosive,Object_14223
Flammable,Object_03093
Toxic,Object_13959
Fragile,Object_04047
Corrosive,Object_07898
Unspecified,Object_01581
Unspecified,Object_11448
Food,Object_02049
Toxic,Object_14689
Food,Object_01494
Pressurized,Object_10466
Corrosive,Object_11762
Oxidizing,Object_13898
Toxic,Object_06477
Toxic,Object_05653
Food,Object_11469
Flammable,Object_13313
Explosive,Object_05917
Explosive,Object_11719
Pressurized,Object_09811
Radioactive,Object_11501
Corrosive,Object_00051
Explosive,Object_08568
Pressurized,Object_02094
Corrosive,Object_02797
Toxic,Object_01560
Flammable,Object_07513
Pressurized,Object_02939
Pressurized,Object_10349
Flammable,Object_14652
Fragile,Object_12703
Oxidizing,Object_00175
Explosive,Object_10486
Oxidizing,Object_02721
Toxic,Object_04630
Flammable,Object_11462
Explosive,Object_12402
Toxic,Object_07011
Flammable,Object_06716
Explosive,Object_05532
Pressurized,Object_12135
Fragile,Object_10958
Pressurized,Object_01707
Oxidizing,Object_01069
Pressurized,Object_10690
Explosive,Object_12226
Radioactive,Object_15014
Toxic,Object_02501
Fragile,Object_06488
Toxic,Object_02663
Unspecified,Object_08113
Pressurized,Object_12312
Explosive,Object_10912
Oxidizing,Object_11202
Food,Object_01938
Corrosive,Object_14465
Food,Object_07031
Explosive,Object_12091
Fragile,Object_00608
Flammable,Object_13803
Oxidizing,Object_01533
Toxic,Object_06868
Corrosive,Object_12101
Corrosive,Object_14968
Explosive,Object_14440
Oxidizing,Object_10125
Food,Object_13062
Corrosive,Object_04160
Flammable,Object_01779
Flammable,Object_05026
Unspecified,Object_00350
Fragile,Object_12029
Fragile,Object_11756
Food,Object_13508
Explosive,Object_02048
Pressurized,Object_02077
Unspecified,Object_13555
Food,Object_03458
Oxidizing,Object_05800
Unspecified,Object_09682
Pressurized,Object_04249
Radioactive,Object_10307
Fragile,Object_01580
Food,Object_07172
Food,Object_15134
Flammable,Object_06927
Corrosive,Object_01763
Toxic,Object_03877
Food,Object_11991
Flammable,Object_13044
Flammable,Object_12187
Unspecified,Object_03114
Food,Object_11791
Toxic,Object_06177
Oxidizing,Object_04487
Radioactive,Object_05867
Radioactive,Object_04863
Unspecified,Object_13590
Corrosive,Object_12882
Oxidizing,Object_04056
Oxidizing,Object_03307
Fragile,Object_07852
Flammable,Object_09575
Oxidizing,Object_15140
Food,Object_11111
Toxic,Object_02064
Radioactive,Object_03298
Radioactive,Object_05023
Explosive,Object_08757
Explosive,Object_14543
Pressurized,Object_14379
Flammable,Object_10438
Toxic,Object_08969
Oxidizing,Object_14889
Oxidizing,Object_03201
Radioactive,Object_07495
Unspecified,Object_11739
Fragile,Object_01184
Corrosive,Object_06948
Radioactive,Object_00001
Explosive,Object_04819
Flammable,Object_04516
Corrosive,Object_09359
Food,Object_04473
Pressurized,Object_11343
Unspecified,Object_07204
Flammable,Object_06686
Unspecified,Object_13967
Corrosive,Object_04409
Explosive,Object_06802
Food,Object_09257
Fragile,Object_08478
Flammable,Object_06887
Corrosive,Object_11952
Unspecified,Object_03934
Unspecified,Object_10069
Oxidizing,Object_04669
Unspecified,Object_14025
Corrosive,Object_03378
Fragile,Object_00181
Toxic,Object_04531
Corrosive,Object_04636
Corrosive,Object_11907
Fragile,Object_04032
Explosive,Object_09636
Oxidizing,Object_06054
Oxidizing,Object_14390
Pressurized,Object_09244
Oxidizing,Object_01787
Toxic,Object_11331
Pressurized,Object_14818
Pressurized,Object_13707
Oxidizing,Object_08987
Toxic,Object_01555
Explosive,Object_04642
Pressurized,Object_10642
Explosive,Object_07951
Corrosive,Object_06667
Explosive,Object_07730
Unspecified,Object_11107
Corrosive,Object_06481
Radioactive,Object_11190
Explosive,Object_08442
Radioactive,Object_00225
Pressurized,Object_06878
Flammable,Object_01391
Flammable,Object_06994
Toxic,Object_02992
Radioactive,Object_02773
Food,Object_02987
Fragile,Object_05439
Flammable,Object_12326
Radioactive,Object_10970
Fragile,Object_14752
Oxidizing,Object_00740
Explosive,Object_08384
Flammable,Object_07639
Unspecified,Object_13200
Food,Object_11168
Food,Object_00732
Unspecified,Object_00916
Toxic,Object_05587
Unspecified,Object_03910
Unspecified,Object_04647
Fragile,Object_13375
Flammable,Object_02335
Flammable,Object_12315
Radioactive,Object_01113
Food,Object_07157
Flammable,Object_14662
Pressurized,Object_11312
Pressurized,Object_06952
Oxidizing,Object_08460
Toxic,Object_14159
Food,Object_00033
Food,Object_03377
Pressurized,Object_09052
Pressurized,Object_04164
Unspecified,Object_14715
Pressurized,Object_14807
Fragile,Object_12364
Corrosive,Object_09948
Flammable,Object_08455
Pressurized,Object_04148
Corrosive,Object_00985
Unspecified,Object_01627
Explosive,Object_12625
Unspecified,Object_13954
Corrosive,Object_14145
Unspecified,Object_12362
Unspecified,Object_13350
Unspecified,Object_04042
Corrosive,Object_04926
Fragile,Object_05397
Fragile,Object_06799
Corrosive,Object_14940
Fragile,Object_14071
Fragile,Object_11971
Explosive,Object_13822
Oxidizing,Object_00189
Fragile,Object_07758
Toxic,Object_02508
Flammable,Object_08403
Unspecified,Object_11764
Pressurized,Object_07645
Food,Object_03774
Radioactive,Object_13790
Fragile,Object_11653
Radioactive,Object_06755
Corrosive,Object_04509
Toxic,Object_01860
Pressurized,Object_13064
Food,Object_07503
Flammable,Object_10627
Radioactive,Object_06776
Unspecified,Object_05671
Food,Object_14681
Pressurized,Object_11420
Oxidizing,Object_02399
Oxidizing,Object_15157
Radioactive,Object_13630
Pressurized,Object_01749
Corrosive,Object_00620
Food,Object_11786
Pressurized,Object_14966
Pressurized,Object_00814
Toxic,Object_08537
Fragile,Object_13892
Fragile,Object_01619
Corrosive,Object_03168
Unspecified,Object_11995
Toxic,Object_01826
Radioactive,Object_01159
Oxidizing,Object_00061
Fragile,Object_01689
Food,Object_07812
Radioactive,Object_12953
Food,Object_13194
Oxidizing,Object_04714
Explosive,Object_02017
Flammable,Object_10805
Radioactive,Object_13938
Oxidizing,Object_12281
Unspecified,Object_08736
Fragile,Object_13311
Unspecified,Object_05423
Food,Object_06036
Pressurized,Object_06120
Pressurized,Object_04919
Oxidizing,Object_07791
Radioactive,Object_03253
Unspecified,Object_03600
Radioactive,Object_10077
Fragile,Object_03808
Radioactive,Object_13189
Oxidizing,Object_06323
Radioactive,Object_13248
Fragile,Object_12883
Flammable,Object_01859
Fragile,Object_08102
Radioactive,Object_01972
Food,Object_09974
Unspecified,Object_03660
Unspecified,Object_13608
Unspecified,Object_13464
Toxic,Object_06260
Explosive,Object_04547
Radioactive,Object_12372
Unspecified,Object_07788
Pressurized,Object_00130
Unspecified,Object_11526
Oxidizing,Object_08310
Food,Object_09212
Oxidizing,Object_06352
Toxic,Object_12393
Food,Object_10935
Corrosive,Object_04770
Unspecified,Object_14197
Radioactive,Object_08020
Food,Object_02081
Flammable,Object_13456
Unspecified,Object_14653
Unspecified,Object_07552
Toxic,Object_11103
Explosive,Object_04151
Corrosive,Object_10610
Unspecified,Object_03511
Oxidizing,Object_00106
Radioactive,Object_13209
Corrosive,Object_01778
Radioactive,Object_05329
Explosive,Object_10989
Corrosive,Object_10103
Unspecified,Object_09515
Food,Object_12806
Oxidizing,Object_04932
Pressurized,Object_00816
Radioactive,Object_00214
Flammable,Object_04416
Pressurized,Object_11053
Corrosive,Object_01936
Flammable,Object_03595
Radioactive,Object_09035
Pressurized,Object_08493
Toxic,Object_13237
Unspecified,Object_00392
Flammable,Object_13517
Explosive,Object_07927
Explosive,Object_06877
Flammable,Object_11783
Fragile,Object_06151
Explosive,Object_11402
Corrosive,Object_08733
Toxic,Object_07979
Flammable,Object_14271
Unspecified,Object_09626
Unspecified,Object_08258
Toxic,Object_05757
Flammable,Object_07588
Oxidizing,Object_07414
Explosive,Object_10607
Oxidizing,Object_00354
Radioactive,Object_14257
Pressurized,Object_01304
Unspecified,Object_14763
Corrosive,Object_12334
Fragile,Object_00825
Flammable,Object_03306
Unspecified,Object_09740
Corrosive,Object_03636
Oxidizing,Object_11759
Oxidizing,Object_08943
Explosive,Object_02432
Explosive,Object_09945
Fragile,Object_07796
Corrosive,Object_06079
Toxic,Object_04264
Pressurized,Object_04370
Toxic,Object_08123
Toxic,Object_03429
Toxic,Object_08264
Fragile,Object_11851
Pressurized,Object_08304
Corrosive,Object_14673
Flammable,Object_07549
Radioactive,Object_12069
Explosive,Object_04084
Toxic,Object_07654
Radioactive,Object_01571
Explosive,Object_08040
Oxidizing,Object_15075
Flammable,Object_05560
Flammable,Object_06653
Fragile,Object_13152
Flammable,Object_05090
Oxidizing,Object_00148
Pressurized,Object_11795
Oxidizing,Object_08057
Explosive,Object_12852
Unspecified,Object_13736
Unspecified,Object_01974
Fragile,Object_12645
Fragile,Object_04961
Fragile,Object_00468
Unspecified,Object_13101
Corrosive,Object_10537
Oxidizing,Object_11677
Flammable,Object_06273
Radioactive,Object_00686
Toxic,Object_07364
Radioactive,Object_08241
Unspecified,Object_13092
Oxidizing,Object_05618
Flammable,Object_06783
Pressurized,Object_06819
Explosive,Object_06495
Corrosive,Object_10091
Radioactive,Object_11532
Radioactive,Object_08219
Fragile,Object_09105
Oxidizing,Object_05999
Food,Object_03355
Toxic,Object_02390
Radioactive,Object_09033
Oxidizing,Object_04804
Corrosive,Object_11864
Toxic,Object_08681
Pressurized,Object_09136
Pressurized,Object_10999
Flammable,Object_00709
Fragile,Object_09439
Oxidizing,Object_14476
Oxidizing,Object_09122
Pressurized,Object_02326
Food,Object_03019
Food,Object_06068
Food,Object_09380
Explosive,Object_14991
Flammable,Object_02448
Explosive,Object_04076
Flammable,Object_00920
Radioactive,Object_03920
Food,Object_01876
Flammable,Object_04250
Toxic,Object_00924
Food,Object_11108
Unspecified,Object_12495
Food,Object_13930
Food,Object_05686
Corrosive,Object_04620
Fragile,Object_01118
Corrosive,Object_02566
Fragile,Object_11195
Fragile,Object_00988
Pressurized,Object_07958
Unspecified,Object_03332
Toxic,Object_13889
Explosive,Object_02846
Toxic,Object_11552
Flammable,Object_15113
Radioactive,Object_04802
Flammable,Object_13122
Explosive,Object_05346
Corrosive,Object_08416
Oxidizing,Object_03987
Pressurized,Object_03212
Oxidizing,Object_01109
Flammable,Object_06543
Pressurized,Object_08673
Oxidizing,Object_05338
Explosive,Object_08482
Toxic,Object_03346
Fragile,Object_06201
Toxic,Object_13346
Pressurized,Object_11477
Pressurized,Object_02455
Pressurized,Object_07851
Oxidizing,Object_11950
Fragile,Object_14451
Explosive,Object_09829
Explosive,Object_05385
Explosive,Object_08328
Pressurized,Object_03648
Unspecified,Object_13921
Radioactive,Object_14627
Explosive,Object_07162
Unspecified,Object_12008
Fragile,Object_12219
Oxidizing,Object_13640
Pressurized,Object_00418
Radioactive,Object_08231
Food,Object_02613
Food,Object_10758
Flammable,Object_07622
Flammable,Object_14971
Oxidizing,Object_05791
Flammable,Object_11320
Corrosive,Object_00415
Flammable,Object_11725
Pressurized,Object_01576
Radioactive,Object_08175
Food,Object_00109
Pressurized,Object_10911
Oxidizing,Object_15026
Explosive,Object_01197
Radioactive,Object_08453
Toxic,Object_04870
Fragile,Object_11389
Oxidizing,Object_07435
Corrosive,Object_08359
Fragile,Object_10239
Corrosive,Object_06702
Oxidizing,Object_05933
Unspecified,Object_03560
Fragile,Object_09001
Explosive,Object_06280
Pressurized,Object_12926
Toxic,Object_14289
Explosive,Object_12729
Oxidizing,Object_11240
Oxidizing,Object_12796
Explosive,Object_08808
Unspecified,Object_13083
Toxic,Object_00891
Corrosive,Object_10814
Radioactive,Object_05626
Corrosive,Object_05066
Radioactive,Object_07045
Oxidizing,Object_03338
Flammable,Object_10636
Toxic,Object_04519
Pressurized,Object_08782
Pressurized,Object_08024
Radioactive,Object_07053
Toxic,Object_00174
Radioactive,Object_13160
Toxic,Object_01432
Pressurized,Object_10085
Explosive,Object_09385
Unspecified,Object_10089
Radioactive,Object_04835
Corrosive,Object_05715
Food,Object_04102
Unspecified,Object_03809
Pressurized,Object_11651
Food,Object_13743
Corrosive,Object_11541
Pressurized,Object_07944
Pressurized,Object_07035
Toxic,Object_04136
Radioactive,Object_06233
Pressurized,Object_13171
Oxidizing,Object_05664
Oxidizing,Object_07864
Corrosive,Object_02593
Explosive,Object_01760
Explosive,Object_03541
Radioactive,Object_08547
Flammable,Object_02486
Unspecified,Object_06247
Pressurized,Object_07211
Pressurized,Object_01682
Toxic,Object_00296
Explosive,Object_02792
Unspecified,Object_08707
Toxic,Object_14846
Pressurized,Object_12516
Fragile,Object_01726
Food,Object_01686
Food,Object_14647
Corrosive,Object_08550
Corrosive,Object_09403
Food,Object_00535
Food,Object_14500
Food,Object_06038
Explosive,Object_10817
Pressurized,Object_06154
Fragile,Object_02196
Explosive,Object_06522
Explosive,Object_01967
Corrosive,Object_05073
Radioactive,Object_10568
Pressurized,Object_08824
Explosive,Object_11149
Pressurized,Object_05012
Radioactive,Object_10153
Pressurized,Object_03881
Flammable,Object_03834
Flammable,Object_09473
Oxidizing,Object_03342
Fragile,Object_00583
Unspecified,Object_07089
Pressurized,Object_05028
Explosive,Object_01368
Oxidizing,Object_01922
Explosive,Object_02848
Radioactive,Object_11319
Fragile,Object_14805
Fragile,Object_10104
Radioactive,Object_06296
Fragile,Object_09161
Fragile,Object_10928
Explosive,Object_03148
Oxidizing,Object_14008
Corrosive,Object_08421
Food,Object_07705
Corrosive,Object_11137
Toxic,Object_01112
Food,Object_13722
Oxidizing,Object_09353
Explosive,Object_06102
Oxidizing,Object_12764
Fragile,Object_05289
Oxidizing,Object_09407
Unspecified,Object_08836
Oxidizing,Object_13793
Unspecified,Object_06798
Food,Object_07009
Pressurized,Object_00549
Corrosive,Object_00908
Toxic,Object_08242
Radioactive,Object_10062
Toxic,Object_10106
Fragile,Object_09108
Pressurized,Object_06830
Toxic,Object_02999
Radioactive,Object_03873
Flammable,Object_05573
Flammable,Object_09319
Radioactive,Object_03247
Explosive,Object_12363
Food,Object_11399
Food,Object_12939
Oxidizing,Object_14424
Explosive,Object_01808
Pressurized,Object_11256
Toxic,Object_00931
Radioactive,Object_14764
Toxic,Object_14349
Explosive,Object_05410
Toxic,Object_06666
Pressurized,Object_14000
Fragile,Object_09757
Flammable,Object_03216
Radioactive,Object_15057
Fragile,Object_04776
Food,Object_07215
Pressurized,Object_07043
Toxic,Object_05384
Corrosive,Object_02624
Pressurized,Object_07542
Fragile,Object_10858
Corrosive,Object_07361
Unspecified,Object_12063
Radioactive,Object_14172
Fragile,Object_12046
Flammable,Object_06917
Toxic,Object_05016
Unspecified,Object_12158
Explosive,Object_04462
Fragile,Object_10677
Toxic,Object_06648
Corrosive,Object_08895
Fragile,Object_07330
Radioactive,Object_10149
Flammable,Object_04089
Flammable,Object_07383
Fragile,Object_14572
Corrosive,Object_08475
Food,Object_13846
Pressurized,Object_07659
Toxic,Object_13130
Toxic,Object_01035
Pressurized,Object_13210
Fragile,Object_14598
Corrosive,Object_09972
Corrosive,Object_12674
Radioactive,Object_07176
Explosive,Object_14783
Explosive,Object_00829
Pressurized,Object_02936
Toxic,Object_09920
Flammable,Object_08036
Corrosive,Object_10856
Food,Object_11146
Oxidizing,Object_14634
Unspecified,Object_10249
Explosive,Object_10816
Radioactive,Object_05235
Toxic,Object_07968
Corrosive,Object_02827
Corrosive,Object_12333
Oxidizing,Object_00371
Oxidizing,Object_13321
Flammable,Object_09530
Fragile,Object_08545
Radioactive,Object_11751
Radioactive,Object_05749
Flammable,Object_01943
Flammable,Object_11617
Corrosive,Object_13587
Toxic,Object_07949
Oxidizing,Object_10448
Radioactive,Object_00353
Radioactive,Object_14626
Unspecified,Object_09755
Oxidizing,Object_09317
Food,Object_00249
Radioactive,Object_11304
Fragile,Object_05059
Toxic,Object_13903
Oxidizing,Object_02022
Food,Object_00752
Corrosive,Object_06115
Toxic,Object_13247
Corrosive,Object_06303
Toxic,Object_06827
Flammable,Object_01515
Flammable,Object_01679
Explosive,Object_03294
Flammable,Object_10678
Food,Object_14275
Food,Object_01447
Pressurized,Object_06969
Flammable,Object_13147
Food,Object_14320
Radioactive,Object_06006
Unspecified,Object_02961
Explosive,Object_00630
Food,Object_06965
Explosive,Object_02908
Unspecified,Object_13991
Food,Object_05298
Corrosive,Object_04342
Unspecified,Object_06989
Explosive,Object_06590
Food,Object_04340
Flammable,Object_11693
Flammable,Object_03337
Explosive,Object_05652
Radioactive,Object_00802
Oxidizing,Object_00474
Fragile,Object_15112
Corrosive,Object_13175
Flammable,Object_04605
Flammable,Object_00682
Pressurized,Object_08622
Flammable,Object_09093
Flammable,Object_10973
Fragile,Object_05396
Flammable,Object_05001
Food,Object_04375
Explosive,Object_08678
Flammable,Object_00968
Oxidizing,Object_05121
Unspecified,Object_07258
Toxic,Object_05381
Unspecified,Object_07245
Unspecified,Object_12771
Fragile,Object_12545
Corrosive,Object_11964
Fragile,Object_03755
Flammable,Object_05629
Oxidizing,Object_10152
Toxic,Object_01128
Corrosive,Object_03016
Pressurized,Object_12410
Radioactive,Object_08259
Unspecified,Object_03775
Fragile,Object_10592
Food,Object_12900
Toxic,Object_09486
Oxidizing,Object_10826
Corrosive,Object_06504
Oxidizing,Object_05808
Flammable,Object_10998
Flammable,Object_04820
Corrosive,Object_05668
Oxidizing,Object_10095
Radioactive,Object_13322
Corrosive,Object_09160
Oxidizing,Object_00875
Fragile,Object_03024
Radioactive,Object_01092
Radioactive,Object_12291
Food,Object_07388
Pressurized,Object_09858
Pressurized,Object_07375
Oxidizing,Object_10807
Unspecified,Object_08512
Explosive,Object_06501
Corrosive,Object_08341
Unspecified,Object_13728
Corrosive,Object_12969
Corrosive,Object_13886
Pressurized,Object_06662
Flammable,Object_07577
Flammable,Object_01280
Radioactive,Object_01443
Explosive,Object_15006
Radioactive,Object_10375
Explosive,Object_11122
Unspecified,Object_03076
Unspecified,Object_05504
Corrosive,Object_02955
Flammable,Object_13780
Oxidizing,Object_02845
Food,Object_12538
Flammable,Object_09256
Pressurized,Object_10927
Corrosive,Object_04758
Explosive,Object_14959
Flammable,Object_12072
Flammable,Object_05882
Toxic,Object_04911
Toxic,Object_04533
Radioactive,Object_01002
Radioactive,Object_02970
Fragile,Object_13894
Food,Object_07524
Radioactive,Object_04476
Corrosive,Object_15022
Pressurized,Object_10148
Radioactive,Object_02979
Flammable,Object_10192
Food,Object_06772
Food,Object_04567
Oxidizing,Object_08185
Radioactive,Object_08199
Oxidizing,Object_10697
Food,Object_03446
Oxidizing,Object_01837
Food,Object_11410
Corrosive,Object_10270
Flammable,Object_04482
Flammable,Object_08560
Food,Object_04110
Toxic,Object_00805
Explosive,Object_13833
Fragile,Object_12093
Food,Object_00305
Fragile,Object_01379
Explosive,Object_06912
Food,Object_10850
Food,Object_04826
Pressurized,Object_00491
Unspecified,Object_11085
Pressurized,Object_11140
Food,Object_09044
Explosive,Object_05703
Oxidizing,Object_00220
Radioactive,Object_12504
Oxidizing,Object_04299
Pressurized,Object_07125
Flammable,Object_09398
Toxic,Object_09047
Toxic,Object_09020
Pressurized,Object_14016
Food,Object_10728
Explosive,Object_10338
Explosive,Object_01603
Flammable,Object_01171
Explosive,Object_05118
Unspecified,Object_07971
Toxic,Object_12989
Pressurized,Object_08031
Fragile,Object_14123
Oxidizing,Object_09217
Food,Object_12488
Pressurized,Object_14179
Food,Object_11643
Fragile,Object_08197
Oxidizing,Object_09447
Pressurized,Object_01868
Explosive,Object_00040
Corrosive,Object_10952
Flammable,Object_03324
Flammable,Object_01681
Pressurized,Object_01344
Oxidizing,Object_06308
Explosive,Object_01449
Radioactive,Object_08861
Oxidizing,Object_09434
Pressurized,Object_05605
Radioactive,Object_15095
Radioactive,Object_02974
Radioactive,Object_06951
Fragile,Object_10353
Fragile,Object_13767
Radioactive,Object_01776
Food,Object_03181
Flammable,Object_01306
Fragile,Object_10583
Pressurized,Object_10447
Oxidizing,Object_09134
Explosive,Object_11998
Flammable,Object_00831
Corrosive,Object_10221
Unspecified,Object_09320
Food,Object_14102
Food,Object_13626
Unspecified,Object_02751
Oxidizing,Object_12600
Radioactive,Object_03688
Explosive,Object_01918
Flammable,Object_13258
Unspecified,Object_14736
Flammable,Object_01087
Explosive,Object_05755
Radioactive,Object_03692
Flammable,Object_08879
Food,Object_08612
Explosive,Object_07149
Oxidizing,Object_05927
Toxic,Object_00507
Toxic,Object_08170
Fragile,Object_13243
Radioactive,Object_04921
Explosive,Object_11886
Fragile,Object_10167
Unspecified,Object_06572
Food,Object_12918
Fragile,Object_09765
Corrosive,Object_12482
Fragile,Object_07811
Radioactive,Object_06338
Pressurized,Object_10542
Explosive,Object_07166
Food,Object_00457
Corrosive,Object_00582
Toxic,Object_05906
Flammable,Object_04152
Food,Object_11819
Oxidizing,Object_01422
Flammable,Object_04378
Oxidizing,Object_12916
Food,Object_11698
Food,Object_11550
Toxic,Object_09287
Explosive,Object_10947
Oxidizing,Object_10481
Food,Object_08399
Food,Object_04817
Oxidizing,Object_07415
Flammable,Object_15050
Corrosive,Object_08157
Fragile,Object_10414
Corrosive,Object_05158
Flammable,Object_02689
Explosive,Object_15021
Unspecified,Object_09768
Corrosive,Object_01890
Oxidizing,Object_01329
Pressurized,Object_08358
Radioactive,Object_12491
Pressurized,Object_00619
Food,Object_03283
Toxic,Object_10772
Corrosive,Object_02872
Radioactive,Object_12719
Unspecified,Object_02168
Fragile,Object_05482
Explosive,Object_06997
Food,Object_03760
Food,Object_00352
Oxidizing,Object_11280
Corrosive,Object_06834
Oxidizing,Object_08902
Pressurized,Object_10862
Oxidizing,Object_08687
Flammable,Object_03931
Explosive,Object_11457
Food,Object_00883
Toxic,Object_12194
Corrosive,Object_04967
Oxidizing,Object_02355
Pressurized,Object_08766
Oxidizing,Object_05204
Toxic,Object_12509
Food,Object_12998
Food,Object_09469
Explosive,Object_10035
Radioactive,Object_13971
Explosive,Object_10626
Flammable,Object_09224
Oxidizing,Object_14951
Fragile,Object_05084
Toxic,Object_09153
Explosive,Object_06700
Fragile,Object_04671
Fragile,Object_06271
Fragile,Object_02542
Flammable,Object_12162
Unspecified,Object_12174
Food,Object_11191
Flammable,Object_00226
Flammable,Object_03087
Fragile,Object_14454
Radioactive,Object_00866
Oxidizing,Object_06334
Radioactive,Object_14040
Pressurized,Object_08559
Fragile,Object_03121
Fragile,Object_13421
Flammable,Object_06829
Pressurized,Object_08875
Toxic,Object_03000
Oxidizing,Object_12948
Unspecified,Object_00726
Flammable,Object_14809
Explosive,Object_07610
Corrosive,Object_07269
Oxidizing,Object_07822
Oxidizing,Object_12759
Corrosive,Object_11997
Oxidizing,Object_00397
Flammable,Object_11129
Toxic,Object_04454
Toxic,Object_07819
Explosive,Object_05759
Corrosive,Object_06507
Unspecified,Object_02205
Pressurized,Object_08886
Radioactive,Object_10200
Toxic,Object_01843
Corrosive,Object_06588
Pressurized,Object_04191
Unspecified,Object_12641
Radioactive,Object_06896
Pressurized,Object_06665
Corrosive,Object_07028
Explosive,Object_05188
Pressurized,Object_05985
Corrosive,Object_01061
Oxidizing,Object_02897
Unspecified,Object_05002
Explosive,Object_02074
Unspecified,Object_02554
Toxic,Object_01685
Fragile,Object_08602
Fragile,Object_03794
Unspecified,Object_01830
Pressurized,Object_07527
Corrosive,Object_00260
Unspecified,Object_10899
Pressurized,Object_09232
Corrosive,Object_02254
Flammable,Object_06616
Pressurized,Object_00531
Oxidizing,Object_01795
Radioactive,Object_08004
Toxic,Object_02201
Oxidizing,Object_13982
Radioactive,Object_01065
Explosive,Object_02661
Radioactive,Object_11913
Unspecified,Object_15092
Unspecified,Object_03801
Unspecified,Object_03715
Toxic,Object_13137
Unspecified,Object_01710
Unspecified,Object_12829
Pressurized,Object_14252
Flammable,Object_14734
Flammable,Object_07940
Oxidizing,Object_10161
Pressurized,Object_08009
Oxidizing,Object_07474
Oxidizing,Object_02547
Oxidizing,Object_09363
Toxic,Object_13723
Toxic,Object_00177
Pressurized,Object_01993
Radioactive,Object_11014
Unspecified,Object_03735
Radioactive,Object_07136
Corrosive,Object_00023
Radioactive,Object_12535
Radioactive,Object_09372
Food,Object_06375
Oxidizing,Object_10679
Flammable,Object_00984
Toxic,Object_02222
Unspecified,Object_12522
Oxidizing,Object_09864
Fragile,Object_00032
Pressurized,Object_10651
Corrosive,Object_02030
Flammable,Object_13674
Flammable,Object_03602
Toxic,Object_10738
Pressurized,Object_10950
Toxic,Object_08995
Flammable,Object_01687
Toxic,Object_06063
Fragile,Object_12294
Toxic,Object_13251
Radioactive,Object_12499
Flammable,Object_07643
Food,Object_07197
Corrosive,Object_00555
Food,Object_08141
Fragile,Object_03916
Oxidizing,Object_02619
Explosive,Object_12976
Flammable,Object_02183
Toxic,Object_10284
Food,Object_11727
Radioactive,Object_00084
Food,Object_13119
Radioactive,Object_01026
Pressurized,Object_04208
Unspecified,Object_10253
Radioactive,Object_05765
Toxic,Object_00755
Explosive,Object_01192
Radioactive,Object_02092
Explosive,Object_10267
Toxic,Object_10551
Unspecified,Object_00511
Corrosive,Object_03033
Explosive,Object_13172
Flammable,Object_04185
Unspecified,Object_02108
Pressurized,Object_02458
Pressurized,Object_10732
Corrosive,Object_14469
Corrosive,Object_05040
Pressurized,Object_06939
Radioactive,Object_12420
Oxidizing,Object_14345
Corrosive,Object_12785
Flammable,Object_15080
Explosive,Object_06111
Radioactive,Object_13299
Radioactive,Object_10197
Toxic,Object_06347
Pressurized,Object_06704
Unspecified,Object_09709
Radioactive,Object_00122
Food,Object_07389
Radioactive,Object_01790
Radioactive,Object_02184
Toxic,Object_07866
Explosive,Object_04784
Unspecified,Object_08161
Pressurized,Object_09357
Corrosive,Object_00451
Toxic,Object_06004
Fragile,Object_03655
Oxidizing,Object_04490
Radioactive,Object_07317
Radioactive,Object_00144
Flammable,Object_13899
Fragile,Object_07300
Fragile,Object_09318
Flammable,Object_01740
Flammable,Object_11899
Explosive,Object_11806
Food,Object_07365
Food,Object_12510
Flammable,Object_01284
Unspecified,Object_06859
Pressurized,Object_09008
Fragile,Object_00637
Flammable,Object_09194
Corrosive,Object_03898
Flammable,Object_12809
Fragile,Object_10985
Explosive,Object_13259
Fragile,Object_06061
Flammable,Object_03597
Oxidizing,Object_09167
Pressurized,Object_04481
Unspecified,Object_05758
Corrosive,Object_08351
Oxidizing,Object_10885
Pressurized,Object_05781
Corrosive,Object_12959
Pressurized,Object_07228
Radioactive,Object_05625
Unspecified,Object_06608
Corrosive,Object_12391
Pressurized,Object_10734
Fragile,Object_03811
Flammable,Object_11478
Pressurized,Object_07466
Unspecified,Object_06368
Fragile,Object_09450
Pressurized,Object_11591
Toxic,Object_14296
Unspecified,Object_01742
Pressurized,Object_09076
Toxic,Object_00800
Flammable,Object_12683
Food,Object_05834
Toxic,Object_14828
Fragile,Object_10962
Toxic,Object_06594
Oxidizing,Object_14658
Food,Object_05146
Corrosive,Object_13466
Unspecified,Object_04699
Toxic,Object_05217
Radioactive,Object_09070
Fragile,Object_14926
Unspecified,Object_04262
Toxic,Object_06899
Flammable,Object_06468
Pressurized,Object_12879
Corrosive,Object_03028
Fragile,Object_06476
Radioactive,Object_01690
Corrosive,Object_04017
Radioactive,Object_08838
Food,Object_13776
Radioactive,Object_11305
Unspecified,Object_08876
Food,Object_05893
Explosive,Object_11705
Radioactive,Object_04806
Oxidizing,Object_03527
Explosive,Object_11807
Food,Object_03805
Oxidizing,Object_12122
Pressurized,Object_01976
Flammable,Object_14175
Explosive,Object_14735
Toxic,Object_11668
Fragile,Object_09168
Radioactive,Object_10523
Flammable,Object_10611
Radioactive,Object_04643
Corrosive,Object_06346
Food,Object_07691
Unspecified,Object_02720
Food,Object_08744
Pressurized,Object_03684
Food,Object_13229
Toxic,Object_04333
Food,Object_11392
Explosive,Object_10000
Toxic,Object_01386
Unspecified,Object_03497
Unspecified,Object_02904
Unspecified,Object_07351
Food,Object_08485
Flammable,Object_08094
Pressurized,Object_10218
Toxic,Object_00898
Oxidizing,Object_13249
Flammable,Object_08972
Flammable,Object_10736
Unspecified,Object_01166
Flammable,Object_00626
Corrosive,Object_00797
Explosive,Object_11836
Radioactive,Object_00115
Pressurized,Object_00104
Unspecified,Object_06262
Radioactive,Object_11683
Pressurized,Object_13516
Unspecified,Object_09213
Oxidizing,Object_13778
Unspecified,Object_03800
Radioactive,Object_10742
Explosive,Object_12525
Corrosive,Object_09812
Food,Object_11239
Radioactive,Object_13541
Explosive,Object_07328
Oxidizing,Object_01204
Fragile,Object_07646
Oxidizing,Object_02816
Fragile,Object_09767
Toxic,Object_14480
Explosive,Object_11283
Food,Object_05232
Oxidizing,Object_09804
Oxidizing,Object_01891
Fragile,Object_00543
Pressurized,Object_06194
Food,Object_08516
Food,Object_05810
Unspecified,Object_13653
Unspecified,Object_12555
Radioactive,Object_06547
Radioactive,Object_01489
Explosive,Object_02258
Corrosive,Object_06369
Corrosive,Object_13112
Food,Object_13747
Flammable,Object_03547
Unspecified,Object_03284
Flammable,Object_00949
Oxidizing,Object_00661
Explosive,Object_11332
Radioactive,Object_07433
Fragile,Object_08158
Explosive,Object_14409
Toxic,Object_06639
Toxic,Object_13647
Unspecified,Object_10818
Flammable,Object_12455
Explosive,Object_08765
Toxic,Object_03037
Radioactive,Object_00275
Radioactive,Object_13279
Corrosive,Object_11166
Fragile,Object_04890
Radioactive,Object_14954
Pressurized,Object_04143
Explosive,Object_11490
Food,Object_01006
Radioactive,Object_02348
Radioactive,Object_05086
Unspecified,Object_05395
Oxidizing,Object_07422
Corrosive,Object_06307
Radioactive,Object_14446
Corrosive,Object_12347
Oxidizing,Object_02906
Food,Object_12994
Corrosive,Object_07723
Food,Object_09292
Food,Object_12261
Unspecified,Object_02640
Corrosive,Object_04049
Explosive,Object_02830
Explosive,Object_02969
Explosive,Object_10186
Explosive,Object_03301
Oxidizing,Object_13303
Corrosive,Object_13521
Toxic,Object_09640
Flammable,Object_11441
Pressurized,Object_01746
Radioactive,Object_00658
Fragile,Object_03914
Flammable,Object_07789
Radioactive,Object_02752
Flammable,Object_03039
Flammable,Object_04623
Oxidizing,Object_12554
Food,Object_14247
Explosive,Object_06473
Radioactive,Object_07265
Explosive,Object_10804
Toxic,Object_09634
Oxidizing,Object_01255
Unspecified,Object_02890
Pressurized,Object_05326
Explosive,Object_03125
Fragile,Object_03619
Toxic,Object_09490
Radioactive,Object_10815
Fragile,Object_06636
Explosive,Object_06840
Corrosive,Object_07669
Unspecified,Object_11666
Fragile,Object_08288
Unspecified,Object_14037
Radioactive,Object_10456
Explosive,Object_08476
Toxic,Object_08791
Pressurized,Object_12556
Oxidizing,Object_05185
Flammable,Object_11171
Food,Object_14887
Explosive,Object_09532
Corrosive,Object_07040
Corrosive,Object_03939
Unspecified,Object_00462
Toxic,Object_13856
Food,Object_06568
Flammable,Object_06715
Food,Object_07382
Unspecified,Object_01885
Unspecified,Object_07218
Radioactive,Object_12339
Oxidizing,Object_12618
Explosive,Object_03115
Flammable,Object_09277
Explosive,Object_15043
Unspecified,Object_07285
Toxic,Object_02252
Food,Object_13042
Unspecified,Object_04704
Corrosive,Object_03778
Explosive,Object_10847
Toxic,Object_01649
Pressurized,Object_01634
Fragile,Object_06176
Radioactive,Object_03620
Corrosive,Object_14237
Toxic,Object_04236
Corrosive,Object_11083
Pressurized,Object_12015
Flammable,Object_02685
Unspecified,Object_03758
Explosive,Object_00715
Toxic,Object_14263
Flammable,Object_13981
Flammable,Object_01930
Explosive,Object_01105
Explosive,Object_06173
Toxic,Object_01492
Explosive,Object_10938
Oxidizing,Object_13107
Flammable,Object_12070
Corrosive,Object_08194
Radioactive,Object_14815
Explosive,Object_01310
Food,Object_00571
Explosive,Object_12590
Corrosive,Object_12988
Food,Object_01756
Pressurized,Object_03892
Toxic,Object_11373
Radioactive,Object_02776
Corrosive,Object_06622
Radioactive,Object_11381
Food,Object_02709
Corrosive,Object_06514
Explosive,Object_10745
Oxidizing,Object_09127
Explosive,Object_00463
Toxic,Object_09814
Corrosive,Object_14585
Toxic,Object_06889
Explosive,Object_01383
Oxidizing,Object_12828
Flammable,Object_02191
Radioactive,Object_00279
Toxic,Object_02272
Oxidizing,Object_06545
Unspecified,Object_06448
Flammable,Object_09590
Corrosive,Object_05328
Corrosive,Object_00356
Fragile,Object_09162
Corrosive,Object_11789
Food,Object_13195
Pressurized,Object_06241
Toxic,Object_03591
Toxic,Object_12685
Corrosive,Object_06314
Oxidizing,Object_03197
Radioactive,Object_12578
Pressurized,Object_08361
Corrosive,Object_11570
Radioactive,Object_04419
Flammable,Object_07734
Oxidizing,Object_05098
Toxic,Object_03159
Flammable,Object_00897
Unspecified,Object_09338
Unspecified,Object_03569
Flammable,Object_02785
Flammable,Object_10416
Flammable,Object_09784
Fragile,Object_01230
Unspecified,Object_11130
Toxic,Object_13304
Oxidizing,Object_14479
Pressurized,Object_06101
Food,Object_08888
Food,Object_14650
Oxidizing,Object_13324
Radioactive,Object_14456
Radioactive,Object_04205
Corrosive,Object_08472
Food,Object_14948
Toxic,Object_00401
Pressurized,Object_03214
Unspecified,Object_07939
Toxic,Object_00238
Pressurized,Object_06560
Flammable,Object_06324
Radioactive,Object_05127
Pressurized,Object_03348
Flammable,Object_14716
Flammable,Object_12178
Food,Object_09080
Radioactive,Object_04400
Explosive,Object_14210
Oxidizing,Object_00379
Toxic,Object_12860
Explosive,Object_06163
Pressurized,Object_11862
Explosive,Object_10555
Food,Object_14515
Oxidizing,Object_10096
Radioactive,Object_04979
Toxic,Object_05231
Toxic,Object_01327
Unspecified,Object_04730
Food,Object_14151
Pressurized,Object_14904
Pressurized,Object_13708
Food,Object_14595
Toxic,Object_06828
Toxic,Object_10860
Oxidizing,Object_09328
Unspecified,Object_11157
Radioactive,Object_00311
Oxidizing,Object_01508
Corrosive,Object_00004
Oxidizing,Object_13222
Flammable,Object_14150
Explosive,Object_07246
Unspecified,Object_01674
Fragile,Object_03282
Corrosive,Object_00677
Unspecified,Object_14976
Corrosive,Object_05926
Flammable,Object_01741
Radioactive,Object_09957
Fragile,Object_09912
Flammable,Object_06479
Flammable,Object_08710
Fragile,Object_03633
Fragile,Object_02617
Fragile,Object_10969
Oxidizing,Object_10342
Toxic,Object_00873
Unspecified,Object_09751
Food,Object_11387
Fragile,Object_01914
Radioactive,Object_00087
Fragile,Object_11649
Fragile,Object_11577
Radioactive,Object_03015
Explosive,Object_03844
Toxic,Object_07843
Pressurized,Object_07829
Pressurized,Object_05097
Toxic,Object_02857
Oxidizing,Object_09476
Food,Object_05270
Explosive,Object_00221
Unspecified,Object_04207
Fragile,Object_03594
Fragile,Object_05764
Food,Object_03747
Food,Object_05063
Pressurized,Object_11630
Explosive,Object_01772
Food,Object_00246
Food,Object_12234
Explosive,Object_02025
Radioactive,Object_13950
Fragile,Object_00224
Radioactive,Object_05246
Toxic,Object_10960
Unspecified,Object_12471
Food,Object_01054
Unspecified,Object_11763
Explosive,Object_05147
Fragile,Object_09210
Explosive,Object_08092
Corrosive,Object_04395
Flammable,Object_12961
Explosive,Object_08589
Radioactive,Object_01578
Oxidizing,Object_04551
Unspecified,Object_11279
Food,Object_03706
Toxic,Object_03314
Explosive,Object_00910
Food,Object_01023
Corrosive,Object_07140
Corrosive,Object_03018
Flammable,Object_01723
Explosive,Object_00522
Pressurized,Object_04460
Corrosive,Object_03764
Flammable,Object_12223
Food,Object_01286
Food,Object_05300
Radioactive,Object_12067
Food,Object_07429
Explosive,Object_08865
Food,Object_04178
Toxic,Object_07444
Flammable,Object_06655
Radioactive,Object_01966
Explosive,Object_14995
Pressurized,Object_07008
Oxidizing,Object_11196
Pressurized,Object_10617
Oxidizing,Object_12190
Toxic,Object_04211
Unspecified,Object_04121
Toxic,Object_14858
Oxidizing,Object_14511
Unspecified,Object_13423
Food,Object_13713
Fragile,Object_09004
Pressurized,Object_01592
Food,Object_09529
Corrosive,Object_10809
Explosive,Object_13030
Unspecified,Object_04555
Toxic,Object_02582
Unspecified,Object_04403
Unspecified,Object_09104
Flammable,Object_02443
Pressurized,Object_10896
Toxic,Object_01108
Toxic,Object_00143
Unspecified,Object_13857
Food,Object_12412
Fragile,Object_05516
Explosive,Object_02423
Corrosive,Object_10031
Fragile,Object_06387
Food,Object_04294
Pressurized,Object_11096
Explosive,Object_12327
Explosive,Object_05311
Toxic,Object_12822
Corrosive,Object_07283
Unspecified,Object_08665
Oxidizing,Object_02864
Toxic,Object_12643
Unspecified,Object_07726
Oxidizing,Object_07344
Food,Object_07803
Explosive,Object_10500
Oxidizing,Object_09528
Radioactive,Object_04134
Pressurized,Object_12613
Unspecified,Object_06581
Explosive,Object_01497
Food,Object_01654
Flammable,Object_03935
Fragile,Object_11432
Oxidizing,Object_07493
Oxidizing,Object_00520
Oxidizing,Object_04154
Oxidizing,Object_09513
Unspecified,Object_13182
Toxic,Object_13524
Unspecified,Object_06562
Radioactive,Object_07241
Explosive,Object_15131
Fragile,Object_07029
Food,Object_01416
Explosive,Object_03978
Oxidizing,Object_11422
Explosive,Object_14808
Toxic,Object_01240
Food,Object_12895
Explosive,Object_01151
Radioactive,Object_00525
Toxic,Object_13331
Toxic,Object_10964
Fragile,Object_12761
Pressurized,Object_01663
Pressurized,Object_01612
Corrosive,Object_10397
Explosive,Object_11408
Flammable,Object_10791
Toxic,Object_06017
Explosive,Object_10529
Toxic,Object_14691
Explosive,Object_00092
Flammable,Object_14328
Unspecified,Object_05244
Explosive,Object_08778
Fragile,Object_13852
Food,Object_13406
Fragile,Object_06223
Unspecified,Object_09135
Oxidizing,Object_13394
Explosive,Object_09445
Pressurized,Object_14599
Corrosive,Object_15122
Flammable,Object_10739
Pressurized,Object_08756
Oxidizing,Object_10753
Flammable,Object_01757
Corrosive,Object_05698
Oxidizing,Object_02555
Toxic,Object_01410
Toxic,Object_14285
Flammable,Object_11810
Fragile,Object_06642
Flammable,Object_04290
Food,Object_10601
Fragile,Object_03632
Food,Object_04066
Radioactive,Object_05914
Toxic,Object_07742
Corrosive,Object_09268
Radioactive,Object_07067
Corrosive,Object_05136
Oxidizing,Object_04016
Flammable,Object_03339
Toxic,Object_08654
Explosive,Object_11211
Radioactive,Object_08260
Toxic,Object_05784
Food,Object_06923
Radioactive,Object_01004
Explosive,Object_12731
Food,Object_13381
Fragile,Object_02479
Flammable,Object_07314
Unspecified,Object_04196
Fragile,Object_06634
Explosive,Object_04670
Unspecified,Object_03191
Pressurized,Object_05263
Corrosive,Object_06699
Radioactive,Object_12573
Corrosive,Object_09216
Corrosive,Object_15040
Unspecified,Object_04698
Radioactive,Object_10067
Explosive,Object_08470
Pressurized,Object_00436
Oxidizing,Object_10391
Fragile,Object_03566
Flammable,Object_08152
Oxidizing,Object_13824
Radioactive,Object_09969
Oxidizing,Object_13760
Fragile,Object_06599
Corrosive,Object_00302
Fragile,Object_06234
Radioactive,Object_00921
Food,Object_02876
Corrosive,Object_05378
Toxic,Object_07711
Fragile,Object_11250
Radioactive,Object_10383
Oxidizing,Object_13962
Corrosive,Object_01180
Pressurized,Object_09461
Unspecified,Object_08906
Oxidizing,Object_10419
Explosive,Object_00869
Fragile,Object_08064
Radioactive,Object_06512
Pressurized,Object_14524
Radioactive,Object_07227
Pressurized,Object_14814
Corrosive,Object_12094
Toxic,Object_00628
Oxidizing,Object_14757
Explosive,Object_00973
Toxic,Object_06190
Flammable,Object_08642
Corrosive,Object_01495
Unspecified,Object_05510
Explosive,Object_03695
Fragile,Object_06738
Unspecified,Object_03425
Fragile,Object_01084
Toxic,Object_06109
Oxidizing,Object_12968
Pressurized,Object_11360
Corrosive,Object_01238
Pressurized,Object_06978
Flammable,Object_04637
Toxic,Object_04700
Fragile,Object_07926
Radioactive,Object_04033
Pressurized,Object_14648
Food,Object_12620
Pressurized,Object_05104
Food,Object_11104
Radioactive,Object_00505
Pressurized,Object_11091
Corrosive,Object_11571
Unspecified,Object_09855
Fragile,Object_03309
Food,Object_06445
Food,Object_00213
Radioactive,Object_10946
Radioactive,Object_02794
Corrosive,Object_06743
Unspecified,Object_01744
Toxic,Object_10410
Explosive,Object_12585
Radioactive,Object_13643
Radioactive,Object_08346
Radioactive,Object_02839
Flammable,Object_07649
Oxidizing,Object_07038
Toxic,Object_00271
Oxidizing,Object_01417
Unspecified,Object_11929
Radioactive,Object_05233
Radioactive,Object_05683
Fragile,Object_00304
Unspecified,Object_04095
Toxic,Object_03444
Fragile,Object_01848
Toxic,Object_05517
Fragile,Object_02850
Food,Object_03044
Unspecified,Object_05046
Explosive,Object_02397
Corrosive,Object_05400
Explosive,Object_01428
Food,Object_14560
Fragile,Object_11642
Food,Object_00399
Pressurized,Object_07561
Pressurized,Object_08951
Radioactive,Object_15023
Corrosive,Object_02050
Radioactive,Object_08880
Oxidizing,Object_10883
Oxidizing,Object_11165
Radioactive,Object_11076
Explosive,Object_01418
Pressurized,Object_02118
Flammable,Object_00373
Oxidizing,Object_10228
Explosive,Object_13089
Food,Object_05491
Oxidizing,Object_04335
Flammable,Object_09276
Flammable,Object_07977
Toxic,Object_02532
Food,Object_09313
Corrosive,Object_11644
Toxic,Object_08828
Food,Object_15051
Food,Object_05365
Oxidizing,Object_08954
Toxic,Object_02189
Pressurized,Object_06486
Fragile,Object_07004
Unspecified,Object_10378
Pressurized,Object_00572
Radioactive,Object_02106
Flammable,Object_11073
Oxidizing,Object_12365
Corrosive,Object_04723
Pressurized,Object_03915
Food,Object_08430
Unspecified,Object_01552
Food,Object_11215
Radioactive,Object_11075
Explosive,Object_04273
Corrosive,Object_12198
Fragile,Object_01490
Radioactive,Object_02307
Fragile,Object_10991
Pressurized,Object_02806
Fragile,Object_13850
Unspecified,Object_13622
Explosive,Object_14216
Food,Object_11507
Oxidizing,Object_07924
Pressurized,Object_08693
Pressurized,Object_04360
Radioactive,Object_07614
Toxic,Object_04004
Pressurized,Object_12594
Pressurized,Object_04773
Unspecified,Object_12356
Flammable,Object_05077
Oxidizing,Object_14892
Fragile,Object_08999
Explosive,Object_12266
Explosive,Object_11335
Explosive,Object_08760
Explosive,Object_11628
Toxic,Object_02478
Toxic,Object_06363
Oxidizing,Object_12208
Oxidizing,Object_11356
Flammable,Object_03635
Unspecified,Object_05048
Flammable,Object_11984
Food,Object_08423
Pressurized,Object_05636
Oxidizing,Object_13821
Flammable,Object_11433
Radioactive,Object_01791
Fragile,Object_15063
Flammable,Object_08307
Explosive,Object_11803
Toxic,Object_12004
Toxic,Object_13730
Radioactive,Object_09118
Radioactive,Object_00062
Toxic,Object_08282
Radioactive,Object_10238
Radioactive,Object_11920
Fragile,Object_14117
Fragile,Object_00204
Flammable,Object_02099
Pressurized,Object_08885
Corrosive,Object_03029
Food,Object_07850
Corrosive,Object_08569
Fragile,Object_10873
Explosive,Object_10141
Radioactive,Object_03976
Pressurized,Object_02263
Toxic,Object_09578
Oxidizing,Object_14018
Toxic,Object_00675
Food,Object_09519
Radioactive,Object_02165
Oxidizing,Object_04816
Flammable,Object_01786
Explosive,Object_09418
Toxic,Object_05157
Flammable,Object_00217
Fragile,Object_08696
Oxidizing,Object_12354
Pressurized,Object_11787
Flammable,Object_13717
Oxidizing,Object_01895
Oxidizing,Object_01949
Radioactive,Object_08936
Food,Object_14667
Pressurized,Object_14582
Corrosive,Object_03640
Fragile,Object_13294
Oxidizing,Object_08577
Explosive,Object_01003
Food,Object_14323
Pressurized,Object_00208
Toxic,Object_04014
Corrosive,Object_00700
Oxidizing,Object_10144
Food,Object_05524
Radioactive,Object_05388
Oxidizing,Object_02888
Pressurized,Object_02024
Fragile,Object_03023
Oxidizing,Object_11197
Unspecified,Object_01736
Explosive,Object_00575
Radioactive,Object_14553
Fragile,Object_12903
Oxidizing,Object_10171
Unspecified,Object_14590
Unspecified,Object_03549
Flammable,Object_11818
Food,Object_07012
Unspecified,Object_06753
Unspecified,Object_02004
Pressurized,Object_13084
Pressurized,Object_15127
Fragile,Object_04227
Pressurized,Object_13305
Corrosive,Object_09087
Explosive,Object_00018
Corrosive,Object_11898
Toxic,Object_05068
Unspecified,Object_04942
Toxic,Object_01979
Flammable,Object_15011
Flammable,Object_10997
Food,Object_04330
Unspecified,Object_06600
Explosive,Object_15013
Toxic,Object_00617
Oxidizing,Object_11826
Fragile,Object_09522
Oxidizing,Object_07880
Food,Object_05766
Oxidizing,Object_02161
Flammable,Object_14213
Corrosive,Object_07094
Pressurized,Object_03241
Fragile,Object_02279
Toxic,Object_02434
Corrosive,Object_10071
Pressurized,Object_14136
Food,Object_01309
Oxidizing,Object_01452
Radioactive,Object_11172
Explosive,Object_04612
Radioactive,Object_03523
Oxidizing,Object_14732
Explosive,Object_07385
Flammable,Object_11772
Corrosive,Object_12216
Food,Object_13520
Toxic,Object_01017
Flammable,Object_06451
Flammable,Object_00939
Unspecified,Object_05477
Pressurized,Object_12659
Fragile,Object_01666
Food,Object_07640
Unspecified,Object_06222
Toxic,Object_12629
Explosive,Object_01176
Food,Object_01946
Flammable,Object_12110
Food,Object_10834
Toxic,Object_02298
Unspecified,Object_01101
Explosive,Object_01438
Oxidizing,Object_04322
Unspecified,Object_11046
Food,Object_07333
Explosive,Object_07301
Oxidizing,Object_06898
Pressurized,Object_04795
Toxic,Object_10468
Corrosive,Object_08229
Radioactive,Object_00008
Food,Object_14825
Oxidizing,Object_11078
Food,Object_14897
Unspecified,Object_13581
Flammable,Object_10131
Pressurized,Object_05212
Food,Object_09456
Unspecified,Object_01651
Food,Object_14061
Oxidizing,Object_13256
Oxidizing,Object_07019
Fragile,Object_05621
Unspecified,Object_12738
Corrosive,Object_00748
Pressurized,Object_04831
Corrosive,Object_04681
Food,Object_00827
Explosive,Object_13943
Corrosive,Object_07278
Oxidizing,Object_10662
Pressurized,Object_08086
Unspecified,Object_07687
Explosive,Object_13794
Flammable,Object_09197
Flammable,Object_10254
Toxic,Object_15001
Oxidizing,Object_10132
Flammable,Object_05660
Corrosive,Object_01266
Unspecified,Object_02691
Fragile,Object_01217
Oxidizing,Object_06895
Pressurized,Object_12157
Radioactive,Object_10304
Explosive,Object_09905
Corrosive,Object_06680
Food,Object_09051
Corrosive,Object_05455
Oxidizing,Object_14293
Fragile,Object_11236
Fragile,Object_09179
Radioactive,Object_09869
Fragile,Object_07399
Radioactive,Object_10266
Corrosive,Object_01311
Toxic,Object_12791
Oxidizing,Object_14671
Toxic,Object_14234
Fragile,Object_11115
Unspecified,Object_09481
Flammable,Object_10556
Fragile,Object_08153
Flammable,Object_03579
Pressurized,Object_05278
Corrosive,Object_04311
Unspecified,Object_11737
Fragile,Object_07128
Oxidizing,Object_10633
Pressurized,Object_03055
Food,Object_03908
Unspecified,Object_03271
Fragile,Object_14686
Food,Object_12974
Food,Object_00544
Flammable,Object_11050
Oxidizing,Object_07022
Pressurized,Object_01272
Radioactive,Object_12550
Toxic,Object_05702
Explosive,Object_05081
Explosive,Object_04046
Toxic,Object_09991
Unspecified,Object_04053
Toxic,Object_04141
Food,Object_04410
Food,Object_11498
Oxidizing,Object_15005
Pressurized,Object_06135
Flammable,Object_04267
Unspecified,Object_11136
Toxic,Object_00871
Unspecified,Object_13162
Pressurized,Object_02648
Fragile,Object_15069
Explosive,Object_14800
Flammable,Object_07777
Pressurized,Object_08110
Flammable,Object_01231
Radioactive,Object_05306
Toxic,Object_09112
Flammable,Object_07890
Radioactive,Object_01569
Toxic,Object_04428
Pressurized,Object_08683
Toxic,Object_02290
Food,Object_12464
Oxidizing,Object_05790
Radioactive,Object_02059
Unspecified,Object_03286
Unspecified,Object_09518
Toxic,Object_09225
Food,Object_09794
Toxic,Object_07682
Corrosive,Object_01347
Unspecified,Object_05902
Fragile,Object_11593
Corrosive,Object_08211
Radioactive,Object_04214
Oxidizing,Object_04058
Pressurized,Object_00184
Explosive,Object_06214
Corrosive,Object_05997
Fragile,Object_02813
Explosive,Object_15156
Explosive,Object_05923
Radioactive,Object_08639
Explosive,Object_14739
Corrosive,Object_12698
Unspecified,Object_01542
Unspecified,Object_11184
Oxidizing,Object_13270
Food,Object_08183
Pressurized,Object_00259
Corrosive,Object_03953
Toxic,Object_11816
Pressurized,Object_11846
Flammable,Object_10420
Oxidizing,Object_14972
Fragile,Object_10491
Unspecified,Object_14848
Radioactive,Object_14339
Corrosive,Object_05214
Toxic,Object_13489
Radioactive,Object_04176
Oxidizing,Object_02581
Flammable,Object_12260
Pressurized,Object_13965
Toxic,Object_07434
Oxidizing,Object_07421
Corrosive,Object_05634
Oxidizing,Object_05075
Toxic,Object_14574
Unspecified,Object_04746
Unspecified,Object_10770
Corrosive,Object_04631
Fragile,Object_08623
Corrosive,Object_11549
Oxidizing,Object_10654
Fragile,Object_00853
Unspecified,Object_01371
Flammable,Object_04657
Flammable,Object_02347
Corrosive,Object_02246
Oxidizing,Object_06726
Oxidizing,Object_09451
Radioactive,Object_01719
Food,Object_10749
Corrosive,Object_14875
Explosive,Object_06361
Toxic,Object_11261
Unspecified,Object_05983
Fragile,Object_06119
Unspecified,Object_03761
Explosive,Object_07247
Fragile,Object_13741
Toxic,Object_09388
Radioactive,Object_13913
Toxic,Object_02083
Pressurized,Object_05599
Unspecified,Object_03907
Radioactive,Object_12757
Oxidizing,Object_07086
Flammable,Object_13039
Oxidizing,Object_06034
Toxic,Object_09358
Unspecified,Object_02424
Corrosive,Object_09788
Explosive,Object_14737
Explosive,Object_07213
Explosive,Object_00904
Toxic,Object_08854
Flammable,Object_12741
Toxic,Object_01925
Pressurized,Object_13593
Oxidizing,Object_08755
Radioactive,Object_03723
Pressurized,Object_00441
Flammable,Object_11178
Radioactive,Object_04425
Pressurized,Object_00116
Oxidizing,Object_10117
Oxidizing,Object_07618
Pressurized,Object_12197
Oxidizing,Object_10409
Pressurized,Object_03791
Oxidizing,Object_00937
Toxic,Object_14337
Food,Object_05650
Corrosive,Object_00508
Oxidizing,Object_01506
Flammable,Object_01313
Oxidizing,Object_13651
Toxic,Object_12457
Fragile,Object_01789
Oxidizing,Object_10802
Explosive,Object_04777
Pressurized,Object_00151
Food,Object_13827
Fragile,Object_14710
Explosive,Object_06579
Fragile,Object_00133
Toxic,Object_00071
Explosive,Object_10294
Corrosive,Object_06751
Unspecified,Object_11127
Corrosive,Object_12037
Explosive,Object_14510
Oxidizing,Object_13702
Toxic,Object_04105
Explosive,Object_09832
Fragile,Object_11961
Food,Object_04864
Oxidizing,Object_02097
Fragile,Object_14596
Explosive,Object_10668
Flammable,Object_02996
Explosive,Object_06996
Flammable,Object_09269
Food,Object_02036
Unspecified,Object_11510
Pressurized,Object_14623
Unspecified,Object_07776
Explosive,Object_06782
Toxic,Object_09312
Fragile,Object_13627
Explosive,Object_10319
Toxic,Object_02550
Pressurized,Object_03401
Toxic,Object_01985
Flammable,Object_00330
Corrosive,Object_11877
Corrosive,Object_12325
Flammable,Object_02972
Unspecified,Object_08523
Food,Object_03863
Pressurized,Object_08150
Unspecified,Object_09075
Fragile,Object_12262
Explosive,Object_05509
Pressurized,Object_06593
Explosive,Object_01400
Radioactive,Object_00080
Explosive,Object_03708
Flammable,Object_10369
Toxic,Object_14079
Unspecified,Object_12470
Unspecified,Object_05900
Flammable,Object_08137
Toxic,Object_07605
Radioactive,Object_01474
Fragile,Object_01933
Fragile,Object_06862
Toxic,Object_12079
Food,Object_13132
Radioactive,Object_03245
Corrosive,Object_05266
Flammable,Object_07083
Toxic,Object_04951
Pressurized,Object_05838
Unspecified,Object_09694
Radioactive,Object_02576
Explosive,Object_14998
Fragile,Object_10313
Radioactive,Object_05738
Radioactive,Object_04209
Unspecified,Object_12045
Pressurized,Object_04980
Oxidizing,Object_13202
Explosive,Object_04613
Corrosive,Object_12541
Radioactive,Object_13644
Explosive,Object_11412
Unspecified,Object_07338
Fragile,Object_14952
Corrosive,Object_14286
Flammable,Object_10182
Toxic,Object_08626
Unspecified,Object_03593
Pressurized,Object_06255
Radioactive,Object_10780
Radioactive,Object_09542
Toxic,Object_13939
Corrosive,Object_14576
Pressurized,Object_13582
Explosive,Object_08232
Oxidizing,Object_07596
Explosive,Object_14110
Fragile,Object_06565
Toxic,Object_07611
Radioactive,Object_00743
Unspecified,Object_10109
Pressurized,Object_09996
Food,Object_03836
Pressurized,Object_12858
Fragile,Object_09371
Radioactive,Object_02703
Corrosive,Object_13445
Unspecified,Object_13295
Corrosive,Object_14074
Food,Object_10540
Toxic,Object_01788
Fragile,Object_01278
Unspecified,Object_11844
Food,Object_02217
Corrosive,Object_04899
Radioactive,Object_09201
Explosive,Object_08749
Toxic,Object_09489
Explosive,Object_02445
Fragile,Object_00041
Explosive,Object_14374
Unspecified,Object_09266
Corrosive,Object_03653
Flammable,Object_10530
Unspecified,Object_01015
Pressurized,Object_03824
Flammable,Object_13011
Flammable,Object_11065
Pressurized,Object_14631
Explosive,Object_03457
Corrosive,Object_02834
Pressurized,Object_05495
Radioactive,Object_12456
Pressurized,Object_02880
Unspecified,Object_13473
Food,Object_13093
Food,Object_06684
Explosive,Object_06221
Toxic,Object_14693
Food,Object_14443
Fragile,Object_03198
Food,Object_05407
Corrosive,Object_08143
Radioactive,Object_05937
Corrosive,Object_10190
Fragile,Object_00679
Pressurized,Object_01121
Fragile,Object_06048
Food,Object_15015
Toxic,Object_10361
Flammable,Object_02300
Pressurized,Object_02980
Oxidizing,Object_00811
Oxidizing,Object_09140
Fragile,Object_08628
Flammable,Object_03646
Corrosive,Object_03563
Fragile,Object_10829
Explosive,Object_02585
Fragile,Object_04182
Flammable,Object_02105
Food,Object_05100
Oxidizing,Object_11573
Toxic,Object_09867
Toxic,Object_05858
Radioactive,Object_01857
Radioactive,Object_14767
Unspecified,Object_07000
Food,Object_05471
Food,Object_03901
Corrosive,Object_04627
Fragile,Object_13848
Toxic,Object_01957
Fragile,Object_10308
Corrosive,Object_10180
Toxic,Object_03918
Radioactive,Object_09756
Oxidizing,Object_11882
Radioactive,Object_00072
Toxic,Object_06623
Fragile,Object_11992
Food,Object_03911
Fragile,Object_00196
Toxic,Object_05458
Flammable,Object_05313
Oxidizing,Object_06010
Fragile,Object_00570
Radioactive,Object_14473
Radioactive,Object_10518
Fragile,Object_11040
Food,Object_05570
Toxic,Object_02833
Fragile,Object_04955
Radioactive,Object_12300
Pressurized,Object_12277
Food,Object_07546
Pressurized,Object_15099
Food,Object_06283
Toxic,Object_01378
Pressurized,Object_04557
Oxidizing,Object_04219
Corrosive,Object_00622
Food,Object_09463
Radioactive,Object_00957
Explosive,Object_01678
Flammable,Object_08920
Unspecified,Object_00581
Explosive,Object_09391
Toxic,Object_08104
Oxidizing,Object_14604
Toxic,Object_08812
Oxidizing,Object_11072
Radioactive,Object_13989
Corrosive,Object_01541
Corrosive,Object_07397
Pressurized,Object_02206
Explosive,Object_00180
Toxic,Object_10792
Explosive,Object_05489
Explosive,Object_07573
Flammable,Object_10019
Flammable,Object_04954
Unspecified,Object_03003
Fragile,Object_03185
Corrosive,Object_13687
Fragile,Object_13377
Corrosive,Object_00688
Pressurized,Object_13190
Food,Object_08112
Oxidizing,Object_11160
Unspecified,Object_06492
Radioactive,Object_14135
Fragile,Object_09203
Pressurized,Object_08890
Corrosive,Object_13173
Pressurized,Object_12434
Corrosive,Object_01695
Corrosive,Object_04247
Corrosive,Object_08338
Corrosive,Object_05515
Unspecified,Object_03556
Radioactive,Object_11620
Toxic,Object_01505
Explosive,Object_11758
Food,Object_09184
Explosive,Object_03751
Explosive,Object_13969
Unspecified,Object_07438
Unspecified,Object_09819
Explosive,Object_14820
Unspecified,Object_05565
Food,Object_03728
Explosive,Object_03242
Food,Object_03690
Flammable,Object_10352
Explosive,Object_08926
Oxidizing,Object_02146
Toxic,Object_11797
Radioactive,Object_12429
Toxic,Object_05860
Explosive,Object_05247
Oxidizing,Object_13999
Oxidizing,Object_08223
Oxidizing,Object_09435
Food,Object_12295
Explosive,Object_06242
Flammable,Object_08438
Pressurized,Object_12601
Unspecified,Object_09304
Pressurized,Object_07223
Explosive,Object_04448
Unspecified,Object_12742
Oxidizing,Object_02366
Food,Object_12824
Fragile,Object_03428
Toxic,Object_08636
Explosive,Object_04535
Radioactive,Object_13393
Unspecified,Object_06328
Unspecified,Object_08621
Toxic,Object_14869
Flammable,Object_04981
Toxic,Object_05707
Oxidizing,Object_12285
Radioactive,Object_11506
Unspecified,Object_04588
Pressurized,Object_00764
Pressurized,Object_11669
Radioactive,Object_04591
Pressurized,Object_13145
Flammable,Object_15089
Radioactive,Object_03771
Corrosive,Object_10137
Radioactive,Object_02198
Corrosive,Object_14422
Corrosive,Object_11610
Radioactive,Object_09987
Corrosive,Object_00460
Food,Object_08180
Food,Object_01965
Flammable,Object_12873
Fragile,Object_05961
Pressurized,Object_05523
Explosive,Object_05851
Unspecified,Object_08044
Food,Object_05745
Unspecified,Object_03316
Oxidizing,Object_00867
Toxic,Object_10963
Flammable,Object_11417
Pressurized,Object_02924
Unspecified,Object_00126
Toxic,Object_01794
Pressurized,Object_07222
Flammable,Object_12705
Food,Object_03131
Food,Object_10368
Radioactive,Object_11724
Unspecified,Object_09968
Corrosive,Object_06763
Toxic,Object_01444
Unspecified,Object_09432
Oxidizing,Object_00202
Flammable,Object_06371
Explosive,Object_03482
Food,Object_13576
Flammable,Object_00914
Oxidizing,Object_15111
Radioactive,Object_06804
Pressurized,Object_03417
Fragile,Object_06144
Corrosive,Object_11700
Radioactive,Object_06208
Food,Object_06411
Unspecified,Object_06482
Corrosive,Object_12181
Toxic,Object_10857
Unspecified,Object_12074
Pressurized,Object_09830
Oxidizing,Object_08483
Pressurized,Object_13836
Unspecified,Object_10554
Unspecified,Object_04386
Corrosive,Object_13806
Oxidizing,Object_06872
Corrosive,Object_00206
Toxic,Object_07252
Fragile,Object_04695
Fragile,Object_14044
Radioactive,Object_04887
Flammable,Object_01021
Pressurized,Object_00750
Pressurized,Object_05417
Corrosive,Object_14725
Food,Object_07171
Toxic,Object_03433
Explosive,Object_11219
Radioactive,Object_02172
Oxidizing,Object_06339
Corrosive,Object_12268
Pressurized,Object_10944
Radioactive,Object_12746
Pressurized,Object_00606
Pressurized,Object_09364
Radioactive,Object_06728
Radioactive,Object_12960
Unspecified,Object_11742
Oxidizing,Object_06885
Fragile,Object_01155
Explosive,Object_02041
Fragile,Object_01659
Pressurized,Object_09133
Food,Object_00378
Toxic,Object_09668
Corrosive,Object_02436
Fragile,Object_14194
Fragile,Object_13559
Explosive,Object_04468
Explosive,Object_13327
Radioactive,Object_06232
Unspecified,Object_05568
Fragile,Object_13447
Unspecified,Object_00340
Fragile,Object_13364
Toxic,Object_05540
Flammable,Object_08874
Pressurized,Object_04938
Pressurized,Object_13963
Fragile,Object_00091
Fragile,Object_12713
Radioactive,Object_02699
Flammable,Object_04771
Pressurized,Object_07237
Food,Object_02468
Food,Object_14086
Fragile,Object_07106
Corrosive,Object_11152
Unspecified,Object_11025
Explosive,Object_11559
Radioactive,Object_02284
Flammable,Object_02995
Explosive,Object_02735
Flammable,Object_06049
Explosive,Object_08047
Fragile,Object_09890
Explosive,Object_06412
Oxidizing,Object_14938
Oxidizing,Object_03819
Fragile,Object_07963
Pressurized,Object_07336
Toxic,Object_13016
Fragile,Object_13290
Corrosive,Object_04988
Oxidizing,Object_12397
Oxidizing,Object_09569
Radioactive,Object_01388
Corrosive,Object_04437
Fragile,Object_14639
Toxic,Object_08456
Oxidizing,Object_07797
Explosive,Object_13046
Food,Object_04513
Flammable,Object_04970
Fragile,Object_06047
Corrosive,Object_02511
Explosive,Object_02124
Pressurized,Object_12047
Radioactive,Object_10191
Fragile,Object_14680
Toxic,Object_05572
Radioactive,Object_05982
Unspecified,Object_04111
Toxic,Object_11092
Explosive,Object_08857
Pressurized,Object_12209
Food,Object_12589
Pressurized,Object_04289
Fragile,Object_12514
Oxidizing,Object_07763
Flammable,Object_13739
Pressurized,Object_12400
Unspecified,Object_10332
Oxidizing,Object_06146
Unspecified,Object_00458
Fragile,Object_12692
Food,Object_05575
Oxidizing,Object_02113
Fragile,Object_13058
Pressurized,Object_06908
Toxic,Object_12754
Radioactive,Object_06212
Food,Object_01085
Corrosive,Object_05224
Pressurized,Object_13383
Unspecified,Object_07842
Unspecified,Object_02879
Unspecified,Object_06279
Food,Object_01448
Fragile,Object_07027
Pressurized,Object_08408
Radioactive,Object_08785
Food,Object_06664
Explosive,Object_07845
Corrosive,Object_09484
Corrosive,Object_07342
Explosive,Object_09335
Oxidizing,Object_11562
Toxic,Object_01116
Corrosive,Object_00188
Fragile,Object_06730
Fragile,Object_14119
Food,Object_12059
Flammable,Object_01199
Explosive,Object_00065
Fragile,Object_13797
Corrosive,Object_00288
Toxic,Object_04908
Pressurized,Object_06378
Toxic,Object_01735
Oxidizing,Object_08326
Food,Object_13585
Explosive,Object_00993
Food,Object_12492
Food,Object_08702
Unspecified,Object_05887
Fragile,Object_03830
Toxic,Object_04697
Oxidizing,Object_11224
Oxidizing,Object_07221
Oxidizing,Object_07403
Corrosive,Object_13433
Unspecified,Object_05642
Unspecified,Object_03066
Fragile,Object_09426
Corrosive,Object_11781
Radioactive,Object_15002
Explosive,Object_00820
Pressurized,Object_02442
Pressurized,Object_10933
Explosive,Object_13121
Unspecified,Object_09452
Corrosive,Object_09711
Unspecified,Object_03259
Unspecified,Object_06315
Radioactive,Object_13607
Explosive,Object_14363
Toxic,Object_06078
Corrosive,Object_13078
Explosive,Object_08884
Unspecified,Object_13530
Food,Object_02221
Food,Object_06196
Oxidizing,Object_13662
Explosive,Object_08027
Explosive,Object_01089
Oxidizing,Object_12752
Pressurized,Object_01114
Explosive,Object_13315
Radioactive,Object_05656
Unspecified,Object_03841
Toxic,Object_04120
Food,Object_05211
Unspecified,Object_01411
Flammable,Object_03884
Explosive,Object_03380
Oxidizing,Object_12646
Oxidizing,Object_04043
Unspecified,Object_11342
Fragile,Object_03979
Flammable,Object_01873
Unspecified,Object_10386
Food,Object_01090
Unspecified,Object_09585
Flammable,Object_03818
Pressurized,Object_14906
Radioactive,Object_09723
Radioactive,Object_06566
Fragile,Object_01318
Oxidizing,Object_09058
Flammable,Object_01398
Unspecified,Object_02087
Corrosive,Object_10671
Food,Object_00876
Explosive,Object_11893
Radioactive,Object_01289
Radioactive,Object_04778
Flammable,Object_05681
Fragile,Object_04682
Explosive,Object_02473
Toxic,Object_02632
Unspecified,Object_06057
Explosive,Object_08900
Unspecified,Object_14730
Oxidizing,Object_09993
Radioactive,Object_08474
Corrosive,Object_06459
Fragile,Object_05978
Radioactive,Object_07815
Toxic,Object_13043
Fragile,Object_11212
Fragile,Object_15132
Fragile,Object_00710
Radioactive,Object_10608
Corrosive,Object_06918
Explosive,Object_06478
Corrosive,Object_06229
Corrosive,Object_14143
Unspecified,Object_05322
Explosive,Object_01454
Pressurized,Object_03564
Toxic,Object_10130
Fragile,Object_09817
Unspecified,Object_00548
Radioactive,Object_11059
Flammable,Object_08501
Unspecified,Object_12700
Oxidizing,Object_13340
Flammable,Object_09525
Food,Object_06457
Explosive,Object_03335
Pressurized,Object_13677
Food,Object_10471
Flammable,Object_00388
Fragile,Object_13523
Flammable,Object_05797
Explosive,Object_08431
Pressurized,Object_08940
Toxic,Object_04206
Corrosive,Object_09691
Pressurized,Object_00552
Toxic,Object_05230
Pressurized,Object_04753
Fragile,Object_06769
Unspecified,Object_02472
Flammable,Object_11608
Oxidizing,Object_12896
Unspecified,Object_13617
Radioactive,Object_07394
Toxic,Object_06644
Explosive,Object_11327
Pressurized,Object_01718
Oxidizing,Object_09350
Unspecified,Object_06871
Radioactive,Object_05643
Corrosive,Object_04081
Food,Object_09222
Explosive,Object_02791
Fragile,Object_12468
Flammable,Object_12255
Toxic,Object_00757
Flammable,Object_09214
Toxic,Object_09298
Pressurized,Object_07034
Oxidizing,Object_07393
Flammable,Object_01530
Corrosive,Object_02471
Corrosive,Object_12377
Oxidizing,Object_14455
Fragile,Object_13556
Fragile,Object_03492
Food,Object_07250
Radioactive,Object_01487
Explosive,Object_14190
Food,Object_03027
Oxidizing,Object_06676
Toxic,Object_14870
Explosive,Object_07081
Oxidizing,Object_06724
Fragile,Object_00852
Corrosive,Object_10659
Flammable,Object_06150
Radioactive,Object_10777
Fragile,Object_00614
Food,Object_09208
Fragile,Object_02779
Explosive,Object_14930
Unspecified,Object_04274
Radioactive,Object_04220
Explosive,Object_14567
Fragile,Object_10688
Fragile,Object_02323
Explosive,Object_02759
Radioactive,Object_04169
Flammable,Object_06818
Flammable,Object_12305
Food,Object_11598
Corrosive,Object_07145
Corrosive,Object_08156
Pressurized,Object_02909
Flammable,Object_13985
Pressurized,Object_01346
Oxidizing,Object_10598
Corrosive,Object_02035
Oxidizing,Object_14584
Fragile,Object_09062
Flammable,Object_06161
Fragile,Object_05052
Radioactive,Object_02139
Unspecified,Object_13358
Pressurized,Object_12563
Fragile,Object_10479
Flammable,Object_13113
Fragile,Object_01167
Radioactive,Object_00603
Explosive,Object_04029
Pressurized,Object_01281
Flammable,Object_02983
Flammable,Object_01951
Unspecified,Object_12850
Fragile,Object_03856
Flammable,Object_11241
Toxic,Object_07754
Explosive,Object_03137
Food,Object_03651
Toxic,Object_02350
Radioactive,Object_07212
Unspecified,Object_07832
Radioactive,Object_00194
Unspecified,Object_05849
Oxidizing,Object_14236
Explosive,Object_01909
Food,Object_04012
Oxidizing,Object_08119
Radioactive,Object_10902
Toxic,Object_05835
Unspecified,Object_01119
Radioactive,Object_03948
Toxic,Object_06204
Food,Object_02994
Toxic,Object_00245
Toxic,Object_11147
Oxidizing,Object_10088
Food,Object_12098
Food,Object_04194
Pressurized,Object_11601
Toxic,Object_02926
Unspecified,Object_11378
Fragile,Object_07591
Food,Object_09602
Toxic,Object_06005
Unspecified,Object_06159
Explosive,Object_08204
Radioactive,Object_07725
Unspecified,Object_15159
Explosive,Object_10787
Flammable,Object_04772
Pressurized,Object_00266
Unspecified,Object_12316
Corrosive,Object_01133
Unspecified,Object_03138
Corrosive,Object_10557
Toxic,Object_02477
Flammable,Object_04523
Flammable,Object_14200
Corrosive,Object_01549
Pressurized,Object_04634
Explosive,Object_08240
Oxidizing,Object_13307
Corrosive,Object_04320
Radioactive,Object_07049
Fragile,Object_01194
Fragile,Object_04735
Oxidizing,Object_01392
Corrosive,Object_15068
Oxidizing,Object_11728
Explosive,Object_14039
Fragile,Object_04935
Corrosive,Object_02019
Toxic,Object_10929
Oxidizing,Object_02276
Oxidizing,Object_09827
Unspecified,Object_13609
Corrosive,Object_05972
Fragile,Object_04355
Oxidizing,Object_11034
Food,Object_12126
Radioactive,Object_02444
Radioactive,Object_06987
Food,Object_04307
Corrosive,Object_02642
Pressurized,Object_12378
Unspecified,Object_14318
Corrosive,Object_14996
Radioactive,Object_12893
Radioactive,Object_06920
Flammable,Object_03004
Fragile,Object_02327
Food,Object_02125
Food,Object_08786
Explosive,Object_05304
Food,Object_05296
Flammable,Object_02215
Unspecified,Object_13808
Toxic,Object_13103
Radioactive,Object_13033
Fragile,Object_03010
Toxic,Object_12526
Radioactive,Object_03642
Food,Object_01785
Toxic,Object_07127
Unspecified,Object_05817
Flammable,Object_10070
Oxidizing,Object_02716
Oxidizing,Object_10271
Explosive,Object_07840
Corrosive,Object_03847
Unspecified,Object_02742
Toxic,Object_05957
Explosive,Object_06087
Radioactive,Object_13671
Toxic,Object_14528
Toxic,Object_11471
Radioactive,Object_03608
Toxic,Object_13513
Explosive,Object_05647
Toxic,Object_08947
Pressurized,Object_08322
Oxidizing,Object_10473
Unspecified,Object_01115
Food,Object_01059
Explosive,Object_06393
Food,Object_06343
Food,Object_03982
Fragile,Object_08839
Food,Object_15114
Radioactive,Object_07774
Explosive,Object_10773
Corrosive,Object_01701
Explosive,Object_11903
Fragile,Object_00074
Corrosive,Object_08134
Flammable,Object_07930
Flammable,Object_07861
Food,Object_10007
Flammable,Object_14981
Toxic,Object_04195
Flammable,Object_06991
Pressurized,Object_14307
Pressurized,Object_01425
Unspecified,Object_13212
Pressurized,Object_01060
Unspecified,Object_09446
Fragile,Object_03374
Corrosive,Object_07744
Unspecified,Object_15067
Flammable,Object_07716
Radioactive,Object_14054
Explosive,Object_10114
Oxidizing,Object_00337
Flammable,Object_11667
Corrosive,Object_04006
Explosive,Object_07137
Flammable,Object_02526
Corrosive,Object_06737
Oxidizing,Object_12314
Toxic,Object_05159
Oxidizing,Object_00160
Flammable,Object_08160
Pressurized,Object_07853
Corrosive,Object_13766
Corrosive,Object_14340
Fragile,Object_04518
Explosive,Object_03493
Flammable,Object_14146
Flammable,Object_07175
Explosive,Object_04564
Corrosive,Object_04126
Oxidizing,Object_11411
Food,Object_00964
Fragile,Object_06455
Toxic,Object_01947
Corrosive,Object_12557
Unspecified,Object_03204
Fragile,Object_12359
Corrosive,Object_12375
Oxidizing,Object_03313
Toxic,Object_12114
Corrosive,Object_13218
Flammable,Object_02488
Oxidizing,Object_07453
Fragile,Object_02080
Explosive,Object_14310
Unspecified,Object_11145
Radioactive,Object_00834
Pressurized,Object_08029
Corrosive,Object_03343
Toxic,Object_09511
Corrosive,Object_02695
Pressurized,Object_11315
Corrosive,Object_02527
Fragile,Object_09200
Corrosive,Object_03376
Food,Object_01000
Oxidizing,Object_13660
Explosive,Object_08781
Fragile,Object_01954
Unspecified,Object_11695
Radioactive,Object_10779
Food,Object_10520
Fragile,Object_09922
Radioactive,Object_04096
Food,Object_13339
Radioactive,Object_01975
Unspecified,Object_02123
Toxic,Object_05735
Explosive,Object_00754
Unspecified,Object_10620
Explosive,Object_12984
Corrosive,Object_04346
Explosive,Object_07837
Oxidizing,Object_00567
Fragile,Object_05454
Toxic,Object_08801
Oxidizing,Object_08071
Oxidizing,Object_06922
Food,Object_05579
Radioactive,Object_04013
Radioactive,Object_03236
Radioactive,Object_03424
Fragile,Object_11106
Flammable,Object_10580
Flammable,Object_05940
Fragile,Object_08937
Explosive,Object_09722
Toxic,Object_06811
Toxic,Object_00654
Flammable,Object_05308
Radioactive,Object_10553
Food,Object_11021
Flammable,Object_11430
Toxic,Object_07134
Unspecified,Object_10987
Food,Object_07148
Flammable,Object_09792
Food,Object_13534
Oxidizing,Object_05859
Flammable,Object_15146
Radioactive,Object_07431
Radioactive,Object_06244
Oxidizing,Object_04677
Corrosive,Object_10623
Unspecified,Object_05837
Food,Object_08649
Corrosive,Object_00601
Toxic,Object_04898
Corrosive,Object_12474
Pressurized,Object_09129
Flammable,Object_14028
Explosive,Object_09873
Radioactive,Object_07739
Fragile,Object_02034
Explosive,Object_04140
Flammable,Object_13125
Corrosive,Object_06386
Oxidizing,Object_03381
Pressurized,Object_06376
Fragile,Object_14368
Corrosive,Object_00276
Toxic,Object_01697
Pressurized,Object_01645
Flammable,Object_08708
Unspecified,Object_00484
Unspecified,Object_07432
Fragile,Object_10995
Unspecified,Object_09574
Flammable,Object_09816
Oxidizing,Object_08991
Flammable,Object_12485
Fragile,Object_00554
Unspecified,Object_05169
Radioactive,Object_07316
Radioactive,Object_00068
Flammable,Object_12551
Toxic,Object_14630
Radioactive,Object_02341
Fragile,Object_03310
Food,Object_00841
Explosive,Object_11288
Fragile,Object_14958
Unspecified,Object_13858
Toxic,Object_11099
Fragile,Object_05276
Corrosive,Object_01258
Explosive,Object_07773
Fragile,Object_05124
Oxidizing,Object_05460
Oxidizing,Object_14601
Unspecified,Object_09673
Explosive,Object_08281
Oxidizing,Object_13178
Oxidizing,Object_02615
Fragile,Object_10081
Toxic,Object_07828
Pressurized,Object_14494
Flammable,Object_04119
Radioactive,Object_03991
Corrosive,Object_07859
Toxic,Object_09686
Pressurized,Object_13932
Explosive,Object_13737
Food,Object_06613
Fragile,Object_14621
Oxidizing,Object_11209
Oxidizing,Object_00815
Oxidizing,Object_07856
Corrosive,Object_06966
Oxidizing,Object_10886
Toxic,Object_10698
Unspecified,Object_14095
Corrosive,Object_14304
Pressurized,Object_01018
Oxidizing,Object_07746
Toxic,Object_01063
Unspecified,Object_14449
Food,Object_11401
Radioactive,Object_09666
Unspecified,Object_09069
Unspecified,Object_03913
Flammable,Object_02402
Food,Object_13735
Fragile,Object_13645
Explosive,Object_05663
Food,Object_14462
Corrosive,Object_10086
Food,Object_03815
Food,Object_06270
Food,Object_06121
Radioactive,Object_11329
Unspecified,Object_03599
Food,Object_03895
Explosive,Object_07714
Corrosive,Object_09850
Radioactive,Object_00323
Unspecified,Object_14963
Toxic,Object_13355
Fragile,Object_11226
Oxidizing,Object_09180
Fragile,Object_01835
Explosive,Object_03537
Corrosive,Object_08289
Flammable,Object_14380
Explosive,Object_04091
Toxic,Object_04815
Radioactive,Object_09565
Unspecified,Object_07445
Food,Object_13201
Toxic,Object_00547
Oxidizing,Object_01728
Pressurized,Object_00733
Fragile,Object_10831
Oxidizing,Object_07002
Explosive,Object_08272
Toxic,Object_12515
Corrosive,Object_11505
Pressurized,Object_06521
Toxic,Object_06206
Toxic,Object_12576
Explosive,Object_02357
Explosive,Object_02771
Pressurized,Object_07785
Pressurized,Object_11972
Explosive,Object_08816
Oxidizing,Object_12355
Oxidizing,Object_14568
Toxic,Object_02693
Explosive,Object_12682
Oxidizing,Object_11730
Fragile,Object_05561
Fragile,Object_12841
Oxidizing,Object_02558
Radioactive,Object_06926
Fragile,Object_09712
Fragile,Object_11056
Radioactive,Object_03927
Toxic,Object_01038
Toxic,Object_07207
Flammable,Object_14675
Corrosive,Object_07592
Radioactive,Object_09516
Radioactive,Object_08531
Explosive,Object_10467
Fragile,Object_03517
Food,Object_05736
Radioactive,Object_00095
Food,Object_12360
Explosive,Object_11278
Toxic,Object_10477
Pressurized,Object_12651
Corrosive,Object_14608
Pressurized,Object_09835
Radioactive,Object_12486
Flammable,Object_08699
Oxidizing,Object_05567
Pressurized,Object_03883
Toxic,Object_00286
Unspecified,Object_02671
Pressurized,Object_02665
Pressurized,Object_06612
Unspecified,Object_08484
Unspecified,Object_10906
Food,Object_12638
Fragile,Object_08066
Toxic,Object_05145
Toxic,Object_14166
Oxidizing,Object_10163
Toxic,Object_10166
Flammable,Object_03674
Oxidizing,Object_02378
Oxidizing,Object_11675
Radioactive,Object_06351
Corrosive,Object_09061
Corrosive,Object_03607
Unspecified,Object_04845
Unspecified,Object_01146
Unspecified,Object_04510
Fragile,Object_14762
Explosive,Object_11830
Explosive,Object_13716
Explosive,Object_06945
Food,Object_11366
Explosive,Object_01267
Toxic,Object_09376
Fragile,Object_02515
Explosive,Object_03963
Unspecified,Object_00610
Toxic,Object_11714
Explosive,Object_14924
Unspecified,Object_04807
Fragile,Object_04344
Unspecified,Object_10685
Food,Object_09346
Radioactive,Object_05928
Fragile,Object_09166
Toxic,Object_10515
Food,Object_09844
Toxic,Object_02344
Flammable,Object_11853
Fragile,Object_08677
Pressurized,Object_06268
Toxic,Object_01652
Radioactive,Object_00010
Flammable,Object_00906
Radioactive,Object_00775
Pressurized,Object_03419
Explosive,Object_11287
Fragile,Object_13401
Flammable,Object_04133
Toxic,Object_08826
Oxidizing,Object_00627
Food,Object_04357
Food,Object_12483
Unspecified,Object_04145
Oxidizing,Object_00444
Unspecified,Object_13028
Corrosive,Object_07370
Fragile,Object_12115
Explosive,Object_04602
Corrosive,Object_10913
Radioactive,Object_04632
Pressurized,Object_07270
Toxic,Object_14542
Radioactive,Object_04059
Toxic,Object_00615
Radioactive,Object_04837
Pressurized,Object_06181
Explosive,Object_11869
Food,Object_11309
Radioactive,Object_13410
Radioactive,Object_15142
Food,Object_11002
Pressurized,Object_05209
Explosive,Object_10393
Fragile,Object_12952
Corrosive,Object_06942
Food,Object_11350
Fragile,Object_10560
Flammable,Object_02102
Toxic,Object_14483
Explosive,Object_10288
Food,Object_08990
Unspecified,Object_09753
Fragile,Object_05315
Corrosive,Object_07893
Toxic,Object_09300
Explosive,Object_12532
Food,Object_10430
Toxic,Object_10546
Toxic,Object_03555
Flammable,Object_01209
Explosive,Object_13205
Corrosive,Object_09651
Radioactive,Object_08155
Food,Object_06466
Unspecified,Object_08645
Explosive,Object_00769
Explosive,Object_01737
Fragile,Object_12246
Fragile,Object_11218
Pressurized,Object_07657
Toxic,Object_05990
Oxidizing,Object_06164
Corrosive,Object_13494
Food,Object_06277
Corrosive,Object_12160
Flammable,Object_05142
Radioactive,Object_04910
Fragile,Object_03474
Oxidizing,Object_01660
Food,Object_02899
Unspecified,Object_08567
Oxidizing,Object_01900
Flammable,Object_08998
Corrosive,Object_08891
Oxidizing,Object_11080
Flammable,Object_12341
Flammable,Object_00417
Corrosive,Object_13679
Toxic,Object_00496
Radioactive,Object_13887
Unspecified,Object_03727
Food,Object_05282
Corrosive,Object_05788
Radioactive,Object_09946
Food,Object_08075
Fragile,Object_07818
Oxidizing,Object_02415
Fragile,Object_10348
Food,Object_03116
Corrosive,Object_11876
Oxidizing,Object_10329
Explosive,Object_07190
Radioactive,Object_05798
Pressurized,Object_12335
Flammable,Object_01658
Flammable,Object_07680
Fragile,Object_06059
Pressurized,Object_11414
Fragile,Object_11796
Toxic,Object_02964
Explosive,Object_03525
Toxic,Object_06874
Pressurized,Object_04884
Radioactive,Object_03266
Explosive,Object_05719
Food,Object_03829
Radioactive,Object_15055
Radioactive,Object_06490
Food,Object_01771
Fragile,Object_13351
Food,Object_00578
Corrosive,Object_11301
Unspecified,Object_13277
Explosive,Object_09718
Corrosive,Object_08254
Flammable,Object_11427
Pressurized,Object_03237
Radioactive,Object_06837
Unspecified,Object_02911
Food,Object_12687
Explosive,Object_05945
Flammable,Object_03477
Flammable,Object_06789
Corrosive,Object_04651
Explosive,Object_02398
Toxic,Object_12714
Unspecified,Object_10771
Unspecified,Object_03255
Radioactive,Object_04380
Oxidizing,Object_00328
Explosive,Object_13468
Flammable,Object_13693
Oxidizing,Object_03668
Food,Object_14405
Corrosive,Object_14041
Fragile,Object_10660
Explosive,Object_02091
Pressurized,Object_03150
Oxidizing,Object_02012
Food,Object_12778
Pressurized,Object_07018
Flammable,Object_13673
Fragile,Object_08844
Pressurized,Object_00471
Oxidizing,Object_11909
Pressurized,Object_10090
Food,Object_01342
Radioactive,Object_12881
Radioactive,Object_05237
Explosive,Object_14261
Corrosive,Object_13493
Oxidizing,Object_14580
Flammable,Object_02837
Explosive,Object_12818
Unspecified,Object_05252
Flammable,Object_01182
Flammable,Object_02446
Oxidizing,Object_04281
Toxic,Object_06892
Explosive,Object_07099
Flammable,Object_04125
Fragile,Object_11272
Radioactive,Object_02748
Explosive,Object_08709
Flammable,Object_02583
Food,Object_02942
Fragile,Object_12786
Corrosive,Object_09100
Corrosive,Object_08076
Radioactive,Object_08730
Toxic,Object_15130
Explosive,Object_00671
Radioactive,Object_02856
Flammable,Object_00824
Unspecified,Object_08858
Food,Object_02174
Pressurized,Object_06165
Flammable,Object_01986
Oxidizing,Object_13097
Toxic,Object_07844
Radioactive,Object_00604
Explosive,Object_01567
Toxic,Object_04862
Fragile,Object_03295
Food,Object_12111
Fragile,Object_11009
Corrosive,Object_00663
Toxic,Object_11120
Pressurized,Object_14534
Food,Object_10143
Toxic,Object_07058
Flammable,Object_11741
Unspecified,Object_12884
Radioactive,Object_01544
Explosive,Object_12068
Oxidizing,Object_02493
Radioactive,Object_11394
Oxidizing,Object_05920
Oxidizing,Object_08598
Radioactive,Object_11425
Corrosive,Object_05218
Flammable,Object_13496
Toxic,Object_03205
Fragile,Object_02610
Flammable,Object_13073
Oxidizing,Object_05787
Toxic,Object_00639
Corrosive,Object_02603
Fragile,Object_04300
Explosive,Object_14949
Unspecified,Object_14932
Unspecified,Object_02345
Explosive,Object_12907
Radioactive,Object_11931
Unspecified,Object_02268
Fragile,Object_12321
Fragile,Object_01907
Oxidizing,Object_09413
Fragile,Object_01871
Corrosive,Object_05600
Unspecified,Object_07155
Toxic,Object_08993
Unspecified,Object_04421
Corrosive,Object_10158
Fragile,Object_04498
Food,Object_04775
Fragile,Object_08499
Food,Object_06123
Radioactive,Object_05288
Corrosive,Object_05963
Radioactive,Object_06852
Toxic,Object_00996
Explosive,Object_06083
Unspecified,Object_12810
Pressurized,Object_05527
Pressurized,Object_05750
Oxidizing,Object_08424
Pressurized,Object_00461
Food,Object_07641
Flammable,Object_14474
Flammable,Object_07427
Food,Object_02854
Fragile,Object_12062
Unspecified,Object_03717
Fragile,Object_01380
Corrosive,Object_08390
Unspecified,Object_02453
Corrosive,Object_03478
Pressurized,Object_01483
Toxic,Object_14606
Pressurized,Object_00980
Fragile,Object_04339
Toxic,Object_04471
Food,Object_00427
Toxic,Object_05354
Fragile,Object_07770
Food,Object_06936
Explosive,Object_00835
Corrosive,Object_02672
Unspecified,Object_14838
Toxic,Object_01337
Radioactive,Object_11701
Flammable,Object_11121
Toxic,Object_05546
Pressurized,Object_05743
Unspecified,Object_04574
Fragile,Object_12299
Food,Object_08742
Explosive,Object_00881
Explosive,Object_06016
Unspecified,Object_10302
Unspecified,Object_11517
Food,Object_06853
Unspecified,Object_15121
Food,Object_07296
Flammable,Object_13252
Toxic,Object_06810
Unspecified,Object_14517
Food,Object_09733
Oxidizing,Object_03946
Oxidizing,Object_02579
Explosive,Object_14273
Toxic,Object_10552
Radioactive,Object_12540
Toxic,Object_04183
Flammable,Object_00538
Oxidizing,Object_10306
Corrosive,Object_04586
Fragile,Object_07795
Flammable,Object_01499
Fragile,Object_12619
Corrosive,Object_00048
Explosive,Object_12801
Corrosive,Object_05657
Explosive,Object_10282
Radioactive,Object_01093
Radioactive,Object_10593
Flammable,Object_03328
Corrosive,Object_09280
Oxidizing,Object_07371
Radioactive,Object_12763
Flammable,Object_07255
Toxic,Object_06011
Toxic,Object_12773
Flammable,Object_09098
Fragile,Object_13263
Radioactive,Object_05390
Toxic,Object_12564
Radioactive,Object_12155
Food,Object_00089
Fragile,Object_07325
Oxidizing,Object_13718
Food,Object_07698
Corrosive,Object_11943
Pressurized,Object_04607
Food,Object_09564
Flammable,Object_01367
Corrosive,Object_03101
Explosive,Object_13467
Explosive,Object_04446
Food,Object_02733
Corrosive,Object_08772
Fragile,Object_14506
Corrosive,Object_05839
Fragile,Object_05877
Explosive,Object_02371
Flammable,Object_04656
Unspecified,Object_14313
Radioactive,Object_09975
Food,Object_09053
Corrosive,Object_10283
Radioactive,Object_05466
Food,Object_10274
Corrosive,Object_00485
Fragile,Object_00076
Toxic,Object_01080
Radioactive,Object_00680
Radioactive,Object_01550
Oxidizing,Object_14795
Toxic,Object_14088
Food,Object_10951
Food,Object_01564
Fragile,Object_05173
Radioactive,Object_14794
Toxic,Object_00889
Pressurized,Object_09860
Oxidizing,Object_02708
Flammable,Object_09125
Radioactive,Object_02412
Toxic,Object_09954
Corrosive,Object_14073
Unspecified,Object_14982
Pressurized,Object_12747
Explosive,Object_12794
Toxic,Object_00250
Fragile,Object_09394
Food,Object_02590
Fragile,Object_00429
Corrosive,Object_15019
Radioactive,Object_10257
Radioactive,Object_12524
Explosive,Object_08314
Oxidizing,Object_13395
Fragile,Object_09661
Radioactive,Object_09601
Flammable,Object_10092
Radioactive,Object_03119
Flammable,Object_08526
Food,Object_05694
Corrosive,Object_12275
Toxic,Object_11497
Toxic,Object_04472
Oxidizing,Object_07179
Oxidizing,Object_00517
Pressurized,Object_06310
Pressurized,Object_10034
Corrosive,Object_12664
Toxic,Object_04992
Fragile,Object_10675
Fragile,Object_12179
Corrosive,Object_06171
Radioactive,Object_02261
Fragile,Object_10916
Flammable,Object_10017
Food,Object_07214
Unspecified,Object_14573
Explosive,Object_04204
Toxic,Object_00500
Fragile,Object_12318
Corrosive,Object_06358
Explosive,Object_00568
Unspecified,Object_13216
Food,Object_10508
Food,Object_08176
Toxic,Object_06960
Toxic,Object_12124
Flammable,Object_00100
Explosive,Object_02320
Corrosive,Object_13090
Unspecified,Object_08045
Unspecified,Object_05176
Flammable,Object_06497
Toxic,Object_04003
Oxidizing,Object_14571
Oxidizing,Object_03650
Oxidizing,Object_14839
Oxidizing,Object_09915
Radioactive,Object_09308
Unspecified,Object_13922
Pressurized,Object_04492
Flammable,Object_03058
Toxic,Object_11054
Fragile,Object_12411
Fragile,Object_07903
Toxic,Object_02676
Explosive,Object_00124
Toxic,Object_04501
Explosive,Object_08287
Corrosive,Object_14496
Flammable,Object_13843
Fragile,Object_04229
Explosive,Object_10159
Toxic,Object_08856
Explosive,Object_04724
Toxic,Object_12052
Fragile,Object_05684
Food,Object_03507
Unspecified,Object_09206
Corrosive,Object_07079
Toxic,Object_14377
Toxic,Object_03544
Unspecified,Object_14167
Food,Object_04996
Explosive,Object_03384
Explosive,Object_04528
Explosive,Object_00905
Food,Object_04674
Pressurized,Object_00136
Oxidizing,Object_05171
Corrosive,Object_10492
Toxic,Object_14786
Corrosive,Object_07059
Unspecified,Object_09613
Food,Object_06325
Pressurized,Object_08536
Explosive,Object_06979
Fragile,Object_01575
Pressurized,Object_04618
Explosive,Object_13759
Food,Object_12894
Pressurized,Object_09744
Pressurized,Object_01665
Flammable,Object_07737
Food,Object_06001
Pressurized,Object_12855
Fragile,Object_12014
Oxidizing,Object_00235
Toxic,Object_11450
Unspecified,Object_04900
Corrosive,Object_04801
Fragile,Object_09019
Food,Object_06650
Fragile,Object_10904
Oxidizing,Object_12403
Fragile,Object_10458
Unspecified,Object_10852
Toxic,Object_09721
Radioactive,Object_13198
Corrosive,Object_14942
Food,Object_00252
Food,Object_02364
Explosive,Object_14391
Oxidizing,Object_12927
Fragile,Object_03545
Radioactive,Object_10561
Oxidizing,Object_00036
Explosive,Object_14539
Pressurized,Object_12435
Toxic,Object_05149
Corrosive,Object_02310
Food,Object_06175
Fragile,Object_05828
Corrosive,Object_10686
Corrosive,Object_07775
Pressurized,Object_14705
Corrosive,Object_07934
Food,Object_06528
Flammable,Object_10657
Flammable,Object_08587
Unspecified,Object_13993
Radioactive,Object_07340
Toxic,Object_03111
Oxidizing,Object_14771
Food,Object_04077
Flammable,Object_08669
Pressurized,Object_06155
Fragile,Object_02429
Corrosive,Object_04583
Food,Object_03454
Pressurized,Object_00560
Corrosive,Object_11619
Flammable,Object_01631
Corrosive,Object_01381
Unspecified,Object_08376
Food,Object_07526
Unspecified,Object_12349
Pressurized,Object_09315
Pressurized,Object_12868
Oxidizing,Object_10746
Pressurized,Object_11133
Toxic,Object_06775
Oxidizing,Object_14899
Unspecified,Object_14591
Corrosive,Object_01810
Pressurized,Object_11087
Corrosive,Object_03558
Food,Object_07699
Corrosive,Object_08962
Radioactive,Object_09995
Flammable,Object_07534
Toxic,Object_12733
Oxidizing,Object_10524
Fragile,Object_10405
Flammable,Object_03854
Explosive,Object_03643
Explosive,Object_14187
Pressurized,Object_06474
Unspecified,Object_07892
Food,Object_06833
Explosive,Object_11582
Unspecified,Object_01486
Toxic,Object_02250
Explosive,Object_03628
Food,Object_09303
Toxic,Object_14611
Pressurized,Object_02810
Flammable,Object_02895
Unspecified,Object_13440
Corrosive,Object_00953
Radioactive,Object_00005
Explosive,Object_12051
Unspecified,Object_11546
Unspecified,Object_00218
Flammable,Object_09464
Oxidizing,Object_01175
Food,Object_07141
Explosive,Object_07486
Toxic,Object_13004
Toxic,Object_11353
Fragile,Object_07941
Oxidizing,Object_13749
Pressurized,Object_05428
Flammable,Object_08871
Food,Object_09325
Oxidizing,Object_13533
Oxidizing,Object_03276
Radioactive,Object_10571
Radioactive,Object_04408
Oxidizing,Object_09000
Toxic,Object_02245
Toxic,Object_13692
Pressurized,Object_09390
Oxidizing,Object_04505
Toxic,Object_14010
Oxidizing,Object_09720
Food,Object_13837
Oxidizing,Object_02413
Oxidizing,Object_13085
Explosive,Object_01330
Flammable,Object_08276
Flammable,Object_00785
Explosive,Object_05496
Flammable,Object_10102
Explosive,Object_07825
Radioactive,Object_04085
Food,Object_01317
Flammable,Object_08597
Flammable,Object_04246
Fragile,Object_01621
Unspecified,Object_04310
Toxic,Object_08671
Radioactive,Object_06678
Corrosive,Object_10043
Radioactive,Object_04971
Flammable,Object_12942
Oxidizing,Object_04166
Pressurized,Object_05478
Toxic,Object_04982
Unspecified,Object_05072
Pressurized,Object_07505
Explosive,Object_11558
Radioactive,Object_05932
Explosive,Object_13970
Fragile,Object_12421
Toxic,Object_01186
Unspecified,Object_06238
Oxidizing,Object_05891
Explosive,Object_05554
Fragile,Object_08767
Corrosive,Object_09926
Pressurized,Object_05464
Fragile,Object_11495
Flammable,Object_09395
Toxic,Object_02637
Flammable,Object_07484
Unspecified,Object_04976
Oxidizing,Object_00013
Food,Object_12901
Corrosive,Object_13878
Toxic,Object_12936
Toxic,Object_05382
Flammable,Object_12762
Oxidizing,Object_07712
Fragile,Object_06494
Pressurized,Object_02780
Food,Object_05964
Pressurized,Object_03937
Corrosive,Object_10503
Oxidizing,Object_07783
Radioactive,Object_00801
Oxidizing,Object_02338
Toxic,Object_02293
Radioactive,Object_11262
Flammable,Object_07689
Fragile,Object_01016
Oxidizing,Object_02868
Corrosive,Object_00156
Food,Object_07619
Radioactive,Object_12871
Corrosive,Object_15041
Unspecified,Object_10895
Toxic,Object_08306
Fragile,Object_09497
Oxidizing,Object_04809
Fragile,Object_13136
Fragile,Object_08444
Corrosive,Object_03531
Food,Object_04608
Corrosive,Object_14878
Pressurized,Object_13301
Flammable,Object_14232
Explosive,Object_09245
Pressurized,Object_01357
Unspecified,Object_05448
Fragile,Object_11020
Pressurized,Object_05935
Corrosive,Object_04902
Food,Object_05947
Toxic,Object_09998
Explosive,Object_02667
Flammable,Object_03866
Fragile,Object_01869
Fragile,Object_13150
Pressurized,Object_02354
Corrosive,Object_04734
Fragile,Object_07672
Unspecified,Object_05427
Fragile,Object_10298
Pressurized,Object_02824
Oxidizing,Object_06072
Food,Object_07231
Fragile,Object_07280
Flammable,Object_10672
Radioactive,Object_03961
Oxidizing,Object_11489
Unspecified,Object_01335
Unspecified,Object_06801
Toxic,Object_02430
Pressurized,Object_05356
Explosive,Object_10487
Pressurized,Object_13720
Pressurized,Object_14083
Flammable,Object_09281
Flammable,Object_09156
Food,Object_04221
Unspecified,Object_09950
Radioactive,Object_01545
Unspecified,Object_05228
Fragile,Object_13054
Unspecified,Object_07960
Flammable,Object_13865
Flammable,Object_07174
Radioactive,Object_05222
Unspecified,Object_02456
Toxic,Object_01692
Toxic,Object_10201
Unspecified,Object_13225
Unspecified,Object_12013
Fragile,Object_06274
Food,Object_01001
Oxidizing,Object_06533
Corrosive,Object_12428
Toxic,Object_04365
Flammable,Object_12442
Flammable,Object_11062
Food,Object_03799
Corrosive,Object_07201
Explosive,Object_06348
Fragile,Object_08131
Unspecified,Object_04561
Flammable,Object_00765
Pressurized,Object_14162
Oxidizing,Object_08818
Flammable,Object_03211
Toxic,Object_10198
Food,Object_11124
Fragile,Object_05126
Explosive,Object_03677
Unspecified,Object_06302
Corrosive,Object_07558
Food,Object_03528
Corrosive,Object_13929
Toxic,Object_14383
Food,Object_02786
Food,Object_08451
Explosive,Object_13451
Unspecified,Object_14578
Pressurized,Object_05974
Food,Object_13012
Fragile,Object_09471
Unspecified,Object_12669
Flammable,Object_05630
Radioactive,Object_07504
Corrosive,Object_01812
Food,Object_14614
Unspecified,Object_09758
Unspecified,Object_00385
Pressurized,Object_09938
Flammable,Object_02078
Toxic,Object_02058
Fragile,Object_00405
Explosive,Object_11661
Toxic,Object_01088
Pressurized,Object_13232
Explosive,Object_03942
Oxidizing,Object_01269
Fragile,Object_08348
Flammable,Object_00363
Flammable,Object_07021
Pressurized,Object_04662
Oxidizing,Object_09095
Fragile,Object_09425
Corrosive,Object_12612
Toxic,Object_03812
Explosive,Object_00838
Corrosive,Object_09193
Toxic,Object_05965
Food,Object_02715
Radioactive,Object_00946
Unspecified,Object_02332
Unspecified,Object_00767
Flammable,Object_01144
Explosive,Object_04132
Explosive,Object_03831
Radioactive,Object_08722
Oxidizing,Object_11223
Corrosive,Object_13761
Fragile,Object_12505
Flammable,Object_06437
Oxidizing,Object_03228
Food,Object_00269
Fragile,Object_14664
Corrosive,Object_01479
Radioactive,Object_00537
Unspecified,Object_04885
Explosive,Object_09034
Food,Object_12956
Pressurized,Object_13403
Radioactive,Object_14999
Corrosive,Object_09482
Fragile,Object_08202
Flammable,Object_02774
Fragile,Object_06444
Oxidizing,Object_12449
Corrosive,Object_03485
Explosive,Object_09223
Pressurized,Object_01321
Food,Object_13724
Pressurized,Object_05010
Radioactive,Object_03926
Food,Object_07077
Pressurized,Object_05465
Pressurized,Object_08505
Unspecified,Object_13361
Toxic,Object_00102
Flammable,Object_14985
Explosive,Object_14914
Toxic,Object_03094
Food,Object_02967
Pressurized,Object_03235
Pressurized,Object_05000
Corrosive,Object_12708
Toxic,Object_09454
Pressurized,Object_04441
Radioactive,Object_06729
Unspecified,Object_05452
Corrosive,Object_09868
Pressurized,Object_10260
Explosive,Object_05401
Radioactive,Object_09724
Fragile,Object_01261
Oxidizing,Object_15000
Unspecified,Object_13518
Radioactive,Object_10164
Pressurized,Object_08915
Corrosive,Object_11780
Flammable,Object_10037
Pressurized,Object_11281
Toxic,Object_03410
Food,Object_06982
Oxidizing,Object_00295
Radioactive,Object_00708
Explosive,Object_00210
Explosive,Object_11271
Unspecified,Object_13123
Corrosive,Object_00169
Explosive,Object_04325
Radioactive,Object_11346
Corrosive,Object_09321
Pressurized,Object_11936
Flammable,Object_11865
Flammable,Object_14738
Corrosive,Object_06573
Radioactive,Object_01960
Oxidizing,Object_01251
Food,Object_14217
Oxidizing,Object_05727
Radioactive,Object_11183
Oxidizing,Object_13333
Unspecified,Object_00435
Food,Object_08226
Corrosive,Object_14929
Explosive,Object_13280
Unspecified,Object_10364
Corrosive,Object_00135
Toxic,Object_12560
Oxidizing,Object_02066
Corrosive,Object_08480
Explosive,Object_02476
Pressurized,Object_00420
Food,Object_00452
Explosive,Object_14898
Fragile,Object_08166
Radioactive,Object_07959
Flammable,Object_09759
Food,Object_05151
Explosive,Object_10398
Flammable,Object_13791
Corrosive,Object_08498
Pressurized,Object_11199
Oxidizing,Object_02747
Corrosive,Object_04562
Fragile,Object_08335
Unspecified,Object_13709
Toxic,Object_08266
Radioactive,Object_01253
Flammable,Object_13595
Pressurized,Object_00361
Fragile,Object_03207
Corrosive,Object_14240
Radioactive,Object_12691
Food,Object_05056
Toxic,Object_08748
Radioactive,Object_00697
Corrosive,Object_14754
Unspecified,Object_02698
Corrosive,Object_00059
Oxidizing,Object_03220
Unspecified,Object_06422
Explosive,Object_01024
Oxidizing,Object_08608
Radioactive,Object_00668
Flammable,Object_09183
Flammable,Object_06627
Pressurized,Object_02537
Oxidizing,Object_08144
Unspecified,Object_03226
Toxic,Object_06970
Food,Object_11589
Food,Object_06784
Flammable,Object_01754
Unspecified,Object_04147
Fragile,Object_14358
Radioactive,Object_09742
Corrosive,Object_04842
Flammable,Object_09107
Oxidizing,Object_07683
Radioactive,Object_01911
Fragile,Object_08847
Fragile,Object_12912
Pressurized,Object_00607
Toxic,Object_03011
Fragile,Object_13872
Food,Object_11368
Flammable,Object_07020
Toxic,Object_02758
Oxidizing,Object_03552
Explosive,Object_10925
Corrosive,Object_05267
Fragile,Object_13703
Oxidizing,Object_09704
Flammable,Object_05998
Unspecified,Object_03280
Flammable,Object_08535
Food,Object_00372
Oxidizing,Object_03243
Flammable,Object_14787
Flammable,Object_01613
Food,Object_10674
Toxic,Object_11396
Toxic,Object_10578
Flammable,Object_08407
Fragile,Object_03270
Pressurized,Object_13174
Radioactive,Object_07455
Explosive,Object_01620
Radioactive,Object_05475
Radioactive,Object_08539
Explosive,Object_00690
Explosive,Object_06025
Explosive,Object_08263
Radioactive,Object_10451
Food,Object_07662
Toxic,Object_05721
Unspecified,Object_14415
Corrosive,Object_01828
Flammable,Object_14169
Pressurized,Object_04115
Fragile,Object_14352
Toxic,Object_10992
Radioactive,Object_00795
Corrosive,Object_07381
Radioactive,Object_05941
Oxidizing,Object_05054
Fragile,Object_13564
Unspecified,Object_11910
Oxidizing,Object_08286
Toxic,Object_08774
Food,Object_00893
