Category,Object
Unspecified,Object_05239
Radioactive,Object_02116
Fragile,Object_06411
Flammable,Object_01483
Food,Object_02367
Pressurized,Object_05281
Radioactive,Object_01741
Oxidizing,Object_06764
Food,Object_06689
Fragile,Object_00385
Corrosive,Object_01981
Pressurized,Object_04663
Explosive,Object_02794
Corrosive,Object_05589
Corrosive,Object_05317
Radioactive,Object_05587
Flammable,Object_06336
Flammable,Object_00410
Oxidizing,Object_03343
Corrosive,Object_03951
Unspecified,Object_03689
Explosive,Object_05572
Unspecified,Object_06310
Pressurized,Object_04179
Pressurized,Object_03688
Oxidizing,Object_05330
Fragile,Object_06264
Explosive,Object_01212
Toxic,Object_04929
Corrosive,Object_03247
Oxidizing,Object_07323
Unspecified,Object_01665
Unspecified,Object_01878
Unspecified,Object_00012
Corrosive,Object_02473
Radioactive,Object_07255
Food,Object_03901
Toxic,Object_01475
Oxidizing,Object_03535
Pressurized,Object_03042
Fragile,Object_03577
Toxic,Object_04687
Explosive,Object_00237
Pressurized,Object_06783
Oxidizing,Object_06809
Corrosive,Object_01478
Unspecified,Object_03470
Oxidizing,Object_04674
Pressurized,Object_01755
Fragile,Object_00151
Pressurized,Object_02651
Radioactive,Object_04553
Fragile,Object_05684
Radioactive,Object_07226
Explosive,Object_06448
Pressurized,Object_03472
Fragile,Object_00974
Pressurized,Object_01431
Oxidizing,Object_04489
Food,Object_05089
Flammable,Object_03072
Oxidizing,Object_06963
Explosive,Object_01815
Flammable,Object_01724
Corrosive,Object_06698
Fragile,Object_03590
Flammable,Object_02899
Toxic,Object_03702
Food,Object_04070
Toxic,Object_02112
Unspecified,Object_05105
Radioactive,Object_07364
Food,Object_02698
Toxic,Object_04932
Fragile,Object_00057
Food,Object_06949
Corrosive,Object_03484
Toxic,Object_03342
Toxic,Object_07460
Food,Object_00624
Flammable,Object_01370
Fragile,Object_04899
Corrosive,Object_03905
Explosive,Object_03898
Explosive,Object_01733
Oxidizing,Object_00258
Explosive,Object_00533
Radioactive,Object_03981
Fragile,Object_04844
Fragile,Object_02560
Toxic,Object_01690
Food,Object_00223
Explosive,Object_04446
Explosive,Object_03910
Food,Object_03218
Oxidizing,Object_01698
Oxidizing,Object_06230
Explosive,Object_05341
Fragile,Object_03142
Unspecified,Object_07247
Radioactive,Object_06639
Oxidizing,Object_03488
Corrosive,Object_01020
Flammable,Object_00784
Explosive,Object_00452
Unspecified,Object_03411
Food,Object_05334
Flammable,Object_04845
Corrosive,Object_05781
Unspecified,Object_07316
Unspecified,Object_06947
Explosive,Object_02890
Corrosive,Object_03504
Corrosive,Object_02991
Radioactive,Object_02430
Explosive,Object_00405
Radioactive,Object_05420
Flammable,Object_00840
Corrosive,Object_00548
Flammable,Object_06367
Flammable,Object_06240
Oxidizing,Object_04954
Pressurized,Object_03866
Toxic,Object_01179
Explosive,Object_03960
Pressurized,Object_04320
Explosive,Object_05249
Pressurized,Object_05674
Pressurized,Object_03466
Unspecified,Object_02474
Pressurized,Object_02573
Food,Object_03028
Toxic,Object_05080
Pressurized,Object_00407
Fragile,Object_02847
Toxic,Object_02169
Fragile,Object_05778
Radioactive,Object_04360
Flammable,Object_01101
Explosive,Object_07217
Food,Object_00790
Food,Object_06901
Radioactive,Object_01756
Pressurized,Object_07429
Radioactive,Object_00209
Pressurized,Object_06125
Corrosive,Object_00480
Toxic,Object_04721
Flammable,Object_01215
Flammable,Object_06627
Explosive,Object_00449
Toxic,Object_04859
Food,Object_07066
Food,Object_05348
Oxidizing,Object_05040
Oxidizing,Object_02546
Unspecified,Object_04382
Pressurized,Object_02812
Food,Object_07098
Fragile,Object_05722
Fragile,Object_01714
Unspecified,Object_04464
Explosive,Object_02475
Corrosive,Object_03580
Toxic,Object_04574
Corrosive,Object_03441
Radioactive,Object_01236
Toxic,Object_03005
Toxic,Object_02939
Pressurized,Object_01620
Fragile,Object_04771
Pressurized,Object_00373
Food,Object_04550
Explosive,Object_06131
Radioactive,Object_05425
Flammable,Object_07301
Explosive,Object_06691
Food,Object_05756
Corrosive,Object_06369
Explosive,Object_03668
Food,Object_03794
Oxidizing,Object_00382
Flammable,Object_01604
Fragile,Object_02537
Pressurized,Object_02361
Pressurized,Object_05963
Pressurized,Object_01130
Unspecified,Object_00060
Radioactive,Object_04183
Unspecified,Object_07023
Radioactive,Object_01674
Oxidizing,Object_00562
Oxidizing,Object_03105
Explosive,Object_03137
Radioactive,Object_06612
Toxic,Object_04862
Fragile,Object_06760
Explosive,Object_03214
Unspecified,Object_06679
Explosive,Object_06892
Radioactive,Object_06358
Pressurized,Object_06630
Fragile,Object_02817
Pressurized,Object_04397
Flammable,Object_04364
Unspecified,Object_05467
Radioactive,Object_03851
Flammable,Object_05923
Fragile,Object_04994
Oxidizing,Object_06559
Flammable,Object_03355
Food,Object_00641
Explosive,Object_06516
Explosive,Object_07207
Pressurized,Object_05564
Pressurized,Object_00671
Radioactive,Object_04955
Pressurized,Object_07137
Corrosive,Object_02420
Corrosive,Object_05118
Radioactive,Object_04832
Radioactive,Object_04578
Corrosive,Object_06170
Corrosive,Object_03789
Oxidizing,Object_02694
Unspecified,Object_00415
Fragile,Object_06895
Unspecified,Object_07132
Radioactive,Object_01893
Toxic,Object_06976
Radioactive,Object_07423
Food,Object_03268
Flammable,Object_05440
Unspecified,Object_05990
Unspecified,Object_06108
Oxidizing,Object_05458
Unspecified,Object_04621
Explosive,Object_04939
Toxic,Object_04017
Pressurized,Object_02426
Fragile,Object_01744
Flammable,Object_03291
Corrosive,Object_01388
Radioactive,Object_00779
Pressurized,Object_06048
Food,Object_02930
Explosive,Object_02846
Food,Object_02797
Pressurized,Object_06645
Food,Object_05548
Fragile,Object_06734
Corrosive,Object_05260
Oxidizing,Object_04169
Flammable,Object_02024
Radioactive,Object_00957
Flammable,Object_02972
Unspecified,Object_07089
Fragile,Object_06260
Unspecified,Object_02911
Radioactive,Object_05151
Pressurized,Object_01160
Fragile,Object_06056
Food,Object_02371
Food,Object_04299
Food,Object_06116
Fragile,Object_06636
Pressurized,Object_05956
Unspecified,Object_02587
Corrosive,Object_05952
Corrosive,Object_00190
Pressurized,Object_06083
Corrosive,Object_03672
Fragile,Object_00700
Fragile,Object_06379
Flammable,Object_02306
Oxidizing,Object_04602
Corrosive,Object_05512
Pressurized,Object_05904
Pressurized,Object_01955
Oxidizing,Object_06860
Fragile,Object_03130
Fragile,Object_04217
Flammable,Object_01861
Radioactive,Object_07412
Radioactive,Object_04483
Oxidizing,Object_02257
Oxidizing,Object_03926
Flammable,Object_05761
Fragile,Object_02708
Explosive,Object_01400
Corrosive,Object_01164
Food,Object_06712
Pressurized,Object_05373
Oxidizing,Object_06044
Fragile,Object_03391
Corrosive,Object_02967
Flammable,Object_07138
Food,Object_04465
Unspecified,Object_06587
Corrosive,Object_04182
Flammable,Object_00397
Food,Object_02451
Unspecified,Object_03454
Food,Object_05048
Toxic,Object_04770
Corrosive,Object_04110
Pressurized,Object_05976
Flammable,Object_02465
Radioactive,Object_00446
Food,Object_00966
Food,Object_07057
Radioactive,Object_06927
Toxic,Object_06373
Food,Object_04633
Toxic,Object_01489
Flammable,Object_03357
Flammable,Object_05064
Flammable,Object_04305
Corrosive,Object_02588
Food,Object_00850
Toxic,Object_05999
Unspecified,Object_01780
Fragile,Object_06384
Toxic,Object_01872
Food,Object_05716
Unspecified,Object_01609
Toxic,Object_01091
Unspecified,Object_03678
Corrosive,Object_01612
Corrosive,Object_02299
Unspecified,Object_05531
Explosive,Object_03425
Flammable,Object_03774
Food,Object_01284
Corrosive,Object_04772
Radioactive,Object_06747
Toxic,Object_04671
Radioactive,Object_03763
Oxidizing,Object_02319
Radioactive,Object_03747
Fragile,Object_00255
Flammable,Object_06838
Toxic,Object_00467
Corrosive,Object_07215
Explosive,Object_01095
Food,Object_06568
Unspecified,Object_00001
Food,Object_03860
Unspecified,Object_04964
Radioactive,Object_00338
Radioactive,Object_04712
Pressurized,Object_06974
Unspecified,Object_01867
Pressurized,Object_02138
Pressurized,Object_01622
Radioactive,Object_05863
Toxic,Object_03762
Oxidizing,Object_03277
Radioactive,Object_00739
Radioactive,Object_06223
Food,Object_00539
Corrosive,Object_06470
Food,Object_00736
Unspecified,Object_00884
Food,Object_04068
Flammable,Object_03845
Radioactive,Object_03551
Toxic,Object_06399
Pressurized,Object_02973
Oxidizing,Object_02901
Oxidizing,Object_06548
Oxidizing,Object_05280
Fragile,Object_02468
Oxidizing,Object_04172
Oxidizing,Object_07096
Unspecified,Object_04760
Oxidizing,Object_05515
Toxic,Object_06897
Unspecified,Object_06594
Toxic,Object_06231
Unspecified,Object_02445
Corrosive,Object_00244
Pressurized,Object_06816
Oxidizing,Object_04375
Explosive,Object_04942
Fragile,Object_01329
Oxidizing,Object_04693
Pressurized,Object_02576
Fragile,Object_04174
Oxidizing,Object_02758
Explosive,Object_05839
Explosive,Object_07268
Food,Object_00038
Explosive,Object_00200
Food,Object_01077
Oxidizing,Object_02429
Unspecified,Object_04330
Fragile,Object_00650
Oxidizing,Object_02336
Corrosive,Object_02289
Radioactive,Object_05627
Radioactive,Object_03143
Radioactive,Object_03375
Flammable,Object_04949
Pressurized,Object_02010
Toxic,Object_05133
Pressurized,Object_05545
Explosive,Object_01902
Corrosive,Object_02703
Explosive,Object_01053
Oxidizing,Object_03710
Corrosive,Object_00628
Radioactive,Object_04620
Fragile,Object_06248
Toxic,Object_05282
Oxidizing,Object_00125
Explosive,Object_02648
Explosive,Object_04723
Food,Object_06547
Explosive,Object_05606
Fragile,Object_06068
Oxidizing,Object_00550
Corrosive,Object_07293
Fragile,Object_06729
Explosive,Object_03475
Unspecified,Object_00460
Food,Object_04435
Radioactive,Object_00573
Pressurized,Object_05226
Corrosive,Object_03331
Corrosive,Object_07144
Toxic,Object_05313
Explosive,Object_05842
Radioactive,Object_01677
Pressurized,Object_04000
Pressurized,Object_03972
Toxic,Object_03162
Pressurized,Object_01147
Radioactive,Object_02840
Toxic,Object_00364
Oxidizing,Object_06247
Radioactive,Object_03555
Corrosive,Object_02219
Food,Object_05007
Fragile,Object_04794
Oxidizing,Object_06980
Food,Object_00589
Radioactive,Object_06978
Oxidizing,Object_05559
Pressurized,Object_04201
Radioactive,Object_06625
Corrosive,Object_07311
Corrosive,Object_02874
Fragile,Object_00863
Oxidizing,Object_01606
Fragile,Object_01716
Fragile,Object_01996
Food,Object_04118
Fragile,Object_03145
Pressurized,Object_02388
Pressurized,Object_02950
Toxic,Object_03224
Unspecified,Object_00229
Explosive,Object_03332
Radioactive,Object_06237
Radioactive,Object_02554
Unspecified,Object_05562
Unspecified,Object_04104
Radioactive,Object_05636
Toxic,Object_00935
Oxidizing,Object_00883
Pressurized,Object_06452
Unspecified,Object_00755
Food,Object_00183
Corrosive,Object_01655
Unspecified,Object_03819
Food,Object_02738
Flammable,Object_04405
Fragile,Object_01912
Toxic,Object_02953
Toxic,Object_04081
Fragile,Object_06496
Unspecified,Object_02785
Oxidizing,Object_01781
Explosive,Object_03013
Food,Object_01705
Radioactive,Object_05702
Radioactive,Object_05332
Explosive,Object_00475
Unspecified,Object_06652
Unspecified,Object_07245
Corrosive,Object_03497
Flammable,Object_05827
Fragile,Object_00889
Oxidizing,Object_05853
Pressurized,Object_02793
Oxidizing,Object_04813
Explosive,Object_04998
Flammable,Object_07424
Corrosive,Object_00684
Fragile,Object_02992
Fragile,Object_04747
Oxidizing,Object_02212
Toxic,Object_05237
Fragile,Object_07153
Radioactive,Object_00159
Food,Object_00587
Radioactive,Object_05846
Explosive,Object_02004
Explosive,Object_04753
Oxidizing,Object_05799
Fragile,Object_02093
Toxic,Object_02604
Radioactive,Object_01056
Toxic,Object_04260
Explosive,Object_03588
Flammable,Object_07431
Toxic,Object_04743
Fragile,Object_02832
Corrosive,Object_04200
Corrosive,Object_01100
Food,Object_02305
Explosive,Object_06714
Corrosive,Object_07303
Toxic,Object_03879
Flammable,Object_04325
Toxic,Object_02782
Radioactive,Object_00019
Explosive,Object_02410
Corrosive,Object_03613
Oxidizing,Object_04117
Radioactive,Object_05897
Flammable,Object_03657
Corrosive,Object_05953
Explosive,Object_00968
Food,Object_03434
Pressurized,Object_01464
Pressurized,Object_05954
Radioactive,Object_00756
Food,Object_01564
Explosive,Object_01977
Pressurized,Object_05033
Pressurized,Object_07219
Radioactive,Object_07167
Unspecified,Object_06834
Toxic,Object_01765
Oxidizing,Object_02701
Food,Object_06823
Radioactive,Object_06526
Toxic,Object_06774
Pressurized,Object_00680
Flammable,Object_07302
Explosive,Object_00535
Flammable,Object_02855
Explosive,Object_02237
Unspecified,Object_01709
Food,Object_02068
Flammable,Object_00295
Unspecified,Object_03015
Pressurized,Object_04811
Pressurized,Object_00088
Toxic,Object_00656
Unspecified,Object_06148
Unspecified,Object_04607
Pressurized,Object_02769
Food,Object_05813
Flammable,Object_04508
Toxic,Object_05327
Food,Object_05703
Flammable,Object_00362
Food,Object_05744
Unspecified,Object_02896
Toxic,Object_01278
Radioactive,Object_01805
Toxic,Object_05631
Food,Object_01282
Toxic,Object_00735
Pressurized,Object_03846
Pressurized,Object_03327
Oxidizing,Object_03667
Oxidizing,Object_00990
Food,Object_00955
Food,Object_06015
Toxic,Object_02032
Fragile,Object_02089
Pressurized,Object_01843
Unspecified,Object_06836
Fragile,Object_01301
Pressurized,Object_02411
Radioactive,Object_01293
Flammable,Object_03897
Unspecified,Object_03353
Pressurized,Object_04960
Food,Object_03568
Fragile,Object_05536
Unspecified,Object_01777
Radioactive,Object_02213
Corrosive,Object_00329
Corrosive,Object_00270
Radioactive,Object_01495
Unspecified,Object_02178
Toxic,Object_00380
Unspecified,Object_03338
Oxidizing,Object_06581
Flammable,Object_04350
Food,Object_00937
Oxidizing,Object_01084
Toxic,Object_07076
Explosive,Object_03085
Radioactive,Object_07474
Pressurized,Object_02339
Explosive,Object_04012
Food,Object_07353
Unspecified,Object_03046
Radioactive,Object_05995
Flammable,Object_06851
Food,Object_03346
Explosive,Object_05229
Food,Object_00669
Explosive,Object_00263
Toxic,Object_00914
Corrosive,Object_00983
Explosive,Object_02447
Pressurized,Object_03670
Explosive,Object_02765
Flammable,Object_04091
Radioactive,Object_05816
Corrosive,Object_07154
Flammable,Object_06666
Explosive,Object_07244
Unspecified,Object_04961
Flammable,Object_02824
Flammable,Object_03938
Flammable,Object_06696
Unspecified,Object_01754
Corrosive,Object_02095
Corrosive,Object_06716
Corrosive,Object_05851
Unspecified,Object_07482
Unspecified,Object_06212
Pressurized,Object_05238
Fragile,Object_02756
Corrosive,Object_01140
Radioactive,Object_06768
Toxic,Object_00294
Food,Object_01000
Fragile,Object_06572
Fragile,Object_02295
Pressurized,Object_06852
Explosive,Object_01905
Pressurized,Object_05079
Fragile,Object_00859
Corrosive,Object_03665
Unspecified,Object_04775
Toxic,Object_04093
Unspecified,Object_02646
Unspecified,Object_02866
Food,Object_02103
Radioactive,Object_07094
Food,Object_04507
Flammable,Object_05029
Fragile,Object_00509
Radioactive,Object_06127
Explosive,Object_02681
Explosive,Object_03546
Flammable,Object_05980
Explosive,Object_00372
Radioactive,Object_03781
Flammable,Object_01221
Corrosive,Object_05006
Explosive,Object_05862
Toxic,Object_06028
Fragile,Object_06584
Flammable,Object_00013
Pressurized,Object_00301
Toxic,Object_05146
Food,Object_00979
Explosive,Object_03465
Fragile,Object_03917
Explosive,Object_05949
Corrosive,Object_02110
Pressurized,Object_00280
Corrosive,Object_03840
Food,Object_02679
Flammable,Object_06479
Flammable,Object_04559
Pressurized,Object_06193
Food,Object_01034
Flammable,Object_06617
Flammable,Object_06412
Toxic,Object_04453
Pressurized,Object_05253
Fragile,Object_00682
Toxic,Object_05158
Fragile,Object_02980
Corrosive,Object_01433
Food,Object_00115
Flammable,Object_06579
Corrosive,Object_00555
Unspecified,Object_01790
Flammable,Object_04707
Toxic,Object_06597
Food,Object_02753
Pressurized,Object_00204
Explosive,Object_07369
Food,Object_04730
Flammable,Object_05618
Food,Object_03745
Corrosive,Object_03913
Corrosive,Object_00885
Toxic,Object_07312
Fragile,Object_06002
Food,Object_01216
Toxic,Object_04892
Oxidizing,Object_04718
Explosive,Object_02292
Corrosive,Object_02404
Oxidizing,Object_03581
Radioactive,Object_01333
Unspecified,Object_01703
Oxidizing,Object_06349
Fragile,Object_03081
Oxidizing,Object_03561
Flammable,Object_04439
Corrosive,Object_04673
Corrosive,Object_02035
Food,Object_00551
Explosive,Object_02092
Corrosive,Object_05125
Pressurized,Object_06923
Corrosive,Object_05326
Oxidizing,Object_03704
Radioactive,Object_06552
Explosive,Object_01885
Toxic,Object_03836
Unspecified,Object_02731
Fragile,Object_04635
Unspecified,Object_00880
Pressurized,Object_03309
Toxic,Object_03550
Fragile,Object_00923
Fragile,Object_02891
Radioactive,Object_06196
Unspecified,Object_06189
Toxic,Object_05175
Flammable,Object_05651
Explosive,Object_01640
Oxidizing,Object_01629
Oxidizing,Object_06388
Toxic,Object_00928
Radioactive,Object_02591
Corrosive,Object_06577
Explosive,Object_04335
Toxic,Object_01231
Corrosive,Object_05199
Flammable,Object_07345
Explosive,Object_00767
Corrosive,Object_05543
Pressurized,Object_05836
Corrosive,Object_04105
Oxidizing,Object_07427
Pressurized,Object_00130
Unspecified,Object_01696
Unspecified,Object_03887
Flammable,Object_02444
Oxidizing,Object_03410
Oxidizing,Object_04803
Explosive,Object_06784
Explosive,Object_05143
Fragile,Object_07320
Corrosive,Object_03106
Food,Object_00406
Oxidizing,Object_07204
Toxic,Object_03630
Fragile,Object_02394
Explosive,Object_00065
Oxidizing,Object_06675
Radioactive,Object_03236
Corrosive,Object_05793
Pressurized,Object_02668
Toxic,Object_06473
Food,Object_00915
Flammable,Object_03559
Unspecified,Object_00870
Flammable,Object_04443
Oxidizing,Object_03336
Oxidizing,Object_02040
Flammable,Object_03776
Toxic,Object_00995
Oxidizing,Object_05672
Radioactive,Object_03799
Flammable,Object_06582
Radioactive,Object_00520
Pressurized,Object_02714
Corrosive,Object_02354
Oxidizing,Object_07355
Food,Object_01180
Explosive,Object_05613
Fragile,Object_01865
Flammable,Object_03386
Explosive,Object_03274
Flammable,Object_04251
Fragile,Object_06622
Flammable,Object_07010
Oxidizing,Object_02963
Oxidizing,Object_04031
Unspecified,Object_01204
Explosive,Object_03029
Flammable,Object_01031
Toxic,Object_01452
Unspecified,Object_03195
Explosive,Object_05834
Fragile,Object_04761
Flammable,Object_01500
Pressurized,Object_05099
Explosive,Object_01011
Fragile,Object_04654
Toxic,Object_04234
Explosive,Object_05017
Fragile,Object_02509
Fragile,Object_00082
Explosive,Object_01633
Food,Object_00394
Corrosive,Object_04249
Food,Object_07062
Food,Object_05297
Pressurized,Object_06236
Oxidizing,Object_07333
Explosive,Object_01055
Corrosive,Object_03602
Explosive,Object_06563
Radioactive,Object_04315
Radioactive,Object_00592
Flammable,Object_02321
Radioactive,Object_05396
Explosive,Object_02471
Flammable,Object_06956
Corrosive,Object_05890
Explosive,Object_04306
Unspecified,Object_04150
Pressurized,Object_03596
Radioactive,Object_07378
Pressurized,Object_00213
Radioactive,Object_00699
Oxidizing,Object_02425
Toxic,Object_04631
Food,Object_07349
Oxidizing,Object_00732
Fragile,Object_00355
Unspecified,Object_00499
Food,Object_00731
Fragile,Object_05868
Radioactive,Object_06813
Oxidizing,Object_01367
Toxic,Object_03198
Flammable,Object_04310
Radioactive,Object_06485
Explosive,Object_06274
Pressurized,Object_03444
Unspecified,Object_07171
Oxidizing,Object_04026
Corrosive,Object_04460
Flammable,Object_04778
Corrosive,Object_03114
Corrosive,Object_03566
Fragile,Object_04546
Unspecified,Object_05503
Toxic,Object_06773
Oxidizing,Object_04008
Explosive,Object_01910
Toxic,Object_04127
Pressurized,Object_06858
Radioactive,Object_06126
Fragile,Object_03459
Food,Object_05577
Fragile,Object_00653
Radioactive,Object_06861
Toxic,Object_04688
Corrosive,Object_03493
Flammable,Object_04796
Radioactive,Object_00626
Oxidizing,Object_07239
Food,Object_03328
Oxidizing,Object_02779
Unspecified,Object_03432
Unspecified,Object_02798
Pressurized,Object_02235
Radioactive,Object_06872
Fragile,Object_06802
Radioactive,Object_07251
Oxidizing,Object_06276
Flammable,Object_02603
Corrosive,Object_00657
Oxidizing,Object_00488
Explosive,Object_02706
Flammable,Object_02260
Flammable,Object_02483
Radioactive,Object_04947
Pressurized,Object_03326
Flammable,Object_06158
Oxidizing,Object_03297
Toxic,Object_01896
Food,Object_06027
Food,Object_06904
Unspecified,Object_01603
Toxic,Object_04625
Unspecified,Object_01316
Fragile,Object_01187
Fragile,Object_02206
Radioactive,Object_04396
Fragile,Object_02241
Oxidizing,Object_07455
Flammable,Object_04370
Unspecified,Object_00849
Explosive,Object_05164
Toxic,Object_02841
Explosive,Object_04063
Unspecified,Object_04925
Flammable,Object_01159
Corrosive,Object_06368
Fragile,Object_03975
Pressurized,Object_02868
Toxic,Object_06512
Pressurized,Object_01890
Pressurized,Object_01064
Food,Object_00279
Radioactive,Object_07013
Oxidizing,Object_01635
Corrosive,Object_04560
Unspecified,Object_04901
Flammable,Object_01625
Unspecified,Object_05490
Food,Object_01852
Explosive,Object_01024
Toxic,Object_06724
Flammable,Object_01720
Explosive,Object_00685
Flammable,Object_04096
Toxic,Object_03047
Corrosive,Object_02328
Food,Object_06569
Food,Object_00675
Fragile,Object_00913
Food,Object_06815
Explosive,Object_03448
Pressurized,Object_07379
Food,Object_05322
Radioactive,Object_00619
Fragile,Object_01344
Corrosive,Object_02786
Explosive,Object_03395
Unspecified,Object_07108
Explosive,Object_02621
Food,Object_04408
Toxic,Object_07322
Radioactive,Object_06588
Fragile,Object_05931
Pressurized,Object_04285
Pressurized,Object_05659
Explosive,Object_01161
Explosive,Object_02324
Radioactive,Object_03628
Radioactive,Object_04230
Fragile,Object_00688
Fragile,Object_03107
Pressurized,Object_04323
Fragile,Object_02593
Fragile,Object_03878
Pressurized,Object_04463
Oxidizing,Object_00809
Food,Object_06883
Explosive,Object_04894
Unspecified,Object_04924
Unspecified,Object_00709
Pressurized,Object_05653
Fragile,Object_00640
Radioactive,Object_04060
Food,Object_00112
Corrosive,Object_05037
Oxidizing,Object_02624
Explosive,Object_07039
Fragile,Object_03406
Explosive,Object_02316
Corrosive,Object_04872
Flammable,Object_00872
Flammable,Object_05389
Radioactive,Object_04430
Toxic,Object_04427
Explosive,Object_05498
Food,Object_01125
Food,Object_07059
Unspecified,Object_01768
Pressurized,Object_02067
Radioactive,Object_01415
Radioactive,Object_06983
Pressurized,Object_05162
Flammable,Object_03790
Radioactive,Object_02220
Oxidizing,Object_04357
Corrosive,Object_01051
Unspecified,Object_01449
Food,Object_00375
Pressurized,Object_04893
Fragile,Object_03056
Toxic,Object_03942
Unspecified,Object_04670
Explosive,Object_05340
Toxic,Object_04598
Oxidizing,Object_01427
Food,Object_02307
Fragile,Object_02238
Fragile,Object_01469
Explosive,Object_05197
Corrosive,Object_02983
Oxidizing,Object_01658
Corrosive,Object_03335
Toxic,Object_02270
Food,Object_07182
Radioactive,Object_02987
Corrosive,Object_05148
Food,Object_03991
Oxidizing,Object_04650
Toxic,Object_06936
Pressurized,Object_00267
Corrosive,Object_03931
Fragile,Object_02428
Toxic,Object_04834
Food,Object_04456
Food,Object_02688
Food,Object_01827
Toxic,Object_04144
Flammable,Object_02800
Toxic,Object_03204
Fragile,Object_01621
Fragile,Object_00554
Toxic,Object_01576
Pressurized,Object_02215
Food,Object_01310
Radioactive,Object_05324
Food,Object_07165
Fragile,Object_04969
Toxic,Object_02595
Fragile,Object_02633
Radioactive,Object_05971
Oxidizing,Object_01225
Radioactive,Object_04367
Flammable,Object_03847
Unspecified,Object_00010
Radioactive,Object_02808
Flammable,Object_02917
Flammable,Object_06646
Radioactive,Object_03936
Food,Object_03301
Radioactive,Object_06620
Pressurized,Object_05320
Unspecified,Object_04567
Fragile,Object_06561
Unspecified,Object_02019
Pressurized,Object_02900
Fragile,Object_06445
Radioactive,Object_00831
Pressurized,Object_03235
Unspecified,Object_07490
Oxidizing,Object_02045
Toxic,Object_03958
Unspecified,Object_06966
Oxidizing,Object_01979
Flammable,Object_01731
Radioactive,Object_03394
Oxidizing,Object_04953
Food,Object_04040
Food,Object_05381
Explosive,Object_02016
Food,Object_00311
Fragile,Object_00843
Explosive,Object_03045
Unspecified,Object_03735
Flammable,Object_07169
Flammable,Object_07227
Unspecified,Object_03253
Pressurized,Object_06865
Flammable,Object_04945
Oxidizing,Object_01486
Unspecified,Object_01820
Unspecified,Object_04533
Oxidizing,Object_06287
Pressurized,Object_02098
Explosive,Object_05707
Unspecified,Object_01592
Fragile,Object_05622
Unspecified,Object_03516
Oxidizing,Object_06765
Corrosive,Object_02042
Unspecified,Object_03524
Corrosive,Object_05003
Food,Object_02513
Corrosive,Object_04597
Corrosive,Object_02514
Explosive,Object_07375
Fragile,Object_01667
Explosive,Object_02780
Radioactive,Object_05119
Unspecified,Object_07053
Explosive,Object_02453
Toxic,Object_03731
Corrosive,Object_02921
Oxidizing,Object_00374
Unspecified,Object_03473
Corrosive,Object_05073
Corrosive,Object_05279
Flammable,Object_01371
Pressurized,Object_02479
Corrosive,Object_05933
Pressurized,Object_00287
Toxic,Object_05294
Fragile,Object_04143
Toxic,Object_01298
Unspecified,Object_03153
Pressurized,Object_04115
Radioactive,Object_02463
Oxidizing,Object_05371
Flammable,Object_03000
Toxic,Object_00758
Pressurized,Object_01883
Pressurized,Object_05861
Flammable,Object_06440
Fragile,Object_03783
Flammable,Object_00313
Explosive,Object_04224
Fragile,Object_06484
Toxic,Object_00563
Corrosive,Object_03066
Unspecified,Object_03732
Explosive,Object_03625
Unspecified,Object_04799
Pressurized,Object_00827
Toxic,Object_02166
Oxidizing,Object_02739
Pressurized,Object_05011
Oxidizing,Object_04610
Fragile,Object_03230
Pressurized,Object_05721
Radioactive,Object_05439
Pressurized,Object_01093
Unspecified,Object_05270
Corrosive,Object_03169
Explosive,Object_05691
Food,Object_01402
Flammable,Object_05486
Food,Object_05928
Flammable,Object_06840
Oxidizing,Object_07328
Explosive,Object_06945
Flammable,Object_03574
Pressurized,Object_03252
Oxidizing,Object_00127
Food,Object_03345
Fragile,Object_06356
Radioactive,Object_02278
Fragile,Object_05998
Fragile,Object_03324
Pressurized,Object_00232
Toxic,Object_01823
Radioactive,Object_06738
Fragile,Object_01903
Unspecified,Object_04378
Flammable,Object_05723
Unspecified,Object_02752
Corrosive,Object_01149
Food,Object_05459
Toxic,Object_04768
Oxidizing,Object_03927
Toxic,Object_03103
Pressurized,Object_01997
Radioactive,Object_05599
Food,Object_07249
Fragile,Object_05156
Unspecified,Object_06772
Pressurized,Object_00839
Fragile,Object_02422
Toxic,Object_05205
Pressurized,Object_05611
Oxidizing,Object_06316
Pressurized,Object_03306
Flammable,Object_01659
Flammable,Object_05662
Explosive,Object_07285
Food,Object_03370
Food,Object_04879
Explosive,Object_06190
Flammable,Object_00575
Food,Object_06363
Oxidizing,Object_01522
Flammable,Object_03695
Explosive,Object_02114
Fragile,Object_05994
Flammable,Object_04380
Pressurized,Object_05236
Unspecified,Object_03496
Flammable,Object_06294
Corrosive,Object_01870
Unspecified,Object_07216
Corrosive,Object_01399
Toxic,Object_00583
Explosive,Object_05535
Toxic,Object_05066
Oxidizing,Object_04848
Oxidizing,Object_06944
Toxic,Object_05265
Pressurized,Object_01505
Radioactive,Object_04384
Corrosive,Object_01265
Explosive,Object_05025
Pressurized,Object_02147
Flammable,Object_03507
Flammable,Object_04941
Fragile,Object_03948
Flammable,Object_00269
Pressurized,Object_05919
Radioactive,Object_06306
Flammable,Object_04870
Corrosive,Object_04940
Unspecified,Object_02431
Fragile,Object_04979
Oxidizing,Object_02704
Explosive,Object_02764
Explosive,Object_07170
Flammable,Object_02039
Toxic,Object_05351
Toxic,Object_00133
Unspecified,Object_02054
Oxidizing,Object_01196
Food,Object_07298
Toxic,Object_01210
Radioactive,Object_05191
Explosive,Object_00971
Corrosive,Object_06605
Food,Object_04627
Food,Object_00240
Flammable,Object_01384
Toxic,Object_03163
Corrosive,Object_05388
Radioactive,Object_00403
Toxic,Object_04236
Radioactive,Object_07317
Food,Object_04341
Corrosive,Object_05446
Pressurized,Object_06924
Radioactive,Object_02118
Corrosive,Object_04888
Pressurized,Object_03539
Pressurized,Object_06174
Explosive,Object_06001
Fragile,Object_01819
Food,Object_03250
Food,Object_03943
Oxidizing,Object_01193
Unspecified,Object_00181
Toxic,Object_00102
Unspecified,Object_06000
Flammable,Object_05649
Food,Object_03278
Unspecified,Object_00111
Radioactive,Object_05936
Explosive,Object_00788
Oxidizing,Object_04873
Pressurized,Object_06279
Food,Object_04657
Flammable,Object_02650
Unspecified,Object_05032
Explosive,Object_04494
Pressurized,Object_02144
Toxic,Object_05404
Explosive,Object_04100
Fragile,Object_00359
Explosive,Object_00694
Pressurized,Object_06427
Oxidizing,Object_00432
Flammable,Object_00817
Flammable,Object_06251
Pressurized,Object_01426
Unspecified,Object_07241
Fragile,Object_02562
Pressurized,Object_01383
Flammable,Object_03902
Flammable,Object_05103
Explosive,Object_07297
Flammable,Object_03144
Explosive,Object_06718
Fragile,Object_07295
Food,Object_04447
Toxic,Object_03271
Corrosive,Object_05573
Toxic,Object_04425
Radioactive,Object_01825
Fragile,Object_07377
Corrosive,Object_03587
Oxidizing,Object_04754
Corrosive,Object_01725
Radioactive,Object_05696
Unspecified,Object_02607
Toxic,Object_04570
Toxic,Object_02995
Corrosive,Object_04946
Fragile,Object_02619
Explosive,Object_02766
Corrosive,Object_06972
Food,Object_04294
Toxic,Object_02253
Explosive,Object_02977
Toxic,Object_04488
Pressurized,Object_01952
Food,Object_06513
Oxidizing,Object_05986
Food,Object_02455
Food,Object_07135
Toxic,Object_02400
Pressurized,Object_01457
Fragile,Object_03595
Oxidizing,Object_04572
Radioactive,Object_02729
Oxidizing,Object_01398
Toxic,Object_07269
Fragile,Object_01269
Unspecified,Object_03598
Flammable,Object_06967
Flammable,Object_06937
Corrosive,Object_06191
Explosive,Object_06386
Unspecified,Object_01119
Food,Object_05337
Explosive,Object_02657
Unspecified,Object_02142
Toxic,Object_07450
Fragile,Object_00008
Food,Object_05974
Radioactive,Object_06786
Unspecified,Object_00207
Radioactive,Object_07151
Fragile,Object_05597
Fragile,Object_00593
Oxidizing,Object_01969
Oxidizing,Object_01081
Unspecified,Object_02173
Unspecified,Object_05261
Fragile,Object_05729
Toxic,Object_05291
Radioactive,Object_02194
Unspecified,Object_00553
Unspecified,Object_06182
Pressurized,Object_05131
Toxic,Object_01536
Fragile,Object_03436
Pressurized,Object_02734
Corrosive,Object_00524
Fragile,Object_03683
Fragile,Object_02741
Fragile,Object_05693
Toxic,Object_06613
Corrosive,Object_02197
Explosive,Object_07036
Pressurized,Object_06710
Corrosive,Object_02540
Explosive,Object_01363
Radioactive,Object_01338
Oxidizing,Object_06560
Oxidizing,Object_04057
Corrosive,Object_07438
Fragile,Object_04184
Pressurized,Object_05376
Flammable,Object_00806
Pressurized,Object_02406
Radioactive,Object_04193
Oxidizing,Object_06833
Food,Object_00235
Flammable,Object_01687
Food,Object_07058
Oxidizing,Object_05806
Pressurized,Object_05654
Flammable,Object_02232
Corrosive,Object_05913
Explosive,Object_02413
Oxidizing,Object_04751
Food,Object_07430
Flammable,Object_00940
Corrosive,Object_05759
Explosive,Object_06010
Radioactive,Object_01134
Toxic,Object_00360
Pressurized,Object_02402
Food,Object_05941
Radioactive,Object_06410
Flammable,Object_04075
Corrosive,Object_00773
Fragile,Object_03612
Flammable,Object_02303
Flammable,Object_04203
Unspecified,Object_04492
Corrosive,Object_03409
Flammable,Object_02135
Explosive,Object_00614
Corrosive,Object_05687
Fragile,Object_05694
Food,Object_02649
Oxidizing,Object_05395
Explosive,Object_00463
Food,Object_05453
Radioactive,Object_06408
Oxidizing,Object_00752
Explosive,Object_00811
Toxic,Object_00691
Flammable,Object_01834
Fragile,Object_01182
Radioactive,Object_06634
Radioactive,Object_07461
Radioactive,Object_02985
Food,Object_00814
Radioactive,Object_01615
Food,Object_03533
Oxidizing,Object_04349
Corrosive,Object_07351
Corrosive,Object_04843
Corrosive,Object_02792
Toxic,Object_03088
Food,Object_07011
Explosive,Object_04645
Flammable,Object_03650
Unspecified,Object_00497
Food,Object_07160
Food,Object_04677
Corrosive,Object_01850
Oxidizing,Object_06225
Food,Object_05821
Food,Object_07422
Oxidizing,Object_02208
Flammable,Object_04884
Corrosive,Object_04958
Radioactive,Object_02986
Radioactive,Object_05840
Radioactive,Object_07428
Corrosive,Object_00092
Toxic,Object_04389
Fragile,Object_03074
Corrosive,Object_04537
Toxic,Object_01025
Oxidizing,Object_05520
Corrosive,Object_05880
Oxidizing,Object_03804
Oxidizing,Object_01882
Unspecified,Object_06671
Toxic,Object_06854
Food,Object_01150
Unspecified,Object_00243
Flammable,Object_02076
Pressurized,Object_05711
Unspecified,Object_06293
Flammable,Object_06328
Pressurized,Object_02002
Toxic,Object_05259
Corrosive,Object_02687
Corrosive,Object_03842
Toxic,Object_04609
Toxic,Object_05275
Oxidizing,Object_05333
Explosive,Object_06137
Radioactive,Object_00278
Explosive,Object_02815
Unspecified,Object_05427
Flammable,Object_04853
Unspecified,Object_05095
Oxidizing,Object_05916
Corrosive,Object_02246
Oxidizing,Object_02502
Toxic,Object_06886
Unspecified,Object_04095
Fragile,Object_01303
Oxidizing,Object_01002
Unspecified,Object_06879
Food,Object_06841
Flammable,Object_00690
Corrosive,Object_03758
Unspecified,Object_05284
Oxidizing,Object_02682
Oxidizing,Object_03225
Food,Object_01800
Flammable,Object_03165
Radioactive,Object_00202
Oxidizing,Object_04592
Explosive,Object_05228
Oxidizing,Object_00413
Unspecified,Object_06732
Unspecified,Object_05930
Flammable,Object_00443
Food,Object_00284
Flammable,Object_00792
Oxidizing,Object_05582
Oxidizing,Object_04142
Fragile,Object_05944
Toxic,Object_03118
Radioactive,Object_05070
Pressurized,Object_02914
Unspecified,Object_03563
Toxic,Object_06382
Corrosive,Object_05375
Unspecified,Object_02277
Explosive,Object_05301
Oxidizing,Object_06122
Toxic,Object_03560
Flammable,Object_05939
Corrosive,Object_06982
Toxic,Object_03514
Food,Object_05482
Food,Object_06720
Flammable,Object_05454
Food,Object_00829
Food,Object_00352
Food,Object_04317
Fragile,Object_01531
Food,Object_05704
Unspecified,Object_07072
Toxic,Object_00061
Explosive,Object_02188
Explosive,Object_07063
Explosive,Object_07126
Food,Object_05775
Corrosive,Object_06332
Oxidizing,Object_01546
Fragile,Object_06362
Oxidizing,Object_05063
Explosive,Object_04715
Oxidizing,Object_02549
Corrosive,Object_01998
Food,Object_01715
Explosive,Object_02641
Flammable,Object_01366
Pressurized,Object_00481
Pressurized,Object_02933
Unspecified,Object_07127
Fragile,Object_00819
Oxidizing,Object_00157
Pressurized,Object_03919
Oxidizing,Object_01194
Corrosive,Object_04129
Flammable,Object_05069
Corrosive,Object_07157
Fragile,Object_00837
Fragile,Object_05918
Explosive,Object_06912
Explosive,Object_01126
Toxic,Object_05706
Fragile,Object_03337
Radioactive,Object_01830
Radioactive,Object_00584
Radioactive,Object_05250
Unspecified,Object_06465
Oxidizing,Object_00854
Pressurized,Object_00930
Corrosive,Object_02359
Flammable,Object_06586
Toxic,Object_01692
Corrosive,Object_01440
Fragile,Object_03408
Food,Object_00165
Toxic,Object_02487
Toxic,Object_04123
Unspecified,Object_04527
Fragile,Object_04557
Pressurized,Object_00803
Toxic,Object_04996
Flammable,Object_01534
Unspecified,Object_03871
Toxic,Object_01410
Pressurized,Object_02870
Unspecified,Object_06535
Toxic,Object_07361
Food,Object_03811
Food,Object_06303
Toxic,Object_00534
Radioactive,Object_02770
Pressurized,Object_01660
Corrosive,Object_03119
Food,Object_06343
Oxidizing,Object_00973
Radioactive,Object_02525
Radioactive,Object_01626
Toxic,Object_05058
Fragile,Object_00649
Radioactive,Object_03197
Toxic,Object_05608
Pressurized,Object_03752
Radioactive,Object_06761
Radioactive,Object_07228
Corrosive,Object_02262
Toxic,Object_03061
Flammable,Object_03038
Radioactive,Object_06268
Food,Object_02913
Radioactive,Object_04353
Flammable,Object_04623
Food,Object_00936
Corrosive,Object_04914
Fragile,Object_01908
Corrosive,Object_00804
Unspecified,Object_00549
Oxidizing,Object_05776
Fragile,Object_02512
Oxidizing,Object_04083
Explosive,Object_00623
Corrosive,Object_04386
Fragile,Object_01729
Unspecified,Object_01414
Explosive,Object_01257
Explosive,Object_07432
Radioactive,Object_00645
Flammable,Object_05088
Flammable,Object_00083
Fragile,Object_04046
Toxic,Object_03384
Pressurized,Object_02276
Explosive,Object_05168
Food,Object_00507
Explosive,Object_01474
Unspecified,Object_00128
Pressurized,Object_00770
Corrosive,Object_00275
Toxic,Object_05039
Toxic,Object_07181
Pressurized,Object_06302
Food,Object_07111
Pressurized,Object_06307
Toxic,Object_02374
Explosive,Object_07017
Unspecified,Object_01685
Radioactive,Object_00999
Explosive,Object_00189
Toxic,Object_05234
Unspecified,Object_03785
Radioactive,Object_06677
Oxidizing,Object_01552
Unspecified,Object_05097
Radioactive,Object_05362
Food,Object_00095
Corrosive,Object_06329
Pressurized,Object_02482
Flammable,Object_00576
Oxidizing,Object_01492
Pressurized,Object_04612
Radioactive,Object_06059
Pressurized,Object_01879
Oxidizing,Object_07040
Toxic,Object_00238
Radioactive,Object_02552
Corrosive,Object_02268
Explosive,Object_05477
Food,Object_04231
Explosive,Object_03817
Radioactive,Object_05818
Food,Object_00126
Pressurized,Object_07164
Corrosive,Object_02353
Flammable,Object_01277
Toxic,Object_02466
Pressurized,Object_05874
Food,Object_05533
Toxic,Object_06576
Oxidizing,Object_06035
Corrosive,Object_01297
Food,Object_00606
Explosive,Object_03265
Unspecified,Object_06637
Food,Object_07442
Pressurized,Object_00100
Fragile,Object_03138
Pressurized,Object_01353
Pressurized,Object_00896
Corrosive,Object_03279
Radioactive,Object_01871
Food,Object_06469
Flammable,Object_00962
Toxic,Object_04042
Explosive,Object_03420
Radioactive,Object_07246
Food,Object_03786
Oxidizing,Object_03469
Flammable,Object_01751
Oxidizing,Object_01152
Unspecified,Object_06623
Oxidizing,Object_01360
Pressurized,Object_03358
Food,Object_03007
Toxic,Object_01089
Fragile,Object_04248
Toxic,Object_07177
Radioactive,Object_06087
Toxic,Object_07279
Food,Object_02460
Oxidizing,Object_06141
Pressurized,Object_00043
Explosive,Object_01919
Oxidizing,Object_01807
Unspecified,Object_05580
Explosive,Object_06635
Oxidizing,Object_01004
Radioactive,Object_06965
Pressurized,Object_06624
Pressurized,Object_00459
Corrosive,Object_00388
Corrosive,Object_02327
Fragile,Object_03861
Flammable,Object_02807
Explosive,Object_00221
Explosive,Object_00825
Oxidizing,Object_04177
Fragile,Object_00557
Toxic,Object_05318
Fragile,Object_02251
Corrosive,Object_04856
Flammable,Object_03401
Oxidizing,Object_06092
Radioactive,Object_03556
Corrosive,Object_06766
Flammable,Object_03644
Food,Object_06038
Fragile,Object_00414
Pressurized,Object_02179
Unspecified,Object_06098
Flammable,Object_03184
Radioactive,Object_00621
Unspecified,Object_06175
Fragile,Object_03041
Oxidizing,Object_01875
Pressurized,Object_00416
Flammable,Object_04831
Oxidizing,Object_01299
Fragile,Object_00353
Pressurized,Object_00681
Corrosive,Object_01361
Toxic,Object_01530
Explosive,Object_03449
Food,Object_03021
Flammable,Object_03164
Corrosive,Object_04121
Toxic,Object_06229
Radioactive,Object_04858
Food,Object_04043
Food,Object_00477
Toxic,Object_01873
Explosive,Object_01396
Explosive,Object_05689
Pressurized,Object_05594
Unspecified,Object_06275
Corrosive,Object_06180
Unspecified,Object_02730
Fragile,Object_01920
Pressurized,Object_01591
Flammable,Object_00123
Toxic,Object_03385
Radioactive,Object_04828
Food,Object_06200
Unspecified,Object_04148
Flammable,Object_01063
Oxidizing,Object_00421
Toxic,Object_01335
Unspecified,Object_03500
Toxic,Object_00921
Radioactive,Object_04906
Radioactive,Object_01086
Fragile,Object_04411
Pressurized,Object_07448
Toxic,Object_06746
Unspecified,Object_00616
Food,Object_00932
Pressurized,Object_04826
Toxic,Object_06628
Pressurized,Object_01407
Pressurized,Object_07347
Radioactive,Object_04080
Oxidizing,Object_03698
Flammable,Object_00500
Oxidizing,Object_00702
Pressurized,Object_02008
Oxidizing,Object_07029
Corrosive,Object_02123
Food,Object_00608
Unspecified,Object_02034
Corrosive,Object_03069
Pressurized,Object_05692
Radioactive,Object_02671
Corrosive,Object_01854
Toxic,Object_06252
Corrosive,Object_05167
Oxidizing,Object_04566
Unspecified,Object_04111
Explosive,Object_00087
Flammable,Object_07221
Toxic,Object_00408
Radioactive,Object_03867
Fragile,Object_01639
Pressurized,Object_04279
Radioactive,Object_03478
Oxidizing,Object_00730
Radioactive,Object_00120
Radioactive,Object_00296
Corrosive,Object_02099
Radioactive,Object_06728
Unspecified,Object_03249
Radioactive,Object_02190
Food,Object_05163
Explosive,Object_02825
Fragile,Object_04545
Explosive,Object_04825
Food,Object_01641
Explosive,Object_07206
Food,Object_05106
Food,Object_03843
Explosive,Object_01994
Unspecified,Object_04324
Corrosive,Object_04108
Food,Object_02252
Flammable,Object_06067
Unspecified,Object_02499
Unspecified,Object_01799
Toxic,Object_01326
Flammable,Object_06219
Flammable,Object_02085
Radioactive,Object_05196
Food,Object_01728
Unspecified,Object_06318
Fragile,Object_07472
Flammable,Object_05392
Toxic,Object_03237
Toxic,Object_02458
Pressurized,Object_03918
Oxidizing,Object_06920
Pressurized,Object_01416
Flammable,Object_00483
Oxidizing,Object_04352
Fragile,Object_03480
Corrosive,Object_00004
Oxidizing,Object_05675
Fragile,Object_03619
Corrosive,Object_03259
Fragile,Object_04078
Fragile,Object_06970
Unspecified,Object_03771
Corrosive,Object_05591
Flammable,Object_05370
Flammable,Object_04737
Corrosive,Object_06674
Oxidizing,Object_05603
Toxic,Object_05233
Radioactive,Object_03529
Radioactive,Object_01991
Toxic,Object_01016
Oxidizing,Object_05100
Unspecified,Object_04448
Explosive,Object_02145
Oxidizing,Object_06138
Pressurized,Object_06476
Pressurized,Object_06803
Fragile,Object_05927
Flammable,Object_01003
Radioactive,Object_02216
Radioactive,Object_03400
Radioactive,Object_03511
Flammable,Object_07405
Food,Object_04270
Oxidizing,Object_01995
Fragile,Object_05740
Oxidizing,Object_05728
Food,Object_03883
Radioactive,Object_07095
Food,Object_01097
Pressurized,Object_04272
Food,Object_07308
Radioactive,Object_06919
Radioactive,Object_00121
Explosive,Object_00505
Pressurized,Object_04665
Fragile,Object_01545
Corrosive,Object_01450
Radioactive,Object_03872
Oxidizing,Object_01540
Explosive,Object_04466
Unspecified,Object_02106
Radioactive,Object_01322
Fragile,Object_02989
Corrosive,Object_00871
Explosive,Object_06012
Pressurized,Object_03208
Unspecified,Object_03489
Radioactive,Object_04474
Corrosive,Object_01881
Unspecified,Object_03206
Fragile,Object_04726
Toxic,Object_02506
Explosive,Object_00249
Flammable,Object_04647
Pressurized,Object_01409
Corrosive,Object_05646
Food,Object_06541
Unspecified,Object_00981
Explosive,Object_01988
Toxic,Object_04351
Food,Object_00409
Toxic,Object_00743
Toxic,Object_03675
Corrosive,Object_02709
Unspecified,Object_01255
Food,Object_03383
Corrosive,Object_03323
Radioactive,Object_03937
Radioactive,Object_00787
Corrosive,Object_06023
Food,Object_06882
Toxic,Object_01839
Explosive,Object_04022
Fragile,Object_06596
Explosive,Object_00289
Pressurized,Object_07125
Fragile,Object_06077
Oxidizing,Object_04159
Corrosive,Object_03923
Pressurized,Object_03671
Radioactive,Object_06771
Corrosive,Object_05310
Fragile,Object_03039
Flammable,Object_07122
Oxidizing,Object_03961
Oxidizing,Object_00166
Fragile,Object_03156
Corrosive,Object_05277
Corrosive,Object_03091
Food,Object_04709
Corrosive,Object_03228
Food,Object_07356
Food,Object_07342
Unspecified,Object_05630
Toxic,Object_02684
Corrosive,Object_00097
Toxic,Object_05434
Fragile,Object_02583
Pressurized,Object_01803
Flammable,Object_02345
Toxic,Object_06220
Explosive,Object_05290
Corrosive,Object_00795
Corrosive,Object_02759
Flammable,Object_01927
Unspecified,Object_04617
Toxic,Object_00992
Corrosive,Object_07393
Flammable,Object_06796
Toxic,Object_02875
Radioactive,Object_00445
Corrosive,Object_02369
Fragile,Object_00845
Fragile,Object_05478
Radioactive,Object_01048
Unspecified,Object_02366
Toxic,Object_05492
Toxic,Object_01638
Explosive,Object_01950
Pressurized,Object_01542
Radioactive,Object_02025
Flammable,Object_01555
Fragile,Object_05992
Flammable,Object_00846
Radioactive,Object_05961
Oxidizing,Object_01010
Fragile,Object_04039
Flammable,Object_03724
Radioactive,Object_01411
Fragile,Object_00346
Fragile,Object_01801
Corrosive,Object_05556
Oxidizing,Object_03215
Unspecified,Object_00948
Fragile,Object_07250
Unspecified,Object_00431
Flammable,Object_05466
Radioactive,Object_02564
Oxidizing,Object_00546
Explosive,Object_06432
Food,Object_02505
Radioactive,Object_00705
Explosive,Object_04882
Pressurized,Object_01124
Radioactive,Object_05790
Fragile,Object_01176
Pressurized,Object_04337
Corrosive,Object_01966
Fragile,Object_04233
Unspecified,Object_01006
Unspecified,Object_01207
Toxic,Object_03813
Toxic,Object_05709
Oxidizing,Object_05023
Fragile,Object_00176
Explosive,Object_03995
Flammable,Object_04064
Food,Object_06242
Explosive,Object_05412
Fragile,Object_07088
Corrosive,Object_02659
Oxidizing,Object_06297
Fragile,Object_01052
Fragile,Object_00572
Oxidizing,Object_02029
Unspecified,Object_03739
Flammable,Object_05038
Explosive,Object_04502
Radioactive,Object_02155
Corrosive,Object_00798
Oxidizing,Object_01782
Radioactive,Object_06910
Pressurized,Object_02880
Radioactive,Object_01424
Explosive,Object_04587
Flammable,Object_05561
Food,Object_07168
Pressurized,Object_00233
Explosive,Object_06644
Unspecified,Object_03190
Radioactive,Object_03622
Food,Object_07307
Radioactive,Object_04606
Corrosive,Object_03239
Fragile,Object_01650
Oxidizing,Object_03777
Pressurized,Object_06272
Food,Object_02472
Fragile,Object_03750
Explosive,Object_07294
Toxic,Object_01889
Fragile,Object_03295
Flammable,Object_03651
Oxidizing,Object_03373
Food,Object_04683
Pressurized,Object_07456
Radioactive,Object_04125
Toxic,Object_06751
Food,Object_02174
Toxic,Object_03175
Corrosive,Object_06195
Radioactive,Object_05235
Food,Object_04054
Toxic,Object_01759
Food,Object_04675
Pressurized,Object_00215
Fragile,Object_04010
Fragile,Object_04682
Flammable,Object_07470
Pressurized,Object_02664
Oxidizing,Object_07123
Fragile,Object_04585
Fragile,Object_07315
Flammable,Object_05285
Oxidizing,Object_05794
Radioactive,Object_02826
Explosive,Object_05506
Unspecified,Object_00695
Explosive,Object_02660
Oxidizing,Object_00271
Corrosive,Object_05202
Pressurized,Object_03262
Food,Object_01198
Unspecified,Object_00620
Food,Object_06744
Oxidizing,Object_04366
Pressurized,Object_07434
Flammable,Object_00529
Fragile,Object_02338
Corrosive,Object_02990
Explosive,Object_00797
Explosive,Object_02416
Corrosive,Object_03312
Radioactive,Object_02200
Corrosive,Object_06160
Flammable,Object_02018
Corrosive,Object_00512
Toxic,Object_04611
Unspecified,Object_00899
Radioactive,Object_01145
Food,Object_00786
Corrosive,Object_04050
Corrosive,Object_01504
Fragile,Object_01355
Flammable,Object_03390
Corrosive,Object_04504
Explosive,Object_06060
Toxic,Object_01761
Toxic,Object_01811
Fragile,Object_06701
Pressurized,Object_07425
Fragile,Object_03325
Food,Object_01858
Toxic,Object_06869
Food,Object_03254
Pressurized,Object_03126
Explosive,Object_06510
Fragile,Object_05833
Fragile,Object_00150
Pressurized,Object_07335
Unspecified,Object_05560
Toxic,Object_06662
Flammable,Object_03438
Food,Object_01672
Toxic,Object_01656
Unspecified,Object_02742
Unspecified,Object_01085
Radioactive,Object_06007
Corrosive,Object_03209
Fragile,Object_06168
Pressurized,Object_01358
Pressurized,Object_02014
Corrosive,Object_03183
Explosive,Object_00860
Pressurized,Object_06074
Food,Object_03303
Food,Object_01153
Oxidizing,Object_02470
Pressurized,Object_00025
Pressurized,Object_03388
Radioactive,Object_00073
Radioactive,Object_02594
Toxic,Object_06705
Toxic,Object_06342
Radioactive,Object_04252
Oxidizing,Object_04989
Food,Object_01115
Oxidizing,Object_04383
Corrosive,Object_04948
Pressurized,Object_00672
Flammable,Object_06806
Flammable,Object_06132
Corrosive,Object_02128
Flammable,Object_07237
Fragile,Object_02886
Corrosive,Object_05142
Pressurized,Object_06261
Flammable,Object_03663
Radioactive,Object_01707
Pressurized,Object_06896
Corrosive,Object_05835
Oxidizing,Object_06529
Unspecified,Object_05882
Flammable,Object_01987
Fragile,Object_02165
Fragile,Object_00765
Food,Object_05677
Fragile,Object_03795
Fragile,Object_02796
Pressurized,Object_05708
Oxidizing,Object_01925
Radioactive,Object_05765
Pressurized,Object_02020
Food,Object_00254
Toxic,Object_06855
Toxic,Object_03193
Food,Object_04744
Toxic,Object_01144
Oxidizing,Object_01244
Explosive,Object_01044
Pressurized,Object_01961
Unspecified,Object_04432
Explosive,Object_00931
Toxic,Object_06499
Radioactive,Object_04497
Fragile,Object_02231
Flammable,Object_01645
Unspecified,Object_05802
Toxic,Object_04356
Toxic,Object_06447
Explosive,Object_01513
Food,Object_06740
Food,Object_02717
Radioactive,Object_01113
Radioactive,Object_03791
Unspecified,Object_04531
Toxic,Object_06210
Pressurized,Object_03757
Toxic,Object_02368
Oxidizing,Object_03548
Unspecified,Object_04580
Food,Object_02081
Pressurized,Object_02938
Pressurized,Object_01577
Corrosive,Object_04581
Unspecified,Object_06905
Corrosive,Object_00292
Radioactive,Object_04695
Food,Object_04864
Fragile,Object_05987
Explosive,Object_06300
Toxic,Object_02599
Corrosive,Object_05476
Toxic,Object_02943
Pressurized,Object_06555
Pressurized,Object_00929
Oxidizing,Object_01439
Toxic,Object_05170
Fragile,Object_06133
Fragile,Object_00751
Radioactive,Object_00084
Toxic,Object_00086
Fragile,Object_02393
Radioactive,Object_03492
Flammable,Object_00361
Unspecified,Object_02636
Flammable,Object_02555
Pressurized,Object_02062
Explosive,Object_04866
Corrosive,Object_01732
Fragile,Object_05857
Food,Object_01760
Radioactive,Object_05274
Unspecified,Object_01195
Fragile,Object_05903
Radioactive,Object_04210
Flammable,Object_00993
Corrosive,Object_02539
Corrosive,Object_05047
Toxic,Object_04221
Toxic,Object_01810
Food,Object_01259
Radioactive,Object_02634
Radioactive,Object_06531
Food,Object_02620
Fragile,Object_02459
Fragile,Object_06285
Flammable,Object_05004
Corrosive,Object_00907
Radioactive,Object_02164
Fragile,Object_01470
Pressurized,Object_05134
Oxidizing,Object_05828
Explosive,Object_02727
Pressurized,Object_06987
Food,Object_07462
Unspecified,Object_02134
Toxic,Object_05112
Radioactive,Object_00486
Unspecified,Object_01185
Explosive,Object_03798
Corrosive,Object_05417
Pressurized,Object_02443
Fragile,Object_00341
Oxidizing,Object_04561
Radioactive,Object_01608
Food,Object_01678
Fragile,Object_00162
Unspecified,Object_06047
Explosive,Object_03282
Food,Object_00132
Unspecified,Object_01047
Food,Object_03356
Oxidizing,Object_02724
Fragile,Object_02071
Unspecified,Object_00308
Unspecified,Object_01224
Pressurized,Object_04477
Toxic,Object_00167
Toxic,Object_00124
Corrosive,Object_02725
Flammable,Object_00952
Explosive,Object_05932
Flammable,Object_00466
Flammable,Object_01527
Explosive,Object_02063
Unspecified,Object_00041
Explosive,Object_05697
Oxidizing,Object_03509
Radioactive,Object_07256
Flammable,Object_02778
Flammable,Object_07209
Toxic,Object_06542
Corrosive,Object_05361
Explosive,Object_01102
Radioactive,Object_01121
Corrosive,Object_05189
Unspecified,Object_07473
Pressurized,Object_06911
Fragile,Object_03452
Unspecified,Object_07399
Food,Object_01007
Corrosive,Object_03968
Toxic,Object_02022
Fragile,Object_00320
Fragile,Object_02083
Flammable,Object_01377
Toxic,Object_01490
Pressurized,Object_06153
Toxic,Object_00032
Explosive,Object_03979
Toxic,Object_03607
Pressurized,Object_07344
Corrosive,Object_05298
Food,Object_01949
Oxidizing,Object_05379
Corrosive,Object_05083
Explosive,Object_00692
Unspecified,Object_03822
Pressurized,Object_01466
Pressurized,Object_01341
Oxidizing,Object_05084
Food,Object_02558
Oxidizing,Object_00239
Oxidizing,Object_07142
Explosive,Object_04984
Explosive,Object_00494
Flammable,Object_05161
Radioactive,Object_03636
Fragile,Object_00637
Food,Object_06984
Food,Object_06053
Toxic,Object_06573
Corrosive,Object_01906
Flammable,Object_07487
Corrosive,Object_02104
Unspecified,Object_03870
Flammable,Object_01387
Fragile,Object_00402
Toxic,Object_03287
Radioactive,Object_00018
Pressurized,Object_00304
Flammable,Object_04525
Food,Object_02117
Fragile,Object_00964
Radioactive,Object_07262
Oxidizing,Object_06205
Oxidizing,Object_04689
Flammable,Object_04098
Fragile,Object_02033
Flammable,Object_04153
Radioactive,Object_04510
Toxic,Object_03536
Fragile,Object_00941
Unspecified,Object_00703
Toxic,Object_05085
Toxic,Object_06725
Pressurized,Object_03666
Flammable,Object_07080
Explosive,Object_05859
Toxic,Object_00231
Corrosive,Object_03136
Radioactive,Object_05217
Flammable,Object_01294
Toxic,Object_02799
Food,Object_07099
Corrosive,Object_05592
Flammable,Object_05479
Oxidizing,Object_04475
Unspecified,Object_03186
Oxidizing,Object_02298
Radioactive,Object_06868
Fragile,Object_00214
Food,Object_01838
Food,Object_04482
Radioactive,Object_02249
Unspecified,Object_06304
Oxidizing,Object_00071
Toxic,Object_03659
Explosive,Object_06736
Flammable,Object_00886
Flammable,Object_05747
Food,Object_04638
Explosive,Object_03808
Food,Object_02718
Unspecified,Object_02072
Toxic,Object_02810
Unspecified,Object_00212
Explosive,Object_07184
Radioactive,Object_05815
Corrosive,Object_00158
Unspecified,Object_01027
Explosive,Object_06016
Flammable,Object_01864
Corrosive,Object_06011
Toxic,Object_07388
Unspecified,Object_03242
Radioactive,Object_01975
Explosive,Object_00515
Toxic,Object_01068
Pressurized,Object_06365
Toxic,Object_00069
Food,Object_05996
Corrosive,Object_05190
Toxic,Object_05286
Oxidizing,Object_03906
Fragile,Object_01110
Fragile,Object_00322
Food,Object_00005
Toxic,Object_07253
Pressurized,Object_00544
Radioactive,Object_02655
Unspecified,Object_06299
Explosive,Object_04903
Pressurized,Object_01740
Radioactive,Object_00538
Explosive,Object_06003
Fragile,Object_04913
Explosive,Object_06641
Radioactive,Object_01662
Corrosive,Object_03966
Explosive,Object_03447
Fragile,Object_06456
Oxidizing,Object_04680
Oxidizing,Object_01158
Unspecified,Object_06951
Oxidizing,Object_00552
Food,Object_02044
Food,Object_07180
Food,Object_01098
Radioactive,Object_01050
Pressurized,Object_00678
Pressurized,Object_04114
Radioactive,Object_05588
Explosive,Object_01845
Pressurized,Object_01267
Toxic,Object_04462
Unspecified,Object_03631
Explosive,Object_03967
Toxic,Object_01142
Food,Object_06640
Fragile,Object_05686
Pressurized,Object_06518
Pressurized,Object_07107
Toxic,Object_00417
Corrosive,Object_05570
Radioactive,Object_06590
Pressurized,Object_02852
Corrosive,Object_07102
Fragile,Object_04637
Unspecified,Object_02762
Oxidizing,Object_05549
Corrosive,Object_01954
Radioactive,Object_03376
Flammable,Object_06507
Radioactive,Object_04628
Toxic,Object_01458
Oxidizing,Object_06146
Corrosive,Object_05354
Oxidizing,Object_03721
Toxic,Object_03032
Pressurized,Object_05194
Food,Object_02157
Pressurized,Object_05385
Radioactive,Object_04967
Fragile,Object_00525
Fragile,Object_04534
Fragile,Object_06043
Food,Object_05072
Fragile,Object_01038
Radioactive,Object_00701
Corrosive,Object_03368
Fragile,Object_05267
Unspecified,Object_01217
Unspecified,Object_00396
Flammable,Object_02168
Corrosive,Object_03743
Radioactive,Object_04651
Corrosive,Object_02227
Explosive,Object_04837
Fragile,Object_05305
Unspecified,Object_04711
Fragile,Object_03522
Toxic,Object_05209
Food,Object_04449
Radioactive,Object_02754
Unspecified,Object_01054
Flammable,Object_04187
Explosive,Object_03483
Corrosive,Object_06959
Fragile,Object_06874
Toxic,Object_03513
Food,Object_06730
Fragile,Object_00615
Unspecified,Object_01432
Unspecified,Object_02392
Toxic,Object_02835
Corrosive,Object_03092
Fragile,Object_01191
Radioactive,Object_05854
Toxic,Object_03534
Pressurized,Object_07299
Pressurized,Object_02740
Oxidizing,Object_03458
Corrosive,Object_07415
Oxidizing,Object_00053
Explosive,Object_00429
Radioactive,Object_07444
Flammable,Object_01616
Explosive,Object_02637
Corrosive,Object_03737
Pressurized,Object_05496
Toxic,Object_00946
Food,Object_03634
Flammable,Object_03185
Flammable,Object_00774
Oxidizing,Object_06777
Toxic,Object_06830
Pressurized,Object_06110
Pressurized,Object_04209
Toxic,Object_00989
Oxidizing,Object_05739
Flammable,Object_01947
Toxic,Object_05188
Fragile,Object_06262
Radioactive,Object_04817
Radioactive,Object_03111
Pressurized,Object_02357
Toxic,Object_05172
Radioactive,Object_04242
Food,Object_06717
Oxidizing,Object_05383
Oxidizing,Object_07367
Explosive,Object_00905
Fragile,Object_02617
Corrosive,Object_04101
Food,Object_03243
Radioactive,Object_01116
Food,Object_07341
Corrosive,Object_03748
Food,Object_03838
Food,Object_05547
Toxic,Object_03220
Fragile,Object_04020
Flammable,Object_02501
Pressurized,Object_06039
Oxidizing,Object_02477
Radioactive,Object_05717
Unspecified,Object_04138
Radioactive,Object_02612
Oxidizing,Object_00428
Fragile,Object_00696
Oxidizing,Object_06319
Toxic,Object_02579
Fragile,Object_02027
Flammable,Object_05530
Radioactive,Object_06419
Corrosive,Object_04982
Corrosive,Object_01222
Flammable,Object_06267
Corrosive,Object_04404
Unspecified,Object_05501
Oxidizing,Object_04840
Fragile,Object_01258
Radioactive,Object_04348
Toxic,Object_02342
Flammable,Object_04261
Fragile,Object_02945
Explosive,Object_01982
Food,Object_06055
Fragile,Object_05513
Explosive,Object_01030
Radioactive,Object_05855
Corrosive,Object_00956
Flammable,Object_01421
Pressurized,Object_00487
Flammable,Object_03120
Radioactive,Object_02982
Oxidizing,Object_06642
Fragile,Object_04388
Oxidizing,Object_02531
Pressurized,Object_02462
Radioactive,Object_01736
Unspecified,Object_02390
Unspecified,Object_06779
Oxidizing,Object_00173
Oxidizing,Object_02115
Corrosive,Object_02860
Unspecified,Object_07178
Radioactive,Object_02442
Fragile,Object_03993
Corrosive,Object_04454
Explosive,Object_05157
Food,Object_02640
Unspecified,Object_03990
Oxidizing,Object_04547
Food,Object_01681
Food,Object_07243
Corrosive,Object_04410
Unspecified,Object_06633
Explosive,Object_02887
Corrosive,Object_02635
Explosive,Object_00325
Flammable,Object_02712
Fragile,Object_06726
Corrosive,Object_03501
Fragile,Object_03886
Toxic,Object_05748
Toxic,Object_07143
Oxidizing,Object_03025
Food,Object_05900
Unspecified,Object_06500
Flammable,Object_06197
Fragile,Object_06850
Radioactive,Object_05207
Fragile,Object_02028
Explosive,Object_01347
Radioactive,Object_05772
Food,Object_03212
Fragile,Object_01243
Explosive,Object_06266
Oxidizing,Object_03885
Fragile,Object_01651
Radioactive,Object_05010
Unspecified,Object_02663
Fragile,Object_00938
Explosive,Object_04486
Food,Object_03627
Pressurized,Object_06856
Fragile,Object_02862
Explosive,Object_07117
Explosive,Object_05609
Flammable,Object_02332
Food,Object_04473
Corrosive,Object_04800
Radioactive,Object_06194
Radioactive,Object_00187
Radioactive,Object_01114
Oxidizing,Object_05698
Oxidizing,Object_01061
Flammable,Object_06977
Flammable,Object_05068
Toxic,Object_07064
Pressurized,Object_06742
Flammable,Object_06480
Explosive,Object_00051
Flammable,Object_03063
Corrosive,Object_05031
Oxidizing,Object_00225
Toxic,Object_04656
Pressurized,Object_00011
Pressurized,Object_04549
Radioactive,Object_00939
Food,Object_01860
Flammable,Object_06759
Toxic,Object_07408
Oxidizing,Object_07457
Flammable,Object_00873
Radioactive,Object_05483
Unspecified,Object_01538
Food,Object_05666
Flammable,Object_05181
Toxic,Object_02510
Corrosive,Object_04130
Explosive,Object_07110
Explosive,Object_02678
Unspecified,Object_07360
Food,Object_00537
Unspecified,Object_02436
Corrosive,Object_03051
Corrosive,Object_04461
Food,Object_01166
Radioactive,Object_05819
Unspecified,Object_06394
Radioactive,Object_00891
Toxic,Object_00865
Radioactive,Object_01723
Unspecified,Object_05921
Toxic,Object_00978
Unspecified,Object_02047
Oxidizing,Object_06360
Flammable,Object_02927
Corrosive,Object_05754
Radioactive,Object_00805
Pressurized,Object_02046
Radioactive,Object_04776
Toxic,Object_05397
Food,Object_02437
Explosive,Object_04878
Pressurized,Object_04509
Fragile,Object_01248
Oxidizing,Object_02202
Flammable,Object_05637
Fragile,Object_00056
Pressurized,Object_03674
Unspecified,Object_07278
Radioactive,Object_01220
Flammable,Object_05940
Fragile,Object_04987
Fragile,Object_03858
Fragile,Object_03442
Oxidizing,Object_05796
Oxidizing,Object_05733
Explosive,Object_00796
Flammable,Object_01742
Flammable,Object_05078
Food,Object_03421
Oxidizing,Object_05966
Toxic,Object_02767
Unspecified,Object_01463
Explosive,Object_00954
Food,Object_03832
Toxic,Object_00741
Flammable,Object_01618
Fragile,Object_06676
Toxic,Object_05774
Food,Object_03915
Corrosive,Object_06946
Explosive,Object_03565
Oxidizing,Object_01143
Toxic,Object_02878
Corrosive,Object_02351
Unspecified,Object_01671
Fragile,Object_00683
Flammable,Object_02589
Toxic,Object_04569
Fragile,Object_02837
Food,Object_04407
Corrosive,Object_01683
Explosive,Object_00501
Unspecified,Object_05521
Oxidizing,Object_00728
Corrosive,Object_07201
Fragile,Object_02988
Pressurized,Object_00310
Oxidizing,Object_06311
Corrosive,Object_04226
Corrosive,Object_07291
Fragile,Object_05405
Corrosive,Object_06797
Toxic,Object_01334
Fragile,Object_00810
Corrosive,Object_03479
Fragile,Object_07324
Explosive,Object_03816
Fragile,Object_07055
Food,Object_03639
Pressurized,Object_07002
Toxic,Object_07133
Corrosive,Object_05714
Fragile,Object_00028
Corrosive,Object_03635
Pressurized,Object_05648
Pressurized,Object_03344
Food,Object_06381
Fragile,Object_01697
Fragile,Object_01886
Oxidizing,Object_04134
Pressurized,Object_03371
Flammable,Object_03744
Corrosive,Object_04605
Fragile,Object_01533
Toxic,Object_04629
Pressurized,Object_03646
Flammable,Object_01507
Oxidizing,Object_00171
Radioactive,Object_04841
Corrosive,Object_03557
Flammable,Object_03805
Flammable,Object_02385
Fragile,Object_04666
Explosive,Object_01585
Explosive,Object_04175
Explosive,Object_02691
Oxidizing,Object_01096
Radioactive,Object_06564
Flammable,Object_00783
Explosive,Object_00878
Radioactive,Object_06866
Food,Object_05615
Corrosive,Object_06403
Flammable,Object_07196
Unspecified,Object_07451
Food,Object_06534
Corrosive,Object_01429
Toxic,Object_03030
Fragile,Object_04590
Flammable,Object_06969
Flammable,Object_05257
Flammable,Object_01722
Radioactive,Object_01183
Radioactive,Object_03087
Toxic,Object_03304
Fragile,Object_03445
Pressurized,Object_04137
Flammable,Object_01348
Toxic,Object_07321
Pressurized,Object_06239
Explosive,Object_01001
Corrosive,Object_02057
Flammable,Object_01046
Flammable,Object_00894
Food,Object_00054
Toxic,Object_06842
Radioactive,Object_04593
Flammable,Object_01926
Radioactive,Object_02881
Radioactive,Object_07266
Flammable,Object_03606
Radioactive,Object_00319
Food,Object_03921
Radioactive,Object_02559
Food,Object_01280
Corrosive,Object_06058
Pressurized,Object_04595
Fragile,Object_02801
Explosive,Object_03893
Fragile,Object_03553
Corrosive,Object_01561
Pressurized,Object_03043
Toxic,Object_05020
Oxidizing,Object_01266
Flammable,Object_03964
Unspecified,Object_04505
Explosive,Object_05044
Flammable,Object_03059
Corrosive,Object_01437
Corrosive,Object_03782
Fragile,Object_06208
Flammable,Object_02317
Radioactive,Object_02234
Corrosive,Object_05241
Explosive,Object_03001
Explosive,Object_03055
Pressurized,Object_02524
Oxidizing,Object_07090
Radioactive,Object_00875
Pressurized,Object_06514
Oxidizing,Object_00734
Pressurized,Object_03896
Flammable,Object_01468
Radioactive,Object_04440
Corrosive,Object_07331
Flammable,Object_06204
Radioactive,Object_06748
Radioactive,Object_05304
Unspecified,Object_02096
Food,Object_03283
Corrosive,Object_01238
Oxidizing,Object_07263
Unspecified,Object_01378
Pressurized,Object_04519
Explosive,Object_00567
Corrosive,Object_01103
Toxic,Object_00312
Food,Object_06929
Pressurized,Object_03023
Unspecified,Object_03803
Corrosive,Object_04126
Oxidizing,Object_00439
Flammable,Object_02803
Fragile,Object_06042
Pressurized,Object_03231
Fragile,Object_03941
Fragile,Object_03518
Pressurized,Object_03495
Fragile,Object_06739
Unspecified,Object_00766
Explosive,Object_02381
Flammable,Object_04500
Fragile,Object_04619
Fragile,Object_05152
Pressurized,Object_07188
Toxic,Object_00722
Toxic,Object_04515
Food,Object_01547
Flammable,Object_03540
Flammable,Object_03982
Toxic,Object_02496
Oxidizing,Object_07225
Pressurized,Object_04362
Corrosive,Object_04328
Food,Object_04421
Unspecified,Object_05057
Explosive,Object_06449
Explosive,Object_02049
Toxic,Object_01851
Food,Object_03700
Corrosive,Object_02673
Food,Object_03994
Corrosive,Object_02457
Fragile,Object_07376
Fragile,Object_05094
Food,Object_03140
Unspecified,Object_03093
Pressurized,Object_04089
Corrosive,Object_01247
Unspecified,Object_01763
Radioactive,Object_05491
Flammable,Object_06598
Pressurized,Object_05484
Food,Object_06907
Radioactive,Object_07130
Fragile,Object_06464
Explosive,Object_04188
Radioactive,Object_07189
Fragile,Object_06424
Flammable,Object_02787
Oxidizing,Object_06878
Radioactive,Object_01686
Explosive,Object_04015
Unspecified,Object_03726
Fragile,Object_02273
Unspecified,Object_04933
Unspecified,Object_05838
Explosive,Object_00605
Oxidizing,Object_00794
Oxidizing,Object_02813
Pressurized,Object_03166
Toxic,Object_03372
Corrosive,Object_07334
Toxic,Object_02728
Explosive,Object_07281
Unspecified,Object_06080
Oxidizing,Object_06871
Oxidizing,Object_06694
Fragile,Object_00305
Fragile,Object_06990
Flammable,Object_01209
Fragile,Object_01752
Oxidizing,Object_01117
Radioactive,Object_01802
Toxic,Object_06843
Pressurized,Object_07100
Fragile,Object_04777
Explosive,Object_02997
Explosive,Object_06320
Pressurized,Object_05255
Pressurized,Object_00259
Toxic,Object_02017
Toxic,Object_04921
Explosive,Object_00769
Explosive,Object_06064
Unspecified,Object_04282
Food,Object_02777
Oxidizing,Object_01073
Radioactive,Object_00667
Flammable,Object_06109
Explosive,Object_05887
Toxic,Object_06428
Pressurized,Object_07286
Fragile,Object_05803
Corrosive,Object_06733
Flammable,Object_03576
Explosive,Object_03415
Oxidizing,Object_01336
Toxic,Object_00663
Radioactive,Object_05352
Fragile,Object_01960
Flammable,Object_00436
Oxidizing,Object_02283
Unspecified,Object_04655
Pressurized,Object_02955
Fragile,Object_07319
Oxidizing,Object_03903
Radioactive,Object_06973
Radioactive,Object_00502
Corrosive,Object_00079
Fragile,Object_07054
Toxic,Object_00015
Oxidizing,Object_04571
Toxic,Object_06891
Food,Object_05028
Corrosive,Object_00177
Corrosive,Object_03515
Flammable,Object_06604
Pressurized,Object_05221
Food,Object_02661
Fragile,Object_01554
Toxic,Object_03122
Pressurized,Object_04072
Fragile,Object_04789
Oxidizing,Object_06525
Pressurized,Object_06135
Oxidizing,Object_03543
Explosive,Object_06659
Pressurized,Object_03090
Food,Object_02561
Oxidizing,Object_03680
Fragile,Object_03912
Toxic,Object_02804
Pressurized,Object_05858
Radioactive,Object_06032
Toxic,Object_04202
Explosive,Object_04974
Oxidizing,Object_04218
Corrosive,Object_02228
Unspecified,Object_00411
Corrosive,Object_03978
Oxidizing,Object_04959
Corrosive,Object_06192
Flammable,Object_00629
Corrosive,Object_03350
Corrosive,Object_02301
Corrosive,Object_04452
Corrosive,Object_00861
Explosive,Object_03427
Explosive,Object_01018
Explosive,Object_05935
Toxic,Object_00017
Corrosive,Object_07197
Oxidizing,Object_04355
Flammable,Object_06076
Corrosive,Object_01135
Toxic,Object_00354
Unspecified,Object_03656
Unspecified,Object_06164
Radioactive,Object_07435
Unspecified,Object_00085
Oxidizing,Object_07374
Fragile,Object_01419
Pressurized,Object_01028
Radioactive,Object_07257
Radioactive,Object_05777
Unspecified,Object_05227
Corrosive,Object_01589
Explosive,Object_05878
Corrosive,Object_01279
Flammable,Object_07003
Oxidizing,Object_01111
Toxic,Object_00472
Pressurized,Object_04860
Fragile,Object_06686
Radioactive,Object_06353
Food,Object_00822
Food,Object_06975
Oxidizing,Object_03460
Toxic,Object_04302
Fragile,Object_02284
Flammable,Object_03929
Toxic,Object_07489
Radioactive,Object_03882
Corrosive,Object_02126
Fragile,Object_06545
Fragile,Object_03019
Toxic,Object_00542
Unspecified,Object_01005
Corrosive,Object_00282
Oxidizing,Object_05474
Corrosive,Object_01264
Flammable,Object_06618
Fragile,Object_03880
Corrosive,Object_03760
Unspecified,Object_05550
Unspecified,Object_00610
Explosive,Object_03467
Radioactive,Object_05435
Flammable,Object_06416
Explosive,Object_05137
Toxic,Object_01343
Flammable,Object_04338
Unspecified,Object_02349
Toxic,Object_06504
Oxidizing,Object_02256
Explosive,Object_05027
Explosive,Object_02601
Food,Object_00342
Fragile,Object_05053
Toxic,Object_03664
Radioactive,Object_01172
Radioactive,Object_07120
Toxic,Object_00912
Unspecified,Object_05493
Toxic,Object_01544
Explosive,Object_00386
Fragile,Object_05514
Pressurized,Object_06616
Toxic,Object_00376
Oxidizing,Object_02737
Flammable,Object_06517
Radioactive,Object_03579
Oxidizing,Object_01738
Pressurized,Object_03562
Fragile,Object_01403
Radioactive,Object_00987
Toxic,Object_01992
Corrosive,Object_04025
Explosive,Object_07348
Oxidizing,Object_01141
Toxic,Object_05122
Explosive,Object_04696
Pressurized,Object_06401
Fragile,Object_06173
Explosive,Object_06222
Toxic,Object_05695
Radioactive,Object_00143
Pressurized,Object_00785
Unspecified,Object_06034
Food,Object_03935
Oxidizing,Object_04168
Pressurized,Object_07417
Unspecified,Object_03037
Explosive,Object_01074
Toxic,Object_03246
Fragile,Object_02885
Flammable,Object_02872
Flammable,Object_05724
Radioactive,Object_06888
Food,Object_00778
Oxidizing,Object_05901
Corrosive,Object_06407
Pressurized,Object_00063
Food,Object_03676
Radioactive,Object_04229
Toxic,Object_02504
Fragile,Object_00510
Unspecified,Object_04808
Flammable,Object_00333
Explosive,Object_01065
Fragile,Object_03742
Radioactive,Object_01915
Radioactive,Object_05652
Oxidizing,Object_02685
Flammable,Object_03770
Unspecified,Object_06722
Radioactive,Object_07406
Explosive,Object_04051
Radioactive,Object_04316
Pressurized,Object_00068
Oxidizing,Object_03150
Fragile,Object_03439
Fragile,Object_06062
Explosive,Object_00740
Explosive,Object_00655
Flammable,Object_03998
Toxic,Object_05075
Corrosive,Object_02154
Pressurized,Object_02119
Fragile,Object_06610
Toxic,Object_04733
Unspecified,Object_02952
Explosive,Object_01320
Radioactive,Object_06334
Food,Object_05628
Fragile,Object_07383
Flammable,Object_00324
Food,Object_00104
Food,Object_03073
Pressurized,Object_02448
Food,Object_06431
Explosive,Object_04824
Fragile,Object_01352
Corrosive,Object_01666
Corrosive,Object_04033
Explosive,Object_02408
Fragile,Object_03412
Fragile,Object_07208
Pressurized,Object_00579
Fragile,Object_00652
Fragile,Object_01598
Radioactive,Object_04207
Radioactive,Object_02746
Fragile,Object_05889
Unspecified,Object_00392
Food,Object_06051
Fragile,Object_07296
Fragile,Object_06014
Radioactive,Object_04729
Unspecified,Object_04513
Toxic,Object_03766
Flammable,Object_04424
Explosive,Object_03227
Unspecified,Object_03618
Toxic,Object_01657
Flammable,Object_01888
Food,Object_04756
Toxic,Object_02146
Corrosive,Object_03266
Radioactive,Object_05948
Explosive,Object_06091
Flammable,Object_05600
Flammable,Object_04852
Food,Object_04001
Pressurized,Object_04739
Radioactive,Object_00838
Pressurized,Object_03899
Flammable,Object_06202
Food,Object_00039
Toxic,Object_07395
Corrosive,Object_04021
Fragile,Object_07264
Flammable,Object_00241
Food,Object_06453
Toxic,Object_02412
Radioactive,Object_03308
Corrosive,Object_07073
Fragile,Object_07200
Unspecified,Object_00377
Flammable,Object_01281
Fragile,Object_04274
Oxidizing,Object_02026
Pressurized,Object_02697
Fragile,Object_04467
Flammable,Object_06107
Flammable,Object_06876
Toxic,Object_04319
Unspecified,Object_02080
Explosive,Object_00664
Radioactive,Object_04792
Corrosive,Object_04962
Pressurized,Object_00958
Corrosive,Object_01632
Food,Object_01253
Explosive,Object_05307
Fragile,Object_04838
Toxic,Object_02384
Corrosive,Object_01192
Radioactive,Object_04993
Unspecified,Object_03787
Unspecified,Object_02538
Flammable,Object_05525
Fragile,Object_03275
Unspecified,Object_01234
Oxidizing,Object_06968
Food,Object_05519
Corrosive,Object_00543
Fragile,Object_02492
Toxic,Object_01368
Oxidizing,Object_04975
Food,Object_00473
Oxidizing,Object_01853
Corrosive,Object_04340
Flammable,Object_04573
Oxidizing,Object_03827
Pressurized,Object_05096
Food,Object_04885
Unspecified,Object_00062
Toxic,Object_02427
Pressurized,Object_05160
Fragile,Object_01816
Unspecified,Object_06050
Unspecified,Object_06101
Fragile,Object_02749
Flammable,Object_04132
Fragile,Object_06145
Food,Object_00977
Flammable,Object_04276
Corrosive,Object_01076
Pressurized,Object_01328
Corrosive,Object_03012
Corrosive,Object_06346
Corrosive,Object_01118
Explosive,Object_05720
Oxidizing,Object_00925
Oxidizing,Object_07267
Oxidizing,Object_07159
Flammable,Object_02548
Fragile,Object_04551
Pressurized,Object_04679
Food,Object_02259
Corrosive,Object_06570
Corrosive,Object_00759
Fragile,Object_05198
Explosive,Object_03173
Oxidizing,Object_04554
Oxidizing,Object_06502
Explosive,Object_06670
Toxic,Object_03031
Oxidizing,Object_00560
Corrosive,Object_07218
Fragile,Object_07176
Unspecified,Object_02300
Food,Object_00749
Explosive,Object_07113
Toxic,Object_01520
Food,Object_04077
Food,Object_05899
Flammable,Object_03741
Unspecified,Object_00496
Radioactive,Object_02627
Food,Object_07401
Explosive,Object_00852
Fragile,Object_02822
Corrosive,Object_03110
Corrosive,Object_03217
Pressurized,Object_00470
Toxic,Object_03481
Explosive,Object_04304
Toxic,Object_06406
Fragile,Object_01519
Oxidizing,Object_02274
Corrosive,Object_07020
Fragile,Object_00462
Food,Object_01734
Unspecified,Object_07136
Fragile,Object_05129
Unspecified,Object_03486
Flammable,Object_00934
Toxic,Object_00727
Oxidizing,Object_00517
Food,Object_05554
Explosive,Object_02111
Fragile,Object_07471
Toxic,Object_02245
Food,Object_05120
Unspecified,Object_06374
Pressurized,Object_05390
Pressurized,Object_01423
Toxic,Object_06333
Explosive,Object_04245
Flammable,Object_00045
Oxidizing,Object_05353
Unspecified,Object_02240
Fragile,Object_06678
Oxidizing,Object_06199
Oxidizing,Object_06780
Oxidizing,Object_00131
Unspecified,Object_01312
Corrosive,Object_00826
Unspecified,Object_00366
Toxic,Object_04608
Flammable,Object_02121
Pressurized,Object_01613
Toxic,Object_05546
Food,Object_05436
Explosive,Object_00660
Toxic,Object_02854
Unspecified,Object_02888
Flammable,Object_01642
Food,Object_07056
Flammable,Object_06162
Toxic,Object_03759
Oxidizing,Object_07068
Oxidizing,Object_06052
Unspecified,Object_01256
Explosive,Object_03094
Radioactive,Object_00419
Pressurized,Object_00236
Radioactive,Object_05584
Corrosive,Object_06405
Toxic,Object_06114
Explosive,Object_06395
Corrosive,Object_07092
Flammable,Object_00169
Radioactive,Object_00772
Flammable,Object_05219
Flammable,Object_04562
Corrosive,Object_05529
Pressurized,Object_05957
Fragile,Object_06241
Unspecified,Object_06088
Corrosive,Object_00753
Pressurized,Object_01460
Flammable,Object_03435
Unspecified,Object_04850
Corrosive,Object_00379
Food,Object_04342
Flammable,Object_00442
Explosive,Object_07350
Corrosive,Object_00634
Explosive,Object_07026
Flammable,Object_04345
Pressurized,Object_03888
Pressurized,Object_02894
Toxic,Object_03541
Radioactive,Object_01679
Unspecified,Object_04112
Radioactive,Object_03658
Corrosive,Object_07000
Pressurized,Object_07416
Explosive,Object_05002
Food,Object_01953
Pressurized,Object_02666
Explosive,Object_03812
Flammable,Object_02187
Radioactive,Object_05426
Food,Object_01596
Oxidizing,Object_06664
Radioactive,Object_06176
Explosive,Object_04309
Flammable,Object_06997
Unspecified,Object_02830
Unspecified,Object_04812
Radioactive,Object_00842
Oxidizing,Object_04292
Oxidizing,Object_00458
Unspecified,Object_01372
Unspecified,Object_01226
Unspecified,Object_05885
Food,Object_00791
Toxic,Object_01461
Explosive,Object_06922
Explosive,Object_02879
Unspecified,Object_02503
Flammable,Object_06884
Explosive,Object_02713
Corrosive,Object_03347
Fragile,Object_02647
Radioactive,Object_05451
Unspecified,Object_05888
Unspecified,Object_01688
Toxic,Object_07199
Pressurized,Object_01634
Radioactive,Object_06688
Unspecified,Object_06025
Pressurized,Object_02348
Flammable,Object_00288
Unspecified,Object_06492
Flammable,Object_03815
Radioactive,Object_06989
Fragile,Object_07198
Pressurized,Object_05906
Pressurized,Object_04205
Toxic,Object_01907
Radioactive,Object_04166
Pressurized,Object_06249
Food,Object_04902
Oxidizing,Object_02518
Pressurized,Object_05102
Radioactive,Object_01813
Corrosive,Object_01066
Fragile,Object_00438
Corrosive,Object_02557
Pressurized,Object_04600
Radioactive,Object_00042
Food,Object_04970
Food,Object_04927
Oxidizing,Object_03545
Pressurized,Object_02450
Radioactive,Object_00302
Toxic,Object_06789
Pressurized,Object_05762
Pressurized,Object_05030
Pressurized,Object_01774
Fragile,Object_02898
Fragile,Object_04923
Fragile,Object_01663
Corrosive,Object_05382
Radioactive,Object_04069
Unspecified,Object_05824
Pressurized,Object_00998
Radioactive,Object_06683
Pressurized,Object_00245
Toxic,Object_02970
Fragile,Object_01083
Corrosive,Object_05661
Fragile,Object_04781
Corrosive,Object_05060
Unspecified,Object_05718
Corrosive,Object_03407
Radioactive,Object_02405
Fragile,Object_05242
Explosive,Object_02984
Fragile,Object_05770
Food,Object_04307
Radioactive,Object_04644
Oxidizing,Object_06847
Food,Object_04705
Fragile,Object_04354
Radioactive,Object_06727
Fragile,Object_07282
Explosive,Object_05789
Toxic,Object_00961
Pressurized,Object_05115
Toxic,Object_07081
Flammable,Object_02137
Flammable,Object_01689
Pressurized,Object_03129
Pressurized,Object_06385
Flammable,Object_00633
Fragile,Object_01211
Unspecified,Object_03255
Flammable,Object_00943
Explosive,Object_02347
Explosive,Object_00358
Unspecified,Object_04216
Flammable,Object_04066
Radioactive,Object_01315
Explosive,Object_05296
Radioactive,Object_02643
Oxidizing,Object_04289
Radioactive,Object_01321
Explosive,Object_05620
Radioactive,Object_06787
Radioactive,Object_02912
Radioactive,Object_06046
Radioactive,Object_05585
Corrosive,Object_00569
Food,Object_06817
Radioactive,Object_02670
Pressurized,Object_04599
Unspecified,Object_04568
Radioactive,Object_01503
Food,Object_05876
Radioactive,Object_00448
Unspecified,Object_03211
Flammable,Object_01106
Food,Object_03895
Corrosive,Object_05473
Fragile,Object_01945
Toxic,Object_00900
Unspecified,Object_05166
Oxidizing,Object_02515
Oxidizing,Object_04891
Explosive,Object_01261
Pressurized,Object_04667
Corrosive,Object_04220
Unspecified,Object_04055
Fragile,Object_06553
Toxic,Object_00349
Pressurized,Object_03554
Explosive,Object_00290
Toxic,Object_02533
Unspecified,Object_06769
Explosive,Object_05810
Food,Object_02279
Food,Object_06999
Toxic,Object_01394
Unspecified,Object_06619
Fragile,Object_05283
Radioactive,Object_02326
Unspecified,Object_05978
Radioactive,Object_00545
Unspecified,Object_06719
Radioactive,Object_00881
Food,Object_06082
Radioactive,Object_05117
Unspecified,Object_06708
Corrosive,Object_05126
Unspecified,Object_03482
Oxidizing,Object_04326
Explosive,Object_05841
Oxidizing,Object_01863
Oxidizing,Object_01786
Pressurized,Object_03707
Flammable,Object_06378
Radioactive,Object_04298
Unspecified,Object_01989
Explosive,Object_05804
Unspecified,Object_01776
Oxidizing,Object_06397
Radioactive,Object_00175
Unspecified,Object_05883
Unspecified,Object_00646
Toxic,Object_07396
Pressurized,Object_05495
Fragile,Object_00178
Food,Object_06366
Radioactive,Object_01340
Fragile,Object_05468
Radioactive,Object_06422
Oxidizing,Object_04009
Radioactive,Object_06864
Pressurized,Object_00868
Pressurized,Object_06227
Flammable,Object_05208
Pressurized,Object_00508
Explosive,Object_02844
Flammable,Object_01138
Flammable,Object_04481
Explosive,Object_04660
Corrosive,Object_02087
Unspecified,Object_00918
Flammable,Object_00945
Radioactive,Object_02488
Fragile,Object_03457
Radioactive,Object_04476
Toxic,Object_06226
Radioactive,Object_01509
Radioactive,Object_01525
Toxic,Object_03716
Flammable,Object_01695
Oxidizing,Object_03261
Radioactive,Object_06327
Toxic,Object_06585
Pressurized,Object_01818
Toxic,Object_05988
Oxidizing,Object_06902
Radioactive,Object_04023
Unspecified,Object_03125
Corrosive,Object_00949
Radioactive,Object_00897
Radioactive,Object_00387
Corrosive,Object_06930
Flammable,Object_04995
Explosive,Object_01812
Radioactive,Object_01569
Oxidizing,Object_03229
Flammable,Object_07134
Unspecified,Object_07488
Explosive,Object_05431
Flammable,Object_06437
Unspecified,Object_01510
Corrosive,Object_02517
Oxidizing,Object_00347
Explosive,Object_04280
Unspecified,Object_06899
Explosive,Object_02160
Radioactive,Object_02526
Corrosive,Object_02280
Food,Object_07214
Food,Object_00712
Radioactive,Object_06372
Radioactive,Object_00969
Pressurized,Object_02951
Pressurized,Object_02218
Oxidizing,Object_04056
Toxic,Object_01836
Explosive,Object_06839
Fragile,Object_03288
Flammable,Object_06020
Flammable,Object_01654
Unspecified,Object_03160
Oxidizing,Object_05763
Corrosive,Object_03986
Flammable,Object_03503
Oxidizing,Object_01202
Explosive,Object_05336
Pressurized,Object_00401
Toxic,Object_01978
Unspecified,Object_02790
Toxic,Object_03696
Explosive,Object_00091
Corrosive,Object_04264
Oxidizing,Object_01673
Fragile,Object_06183
Flammable,Object_05153
Unspecified,Object_00297
Unspecified,Object_00522
Toxic,Object_01494
Oxidizing,Object_00976
Fragile,Object_01623
Flammable,Object_00469
Toxic,Object_04215
Unspecified,Object_01178
Fragile,Object_02484
Pressurized,Object_01831
Oxidizing,Object_04847
Corrosive,Object_03772
Toxic,Object_04318
Food,Object_07152
Food,Object_06461
Toxic,Object_03084
Corrosive,Object_02584
Toxic,Object_05497
Toxic,Object_00357
Unspecified,Object_04543
Radioactive,Object_04919
Oxidizing,Object_00911
Flammable,Object_04428
Corrosive,Object_06495
Food,Object_03647
Radioactive,Object_00283
Pressurized,Object_05753
Oxidizing,Object_03141
Oxidizing,Object_00456
Food,Object_01385
Oxidizing,Object_07195
Toxic,Object_02981
Pressurized,Object_07222
Explosive,Object_00763
Explosive,Object_02395
Flammable,Object_00867
Fragile,Object_02965
Fragile,Object_02849
Fragile,Object_02523
Fragile,Object_07336
Radioactive,Object_03161
Oxidizing,Object_01295
Oxidizing,Object_05511
Food,Object_03396
Fragile,Object_06005
Pressurized,Object_00003
Unspecified,Object_05179
Toxic,Object_04250
Corrosive,Object_07015
Radioactive,Object_00498
Pressurized,Object_07446
Fragile,Object_01455
Pressurized,Object_05710
Pressurized,Object_04076
Fragile,Object_02312
Toxic,Object_03544
Corrosive,Object_03348
Fragile,Object_03192
Toxic,Object_05922
Corrosive,Object_00802
Radioactive,Object_02918
Explosive,Object_05252
Fragile,Object_01369
Unspecified,Object_05056
Unspecified,Object_05598
Toxic,Object_05215
Fragile,Object_04944
Flammable,Object_00306
Corrosive,Object_05220
Pressurized,Object_06519
Flammable,Object_04905
Explosive,Object_06033
Food,Object_04586
Fragile,Object_06663
Oxidizing,Object_04189
Corrosive,Object_02956
Toxic,Object_00602
Oxidizing,Object_07362
Food,Object_01309
Unspecified,Object_06036
Unspecified,Object_00528
Food,Object_06849
Toxic,Object_03985
Radioactive,Object_00370
Radioactive,Object_05214
Toxic,Object_02370
Corrosive,Object_03367
Radioactive,Object_00603
Oxidizing,Object_04926
Explosive,Object_03599
Radioactive,Object_03026
Flammable,Object_05569
Explosive,Object_05937
Food,Object_05159
Corrosive,Object_03154
Pressurized,Object_02556
Toxic,Object_06117
Radioactive,Object_02707
Food,Object_05489
Corrosive,Object_04938
Toxic,Object_06167
Unspecified,Object_01218
Food,Object_02622
Toxic,Object_02511
Oxidizing,Object_00037
Explosive,Object_05240
Food,Object_04556
Radioactive,Object_07158
Corrosive,Object_03241
Radioactive,Object_00064
Pressurized,Object_06767
Toxic,Object_06655
Food,Object_06179
Food,Object_05263
Radioactive,Object_06846
Oxidizing,Object_02153
Explosive,Object_06143
Pressurized,Object_01680
Oxidizing,Object_02176
Oxidizing,Object_03008
Toxic,Object_03614
Food,Object_04985
Explosive,Object_03462
Pressurized,Object_05783
Radioactive,Object_06745
Toxic,Object_06647
Explosive,Object_00848
Radioactive,Object_04865
Fragile,Object_00156
Corrosive,Object_00836
Radioactive,Object_04006
Flammable,Object_06818
Food,Object_06952
Corrosive,Object_03299
Pressurized,Object_02802
Flammable,Object_03705
Food,Object_04528
Explosive,Object_03222
Toxic,Object_02015
Fragile,Object_03290
Oxidizing,Object_01964
Fragile,Object_04426
Radioactive,Object_05962
Food,Object_04053
Oxidizing,Object_03292
Corrosive,Object_02820
Fragile,Object_01446
Toxic,Object_00197
Pressurized,Object_03365
Fragile,Object_05271
Flammable,Object_03633
Oxidizing,Object_06595
Flammable,Object_02736
Oxidizing,Object_04830
Fragile,Object_05726
Corrosive,Object_00218
Food,Object_06648
Unspecified,Object_06454
Pressurized,Object_06753
Unspecified,Object_04499
Corrosive,Object_03316
Fragile,Object_05898
Flammable,Object_06692
Unspecified,Object_07042
Corrosive,Object_03976
Toxic,Object_07141
Food,Object_01789
Explosive,Object_06571
Unspecified,Object_05367
Radioactive,Object_05380
Oxidizing,Object_05413
Fragile,Object_01917
Corrosive,Object_01835
Food,Object_00674
Fragile,Object_03925
Oxidizing,Object_04092
Corrosive,Object_06172
Unspecified,Object_02320
Food,Object_00059
Oxidizing,Object_04636
Radioactive,Object_07309
Explosive,Object_03052
Toxic,Object_00601
Food,Object_00055
Radioactive,Object_01526
Food,Object_01499
Pressurized,Object_02726
Oxidizing,Object_02052
Pressurized,Object_01901
Unspecified,Object_01049
Food,Object_03022
Oxidizing,Object_07387
Food,Object_01648
Flammable,Object_01208
Flammable,Object_01985
Pressurized,Object_06863
Toxic,Object_02723
Unspecified,Object_04457
Explosive,Object_03610
Unspecified,Object_05736
Flammable,Object_00853
Explosive,Object_00662
Radioactive,Object_03564
Radioactive,Object_02658
Oxidizing,Object_02716
Radioactive,Object_00570
Fragile,Object_00744
Flammable,Object_03159
Unspecified,Object_00196
Oxidizing,Object_03706
Flammable,Object_00997
Oxidizing,Object_03151
Explosive,Object_05837
Fragile,Object_03969
Toxic,Object_00910
Flammable,Object_02910
Fragile,Object_02131
Food,Object_05225
Corrosive,Object_07300
Explosive,Object_02928
Unspecified,Object_06505
Explosive,Object_01840
Pressurized,Object_06245
Flammable,Object_03366
Explosive,Object_01254
Corrosive,Object_02113
Flammable,Object_05316
Unspecified,Object_05374
Unspecified,Object_03738
Radioactive,Object_01766
Corrosive,Object_02109
Corrosive,Object_03692
Unspecified,Object_02005
Toxic,Object_07346
Pressurized,Object_02075
Toxic,Object_07008
Radioactive,Object_01240
Pressurized,Object_02490
Corrosive,Object_02937
Radioactive,Object_06763
Food,Object_03586
Food,Object_06438
Fragile,Object_05960
Unspecified,Object_01797
Corrosive,Object_06136
Pressurized,Object_03722
Toxic,Object_07258
Toxic,Object_04614
Fragile,Object_04493
Toxic,Object_04441
Unspecified,Object_05081
Oxidizing,Object_00586
Corrosive,Object_05419
Oxidizing,Object_06848
Fragile,Object_04393
Toxic,Object_05377
Toxic,Object_06309
Flammable,Object_06631
Unspecified,Object_04176
Toxic,Object_06270
Oxidizing,Object_05312
Flammable,Object_01791
Corrosive,Object_01821
Corrosive,Object_06721
Food,Object_00698
Oxidizing,Object_05016
Unspecified,Object_06950
Unspecified,Object_05540
Explosive,Object_04603
Toxic,Object_04827
Oxidizing,Object_02618
Toxic,Object_05339
Fragile,Object_05712
Food,Object_05005
Toxic,Object_02365
Corrosive,Object_03679
Unspecified,Object_04295
Pressurized,Object_00216
Toxic,Object_05378
Explosive,Object_01012
Flammable,Object_00044
Fragile,Object_02534
Food,Object_07194
Oxidizing,Object_02536
Unspecified,Object_03124
Oxidizing,Object_00687
Flammable,Object_00093
Radioactive,Object_01443
Oxidizing,Object_02493
Flammable,Object_06785
Food,Object_00437
Unspecified,Object_02522
Explosive,Object_07022
Corrosive,Object_01556
Oxidizing,Object_02163
Pressurized,Object_05303
Food,Object_00580
Radioactive,Object_01745
Unspecified,Object_03128
Pressurized,Object_04394
Corrosive,Object_06591
Explosive,Object_07007
Explosive,Object_01593
Corrosive,Object_06338
Unspecified,Object_03387
Fragile,Object_06355
Toxic,Object_06462
Unspecified,Object_06711
Corrosive,Object_05534
Unspecified,Object_02747
Explosive,Object_03099
Flammable,Object_01200
Flammable,Object_01227
Oxidizing,Object_07363
Pressurized,Object_02590
Corrosive,Object_04016
Pressurized,Object_03201
Oxidizing,Object_05817
Toxic,Object_05532
Flammable,Object_03784
Food,Object_05049
Explosive,Object_07287
Explosive,Object_06466
Unspecified,Object_07484
Oxidizing,Object_01924
Unspecified,Object_06942
Unspecified,Object_01694
Explosive,Object_03594
Radioactive,Object_01891
Corrosive,Object_05891
Toxic,Object_02969
Toxic,Object_04277
Oxidizing,Object_04986
Toxic,Object_04204
Unspecified,Object_03315
Explosive,Object_04297
Corrosive,Object_04164
Fragile,Object_01390
Food,Object_06658
Corrosive,Object_00318
Corrosive,Object_02695
Food,Object_00298
Toxic,Object_01579
Toxic,Object_00134
Unspecified,Object_00988
Food,Object_01286
Unspecified,Object_05892
Food,Object_06312
Radioactive,Object_05245
Flammable,Object_03430
Food,Object_03988
Radioactive,Object_01693
Radioactive,Object_01405
Oxidizing,Object_02192
Fragile,Object_00523
Radioactive,Object_01769
Toxic,Object_06906
Toxic,Object_00582
Corrosive,Object_06900
Fragile,Object_00942
Fragile,Object_07121
Unspecified,Object_01880
Oxidizing,Object_05423
Corrosive,Object_04028
Corrosive,Object_01485
Unspecified,Object_01936
Oxidizing,Object_05026
Pressurized,Object_00404
Unspecified,Object_06611
Toxic,Object_04490
Explosive,Object_01422
Unspecified,Object_07091
Pressurized,Object_05669
Unspecified,Object_00926
Pressurized,Object_01563
Pressurized,Object_04618
Pressurized,Object_00965
Pressurized,Object_07469
Flammable,Object_00677
Food,Object_07265
Food,Object_01456
Unspecified,Object_06364
Explosive,Object_05705
Flammable,Object_04802
Food,Object_00511
Oxidizing,Object_03417
Food,Object_05943
Food,Object_05942
Oxidizing,Object_02313
Food,Object_06475
Corrosive,Object_07418
Unspecified,Object_04267
Fragile,Object_05328
Food,Object_03517
Oxidizing,Object_07365
Toxic,Object_07463
Fragile,Object_05902
Radioactive,Object_00764
Explosive,Object_05970
Radioactive,Object_02563
Unspecified,Object_02207
Unspecified,Object_03589
Unspecified,Object_04820
Fragile,Object_03058
Corrosive,Object_00343
Food,Object_00195
Explosive,Object_00518
Pressurized,Object_04506
Food,Object_06430
Radioactive,Object_03653
Unspecified,Object_06931
Radioactive,Object_07419
Unspecified,Object_01944
Food,Object_06154
Fragile,Object_04814
Radioactive,Object_02674
Explosive,Object_02224
Fragile,Object_03170
Pressurized,Object_02743
Oxidizing,Object_04194
Oxidizing,Object_01573
Oxidizing,Object_02905
Fragile,Object_01948
Food,Object_06528
Oxidizing,Object_01630
Toxic,Object_06979
Toxic,Object_05128
Explosive,Object_05886
Pressurized,Object_01104
Oxidizing,Object_05830
Explosive,Object_01739
Unspecified,Object_04529
Toxic,Object_07468
Flammable,Object_05925
Fragile,Object_05823
Unspecified,Object_02041
Unspecified,Object_06340
Unspecified,Object_05428
Corrosive,Object_03690
Fragile,Object_04613
Food,Object_07410
Fragile,Object_02330
Explosive,Object_06669
Toxic,Object_00114
Fragile,Object_01413
Radioactive,Object_01232
Unspecified,Object_04346
Unspecified,Object_04584
Food,Object_04521
Fragile,Object_04314
Fragile,Object_02264
Unspecified,Object_05457
Toxic,Object_02974
Fragile,Object_06031
Food,Object_01529
Unspecified,Object_00339
Food,Object_00040
Oxidizing,Object_05138
Oxidizing,Object_02828
Radioactive,Object_01374
Explosive,Object_02903
Unspecified,Object_01071
Explosive,Object_05150
Unspecified,Object_01855
Oxidizing,Object_07414
Oxidizing,Object_06961
Explosive,Object_06086
Radioactive,Object_02925
Pressurized,Object_01877
Flammable,Object_05915
Pressurized,Object_00996
Food,Object_01963
Flammable,Object_02781
Unspecified,Object_01283
Explosive,Object_02476
Flammable,Object_03317
Explosive,Object_02577
Toxic,Object_01447
Flammable,Object_04565
Explosive,Object_04170
Pressurized,Object_02242
Unspecified,Object_03476
Radioactive,Object_05872
Corrosive,Object_02424
Toxic,Object_00776
Corrosive,Object_04365
Oxidizing,Object_06657
Fragile,Object_01059
Corrosive,Object_04154
Unspecified,Object_04917
Oxidizing,Object_04540
Food,Object_01430
Unspecified,Object_06995
Unspecified,Object_05526
Corrosive,Object_00260
Fragile,Object_00892
Toxic,Object_01332
Pressurized,Object_01330
Toxic,Object_04458
Toxic,Object_01970
Flammable,Object_05864
Food,Object_00248
Corrosive,Object_05411
Pressurized,Object_06609
Pressurized,Object_03977
Explosive,Object_03909
Fragile,Object_00644
Flammable,Object_01345
Oxidizing,Object_03232
Oxidizing,Object_00588
Oxidizing,Object_04238
Corrosive,Object_02250
Food,Object_07475
Corrosive,Object_02403
Toxic,Object_03189
Fragile,Object_03820
Pressurized,Object_00600
Unspecified,Object_04165
Toxic,Object_06805
Oxidizing,Object_01862
Toxic,Object_06021
Pressurized,Object_01039
Unspecified,Object_05973
Radioactive,Object_04347
Pressurized,Object_06128
Explosive,Object_05059
Oxidizing,Object_00693
Unspecified,Object_05399
Fragile,Object_03830
Radioactive,Object_02638
Oxidizing,Object_04131
Fragile,Object_02454
Explosive,Object_00440
Explosive,Object_02519
Explosive,Object_03575
Flammable,Object_06549
Flammable,Object_07061
Food,Object_03035
Corrosive,Object_04624
Unspecified,Object_06554
Radioactive,Object_00052
Pressurized,Object_01610
Radioactive,Object_03736
Food,Object_03281
Corrosive,Object_04253
Unspecified,Object_06474
Explosive,Object_02585
Radioactive,Object_00337
Toxic,Object_00034
Corrosive,Object_04331
Radioactive,Object_01582
Flammable,Object_01241
Fragile,Object_01173
Fragile,Object_01887
Unspecified,Object_05109
Flammable,Object_02895
Pressurized,Object_03048
Radioactive,Object_06540
Corrosive,Object_00707
Flammable,Object_05244
Corrosive,Object_06402
Pressurized,Object_04874
Radioactive,Object_02998
Oxidizing,Object_05414
Flammable,Object_00471
Pressurized,Object_07046
Flammable,Object_06181
Corrosive,Object_02861
Pressurized,Object_03863
Unspecified,Object_01876
Explosive,Object_05386
Oxidizing,Object_00844
Fragile,Object_06348
Toxic,Object_02851
Fragile,Object_06467
Corrosive,Object_07223
Pressurized,Object_06998
Fragile,Object_05787
Pressurized,Object_06429
Food,Object_06520
Toxic,Object_00058
Radioactive,Object_04214
Pressurized,Object_04728
Pressurized,Object_05604
Unspecified,Object_00080
Toxic,Object_00067
Oxidizing,Object_03428
Fragile,Object_02693
Oxidizing,Object_00299
Fragile,Object_04750
Fragile,Object_00208
Explosive,Object_07191
Pressurized,Object_05266
Oxidizing,Object_01080
Flammable,Object_03637
Food,Object_00168
Corrosive,Object_01787
Radioactive,Object_05276
Flammable,Object_02662
Unspecified,Object_00285
Oxidizing,Object_06845
Unspecified,Object_04415
Oxidizing,Object_04991
Flammable,Object_06030
Radioactive,Object_06123
Food,Object_01127
Flammable,Object_05682
Radioactive,Object_05403
Corrosive,Object_03723
Radioactive,Object_04211
Corrosive,Object_03157
Food,Object_04766
Unspecified,Object_01318
Unspecified,Object_02346
Corrosive,Object_06938
Explosive,Object_03440
Corrosive,Object_00327
Corrosive,Object_00566
Flammable,Object_05893
Unspecified,Object_05384
Radioactive,Object_00230
Unspecified,Object_02272
Toxic,Object_07050
Explosive,Object_00959
Explosive,Object_02962
Toxic,Object_03685
Pressurized,Object_00161
Flammable,Object_02266
Flammable,Object_06444
Corrosive,Object_06908
Explosive,Object_03547
Fragile,Object_03474
Oxidizing,Object_05801
Explosive,Object_03377
Fragile,Object_04420
Toxic,Object_05299
Toxic,Object_05347
Flammable,Object_05430
Pressurized,Object_01957
Unspecified,Object_05149
Corrosive,Object_00211
Unspecified,Object_06375
Toxic,Object_03285
Unspecified,Object_05700
Fragile,Object_03333
Radioactive,Object_01365
Corrosive,Object_05665
Radioactive,Object_00252
Flammable,Object_07035
Toxic,Object_03178
Food,Object_02296
Radioactive,Object_06298
Toxic,Object_00031
Fragile,Object_04881
Toxic,Object_01976
Flammable,Object_03638
Oxidizing,Object_06396
Food,Object_03765
Fragile,Object_01428
Fragile,Object_07129
Explosive,Object_00530
Unspecified,Object_00009
Explosive,Object_01595
Explosive,Object_02037
Food,Object_00307
Flammable,Object_06400
Unspecified,Object_06781
Oxidizing,Object_07234
Oxidizing,Object_00908
Fragile,Object_03381
Fragile,Object_03078
Explosive,Object_07326
Fragile,Object_05800
Oxidizing,Object_00422
Unspecified,Object_04103
Unspecified,Object_02652
Radioactive,Object_03629
Oxidizing,Object_05018
Radioactive,Object_07052
Toxic,Object_05624
Oxidizing,Object_03934
Unspecified,Object_00704
Unspecified,Object_04719
Explosive,Object_02774
Explosive,Object_04014
Flammable,Object_05445
Pressurized,Object_04977
Explosive,Object_03116
Fragile,Object_04013
Flammable,Object_02183
Corrosive,Object_07332
Unspecified,Object_00186
Fragile,Object_01931
Unspecified,Object_06844
Pressurized,Object_06277
Pressurized,Object_02809
Pressurized,Object_00710
Toxic,Object_01841
Radioactive,Object_01015
Food,Object_01099
Oxidizing,Object_02776
Flammable,Object_05614
Food,Object_00985
Unspecified,Object_06112
Pressurized,Object_01974
Fragile,Object_07402
Unspecified,Object_04523
Toxic,Object_00098
Food,Object_02715
Toxic,Object_01572
Fragile,Object_03053
Explosive,Object_00725
Oxidizing,Object_01357
Food,Object_03095
Food,Object_03203
Fragile,Object_03112
Unspecified,Object_02097
Explosive,Object_01435
Radioactive,Object_07139
Fragile,Object_06209
Food,Object_04717
Flammable,Object_04109
Radioactive,Object_02036
Fragile,Object_02834
Flammable,Object_01157
Unspecified,Object_07352
Corrosive,Object_06459
Fragile,Object_05798
Food,Object_05232
Oxidizing,Object_04308
Corrosive,Object_02884
Pressurized,Object_07403
Explosive,Object_04904
Unspecified,Object_05074
Oxidizing,Object_05113
Pressurized,Object_07084
Oxidizing,Object_00198
Radioactive,Object_01393
Oxidizing,Object_02223
Oxidizing,Object_01511
Fragile,Object_01993
Flammable,Object_00898
Explosive,Object_03450
Unspecified,Object_02084
Unspecified,Object_07106
Flammable,Object_03528
Explosive,Object_03523
Oxidizing,Object_01324
Unspecified,Object_01088
Corrosive,Object_03044
Oxidizing,Object_07254
Oxidizing,Object_06515
Radioactive,Object_01532
Pressurized,Object_07104
Flammable,Object_07128
Fragile,Object_01442
Corrosive,Object_05982
Pressurized,Object_04160
Toxic,Object_05222
Unspecified,Object_06478
Pressurized,Object_03049
Pressurized,Object_05488
Fragile,Object_05248
Unspecified,Object_03591
Toxic,Object_05690
Unspecified,Object_05641
Corrosive,Object_05945
Pressurized,Object_02090
Unspecified,Object_01311
Corrosive,Object_01938
Oxidizing,Object_02140
Flammable,Object_06660
Radioactive,Object_01619
Corrosive,Object_01229
Pressurized,Object_07485
Toxic,Object_06715
Corrosive,Object_05946
Corrosive,Object_01477
Toxic,Object_06778
Toxic,Object_02350
Toxic,Object_01849
Unspecified,Object_03115
Explosive,Object_01922
Radioactive,Object_00423
Fragile,Object_00866
Unspecified,Object_04915
Flammable,Object_02193
Unspecified,Object_00137
Pressurized,Object_05062
Corrosive,Object_00002
Radioactive,Object_00029
Food,Object_04583
Unspecified,Object_06217
Fragile,Object_05343
Unspecified,Object_01798
Flammable,Object_00661
Food,Object_05805
Unspecified,Object_02944
Oxidizing,Object_07233
Fragile,Object_00464
Radioactive,Object_03868
Food,Object_05077
Food,Object_07183
Explosive,Object_05773
Food,Object_00527
Food,Object_02795
Unspecified,Object_02829
Food,Object_02105
Explosive,Object_03519
Food,Object_03881
Corrosive,Object_03280
Flammable,Object_06017
Flammable,Object_03075
Fragile,Object_04745
Explosive,Object_06283
Pressurized,Object_00315
Pressurized,Object_05719
Explosive,Object_03686
Unspecified,Object_02966
Pressurized,Object_04632
Food,Object_04197
Flammable,Object_06511
Unspecified,Object_06491
Oxidizing,Object_07041
Unspecified,Object_04931
Unspecified,Object_05500
Fragile,Object_00858
Oxidizing,Object_01770
Food,Object_03849
Explosive,Object_02535
Flammable,Object_03378
Fragile,Object_04804
Unspecified,Object_03775
Fragile,Object_06301
Corrosive,Object_00272
Oxidizing,Object_01884
Corrosive,Object_02961
Pressurized,Object_06232
Unspecified,Object_03953
Flammable,Object_01971
Food,Object_05258
Food,Object_00433
Food,Object_06940
Fragile,Object_01045
Explosive,Object_01373
Food,Object_02568
Radioactive,Object_04963
Oxidizing,Object_07025
Oxidizing,Object_01923
Toxic,Object_00118
Oxidizing,Object_05735
Unspecified,Object_03494
Flammable,Object_02265
Explosive,Object_03113
Corrosive,Object_03318
Pressurized,Object_01664
Flammable,Object_04065
Pressurized,Object_02922
Radioactive,Object_04762
Food,Object_05617
Oxidizing,Object_01779
Toxic,Object_06614
Pressurized,Object_03537
Toxic,Object_00274
Food,Object_05845
Pressurized,Object_00476
Unspecified,Object_00746
Pressurized,Object_03839
Oxidizing,Object_02954
Radioactive,Object_03419
Toxic,Object_07220
Flammable,Object_06013
Toxic,Object_02386
Pressurized,Object_03354
Unspecified,Object_06887
Pressurized,Object_05051
Food,Object_04288
Fragile,Object_06085
Radioactive,Object_06673
Unspecified,Object_00007
Flammable,Object_03152
Fragile,Object_03876
Pressurized,Object_05680
Pressurized,Object_03681
Unspecified,Object_02398
Oxidizing,Object_06551
Fragile,Object_06857
Unspecified,Object_06820
Fragile,Object_03322
Food,Object_02553
Toxic,Object_02848
Radioactive,Object_06672
Toxic,Object_04414
Corrosive,Object_06509
Pressurized,Object_06451
Toxic,Object_04358
Toxic,Object_07486
Oxidizing,Object_04577
Flammable,Object_00733
Corrosive,Object_00541
Corrosive,Object_06941
Corrosive,Object_05200
Corrosive,Object_01408
Food,Object_02544
Fragile,Object_05292
Unspecified,Object_06354
Fragile,Object_02520
Corrosive,Object_00708
Radioactive,Object_01037
Oxidizing,Object_06371
Flammable,Object_03446
Toxic,Object_05610
Unspecified,Object_06370
Pressurized,Object_01914
Oxidizing,Object_03643
Radioactive,Object_05449
Unspecified,Object_01706
Flammable,Object_05144
Unspecified,Object_00351
Flammable,Object_03571
Corrosive,Object_00599
Radioactive,Object_05293
Unspecified,Object_01481
Explosive,Object_02686
Corrosive,Object_04731
Oxidizing,Object_01325
Pressurized,Object_04596
Flammable,Object_03102
Toxic,Object_00426
Fragile,Object_04514
Food,Object_05909
Food,Object_00179
Food,Object_05645
Food,Object_06061
Oxidizing,Object_07014
Pressurized,Object_03729
Toxic,Object_02391
Explosive,Object_02478
Flammable,Object_05311
Food,Object_00174
Flammable,Object_06151
Food,Object_05658
Explosive,Object_03701
Pressurized,Object_06218
Toxic,Object_00136
Radioactive,Object_07358
Food,Object_05843
Oxidizing,Object_00391
Fragile,Object_03831
Radioactive,Object_07224
Radioactive,Object_04699
Radioactive,Object_02755
Pressurized,Object_05076
Oxidizing,Object_03076
Toxic,Object_05116
Unspecified,Object_00668
Explosive,Object_02876
Fragile,Object_07337
Food,Object_05262
Flammable,Object_07086
Oxidizing,Object_07140
Oxidizing,Object_04107
Flammable,Object_05216
Oxidizing,Object_00048
Unspecified,Object_03673
Corrosive,Object_04199
Radioactive,Object_01590
Corrosive,Object_07145
Radioactive,Object_07310
Radioactive,Object_03933
Toxic,Object_06147
Flammable,Object_06420
Explosive,Object_03382
Toxic,Object_06436
Food,Object_00316
Explosive,Object_05812
Radioactive,Object_07202
Unspecified,Object_06893
Oxidizing,Object_05360
Flammable,Object_01189
Toxic,Object_01965
Explosive,Object_03714
Corrosive,Object_00164
Oxidizing,Object_05782
Toxic,Object_06807
Explosive,Object_02434
Fragile,Object_07067
Oxidizing,Object_02960
Explosive,Object_04002
Flammable,Object_06142
Oxidizing,Object_02383
Radioactive,Object_03532
Flammable,Object_00598
Unspecified,Object_05678
Explosive,Object_03928
Toxic,Object_03727
Radioactive,Object_07212
Explosive,Object_04692
Food,Object_03188
Flammable,Object_02209
Radioactive,Object_00390
Flammable,Object_05013
Pressurized,Object_02375
Radioactive,Object_05905
Oxidizing,Object_01105
Corrosive,Object_04536
Corrosive,Object_07261
Flammable,Object_02124
Flammable,Object_00163
Radioactive,Object_03807
Pressurized,Object_01375
Pressurized,Object_03123
Explosive,Object_04445
Unspecified,Object_06835
Food,Object_04429
Toxic,Object_06119
Corrosive,Object_02667
Flammable,Object_05875
Radioactive,Object_06824
Fragile,Object_04419
Toxic,Object_04999
Toxic,Object_06390
Unspecified,Object_03652
Oxidizing,Object_01162
Flammable,Object_02407
Oxidizing,Object_07185
Toxic,Object_01190
Pressurized,Object_00890
Fragile,Object_01380
Explosive,Object_05664
Toxic,Object_04399
Explosive,Object_03844
Corrosive,Object_06337
Fragile,Object_02532
Flammable,Object_02293
Unspecified,Object_04379
Unspecified,Object_04019
Oxidizing,Object_04313
Unspecified,Object_06233
Explosive,Object_03319
Food,Object_06837
Pressurized,Object_06626
Oxidizing,Object_06024
Pressurized,Object_00922
Unspecified,Object_02821
Oxidizing,Object_01327
Radioactive,Object_02214
Fragile,Object_02102
Unspecified,Object_00451
Pressurized,Object_07413
Flammable,Object_05955
Fragile,Object_01453
Oxidizing,Object_05309
Pressurized,Object_06684
Corrosive,Object_01291
Food,Object_07477
Unspecified,Object_04759
Toxic,Object_02419
Flammable,Object_02907
Radioactive,Object_01764
Oxidizing,Object_06558
Radioactive,Object_04155
Corrosive,Object_06066
Radioactive,Object_00835
Unspecified,Object_00129
Explosive,Object_01516
Oxidizing,Object_03167
Explosive,Object_04061
Toxic,Object_01712
Corrosive,Object_05050
Food,Object_06409
Radioactive,Object_00760
Explosive,Object_04552
Corrosive,Object_04965
Unspecified,Object_01094
Toxic,Object_00277
Radioactive,Object_07119
Toxic,Object_01940
Pressurized,Object_05896
Fragile,Object_03340
Explosive,Object_06578
Fragile,Object_02745
Radioactive,Object_03890
Corrosive,Object_04542
Fragile,Object_06417
Oxidizing,Object_05639
Food,Object_02605
Oxidizing,Object_02550
Food,Object_05865
Radioactive,Object_05831
Unspecified,Object_06100
Radioactive,Object_01607
Flammable,Object_06649
Unspecified,Object_05981
Flammable,Object_00944
Fragile,Object_03089
Food,Object_00482
Flammable,Object_00828
Oxidizing,Object_00188
Flammable,Object_03718
Flammable,Object_02530
Oxidizing,Object_00291
Radioactive,Object_02377
Toxic,Object_02902
Corrosive,Object_04988
Corrosive,Object_07115
Toxic,Object_06250
Fragile,Object_00420
Fragile,Object_04161
Fragile,Object_00726
Explosive,Object_01245
Radioactive,Object_00046
Food,Object_04539
Fragile,Object_05046
Unspecified,Object_01454
Toxic,Object_01389
Flammable,Object_00184
Food,Object_06943
Toxic,Object_05091
Food,Object_07079
Oxidizing,Object_02433
Toxic,Object_03100
Explosive,Object_04910
Food,Object_05093
Toxic,Object_04992
Radioactive,Object_05983
Corrosive,Object_05850
Oxidizing,Object_06255
Toxic,Object_05910
Fragile,Object_06489
Oxidizing,Object_04532
Toxic,Object_07085
Unspecified,Object_02182
Oxidizing,Object_04329
Oxidizing,Object_05947
Explosive,Object_03064
Unspecified,Object_07163
Radioactive,Object_04147
Corrosive,Object_00658
Toxic,Object_05879
Toxic,Object_03914
Corrosive,Object_03216
Pressurized,Object_01391
Pressurized,Object_00336
Radioactive,Object_04371
Toxic,Object_02363
Flammable,Object_06004
Radioactive,Object_04765
Fragile,Object_00643
Oxidizing,Object_02091
Toxic,Object_01418
Toxic,Object_03272
Toxic,Object_01155
Unspecified,Object_05409
Oxidizing,Object_03293
Corrosive,Object_04151
Food,Object_05014
Corrosive,Object_00070
Corrosive,Object_02380
Flammable,Object_04691
Fragile,Object_05814
Explosive,Object_00033
Corrosive,Object_05917
Unspecified,Object_05424
Toxic,Object_03601
Pressurized,Object_01070
Corrosive,Object_07018
Radioactive,Object_03307
Fragile,Object_06487
Corrosive,Object_01897
Radioactive,Object_07006
Oxidizing,Object_04678
Corrosive,Object_02170
Food,Object_04854
Unspecified,Object_04900
Pressurized,Object_01493
Radioactive,Object_05870
Pressurized,Object_01704
Pressurized,Object_04190
Pressurized,Object_07060
Fragile,Object_00303
Toxic,Object_07203
Corrosive,Object_03399
Explosive,Object_06265
Food,Object_03733
Unspecified,Object_06530
Unspecified,Object_04442
Food,Object_04713
Flammable,Object_04244
Pressurized,Object_05139
Fragile,Object_02615
Food,Object_00748
Explosive,Object_06562
Corrosive,Object_00398
Unspecified,Object_00521
Fragile,Object_05086
Radioactive,Object_03455
Explosive,Object_06682
Fragile,Object_02529
Toxic,Object_04363
Food,Object_04918
Flammable,Object_02287
Food,Object_03620
Oxidizing,Object_04478
Radioactive,Object_01498
Radioactive,Object_06120
Food,Object_00777
Explosive,Object_00714
Toxic,Object_03207
Radioactive,Object_07187
Radioactive,Object_03109
Toxic,Object_05335
Unspecified,Object_03233
Corrosive,Object_06057
Flammable,Object_01937
Corrosive,Object_01566
Oxidizing,Object_02161
Radioactive,Object_06741
Explosive,Object_01288
Pressurized,Object_03796
Corrosive,Object_05408
Food,Object_05977
Oxidizing,Object_07304
Toxic,Object_05400
Toxic,Object_06915
Unspecified,Object_04752
Pressurized,Object_04480
Unspecified,Object_05450
Oxidizing,Object_07112
Unspecified,Object_01502
Radioactive,Object_00334
Unspecified,Object_04047
Pressurized,Object_03003
Corrosive,Object_05192
Explosive,Object_07409
Oxidizing,Object_02401
Corrosive,Object_04484
Explosive,Object_06234
Pressurized,Object_06090
Radioactive,Object_04139
Radioactive,Object_03987
Corrosive,Object_03311
Toxic,Object_02993
Radioactive,Object_00262
Flammable,Object_01844
Food,Object_03174
Flammable,Object_04266
Fragile,Object_05331
Oxidizing,Object_03418
Food,Object_04909
Food,Object_04895
Radioactive,Object_07048
Corrosive,Object_06391
Pressurized,Object_06986
Food,Object_06165
Toxic,Object_07240
Explosive,Object_04512
Flammable,Object_06380
Unspecified,Object_06040
Oxidizing,Object_06455
Corrosive,Object_05968
Food,Object_04641
Explosive,Object_01136
Corrosive,Object_07051
Radioactive,Object_01451
Toxic,Object_00718
Oxidizing,Object_04191
Corrosive,Object_03764
Toxic,Object_05401
Radioactive,Object_06621
Oxidizing,Object_04535
Unspecified,Object_02893
Oxidizing,Object_07148
Explosive,Object_01990
Unspecified,Object_02331
Flammable,Object_01942
Fragile,Object_05433
Oxidizing,Object_00585
Explosive,Object_03873
Food,Object_02948
Unspecified,Object_01079
Explosive,Object_02733
Oxidizing,Object_05475
Radioactive,Object_05626
Radioactive,Object_01275
Toxic,Object_02865
Flammable,Object_03833
Radioactive,Object_04735
Pressurized,Object_05210
Food,Object_01069
Flammable,Object_02570
Toxic,Object_06903
Oxidizing,Object_01139
Pressurized,Object_04769
Pressurized,Object_03187
Fragile,Object_02629
Oxidizing,Object_02623
Oxidizing,Object_02230
Toxic,Object_07340
Flammable,Object_02314
Pressurized,Object_01473
Explosive,Object_02088
Corrosive,Object_04997
Corrosive,Object_04818
Unspecified,Object_05623
Pressurized,Object_07445
Radioactive,Object_00076
Pressurized,Object_04376
Food,Object_06583
Corrosive,Object_00591
Fragile,Object_01847
Unspecified,Object_05429
Oxidizing,Object_07037
Radioactive,Object_03604
Fragile,Object_04690
Radioactive,Object_02341
Radioactive,Object_01146
Flammable,Object_07116
Toxic,Object_01040
Flammable,Object_01647
Flammable,Object_05757
Pressurized,Object_00090
Toxic,Object_00531
Fragile,Object_06124
Unspecified,Object_07156
Corrosive,Object_00191
Oxidizing,Object_00679
Toxic,Object_04615
Toxic,Object_05542
Toxic,Object_05211
Fragile,Object_06415
Radioactive,Object_04668
Corrosive,Object_05021
Pressurized,Object_06203
Flammable,Object_00424
Pressurized,Object_07458
Flammable,Object_02325
Radioactive,Object_02358
Radioactive,Object_04271
Flammable,Object_02869
Pressurized,Object_06361
Flammable,Object_00478
Corrosive,Object_04836
Radioactive,Object_01496
Radioactive,Object_05356
Toxic,Object_01042
Food,Object_02613
Pressurized,Object_00561
Fragile,Object_03814
Pressurized,Object_02243
Pressurized,Object_03853
Food,Object_00154
Fragile,Object_05300
Fragile,Object_05355
Explosive,Object_06078
Pressurized,Object_06632
Fragile,Object_01973
Toxic,Object_00874
Toxic,Object_06097
Unspecified,Object_05165
Fragile,Object_00654
Food,Object_01060
Unspecified,Object_00172
Flammable,Object_01356
Food,Object_04648
Flammable,Object_01300
Flammable,Object_05907
Pressurized,Object_01580
Pressurized,Object_03889
Oxidizing,Object_06157
Flammable,Object_01711
Corrosive,Object_02542
Toxic,Object_05734
Food,Object_05350
Corrosive,Object_03273
Unspecified,Object_02632
Radioactive,Object_05135
Fragile,Object_03205
Fragile,Object_06019
Toxic,Object_06575
Flammable,Object_06709
Corrosive,Object_05820
Radioactive,Object_00782
Food,Object_02919
Toxic,Object_03067
Explosive,Object_02343
Radioactive,Object_05273
Flammable,Object_05254
Corrosive,Object_01584
Corrosive,Object_04286
Food,Object_00228
Toxic,Object_04400
Corrosive,Object_06069
Flammable,Object_04686
Fragile,Object_03570
Flammable,Object_06762
Pressurized,Object_00564
Explosive,Object_00201
Toxic,Object_01290
Oxidizing,Object_01491
Food,Object_02968
Fragile,Object_00638
Fragile,Object_02069
Unspecified,Object_00513
Pressurized,Object_02078
Oxidizing,Object_04968
Unspecified,Object_05441
Pressurized,Object_01168
Radioactive,Object_02569
Food,Object_03398
Radioactive,Object_02149
Flammable,Object_00972
Radioactive,Object_04630
Food,Object_03286
Flammable,Object_04773
Oxidizing,Object_01771
Fragile,Object_03549
Toxic,Object_04809
Pressurized,Object_05485
Explosive,Object_05295
Food,Object_04700
Pressurized,Object_06661
Toxic,Object_04810
Pressurized,Object_01548
Radioactive,Object_07274
Toxic,Object_04981
Food,Object_05460
Food,Object_00300
Radioactive,Object_01239
Corrosive,Object_01570
Flammable,Object_02863
Toxic,Object_06322
Fragile,Object_03946
Explosive,Object_03196
Radioactive,Object_03426
Pressurized,Object_07231
Fragile,Object_05507
Flammable,Object_02582
Oxidizing,Object_04451
Radioactive,Object_02748
Toxic,Object_02150
Fragile,Object_04402
Fragile,Object_02710
Toxic,Object_03999
Fragile,Object_00536
Fragile,Object_04372
Radioactive,Object_03828
Pressurized,Object_06018
Toxic,Object_05655
Flammable,Object_00823
Unspecified,Object_03334
Oxidizing,Object_02789
Corrosive,Object_06457
Pressurized,Object_07192
Fragile,Object_03349
Flammable,Object_01730
Fragile,Object_07034
Fragile,Object_00257
Unspecified,Object_06339
Food,Object_06898
Pressurized,Object_06808
Radioactive,Object_07329
Flammable,Object_00222
Food,Object_03661
Pressurized,Object_03697
Pressurized,Object_07028
Radioactive,Object_06960
Food,Object_03477
Oxidizing,Object_00330
Corrosive,Object_06939
Toxic,Object_04146
Food,Object_05110
Unspecified,Object_03593
Fragile,Object_06497
Corrosive,Object_04704
Explosive,Object_01287
Unspecified,Object_05107
Food,Object_00673
Corrosive,Object_02596
Explosive,Object_04716
Unspecified,Object_05455
Fragile,Object_00676
Food,Object_06731
Radioactive,Object_03310
Explosive,Object_04887
Food,Object_03632
Explosive,Object_00210
Oxidizing,Object_02356
Radioactive,Object_02485
Pressurized,Object_04661
Toxic,Object_07284
Toxic,Object_05860
Unspecified,Object_06932
Fragile,Object_05553
Explosive,Object_07359
Pressurized,Object_03004
Explosive,Object_04563
Oxidizing,Object_05022
Fragile,Object_06909
Corrosive,Object_04167
Pressurized,Object_04821
Food,Object_02592
Corrosive,Object_02609
Flammable,Object_03779
Toxic,Object_01188
Toxic,Object_01029
Radioactive,Object_03512
Unspecified,Object_02489
Unspecified,Object_04087
Fragile,Object_03437
Unspecified,Object_03276
Toxic,Object_01605
Unspecified,Object_04097
Flammable,Object_04491
Corrosive,Object_07404
Flammable,Object_01930
Toxic,Object_06880
Toxic,Object_03582
Food,Object_01205
Corrosive,Object_06435
Fragile,Object_01701
Radioactive,Object_05357
Explosive,Object_04265
Food,Object_01814
Toxic,Object_05601
Corrosive,Object_04222
Corrosive,Object_04336
Corrosive,Object_00719
Toxic,Object_05671
Fragile,Object_05366
Corrosive,Object_03624
Unspecified,Object_01512
Pressurized,Object_06988
Radioactive,Object_04589
Explosive,Object_05463
Explosive,Object_05911
Radioactive,Object_05737
Fragile,Object_06873
Explosive,Object_03792
Radioactive,Object_06439
Radioactive,Object_02446
Oxidizing,Object_05528
Fragile,Object_04459
Radioactive,Object_06522
Food,Object_05965
Toxic,Object_05731
Fragile,Object_04303
Pressurized,Object_01900
Corrosive,Object_04052
Pressurized,Object_07275
Explosive,Object_03393
Oxidizing,Object_01230
Food,Object_03829
Fragile,Object_04281
Unspecified,Object_00113
Explosive,Object_02934
Radioactive,Object_05780
Radioactive,Object_03321
Explosive,Object_04724
Food,Object_06291
Fragile,Object_03245
Food,Object_03009
Fragile,Object_03950
Corrosive,Object_04839
Fragile,Object_02920
Unspecified,Object_06426
Unspecified,Object_00737
Unspecified,Object_06580
Radioactive,Object_01184
Radioactive,Object_05951
Explosive,Object_05306
Food,Object_01904
Radioactive,Object_00368
Explosive,Object_06238
Pressurized,Object_00506
Radioactive,Object_00578
Unspecified,Object_02221
Flammable,Object_04669
Explosive,Object_03970
Toxic,Object_03200
Fragile,Object_02806
Toxic,Object_02867
Pressurized,Object_04071
Oxidizing,Object_03874
Radioactive,Object_00742
Radioactive,Object_05212
Explosive,Object_02055
Corrosive,Object_07276
Pressurized,Object_04980
Unspecified,Object_00155
Oxidizing,Object_02858
Unspecified,Object_01541
Fragile,Object_00072
Food,Object_04749
Explosive,Object_05679
Pressurized,Object_04857
Toxic,Object_04186
Food,Object_05788
Oxidizing,Object_07124
Food,Object_04079
Corrosive,Object_03210
Flammable,Object_03456
Explosive,Object_05042
Oxidizing,Object_05140
Toxic,Object_03916
Food,Object_00075
Oxidizing,Object_01773
Food,Object_03034
Pressurized,Object_02892
Explosive,Object_04701
Radioactive,Object_05071
Pressurized,Object_07213
Unspecified,Object_04433
Oxidizing,Object_07366
Pressurized,Object_03983
Radioactive,Object_07433
Pressurized,Object_00371
Radioactive,Object_01837
Food,Object_00024
Explosive,Object_02418
Food,Object_06071
Radioactive,Object_02012
Unspecified,Object_01181
Oxidizing,Object_02094
Flammable,Object_06308
Fragile,Object_04434
Unspecified,Object_04498
Corrosive,Object_02449
Radioactive,Object_06743
Flammable,Object_04044
Flammable,Object_00153
Explosive,Object_03002
Oxidizing,Object_07452
Pressurized,Object_05871
Fragile,Object_00389
Food,Object_04725
Toxic,Object_02811
Pressurized,Object_03405
Unspecified,Object_06643
Food,Object_05186
Toxic,Object_07114
Unspecified,Object_04156
Toxic,Object_05201
Food,Object_03684
Radioactive,Object_01362
Explosive,Object_05632
Oxidizing,Object_03869
Toxic,Object_06029
Fragile,Object_01748
Fragile,Object_01702
Unspecified,Object_06296
Explosive,Object_04530
Radioactive,Object_03956
Food,Object_04241
Fragile,Object_05136
Pressurized,Object_05178
Fragile,Object_06423
Pressurized,Object_02964
Flammable,Object_06795
Corrosive,Object_00107
Toxic,Object_06009
Toxic,Object_02630
Toxic,Object_06166
Unspecified,Object_05302
Toxic,Object_02994
Food,Object_02669
Flammable,Object_06599
Food,Object_00023
Radioactive,Object_02043
Oxidizing,Object_07483
Food,Object_01551
Explosive,Object_02120
Toxic,Object_05579
Food,Object_01417
Explosive,Object_01898
Pressurized,Object_04468
Flammable,Object_07193
Unspecified,Object_00344
Food,Object_04983
Pressurized,Object_06425
Corrosive,Object_03984
Explosive,Object_04951
Radioactive,Object_03079
Corrosive,Object_06103
Food,Object_02722
Toxic,Object_07478
Fragile,Object_00066
Pressurized,Object_05391
Toxic,Object_07019
Radioactive,Object_02414
Pressurized,Object_02011
Pressurized,Object_01465
Radioactive,Object_05629
Oxidizing,Object_04120
Fragile,Object_02702
Fragile,Object_00519
Corrosive,Object_01285
Corrosive,Object_06918
Radioactive,Object_04136
Corrosive,Object_00399
Toxic,Object_04742
Oxidizing,Object_06178
Oxidizing,Object_06859
Unspecified,Object_01700
Corrosive,Object_00636
Unspecified,Object_05108
Toxic,Object_01796
Explosive,Object_06488
Oxidizing,Object_05272
Unspecified,Object_04102
Fragile,Object_00266
Flammable,Object_02814
Unspecified,Object_01186
Oxidizing,Object_07030
Unspecified,Object_01624
Flammable,Object_01804
Fragile,Object_00444
Food,Object_06235
Radioactive,Object_04877
Toxic,Object_07371
Pressurized,Object_01167
Unspecified,Object_04652
Pressurized,Object_01123
Flammable,Object_04219
Explosive,Object_02009
Fragile,Object_07277
Toxic,Object_01528
Food,Object_04755
Corrosive,Object_04889
Flammable,Object_04208
Explosive,Object_00953
Oxidizing,Object_01557
Oxidizing,Object_01869
Flammable,Object_00081
Food,Object_02602
Fragile,Object_06957
Toxic,Object_05177
Toxic,Object_03054
Toxic,Object_03314
Oxidizing,Object_01022
Toxic,Object_03682
Pressurized,Object_01386
Unspecified,Object_00148
Corrosive,Object_03179
Explosive,Object_02199
Pressurized,Object_03573
Fragile,Object_01911
Corrosive,Object_00328
Food,Object_03132
Pressurized,Object_01676
Explosive,Object_03649
Toxic,Object_04643
Corrosive,Object_02254
Pressurized,Object_06387
Pressurized,Object_03848
Unspecified,Object_07175
Corrosive,Object_02066
Food,Object_06292
Unspecified,Object_03521
Pressurized,Object_06685
Corrosive,Object_02048
Food,Object_02073
Unspecified,Object_04472
Unspecified,Object_05989
Oxidizing,Object_05647
Fragile,Object_03626
Food,Object_03821
Fragile,Object_00851
Corrosive,Object_01600
Radioactive,Object_06278
Corrosive,Object_04145
Food,Object_05247
Flammable,Object_05779
Flammable,Object_01553
Oxidizing,Object_05387
Explosive,Object_01670
Food,Object_05101
Explosive,Object_04727
Flammable,Object_05685
Corrosive,Object_03146
Fragile,Object_01562
Toxic,Object_02297
Pressurized,Object_03862
Explosive,Object_03359
Corrosive,Object_01163
Flammable,Object_02978
Fragile,Object_06790
Toxic,Object_06921
Radioactive,Object_02441
Fragile,Object_03296
Food,Object_05218
Food,Object_07082
Explosive,Object_02239
Toxic,Object_04007
Radioactive,Object_06398
Pressurized,Object_06256
Explosive,Object_02580
Flammable,Object_06244
Fragile,Object_06063
Food,Object_01302
Radioactive,Object_01999
Radioactive,Object_01425
Unspecified,Object_03320
Corrosive,Object_01588
Explosive,Object_03363
Explosive,Object_03973
Flammable,Object_05012
Pressurized,Object_05934
Unspecified,Object_00729
Pressurized,Object_06503
Fragile,Object_03767
Oxidizing,Object_01021
Fragile,Object_00117
Explosive,Object_04588
Unspecified,Object_01909
Unspecified,Object_06703
Radioactive,Object_03755
Radioactive,Object_05808
Corrosive,Object_00841
Pressurized,Object_01263
Flammable,Object_03117
Unspecified,Object_06538
Radioactive,Object_07400
Radioactive,Object_00147
Flammable,Object_04779
Toxic,Object_06150
Unspecified,Object_01583
Flammable,Object_05407
Unspecified,Object_04797
Fragile,Object_02845
Unspecified,Object_02904
Unspecified,Object_03264
Oxidizing,Object_03413
Explosive,Object_07368
Unspecified,Object_01932
Flammable,Object_07465
Pressurized,Object_02735
Oxidizing,Object_04767
Fragile,Object_00206
Unspecified,Object_04503
Pressurized,Object_02031
Unspecified,Object_01934
Food,Object_05224
Flammable,Object_06345
Radioactive,Object_06341
Fragile,Object_03139
Radioactive,Object_05576
Radioactive,Object_04935
Flammable,Object_02705
Toxic,Object_04544
Toxic,Object_06335
Fragile,Object_00110
Flammable,Object_02628
Explosive,Object_05502
Explosive,Object_01846
Explosive,Object_01017
Pressurized,Object_00917
Radioactive,Object_06608
Toxic,Object_04714
Unspecified,Object_05527
Radioactive,Object_07272
Unspecified,Object_02006
Radioactive,Object_02152
Pressurized,Object_02957
Toxic,Object_01171
Radioactive,Object_07186
Unspecified,Object_04038
Food,Object_00970
Pressurized,Object_07384
Pressurized,Object_02070
Fragile,Object_01035
Unspecified,Object_00135
Radioactive,Object_02700
Food,Object_06288
Fragile,Object_02065
Oxidizing,Object_02322
Radioactive,Object_05795
Radioactive,Object_04501
Food,Object_02310
Flammable,Object_02315
Fragile,Object_03810
Corrosive,Object_01517
Flammable,Object_01828
Corrosive,Object_03499
Flammable,Object_02644
Toxic,Object_00750
Toxic,Object_05517
Food,Object_00665
Toxic,Object_05182
Toxic,Object_02608
Radioactive,Object_05969
Toxic,Object_03945
Unspecified,Object_04822
Toxic,Object_05437
Oxidizing,Object_03834
Pressurized,Object_01036
Fragile,Object_03708
Unspecified,Object_02931
Radioactive,Object_00916
Explosive,Object_01719
Oxidizing,Object_06524
Oxidizing,Object_03380
Pressurized,Object_02842
Oxidizing,Object_05985
Toxic,Object_05447
Unspecified,Object_03147
Corrosive,Object_00800
Unspecified,Object_04152
Toxic,Object_02586
Explosive,Object_03027
Explosive,Object_04128
Toxic,Object_00140
Toxic,Object_00050
Oxidizing,Object_06793
Explosive,Object_07447
Food,Object_02340
Flammable,Object_03202
Food,Object_05421
Corrosive,Object_04971
Corrosive,Object_06665
Explosive,Object_06254
Radioactive,Object_01824
Pressurized,Object_02909
Toxic,Object_06654
Unspecified,Object_06263
Oxidizing,Object_04710
Radioactive,Object_03392
Toxic,Object_04437
Oxidizing,Object_06359
Oxidizing,Object_05504
Radioactive,Object_07459
Flammable,Object_05499
Flammable,Object_05699
Explosive,Object_01014
Explosive,Object_07288
Flammable,Object_04269
Flammable,Object_02791
Corrosive,Object_00903
Food,Object_01586
Pressurized,Object_07481
Corrosive,Object_05187
Oxidizing,Object_06434
Radioactive,Object_04740
Corrosive,Object_05314
Unspecified,Object_04086
Pressurized,Object_04140
Unspecified,Object_06045
Corrosive,Object_03121
Fragile,Object_05688
Oxidizing,Object_04278
Flammable,Object_01075
Corrosive,Object_02856
Pressurized,Object_03841
Radioactive,Object_04576
Unspecified,Object_06600
Toxic,Object_06118
Corrosive,Object_02379
Oxidizing,Object_02421
Oxidizing,Object_06755
Unspecified,Object_01653
Fragile,Object_02889
Food,Object_01549
Flammable,Object_01472
Pressurized,Object_07392
Corrosive,Object_02497
Oxidizing,Object_01120
Oxidizing,Object_06928
Pressurized,Object_05551
Food,Object_04876
Unspecified,Object_01271
Radioactive,Object_03768
Toxic,Object_05024
Pressurized,Object_03223
Unspecified,Object_03171
Corrosive,Object_03802
Radioactive,Object_02003
Flammable,Object_04855
Toxic,Object_02233
Unspecified,Object_04090
Food,Object_00711
Toxic,Object_00242
Corrosive,Object_07386
Corrosive,Object_03180
Food,Object_00116
Pressurized,Object_07012
Radioactive,Object_02143
Fragile,Object_03569
Explosive,Object_01090
Toxic,Object_05369
Toxic,Object_00596
Radioactive,Object_05338
Flammable,Object_01170
Food,Object_02816
Toxic,Object_04758
Flammable,Object_06253
Oxidizing,Object_05121
Food,Object_05432
Explosive,Object_05036
Radioactive,Object_07005
Flammable,Object_06693
Fragile,Object_00821
Oxidizing,Object_01122
Toxic,Object_02000
Radioactive,Object_02653
Oxidizing,Object_04784
Radioactive,Object_05132
Flammable,Object_03080
Oxidizing,Object_03611
Toxic,Object_00020
Oxidizing,Object_01737
Fragile,Object_07391
Pressurized,Object_02494
Unspecified,Object_05713
Toxic,Object_03011
Corrosive,Object_01154
Pressurized,Object_01617
Explosive,Object_01009
Corrosive,Object_06477
Pressurized,Object_06185
Radioactive,Object_01397
Toxic,Object_01314
Toxic,Object_04333
Pressurized,Object_05180
Corrosive,Object_02935
Corrosive,Object_02831
Oxidizing,Object_03244
Radioactive,Object_06140
Toxic,Object_05758
Fragile,Object_05578
Unspecified,Object_03818
Fragile,Object_07044
Explosive,Object_06468
Radioactive,Object_04659
Unspecified,Object_04511
Fragile,Object_06536
Corrosive,Object_02077
Corrosive,Object_04815
Oxidizing,Object_03352
Radioactive,Object_05127
Oxidizing,Object_07325
Fragile,Object_00639
Food,Object_00412
Explosive,Object_06556
Corrosive,Object_04301
Pressurized,Object_04922
Corrosive,Object_01602
Food,Object_06557
Corrosive,Object_01784
Toxic,Object_02784
Corrosive,Object_02127
Corrosive,Object_03725
Flammable,Object_04952
Oxidizing,Object_00631
Radioactive,Object_06606
Corrosive,Object_01565
Food,Object_05586
Food,Object_05203
Corrosive,Object_03506
Food,Object_01956
Fragile,Object_02486
Radioactive,Object_06650
Oxidizing,Object_03017
Corrosive,Object_01354
Pressurized,Object_00461
Pressurized,Object_06258
Oxidizing,Object_05325
Food,Object_01668
Oxidizing,Object_00547
Toxic,Object_02692
Explosive,Object_05742
Explosive,Object_01649
Radioactive,Object_03077
Radioactive,Object_02936
Flammable,Object_01199
Food,Object_06324
Explosive,Object_06171
Corrosive,Object_04594
Food,Object_00030
Flammable,Object_02438
Flammable,Object_02882
Food,Object_01128
Toxic,Object_02699
Oxidizing,Object_00182
Pressurized,Object_00893
Flammable,Object_05193
Fragile,Object_03963
Corrosive,Object_00261
Corrosive,Object_04291
Food,Object_04034
Flammable,Object_05683
Oxidizing,Object_00119
Food,Object_03954
Food,Object_05574
Fragile,Object_01842
Pressurized,Object_04395
Explosive,Object_07338
Pressurized,Object_01436
Explosive,Object_04819
Corrosive,Object_02397
Explosive,Object_03769
Oxidizing,Object_02833
Flammable,Object_00833
Corrosive,Object_03788
Corrosive,Object_02611
Unspecified,Object_05394
Unspecified,Object_01359
Unspecified,Object_06280
Unspecified,Object_03645
Explosive,Object_03361
Explosive,Object_01958
Oxidizing,Object_02744
Oxidizing,Object_06881
Unspecified,Object_04048
Oxidizing,Object_04198
Pressurized,Object_03715
Oxidizing,Object_02838
Pressurized,Object_05183
Toxic,Object_02362
Flammable,Object_03226
Flammable,Object_06041
Unspecified,Object_07205
Radioactive,Object_01132
Toxic,Object_04790
Unspecified,Object_01699
Toxic,Object_03826
Oxidizing,Object_05959
Toxic,Object_06187
Oxidizing,Object_05471
Toxic,Object_07373
Pressurized,Object_00141
Corrosive,Object_01487
Toxic,Object_06065
Radioactive,Object_04861
Corrosive,Object_00493
Explosive,Object_00457
Flammable,Object_00281
Corrosive,Object_06463
Corrosive,Object_01859
Explosive,Object_01250
Corrosive,Object_04898
Flammable,Object_06798
Corrosive,Object_06521
Explosive,Object_02597
Radioactive,Object_06201
Unspecified,Object_06506
Unspecified,Object_07045
Flammable,Object_07001
Oxidizing,Object_04390
Fragile,Object_00933
Food,Object_00455
Food,Object_04524
Fragile,Object_04916
Explosive,Object_01675
Radioactive,Object_04387
Flammable,Object_04106
Unspecified,Object_04455
Fragile,Object_03959
Oxidizing,Object_03260
Unspecified,Object_00647
Oxidizing,Object_04273
Food,Object_02639
Radioactive,Object_03219
Food,Object_05098
Flammable,Object_05444
Explosive,Object_01434
Corrosive,Object_05001
Unspecified,Object_02996
Corrosive,Object_02979
Fragile,Object_07161
Oxidizing,Object_02528
Flammable,Object_05869
Corrosive,Object_06667
Explosive,Object_02139
Explosive,Object_05557
Pressurized,Object_06413
Pressurized,Object_05402
Fragile,Object_04369
Unspecified,Object_07097
Fragile,Object_03068
Explosive,Object_03108
Unspecified,Object_03761
Oxidizing,Object_03592
Unspecified,Object_05087
Flammable,Object_02606
Flammable,Object_05848
Radioactive,Object_03597
Fragile,Object_00869
Radioactive,Object_04359
Unspecified,Object_06994
Flammable,Object_06814
Oxidizing,Object_04257
Unspecified,Object_03302
Toxic,Object_06702
Food,Object_01792
Food,Object_04094
Explosive,Object_02198
Explosive,Object_00824
Flammable,Object_01214
Unspecified,Object_02023
Explosive,Object_02050
Fragile,Object_03329
Fragile,Object_03498
Pressurized,Object_00383
Pressurized,Object_05791
Flammable,Object_00909
Radioactive,Object_06089
Unspecified,Object_07443
Corrosive,Object_02399
Explosive,Object_06326
Explosive,Object_00199
Food,Object_00991
Corrosive,Object_04634
Radioactive,Object_05269
Explosive,Object_04300
Toxic,Object_05349
Food,Object_01062
Pressurized,Object_00227
Pressurized,Object_05130
Pressurized,Object_03135
Oxidizing,Object_05605
Radioactive,Object_00323
Unspecified,Object_03728
Toxic,Object_04223
Unspecified,Object_06589
Explosive,Object_00378
Oxidizing,Object_00264
Food,Object_00781
Toxic,Object_01986
Oxidizing,Object_07047
Pressurized,Object_03155
Food,Object_06527
Corrosive,Object_00630
Pressurized,Object_06482
Food,Object_05914
Explosive,Object_05619
Corrosive,Object_03305
Food,Object_06971
Oxidizing,Object_06877
Explosive,Object_02101
Pressurized,Object_01109
Unspecified,Object_00745
Toxic,Object_03567
Oxidizing,Object_02656
Oxidizing,Object_06870
Radioactive,Object_07290
Unspecified,Object_04495
Oxidizing,Object_05768
Oxidizing,Object_03855
Flammable,Object_04181
Radioactive,Object_01788
Flammable,Object_03330
Radioactive,Object_03096
Pressurized,Object_03780
Flammable,Object_04296
Corrosive,Object_06756
Flammable,Object_00568
Flammable,Object_02771
Radioactive,Object_03006
Flammable,Object_05518
Oxidizing,Object_04703
Pressurized,Object_02053
Toxic,Object_00793
Oxidizing,Object_06315
Unspecified,Object_05308
Corrosive,Object_06574
Pressurized,Object_05668
Radioactive,Object_06707
Explosive,Object_03623
Explosive,Object_03552
Pressurized,Object_00145
Flammable,Object_05751
Pressurized,Object_05979
Radioactive,Object_05230
Corrosive,Object_01339
Flammable,Object_05638
Corrosive,Object_06754
Flammable,Object_03082
Fragile,Object_06037
Radioactive,Object_02158
Pressurized,Object_02976
Food,Object_03608
Food,Object_06079
Toxic,Object_00331
Radioactive,Object_06603
Oxidizing,Object_04757
Unspecified,Object_00574
Oxidizing,Object_04158
Flammable,Object_05825
Unspecified,Object_02763
Toxic,Object_04049
Explosive,Object_01223
Oxidizing,Object_03269
Toxic,Object_01637
Pressurized,Object_06314
Radioactive,Object_00975
Explosive,Object_03487
Flammable,Object_07420
Radioactive,Object_02255
Toxic,Object_00348
Corrosive,Object_05472
Flammable,Object_05908
Flammable,Object_07043
Flammable,Object_06022
Explosive,Object_02768
Unspecified,Object_06224
Corrosive,Object_03284
Flammable,Object_03339
Fragile,Object_04058
Toxic,Object_03884
Fragile,Object_00335
Food,Object_03694
Pressurized,Object_02567
Radioactive,Object_04732
Toxic,Object_05633
Oxidizing,Object_00089
Pressurized,Object_01323
Explosive,Object_06096
Food,Object_02491
Radioactive,Object_02181
Oxidizing,Object_01364
Fragile,Object_04124
Toxic,Object_06706
Oxidizing,Object_03443
Pressurized,Object_06757
Oxidizing,Object_01567
Unspecified,Object_06804
Unspecified,Object_01165
Radioactive,Object_00775
Food,Object_05644
Corrosive,Object_01276
Radioactive,Object_06490
Toxic,Object_04662
Pressurized,Object_07357
Fragile,Object_05752
Toxic,Object_04487
Corrosive,Object_03859
Corrosive,Object_04470
Corrosive,Object_07173
Pressurized,Object_05991
Radioactive,Object_00474
Fragile,Object_04868
Oxidizing,Object_05663
Unspecified,Object_06081
Corrosive,Object_04748
Toxic,Object_02204
Toxic,Object_05555
Corrosive,Object_02378
Fragile,Object_03374
Explosive,Object_04374
Unspecified,Object_02456
Toxic,Object_04555
Unspecified,Object_01201
Oxidizing,Object_04327
Flammable,Object_02827
Corrosive,Object_05359
Radioactive,Object_04720
Explosive,Object_07441
Fragile,Object_04213
Radioactive,Object_06699
Food,Object_04626
Explosive,Object_06471
Flammable,Object_05154
Corrosive,Object_05041
Unspecified,Object_02946
Pressurized,Object_04973
Explosive,Object_02082
Flammable,Object_06271
Fragile,Object_06690
Toxic,Object_00192
Flammable,Object_01636
Flammable,Object_00716
Oxidizing,Object_03900
Pressurized,Object_06819
Pressurized,Object_00465
Food,Object_03464
Oxidizing,Object_00441
Flammable,Object_02975
Oxidizing,Object_01404
Flammable,Object_04162
Radioactive,Object_02335
Pressurized,Object_04392
Corrosive,Object_02720
Explosive,Object_01112
Pressurized,Object_01033
Flammable,Object_03753
Explosive,Object_04867
Oxidizing,Object_03530
Oxidizing,Object_05771
Pressurized,Object_02508
Pressurized,Object_01420
Explosive,Object_03485
Explosive,Object_04133
Corrosive,Object_07343
Corrosive,Object_04676
Corrosive,Object_03024
Toxic,Object_04604
Explosive,Object_07370
Corrosive,Object_04795
Fragile,Object_05581
Toxic,Object_06955
Unspecified,Object_01337
Toxic,Object_00565
Oxidizing,Object_03520
Fragile,Object_04254
Fragile,Object_01067
Unspecified,Object_02999
Radioactive,Object_00149
Pressurized,Object_03558
Explosive,Object_01611
Oxidizing,Object_04928
Pressurized,Object_06800
Radioactive,Object_05856
Radioactive,Object_02571
Oxidizing,Object_05784
Food,Object_06992
Food,Object_00830
Explosive,Object_02915
Unspecified,Object_06188
Radioactive,Object_00609
Explosive,Object_02773
Pressurized,Object_03711
Unspecified,Object_05764
Toxic,Object_03097
Flammable,Object_03423
Fragile,Object_01482
Explosive,Object_00152
Explosive,Object_07440
Oxidizing,Object_03864
Explosive,Object_03133
Toxic,Object_04896
Unspecified,Object_07162
Oxidizing,Object_06546
Corrosive,Object_02195
Food,Object_05745
Radioactive,Object_03856
Explosive,Object_04436
Fragile,Object_03168
Flammable,Object_06129
Corrosive,Object_05398
Corrosive,Object_07339
Pressurized,Object_02626
Unspecified,Object_03531
Corrosive,Object_07155
Corrosive,Object_03502
Flammable,Object_05866
Unspecified,Object_07439
Corrosive,Object_02387
Fragile,Object_03621
Oxidizing,Object_04074
Unspecified,Object_06933
Unspecified,Object_03751
Fragile,Object_01713
Food,Object_01753
Pressurized,Object_05732
Radioactive,Object_00715
Fragile,Object_00205
Toxic,Object_07454
Food,Object_05785
Pressurized,Object_04880
Fragile,Object_05516
Explosive,Object_02285
Fragile,Object_06894
Oxidizing,Object_02185
Corrosive,Object_03585
Corrosive,Object_02719
Food,Object_06629
Toxic,Object_00434
Unspecified,Object_00314
Explosive,Object_04385
Food,Object_01946
Unspecified,Object_01521
Toxic,Object_00340
Explosive,Object_02873
Food,Object_01785
Flammable,Object_01296
Fragile,Object_03461
Oxidizing,Object_04255
Unspecified,Object_01471
Flammable,Object_04409
Oxidizing,Object_06290
Pressurized,Object_03746
Food,Object_06775
Radioactive,Object_03263
Oxidizing,Object_02783
Fragile,Object_01237
Unspecified,Object_07166
Fragile,Object_03379
Flammable,Object_04084
Radioactive,Object_02205
Oxidizing,Object_06159
Flammable,Object_00219
Oxidizing,Object_03313
Radioactive,Object_05640
Pressurized,Object_06993
Oxidizing,Object_02148
Radioactive,Object_05727
Unspecified,Object_01072
Flammable,Object_00816
Food,Object_01574
Radioactive,Object_00689
Oxidizing,Object_05894
Explosive,Object_00253
Corrosive,Object_02581
Radioactive,Object_00492
Fragile,Object_00193
Fragile,Object_03172
Corrosive,Object_04956
Explosive,Object_00768
Flammable,Object_01092
Oxidizing,Object_00762
Oxidizing,Object_02364
Pressurized,Object_01857
Flammable,Object_03865
Radioactive,Object_02372
Toxic,Object_01918
Unspecified,Object_06821
Fragile,Object_03691
Oxidizing,Object_03527
Oxidizing,Object_07071
Pressurized,Object_04978
Oxidizing,Object_00960
Unspecified,Object_02543
Explosive,Object_03616
Corrosive,Object_00642
Food,Object_05895
Oxidizing,Object_05289
Toxic,Object_00427
Flammable,Object_02344
Toxic,Object_05345
Oxidizing,Object_02578
Corrosive,Object_03182
Explosive,Object_01462
Corrosive,Object_00454
Pressurized,Object_00659
Food,Object_01535
Food,Object_03660
Corrosive,Object_05045
Corrosive,Object_02600
Explosive,Object_05602
Explosive,Object_01087
Pressurized,Object_00951
Food,Object_01829
Explosive,Object_05323
Explosive,Object_02916
Radioactive,Object_04062
Food,Object_06383
Oxidizing,Object_03020
Unspecified,Object_00754
Corrosive,Object_01008
Flammable,Object_00632
Toxic,Object_05807
Fragile,Object_02819
Flammable,Object_02467
Explosive,Object_05950
Flammable,Object_01959
Corrosive,Object_02908
Pressurized,Object_04807
Explosive,Object_02923
Radioactive,Object_03362
Toxic,Object_03256
Corrosive,Object_05315
Corrosive,Object_04004
Corrosive,Object_02843
Corrosive,Object_04029
Corrosive,Object_04863
Pressurized,Object_03997
Pressurized,Object_01448
Fragile,Object_03404
Pressurized,Object_02352
Food,Object_01523
Oxidizing,Object_01669
Unspecified,Object_06216
Corrosive,Object_02021
Corrosive,Object_07024
Toxic,Object_02757
Toxic,Object_02013
Radioactive,Object_04908
Radioactive,Object_03793
Corrosive,Object_04373
Unspecified,Object_00717
Fragile,Object_04793
Flammable,Object_03083
Explosive,Object_05769
Explosive,Object_01757
Radioactive,Object_00618
Radioactive,Object_04801
Radioactive,Object_03756
Food,Object_06305
Pressurized,Object_03605
Fragile,Object_02323
Food,Object_02177
Food,Object_00720
Pressurized,Object_02275
Corrosive,Object_05321
Unspecified,Object_04653
Pressurized,Object_02226
Unspecified,Object_02107
Food,Object_06985
Unspecified,Object_04526
Fragile,Object_00251
Unspecified,Object_04122
Fragile,Object_05206
Fragile,Object_02186
Fragile,Object_06853
Flammable,Object_01484
Fragile,Object_04235
Toxic,Object_04332
Corrosive,Object_00847
Corrosive,Object_01501
Pressurized,Object_03730
Explosive,Object_02302
Unspecified,Object_03965
Fragile,Object_06006
Unspecified,Object_07077
Oxidizing,Object_07087
Flammable,Object_05508
Corrosive,Object_06656
Oxidizing,Object_00927
Toxic,Object_04664
Food,Object_06638
Unspecified,Object_05393
Flammable,Object_04024
Radioactive,Object_02610
Corrosive,Object_00479
Fragile,Object_02355
Unspecified,Object_02598
Explosive,Object_01710
Oxidizing,Object_04934
Pressurized,Object_03463
Oxidizing,Object_00309
Oxidizing,Object_01249
Toxic,Object_06704
Flammable,Object_05231
Fragile,Object_04849
Corrosive,Object_00904
Fragile,Object_04258
Oxidizing,Object_06215
Unspecified,Object_00622
Radioactive,Object_00877
Fragile,Object_03057
Pressurized,Object_02864
Flammable,Object_06472
Explosive,Object_04957
Explosive,Object_00780
Pressurized,Object_02038
Corrosive,Object_01444
Fragile,Object_03033
Unspecified,Object_01581
Unspecified,Object_06211
Fragile,Object_05329
Food,Object_04067
Toxic,Object_04518
Corrosive,Object_00924
Explosive,Object_04520
Unspecified,Object_01537
Corrosive,Object_07103
Toxic,Object_07174
Corrosive,Object_01980
Corrosive,Object_07211
Unspecified,Object_02676
Corrosive,Object_06875
Food,Object_00185
Unspecified,Object_04263
Explosive,Object_03424
Food,Object_05681
Fragile,Object_04344
Radioactive,Object_00801
Fragile,Object_05438
Fragile,Object_06392
Oxidizing,Object_02171
Unspecified,Object_03797
Radioactive,Object_06330
Oxidizing,Object_02942
Oxidizing,Object_06700
Unspecified,Object_02159
Pressurized,Object_05571
Flammable,Object_00109
Corrosive,Object_05750
Food,Object_06680
Radioactive,Object_05034
Oxidizing,Object_01233
Flammable,Object_00350
Pressurized,Object_02823
Corrosive,Object_02929
Radioactive,Object_00170
Unspecified,Object_04206
Flammable,Object_03453
Radioactive,Object_07078
Explosive,Object_04178
Corrosive,Object_00247
Pressurized,Object_02958
Food,Object_07252
Toxic,Object_06352
Toxic,Object_00604
Radioactive,Object_04423
Fragile,Object_00888
Radioactive,Object_06049
Oxidizing,Object_01262
Radioactive,Object_06752
Fragile,Object_04479
Toxic,Object_05019
Unspecified,Object_03955
Corrosive,Object_03989
Unspecified,Object_06104
Fragile,Object_05111
Radioactive,Object_07248
Fragile,Object_07075
Pressurized,Object_01441
Pressurized,Object_06494
Flammable,Object_01758
Explosive,Object_03060
Explosive,Object_00180
Pressurized,Object_04037
Toxic,Object_02376
Pressurized,Object_05410
Corrosive,Object_04522
Pressurized,Object_03508
Pressurized,Object_01962
Toxic,Object_07065
Oxidizing,Object_00138
Oxidizing,Object_06084
Radioactive,Object_05568
Pressurized,Object_01304
Flammable,Object_02680
Toxic,Object_05104
Radioactive,Object_04579
Radioactive,Object_04930
Pressurized,Object_07235
Oxidizing,Object_04381
Unspecified,Object_06313
Flammable,Object_01543
Unspecified,Object_02461
Toxic,Object_05054
Unspecified,Object_05544
Unspecified,Object_01874
Radioactive,Object_01832
Flammable,Object_00994
Pressurized,Object_00532
Flammable,Object_02222
Food,Object_02271
Unspecified,Object_00862
Oxidizing,Object_06421
Flammable,Object_06213
Pressurized,Object_05593
Radioactive,Object_01406
Corrosive,Object_01539
Fragile,Object_03949
Toxic,Object_04734
Corrosive,Object_01382
Pressurized,Object_00105
Radioactive,Object_06533
Fragile,Object_01983
Oxidizing,Object_05563
Corrosive,Object_04897
Unspecified,Object_02074
Oxidizing,Object_01270
Pressurized,Object_00950
Fragile,Object_03920
Flammable,Object_06446
Food,Object_00293
Oxidizing,Object_06323
Oxidizing,Object_00453
Radioactive,Object_01292
Oxidizing,Object_06523
Fragile,Object_00103
Food,Object_06799
Food,Object_03962
Fragile,Object_06186
Food,Object_01643
Unspecified,Object_01177
Corrosive,Object_01026
Fragile,Object_00490
Radioactive,Object_05867
Explosive,Object_04240
Radioactive,Object_01747
Radioactive,Object_02007
Fragile,Object_05346
Flammable,Object_02439
Flammable,Object_03875
Fragile,Object_04842
Explosive,Object_05912
Fragile,Object_01082
Food,Object_00026
Oxidizing,Object_06228
Food,Object_06450
Fragile,Object_06102
Unspecified,Object_05114
Unspecified,Object_06567
Fragile,Object_00648
Flammable,Object_01078
Toxic,Object_00982
Fragile,Object_03719
Radioactive,Object_04746
Fragile,Object_05538
Toxic,Object_05667
Corrosive,Object_01721
Oxidizing,Object_01518
Food,Object_01350
Pressurized,Object_04180
Food,Object_00919
Fragile,Object_01057
Radioactive,Object_06113
Oxidizing,Object_06389
Fragile,Object_06539
Flammable,Object_03402
Corrosive,Object_05223
Radioactive,Object_02572
Toxic,Object_03857
Unspecified,Object_01614
Unspecified,Object_02850
Explosive,Object_01174
Explosive,Object_04113
Unspecified,Object_01331
Radioactive,Object_01251
Unspecified,Object_04639
Food,Object_01133
Oxidizing,Object_04185
Toxic,Object_00014
Unspecified,Object_03740
Explosive,Object_07327
Pressurized,Object_04412
Oxidizing,Object_06377
Explosive,Object_02871
Food,Object_06890
Flammable,Object_01129
Fragile,Object_01661
Explosive,Object_06130
Flammable,Object_04403
Toxic,Object_03971
Corrosive,Object_04763
Unspecified,Object_05043
Food,Object_00697
Unspecified,Object_00808
Oxidizing,Object_06697
Flammable,Object_02616
Fragile,Object_03655
Pressurized,Object_01718
Unspecified,Object_03505
Pressurized,Object_02196
Toxic,Object_00400
Flammable,Object_01750
Food,Object_04343
Unspecified,Object_00887
Explosive,Object_01246
Oxidizing,Object_03957
Radioactive,Object_02761
Food,Object_02304
Oxidizing,Object_06681
Radioactive,Object_01895
Radioactive,Object_00363
Unspecified,Object_05147
Corrosive,Object_07476
Fragile,Object_06443
Toxic,Object_04322
Corrosive,Object_07230
Pressurized,Object_03922
Oxidizing,Object_05256
Pressurized,Object_03403
Food,Object_04786
Fragile,Object_04698
Food,Object_04649
Flammable,Object_07259
Unspecified,Object_01306
Pressurized,Object_03687
Flammable,Object_05738
Corrosive,Object_00504
Oxidizing,Object_01597
Pressurized,Object_04157
Radioactive,Object_07394
Fragile,Object_01041
Fragile,Object_06414
Unspecified,Object_07149
Corrosive,Object_05169
Fragile,Object_07313
Oxidizing,Object_03944
Pressurized,Object_01727
Radioactive,Object_04287
Radioactive,Object_00920
Corrosive,Object_02959
Pressurized,Object_03939
Flammable,Object_01137
Unspecified,Object_02417
Explosive,Object_05092
Flammable,Object_01524
Toxic,Object_01735
Fragile,Object_00724
Toxic,Object_04642
Oxidizing,Object_05583
Food,Object_06442
Toxic,Object_02288
Pressurized,Object_02329
Toxic,Object_00906
Food,Object_06347
Pressurized,Object_04398
Unspecified,Object_03806
Pressurized,Object_01601
Toxic,Object_05510
Pressurized,Object_02818
Unspecified,Object_06460
Fragile,Object_01013
Corrosive,Object_02839
Flammable,Object_06889
Fragile,Object_03801
Flammable,Object_02191
Unspecified,Object_00077
Radioactive,Object_00627
Radioactive,Object_00321
Pressurized,Object_01928
Radioactive,Object_04059
Food,Object_04907
Radioactive,Object_00356
Explosive,Object_07033
Pressurized,Object_01228
Unspecified,Object_04003
Fragile,Object_05766
Toxic,Object_01467
Radioactive,Object_06925
Unspecified,Object_05877
Pressurized,Object_04646
Radioactive,Object_07131
Oxidizing,Object_06184
Corrosive,Object_06735
Toxic,Object_04564
Unspecified,Object_02853
Unspecified,Object_01627
Toxic,Object_03615
Corrosive,Object_00820
Explosive,Object_03104
Corrosive,Object_04558
Fragile,Object_05246
Pressurized,Object_05243
Fragile,Object_05141
Toxic,Object_07390
Corrosive,Object_05465
Flammable,Object_06075
Flammable,Object_03127
Pressurized,Object_05984
Explosive,Object_02971
Oxidizing,Object_05635
Pressurized,Object_04582
Flammable,Object_01968
Corrosive,Object_01351
Food,Object_06493
Radioactive,Object_00234
Fragile,Object_04099
Unspecified,Object_06393
Explosive,Object_02122
Pressurized,Object_01319
Pressurized,Object_06811
Explosive,Object_06156
Corrosive,Object_04708
Explosive,Object_01515
Fragile,Object_07354
Unspecified,Object_03191
Corrosive,Object_00447
Explosive,Object_06214
Pressurized,Object_06687
Corrosive,Object_05124
Radioactive,Object_00607
Pressurized,Object_06134
Oxidizing,Object_06825
Food,Object_03600
Unspecified,Object_04517
Pressurized,Object_05844
Food,Object_04116
Fragile,Object_00317
Corrosive,Object_00078
Unspecified,Object_02551
Toxic,Object_01560
Unspecified,Object_02877
Unspecified,Object_02500
Toxic,Object_07260
Radioactive,Object_03583
Oxidizing,Object_04259
Pressurized,Object_00761
Toxic,Object_00514
Fragile,Object_07083
Radioactive,Object_00074
Explosive,Object_05612
Pressurized,Object_03086
Radioactive,Object_06404
Toxic,Object_04782
Unspecified,Object_02677
Radioactive,Object_05657
Oxidizing,Object_02541
Fragile,Object_03974
Flammable,Object_04149
Toxic,Object_05822
Food,Object_05541
Unspecified,Object_06106
Toxic,Object_03134
Unspecified,Object_00142
Unspecified,Object_04702
Explosive,Object_05575
Food,Object_00757
Explosive,Object_04741
Corrosive,Object_05997
Flammable,Object_06607
Unspecified,Object_01219
Unspecified,Object_02883
Unspecified,Object_01479
Fragile,Object_03416
Flammable,Object_00273
Food,Object_01935
Unspecified,Object_04239
Corrosive,Object_02507
Toxic,Object_04890
Explosive,Object_04835
Explosive,Object_00613
Radioactive,Object_02156
Radioactive,Object_02645
Oxidizing,Object_01497
Toxic,Object_05566
Flammable,Object_04088
Oxidizing,Object_04311
Unspecified,Object_05749
Flammable,Object_05964
Unspecified,Object_00485
Flammable,Object_05452
Toxic,Object_07236
Radioactive,Object_02940
Corrosive,Object_00963
Flammable,Object_03422
Fragile,Object_01795
Corrosive,Object_00381
Corrosive,Object_02203
Fragile,Object_03369
Radioactive,Object_07436
Radioactive,Object_03709
Flammable,Object_03773
Fragile,Object_02061
Pressurized,Object_06991
Pressurized,Object_01894
Explosive,Object_05055
Oxidizing,Object_00670
Flammable,Object_04681
Pressurized,Object_00094
Radioactive,Object_03877
Flammable,Object_06810
Pressurized,Object_06376
Pressurized,Object_04548
Unspecified,Object_05344
Pressurized,Object_03257
Radioactive,Object_05625
Toxic,Object_05826
Oxidizing,Object_04976
Unspecified,Object_04788
Food,Object_02396
Corrosive,Object_04622
Pressurized,Object_04418
Fragile,Object_01684
Radioactive,Object_06565
Food,Object_06269
Unspecified,Object_02236
Radioactive,Object_00503
Explosive,Object_01252
Corrosive,Object_03749
Flammable,Object_02751
Flammable,Object_03572
Pressurized,Object_04471
Explosive,Object_06169
Toxic,Object_07330
Food,Object_06651
Radioactive,Object_01392
Flammable,Object_01762
Fragile,Object_03050
Corrosive,Object_06601
Toxic,Object_05176
Toxic,Object_01476
Oxidizing,Object_06935
Food,Object_02389
Unspecified,Object_05958
Corrosive,Object_04368
Pressurized,Object_03904
Oxidizing,Object_00747
Corrosive,Object_00590
Corrosive,Object_00049
Explosive,Object_03248
Radioactive,Object_04413
Toxic,Object_07232
Radioactive,Object_02949
Oxidizing,Object_05442
Pressurized,Object_04018
Pressurized,Object_01197
Radioactive,Object_00395
Pressurized,Object_05660
Food,Object_00006
Flammable,Object_02225
Unspecified,Object_03433
Flammable,Object_04246
Radioactive,Object_07380
Radioactive,Object_05565
Corrosive,Object_03992
Radioactive,Object_06498
Unspecified,Object_05009
Pressurized,Object_01151
Flammable,Object_01794
Fragile,Object_01131
Oxidizing,Object_03148
Toxic,Object_06653
Unspecified,Object_00203
Pressurized,Object_06295
Oxidizing,Object_06161
Toxic,Object_04431
Pressurized,Object_03213
Toxic,Object_03824
Fragile,Object_00108
Fragile,Object_02175
Oxidizing,Object_02732
Unspecified,Object_05634
Pressurized,Object_03837
Flammable,Object_00789
Fragile,Object_00581
Toxic,Object_01242
Toxic,Object_02924
Unspecified,Object_03908
Explosive,Object_07407
Toxic,Object_07292
Fragile,Object_03510
Flammable,Object_00035
Toxic,Object_06776
Oxidizing,Object_03414
Radioactive,Object_02654
Radioactive,Object_05418
Food,Object_01568
Oxidizing,Object_07318
Pressurized,Object_03490
Explosive,Object_06827
Corrosive,Object_07385
Pressurized,Object_06207
Radioactive,Object_06344
Corrosive,Object_04339
Unspecified,Object_02760
Flammable,Object_04163
Pressurized,Object_06826
Food,Object_02136
Unspecified,Object_02464
Explosive,Object_06177
Food,Object_05184
Oxidizing,Object_02059
Corrosive,Object_02516
Flammable,Object_06121
Explosive,Object_02189
Explosive,Object_02286
Corrosive,Object_00611
Pressurized,Object_01972
Food,Object_06713
Explosive,Object_06958
Explosive,Object_02151
Food,Object_03641
Toxic,Object_02244
Pressurized,Object_04438
Explosive,Object_04496
Corrosive,Object_02452
Food,Object_00326
Radioactive,Object_03431
Radioactive,Object_01559
Corrosive,Object_02625
Unspecified,Object_06867
Fragile,Object_06433
Radioactive,Object_03525
Pressurized,Object_03640
Pressurized,Object_03924
Explosive,Object_05448
Oxidizing,Object_05342
Oxidizing,Object_01691
Unspecified,Object_06544
Flammable,Object_03364
Oxidizing,Object_05195
Radioactive,Object_05185
Radioactive,Object_06418
Fragile,Object_01984
Pressurized,Object_02333
Food,Object_02125
Unspecified,Object_00332
Pressurized,Object_00857
Pressurized,Object_02836
Oxidizing,Object_02373
Radioactive,Object_05558
Flammable,Object_04875
Radioactive,Object_04416
Corrosive,Object_03952
Corrosive,Object_06566
Oxidizing,Object_02805
Radioactive,Object_00666
Radioactive,Object_02665
Corrosive,Object_01682
Fragile,Object_06832
Radioactive,Object_03176
Explosive,Object_06749
Unspecified,Object_06954
Oxidizing,Object_04422
Oxidizing,Object_04290
Pressurized,Object_05372
Toxic,Object_07398
Radioactive,Object_02263
Radioactive,Object_07280
Flammable,Object_01349
Radioactive,Object_02291
Radioactive,Object_04212
Radioactive,Object_00713
Radioactive,Object_03040
Oxidizing,Object_06668
Radioactive,Object_04135
Oxidizing,Object_02210
Explosive,Object_02382
Fragile,Object_05701
Fragile,Object_01943
Toxic,Object_00799
Flammable,Object_01272
Unspecified,Object_05975
Food,Object_04444
Toxic,Object_06602
Radioactive,Object_04227
Unspecified,Object_06008
Oxidizing,Object_02282
Toxic,Object_05539
Corrosive,Object_06273
Flammable,Object_06829
Radioactive,Object_02495
Unspecified,Object_05082
Unspecified,Object_07038
Radioactive,Object_05287
Fragile,Object_05456
Corrosive,Object_05365
Oxidizing,Object_03800
Toxic,Object_04361
Fragile,Object_00122
Pressurized,Object_06543
Pressurized,Object_07238
Radioactive,Object_05035
Flammable,Object_05487
Flammable,Object_05920
Fragile,Object_00021
Fragile,Object_00139
Oxidizing,Object_01817
Fragile,Object_03617
Corrosive,Object_07101
Food,Object_04869
Oxidizing,Object_05464
Food,Object_05415
Fragile,Object_04591
Food,Object_04694
Unspecified,Object_06695
Radioactive,Object_05268
Corrosive,Object_03662
Explosive,Object_06926
Oxidizing,Object_02162
Radioactive,Object_03542
Fragile,Object_06723
Unspecified,Object_04032
Fragile,Object_02309
Radioactive,Object_00047
Pressurized,Object_03980
Flammable,Object_03429
Pressurized,Object_02498
Explosive,Object_01941
Fragile,Object_01273
Toxic,Object_00879
Food,Object_06885
Radioactive,Object_00144
Fragile,Object_01379
Fragile,Object_02056
Pressurized,Object_00016
Flammable,Object_03932
Radioactive,Object_01778
Fragile,Object_00882
Pressurized,Object_04417
Radioactive,Object_06163
Pressurized,Object_04391
Toxic,Object_06593
Corrosive,Object_02294
Corrosive,Object_01892
Explosive,Object_00595
Flammable,Object_00224
Unspecified,Object_06281
Oxidizing,Object_04738
Flammable,Object_03300
Food,Object_06501
Fragile,Object_06508
Fragile,Object_02566
Corrosive,Object_06093
Unspecified,Object_00450
Toxic,Object_03699
Toxic,Object_00250
Food,Object_04697
Oxidizing,Object_06770
Unspecified,Object_06996
Pressurized,Object_06070
Oxidizing,Object_04846
Unspecified,Object_04247
Food,Object_02318
Toxic,Object_06152
Food,Object_06206
Fragile,Object_06317
Unspecified,Object_06284
Flammable,Object_03642
Oxidizing,Object_01346
Explosive,Object_04196
Radioactive,Object_02545
Pressurized,Object_01043
Corrosive,Object_00365
Oxidizing,Object_02672
Explosive,Object_00635
Food,Object_00022
Toxic,Object_02030
Toxic,Object_06862
Oxidizing,Object_06828
Food,Object_04616
Radioactive,Object_00721
Fragile,Object_02631
Toxic,Object_00516
Explosive,Object_06331
Explosive,Object_04469
Explosive,Object_05173
Flammable,Object_05264
Explosive,Object_03852
Pressurized,Object_06801
Flammable,Object_02133
Explosive,Object_04640
Flammable,Object_03526
Fragile,Object_05358
Unspecified,Object_02906
Flammable,Object_00484
Corrosive,Object_06072
Toxic,Object_02130
Radioactive,Object_03677
Oxidizing,Object_01575
Corrosive,Object_03720
Fragile,Object_07147
Unspecified,Object_04195
Unspecified,Object_00246
Food,Object_06441
Oxidizing,Object_05616
Toxic,Object_04911
Oxidizing,Object_04268
Fragile,Object_03234
Fragile,Object_06149
Fragile,Object_01746
Oxidizing,Object_03734
Toxic,Object_01899
Corrosive,Object_07453
Radioactive,Object_07389
Toxic,Object_01749
Corrosive,Object_00036
Flammable,Object_02229
Flammable,Object_00738
Explosive,Object_06111
Flammable,Object_00612
Unspecified,Object_05595
Unspecified,Object_03911
Pressurized,Object_07069
Pressurized,Object_00393
Food,Object_03221
Food,Object_01213
Food,Object_04787
Toxic,Object_00106
Explosive,Object_05123
Radioactive,Object_03703
Radioactive,Object_02527
Food,Object_05319
Explosive,Object_05929
Oxidizing,Object_05832
Radioactive,Object_05849
Radioactive,Object_02415
Food,Object_04972
Radioactive,Object_00101
Toxic,Object_05090
Explosive,Object_02947
Pressurized,Object_00815
Fragile,Object_01826
Explosive,Object_05552
Fragile,Object_07467
Radioactive,Object_01274
Flammable,Object_04966
Food,Object_04035
Pressurized,Object_00491
Toxic,Object_00818
Toxic,Object_00856
Toxic,Object_02859
Food,Object_07305
Food,Object_06737
Toxic,Object_00986
Explosive,Object_02281
Oxidizing,Object_04684
Corrosive,Object_01235
Radioactive,Object_04871
Oxidizing,Object_01203
Unspecified,Object_04225
Explosive,Object_07411
Oxidizing,Object_01646
Explosive,Object_02857
Flammable,Object_03940
Food,Object_04886
Unspecified,Object_01599
Radioactive,Object_06243
Flammable,Object_06550
Radioactive,Object_01308
Unspecified,Object_06350
Oxidizing,Object_02172
Corrosive,Object_04275
Fragile,Object_03907
Food,Object_04798
Flammable,Object_02267
Pressurized,Object_01808
Explosive,Object_02440
Radioactive,Object_01939
Fragile,Object_06094
Toxic,Object_03289
Radioactive,Object_00495
Flammable,Object_04243
Explosive,Object_05052
Oxidizing,Object_05480
Flammable,Object_02001
Unspecified,Object_03158
Corrosive,Object_06054
Pressurized,Object_00813
Toxic,Object_07190
Flammable,Object_02360
Unspecified,Object_01783
Oxidizing,Object_06357
Fragile,Object_01459
Fragile,Object_03825
Toxic,Object_03669
Pressurized,Object_00146
Radioactive,Object_02100
Fragile,Object_05881
Unspecified,Object_03360
Flammable,Object_03149
Unspecified,Object_07027
Radioactive,Object_06458
Radioactive,Object_01628
Radioactive,Object_05061
Flammable,Object_06139
Oxidizing,Object_05924
Flammable,Object_03451
Fragile,Object_07242
Corrosive,Object_01933
Fragile,Object_01395
Fragile,Object_02642
Unspecified,Object_01631
Food,Object_03181
Flammable,Object_04030
Flammable,Object_00571
Pressurized,Object_05972
Flammable,Object_01488
Toxic,Object_06917
Corrosive,Object_02337
Toxic,Object_00895
Pressurized,Object_00902
Explosive,Object_03397
Toxic,Object_07464
Food,Object_02132
Explosive,Object_02721
Toxic,Object_07306
Oxidizing,Object_03389
Radioactive,Object_03036
Oxidizing,Object_05567
Food,Object_05461
Oxidizing,Object_03270
Pressurized,Object_06916
Explosive,Object_01508
Flammable,Object_01848
Corrosive,Object_01289
Corrosive,Object_04816
Unspecified,Object_05406
Oxidizing,Object_07466
Toxic,Object_01921
Fragile,Object_04764
Oxidizing,Object_01342
Radioactive,Object_04401
Flammable,Object_02141
Radioactive,Object_02521
Food,Object_05145
Oxidizing,Object_03267
Corrosive,Object_07146
Flammable,Object_02788
Explosive,Object_03850
Radioactive,Object_07031
Toxic,Object_04283
Fragile,Object_05786
Pressurized,Object_01809
Pressurized,Object_05523
Fragile,Object_05676
Toxic,Object_02184
Food,Object_04883
Food,Object_07118
Corrosive,Object_04722
Corrosive,Object_02696
Explosive,Object_03240
Corrosive,Object_02481
Radioactive,Object_04937
Explosive,Object_04685
Fragile,Object_05065
Oxidizing,Object_00027
Pressurized,Object_03098
Explosive,Object_04377
Pressurized,Object_06964
Oxidizing,Object_05673
Explosive,Object_05524
Flammable,Object_06750
Pressurized,Object_04192
Corrosive,Object_02435
Flammable,Object_04041
Pressurized,Object_01032
Unspecified,Object_04173
Corrosive,Object_07314
Flammable,Object_03892
Flammable,Object_03894
Pressurized,Object_07049
Oxidizing,Object_04805
Radioactive,Object_05509
Flammable,Object_02060
Unspecified,Object_02689
Explosive,Object_01108
Radioactive,Object_05967
Corrosive,Object_04736
Unspecified,Object_04293
Oxidizing,Object_07283
Flammable,Object_05364
Fragile,Object_02290
Radioactive,Object_00558
Fragile,Object_03648
Corrosive,Object_01376
Corrosive,Object_06914
Unspecified,Object_02690
Radioactive,Object_03341
Toxic,Object_00489
Radioactive,Object_01775
Unspecified,Object_06791
Unspecified,Object_05155
Radioactive,Object_05596
Corrosive,Object_07074
Explosive,Object_01260
Toxic,Object_04950
Oxidizing,Object_02311
Toxic,Object_03177
Toxic,Object_05926
Flammable,Object_05363
Radioactive,Object_03947
Pressurized,Object_05884
Food,Object_02683
Unspecified,Object_06948
Corrosive,Object_01822
Food,Object_01951
Flammable,Object_02675
Oxidizing,Object_00384
Oxidizing,Object_05174
Toxic,Object_03578
Food,Object_05171
Oxidizing,Object_03835
Pressurized,Object_04005
Flammable,Object_01856
Oxidizing,Object_07004
Pressurized,Object_00812
Flammable,Object_04516
Food,Object_04082
Fragile,Object_05642
Flammable,Object_01806
Unspecified,Object_06259
Explosive,Object_04575
Pressurized,Object_00160
Unspecified,Object_03712
Unspecified,Object_05847
Food,Object_07093
Unspecified,Object_07381
Oxidizing,Object_03717
Food,Object_01929
Flammable,Object_03854
Food,Object_04912
Oxidizing,Object_03468
Corrosive,Object_01833
Oxidizing,Object_02772
Fragile,Object_03251
Toxic,Object_04806
Fragile,Object_02167
Toxic,Object_04706
Fragile,Object_03010
Unspecified,Object_07480
Corrosive,Object_06486
Fragile,Object_04851
Oxidizing,Object_04541
Toxic,Object_04256
Food,Object_05462
Radioactive,Object_02079
Toxic,Object_03471
Explosive,Object_07229
Explosive,Object_05008
Oxidizing,Object_05725
Radioactive,Object_06026
Corrosive,Object_04232
Unspecified,Object_04237
Food,Object_04119
Toxic,Object_04334
Explosive,Object_03131
Pressurized,Object_01571
Unspecified,Object_01313
Pressurized,Object_04228
Food,Object_00706
Food,Object_02614
Unspecified,Object_02575
Radioactive,Object_02051
Explosive,Object_06782
Explosive,Object_07421
Toxic,Object_00556
Radioactive,Object_05288
Oxidizing,Object_01438
Pressurized,Object_06351
Pressurized,Object_00832
Explosive,Object_01317
Fragile,Object_06155
Radioactive,Object_02932
Toxic,Object_00807
Oxidizing,Object_04943
Fragile,Object_02565
Corrosive,Object_01644
Food,Object_01717
Unspecified,Object_05852
Flammable,Object_07479
Corrosive,Object_03065
Toxic,Object_06981
Unspecified,Object_00559
Corrosive,Object_01866
Unspecified,Object_05643
Food,Object_00220
Explosive,Object_07070
Explosive,Object_05251
Oxidizing,Object_06794
Toxic,Object_04658
Fragile,Object_07150
Unspecified,Object_07382
Radioactive,Object_03071
Corrosive,Object_00468
Radioactive,Object_01058
Corrosive,Object_06221
Flammable,Object_03018
Pressurized,Object_03538
Oxidizing,Object_07016
Flammable,Object_06953
Fragile,Object_02248
Fragile,Object_01587
Oxidizing,Object_00597
Radioactive,Object_03070
Fragile,Object_01967
Pressurized,Object_01772
Radioactive,Object_06615
Toxic,Object_02926
Corrosive,Object_05621
Explosive,Object_05590
Radioactive,Object_00834
Food,Object_06198
Food,Object_05650
Pressurized,Object_01412
Food,Object_05730
Unspecified,Object_04672
Corrosive,Object_00686
Fragile,Object_04171
Oxidizing,Object_06286
Corrosive,Object_00435
Toxic,Object_03693
Food,Object_03603
Radioactive,Object_01726
Toxic,Object_00276
Fragile,Object_05368
Oxidizing,Object_05067
Oxidizing,Object_06321
Corrosive,Object_07397
Fragile,Object_05792
Flammable,Object_06812
Corrosive,Object_02129
Toxic,Object_05443
Explosive,Object_01868
Unspecified,Object_03351
Food,Object_03101
Oxidizing,Object_02897
Food,Object_06831
Pressurized,Object_01206
Corrosive,Object_03996
Food,Object_07179
Toxic,Object_02247
Unspecified,Object_00617
Flammable,Object_07172
Toxic,Object_01023
Unspecified,Object_03809
Radioactive,Object_02547
Unspecified,Object_01578
Corrosive,Object_07449
Toxic,Object_04073
Fragile,Object_01652
Explosive,Object_07289
Oxidizing,Object_03754
Explosive,Object_05607
Radioactive,Object_03014
Unspecified,Object_04774
Flammable,Object_02258
Flammable,Object_02432
Food,Object_01169
Corrosive,Object_06792
Fragile,Object_03294
Oxidizing,Object_06144
Oxidizing,Object_01480
Radioactive,Object_05422
Toxic,Object_02409
Corrosive,Object_04141
Fragile,Object_05213
Oxidizing,Object_01107
Radioactive,Object_00430
Oxidizing,Object_05469
Unspecified,Object_02064
Oxidizing,Object_00947
Explosive,Object_05938
Fragile,Object_05755
Fragile,Object_05873
Food,Object_01148
Pressurized,Object_05015
Explosive,Object_03258
Corrosive,Object_06532
Explosive,Object_01381
Fragile,Object_00286
Fragile,Object_02261
Toxic,Object_03823
Explosive,Object_06099
Food,Object_05760
Food,Object_05505
Radioactive,Object_01506
Fragile,Object_03891
Pressurized,Object_00625
Unspecified,Object_04450
Food,Object_04990
Fragile,Object_00540
Flammable,Object_04791
Food,Object_05537
Fragile,Object_07021
Toxic,Object_00369
Toxic,Object_07271
Pressurized,Object_06962
Corrosive,Object_03491
Flammable,Object_00096
Radioactive,Object_04785
Fragile,Object_03199
Fragile,Object_04045
Oxidizing,Object_06822
Oxidizing,Object_05656
Flammable,Object_06282
Fragile,Object_04284
Radioactive,Object_03713
Flammable,Object_02480
Oxidizing,Object_05829
Pressurized,Object_05715
Explosive,Object_06095
Flammable,Object_01913
Flammable,Object_04312
Unspecified,Object_01445
Fragile,Object_07109
Fragile,Object_05470
Toxic,Object_05741
Radioactive,Object_07372
Unspecified,Object_03194
Unspecified,Object_00864
Explosive,Object_00418
Food,Object_04936
Radioactive,Object_00967
Radioactive,Object_04011
Corrosive,Object_05670
Toxic,Object_00984
Food,Object_05204
Pressurized,Object_06481
Explosive,Object_04262
Unspecified,Object_02308
Fragile,Object_07105
Corrosive,Object_06073
Pressurized,Object_01175
Radioactive,Object_00345
Flammable,Object_01558
Pressurized,Object_06483
Toxic,Object_00425
Food,Object_06325
Fragile,Object_04027
Corrosive,Object_05809
Radioactive,Object_05278
Corrosive,Object_05522
Flammable,Object_03609
Oxidizing,Object_05797
Fragile,Object_02775
Oxidizing,Object_00367
Explosive,Object_05767
Corrosive,Object_07270
Oxidizing,Object_02711
Pressurized,Object_01401
Flammable,Object_05000
Unspecified,Object_04036
Explosive,Object_03654
Explosive,Object_05746
Fragile,Object_01743
Unspecified,Object_00099
Explosive,Object_02334
Pressurized,Object_01307
Unspecified,Object_00980
Toxic,Object_07032
Fragile,Object_06257
Food,Object_03238
Toxic,Object_01594
Oxidizing,Object_04321
Radioactive,Object_01550
Flammable,Object_04823
Oxidizing,Object_05494
Food,Object_04085
Toxic,Object_03062
Flammable,Object_06246
Fragile,Object_02750
Flammable,Object_00771
Radioactive,Object_04783
Toxic,Object_05416
Oxidizing,Object_06758
Oxidizing,Object_07009
Oxidizing,Object_01916
Toxic,Object_00526
Oxidizing,Object_02217
Flammable,Object_03778
Flammable,Object_03298
Oxidizing,Object_01793
Food,Object_00194
Toxic,Object_06115
Corrosive,Object_04780
Radioactive,Object_01305
Oxidizing,Object_07210
Fragile,Object_05811
Oxidizing,Object_02941
Flammable,Object_00876
Fragile,Object_05993
Radioactive,Object_04920
Oxidizing,Object_00855
Fragile,Object_00256
Food,Object_04601
Fragile,Object_00217
Food,Object_03016
Explosive,Object_05481
Flammable,Object_02086
Food,Object_00265
Flammable,Object_04829
Toxic,Object_06289
Radioactive,Object_04538
Radioactive,Object_02469
Explosive,Object_04833
Toxic,Object_00723
Toxic,Object_06913
Oxidizing,Object_03584
Radioactive,Object_01767
Pressurized,Object_02211
Radioactive,Object_01514
Corrosive,Object_00651
Oxidizing,Object_00901
Pressurized,Object_05743
Food,Object_02201
Food,Object_00577
Unspecified,Object_02180
Flammable,Object_06105
Fragile,Object_00268
Flammable,Object_06788
Fragile,Object_07437
Fragile,Object_04485
Food,Object_02108
Corrosive,Object_02269
Flammable,Object_04406
Oxidizing,Object_01156
Oxidizing,Object_01708
Pressurized,Object_06537
Toxic,Object_06934
Explosive,Object_02423
Oxidizing,Object_02058
Radioactive,Object_01268
Fragile,Object_07426
Toxic,Object_07273
Radioactive,Object_00226
Oxidizing,Object_06592
Unspecified,Object_02574
Pressurized,Object_03930
Explosive,Object_00594
Fragile,Object_01019
