Category,Object
Toxic,Object_00600
Food,Object_03653
Food,Object_00694
Flammable,Object_04275
Corrosive,Object_06573
Radioactive,Object_02119
Pressurized,Object_03498
Food,Object_06992
Unspecified,Object_02020
Pressurized,Object_01715
Unspecified,Object_01946
Corrosive,Object_02562
Explosive,Object_07460
Pressurized,Object_04019
Oxidizing,Object_06755
Flammable,Object_03030
Explosive,Object_03062
Oxidizing,Object_06601
Unspecified,Object_00891
Unspecified,Object_05751
Pressurized,Object_04086
Fragile,Object_02030
Pressurized,Object_01790
Pressurized,Object_03107
Corrosive,Object_00220
Radioactive,Object_01749
Oxidizing,Object_00345
Toxic,Object_04981
Flammable,Object_03364
Food,Object_01744
Pressurized,Object_00579
Radioactive,Object_04364
Radioactive,Object_00426
Food,Object_06084
Toxic,Object_05224
Oxidizing,Object_04061
Oxidizing,Object_07163
Pressurized,Object_05163
Oxidizing,Object_07091
Unspecified,Object_05724
Flammable,Object_04833
Unspecified,Object_00156
Radioactive,Object_01677
Explosive,Object_04748
Toxic,Object_07492
Unspecified,Object_01998
Explosive,Object_02855
Flammable,Object_03477
Oxidizing,Object_04313
Unspecified,Object_07570
Oxidizing,Object_00910
Explosive,Object_00930
Corrosive,Object_06356
Corrosive,Object_06111
Food,Object_05484
Explosive,Object_07128
Toxic,Object_00562
Flammable,Object_04351
Unspecified,Object_00468
Explosive,Object_00205
Toxic,Object_02938
Flammable,Object_02787
Corrosive,Object_00928
Food,Object_00702
Unspecified,Object_04752
Explosive,Object_03061
Flammable,Object_05476
Radioactive,Object_04323
Explosive,Object_01380
Unspecified,Object_06462
Unspecified,Object_03724
Flammable,Object_06474
Flammable,Object_06390
Pressurized,Object_06416
Corrosive,Object_04302
Radioactive,Object_03976
Food,Object_06587
Food,Object_00517
Pressurized,Object_00349
Food,Object_03156
Explosive,Object_01829
Toxic,Object_01379
Radioactive,Object_04707
Pressurized,Object_01893
Flammable,Object_06381
Corrosive,Object_01025
Flammable,Object_01454
Fragile,Object_02553
Toxic,Object_06599
Radioactive,Object_01921
Explosive,Object_06703
Flammable,Object_04964
Radioactive,Object_06475
Corrosive,Object_02848
Fragile,Object_07577
Unspecified,Object_01662
Food,Object_00574
Food,Object_02682
Pressurized,Object_06264
Oxidizing,Object_03820
Flammable,Object_03868
Radioactive,Object_06948
Explosive,Object_02872
Radioactive,Object_01819
Toxic,Object_02699
Toxic,Object_00887
Unspecified,Object_02490
Explosive,Object_07204
Radioactive,Object_06832
Corrosive,Object_03011
Food,Object_03111
Unspecified,Object_00846
Flammable,Object_02487
Unspecified,Object_00531
Oxidizing,Object_05865
Unspecified,Object_00336
Oxidizing,Object_01906
Corrosive,Object_03490
Flammable,Object_02073
Food,Object_02498
Fragile,Object_05272
Toxic,Object_04411
Unspecified,Object_05804
Explosive,Object_06769
Unspecified,Object_01822
Pressurized,Object_04187
Radioactive,Object_02115
Food,Object_02461
Corrosive,Object_00165
Corrosive,Object_02940
Explosive,Object_06163
Explosive,Object_04782
Corrosive,Object_04836
Explosive,Object_01815
Unspecified,Object_02276
Corrosive,Object_06699
Unspecified,Object_03497
Flammable,Object_06883
Toxic,Object_04160
Fragile,Object_01653
Toxic,Object_06851
Unspecified,Object_05936
Corrosive,Object_00074
Oxidizing,Object_06517
Corrosive,Object_02989
Corrosive,Object_05750
Explosive,Object_06808
Unspecified,Object_00937
Corrosive,Object_04163
Flammable,Object_06373
Pressurized,Object_04270
Food,Object_01042
Toxic,Object_03334
Fragile,Object_06681
Radioactive,Object_03310
Corrosive,Object_04876
Unspecified,Object_00095
Explosive,Object_00773
Corrosive,Object_02772
Explosive,Object_02783
Corrosive,Object_02037
Radioactive,Object_05591
Unspecified,Object_01237
Explosive,Object_01290
Oxidizing,Object_04875
Corrosive,Object_00067
Explosive,Object_04363
Oxidizing,Object_06842
Corrosive,Object_01241
Toxic,Object_07159
Unspecified,Object_06980
Pressurized,Object_02307
Flammable,Object_03276
Fragile,Object_03927
Oxidizing,Object_06194
Oxidizing,Object_00485
Food,Object_07467
Pressurized,Object_04025
Unspecified,Object_02285
Explosive,Object_06898
Explosive,Object_02272
Explosive,Object_01595
Pressurized,Object_06277
Toxic,Object_06649
Flammable,Object_02530
Toxic,Object_02244
Radioactive,Object_03443
Flammable,Object_02006
Toxic,Object_04691
Toxic,Object_06741
Radioactive,Object_03582
Corrosive,Object_05028
Oxidizing,Object_01428
Pressurized,Object_00709
Oxidizing,Object_06134
Corrosive,Object_02845
Fragile,Object_06551
Pressurized,Object_07143
Toxic,Object_03325
Oxidizing,Object_06822
Explosive,Object_07260
Pressurized,Object_07532
Fragile,Object_06991
Radioactive,Object_07422
Unspecified,Object_07365
Flammable,Object_04806
Toxic,Object_02679
Pressurized,Object_06485
Unspecified,Object_05542
Oxidizing,Object_05567
Pressurized,Object_03326
Flammable,Object_02966
Flammable,Object_04277
Explosive,Object_01106
Explosive,Object_02588
Fragile,Object_01041
Food,Object_04056
Toxic,Object_03437
Fragile,Object_02967
Explosive,Object_03547
Pressurized,Object_02421
Oxidizing,Object_05219
Toxic,Object_03251
Unspecified,Object_00145
Toxic,Object_04141
Corrosive,Object_07101
Pressurized,Object_03733
Pressurized,Object_00969
Toxic,Object_04524
Pressurized,Object_02983
Fragile,Object_02752
Oxidizing,Object_03483
Radioactive,Object_05576
Fragile,Object_03781
Pressurized,Object_06415
Oxidizing,Object_04770
Corrosive,Object_03783
Pressurized,Object_01916
Radioactive,Object_03887
Oxidizing,Object_00539
Explosive,Object_02418
Unspecified,Object_00687
Toxic,Object_05329
Food,Object_03538
Pressurized,Object_03628
Oxidizing,Object_01105
Oxidizing,Object_02580
Corrosive,Object_03568
Pressurized,Object_01248
Flammable,Object_06590
Flammable,Object_04627
Toxic,Object_05794
Explosive,Object_02024
Corrosive,Object_04879
Corrosive,Object_05316
Unspecified,Object_05251
Pressurized,Object_01327
Corrosive,Object_01291
Oxidizing,Object_00573
Radioactive,Object_03142
Food,Object_04569
Radioactive,Object_04894
Explosive,Object_05269
Explosive,Object_07283
Oxidizing,Object_06336
Corrosive,Object_00415
Radioactive,Object_00818
Flammable,Object_06455
Oxidizing,Object_00592
Flammable,Object_02333
Corrosive,Object_03115
Explosive,Object_07275
Fragile,Object_03893
Pressurized,Object_01950
Explosive,Object_03375
Flammable,Object_01810
Fragile,Object_02366
Corrosive,Object_03729
Pressurized,Object_04709
Toxic,Object_06866
Flammable,Object_06368
Radioactive,Object_07005
Unspecified,Object_03234
Unspecified,Object_01559
Unspecified,Object_05760
Flammable,Object_01272
Oxidizing,Object_02354
Pressurized,Object_04325
Radioactive,Object_04788
Food,Object_02868
Corrosive,Object_01734
Toxic,Object_00767
Corrosive,Object_04336
Pressurized,Object_01225
Unspecified,Object_06936
Corrosive,Object_07293
Toxic,Object_00896
Flammable,Object_02603
Toxic,Object_02543
Food,Object_06288
Corrosive,Object_04886
Flammable,Object_03734
Fragile,Object_02665
Food,Object_02104
Flammable,Object_00554
Food,Object_02637
Corrosive,Object_07493
Pressurized,Object_04276
Fragile,Object_02176
Unspecified,Object_01585
Pressurized,Object_03463
Fragile,Object_03368
Explosive,Object_06593
Oxidizing,Object_02525
Toxic,Object_00329
Corrosive,Object_07384
Pressurized,Object_02625
Radioactive,Object_03803
Pressurized,Object_06404
Toxic,Object_00914
Pressurized,Object_00279
Fragile,Object_01611
Pressurized,Object_04404
Flammable,Object_06702
Oxidizing,Object_05401
Oxidizing,Object_04597
Corrosive,Object_01298
Unspecified,Object_06035
Corrosive,Object_01774
Fragile,Object_05611
Pressurized,Object_04487
Flammable,Object_05803
Flammable,Object_02082
Explosive,Object_00948
Fragile,Object_04512
Food,Object_01578
Corrosive,Object_06470
Flammable,Object_05449
Corrosive,Object_02634
Food,Object_04869
Radioactive,Object_06659
Flammable,Object_05256
Explosive,Object_02171
Toxic,Object_06440
Pressurized,Object_06873
Unspecified,Object_02236
Pressurized,Object_02373
Pressurized,Object_07502
Food,Object_06329
Unspecified,Object_02093
Oxidizing,Object_01251
Oxidizing,Object_05840
Food,Object_01502
Explosive,Object_05647
Fragile,Object_01410
Unspecified,Object_01388
Pressurized,Object_02217
Flammable,Object_04896
Food,Object_00316
Pressurized,Object_02023
Explosive,Object_02762
Radioactive,Object_00778
Toxic,Object_04331
Corrosive,Object_05485
Flammable,Object_06102
Food,Object_03272
Explosive,Object_06413
Corrosive,Object_05573
Oxidizing,Object_03779
Explosive,Object_05727
Flammable,Object_01168
Corrosive,Object_05481
Flammable,Object_06836
Flammable,Object_01001
Unspecified,Object_02528
Pressurized,Object_01481
Corrosive,Object_07057
Unspecified,Object_01912
Flammable,Object_03676
Radioactive,Object_03280
Food,Object_03964
Flammable,Object_06448
Corrosive,Object_04489
Explosive,Object_06161
Unspecified,Object_05822
Toxic,Object_02866
Pressurized,Object_04469
Radioactive,Object_05717
Radioactive,Object_03936
Corrosive,Object_02499
Oxidizing,Object_02843
Fragile,Object_05654
Flammable,Object_01520
Fragile,Object_00925
Flammable,Object_05677
Flammable,Object_07048
Radioactive,Object_04020
Unspecified,Object_05910
Unspecified,Object_00856
Food,Object_02508
Corrosive,Object_02015
Corrosive,Object_04507
Radioactive,Object_00921
Radioactive,Object_03867
Explosive,Object_02243
Pressurized,Object_00437
Corrosive,Object_00513
Oxidizing,Object_07451
Pressurized,Object_00150
Unspecified,Object_05658
Flammable,Object_01436
Food,Object_07379
Flammable,Object_04478
Oxidizing,Object_05016
Flammable,Object_02277
Unspecified,Object_07168
Food,Object_03817
Corrosive,Object_04448
Unspecified,Object_06239
Toxic,Object_06625
Food,Object_00457
Toxic,Object_04444
Oxidizing,Object_04845
Pressurized,Object_03455
Pressurized,Object_05246
Pressurized,Object_07591
Radioactive,Object_02165
Fragile,Object_00068
Oxidizing,Object_06733
Fragile,Object_00974
Flammable,Object_00850
Toxic,Object_04849
Radioactive,Object_04789
Fragile,Object_02972
Flammable,Object_00056
Flammable,Object_02480
Toxic,Object_05217
Explosive,Object_02649
Corrosive,Object_01503
Radioactive,Object_02732
Corrosive,Object_03591
Explosive,Object_05369
Radioactive,Object_03294
Fragile,Object_04817
Oxidizing,Object_06158
Flammable,Object_04508
Unspecified,Object_01288
Unspecified,Object_01694
Radioactive,Object_07224
Oxidizing,Object_03732
Toxic,Object_02038
Radioactive,Object_01195
Flammable,Object_04169
Radioactive,Object_00117
Food,Object_01492
Oxidizing,Object_04184
Oxidizing,Object_02789
Pressurized,Object_07120
Oxidizing,Object_03194
Radioactive,Object_01996
Flammable,Object_00285
Radioactive,Object_05399
Explosive,Object_06159
Explosive,Object_02289
Food,Object_02399
Unspecified,Object_01510
Oxidizing,Object_05074
Food,Object_02356
Fragile,Object_00931
Fragile,Object_07210
Unspecified,Object_01174
Fragile,Object_05022
Oxidizing,Object_00686
Explosive,Object_04665
Food,Object_06124
Corrosive,Object_01947
Pressurized,Object_04168
Radioactive,Object_02097
Corrosive,Object_04242
Fragile,Object_03357
Toxic,Object_02234
Flammable,Object_06977
Corrosive,Object_04251
Unspecified,Object_06481
Explosive,Object_02999
Unspecified,Object_05528
Oxidizing,Object_06227
Explosive,Object_01419
Flammable,Object_04692
Food,Object_07031
Explosive,Object_04543
Corrosive,Object_03190
Food,Object_04510
Unspecified,Object_07395
Fragile,Object_00028
Flammable,Object_02228
Oxidizing,Object_04095
Food,Object_05034
Explosive,Object_05176
Oxidizing,Object_03003
Corrosive,Object_00351
Radioactive,Object_01044
Radioactive,Object_04450
Flammable,Object_02853
Oxidizing,Object_00003
Unspecified,Object_04018
Oxidizing,Object_02697
Pressurized,Object_02652
Oxidizing,Object_07544
Unspecified,Object_02068
Oxidizing,Object_02636
Toxic,Object_02813
Oxidizing,Object_05855
Corrosive,Object_01152
Flammable,Object_00665
Fragile,Object_05925
Toxic,Object_03662
Oxidizing,Object_01171
Flammable,Object_07476
Corrosive,Object_07323
Unspecified,Object_04984
Flammable,Object_02496
Corrosive,Object_00790
Pressurized,Object_05758
Toxic,Object_06344
Radioactive,Object_01511
Flammable,Object_06089
Corrosive,Object_00356
Fragile,Object_03622
Toxic,Object_00527
Unspecified,Object_03305
Corrosive,Object_07540
Corrosive,Object_03386
Pressurized,Object_07239
Toxic,Object_01787
Food,Object_03331
Oxidizing,Object_05937
Corrosive,Object_02922
Radioactive,Object_02288
Toxic,Object_03260
Pressurized,Object_00827
Corrosive,Object_01512
Corrosive,Object_04831
Food,Object_03557
Corrosive,Object_00058
Corrosive,Object_03175
Food,Object_04357
Fragile,Object_04239
Radioactive,Object_02774
Food,Object_04253
Oxidizing,Object_06507
Radioactive,Object_02069
Toxic,Object_05972
Oxidizing,Object_01249
Food,Object_03943
Toxic,Object_03569
Radioactive,Object_00826
Toxic,Object_07498
Unspecified,Object_04780
Oxidizing,Object_05653
Pressurized,Object_01312
Explosive,Object_06170
Toxic,Object_01230
Oxidizing,Object_07170
Explosive,Object_06502
Food,Object_00227
Unspecified,Object_05207
Unspecified,Object_05722
Explosive,Object_07252
Oxidizing,Object_03802
Radioactive,Object_04979
Explosive,Object_05289
Radioactive,Object_01367
Unspecified,Object_06841
Toxic,Object_01796
Fragile,Object_00563
Explosive,Object_05995
Flammable,Object_03425
Radioactive,Object_06370
Explosive,Object_04236
Radioactive,Object_04542
Unspecified,Object_06910
Flammable,Object_03810
Fragile,Object_04042
Oxidizing,Object_03120
Fragile,Object_05392
Food,Object_06857
Flammable,Object_05295
Fragile,Object_00005
Food,Object_05823
Radioactive,Object_00863
Food,Object_01692
Radioactive,Object_03377
Flammable,Object_05596
Explosive,Object_02630
Unspecified,Object_03650
Explosive,Object_07471
Oxidizing,Object_05902
Explosive,Object_00305
Flammable,Object_07108
Fragile,Object_03805
Flammable,Object_06653
Toxic,Object_00121
Flammable,Object_02876
Pressurized,Object_01817
Oxidizing,Object_00634
Corrosive,Object_04537
Radioactive,Object_00339
Unspecified,Object_06603
Toxic,Object_06250
Food,Object_05291
Flammable,Object_05232
Explosive,Object_02854
Food,Object_00540
Oxidizing,Object_04762
Radioactive,Object_05071
Corrosive,Object_03487
Corrosive,Object_06179
Oxidizing,Object_06766
Radioactive,Object_03265
Explosive,Object_00811
Radioactive,Object_07587
Corrosive,Object_01816
Pressurized,Object_04613
Fragile,Object_05508
Explosive,Object_01931
Oxidizing,Object_05913
Corrosive,Object_06568
Oxidizing,Object_07330
Pressurized,Object_03766
Food,Object_04354
Explosive,Object_06185
Fragile,Object_03904
Fragile,Object_02357
Unspecified,Object_06171
Unspecified,Object_02135
Flammable,Object_07364
Food,Object_02554
Toxic,Object_01695
Radioactive,Object_02521
Pressurized,Object_02375
Fragile,Object_03018
Explosive,Object_06868
Radioactive,Object_04365
Corrosive,Object_01776
Unspecified,Object_04700
Explosive,Object_03450
Fragile,Object_00578
Food,Object_02319
Radioactive,Object_00271
Unspecified,Object_04256
Toxic,Object_00449
Toxic,Object_06914
Oxidizing,Object_02721
Food,Object_03286
Food,Object_07309
Corrosive,Object_04659
Pressurized,Object_05307
Fragile,Object_06402
Oxidizing,Object_01825
Food,Object_05151
Toxic,Object_00705
Oxidizing,Object_00538
Food,Object_01350
Unspecified,Object_05409
Oxidizing,Object_04650
Oxidizing,Object_05928
Fragile,Object_03864
Corrosive,Object_06651
Unspecified,Object_07182
Pressurized,Object_02686
Corrosive,Object_04926
Oxidizing,Object_00636
Corrosive,Object_04209
Radioactive,Object_03103
Unspecified,Object_04895
Flammable,Object_01733
Toxic,Object_07248
Unspecified,Object_02158
Fragile,Object_07214
Radioactive,Object_04456
Pressurized,Object_01596
Toxic,Object_02816
Food,Object_01971
Toxic,Object_00758
Oxidizing,Object_06177
Unspecified,Object_01658
Oxidizing,Object_07531
Pressurized,Object_04483
Oxidizing,Object_02409
Fragile,Object_01182
Corrosive,Object_07077
Flammable,Object_02453
Unspecified,Object_06694
Food,Object_02314
Food,Object_02782
Explosive,Object_03993
Pressurized,Object_00192
Fragile,Object_06139
Fragile,Object_02545
Unspecified,Object_07528
Pressurized,Object_02367
Radioactive,Object_00918
Explosive,Object_05513
Toxic,Object_04279
Radioactive,Object_04427
Pressurized,Object_07412
Corrosive,Object_03121
Food,Object_01423
Toxic,Object_00880
Unspecified,Object_01994
Corrosive,Object_07405
Radioactive,Object_02138
Pressurized,Object_01864
Toxic,Object_01610
Fragile,Object_03183
Unspecified,Object_00138
Pressurized,Object_01760
Food,Object_02145
Unspecified,Object_00849
Explosive,Object_05178
Pressurized,Object_00909
Explosive,Object_05651
Unspecified,Object_05063
Unspecified,Object_02684
Pressurized,Object_02551
Corrosive,Object_06811
Flammable,Object_02089
Explosive,Object_00873
Toxic,Object_01154
Food,Object_07045
Oxidizing,Object_03154
Unspecified,Object_03679
Corrosive,Object_00976
Unspecified,Object_06145
Explosive,Object_02704
Flammable,Object_01768
Explosive,Object_01376
Explosive,Object_02297
Radioactive,Object_00098
Radioactive,Object_04714
Food,Object_01193
Oxidizing,Object_02361
Corrosive,Object_04518
Pressurized,Object_00744
Flammable,Object_02359
Flammable,Object_02018
Fragile,Object_03692
Explosive,Object_03613
Explosive,Object_06648
Oxidizing,Object_05645
Oxidizing,Object_05657
Food,Object_05398
Explosive,Object_06987
Fragile,Object_02723
Radioactive,Object_07551
Explosive,Object_03842
Food,Object_03944
Toxic,Object_01679
Food,Object_04676
Fragile,Object_06256
Corrosive,Object_06716
Unspecified,Object_02878
Explosive,Object_02852
Flammable,Object_02292
Corrosive,Object_01133
Food,Object_01750
Flammable,Object_04045
Pressurized,Object_04731
Corrosive,Object_02646
Explosive,Object_05019
Oxidizing,Object_00043
Corrosive,Object_01015
Explosive,Object_02587
Flammable,Object_01676
Food,Object_04038
Pressurized,Object_06970
Radioactive,Object_03410
Corrosive,Object_07321
Food,Object_01450
Oxidizing,Object_05668
Corrosive,Object_04969
Oxidizing,Object_05958
Food,Object_06533
Unspecified,Object_03270
Unspecified,Object_04870
Corrosive,Object_03008
Explosive,Object_07489
Oxidizing,Object_03726
Corrosive,Object_05826
Pressurized,Object_01130
Oxidizing,Object_02079
Radioactive,Object_00847
Explosive,Object_02627
Unspecified,Object_03916
Food,Object_05222
Pressurized,Object_01870
Radioactive,Object_06751
Flammable,Object_05797
Food,Object_05799
Toxic,Object_05078
Unspecified,Object_04047
Corrosive,Object_03225
Toxic,Object_01739
Unspecified,Object_03989
Corrosive,Object_03322
Oxidizing,Object_03992
Flammable,Object_04017
Toxic,Object_04079
Pressurized,Object_01765
Flammable,Object_00214
Toxic,Object_02838
Radioactive,Object_02197
Toxic,Object_01270
Fragile,Object_03752
Oxidizing,Object_04074
Flammable,Object_02156
Flammable,Object_05741
Flammable,Object_03038
Unspecified,Object_03451
Radioactive,Object_07579
Flammable,Object_04967
Toxic,Object_07149
Oxidizing,Object_05988
Oxidizing,Object_01029
Radioactive,Object_01562
Explosive,Object_02713
Pressurized,Object_01221
Fragile,Object_00027
Flammable,Object_05183
Explosive,Object_02817
Explosive,Object_04260
Radioactive,Object_06660
Flammable,Object_01209
Fragile,Object_06945
Toxic,Object_01061
Toxic,Object_07144
Oxidizing,Object_04801
Oxidizing,Object_04132
Toxic,Object_05625
Pressurized,Object_07055
Unspecified,Object_02979
Oxidizing,Object_03105
Toxic,Object_03392
Pressurized,Object_00998
Radioactive,Object_04208
Oxidizing,Object_06487
Unspecified,Object_06513
Pressurized,Object_00962
Unspecified,Object_06498
Food,Object_06734
Pressurized,Object_03892
Radioactive,Object_01641
Corrosive,Object_06705
Pressurized,Object_02531
Radioactive,Object_06604
Corrosive,Object_03532
Oxidizing,Object_07061
Radioactive,Object_00458
Unspecified,Object_00510
Food,Object_06833
Flammable,Object_01859
Toxic,Object_00828
Fragile,Object_04217
Toxic,Object_07211
Flammable,Object_02095
Toxic,Object_05143
Toxic,Object_02466
Radioactive,Object_05407
Flammable,Object_05941
Fragile,Object_07514
Radioactive,Object_01134
Corrosive,Object_01100
Oxidizing,Object_06732
Unspecified,Object_06575
Unspecified,Object_06394
Corrosive,Object_05708
Explosive,Object_00272
Radioactive,Object_05010
Radioactive,Object_06837
Pressurized,Object_02384
Unspecified,Object_03122
Unspecified,Object_04484
Explosive,Object_01073
Oxidizing,Object_06059
Radioactive,Object_02798
Radioactive,Object_07199
Unspecified,Object_02891
Unspecified,Object_06956
Pressurized,Object_00700
Corrosive,Object_02987
Explosive,Object_03424
Pressurized,Object_05495
Corrosive,Object_05523
Food,Object_01678
Flammable,Object_06100
Oxidizing,Object_06919
Unspecified,Object_02831
Radioactive,Object_02809
Pressurized,Object_04083
Toxic,Object_06855
Pressurized,Object_05471
Oxidizing,Object_02177
Fragile,Object_02766
Unspecified,Object_01547
Explosive,Object_04734
Fragile,Object_03539
Flammable,Object_01236
Radioactive,Object_06759
Toxic,Object_00270
Flammable,Object_03475
Food,Object_01460
Pressurized,Object_06978
Explosive,Object_06249
Radioactive,Object_00729
Fragile,Object_04693
Radioactive,Object_01471
Food,Object_05338
Explosive,Object_02997
Fragile,Object_04432
Food,Object_01514
Toxic,Object_01196
Unspecified,Object_02403
Oxidizing,Object_02245
Flammable,Object_01470
Explosive,Object_01639
Fragile,Object_05460
Pressurized,Object_04243
Toxic,Object_07171
Oxidizing,Object_02265
Corrosive,Object_05935
Radioactive,Object_03324
Radioactive,Object_00632
Explosive,Object_04584
Flammable,Object_05673
Unspecified,Object_06417
Radioactive,Object_04333
Fragile,Object_00381
Fragile,Object_02040
Fragile,Object_05894
Corrosive,Object_02369
Fragile,Object_00735
Food,Object_02034
Toxic,Object_01824
Toxic,Object_03086
Fragile,Object_04370
Radioactive,Object_01812
Pressurized,Object_06307
Radioactive,Object_02232
Toxic,Object_07368
Radioactive,Object_02208
Toxic,Object_03311
Radioactive,Object_02410
Flammable,Object_04905
Corrosive,Object_05375
Toxic,Object_04823
Pressurized,Object_01748
Corrosive,Object_07161
Fragile,Object_03457
Fragile,Object_05847
Explosive,Object_07147
Unspecified,Object_02819
Flammable,Object_02506
Radioactive,Object_02568
Explosive,Object_05112
Flammable,Object_07296
Unspecified,Object_05569
Radioactive,Object_03434
Oxidizing,Object_00995
Unspecified,Object_00511
Toxic,Object_06067
Explosive,Object_05546
Explosive,Object_05128
Explosive,Object_06286
Radioactive,Object_00368
Corrosive,Object_05209
Oxidizing,Object_02312
Oxidizing,Object_00069
Explosive,Object_01957
Fragile,Object_05639
Corrosive,Object_00544
Corrosive,Object_04431
Explosive,Object_03485
Food,Object_05571
Flammable,Object_03544
Unspecified,Object_07349
Food,Object_04179
Oxidizing,Object_04778
Pressurized,Object_05882
Explosive,Object_06090
Toxic,Object_05883
Flammable,Object_02472
Food,Object_04931
Oxidizing,Object_04595
Flammable,Object_03506
Corrosive,Object_04490
Unspecified,Object_04690
Oxidizing,Object_06002
Toxic,Object_07222
Radioactive,Object_02469
Toxic,Object_01432
Fragile,Object_03792
Food,Object_06540
Toxic,Object_00084
Pressurized,Object_04813
Flammable,Object_03988
Food,Object_06272
Pressurized,Object_05244
Fragile,Object_03433
Pressurized,Object_06638
Unspecified,Object_04915
Toxic,Object_06450
Pressurized,Object_03383
Flammable,Object_01847
Flammable,Object_05154
Explosive,Object_03374
Corrosive,Object_06275
Pressurized,Object_03387
Fragile,Object_06107
Unspecified,Object_05659
Food,Object_05780
Radioactive,Object_05362
Oxidizing,Object_06493
Oxidizing,Object_07331
Food,Object_07105
Toxic,Object_06293
Toxic,Object_04473
Pressurized,Object_00295
Radioactive,Object_05386
Radioactive,Object_03924
Explosive,Object_02164
Pressurized,Object_04449
Unspecified,Object_02939
Food,Object_03432
Unspecified,Object_06896
Explosive,Object_07291
Fragile,Object_07058
Toxic,Object_03971
Fragile,Object_03370
Food,Object_03359
Radioactive,Object_03767
Explosive,Object_05547
Corrosive,Object_01623
Pressurized,Object_03382
Flammable,Object_01981
Radioactive,Object_01818
Unspecified,Object_02081
Toxic,Object_01742
Corrosive,Object_02416
Unspecified,Object_06101
Unspecified,Object_02324
Flammable,Object_01341
Explosive,Object_04954
Radioactive,Object_02849
Fragile,Object_00231
Food,Object_03770
Radioactive,Object_04664
Explosive,Object_02770
Explosive,Object_01616
Toxic,Object_00754
Flammable,Object_01709
Corrosive,Object_06657
Unspecified,Object_06635
Fragile,Object_06441
Fragile,Object_01021
Fragile,Object_06262
Unspecified,Object_00924
Radioactive,Object_05774
Unspecified,Object_06932
Flammable,Object_07279
Oxidizing,Object_06280
Corrosive,Object_06295
Explosive,Object_02203
Food,Object_03344
Unspecified,Object_06333
Unspecified,Object_04151
Explosive,Object_02322
Radioactive,Object_02449
Fragile,Object_04049
Pressurized,Object_07399
Food,Object_02027
Oxidizing,Object_01667
Explosive,Object_04741
Toxic,Object_03748
Toxic,Object_04560
Explosive,Object_00202
Food,Object_01556
Corrosive,Object_04280
Toxic,Object_06006
Flammable,Object_01910
Corrosive,Object_00570
Radioactive,Object_02916
Toxic,Object_07430
Radioactive,Object_02180
Flammable,Object_06137
Corrosive,Object_06166
Explosive,Object_04503
Food,Object_00716
Oxidizing,Object_06260
Corrosive,Object_00548
Fragile,Object_06584
Food,Object_00230
Pressurized,Object_02860
Corrosive,Object_04439
Pressurized,Object_04940
Fragile,Object_02589
Explosive,Object_04185
Flammable,Object_02459
Flammable,Object_03776
Corrosive,Object_03658
Toxic,Object_02615
Food,Object_05080
Unspecified,Object_03921
Radioactive,Object_01222
Pressurized,Object_03036
Pressurized,Object_03631
Corrosive,Object_06432
Food,Object_06014
Explosive,Object_03384
Oxidizing,Object_05854
Unspecified,Object_06499
Unspecified,Object_03438
Explosive,Object_05245
Flammable,Object_00177
Toxic,Object_06899
Fragile,Object_03935
Food,Object_00001
Food,Object_00724
Unspecified,Object_00708
Pressurized,Object_01860
Toxic,Object_02047
Fragile,Object_01378
Flammable,Object_00872
Fragile,Object_03595
Radioactive,Object_02291
Corrosive,Object_04481
Radioactive,Object_06528
Corrosive,Object_03422
Unspecified,Object_02084
Fragile,Object_07141
Toxic,Object_06520
Flammable,Object_02963
Food,Object_04129
Toxic,Object_00966
Fragile,Object_07167
Fragile,Object_06796
Unspecified,Object_04200
Explosive,Object_05793
Radioactive,Object_00726
Radioactive,Object_00641
Unspecified,Object_01150
Food,Object_03632
Food,Object_00464
Pressurized,Object_02492
Flammable,Object_07284
Explosive,Object_02401
Flammable,Object_00945
Flammable,Object_00099
Corrosive,Object_02573
Oxidizing,Object_06838
Explosive,Object_00119
Radioactive,Object_05397
Food,Object_05408
Oxidizing,Object_02599
Toxic,Object_00133
Flammable,Object_01102
Toxic,Object_00046
Explosive,Object_01587
Oxidizing,Object_00874
Unspecified,Object_06817
Explosive,Object_05349
Corrosive,Object_02886
Corrosive,Object_02746
Radioactive,Object_02933
Radioactive,Object_02215
Unspecified,Object_05027
Food,Object_05530
Explosive,Object_06004
Flammable,Object_06070
Corrosive,Object_02207
Food,Object_07348
Corrosive,Object_00493
Unspecified,Object_01418
Radioactive,Object_01094
Flammable,Object_05952
Corrosive,Object_05627
Food,Object_05978
Fragile,Object_04030
Food,Object_04085
Oxidizing,Object_07259
Food,Object_02144
Food,Object_02523
Pressurized,Object_05002
Fragile,Object_06544
Unspecified,Object_02240
Food,Object_07322
Toxic,Object_07511
Fragile,Object_05764
Corrosive,Object_02348
Fragile,Object_06046
Corrosive,Object_03147
Toxic,Object_01031
Corrosive,Object_02111
Food,Object_05290
Food,Object_02131
Toxic,Object_06951
Unspecified,Object_00375
Toxic,Object_05262
Food,Object_05013
Unspecified,Object_04479
Toxic,Object_05322
Unspecified,Object_01146
Fragile,Object_05081
Toxic,Object_04218
Oxidizing,Object_00648
Fragile,Object_05841
Unspecified,Object_03185
Fragile,Object_07298
Food,Object_01219
Flammable,Object_02994
Flammable,Object_05326
Food,Object_00209
Corrosive,Object_01737
Explosive,Object_03160
Fragile,Object_00755
Corrosive,Object_00720
Radioactive,Object_03172
Explosive,Object_07060
Toxic,Object_05391
Unspecified,Object_07369
Food,Object_00427
Explosive,Object_00395
Unspecified,Object_03504
Toxic,Object_00475
Food,Object_02450
Flammable,Object_05206
Unspecified,Object_03471
Corrosive,Object_06668
Oxidizing,Object_03515
Flammable,Object_00479
Oxidizing,Object_02062
Flammable,Object_01711
Toxic,Object_03238
Unspecified,Object_04386
Food,Object_00955
Explosive,Object_07580
Explosive,Object_03825
Pressurized,Object_00881
Corrosive,Object_00785
Explosive,Object_03214
Corrosive,Object_07085
Flammable,Object_07457
Fragile,Object_06931
Explosive,Object_00912
Radioactive,Object_00676
Corrosive,Object_07558
Corrosive,Object_05603
Radioactive,Object_02181
Food,Object_02737
Radioactive,Object_03292
Flammable,Object_00521
Unspecified,Object_02534
Explosive,Object_00273
Food,Object_02874
Oxidizing,Object_01995
Flammable,Object_04553
Oxidizing,Object_04997
Corrosive,Object_06512
Fragile,Object_00466
Toxic,Object_02917
Unspecified,Object_03931
Toxic,Object_05494
Corrosive,Object_03177
Pressurized,Object_05811
Pressurized,Object_04657
Food,Object_07375
Fragile,Object_03707
Radioactive,Object_03564
Toxic,Object_04112
Flammable,Object_01613
Oxidizing,Object_03814
Unspecified,Object_00049
Toxic,Object_00837
Pressurized,Object_01593
Flammable,Object_02473
Corrosive,Object_05032
Pressurized,Object_07441
Food,Object_03739
Pressurized,Object_03362
Toxic,Object_05308
Fragile,Object_00370
Oxidizing,Object_02219
Oxidizing,Object_03259
Toxic,Object_02253
Radioactive,Object_03336
Oxidizing,Object_05815
Radioactive,Object_04098
Explosive,Object_02241
Unspecified,Object_03220
Unspecified,Object_04043
Oxidizing,Object_04073
Radioactive,Object_01281
Unspecified,Object_01339
Flammable,Object_06721
Toxic,Object_06853
Oxidizing,Object_04557
Pressurized,Object_03124
Explosive,Object_05257
Toxic,Object_02757
Pressurized,Object_01354
Toxic,Object_02558
Flammable,Object_03875
Corrosive,Object_04000
Explosive,Object_06248
Explosive,Object_06064
Unspecified,Object_02130
Unspecified,Object_05802
Toxic,Object_03221
Radioactive,Object_06281
Flammable,Object_03245
Food,Object_00868
Pressurized,Object_06201
Food,Object_07071
Oxidizing,Object_00994
Explosive,Object_03711
Fragile,Object_03262
Pressurized,Object_06850
Explosive,Object_06315
Fragile,Object_03938
Explosive,Object_04234
Fragile,Object_00707
Unspecified,Object_04278
Explosive,Object_00524
Toxic,Object_03999
Food,Object_02769
Corrosive,Object_03071
Fragile,Object_03243
Unspecified,Object_06807
Radioactive,Object_06555
Pressurized,Object_05026
Pressurized,Object_05501
Pressurized,Object_01233
Radioactive,Object_02648
Food,Object_01720
Fragile,Object_02500
Unspecified,Object_05853
Corrosive,Object_05294
Explosive,Object_05694
Corrosive,Object_03439
Food,Object_00265
Explosive,Object_03888
Flammable,Object_01617
Toxic,Object_01948
Pressurized,Object_05426
Corrosive,Object_00751
Corrosive,Object_01393
Toxic,Object_07450
Corrosive,Object_05024
Pressurized,Object_04663
Flammable,Object_04092
Radioactive,Object_02591
Food,Object_00325
Radioactive,Object_03607
Corrosive,Object_03950
Food,Object_06566
Fragile,Object_07115
Fragile,Object_04922
Flammable,Object_00495
Corrosive,Object_07029
Fragile,Object_01862
Oxidizing,Object_05499
Unspecified,Object_00350
Flammable,Object_01211
Oxidizing,Object_04241
Oxidizing,Object_02904
Food,Object_03687
Pressurized,Object_05892
Radioactive,Object_04759
Corrosive,Object_06890
Food,Object_05529
Fragile,Object_06492
Flammable,Object_05000
Flammable,Object_01362
Explosive,Object_00326
Radioactive,Object_04379
Toxic,Object_02743
Radioactive,Object_04119
Food,Object_01439
Oxidizing,Object_02810
Toxic,Object_01192
Pressurized,Object_03503
Explosive,Object_05663
Unspecified,Object_01135
Oxidizing,Object_04032
Unspecified,Object_04060
Corrosive,Object_02031
Food,Object_06839
Food,Object_01745
Flammable,Object_02676
Flammable,Object_06009
Oxidizing,Object_03155
Toxic,Object_03666
Food,Object_07566
Food,Object_00015
Radioactive,Object_05806
Toxic,Object_01408
Toxic,Object_05389
Explosive,Object_03069
Toxic,Object_07339
Explosive,Object_00175
Oxidizing,Object_02147
Fragile,Object_02460
Corrosive,Object_00264
Food,Object_02386
Unspecified,Object_07556
Radioactive,Object_00734
Corrosive,Object_03376
Fragile,Object_06437
Fragile,Object_02398
Oxidizing,Object_02533
Flammable,Object_00861
Flammable,Object_01117
Flammable,Object_02924
Toxic,Object_03566
Fragile,Object_05709
Pressurized,Object_00170
Flammable,Object_04576
Pressurized,Object_02537
Oxidizing,Object_01109
Radioactive,Object_06103
Corrosive,Object_06374
Flammable,Object_01323
Explosive,Object_07438
Food,Object_04383
Pressurized,Object_07017
Toxic,Object_05110
Explosive,Object_05421
Toxic,Object_04231
Explosive,Object_05138
Toxic,Object_03179
Pressurized,Object_06606
Flammable,Object_04702
Pressurized,Object_00799
Explosive,Object_01943
Unspecified,Object_07387
Food,Object_07295
Toxic,Object_05065
Toxic,Object_01319
Food,Object_02299
Explosive,Object_01792
Pressurized,Object_05098
Toxic,Object_07209
Radioactive,Object_06514
Corrosive,Object_00210
Fragile,Object_00492
Pressurized,Object_06580
Flammable,Object_01851
Radioactive,Object_02957
Pressurized,Object_00012
Oxidizing,Object_01198
Food,Object_03853
Fragile,Object_02912
Explosive,Object_05331
Corrosive,Object_00699
Unspecified,Object_00550
Unspecified,Object_02166
Toxic,Object_02758
Food,Object_02199
Pressurized,Object_05159
Pressurized,Object_07098
Corrosive,Object_02596
Food,Object_06749
Food,Object_06366
Fragile,Object_07205
Oxidizing,Object_02655
Flammable,Object_05267
Flammable,Object_07127
Flammable,Object_06773
Radioactive,Object_05282
Explosive,Object_07250
Pressurized,Object_06712
Pressurized,Object_05984
Fragile,Object_00076
Radioactive,Object_05636
Corrosive,Object_02786
Fragile,Object_03249
Pressurized,Object_04345
Corrosive,Object_05652
Radioactive,Object_04066
Flammable,Object_07111
Toxic,Object_05561
Flammable,Object_06950
Pressurized,Object_03743
Explosive,Object_01055
Fragile,Object_00213
Corrosive,Object_01499
Flammable,Object_02462
Flammable,Object_02363
Unspecified,Object_04361
Toxic,Object_05825
Pressurized,Object_05042
Pressurized,Object_03621
Flammable,Object_00788
Fragile,Object_01872
Unspecified,Object_04371
Flammable,Object_06565
Radioactive,Object_00684
Fragile,Object_03078
Unspecified,Object_06142
Oxidizing,Object_02607
Radioactive,Object_01942
Flammable,Object_04034
Fragile,Object_03028
Explosive,Object_03145
Unspecified,Object_06897
Pressurized,Object_06952
Oxidizing,Object_04713
Radioactive,Object_05115
Flammable,Object_00444
Explosive,Object_06029
Corrosive,Object_03530
Oxidizing,Object_07230
Oxidizing,Object_01569
Radioactive,Object_01656
Toxic,Object_05247
Food,Object_05109
Corrosive,Object_00187
Corrosive,Object_02270
Fragile,Object_01004
Toxic,Object_03395
Corrosive,Object_05335
Radioactive,Object_01180
Radioactive,Object_02714
Corrosive,Object_04672
Fragile,Object_02791
Toxic,Object_02317
Fragile,Object_00178
Toxic,Object_04930
Toxic,Object_05860
Corrosive,Object_05402
Food,Object_06656
Toxic,Object_06680
Corrosive,Object_00167
Toxic,Object_01399
Explosive,Object_02405
Oxidizing,Object_05618
Unspecified,Object_01740
Unspecified,Object_03389
Fragile,Object_03082
Oxidizing,Object_04468
Explosive,Object_02569
Oxidizing,Object_03675
Food,Object_07094
Explosive,Object_01493
Unspecified,Object_04815
Food,Object_03884
Food,Object_06225
Radioactive,Object_06156
Radioactive,Object_05490
Flammable,Object_02943
Toxic,Object_06870
Pressurized,Object_04463
Radioactive,Object_05184
Food,Object_01496
Fragile,Object_00115
Pressurized,Object_03050
Toxic,Object_01646
Corrosive,Object_01698
Toxic,Object_05216
Radioactive,Object_04166
Unspecified,Object_03298
Oxidizing,Object_06037
Radioactive,Object_04888
Oxidizing,Object_01961
Fragile,Object_02656
Flammable,Object_05704
Corrosive,Object_03466
Flammable,Object_03708
Unspecified,Object_05129
Food,Object_02844
Toxic,Object_01426
Pressurized,Object_04592
Oxidizing,Object_04604
Radioactive,Object_05227
Toxic,Object_05728
Corrosive,Object_06471
Food,Object_05258
Flammable,Object_04339
Flammable,Object_06406
Unspecified,Object_01370
Food,Object_05201
Toxic,Object_04352
Food,Object_06129
Fragile,Object_04037
Corrosive,Object_00857
Flammable,Object_05650
Explosive,Object_03854
Oxidizing,Object_00348
Flammable,Object_01803
Food,Object_02445
Unspecified,Object_03205
Oxidizing,Object_07044
Food,Object_04514
Unspecified,Object_05334
Pressurized,Object_03397
Food,Object_07597
Fragile,Object_07488
Explosive,Object_05033
Food,Object_05739
Pressurized,Object_02822
Flammable,Object_02780
Corrosive,Object_00031
Oxidizing,Object_07225
Radioactive,Object_07032
Radioactive,Object_03144
Flammable,Object_03601
Pressurized,Object_01841
Toxic,Object_02691
Corrosive,Object_00859
Corrosive,Object_00516
Oxidizing,Object_06223
Toxic,Object_04153
Explosive,Object_01866
Toxic,Object_01308
Pressurized,Object_05361
Food,Object_04482
Flammable,Object_00981
Radioactive,Object_02334
Unspecified,Object_05381
Flammable,Object_06261
Flammable,Object_01984
Radioactive,Object_04698
Fragile,Object_00898
Oxidizing,Object_05328
Corrosive,Object_01962
Unspecified,Object_03705
Food,Object_01804
Food,Object_04505
Toxic,Object_05497
Unspecified,Object_05971
Toxic,Object_03223
Radioactive,Object_04708
Food,Object_02067
Fragile,Object_04846
Toxic,Object_00605
Pressurized,Object_04724
Explosive,Object_04330
Corrosive,Object_06686
Oxidizing,Object_06969
Corrosive,Object_06546
Unspecified,Object_07241
Explosive,Object_05117
Corrosive,Object_01120
Radioactive,Object_01266
Unspecified,Object_03716
Toxic,Object_03736
Pressurized,Object_01494
Corrosive,Object_05932
Oxidizing,Object_03740
Food,Object_00935
Fragile,Object_06505
Explosive,Object_02016
Unspecified,Object_04993
Flammable,Object_03056
Toxic,Object_06190
Food,Object_06320
Corrosive,Object_04434
Flammable,Object_06049
Explosive,Object_07417
Radioactive,Object_06737
Fragile,Object_00663
Radioactive,Object_01521
Toxic,Object_03125
Corrosive,Object_04366
Toxic,Object_02776
Radioactive,Object_02806
Food,Object_01806
Food,Object_03354
Food,Object_04295
Flammable,Object_00843
Radioactive,Object_00303
Oxidizing,Object_02898
Corrosive,Object_02977
Food,Object_06781
Explosive,Object_00915
Flammable,Object_06255
Oxidizing,Object_01567
Radioactive,Object_06831
Explosive,Object_02381
Unspecified,Object_06996
Unspecified,Object_00565
Pressurized,Object_04618
Flammable,Object_01680
Corrosive,Object_01753
Explosive,Object_01045
Oxidizing,Object_01539
Unspecified,Object_02190
Toxic,Object_07232
Oxidizing,Object_01054
Fragile,Object_05555
Explosive,Object_00661
Food,Object_03486
Unspecified,Object_03242
Flammable,Object_02505
Unspecified,Object_05538
Flammable,Object_04107
Food,Object_04048
Radioactive,Object_07256
Oxidizing,Object_01076
Explosive,Object_04442
Corrosive,Object_07340
Flammable,Object_05945
Corrosive,Object_00116
Unspecified,Object_06232
Food,Object_06258
Pressurized,Object_03411
Food,Object_03882
Fragile,Object_03097
Pressurized,Object_05137
Unspecified,Object_04606
Food,Object_06849
Corrosive,Object_06672
Unspecified,Object_05837
Pressurized,Object_05161
Radioactive,Object_06662
Oxidizing,Object_06788
Pressurized,Object_01781
Food,Object_00216
Flammable,Object_00259
Food,Object_00523
Oxidizing,Object_00163
Food,Object_01591
Fragile,Object_00586
Flammable,Object_00526
Radioactive,Object_03641
Food,Object_00300
Corrosive,Object_06753
Flammable,Object_03586
Radioactive,Object_04191
Explosive,Object_02488
Explosive,Object_06082
Food,Object_06886
Corrosive,Object_00463
Food,Object_00247
Flammable,Object_03246
Unspecified,Object_00926
Unspecified,Object_04545
Flammable,Object_03089
Pressurized,Object_00110
Pressurized,Object_05632
Unspecified,Object_00320
Corrosive,Object_05649
Toxic,Object_01108
Oxidizing,Object_00048
Pressurized,Object_02771
Flammable,Object_05354
Pressurized,Object_03187
Flammable,Object_06034
Oxidizing,Object_06278
Explosive,Object_04985
Food,Object_04843
Corrosive,Object_03758
Oxidizing,Object_02571
Flammable,Object_02008
Flammable,Object_06279
Corrosive,Object_06743
Food,Object_01705
Corrosive,Object_04273
Food,Object_06222
Flammable,Object_02061
Flammable,Object_04717
Explosive,Object_05035
Explosive,Object_06494
Pressurized,Object_01894
Flammable,Object_05039
Food,Object_04727
Food,Object_00701
Pressurized,Object_01390
Oxidizing,Object_06537
Flammable,Object_03790
Pressurized,Object_02955
Food,Object_01340
Toxic,Object_07512
Flammable,Object_03400
Toxic,Object_04871
Food,Object_05350
Unspecified,Object_04093
Food,Object_05378
Fragile,Object_04854
Flammable,Object_01283
Flammable,Object_01469
Toxic,Object_07129
Radioactive,Object_02799
Fragile,Object_07019
Food,Object_02579
Food,Object_02107
Food,Object_00411
Radioactive,Object_00134
Food,Object_00714
Toxic,Object_01850
Toxic,Object_04745
Unspecified,Object_02392
Corrosive,Object_06219
Radioactive,Object_06554
Radioactive,Object_04176
Toxic,Object_05325
Fragile,Object_00090
Oxidizing,Object_01681
Pressurized,Object_03879
Food,Object_06473
Pressurized,Object_00075
Radioactive,Object_04802
Pressurized,Object_05458
Radioactive,Object_01797
Flammable,Object_01834
Fragile,Object_03059
Oxidizing,Object_00373
Food,Object_02430
Radioactive,Object_02896
Flammable,Object_00566
Toxic,Object_01498
Oxidizing,Object_04987
Oxidizing,Object_03001
Food,Object_06859
Corrosive,Object_00762
Food,Object_04652
Fragile,Object_02759
Toxic,Object_05828
Radioactive,Object_00763
Toxic,Object_01081
Radioactive,Object_04467
Explosive,Object_04272
Oxidizing,Object_04249
Toxic,Object_02663
Radioactive,Object_03091
Explosive,Object_05795
Oxidizing,Object_07434
Unspecified,Object_01462
Radioactive,Object_01687
Explosive,Object_03182
Radioactive,Object_01537
Food,Object_05906
Radioactive,Object_02670
Fragile,Object_01331
Corrosive,Object_01963
Corrosive,Object_05393
Corrosive,Object_00679
Oxidizing,Object_02201
Food,Object_00739
Pressurized,Object_02080
Flammable,Object_01586
Oxidizing,Object_01907
Oxidizing,Object_00333
Food,Object_06254
Unspecified,Object_05213
Flammable,Object_07334
Toxic,Object_03157
Toxic,Object_06976
Corrosive,Object_01627
Pressurized,Object_01659
Pressurized,Object_06292
Flammable,Object_00800
Explosive,Object_03786
Explosive,Object_02259
Fragile,Object_05428
Unspecified,Object_06965
Flammable,Object_01344
Food,Object_05352
Oxidizing,Object_03372
Radioactive,Object_01440
Explosive,Object_02283
Flammable,Object_04400
Unspecified,Object_02433
Corrosive,Object_04559
Corrosive,Object_01975
Corrosive,Object_01557
Food,Object_06557
Food,Object_05332
Food,Object_01640
Unspecified,Object_06135
Food,Object_06469
Radioactive,Object_00983
Flammable,Object_04317
Food,Object_04474
Pressurized,Object_03596
Pressurized,Object_02254
Explosive,Object_07100
Oxidizing,Object_02237
Oxidizing,Object_01384
Oxidizing,Object_00839
Fragile,Object_03580
Pressurized,Object_00179
Radioactive,Object_07509
Explosive,Object_07313
Unspecified,Object_01828
Explosive,Object_04808
Unspecified,Object_04538
Pressurized,Object_07254
Toxic,Object_06986
Flammable,Object_00689
Corrosive,Object_04137
Food,Object_05134
Fragile,Object_00020
Pressurized,Object_00301
Food,Object_05260
Flammable,Object_01444
Corrosive,Object_06900
Flammable,Object_05968
Corrosive,Object_03806
Oxidizing,Object_04415
Flammable,Object_02926
Fragile,Object_07517
Explosive,Object_01314
Oxidizing,Object_07538
Food,Object_03669
Pressurized,Object_01179
Oxidizing,Object_03068
Oxidizing,Object_02033
Oxidizing,Object_04248
Radioactive,Object_02998
Fragile,Object_02884
Radioactive,Object_04461
Food,Object_03656
Toxic,Object_02960
Flammable,Object_06908
Radioactive,Object_02608
Food,Object_07491
Oxidizing,Object_02832
Oxidizing,Object_00278
Fragile,Object_00626
Fragile,Object_01597
Toxic,Object_02420
Fragile,Object_02331
Corrosive,Object_01928
Fragile,Object_04830
Radioactive,Object_04548
Food,Object_02489
Unspecified,Object_06642
Radioactive,Object_04739
Flammable,Object_00807
Fragile,Object_05156
Flammable,Object_05689
Radioactive,Object_02229
Radioactive,Object_01482
Unspecified,Object_06215
Fragile,Object_00879
Toxic,Object_06133
Explosive,Object_06661
Corrosive,Object_00188
Fragile,Object_07578
Corrosive,Object_04955
Flammable,Object_02632
Pressurized,Object_03507
Oxidizing,Object_02116
Toxic,Object_03954
Corrosive,Object_00412
Unspecified,Object_03337
Pressurized,Object_06036
Fragile,Object_03860
Corrosive,Object_06814
Pressurized,Object_04601
Fragile,Object_05662
Toxic,Object_02085
Radioactive,Object_01580
Pressurized,Object_04522
Explosive,Object_06826
Radioactive,Object_04057
Flammable,Object_01955
Food,Object_05008
Flammable,Object_07150
Food,Object_05991
Pressurized,Object_06929
Flammable,Object_04297
Food,Object_00922
Corrosive,Object_05327
Toxic,Object_06559
Food,Object_00596
Food,Object_04799
Food,Object_01759
Fragile,Object_05377
Pressurized,Object_02485
Unspecified,Object_00601
Food,Object_05502
Food,Object_06856
Corrosive,Object_04610
Flammable,Object_01801
Explosive,Object_05675
Fragile,Object_04790
Explosive,Object_05411
Oxidizing,Object_06304
Food,Object_01316
Explosive,Object_02005
Unspecified,Object_05670
Corrosive,Object_02928
Oxidizing,Object_04332
Food,Object_02123
Toxic,Object_04152
Unspecified,Object_04138
Toxic,Object_02478
Oxidizing,Object_06310
Unspecified,Object_01660
Explosive,Object_00416
Corrosive,Object_02221
Toxic,Object_01897
Flammable,Object_03523
Explosive,Object_01904
Unspecified,Object_07389
Radioactive,Object_01473
Corrosive,Object_02803
Oxidizing,Object_06605
Food,Object_04904
Flammable,Object_03418
Unspecified,Object_06631
Explosive,Object_00986
Corrosive,Object_05757
Explosive,Object_06515
Oxidizing,Object_02120
Oxidizing,Object_02160
Oxidizing,Object_04460
Radioactive,Object_01107
Pressurized,Object_04803
Toxic,Object_05667
Food,Object_02927
Fragile,Object_03007
Toxic,Object_03237
Food,Object_04682
Pressurized,Object_05021
Explosive,Object_04787
Flammable,Object_04534
Unspecified,Object_04658
Oxidizing,Object_05597
Flammable,Object_00876
Pressurized,Object_04880
Food,Object_02187
Corrosive,Object_04694
Explosive,Object_03006
Fragile,Object_00035
Toxic,Object_05309
Flammable,Object_00070
Fragile,Object_05045
Corrosive,Object_02614
Flammable,Object_02017
Fragile,Object_03829
Unspecified,Object_05628
Explosive,Object_06901
Radioactive,Object_04002
Toxic,Object_07198
Unspecified,Object_03057
Food,Object_05226
Corrosive,Object_02013
Pressurized,Object_00474
Unspecified,Object_01683
Toxic,Object_06400
Food,Object_03327
Radioactive,Object_04147
Corrosive,Object_01689
Radioactive,Object_02163
Food,Object_04027
Food,Object_03316
Oxidizing,Object_05516
Corrosive,Object_04121
Pressurized,Object_06008
Explosive,Object_00668
Oxidizing,Object_06530
Flammable,Object_03013
Corrosive,Object_03609
Unspecified,Object_07575
Radioactive,Object_06990
Fragile,Object_07561
Flammable,Object_01360
Explosive,Object_02415
Toxic,Object_01672
Oxidizing,Object_05049
Fragile,Object_02733
Fragile,Object_05781
Food,Object_02378
Oxidizing,Object_03090
Flammable,Object_01086
Flammable,Object_03164
Radioactive,Object_06031
Flammable,Object_02975
Fragile,Object_07557
Fragile,Object_04832
Unspecified,Object_02109
Fragile,Object_01949
Oxidizing,Object_05423
Food,Object_02644
Oxidizing,Object_01250
Pressurized,Object_00129
Oxidizing,Object_02623
Explosive,Object_02495
Corrosive,Object_04805
Radioactive,Object_04210
Oxidizing,Object_03548
Toxic,Object_01062
Pressurized,Object_07301
Explosive,Object_06467
Flammable,Object_06949
Oxidizing,Object_05358
Fragile,Object_01527
Toxic,Object_05339
Toxic,Object_02775
Flammable,Object_05778
Oxidizing,Object_05011
Toxic,Object_04517
Radioactive,Object_05218
Food,Object_02155
Explosive,Object_07521
Toxic,Object_04031
Toxic,Object_07052
Radioactive,Object_07201
Oxidizing,Object_02906
Toxic,Object_04416
Radioactive,Object_04992
Toxic,Object_04127
Pressurized,Object_03034
Toxic,Object_02764
Oxidizing,Object_04636
Oxidizing,Object_03303
Flammable,Object_03727
Toxic,Object_02609
Food,Object_01895
Oxidizing,Object_05204
Pressurized,Object_04771
Oxidizing,Object_02681
Unspecified,Object_01205
Corrosive,Object_04621
Explosive,Object_03923
Unspecified,Object_01040
Toxic,Object_05133
Food,Object_02835
Radioactive,Object_00101
Pressurized,Object_06539
Flammable,Object_02797
Flammable,Object_04712
Unspecified,Object_04205
Unspecified,Object_04578
Fragile,Object_01614
Explosive,Object_02869
Explosive,Object_03398
Explosive,Object_05091
Flammable,Object_07157
Pressurized,Object_04433
Oxidizing,Object_01119
Toxic,Object_02311
Toxic,Object_06392
Corrosive,Object_02995
Fragile,Object_00673
Flammable,Object_01336
Food,Object_03847
Explosive,Object_01518
Toxic,Object_03597
Pressurized,Object_07046
Flammable,Object_00917
Corrosive,Object_05356
Unspecified,Object_07125
Food,Object_06410
Food,Object_01057
Pressurized,Object_05719
Radioactive,Object_07184
Oxidizing,Object_02575
Fragile,Object_05554
Fragile,Object_03616
Flammable,Object_03035
Unspecified,Object_04767
Fragile,Object_00613
Corrosive,Object_07443
Fragile,Object_03467
Unspecified,Object_06429
Unspecified,Object_00642
Flammable,Object_06967
Toxic,Object_00528
Pressurized,Object_00892
Oxidizing,Object_03381
Pressurized,Object_00494
Radioactive,Object_06160
Radioactive,Object_02114
Explosive,Object_06998
Oxidizing,Object_03077
Explosive,Object_01522
Corrosive,Object_07370
Pressurized,Object_05300
Flammable,Object_05533
Food,Object_00505
Pressurized,Object_07360
Radioactive,Object_03075
Unspecified,Object_01927
Oxidizing,Object_03227
Unspecified,Object_02188
Explosive,Object_03100
Corrosive,Object_05482
Oxidizing,Object_04387
Flammable,Object_00766
Explosive,Object_02161
Explosive,Object_07264
Fragile,Object_05096
Flammable,Object_03696
Flammable,Object_06783
Explosive,Object_02910
Radioactive,Object_02517
Toxic,Object_00374
Pressurized,Object_04655
Oxidizing,Object_02827
Toxic,Object_03652
Radioactive,Object_00194
Oxidizing,Object_02748
Unspecified,Object_00047
Food,Object_01371
Radioactive,Object_00681
Flammable,Object_00803
Explosive,Object_04443
Food,Object_06226
Toxic,Object_00988
Flammable,Object_04718
Oxidizing,Object_05054
Radioactive,Object_00149
Oxidizing,Object_06684
Food,Object_02483
Corrosive,Object_03346
Corrosive,Object_05363
Unspecified,Object_02717
Explosive,Object_03307
Food,Object_01966
Fragile,Object_07446
Unspecified,Object_07456
Toxic,Object_00226
Fragile,Object_04380
Oxidizing,Object_02992
Flammable,Object_05284
Radioactive,Object_01080
Pressurized,Object_01549
Fragile,Object_04466
Explosive,Object_05715
Pressurized,Object_01793
Explosive,Object_01411
Explosive,Object_02304
Explosive,Object_04669
Toxic,Object_03266
Unspecified,Object_07056
Explosive,Object_00234
Corrosive,Object_04619
Toxic,Object_04615
Fragile,Object_04457
Flammable,Object_00957
Food,Object_04784
Flammable,Object_06690
Pressurized,Object_01987
Toxic,Object_00355
Unspecified,Object_00262
Unspecified,Object_03047
Pressurized,Object_03445
Toxic,Object_07485
Oxidizing,Object_01089
Food,Object_06442
Radioactive,Object_05897
Unspecified,Object_06562
Corrosive,Object_06057
Unspecified,Object_06894
Explosive,Object_04515
Food,Object_06805
Explosive,Object_01070
Unspecified,Object_06397
Pressurized,Object_05769
Pressurized,Object_03541
Unspecified,Object_00372
Radioactive,Object_05956
Food,Object_01391
Oxidizing,Object_05243
Fragile,Object_00480
Unspecified,Object_07110
Fragile,Object_06118
Pressurized,Object_00353
Toxic,Object_02541
Corrosive,Object_05756
Unspecified,Object_01707
Food,Object_04464
Unspecified,Object_06213
Pressurized,Object_02233
Pressurized,Object_01059
Toxic,Object_04901
Oxidizing,Object_06628
Food,Object_00080
Oxidizing,Object_05086
Corrosive,Object_04733
Toxic,Object_05155
Unspecified,Object_05612
Food,Object_04207
Toxic,Object_07203
Fragile,Object_07594
Fragile,Object_00288
Radioactive,Object_06212
Food,Object_05548
Explosive,Object_03722
Food,Object_05553
Pressurized,Object_01809
Flammable,Object_06726
Fragile,Object_04586
Food,Object_01813
Pressurized,Object_04021
Oxidizing,Object_01821
Food,Object_06391
Flammable,Object_01999
Unspecified,Object_04841
Flammable,Object_06819
Unspecified,Object_02133
Flammable,Object_05678
Fragile,Object_03982
Toxic,Object_02903
Corrosive,Object_06511
Flammable,Object_03587
Flammable,Object_01944
Flammable,Object_05441
Unspecified,Object_04768
Explosive,Object_07522
Food,Object_02216
Unspecified,Object_02238
Radioactive,Object_04198
Unspecified,Object_00603
Unspecified,Object_03140
Toxic,Object_00425
Fragile,Object_00888
Flammable,Object_03796
Pressurized,Object_05965
Toxic,Object_06618
Explosive,Object_06451
Flammable,Object_06476
Unspecified,Object_01257
Flammable,Object_06075
Oxidizing,Object_01671
Pressurized,Object_00407
Pressurized,Object_03278
Fragile,Object_03664
Toxic,Object_02658
Oxidizing,Object_04775
Corrosive,Object_01837
Fragile,Object_07403
Pressurized,Object_00559
Unspecified,Object_03837
Flammable,Object_04076
Flammable,Object_02915
Food,Object_05173
Radioactive,Object_07408
Food,Object_05504
Oxidizing,Object_04178
Pressurized,Object_04134
Pressurized,Object_02010
Toxic,Object_03576
Unspecified,Object_00670
Radioactive,Object_03063
Fragile,Object_05703
Food,Object_05974
Unspecified,Object_01214
Radioactive,Object_00996
Unspecified,Object_04453
Food,Object_03308
Radioactive,Object_02281
Flammable,Object_02839
Flammable,Object_06620
Unspecified,Object_02740
Explosive,Object_04853
Radioactive,Object_03709
Radioactive,Object_00414
Toxic,Object_01002
Pressurized,Object_05430
Food,Object_06224
Explosive,Object_03291
Radioactive,Object_04437
Corrosive,Object_03329
Pressurized,Object_02805
Pressurized,Object_01210
Explosive,Object_06013
Food,Object_07255
Radioactive,Object_00203
Corrosive,Object_07453
Oxidizing,Object_04108
Pressurized,Object_03765
Explosive,Object_03646
Oxidizing,Object_01717
Corrosive,Object_03261
Pressurized,Object_02267
Radioactive,Object_00219
Explosive,Object_01212
Flammable,Object_02501
Fragile,Object_05946
Explosive,Object_07501
Oxidizing,Object_00042
Toxic,Object_03816
Oxidizing,Object_00376
Oxidizing,Object_01782
Oxidizing,Object_02760
Flammable,Object_03870
Corrosive,Object_07354
Explosive,Object_02050
Flammable,Object_03975
Explosive,Object_02153
Toxic,Object_05550
Explosive,Object_04326
Flammable,Object_06683
Fragile,Object_04329
Explosive,Object_06960
Oxidizing,Object_01008
Food,Object_06821
Radioactive,Object_04785
Toxic,Object_02142
Explosive,Object_01189
Radioactive,Object_00088
Unspecified,Object_01941
Pressurized,Object_04350
Toxic,Object_06371
Corrosive,Object_04795
Food,Object_04394
Corrosive,Object_06197
Explosive,Object_03883
Flammable,Object_03020
Oxidizing,Object_01403
Fragile,Object_05907
Radioactive,Object_02858
Unspecified,Object_00162
Unspecified,Object_00394
Explosive,Object_01088
Pressurized,Object_07043
Oxidizing,Object_06876
Oxidizing,Object_02918
Fragile,Object_00789
Radioactive,Object_00585
Explosive,Object_05509
Oxidizing,Object_00343
Radioactive,Object_03895
Radioactive,Object_06847
Fragile,Object_00997
Flammable,Object_02729
Oxidizing,Object_06345
Pressurized,Object_07431
Unspecified,Object_04170
Explosive,Object_06645
Flammable,Object_04247
Food,Object_06061
Unspecified,Object_00104
Flammable,Object_05734
Pressurized,Object_03405
Unspecified,Object_03704
Corrosive,Object_06708
Explosive,Object_04294
Corrosive,Object_02404
Corrosive,Object_05790
Food,Object_06207
Oxidizing,Object_05492
Radioactive,Object_05239
Toxic,Object_00742
Food,Object_02004
Toxic,Object_03799
Pressurized,Object_02368
Corrosive,Object_02651
Pressurized,Object_02701
Toxic,Object_02090
Oxidizing,Object_04535
Flammable,Object_00644
Food,Object_00393
Flammable,Object_05191
Toxic,Object_06810
Unspecified,Object_00224
Explosive,Object_05578
Radioactive,Object_04420
Flammable,Object_06045
Explosive,Object_03031
Food,Object_05059
Pressurized,Object_01823
Radioactive,Object_06244
Radioactive,Object_04986
Corrosive,Object_00871
Radioactive,Object_05832
Toxic,Object_05135
Toxic,Object_06393
Flammable,Object_00158
Pressurized,Object_07318
Explosive,Object_06974
Corrosive,Object_05311
Pressurized,Object_00947
Fragile,Object_07359
Explosive,Object_06241
Fragile,Object_05661
Flammable,Object_04633
Toxic,Object_05330
Oxidizing,Object_01645
Toxic,Object_05220
Corrosive,Object_00055
Corrosive,Object_06468
Fragile,Object_03602
Unspecified,Object_07373
Flammable,Object_04023
Food,Object_03430
Toxic,Object_03287
Explosive,Object_05382
Fragile,Object_06757
Fragile,Object_02443
Flammable,Object_03985
Pressurized,Object_07086
Corrosive,Object_03135
Unspecified,Object_00508
Toxic,Object_02002
Explosive,Object_05706
Explosive,Object_06655
Flammable,Object_04757
Corrosive,Object_06121
Explosive,Object_01908
Oxidizing,Object_05590
Explosive,Object_06789
Pressurized,Object_02823
Explosive,Object_06840
Unspecified,Object_04001
Food,Object_05212
Flammable,Object_02168
Radioactive,Object_07415
Unspecified,Object_01770
Pressurized,Object_07535
Toxic,Object_06717
Food,Object_04917
Fragile,Object_00164
Fragile,Object_06050
Explosive,Object_04338
Corrosive,Object_07326
Food,Object_01342
Flammable,Object_06176
Unspecified,Object_04081
Pressurized,Object_02962
Unspecified,Object_07496
Corrosive,Object_04455
Toxic,Object_00706
Radioactive,Object_00166
Oxidizing,Object_07023
Food,Object_05427
Fragile,Object_05446
Corrosive,Object_05470
Oxidizing,Object_04436
Explosive,Object_06339
Pressurized,Object_04864
Toxic,Object_04144
Explosive,Object_00440
Food,Object_06189
Food,Object_00018
Corrosive,Object_02235
Radioactive,Object_07407
Food,Object_05993
Corrosive,Object_05403
Oxidizing,Object_00291
Food,Object_02988
Radioactive,Object_03338
Unspecified,Object_05462
Unspecified,Object_03393
Fragile,Object_01651
Fragile,Object_01913
Unspecified,Object_00776
Fragile,Object_06550
Pressurized,Object_06519
Oxidizing,Object_07465
Toxic,Object_07343
Toxic,Object_06289
Toxic,Object_03626
Food,Object_06427
Fragile,Object_05364
Corrosive,Object_01077
Oxidizing,Object_07445
Corrosive,Object_00174
Corrosive,Object_00243
Flammable,Object_04401
Radioactive,Object_00122
Oxidizing,Object_06902
Explosive,Object_03610
Fragile,Object_02132
Radioactive,Object_00765
Oxidizing,Object_03620
Toxic,Object_03962
Food,Object_00081
Pressurized,Object_04540
Corrosive,Object_00438
Fragile,Object_06973
Pressurized,Object_01245
Fragile,Object_03908
Fragile,Object_04891
Flammable,Object_03023
Unspecified,Object_07479
Fragile,Object_01637
Flammable,Object_00471
Toxic,Object_01018
Flammable,Object_04082
Flammable,Object_02847
Toxic,Object_00396
Unspecified,Object_06548
Radioactive,Object_05773
Fragile,Object_01369
Food,Object_01020
Flammable,Object_02395
Corrosive,Object_02022
Food,Object_04347
Pressurized,Object_01584
Toxic,Object_06130
Toxic,Object_03009
Pressurized,Object_05366
Corrosive,Object_05994
Fragile,Object_02622
Unspecified,Object_00100
Toxic,Object_06251
Unspecified,Object_06480
Food,Object_06658
Oxidizing,Object_04324
Toxic,Object_00287
Pressurized,Object_04003
Toxic,Object_05887
Flammable,Object_00052
Food,Object_05261
Toxic,Object_05884
Oxidizing,Object_05507
Flammable,Object_04818
Oxidizing,Object_07588
Oxidizing,Object_01922
Oxidizing,Object_00932
Explosive,Object_00484
Oxidizing,Object_06920
Corrosive,Object_03761
Explosive,Object_06074
Flammable,Object_03313
Explosive,Object_00244
Radioactive,Object_05472
Food,Object_02083
Fragile,Object_04149
Fragile,Object_01612
Fragile,Object_04106
Food,Object_03813
Toxic,Object_03581
Toxic,Object_05106
Toxic,Object_03102
Food,Object_00736
Flammable,Object_01657
Corrosive,Object_05784
Unspecified,Object_07302
Pressurized,Object_05069
Food,Object_02888
Food,Object_02065
Food,Object_07158
Radioactive,Object_06893
Explosive,Object_01078
Flammable,Object_05452
Food,Object_02583
Unspecified,Object_03297
Food,Object_01139
Flammable,Object_02345
Food,Object_06060
Flammable,Object_02826
Corrosive,Object_00745
Oxidizing,Object_05406
Food,Object_05051
Fragile,Object_00293
Flammable,Object_06395
Explosive,Object_05199
Flammable,Object_04165
Corrosive,Object_05344
Toxic,Object_06456
Flammable,Object_07366
Radioactive,Object_03697
Flammable,Object_04319
Fragile,Object_06428
Radioactive,Object_06862
Oxidizing,Object_04528
Oxidizing,Object_01839
Corrosive,Object_07454
Unspecified,Object_00496
Food,Object_03014
Fragile,Object_02077
Toxic,Object_04100
Flammable,Object_00801
Explosive,Object_06240
Flammable,Object_00747
Fragile,Object_02629
Unspecified,Object_04750
Food,Object_04183
Oxidizing,Object_05380
Explosive,Object_06168
Toxic,Object_02287
Explosive,Object_01976
Fragile,Object_02446
Oxidizing,Object_01528
Oxidizing,Object_02529
Corrosive,Object_02645
Unspecified,Object_03961
Radioactive,Object_04765
Unspecified,Object_05557
Food,Object_00746
Food,Object_02074
Fragile,Object_07448
Radioactive,Object_04128
Food,Object_06764
Flammable,Object_07554
Food,Object_05642
Flammable,Object_03745
Unspecified,Object_05955
Corrosive,Object_03360
Oxidizing,Object_00448
Radioactive,Object_00123
Corrosive,Object_06294
Radioactive,Object_07524
Flammable,Object_02151
Flammable,Object_06538
Food,Object_04829
Radioactive,Object_05433
Food,Object_06063
Pressurized,Object_04607
Food,Object_04654
Corrosive,Object_02053
Toxic,Object_02293
Corrosive,Object_02413
Fragile,Object_00338
Corrosive,Object_00083
Food,Object_01177
Unspecified,Object_06887
Pressurized,Object_03934
Corrosive,Object_01458
Food,Object_06569
Fragile,Object_06752
Radioactive,Object_01132
Toxic,Object_05949
Pressurized,Object_07426
Toxic,Object_07461
Corrosive,Object_05786
Corrosive,Object_03572
Oxidizing,Object_00483
Unspecified,Object_00406
Flammable,Object_06099
Explosive,Object_05165
Corrosive,Object_06257
Explosive,Object_06184
Unspecified,Object_03903
Toxic,Object_03928
Corrosive,Object_06930
Radioactive,Object_00144
Unspecified,Object_06290
Toxic,Object_01843
Flammable,Object_07353
Radioactive,Object_01169
Food,Object_06369
Explosive,Object_03549
Food,Object_00606
Radioactive,Object_00382
Pressurized,Object_00878
Radioactive,Object_04113
Unspecified,Object_05491
Unspecified,Object_03592
Flammable,Object_06088
Unspecified,Object_02056
Toxic,Object_00552
Unspecified,Object_05808
Flammable,Object_06301
Food,Object_05807
Food,Object_00894
Pressurized,Object_05944
Pressurized,Object_05211
Flammable,Object_01208
Corrosive,Object_06981
Explosive,Object_02800
Fragile,Object_02993
Corrosive,Object_06488
Explosive,Object_05113
Food,Object_05617
Explosive,Object_06815
Flammable,Object_06885
Oxidizing,Object_06083
Unspecified,Object_01880
Explosive,Object_04305
Toxic,Object_03713
Pressurized,Object_06105
Unspecified,Object_02696
Pressurized,Object_04742
Food,Object_03525
Pressurized,Object_00148
Oxidizing,Object_00352
Fragile,Object_07573
Pressurized,Object_07437
Oxidizing,Object_05185
Unspecified,Object_04754
Food,Object_01532
Toxic,Object_06198
Food,Object_00294
Pressurized,Object_00200
Fragile,Object_04114
Flammable,Object_02846
Food,Object_03844
Oxidizing,Object_03423
Oxidizing,Object_03229
Flammable,Object_03290
Unspecified,Object_01165
Food,Object_00442
Food,Object_02230
Corrosive,Object_01661
Food,Object_03396
Fragile,Object_05623
Unspecified,Object_00050
Food,Object_00968
Explosive,Object_00623
Pressurized,Object_07025
Corrosive,Object_01974
Radioactive,Object_03224
Explosive,Object_03113
Radioactive,Object_04827
Flammable,Object_01979
Food,Object_02736
Food,Object_04822
Flammable,Object_05142
Radioactive,Object_00919
Corrosive,Object_05842
Food,Object_03041
Toxic,Object_00865
Food,Object_00359
Radioactive,Object_04977
Food,Object_02706
Flammable,Object_05755
Fragile,Object_03128
Flammable,Object_07229
Toxic,Object_06652
Explosive,Object_02091
Toxic,Object_07433
Fragile,Object_03363
Fragile,Object_01647
Explosive,Object_05877
Flammable,Object_03819
Oxidizing,Object_06120
Explosive,Object_07332
Toxic,Object_04697
Fragile,Object_00282
Flammable,Object_07320
Unspecified,Object_02802
Pressurized,Object_04238
Corrosive,Object_00360
Radioactive,Object_05702
Food,Object_02440
Fragile,Object_06966
Fragile,Object_04552
Unspecified,Object_05903
Explosive,Object_07063
Explosive,Object_04075
Food,Object_05594
Flammable,Object_05453
Flammable,Object_06545
Fragile,Object_06790
Unspecified,Object_03855
Flammable,Object_04590
Fragile,Object_01429
Corrosive,Object_01188
Pressurized,Object_05150
Food,Object_04936
Unspecified,Object_05844
Fragile,Object_01568
Explosive,Object_06927
Pressurized,Object_00842
Pressurized,Object_01842
Pressurized,Object_03044
Toxic,Object_06975
Flammable,Object_07069
Pressurized,Object_07104
Oxidizing,Object_00869
Unspecified,Object_01047
Flammable,Object_04743
Toxic,Object_00533
Unspecified,Object_07213
Food,Object_02914
Corrosive,Object_05170
Corrosive,Object_01079
Toxic,Object_00862
Food,Object_03703
Explosive,Object_06777
Explosive,Object_06698
Unspecified,Object_00991
Corrosive,Object_01200
Unspecified,Object_04498
Fragile,Object_02722
Toxic,Object_06586
Explosive,Object_04988
Fragile,Object_00456
Oxidizing,Object_02338
Radioactive,Object_06597
Flammable,Object_03209
Pressurized,Object_05766
Fragile,Object_06199
Corrosive,Object_03470
Unspecified,Object_04022
Radioactive,Object_06748
Food,Object_07080
Explosive,Object_04091
Fragile,Object_03161
Toxic,Object_04776
Toxic,Object_01622
Oxidizing,Object_03196
Oxidizing,Object_04629
Corrosive,Object_01447
Corrosive,Object_05271
Corrosive,Object_05735
Oxidizing,Object_01751
Toxic,Object_04711
Explosive,Object_06434
Food,Object_05431
Fragile,Object_04058
Food,Object_04653
Oxidizing,Object_00812
Toxic,Object_01417
Radioactive,Object_00314
Oxidizing,Object_07114
Radioactive,Object_04774
Explosive,Object_04995
Unspecified,Object_01058
Unspecified,Object_06041
Unspecified,Object_00447
Radioactive,Object_00261
Fragile,Object_03689
Explosive,Object_04349
Corrosive,Object_04860
Radioactive,Object_03702
Food,Object_03519
Corrosive,Object_05981
Toxic,Object_02666
Explosive,Object_00419
Unspecified,Object_07568
Corrosive,Object_00611
Toxic,Object_00646
Corrosive,Object_05404
Fragile,Object_01386
Oxidizing,Object_03812
Oxidizing,Object_05814
Fragile,Object_00344
Explosive,Object_00363
Explosive,Object_06723
Corrosive,Object_05518
Oxidizing,Object_07067
Unspecified,Object_06331
Fragile,Object_05725
Explosive,Object_01758
Radioactive,Object_01104
Radioactive,Object_04581
Toxic,Object_04889
Corrosive,Object_02127
Food,Object_07034
Corrosive,Object_05827
Food,Object_03351
Toxic,Object_03024
Oxidizing,Object_01082
Oxidizing,Object_05148
Food,Object_02351
Radioactive,Object_04635
Food,Object_06650
Unspecified,Object_05712
Pressurized,Object_03588
Fragile,Object_03521
Explosive,Object_03941
Food,Object_00240
Oxidizing,Object_05996
Food,Object_06934
Flammable,Object_03834
Explosive,Object_02905
Flammable,Object_05111
Unspecified,Object_07477
Fragile,Object_00086
Flammable,Object_05989
Oxidizing,Object_05315
Food,Object_01886
Explosive,Object_01311
Oxidizing,Object_06380
Corrosive,Object_00522
Corrosive,Object_03123
Radioactive,Object_02726
Pressurized,Object_06237
Explosive,Object_01530
Toxic,Object_01490
Radioactive,Object_06742
Explosive,Object_07135
Explosive,Object_06843
Pressurized,Object_04950
Pressurized,Object_04274
Flammable,Object_03219
Unspecified,Object_06186
Explosive,Object_06210
Pressurized,Object_00072
Oxidizing,Object_06363
Explosive,Object_00635
Food,Object_01634
Flammable,Object_03206
Food,Object_00337
Explosive,Object_07475
Corrosive,Object_04266
Toxic,Object_07595
Food,Object_03635
Oxidizing,Object_00989
Corrosive,Object_06985
Toxic,Object_07350
Unspecified,Object_00079
Unspecified,Object_03274
Explosive,Object_04097
Flammable,Object_01468
Radioactive,Object_06001
Toxic,Object_07413
Pressurized,Object_02046
Corrosive,Object_03901
Toxic,Object_02728
Food,Object_02102
Corrosive,Object_01163
Flammable,Object_00212
Fragile,Object_06173
Oxidizing,Object_05975
Flammable,Object_05783
Unspecified,Object_03990
Fragile,Object_03926
Fragile,Object_00698
Food,Object_03099
Oxidizing,Object_03399
Food,Object_02455
Explosive,Object_02659
Toxic,Object_07324
Toxic,Object_05584
Flammable,Object_04699
Pressurized,Object_02419
Radioactive,Object_06754
Explosive,Object_02100
Unspecified,Object_01993
Explosive,Object_04929
Toxic,Object_03683
Fragile,Object_00143
Radioactive,Object_02801
Oxidizing,Object_01725
Food,Object_00183
Explosive,Object_04639
Oxidizing,Object_04441
Explosive,Object_05103
Food,Object_04596
Unspecified,Object_05973
Toxic,Object_06253
Oxidizing,Object_01280
Fragile,Object_02198
Oxidizing,Object_04103
Unspecified,Object_00536
Oxidizing,Object_05889
Flammable,Object_05094
Food,Object_02535
Oxidizing,Object_05713
Oxidizing,Object_01191
Oxidizing,Object_06319
Corrosive,Object_03608
Fragile,Object_04587
Corrosive,Object_03412
Corrosive,Object_00649
Explosive,Object_00054
Unspecified,Object_01869
Oxidizing,Object_06081
Oxidizing,Object_06647
Oxidizing,Object_03335
Pressurized,Object_03459
Pressurized,Object_06637
Unspecified,Object_01628
Oxidizing,Object_03984
Toxic,Object_01551
Flammable,Object_00019
Explosive,Object_01455
Fragile,Object_01228
Toxic,Object_06869
Oxidizing,Object_05371
Food,Object_00588
Food,Object_05977
Corrosive,Object_07269
Explosive,Object_05754
Oxidizing,Object_05788
Pressurized,Object_02059
Toxic,Object_07246
Pressurized,Object_01699
Pressurized,Object_06051
Flammable,Object_07186
Oxidizing,Object_00108
Radioactive,Object_00250
Corrosive,Object_03881
Unspecified,Object_00039
Flammable,Object_02586
Oxidizing,Object_01952
Oxidizing,Object_07452
Toxic,Object_01014
Explosive,Object_02887
Explosive,Object_06629
Pressurized,Object_06200
Food,Object_05549
Fragile,Object_04721
Food,Object_01554
Unspecified,Object_04367
Explosive,Object_06552
Unspecified,Object_06086
Flammable,Object_04228
Explosive,Object_07051
Oxidizing,Object_04634
Explosive,Object_02064
Fragile,Object_07470
Pressurized,Object_05345
Food,Object_01184
Unspecified,Object_04041
Pressurized,Object_00770
Radioactive,Object_01123
Pressurized,Object_05685
Explosive,Object_01849
Corrosive,Object_04419
Food,Object_06209
Corrosive,Object_07099
Radioactive,Object_05592
Food,Object_07400
Toxic,Object_02507
Toxic,Object_01935
Explosive,Object_00431
Toxic,Object_01888
Corrosive,Object_00281
Oxidizing,Object_07537
Flammable,Object_02908
Radioactive,Object_05775
Corrosive,Object_03747
Food,Object_02350
Toxic,Object_03152
Explosive,Object_05664
Fragile,Object_02055
Food,Object_02503
Radioactive,Object_04202
Food,Object_07075
Radioactive,Object_07102
Fragile,Object_02313
Flammable,Object_03560
Radioactive,Object_03915
Unspecified,Object_04678
Fragile,Object_07356
Food,Object_05145
Food,Object_02510
Radioactive,Object_02718
Unspecified,Object_03920
Unspecified,Object_04036
Explosive,Object_06664
Food,Object_06106
Unspecified,Object_03465
Corrosive,Object_03492
Radioactive,Object_07420
Fragile,Object_01594
Unspecified,Object_04605
Oxidizing,Object_06044
Fragile,Object_02965
Toxic,Object_03131
Radioactive,Object_06946
Toxic,Object_04555
Oxidizing,Object_05182
Pressurized,Object_03401
Toxic,Object_06598
Radioactive,Object_05273
Flammable,Object_00208
Fragile,Object_04588
Unspecified,Object_04902
Flammable,Object_04485
Radioactive,Object_03838
Radioactive,Object_06845
Toxic,Object_01553
Oxidizing,Object_02036
Unspecified,Object_06531
Oxidizing,Object_04425
Flammable,Object_02624
Oxidizing,Object_00756
Toxic,Object_05171
Radioactive,Object_02516
Flammable,Object_04126
Food,Object_02274
Food,Object_03744
Fragile,Object_02365
Toxic,Object_02754
Unspecified,Object_02103
Fragile,Object_03869
Pressurized,Object_03151
Flammable,Object_07165
Fragile,Object_02042
Food,Object_00595
Toxic,Object_03570
Fragile,Object_06958
Fragile,Object_05281
Food,Object_03695
Explosive,Object_03129
Explosive,Object_05878
Explosive,Object_05283
Unspecified,Object_04255
Oxidizing,Object_04188
Unspecified,Object_05964
Flammable,Object_07581
Explosive,Object_01112
Unspecified,Object_04258
Unspecified,Object_04189
Oxidizing,Object_06349
Corrosive,Object_07560
Explosive,Object_00545
Explosive,Object_01920
Fragile,Object_05893
Explosive,Object_04012
Radioactive,Object_07123
Explosive,Object_05486
Flammable,Object_06411
Food,Object_00256
Fragile,Object_06169
Flammable,Object_05723
Radioactive,Object_00026
Pressurized,Object_07234
Flammable,Object_06953
Fragile,Object_06079
Fragile,Object_07280
Radioactive,Object_04582
Pressurized,Object_07380
Oxidizing,Object_04447
Corrosive,Object_02892
Flammable,Object_00237
Flammable,Object_00718
Radioactive,Object_05419
Fragile,Object_02961
Toxic,Object_00895
Fragile,Object_01463
Radioactive,Object_03553
Pressurized,Object_01315
Oxidizing,Object_04814
Radioactive,Object_06076
Corrosive,Object_02290
Corrosive,Object_03946
Food,Object_06713
Radioactive,Object_04792
Oxidizing,Object_01483
Food,Object_01945
Corrosive,Object_02547
Radioactive,Object_04440
Food,Object_06388
Food,Object_02257
Food,Object_05500
Radioactive,Object_06735
Flammable,Object_07327
Flammable,Object_03288
Unspecified,Object_00852
Unspecified,Object_02157
Radioactive,Object_07483
Flammable,Object_07576
Corrosive,Object_04143
Flammable,Object_03749
Pressurized,Object_02054
Radioactive,Object_06465
Oxidizing,Object_02247
Pressurized,Object_01246
Unspecified,Object_00405
Pressurized,Object_06323
Oxidizing,Object_07545
Toxic,Object_01632
Flammable,Object_01396
Explosive,Object_05120
Oxidizing,Object_04580
Corrosive,Object_00059
Pressurized,Object_00816
Flammable,Object_07096
Unspecified,Object_03074
Pressurized,Object_03858
Flammable,Object_04070
Flammable,Object_06700
Unspecified,Object_04285
Fragile,Object_03228
Pressurized,Object_04812
Explosive,Object_02948
Flammable,Object_00253
Flammable,Object_02179
Explosive,Object_01674
Toxic,Object_02750
Flammable,Object_02280
Flammable,Object_04384
Radioactive,Object_07523
Pressurized,Object_06626
Food,Object_06799
Fragile,Object_04525
Oxidizing,Object_00275
Oxidizing,Object_04104
Corrosive,Object_00792
Oxidizing,Object_03818
Fragile,Object_01588
Unspecified,Object_07469
Toxic,Object_05306
Flammable,Object_02781
Pressurized,Object_01175
Radioactive,Object_05249
Pressurized,Object_03480
Food,Object_03136
Corrosive,Object_07487
Pressurized,Object_01486
Oxidizing,Object_00927
Corrosive,Object_01037
Radioactive,Object_06758
Explosive,Object_06730
Explosive,Object_02425
Unspecified,Object_03589
Corrosive,Object_02447
Radioactive,Object_00638
Oxidizing,Object_00971
Explosive,Object_02621
Unspecified,Object_06322
Pressurized,Object_00514
Unspecified,Object_04594
Flammable,Object_01898
Explosive,Object_07277
Explosive,Object_07039
Fragile,Object_05983
Unspecified,Object_01300
Radioactive,Object_04825
Flammable,Object_02542
Radioactive,Object_01422
Flammable,Object_02612
Toxic,Object_01713
Food,Object_03352
Corrosive,Object_05609
Corrosive,Object_03644
Fragile,Object_05829
Flammable,Object_05738
Corrosive,Object_03117
Pressurized,Object_01068
Fragile,Object_05253
Pressurized,Object_00263
Radioactive,Object_06419
Food,Object_04201
Explosive,Object_03339
Pressurized,Object_05954
Toxic,Object_05924
Fragile,Object_02879
Pressurized,Object_05916
Corrosive,Object_03067
Food,Object_02873
Explosive,Object_02261
Flammable,Object_06343
Flammable,Object_06889
Fragile,Object_02650
Unspecified,Object_02026
Fragile,Object_03388
Fragile,Object_02184
Food,Object_03897
Flammable,Object_07500
Oxidizing,Object_00598
Explosive,Object_00223
Explosive,Object_00721
Radioactive,Object_00131
Explosive,Object_05767
Corrosive,Object_07118
Corrosive,Object_06276
Oxidizing,Object_06446
Toxic,Object_06027
Pressurized,Object_01131
Food,Object_03973
Toxic,Object_07463
Oxidizing,Object_05468
Pressurized,Object_05939
Food,Object_05465
Radioactive,Object_01540
Fragile,Object_07401
Unspecified,Object_01665
Unspecified,Object_03010
Pressurized,Object_05779
Radioactive,Object_01747
Food,Object_05457
Corrosive,Object_00715
Unspecified,Object_06673
Corrosive,Object_05238
Pressurized,Object_07520
Fragile,Object_05716
Food,Object_03590
Fragile,Object_02429
Unspecified,Object_01719
Oxidizing,Object_04783
Explosive,Object_06138
Corrosive,Object_02452
Unspecified,Object_04033
Oxidizing,Object_06287
Fragile,Object_07166
Unspecified,Object_01905
Oxidizing,Object_00769
Radioactive,Object_00135
Corrosive,Object_06627
Oxidizing,Object_03000
Corrosive,Object_04480
Radioactive,Object_06806
Corrosive,Object_07543
Fragile,Object_05037
Corrosive,Object_05020
Unspecified,Object_02954
Unspecified,Object_05197
Unspecified,Object_02685
Fragile,Object_01110
Explosive,Object_03328
Explosive,Object_04088
Oxidizing,Object_03905
Flammable,Object_02968
Fragile,Object_07357
Explosive,Object_00319
Oxidizing,Object_05488
Explosive,Object_01129
Fragile,Object_05177
Pressurized,Object_06314
Explosive,Object_03763
Flammable,Object_00387
Pressurized,Object_06274
Unspecified,Object_00576
Oxidizing,Object_06091
Unspecified,Object_01643
Food,Object_02657
Fragile,Object_02456
Corrosive,Object_00180
Radioactive,Object_01121
Toxic,Object_00053
Flammable,Object_02640
Food,Object_02870
Fragile,Object_06114
Toxic,Object_01397
Explosive,Object_02012
Pressurized,Object_01011
Oxidizing,Object_02387
Food,Object_05904
Radioactive,Object_01630
Oxidizing,Object_04906
Unspecified,Object_07289
Oxidizing,Object_06273
Explosive,Object_01523
Unspecified,Object_00025
Explosive,Object_03235
Flammable,Object_03815
Explosive,Object_06609
Fragile,Object_04965
Flammable,Object_03016
Radioactive,Object_03721
Food,Object_05845
Corrosive,Object_04171
Radioactive,Object_04556
Corrosive,Object_01084
Pressurized,Object_04426
Toxic,Object_04568
Unspecified,Object_05672
Explosive,Object_06330
Explosive,Object_04890
Fragile,Object_02048
Fragile,Object_03878
Flammable,Object_03210
Food,Object_03296
Food,Object_05859
Toxic,Object_03314
Oxidizing,Object_03441
Unspecified,Object_01606
Oxidizing,Object_01161
Flammable,Object_03877
Toxic,Object_00482
Toxic,Object_01173
Flammable,Object_04671
Pressurized,Object_06739
Explosive,Object_00677
Corrosive,Object_04539
Food,Object_00254
Explosive,Object_05582
Corrosive,Object_03826
Unspecified,Object_07154
Toxic,Object_05898
Fragile,Object_02643
Explosive,Object_04451
Food,Object_05317
Unspecified,Object_05278
Pressurized,Object_02824
Radioactive,Object_02110
Explosive,Object_00454
Explosive,Object_00647
Oxidizing,Object_01318
Unspecified,Object_00900
Oxidizing,Object_04501
Pressurized,Object_00023
Toxic,Object_00719
Oxidizing,Object_06131
Food,Object_05621
Unspecified,Object_07195
Fragile,Object_05929
Unspecified,Object_04591
Corrosive,Object_00472
Oxidizing,Object_05899
Corrosive,Object_06175
Radioactive,Object_03309
Toxic,Object_01430
Fragile,Object_03005
Flammable,Object_00680
Unspecified,Object_03922
Corrosive,Object_04744
Unspecified,Object_06055
Radioactive,Object_02494
Pressurized,Object_05119
Radioactive,Object_06094
Pressurized,Object_03072
Food,Object_06835
Flammable,Object_01414
Fragile,Object_05164
Toxic,Object_06430
Fragile,Object_05368
Explosive,Object_05296
Explosive,Object_06767
Oxidizing,Object_05090
Fragile,Object_04753
Unspecified,Object_02269
Flammable,Object_04167
Food,Object_00218
Radioactive,Object_03728
Unspecified,Object_06709
Pressurized,Object_01320
Food,Object_00354
Pressurized,Object_01334
Corrosive,Object_03797
Toxic,Object_03678
Toxic,Object_02382
Pressurized,Object_04140
Flammable,Object_06738
Fragile,Object_04063
Toxic,Object_05918
Toxic,Object_03640
Explosive,Object_02044
Radioactive,Object_06181
Flammable,Object_05140
Pressurized,Object_02204
Food,Object_05456
Explosive,Object_04600
Unspecified,Object_05635
Flammable,Object_01542
Pressurized,Object_00855
Oxidizing,Object_03211
Explosive,Object_03202
Flammable,Object_02773
Radioactive,Object_05084
Oxidizing,Object_02895
Corrosive,Object_06497
Oxidizing,Object_06077
Oxidizing,Object_03823
Radioactive,Object_05748
Toxic,Object_03184
Explosive,Object_03969
Pressurized,Object_05998
Explosive,Object_05640
Pressurized,Object_05139
Explosive,Object_06784
Pressurized,Object_03171
Radioactive,Object_02836
Corrosive,Object_03052
Fragile,Object_01003
Fragile,Object_07088
Food,Object_00567
Oxidizing,Object_07527
Food,Object_05394
Explosive,Object_07153
Oxidizing,Object_06829
Flammable,Object_01395
Flammable,Object_06542
Oxidizing,Object_06922
Explosive,Object_02347
Radioactive,Object_04374
Radioactive,Object_01505
Toxic,Object_03584
Explosive,Object_04791
Radioactive,Object_06268
Fragile,Object_04190
Fragile,Object_05062
Corrosive,Object_04913
Oxidizing,Object_05276
Corrosive,Object_07112
Corrosive,Object_01186
Oxidizing,Object_02559
Fragile,Object_05420
Oxidizing,Object_03109
Flammable,Object_07087
Pressurized,Object_02707
Radioactive,Object_05900
Radioactive,Object_03872
Corrosive,Object_01034
Food,Object_00236
Fragile,Object_03330
Flammable,Object_04458
Explosive,Object_07494
Radioactive,Object_00602
Food,Object_05726
Corrosive,Object_04656
Flammable,Object_03571
Fragile,Object_06252
Oxidizing,Object_02159
Oxidizing,Object_00532
Food,Object_00331
Flammable,Object_01899
Toxic,Object_04872
Flammable,Object_05268
Fragile,Object_02432
Explosive,Object_01977
Explosive,Object_00656
Radioactive,Object_00772
Fragile,Object_01310
Food,Object_03188
Unspecified,Object_07596
Fragile,Object_07526
Radioactive,Object_06452
Toxic,Object_05461
Radioactive,Object_00430
Explosive,Object_06666
Fragile,Object_05146
Flammable,Object_02945
Flammable,Object_03775
Food,Object_04574
Explosive,Object_04212
Flammable,Object_04561
Flammable,Object_05044
Fragile,Object_03755
Oxidizing,Object_01074
Food,Object_00460
Food,Object_05285
Fragile,Object_06183
Toxic,Object_02070
Toxic,Object_03612
Radioactive,Object_03932
Radioactive,Object_01215
Corrosive,Object_02255
Corrosive,Object_07247
Radioactive,Object_03840
Explosive,Object_01383
Radioactive,Object_01039
Fragile,Object_07598
Corrosive,Object_05180
Fragile,Object_03373
Flammable,Object_05264
Pressurized,Object_07382
Toxic,Object_06311
Food,Object_06600
Radioactive,Object_00614
Food,Object_01638
Fragile,Object_00248
Corrosive,Object_06472
Flammable,Object_03510
Corrosive,Object_03096
Food,Object_00782
Explosive,Object_07226
Unspecified,Object_02590
Flammable,Object_03371
Fragile,Object_05970
Fragile,Object_04966
Food,Object_02613
Pressurized,Object_05009
Flammable,Object_00215
Food,Object_05966
Pressurized,Object_01663
Oxidizing,Object_06962
Unspecified,Object_01348
Radioactive,Object_04422
Toxic,Object_00045
Food,Object_07107
Oxidizing,Object_07093
Oxidizing,Object_05805
Corrosive,Object_02479
Radioactive,Object_06585
Pressurized,Object_06619
Flammable,Object_03600
Unspecified,Object_04637
Pressurized,Object_00650
Oxidizing,Object_05544
Toxic,Object_07519
Fragile,Object_03657
Food,Object_06164
Fragile,Object_07447
Toxic,Object_01401
Flammable,Object_01650
Pressurized,Object_03685
Toxic,Object_07194
Flammable,Object_00257
Corrosive,Object_03095
Fragile,Object_02724
Oxidizing,Object_06098
Explosive,Object_06078
Food,Object_05985
Fragile,Object_00155
Corrosive,Object_04099
Oxidizing,Object_02725
Explosive,Object_00604
Radioactive,Object_02747
Corrosive,Object_04227
Unspecified,Object_05537
Food,Object_03939
Radioactive,Object_01754
Food,Object_07212
Food,Object_00546
Oxidizing,Object_01876
Oxidizing,Object_04499
Flammable,Object_01265
Toxic,Object_07176
Explosive,Object_01097
Fragile,Object_01234
Flammable,Object_06576
Radioactive,Object_00366
Explosive,Object_01600
Radioactive,Object_03429
Radioactive,Object_01261
Flammable,Object_06028
Corrosive,Object_03027
Explosive,Object_04974
Oxidizing,Object_07121
Oxidizing,Object_07192
Radioactive,Object_04172
Fragile,Object_00951
Flammable,Object_02296
Fragile,Object_06595
Toxic,Object_01867
Toxic,Object_04376
Toxic,Object_04589
Fragile,Object_04680
Unspecified,Object_05969
Oxidizing,Object_01353
Oxidizing,Object_06015
Corrosive,Object_04903
Fragile,Object_04647
Corrosive,Object_00982
Fragile,Object_06722
Corrosive,Object_03022
Explosive,Object_01420
Explosive,Object_01178
Explosive,Object_00443
Explosive,Object_02504
Corrosive,Object_00258
Pressurized,Object_05868
Food,Object_03633
Oxidizing,Object_07304
Toxic,Object_05131
Food,Object_00392
Food,Object_01621
Food,Object_00298
Fragile,Object_07383
Fragile,Object_01304
Toxic,Object_04932
Corrosive,Object_00222
Flammable,Object_06193
Radioactive,Object_02715
Pressurized,Object_04221
Corrosive,Object_01087
Corrosive,Object_00204
Explosive,Object_06878
Toxic,Object_03302
Radioactive,Object_00738
Radioactive,Object_07119
Flammable,Object_00274
Corrosive,Object_00866
Fragile,Object_04919
Unspecified,Object_01207
Fragile,Object_05055
Oxidizing,Object_03318
Pressurized,Object_06463
Unspecified,Object_06136
Food,Object_06578
Unspecified,Object_06324
Unspecified,Object_05274
Unspecified,Object_01833
Toxic,Object_06643
Explosive,Object_01992
Toxic,Object_06361
Fragile,Object_02549
Corrosive,Object_07290
Explosive,Object_05595
Unspecified,Object_03267
Unspecified,Object_03181
Toxic,Object_05473
Corrosive,Object_05536
Unspecified,Object_05412
Pressurized,Object_02099
Fragile,Object_04844
Fragile,Object_05436
Pressurized,Object_06704
Pressurized,Object_01808
Flammable,Object_06567
Pressurized,Object_03804
Food,Object_03012
Unspecified,Object_05038
Food,Object_06192
Food,Object_05438
Unspecified,Object_05643
Toxic,Object_07507
Food,Object_02628
Unspecified,Object_02397
Food,Object_00185
Corrosive,Object_05263
Oxidizing,Object_03137
Radioactive,Object_05052
Unspecified,Object_05064
Food,Object_07559
Explosive,Object_04885
Toxic,Object_01757
Flammable,Object_00367
Food,Object_00808
Flammable,Object_06424
Unspecified,Object_05742
Corrosive,Object_01572
Explosive,Object_02602
Fragile,Object_06510
Flammable,Object_05684
Oxidizing,Object_00328
Oxidizing,Object_06282
Food,Object_03231
Oxidizing,Object_04344
Oxidizing,Object_07329
Unspecified,Object_04564
Explosive,Object_01258
Unspecified,Object_03710
Corrosive,Object_01442
Toxic,Object_01083
Explosive,Object_04923
Explosive,Object_01625
Radioactive,Object_03419
Oxidizing,Object_06630
Fragile,Object_06032
Toxic,Object_01066
Oxidizing,Object_01926
Flammable,Object_04488
Food,Object_01802
Explosive,Object_07231
Toxic,Object_04409
Pressurized,Object_06096
Unspecified,Object_01137
Pressurized,Object_03165
Food,Object_00834
Flammable,Object_05641
Unspecified,Object_07116
Toxic,Object_00467
Flammable,Object_07506
Explosive,Object_04573
Flammable,Object_00251
Toxic,Object_03827
Pressurized,Object_02862
Pressurized,Object_00560
Unspecified,Object_03942
Unspecified,Object_04980
Oxidizing,Object_06270
Pressurized,Object_00942
Radioactive,Object_01264
Flammable,Object_05214
Food,Object_04246
Unspecified,Object_06689
Unspecified,Object_02371
Toxic,Object_05960
Food,Object_01349
Flammable,Object_02693
Oxidizing,Object_01901
Explosive,Object_07361
Explosive,Object_00181
Unspecified,Object_03614
Fragile,Object_01033
Unspecified,Object_04346
Oxidizing,Object_05172
Explosive,Object_02751
Radioactive,Object_06641
Pressurized,Object_00902
Explosive,Object_02323
Food,Object_05489
Pressurized,Object_06772
Pressurized,Object_06881
Flammable,Object_07013
Unspecified,Object_04353
Food,Object_02407
Oxidizing,Object_05323
Corrosive,Object_02735
Fragile,Object_07173
Unspecified,Object_04990
Radioactive,Object_03768
Oxidizing,Object_03623
Unspecified,Object_05691
Fragile,Object_05270
Food,Object_04962
Unspecified,Object_05833
Fragile,Object_02189
Toxic,Object_00113
Pressurized,Object_04310
Unspecified,Object_04533
Unspecified,Object_06489
Explosive,Object_00310
Toxic,Object_07242
Food,Object_01413
Oxidizing,Object_00481
Oxidizing,Object_04219
Corrosive,Object_04016
Explosive,Object_02344
Flammable,Object_00696
Explosive,Object_04318
Oxidizing,Object_01777
Fragile,Object_06979
Oxidizing,Object_01972
Corrosive,Object_00269
Explosive,Object_00759
Flammable,Object_02675
Flammable,Object_04758
Oxidizing,Object_07033
Oxidizing,Object_01488
Unspecified,Object_04861
Unspecified,Object_01582
Flammable,Object_05992
Pressurized,Object_04737
Radioactive,Object_00241
Unspecified,Object_03851
Pressurized,Object_03295
Food,Object_04972
Explosive,Object_03948
Unspecified,Object_00580
Explosive,Object_06834
Explosive,Object_01329
Corrosive,Object_01724
Explosive,Object_04284
Unspecified,Object_04957
Radioactive,Object_02057
Toxic,Object_03087
Explosive,Object_03821
Flammable,Object_01543
Pressurized,Object_02202
Explosive,Object_01615
Fragile,Object_00999
Fragile,Object_06999
Radioactive,Object_00489
Food,Object_02520
Explosive,Object_00280
Pressurized,Object_05277
Fragile,Object_07371
Toxic,Object_04878
Unspecified,Object_04781
Toxic,Object_03575
Unspecified,Object_07533
Unspecified,Object_06691
Explosive,Object_03319
Fragile,Object_00993
Unspecified,Object_01243
Food,Object_04337
Explosive,Object_00572
Flammable,Object_00796
Unspecified,Object_04309
Corrosive,Object_01026
Flammable,Object_04978
Fragile,Object_00977
Radioactive,Object_03394
Corrosive,Object_06375
Pressurized,Object_02393
Food,Object_05072
Radioactive,Object_00575
Pressurized,Object_02581
Oxidizing,Object_03208
Pressurized,Object_00124
Unspecified,Object_06238
Corrosive,Object_07042
Food,Object_02328
Corrosive,Object_03079
Radioactive,Object_04631
Radioactive,Object_01900
Explosive,Object_05303
Food,Object_00961
Explosive,Object_01269
Corrosive,Object_05036
Flammable,Object_04715
Oxidizing,Object_06785
Corrosive,Object_06231
Fragile,Object_03407
Fragile,Object_02087
Oxidizing,Object_00304
Explosive,Object_01890
Fragile,Object_02705
Flammable,Object_01467
Oxidizing,Object_01268
Explosive,Object_00139
Food,Object_06918
Pressurized,Object_07459
Flammable,Object_05396
Unspecified,Object_02263
Flammable,Object_07014
Radioactive,Object_05776
Corrosive,Object_07574
Pressurized,Object_04204
Food,Object_04722
Pressurized,Object_05967
Unspecified,Object_02360
Explosive,Object_01181
Oxidizing,Object_04500
Unspecified,Object_05169
Radioactive,Object_03762
Fragile,Object_02140
Corrosive,Object_05933
Oxidizing,Object_03404
Flammable,Object_06305
Corrosive,Object_07265
Corrosive,Object_05003
Toxic,Object_03611
Flammable,Object_02863
Explosive,Object_02883
Fragile,Object_03688
Radioactive,Object_00836
Radioactive,Object_05198
Toxic,Object_02143
Flammable,Object_02178
Corrosive,Object_03959
Explosive,Object_06941
Toxic,Object_07347
Corrosive,Object_06676
Flammable,Object_00196
Oxidizing,Object_06346
Pressurized,Object_03578
Pressurized,Object_04257
Oxidizing,Object_01306
Unspecified,Object_00953
Unspecified,Object_07281
Flammable,Object_06942
Toxic,Object_06267
Corrosive,Object_01431
Corrosive,Object_03304
Fragile,Object_01558
Pressurized,Object_05357
Explosive,Object_05514
Corrosive,Object_05341
Fragile,Object_05118
Oxidizing,Object_04133
Fragile,Object_04267
Flammable,Object_03306
Radioactive,Object_00085
Oxidizing,Object_02122
Toxic,Object_05259
Explosive,Object_05987
Fragile,Object_04640
Radioactive,Object_06218
Unspecified,Object_05809
Flammable,Object_02807
Unspecified,Object_03567
Unspecified,Object_06087
Toxic,Object_01141
Pressurized,Object_05149
Oxidizing,Object_04010
Flammable,Object_06376
Flammable,Object_02830
Explosive,Object_00901
Toxic,Object_01604
Unspecified,Object_07257
Pressurized,Object_04412
Flammable,Object_05510
Pressurized,Object_06532
Unspecified,Object_01655
Food,Object_05075
Food,Object_02072
Explosive,Object_04142
Food,Object_03906
Corrosive,Object_00114
Fragile,Object_06818
Explosive,Object_04927
Pressurized,Object_02642
Fragile,Object_03843
Fragile,Object_00400
Radioactive,Object_02584
Radioactive,Object_06377
Flammable,Object_05656
Toxic,Object_01065
Radioactive,Object_06332
Pressurized,Object_02113
Radioactive,Object_04855
Flammable,Object_01693
Explosive,Object_05671
Radioactive,Object_05158
Fragile,Object_05736
Radioactive,Object_06233
Radioactive,Object_04914
Pressurized,Object_04920
Radioactive,Object_07103
Unspecified,Object_05208
Radioactive,Object_07172
Explosive,Object_04322
Food,Object_04261
Oxidizing,Object_07266
Corrosive,Object_04135
Oxidizing,Object_02619
Toxic,Object_02060
Flammable,Object_03448
Toxic,Object_04797
Food,Object_07263
Flammable,Object_02298
Flammable,Object_00838
Oxidizing,Object_03284
Flammable,Object_05681
Radioactive,Object_04933
Explosive,Object_06326
Corrosive,Object_01085
Pressurized,Object_04865
Explosive,Object_00619
Pressurized,Object_04068
Food,Object_07287
Oxidizing,Object_04111
Unspecified,Object_03168
Corrosive,Object_04281
Fragile,Object_00486
Oxidizing,Object_00007
Unspecified,Object_03699
Corrosive,Object_06581
Unspecified,Object_07274
Explosive,Object_05545
Toxic,Object_05479
Oxidizing,Object_01785
Radioactive,Object_07089
Radioactive,Object_04602
Pressurized,Object_01855
Unspecified,Object_04608
Fragile,Object_04911
Oxidizing,Object_03850
Explosive,Object_00675
Pressurized,Object_03241
Pressurized,Object_03625
Fragile,Object_03358
Flammable,Object_04725
Explosive,Object_00154
Oxidizing,Object_03983
Fragile,Object_01701
Food,Object_04078
Explosive,Object_04609
Fragile,Object_02349
Unspecified,Object_04306
Oxidizing,Object_02192
Oxidizing,Object_00137
Corrosive,Object_00487
Oxidizing,Object_06152
Food,Object_00159
Unspecified,Object_03493
Food,Object_04216
Oxidizing,Object_05286
Oxidizing,Object_00512
Oxidizing,Object_02396
Unspecified,Object_00651
Fragile,Object_02343
Flammable,Object_01477
Food,Object_00092
Flammable,Object_01048
Flammable,Object_04937
Oxidizing,Object_03831
Fragile,Object_06338
Oxidizing,Object_03275
Corrosive,Object_01356
Food,Object_06917
Food,Object_06389
Pressurized,Object_06779
Pressurized,Object_00330
Fragile,Object_03169
Toxic,Object_07064
Pressurized,Object_01227
Food,Object_01016
Toxic,Object_03769
Corrosive,Object_07273
Food,Object_02330
Flammable,Object_02320
Oxidizing,Object_01199
Pressurized,Object_03513
Unspecified,Object_05517
Oxidizing,Object_00934
Unspecified,Object_07396
Corrosive,Object_01098
Radioactive,Object_07208
Radioactive,Object_05522
Pressurized,Object_01259
Fragile,Object_00960
Corrosive,Object_01515
Flammable,Object_05729
Pressurized,Object_00232
Oxidizing,Object_04342
Corrosive,Object_03742
Flammable,Object_07462
Radioactive,Object_02239
Unspecified,Object_00936
Radioactive,Object_04893
Radioactive,Object_05566
Radioactive,Object_05901
Fragile,Object_00814
Oxidizing,Object_03545
Oxidizing,Object_05132
Toxic,Object_05922
Explosive,Object_06365
Toxic,Object_04641
Pressurized,Object_07233
Flammable,Object_06017
Toxic,Object_04009
Radioactive,Object_05947
Unspecified,Object_03910
Food,Object_07022
Food,Object_05879
Toxic,Object_04834
Corrosive,Object_00111
Pressurized,Object_03579
Pressurized,Object_01863
Pressurized,Object_06147
Unspecified,Object_04110
Radioactive,Object_01204
Oxidizing,Object_02833
Pressurized,Object_07428
Corrosive,Object_01459
Radioactive,Object_00520
Explosive,Object_01589
Radioactive,Object_00459
Fragile,Object_06719
Pressurized,Object_00740
Flammable,Object_07306
Flammable,Object_02112
Fragile,Object_02218
Food,Object_02864
Food,Object_06022
Flammable,Object_04301
Flammable,Object_03132
Food,Object_01412
Flammable,Object_06122
Corrosive,Object_00233
Flammable,Object_05040
Unspecified,Object_05614
Flammable,Object_07235
Unspecified,Object_06436
Corrosive,Object_02894
Pressurized,Object_06943
Pressurized,Object_06864
Explosive,Object_00283
Toxic,Object_05843
Radioactive,Object_05759
Food,Object_06453
Toxic,Object_04368
Fragile,Object_07049
Food,Object_06802
Oxidizing,Object_05215
Food,Object_02731
Unspecified,Object_05372
Fragile,Object_04186
Fragile,Object_01144
Fragile,Object_01216
Toxic,Object_04519
Oxidizing,Object_01513
Radioactive,Object_02702
Pressurized,Object_01434
Fragile,Object_00653
Oxidizing,Object_05539
Pressurized,Object_05234
Flammable,Object_04882
Pressurized,Object_04617
Food,Object_01142
Toxic,Object_00584
Food,Object_01766
Food,Object_02565
Unspecified,Object_06191
Radioactive,Object_00021
Fragile,Object_03332
Flammable,Object_06654
Radioactive,Object_00547
Fragile,Object_04308
Toxic,Object_01664
Food,Object_00692
Toxic,Object_03900
Oxidizing,Object_03720
Pressurized,Object_06119
Oxidizing,Object_03174
Unspecified,Object_02465
Food,Object_00255
Pressurized,Object_02106
Oxidizing,Object_03178
Oxidizing,Object_06285
Explosive,Object_06297
Pressurized,Object_06529
Corrosive,Object_06007
Explosive,Object_02185
Pressurized,Object_02688
Food,Object_03427
Pressurized,Object_01172
Fragile,Object_05313
Flammable,Object_00832
Explosive,Object_01313
Pressurized,Object_07473
Oxidizing,Object_01700
Unspecified,Object_06907
Pressurized,Object_05157
Unspecified,Object_01056
Explosive,Object_05587
Toxic,Object_04388
Flammable,Object_03200
Fragile,Object_04961
Explosive,Object_06364
Radioactive,Object_00551
Pressurized,Object_07207
Flammable,Object_04162
Oxidizing,Object_02032
Fragile,Object_06167
Oxidizing,Object_03930
Flammable,Object_03110
Radioactive,Object_03163
Toxic,Object_07458
Flammable,Object_05813
Unspecified,Object_01361
Fragile,Object_03845
Explosive,Object_07525
Toxic,Object_00621
Pressurized,Object_03654
Radioactive,Object_03526
Toxic,Object_04838
Food,Object_04943
Corrosive,Object_07317
Corrosive,Object_01761
Explosive,Object_03667
Corrosive,Object_00946
Explosive,Object_06827
Toxic,Object_05674
Corrosive,Object_02669
Toxic,Object_05920
Toxic,Object_00693
Corrosive,Object_05376
Flammable,Object_02901
Radioactive,Object_06848
Unspecified,Object_07126
Radioactive,Object_06770
Fragile,Object_02951
Pressurized,Object_00984
Corrosive,Object_06816
Fragile,Object_01835
Unspecified,Object_01153
Radioactive,Object_03551
Oxidizing,Object_05060
Unspecified,Object_06825
Toxic,Object_05487
Oxidizing,Object_01986
Food,Object_04290
Corrosive,Object_00620
Toxic,Object_06398
Fragile,Object_01535
Flammable,Object_01865
Oxidizing,Object_03828
Explosive,Object_07424
Food,Object_01402
Unspecified,Object_01902
Corrosive,Object_03789
Toxic,Object_01601
Fragile,Object_07569
Fragile,Object_01752
Flammable,Object_07202
Food,Object_05390
Unspecified,Object_01260
Food,Object_02428
Oxidizing,Object_06056
Fragile,Object_07272
Toxic,Object_06174
Corrosive,Object_06153
Food,Object_00446
Fragile,Object_05205
Toxic,Object_05265
Pressurized,Object_03127
Food,Object_01140
Radioactive,Object_06204
Toxic,Object_00507
Radioactive,Object_06715
Corrosive,Object_07228
Radioactive,Object_06466
Unspecified,Object_06242
Radioactive,Object_02796
Toxic,Object_00318
Food,Object_05186
Fragile,Object_01983
Explosive,Object_03777
Explosive,Object_04736
Radioactive,Object_00006
Explosive,Object_00711
Toxic,Object_01565
Fragile,Object_00422
Corrosive,Object_02121
Food,Object_05914
Fragile,Object_02172
Unspecified,Object_05890
Fragile,Object_03141
Flammable,Object_00034
Pressurized,Object_04630
Explosive,Object_01138
Radioactive,Object_01202
Pressurized,Object_02572
Unspecified,Object_05025
Radioactive,Object_07497
Flammable,Object_06053
Fragile,Object_03312
Fragile,Object_06634
Pressurized,Object_04529
Explosive,Object_06214
Unspecified,Object_06611
Flammable,Object_06025
Radioactive,Object_00864
Corrosive,Object_06982
Food,Object_06354
Fragile,Object_01322
Food,Object_05006
Unspecified,Object_00749
Corrosive,Object_06126
Explosive,Object_04105
Explosive,Object_00473
Toxic,Object_01064
Fragile,Object_04575
Pressurized,Object_03561
Radioactive,Object_05320
Flammable,Object_03788
Explosive,Object_03756
Explosive,Object_04804
Corrosive,Object_01607
Fragile,Object_03167
Toxic,Object_06761
Oxidizing,Object_02694
Toxic,Object_02653
Fragile,Object_07026
Food,Object_00439
Explosive,Object_02374
Fragile,Object_05777
Radioactive,Object_03953
Explosive,Object_01635
Fragile,Object_02920
Pressurized,Object_01160
Unspecified,Object_04526
Food,Object_01675
Oxidizing,Object_01368
Fragile,Object_07278
Radioactive,Object_04773
Pressurized,Object_02971
Explosive,Object_05050
Radioactive,Object_02709
Toxic,Object_01563
Radioactive,Object_07220
Toxic,Object_02929
Food,Object_05688
Explosive,Object_05058
Unspecified,Object_02561
Pressurized,Object_01438
Food,Object_01541
Toxic,Object_00987
Pressurized,Object_07425
Toxic,Object_05570
Radioactive,Object_06403
Corrosive,Object_00497
Pressurized,Object_02673
Flammable,Object_00242
Food,Object_01546
Corrosive,Object_02362
Corrosive,Object_05383
Flammable,Object_01608
Food,Object_07010
Unspecified,Object_05638
Explosive,Object_01406
Food,Object_00913
Corrosive,Object_02698
Corrosive,Object_03929
Toxic,Object_00822
Pressurized,Object_06756
Radioactive,Object_01732
Corrosive,Object_01923
Food,Object_03737
Oxidizing,Object_03449
Pressurized,Object_06116
Flammable,Object_07439
Unspecified,Object_03527
Pressurized,Object_07549
Food,Object_03559
Food,Object_03629
Pressurized,Object_03431
Food,Object_04858
Radioactive,Object_05202
Flammable,Object_01636
Toxic,Object_06872
Radioactive,Object_02414
Explosive,Object_03994
Fragile,Object_05235
Corrosive,Object_04226
Toxic,Object_04311
Oxidizing,Object_06300
Corrosive,Object_07113
Radioactive,Object_06579
Toxic,Object_03511
Corrosive,Object_05506
Unspecified,Object_06961
Food,Object_07427
Flammable,Object_07449
Oxidizing,Object_04921
Corrosive,Object_05092
Corrosive,Object_01988
Corrosive,Object_04154
Fragile,Object_07187
Food,Object_04938
Oxidizing,Object_02327
Flammable,Object_00286
Explosive,Object_01714
Flammable,Object_06912
Explosive,Object_04567
Toxic,Object_06433
Flammable,Object_04123
Pressurized,Object_05552
Radioactive,Object_05866
Explosive,Object_02947
Food,Object_02214
Explosive,Object_00501
Toxic,Object_02765
Pressurized,Object_03508
Oxidizing,Object_02585
Food,Object_02377
Fragile,Object_03092
Food,Object_01583
Food,Object_05563
Toxic,Object_06405
Oxidizing,Object_03468
Pressurized,Object_07012
Flammable,Object_05919
Toxic,Object_02893
Fragile,Object_04949
Unspecified,Object_06911
Fragile,Object_00608
Toxic,Object_07444
Unspecified,Object_00409
Flammable,Object_07000
Radioactive,Object_01067
Food,Object_02969
Explosive,Object_02162
Food,Object_04898
Unspecified,Object_01352
Explosive,Object_06247
Explosive,Object_00753
Toxic,Object_01326
Unspecified,Object_01375
Radioactive,Object_03440
Unspecified,Object_04874
Fragile,Object_02859
Flammable,Object_03693
Unspecified,Object_00911
Fragile,Object_01706
Radioactive,Object_04531
Corrosive,Object_04551
Food,Object_07190
Oxidizing,Object_01359
Radioactive,Object_00591
Corrosive,Object_06692
Flammable,Object_04215
Corrosive,Object_04939
Fragile,Object_06809
Unspecified,Object_03668
Radioactive,Object_00228
Oxidizing,Object_02522
Oxidizing,Object_02305
Explosive,Object_05818
Explosive,Object_01939
Corrosive,Object_03690
Unspecified,Object_02451
Food,Object_00851
Flammable,Object_04593
Unspecified,Object_01095
Food,Object_06112
Radioactive,Object_04316
Pressurized,Object_03222
Corrosive,Object_01256
Explosive,Object_03773
Flammable,Object_05601
Pressurized,Object_06235
Radioactive,Object_00829
Radioactive,Object_02049
Corrosive,Object_01484
Pressurized,Object_03197
Food,Object_04124
Toxic,Object_07374
Corrosive,Object_04264
Food,Object_00502
Corrosive,Object_03637
Pressurized,Object_01284
Toxic,Object_01497
Fragile,Object_07307
Toxic,Object_03032
Toxic,Object_06624
Food,Object_05585
Pressurized,Object_06104
Oxidizing,Object_05444
Unspecified,Object_06830
Corrosive,Object_04224
Explosive,Object_02953
Radioactive,Object_04159
Explosive,Object_02341
Toxic,Object_05388
Fragile,Object_07411
Flammable,Object_04375
Pressurized,Object_01043
Food,Object_02148
Toxic,Object_05480
Explosive,Object_04550
Toxic,Object_04235
Fragile,Object_00805
Food,Object_06780
Corrosive,Object_06477
Oxidizing,Object_05835
Pressurized,Object_05304
Corrosive,Object_04327
Oxidizing,Object_02248
Unspecified,Object_04307
Pressurized,Object_01914
Oxidizing,Object_00660
Corrosive,Object_07169
Pressurized,Object_06905
Food,Object_00568
Food,Object_01242
Toxic,Object_02660
Radioactive,Object_07305
Fragile,Object_00141
Pressurized,Object_07244
Corrosive,Object_07409
Oxidizing,Object_02302
Explosive,Object_05153
Oxidizing,Object_06146
Food,Object_03558
Oxidizing,Object_01101
Food,Object_05743
Radioactive,Object_02539
Fragile,Object_05302
Unspecified,Object_07338
Unspecified,Object_05195
Corrosive,Object_06957
Explosive,Object_01475
Corrosive,Object_03213
Oxidizing,Object_03365
Unspecified,Object_05104
Fragile,Object_00727
Food,Object_03967
Radioactive,Object_07599
Food,Object_01156
Flammable,Object_05424
Flammable,Object_06299
Fragile,Object_00404
Unspecified,Object_01788
Pressurized,Object_04583
Radioactive,Object_02638
Flammable,Object_05168
Unspecified,Object_03367
Explosive,Object_03562
Fragile,Object_05858
Corrosive,Object_01736
Fragile,Object_03645
Flammable,Object_02814
Pressurized,Object_06038
Toxic,Object_07481
Food,Object_04819
Food,Object_06360
Explosive,Object_04177
Food,Object_06677
Flammable,Object_07106
Unspecified,Object_03460
Corrosive,Object_06560
Flammable,Object_04675
Explosive,Object_05007
Pressurized,Object_07040
Fragile,Object_04007
Explosive,Object_07358
Flammable,Object_03473
Flammable,Object_05147
Fragile,Object_00436
Food,Object_01794
Corrosive,Object_07193
Corrosive,Object_03026
Flammable,Object_05477
Toxic,Object_03217
Explosive,Object_01970
Oxidizing,Object_03269
Pressurized,Object_06707
Corrosive,Object_03501
Oxidizing,Object_01620
Corrosive,Object_03996
Toxic,Object_05451
Radioactive,Object_03655
Explosive,Object_01807
Food,Object_05687
Corrosive,Object_07505
Radioactive,Object_01224
Fragile,Object_03149
Fragile,Object_04975
Oxidizing,Object_00089
Corrosive,Object_03218
Flammable,Object_02944
Food,Object_01883
Oxidizing,Object_00713
Toxic,Object_03649
Oxidizing,Object_01385
Corrosive,Object_03563
Corrosive,Object_05711
Pressurized,Object_03894
Fragile,Object_02370
Flammable,Object_01624
Pressurized,Object_01296
Flammable,Object_05730
Unspecified,Object_01721
Toxic,Object_02654
Pressurized,Object_03150
Oxidizing,Object_01848
Fragile,Object_03402
Oxidizing,Object_07124
Pressurized,Object_04772
Food,Object_01690
Toxic,Object_07352
Oxidizing,Object_06095
Unspecified,Object_01321
Toxic,Object_06678
Radioactive,Object_02512
Toxic,Object_01478
Corrosive,Object_02925
Explosive,Object_07513
Oxidizing,Object_00093
Toxic,Object_04459
Food,Object_06745
Fragile,Object_02907
Fragile,Object_06556
Oxidizing,Object_04730
Radioactive,Object_06042
Pressurized,Object_03543
Toxic,Object_01287
Fragile,Object_01633
Pressurized,Object_03746
Unspecified,Object_04527
Flammable,Object_03495
Explosive,Object_03780
Toxic,Object_01421
Food,Object_06623
Oxidizing,Object_07050
Fragile,Object_04259
Corrosive,Object_06963
Fragile,Object_02437
Fragile,Object_06671
Toxic,Object_01299
Food,Object_07328
Unspecified,Object_00066
Unspecified,Object_06710
Toxic,Object_01846
Radioactive,Object_03754
Corrosive,Object_02434
Food,Object_05648
Corrosive,Object_06151
Food,Object_04496
Fragile,Object_04798
Corrosive,Object_07175
Unspecified,Object_03952
Flammable,Object_02379
Food,Object_02329
Pressurized,Object_01441
Food,Object_05564
Pressurized,Object_01831
Radioactive,Object_01668
Toxic,Object_02146
Explosive,Object_04116
Unspecified,Object_01703
Pressurized,Object_02567
Toxic,Object_06143
Radioactive,Object_01147
Toxic,Object_04516
Unspecified,Object_02664
Unspecified,Object_06425
Food,Object_03874
Food,Object_07336
Flammable,Object_06903
Pressurized,Object_04087
Oxidizing,Object_06155
Radioactive,Object_00420
Corrosive,Object_05087
Oxidizing,Object_01618
Explosive,Object_02515
Pressurized,Object_00096
Oxidizing,Object_07536
Radioactive,Object_06858
Pressurized,Object_01019
Pressurized,Object_01538
Radioactive,Object_04863
Explosive,Object_05747
Radioactive,Object_07303
Radioactive,Object_03340
Explosive,Object_05107
Food,Object_03759
Unspecified,Object_02439
Explosive,Object_02301
Fragile,Object_04566
Toxic,Object_00061
Explosive,Object_04101
Radioactive,Object_06172
Radioactive,Object_01728
Toxic,Object_03343
Flammable,Object_05512
Oxidizing,Object_04800
Toxic,Object_03509
Flammable,Object_07410
Toxic,Object_06988
Toxic,Object_04945
Oxidizing,Object_02875
Corrosive,Object_00640
Flammable,Object_03484
Oxidizing,Object_03247
Unspecified,Object_04521
Flammable,Object_04223
Pressurized,Object_05631
Food,Object_02225
Oxidizing,Object_03462
Corrosive,Object_00057
Pressurized,Object_04848
Corrosive,Object_03852
Fragile,Object_00764
Food,Object_03824
Toxic,Object_06516
Corrosive,Object_03594
Oxidizing,Object_01255
Oxidizing,Object_00277
Oxidizing,Object_01046
Fragile,Object_04852
Pressurized,Object_00380
Food,Object_00556
Oxidizing,Object_01933
Flammable,Object_00622
Food,Object_01978
Toxic,Object_07547
Toxic,Object_03919
Toxic,Object_00506
Corrosive,Object_03207
Oxidizing,Object_05580
Toxic,Object_04407
Explosive,Object_00618
Fragile,Object_02986
Food,Object_07156
Radioactive,Object_07041
Corrosive,Object_01254
Toxic,Object_06021
Toxic,Object_04492
Explosive,Object_03212
Corrosive,Object_05305
Unspecified,Object_02980
Flammable,Object_03043
Explosive,Object_04291
Toxic,Object_05598
Unspecified,Object_04417
Pressurized,Object_00519
Corrosive,Object_01063
Food,Object_01157
Fragile,Object_04856
Oxidizing,Object_02600
Food,Object_00813
Unspecified,Object_02321
Radioactive,Object_00631
Pressurized,Object_00193
Oxidizing,Object_03268
Flammable,Object_07530
Flammable,Object_06791
Fragile,Object_04174
Explosive,Object_06236
Toxic,Object_04369
Flammable,Object_02264
Flammable,Object_01619
Flammable,Object_02335
Food,Object_06149
Corrosive,Object_04616
Food,Object_01891
Flammable,Object_06128
Radioactive,Object_02674
Explosive,Object_02690
Corrosive,Object_03651
Flammable,Object_00564
Corrosive,Object_01279
Explosive,Object_01155
Oxidizing,Object_01239
Corrosive,Object_03406
Corrosive,Object_01519
Radioactive,Object_05359
Pressurized,Object_01909
Pressurized,Object_03659
Unspecified,Object_05772
Toxic,Object_01561
Pressurized,Object_03461
Pressurized,Object_04644
Corrosive,Object_00972
Pressurized,Object_00907
Corrosive,Object_00768
Food,Object_01686
Unspecified,Object_07423
Fragile,Object_06457
Radioactive,Object_05938
Oxidizing,Object_00462
Explosive,Object_00385
Toxic,Object_02604
Food,Object_01069
Unspecified,Object_04826
Flammable,Object_00011
Unspecified,Object_01126
Oxidizing,Object_07268
Radioactive,Object_06939
Pressurized,Object_02476
Toxic,Object_04452
Unspecified,Object_03258
Pressurized,Object_01669
Explosive,Object_02842
Corrosive,Object_02610
Corrosive,Object_02223
Explosive,Object_03960
Unspecified,Object_06496
Oxidizing,Object_04199
Flammable,Object_06747
Fragile,Object_03682
Radioactive,Object_05923
Oxidizing,Object_06536
Radioactive,Object_07495
Flammable,Object_02768
Corrosive,Object_05737
Flammable,Object_06874
Explosive,Object_04679
Flammable,Object_00500
Oxidizing,Object_03355
Fragile,Object_06706
Radioactive,Object_01028
Fragile,Object_02745
Explosive,Object_02850
Unspecified,Object_06115
Food,Object_03880
Explosive,Object_05613
Oxidizing,Object_03199
Fragile,Object_04705
Oxidizing,Object_05312
Oxidizing,Object_00276
Fragile,Object_06412
Flammable,Object_00669
Oxidizing,Object_04530
Radioactive,Object_00583
Explosive,Object_02564
Oxidizing,Object_03979
Flammable,Object_02406
Flammable,Object_02394
Toxic,Object_01836
Corrosive,Object_01666
Pressurized,Object_00157
Corrosive,Object_04504
Fragile,Object_06203
Radioactive,Object_03153
Pressurized,Object_06024
Food,Object_02566
Toxic,Object_07276
Flammable,Object_04090
Flammable,Object_01873
Corrosive,Object_00398
Radioactive,Object_04373
Flammable,Object_02134
Pressurized,Object_05447
Food,Object_05190
Radioactive,Object_02353
Explosive,Object_04173
Pressurized,Object_00435
Fragile,Object_07245
Pressurized,Object_05921
Food,Object_02205
Pressurized,Object_03533
Flammable,Object_00949
Fragile,Object_00627
Pressurized,Object_00541
Food,Object_05015
Radioactive,Object_00737
Flammable,Object_05838
Fragile,Object_07414
Oxidizing,Object_06947
Toxic,Object_04396
Toxic,Object_03148
Toxic,Object_01903
Explosive,Object_07404
Unspecified,Object_01013
Corrosive,Object_05230
Oxidizing,Object_01474
Flammable,Object_04424
Fragile,Object_03978
Toxic,Object_05318
Explosive,Object_04544
Flammable,Object_07563
Radioactive,Object_04263
Flammable,Object_01252
Unspecified,Object_03593
Radioactive,Object_00667
Food,Object_04746
Flammable,Object_04406
Oxidizing,Object_07394
Corrosive,Object_07070
Fragile,Object_01756
Corrosive,Object_06350
Fragile,Object_00975
Food,Object_07585
Flammable,Object_01878
Toxic,Object_03114
Food,Object_03764
Fragile,Object_06549
Pressurized,Object_04643
Flammable,Object_02958
Pressurized,Object_03481
Fragile,Object_05279
Fragile,Object_00238
Explosive,Object_03885
Oxidizing,Object_04493
Explosive,Object_04660
Explosive,Object_07571
Food,Object_02076
Corrosive,Object_01814
Oxidizing,Object_07215
Fragile,Object_06208
Explosive,Object_05503
Explosive,Object_01253
Pressurized,Object_06968
Fragile,Object_05710
Corrosive,Object_00097
Unspecified,Object_00830
Corrosive,Object_03300
Explosive,Object_03502
Fragile,Object_00391
Food,Object_02126
Toxic,Object_01090
Toxic,Object_01472
Toxic,Object_00973
Pressurized,Object_05440
Unspecified,Object_01800
Radioactive,Object_00013
Pressurized,Object_00750
Explosive,Object_04476
Unspecified,Object_03301
Unspecified,Object_06058
Corrosive,Object_03808
Explosive,Object_00992
Fragile,Object_03639
Fragile,Object_06327
Food,Object_06458
Food,Object_05608
Explosive,Object_01052
Explosive,Object_01723
Radioactive,Object_06010
Oxidizing,Object_00235
Unspecified,Object_00421
Flammable,Object_02154
Fragile,Object_04828
Oxidizing,Object_03349
Oxidizing,Object_00741
Unspecified,Object_06180
Unspecified,Object_06123
Fragile,Object_06714
Pressurized,Object_04970
Radioactive,Object_04397
Food,Object_00127
Flammable,Object_07253
Corrosive,Object_04777
Food,Object_00094
Fragile,Object_02251
Unspecified,Object_01213
Food,Object_03021
Unspecified,Object_00199
Flammable,Object_07335
Corrosive,Object_04044
Corrosive,Object_05610
Unspecified,Object_00920
Explosive,Object_02170
Fragile,Object_05459
Pressurized,Object_04410
Corrosive,Object_01111
Radioactive,Object_06438
Unspecified,Object_07418
Flammable,Object_01980
Fragile,Object_06904
Fragile,Object_01297
Pressurized,Object_02794
Toxic,Object_01915
Radioactive,Object_04947
Toxic,Object_04585
Flammable,Object_00136
Oxidizing,Object_06924
Pressurized,Object_02139
Explosive,Object_01285
Radioactive,Object_06794
Explosive,Object_07006
Oxidizing,Object_02408
Oxidizing,Object_03055
Flammable,Object_04362
Flammable,Object_06162
Oxidizing,Object_07315
Toxic,Object_05816
Corrosive,Object_00725
Food,Object_00798
Radioactive,Object_07351
Food,Object_01951
Explosive,Object_02310
Corrosive,Object_02557
Corrosive,Object_05834
Radioactive,Object_05469
Corrosive,Object_02471
Flammable,Object_00674
Unspecified,Object_02136
Pressurized,Object_01579
Toxic,Object_05792
Flammable,Object_01840
Food,Object_00308
Toxic,Object_01884
Pressurized,Object_05448
Explosive,Object_02889
Fragile,Object_00825
Toxic,Object_05665
Radioactive,Object_00956
Corrosive,Object_04666
Fragile,Object_02275
Pressurized,Object_02252
Food,Object_01771
Radioactive,Object_03524
Explosive,Object_05189
Flammable,Object_04296
Pressurized,Object_01830
Pressurized,Object_06337
Pressurized,Object_03839
Toxic,Object_05524
Oxidizing,Object_04130
Flammable,Object_07593
Fragile,Object_05644
Explosive,Object_00044
Unspecified,Object_02431
Oxidizing,Object_01263
Unspecified,Object_01416
Pressurized,Object_06921
Flammable,Object_01096
Toxic,Object_02633
Explosive,Object_07419
Fragile,Object_03254
Food,Object_07140
Corrosive,Object_00728
Oxidizing,Object_07482
Unspecified,Object_06229
Pressurized,Object_06582
Radioactive,Object_00748
Toxic,Object_02935
Fragile,Object_02279
Fragile,Object_04695
Unspecified,Object_04385
Unspecified,Object_03731
Fragile,Object_05848
Pressurized,Object_00908
Food,Object_06639
Radioactive,Object_04240
Unspecified,Object_03162
Food,Object_04686
Food,Object_06447
Fragile,Object_02412
Oxidizing,Object_04428
Oxidizing,Object_04991
Pressurized,Object_03116
Unspecified,Object_01030
Oxidizing,Object_03998
Radioactive,Object_06431
Flammable,Object_06854
Fragile,Object_05831
Corrosive,Object_03488
Pressurized,Object_06495
Radioactive,Object_02524
Toxic,Object_02778
Oxidizing,Object_01292
Radioactive,Object_03390
Oxidizing,Object_01779
Flammable,Object_05160
Pressurized,Object_02174
Toxic,Object_00664
Explosive,Object_06023
Corrosive,Object_06667
Radioactive,Object_05346
Fragile,Object_06461
Radioactive,Object_01573
Corrosive,Object_01712
Flammable,Object_03252
Unspecified,Object_00371
Corrosive,Object_03794
Explosive,Object_02594
Pressurized,Object_06426
Flammable,Object_05607
Corrosive,Object_05870
Food,Object_01799
Flammable,Object_02795
Unspecified,Object_04064
Explosive,Object_00429
Unspecified,Object_00478
Corrosive,Object_04059
Explosive,Object_04080
Unspecified,Object_05997
Food,Object_05559
Fragile,Object_01805
Explosive,Object_05634
Explosive,Object_01127
Food,Object_00815
Corrosive,Object_06765
Fragile,Object_05696
Corrosive,Object_02009
Corrosive,Object_00389
Explosive,Object_00612
Food,Object_03719
Fragile,Object_01769
Flammable,Object_06080
Toxic,Object_02996
Pressurized,Object_01226
Radioactive,Object_01767
Food,Object_02865
Unspecified,Object_07582
Fragile,Object_00403
Explosive,Object_07421
Pressurized,Object_07344
Unspecified,Object_02389
Corrosive,Object_04726
Flammable,Object_06812
Toxic,Object_04811
Flammable,Object_02282
Toxic,Object_04418
Fragile,Object_05731
Radioactive,Object_00504
Food,Object_05669
Unspecified,Object_00198
Food,Object_06564
Radioactive,Object_07018
Explosive,Object_02391
Toxic,Object_07164
Pressurized,Object_04999
Radioactive,Object_05909
Pressurized,Object_07160
Explosive,Object_07297
Fragile,Object_02196
Toxic,Object_06109
Pressurized,Object_06820
Flammable,Object_03516
Oxidizing,Object_06632
Toxic,Object_00252
Oxidizing,Object_05077
Corrosive,Object_00267
Flammable,Object_06303
Toxic,Object_05122
Radioactive,Object_04973
Explosive,Object_00954
Oxidizing,Object_03204
Radioactive,Object_02224
Flammable,Object_01267
Radioactive,Object_05762
Flammable,Object_05540
Toxic,Object_07137
Toxic,Object_05851
Explosive,Object_05905
Oxidizing,Object_02063
Unspecified,Object_02550
Unspecified,Object_01276
Corrosive,Object_03873
Pressurized,Object_00022
Unspecified,Object_06220
Unspecified,Object_00577
Oxidizing,Object_04497
Oxidizing,Object_01786
Toxic,Object_00498
Unspecified,Object_02315
Corrosive,Object_03565
Flammable,Object_06291
Unspecified,Object_00732
Fragile,Object_06464
Pressurized,Object_01162
Toxic,Object_02635
Unspecified,Object_01114
Oxidizing,Object_04015
Oxidizing,Object_07455
Food,Object_05070
Explosive,Object_07073
Toxic,Object_03902
Oxidizing,Object_01577
Corrosive,Object_02719
Toxic,Object_07092
Food,Object_05297
Pressurized,Object_04549
Unspecified,Object_03378
Oxidizing,Object_05541
Toxic,Object_02828
Corrosive,Object_01124
Flammable,Object_04035
Radioactive,Object_03670
Corrosive,Object_04796
Food,Object_05697
Explosive,Object_03958
Explosive,Object_03193
Fragile,Object_06591
Explosive,Object_01113
Food,Object_07393
Food,Object_01392
Fragile,Object_01024
Explosive,Object_06443
Unspecified,Object_05646
Unspecified,Object_03871
Corrosive,Object_03784
Radioactive,Object_05193
Explosive,Object_06243
Explosive,Object_00777
Pressurized,Object_03663
Fragile,Object_02552
Fragile,Object_02477
Oxidizing,Object_06182
Fragile,Object_02611
Unspecified,Object_07362
Flammable,Object_05337
Explosive,Object_01446
Oxidizing,Object_06154
Flammable,Object_03180
Radioactive,Object_06246
Corrosive,Object_06108
Explosive,Object_00225
Toxic,Object_01648
Food,Object_02834
Corrosive,Object_02946
Radioactive,Object_02984
Food,Object_00002
Fragile,Object_06993
Explosive,Object_02755
Food,Object_04118
Oxidizing,Object_00806
Fragile,Object_01845
Radioactive,Object_06617
Oxidizing,Object_04824
Explosive,Object_00965
Food,Object_07016
Food,Object_03379
Unspecified,Object_03283
Corrosive,Object_01932
Fragile,Object_05765
Fragile,Object_04335
Radioactive,Object_04283
Explosive,Object_02952
Unspecified,Object_07286
Pressurized,Object_02167
Corrosive,Object_01295
Pressurized,Object_01990
Oxidizing,Object_01453
Radioactive,Object_03083
Radioactive,Object_03064
Corrosive,Object_00190
Flammable,Object_04681
Flammable,Object_06439
Fragile,Object_03255
Toxic,Object_07240
Flammable,Object_00488
Unspecified,Object_05001
Fragile,Object_03085
Explosive,Object_02821
Oxidizing,Object_02973
Pressurized,Object_03965
Radioactive,Object_06205
Fragile,Object_05266
Pressurized,Object_00071
Pressurized,Object_01118
Explosive,Object_02071
Radioactive,Object_06663
Toxic,Object_00433
Radioactive,Object_00221
Fragile,Object_06640
Unspecified,Object_00890
Oxidizing,Object_07316
Corrosive,Object_02548
Unspecified,Object_03841
Pressurized,Object_05683
Oxidizing,Object_04807
Corrosive,Object_07378
Toxic,Object_00794
Food,Object_02066
Flammable,Object_01289
Corrosive,Object_06695
Flammable,Object_06800
Corrosive,Object_01958
Pressurized,Object_05174
Corrosive,Object_00617
Radioactive,Object_02576
Flammable,Object_01552
Pressurized,Object_01164
Explosive,Object_00804
Toxic,Object_06983
Food,Object_06762
Flammable,Object_05695
Flammable,Object_01387
Radioactive,Object_07053
Oxidizing,Object_04793
Unspecified,Object_06422
Radioactive,Object_06547
Flammable,Object_00032
Corrosive,Object_03380
Flammable,Object_06125
Explosive,Object_03598
Fragile,Object_00518
Fragile,Object_05293
Food,Object_00176
Unspecified,Object_05872
Oxidizing,Object_03945
Pressurized,Object_05162
Pressurized,Object_03991
Unspecified,Object_03583
Oxidizing,Object_00106
Flammable,Object_01576
Explosive,Object_06926
Flammable,Object_01838
Oxidizing,Object_02871
Oxidizing,Object_04438
Radioactive,Object_04565
Food,Object_03863
Pressurized,Object_04603
Food,Object_05575
Corrosive,Object_05856
Toxic,Object_02149
Toxic,Object_00978
Explosive,Object_01050
Radioactive,Object_04465
Pressurized,Object_05439
Oxidizing,Object_00423
Corrosive,Object_07181
Oxidizing,Object_00833
Toxic,Object_01500
Oxidizing,Object_01407
Unspecified,Object_05917
Food,Object_02105
Explosive,Object_00877
Oxidizing,Object_06384
Unspecified,Object_05940
Fragile,Object_01377
Explosive,Object_04096
Pressurized,Object_07590
Toxic,Object_03494
Corrosive,Object_04842
Food,Object_05089
Food,Object_01231
Pressurized,Object_00445
Toxic,Object_03159
Unspecified,Object_04155
Unspecified,Object_00388
Pressurized,Object_07238
Corrosive,Object_06775
Pressurized,Object_02742
Toxic,Object_00774
Food,Object_04751
Explosive,Object_03738
Fragile,Object_01844
Explosive,Object_03966
Flammable,Object_03240
Toxic,Object_02436
Food,Object_02152
Fragile,Object_04232
Unspecified,Object_04194
Pressurized,Object_00153
Flammable,Object_01534
Toxic,Object_01575
Radioactive,Object_07059
Oxidizing,Object_03019
Radioactive,Object_03442
Flammable,Object_05558
Radioactive,Object_01183
Food,Object_02039
Explosive,Object_07541
Fragile,Object_07082
Radioactive,Object_01718
Flammable,Object_06613
Radioactive,Object_02211
Oxidizing,Object_00082
Unspecified,Object_00024
Pressurized,Object_03700
Radioactive,Object_03730
Unspecified,Object_01307
Radioactive,Object_06052
Flammable,Object_06846
Explosive,Object_05926
Toxic,Object_05605
Explosive,Object_06665
Fragile,Object_00717
Radioactive,Object_01036
Oxidizing,Object_05464
Explosive,Object_06328
Food,Object_02546
Corrosive,Object_02045
Pressurized,Object_04835
Explosive,Object_01775
Food,Object_07319
Radioactive,Object_02457
Pressurized,Object_01005
Explosive,Object_03673
Flammable,Object_03233
Food,Object_06763
Oxidizing,Object_00147
Unspecified,Object_00402
Oxidizing,Object_07130
Radioactive,Object_02101
Explosive,Object_06093
Food,Object_01449
Food,Object_04051
Food,Object_06879
Food,Object_07486
Food,Object_05370
Corrosive,Object_06132
Radioactive,Object_05493
Toxic,Object_03408
Oxidizing,Object_00625
Corrosive,Object_01355
Pressurized,Object_04391
Explosive,Object_00743
Corrosive,Object_03004
Oxidizing,Object_06541
Toxic,Object_01009
Corrosive,Object_03536
Flammable,Object_00361
Explosive,Object_02556
Pressurized,Object_05895
Pressurized,Object_00441
Flammable,Object_00451
Flammable,Object_01479
Explosive,Object_00712
Unspecified,Object_06524
Radioactive,Object_00307
Corrosive,Object_02662
Oxidizing,Object_03647
Pressurized,Object_00903
Fragile,Object_06720
Fragile,Object_04916
Unspecified,Object_03634
Oxidizing,Object_00014
Radioactive,Object_02262
Explosive,Object_04158
Toxic,Object_06501
Pressurized,Object_01167
Oxidizing,Object_03046
Fragile,Object_04053
Toxic,Object_03263
Corrosive,Object_00146
Explosive,Object_02194
Corrosive,Object_01550
Oxidizing,Object_03917
Corrosive,Object_02829
Unspecified,Object_00037
Oxidizing,Object_06928
Explosive,Object_07189
Corrosive,Object_00130
Toxic,Object_01673
Flammable,Object_06674
Food,Object_01911
Explosive,Object_04769
Pressurized,Object_05791
Food,Object_00036
Food,Object_02509
Toxic,Object_04300
Pressurized,Object_06744
Toxic,Object_02618
Explosive,Object_02761
Unspecified,Object_05085
Radioactive,Object_03146
Food,Object_04102
Oxidizing,Object_06202
Radioactive,Object_06844
Explosive,Object_05959
Food,Object_04907
Pressurized,Object_01959
Food,Object_07145
Oxidizing,Object_06913
Fragile,Object_00290
Corrosive,Object_02937
Corrosive,Object_01456
Toxic,Object_03801
Pressurized,Object_03898
Unspecified,Object_02246
Flammable,Object_06048
Radioactive,Object_05395
Flammable,Object_06782
Food,Object_06778
Food,Object_02784
Radioactive,Object_06622
Flammable,Object_00062
Explosive,Object_03671
Pressurized,Object_01857
Flammable,Object_01035
Flammable,Object_01603
Unspecified,Object_01560
Toxic,Object_00854
Corrosive,Object_07146
Oxidizing,Object_02574
Unspecified,Object_02014
Flammable,Object_02514
Fragile,Object_01366
Explosive,Object_06018
Unspecified,Object_00558
Explosive,Object_01158
Flammable,Object_02491
Unspecified,Object_04689
Food,Object_02661
Oxidizing,Object_00561
Corrosive,Object_00491
Food,Object_03042
Fragile,Object_02513
Flammable,Object_02273
Oxidizing,Object_01529
Explosive,Object_00581
Toxic,Object_00537
Flammable,Object_03166
Oxidizing,Object_07030
Food,Object_01685
Corrosive,Object_02597
Corrosive,Object_00332
Oxidizing,Object_04360
Corrosive,Object_01489
Flammable,Object_03672
Food,Object_00087
Oxidizing,Object_05374
Radioactive,Object_00904
Corrosive,Object_01773
Toxic,Object_06746
Unspecified,Object_04925
Fragile,Object_05980
Pressurized,Object_03918
Food,Object_06711
Explosive,Object_02316
Oxidizing,Object_01919
Radioactive,Object_03833
Pressurized,Object_07008
Unspecified,Object_05240
Radioactive,Object_04509
Oxidizing,Object_05093
Food,Object_06679
Food,Object_03619
Radioactive,Object_01451
Corrosive,Object_00311
Oxidizing,Object_03980
Corrosive,Object_00103
Explosive,Object_04109
Food,Object_05999
Radioactive,Object_00786
Flammable,Object_03957
Toxic,Object_06871
Oxidizing,Object_02058
Oxidizing,Object_00365
Food,Object_06206
Flammable,Object_03627
Explosive,Object_00875
Pressurized,Object_05099
Explosive,Object_06828
Explosive,Object_01956
Unspecified,Object_02463
Unspecified,Object_04786
Corrosive,Object_03811
Radioactive,Object_07583
Food,Object_06693
Explosive,Object_02260
Unspecified,Object_02711
Food,Object_04229
Food,Object_06596
Unspecified,Object_03299
Unspecified,Object_02716
Oxidizing,Object_00418
Unspecified,Object_02435
Fragile,Object_06701
Fragile,Object_03782
Fragile,Object_05619
Unspecified,Object_01889
Unspecified,Object_05057
Food,Object_00633
Toxic,Object_01060
Flammable,Object_04271
Pressurized,Object_03505
Oxidizing,Object_03886
Corrosive,Object_07472
Fragile,Object_00132
Unspecified,Object_04563
Corrosive,Object_05121
Radioactive,Object_07406
Pressurized,Object_03603
Oxidizing,Object_06696
Explosive,Object_05733
Flammable,Object_04220
Radioactive,Object_00795
Unspecified,Object_01051
Toxic,Object_06283
Toxic,Object_06351
Radioactive,Object_05437
Pressurized,Object_02427
Flammable,Object_06144
Food,Object_06823
Toxic,Object_02286
Fragile,Object_03045
Unspecified,Object_03264
Fragile,Object_07490
Corrosive,Object_03134
Fragile,Object_05581
Toxic,Object_06117
Fragile,Object_00593
Toxic,Object_02209
Explosive,Object_00364
Flammable,Object_05496
Food,Object_07258
Radioactive,Object_00470
Toxic,Object_02710
Explosive,Object_07342
Radioactive,Object_02526
Explosive,Object_04546
Fragile,Object_00197
Flammable,Object_05385
Food,Object_01303
Fragile,Object_04632
Toxic,Object_06724
Explosive,Object_03723
Toxic,Object_07381
Oxidizing,Object_04513
Fragile,Object_07516
Food,Object_06265
Toxic,Object_02683
Corrosive,Object_06401
Radioactive,Object_00616
Fragile,Object_02756
Explosive,Object_00823
Toxic,Object_01592
Flammable,Object_06165
Toxic,Object_00722
Toxic,Object_05768
Oxidizing,Object_04918
Explosive,Object_04763
Unspecified,Object_03807
Corrosive,Object_03446
Oxidizing,Object_07390
Food,Object_05241
Radioactive,Object_02598
Pressurized,Object_02295
Corrosive,Object_07004
Oxidizing,Object_02484
Explosive,Object_04334
Flammable,Object_02934
Explosive,Object_06731
Oxidizing,Object_04245
Toxic,Object_05801
Flammable,Object_03452
Unspecified,Object_05175
Toxic,Object_00399
Pressurized,Object_03542
Fragile,Object_05136
Explosive,Object_02909
Oxidizing,Object_06150
Radioactive,Object_05181
Toxic,Object_05934
Fragile,Object_07177
Corrosive,Object_03350
Corrosive,Object_03617
Fragile,Object_03772
Toxic,Object_03977
Flammable,Object_03230
Corrosive,Object_04638
Toxic,Object_05017
Toxic,Object_02700
Pressurized,Object_03757
Flammable,Object_04839
Radioactive,Object_01965
Radioactive,Object_05005
Fragile,Object_00151
Unspecified,Object_02820
Toxic,Object_02075
Radioactive,Object_05046
Unspecified,Object_04816
Oxidizing,Object_02306
Flammable,Object_01574
Oxidizing,Object_01448
Unspecified,Object_07442
Corrosive,Object_03681
Explosive,Object_05498
Oxidizing,Object_03712
Unspecified,Object_07133
Pressurized,Object_05812
Fragile,Object_07429
Fragile,Object_00529
Explosive,Object_05746
Corrosive,Object_04146
Toxic,Object_00643
Toxic,Object_02841
Oxidizing,Object_05593
Radioactive,Object_05953
Oxidizing,Object_07314
Explosive,Object_01275
Oxidizing,Object_07398
Flammable,Object_04381
Oxidizing,Object_00357
Pressurized,Object_06880
Unspecified,Object_04341
Radioactive,Object_04028
Pressurized,Object_00802
Radioactive,Object_00821
Radioactive,Object_01007
Corrosive,Object_03130
Unspecified,Object_03216
Toxic,Object_07392
Corrosive,Object_04491
Radioactive,Object_01274
Unspecified,Object_02749
Corrosive,Object_04462
Food,Object_02380
Explosive,Object_03126
Corrosive,Object_02639
Corrosive,Object_01697
Fragile,Object_03248
Explosive,Object_04910
Radioactive,Object_06682
Toxic,Object_07037
Radioactive,Object_01217
Fragile,Object_07572
Toxic,Object_05869
Fragile,Object_05819
Toxic,Object_02497
Explosive,Object_00239
Oxidizing,Object_00817
Pressurized,Object_04494
Food,Object_03482
Corrosive,Object_05744
Fragile,Object_02051
Flammable,Object_05233
Fragile,Object_05179
Toxic,Object_01116
Corrosive,Object_04399
Unspecified,Object_00161
Oxidizing,Object_01317
Radioactive,Object_00102
Radioactive,Object_00655
Toxic,Object_03714
Unspecified,Object_01404
Oxidizing,Object_01333
Corrosive,Object_01480
Toxic,Object_02402
Oxidizing,Object_04328
Explosive,Object_04054
Corrosive,Object_01874
Explosive,Object_00624
Flammable,Object_05693
Radioactive,Object_02861
Food,Object_00105
Pressurized,Object_01885
Pressurized,Object_04164
Radioactive,Object_04237
Oxidizing,Object_03345
Pressurized,Object_05875
Unspecified,Object_03573
Corrosive,Object_05299
Toxic,Object_06971
Food,Object_01726
Toxic,Object_00652
Corrosive,Object_07068
Radioactive,Object_06195
Unspecified,Object_00009
Toxic,Object_00695
Radioactive,Object_05076
Corrosive,Object_05527
Explosive,Object_03081
Fragile,Object_00678
Fragile,Object_03956
Radioactive,Object_04471
Toxic,Object_02527
Explosive,Object_07285
Toxic,Object_02680
Food,Object_00985
Oxidizing,Object_00944
Toxic,Object_05066
Unspecified,Object_04408
Food,Object_05031
Food,Object_06813
Radioactive,Object_00535
Food,Object_06877
Food,Object_02942
Fragile,Object_02117
Radioactive,Object_00004
Food,Object_02309
Food,Object_03088
Fragile,Object_02727
Pressurized,Object_02385
Unspecified,Object_03191
Flammable,Object_04413
Explosive,Object_01763
Food,Object_06069
Oxidizing,Object_06445
Oxidizing,Object_00434
Unspecified,Object_06906
Oxidizing,Object_03909
Radioactive,Object_02605
Food,Object_05029
Radioactive,Object_02337
Fragile,Object_06478
Fragile,Object_04723
Pressurized,Object_00779
Pressurized,Object_06312
Explosive,Object_03025
Explosive,Object_05422
Pressurized,Object_04312
Oxidizing,Object_00112
Toxic,Object_06127
Food,Object_01445
Unspecified,Object_03236
Corrosive,Object_02959
Toxic,Object_06217
Corrosive,Object_06228
Corrosive,Object_05698
Explosive,Object_03970
Corrosive,Object_07308
Pressurized,Object_00030
Oxidizing,Object_06298
Toxic,Object_03809
Unspecified,Object_04196
Explosive,Object_00306
Toxic,Object_03642
Toxic,Object_05061
Fragile,Object_05041
Unspecified,Object_04749
Fragile,Object_05676
Food,Object_02092
Food,Object_07178
Toxic,Object_00461
Toxic,Object_03750
Radioactive,Object_02467
Radioactive,Object_02856
Radioactive,Object_04996
Oxidizing,Object_00599
Oxidizing,Object_06011
Unspecified,Object_03417
Fragile,Object_05565
Toxic,Object_03891
Corrosive,Object_04850
Oxidizing,Object_01877
Oxidizing,Object_04821
Fragile,Object_07436
Unspecified,Object_06572
Food,Object_07363
Pressurized,Object_04570
Fragile,Object_03862
Fragile,Object_00017
Pressurized,Object_01145
Unspecified,Object_05873
Oxidizing,Object_06972
Radioactive,Object_03997
Fragile,Object_07468
Food,Object_04230
Flammable,Object_00844
Pressurized,Object_05629
Radioactive,Object_07325
Unspecified,Object_00347
Explosive,Object_02041
Pressurized,Object_07282
Oxidizing,Object_05418
Flammable,Object_04117
Food,Object_03913
Food,Object_02025
Food,Object_06801
Flammable,Object_07090
Explosive,Object_04820
Fragile,Object_01960
Food,Object_00246
Food,Object_00938
Flammable,Object_05714
Food,Object_05836
Radioactive,Object_03054
Unspecified,Object_04214
Unspecified,Object_01294
Radioactive,Object_00791
Unspecified,Object_05660
Food,Object_06421
Explosive,Object_02667
Explosive,Object_04740
Pressurized,Object_06944
Corrosive,Object_05874
Corrosive,Object_00358
Pressurized,Object_03914
Pressurized,Object_05655
Toxic,Object_04755
Radioactive,Object_01762
Unspecified,Object_06771
Unspecified,Object_07095
Corrosive,Object_02763
Unspecified,Object_00831
Explosive,Object_06000
Food,Object_00886
Explosive,Object_02720
Explosive,Object_04646
Food,Object_04046
Oxidizing,Object_02897
Oxidizing,Object_04667
Flammable,Object_03348
Toxic,Object_05466
Food,Object_07024
Flammable,Object_03017
Oxidizing,Object_07555
Fragile,Object_03176
Flammable,Object_06633
Fragile,Object_05043
Toxic,Object_06460
Pressurized,Object_02191
Explosive,Object_06669
Explosive,Object_03771
Corrosive,Object_00867
Radioactive,Object_05763
Pressurized,Object_02712
Explosive,Object_07333
Corrosive,Object_03849
Toxic,Object_01091
Flammable,Object_05850
Explosive,Object_05287
Oxidizing,Object_01590
Fragile,Object_05915
Pressurized,Object_07294
Flammable,Object_01882
Radioactive,Object_07292
Unspecified,Object_02687
Toxic,Object_03119
Food,Object_00569
Toxic,Object_01103
Oxidizing,Object_06522
Radioactive,Object_03469
Pressurized,Object_02481
Flammable,Object_06861
Fragile,Object_06670
Pressurized,Object_06211
Food,Object_07028
Oxidizing,Object_04674
Corrosive,Object_03076
Explosive,Object_03065
Radioactive,Object_07564
Toxic,Object_00038
Pressurized,Object_04953
Oxidizing,Object_02919
Toxic,Object_05410
Food,Object_04851
Radioactive,Object_01969
Radioactive,Object_01649
Pressurized,Object_04899
Explosive,Object_02788
Corrosive,Object_04688
Food,Object_06984
Radioactive,Object_06504
Fragile,Object_02985
Toxic,Object_01738
Toxic,Object_01727
Radioactive,Object_05749
Radioactive,Object_03830
Explosive,Object_05073
Toxic,Object_04403
Unspecified,Object_04398
Unspecified,Object_02043
Radioactive,Object_04941
Unspecified,Object_04998
Toxic,Object_03550
Flammable,Object_04222
Explosive,Object_00201
Explosive,Object_02923
Radioactive,Object_04157
Flammable,Object_06523
Explosive,Object_01504
Oxidizing,Object_01476
Fragile,Object_02284
Fragile,Object_04971
Fragile,Object_05568
Radioactive,Object_00810
Fragile,Object_05943
Pressurized,Object_06891
Toxic,Object_07027
Oxidizing,Object_00384
Pressurized,Object_04887
Toxic,Object_04626
Toxic,Object_03741
Oxidizing,Object_04445
Toxic,Object_00597
Corrosive,Object_02502
Fragile,Object_01000
Unspecified,Object_06574
Flammable,Object_04963
Toxic,Object_04837
Food,Object_06687
Unspecified,Object_05068
Unspecified,Object_01424
Flammable,Object_02976
Corrosive,Object_06230
Radioactive,Object_06420
Food,Object_03861
Food,Object_01783
Oxidizing,Object_06418
Flammable,Object_06071
Food,Object_00775
Corrosive,Object_01187
Toxic,Object_01159
Pressurized,Object_06073
Oxidizing,Object_04873
Unspecified,Object_03356
Fragile,Object_02563
Radioactive,Object_03585
Radioactive,Object_06865
Pressurized,Object_02175
Toxic,Object_00077
Toxic,Object_05630
Unspecified,Object_02448
Flammable,Object_03522
Unspecified,Object_04495
Corrosive,Object_07183
Food,Object_04735
Food,Object_03112
Oxidizing,Object_03279
Radioactive,Object_00809
Toxic,Object_05144
Food,Object_00107
Explosive,Object_03674
Unspecified,Object_03955
Flammable,Object_06589
Radioactive,Object_00120
Fragile,Object_00952
Pressurized,Object_07218
Explosive,Object_01626
Toxic,Object_02913
Flammable,Object_05100
Pressurized,Object_03630
Flammable,Object_04358
Corrosive,Object_03104
Pressurized,Object_00378
Oxidizing,Object_02388
Fragile,Object_03717
Pressurized,Object_05280
Unspecified,Object_04685
Flammable,Object_00109
Fragile,Object_01437
Pressurized,Object_06353
Flammable,Object_00309
Flammable,Object_04959
Flammable,Object_00639
Corrosive,Object_03859
Pressurized,Object_01684
Pressurized,Object_04148
Flammable,Object_05787
Corrosive,Object_04423
Food,Object_00173
Corrosive,Object_01357
Pressurized,Object_05556
Explosive,Object_06558
Unspecified,Object_07372
Corrosive,Object_01238
Toxic,Object_02882
Explosive,Object_02592
Toxic,Object_05434
Radioactive,Object_06615
Unspecified,Object_05475
Fragile,Object_04624
Food,Object_02242
Food,Object_04320
Radioactive,Object_05432
Oxidizing,Object_05463
Explosive,Object_04579
Toxic,Object_00065
Pressurized,Object_00499
Unspecified,Object_04716
Flammable,Object_06521
Oxidizing,Object_00671
Radioactive,Object_06803
Toxic,Object_04942
Food,Object_00186
Explosive,Object_04908
Toxic,Object_01989
Corrosive,Object_06884
Food,Object_00964
Corrosive,Object_06774
Pressurized,Object_06407
Food,Object_06644
Explosive,Object_01072
Explosive,Object_01301
Corrosive,Object_03426
Flammable,Object_03293
Radioactive,Object_03436
Radioactive,Object_05417
Food,Object_01324
Fragile,Object_00465
Pressurized,Object_03413
Unspecified,Object_06459
Fragile,Object_05413
Oxidizing,Object_03529
Food,Object_03556
Oxidizing,Object_06526
Radioactive,Object_07196
Food,Object_01235
Oxidizing,Object_05586
Corrosive,Object_06768
Pressurized,Object_03454
Radioactive,Object_04303
Flammable,Object_01871
Fragile,Object_02982
Corrosive,Object_05888
Explosive,Object_00557
Flammable,Object_04052
Radioactive,Object_05771
Radioactive,Object_05353
Unspecified,Object_00582
Radioactive,Object_04233
Radioactive,Object_06335
Radioactive,Object_04139
Corrosive,Object_06592
Pressurized,Object_05125
Explosive,Object_04145
Food,Object_03865
Oxidizing,Object_04706
Food,Object_03039
Corrosive,Object_01599
Unspecified,Object_06068
Toxic,Object_07081
Toxic,Object_07038
Pressurized,Object_03798
Oxidizing,Object_03347
Radioactive,Object_01038
Radioactive,Object_06602
Toxic,Object_05203
Fragile,Object_01937
Toxic,Object_03203
Flammable,Object_00078
Food,Object_06003
Explosive,Object_03857
Explosive,Object_07136
Flammable,Object_06085
Explosive,Object_01433
Toxic,Object_05405
Flammable,Object_06824
Corrosive,Object_04292
Oxidizing,Object_02779
Food,Object_02118
Food,Object_06614
Flammable,Object_01517
Flammable,Object_06378
Pressurized,Object_03456
Radioactive,Object_05927
Flammable,Object_03040
Radioactive,Object_07510
Explosive,Object_01099
Fragile,Object_01128
Radioactive,Object_00469
Corrosive,Object_04554
Food,Object_03060
Corrosive,Object_06725
Radioactive,Object_04756
Pressurized,Object_00172
Food,Object_01811
Oxidizing,Object_01798
Unspecified,Object_05721
Toxic,Object_06066
Oxidizing,Object_05857
Unspecified,Object_07035
Toxic,Object_03353
Food,Object_03285
Radioactive,Object_05574
Flammable,Object_03476
Oxidizing,Object_05861
Oxidizing,Object_01452
Fragile,Object_00666
Unspecified,Object_04429
Explosive,Object_06959
Unspecified,Object_07206
Radioactive,Object_02703
Explosive,Object_02647
Pressurized,Object_03899
Food,Object_04252
Flammable,Object_05336
Radioactive,Object_03049
Flammable,Object_04382
Unspecified,Object_02342
Explosive,Object_01730
Explosive,Object_03094
Radioactive,Object_03686
Toxic,Object_05018
Corrosive,Object_05014
Unspecified,Object_01347
Pressurized,Object_05606
Toxic,Object_05891
Pressurized,Object_00195
Explosive,Object_00549
Explosive,Object_06454
Fragile,Object_04435
Corrosive,Object_04094
Oxidizing,Object_02213
Explosive,Object_06043
Flammable,Object_04649
Toxic,Object_04599
Toxic,Object_03435
Explosive,Object_03986
Toxic,Object_07600
Corrosive,Object_04577
Explosive,Object_01571
Flammable,Object_02744
Toxic,Object_05236
Pressurized,Object_00542
Explosive,Object_04180
Explosive,Object_00645
Radioactive,Object_04314
Oxidizing,Object_05292
Oxidizing,Object_04389
Pressurized,Object_06506
Unspecified,Object_07062
Corrosive,Object_04840
Oxidizing,Object_04089
Toxic,Object_01702
Radioactive,Object_07047
Toxic,Object_05455
Oxidizing,Object_03143
Fragile,Object_00897
Oxidizing,Object_01688
Corrosive,Object_07249
Corrosive,Object_07310
Corrosive,Object_03420
Pressurized,Object_04645
Oxidizing,Object_06221
Fragile,Object_01400
Toxic,Object_02193
Pressurized,Object_00882
Pressurized,Object_01953
Flammable,Object_01277
Flammable,Object_00073
Unspecified,Object_00284
Toxic,Object_06486
Pressurized,Object_05718
Unspecified,Object_06583
Corrosive,Object_02626
Flammable,Object_06317
Food,Object_06895
Fragile,Object_00369
Unspecified,Object_01602
Corrosive,Object_02741
Oxidizing,Object_01372
Corrosive,Object_03226
Explosive,Object_06113
Unspecified,Object_03751
Fragile,Object_01784
Flammable,Object_06736
Corrosive,Object_00610
Radioactive,Object_01466
Explosive,Object_03033
Corrosive,Object_05515
Oxidizing,Object_02582
Toxic,Object_01940
Food,Object_06509
Unspecified,Object_04877
Toxic,Object_00771
Pressurized,Object_06372
Flammable,Object_03366
Flammable,Object_06355
Food,Object_04883
Radioactive,Object_04182
Explosive,Object_00386
Explosive,Object_01203
Oxidizing,Object_05187
Fragile,Object_06321
Oxidizing,Object_03271
Oxidizing,Object_02978
Fragile,Object_05082
Pressurized,Object_06479
Pressurized,Object_00118
Oxidizing,Object_00060
Pressurized,Object_00530
Fragile,Object_04506
Radioactive,Object_02936
Toxic,Object_03940
Radioactive,Object_06318
Radioactive,Object_03949
Explosive,Object_05867
Pressurized,Object_06334
Pressurized,Object_06092
Fragile,Object_05004
Unspecified,Object_05626
Fragile,Object_05511
Food,Object_04472
Oxidizing,Object_05097
Unspecified,Object_03660
Flammable,Object_04446
Pressurized,Object_07122
Flammable,Object_00970
Toxic,Object_02950
Corrosive,Object_00335
Oxidizing,Object_01240
Food,Object_05852
Food,Object_07499
Food,Object_06860
Radioactive,Object_06588
Flammable,Object_06342
Food,Object_01924
Flammable,Object_02812
Unspecified,Object_00916
Pressurized,Object_06263
Radioactive,Object_05885
Fragile,Object_00615
Radioactive,Object_05800
Unspecified,Object_04668
Food,Object_01343
Flammable,Object_06019
Explosive,Object_05880
Fragile,Object_02352
Explosive,Object_07223
Food,Object_06033
Radioactive,Object_07341
Explosive,Object_02458
Fragile,Object_04710
Toxic,Object_04881
Flammable,Object_01548
Toxic,Object_01332
Flammable,Object_03317
Food,Object_04050
Toxic,Object_00980
Fragile,Object_02475
Flammable,Object_05700
Pressurized,Object_07036
Oxidizing,Object_07271
Pressurized,Object_07132
Food,Object_04520
Flammable,Object_05079
Fragile,Object_02595
Radioactive,Object_06646
Flammable,Object_01566
Toxic,Object_04732
Unspecified,Object_02990
Food,Object_00142
Flammable,Object_02336
Flammable,Object_00189
Food,Object_01415
Oxidizing,Object_01247
Explosive,Object_01170
Explosive,Object_01875
Food,Object_04405
Pressurized,Object_02474
Explosive,Object_04122
Pressurized,Object_07299
Radioactive,Object_03499
Unspecified,Object_07188
Explosive,Object_04909
Oxidizing,Object_06266
Oxidizing,Object_03896
Food,Object_07083
Toxic,Object_06385
Radioactive,Object_03643
Food,Object_07355
Explosive,Object_03795
Oxidizing,Object_00883
Unspecified,Object_04250
Corrosive,Object_04620
Corrosive,Object_07134
Flammable,Object_05986
Oxidizing,Object_03951
Flammable,Object_06925
Flammable,Object_01544
Toxic,Object_02141
Unspecified,Object_03415
Explosive,Object_06792
Explosive,Object_07435
Unspecified,Object_02930
Unspecified,Object_05083
Radioactive,Object_04040
Radioactive,Object_07117
Flammable,Object_07416
Radioactive,Object_07015
Toxic,Object_05333
Corrosive,Object_03517
Explosive,Object_05535
Radioactive,Object_01443
Flammable,Object_00979
Flammable,Object_03478
Unspecified,Object_04181
Flammable,Object_02442
Unspecified,Object_05602
Radioactive,Object_02900
Oxidizing,Object_03546
Flammable,Object_05442
Food,Object_04623
Oxidizing,Object_04912
Unspecified,Object_07217
Flammable,Object_04315
Corrosive,Object_02182
Corrosive,Object_05521
Pressurized,Object_05950
Oxidizing,Object_03937
Toxic,Object_04475
Corrosive,Object_03289
Pressurized,Object_03661
Radioactive,Object_02818
Unspecified,Object_03496
Flammable,Object_03192
Flammable,Object_06484
Explosive,Object_03189
Corrosive,Object_00169
Unspecified,Object_01278
Pressurized,Object_05979
Oxidizing,Object_02088
Explosive,Object_04287
Food,Object_02641
Unspecified,Object_00341
Fragile,Object_04696
Food,Object_04343
Food,Object_04701
Flammable,Object_00761
Flammable,Object_05365
Oxidizing,Object_06245
Food,Object_01985
Radioactive,Object_00853
Corrosive,Object_03037
Radioactive,Object_04976
Explosive,Object_02000
Corrosive,Object_00182
Food,Object_05948
Radioactive,Object_04372
Unspecified,Object_04262
Food,Object_00408
Flammable,Object_04779
Unspecified,Object_00685
Fragile,Object_03015
Food,Object_03624
Unspecified,Object_04847
Radioactive,Object_03520
Fragile,Object_02183
Toxic,Object_02318
Fragile,Object_00317
Unspecified,Object_01282
Food,Object_04924
Flammable,Object_05047
Corrosive,Object_02468
Food,Object_04197
Unspecified,Object_06040
Food,Object_02511
Explosive,Object_06016
Fragile,Object_06995
Oxidizing,Object_01346
Fragile,Object_03421
Oxidizing,Object_02422
Corrosive,Object_02486
Food,Object_04928
Pressurized,Object_05102
Unspecified,Object_06543
Food,Object_06284
Flammable,Object_01435
Fragile,Object_07478
Toxic,Object_05288
Toxic,Object_04213
Explosive,Object_01293
Fragile,Object_05387
Oxidizing,Object_00752
Corrosive,Object_01654
Unspecified,Object_06508
Pressurized,Object_02921
Food,Object_02003
Radioactive,Object_07221
Unspecified,Object_01409
Corrosive,Object_05622
Toxic,Object_01973
Oxidizing,Object_06729
Toxic,Object_05701
Fragile,Object_01382
Toxic,Object_02444
Corrosive,Object_01964
Radioactive,Object_03518
Pressurized,Object_01325
Food,Object_05319
Unspecified,Object_03866
Fragile,Object_07076
Flammable,Object_04321
Toxic,Object_05839
Toxic,Object_02332
Toxic,Object_05478
Toxic,Object_06994
Pressurized,Object_02885
Oxidizing,Object_02991
Food,Object_05474
Pressurized,Object_07402
Unspecified,Object_05633
Pressurized,Object_05830
Explosive,Object_02094
Pressurized,Object_03785
Fragile,Object_07065
Toxic,Object_02578
Explosive,Object_05863
Radioactive,Object_07020
Flammable,Object_05351
Unspecified,Object_00628
Pressurized,Object_06997
Unspecified,Object_06612
Corrosive,Object_03615
Toxic,Object_05141
Corrosive,Object_07078
Unspecified,Object_07262
Unspecified,Object_05114
Radioactive,Object_06387
Fragile,Object_04810
Pressurized,Object_05817
Radioactive,Object_00967
Corrosive,Object_02540
Unspecified,Object_03409
Flammable,Object_05126
Oxidizing,Object_00450
Corrosive,Object_02078
Pressurized,Object_03753
Radioactive,Object_03464
Flammable,Object_07001
Flammable,Object_04150
Corrosive,Object_00787
Toxic,Object_03491
Oxidizing,Object_01075
Toxic,Object_00858
Explosive,Object_05196
Oxidizing,Object_02981
Pressurized,Object_03257
Radioactive,Object_00672
Oxidizing,Object_07592
Unspecified,Object_02470
Corrosive,Object_04532
Fragile,Object_07072
Toxic,Object_01861
Radioactive,Object_04470
Explosive,Object_03108
Corrosive,Object_04994
Fragile,Object_03528
Flammable,Object_07084
Radioactive,Object_07109
Toxic,Object_03158
Fragile,Object_05384
Food,Object_01328
Radioactive,Object_04136
Pressurized,Object_01373
Toxic,Object_04867
Oxidizing,Object_00594
Toxic,Object_06341
Oxidizing,Object_06490
Radioactive,Object_07548
Radioactive,Object_04071
Radioactive,Object_01536
Corrosive,Object_02974
Corrosive,Object_02767
Explosive,Object_00950
Unspecified,Object_03774
Pressurized,Object_05761
Explosive,Object_03698
Toxic,Object_07243
Oxidizing,Object_04611
Flammable,Object_06039
Oxidizing,Object_07237
Unspecified,Object_03215
Fragile,Object_02708
Unspecified,Object_02339
Toxic,Object_00040
Corrosive,Object_01755
Oxidizing,Object_02124
Corrosive,Object_00490
Explosive,Object_01555
Flammable,Object_03489
Fragile,Object_00691
Unspecified,Object_00266
Food,Object_01262
Explosive,Object_05579
Corrosive,Object_00553
Fragile,Object_00206
Fragile,Object_07586
Flammable,Object_06892
Toxic,Object_01525
Oxidizing,Object_07191
Food,Object_07546
Food,Object_02881
Explosive,Object_03479
Fragile,Object_02593
Explosive,Object_01887
Food,Object_04625
Oxidizing,Object_01858
Corrosive,Object_00760
Food,Object_03253
Food,Object_01457
Flammable,Object_05942
Unspecified,Object_03048
Flammable,Object_03907
Toxic,Object_00379
Flammable,Object_03098
Fragile,Object_05443
Food,Object_01286
Radioactive,Object_01704
Corrosive,Object_07311
Food,Object_06482
Radioactive,Object_06491
Fragile,Object_06359
Toxic,Object_00299
Radioactive,Object_02249
Oxidizing,Object_01389
Explosive,Object_07388
Fragile,Object_07562
Food,Object_05229
Explosive,Object_06097
Oxidizing,Object_01136
Oxidizing,Object_03403
Toxic,Object_04029
Flammable,Object_02411
Fragile,Object_01570
Flammable,Object_01425
Explosive,Object_00315
Toxic,Object_04935
Pressurized,Object_03735
Radioactive,Object_00899
Corrosive,Object_00268
Food,Object_07539
Explosive,Object_01495
Food,Object_03282
Radioactive,Object_05483
Explosive,Object_06309
Unspecified,Object_01629
Unspecified,Object_01791
Radioactive,Object_01218
Unspecified,Object_05130
Corrosive,Object_07550
Toxic,Object_07021
Pressurized,Object_07251
Food,Object_01305
Corrosive,Object_05615
Flammable,Object_06047
Corrosive,Object_02785
Corrosive,Object_00260
Pressurized,Object_05604
Unspecified,Object_04203
Flammable,Object_01982
Pressurized,Object_05467
Oxidizing,Object_07484
Fragile,Object_05237
Flammable,Object_01642
Oxidizing,Object_04661
Toxic,Object_04340
Toxic,Object_06607
Oxidizing,Object_00401
Flammable,Object_00160
Pressurized,Object_00893
Unspecified,Object_02029
Flammable,Object_05067
Food,Object_07002
Toxic,Object_01508
Fragile,Object_01506
Toxic,Object_07151
Corrosive,Object_07553
Fragile,Object_03066
Corrosive,Object_01501
Flammable,Object_03963
Toxic,Object_03537
Fragile,Object_06697
Food,Object_07152
Radioactive,Object_02793
Flammable,Object_01398
Pressurized,Object_01190
Unspecified,Object_04120
Toxic,Object_05551
Pressurized,Object_06798
Flammable,Object_00362
Unspecified,Object_07480
Fragile,Object_00377
Explosive,Object_06110
Oxidizing,Object_07131
Corrosive,Object_05588
Oxidizing,Object_07009
Toxic,Object_07534
Fragile,Object_00658
Toxic,Object_06804
Oxidizing,Object_06449
Oxidizing,Object_01936
Radioactive,Object_05012
Toxic,Object_06933
Explosive,Object_05957
Corrosive,Object_03444
Food,Object_04673
Radioactive,Object_00637
Explosive,Object_06776
Unspecified,Object_05616
Toxic,Object_05990
Toxic,Object_02011
Flammable,Object_06423
Fragile,Object_05248
Explosive,Object_06570
Explosive,Object_02376
Unspecified,Object_05321
Toxic,Object_00940
Corrosive,Object_03832
Flammable,Object_03606
Corrosive,Object_06352
Corrosive,Object_04571
Toxic,Object_01918
Pressurized,Object_02493
Unspecified,Object_07227
Toxic,Object_03239
Toxic,Object_05876
Unspecified,Object_06797
Explosive,Object_01122
Unspecified,Object_01022
Fragile,Object_02326
Flammable,Object_01405
Food,Object_07174
Flammable,Object_01335
Oxidizing,Object_04359
Oxidizing,Object_05526
Pressurized,Object_06065
Food,Object_02730
Radioactive,Object_03186
Corrosive,Object_03051
Radioactive,Object_05194
Toxic,Object_05415
Fragile,Object_06688
Food,Object_01309
Fragile,Object_00731
Oxidizing,Object_05862
Flammable,Object_06269
Fragile,Object_01465
Fragile,Object_00654
Pressurized,Object_04747
Pressurized,Object_02206
Unspecified,Object_04738
Corrosive,Object_01925
Flammable,Object_01722
Explosive,Object_05435
Explosive,Object_04304
Radioactive,Object_06296
Food,Object_00525
Oxidizing,Object_07003
Oxidizing,Object_02256
Unspecified,Object_02777
Explosive,Object_04687
Oxidizing,Object_02577
Fragile,Object_00589
Unspecified,Object_05425
Flammable,Object_00289
Corrosive,Object_06608
Pressurized,Object_05188
Pressurized,Object_02790
Unspecified,Object_03512
Toxic,Object_02108
Flammable,Object_02804
Corrosive,Object_04004
Radioactive,Object_04069
Pressurized,Object_01302
Fragile,Object_07518
Oxidizing,Object_00453
Food,Object_06534
Oxidizing,Object_04958
Corrosive,Object_03198
Corrosive,Object_06357
Flammable,Object_05056
Flammable,Object_04355
Flammable,Object_06989
Unspecified,Object_00041
Food,Object_04897
Food,Object_01879
Food,Object_05864
Food,Object_04026
Radioactive,Object_05200
Unspecified,Object_03315
Oxidizing,Object_01363
Explosive,Object_04065
Fragile,Object_05810
Oxidizing,Object_04072
Food,Object_03800
Food,Object_01381
Corrosive,Object_00943
Radioactive,Object_04612
Unspecified,Object_01032
Corrosive,Object_05562
Radioactive,Object_00543
Flammable,Object_05572
Fragile,Object_04454
Pressurized,Object_03273
Pressurized,Object_01934
Radioactive,Object_04195
Explosive,Object_01716
Toxic,Object_06882
Food,Object_00835
Oxidizing,Object_06259
Fragile,Object_00780
Oxidizing,Object_00797
Pressurized,Object_00733
Fragile,Object_01197
Radioactive,Object_02544
Explosive,Object_02668
Food,Object_05912
Explosive,Object_03912
Oxidizing,Object_02210
Food,Object_06157
Toxic,Object_03201
Food,Object_00016
Corrosive,Object_02423
Toxic,Object_02570
Flammable,Object_03889
Radioactive,Object_06340
Fragile,Object_06685
Pressurized,Object_04934
Corrosive,Object_00941
Toxic,Object_01852
Explosive,Object_02086
Food,Object_02173
Unspecified,Object_05088
Corrosive,Object_02606
Oxidizing,Object_05373
Flammable,Object_01223
Food,Object_01115
Food,Object_05720
Fragile,Object_06306
Oxidizing,Object_05454
Toxic,Object_07397
Corrosive,Object_03599
Explosive,Object_01854
Oxidizing,Object_05519
Fragile,Object_03416
Oxidizing,Object_03277
Pressurized,Object_04968
Corrosive,Object_07236
Toxic,Object_04983
Flammable,Object_01929
Radioactive,Object_06527
Oxidizing,Object_03341
Pressurized,Object_01071
Oxidizing,Object_04523
Corrosive,Object_06386
Unspecified,Object_02355
Corrosive,Object_03447
Fragile,Object_06793
Corrosive,Object_02150
Food,Object_02678
Oxidizing,Object_05228
Explosive,Object_03848
Food,Object_02441
Food,Object_02390
Food,Object_07074
Corrosive,Object_06563
Fragile,Object_05048
Food,Object_05599
Toxic,Object_00312
Fragile,Object_01143
Food,Object_06382
Flammable,Object_04558
Radioactive,Object_01364
Pressurized,Object_05789
Explosive,Object_03618
Oxidizing,Object_02266
Unspecified,Object_00029
Flammable,Object_06594
Oxidizing,Object_05301
Unspecified,Object_02346
Toxic,Object_06062
Toxic,Object_03760
Radioactive,Object_00417
Fragile,Object_00730
Unspecified,Object_04900
Food,Object_01631
Unspecified,Object_06140
Fragile,Object_00008
Unspecified,Object_00959
Explosive,Object_03391
Radioactive,Object_00939
Explosive,Object_04390
Food,Object_05167
Fragile,Object_02250
Flammable,Object_02811
Radioactive,Object_03680
Explosive,Object_02231
Radioactive,Object_03933
Corrosive,Object_05534
Oxidizing,Object_07508
Unspecified,Object_07466
Corrosive,Object_04622
Food,Object_01244
Fragile,Object_01394
Pressurized,Object_02308
Explosive,Object_01764
Pressurized,Object_05962
Fragile,Object_01516
Radioactive,Object_01271
Corrosive,Object_05343
Flammable,Object_01967
Unspecified,Object_00590
Oxidizing,Object_06909
Corrosive,Object_03981
Explosive,Object_05525
Toxic,Object_03552
Food,Object_02200
Flammable,Object_01201
Explosive,Object_03321
Fragile,Object_04761
Radioactive,Object_03053
Food,Object_06141
Unspecified,Object_07138
Pressurized,Object_04760
Toxic,Object_05824
Toxic,Object_02532
Explosive,Object_01991
Oxidizing,Object_00297
Corrosive,Object_06727
Flammable,Object_01351
Pressurized,Object_02364
Radioactive,Object_06316
Flammable,Object_00929
Fragile,Object_02125
Corrosive,Object_01696
Flammable,Object_07139
Radioactive,Object_04225
Food,Object_00033
Explosive,Object_01826
Radioactive,Object_00840
Pressurized,Object_06358
Explosive,Object_06553
Corrosive,Object_05414
Pressurized,Object_04421
Toxic,Object_06072
Radioactive,Object_00683
Pressurized,Object_02096
Pressurized,Object_04956
Pressurized,Object_04729
Pressurized,Object_04541
Radioactive,Object_01930
Unspecified,Object_00906
Fragile,Object_04265
Explosive,Object_03093
Radioactive,Object_02689
Explosive,Object_05577
Fragile,Object_01485
Pressurized,Object_06935
Fragile,Object_03574
Radioactive,Object_01735
Explosive,Object_01358
Oxidizing,Object_03534
Oxidizing,Object_06399
Flammable,Object_02825
Oxidizing,Object_06616
Food,Object_06020
Fragile,Object_00704
Explosive,Object_03106
Pressurized,Object_04648
Flammable,Object_07267
Food,Object_00211
Corrosive,Object_03835
Flammable,Object_01564
Flammable,Object_03638
Corrosive,Object_07270
Oxidizing,Object_02857
Unspecified,Object_03139
Food,Object_00126
Fragile,Object_04006
Oxidizing,Object_04161
Flammable,Object_00571
Pressurized,Object_00870
Pressurized,Object_00324
Radioactive,Object_04348
Oxidizing,Object_04115
Fragile,Object_05682
Explosive,Object_03987
Oxidizing,Object_00245
Flammable,Object_02695
Unspecified,Object_02098
Corrosive,Object_00207
Oxidizing,Object_01605
Explosive,Object_03778
Flammable,Object_04547
Fragile,Object_02601
Pressurized,Object_01229
Radioactive,Object_00327
Unspecified,Object_03605
Corrosive,Object_05532
Flammable,Object_05911
Radioactive,Object_00455
Toxic,Object_04572
Toxic,Object_00958
Explosive,Object_01526
Corrosive,Object_04948
Oxidizing,Object_02949
Radioactive,Object_05821
Corrosive,Object_01708
Radioactive,Object_02400
Unspecified,Object_02303
Flammable,Object_02519
Fragile,Object_05400
Pressurized,Object_06518
Oxidizing,Object_05680
Fragile,Object_00781
Explosive,Object_07066
Unspecified,Object_07391
Oxidizing,Object_02671
Pressurized,Object_06787
Flammable,Object_02186
Unspecified,Object_03369
Pressurized,Object_02169
Toxic,Object_06916
Pressurized,Object_02019
Corrosive,Object_00383
Food,Object_02890
Pressurized,Object_00168
Fragile,Object_02538
Food,Object_06954
Explosive,Object_02941
Radioactive,Object_01461
Unspecified,Object_07179
Food,Object_05637
Explosive,Object_05752
Radioactive,Object_06271
Food,Object_04011
Toxic,Object_00657
Pressurized,Object_04866
Food,Object_05105
Flammable,Object_01427
Explosive,Object_06718
Toxic,Object_03320
Flammable,Object_04293
Oxidizing,Object_02271
Explosive,Object_01149
Radioactive,Object_03890
Oxidizing,Object_04298
Corrosive,Object_03684
Unspecified,Object_05254
Flammable,Object_01148
Unspecified,Object_05166
Radioactive,Object_02560
Flammable,Object_06234
Food,Object_04502
Pressurized,Object_01012
Fragile,Object_07142
Toxic,Object_01644
Fragile,Object_00509
Oxidizing,Object_02007
Pressurized,Object_01795
Corrosive,Object_03002
Food,Object_00757
Unspecified,Object_07565
Radioactive,Object_06938
Pressurized,Object_00091
Flammable,Object_02911
Fragile,Object_00659
Unspecified,Object_04486
Oxidizing,Object_00884
Toxic,Object_02383
Food,Object_03084
Toxic,Object_02877
Oxidizing,Object_07261
Pressurized,Object_02358
Corrosive,Object_01337
Corrosive,Object_01006
Flammable,Object_07474
Unspecified,Object_00990
Flammable,Object_01741
Toxic,Object_00688
Explosive,Object_03793
Toxic,Object_04960
Explosive,Object_01365
Toxic,Object_04562
Unspecified,Object_07385
Unspecified,Object_00292
Toxic,Object_03170
Food,Object_03232
Radioactive,Object_02300
Food,Object_03101
Pressurized,Object_05023
Unspecified,Object_00229
Explosive,Object_03947
Explosive,Object_06750
Food,Object_00845
Toxic,Object_06964
Corrosive,Object_07162
Corrosive,Object_04392
Toxic,Object_03911
Unspecified,Object_04868
Flammable,Object_02294
Oxidizing,Object_00819
Pressurized,Object_01820
Fragile,Object_02837
Pressurized,Object_05820
Explosive,Object_05745
Explosive,Object_02052
Fragile,Object_05505
Unspecified,Object_01832
Fragile,Object_01345
Radioactive,Object_02438
Oxidizing,Object_06923
Toxic,Object_03925
Toxic,Object_06308
Corrosive,Object_05429
Pressurized,Object_06636
Oxidizing,Object_02028
Radioactive,Object_02212
Flammable,Object_00152
Food,Object_05192
Oxidizing,Object_01220
Fragile,Object_04651
Toxic,Object_02325
Corrosive,Object_05951
Radioactive,Object_06383
Fragile,Object_01017
Corrosive,Object_07288
Flammable,Object_07337
Pressurized,Object_00128
Radioactive,Object_05225
Radioactive,Object_04402
Pressurized,Object_05030
Unspecified,Object_05127
Explosive,Object_06362
Corrosive,Object_07300
Fragile,Object_00923
Explosive,Object_03787
Radioactive,Object_06196
Explosive,Object_01487
Radioactive,Object_06005
Pressurized,Object_00690
Unspecified,Object_06054
Food,Object_01968
Food,Object_03080
Flammable,Object_03554
Corrosive,Object_01772
Pressurized,Object_05930
Unspecified,Object_00905
Explosive,Object_05886
Flammable,Object_04393
Fragile,Object_05223
Food,Object_00313
Explosive,Object_04395
Toxic,Object_04670
Fragile,Object_01464
Food,Object_06535
Radioactive,Object_05770
Radioactive,Object_04192
Radioactive,Object_01682
Radioactive,Object_03070
Pressurized,Object_07377
Fragile,Object_00397
Corrosive,Object_06030
Corrosive,Object_02739
Food,Object_04536
Flammable,Object_00841
Flammable,Object_06302
Radioactive,Object_04642
Unspecified,Object_03323
Explosive,Object_01053
Flammable,Object_00064
Fragile,Object_04952
Fragile,Object_07503
Unspecified,Object_04862
Radioactive,Object_02464
Toxic,Object_03677
Corrosive,Object_04628
Radioactive,Object_01856
Flammable,Object_05896
Radioactive,Object_06435
Radioactive,Object_01954
Corrosive,Object_00171
Food,Object_02964
Toxic,Object_02454
Radioactive,Object_01374
Radioactive,Object_02555
Radioactive,Object_05560
Oxidizing,Object_04131
Oxidizing,Object_04014
Corrosive,Object_01652
Oxidizing,Object_02808
Toxic,Object_02001
Food,Object_00063
Explosive,Object_05116
Radioactive,Object_05360
Radioactive,Object_01125
Toxic,Object_01273
Explosive,Object_06675
Radioactive,Object_04662
Food,Object_06577
Explosive,Object_05095
Food,Object_04884
Corrosive,Object_03138
Fragile,Object_04039
Corrosive,Object_03474
Toxic,Object_00784
Pressurized,Object_06347
Oxidizing,Object_05324
Explosive,Object_04892
Radioactive,Object_01151
Unspecified,Object_01917
Food,Object_06444
Unspecified,Object_02815
Pressurized,Object_01729
Unspecified,Object_06313
Toxic,Object_02677
Pressurized,Object_06178
Radioactive,Object_00010
Toxic,Object_04766
Radioactive,Object_07515
Corrosive,Object_04684
Toxic,Object_05666
Unspecified,Object_02035
Toxic,Object_05589
Toxic,Object_03058
Toxic,Object_04067
Fragile,Object_02258
Radioactive,Object_06621
Explosive,Object_01524
Toxic,Object_06012
Flammable,Object_02129
Flammable,Object_03995
Toxic,Object_00503
Fragile,Object_04703
Explosive,Object_06795
Flammable,Object_01780
Radioactive,Object_03836
Pressurized,Object_05520
Food,Object_03856
Toxic,Object_05796
Explosive,Object_05963
Unspecified,Object_02424
Toxic,Object_07079
Oxidizing,Object_06216
Radioactive,Object_00413
Food,Object_04857
Flammable,Object_00783
Food,Object_05740
Oxidizing,Object_07464
Food,Object_00820
Unspecified,Object_04859
Radioactive,Object_04024
Toxic,Object_07200
Corrosive,Object_03974
Radioactive,Object_04062
Pressurized,Object_05416
Pressurized,Object_05679
Fragile,Object_04206
Oxidizing,Object_01533
Explosive,Object_07432
Corrosive,Object_02220
Corrosive,Object_00933
Corrosive,Object_07529
Corrosive,Object_00703
Oxidizing,Object_05053
Fragile,Object_04614
Explosive,Object_02372
Explosive,Object_05340
Explosive,Object_01185
Pressurized,Object_05252
Toxic,Object_05690
Food,Object_05221
Explosive,Object_06888
Pressurized,Object_00682
Oxidizing,Object_04378
Unspecified,Object_04704
Explosive,Object_03118
Unspecified,Object_02792
Corrosive,Object_05982
Toxic,Object_01997
Radioactive,Object_00515
Pressurized,Object_05798
Radioactive,Object_02899
Fragile,Object_02851
Radioactive,Object_05699
Corrosive,Object_06955
Flammable,Object_05298
Oxidizing,Object_02227
Flammable,Object_06414
Radioactive,Object_06367
Explosive,Object_03636
Food,Object_02482
Toxic,Object_02931
Toxic,Object_01194
Oxidizing,Object_03694
Flammable,Object_01545
Fragile,Object_02867
Corrosive,Object_05908
Flammable,Object_00860
Explosive,Object_01609
Pressurized,Object_02226
Radioactive,Object_01206
Corrosive,Object_05123
Fragile,Object_02222
Radioactive,Object_03822
Oxidizing,Object_01892
Pressurized,Object_03706
Food,Object_05881
Radioactive,Object_03029
Oxidizing,Object_07367
Explosive,Object_04946
Unspecified,Object_03173
Food,Object_00587
Pressurized,Object_04013
Radioactive,Object_01531
Food,Object_04794
Explosive,Object_05620
Corrosive,Object_02753
Unspecified,Object_04683
Pressurized,Object_06561
Food,Object_04288
Fragile,Object_04268
Fragile,Object_02268
Explosive,Object_00476
Food,Object_00662
Fragile,Object_06483
Fragile,Object_02880
Radioactive,Object_04008
Unspecified,Object_07185
Flammable,Object_04055
Radioactive,Object_01827
Oxidizing,Object_04211
Toxic,Object_03715
Pressurized,Object_07180
Corrosive,Object_04377
Radioactive,Object_07589
Flammable,Object_02195
Toxic,Object_02426
Flammable,Object_04511
Toxic,Object_07312
Corrosive,Object_03281
Fragile,Object_02518
Food,Object_01938
Toxic,Object_02128
Toxic,Object_00848
Fragile,Object_01670
Food,Object_03968
Flammable,Object_04084
Pressurized,Object_07007
Fragile,Object_06408
Oxidizing,Object_02734
Corrosive,Object_05543
Pressurized,Object_05846
Fragile,Object_00191
Corrosive,Object_01778
Food,Object_05692
Toxic,Object_00452
Food,Object_02616
Toxic,Object_00824
Fragile,Object_03531
Flammable,Object_06503
Radioactive,Object_02417
Food,Object_07155
Flammable,Object_00410
Oxidizing,Object_05255
Flammable,Object_01330
Explosive,Object_05445
Unspecified,Object_05379
Fragile,Object_00140
Corrosive,Object_06940
Toxic,Object_01896
Food,Object_03725
Corrosive,Object_05931
Oxidizing,Object_07216
Flammable,Object_03195
Food,Object_06786
Flammable,Object_04944
Fragile,Object_04598
Flammable,Object_03333
Oxidizing,Object_03514
Explosive,Object_05961
Corrosive,Object_04677
Radioactive,Object_05583
Toxic,Object_04175
Corrosive,Object_02672
Unspecified,Object_07567
Explosive,Object_01881
Fragile,Object_02536
Food,Object_00346
Pressurized,Object_03791
Radioactive,Object_03250
Unspecified,Object_00885
Flammable,Object_02970
Toxic,Object_06325
Food,Object_02340
Corrosive,Object_05124
Food,Object_05152
Oxidizing,Object_05355
Corrosive,Object_05707
Oxidizing,Object_03876
Pressurized,Object_05310
Pressurized,Object_06915
Radioactive,Object_01093
Corrosive,Object_05250
Toxic,Object_00390
Food,Object_06187
Pressurized,Object_04077
Food,Object_00302
Fragile,Object_01710
Pressurized,Object_04719
Food,Object_00184
Flammable,Object_00477
Flammable,Object_04728
Corrosive,Object_02840
Food,Object_05101
Food,Object_03701
Radioactive,Object_00217
Explosive,Object_00342
Explosive,Object_05275
Unspecified,Object_06740
Oxidizing,Object_03972
Corrosive,Object_05531
Pressurized,Object_05849
Oxidizing,Object_04982
Explosive,Object_07346
Radioactive,Object_07386
Oxidizing,Object_06500
Oxidizing,Object_07148
Oxidizing,Object_01598
Explosive,Object_00793
Unspecified,Object_02137
Radioactive,Object_05210
Unspecified,Object_02631
Radioactive,Object_05705
Pressurized,Object_00249
Fragile,Object_02021
Toxic,Object_07376
Food,Object_01092
Fragile,Object_01027
Explosive,Object_01491
Corrosive,Object_00630
Toxic,Object_03540
Explosive,Object_05347
Fragile,Object_01581
Toxic,Object_01166
Unspecified,Object_00428
Toxic,Object_05686
Fragile,Object_00534
Corrosive,Object_06571
Corrosive,Object_01743
Radioactive,Object_04289
Oxidizing,Object_05242
Pressurized,Object_06610
Flammable,Object_04430
Fragile,Object_04282
Corrosive,Object_03073
Oxidizing,Object_05732
Food,Object_03846
Flammable,Object_03385
Explosive,Object_06760
Pressurized,Object_04193
Oxidizing,Object_06396
Unspecified,Object_06852
Explosive,Object_06875
Corrosive,Object_01023
Pressurized,Object_00607
Toxic,Object_00322
Fragile,Object_06379
Radioactive,Object_03256
Explosive,Object_03458
Flammable,Object_05976
Corrosive,Object_04254
Oxidizing,Object_03555
Explosive,Object_03133
Pressurized,Object_04244
Explosive,Object_01746
Food,Object_01731
Toxic,Object_05600
Fragile,Object_07345
Fragile,Object_05450
Oxidizing,Object_07584
Unspecified,Object_02902
Unspecified,Object_06409
Pressurized,Object_00321
Unspecified,Object_04156
Food,Object_06148
Fragile,Object_05782
Corrosive,Object_07011
Unspecified,Object_02620
Toxic,Object_07219
Unspecified,Object_00323
Food,Object_06348
Corrosive,Object_00609
Fragile,Object_07197
Unspecified,Object_03535
Oxidizing,Object_00723
Explosive,Object_03604
Food,Object_06026
Toxic,Object_04720
Toxic,Object_07552
Pressurized,Object_02738
Fragile,Object_07097
Food,Object_06937
Fragile,Object_06188
Pressurized,Object_01868
Flammable,Object_05871
Fragile,Object_03500
Oxidizing,Object_05108
Unspecified,Object_01853
Explosive,Object_05348
Food,Object_00340
Flammable,Object_01507
Corrosive,Object_00051
Radioactive,Object_04125
Flammable,Object_00710
Unspecified,Object_03472
Toxic,Object_02278
Unspecified,Object_06525
Oxidizing,Object_05342
Flammable,Object_00125
Fragile,Object_03342
Unspecified,Object_01691
Corrosive,Object_00424
Radioactive,Object_04414
Fragile,Object_03453
Flammable,Object_04286
Unspecified,Object_00296
Toxic,Object_06863
Flammable,Object_00555
Oxidizing,Object_05753
Food,Object_01232
Explosive,Object_01789
Explosive,Object_00889
Flammable,Object_04809
Pressurized,Object_03577
Unspecified,Object_01176
Flammable,Object_04299
Radioactive,Object_00629
Corrosive,Object_05314
Corrosive,Object_04356
Corrosive,Object_03665
Toxic,Object_04005
Food,Object_06867
Toxic,Object_07440
Fragile,Object_07054
Unspecified,Object_00432
Food,Object_07542
Explosive,Object_02692
Flammable,Object_03718
Unspecified,Object_04951
Unspecified,Object_03691
Radioactive,Object_04764
Flammable,Object_03244
Toxic,Object_03361
Toxic,Object_06728
Food,Object_05785
Fragile,Object_01010
Food,Object_03428
Food,Object_01049
Flammable,Object_03648
Toxic,Object_05231
Toxic,Object_04477
Fragile,Object_00334
Toxic,Object_00963
Oxidizing,Object_00697
Toxic,Object_02932
Oxidizing,Object_07504
Oxidizing,Object_04989
Fragile,Object_05367
Food,Object_05624
Pressurized,Object_02617
Toxic,Object_01338
Oxidizing,Object_02956
Explosive,Object_01509
Food,Object_03414
Toxic,Object_04269
