Category,Object
Radioactive,Object_06650
Pressurized,Object_11496
Oxidizing,Object_12052
Oxidizing,Object_09667
Corrosive,Object_05489
Pressurized,Object_03787
Flammable,Object_27533
Toxic,Object_18003
Unspecified,Object_26112
Toxic,Object_15696
Food,Object_24023
Radioactive,Object_05960
Oxidizing,Object_03396
Unspecified,Object_24357
Unspecified,Object_15969
Pressurized,Object_11882
Food,Object_28210
Fragile,Object_18940
Radioactive,Object_18065
Toxic,Object_02918
Corrosive,Object_12858
Flammable,Object_07325
Pressurized,Object_09487
Toxic,Object_28790
Fragile,Object_12014
Oxidizing,Object_26278
Radioactive,Object_28216
Food,Object_07266
Flammable,Object_26849
Corrosive,Object_25409
Fragile,Object_03218
Flammable,Object_09929
Fragile,Object_03287
Fragile,Object_29068
Fragile,Object_24118
Unspecified,Object_23899
Fragile,Object_27209
Oxidizing,Object_29699
Toxic,Object_19419
Food,Object_16259
Flammable,Object_17057
Radioactive,Object_19826
Food,Object_25050
Food,Object_20964
Flammable,Object_19953
Flammable,Object_12266
Radioactive,Object_11270
Fragile,Object_01004
Oxidizing,Object_05300
Fragile,Object_12134
Radioactive,Object_26810
Toxic,Object_29803
Food,Object_01402
Explosive,Object_13678
Toxic,Object_19738
Toxic,Object_26850
Pressurized,Object_21891
Toxic,Object_18129
Food,Object_13625
Radioactive,Object_03205
Fragile,Object_13351
Flammable,Object_04450
Fragile,Object_04644
Oxidizing,Object_09267
Radioactive,Object_12366
Flammable,Object_27771
Explosive,Object_07856
Explosive,Object_20018
Oxidizing,Object_30121
Corrosive,Object_22760
Corrosive,Object_02263
Food,Object_06201
Flammable,Object_23139
Pressurized,Object_17311
Unspecified,Object_23628
Fragile,Object_00057
Toxic,Object_02704
Toxic,Object_19721
Flammable,Object_20901
Explosive,Object_29833
Corrosive,Object_18106
Explosive,Object_05435
Food,Object_07089
Toxic,Object_05677
Toxic,Object_25543
Explosive,Object_13945
Oxidizing,Object_04794
Pressurized,Object_22579
Radioactive,Object_03616
Pressurized,Object_29773
Oxidizing,Object_19820
Food,Object_18152
Pressurized,Object_05033
Corrosive,Object_29907
Pressurized,Object_06526
Corrosive,Object_20153
Unspecified,Object_11379
Fragile,Object_25788
Unspecified,Object_06763
Pressurized,Object_04513
Corrosive,Object_29331
Food,Object_01888
Pressurized,Object_05759
Flammable,Object_08784
Fragile,Object_17134
Pressurized,Object_10094
Flammable,Object_12377
Flammable,Object_01690
Pressurized,Object_24245
Pressurized,Object_22482
Fragile,Object_21979
Food,Object_27954
Food,Object_11435
Corrosive,Object_01851
Corrosive,Object_15011
Explosive,Object_15666
Oxidizing,Object_24233
Oxidizing,Object_19464
Food,Object_18381
Corrosive,Object_29002
Flammable,Object_06880
Flammable,Object_20367
Unspecified,Object_21436
Food,Object_02306
Radioactive,Object_03534
Unspecified,Object_00130
Corrosive,Object_01679
Oxidizing,Object_25083
Oxidizing,Object_28686
Toxic,Object_01316
Unspecified,Object_23388
Oxidizing,Object_08986
Explosive,Object_08478
Toxic,Object_00120
Pressurized,Object_14378
Toxic,Object_29166
Oxidizing,Object_17955
Flammable,Object_28247
Corrosive,Object_12589
Explosive,Object_27741
Radioactive,Object_08808
Radioactive,Object_24839
Food,Object_10141
Flammable,Object_10383
Food,Object_27309
Corrosive,Object_20262
Flammable,Object_23770
Flammable,Object_03971
Food,Object_22837
Pressurized,Object_00968
Fragile,Object_03254
Food,Object_13702
Toxic,Object_20235
Fragile,Object_19889
Corrosive,Object_14137
Corrosive,Object_10135
Explosive,Object_04375
Explosive,Object_09060
Toxic,Object_23419
Flammable,Object_01860
Oxidizing,Object_18530
Unspecified,Object_06945
Pressurized,Object_22452
Flammable,Object_28237
Toxic,Object_00314
Radioactive,Object_20011
Explosive,Object_29511
Flammable,Object_18696
Fragile,Object_24158
Toxic,Object_30133
Corrosive,Object_24990
Pressurized,Object_28396
Corrosive,Object_20936
Radioactive,Object_28353
Toxic,Object_22360
Flammable,Object_26744
Oxidizing,Object_29721
Radioactive,Object_08923
Radioactive,Object_22764
Radioactive,Object_21191
Toxic,Object_23667
Flammable,Object_14109
Fragile,Object_23165
Flammable,Object_19189
Food,Object_04812
Pressurized,Object_01841
Pressurized,Object_23722
Fragile,Object_29939
Pressurized,Object_14146
Fragile,Object_12781
Fragile,Object_19448
Oxidizing,Object_08758
Unspecified,Object_05592
Oxidizing,Object_06434
Toxic,Object_10889
Corrosive,Object_08303
Radioactive,Object_27417
Food,Object_21227
Fragile,Object_08196
Pressurized,Object_29975
Fragile,Object_22712
Radioactive,Object_07487
Corrosive,Object_03390
Unspecified,Object_06468
Oxidizing,Object_18904
Toxic,Object_00161
Pressurized,Object_29933
Unspecified,Object_13284
Corrosive,Object_26463
Explosive,Object_24546
Unspecified,Object_22105
Corrosive,Object_07971
Fragile,Object_04837
Radioactive,Object_29065
Pressurized,Object_20178
Flammable,Object_08855
Flammable,Object_09867
Toxic,Object_27646
Fragile,Object_15477
Food,Object_09239
Toxic,Object_08811
Oxidizing,Object_18730
Oxidizing,Object_25665
Radioactive,Object_10911
Radioactive,Object_22958
Pressurized,Object_15867
Oxidizing,Object_03225
Food,Object_02295
Oxidizing,Object_21016
Fragile,Object_25726
Fragile,Object_28395
Explosive,Object_25198
Corrosive,Object_17933
Toxic,Object_16690
Food,Object_22832
Food,Object_06816
Radioactive,Object_20190
Explosive,Object_15106
Flammable,Object_12910
Oxidizing,Object_05526
Fragile,Object_27073
Flammable,Object_07560
Unspecified,Object_19201
Corrosive,Object_06225
Explosive,Object_00482
Corrosive,Object_29810
Radioactive,Object_11124
Fragile,Object_03113
Food,Object_27001
Food,Object_02655
Oxidizing,Object_22641
Unspecified,Object_30360
Toxic,Object_16095
Oxidizing,Object_20740
Pressurized,Object_27658
Fragile,Object_20574
Flammable,Object_26409
Toxic,Object_09876
Unspecified,Object_27300
Unspecified,Object_16665
Flammable,Object_24063
Oxidizing,Object_12229
Explosive,Object_02664
Explosive,Object_14852
Corrosive,Object_25446
Unspecified,Object_13165
Corrosive,Object_16215
Toxic,Object_30102
Oxidizing,Object_23063
Explosive,Object_28752
Oxidizing,Object_06498
Corrosive,Object_24919
Food,Object_05700
Food,Object_13105
Food,Object_23490
Food,Object_01022
Pressurized,Object_10485
Oxidizing,Object_16345
Radioactive,Object_25111
Toxic,Object_17535
Toxic,Object_23959
Toxic,Object_10662
Explosive,Object_04368
Pressurized,Object_10086
Food,Object_29084
Toxic,Object_29809
Corrosive,Object_30300
Fragile,Object_21945
Flammable,Object_07228
Toxic,Object_17959
Pressurized,Object_05131
Unspecified,Object_21773
Explosive,Object_25882
Oxidizing,Object_02086
Radioactive,Object_14312
Flammable,Object_03898
Pressurized,Object_28452
Flammable,Object_21033
Pressurized,Object_21453
Unspecified,Object_16063
Food,Object_09895
Explosive,Object_16028
Explosive,Object_08962
Pressurized,Object_06665
Flammable,Object_16033
Corrosive,Object_20852
Radioactive,Object_08233
Pressurized,Object_15996
Corrosive,Object_18226
Radioactive,Object_18938
Flammable,Object_01673
Flammable,Object_17441
Pressurized,Object_03164
Pressurized,Object_19276
Unspecified,Object_22991
Toxic,Object_21360
Toxic,Object_03989
Explosive,Object_01361
Flammable,Object_29853
Food,Object_08398
Oxidizing,Object_23819
Radioactive,Object_19004
Corrosive,Object_28579
Explosive,Object_08319
Radioactive,Object_19242
Flammable,Object_07459
Toxic,Object_16061
Toxic,Object_01083
Fragile,Object_20091
Pressurized,Object_03365
Food,Object_18198
Radioactive,Object_07405
Fragile,Object_27238
Toxic,Object_19115
Food,Object_04824
Unspecified,Object_25495
Oxidizing,Object_05626
Oxidizing,Object_13420
Pressurized,Object_12598
Pressurized,Object_01102
Unspecified,Object_06129
Pressurized,Object_10708
Flammable,Object_12947
Oxidizing,Object_10312
Toxic,Object_20617
Fragile,Object_22417
Food,Object_26085
Radioactive,Object_13197
Unspecified,Object_23683
Toxic,Object_21178
Radioactive,Object_03215
Pressurized,Object_23107
Pressurized,Object_04007
Flammable,Object_03099
Oxidizing,Object_16270
Flammable,Object_29157
Unspecified,Object_06286
Corrosive,Object_08019
Unspecified,Object_24294
Corrosive,Object_21554
Oxidizing,Object_12364
Explosive,Object_24764
Food,Object_25286
Toxic,Object_22866
Food,Object_14668
Food,Object_20809
Pressurized,Object_24746
Flammable,Object_01248
Fragile,Object_02984
Pressurized,Object_03371
Food,Object_21309
Explosive,Object_03800
Flammable,Object_17313
Unspecified,Object_16839
Fragile,Object_19484
Oxidizing,Object_09953
Toxic,Object_01804
Oxidizing,Object_04986
Pressurized,Object_16052
Corrosive,Object_16351
Pressurized,Object_19457
Toxic,Object_09868
Fragile,Object_12084
Oxidizing,Object_25852
Food,Object_10773
Pressurized,Object_09940
Oxidizing,Object_20197
Flammable,Object_06297
Radioactive,Object_08665
Pressurized,Object_02101
Toxic,Object_17178
Pressurized,Object_29539
Toxic,Object_22122
Toxic,Object_07948
Flammable,Object_27401
Toxic,Object_02783
Oxidizing,Object_00709
Pressurized,Object_24286
Unspecified,Object_28198
Explosive,Object_10807
Pressurized,Object_08336
Explosive,Object_12940
Fragile,Object_03128
Corrosive,Object_06420
Fragile,Object_28879
Corrosive,Object_26381
Radioactive,Object_25526
Explosive,Object_04612
Unspecified,Object_30069
Pressurized,Object_18567
Food,Object_14789
Explosive,Object_01147
Toxic,Object_05519
Explosive,Object_10521
Explosive,Object_19746
Toxic,Object_20084
Food,Object_03565
Fragile,Object_20358
Unspecified,Object_04847
Toxic,Object_07135
Unspecified,Object_25324
Corrosive,Object_09610
Pressurized,Object_00996
Fragile,Object_23081
Fragile,Object_14125
Fragile,Object_17256
Corrosive,Object_16262
Fragile,Object_09161
Fragile,Object_24634
Unspecified,Object_07895
Corrosive,Object_11603
Flammable,Object_20905
Corrosive,Object_25893
Unspecified,Object_08942
Explosive,Object_20322
Unspecified,Object_19937
Fragile,Object_19855
Flammable,Object_16784
Pressurized,Object_12099
Radioactive,Object_04022
Flammable,Object_08229
Food,Object_20907
Pressurized,Object_05742
Corrosive,Object_02465
Food,Object_24465
Unspecified,Object_21254
Fragile,Object_28515
Explosive,Object_06683
Flammable,Object_01702
Oxidizing,Object_26334
Pressurized,Object_02146
Radioactive,Object_02399
Food,Object_21819
Flammable,Object_30279
Food,Object_12599
Flammable,Object_25946
Corrosive,Object_08992
Flammable,Object_30228
Oxidizing,Object_29768
Radioactive,Object_26376
Explosive,Object_03359
Food,Object_00623
Fragile,Object_29481
Food,Object_11845
Explosive,Object_10202
Unspecified,Object_13899
Toxic,Object_07992
Corrosive,Object_03093
Explosive,Object_05144
Explosive,Object_14501
Toxic,Object_03090
Flammable,Object_19807
Food,Object_03620
Corrosive,Object_20090
Radioactive,Object_22654
Fragile,Object_28630
Oxidizing,Object_05160
Pressurized,Object_01982
Toxic,Object_10653
Flammable,Object_03779
Toxic,Object_09137
Radioactive,Object_13130
Flammable,Object_16214
Food,Object_28022
Toxic,Object_13397
Pressurized,Object_05338
Pressurized,Object_03923
Corrosive,Object_13294
Explosive,Object_05485
Flammable,Object_14973
Corrosive,Object_28598
Radioactive,Object_24074
Pressurized,Object_30174
Oxidizing,Object_04166
Toxic,Object_20041
Corrosive,Object_25568
Toxic,Object_29695
Flammable,Object_18259
Fragile,Object_23285
Radioactive,Object_20787
Unspecified,Object_16298
Fragile,Object_06024
Toxic,Object_29957
Explosive,Object_24183
Pressurized,Object_06618
Corrosive,Object_17161
Explosive,Object_06424
Food,Object_02678
Pressurized,Object_20949
Radioactive,Object_09030
Toxic,Object_24053
Pressurized,Object_16894
Unspecified,Object_11947
Unspecified,Object_14689
Food,Object_24112
Explosive,Object_20878
Flammable,Object_18537
Fragile,Object_14604
Flammable,Object_03880
Fragile,Object_29838
Oxidizing,Object_22998
Unspecified,Object_29425
Flammable,Object_16416
Oxidizing,Object_21620
Pressurized,Object_05174
Toxic,Object_06128
Fragile,Object_09178
Oxidizing,Object_00828
Unspecified,Object_00741
Pressurized,Object_11372
Corrosive,Object_05267
Fragile,Object_05650
Pressurized,Object_12027
Food,Object_16311
Corrosive,Object_23074
Corrosive,Object_06414
Toxic,Object_25668
Flammable,Object_13526
Food,Object_02668
Pressurized,Object_20735
Explosive,Object_21725
Flammable,Object_25887
Toxic,Object_04590
Radioactive,Object_25822
Flammable,Object_07051
Radioactive,Object_18330
Toxic,Object_26914
Flammable,Object_09238
Explosive,Object_23622
Oxidizing,Object_02228
Flammable,Object_16472
Toxic,Object_07695
Explosive,Object_01661
Oxidizing,Object_28015
Oxidizing,Object_29304
Flammable,Object_12285
Unspecified,Object_05502
Toxic,Object_29361
Oxidizing,Object_24870
Explosive,Object_15520
Pressurized,Object_26603
Pressurized,Object_09478
Oxidizing,Object_05733
Toxic,Object_20950
Pressurized,Object_18277
Explosive,Object_22084
Food,Object_03517
Toxic,Object_09699
Explosive,Object_03405
Flammable,Object_09618
Fragile,Object_03192
Explosive,Object_04514
Toxic,Object_00484
Fragile,Object_07350
Oxidizing,Object_26920
Pressurized,Object_09802
Unspecified,Object_05679
Food,Object_01693
Toxic,Object_26079
Explosive,Object_16975
Oxidizing,Object_02230
Fragile,Object_18322
Pressurized,Object_12226
Unspecified,Object_10975
Fragile,Object_23041
Flammable,Object_05061
Corrosive,Object_13276
Pressurized,Object_09417
Fragile,Object_25011
Explosive,Object_13967
Pressurized,Object_04170
Food,Object_12976
Flammable,Object_12913
Explosive,Object_01163
Radioactive,Object_18501
Pressurized,Object_19148
Pressurized,Object_09336
Explosive,Object_09140
Food,Object_00584
Toxic,Object_19111
Flammable,Object_11020
Explosive,Object_28222
Corrosive,Object_27212
Oxidizing,Object_29934
Pressurized,Object_19134
Unspecified,Object_28121
Pressurized,Object_17671
Explosive,Object_22449
Pressurized,Object_26326
Radioactive,Object_02277
Fragile,Object_29276
Toxic,Object_02257
Flammable,Object_18841
Toxic,Object_08018
Unspecified,Object_17634
Oxidizing,Object_09866
Unspecified,Object_03682
Oxidizing,Object_26380
Pressurized,Object_22094
Toxic,Object_00594
Unspecified,Object_20010
Explosive,Object_13114
Fragile,Object_05939
Food,Object_24274
Fragile,Object_18773
Toxic,Object_19617
Flammable,Object_14892
Flammable,Object_06235
Fragile,Object_25386
Toxic,Object_19010
Food,Object_18809
Corrosive,Object_16186
Explosive,Object_30354
Food,Object_05755
Flammable,Object_18061
Pressurized,Object_05214
Pressurized,Object_26445
Oxidizing,Object_21564
Oxidizing,Object_14846
Corrosive,Object_07488
Flammable,Object_18299
Toxic,Object_08317
Flammable,Object_20231
Pressurized,Object_14380
Radioactive,Object_01007
Fragile,Object_14325
Pressurized,Object_19695
Food,Object_19062
Explosive,Object_10782
Toxic,Object_11381
Pressurized,Object_28971
Food,Object_15542
Unspecified,Object_04431
Toxic,Object_29977
Radioactive,Object_03013
Unspecified,Object_14953
Explosive,Object_10917
Radioactive,Object_03899
Radioactive,Object_18517
Explosive,Object_01607
Corrosive,Object_06444
Oxidizing,Object_09642
Radioactive,Object_29948
Oxidizing,Object_15127
Food,Object_05578
Radioactive,Object_22854
Radioactive,Object_16005
Fragile,Object_09015
Flammable,Object_03841
Toxic,Object_11975
Oxidizing,Object_27714
Unspecified,Object_25939
Pressurized,Object_01748
Fragile,Object_25818
Fragile,Object_19322
Pressurized,Object_07835
Unspecified,Object_04107
Corrosive,Object_02343
Explosive,Object_17675
Pressurized,Object_00813
Flammable,Object_23934
Toxic,Object_29892
Radioactive,Object_17131
Oxidizing,Object_17699
Toxic,Object_13877
Radioactive,Object_12446
Food,Object_04875
Explosive,Object_08522
Food,Object_06165
Fragile,Object_08140
Radioactive,Object_29223
Corrosive,Object_17346
Unspecified,Object_23550
Oxidizing,Object_24447
Food,Object_02987
Radioactive,Object_28305
Flammable,Object_27524
Toxic,Object_21984
Toxic,Object_30352
Unspecified,Object_05473
Explosive,Object_18622
Radioactive,Object_11327
Unspecified,Object_02522
Flammable,Object_23183
Flammable,Object_25940
Radioactive,Object_26817
Toxic,Object_15552
Food,Object_26797
Flammable,Object_16150
Corrosive,Object_10753
Unspecified,Object_05899
Pressurized,Object_29955
Food,Object_23135
Toxic,Object_21219
Corrosive,Object_21084
Unspecified,Object_02409
Unspecified,Object_25991
Food,Object_21404
Explosive,Object_12735
Pressurized,Object_14114
Toxic,Object_14037
Pressurized,Object_15759
Unspecified,Object_16445
Flammable,Object_15710
Unspecified,Object_24612
Oxidizing,Object_11644
Toxic,Object_21184
Explosive,Object_25462
Toxic,Object_16329
Pressurized,Object_26475
Unspecified,Object_21830
Radioactive,Object_17390
Corrosive,Object_30172
Toxic,Object_26132
Toxic,Object_14453
Oxidizing,Object_00498
Flammable,Object_16766
Fragile,Object_21058
Pressurized,Object_27436
Oxidizing,Object_23718
Fragile,Object_27121
Toxic,Object_23991
Toxic,Object_05059
Corrosive,Object_14080
Radioactive,Object_01749
Toxic,Object_10696
Corrosive,Object_01856
Fragile,Object_14440
Oxidizing,Object_02659
Flammable,Object_12585
Pressurized,Object_18645
Pressurized,Object_29459
Corrosive,Object_10632
Oxidizing,Object_01385
Corrosive,Object_04222
Food,Object_06634
Pressurized,Object_29340
Pressurized,Object_17145
Explosive,Object_24529
Pressurized,Object_19837
Unspecified,Object_01577
Food,Object_10915
Fragile,Object_19327
Explosive,Object_03221
Radioactive,Object_26890
Radioactive,Object_04991
Unspecified,Object_17864
Fragile,Object_23389
Food,Object_23609
Fragile,Object_21537
Explosive,Object_19243
Explosive,Object_25973
Flammable,Object_25179
Food,Object_29370
Radioactive,Object_21260
Food,Object_08425
Explosive,Object_21159
Corrosive,Object_11095
Radioactive,Object_23365
Food,Object_29062
Oxidizing,Object_28882
Explosive,Object_18317
Toxic,Object_25825
Pressurized,Object_01444
Flammable,Object_29643
Explosive,Object_06433
Toxic,Object_05648
Pressurized,Object_04219
Food,Object_14299
Toxic,Object_29380
Oxidizing,Object_22580
Oxidizing,Object_27118
Corrosive,Object_14443
Unspecified,Object_27798
Toxic,Object_04356
Pressurized,Object_24894
Radioactive,Object_24928
Radioactive,Object_29353
Pressurized,Object_01039
Food,Object_12729
Fragile,Object_12059
Food,Object_29958
Toxic,Object_05722
Flammable,Object_07650
Radioactive,Object_06771
Fragile,Object_15695
Food,Object_04925
Explosive,Object_05007
Pressurized,Object_15604
Explosive,Object_00719
Fragile,Object_06717
Toxic,Object_22459
Toxic,Object_01137
Radioactive,Object_09040
Radioactive,Object_03621
Food,Object_08333
Food,Object_22033
Pressurized,Object_03586
Fragile,Object_24664
Toxic,Object_29606
Corrosive,Object_16598
Corrosive,Object_22150
Pressurized,Object_05155
Corrosive,Object_28242
Radioactive,Object_07251
Explosive,Object_23455
Fragile,Object_29513
Flammable,Object_26432
Corrosive,Object_20969
Flammable,Object_12906
Pressurized,Object_24738
Flammable,Object_22345
Food,Object_19700
Pressurized,Object_12283
Flammable,Object_02817
Flammable,Object_14782
Radioactive,Object_28450
Fragile,Object_03540
Fragile,Object_24507
Toxic,Object_11360
Oxidizing,Object_02237
Flammable,Object_21282
Oxidizing,Object_07818
Explosive,Object_14520
Corrosive,Object_22975
Oxidizing,Object_00612
Explosive,Object_20657
Corrosive,Object_18914
Oxidizing,Object_08706
Food,Object_21005
Fragile,Object_09627
Explosive,Object_11256
Pressurized,Object_24799
Radioactive,Object_14203
Fragile,Object_15874
Fragile,Object_20068
Corrosive,Object_28430
Radioactive,Object_18237
Oxidizing,Object_25465
Radioactive,Object_01049
Toxic,Object_22282
Unspecified,Object_22628
Oxidizing,Object_23166
Explosive,Object_23859
Radioactive,Object_07533
Explosive,Object_07571
Pressurized,Object_04379
Explosive,Object_08533
Flammable,Object_00512
Flammable,Object_26234
Oxidizing,Object_00674
Flammable,Object_16856
Food,Object_22753
Radioactive,Object_14369
Oxidizing,Object_08509
Unspecified,Object_19798
Explosive,Object_17096
Explosive,Object_01448
Flammable,Object_17992
Toxic,Object_05442
Explosive,Object_14407
Explosive,Object_06379
Pressurized,Object_22474
Oxidizing,Object_02724
Flammable,Object_19025
Pressurized,Object_02787
Radioactive,Object_07727
Oxidizing,Object_29239
Fragile,Object_18092
Toxic,Object_13921
Radioactive,Object_21205
Toxic,Object_02841
Oxidizing,Object_30142
Explosive,Object_01457
Flammable,Object_05216
Unspecified,Object_06343
Corrosive,Object_16175
Flammable,Object_26559
Fragile,Object_01062
Flammable,Object_15188
Pressurized,Object_07229
Oxidizing,Object_21896
Flammable,Object_24220
Pressurized,Object_14093
Food,Object_24381
Toxic,Object_03062
Flammable,Object_28555
Food,Object_06347
Flammable,Object_08228
Pressurized,Object_20713
Radioactive,Object_16231
Radioactive,Object_16120
Flammable,Object_15924
Explosive,Object_04015
Unspecified,Object_07348
Corrosive,Object_28109
Unspecified,Object_02452
Fragile,Object_06905
Explosive,Object_05272
Pressurized,Object_08632
Toxic,Object_28377
Oxidizing,Object_09338
Flammable,Object_14251
Fragile,Object_09817
Radioactive,Object_19488
Unspecified,Object_23967
Fragile,Object_10612
Food,Object_02090
Fragile,Object_21952
Toxic,Object_18049
Corrosive,Object_29215
Oxidizing,Object_24350
Radioactive,Object_30084
Pressurized,Object_04080
Pressurized,Object_00628
Pressurized,Object_27560
Explosive,Object_03909
Pressurized,Object_10396
Flammable,Object_27420
Corrosive,Object_10919
Fragile,Object_22970
Corrosive,Object_26454
Explosive,Object_23548
Fragile,Object_23968
Flammable,Object_29117
Explosive,Object_18523
Unspecified,Object_26530
Radioactive,Object_12648
Fragile,Object_13135
Flammable,Object_12600
Oxidizing,Object_02626
Toxic,Object_21342
Unspecified,Object_23980
Radioactive,Object_19688
Food,Object_08883
Toxic,Object_13604
Food,Object_17305
Corrosive,Object_10613
Pressurized,Object_18750
Corrosive,Object_05568
Explosive,Object_21792
Fragile,Object_08528
Flammable,Object_02778
Food,Object_02727
Oxidizing,Object_26862
Oxidizing,Object_11779
Unspecified,Object_06106
Oxidizing,Object_28513
Fragile,Object_02621
Flammable,Object_13731
Radioactive,Object_06647
Oxidizing,Object_08379
Oxidizing,Object_02222
Unspecified,Object_27563
Corrosive,Object_11481
Pressurized,Object_10263
Radioactive,Object_00326
Oxidizing,Object_26021
Unspecified,Object_27637
Radioactive,Object_03939
Oxidizing,Object_24981
Toxic,Object_06405
Food,Object_08516
Corrosive,Object_06103
Pressurized,Object_20685
Unspecified,Object_09411
Fragile,Object_10143
Toxic,Object_27949
Toxic,Object_13766
Flammable,Object_09974
Unspecified,Object_06450
Explosive,Object_25089
Flammable,Object_07476
Radioactive,Object_21056
Food,Object_19812
Explosive,Object_07109
Toxic,Object_18404
Corrosive,Object_11683
Unspecified,Object_08635
Fragile,Object_23879
Flammable,Object_03468
Radioactive,Object_13393
Oxidizing,Object_22400
Radioactive,Object_13329
Radioactive,Object_19968
Oxidizing,Object_24872
Unspecified,Object_19012
Food,Object_14317
Fragile,Object_03125
Explosive,Object_12515
Corrosive,Object_20311
Explosive,Object_27594
Flammable,Object_26976
Toxic,Object_05449
Flammable,Object_03727
Oxidizing,Object_27518
Oxidizing,Object_15228
Radioactive,Object_24187
Food,Object_22463
Radioactive,Object_17600
Radioactive,Object_19438
Fragile,Object_10440
Unspecified,Object_20966
Pressurized,Object_20473
Toxic,Object_06754
Oxidizing,Object_09847
Pressurized,Object_15720
Unspecified,Object_05601
Oxidizing,Object_27872
Oxidizing,Object_26397
Food,Object_05038
Food,Object_17088
Toxic,Object_07890
Unspecified,Object_29248
Corrosive,Object_10033
Flammable,Object_20924
Fragile,Object_05124
Toxic,Object_11361
Food,Object_11031
Toxic,Object_16405
Toxic,Object_12154
Food,Object_26930
Unspecified,Object_01143
Food,Object_26214
Toxic,Object_27081
Pressurized,Object_05073
Corrosive,Object_29478
Flammable,Object_14700
Toxic,Object_10635
Corrosive,Object_05125
Flammable,Object_22390
Radioactive,Object_12700
Unspecified,Object_24708
Radioactive,Object_29490
Toxic,Object_08523
Radioactive,Object_16187
Explosive,Object_07241
Food,Object_04675
Unspecified,Object_08072
Food,Object_10032
Unspecified,Object_17007
Flammable,Object_10676
Corrosive,Object_12551
Food,Object_22022
Corrosive,Object_18932
Oxidizing,Object_16413
Fragile,Object_25596
Pressurized,Object_27152
Food,Object_15538
Toxic,Object_08346
Radioactive,Object_07870
Corrosive,Object_27802
Flammable,Object_02417
Unspecified,Object_17034
Flammable,Object_16846
Pressurized,Object_03634
Explosive,Object_11391
Oxidizing,Object_25472
Explosive,Object_14895
Radioactive,Object_05772
Fragile,Object_21076
Radioactive,Object_02861
Food,Object_16538
Unspecified,Object_06840
Corrosive,Object_13321
Fragile,Object_11107
Toxic,Object_04048
Pressurized,Object_16161
Toxic,Object_08102
Explosive,Object_29700
Corrosive,Object_06649
Radioactive,Object_28451
Radioactive,Object_08922
Explosive,Object_26252
Unspecified,Object_25898
Radioactive,Object_14808
Flammable,Object_10340
Fragile,Object_27593
Pressurized,Object_09264
Explosive,Object_14537
Fragile,Object_01048
Oxidizing,Object_09129
Unspecified,Object_27115
Corrosive,Object_17276
Unspecified,Object_21971
Corrosive,Object_21470
Radioactive,Object_27467
Oxidizing,Object_20613
Food,Object_15019
Flammable,Object_06023
Fragile,Object_02240
Fragile,Object_25135
Radioactive,Object_29813
Pressurized,Object_05902
Explosive,Object_12918
Radioactive,Object_04878
Corrosive,Object_26529
Explosive,Object_22666
Fragile,Object_27862
Radioactive,Object_02070
Flammable,Object_25397
Food,Object_20602
Oxidizing,Object_26479
Unspecified,Object_28750
Food,Object_02159
Oxidizing,Object_10743
Explosive,Object_08686
Flammable,Object_13180
Corrosive,Object_22594
Oxidizing,Object_16876
Toxic,Object_12809
Flammable,Object_16129
Pressurized,Object_23697
Oxidizing,Object_18697
Oxidizing,Object_03353
Explosive,Object_29050
Flammable,Object_09368
Flammable,Object_02811
Oxidizing,Object_03424
Toxic,Object_01278
Toxic,Object_29749
Food,Object_04802
Unspecified,Object_23176
Unspecified,Object_02402
Pressurized,Object_10310
Unspecified,Object_27277
Unspecified,Object_15514
Flammable,Object_02235
Fragile,Object_16595
Flammable,Object_16444
Toxic,Object_23424
Explosive,Object_15487
Food,Object_17288
Unspecified,Object_09106
Explosive,Object_07411
Radioactive,Object_18996
Explosive,Object_21481
Radioactive,Object_22075
Food,Object_03084
Pressurized,Object_10536
Oxidizing,Object_01615
Corrosive,Object_27440
Food,Object_06196
Flammable,Object_05538
Flammable,Object_21763
Corrosive,Object_23771
Unspecified,Object_07458
Food,Object_20300
Fragile,Object_20945
Flammable,Object_29501
Fragile,Object_17898
Explosive,Object_22500
Corrosive,Object_29134
Unspecified,Object_22218
Radioactive,Object_28457
Toxic,Object_22438
Food,Object_27246
Fragile,Object_21527
Unspecified,Object_17767
Corrosive,Object_26659
Unspecified,Object_02513
Oxidizing,Object_17703
Corrosive,Object_25753
Corrosive,Object_01676
Toxic,Object_27631
Corrosive,Object_12003
Fragile,Object_26088
Unspecified,Object_06826
Oxidizing,Object_29519
Flammable,Object_12830
Corrosive,Object_13962
Oxidizing,Object_26945
Fragile,Object_20292
Flammable,Object_16577
Fragile,Object_11415
Explosive,Object_05751
Pressurized,Object_15149
Radioactive,Object_08985
Radioactive,Object_10739
Flammable,Object_09962
Radioactive,Object_08421
Oxidizing,Object_20637
Food,Object_21615
Radioactive,Object_01149
Fragile,Object_20738
Food,Object_11117
Flammable,Object_28892
Oxidizing,Object_19626
Explosive,Object_11823
Oxidizing,Object_06013
Corrosive,Object_04092
Corrosive,Object_17327
Food,Object_28607
Corrosive,Object_08825
Pressurized,Object_17210
Corrosive,Object_16833
Flammable,Object_04533
Corrosive,Object_14936
Radioactive,Object_11214
Flammable,Object_26622
Oxidizing,Object_21673
Oxidizing,Object_09305
Radioactive,Object_13879
Unspecified,Object_10850
Oxidizing,Object_27671
Flammable,Object_26707
Toxic,Object_11488
Corrosive,Object_11001
Food,Object_06619
Pressurized,Object_23512
Radioactive,Object_00193
Fragile,Object_09954
Corrosive,Object_11330
Toxic,Object_13629
Oxidizing,Object_01648
Pressurized,Object_25773
Explosive,Object_20577
Fragile,Object_24577
Corrosive,Object_24508
Fragile,Object_03566
Flammable,Object_13354
Flammable,Object_28581
Explosive,Object_16881
Corrosive,Object_22439
Radioactive,Object_26900
Radioactive,Object_08707
Toxic,Object_25393
Radioactive,Object_10806
Pressurized,Object_03783
Toxic,Object_30100
Fragile,Object_08295
Unspecified,Object_16798
Oxidizing,Object_17717
Corrosive,Object_21881
Toxic,Object_12562
Corrosive,Object_05898
Oxidizing,Object_04753
Unspecified,Object_20663
Corrosive,Object_19857
Pressurized,Object_00460
Unspecified,Object_12241
Flammable,Object_06263
Fragile,Object_28929
Unspecified,Object_13067
Fragile,Object_24226
Toxic,Object_15147
Flammable,Object_17824
Pressurized,Object_21138
Pressurized,Object_07504
Corrosive,Object_08416
Oxidizing,Object_29327
Corrosive,Object_26773
Corrosive,Object_12656
Pressurized,Object_08242
Pressurized,Object_03442
Toxic,Object_02219
Food,Object_08304
Flammable,Object_20938
Radioactive,Object_29974
Unspecified,Object_06575
Radioactive,Object_15326
Food,Object_04125
Flammable,Object_28135
Fragile,Object_00472
Oxidizing,Object_23056
Food,Object_26858
Oxidizing,Object_03814
Fragile,Object_11585
Corrosive,Object_25309
Fragile,Object_16163
Fragile,Object_09772
Pressurized,Object_14135
Flammable,Object_12535
Explosive,Object_12745
Fragile,Object_25595
Food,Object_01593
Oxidizing,Object_20887
Pressurized,Object_06739
Explosive,Object_13922
Food,Object_15224
Toxic,Object_21767
Explosive,Object_14638
Oxidizing,Object_01650
Oxidizing,Object_05689
Oxidizing,Object_11207
Toxic,Object_23610
Toxic,Object_09127
Fragile,Object_12230
Toxic,Object_06567
Pressurized,Object_24430
Fragile,Object_21308
Flammable,Object_30044
Corrosive,Object_02679
Explosive,Object_17416
Explosive,Object_03513
Flammable,Object_10388
Food,Object_11179
Fragile,Object_13345
Explosive,Object_06400
Pressurized,Object_14751
Radioactive,Object_20911
Flammable,Object_14833
Oxidizing,Object_11652
Flammable,Object_21049
Toxic,Object_00887
Fragile,Object_04509
Fragile,Object_19769
Corrosive,Object_09359
Toxic,Object_02573
Oxidizing,Object_10252
Fragile,Object_30271
Pressurized,Object_03505
Fragile,Object_22488
Toxic,Object_30200
Corrosive,Object_15845
Pressurized,Object_19119
Toxic,Object_07426
Flammable,Object_24723
Fragile,Object_21937
Explosive,Object_18206
Radioactive,Object_29445
Toxic,Object_03611
Toxic,Object_24215
Fragile,Object_13738
Pressurized,Object_25614
Flammable,Object_14766
Flammable,Object_27228
Explosive,Object_01214
Corrosive,Object_08394
Toxic,Object_29740
Flammable,Object_29683
Radioactive,Object_30050
Unspecified,Object_14228
Radioactive,Object_08325
Flammable,Object_03946
Pressurized,Object_15414
Food,Object_27556
Unspecified,Object_10799
Oxidizing,Object_16136
Pressurized,Object_10784
Toxic,Object_20457
Pressurized,Object_05830
Oxidizing,Object_08531
Corrosive,Object_23273
Pressurized,Object_19908
Corrosive,Object_24084
Unspecified,Object_11172
Oxidizing,Object_18174
Flammable,Object_11656
Unspecified,Object_27930
Oxidizing,Object_05466
Fragile,Object_14602
Radioactive,Object_08089
Corrosive,Object_05795
Toxic,Object_22603
Radioactive,Object_11257
Explosive,Object_06069
Corrosive,Object_29022
Food,Object_05584
Fragile,Object_16292
Explosive,Object_27794
Toxic,Object_07076
Explosive,Object_27844
Fragile,Object_13633
Pressurized,Object_18436
Oxidizing,Object_12826
Radioactive,Object_26499
Radioactive,Object_22460
Fragile,Object_06330
Radioactive,Object_26339
Fragile,Object_30309
Food,Object_26089
Toxic,Object_27200
Food,Object_04077
Pressurized,Object_25391
Radioactive,Object_22009
Food,Object_05378
Fragile,Object_11829
Oxidizing,Object_28794
Corrosive,Object_06502
Corrosive,Object_12518
Explosive,Object_05271
Oxidizing,Object_06766
Radioactive,Object_26825
Corrosive,Object_28811
Radioactive,Object_12491
Oxidizing,Object_15842
Toxic,Object_28419
Radioactive,Object_00712
Corrosive,Object_22059
Explosive,Object_24960
Toxic,Object_01635
Fragile,Object_23773
Food,Object_12519
Radioactive,Object_26467
Unspecified,Object_24519
Radioactive,Object_16823
Food,Object_03357
Unspecified,Object_13536
Flammable,Object_01790
Pressurized,Object_17267
Toxic,Object_07101
Fragile,Object_25400
Pressurized,Object_07624
Toxic,Object_08571
Flammable,Object_04920
Pressurized,Object_14087
Corrosive,Object_26755
Explosive,Object_18602
Flammable,Object_27656
Corrosive,Object_13612
Flammable,Object_23439
Flammable,Object_17218
Fragile,Object_08487
Fragile,Object_26031
Oxidizing,Object_28339
Unspecified,Object_03764
Toxic,Object_27274
Food,Object_20812
Fragile,Object_16519
Flammable,Object_00075
Unspecified,Object_19766
Fragile,Object_23606
Pressurized,Object_16869
Radioactive,Object_28539
Oxidizing,Object_08507
Flammable,Object_26250
Pressurized,Object_22050
Unspecified,Object_11177
Pressurized,Object_24534
Explosive,Object_29560
Oxidizing,Object_05580
Explosive,Object_03704
Oxidizing,Object_14539
Explosive,Object_25225
Food,Object_21674
Toxic,Object_05234
Toxic,Object_04844
Toxic,Object_25684
Corrosive,Object_24666
Explosive,Object_30078
Unspecified,Object_18743
Unspecified,Object_07475
Flammable,Object_12302
Corrosive,Object_12782
Oxidizing,Object_07064
Toxic,Object_23281
Oxidizing,Object_25178
Corrosive,Object_12414
Food,Object_09344
Flammable,Object_06084
Toxic,Object_02000
Oxidizing,Object_22749
Flammable,Object_11183
Pressurized,Object_16681
Explosive,Object_02961
Corrosive,Object_17061
Flammable,Object_00843
Food,Object_28409
Unspecified,Object_19880
Flammable,Object_14007
Explosive,Object_10813
Corrosive,Object_19887
Pressurized,Object_07209
Pressurized,Object_08607
Flammable,Object_00226
Flammable,Object_07600
Toxic,Object_07823
Unspecified,Object_29524
Unspecified,Object_01529
Pressurized,Object_17120
Pressurized,Object_10250
Corrosive,Object_06807
Fragile,Object_25941
Toxic,Object_25189
Radioactive,Object_26315
Pressurized,Object_25278
Fragile,Object_20459
Flammable,Object_13322
Radioactive,Object_01626
Toxic,Object_18924
Unspecified,Object_24391
Radioactive,Object_24561
Radioactive,Object_11553
Unspecified,Object_23631
Fragile,Object_00836
Food,Object_29485
Food,Object_03929
Toxic,Object_26104
Radioactive,Object_19490
Toxic,Object_00091
Toxic,Object_23414
Oxidizing,Object_14801
Oxidizing,Object_24982
Radioactive,Object_29544
Fragile,Object_18651
Radioactive,Object_21483
Pressurized,Object_26387
Corrosive,Object_00174
Radioactive,Object_25816
Toxic,Object_01580
Unspecified,Object_22416
Explosive,Object_07207
Flammable,Object_11586
Explosive,Object_25637
Oxidizing,Object_27760
Oxidizing,Object_28197
Flammable,Object_24260
Food,Object_25261
Food,Object_25876
Explosive,Object_29534
Pressurized,Object_21526
Unspecified,Object_13173
Oxidizing,Object_30003
Pressurized,Object_10672
Explosive,Object_21236
Pressurized,Object_16704
Oxidizing,Object_13725
Corrosive,Object_01262
Fragile,Object_25750
Pressurized,Object_18038
Corrosive,Object_21209
Oxidizing,Object_11052
Flammable,Object_22811
Unspecified,Object_13733
Food,Object_21701
Unspecified,Object_23962
Fragile,Object_10778
Food,Object_01229
Unspecified,Object_03115
Toxic,Object_25152
Radioactive,Object_11043
Corrosive,Object_09016
Corrosive,Object_00629
Oxidizing,Object_29185
Flammable,Object_01909
Pressurized,Object_03435
Fragile,Object_18889
Radioactive,Object_11461
Explosive,Object_08468
Fragile,Object_11328
Toxic,Object_17125
Toxic,Object_27580
Radioactive,Object_27096
Oxidizing,Object_13301
Explosive,Object_11525
Flammable,Object_12076
Oxidizing,Object_13467
Food,Object_11645
Pressurized,Object_25513
Fragile,Object_04008
Corrosive,Object_27956
Unspecified,Object_25980
Unspecified,Object_22045
Fragile,Object_27452
Oxidizing,Object_21962
Unspecified,Object_02500
Toxic,Object_26229
Unspecified,Object_24520
Fragile,Object_03944
Toxic,Object_23849
Unspecified,Object_30311
Radioactive,Object_20414
Radioactive,Object_22905
Unspecified,Object_07627
Unspecified,Object_07685
Flammable,Object_01388
Pressurized,Object_09246
Radioactive,Object_23053
Flammable,Object_25849
Oxidizing,Object_04803
Unspecified,Object_09532
Food,Object_17181
Food,Object_07579
Oxidizing,Object_23268
Flammable,Object_12063
Food,Object_22928
Food,Object_11546
Food,Object_18725
Flammable,Object_21739
Unspecified,Object_26620
Fragile,Object_29852
Fragile,Object_29727
Fragile,Object_11724
Pressurized,Object_25820
Radioactive,Object_00030
Flammable,Object_19139
Oxidizing,Object_04115
Flammable,Object_20443
Unspecified,Object_20923
Toxic,Object_14527
Fragile,Object_24035
Flammable,Object_13019
Flammable,Object_29510
Unspecified,Object_20251
Oxidizing,Object_22800
Toxic,Object_27378
Flammable,Object_18364
Pressurized,Object_21257
Fragile,Object_10558
Corrosive,Object_24241
Corrosive,Object_28128
Oxidizing,Object_12316
Explosive,Object_13640
Flammable,Object_15939
Unspecified,Object_06832
Fragile,Object_16092
Unspecified,Object_10798
Oxidizing,Object_14512
Corrosive,Object_26040
Toxic,Object_07355
Pressurized,Object_27938
Explosive,Object_08926
Explosive,Object_25346
Corrosive,Object_29319
Explosive,Object_10322
Flammable,Object_21262
Radioactive,Object_03979
Radioactive,Object_17684
Food,Object_01479
Toxic,Object_12376
Pressurized,Object_18541
Unspecified,Object_04223
Fragile,Object_16549
Pressurized,Object_18134
Toxic,Object_24687
Fragile,Object_25584
Food,Object_09430
Unspecified,Object_05521
Unspecified,Object_13314
Toxic,Object_19653
Toxic,Object_17290
Explosive,Object_21717
Pressurized,Object_12697
Oxidizing,Object_19832
Explosive,Object_24165
Corrosive,Object_29994
Fragile,Object_19110
Flammable,Object_06928
Corrosive,Object_11430
Oxidizing,Object_07596
Pressurized,Object_29804
Pressurized,Object_22828
Oxidizing,Object_11127
Radioactive,Object_13206
Radioactive,Object_10021
Explosive,Object_05483
Explosive,Object_17306
Food,Object_16382
Unspecified,Object_15073
Fragile,Object_13726
Corrosive,Object_05583
Food,Object_04029
Food,Object_12746
Flammable,Object_06642
Flammable,Object_27748
Explosive,Object_25764
Oxidizing,Object_22486
Food,Object_09547
Explosive,Object_04325
Oxidizing,Object_22073
Fragile,Object_05814
Pressurized,Object_10059
Radioactive,Object_25697
Radioactive,Object_30242
Pressurized,Object_29041
Toxic,Object_22036
Pressurized,Object_20017
Radioactive,Object_07249
Pressurized,Object_16841
Oxidizing,Object_15159
Explosive,Object_19841
Toxic,Object_20415
Corrosive,Object_15968
Flammable,Object_29604
Oxidizing,Object_16205
Food,Object_30154
Radioactive,Object_02229
Explosive,Object_23496
Pressurized,Object_03141
Oxidizing,Object_30034
Flammable,Object_20930
Explosive,Object_10556
Explosive,Object_09358
Flammable,Object_21111
Fragile,Object_10062
Unspecified,Object_21737
Unspecified,Object_08413
Corrosive,Object_28920
Oxidizing,Object_10935
Flammable,Object_18547
Explosive,Object_11575
Fragile,Object_28144
Radioactive,Object_15192
Fragile,Object_10480
Unspecified,Object_05628
Explosive,Object_12168
Unspecified,Object_08595
Flammable,Object_11469
Pressurized,Object_09333
Toxic,Object_28639
Food,Object_05506
Fragile,Object_09516
Fragile,Object_14234
Oxidizing,Object_11442
Oxidizing,Object_28053
Flammable,Object_01910
Radioactive,Object_19268
Explosive,Object_11429
Radioactive,Object_01562
Oxidizing,Object_18477
Toxic,Object_20598
Fragile,Object_14960
Explosive,Object_26535
Food,Object_23761
Oxidizing,Object_29671
Explosive,Object_13337
Radioactive,Object_20352
Pressurized,Object_13179
Toxic,Object_29904
Food,Object_00185
Corrosive,Object_28130
Toxic,Object_26640
Fragile,Object_08878
Food,Object_02227
Food,Object_09961
Oxidizing,Object_27756
Explosive,Object_01416
Pressurized,Object_08828
Flammable,Object_03342
Fragile,Object_00052
Flammable,Object_23051
Oxidizing,Object_03271
Fragile,Object_19071
Radioactive,Object_20794
Radioactive,Object_05965
Unspecified,Object_24318
Unspecified,Object_27190
Oxidizing,Object_13309
Unspecified,Object_17142
Toxic,Object_28349
Corrosive,Object_15020
Explosive,Object_21408
Corrosive,Object_05062
Toxic,Object_18871
Flammable,Object_16505
Pressurized,Object_11344
Explosive,Object_14774
Pressurized,Object_09810
Fragile,Object_29349
Explosive,Object_13290
Fragile,Object_00700
Unspecified,Object_22015
Flammable,Object_09537
Unspecified,Object_16473
Food,Object_03312
Corrosive,Object_22038
Flammable,Object_25640
Fragile,Object_01400
Fragile,Object_28544
Oxidizing,Object_17060
Toxic,Object_02030
Explosive,Object_03134
Pressurized,Object_26563
Food,Object_15560
Radioactive,Object_16606
Unspecified,Object_28609
Oxidizing,Object_04167
Food,Object_23086
Oxidizing,Object_16280
Flammable,Object_16457
Corrosive,Object_07667
Food,Object_12356
Fragile,Object_29709
Unspecified,Object_29636
Explosive,Object_29995
Food,Object_05016
Fragile,Object_24169
Food,Object_29216
Explosive,Object_09596
Toxic,Object_28712
Pressurized,Object_23026
Unspecified,Object_21698
Pressurized,Object_02458
Flammable,Object_19621
Unspecified,Object_26984
Explosive,Object_05143
Unspecified,Object_17266
Corrosive,Object_21596
Food,Object_25488
Unspecified,Object_19205
Fragile,Object_07549
Radioactive,Object_03391
Unspecified,Object_19586
Food,Object_11712
Fragile,Object_01631
Unspecified,Object_18774
Unspecified,Object_29397
Food,Object_22550
Corrosive,Object_00733
Explosive,Object_13827
Explosive,Object_26470
Radioactive,Object_08569
Oxidizing,Object_13057
Corrosive,Object_27841
Fragile,Object_24566
Explosive,Object_15778
Explosive,Object_25087
Toxic,Object_02137
Oxidizing,Object_17917
Fragile,Object_03188
Unspecified,Object_04473
Pressurized,Object_00764
Explosive,Object_08074
Pressurized,Object_10205
Toxic,Object_14217
Flammable,Object_13648
Pressurized,Object_29992
Toxic,Object_28420
Explosive,Object_12186
Toxic,Object_09985
Toxic,Object_00504
Oxidizing,Object_00037
Fragile,Object_05513
Toxic,Object_10117
Oxidizing,Object_04589
Oxidizing,Object_25003
Fragile,Object_13580
Food,Object_20699
Unspecified,Object_03584
Toxic,Object_28480
Oxidizing,Object_14259
Toxic,Object_15806
Explosive,Object_03871
Explosive,Object_00947
Pressurized,Object_01085
Corrosive,Object_09383
Fragile,Object_24726
Corrosive,Object_03507
Flammable,Object_03741
Flammable,Object_00430
Radioactive,Object_11654
Radioactive,Object_08551
Corrosive,Object_09045
Pressurized,Object_26685
Explosive,Object_13401
Food,Object_09392
Explosive,Object_05937
Food,Object_18475
Radioactive,Object_10550
Pressurized,Object_27592
Toxic,Object_07712
Toxic,Object_06101
Oxidizing,Object_13488
Oxidizing,Object_24206
Flammable,Object_03020
Toxic,Object_06175
Oxidizing,Object_25544
Food,Object_30032
Toxic,Object_29471
Pressurized,Object_14685
Unspecified,Object_24907
Corrosive,Object_00061
Oxidizing,Object_13588
Toxic,Object_20189
Toxic,Object_03196
Corrosive,Object_09474
Fragile,Object_09205
Toxic,Object_29016
Radioactive,Object_06700
Explosive,Object_09685
Fragile,Object_15387
Pressurized,Object_27409
Unspecified,Object_00305
Corrosive,Object_20378
Flammable,Object_04919
Pressurized,Object_25407
Unspecified,Object_06965
Oxidizing,Object_21287
Flammable,Object_05179
Radioactive,Object_13381
Oxidizing,Object_17225
Unspecified,Object_22329
Unspecified,Object_10147
Radioactive,Object_21198
Flammable,Object_15221
Flammable,Object_16914
Unspecified,Object_01709
Oxidizing,Object_12885
Oxidizing,Object_24243
Flammable,Object_03644
Unspecified,Object_23926
Oxidizing,Object_00743
Oxidizing,Object_27567
Pressurized,Object_20867
Pressurized,Object_07628
Explosive,Object_29878
Unspecified,Object_15736
Flammable,Object_15439
Unspecified,Object_27886
Corrosive,Object_06427
Flammable,Object_03532
Corrosive,Object_16650
Flammable,Object_02315
Radioactive,Object_09198
Radioactive,Object_20323
Food,Object_25907
Oxidizing,Object_01969
Radioactive,Object_04938
Toxic,Object_24291
Explosive,Object_20131
Radioactive,Object_29983
Corrosive,Object_20158
Radioactive,Object_13842
Corrosive,Object_13096
Flammable,Object_23742
Toxic,Object_15883
Oxidizing,Object_21210
Fragile,Object_24739
Explosive,Object_16169
Toxic,Object_20568
Flammable,Object_15171
Toxic,Object_30156
Unspecified,Object_02002
Corrosive,Object_09524
Unspecified,Object_04359
Fragile,Object_03730
Corrosive,Object_23933
Food,Object_22984
Toxic,Object_24474
Explosive,Object_02455
Fragile,Object_27740
Toxic,Object_30274
Toxic,Object_06256
Flammable,Object_08904
Pressurized,Object_22061
Pressurized,Object_11836
Oxidizing,Object_20269
Food,Object_06979
Food,Object_21081
Flammable,Object_00684
Corrosive,Object_10710
Unspecified,Object_06572
Corrosive,Object_24388
Explosive,Object_16371
Food,Object_21579
Unspecified,Object_04492
Oxidizing,Object_16910
Pressurized,Object_21054
Corrosive,Object_15869
Flammable,Object_19630
Flammable,Object_03165
Flammable,Object_02357
Pressurized,Object_24553
Food,Object_08539
Corrosive,Object_01641
Unspecified,Object_17457
Corrosive,Object_06672
Food,Object_17171
Toxic,Object_14242
Corrosive,Object_14840
Oxidizing,Object_15094
Oxidizing,Object_21323
Corrosive,Object_09407
Fragile,Object_17370
Food,Object_17398
Oxidizing,Object_14379
Toxic,Object_15926
Unspecified,Object_13547
Explosive,Object_14674
Food,Object_07447
Explosive,Object_24339
Flammable,Object_12094
Radioactive,Object_00020
Flammable,Object_26972
Corrosive,Object_03702
Oxidizing,Object_22475
Pressurized,Object_27174
Pressurized,Object_11821
Fragile,Object_21947
Fragile,Object_21765
Flammable,Object_16742
Flammable,Object_25797
Food,Object_09210
Explosive,Object_29937
Unspecified,Object_15403
Explosive,Object_20761
Unspecified,Object_13358
Corrosive,Object_22064
Fragile,Object_22532
Radioactive,Object_13605
Fragile,Object_22041
Food,Object_26076
Pressurized,Object_02210
Pressurized,Object_19431
Toxic,Object_19058
Flammable,Object_26935
Toxic,Object_08262
Unspecified,Object_13421
Unspecified,Object_03240
Oxidizing,Object_04967
Explosive,Object_15860
Explosive,Object_26736
Radioactive,Object_00773
Oxidizing,Object_22797
Explosive,Object_10403
Pressurized,Object_23632
Unspecified,Object_14772
Explosive,Object_04784
Radioactive,Object_00210
Flammable,Object_10720
Fragile,Object_00995
Explosive,Object_12937
Explosive,Object_10046
Corrosive,Object_09226
Flammable,Object_23518
Unspecified,Object_22274
Flammable,Object_09854
Flammable,Object_23299
Explosive,Object_28531
Corrosive,Object_26265
Flammable,Object_06926
Fragile,Object_22798
Fragile,Object_06195
Corrosive,Object_07352
Fragile,Object_07516
Food,Object_00868
Unspecified,Object_25121
Fragile,Object_05385
Food,Object_19500
Pressurized,Object_16426
Pressurized,Object_03693
Pressurized,Object_07275
Flammable,Object_18273
Radioactive,Object_01988
Corrosive,Object_18528
Toxic,Object_08763
Explosive,Object_06715
Radioactive,Object_08911
Flammable,Object_26800
Toxic,Object_00725
Food,Object_12361
Fragile,Object_25118
Unspecified,Object_25103
Flammable,Object_13282
Unspecified,Object_00260
Explosive,Object_25100
Corrosive,Object_27039
Fragile,Object_01469
Fragile,Object_19477
Pressurized,Object_28809
Fragile,Object_04976
Explosive,Object_24487
Pressurized,Object_07105
Flammable,Object_10561
Flammable,Object_20288
Radioactive,Object_19631
Toxic,Object_18246
Flammable,Object_24280
Toxic,Object_10201
Unspecified,Object_23072
Oxidizing,Object_05807
Fragile,Object_21327
Oxidizing,Object_04182
Fragile,Object_05680
Toxic,Object_05056
Flammable,Object_04185
Corrosive,Object_07366
Unspecified,Object_16730
Fragile,Object_02241
Oxidizing,Object_20541
Corrosive,Object_29320
Toxic,Object_04954
Fragile,Object_17903
Corrosive,Object_08865
Explosive,Object_00080
Corrosive,Object_27230
Flammable,Object_13068
Flammable,Object_26824
Pressurized,Object_17559
Oxidizing,Object_09736
Food,Object_10116
Pressurized,Object_23726
Radioactive,Object_28375
Fragile,Object_24722
Food,Object_10280
Corrosive,Object_20181
Pressurized,Object_12578
Explosive,Object_27369
Flammable,Object_04556
Radioactive,Object_10668
Fragile,Object_05863
Flammable,Object_23453
Flammable,Object_15507
Unspecified,Object_13927
Unspecified,Object_09362
Explosive,Object_07507
Pressurized,Object_16038
Flammable,Object_03596
Oxidizing,Object_05980
Radioactive,Object_03995
Corrosive,Object_17869
Pressurized,Object_20223
Toxic,Object_18684
Toxic,Object_22897
Oxidizing,Object_26609
Radioactive,Object_23952
Pressurized,Object_21539
Fragile,Object_15306
Oxidizing,Object_01447
Unspecified,Object_26866
Toxic,Object_03336
Fragile,Object_28618
Food,Object_17379
Oxidizing,Object_14563
Oxidizing,Object_21597
Radioactive,Object_15280
Pressurized,Object_10507
Unspecified,Object_28954
Unspecified,Object_25970
Food,Object_06140
Explosive,Object_12539
Unspecified,Object_07283
Oxidizing,Object_20094
Oxidizing,Object_11109
Unspecified,Object_22047
Unspecified,Object_24904
Toxic,Object_10780
Explosive,Object_08968
Toxic,Object_21692
Pressurized,Object_10194
Radioactive,Object_21944
Flammable,Object_08474
Toxic,Object_19391
Unspecified,Object_04530
Fragile,Object_03419
Corrosive,Object_17413
Pressurized,Object_10309
Toxic,Object_15096
Flammable,Object_03224
Oxidizing,Object_24886
Fragile,Object_00761
Toxic,Object_13671
Unspecified,Object_24334
Flammable,Object_23507
Toxic,Object_13201
Radioactive,Object_07296
Oxidizing,Object_22069
Explosive,Object_15272
Corrosive,Object_24690
Toxic,Object_09914
Explosive,Object_26730
Unspecified,Object_09873
Toxic,Object_01710
Fragile,Object_03148
Toxic,Object_26724
Fragile,Object_02067
Oxidizing,Object_23341
Explosive,Object_19424
Pressurized,Object_18639
Radioactive,Object_11155
Unspecified,Object_12531
Toxic,Object_08409
Flammable,Object_29023
Toxic,Object_04448
Food,Object_05673
Corrosive,Object_17980
Unspecified,Object_04386
Unspecified,Object_13797
Explosive,Object_17781
Explosive,Object_19440
Pressurized,Object_03475
Explosive,Object_23679
Oxidizing,Object_02835
Oxidizing,Object_20660
Toxic,Object_08151
Food,Object_07814
Explosive,Object_14506
Radioactive,Object_15273
Food,Object_19655
Fragile,Object_20121
Flammable,Object_18644
Fragile,Object_09273
Flammable,Object_02616
Radioactive,Object_03758
Oxidizing,Object_14496
Fragile,Object_02283
Explosive,Object_20600
Oxidizing,Object_09529
Fragile,Object_28747
Oxidizing,Object_26310
Food,Object_16348
Pressurized,Object_27522
Explosive,Object_04425
Food,Object_21497
Toxic,Object_15614
Fragile,Object_29666
Fragile,Object_18257
Unspecified,Object_26405
Pressurized,Object_08137
Explosive,Object_15791
Explosive,Object_24719
Fragile,Object_20209
Fragile,Object_01281
Fragile,Object_29724
Radioactive,Object_17226
Unspecified,Object_26909
Explosive,Object_22841
Pressurized,Object_19890
Pressurized,Object_22323
Pressurized,Object_27365
Food,Object_09819
Unspecified,Object_29089
Food,Object_14998
Pressurized,Object_02605
Corrosive,Object_03830
Fragile,Object_04624
Corrosive,Object_12164
Explosive,Object_03938
Pressurized,Object_27089
Corrosive,Object_20719
Oxidizing,Object_29857
Unspecified,Object_15465
Oxidizing,Object_19614
Toxic,Object_07901
Unspecified,Object_07214
Radioactive,Object_07147
Flammable,Object_13417
Corrosive,Object_18225
Flammable,Object_27527
Pressurized,Object_13903
Radioactive,Object_23543
Oxidizing,Object_14205
Toxic,Object_02380
Explosive,Object_00784
Corrosive,Object_30218
Toxic,Object_07800
Pressurized,Object_12162
Pressurized,Object_19454
Flammable,Object_24572
Food,Object_09705
Unspecified,Object_25380
Toxic,Object_11733
Flammable,Object_22545
Corrosive,Object_15069
Fragile,Object_02163
Corrosive,Object_22766
Oxidizing,Object_04961
Radioactive,Object_09480
Radioactive,Object_07226
Fragile,Object_21809
Unspecified,Object_20982
Flammable,Object_12699
Flammable,Object_27158
Explosive,Object_21239
Pressurized,Object_25151
Explosive,Object_26789
Food,Object_09373
Explosive,Object_16070
Oxidizing,Object_03848
Radioactive,Object_14504
Radioactive,Object_05488
Radioactive,Object_29453
Radioactive,Object_20513
Toxic,Object_01900
Radioactive,Object_01984
Unspecified,Object_08963
Explosive,Object_24674
Flammable,Object_03786
Unspecified,Object_06902
Toxic,Object_16179
Toxic,Object_17568
Radioactive,Object_10372
Explosive,Object_06327
Flammable,Object_06470
Unspecified,Object_04143
Pressurized,Object_12686
Radioactive,Object_18100
Unspecified,Object_21802
Fragile,Object_15165
Toxic,Object_21402
Fragile,Object_15857
Pressurized,Object_08540
Corrosive,Object_21889
Explosive,Object_14576
Toxic,Object_13371
Toxic,Object_13102
Oxidizing,Object_04120
Food,Object_05451
Pressurized,Object_06654
Flammable,Object_06055
Flammable,Object_17179
Flammable,Object_19720
Corrosive,Object_08521
Pressurized,Object_20917
Fragile,Object_03145
Fragile,Object_07908
Toxic,Object_20585
Toxic,Object_10657
Corrosive,Object_26762
Flammable,Object_04099
Unspecified,Object_15017
Pressurized,Object_26327
Flammable,Object_04012
Pressurized,Object_12038
Food,Object_06793
Toxic,Object_23084
Radioactive,Object_17221
Radioactive,Object_21882
Pressurized,Object_08648
Unspecified,Object_19272
Oxidizing,Object_25542
Radioactive,Object_16321
Fragile,Object_06587
Fragile,Object_12704
Fragile,Object_20450
Corrosive,Object_04732
Radioactive,Object_19978
Unspecified,Object_23178
Flammable,Object_18382
Toxic,Object_24157
Food,Object_25713
Unspecified,Object_06891
Explosive,Object_16634
Unspecified,Object_06786
Food,Object_11924
Fragile,Object_08727
Food,Object_17694
Pressurized,Object_20101
Toxic,Object_26853
Explosive,Object_23433
Explosive,Object_03003
Fragile,Object_25643
Corrosive,Object_01298
Toxic,Object_27512
Pressurized,Object_10432
Corrosive,Object_10591
Corrosive,Object_26261
Flammable,Object_22663
Toxic,Object_24734
Radioactive,Object_15310
Toxic,Object_06764
Unspecified,Object_22197
Oxidizing,Object_24888
Unspecified,Object_08989
Pressurized,Object_16471
Flammable,Object_18082
Radioactive,Object_28292
Flammable,Object_16852
Corrosive,Object_06638
Explosive,Object_16757
Toxic,Object_04067
Unspecified,Object_11939
Explosive,Object_23441
Corrosive,Object_22266
Oxidizing,Object_03155
Fragile,Object_22375
Flammable,Object_09915
Pressurized,Object_25008
Explosive,Object_02731
Flammable,Object_03607
Unspecified,Object_21863
Unspecified,Object_22253
Unspecified,Object_25298
Oxidizing,Object_13454
Pressurized,Object_01931
Unspecified,Object_23775
Toxic,Object_21489
Radioactive,Object_09606
Explosive,Object_15588
Unspecified,Object_15900
Unspecified,Object_30292
Fragile,Object_04673
Corrosive,Object_02005
Flammable,Object_24097
Toxic,Object_13047
Fragile,Object_18346
Fragile,Object_03624
Pressurized,Object_12610
Pressurized,Object_09882
Oxidizing,Object_29756
Oxidizing,Object_04183
Radioactive,Object_20460
Corrosive,Object_09360
Food,Object_17051
Fragile,Object_29381
Radioactive,Object_14344
Food,Object_19551
Oxidizing,Object_12395
Pressurized,Object_23554
Corrosive,Object_02789
Corrosive,Object_14540
Food,Object_12990
Food,Object_28309
Oxidizing,Object_00379
Flammable,Object_02378
Explosive,Object_04772
Pressurized,Object_02744
Corrosive,Object_07569
Oxidizing,Object_10055
Pressurized,Object_04217
Explosive,Object_18172
Toxic,Object_12835
Toxic,Object_04569
Explosive,Object_22214
Food,Object_15037
Flammable,Object_23226
Explosive,Object_19534
Oxidizing,Object_17709
Fragile,Object_03232
Explosive,Object_02977
Oxidizing,Object_06857
Fragile,Object_11273
Toxic,Object_15072
Toxic,Object_22260
Corrosive,Object_07528
Radioactive,Object_06231
Toxic,Object_20183
Unspecified,Object_16767
Corrosive,Object_16576
Flammable,Object_25439
Radioactive,Object_28131
Unspecified,Object_25951
Unspecified,Object_23315
Oxidizing,Object_09401
Corrosive,Object_04899
Corrosive,Object_11332
Unspecified,Object_24075
Radioactive,Object_16512
Unspecified,Object_16476
Flammable,Object_25957
Fragile,Object_19405
Oxidizing,Object_27114
Oxidizing,Object_23219
Fragile,Object_02661
Explosive,Object_17874
Toxic,Object_18412
Unspecified,Object_26274
Oxidizing,Object_15478
Unspecified,Object_06843
Oxidizing,Object_04698
Corrosive,Object_27449
Explosive,Object_13368
Corrosive,Object_00222
Fragile,Object_00676
Flammable,Object_00153
Oxidizing,Object_08070
Pressurized,Object_29104
Flammable,Object_14657
Explosive,Object_28933
Toxic,Object_24442
Unspecified,Object_16279
Radioactive,Object_14586
Explosive,Object_24409
Food,Object_06788
Pressurized,Object_19144
Fragile,Object_11565
Toxic,Object_11563
Unspecified,Object_01177
Oxidizing,Object_24867
Pressurized,Object_21815
Flammable,Object_05225
Unspecified,Object_24677
Oxidizing,Object_23844
Toxic,Object_15181
Corrosive,Object_26795
Toxic,Object_04604
Explosive,Object_05575
Corrosive,Object_16101
Pressurized,Object_23189
Food,Object_10297
Explosive,Object_15039
Unspecified,Object_22151
Pressurized,Object_20523
Pressurized,Object_22023
Pressurized,Object_13356
Unspecified,Object_07529
Explosive,Object_19234
Pressurized,Object_00007
Radioactive,Object_15457
Corrosive,Object_14603
Flammable,Object_18680
Oxidizing,Object_04065
Oxidizing,Object_19593
Explosive,Object_08443
Explosive,Object_01837
Explosive,Object_21849
Pressurized,Object_21583
Pressurized,Object_06141
Pressurized,Object_15118
Oxidizing,Object_26915
Toxic,Object_14131
Unspecified,Object_13853
Toxic,Object_22754
Oxidizing,Object_16235
Explosive,Object_18139
Oxidizing,Object_29232
Fragile,Object_12541
Flammable,Object_00416
Food,Object_18051
Radioactive,Object_07679
Corrosive,Object_29942
Corrosive,Object_28243
Fragile,Object_02754
Flammable,Object_04536
Pressurized,Object_22201
Explosive,Object_24985
Oxidizing,Object_09758
Toxic,Object_06449
Oxidizing,Object_21640
Food,Object_08244
Oxidizing,Object_06785
Oxidizing,Object_20544
Oxidizing,Object_12753
Unspecified,Object_00997
Oxidizing,Object_16585
Toxic,Object_02192
Radioactive,Object_30293
Oxidizing,Object_24992
Toxic,Object_20993
Radioactive,Object_12673
Fragile,Object_29781
Oxidizing,Object_16106
Explosive,Object_04851
Toxic,Object_04259
Food,Object_02114
Pressurized,Object_06353
Fragile,Object_09862
Fragile,Object_00659
Oxidizing,Object_28973
Corrosive,Object_09193
Unspecified,Object_11355
Explosive,Object_23109
Corrosive,Object_08859
Radioactive,Object_19494
Fragile,Object_25401
Pressurized,Object_01618
Food,Object_02042
Oxidizing,Object_07565
Corrosive,Object_22616
Oxidizing,Object_10869
Unspecified,Object_19692
Fragile,Object_18255
Unspecified,Object_15885
Toxic,Object_08510
Radioactive,Object_06052
Unspecified,Object_08158
Corrosive,Object_11809
Oxidizing,Object_09285
Flammable,Object_13210
Food,Object_17785
Corrosive,Object_26392
Pressurized,Object_27088
Unspecified,Object_11856
Pressurized,Object_01196
Pressurized,Object_16699
Flammable,Object_14225
Corrosive,Object_10163
Flammable,Object_15950
Oxidizing,Object_12873
Oxidizing,Object_15427
Flammable,Object_14374
Toxic,Object_07081
Unspecified,Object_07959
Unspecified,Object_23612
Food,Object_03755
Unspecified,Object_17740
Radioactive,Object_15064
Flammable,Object_14266
Fragile,Object_04280
Oxidizing,Object_24978
Flammable,Object_30057
Food,Object_12755
Unspecified,Object_16240
Flammable,Object_16713
Radioactive,Object_04546
Pressurized,Object_15828
Food,Object_02289
Oxidizing,Object_24282
Fragile,Object_07889
Corrosive,Object_20177
Unspecified,Object_04725
Explosive,Object_07955
Flammable,Object_10834
Food,Object_18415
Unspecified,Object_06900
Corrosive,Object_25590
Explosive,Object_26668
Oxidizing,Object_11012
Oxidizing,Object_17013
Flammable,Object_08884
Fragile,Object_00580
Corrosive,Object_24203
Corrosive,Object_08188
Food,Object_21363
Fragile,Object_26711
Explosive,Object_13280
Explosive,Object_27496
Flammable,Object_09563
Pressurized,Object_10255
Unspecified,Object_30024
Flammable,Object_21932
Toxic,Object_17129
Unspecified,Object_11810
Food,Object_05787
Oxidizing,Object_26704
Radioactive,Object_14567
Oxidizing,Object_08483
Corrosive,Object_00969
Explosive,Object_21756
Radioactive,Object_23575
Pressurized,Object_24459
Food,Object_12215
Fragile,Object_05558
Explosive,Object_24737
Fragile,Object_15492
Fragile,Object_12748
Food,Object_26402
Radioactive,Object_27634
Radioactive,Object_22119
Explosive,Object_08055
Corrosive,Object_24638
Toxic,Object_02066
Oxidizing,Object_01233
Pressurized,Object_15799
Food,Object_26344
Corrosive,Object_21295
Oxidizing,Object_01563
Pressurized,Object_20956
Flammable,Object_24942
Radioactive,Object_18828
Food,Object_01168
Fragile,Object_24131
Radioactive,Object_05774
Oxidizing,Object_22622
Unspecified,Object_04818
Unspecified,Object_00637
Flammable,Object_19799
Flammable,Object_27914
Pressurized,Object_05554
Fragile,Object_12456
Explosive,Object_00055
Radioactive,Object_09514
Fragile,Object_11445
Fragile,Object_12245
Unspecified,Object_18982
Corrosive,Object_28911
Corrosive,Object_23391
Explosive,Object_20528
Fragile,Object_05523
Explosive,Object_07233
Food,Object_06919
Fragile,Object_03726
Toxic,Object_15372
Corrosive,Object_25365
Unspecified,Object_17766
Food,Object_07696
Pressurized,Object_10647
Pressurized,Object_14292
Explosive,Object_19087
Toxic,Object_07137
Corrosive,Object_15184
Radioactive,Object_26891
Pressurized,Object_21577
Pressurized,Object_19305
Fragile,Object_25040
Unspecified,Object_07471
Oxidizing,Object_25988
Unspecified,Object_26917
Pressurized,Object_03508
Unspecified,Object_27241
Radioactive,Object_07345
Unspecified,Object_12281
Flammable,Object_18354
Unspecified,Object_10547
Corrosive,Object_29745
Flammable,Object_03672
Corrosive,Object_07065
Oxidizing,Object_21953
Radioactive,Object_20221
Fragile,Object_20851
Oxidizing,Object_01059
Corrosive,Object_16332
Toxic,Object_15050
Food,Object_07096
Pressurized,Object_11232
Pressurized,Object_12605
Food,Object_29678
Fragile,Object_10292
Food,Object_28830
Toxic,Object_09195
Toxic,Object_10663
Explosive,Object_24655
Pressurized,Object_22230
Corrosive,Object_27839
Unspecified,Object_21021
Radioactive,Object_17797
Flammable,Object_21266
Fragile,Object_05118
Food,Object_21923
Flammable,Object_27077
Radioactive,Object_22210
Corrosive,Object_08142
Unspecified,Object_00962
Toxic,Object_00815
Oxidizing,Object_05314
Flammable,Object_09924
Pressurized,Object_22261
Radioactive,Object_22176
Food,Object_23769
Flammable,Object_14097
Radioactive,Object_03729
Flammable,Object_23367
Fragile,Object_26740
Unspecified,Object_16174
Food,Object_24297
Corrosive,Object_08742
Corrosive,Object_11408
Fragile,Object_03237
Oxidizing,Object_08395
Fragile,Object_19247
Radioactive,Object_25361
Explosive,Object_14957
Oxidizing,Object_12000
Toxic,Object_18130
Pressurized,Object_20584
Fragile,Object_06056
Pressurized,Object_17691
Food,Object_04924
Explosive,Object_04353
Flammable,Object_12200
Radioactive,Object_05643
Flammable,Object_29470
Unspecified,Object_11215
Corrosive,Object_19512
Pressurized,Object_21491
Radioactive,Object_21824
Food,Object_15976
Oxidizing,Object_28116
Radioactive,Object_18868
Food,Object_21693
Oxidizing,Object_25216
Flammable,Object_13931
Radioactive,Object_28146
Corrosive,Object_23456
Corrosive,Object_02682
Corrosive,Object_14939
Pressurized,Object_15719
Corrosive,Object_18572
Pressurized,Object_25930
Oxidizing,Object_07878
Unspecified,Object_00639
Unspecified,Object_21146
Oxidizing,Object_22391
Food,Object_08323
Unspecified,Object_12508
Flammable,Object_03530
Corrosive,Object_06064
Pressurized,Object_24938
Unspecified,Object_21760
Fragile,Object_27842
Toxic,Object_13963
Oxidizing,Object_22728
Food,Object_29217
Unspecified,Object_02836
Oxidizing,Object_13077
Toxic,Object_10237
Fragile,Object_28453
Flammable,Object_02854
Corrosive,Object_08873
Pressurized,Object_09082
Explosive,Object_24875
Explosive,Object_20515
Radioactive,Object_03605
Unspecified,Object_03067
Toxic,Object_00661
Toxic,Object_08050
Unspecified,Object_02461
Pressurized,Object_22383
Flammable,Object_07792
Oxidizing,Object_28748
Unspecified,Object_28202
Corrosive,Object_13256
Unspecified,Object_24951
Fragile,Object_09874
Unspecified,Object_18249
Fragile,Object_28613
Food,Object_15002
Pressurized,Object_16290
Flammable,Object_18821
Radioactive,Object_08616
Corrosive,Object_12791
Food,Object_00822
Corrosive,Object_26980
Fragile,Object_08065
Fragile,Object_04297
Flammable,Object_12282
Fragile,Object_19346
Radioactive,Object_04603
Unspecified,Object_22630
Fragile,Object_21182
Explosive,Object_23910
Flammable,Object_14964
Corrosive,Object_03209
Flammable,Object_27630
Radioactive,Object_00422
Pressurized,Object_20922
Fragile,Object_13380
Radioactive,Object_06280
Food,Object_19221
Toxic,Object_18675
Unspecified,Object_04121
Fragile,Object_17984
Pressurized,Object_26743
Food,Object_01360
Pressurized,Object_25349
Flammable,Object_15906
Toxic,Object_11103
Fragile,Object_21675
Pressurized,Object_15401
Pressurized,Object_10639
Radioactive,Object_22484
Fragile,Object_26308
Flammable,Object_13958
Explosive,Object_11405
Unspecified,Object_02434
Pressurized,Object_27265
Oxidizing,Object_24390
Radioactive,Object_26748
Corrosive,Object_29405
Radioactive,Object_11254
Unspecified,Object_03922
Food,Object_17186
Fragile,Object_25247
Flammable,Object_17769
Flammable,Object_25267
Corrosive,Object_01005
Toxic,Object_27476
Fragile,Object_02788
Corrosive,Object_25531
Unspecified,Object_20750
Unspecified,Object_25379
Flammable,Object_02913
Toxic,Object_29989
Flammable,Object_11593
Unspecified,Object_19337
Fragile,Object_23145
Fragile,Object_04759
Food,Object_00832
Food,Object_05440
Unspecified,Object_25094
Fragile,Object_24760
Corrosive,Object_08842
Toxic,Object_10118
Food,Object_11597
Food,Object_22146
Food,Object_02537
Corrosive,Object_00344
Flammable,Object_20800
Corrosive,Object_21387
Toxic,Object_24489
Flammable,Object_07991
Explosive,Object_10450
Toxic,Object_00258
Food,Object_08219
Fragile,Object_10029
Unspecified,Object_22109
Radioactive,Object_25638
Flammable,Object_29872
Toxic,Object_10265
Corrosive,Object_12641
Unspecified,Object_03304
Toxic,Object_07674
Oxidizing,Object_10393
Explosive,Object_05463
Unspecified,Object_11484
Flammable,Object_14111
Pressurized,Object_23558
Pressurized,Object_21555
Fragile,Object_11832
Radioactive,Object_21664
Unspecified,Object_12544
Explosive,Object_24003
Flammable,Object_09553
Unspecified,Object_09982
Food,Object_02846
Explosive,Object_13122
Oxidizing,Object_14081
Pressurized,Object_04365
Toxic,Object_14210
Corrosive,Object_22254
Pressurized,Object_28151
Pressurized,Object_01077
Pressurized,Object_05252
Flammable,Object_16363
Toxic,Object_11231
Explosive,Object_02706
Pressurized,Object_25997
Toxic,Object_09688
Oxidizing,Object_07919
Radioactive,Object_29765
Unspecified,Object_30126
Pressurized,Object_15289
Oxidizing,Object_18481
Explosive,Object_20144
Corrosive,Object_26868
Oxidizing,Object_02354
Corrosive,Object_23923
Toxic,Object_10750
Food,Object_24175
Corrosive,Object_01454
Explosive,Object_10765
Corrosive,Object_18149
Oxidizing,Object_16074
Radioactive,Object_27879
Corrosive,Object_30298
Food,Object_21853
Pressurized,Object_09806
Radioactive,Object_18295
Fragile,Object_09422
Pressurized,Object_27972
Unspecified,Object_12167
Pressurized,Object_03516
Flammable,Object_00502
Food,Object_26133
Toxic,Object_14164
Corrosive,Object_18974
Flammable,Object_22867
Explosive,Object_06238
Pressurized,Object_02902
Fragile,Object_09734
Food,Object_24998
Fragile,Object_01273
Unspecified,Object_30239
Toxic,Object_11098
Fragile,Object_12619
Explosive,Object_01560
Toxic,Object_10007
Pressurized,Object_22570
Pressurized,Object_23894
Radioactive,Object_19356
Corrosive,Object_19101
Corrosive,Object_11450
Oxidizing,Object_03045
Corrosive,Object_02881
Unspecified,Object_17770
Radioactive,Object_25847
Flammable,Object_08813
Pressurized,Object_06995
Corrosive,Object_03997
Toxic,Object_23637
Toxic,Object_03499
Oxidizing,Object_11535
Corrosive,Object_00704
Toxic,Object_17113
Unspecified,Object_14915
Unspecified,Object_19161
Radioactive,Object_13084
Fragile,Object_22353
Food,Object_12314
Explosive,Object_20986
Corrosive,Object_26565
Corrosive,Object_18930
Food,Object_01979
Radioactive,Object_29443
Flammable,Object_25778
Toxic,Object_11579
Unspecified,Object_21586
Oxidizing,Object_02747
Food,Object_27189
Pressurized,Object_18184
Fragile,Object_16039
Corrosive,Object_19258
Flammable,Object_24806
Oxidizing,Object_22443
Unspecified,Object_12017
Toxic,Object_27034
Fragile,Object_19048
Fragile,Object_24678
Flammable,Object_22398
Food,Object_04523
Flammable,Object_09552
Fragile,Object_26873
Oxidizing,Object_30153
Radioactive,Object_19183
Corrosive,Object_12029
Pressurized,Object_10181
Oxidizing,Object_13918
Fragile,Object_27324
Radioactive,Object_08730
Food,Object_16469
Explosive,Object_14489
Pressurized,Object_12112
Corrosive,Object_07555
Oxidizing,Object_01609
Fragile,Object_22179
Fragile,Object_10923
Pressurized,Object_13944
Toxic,Object_00447
Pressurized,Object_29475
Pressurized,Object_17542
Flammable,Object_08434
Corrosive,Object_02303
Toxic,Object_25994
Pressurized,Object_09386
Pressurized,Object_04776
Corrosive,Object_21186
Radioactive,Object_10830
Pressurized,Object_15999
Fragile,Object_06403
Food,Object_17365
Flammable,Object_27170
Unspecified,Object_09543
Toxic,Object_30124
Pressurized,Object_00415
Toxic,Object_21283
Radioactive,Object_23360
Unspecified,Object_15317
Oxidizing,Object_17948
Food,Object_06999
Corrosive,Object_02359
Flammable,Object_24360
Oxidizing,Object_23792
Toxic,Object_26784
Oxidizing,Object_26366
Pressurized,Object_17048
Pressurized,Object_04511
Food,Object_00044
Unspecified,Object_12148
Pressurized,Object_14886
Food,Object_14011
Unspecified,Object_14575
Unspecified,Object_12942
Explosive,Object_28893
Oxidizing,Object_20619
Food,Object_21917
Pressurized,Object_21137
Pressurized,Object_01353
Fragile,Object_29528
Fragile,Object_30212
Toxic,Object_22629
Flammable,Object_12590
Oxidizing,Object_20644
Explosive,Object_10123
Food,Object_30355
Radioactive,Object_09572
Explosive,Object_22983
Oxidizing,Object_22305
Corrosive,Object_02047
Corrosive,Object_19537
Pressurized,Object_05504
Unspecified,Object_23491
Pressurized,Object_29753
Oxidizing,Object_22915
Unspecified,Object_21281
Unspecified,Object_26715
Unspecified,Object_25848
Oxidizing,Object_06335
Radioactive,Object_21102
Explosive,Object_12133
Toxic,Object_26988
Food,Object_15209
Pressurized,Object_04839
Unspecified,Object_26342
Corrosive,Object_03426
Food,Object_17452
Unspecified,Object_28519
Radioactive,Object_27400
Unspecified,Object_29968
Corrosive,Object_14818
Radioactive,Object_08974
Radioactive,Object_25147
Explosive,Object_07141
Explosive,Object_22292
Food,Object_17960
Explosive,Object_14921
Pressurized,Object_01031
Oxidizing,Object_10863
Toxic,Object_14098
Radioactive,Object_01637
Toxic,Object_19734
Food,Object_15277
Fragile,Object_11909
Pressurized,Object_17850
Oxidizing,Object_10627
Oxidizing,Object_26759
Fragile,Object_17501
Toxic,Object_01840
Radioactive,Object_11487
Fragile,Object_19916
Explosive,Object_18574
Unspecified,Object_24774
Explosive,Object_28426
Fragile,Object_11336
Fragile,Object_22878
Unspecified,Object_21145
Fragile,Object_14777
Food,Object_22919
Explosive,Object_14893
Toxic,Object_21916
Food,Object_14082
Corrosive,Object_02949
Fragile,Object_24610
Flammable,Object_15632
Corrosive,Object_19196
Explosive,Object_03523
Toxic,Object_26107
Pressurized,Object_21020
Unspecified,Object_29797
Unspecified,Object_10358
Food,Object_04398
Unspecified,Object_00066
Explosive,Object_18545
Explosive,Object_22843
Explosive,Object_04064
Flammable,Object_19665
Toxic,Object_11660
Toxic,Object_03428
Radioactive,Object_18735
Fragile,Object_25033
Pressurized,Object_04237
Oxidizing,Object_22605
Unspecified,Object_27072
Explosive,Object_05986
Oxidizing,Object_15730
Fragile,Object_18258
Flammable,Object_23047
Explosive,Object_07943
Flammable,Object_17440
Unspecified,Object_30188
Toxic,Object_13739
Toxic,Object_17211
Fragile,Object_03658
Radioactive,Object_15368
Unspecified,Object_17478
Food,Object_24882
Oxidizing,Object_14262
Flammable,Object_05714
Radioactive,Object_17039
Toxic,Object_07246
Unspecified,Object_07873
Pressurized,Object_20432
Explosive,Object_05525
Oxidizing,Object_15409
Fragile,Object_12855
Unspecified,Object_12513
Explosive,Object_25292
Corrosive,Object_27462
Food,Object_06909
Toxic,Object_00098
Unspecified,Object_12250
Food,Object_19219
Toxic,Object_25672
Food,Object_14577
Pressurized,Object_18169
Unspecified,Object_07566
Food,Object_05156
Unspecified,Object_00340
Unspecified,Object_05447
Food,Object_05684
Fragile,Object_15250
Corrosive,Object_25532
Explosive,Object_13490
Flammable,Object_25582
Pressurized,Object_30347
Toxic,Object_08766
Radioactive,Object_26522
Fragile,Object_23763
Toxic,Object_24017
Toxic,Object_05215
Food,Object_12035
Corrosive,Object_15430
Toxic,Object_14813
Flammable,Object_23238
Fragile,Object_08232
Flammable,Object_06075
Oxidizing,Object_12905
Flammable,Object_24148
Corrosive,Object_23807
Oxidizing,Object_19316
Oxidizing,Object_07335
Toxic,Object_29043
Corrosive,Object_02935
Flammable,Object_21496
Unspecified,Object_20650
Toxic,Object_04474
Pressurized,Object_22555
Explosive,Object_19683
Corrosive,Object_17538
Corrosive,Object_22964
Pressurized,Object_02129
Toxic,Object_08177
Explosive,Object_05195
Explosive,Object_12982
Explosive,Object_23232
Food,Object_22220
Flammable,Object_26577
Radioactive,Object_29376
Explosive,Object_29241
Food,Object_24602
Food,Object_25627
Oxidizing,Object_12629
Flammable,Object_27962
Unspecified,Object_18748
Radioactive,Object_00117
Explosive,Object_03441
Unspecified,Object_18427
Radioactive,Object_25294
Flammable,Object_02738
Fragile,Object_22947
Pressurized,Object_01767
Radioactive,Object_10421
Oxidizing,Object_28664
Unspecified,Object_11899
Corrosive,Object_17546
Toxic,Object_23208
Pressurized,Object_01376
Flammable,Object_08745
Unspecified,Object_25120
Pressurized,Object_16824
Food,Object_20775
Fragile,Object_24795
Flammable,Object_09833
Corrosive,Object_08362
Toxic,Object_29127
Toxic,Object_30339
Flammable,Object_07691
Flammable,Object_10585
Explosive,Object_14837
Fragile,Object_19122
Explosive,Object_20089
Flammable,Object_22498
Corrosive,Object_28834
Fragile,Object_20711
Oxidizing,Object_05366
Pressurized,Object_13574
Flammable,Object_16908
Pressurized,Object_28770
Flammable,Object_00431
Radioactive,Object_17914
Unspecified,Object_01611
Fragile,Object_10574
Unspecified,Object_28345
Unspecified,Object_17545
Unspecified,Object_21168
Radioactive,Object_06525
Explosive,Object_12147
Toxic,Object_07203
Pressurized,Object_24362
Oxidizing,Object_20638
Oxidizing,Object_17774
Radioactive,Object_05150
Radioactive,Object_08263
Toxic,Object_20280
Flammable,Object_03833
Fragile,Object_26101
Pressurized,Object_19228
Pressurized,Object_29517
Flammable,Object_05948
Corrosive,Object_10962
Pressurized,Object_03228
Oxidizing,Object_21546
Flammable,Object_18236
Corrosive,Object_29231
Fragile,Object_00443
Food,Object_02996
Fragile,Object_06224
Unspecified,Object_01692
Explosive,Object_04481
Oxidizing,Object_14113
Unspecified,Object_14249
Toxic,Object_11335
Toxic,Object_25289
Flammable,Object_15121
Toxic,Object_16256
Explosive,Object_10751
Oxidizing,Object_13986
Toxic,Object_18160
Fragile,Object_02267
Flammable,Object_18021
Pressurized,Object_16225
Oxidizing,Object_05923
Oxidizing,Object_00363
Oxidizing,Object_09776
Radioactive,Object_06242
Oxidizing,Object_05264
Oxidizing,Object_20117
Oxidizing,Object_04163
Fragile,Object_17733
Corrosive,Object_26553
Pressurized,Object_18360
Corrosive,Object_13166
Explosive,Object_06318
Flammable,Object_00157
Fragile,Object_00087
Food,Object_07403
Oxidizing,Object_12289
Radioactive,Object_10931
Radioactive,Object_00692
Toxic,Object_15065
Oxidizing,Object_11151
Radioactive,Object_10682
Radioactive,Object_27985
Flammable,Object_05556
Food,Object_11749
Pressurized,Object_06291
Pressurized,Object_16391
Corrosive,Object_07157
Unspecified,Object_29822
Pressurized,Object_04247
Pressurized,Object_11774
Flammable,Object_27599
Pressurized,Object_30301
Flammable,Object_13924
Oxidizing,Object_01935
Unspecified,Object_29734
Fragile,Object_06079
Radioactive,Object_04000
Pressurized,Object_08776
Pressurized,Object_03918
Unspecified,Object_20875
Food,Object_08644
Unspecified,Object_12333
Oxidizing,Object_25760
Corrosive,Object_08428
Unspecified,Object_22067
Toxic,Object_13555
Pressurized,Object_26775
Corrosive,Object_17632
Explosive,Object_25271
Corrosive,Object_04153
Radioactive,Object_15506
Food,Object_21728
Corrosive,Object_22051
Toxic,Object_04999
Pressurized,Object_02756
Oxidizing,Object_04264
Unspecified,Object_11071
Unspecified,Object_12504
Food,Object_08885
Unspecified,Object_01340
Toxic,Object_21157
Radioactive,Object_05765
Oxidizing,Object_03207
Flammable,Object_05481
Fragile,Object_15731
Flammable,Object_16610
Corrosive,Object_08618
Flammable,Object_21449
Fragile,Object_30264
Pressurized,Object_09396
Fragile,Object_07134
Radioactive,Object_08047
Fragile,Object_27528
Corrosive,Object_10050
Corrosive,Object_13770
Flammable,Object_01154
Fragile,Object_07001
Corrosive,Object_05122
Radioactive,Object_07035
Flammable,Object_23764
Corrosive,Object_27435
Radioactive,Object_28061
Radioactive,Object_17701
Corrosive,Object_03632
Food,Object_02167
Toxic,Object_13320
Pressurized,Object_17713
Flammable,Object_09864
Food,Object_28905
Oxidizing,Object_10317
Fragile,Object_26051
Oxidizing,Object_20198
Pressurized,Object_27648
Pressurized,Object_27331
Explosive,Object_05809
Food,Object_02059
Corrosive,Object_11743
Flammable,Object_09252
Fragile,Object_06047
Oxidizing,Object_12192
Corrosive,Object_18031
Fragile,Object_14123
Unspecified,Object_07869
Toxic,Object_06042
Corrosive,Object_19709
Oxidizing,Object_27730
Pressurized,Object_17672
Radioactive,Object_02588
Flammable,Object_12406
Radioactive,Object_13138
Flammable,Object_27426
Fragile,Object_19696
Pressurized,Object_20150
Corrosive,Object_25751
Food,Object_18687
Pressurized,Object_27009
Food,Object_13837
Flammable,Object_28736
Explosive,Object_21261
Unspecified,Object_07308
Toxic,Object_14917
Explosive,Object_17430
Unspecified,Object_02685
Food,Object_26495
Flammable,Object_25954
Oxidizing,Object_23795
Food,Object_25252
Corrosive,Object_17073
Corrosive,Object_04128
Pressurized,Object_27649
Food,Object_27498
Explosive,Object_18702
Toxic,Object_19266
Corrosive,Object_04439
Unspecified,Object_13865
Explosive,Object_27181
Radioactive,Object_07779
Toxic,Object_00200
Toxic,Object_17902
Unspecified,Object_09447
Food,Object_27940
Toxic,Object_04051
Toxic,Object_16663
Fragile,Object_19662
Unspecified,Object_18929
Explosive,Object_17414
Corrosive,Object_28711
Corrosive,Object_12308
Unspecified,Object_06476
Unspecified,Object_11346
Radioactive,Object_22995
Food,Object_21117
Food,Object_05631
Flammable,Object_02172
Explosive,Object_23827
Explosive,Object_28204
Corrosive,Object_14966
Explosive,Object_09921
Explosive,Object_27120
Toxic,Object_29088
Flammable,Object_23064
Explosive,Object_18595
Explosive,Object_13943
Radioactive,Object_29565
Oxidizing,Object_21775
Pressurized,Object_02553
Pressurized,Object_19966
Unspecified,Object_22535
Toxic,Object_18937
Fragile,Object_19977
Food,Object_21861
Flammable,Object_29162
Corrosive,Object_26592
Corrosive,Object_02650
Flammable,Object_21807
Unspecified,Object_02680
Toxic,Object_25554
Oxidizing,Object_26554
Food,Object_07660
Corrosive,Object_23846
Food,Object_22784
Flammable,Object_12098
Oxidizing,Object_19325
Corrosive,Object_10185
Radioactive,Object_19570
Food,Object_00794
Corrosive,Object_11410
Radioactive,Object_13340
Food,Object_28865
Oxidizing,Object_25274
Food,Object_26830
Pressurized,Object_29424
Unspecified,Object_02099
Food,Object_27456
Flammable,Object_01413
Food,Object_11292
Pressurized,Object_10138
Toxic,Object_20697
Explosive,Object_06453
Food,Object_09208
Pressurized,Object_25754
Corrosive,Object_24325
Pressurized,Object_09968
Explosive,Object_21599
Toxic,Object_08817
Oxidizing,Object_17718
Pressurized,Object_08755
Flammable,Object_21163
Fragile,Object_30131
Toxic,Object_19915
Food,Object_30245
Oxidizing,Object_27709
Oxidizing,Object_21070
Explosive,Object_01451
Unspecified,Object_05102
Corrosive,Object_03663
Flammable,Object_17233
Fragile,Object_14460
Toxic,Object_10171
Fragile,Object_14745
Flammable,Object_01092
Oxidizing,Object_05713
Toxic,Object_10008
Pressurized,Object_11950
Oxidizing,Object_13379
Oxidizing,Object_06355
Radioactive,Object_14828
Toxic,Object_12911
Fragile,Object_03280
Corrosive,Object_10131
Unspecified,Object_28743
Radioactive,Object_28318
Fragile,Object_30033
Fragile,Object_02212
Food,Object_11393
Explosive,Object_01013
Fragile,Object_02695
Corrosive,Object_23042
Explosive,Object_22865
Food,Object_13029
Toxic,Object_00516
Unspecified,Object_10121
Explosive,Object_30265
Radioactive,Object_08282
Explosive,Object_07865
Oxidizing,Object_06582
Radioactive,Object_08459
Toxic,Object_00463
Food,Object_08321
Fragile,Object_28213
Explosive,Object_14749
Fragile,Object_16011
Radioactive,Object_11194
Unspecified,Object_02369
Oxidizing,Object_24558
Fragile,Object_05873
Corrosive,Object_21594
Food,Object_23701
Explosive,Object_12776
Flammable,Object_13479
Oxidizing,Object_22816
Toxic,Object_13060
Oxidizing,Object_29438
Food,Object_01121
Flammable,Object_00160
Pressurized,Object_07005
Fragile,Object_22987
Fragile,Object_09233
Radioactive,Object_26062
Unspecified,Object_12187
Toxic,Object_10854
Corrosive,Object_10645
Radioactive,Object_26307
Fragile,Object_27052
Pressurized,Object_10902
Fragile,Object_07332
Unspecified,Object_15574
Radioactive,Object_28771
Radioactive,Object_04683
Food,Object_15843
Flammable,Object_28493
Unspecified,Object_01849
Explosive,Object_23420
Corrosive,Object_26605
Toxic,Object_12502
Flammable,Object_27495
Toxic,Object_01656
Food,Object_10213
Unspecified,Object_13048
Food,Object_07514
Oxidizing,Object_25602
Radioactive,Object_11631
Unspecified,Object_13344
Unspecified,Object_12948
Explosive,Object_08345
Oxidizing,Object_19503
Fragile,Object_24361
Fragile,Object_16640
Explosive,Object_01243
Flammable,Object_23942
Corrosive,Object_24930
Oxidizing,Object_14843
Radioactive,Object_28315
Food,Object_14348
Food,Object_13591
Food,Object_10364
Fragile,Object_11358
Radioactive,Object_10370
Flammable,Object_24119
Flammable,Object_12984
Unspecified,Object_24988
Radioactive,Object_05639
Food,Object_02907
Radioactive,Object_00824
Food,Object_29265
Food,Object_11872
Toxic,Object_30333
Oxidizing,Object_08768
Flammable,Object_12442
Pressurized,Object_13037
Radioactive,Object_03834
Corrosive,Object_10113
Flammable,Object_25826
Unspecified,Object_23574
Food,Object_18019
Explosive,Object_03014
Radioactive,Object_18384
Flammable,Object_04482
Toxic,Object_10486
Food,Object_08559
Toxic,Object_08748
Flammable,Object_06108
Food,Object_27682
Flammable,Object_07382
Explosive,Object_22447
Explosive,Object_09831
Corrosive,Object_00812
Pressurized,Object_06666
Unspecified,Object_04805
Oxidizing,Object_24967
Toxic,Object_16406
Flammable,Object_19873
Unspecified,Object_20983
Toxic,Object_00635
Unspecified,Object_22098
Unspecified,Object_18376
Corrosive,Object_17456
Food,Object_19220
Toxic,Object_27385
Pressurized,Object_25303
Radioactive,Object_17274
Toxic,Object_00912
Radioactive,Object_05545
Toxic,Object_13045
Food,Object_27627
Food,Object_21490
Pressurized,Object_23069
Corrosive,Object_19763
Pressurized,Object_29596
Pressurized,Object_30310
Unspecified,Object_12182
Fragile,Object_08624
Corrosive,Object_02917
Unspecified,Object_14533
Food,Object_29970
Radioactive,Object_20236
Oxidizing,Object_03589
Corrosive,Object_06871
Toxic,Object_29014
Unspecified,Object_26682
Flammable,Object_01890
Radioactive,Object_06277
Corrosive,Object_11191
Food,Object_08227
Radioactive,Object_12882
Fragile,Object_28559
Radioactive,Object_10565
Pressurized,Object_29328
Food,Object_00139
Pressurized,Object_03461
Radioactive,Object_28224
Explosive,Object_06954
Unspecified,Object_04476
Toxic,Object_29476
Fragile,Object_11780
Fragile,Object_11153
Fragile,Object_03903
Oxidizing,Object_06119
Oxidizing,Object_10287
Flammable,Object_08701
Corrosive,Object_21958
Food,Object_20186
Toxic,Object_22481
Explosive,Object_26943
Unspecified,Object_14838
Corrosive,Object_30005
Pressurized,Object_00592
Toxic,Object_18921
Food,Object_09494
Fragile,Object_02276
Pressurized,Object_29123
Radioactive,Object_14282
Pressurized,Object_29523
Toxic,Object_07595
Food,Object_22515
Pressurized,Object_28196
Toxic,Object_19847
Explosive,Object_07816
Toxic,Object_22675
Toxic,Object_26674
Corrosive,Object_23312
Food,Object_00574
Toxic,Object_11122
Pressurized,Object_25944
Toxic,Object_16243
Flammable,Object_27408
Explosive,Object_07520
Food,Object_05201
Toxic,Object_07750
Oxidizing,Object_13814
Radioactive,Object_12435
Fragile,Object_13845
Unspecified,Object_21050
Flammable,Object_17493
Unspecified,Object_16898
Oxidizing,Object_12794
Unspecified,Object_27016
Oxidizing,Object_24996
Toxic,Object_23325
Toxic,Object_22780
Toxic,Object_01768
Radioactive,Object_28403
Corrosive,Object_17857
Corrosive,Object_17261
Food,Object_03993
Explosive,Object_30260
Radioactive,Object_13213
Explosive,Object_07443
Corrosive,Object_21856
Corrosive,Object_19822
Unspecified,Object_25143
Corrosive,Object_25933
Fragile,Object_15866
Radioactive,Object_00934
Pressurized,Object_09059
Flammable,Object_22765
Oxidizing,Object_23037
Oxidizing,Object_23153
Oxidizing,Object_00119
Radioactive,Object_24796
Unspecified,Object_23231
Fragile,Object_23607
Explosive,Object_21340
Explosive,Object_08209
Flammable,Object_17035
Food,Object_15823
Oxidizing,Object_29632
Unspecified,Object_21644
Radioactive,Object_00602
Toxic,Object_28927
Flammable,Object_20004
Fragile,Object_17425
Corrosive,Object_00557
Unspecified,Object_28297
Radioactive,Object_22934
Toxic,Object_17773
Pressurized,Object_18755
Explosive,Object_10269
Unspecified,Object_10028
Unspecified,Object_09227
Explosive,Object_14560
Oxidizing,Object_20107
Toxic,Object_15233
Flammable,Object_12220
Fragile,Object_05969
Unspecified,Object_07302
Food,Object_09295
Oxidizing,Object_24673
Radioactive,Object_00479
Pressurized,Object_14809
Explosive,Object_20622
Flammable,Object_05703
Unspecified,Object_27726
Explosive,Object_28754
Flammable,Object_00437
Pressurized,Object_21128
Pressurized,Object_10823
Pressurized,Object_23758
Radioactive,Object_06351
Pressurized,Object_13316
Radioactive,Object_20217
Fragile,Object_06234
Explosive,Object_18881
Oxidizing,Object_28627
Corrosive,Object_16152
Radioactive,Object_25057
Toxic,Object_28129
Toxic,Object_25936
Toxic,Object_20512
Corrosive,Object_16490
Pressurized,Object_17015
Unspecified,Object_01964
Explosive,Object_08930
Radioactive,Object_10399
Explosive,Object_05735
Flammable,Object_24115
Corrosive,Object_15394
Corrosive,Object_02742
Oxidizing,Object_27782
Radioactive,Object_29620
Toxic,Object_22330
Flammable,Object_15630
Corrosive,Object_23407
Toxic,Object_22684
Explosive,Object_07744
Fragile,Object_19496
Food,Object_14672
Corrosive,Object_14127
Oxidizing,Object_03471
Radioactive,Object_24516
Toxic,Object_07103
Flammable,Object_07004
Toxic,Object_15834
Food,Object_16861
Radioactive,Object_25579
Explosive,Object_25562
Flammable,Object_05500
Radioactive,Object_25971
Explosive,Object_22701
Explosive,Object_01976
Pressurized,Object_15142
Corrosive,Object_27180
Oxidizing,Object_06269
Radioactive,Object_20362
Food,Object_13917
Fragile,Object_22081
Unspecified,Object_03689
Radioactive,Object_16177
Toxic,Object_27687
Toxic,Object_10465
Unspecified,Object_20218
Explosive,Object_00567
Food,Object_06000
Fragile,Object_20304
Food,Object_28526
Pressurized,Object_29739
Flammable,Object_09159
Explosive,Object_25569
Pressurized,Object_10088
Fragile,Object_22664
Pressurized,Object_18432
Explosive,Object_14755
Unspecified,Object_20889
Toxic,Object_05471
Oxidizing,Object_14152
Explosive,Object_27840
Unspecified,Object_06463
Oxidizing,Object_11301
Explosive,Object_07368
Toxic,Object_23083
Food,Object_16900
Radioactive,Object_11495
Oxidizing,Object_18069
Oxidizing,Object_08339
Pressurized,Object_18202
Flammable,Object_02499
Toxic,Object_24946
Corrosive,Object_20752
Food,Object_30064
Flammable,Object_01839
Flammable,Object_11359
Oxidizing,Object_09952
Fragile,Object_09971
Fragile,Object_15319
Corrosive,Object_30231
Pressurized,Object_20895
Toxic,Object_18660
Unspecified,Object_24752
Food,Object_04293
Corrosive,Object_16510
Oxidizing,Object_22010
Unspecified,Object_28364
Pressurized,Object_11407
Explosive,Object_08944
Fragile,Object_12010
Food,Object_19022
Unspecified,Object_25674
Unspecified,Object_05877
Corrosive,Object_06445
Food,Object_17550
Explosive,Object_16030
Flammable,Object_28366
Corrosive,Object_18132
Flammable,Object_01443
Toxic,Object_13977
Oxidizing,Object_11102
Pressurized,Object_05236
Pressurized,Object_30343
Food,Object_30147
Flammable,Object_13193
Corrosive,Object_06703
Toxic,Object_06946
Toxic,Object_16666
Unspecified,Object_05916
Pressurized,Object_29609
Radioactive,Object_04074
Corrosive,Object_21797
Flammable,Object_02839
Unspecified,Object_17143
Toxic,Object_04780
Unspecified,Object_01584
Unspecified,Object_06290
Corrosive,Object_09448
Unspecified,Object_27085
Radioactive,Object_20643
Unspecified,Object_27848
Unspecified,Object_12350
Fragile,Object_14859
Oxidizing,Object_04434
Corrosive,Object_17942
Radioactive,Object_08410
Pressurized,Object_04982
Radioactive,Object_14834
Flammable,Object_14423
Radioactive,Object_14956
Unspecified,Object_27903
Food,Object_30202
Oxidizing,Object_21551
Radioactive,Object_01897
Corrosive,Object_23477
Corrosive,Object_17882
Oxidizing,Object_18088
Toxic,Object_23911
Flammable,Object_06029
Oxidizing,Object_07322
Explosive,Object_02761
Radioactive,Object_07079
Toxic,Object_11785
Oxidizing,Object_00548
Oxidizing,Object_10455
Oxidizing,Object_04035
Food,Object_15881
Pressurized,Object_29819
Pressurized,Object_06308
Corrosive,Object_26120
Food,Object_21434
Food,Object_24541
Oxidizing,Object_06863
Radioactive,Object_05669
Radioactive,Object_21134
Explosive,Object_02594
Pressurized,Object_25501
Flammable,Object_03661
Food,Object_23062
Explosive,Object_12002
Fragile,Object_06978
Flammable,Object_17382
Fragile,Object_25910
Unspecified,Object_26861
Toxic,Object_19931
Pressurized,Object_16751
Fragile,Object_09807
Unspecified,Object_09027
Flammable,Object_01922
Food,Object_22758
Explosive,Object_24292
Explosive,Object_01610
Flammable,Object_01015
Corrosive,Object_10907
Food,Object_27287
Oxidizing,Object_08236
Unspecified,Object_05280
Flammable,Object_11376
Fragile,Object_01486
Unspecified,Object_05833
Oxidizing,Object_09755
Pressurized,Object_20056
Unspecified,Object_08643
Food,Object_20688
Explosive,Object_10035
Food,Object_21211
Radioactive,Object_12332
Flammable,Object_28700
Fragile,Object_03533
Fragile,Object_13385
Pressurized,Object_22599
Toxic,Object_11069
Radioactive,Object_04393
Corrosive,Object_06259
Oxidizing,Object_17068
Toxic,Object_01741
Fragile,Object_28101
Radioactive,Object_22885
Flammable,Object_24625
Food,Object_09442
Food,Object_18580
Food,Object_00116
Toxic,Object_00645
Fragile,Object_17763
Flammable,Object_19285
Explosive,Object_20111
Radioactive,Object_18784
Fragile,Object_04570
Pressurized,Object_03601
Radioactive,Object_00215
Corrosive,Object_04714
Flammable,Object_15328
Explosive,Object_08558
Explosive,Object_24432
Radioactive,Object_05919
Toxic,Object_17448
Flammable,Object_12234
Toxic,Object_26912
Unspecified,Object_09930
Oxidizing,Object_28099
Radioactive,Object_08290
Toxic,Object_16918
Radioactive,Object_29881
Pressurized,Object_10320
Fragile,Object_10260
Corrosive,Object_20682
Unspecified,Object_29396
Pressurized,Object_00863
Toxic,Object_00830
Explosive,Object_06760
Flammable,Object_08629
Corrosive,Object_30009
Oxidizing,Object_12165
Pressurized,Object_24472
Pressurized,Object_14003
Unspecified,Object_29108
Flammable,Object_16603
Unspecified,Object_27647
Food,Object_09033
Pressurized,Object_02337
Explosive,Object_02773
Radioactive,Object_24345
Unspecified,Object_24932
Oxidizing,Object_26276
Fragile,Object_22950
Fragile,Object_06546
Corrosive,Object_20604
Flammable,Object_21769
Corrosive,Object_29137
Corrosive,Object_24025
Radioactive,Object_21413
Unspecified,Object_12032
Radioactive,Object_13161
Food,Object_17263
Oxidizing,Object_16234
Toxic,Object_29814
Toxic,Object_04220
Pressurized,Object_17209
Corrosive,Object_23366
Explosive,Object_13042
Corrosive,Object_24079
Pressurized,Object_03978
Fragile,Object_03241
Fragile,Object_13220
Oxidizing,Object_06380
Corrosive,Object_08862
Explosive,Object_29198
Oxidizing,Object_19203
Unspecified,Object_02371
Radioactive,Object_15410
Radioactive,Object_12467
Corrosive,Object_22613
Food,Object_07773
Fragile,Object_18085
Food,Object_16614
Unspecified,Object_05571
Explosive,Object_10649
Flammable,Object_27372
Unspecified,Object_20864
Toxic,Object_15239
Pressurized,Object_25561
Explosive,Object_14890
Fragile,Object_29075
Food,Object_20226
Pressurized,Object_26637
Radioactive,Object_26958
Flammable,Object_07270
Oxidizing,Object_25960
Corrosive,Object_07092
Unspecified,Object_00341
Corrosive,Object_14179
Pressurized,Object_08924
Corrosive,Object_28281
Toxic,Object_12849
Unspecified,Object_17214
Corrosive,Object_08887
Food,Object_26289
Toxic,Object_26964
Explosive,Object_16350
Unspecified,Object_06205
Flammable,Object_08769
Explosive,Object_05325
Flammable,Object_13965
Unspecified,Object_13540
Radioactive,Object_01231
Flammable,Object_06331
Radioactive,Object_24429
Pressurized,Object_18960
Toxic,Object_18799
Food,Object_13462
Flammable,Object_23812
Toxic,Object_03303
Pressurized,Object_22299
Oxidizing,Object_29280
Food,Object_11040
Oxidizing,Object_29254
Pressurized,Object_16683
Oxidizing,Object_29495
Corrosive,Object_22319
Fragile,Object_23905
Corrosive,Object_05781
Pressurized,Object_03674
Flammable,Object_25586
Pressurized,Object_26005
Food,Object_15246
Food,Object_16446
Radioactive,Object_24742
Flammable,Object_07976
Corrosive,Object_18529
Pressurized,Object_15343
Toxic,Object_10392
Toxic,Object_10831
Corrosive,Object_08489
Explosive,Object_24544
Fragile,Object_01139
Unspecified,Object_09125
Unspecified,Object_16062
Flammable,Object_06481
Explosive,Object_04344
Toxic,Object_07947
Toxic,Object_05305
Oxidizing,Object_19126
Explosive,Object_20734
Oxidizing,Object_01089
Oxidizing,Object_20871
Toxic,Object_16115
Food,Object_06112
Toxic,Object_24973
Oxidizing,Object_25093
Oxidizing,Object_14732
Flammable,Object_29205
Food,Object_06697
Fragile,Object_26995
Flammable,Object_01753
Food,Object_10722
Radioactive,Object_15119
Fragile,Object_13978
Fragile,Object_10689
Fragile,Object_07450
Explosive,Object_09112
Corrosive,Object_09484
Fragile,Object_24368
Radioactive,Object_04198
Fragile,Object_10413
Flammable,Object_19150
Oxidizing,Object_29124
Pressurized,Object_03554
Corrosive,Object_11473
Flammable,Object_05285
Toxic,Object_01423
Food,Object_15789
Explosive,Object_10950
Corrosive,Object_19432
Oxidizing,Object_25158
Oxidizing,Object_20278
Pressurized,Object_00025
Pressurized,Object_11364
Pressurized,Object_26558
Fragile,Object_05993
Food,Object_17928
Corrosive,Object_18420
Pressurized,Object_00889
Unspecified,Object_00535
Fragile,Object_22072
Corrosive,Object_07677
Corrosive,Object_27511
Unspecified,Object_19476
Corrosive,Object_00407
Toxic,Object_08043
Corrosive,Object_11096
Food,Object_29458
Fragile,Object_29395
Food,Object_03850
Oxidizing,Object_12301
Toxic,Object_23297
Oxidizing,Object_23530
Unspecified,Object_21007
Radioactive,Object_27106
Unspecified,Object_15501
Food,Object_23035
Fragile,Object_08895
Pressurized,Object_22088
Toxic,Object_11468
Flammable,Object_15486
Corrosive,Object_11485
Oxidizing,Object_08886
Food,Object_20691
Toxic,Object_19052
Oxidizing,Object_16213
Toxic,Object_23818
Oxidizing,Object_09303
Oxidizing,Object_00540
Flammable,Object_03839
Oxidizing,Object_19527
Food,Object_00492
Oxidizing,Object_08223
Explosive,Object_28774
Corrosive,Object_25783
Oxidizing,Object_23940
Radioactive,Object_29634
Corrosive,Object_25992
Flammable,Object_14873
Radioactive,Object_22891
Flammable,Object_29326
Fragile,Object_21661
Corrosive,Object_13034
Corrosive,Object_28838
Toxic,Object_10686
Toxic,Object_09375
Pressurized,Object_25199
Explosive,Object_10314
Corrosive,Object_06328
Unspecified,Object_02368
Fragile,Object_23011
Flammable,Object_13167
Corrosive,Object_28347
Radioactive,Object_10619
Food,Object_12452
Oxidizing,Object_14065
Unspecified,Object_13864
Toxic,Object_03309
Fragile,Object_14215
Unspecified,Object_22657
Food,Object_02965
Explosive,Object_16415
Pressurized,Object_11285
Radioactive,Object_06989
Flammable,Object_14412
Flammable,Object_02117
Toxic,Object_11383
Food,Object_06687
Explosive,Object_20313
Unspecified,Object_06913
Pressurized,Object_26032
Explosive,Object_18142
Unspecified,Object_09495
Explosive,Object_12219
Food,Object_23527
Explosive,Object_16752
Fragile,Object_18553
Corrosive,Object_05533
Fragile,Object_26272
Pressurized,Object_08780
Radioactive,Object_21263
Explosive,Object_19177
Pressurized,Object_09503
Oxidizing,Object_06854
Flammable,Object_09748
Food,Object_29159
Toxic,Object_28801
Unspecified,Object_04585
Oxidizing,Object_19850
Radioactive,Object_00972
Fragile,Object_20369
Radioactive,Object_20777
Radioactive,Object_20896
Fragile,Object_10699
Toxic,Object_04332
Unspecified,Object_07014
Corrosive,Object_10446
Food,Object_25703
Pressurized,Object_22227
Radioactive,Object_06779
Pressurized,Object_04762
Radioactive,Object_17708
Oxidizing,Object_22493
Food,Object_01770
Toxic,Object_16265
Food,Object_06008
Flammable,Object_19801
Oxidizing,Object_08981
Corrosive,Object_13680
Food,Object_00933
Unspecified,Object_22726
Oxidizing,Object_11508
Oxidizing,Object_13996
Food,Object_01067
Fragile,Object_02999
Corrosive,Object_14805
Pressurized,Object_23466
Unspecified,Object_14924
Corrosive,Object_24584
Toxic,Object_15646
Flammable,Object_00058
Toxic,Object_16315
Food,Object_25092
Corrosive,Object_11898
Oxidizing,Object_10827
Toxic,Object_01903
Radioactive,Object_17506
Unspecified,Object_04088
Pressurized,Object_24526
Fragile,Object_14159
Fragile,Object_04017
Flammable,Object_26478
Unspecified,Object_15825
Oxidizing,Object_04456
Fragile,Object_17677
Toxic,Object_30288
Radioactive,Object_26347
Unspecified,Object_23095
Flammable,Object_20971
Unspecified,Object_21779
Oxidizing,Object_11796
Pressurized,Object_27520
Explosive,Object_14977
Oxidizing,Object_24425
Oxidizing,Object_01553
Explosive,Object_25888
Corrosive,Object_15814
Radioactive,Object_08364
Radioactive,Object_28278
Pressurized,Object_26118
Fragile,Object_06001
Corrosive,Object_09041
Toxic,Object_03288
Fragile,Object_00699
Food,Object_10787
Pressurized,Object_07384
Pressurized,Object_11009
Radioactive,Object_06369
Corrosive,Object_06713
Radioactive,Object_12056
Oxidizing,Object_09398
Corrosive,Object_19229
Explosive,Object_25689
Oxidizing,Object_01071
Explosive,Object_21770
Fragile,Object_29229
Flammable,Object_07598
Oxidizing,Object_22337
Explosive,Object_21731
Food,Object_09641
Food,Object_29731
Pressurized,Object_09245
Oxidizing,Object_27103
Flammable,Object_28203
Toxic,Object_14060
Unspecified,Object_07424
Flammable,Object_10139
Toxic,Object_03698
Corrosive,Object_09196
Flammable,Object_01963
Fragile,Object_21789
Food,Object_15344
Fragile,Object_17433
Food,Object_22424
Unspecified,Object_20472
Oxidizing,Object_20572
Corrosive,Object_23866
Fragile,Object_10548
Corrosive,Object_30140
Pressurized,Object_26246
Fragile,Object_09727
Explosive,Object_23877
Unspecified,Object_19343
Radioactive,Object_08832
Corrosive,Object_14688
Toxic,Object_08987
Oxidizing,Object_16042
Explosive,Object_24849
Toxic,Object_02819
Food,Object_13124
Pressurized,Object_25332
Pressurized,Object_20705
Flammable,Object_10660
Unspecified,Object_28822
Radioactive,Object_08039
Corrosive,Object_10642
Oxidizing,Object_09998
Toxic,Object_27122
Unspecified,Object_09850
Food,Object_05686
Radioactive,Object_18874
Oxidizing,Object_04478
Unspecified,Object_21423
Toxic,Object_22864
Toxic,Object_27855
Radioactive,Object_04866
Explosive,Object_11619
Unspecified,Object_08174
Corrosive,Object_03789
Food,Object_12917
Explosive,Object_10999
Pressurized,Object_03036
Oxidizing,Object_06736
Radioactive,Object_25427
Pressurized,Object_12680
Flammable,Object_11004
Flammable,Object_22275
Explosive,Object_05724
Toxic,Object_22379
Food,Object_03688
Pressurized,Object_16547
Radioactive,Object_27866
Explosive,Object_06281
Flammable,Object_09022
Unspecified,Object_01180
Corrosive,Object_17573
Radioactive,Object_02144
Toxic,Object_13251
Explosive,Object_13176
Flammable,Object_25280
Fragile,Object_28708
Pressurized,Object_25858
Corrosive,Object_21325
Explosive,Object_19985
Flammable,Object_27628
Fragile,Object_15876
Pressurized,Object_02827
Flammable,Object_07019
Unspecified,Object_24791
Pressurized,Object_07968
Explosive,Object_22690
Flammable,Object_29154
Toxic,Object_19818
Explosive,Object_02816
Oxidizing,Object_11159
Radioactive,Object_29625
Corrosive,Object_20605
Corrosive,Object_12936
Explosive,Object_15984
Flammable,Object_00023
Unspecified,Object_16700
Flammable,Object_07806
Explosive,Object_29691
Food,Object_26030
Corrosive,Object_14452
Food,Object_19499
Oxidizing,Object_27967
Pressurized,Object_07395
Fragile,Object_01872
Food,Object_05104
Unspecified,Object_27182
Explosive,Object_29645
Oxidizing,Object_18448
Toxic,Object_04146
Radioactive,Object_06397
Pressurized,Object_01324
Pressurized,Object_07629
Toxic,Object_17330
Fragile,Object_13539
Oxidizing,Object_21548
Pressurized,Object_26078
Food,Object_02131
Radioactive,Object_21177
Fragile,Object_03157
Unspecified,Object_04816
Toxic,Object_24747
Unspecified,Object_22938
Oxidizing,Object_18086
Pressurized,Object_13123
Toxic,Object_04972
Pressurized,Object_01973
Unspecified,Object_25317
Oxidizing,Object_07771
Unspecified,Object_05711
Toxic,Object_12692
Radioactive,Object_10862
Explosive,Object_00720
Flammable,Object_03033
Unspecified,Object_07279
Food,Object_20978
Fragile,Object_19954
Corrosive,Object_06731
Food,Object_18176
Toxic,Object_09992
Explosive,Object_01312
Radioactive,Object_21245
Flammable,Object_25329
Pressurized,Object_13920
Oxidizing,Object_23571
Explosive,Object_22782
Food,Object_07473
Explosive,Object_10625
Oxidizing,Object_19129
Radioactive,Object_28875
Radioactive,Object_15079
Radioactive,Object_15407
Oxidizing,Object_15084
Corrosive,Object_06015
Corrosive,Object_26631
Flammable,Object_20405
Corrosive,Object_30060
Corrosive,Object_29588
Fragile,Object_01038
Corrosive,Object_29703
Oxidizing,Object_03865
Pressurized,Object_16607
Fragile,Object_12620
Explosive,Object_05822
Explosive,Object_29496
Radioactive,Object_20918
Pressurized,Object_05310
Fragile,Object_29541
Radioactive,Object_12852
Corrosive,Object_08125
Fragile,Object_25378
Flammable,Object_25043
Pressurized,Object_00817
Toxic,Object_13333
Explosive,Object_07826
Food,Object_18954
Explosive,Object_29726
Unspecified,Object_23409
Explosive,Object_19410
Explosive,Object_03536
Unspecified,Object_18424
Flammable,Object_24103
Flammable,Object_29928
Unspecified,Object_22571
Corrosive,Object_27281
Fragile,Object_25481
Fragile,Object_10725
Flammable,Object_01341
Corrosive,Object_23302
Flammable,Object_28588
Oxidizing,Object_28990
Food,Object_09508
Flammable,Object_12679
Fragile,Object_21618
Food,Object_22855
Fragile,Object_22044
Pressurized,Object_13569
Oxidizing,Object_07964
Pressurized,Object_18457
Corrosive,Object_27606
Oxidizing,Object_06005
Flammable,Object_16889
Toxic,Object_00214
Radioactive,Object_25536
Unspecified,Object_07003
Toxic,Object_18074
Explosive,Object_13646
Unspecified,Object_20931
Unspecified,Object_25223
Radioactive,Object_12382
Fragile,Object_18287
Explosive,Object_14606
Oxidizing,Object_25718
Fragile,Object_06435
Toxic,Object_02777
Pressurized,Object_12708
Food,Object_04459
Pressurized,Object_20299
Radioactive,Object_28565
Fragile,Object_15114
Unspecified,Object_04236
Pressurized,Object_29566
Radioactive,Object_10315
Unspecified,Object_13999
Unspecified,Object_27480
Food,Object_25745
Radioactive,Object_11497
Food,Object_02823
Flammable,Object_18851
Oxidizing,Object_16035
Explosive,Object_02307
Food,Object_28591
Explosive,Object_23170
Food,Object_13269
Flammable,Object_03837
Unspecified,Object_25140
Toxic,Object_01657
Toxic,Object_17849
Pressurized,Object_02320
Food,Object_17793
Food,Object_24896
Flammable,Object_21788
Flammable,Object_27565
Flammable,Object_13679
Flammable,Object_16066
Corrosive,Object_29176
Food,Object_00790
Oxidizing,Object_10026
Toxic,Object_08306
Flammable,Object_08218
Flammable,Object_20975
Flammable,Object_15667
Oxidizing,Object_08506
Pressurized,Object_29763
Radioactive,Object_14279
Food,Object_01166
Oxidizing,Object_17674
Unspecified,Object_01511
Corrosive,Object_08612
Food,Object_13805
Explosive,Object_20146
Radioactive,Object_24174
Radioactive,Object_14044
Radioactive,Object_25770
Food,Object_09798
Food,Object_05793
Toxic,Object_06344
Pressurized,Object_22591
Radioactive,Object_23583
Unspecified,Object_10761
Corrosive,Object_16276
Toxic,Object_02405
Toxic,Object_16589
Toxic,Object_18664
Toxic,Object_25635
Explosive,Object_15691
Food,Object_07894
Unspecified,Object_07670
Toxic,Object_28167
Fragile,Object_16078
Food,Object_12071
Oxidizing,Object_22925
Flammable,Object_04454
Radioactive,Object_19642
Fragile,Object_19949
Corrosive,Object_05321
Flammable,Object_19805
Unspecified,Object_12022
Flammable,Object_00369
Food,Object_03001
Radioactive,Object_01347
Oxidizing,Object_11255
Explosive,Object_06088
Flammable,Object_21384
Flammable,Object_26844
Oxidizing,Object_02242
Radioactive,Object_06818
Radioactive,Object_27718
Corrosive,Object_17340
Toxic,Object_05853
Oxidizing,Object_08544
Radioactive,Object_02569
Corrosive,Object_11509
Corrosive,Object_17738
Corrosive,Object_21078
Radioactive,Object_26992
Food,Object_06798
Pressurized,Object_14814
Explosive,Object_05088
Explosive,Object_01107
Pressurized,Object_04486
Food,Object_19676
Explosive,Object_03636
Pressurized,Object_08723
Corrosive,Object_24522
Food,Object_05046
Unspecified,Object_25916
Unspecified,Object_21854
Oxidizing,Object_07261
Corrosive,Object_07506
Flammable,Object_26556
Explosive,Object_25065
Oxidizing,Object_16087
Corrosive,Object_17723
Unspecified,Object_09967
Radioactive,Object_23570
Fragile,Object_10170
Flammable,Object_10162
Fragile,Object_24101
Fragile,Object_12985
Toxic,Object_07462
Radioactive,Object_27336
Flammable,Object_11572
Fragile,Object_29236
Pressurized,Object_06130
Unspecified,Object_09861
Toxic,Object_01823
Food,Object_03651
Corrosive,Object_21832
Radioactive,Object_09564
Pressurized,Object_12436
Flammable,Object_26226
Food,Object_28624
Food,Object_13510
Toxic,Object_24599
Unspecified,Object_11082
Oxidizing,Object_11843
Explosive,Object_23744
Corrosive,Object_05615
Unspecified,Object_04053
Food,Object_29924
Radioactive,Object_28046
Toxic,Object_08121
Oxidizing,Object_02148
Oxidizing,Object_01666
Explosive,Object_20921
Fragile,Object_24682
Explosive,Object_17292
Toxic,Object_24797
Oxidizing,Object_26646
Explosive,Object_15918
Toxic,Object_10855
Pressurized,Object_04069
Corrosive,Object_00507
Fragile,Object_03104
Explosive,Object_11915
Corrosive,Object_11949
Toxic,Object_00688
Pressurized,Object_07256
Oxidizing,Object_07606
Explosive,Object_02765
Fragile,Object_14916
Radioactive,Object_08740
Food,Object_18900
Food,Object_08550
Radioactive,Object_00892
Fragile,Object_02919
Fragile,Object_01488
Toxic,Object_21401
Explosive,Object_10744
Radioactive,Object_08771
Oxidizing,Object_17217
Food,Object_13015
Unspecified,Object_02997
Corrosive,Object_09191
Fragile,Object_29743
Radioactive,Object_05192
Unspecified,Object_28984
Unspecified,Object_23578
Fragile,Object_09491
Toxic,Object_08794
Toxic,Object_17747
Food,Object_10788
Corrosive,Object_27681
Pressurized,Object_26462
Toxic,Object_14049
Pressurized,Object_00825
Toxic,Object_05864
Corrosive,Object_00469
Radioactive,Object_08950
Flammable,Object_01275
Unspecified,Object_09297
Oxidizing,Object_24924
Food,Object_04691
Unspecified,Object_26275
Unspecified,Object_29752
Toxic,Object_01895
Radioactive,Object_05074
Radioactive,Object_23249
Pressurized,Object_06562
Food,Object_09120
Radioactive,Object_11690
Pressurized,Object_14899
Pressurized,Object_04139
Oxidizing,Object_29941
Fragile,Object_27078
Corrosive,Object_28374
Flammable,Object_19474
Explosive,Object_29936
Toxic,Object_13989
Unspecified,Object_17611
Flammable,Object_25240
Flammable,Object_03301
Oxidizing,Object_15187
Explosive,Object_13655
Radioactive,Object_10164
Radioactive,Object_12586
Explosive,Object_17105
Flammable,Object_24479
Flammable,Object_11533
Oxidizing,Object_05709
Oxidizing,Object_12373
Flammable,Object_06511
Radioactive,Object_19973
Toxic,Object_14207
Toxic,Object_16802
Explosive,Object_17208
Explosive,Object_29764
Unspecified,Object_06898
Explosive,Object_09832
Explosive,Object_02124
Radioactive,Object_23833
Toxic,Object_20859
Toxic,Object_17280
Food,Object_13323
Pressurized,Object_15389
Flammable,Object_25560
Flammable,Object_22937
Fragile,Object_19886
Toxic,Object_17139
Corrosive,Object_22768
Unspecified,Object_14455
Flammable,Object_29500
Flammable,Object_06509
Flammable,Object_21956
Oxidizing,Object_12258
Toxic,Object_13727
Radioactive,Object_16967
Pressurized,Object_22048
Oxidizing,Object_17603
Unspecified,Object_20897
Flammable,Object_06214
Pressurized,Object_16481
Oxidizing,Object_23863
Food,Object_03860
Food,Object_26536
Pressurized,Object_06694
Food,Object_10504
Oxidizing,Object_17847
Fragile,Object_02549
Pressurized,Object_28463
Oxidizing,Object_03235
Flammable,Object_16532
Oxidizing,Object_05186
Unspecified,Object_12110
Food,Object_07231
Toxic,Object_08405
Food,Object_22583
Toxic,Object_29639
Pressurized,Object_12793
Toxic,Object_25163
Unspecified,Object_23766
Flammable,Object_05115
Explosive,Object_00551
Food,Object_07259
Oxidizing,Object_24549
Explosive,Object_28943
Pressurized,Object_17788
Explosive,Object_04984
Radioactive,Object_20308
Oxidizing,Object_01105
Pressurized,Object_25673
Radioactive,Object_02491
Oxidizing,Object_06385
Flammable,Object_17658
Corrosive,Object_29298
Oxidizing,Object_16753
Corrosive,Object_14522
Radioactive,Object_25650
Pressurized,Object_20908
Explosive,Object_19802
Unspecified,Object_12593
Fragile,Object_16018
Flammable,Object_10442
Food,Object_01348
Unspecified,Object_30170
Corrosive,Object_04467
Pressurized,Object_00881
Pressurized,Object_24296
Flammable,Object_09684
Radioactive,Object_04566
Radioactive,Object_19728
Unspecified,Object_15352
Unspecified,Object_12638
Unspecified,Object_03615
Corrosive,Object_13313
Pressurized,Object_25794
Explosive,Object_11529
Unspecified,Object_10517
Food,Object_26885
Oxidizing,Object_16961
Pressurized,Object_09258
Fragile,Object_25066
Radioactive,Object_10347
Fragile,Object_29408
Corrosive,Object_15579
Food,Object_07111
Unspecified,Object_14817
Food,Object_09169
Corrosive,Object_03193
Fragile,Object_01583
Oxidizing,Object_27736
Flammable,Object_16369
Unspecified,Object_07250
Fragile,Object_22302
Fragile,Object_23737
Corrosive,Object_03326
Fragile,Object_09923
Oxidizing,Object_28966
Oxidizing,Object_24596
Oxidizing,Object_02262
Corrosive,Object_05981
Radioactive,Object_16543
Flammable,Object_06068
Pressurized,Object_26798
Oxidizing,Object_00172
Corrosive,Object_04243
Food,Object_06552
Toxic,Object_14162
Pressurized,Object_07317
Toxic,Object_01068
Oxidizing,Object_09526
Oxidizing,Object_04254
Fragile,Object_08454
Radioactive,Object_09339
Corrosive,Object_02732
Oxidizing,Object_03446
Radioactive,Object_08194
Explosive,Object_02864
Flammable,Object_14117
Oxidizing,Object_01525
Explosive,Object_17564
Unspecified,Object_20031
Corrosive,Object_28636
Oxidizing,Object_16568
Oxidizing,Object_15893
Pressurized,Object_07430
Flammable,Object_30217
Toxic,Object_21547
Radioactive,Object_20425
Flammable,Object_17899
Pressurized,Object_12486
Toxic,Object_17445
Food,Object_11892
Unspecified,Object_20634
Unspecified,Object_24268
Oxidizing,Object_05862
Toxic,Object_11670
Corrosive,Object_13707
Food,Object_23707
Flammable,Object_22403
Flammable,Object_16682
Food,Object_12566
Fragile,Object_27497
Radioactive,Object_07668
Unspecified,Object_27074
Food,Object_07920
Unspecified,Object_01034
Radioactive,Object_22586
Food,Object_15126
Unspecified,Object_13402
Oxidizing,Object_10840
Pressurized,Object_10186
Oxidizing,Object_21066
Radioactive,Object_22354
Oxidizing,Object_05587
Pressurized,Object_27531
Toxic,Object_27629
Food,Object_21625
Food,Object_15137
Oxidizing,Object_17789
Unspecified,Object_23236
Pressurized,Object_09722
Oxidizing,Object_20074
Fragile,Object_13489
Pressurized,Object_20952
Fragile,Object_05910
Corrosive,Object_12444
Toxic,Object_13737
Toxic,Object_17297
Food,Object_20665
Explosive,Object_06320
Toxic,Object_30278
Oxidizing,Object_18449
Corrosive,Object_18458
Food,Object_29790
Flammable,Object_25782
Food,Object_25555
Unspecified,Object_23137
Oxidizing,Object_11671
Flammable,Object_27307
Fragile,Object_23594
Oxidizing,Object_22444
Pressurized,Object_15415
Oxidizing,Object_29020
Explosive,Object_25323
Corrosive,Object_11604
Oxidizing,Object_15628
Unspecified,Object_20088
Oxidizing,Object_09291
Toxic,Object_11874
Unspecified,Object_02492
Fragile,Object_07862
Oxidizing,Object_05256
Unspecified,Object_20038
Fragile,Object_18811
Unspecified,Object_05985
Unspecified,Object_25273
Unspecified,Object_03430
Corrosive,Object_26243
Unspecified,Object_09949
Corrosive,Object_02290
Flammable,Object_21503
Food,Object_07840
Corrosive,Object_00909
Oxidizing,Object_17342
Pressurized,Object_09533
Food,Object_02076
Radioactive,Object_27863
Pressurized,Object_28795
Food,Object_00672
Corrosive,Object_08689
Toxic,Object_03915
Food,Object_07204
Pressurized,Object_06797
Fragile,Object_06585
Pressurized,Object_17394
Unspecified,Object_30180
Corrosive,Object_15656
Food,Object_28833
Radioactive,Object_29531
Fragile,Object_01660
Radioactive,Object_05358
Food,Object_15613
Corrosive,Object_00398
Flammable,Object_01522
Unspecified,Object_00495
Fragile,Object_03749
Pressurized,Object_14763
Food,Object_08998
Toxic,Object_29807
Explosive,Object_27946
Toxic,Object_02938
Toxic,Object_18235
Explosive,Object_05171
Unspecified,Object_19533
Fragile,Object_00173
Food,Object_14514
Unspecified,Object_17953
Fragile,Object_16744
Toxic,Object_15088
Flammable,Object_23020
Corrosive,Object_02667
Explosive,Object_07999
Oxidizing,Object_17320
Food,Object_08098
Fragile,Object_21741
Fragile,Object_01649
Food,Object_26455
Toxic,Object_27172
Explosive,Object_22831
Pressurized,Object_02496
Pressurized,Object_24622
Radioactive,Object_08204
Pressurized,Object_20062
Fragile,Object_00606
Oxidizing,Object_10132
Flammable,Object_24676
Toxic,Object_18804
Radioactive,Object_09034
Fragile,Object_25477
Corrosive,Object_16794
Fragile,Object_26996
Radioactive,Object_02394
Radioactive,Object_18075
Pressurized,Object_00911
Oxidizing,Object_23855
Fragile,Object_27641
Oxidizing,Object_00942
Explosive,Object_28947
Toxic,Object_08273
Food,Object_17455
Food,Object_30067
Corrosive,Object_15397
Flammable,Object_07374
Radioactive,Object_24539
Food,Object_01158
Pressurized,Object_06221
Toxic,Object_07131
Food,Object_21572
Corrosive,Object_03807
Corrosive,Object_00552
Pressurized,Object_28972
Pressurized,Object_28853
Flammable,Object_03385
Radioactive,Object_14942
Oxidizing,Object_04298
Pressurized,Object_05561
Radioactive,Object_00323
Explosive,Object_28512
Explosive,Object_29461
Flammable,Object_15278
Flammable,Object_17207
Food,Object_15534
Explosive,Object_20603
Flammable,Object_08436
Radioactive,Object_11070
Corrosive,Object_24186
Fragile,Object_17381
Radioactive,Object_22585
Food,Object_13670
Fragile,Object_27549
Corrosive,Object_26648
Corrosive,Object_18947
Explosive,Object_19809
Unspecified,Object_12042
Fragile,Object_28367
Pressurized,Object_10321
Flammable,Object_13807
Toxic,Object_28180
Flammable,Object_03571
Explosive,Object_23329
Toxic,Object_27242
Oxidizing,Object_22574
Pressurized,Object_03064
Toxic,Object_07601
Unspecified,Object_21975
Pressurized,Object_07580
Pressurized,Object_25942
Toxic,Object_17310
Oxidizing,Object_16895
Radioactive,Object_24818
Unspecified,Object_05367
Food,Object_21697
Unspecified,Object_22645
Fragile,Object_03515
Corrosive,Object_16171
Corrosive,Object_30108
Unspecified,Object_16864
Corrosive,Object_16675
Unspecified,Object_21965
Corrosive,Object_11759
Explosive,Object_09413
Oxidizing,Object_07472
Food,Object_25929
Flammable,Object_12108
Food,Object_29978
Food,Object_19660
Fragile,Object_07033
Flammable,Object_23065
Pressurized,Object_27960
Pressurized,Object_13080
Flammable,Object_24617
Pressurized,Object_22034
Flammable,Object_19541
Radioactive,Object_29891
Radioactive,Object_26555
Corrosive,Object_09414
Explosive,Object_17881
Radioactive,Object_23380
Pressurized,Object_25576
Radioactive,Object_24509
Food,Object_01308
Radioactive,Object_30193
Corrosive,Object_22296
Oxidizing,Object_23435
Toxic,Object_22617
Pressurized,Object_24586
Food,Object_06123
Food,Object_14761
Explosive,Object_12338
Flammable,Object_21666
Fragile,Object_05736
Pressurized,Object_14390
Toxic,Object_11011
Oxidizing,Object_16099
Radioactive,Object_06057
Fragile,Object_08217
Unspecified,Object_07709
Fragile,Object_25424
Unspecified,Object_13139
Oxidizing,Object_19357
Toxic,Object_07663
Explosive,Object_20148
Flammable,Object_19155
Explosive,Object_27330
Food,Object_20840
Explosive,Object_10910
Fragile,Object_08613
Explosive,Object_16176
Oxidizing,Object_05783
Fragile,Object_22723
Explosive,Object_26273
Corrosive,Object_20914
Radioactive,Object_28316
Food,Object_07623
Oxidizing,Object_12534
Food,Object_23216
Unspecified,Object_29787
Unspecified,Object_28220
Toxic,Object_12263
Radioactive,Object_06071
Explosive,Object_26822
Food,Object_15685
Corrosive,Object_26880
Flammable,Object_08184
Flammable,Object_10795
Explosive,Object_24007
Corrosive,Object_09931
Food,Object_22198
Unspecified,Object_15919
Corrosive,Object_22610
Flammable,Object_09560
Explosive,Object_11762
Corrosive,Object_02723
Explosive,Object_13900
Explosive,Object_22892
Food,Object_19460
Corrosive,Object_26903
Fragile,Object_19732
Radioactive,Object_03332
Fragile,Object_08147
Pressurized,Object_28899
Toxic,Object_22890
Pressurized,Object_23488
Radioactive,Object_25360
Explosive,Object_22955
Food,Object_18201
Food,Object_19238
Radioactive,Object_15602
Radioactive,Object_18041
Flammable,Object_02610
Unspecified,Object_27273
Explosive,Object_00413
Fragile,Object_13515
Food,Object_15220
Pressurized,Object_05717
Corrosive,Object_23559
Radioactive,Object_28640
Pressurized,Object_00424
Radioactive,Object_09644
Radioactive,Object_21645
Food,Object_29299
Corrosive,Object_16132
Flammable,Object_04394
Radioactive,Object_17463
Radioactive,Object_10578
Fragile,Object_10178
Explosive,Object_23412
Flammable,Object_19960
Pressurized,Object_00958
Flammable,Object_07519
Flammable,Object_23180
Unspecified,Object_10571
Toxic,Object_06738
Fragile,Object_16389
Radioactive,Object_20282
Pressurized,Object_11277
Radioactive,Object_08080
Fragile,Object_25096
Oxidizing,Object_18024
Unspecified,Object_01798
Toxic,Object_08520
Corrosive,Object_06944
Toxic,Object_06302
Food,Object_01947
Radioactive,Object_01480
Radioactive,Object_04037
Flammable,Object_12170
Explosive,Object_08770
Corrosive,Object_03974
Fragile,Object_05696
Fragile,Object_19942
Explosive,Object_08465
Corrosive,Object_09883
Radioactive,Object_20182
Toxic,Object_27885
Corrosive,Object_16863
Toxic,Object_13715
Pressurized,Object_16867
Toxic,Object_21241
Toxic,Object_25675
Corrosive,Object_12554
Food,Object_18903
Explosive,Object_14189
Pressurized,Object_23708
Corrosive,Object_13434
Oxidizing,Object_13338
Flammable,Object_16364
Oxidizing,Object_29719
Corrosive,Object_26859
Toxic,Object_20239
Radioactive,Object_26075
Oxidizing,Object_20755
Explosive,Object_19230
Corrosive,Object_14293
Radioactive,Object_15651
Food,Object_20686
Explosive,Object_04622
Fragile,Object_07544
Pressurized,Object_00583
Explosive,Object_28851
Fragile,Object_04458
Radioactive,Object_02270
Oxidizing,Object_29145
Oxidizing,Object_09171
Toxic,Object_19280
Flammable,Object_13485
Corrosive,Object_09237
Unspecified,Object_12097
Oxidizing,Object_18551
Flammable,Object_01260
Explosive,Object_12286
Food,Object_02012
Pressurized,Object_16754
Flammable,Object_23198
Oxidizing,Object_01019
Explosive,Object_15619
Explosive,Object_05945
Food,Object_19933
Oxidizing,Object_13459
Explosive,Object_24694
Toxic,Object_15026
Corrosive,Object_26060
Food,Object_27183
Food,Object_08239
Toxic,Object_22521
Explosive,Object_00267
Pressurized,Object_25616
Food,Object_03610
Radioactive,Object_10669
Corrosive,Object_20260
Food,Object_22836
Explosive,Object_25572
Corrosive,Object_26906
Fragile,Object_15561
Fragile,Object_06503
Toxic,Object_26188
Radioactive,Object_11032
Unspecified,Object_07762
Fragile,Object_18964
Toxic,Object_03766
Radioactive,Object_14861
Fragile,Object_11539
Flammable,Object_09745
Oxidizing,Object_03009
Fragile,Object_25398
Corrosive,Object_18338
Explosive,Object_10224
Flammable,Object_26280
Radioactive,Object_15522
Pressurized,Object_18078
Toxic,Object_12337
Food,Object_13791
Radioactive,Object_05972
Explosive,Object_08096
Corrosive,Object_17665
Toxic,Object_17730
Pressurized,Object_26621
Flammable,Object_14340
Food,Object_23845
Radioactive,Object_27490
Fragile,Object_18718
Unspecified,Object_16714
Corrosive,Object_27360
Fragile,Object_08526
Flammable,Object_26146
Fragile,Object_27845
Corrosive,Object_11886
Corrosive,Object_25628
Flammable,Object_10968
Pressurized,Object_03175
Radioactive,Object_28671
Explosive,Object_24229
Explosive,Object_23920
Radioactive,Object_28504
Corrosive,Object_30235
Flammable,Object_27941
Pressurized,Object_21376
Unspecified,Object_06561
Fragile,Object_13244
Unspecified,Object_19001
Corrosive,Object_23957
Food,Object_14437
Corrosive,Object_24994
Oxidizing,Object_22386
Fragile,Object_29342
Fragile,Object_05324
Unspecified,Object_10982
Oxidizing,Object_17532
Flammable,Object_18669
Unspecified,Object_03366
Explosive,Object_25509
Explosive,Object_27768
Corrosive,Object_18283
Corrosive,Object_05372
Explosive,Object_10961
Fragile,Object_01848
Radioactive,Object_21297
Food,Object_25474
Oxidizing,Object_27429
Corrosive,Object_01706
Flammable,Object_07129
Explosive,Object_04557
Corrosive,Object_11234
Corrosive,Object_04278
Radioactive,Object_00937
Toxic,Object_03774
Radioactive,Object_18713
Corrosive,Object_04192
Corrosive,Object_19491
Flammable,Object_20344
Unspecified,Object_18720
Unspecified,Object_04711
Fragile,Object_22639
Oxidizing,Object_11182
Explosive,Object_00436
Radioactive,Object_05666
Radioactive,Object_29406
Oxidizing,Object_29651
Pressurized,Object_26299
Fragile,Object_26153
Unspecified,Object_07922
Unspecified,Object_15732
Explosive,Object_00587
Toxic,Object_13886
Fragile,Object_18883
Toxic,Object_26882
Radioactive,Object_19406
Explosive,Object_03273
Toxic,Object_04885
Radioactive,Object_01744
Pressurized,Object_27909
Pressurized,Object_26414
Fragile,Object_25636
Toxic,Object_11792
Oxidizing,Object_15858
Unspecified,Object_25284
Radioactive,Object_17070
Unspecified,Object_13896
Explosive,Object_16450
Unspecified,Object_28932
Toxic,Object_19791
Food,Object_10244
Explosive,Object_00016
Toxic,Object_19191
Toxic,Object_28472
Corrosive,Object_09708
Food,Object_01778
Flammable,Object_20963
Flammable,Object_28567
Explosive,Object_03928
Pressurized,Object_04777
Flammable,Object_12318
Explosive,Object_02115
Unspecified,Object_27243
Fragile,Object_16965
Food,Object_14481
Fragile,Object_24246
Corrosive,Object_02317
Fragile,Object_09036
Radioactive,Object_15982
Pressurized,Object_17999
Radioactive,Object_10477
Food,Object_14950
Unspecified,Object_29007
Toxic,Object_12459
Corrosive,Object_11731
Oxidizing,Object_12033
Flammable,Object_14020
Fragile,Object_25894
Oxidizing,Object_14714
Flammable,Object_03491
Fragile,Object_22170
Corrosive,Object_18504
Explosive,Object_23880
Explosive,Object_22490
Flammable,Object_04631
Unspecified,Object_09185
Explosive,Object_07770
Corrosive,Object_06655
Explosive,Object_14480
Explosive,Object_08447
Flammable,Object_19829
Food,Object_07687
Pressurized,Object_17780
Corrosive,Object_05936
Fragile,Object_24570
Corrosive,Object_22526
Corrosive,Object_01378
Corrosive,Object_06610
Explosive,Object_17480
Food,Object_20329
Toxic,Object_24594
Radioactive,Object_11728
Oxidizing,Object_27976
Corrosive,Object_22879
Unspecified,Object_11348
Corrosive,Object_16868
Flammable,Object_02207
Oxidizing,Object_09970
Oxidizing,Object_14788
Toxic,Object_21705
Unspecified,Object_23900
Toxic,Object_25059
Unspecified,Object_28018
Fragile,Object_29030
Explosive,Object_15040
Corrosive,Object_17841
Food,Object_14666
Food,Object_23791
Explosive,Object_03078
Oxidizing,Object_28355
Corrosive,Object_09771
Radioactive,Object_22961
Corrosive,Object_28802
Fragile,Object_11772
Explosive,Object_17053
Flammable,Object_11424
Pressurized,Object_28110
Unspecified,Object_21556
Oxidizing,Object_27873
Food,Object_06135
Unspecified,Object_00605
Corrosive,Object_15886
Radioactive,Object_12651
Unspecified,Object_04891
Unspecified,Object_18814
Radioactive,Object_29046
Fragile,Object_03400
Toxic,Object_19100
Toxic,Object_27217
Unspecified,Object_06285
Corrosive,Object_02416
Flammable,Object_14796
Fragile,Object_21591
Corrosive,Object_28252
Unspecified,Object_02916
Toxic,Object_13570
Pressurized,Object_24675
Oxidizing,Object_08717
Pressurized,Object_24073
Flammable,Object_22873
Unspecified,Object_19362
Oxidizing,Object_05737
Pressurized,Object_14954
Flammable,Object_07884
Pressurized,Object_06170
Pressurized,Object_06336
Pressurized,Object_29251
Pressurized,Object_27356
Fragile,Object_06273
Flammable,Object_11767
Unspecified,Object_00785
Pressurized,Object_15822
Toxic,Object_20842
Flammable,Object_04501
Corrosive,Object_19940
Fragile,Object_27067
Unspecified,Object_18838
Fragile,Object_18154
Unspecified,Object_23802
Pressurized,Object_11272
Corrosive,Object_08163
Explosive,Object_04209
Pressurized,Object_24606
Radioactive,Object_02730
Flammable,Object_11021
Explosive,Object_20445
Explosive,Object_03031
Unspecified,Object_20204
Radioactive,Object_23498
Radioactive,Object_10524
Fragile,Object_22923
Flammable,Object_16631
Radioactive,Object_00541
Corrosive,Object_14341
Radioactive,Object_13876
Fragile,Object_18613
Toxic,Object_02855
Flammable,Object_02252
Explosive,Object_27540
Oxidizing,Object_18596
Fragile,Object_03348
Explosive,Object_22514
Unspecified,Object_05515
Explosive,Object_29944
Unspecified,Object_25920
Pressurized,Object_07139
Unspecified,Object_08871
Unspecified,Object_13959
Corrosive,Object_15041
Toxic,Object_17472
Toxic,Object_05431
Corrosive,Object_00375
Explosive,Object_20511
Flammable,Object_11664
Flammable,Object_28871
Toxic,Object_24417
Explosive,Object_01012
Pressurized,Object_07609
Toxic,Object_10422
Unspecified,Object_03555
Fragile,Object_23494
Explosive,Object_21265
Explosive,Object_22478
Oxidizing,Object_19366
Fragile,Object_18703
Fragile,Object_29748
Oxidizing,Object_01259
Flammable,Object_17956
Pressurized,Object_03720
Food,Object_07917
Unspecified,Object_29097
Explosive,Object_26363
Corrosive,Object_22287
Corrosive,Object_13384
Pressurized,Object_27657
Radioactive,Object_14274
Oxidizing,Object_15729
Pressurized,Object_03608
Pressurized,Object_12380
Oxidizing,Object_23636
Fragile,Object_20437
Toxic,Object_19885
Unspecified,Object_08168
Toxic,Object_24950
Food,Object_04716
Flammable,Object_09691
Food,Object_00408
Flammable,Object_10881
Food,Object_00851
Food,Object_20904
Corrosive,Object_07625
Food,Object_24034
Oxidizing,Object_16905
Corrosive,Object_23287
Oxidizing,Object_25853
Toxic,Object_17873
Food,Object_15737
Fragile,Object_12334
Flammable,Object_22988
Pressurized,Object_20191
Unspecified,Object_02658
Toxic,Object_28071
Corrosive,Object_06864
Pressurized,Object_07334
Corrosive,Object_28285
Fragile,Object_22814
Corrosive,Object_19463
Radioactive,Object_12807
Flammable,Object_28209
Fragile,Object_18136
Fragile,Object_07073
Unspecified,Object_07756
Oxidizing,Object_27620
Pressurized,Object_22856
Unspecified,Object_20461
Fragile,Object_02425
Corrosive,Object_20354
Pressurized,Object_29442
Flammable,Object_06728
Explosive,Object_20013
Corrosive,Object_01787
Oxidizing,Object_21004
Flammable,Object_07567
Fragile,Object_30058
Pressurized,Object_10203
Pressurized,Object_05207
Oxidizing,Object_22057
Corrosive,Object_18268
Toxic,Object_15872
Unspecified,Object_08381
Flammable,Object_27205
Flammable,Object_16737
Pressurized,Object_27117
Radioactive,Object_19367
Radioactive,Object_19043
Flammable,Object_22479
Explosive,Object_04406
Pressurized,Object_27055
Food,Object_00847
Food,Object_15840
Toxic,Object_05165
Fragile,Object_19416
Pressurized,Object_25917
Oxidizing,Object_23472
Fragile,Object_28861
Oxidizing,Object_00209
Radioactive,Object_04377
Toxic,Object_15767
Pressurized,Object_09020
Fragile,Object_27317
Unspecified,Object_04252
Toxic,Object_18040
Explosive,Object_06098
Toxic,Object_13651
Toxic,Object_20453
Radioactive,Object_14673
Oxidizing,Object_24704
Explosive,Object_27282
Unspecified,Object_28487
Explosive,Object_14233
Food,Object_07117
Explosive,Object_20664
Fragile,Object_05068
Oxidizing,Object_03868
Toxic,Object_15818
Oxidizing,Object_02901
Oxidizing,Object_24094
Corrosive,Object_30295
Explosive,Object_04672
Explosive,Object_07622
Unspecified,Object_21898
Pressurized,Object_07017
Toxic,Object_16107
Toxic,Object_10394
Pressurized,Object_08187
Oxidizing,Object_07751
Food,Object_14458
Explosive,Object_21685
Oxidizing,Object_17304
Explosive,Object_14616
Unspecified,Object_07049
Food,Object_18466
Unspecified,Object_11423
Fragile,Object_11661
Toxic,Object_13059
Unspecified,Object_14071
Food,Object_01550
Corrosive,Object_21164
Radioactive,Object_23709
Food,Object_07280
Unspecified,Object_16517
Pressurized,Object_27770
Radioactive,Object_07140
Unspecified,Object_16392
Fragile,Object_03429
Toxic,Object_11412
Radioactive,Object_23352
Fragile,Object_27373
Oxidizing,Object_27869
Pressurized,Object_07517
Pressurized,Object_25001
Pressurized,Object_02151
Flammable,Object_11262
Fragile,Object_09754
Explosive,Object_12087
Toxic,Object_24784
Flammable,Object_27699
Toxic,Object_22030
Toxic,Object_25990
Oxidizing,Object_27256
Flammable,Object_04112
Radioactive,Object_22445
Flammable,Object_14050
Radioactive,Object_11267
Oxidizing,Object_10204
Flammable,Object_21514
Oxidizing,Object_18642
Explosive,Object_22973
Oxidizing,Object_00069
Flammable,Object_02644
Toxic,Object_06560
Flammable,Object_07996
Oxidizing,Object_09778
Toxic,Object_06483
Flammable,Object_00649
Flammable,Object_12044
Fragile,Object_01916
Flammable,Object_20471
Unspecified,Object_28372
Flammable,Object_20607
Corrosive,Object_14461
Fragile,Object_25414
Unspecified,Object_00064
Oxidizing,Object_08734
Radioactive,Object_13665
Oxidizing,Object_26398
Flammable,Object_17293
Corrosive,Object_00204
Toxic,Object_20255
Fragile,Object_22536
Pressurized,Object_18348
Unspecified,Object_00651
Oxidizing,Object_03010
Food,Object_20594
Flammable,Object_07665
Unspecified,Object_19046
Radioactive,Object_26598
Toxic,Object_11322
Pressurized,Object_26370
Flammable,Object_08441
Toxic,Object_09729
Pressurized,Object_01108
Fragile,Object_05588
Fragile,Object_04204
Explosive,Object_09587
Unspecified,Object_27850
Pressurized,Object_29509
Explosive,Object_07979
Explosive,Object_27890
Corrosive,Object_13299
Toxic,Object_06316
Toxic,Object_18671
Radioactive,Object_23397
Corrosive,Object_14358
Pressurized,Object_08939
Explosive,Object_08849
Pressurized,Object_03201
Radioactive,Object_20865
Oxidizing,Object_23924
Flammable,Object_14792
Unspecified,Object_16159
Toxic,Object_16102
Oxidizing,Object_13419
Corrosive,Object_24001
Radioactive,Object_28486
Fragile,Object_01123
Radioactive,Object_17633
Oxidizing,Object_18124
Unspecified,Object_24269
Food,Object_28541
Flammable,Object_02338
Fragile,Object_02418
Corrosive,Object_06910
Fragile,Object_14227
Fragile,Object_26507
Flammable,Object_18976
Corrosive,Object_13687
Toxic,Object_30087
Toxic,Object_15008
Corrosive,Object_23672
Radioactive,Object_00872
Pressurized,Object_01523
Flammable,Object_15776
Explosive,Object_21068
Corrosive,Object_14428
Explosive,Object_05413
Corrosive,Object_24458
Food,Object_01827
Food,Object_27351
Food,Object_24307
Radioactive,Object_11390
Corrosive,Object_02733
Pressurized,Object_12810
Unspecified,Object_07914
Flammable,Object_09177
Pressurized,Object_28122
Food,Object_15935
Flammable,Object_11589
Radioactive,Object_10736
Corrosive,Object_00792
Oxidizing,Object_27821
Fragile,Object_09294
Flammable,Object_22563
Toxic,Object_21835
Fragile,Object_20160
Flammable,Object_00217
Flammable,Object_16521
Flammable,Object_15476
Radioactive,Object_11034
Unspecified,Object_16340
Flammable,Object_30328
Corrosive,Object_10133
Pressurized,Object_00488
Pressurized,Object_09364
Pressurized,Object_26644
Fragile,Object_27875
Explosive,Object_10256
Radioactive,Object_20225
Corrosive,Object_17373
Unspecified,Object_19970
Explosive,Object_28068
Food,Object_29479
Toxic,Object_27474
Oxidizing,Object_05659
Fragile,Object_02982
Oxidizing,Object_09946
Food,Object_12181
Food,Object_07875
Unspecified,Object_08442
Pressurized,Object_03434
Unspecified,Object_15435
Toxic,Object_08482
Pressurized,Object_22809
Toxic,Object_30014
Flammable,Object_11225
Oxidizing,Object_09215
Oxidizing,Object_17508
Toxic,Object_21451
Unspecified,Object_14569
Pressurized,Object_05835
Explosive,Object_00926
Toxic,Object_19133
Radioactive,Object_19996
Food,Object_20064
Oxidizing,Object_12840
Pressurized,Object_19415
Explosive,Object_08851
Unspecified,Object_24834
Fragile,Object_06136
Explosive,Object_24081
Pressurized,Object_21051
Radioactive,Object_06856
Fragile,Object_08530
Radioactive,Object_03802
Radioactive,Object_21967
Fragile,Object_21768
Unspecified,Object_02218
Food,Object_01449
Radioactive,Object_14733
Fragile,Object_17439
Toxic,Object_06951
Fragile,Object_02600
Toxic,Object_25811
Food,Object_23454
Toxic,Object_05446
Oxidizing,Object_14811
Flammable,Object_15497
Fragile,Object_01688
Explosive,Object_08180
Unspecified,Object_07793
Pressurized,Object_03853
Fragile,Object_12268
Unspecified,Object_00831
Explosive,Object_10570
Fragile,Object_20509
Oxidizing,Object_11955
Fragile,Object_27664
Unspecified,Object_10759
Unspecified,Object_20972
Corrosive,Object_21165
Flammable,Object_02734
Radioactive,Object_11571
Pressurized,Object_26893
Corrosive,Object_23108
Food,Object_11889
Radioactive,Object_25231
Pressurized,Object_25631
Toxic,Object_22042
Oxidizing,Object_15308
Corrosive,Object_10858
Oxidizing,Object_27677
Unspecified,Object_21429
Toxic,Object_03096
Food,Object_06145
Flammable,Object_10738
Toxic,Object_07071
Explosive,Object_05224
Pressurized,Object_28438
Fragile,Object_21910
Fragile,Object_21317
Toxic,Object_06984
Food,Object_15873
Oxidizing,Object_24613
Pressurized,Object_21251
Explosive,Object_05027
Explosive,Object_04363
Explosive,Object_16652
Flammable,Object_19502
Corrosive,Object_11555
Food,Object_26583
Corrosive,Object_03261
Fragile,Object_10246
Pressurized,Object_27958
Fragile,Object_30097
Explosive,Object_20539
Food,Object_28090
Food,Object_12958
Radioactive,Object_06159
Unspecified,Object_25685
Flammable,Object_26657
Flammable,Object_15739
Toxic,Object_07314
Pressurized,Object_02175
Food,Object_03356
Corrosive,Object_16180
Corrosive,Object_08836
Toxic,Object_03408
Flammable,Object_13618
Unspecified,Object_24456
Radioactive,Object_05290
Food,Object_08709
Explosive,Object_19635
Pressurized,Object_06300
Explosive,Object_13735
Explosive,Object_04909
Flammable,Object_09184
Food,Object_11991
Flammable,Object_03227
Radioactive,Object_28563
Pressurized,Object_13020
Unspecified,Object_13610
Food,Object_13914
Toxic,Object_08852
Unspecified,Object_17137
Toxic,Object_11462
Food,Object_15236
Fragile,Object_24897
Food,Object_02490
Fragile,Object_17957
Corrosive,Object_11373
Explosive,Object_29290
Unspecified,Object_12822
Radioactive,Object_27652
Toxic,Object_05066
Fragile,Object_19081
Unspecified,Object_24822
Flammable,Object_22476
Radioactive,Object_02085
Radioactive,Object_10492
Oxidizing,Object_26760
Corrosive,Object_17157
Unspecified,Object_21936
Explosive,Object_18549
Unspecified,Object_04964
Fragile,Object_08210
Explosive,Object_21724
Unspecified,Object_29114
Toxic,Object_29896
Unspecified,Object_29812
Unspecified,Object_27968
Unspecified,Object_13182
Corrosive,Object_26232
Toxic,Object_07097
Oxidizing,Object_12785
Fragile,Object_25389
Radioactive,Object_17845
Oxidizing,Object_25709
Unspecified,Object_04811
Corrosive,Object_25752
Toxic,Object_04347
Unspecified,Object_27166
Food,Object_15496
Explosive,Object_00008
Fragile,Object_18717
Food,Object_06111
Oxidizing,Object_30119
Toxic,Object_20103
Radioactive,Object_29611
Explosive,Object_09343
Food,Object_11867
Radioactive,Object_21886
Corrosive,Object_21041
Pressurized,Object_12069
Unspecified,Object_25608
Radioactive,Object_23298
Food,Object_09863
Toxic,Object_26090
Oxidizing,Object_10587
Flammable,Object_29171
Radioactive,Object_29577
Flammable,Object_19302
Oxidizing,Object_16247
Flammable,Object_23110
Fragile,Object_25912
Corrosive,Object_15288
Radioactive,Object_04575
Unspecified,Object_24462
Fragile,Object_01728
Toxic,Object_11727
Toxic,Object_08197
Food,Object_24923
Radioactive,Object_28666
Toxic,Object_28212
Explosive,Object_17778
Flammable,Object_20965
Oxidizing,Object_00723
Food,Object_26406
Toxic,Object_10004
Flammable,Object_24070
Corrosive,Object_16037
Food,Object_04225
Unspecified,Object_10042
Pressurized,Object_23938
Food,Object_24608
Flammable,Object_12517
Fragile,Object_12461
Unspecified,Object_16951
Unspecified,Object_24380
Oxidizing,Object_20782
Fragile,Object_13236
Fragile,Object_14943
Pressurized,Object_21091
Radioactive,Object_12480
Food,Object_12111
Oxidizing,Object_29698
Corrosive,Object_20081
Radioactive,Object_13011
Fragile,Object_26197
Corrosive,Object_18292
Corrosive,Object_00772
Corrosive,Object_22277
Food,Object_12995
Toxic,Object_28321
Fragile,Object_19914
Radioactive,Object_07782
Unspecified,Object_09453
Pressurized,Object_23981
Oxidizing,Object_27146
Toxic,Object_12171
Oxidizing,Object_08274
Radioactive,Object_23538
Explosive,Object_13463
Unspecified,Object_25194
Explosive,Object_20989
Oxidizing,Object_18583
Pressurized,Object_10412
Radioactive,Object_17383
Fragile,Object_23762
Unspecified,Object_14634
Radioactive,Object_03100
Toxic,Object_12924
Fragile,Object_17128
Radioactive,Object_19039
Radioactive,Object_01971
Pressurized,Object_18638
Food,Object_11290
Flammable,Object_20802
Corrosive,Object_20488
Radioactive,Object_06901
Fragile,Object_25878
Food,Object_04231
Food,Object_06248
Pressurized,Object_20130
Food,Object_09892
Oxidizing,Object_03124
Pressurized,Object_08427
Oxidizing,Object_03200
Fragile,Object_11166
Explosive,Object_04337
Unspecified,Object_00178
Oxidizing,Object_18624
Fragile,Object_18518
Explosive,Object_06092
Radioactive,Object_17623
Toxic,Object_09260
Flammable,Object_02979
Fragile,Object_16893
Toxic,Object_12072
Explosive,Object_24436
Explosive,Object_20171
Unspecified,Object_01204
Radioactive,Object_06882
Pressurized,Object_12966
Unspecified,Object_22406
Oxidizing,Object_14889
Fragile,Object_28772
Pressurized,Object_09984
Oxidizing,Object_09388
Oxidizing,Object_17110
Toxic,Object_15091
Radioactive,Object_22898
Flammable,Object_18966
Explosive,Object_08853
Food,Object_28859
Radioactive,Object_02018
Pressurized,Object_03127
Corrosive,Object_13769
Oxidizing,Object_18952
Oxidizing,Object_19737
Unspecified,Object_03329
Food,Object_10522
Food,Object_30356
Corrosive,Object_28425
Pressurized,Object_26395
Flammable,Object_00201
Flammable,Object_12761
Toxic,Object_15965
Oxidizing,Object_22004
Fragile,Object_12765
Fragile,Object_09378
Food,Object_15141
Oxidizing,Object_25341
Unspecified,Object_02501
Explosive,Object_09720
Fragile,Object_16318
Explosive,Object_26071
Unspecified,Object_28228
Oxidizing,Object_15428
Food,Object_06313
Explosive,Object_00974
Fragile,Object_28956
Explosive,Object_11017
Radioactive,Object_23580
Food,Object_23452
Pressurized,Object_18183
Toxic,Object_09416
Corrosive,Object_21448
Explosive,Object_00848
Fragile,Object_04505
Unspecified,Object_12790
Fragile,Object_21139
Food,Object_25733
Oxidizing,Object_24609
Explosive,Object_18771
Food,Object_08504
Pressurized,Object_20305
Explosive,Object_25105
Unspecified,Object_06500
Unspecified,Object_27896
Fragile,Object_02004
Explosive,Object_27279
Radioactive,Object_02563
Fragile,Object_01792
Explosive,Object_12323
Pressurized,Object_01156
Food,Object_18207
Corrosive,Object_13204
Unspecified,Object_09827
Oxidizing,Object_13868
Flammable,Object_24464
Fragile,Object_03407
Flammable,Object_14523
Unspecified,Object_12320
Corrosive,Object_03138
Flammable,Object_00993
Fragile,Object_12004
Pressurized,Object_03870
Toxic,Object_16025
Fragile,Object_14631
Radioactive,Object_29793
Oxidizing,Object_19149
Food,Object_08235
Fragile,Object_08759
Fragile,Object_27352
Unspecified,Object_05257
Pressurized,Object_25245
Oxidizing,Object_28271
Food,Object_05010
Unspecified,Object_25322
Oxidizing,Object_04861
Corrosive,Object_23160
Corrosive,Object_28394
Unspecified,Object_10980
Unspecified,Object_16570
Oxidizing,Object_12275
Pressurized,Object_25220
Toxic,Object_07037
Flammable,Object_03884
Unspecified,Object_28221
Unspecified,Object_24679
Radioactive,Object_08124
Food,Object_16540
Fragile,Object_18305
Flammable,Object_06704
Corrosive,Object_00647
Pressurized,Object_03840
Food,Object_24289
Pressurized,Object_04655
Flammable,Object_27197
Toxic,Object_20285
Flammable,Object_26607
Toxic,Object_03317
Oxidizing,Object_26709
Corrosive,Object_04383
Unspecified,Object_02523
Corrosive,Object_04519
Corrosive,Object_10402
Explosive,Object_24285
Food,Object_13221
Explosive,Object_30276
Flammable,Object_14384
Toxic,Object_18125
Food,Object_04329
Pressurized,Object_24405
Explosive,Object_09270
Pressurized,Object_26093
Fragile,Object_05114
Unspecified,Object_24966
Explosive,Object_09511
Oxidizing,Object_14684
Explosive,Object_09637
Corrosive,Object_00866
Toxic,Object_24036
Pressurized,Object_06825
Toxic,Object_25553
Fragile,Object_27432
Oxidizing,Object_10857
Oxidizing,Object_06367
Explosive,Object_22540
Fragile,Object_27922
Food,Object_02248
Oxidizing,Object_16781
Unspecified,Object_11699
Unspecified,Object_12355
Food,Object_20371
Radioactive,Object_11341
Food,Object_13583
Fragile,Object_00365
Unspecified,Object_12460
Unspecified,Object_00809
Food,Object_17360
Toxic,Object_03373
Toxic,Object_19309
Fragile,Object_15756
Fragile,Object_14988
Unspecified,Object_20063
Oxidizing,Object_13830
Toxic,Object_28930
Flammable,Object_02972
Flammable,Object_02722
Explosive,Object_05616
Flammable,Object_03746
Corrosive,Object_06404
Toxic,Object_22163
Oxidizing,Object_15294
Fragile,Object_30248
Fragile,Object_09382
Radioactive,Object_22976
Flammable,Object_19714
Radioactive,Object_01954
Pressurized,Object_14907
Pressurized,Object_01830
Flammable,Object_16987
Radioactive,Object_15459
Unspecified,Object_04331
Flammable,Object_14562
Radioactive,Object_10481
Flammable,Object_06888
Corrosive,Object_10505
Food,Object_20625
Flammable,Object_20744
Fragile,Object_06961
Corrosive,Object_23964
Food,Object_22634
Oxidizing,Object_01938
Radioactive,Object_25067
Corrosive,Object_20469
Unspecified,Object_18256
Pressurized,Object_16793
Fragile,Object_00641
Food,Object_11873
Unspecified,Object_06707
Unspecified,Object_05197
Pressurized,Object_20960
Oxidizing,Object_18957
Corrosive,Object_26122
Unspecified,Object_21334
Oxidizing,Object_28958
Corrosive,Object_03153
Food,Object_20980
Pressurized,Object_28182
Flammable,Object_01164
Corrosive,Object_06743
Unspecified,Object_25563
Unspecified,Object_23604
Corrosive,Object_07543
Flammable,Object_12086
Toxic,Object_01543
Flammable,Object_05391
Radioactive,Object_29066
Pressurized,Object_12628
Pressurized,Object_30190
Oxidizing,Object_29194
Radioactive,Object_16301
Explosive,Object_05307
Toxic,Object_22918
Fragile,Object_19138
Radioactive,Object_14429
Pressurized,Object_09269
Pressurized,Object_12760
Radioactive,Object_10688
Unspecified,Object_27244
Oxidizing,Object_20527
Radioactive,Object_08938
Pressurized,Object_29033
Toxic,Object_20845
Fragile,Object_07789
Pressurized,Object_27482
Pressurized,Object_09918
Toxic,Object_18898
Oxidizing,Object_19893
Unspecified,Object_19212
Toxic,Object_15627
Pressurized,Object_19435
Pressurized,Object_17547
Fragile,Object_09686
Toxic,Object_08555
Fragile,Object_08496
Unspecified,Object_02687
Toxic,Object_17890
Oxidizing,Object_17132
Food,Object_04704
Radioactive,Object_08563
Toxic,Object_18534
Flammable,Object_19254
Unspecified,Object_07267
Corrosive,Object_24780
Radioactive,Object_21183
Corrosive,Object_18359
Pressurized,Object_05024
Explosive,Object_28760
Unspecified,Object_24356
Radioactive,Object_16591
Toxic,Object_30329
Food,Object_01941
Toxic,Object_28658
Radioactive,Object_17497
Unspecified,Object_08870
Explosive,Object_30307
Radioactive,Object_06086
Radioactive,Object_12385
Radioactive,Object_03242
Pressurized,Object_10470
Corrosive,Object_25164
Explosive,Object_10974
Food,Object_18308
Food,Object_09993
Explosive,Object_14679
Flammable,Object_00922
Food,Object_21709
Fragile,Object_30150
Radioactive,Object_14919
Food,Object_26768
Oxidizing,Object_06484
Explosive,Object_27762
Unspecified,Object_27927
Food,Object_15406
Unspecified,Object_20377
Unspecified,Object_12890
Unspecified,Object_00644
Explosive,Object_25157
Pressurized,Object_14145
Unspecified,Object_18159
Unspecified,Object_11904
Oxidizing,Object_24290
Food,Object_13308
Toxic,Object_26641
Corrosive,Object_07098
Radioactive,Object_21506
Oxidizing,Object_12853
Pressurized,Object_25790
Unspecified,Object_30318
Food,Object_10484
Explosive,Object_21303
Radioactive,Object_09299
Food,Object_30037
Radioactive,Object_08964
Toxic,Object_14396
Radioactive,Object_26472
Food,Object_05153
Oxidizing,Object_14420
Radioactive,Object_01405
Food,Object_21762
Flammable,Object_24644
Explosive,Object_07216
Flammable,Object_15146
Explosive,Object_13561
Food,Object_20212
Flammable,Object_28386
Food,Object_19519
Pressurized,Object_16851
Food,Object_28980
Flammable,Object_02487
Food,Object_04058
Unspecified,Object_19385
Flammable,Object_16379
Flammable,Object_20543
Unspecified,Object_06038
Food,Object_01234
Pressurized,Object_13036
Corrosive,Object_29049
Unspecified,Object_21459
Oxidizing,Object_15981
Pressurized,Object_00607
Fragile,Object_27521
Corrosive,Object_13196
Toxic,Object_19661
Food,Object_15044
Toxic,Object_14243
Oxidizing,Object_25265
Radioactive,Object_23134
Corrosive,Object_10404
Explosive,Object_15946
Food,Object_25029
Corrosive,Object_06633
Radioactive,Object_15891
Oxidizing,Object_04900
Explosive,Object_14062
Fragile,Object_04435
Radioactive,Object_09654
Toxic,Object_12950
Toxic,Object_06750
Corrosive,Object_21500
Radioactive,Object_24513
Corrosive,Object_23164
Flammable,Object_14872
Food,Object_09996
Oxidizing,Object_08479
Corrosive,Object_23492
Oxidizing,Object_18417
Pressurized,Object_13621
Food,Object_10168
Corrosive,Object_16765
Toxic,Object_09402
Oxidizing,Object_19742
Food,Object_22935
Explosive,Object_05962
Unspecified,Object_04765
Food,Object_07125
Toxic,Object_18609
Flammable,Object_15674
Fragile,Object_22850
Unspecified,Object_00135
Flammable,Object_22813
Toxic,Object_08846
Radioactive,Object_25779
Radioactive,Object_27013
Flammable,Object_23599
Corrosive,Object_24652
Corrosive,Object_23080
Oxidizing,Object_07069
Pressurized,Object_29656
Explosive,Object_26596
Explosive,Object_09903
Unspecified,Object_27472
Radioactive,Object_18185
Pressurized,Object_23497
Fragile,Object_23774
Food,Object_15112
Toxic,Object_05110
Pressurized,Object_29532
Flammable,Object_26966
Unspecified,Object_03769
Toxic,Object_29386
Oxidizing,Object_13607
Unspecified,Object_22508
Toxic,Object_24510
Toxic,Object_21090
Corrosive,Object_02477
Radioactive,Object_26036
Toxic,Object_08068
Flammable,Object_03068
Explosive,Object_22465
Fragile,Object_26277
Corrosive,Object_19303
Corrosive,Object_25060
Unspecified,Object_23971
Corrosive,Object_24043
Oxidizing,Object_25765
Flammable,Object_01135
Fragile,Object_06440
Explosive,Object_24137
Radioactive,Object_18510
Pressurized,Object_08586
Toxic,Object_20856
Oxidizing,Object_10888
Explosive,Object_08907
Corrosive,Object_29220
Flammable,Object_09451
Explosive,Object_01462
Explosive,Object_20108
Pressurized,Object_08173
Radioactive,Object_11252
Pressurized,Object_26109
Flammable,Object_15813
Food,Object_28225
Oxidizing,Object_00520
Oxidizing,Object_05355
Explosive,Object_14052
Toxic,Object_21089
Radioactive,Object_07993
Unspecified,Object_07702
Fragile,Object_18824
Oxidizing,Object_12851
Oxidizing,Object_08105
Fragile,Object_03488
Fragile,Object_09435
Radioactive,Object_25464
Unspecified,Object_14842
Oxidizing,Object_18628
Toxic,Object_04147
Radioactive,Object_07603
Flammable,Object_28989
Radioactive,Object_28542
Oxidizing,Object_15764
Unspecified,Object_17878
Pressurized,Object_14247
Radioactive,Object_05927
Radioactive,Object_09363
Flammable,Object_19118
Oxidizing,Object_04853
Corrosive,Object_02699
Corrosive,Object_02379
Unspecified,Object_22343
Unspecified,Object_27245
Fragile,Object_12977
Fragile,Object_23977
Toxic,Object_11325
Radioactive,Object_25129
Radioactive,Object_20234
Fragile,Object_15751
Corrosive,Object_20556
Pressurized,Object_23256
Radioactive,Object_20324
Unspecified,Object_16339
Oxidizing,Object_19060
Food,Object_07124
Flammable,Object_15436
Fragile,Object_14375
Explosive,Object_09607
Food,Object_23523
Corrosive,Object_05825
Radioactive,Object_03203
Oxidizing,Object_20307
Fragile,Object_21488
Explosive,Object_25437
Corrosive,Object_15103
Oxidizing,Object_11181
Corrosive,Object_20628
Radioactive,Object_28729
Unspecified,Object_08961
Pressurized,Object_04212
Fragile,Object_06789
Oxidizing,Object_12642
Unspecified,Object_02389
Explosive,Object_10053
Flammable,Object_19678
Fragile,Object_29352
Food,Object_10239
Pressurized,Object_18971
Pressurized,Object_08251
Unspecified,Object_16069
Corrosive,Object_18739
Oxidizing,Object_17376
Flammable,Object_21794
Fragile,Object_03981
Corrosive,Object_28096
Corrosive,Object_07074
Pressurized,Object_26650
Flammable,Object_08145
Corrosive,Object_24317
Flammable,Object_23363
Unspecified,Object_27419
Food,Object_05961
Toxic,Object_28057
Fragile,Object_29630
Flammable,Object_18284
Toxic,Object_09668
Radioactive,Object_16314
Food,Object_11146
Explosive,Object_23581
Flammable,Object_03269
Unspecified,Object_29926
Explosive,Object_25300
Food,Object_15086
Explosive,Object_15957
Flammable,Object_26809
Flammable,Object_01713
Radioactive,Object_12445
Oxidizing,Object_01291
Fragile,Object_19923
Toxic,Object_04930
Flammable,Object_12205
Radioactive,Object_13644
Radioactive,Object_20606
Fragile,Object_20648
Corrosive,Object_16430
Corrosive,Object_01329
Fragile,Object_14419
Food,Object_01983
Pressurized,Object_19544
Explosive,Object_29343
Pressurized,Object_09623
Corrosive,Object_14022
Explosive,Object_11470
Toxic,Object_26864
Toxic,Object_27898
Flammable,Object_24918
Toxic,Object_27707
Fragile,Object_27384
Corrosive,Object_01802
Flammable,Object_12542
Flammable,Object_19645
Toxic,Object_03820
Oxidizing,Object_05888
Flammable,Object_11756
Toxic,Object_08238
Fragile,Object_11549
Flammable,Object_12390
Explosive,Object_21486
Explosive,Object_04202
Unspecified,Object_30095
Pressurized,Object_03253
Explosive,Object_01484
Radioactive,Object_29963
Food,Object_17206
Fragile,Object_13081
Radioactive,Object_16646
Toxic,Object_21508
Fragile,Object_04495
Flammable,Object_25350
Food,Object_20548
Explosive,Object_01029
Pressurized,Object_06566
Oxidizing,Object_15199
Oxidizing,Object_07026
Pressurized,Object_14031
Flammable,Object_02634
Food,Object_23930
Flammable,Object_02181
Oxidizing,Object_19289
Flammable,Object_10970
Oxidizing,Object_17492
Pressurized,Object_25046
Pressurized,Object_03473
Radioactive,Object_26683
Explosive,Object_04179
Food,Object_07176
Explosive,Object_12601
Flammable,Object_04614
Flammable,Object_08472
Food,Object_13708
Oxidizing,Object_22206
Flammable,Object_01829
Explosive,Object_02372
Flammable,Object_24616
Flammable,Object_27836
Toxic,Object_16477
Fragile,Object_23665
Corrosive,Object_09728
Unspecified,Object_17443
Corrosive,Object_14698
Fragile,Object_02096
Toxic,Object_11047
Flammable,Object_13573
Fragile,Object_02843
Explosive,Object_02036
Flammable,Object_04659
Fragile,Object_25228
Explosive,Object_00339
Explosive,Object_23598
Explosive,Object_06936
Fragile,Object_27499
Toxic,Object_14430
Toxic,Object_13014
Oxidizing,Object_19998
Food,Object_22327
Corrosive,Object_04071
Radioactive,Object_11982
Radioactive,Object_22851
Flammable,Object_00525
Flammable,Object_15519
Food,Object_27259
Food,Object_04024
Radioactive,Object_20463
Pressurized,Object_15745
Explosive,Object_04491
Flammable,Object_04913
Food,Object_19712
Food,Object_24589
Oxidizing,Object_14143
Food,Object_20822
Flammable,Object_21636
Food,Object_00726
Flammable,Object_15688
Corrosive,Object_27716
Oxidizing,Object_15654
Pressurized,Object_09493
Pressurized,Object_17043
Toxic,Object_23804
Flammable,Object_05928
Unspecified,Object_16525
Explosive,Object_10382
Corrosive,Object_09742
Oxidizing,Object_09446
Pressurized,Object_17479
Fragile,Object_13534
Radioactive,Object_24298
Toxic,Object_01161
Toxic,Object_01689
Fragile,Object_06830
Radioactive,Object_23426
Unspecified,Object_17076
Unspecified,Object_07754
Oxidizing,Object_02714
Fragile,Object_27370
Fragile,Object_00695
Food,Object_17683
Oxidizing,Object_15589
Toxic,Object_14528
Explosive,Object_11751
Pressurized,Object_12248
Explosive,Object_12008
Fragile,Object_18194
Radioactive,Object_01183
Pressurized,Object_27600
Flammable,Object_22469
Pressurized,Object_09073
Oxidizing,Object_10188
Fragile,Object_25716
Unspecified,Object_08337
Explosive,Object_26156
Oxidizing,Object_07195
Oxidizing,Object_04928
Pressurized,Object_11504
Explosive,Object_22093
Flammable,Object_22608
Flammable,Object_26814
Food,Object_06861
Flammable,Object_15634
Fragile,Object_12129
Corrosive,Object_18598
Toxic,Object_09886
Pressurized,Object_01047
Pressurized,Object_02211
Radioactive,Object_05199
Oxidizing,Object_04226
Explosive,Object_17775
Oxidizing,Object_05885
Radioactive,Object_27934
Pressurized,Object_28434
Explosive,Object_22223
Fragile,Object_13696
Corrosive,Object_09337
Pressurized,Object_24571
Unspecified,Object_13098
Unspecified,Object_30197
Fragile,Object_02790
Pressurized,Object_04369
Unspecified,Object_14155
Flammable,Object_23958
Radioactive,Object_13764
Fragile,Object_16657
Fragile,Object_18403
Oxidizing,Object_11076
Unspecified,Object_30268
Flammable,Object_20599
Toxic,Object_19835
Unspecified,Object_15447
Food,Object_23853
Corrosive,Object_14099
Explosive,Object_16188
Oxidizing,Object_07273
Unspecified,Object_10509
Flammable,Object_12646
Oxidizing,Object_28148
Fragile,Object_23563
Toxic,Object_07165
Fragile,Object_13689
Food,Object_30315
Oxidizing,Object_10037
Unspecified,Object_28439
Explosive,Object_01356
Fragile,Object_29302
Radioactive,Object_15138
Unspecified,Object_15689
Corrosive,Object_19839
Toxic,Object_01785
Fragile,Object_12232
Corrosive,Object_22173
Radioactive,Object_01995
Radioactive,Object_20731
Fragile,Object_28337
Radioactive,Object_08995
Explosive,Object_12802
Toxic,Object_15862
Corrosive,Object_06036
Unspecified,Object_00746
Oxidizing,Object_09365
Flammable,Object_09766
Pressurized,Object_19615
Oxidizing,Object_10398
Explosive,Object_27198
Radioactive,Object_08592
Corrosive,Object_03543
Food,Object_21876
Explosive,Object_21487
Flammable,Object_12140
Pressurized,Object_06889
Explosive,Object_05681
Oxidizing,Object_06381
Radioactive,Object_27745
Flammable,Object_24110
Flammable,Object_14646
Toxic,Object_14154
Food,Object_06157
Pressurized,Object_12121
Oxidizing,Object_09150
Flammable,Object_28577
Corrosive,Object_01653
Explosive,Object_11189
Fragile,Object_26301
Food,Object_26919
Corrosive,Object_16485
Pressurized,Object_21798
Fragile,Object_16933
Radioactive,Object_08476
Flammable,Object_02407
Corrosive,Object_20400
Pressurized,Object_03114
Pressurized,Object_29515
Toxic,Object_15432
Radioactive,Object_23463
Pressurized,Object_22054
Pressurized,Object_23421
Explosive,Object_30205
Food,Object_10871
Food,Object_06142
Food,Object_24588
Explosive,Object_26524
Flammable,Object_26404
Toxic,Object_27371
Corrosive,Object_12902
Oxidizing,Object_10800
Unspecified,Object_24114
Food,Object_16651
Flammable,Object_17476
Oxidizing,Object_01303
Radioactive,Object_05860
Food,Object_20661
Oxidizing,Object_06228
Unspecified,Object_27091
Flammable,Object_25867
Fragile,Object_11010
Corrosive,Object_04674
Explosive,Object_16429
Unspecified,Object_11860
Oxidizing,Object_05637
Unspecified,Object_12914
Toxic,Object_26223
Flammable,Object_01893
Corrosive,Object_10268
Explosive,Object_14550
Radioactive,Object_20428
Radioactive,Object_14691
Corrosive,Object_23906
Flammable,Object_06319
Unspecified,Object_21641
Oxidizing,Object_08283
Radioactive,Object_16414
Unspecified,Object_12933
Flammable,Object_26764
Radioactive,Object_11752
Explosive,Object_27280
Pressurized,Object_22562
Unspecified,Object_07417
Oxidizing,Object_03858
Unspecified,Object_26698
Pressurized,Object_03892
Oxidizing,Object_00950
Unspecified,Object_08928
Unspecified,Object_24056
Pressurized,Object_03107
Toxic,Object_25873
Radioactive,Object_13635
Pressurized,Object_09648
Unspecified,Object_21721
Explosive,Object_09571
Oxidizing,Object_08990
Corrosive,Object_29345
Toxic,Object_04826
Unspecified,Object_29627
Food,Object_13382
Fragile,Object_24762
Explosive,Object_10733
Fragile,Object_29732
Corrosive,Object_07427
Explosive,Object_30312
Toxic,Object_01877
Pressurized,Object_03594
Oxidizing,Object_05730
Oxidizing,Object_03386
Toxic,Object_17199
Food,Object_02571
Explosive,Object_22817
Unspecified,Object_09304
Radioactive,Object_15929
Explosive,Object_29006
Oxidizing,Object_20264
Pressurized,Object_20439
Fragile,Object_18538
Flammable,Object_03777
Flammable,Object_27758
Food,Object_03451
Pressurized,Object_29725
Flammable,Object_20501
Corrosive,Object_08781
Food,Object_15316
Food,Object_18592
Corrosive,Object_27505
Pressurized,Object_11384
Corrosive,Object_18029
Unspecified,Object_02160
Flammable,Object_08131
Fragile,Object_15761
Pressurized,Object_06266
Food,Object_12528
Corrosive,Object_27732
Food,Object_06447
Unspecified,Object_20848
Food,Object_13654
Flammable,Object_10826
Corrosive,Object_03216
Flammable,Object_03798
Explosive,Object_21871
Unspecified,Object_28013
Explosive,Object_11625
Flammable,Object_13229
Oxidizing,Object_22017
Unspecified,Object_26567
Corrosive,Object_11630
Explosive,Object_29392
Corrosive,Object_00775
Corrosive,Object_01350
Corrosive,Object_15516
Corrosive,Object_16153
Flammable,Object_07858
Toxic,Object_21306
Unspecified,Object_27011
Radioactive,Object_19948
Flammable,Object_18186
Oxidizing,Object_26654
Fragile,Object_08378
Food,Object_16947
Fragile,Object_28780
Radioactive,Object_12321
Food,Object_00088
Fragile,Object_28383
Pressurized,Object_08169
Pressurized,Object_10955
Oxidizing,Object_08674
Unspecified,Object_16929
Toxic,Object_20549
Fragile,Object_21810
Explosive,Object_22185
Toxic,Object_27923
Toxic,Object_23336
Pressurized,Object_21294
Toxic,Object_15206
Unspecified,Object_22857
Toxic,Object_05694
Fragile,Object_06477
Flammable,Object_23944
Flammable,Object_27948
Radioactive,Object_11601
Explosive,Object_02346
Oxidizing,Object_27851
Toxic,Object_08026
Oxidizing,Object_25524
Oxidizing,Object_00890
Flammable,Object_11007
Explosive,Object_27952
Food,Object_18252
Food,Object_16456
Corrosive,Object_00287
Oxidizing,Object_18083
Pressurized,Object_01008
Fragile,Object_03018
Fragile,Object_07007
Toxic,Object_16376
Corrosive,Object_23551
Corrosive,Object_29116
Toxic,Object_04411
Radioactive,Object_00034
Toxic,Object_26832
Fragile,Object_01901
Toxic,Object_17596
Corrosive,Object_18525
Radioactive,Object_17695
Fragile,Object_06151
Unspecified,Object_10030
Radioactive,Object_12549
Flammable,Object_18399
Flammable,Object_01052
Explosive,Object_00519
Flammable,Object_28847
Unspecified,Object_24952
Food,Object_27201
Explosive,Object_14720
Pressurized,Object_00367
Food,Object_23539
Toxic,Object_09123
Toxic,Object_29073
Unspecified,Object_22121
Toxic,Object_02623
Fragile,Object_14327
Corrosive,Object_18667
Pressurized,Object_16335
Fragile,Object_19905
Oxidizing,Object_14387
Pressurized,Object_22138
Toxic,Object_01978
Explosive,Object_21616
Toxic,Object_26137
Oxidizing,Object_15609
Pressurized,Object_12867
Fragile,Object_15314
Food,Object_13142
Radioactive,Object_14119
Explosive,Object_24912
Oxidizing,Object_16917
Toxic,Object_11338
Oxidizing,Object_01644
Corrosive,Object_05126
Pressurized,Object_17814
Explosive,Object_12006
Unspecified,Object_01780
Oxidizing,Object_12634
Fragile,Object_13357
Flammable,Object_30079
Oxidizing,Object_19094
Explosive,Object_14264
Corrosive,Object_23049
Unspecified,Object_08299
Fragile,Object_06094
Oxidizing,Object_25653
Unspecified,Object_10947
Toxic,Object_27361
Fragile,Object_27981
Pressurized,Object_23687
Explosive,Object_05395
Unspecified,Object_25841
Pressurized,Object_10330
Fragile,Object_27468
Food,Object_21064
Radioactive,Object_23789
Radioactive,Object_14806
Unspecified,Object_15068
Radioactive,Object_02635
Oxidizing,Object_22744
Pressurized,Object_12991
Radioactive,Object_16959
Pressurized,Object_24413
Flammable,Object_15517
Radioactive,Object_24293
Food,Object_26284
Unspecified,Object_06233
Toxic,Object_23155
Oxidizing,Object_22076
Toxic,Object_02249
Corrosive,Object_25195
Food,Object_29988
Unspecified,Object_30357
Oxidizing,Object_18064
Unspecified,Object_17038
Unspecified,Object_22441
Food,Object_17021
Corrosive,Object_25238
Food,Object_11764
Corrosive,Object_02437
Toxic,Object_19869
Oxidizing,Object_12507
Explosive,Object_16936
Corrosive,Object_22352
Food,Object_16344
Pressurized,Object_13389
Explosive,Object_02802
Explosive,Object_23685
Food,Object_30213
Toxic,Object_22658
Food,Object_08160
Corrosive,Object_25659
Fragile,Object_25863
Food,Object_12310
Toxic,Object_18405
Food,Object_24149
Explosive,Object_27951
Explosive,Object_30319
Pressurized,Object_03052
Pressurized,Object_18401
Flammable,Object_25491
Food,Object_29009
Corrosive,Object_29885
Corrosive,Object_29538
Toxic,Object_18591
Radioactive,Object_22732
Oxidizing,Object_22142
Oxidizing,Object_23729
Corrosive,Object_03691
Food,Object_15717
Corrosive,Object_11963
Oxidizing,Object_25385
Radioactive,Object_05111
Flammable,Object_12119
Corrosive,Object_00234
Explosive,Object_25045
Flammable,Object_20658
Radioactive,Object_09519
Toxic,Object_26745
Oxidizing,Object_11740
Oxidizing,Object_24859
Pressurized,Object_29189
Food,Object_21806
Corrosive,Object_01223
Toxic,Object_05288
Oxidizing,Object_17661
Pressurized,Object_05761
Oxidizing,Object_27379
Explosive,Object_24573
Unspecified,Object_08171
Radioactive,Object_01009
Fragile,Object_16330
Radioactive,Object_30002
Corrosive,Object_14088
Oxidizing,Object_00102
Unspecified,Object_26295
Radioactive,Object_19555
Corrosive,Object_05705
Flammable,Object_27735
Radioactive,Object_27151
Explosive,Object_23714
Radioactive,Object_24598
Flammable,Object_26837
Fragile,Object_01411
Radioactive,Object_05710
Corrosive,Object_05138
Fragile,Object_07813
Explosive,Object_08720
Unspecified,Object_11306
Fragile,Object_17529
Food,Object_10426
Pressurized,Object_15894
Flammable,Object_15265
Flammable,Object_28967
Toxic,Object_22380
Toxic,Object_13215
Flammable,Object_17298
Oxidizing,Object_28404
Oxidizing,Object_07154
Food,Object_13582
Explosive,Object_01283
Pressurized,Object_09732
Fragile,Object_08294
Corrosive,Object_17772
Unspecified,Object_07939
Explosive,Object_17407
Explosive,Object_02983
Corrosive,Object_26587
Fragile,Object_28230
Explosive,Object_03808
Corrosive,Object_03664
Food,Object_29870
Radioactive,Object_01176
Pressurized,Object_20497
Oxidizing,Object_21924
Food,Object_15744
Food,Object_03812
Fragile,Object_12368
Oxidizing,Object_22830
Corrosive,Object_29843
Flammable,Object_04389
Fragile,Object_20338
Fragile,Object_01171
Unspecified,Object_22990
Corrosive,Object_02771
Explosive,Object_29628
Flammable,Object_08501
Flammable,Object_11557
Explosive,Object_19793
Fragile,Object_10617
Fragile,Object_00131
Flammable,Object_09324
Toxic,Object_08430
Flammable,Object_23276
Radioactive,Object_28251
Corrosive,Object_11804
Fragile,Object_08326
Radioactive,Object_19670
Oxidizing,Object_00955
Radioactive,Object_14819
Fragile,Object_12529
Fragile,Object_15367
Explosive,Object_11667
Oxidizing,Object_18156
Toxic,Object_26950
Corrosive,Object_05498
Pressurized,Object_30196
Fragile,Object_17801
Toxic,Object_05296
Oxidizing,Object_13841
Unspecified,Object_06507
Radioactive,Object_01632
Unspecified,Object_09456
Oxidizing,Object_25021
Food,Object_19523
Corrosive,Object_12833
Pressurized,Object_24819
Food,Object_03185
Pressurized,Object_00657
Food,Object_27344
Corrosive,Object_08485
Radioactive,Object_26287
Unspecified,Object_17524
Corrosive,Object_03063
Toxic,Object_27407
Corrosive,Object_23445
Corrosive,Object_11447
Flammable,Object_20166
Fragile,Object_06538
Oxidizing,Object_02150
Unspecified,Object_28970
Flammable,Object_00186
Oxidizing,Object_14240
Fragile,Object_30324
Radioactive,Object_11559
Food,Object_09420
Corrosive,Object_07613
Toxic,Object_18118
Explosive,Object_00399
Toxic,Object_05512
Radioactive,Object_07205
Food,Object_19831
Fragile,Object_03161
Unspecified,Object_12983
Pressurized,Object_15070
Unspecified,Object_06997
Oxidizing,Object_16026
Radioactive,Object_22564
Fragile,Object_05077
Fragile,Object_24868
Pressurized,Object_03101
Unspecified,Object_10844
Flammable,Object_10417
Toxic,Object_26549
Fragile,Object_20309
Oxidizing,Object_01186
Toxic,Object_29051
Flammable,Object_29614
Flammable,Object_00665
Corrosive,Object_03747
Explosive,Object_13728
Unspecified,Object_02910
Toxic,Object_27576
Fragile,Object_02313
Oxidizing,Object_02287
Explosive,Object_12856
Corrosive,Object_08959
Radioactive,Object_21364
Toxic,Object_13416
Toxic,Object_17272
Radioactive,Object_12896
Oxidizing,Object_07313
Food,Object_24299
Food,Object_29973
Fragile,Object_27723
Oxidizing,Object_18807
Radioactive,Object_15339
Explosive,Object_25099
Pressurized,Object_14535
Flammable,Object_04997
Pressurized,Object_08684
Corrosive,Object_01422
Unspecified,Object_15868
Oxidizing,Object_19718
Toxic,Object_28718
Unspecified,Object_26145
Oxidizing,Object_26821
Radioactive,Object_06371
Toxic,Object_27604
Radioactive,Object_16312
Toxic,Object_23716
Oxidizing,Object_07542
Oxidizing,Object_05247
Unspecified,Object_12135
Oxidizing,Object_03005
Flammable,Object_24209
Explosive,Object_01960
Oxidizing,Object_30118
Unspecified,Object_06982
Fragile,Object_02628
Radioactive,Object_19745
Corrosive,Object_25000
Radioactive,Object_21637
Explosive,Object_09905
Flammable,Object_02905
Radioactive,Object_25168
Toxic,Object_26806
Flammable,Object_03538
Oxidizing,Object_00536
Flammable,Object_02641
Fragile,Object_16921
Toxic,Object_15537
Toxic,Object_13936
Toxic,Object_14974
Fragile,Object_17421
Radioactive,Object_08762
Unspecified,Object_01794
Corrosive,Object_10768
Unspecified,Object_27721
Fragile,Object_26282
Corrosive,Object_07639
Pressurized,Object_17835
Fragile,Object_13543
Oxidizing,Object_08767
Explosive,Object_16835
Toxic,Object_06548
Oxidizing,Object_10212
Corrosive,Object_26419
Flammable,Object_25633
Corrosive,Object_00083
Radioactive,Object_12208
Radioactive,Object_17711
Corrosive,Object_23838
Toxic,Object_20745
Toxic,Object_12617
Food,Object_14981
Oxidizing,Object_13254
Corrosive,Object_02133
Radioactive,Object_23639
Radioactive,Object_06394
Fragile,Object_05426
Fragile,Object_05987
Radioactive,Object_27327
Corrosive,Object_12037
Corrosive,Object_00099
Toxic,Object_01230
Pressurized,Object_05753
Unspecified,Object_16931
Corrosive,Object_02195
Explosive,Object_22216
Explosive,Object_01552
Food,Object_01318
Corrosive,Object_25281
Fragile,Object_04544
Corrosive,Object_19414
Unspecified,Object_03842
Food,Object_01342
Food,Object_29474
Radioactive,Object_27416
Pressurized,Object_10076
Food,Object_17926
Pressurized,Object_13131
Corrosive,Object_13231
Food,Object_22132
Unspecified,Object_14314
Explosive,Object_09461
Corrosive,Object_19363
Explosive,Object_05340
Fragile,Object_12297
Food,Object_26811
Radioactive,Object_06678
Radioactive,Object_04420
Food,Object_24937
Explosive,Object_14519
Explosive,Object_16622
Toxic,Object_04165
Explosive,Object_11812
Unspecified,Object_19146
Flammable,Object_08388
Pressurized,Object_08307
Flammable,Object_28921
Radioactive,Object_22234
Oxidizing,Object_12537
Food,Object_15601
Fragile,Object_18908
Unspecified,Object_19279
Radioactive,Object_02347
Flammable,Object_29601
Explosive,Object_03130
Unspecified,Object_23786
Oxidizing,Object_26266
Food,Object_19773
Flammable,Object_10323
Flammable,Object_07523
Flammable,Object_20485
Unspecified,Object_16583
Oxidizing,Object_17170
Fragile,Object_02957
Pressurized,Object_08053
Flammable,Object_23613
Fragile,Object_16546
Unspecified,Object_26431
Food,Object_02404
Explosive,Object_10851
Food,Object_20967
Fragile,Object_27225
Unspecified,Object_27216
Explosive,Object_25420
Toxic,Object_04407
Fragile,Object_04774
Radioactive,Object_25136
Fragile,Object_09649
Food,Object_05672
Fragile,Object_14612
Oxidizing,Object_21248
Explosive,Object_08368
Flammable,Object_17166
Toxic,Object_13611
Explosive,Object_23666
Oxidizing,Object_14978
Flammable,Object_26269
Explosive,Object_28171
Explosive,Object_28705
Oxidizing,Object_27003
Unspecified,Object_20910
Radioactive,Object_15847
Unspecified,Object_22694
Unspecified,Object_05978
Fragile,Object_24308
Food,Object_24559
Oxidizing,Object_26147
Fragile,Object_24733
Fragile,Object_17993
Oxidizing,Object_22370
Unspecified,Object_06356
Toxic,Object_27349
Oxidizing,Object_12767
Fragile,Object_13851
Unspecified,Object_27561
Toxic,Object_10077
Radioactive,Object_27223
Explosive,Object_00989
Radioactive,Object_22367
Fragile,Object_07413
Flammable,Object_08972
Fragile,Object_28720
Corrosive,Object_24718
Radioactive,Object_22781
Radioactive,Object_16151
Food,Object_02431
Fragile,Object_19442
Radioactive,Object_13378
Explosive,Object_09839
Pressurized,Object_23663
Toxic,Object_22448
Flammable,Object_08146
Radioactive,Object_25141
Explosive,Object_19577
Food,Object_26519
Pressurized,Object_21352
Toxic,Object_04014
Toxic,Object_10136
Flammable,Object_04787
Radioactive,Object_17251
Explosive,Object_21190
Fragile,Object_22205
Pressurized,Object_08621
Flammable,Object_15523
Oxidizing,Object_29899
Toxic,Object_03056
Explosive,Object_02113
Corrosive,Object_26924
Pressurized,Object_09470
Fragile,Object_07587
Fragile,Object_05850
Corrosive,Object_03683
Oxidizing,Object_26126
Pressurized,Object_26965
Pressurized,Object_23831
Pressurized,Object_28558
Food,Object_24783
Oxidizing,Object_15805
Corrosive,Object_22471
Explosive,Object_07262
Flammable,Object_18869
Corrosive,Object_23828
Food,Object_22434
Explosive,Object_28776
Toxic,Object_10828
Flammable,Object_21679
Explosive,Object_09653
Oxidizing,Object_00742
Fragile,Object_00041
Fragile,Object_04260
Corrosive,Object_28798
Fragile,Object_16441
Fragile,Object_03262
Unspecified,Object_00910
Pressurized,Object_15045
Unspecified,Object_08107
Toxic,Object_02923
Pressurized,Object_02019
Pressurized,Object_09647
Unspecified,Object_26094
Food,Object_05935
Radioactive,Object_27236
Corrosive,Object_19377
Oxidizing,Object_27312
Radioactive,Object_13647
Pressurized,Object_07346
Explosive,Object_25471
Toxic,Object_07995
Fragile,Object_02960
Unspecified,Object_16562
Explosive,Object_01103
Unspecified,Object_00891
Radioactive,Object_06723
Pressurized,Object_11467
Flammable,Object_01930
Fragile,Object_09301
Oxidizing,Object_07257
Oxidizing,Object_23451
Flammable,Object_17385
Radioactive,Object_13468
Fragile,Object_19508
Flammable,Object_15472
Pressurized,Object_11556
Radioactive,Object_20885
Unspecified,Object_22149
Oxidizing,Object_25016
Food,Object_02547
Pressurized,Object_01197
Toxic,Object_11293
Corrosive,Object_28925
Oxidizing,Object_28687
Flammable,Object_20298
Explosive,Object_21310
Food,Object_12854
Radioactive,Object_28064
Unspecified,Object_20314
Oxidizing,Object_21790
Explosive,Object_16245
Oxidizing,Object_11901
Corrosive,Object_00189
Fragile,Object_02814
Pressurized,Object_08610
Radioactive,Object_19386
Oxidizing,Object_22799
Pressurized,Object_27147
Oxidizing,Object_12463
Pressurized,Object_27298
Explosive,Object_05699
Food,Object_13207
Radioactive,Object_12715
Oxidizing,Object_11554
Oxidizing,Object_20720
Toxic,Object_11492
Explosive,Object_10942
Fragile,Object_02364
Fragile,Object_25621
Fragile,Object_16015
Flammable,Object_00711
Flammable,Object_04218
Flammable,Object_20098
Unspecified,Object_22396
Flammable,Object_08598
Pressurized,Object_14321
Fragile,Object_14197
Fragile,Object_06896
Unspecified,Object_16909
Flammable,Object_17567
Flammable,Object_18946
Flammable,Object_07564
Pressurized,Object_14910
Flammable,Object_18860
Radioactive,Object_26634
Pressurized,Object_15078
Fragile,Object_05134
Radioactive,Object_29080
Oxidizing,Object_01393
Explosive,Object_22262
Toxic,Object_09309
Explosive,Object_14257
Radioactive,Object_10242
Fragile,Object_02483
Oxidizing,Object_04908
Corrosive,Object_00964
Pressurized,Object_17422
Oxidizing,Object_05886
Fragile,Object_09316
Toxic,Object_10865
Toxic,Object_19167
Unspecified,Object_08708
Radioactive,Object_16304
Corrosive,Object_08009
Flammable,Object_22100
Toxic,Object_17827
Oxidizing,Object_02393
Fragile,Object_22901
Corrosive,Object_13658
Fragile,Object_06869
Food,Object_22499
Explosive,Object_09466
Oxidizing,Object_05785
Oxidizing,Object_10870
Fragile,Object_27936
Explosive,Object_17507
Food,Object_29865
Flammable,Object_29070
Flammable,Object_25235
Unspecified,Object_15334
Unspecified,Object_07903
Food,Object_11500
Toxic,Object_26346
Toxic,Object_14969
Fragile,Object_14383
Flammable,Object_27696
Explosive,Object_25705
Corrosive,Object_23318
Fragile,Object_16927
Flammable,Object_06768
Oxidizing,Object_12883
Corrosive,Object_26460
Toxic,Object_09656
Flammable,Object_07227
Pressurized,Object_09980
Oxidizing,Object_13473
Flammable,Object_14571
Unspecified,Object_01328
Pressurized,Object_11781
Unspecified,Object_07359
Fragile,Object_14515
Pressurized,Object_24537
Radioactive,Object_10039
Food,Object_03190
Flammable,Object_13506
Oxidizing,Object_07034
Corrosive,Object_02351
Explosive,Object_25502
Oxidizing,Object_13710
Fragile,Object_27765
Food,Object_20985
Explosive,Object_29440
Pressurized,Object_21660
Unspecified,Object_14122
Radioactive,Object_02511
Explosive,Object_28267
Radioactive,Object_04301
Explosive,Object_18440
Explosive,Object_26157
Food,Object_24015
Fragile,Object_16897
Radioactive,Object_07432
Food,Object_17322
Unspecified,Object_06953
Radioactive,Object_06782
Corrosive,Object_17687
Oxidizing,Object_25426
Pressurized,Object_03542
Corrosive,Object_06486
Toxic,Object_28157
Food,Object_29455
Fragile,Object_10930
Explosive,Object_01464
Unspecified,Object_16326
Flammable,Object_13753
Oxidizing,Object_19929
Toxic,Object_14272
Corrosive,Object_08916
Radioactive,Object_03562
Oxidizing,Object_12953
Corrosive,Object_05861
Fragile,Object_00333
Fragile,Object_17464
Fragile,Object_06171
Fragile,Object_05869
Flammable,Object_06053
Explosive,Object_10987
Unspecified,Object_24377
Corrosive,Object_20071
Pressurized,Object_20641
Flammable,Object_27822
Corrosive,Object_12474
Fragile,Object_12175
Unspecified,Object_28648
Corrosive,Object_18167
Oxidizing,Object_19164
Fragile,Object_16420
Fragile,Object_01718
Toxic,Object_14620
Fragile,Object_08827
Pressurized,Object_17871
Pressurized,Object_04657
Explosive,Object_06899
Fragile,Object_24860
Pressurized,Object_18166
Flammable,Object_00110
Corrosive,Object_24785
Unspecified,Object_10453
Corrosive,Object_21532
Fragile,Object_08437
Explosive,Object_29464
Unspecified,Object_23510
Corrosive,Object_28314
Pressurized,Object_23907
Explosive,Object_00640
Unspecified,Object_29400
Explosive,Object_06131
Explosive,Object_26526
Unspecified,Object_08403
Corrosive,Object_27098
Oxidizing,Object_13567
Corrosive,Object_10183
Pressurized,Object_10746
Oxidizing,Object_01212
Radioactive,Object_29842
Explosive,Object_12007
Fragile,Object_18666
Unspecified,Object_29219
Pressurized,Object_17817
Flammable,Object_24555
Food,Object_18895
Oxidizing,Object_05999
Explosive,Object_10079
Unspecified,Object_18080
Oxidizing,Object_01513
Toxic,Object_17071
Radioactive,Object_15378
Unspecified,Object_08390
Food,Object_18508
Pressurized,Object_08932
Flammable,Object_09323
Oxidizing,Object_14356
Corrosive,Object_16526
Fragile,Object_01387
Corrosive,Object_01010
Pressurized,Object_13319
Toxic,Object_18309
Pressurized,Object_23222
Flammable,Object_12401
Unspecified,Object_26670
Explosive,Object_00963
Explosive,Object_03753
Radioactive,Object_04724
Toxic,Object_12659
Toxic,Object_08792
Flammable,Object_16593
Radioactive,Object_12191
Explosive,Object_23545
Explosive,Object_24565
Radioactive,Object_16888
Food,Object_22451
Corrosive,Object_09351
Corrosive,Object_24567
Pressurized,Object_21742
Fragile,Object_11106
Corrosive,Object_14933
Oxidizing,Object_27529
Radioactive,Object_09007
Pressurized,Object_25762
Oxidizing,Object_11000
Food,Object_17180
Pressurized,Object_25428
Food,Object_22863
Toxic,Object_12255
Corrosive,Object_16386
Corrosive,Object_14288
Unspecified,Object_07423
Pressurized,Object_04586
Pressurized,Object_28955
Food,Object_21796
Flammable,Object_22933
Fragile,Object_10766
Food,Object_18446
Toxic,Object_23140
Fragile,Object_26929
Explosive,Object_25260
Toxic,Object_26017
Explosive,Object_25417
Corrosive,Object_19209
Unspecified,Object_22035
Toxic,Object_02766
Food,Object_01869
Fragile,Object_07410
Fragile,Object_00170
Explosive,Object_03895
Food,Object_21569
Fragile,Object_17891
Radioactive,Object_18146
Radioactive,Object_22642
Flammable,Object_04887
Radioactive,Object_06168
Toxic,Object_26680
Toxic,Object_23710
Unspecified,Object_10581
Flammable,Object_24150
Corrosive,Object_29737
Corrosive,Object_16269
Pressurized,Object_21077
Unspecified,Object_21727
Oxidizing,Object_06253
Unspecified,Object_09662
Oxidizing,Object_12174
Unspecified,Object_05905
Pressurized,Object_30081
Fragile,Object_20877
Toxic,Object_27206
Unspecified,Object_28066
Corrosive,Object_22551
Toxic,Object_23159
Explosive,Object_08414
Corrosive,Object_12031
Corrosive,Object_12064
Fragile,Object_14002
Fragile,Object_20563
Toxic,Object_30103
Explosive,Object_05365
Toxic,Object_16708
Radioactive,Object_21268
Oxidizing,Object_02794
Toxic,Object_13174
Pressurized,Object_26140
Corrosive,Object_10589
Flammable,Object_20941
Fragile,Object_18140
Fragile,Object_00945
Unspecified,Object_01221
Flammable,Object_22405
Corrosive,Object_24083
Oxidizing,Object_12259
Oxidizing,Object_19158
Fragile,Object_04855
Toxic,Object_10704
Unspecified,Object_20077
Radioactive,Object_06530
Corrosive,Object_25004
Toxic,Object_04553
Toxic,Object_21619
Toxic,Object_22963
Corrosive,Object_17540
Corrosive,Object_16661
Fragile,Object_08565
Pressurized,Object_27024
Pressurized,Object_23686
Explosive,Object_00595
Flammable,Object_01349
Pressurized,Object_28733
Food,Object_30173
Corrosive,Object_10833
Explosive,Object_19628
Toxic,Object_01466
Radioactive,Object_28024
Food,Object_21988
Toxic,Object_05636
Pressurized,Object_03043
Fragile,Object_18829
Corrosive,Object_25632
Explosive,Object_27431
Flammable,Object_22870
Corrosive,Object_10384
Flammable,Object_05802
Radioactive,Object_22602
Toxic,Object_08249
Radioactive,Object_15128
Radioactive,Object_05990
Flammable,Object_08732
Pressurized,Object_13243
Oxidizing,Object_19333
Explosive,Object_20870
Food,Object_20881
Flammable,Object_29905
Radioactive,Object_03660
Oxidizing,Object_28745
Toxic,Object_21902
Fragile,Object_26135
Flammable,Object_16958
Fragile,Object_21371
Oxidizing,Object_05028
Fragile,Object_11365
Fragile,Object_07599
Corrosive,Object_21568
Radioactive,Object_17450
Flammable,Object_18181
Food,Object_19315
Flammable,Object_09318
Fragile,Object_06419
Fragile,Object_07891
Pressurized,Object_03609
Oxidizing,Object_13348
Pressurized,Object_16582
Radioactive,Object_03255
Corrosive,Object_08029
Explosive,Object_28792
Unspecified,Object_07484
Unspecified,Object_20710
Explosive,Object_14692
Fragile,Object_13327
Flammable,Object_23230
Fragile,Object_01487
Radioactive,Object_25408
Explosive,Object_24701
Radioactive,Object_22751
Food,Object_05116
Oxidizing,Object_27731
Fragile,Object_03512
Pressurized,Object_29225
Fragile,Object_14201
Flammable,Object_09517
Food,Object_05922
Unspecified,Object_15567
Fragile,Object_17469
Unspecified,Object_00796
Fragile,Object_19320
Radioactive,Object_19668
Unspecified,Object_29951
Radioactive,Object_19390
Explosive,Object_18099
Oxidizing,Object_09199
Fragile,Object_17444
Unspecified,Object_22689
Food,Object_02673
Unspecified,Object_21814
Toxic,Object_23806
Fragile,Object_21703
Unspecified,Object_02355
Radioactive,Object_19011
Radioactive,Object_29433
Oxidizing,Object_13744
Fragile,Object_16678
Radioactive,Object_23131
Food,Object_26033
Food,Object_28683
Pressurized,Object_12330
Flammable,Object_20052
Food,Object_29794
Corrosive,Object_12706
Toxic,Object_29846
Flammable,Object_15580
Fragile,Object_13808
Food,Object_14925
Flammable,Object_01383
Flammable,Object_11534
Fragile,Object_03641
Explosive,Object_15267
Toxic,Object_10222
Fragile,Object_06680
Explosive,Object_00212
Fragile,Object_26000
Radioactive,Object_06014
Unspecified,Object_30117
Radioactive,Object_17637
Oxidizing,Object_23522
Radioactive,Object_19168
Corrosive,Object_28685
Toxic,Object_09372
Corrosive,Object_26171
Explosive,Object_03626
Toxic,Object_07860
Radioactive,Object_28735
Toxic,Object_15113
Fragile,Object_05480
Toxic,Object_06155
Explosive,Object_24374
Unspecified,Object_26857
Pressurized,Object_05448
Pressurized,Object_00448
Food,Object_23467
Corrosive,Object_20646
Flammable,Object_26619
Corrosive,Object_19961
Oxidizing,Object_10251
Corrosive,Object_00152
Oxidizing,Object_21860
Toxic,Object_17894
Pressurized,Object_13784
Fragile,Object_21258
Radioactive,Object_07809
Oxidizing,Object_03458
Food,Object_21006
Corrosive,Object_00310
Toxic,Object_04190
Radioactive,Object_21398
Radioactive,Object_05374
Flammable,Object_10300
Pressurized,Object_09051
Toxic,Object_28301
Corrosive,Object_05530
Radioactive,Object_08872
Toxic,Object_28974
Unspecified,Object_24766
Radioactive,Object_12207
Food,Object_09138
Unspecified,Object_07654
Toxic,Object_00283
Flammable,Object_00368
Oxidizing,Object_13026
Oxidizing,Object_09166
Radioactive,Object_20862
Pressurized,Object_21689
Pressurized,Object_13932
Pressurized,Object_24071
Explosive,Object_04101
Radioactive,Object_00816
Food,Object_03514
Flammable,Object_18991
Food,Object_26785
Flammable,Object_16286
Corrosive,Object_03159
Toxic,Object_11466
Flammable,Object_16489
Radioactive,Object_13778
Toxic,Object_30020
Radioactive,Object_11400
Food,Object_19582
Oxidizing,Object_27250
Food,Object_07643
Pressurized,Object_00301
Oxidizing,Object_12231
Oxidizing,Object_07525
Pressurized,Object_18350
Food,Object_25259
Corrosive,Object_24367
Flammable,Object_06031
Toxic,Object_20508
Pressurized,Object_28179
Flammable,Object_22783
Oxidizing,Object_05732
Explosive,Object_27991
Radioactive,Object_24116
Flammable,Object_28928
Pressurized,Object_13705
Oxidizing,Object_06815
Oxidizing,Object_13062
Corrosive,Object_20499
Oxidizing,Object_01337
Corrosive,Object_24662
Unspecified,Object_15680
Radioactive,Object_21204
Fragile,Object_09835
Pressurized,Object_24177
Flammable,Object_05553
Flammable,Object_06598
Food,Object_07002
Oxidizing,Object_27240
Unspecified,Object_09540
Corrosive,Object_25200
Radioactive,Object_15771
Unspecified,Object_16818
Corrosive,Object_16539
Explosive,Object_03791
Explosive,Object_07466
Oxidizing,Object_01313
Oxidizing,Object_17201
Corrosive,Object_08030
Pressurized,Object_15429
Pressurized,Object_27442
Explosive,Object_07058
Unspecified,Object_13428
Unspecified,Object_11333
Toxic,Object_06083
Pressurized,Object_07421
Radioactive,Object_19515
Radioactive,Object_17275
Oxidizing,Object_00894
Unspecified,Object_24788
Unspecified,Object_09957
Explosive,Object_02743
Fragile,Object_16716
Unspecified,Object_00148
Toxic,Object_09805
Corrosive,Object_17028
Radioactive,Object_27906
Toxic,Object_16596
Corrosive,Object_25022
Corrosive,Object_21935
Food,Object_03717
Radioactive,Object_09283
Radioactive,Object_18189
Fragile,Object_27136
Pressurized,Object_24026
Unspecified,Object_00650
Fragile,Object_14457
Toxic,Object_01041
Fragile,Object_18153
Fragile,Object_09735
Flammable,Object_27125
Flammable,Object_25528
Corrosive,Object_03358
Pressurized,Object_16696
Radioactive,Object_29013
Oxidizing,Object_15058
Food,Object_19865
Pressurized,Object_07981
Unspecified,Object_16848
Flammable,Object_28722
Unspecified,Object_24050
Flammable,Object_17442
Corrosive,Object_02824
Flammable,Object_07863
Food,Object_12709
Food,Object_03524
Fragile,Object_02166
Explosive,Object_01669
Explosive,Object_18356
Oxidizing,Object_18411
Pressurized,Object_01363
Radioactive,Object_10951
Unspecified,Object_28215
Explosive,Object_13339
Unspecified,Object_19912
Food,Object_09937
Flammable,Object_04228
Toxic,Object_09562
Explosive,Object_01294
Radioactive,Object_23650
Explosive,Object_20350
Fragile,Object_18495
Oxidizing,Object_21536
Pressurized,Object_16449
Corrosive,Object_22505
Fragile,Object_13502
Fragile,Object_11761
Flammable,Object_12422
Food,Object_13815
Radioactive,Object_02638
Flammable,Object_25056
Fragile,Object_11640
Oxidizing,Object_17753
Corrosive,Object_23353
Radioactive,Object_25691
Explosive,Object_27818
Fragile,Object_21593
Toxic,Object_01835
Toxic,Object_28628
Radioactive,Object_15466
Oxidizing,Object_23331
Pressurized,Object_20024
Flammable,Object_15503
Flammable,Object_12730
Fragile,Object_01257
Food,Object_07844
Oxidizing,Object_10592
Flammable,Object_26356
Pressurized,Object_27376
Toxic,Object_06354
Fragile,Object_25257
Food,Object_03065
Food,Object_10105
Oxidizing,Object_07509
Pressurized,Object_17952
Oxidizing,Object_25793
Toxic,Object_23416
Unspecified,Object_13709
Explosive,Object_09148
Pressurized,Object_17177
Unspecified,Object_06623
Explosive,Object_08946
Fragile,Object_24803
Explosive,Object_03281
Food,Object_09473
Explosive,Object_04783
Oxidizing,Object_12078
Food,Object_25381
Explosive,Object_12160
Oxidizing,Object_25074
Flammable,Object_21752
Flammable,Object_14903
Flammable,Object_02516
Corrosive,Object_26983
Unspecified,Object_02043
Pressurized,Object_23221
Explosive,Object_04828
Corrosive,Object_28376
Unspecified,Object_03265
Fragile,Object_07611
Pressurized,Object_10713
Fragile,Object_07719
Flammable,Object_05049
Explosive,Object_22301
Toxic,Object_25651
Unspecified,Object_29990
Oxidizing,Object_08075
Unspecified,Object_25749
Unspecified,Object_10927
Fragile,Object_15774
Toxic,Object_12023
Fragile,Object_28574
Fragile,Object_03690
Fragile,Object_26710
Fragile,Object_07697
Toxic,Object_08979
Fragile,Object_11248
Flammable,Object_05671
Flammable,Object_29153
Food,Object_14699
Oxidizing,Object_09346
Explosive,Object_06806
Explosive,Object_05433
Oxidizing,Object_23717
Explosive,Object_13950
Corrosive,Object_30068
Oxidizing,Object_15491
Food,Object_13856
Explosive,Object_26428
Food,Object_25945
Oxidizing,Object_18316
Flammable,Object_16842
Unspecified,Object_11449
Radioactive,Object_19587
Flammable,Object_29954
Toxic,Object_04188
Oxidizing,Object_23540
Unspecified,Object_24494
Corrosive,Object_00957
Oxidizing,Object_23659
Toxic,Object_13742
Oxidizing,Object_18217
Oxidizing,Object_12061
Radioactive,Object_16109
Flammable,Object_22922
Food,Object_05723
Radioactive,Object_19472
Unspecified,Object_14946
Food,Object_00681
Corrosive,Object_12011
Explosive,Object_13887
Pressurized,Object_18407
Fragile,Object_00616
Fragile,Object_09076
Toxic,Object_25729
Oxidizing,Object_23045
Unspecified,Object_14102
Pressurized,Object_15105
Pressurized,Object_07930
Pressurized,Object_17118
Corrosive,Object_23886
Flammable,Object_04110
Pressurized,Object_01720
Pressurized,Object_13074
Corrosive,Object_12473
Corrosive,Object_17877
Fragile,Object_17384
Fragile,Object_24890
Radioactive,Object_26936
Flammable,Object_23248
Oxidizing,Object_18095
Pressurized,Object_22777
Explosive,Object_19778
Explosive,Object_00207
Flammable,Object_05140
Corrosive,Object_21324
Oxidizing,Object_01317
Unspecified,Object_07454
Corrosive,Object_30129
Fragile,Object_12195
Corrosive,Object_06346
Unspecified,Object_12197
Toxic,Object_10232
Flammable,Object_01819
Radioactive,Object_29834
Toxic,Object_13039
Unspecified,Object_27819
Explosive,Object_03460
Explosive,Object_23431
Pressurized,Object_08340
Corrosive,Object_20019
Toxic,Object_15942
Radioactive,Object_20128
Toxic,Object_08868
Food,Object_25334
Radioactive,Object_12399
Unspecified,Object_26170
Corrosive,Object_09661
Unspecified,Object_27694
Corrosive,Object_09698
Radioactive,Object_28529
Explosive,Object_00769
Flammable,Object_05208
Flammable,Object_15162
Corrosive,Object_20642
Food,Object_21716
Corrosive,Object_10500
Oxidizing,Object_23600
Oxidizing,Object_22646
Oxidizing,Object_22795
Explosive,Object_04422
Oxidizing,Object_06641
Flammable,Object_10772
Oxidizing,Object_17401
Food,Object_26176
Toxic,Object_10049
Toxic,Object_16043
Unspecified,Object_21194
Radioactive,Object_15648
Toxic,Object_20192
Radioactive,Object_04504
Pressurized,Object_18546
Explosive,Object_06110
Toxic,Object_06709
Fragile,Object_16584
Food,Object_18564
Pressurized,Object_20857
Flammable,Object_07763
Flammable,Object_06858
Explosive,Object_14548
Unspecified,Object_22024
Unspecified,Object_13133
Explosive,Object_00565
Radioactive,Object_22351
Oxidizing,Object_17341
Corrosive,Object_24387
Radioactive,Object_29504
Pressurized,Object_28599
Toxic,Object_04385
Explosive,Object_04548
Oxidizing,Object_27064
Radioactive,Object_26257
Radioactive,Object_10184
Flammable,Object_27397
Pressurized,Object_00948
Pressurized,Object_13697
Explosive,Object_18727
Toxic,Object_21894
Corrosive,Object_26575
Explosive,Object_14470
Unspecified,Object_09144
Unspecified,Object_01296
Corrosive,Object_29025
Food,Object_23525
Unspecified,Object_15400
Food,Object_03950
Explosive,Object_25447
Pressurized,Object_28169
Toxic,Object_28916
Explosive,Object_21217
Oxidizing,Object_09666
Oxidizing,Object_19962
Oxidizing,Object_04428
Explosive,Object_08460
Radioactive,Object_13120
Explosive,Object_15373
Flammable,Object_21253
Flammable,Object_24480
Oxidizing,Object_14963
Oxidizing,Object_24864
Fragile,Object_02583
Flammable,Object_19293
Radioactive,Object_13695
Pressurized,Object_23390
Unspecified,Object_05151
Pressurized,Object_07052
Food,Object_23511
Food,Object_10801
Pressurized,Object_29107
Corrosive,Object_12813
Radioactive,Object_16190
Toxic,Object_26758
Flammable,Object_09121
Unspecified,Object_05306
Pressurized,Object_03137
Fragile,Object_29382
Toxic,Object_07958
Explosive,Object_03635
Corrosive,Object_26852
Corrosive,Object_05890
Fragile,Object_15723
Corrosive,Object_15216
Oxidizing,Object_19609
Oxidizing,Object_23251
Flammable,Object_24125
Pressurized,Object_05408
Oxidizing,Object_02595
Fragile,Object_26124
Fragile,Object_27113
Explosive,Object_00543
Fragile,Object_16417
Toxic,Object_27577
Pressurized,Object_13018
Oxidizing,Object_05641
Fragile,Object_20900
Oxidizing,Object_19190
Oxidizing,Object_15549
Explosive,Object_27807
Flammable,Object_19461
Food,Object_24060
Fragile,Object_22204
Explosive,Object_16278
Explosive,Object_19749
Fragile,Object_04646
Oxidizing,Object_06310
Toxic,Object_20259
Corrosive,Object_10235
Pressurized,Object_10199
Food,Object_14427
Explosive,Object_06279
Toxic,Object_19408
Food,Object_09716
Unspecified,Object_15901
Unspecified,Object_28083
Explosive,Object_27509
Fragile,Object_19853
Explosive,Object_07155
Oxidizing,Object_27050
Oxidizing,Object_13268
Toxic,Object_00144
Explosive,Object_10461
Unspecified,Object_08289
Radioactive,Object_26044
Pressurized,Object_26433
Oxidizing,Object_08288
Explosive,Object_07832
Food,Object_01921
Explosive,Object_06260
Food,Object_14564
Flammable,Object_23019
Unspecified,Object_03771
Unspecified,Object_07846
Pressurized,Object_19352
Toxic,Object_18390
Unspecified,Object_28162
Radioactive,Object_21259
Toxic,Object_10249
Flammable,Object_22908
Oxidizing,Object_11323
Flammable,Object_19116
Corrosive,Object_14542
Pressurized,Object_18575
Food,Object_20912
Pressurized,Object_18300
Unspecified,Object_28152
Explosive,Object_24239
Pressurized,Object_30359
Food,Object_03374
Radioactive,Object_07040
Unspecified,Object_22893
Food,Object_29717
Corrosive,Object_19040
Fragile,Object_28049
Unspecified,Object_16455
Explosive,Object_01977
Unspecified,Object_07042
Oxidizing,Object_08814
Explosive,Object_12912
Explosive,Object_17930
Oxidizing,Object_06479
Flammable,Object_27475
Fragile,Object_00849
Corrosive,Object_25463
Radioactive,Object_24337
Radioactive,Object_08908
Pressurized,Object_27751
Explosive,Object_08308
Radioactive,Object_02475
Corrosive,Object_11206
Toxic,Object_00694
Oxidizing,Object_06820
Food,Object_22604
Food,Object_02808
Corrosive,Object_11632
Corrosive,Object_17284
Flammable,Object_04912
Fragile,Object_21816
Flammable,Object_29457
Oxidizing,Object_30321
Food,Object_27835
Pressurized,Object_27882
Oxidizing,Object_06352
Oxidizing,Object_01151
Oxidizing,Object_17291
Pressurized,Object_03867
Radioactive,Object_29052
Oxidizing,Object_01925
Unspecified,Object_02520
Explosive,Object_20677
Explosive,Object_04443
Oxidizing,Object_00620
Explosive,Object_00653
Corrosive,Object_04649
Explosive,Object_09080
Fragile,Object_30109
Flammable,Object_13767
Oxidizing,Object_04137
Food,Object_29713
Pressurized,Object_20695
Food,Object_19771
Fragile,Object_00691
Food,Object_29341
Unspecified,Object_29688
Toxic,Object_00328
Corrosive,Object_12265
Flammable,Object_26982
Toxic,Object_22914
Pressurized,Object_19054
Oxidizing,Object_18733
Toxic,Object_27667
Fragile,Object_00453
Toxic,Object_02602
Toxic,Object_04124
Fragile,Object_07385
Corrosive,Object_07680
Food,Object_12909
Unspecified,Object_20876
Food,Object_29901
Explosive,Object_24217
Corrosive,Object_21369
Unspecified,Object_19160
Toxic,Object_27538
Pressurized,Object_17979
Unspecified,Object_28827
Oxidizing,Object_11879
Food,Object_18959
Corrosive,Object_12151
Fragile,Object_18768
Food,Object_23059
Oxidizing,Object_16244
Radioactive,Object_15961
Food,Object_18389
Corrosive,Object_00853
Radioactive,Object_11099
Toxic,Object_03229
Food,Object_27808
Radioactive,Object_22775
Radioactive,Object_23501
Unspecified,Object_00454
Corrosive,Object_14652
Radioactive,Object_07431
Pressurized,Object_17746
Fragile,Object_10767
Radioactive,Object_08221
Unspecified,Object_29916
Pressurized,Object_26097
Explosive,Object_21410
Explosive,Object_01571
Unspecified,Object_25961
Radioactive,Object_25173
Toxic,Object_27864
Radioactive,Object_08302
Fragile,Object_13656
Pressurized,Object_02413
Radioactive,Object_09290
Corrosive,Object_07292
Radioactive,Object_01801
Oxidizing,Object_24716
Corrosive,Object_07416
Unspecified,Object_23054
Fragile,Object_12522
Corrosive,Object_06473
Fragile,Object_15327
Flammable,Object_26779
Oxidizing,Object_13477
Corrosive,Object_26042
Explosive,Object_25925
Unspecified,Object_10843
Food,Object_00388
Oxidizing,Object_07399
Oxidizing,Object_00781
Oxidizing,Object_24320
Radioactive,Object_02946
Explosive,Object_26281
Fragile,Object_17673
Fragile,Object_20826
Corrosive,Object_11865
Food,Object_17126
Food,Object_08000
Explosive,Object_15092
Explosive,Object_08467
Unspecified,Object_29268
Food,Object_15408
Radioactive,Object_09855
Explosive,Object_04343
Explosive,Object_04679
Food,Object_26643
Radioactive,Object_28508
Explosive,Object_10842
Pressurized,Object_17184
Radioactive,Object_28710
Flammable,Object_00429
Unspecified,Object_15234
Corrosive,Object_04060
Toxic,Object_12602
Explosive,Object_12213
Fragile,Object_15458
Unspecified,Object_21949
Corrosive,Object_03759
Oxidizing,Object_29126
Corrosive,Object_17585
Corrosive,Object_09025
Oxidizing,Object_22364
Corrosive,Object_20040
Corrosive,Object_11015
Flammable,Object_18386
Oxidizing,Object_02601
Flammable,Object_15379
Flammable,Object_19051
Corrosive,Object_25571
Food,Object_23593
Corrosive,Object_13157
Oxidizing,Object_20773
Radioactive,Object_20519
Flammable,Object_11311
Toxic,Object_13512
Fragile,Object_15353
Explosive,Object_03639
Pressurized,Object_09031
Explosive,Object_03782
Pressurized,Object_26341
Corrosive,Object_06513
Food,Object_18180
Toxic,Object_30281
Explosive,Object_19554
Pressurized,Object_18336
Flammable,Object_23204
Radioactive,Object_30184
Food,Object_13104
Unspecified,Object_10758
Radioactive,Object_00859
Unspecified,Object_04609
Radioactive,Object_22741
Explosive,Object_14290
Flammable,Object_17907
Food,Object_20636
Pressurized,Object_20507
Explosive,Object_27148
Food,Object_09314
Unspecified,Object_21758
Oxidizing,Object_01371
Unspecified,Object_05857
Corrosive,Object_21237
Food,Object_09573
Explosive,Object_01546
Toxic,Object_19492
Pressurized,Object_20597
Pressurized,Object_11037
Corrosive,Object_25098
Toxic,Object_25580
Radioactive,Object_19535
Flammable,Object_15532
Oxidizing,Object_04266
Food,Object_24975
Pressurized,Object_03436
Oxidizing,Object_08875
Corrosive,Object_24076
Food,Object_06915
Radioactive,Object_21919
Corrosive,Object_15350
Radioactive,Object_18195
Explosive,Object_19504
Food,Object_05904
Unspecified,Object_22006
Flammable,Object_17966
Unspecified,Object_16202
Oxidizing,Object_16719
Food,Object_16145
Fragile,Object_15417
Fragile,Object_19411
Pressurized,Object_08178
Radioactive,Object_08091
Food,Object_00155
Flammable,Object_21713
Toxic,Object_04196
Fragile,Object_14739
Pressurized,Object_15769
Radioactive,Object_00562
Explosive,Object_06317
Unspecified,Object_27471
Radioactive,Object_19974
Oxidizing,Object_25915
Pressurized,Object_07402
Oxidizing,Object_15298
Fragile,Object_11629
Fragile,Object_21608
Food,Object_00252
Unspecified,Object_23515
Unspecified,Object_21373
Pressurized,Object_17889
Fragile,Object_05311
Oxidizing,Object_30043
Pressurized,Object_13589
Food,Object_28444
Corrosive,Object_27269
Fragile,Object_01530
Oxidizing,Object_25677
Toxic,Object_25824
Unspecified,Object_07354
Radioactive,Object_24261
Explosive,Object_23953
Toxic,Object_22283
Food,Object_13983
Food,Object_12864
Toxic,Object_30111
Explosive,Object_00760
Food,Object_21667
Toxic,Object_13406
Radioactive,Object_26098
Explosive,Object_15914
Explosive,Object_06293
Oxidizing,Object_15168
Oxidizing,Object_11688
Unspecified,Object_26649
Oxidizing,Object_21528
Oxidizing,Object_27622
Pressurized,Object_09849
Toxic,Object_12516
Food,Object_22324
Explosive,Object_27192
Radioactive,Object_11527
Radioactive,Object_24051
Explosive,Object_15743
Explosive,Object_26971
Radioactive,Object_14196
Corrosive,Object_12462
Explosive,Object_07304
Radioactive,Object_20817
Radioactive,Object_10362
Pressurized,Object_26328
Toxic,Object_26828
Food,Object_14373
Corrosive,Object_06311
Flammable,Object_06829
Food,Object_22123
Radioactive,Object_08902
Oxidizing,Object_01094
Radioactive,Object_02420
Unspecified,Object_16548
Flammable,Object_28857
Pressurized,Object_11754
Flammable,Object_14402
Unspecified,Object_04451
Corrosive,Object_03845
Corrosive,Object_16398
Oxidizing,Object_19605
Unspecified,Object_03581
Unspecified,Object_14546
Radioactive,Object_07248
Food,Object_20779
Food,Object_01090
Unspecified,Object_01866
Radioactive,Object_23029
Food,Object_15029
Radioactive,Object_27362
Oxidizing,Object_27995
Flammable,Object_16461
Unspecified,Object_12563
Fragile,Object_23018
Radioactive,Object_17027
Food,Object_19843
Oxidizing,Object_14059
Radioactive,Object_13544
Oxidizing,Object_19689
Corrosive,Object_16957
Radioactive,Object_26418
Corrosive,Object_15089
Fragile,Object_26747
Flammable,Object_22587
Flammable,Object_19005
Flammable,Object_17607
Corrosive,Object_08438
Corrosive,Object_21143
Fragile,Object_07938
Food,Object_10482
Corrosive,Object_06341
Toxic,Object_04733
Fragile,Object_18731
Corrosive,Object_22430
Food,Object_14237
Food,Object_09048
Fragile,Object_12923
Flammable,Object_06154
Food,Object_22270
Unspecified,Object_15781
Unspecified,Object_14054
Flammable,Object_28762
Food,Object_20623
Pressurized,Object_15734
Flammable,Object_17518
Toxic,Object_22960
Food,Object_20647
Oxidizing,Object_03545
Unspecified,Object_05874
Unspecified,Object_28829
Toxic,Object_24980
Radioactive,Object_17268
Fragile,Object_23839
Pressurized,Object_21712
Corrosive,Object_28190
Unspecified,Object_22145
Flammable,Object_19443
Food,Object_15259
Oxidizing,Object_28298
Corrosive,Object_11351
Corrosive,Object_11044
Explosive,Object_09581
Explosive,Object_26023
Flammable,Object_22917
Toxic,Object_05792
Food,Object_26664
Corrosive,Object_25367
Food,Object_08135
Food,Object_25931
Pressurized,Object_20872
Corrosive,Object_08527
Flammable,Object_27823
Unspecified,Object_13158
Oxidizing,Object_25810
Toxic,Object_17350
Pressurized,Object_26061
Flammable,Object_13261
Fragile,Object_10549
Explosive,Object_23342
Flammable,Object_07820
Oxidizing,Object_16181
Food,Object_06894
Flammable,Object_25073
Pressurized,Object_03926
Toxic,Object_17876
Pressurized,Object_23052
Pressurized,Object_14221
Toxic,Object_09046
Corrosive,Object_26201
Corrosive,Object_16515
Food,Object_10905
Fragile,Object_27783
Radioactive,Object_11006
Flammable,Object_11026
Pressurized,Object_09174
Food,Object_04461
Oxidizing,Object_13645
Flammable,Object_15145
Pressurized,Object_25202
Corrosive,Object_22661
Food,Object_02254
Oxidizing,Object_19717
Oxidizing,Object_10817
Explosive,Object_16173
Fragile,Object_16407
Unspecified,Object_24579
Corrosive,Object_26954
Flammable,Object_15637
Explosive,Object_04773
Pressurized,Object_16807
Flammable,Object_25889
Oxidizing,Object_20792
Pressurized,Object_21908
Toxic,Object_27790
Oxidizing,Object_00376
Corrosive,Object_08156
Radioactive,Object_27080
Pressurized,Object_02813
Oxidizing,Object_20893
Explosive,Object_17805
Food,Object_17386
Toxic,Object_27322
Food,Object_19354
Explosive,Object_12340
Corrosive,Object_08088
Radioactive,Object_15302
Fragile,Object_14702
Unspecified,Object_06066
Explosive,Object_10471
Flammable,Object_02637
Flammable,Object_13712
Pressurized,Object_04656
Unspecified,Object_18290
Oxidizing,Object_14479
Fragile,Object_01694
Pressurized,Object_24064
Oxidizing,Object_24767
Corrosive,Object_25557
Radioactive,Object_21386
Food,Object_03000
Toxic,Object_19506
Explosive,Object_03197
Pressurized,Object_04893
Food,Object_02472
Pressurized,Object_09350
Flammable,Object_19983
Fragile,Object_29180
Explosive,Object_03914
Pressurized,Object_11616
Unspecified,Object_09093
Flammable,Object_19210
Oxidizing,Object_05767
Toxic,Object_11197
Radioactive,Object_20592
Fragile,Object_03751
Food,Object_09875
Corrosive,Object_12623
Pressurized,Object_05849
Unspecified,Object_25184
Radioactive,Object_09611
Flammable,Object_15125
Food,Object_01346
Unspecified,Object_23293
Flammable,Object_13375
Flammable,Object_25906
Food,Object_16616
Pressurized,Object_13115
Corrosive,Object_21154
Unspecified,Object_00231
Oxidizing,Object_20694
Corrosive,Object_06719
Flammable,Object_01075
Flammable,Object_02898
Toxic,Object_18334
Pressurized,Object_00786
Radioactive,Object_17451
Pressurized,Object_26354
Explosive,Object_03179
Oxidizing,Object_18795
Radioactive,Object_01986
Oxidizing,Object_30316
Pressurized,Object_27303
Flammable,Object_25530
Toxic,Object_14339
Unspecified,Object_07223
Oxidizing,Object_18213
Radioactive,Object_10814
Corrosive,Object_18293
Corrosive,Object_20268
Fragile,Object_23633
Oxidizing,Object_20884
Pressurized,Object_25145
Corrosive,Object_09331
Toxic,Object_09577
Unspecified,Object_14263
Unspecified,Object_24106
Explosive,Object_05816
Explosive,Object_28535
Fragile,Object_25802
Explosive,Object_12457
Food,Object_04268
Radioactive,Object_21604
Radioactive,Object_05205
Radioactive,Object_07637
Explosive,Object_25450
Oxidizing,Object_15110
Explosive,Object_19711
Explosive,Object_11636
Pressurized,Object_28001
Explosive,Object_28286
Toxic,Object_08400
Flammable,Object_08519
Radioactive,Object_23756
Corrosive,Object_07294
Flammable,Object_22755
Food,Object_21991
Oxidizing,Object_06378
Oxidizing,Object_26963
Fragile,Object_14665
Fragile,Object_12272
Pressurized,Object_24689
Radioactive,Object_02943
Flammable,Object_12712
Pressurized,Object_03217
Radioactive,Object_09497
Explosive,Object_05375
Radioactive,Object_29048
Toxic,Object_09945
Fragile,Object_19311
Fragile,Object_25676
Oxidizing,Object_21104
Corrosive,Object_27422
Oxidizing,Object_17707
Pressurized,Object_14709
Corrosive,Object_02164
Explosive,Object_10860
Flammable,Object_13494
Unspecified,Object_08549
Explosive,Object_18902
Radioactive,Object_27387
Toxic,Object_25327
Oxidizing,Object_10286
Food,Object_14484
Unspecified,Object_02506
Fragile,Object_27636
Explosive,Object_16049
Fragile,Object_17887
Explosive,Object_25125
Flammable,Object_16073
Toxic,Object_07085
Explosive,Object_02053
Unspecified,Object_27507
Radioactive,Object_01057
Explosive,Object_12443
Oxidizing,Object_09890
Food,Object_29690
Oxidizing,Object_29701
Flammable,Object_04277
Unspecified,Object_13150
Oxidizing,Object_14891
Toxic,Object_02029
Radioactive,Object_22257
Pressurized,Object_11742
Flammable,Object_22687
Unspecified,Object_16619
Fragile,Object_26020
Food,Object_11375
Radioactive,Object_26111
Oxidizing,Object_12115
Toxic,Object_00284
Flammable,Object_14544
Food,Object_13631
Fragile,Object_21169
Radioactive,Object_03935
Radioactive,Object_08457
Pressurized,Object_13136
Fragile,Object_27645
Explosive,Object_28047
Fragile,Object_03511
Food,Object_10427
Corrosive,Object_22779
Radioactive,Object_29463
Oxidizing,Object_24027
Radioactive,Object_26940
Radioactive,Object_13884
Radioactive,Object_02266
Corrosive,Object_08596
Unspecified,Object_06270
Flammable,Object_19957
Pressurized,Object_18539
Pressurized,Object_26271
Flammable,Object_01079
Fragile,Object_16036
Unspecified,Object_02565
Unspecified,Object_00206
Radioactive,Object_28323
Flammable,Object_00874
Fragile,Object_05654
Explosive,Object_08845
Fragile,Object_05428
Toxic,Object_21124
Unspecified,Object_07285
Flammable,Object_07398
Toxic,Object_19336
Flammable,Object_07827
Radioactive,Object_09889
Oxidizing,Object_19823
Toxic,Object_21566
Explosive,Object_19634
Food,Object_17246
Corrosive,Object_17438
Corrosive,Object_06323
Pressurized,Object_15248
Explosive,Object_10407
Radioactive,Object_26359
Oxidizing,Object_22437
Radioactive,Object_25160
Food,Object_18057
Corrosive,Object_05642
Explosive,Object_21885
Flammable,Object_18876
Pressurized,Object_14762
Toxic,Object_02566
Corrosive,Object_00664
Radioactive,Object_12718
Explosive,Object_26544
Pressurized,Object_19595
Corrosive,Object_00928
Toxic,Object_17826
Corrosive,Object_12779
Explosive,Object_20493
Food,Object_07661
Oxidizing,Object_08455
Food,Object_01441
Corrosive,Object_20195
Explosive,Object_16349
Corrosive,Object_21329
Pressurized,Object_01588
Explosive,Object_20180
Pressurized,Object_30227
Explosive,Object_07264
Fragile,Object_08573
Pressurized,Object_07200
Explosive,Object_23406
Food,Object_01992
Pressurized,Object_16255
Fragile,Object_22342
Explosive,Object_17750
Corrosive,Object_29315
Radioactive,Object_12801
Food,Object_22487
Pressurized,Object_26691
Fragile,Object_23956
Fragile,Object_21517
Radioactive,Object_09934
Fragile,Object_08175
Corrosive,Object_04833
Pressurized,Object_08581
Fragile,Object_11350
Oxidizing,Object_04950
Fragile,Object_01247
Corrosive,Object_07527
Flammable,Object_12717
Unspecified,Object_08097
Explosive,Object_14510
Radioactive,Object_06339
Oxidizing,Object_16059
Fragile,Object_24265
Unspecified,Object_13513
Explosive,Object_04524
Oxidizing,Object_04290
Oxidizing,Object_07015
Unspecified,Object_29486
Unspecified,Object_28650
Toxic,Object_28654
Fragile,Object_20829
Toxic,Object_14267
Fragile,Object_11308
Radioactive,Object_13693
Explosive,Object_02253
Oxidizing,Object_01325
Oxidizing,Object_20476
Corrosive,Object_13557
Radioactive,Object_20215
Oxidizing,Object_20250
Fragile,Object_14877
Corrosive,Object_17884
Oxidizing,Object_27517
Corrosive,Object_06089
Flammable,Object_08833
Flammable,Object_09765
Explosive,Object_03308
Toxic,Object_24955
Fragile,Object_13066
Flammable,Object_13846
Unspecified,Object_26144
Oxidizing,Object_06247
Unspecified,Object_27893
Oxidizing,Object_15471
Fragile,Object_08389
Corrosive,Object_15109
Corrosive,Object_30135
Food,Object_29911
Flammable,Object_20214
Oxidizing,Object_13287
Radioactive,Object_26185
Corrosive,Object_24993
Unspecified,Object_25241
Explosive,Object_07994
Radioactive,Object_29010
Oxidizing,Object_11090
Oxidizing,Object_18223
Corrosive,Object_21115
Flammable,Object_09820
Radioactive,Object_15237
Corrosive,Object_19000
Flammable,Object_13848
Food,Object_08957
Radioactive,Object_09942
Fragile,Object_09822
Pressurized,Object_29468
Fragile,Object_01614
Unspecified,Object_10832
Pressurized,Object_21179
Radioactive,Object_22028
Unspecified,Object_18560
Oxidizing,Object_24597
Radioactive,Object_19896
Corrosive,Object_21589
Explosive,Object_06746
Corrosive,Object_01028
Toxic,Object_07944
Oxidizing,Object_28503
Fragile,Object_22014
Fragile,Object_13232
Flammable,Object_25655
Unspecified,Object_06046
Fragile,Object_28849
Unspecified,Object_07630
Corrosive,Object_12532
Pressurized,Object_13662
Toxic,Object_18909
Fragile,Object_19833
Oxidizing,Object_15133
Unspecified,Object_25301
Explosive,Object_09400
Pressurized,Object_05108
Toxic,Object_23450
Explosive,Object_12313
Pressurized,Object_24281
Explosive,Object_08660
Food,Object_28941
Unspecified,Object_19926
Corrosive,Object_14678
Oxidizing,Object_09590
Toxic,Object_20080
Oxidizing,Object_09714
Fragile,Object_03333
Pressurized,Object_15115
Explosive,Object_11222
Toxic,Object_21850
Unspecified,Object_19755
Explosive,Object_21425
Toxic,Object_24536
Pressurized,Object_20341
Food,Object_26403
Fragile,Object_09825
Pressurized,Object_26718
Food,Object_06684
Oxidizing,Object_21933
Pressurized,Object_07239
Corrosive,Object_02719
Unspecified,Object_16261
Explosive,Object_05403
Food,Object_15365
Explosive,Object_03992
Radioactive,Object_13295
Oxidizing,Object_20242
Explosive,Object_09203
Unspecified,Object_03780
Corrosive,Object_13369
Fragile,Object_10226
Fragile,Object_07880
Pressurized,Object_09434
Corrosive,Object_03243
Oxidizing,Object_29462
Flammable,Object_21420
Radioactive,Object_29860
Unspecified,Object_27804
Food,Object_26182
Explosive,Object_06268
Radioactive,Object_03095
Fragile,Object_22909
Radioactive,Object_15156
Radioactive,Object_04447
Oxidizing,Object_05812
Pressurized,Object_16624
Toxic,Object_19686
Flammable,Object_21901
Corrosive,Object_12469
Toxic,Object_06690
Pressurized,Object_26780
Flammable,Object_28840
Radioactive,Object_09578
Fragile,Object_24828
Unspecified,Object_28293
Flammable,Object_17250
Explosive,Object_22096
Radioactive,Object_28610
Food,Object_20447
Toxic,Object_07969
Radioactive,Object_27233
Radioactive,Object_06658
Fragile,Object_20861
Pressurized,Object_19128
Toxic,Object_15750
Toxic,Object_27609
Toxic,Object_05497
Unspecified,Object_19646
Radioactive,Object_04705
Explosive,Object_24411
Radioactive,Object_01185
Oxidizing,Object_03648
Unspecified,Object_06652
Food,Object_24807
Flammable,Object_23787
Oxidizing,Object_28412
Unspecified,Object_00015
Explosive,Object_28602
Fragile,Object_23023
Pressurized,Object_26318
Pressurized,Object_18740
Radioactive,Object_01573
Radioactive,Object_28571
Toxic,Object_28303
Explosive,Object_23012
Unspecified,Object_15377
Explosive,Object_28968
Explosive,Object_12750
Explosive,Object_26672
Explosive,Object_28113
Explosive,Object_28560
Corrosive,Object_14683
Radioactive,Object_06182
Toxic,Object_29735
Corrosive,Object_17151
Pressurized,Object_24098
Pressurized,Object_05081
Radioactive,Object_00473
Unspecified,Object_04142
Fragile,Object_07676
Pressurized,Object_24359
Unspecified,Object_29529
Toxic,Object_09063
Fragile,Object_19301
Corrosive,Object_05400
Oxidizing,Object_13146
Food,Object_05770
Food,Object_13905
Food,Object_28257
Explosive,Object_09759
Explosive,Object_14608
Pressurized,Object_25801
Radioactive,Object_22691
Unspecified,Object_22089
Toxic,Object_01531
Corrosive,Object_18365
Unspecified,Object_27552
Pressurized,Object_14627
Explosive,Object_11794
Radioactive,Object_08020
Unspecified,Object_28255
Corrosive,Object_07244
Fragile,Object_17875
Food,Object_21905
Flammable,Object_16135
Radioactive,Object_10219
Corrosive,Object_30289
Oxidizing,Object_29720
Corrosive,Object_27607
Food,Object_15498
Unspecified,Object_19704
Radioactive,Object_11192
Unspecified,Object_13022
Unspecified,Object_18779
Food,Object_11081
Corrosive,Object_12875
Radioactive,Object_11799
Explosive,Object_13188
Toxic,Object_07265
Fragile,Object_27654
Toxic,Object_21065
Pressurized,Object_11137
Oxidizing,Object_00221
Radioactive,Object_18590
Fragile,Object_29115
Radioactive,Object_05177
Explosive,Object_28263
Unspecified,Object_28219
Oxidizing,Object_08034
Corrosive,Object_02834
Toxic,Object_00673
Oxidizing,Object_25167
Fragile,Object_10327
Oxidizing,Object_05268
Fragile,Object_12383
Oxidizing,Object_28188
Oxidizing,Object_20678
Food,Object_14219
Explosive,Object_05069
Radioactive,Object_05550
Unspecified,Object_05168
Pressurized,Object_17779
Oxidizing,Object_26100
Flammable,Object_01354
Toxic,Object_26305
Flammable,Object_07255
Food,Object_09609
Unspecified,Object_16072
Toxic,Object_25817
Flammable,Object_13979
Food,Object_07288
Unspecified,Object_02657
Toxic,Object_12506
Food,Object_11651
Oxidizing,Object_18349
Fragile,Object_22522
Pressurized,Object_08149
Oxidizing,Object_11426
Fragile,Object_01514
Flammable,Object_23569
Radioactive,Object_14619
Explosive,Object_01722
Explosive,Object_24304
Food,Object_13412
Food,Object_05896
Unspecified,Object_17811
Flammable,Object_23147
Explosive,Object_21722
Food,Object_12307
Fragile,Object_16182
Radioactive,Object_09370
Radioactive,Object_21761
Fragile,Object_06876
Toxic,Object_00561
Radioactive,Object_08136
Fragile,Object_18388
Corrosive,Object_22884
Unspecified,Object_05551
Flammable,Object_01307
Toxic,Object_16674
Unspecified,Object_05925
Radioactive,Object_04632
Oxidizing,Object_13033
Unspecified,Object_11238
Flammable,Object_30171
Flammable,Object_06167
Toxic,Object_24204
Oxidizing,Object_28523
Food,Object_03021
Radioactive,Object_15202
Fragile,Object_04796
Pressurized,Object_22633
Explosive,Object_21378
Toxic,Object_12941
Flammable,Object_24143
Corrosive,Object_15183
Food,Object_04664
Food,Object_04946
Toxic,Object_25892
Unspecified,Object_18694
Corrosive,Object_24426
Food,Object_26977
Oxidizing,Object_05871
Unspecified,Object_24400
Food,Object_21199
Pressurized,Object_13107
Oxidizing,Object_03711
Explosive,Object_23520
Food,Object_07892
Toxic,Object_05222
Fragile,Object_04103
Corrosive,Object_05536
Pressurized,Object_22066
Fragile,Object_27167
Flammable,Object_01401
Oxidizing,Object_00389
Pressurized,Object_17191
Radioactive,Object_15765
Food,Object_06603
Radioactive,Object_17583
Radioactive,Object_25711
Fragile,Object_13718
Explosive,Object_25012
Fragile,Object_13070
Radioactive,Object_25914
Toxic,Object_08854
Flammable,Object_00391
Corrosive,Object_28365
Explosive,Object_26027
Toxic,Object_20913
Pressurized,Object_24751
Radioactive,Object_26918
Pressurized,Object_06147
Unspecified,Object_13957
Oxidizing,Object_06460
Toxic,Object_14566
Oxidizing,Object_16333
Flammable,Object_17829
Pressurized,Object_26155
Pressurized,Object_18328
Radioactive,Object_09523
Oxidizing,Object_19888
Food,Object_06181
Unspecified,Object_24962
Flammable,Object_09733
Flammable,Object_24838
Flammable,Object_02301
Fragile,Object_12800
Pressurized,Object_19950
Corrosive,Object_17136
Fragile,Object_21445
Toxic,Object_07215
Food,Object_14316
Flammable,Object_19875
Unspecified,Object_22358
Corrosive,Object_00977
Oxidizing,Object_00348
Oxidizing,Object_00652
Explosive,Object_06081
Flammable,Object_18431
Oxidizing,Object_04987
Flammable,Object_05459
Corrosive,Object_08606
Food,Object_18552
Flammable,Object_03910
Pressurized,Object_22592
Unspecified,Object_12273
Unspecified,Object_24235
Toxic,Object_13342
Pressurized,Object_02780
Toxic,Object_27143
Toxic,Object_10496
Flammable,Object_21522
Pressurized,Object_21466
Corrosive,Object_29391
Toxic,Object_27252
Oxidizing,Object_07400
Radioactive,Object_26677
Fragile,Object_09600
Food,Object_16762
Explosive,Object_01745
Explosive,Object_05096
Oxidizing,Object_13553
Toxic,Object_28757
Explosive,Object_26896
Oxidizing,Object_28939
Radioactive,Object_15099
Oxidizing,Object_22735
Pressurized,Object_13085
Radioactive,Object_28063
Fragile,Object_23947
Explosive,Object_19509
Toxic,Object_05823
Radioactive,Object_21304
Toxic,Object_13714
Radioactive,Object_09486
Oxidizing,Object_00279
Corrosive,Object_18175
Pressurized,Object_29264
Pressurized,Object_25617
Fragile,Object_04531
Fragile,Object_08084
Food,Object_24488
Oxidizing,Object_10319
Unspecified,Object_21031
Unspecified,Object_06133
Explosive,Object_27260
Corrosive,Object_16688
Toxic,Object_20795
Flammable,Object_26304
Fragile,Object_05294
Fragile,Object_07664
Explosive,Object_18643
Toxic,Object_16628
Unspecified,Object_08901
Explosive,Object_16289
Oxidizing,Object_14406
Corrosive,Object_05979
Explosive,Object_21125
Unspecified,Object_21561
Radioactive,Object_11296
Toxic,Object_06551
Fragile,Object_29729
Radioactive,Object_13418
Pressurized,Object_06516
Food,Object_23039
Food,Object_14690
Radioactive,Object_07107
Unspecified,Object_06986
Flammable,Object_06467
Corrosive,Object_06058
Unspecified,Object_26134
Food,Object_25181
Flammable,Object_16635
Pressurized,Object_20102
Flammable,Object_06090
Radioactive,Object_26933
Toxic,Object_00105
Food,Object_13628
Food,Object_08604
Unspecified,Object_29844
Radioactive,Object_25017
Unspecified,Object_05907
Oxidizing,Object_28115
Unspecified,Object_01604
Radioactive,Object_14975
Toxic,Object_12178
Unspecified,Object_27446
Flammable,Object_23562
Flammable,Object_19091
Unspecified,Object_07295
Food,Object_18983
Oxidizing,Object_24329
Flammable,Object_02365
Pressurized,Object_03647
Oxidizing,Object_01519
Radioactive,Object_13793
Food,Object_03248
Toxic,Object_02591
Explosive,Object_01152
Fragile,Object_28740
Fragile,Object_28084
Fragile,Object_25142
Food,Object_24313
Radioactive,Object_11960
Radioactive,Object_25112
Pressurized,Object_17741
Corrosive,Object_12183
Toxic,Object_11395
Corrosive,Object_00766
Corrosive,Object_22906
Unspecified,Object_21330
Pressurized,Object_14987
Unspecified,Object_02089
Flammable,Object_15028
Toxic,Object_04528
Radioactive,Object_03487
Oxidizing,Object_14476
Pressurized,Object_02294
Pressurized,Object_17922
Explosive,Object_11737
Toxic,Object_29366
Oxidizing,Object_19015
Fragile,Object_27469
Radioactive,Object_29253
Corrosive,Object_21909
Food,Object_08370
Radioactive,Object_20246
Unspecified,Object_26015
Fragile,Object_15204
Oxidizing,Object_24873
Radioactive,Object_23002
Corrosive,Object_03970
Toxic,Object_12201
Radioactive,Object_21862
Unspecified,Object_06425
Unspecified,Object_02122
Unspecified,Object_10210
Corrosive,Object_22289
Radioactive,Object_29887
Fragile,Object_06496
Oxidizing,Object_27662
Radioactive,Object_00710
Radioactive,Object_26578
Corrosive,Object_17278
Food,Object_02261
Oxidizing,Object_23732
Radioactive,Object_16508
Toxic,Object_11677
Oxidizing,Object_20668
Corrosive,Object_16755
Food,Object_12870
Food,Object_22921
Flammable,Object_22703
Pressurized,Object_05846
Radioactive,Object_15755
Corrosive,Object_28007
Flammable,Object_06956
Oxidizing,Object_16254
Unspecified,Object_20045
Corrosive,Object_19958
Food,Object_25295
Corrosive,Object_18767
Toxic,Object_15554
Oxidizing,Object_06749
Radioactive,Object_20684
Unspecified,Object_03913
Pressurized,Object_30141
Fragile,Object_06295
Pressurized,Object_02143
Corrosive,Object_07121
Food,Object_09275
Pressurized,Object_05309
Explosive,Object_05771
Food,Object_19250
Flammable,Object_09781
Radioactive,Object_16284
Oxidizing,Object_03131
Radioactive,Object_28912
Pressurized,Object_08056
Corrosive,Object_21301
Fragile,Object_19195
Toxic,Object_23851
Pressurized,Object_24454
Pressurized,Object_07742
Radioactive,Object_17010
Oxidizing,Object_18633
Pressurized,Object_10279
Fragile,Object_16911
Unspecified,Object_24503
Food,Object_11263
Unspecified,Object_22244
Corrosive,Object_17082
Food,Object_08799
Radioactive,Object_28026
Corrosive,Object_28528
Food,Object_24621
Oxidizing,Object_06790
Corrosive,Object_01853
Flammable,Object_29592
Food,Object_24088
Unspecified,Object_26335
Explosive,Object_19380
Toxic,Object_07387
Fragile,Object_21454
Unspecified,Object_21654
Pressurized,Object_27070
Food,Object_24729
Flammable,Object_02082
Oxidizing,Object_24338
Unspecified,Object_21512
Explosive,Object_27487
Flammable,Object_22788
Oxidizing,Object_29090
Explosive,Object_19601
Radioactive,Object_11512
Oxidizing,Object_13668
Corrosive,Object_10253
Pressurized,Object_29258
Oxidizing,Object_19455
Corrosive,Object_05542
Explosive,Object_05560
Pressurized,Object_26205
Fragile,Object_15469
Unspecified,Object_16208
Unspecified,Object_27743
Radioactive,Object_19445
Food,Object_18623
Explosive,Object_17950
Corrosive,Object_06693
Pressurized,Object_19748
Pressurized,Object_01708
Explosive,Object_28538
Corrosive,Object_06922
Fragile,Object_02737
Oxidizing,Object_18689
Fragile,Object_03958
Oxidizing,Object_18400
Unspecified,Object_00599
Corrosive,Object_19574
Pressurized,Object_03846
Corrosive,Object_05043
Radioactive,Object_24735
Pressurized,Object_05301
Explosive,Object_11440
Explosive,Object_18001
Toxic,Object_28104
Oxidizing,Object_14984
Pressurized,Object_02017
Explosive,Object_00009
Fragile,Object_14499
Fragile,Object_20049
Unspecified,Object_01623
Pressurized,Object_05797
Corrosive,Object_24898
Oxidizing,Object_14010
Food,Object_03117
Flammable,Object_05293
Fragile,Object_04145
Toxic,Object_04094
Food,Object_00406
Oxidizing,Object_18769
Radioactive,Object_13050
Corrosive,Object_14483
Toxic,Object_00181
Corrosive,Object_25864
Flammable,Object_20159
Flammable,Object_19468
Explosive,Object_08266
Explosive,Object_26484
Unspecified,Object_12930
Radioactive,Object_11971
Food,Object_26994
Pressurized,Object_23535
Radioactive,Object_01267
Pressurized,Object_15195
Corrosive,Object_18251
Oxidizing,Object_08728
Corrosive,Object_25837
Oxidizing,Object_11025
Toxic,Object_17485
Explosive,Object_05655
Radioactive,Object_25384
Radioactive,Object_01078
Food,Object_24885
Unspecified,Object_02899
Corrosive,Object_22503
Radioactive,Object_01173
Pressurized,Object_07554
Food,Object_26450
Toxic,Object_12972
Pressurized,Object_21872
Toxic,Object_15964
Food,Object_08789
Toxic,Object_27508
Flammable,Object_06070
Toxic,Object_03862
Pressurized,Object_23779
Corrosive,Object_04477
Corrosive,Object_20698
Corrosive,Object_04743
Corrosive,Object_20096
Food,Object_21771
Flammable,Object_25031
Food,Object_23783
Toxic,Object_12509
Explosive,Object_14043
Flammable,Object_04863
Pressurized,Object_02135
Pressurized,Object_03732
Toxic,Object_22705
Fragile,Object_29595
Radioactive,Object_22530
Oxidizing,Object_24382
Pressurized,Object_18228
Toxic,Object_23850
Unspecified,Object_17610
Corrosive,Object_24481
Flammable,Object_04082
Food,Object_24398
Radioactive,Object_11240
Explosive,Object_20833
Oxidizing,Object_21377
Corrosive,Object_13894
Explosive,Object_03559
Toxic,Object_04195
Flammable,Object_04211
Pressurized,Object_29430
Corrosive,Object_18047
Flammable,Object_15062
Radioactive,Object_23918
Flammable,Object_21571
Oxidizing,Object_27109
Oxidizing,Object_12820
Toxic,Object_23514
Toxic,Object_17888
Fragile,Object_00579
Fragile,Object_26425
Corrosive,Object_05410
Explosive,Object_25574
Oxidizing,Object_09663
Pressurized,Object_10014
Food,Object_22509
Food,Object_08996
Pressurized,Object_25827
Food,Object_16780
Explosive,Object_28835
Food,Object_15424
Unspecified,Object_19547
Toxic,Object_27689
Radioactive,Object_26638
Unspecified,Object_09791
Corrosive,Object_11038
Corrosive,Object_19433
Fragile,Object_25128
Toxic,Object_13777
Pressurized,Object_20365
Pressurized,Object_02684
Food,Object_21092
Food,Object_25122
Toxic,Object_10129
Corrosive,Object_03817
Explosive,Object_02851
Flammable,Object_14860
Pressurized,Object_13443
Radioactive,Object_08940
Flammable,Object_05794
Flammable,Object_13946
Pressurized,Object_12145
Unspecified,Object_18380
Food,Object_04355
Oxidizing,Object_01224
Pressurized,Object_28089
Unspecified,Object_09425
Food,Object_20152
Food,Object_19976
Corrosive,Object_15544
Toxic,Object_19286
Fragile,Object_09731
Fragile,Object_08240
Unspecified,Object_25505
Food,Object_04668
Toxic,Object_12887
Oxidizing,Object_21510
Food,Object_22762
Radioactive,Object_10648
Fragile,Object_23876
Explosive,Object_08159
Oxidizing,Object_24146
Pressurized,Object_25549
Corrosive,Object_28623
Unspecified,Object_18760
Pressurized,Object_23864
Unspecified,Object_21034
Corrosive,Object_27825
Corrosive,Object_19733
Explosive,Object_21592
Unspecified,Object_06504
Radioactive,Object_26420
Fragile,Object_09353
Food,Object_04547
Flammable,Object_07861
Corrosive,Object_18698
Toxic,Object_20948
Food,Object_20899
Corrosive,Object_07631
Unspecified,Object_23138
Food,Object_29427
Unspecified,Object_29982
Food,Object_28038
Corrosive,Object_17656
Explosive,Object_21389
Oxidizing,Object_05109
Pressurized,Object_19565
Fragile,Object_06299
Corrosive,Object_20961
Radioactive,Object_25717
Toxic,Object_10024
Explosive,Object_04897
Oxidizing,Object_08432
Oxidizing,Object_23483
Oxidizing,Object_17712
Unspecified,Object_30128
Corrosive,Object_12962
Pressurized,Object_27271
Food,Object_21062
Corrosive,Object_12827
Food,Object_29884
Corrosive,Object_00886
Food,Object_19374
Toxic,Object_05754
Pressurized,Object_17231
Corrosive,Object_02663
Flammable,Object_25799
Food,Object_15336
Flammable,Object_21995
Flammable,Object_27784
Explosive,Object_06207
Radioactive,Object_24399
Explosive,Object_01966
Corrosive,Object_25972
Explosive,Object_12652
Oxidizing,Object_09950
Pressurized,Object_14854
Unspecified,Object_19511
Pressurized,Object_27272
Explosive,Object_04403
Toxic,Object_04044
Explosive,Object_28713
Flammable,Object_02833
Fragile,Object_11791
Fragile,Object_24153
Pressurized,Object_04661
Oxidizing,Object_03576
Radioactive,Object_30257
Flammable,Object_02406
Corrosive,Object_03679
Pressurized,Object_13799
Unspecified,Object_09717
Corrosive,Object_06874
Pressurized,Object_03233
Oxidizing,Object_24437
Corrosive,Object_15392
Pressurized,Object_03519
Unspecified,Object_01280
Flammable,Object_12468
Explosive,Object_13391
Fragile,Object_00417
Fragile,Object_13132
Explosive,Object_00047
Explosive,Object_12378
Unspecified,Object_27931
Toxic,Object_15431
Corrosive,Object_15812
Toxic,Object_17565
Oxidizing,Object_27095
Fragile,Object_23104
Radioactive,Object_16994
Radioactive,Object_15575
Radioactive,Object_12920
Toxic,Object_04929
Oxidizing,Object_08838
Food,Object_07133
Oxidizing,Object_10596
Corrosive,Object_23821
Flammable,Object_15510
Unspecified,Object_11422
Fragile,Object_15762
Toxic,Object_28999
Radioactive,Object_18749
Fragile,Object_25806
Oxidizing,Object_17783
Oxidizing,Object_29622
Toxic,Object_26084
Corrosive,Object_04634
Flammable,Object_20339
Radioactive,Object_10267
Fragile,Object_16022
Flammable,Object_09489
Fragile,Object_00043
Pressurized,Object_13519
Radioactive,Object_16501
Fragile,Object_22968
Food,Object_20955
Pressurized,Object_04922
Corrosive,Object_00474
Fragile,Object_11394
Fragile,Object_19369
Toxic,Object_08602
Fragile,Object_26441
Corrosive,Object_00876
Toxic,Object_28698
Unspecified,Object_29733
Toxic,Object_07027
Explosive,Object_24517
Oxidizing,Object_07182
Unspecified,Object_05992
Food,Object_18035
Food,Object_19719
Radioactive,Object_20518
Food,Object_23212
Radioactive,Object_23323
Fragile,Object_00387
Explosive,Object_24671
Corrosive,Object_11110
Oxidizing,Object_23114
Unspecified,Object_02971
Unspecified,Object_25374
Corrosive,Object_20639
Corrosive,Object_28518
Flammable,Object_05041
Toxic,Object_09558
Fragile,Object_06914
Pressurized,Object_00619
Unspecified,Object_29245
Corrosive,Object_09747
Corrosive,Object_26244
Explosive,Object_17728
Pressurized,Object_17259
Unspecified,Object_22166
Pressurized,Object_09782
Fragile,Object_01619
Unspecified,Object_27555
Corrosive,Object_06716
Flammable,Object_26999
Toxic,Object_17719
Oxidizing,Object_00342
Corrosive,Object_00138
Explosive,Object_02762
Flammable,Object_08010
Explosive,Object_07095
Food,Object_28817
Pressurized,Object_06533
Fragile,Object_17058
Pressurized,Object_04795
Explosive,Object_28679
Explosive,Object_10651
Pressurized,Object_18423
Flammable,Object_19598
Explosive,Object_17584
Unspecified,Object_23000
Fragile,Object_21954
Fragile,Object_00682
Corrosive,Object_28896
Toxic,Object_17358
Corrosive,Object_17843
Flammable,Object_15215
Pressurized,Object_19819
Pressurized,Object_18301
Flammable,Object_14897
Toxic,Object_26059
Fragile,Object_10560
Oxidizing,Object_06971
Pressurized,Object_18205
Corrosive,Object_17906
Pressurized,Object_04484
Radioactive,Object_03629
Corrosive,Object_25006
Fragile,Object_16086
Toxic,Object_04594
Explosive,Object_09206
Pressurized,Object_24028
Pressurized,Object_24600
Unspecified,Object_00929
Explosive,Object_14529
Toxic,Object_10537
Corrosive,Object_18978
Explosive,Object_29667
Flammable,Object_05270
Toxic,Object_08634
Explosive,Object_06614
Oxidizing,Object_21786
Oxidizing,Object_02829
Toxic,Object_28287
Corrosive,Object_06028
Explosive,Object_16531
Unspecified,Object_13453
Toxic,Object_23233
Fragile,Object_06906
Pressurized,Object_10836
Radioactive,Object_05604
Fragile,Object_28411
Flammable,Object_00022
Unspecified,Object_25190
Explosive,Object_16142
Explosive,Object_12418
Radioactive,Object_22849
Explosive,Object_10302
Oxidizing,Object_19252
Explosive,Object_08488
Corrosive,Object_14150
Explosive,Object_02293
Unspecified,Object_21224
Explosive,Object_17176
Flammable,Object_21151
Radioactive,Object_15659
Toxic,Object_27493
Oxidizing,Object_20112
Flammable,Object_22112
Explosive,Object_29283
Explosive,Object_15247
Unspecified,Object_21400
Explosive,Object_02575
Unspecified,Object_19687
Pressurized,Object_12505
Flammable,Object_25976
Corrosive,Object_28443
Pressurized,Object_29351
Unspecified,Object_10667
Oxidizing,Object_02660
Unspecified,Object_29722
Flammable,Object_10361
Explosive,Object_25927
Explosive,Object_27060
Food,Object_13866
Explosive,Object_12845
Corrosive,Object_15681
Unspecified,Object_13491
Toxic,Object_29422
Unspecified,Object_05878
Food,Object_08265
Toxic,Object_18456
Food,Object_25025
Flammable,Object_15452
Oxidizing,Object_11233
Fragile,Object_09933
Unspecified,Object_14260
Flammable,Object_20717
Fragile,Object_15598
Food,Object_10415
Oxidizing,Object_22757
Corrosive,Object_17396
Unspecified,Object_07960
Radioactive,Object_14920
Food,Object_03498
Food,Object_14185
Oxidizing,Object_10112
Oxidizing,Object_02037
Fragile,Object_14883
Pressurized,Object_26424
Food,Object_17050
Radioactive,Object_11281
Pressurized,Object_01755
Radioactive,Object_17182
Unspecified,Object_04384
Unspecified,Object_28136
Explosive,Object_23941
Explosive,Object_07692
Radioactive,Object_24781
Corrosive,Object_27826
Food,Object_00248
Radioactive,Object_25516
Flammable,Object_09163
Radioactive,Object_12125
Corrosive,Object_13198
Food,Object_28192
Food,Object_00762
Explosive,Object_25720
Food,Object_04643
Oxidizing,Object_27853
Fragile,Object_07333
Explosive,Object_15481
Flammable,Object_01093
Radioactive,Object_11380
Unspecified,Object_01857
Unspecified,Object_11158
Explosive,Object_15958
Explosive,Object_14621
Toxic,Object_26210
Corrosive,Object_26331
Food,Object_28691
Corrosive,Object_10408
Corrosive,Object_08647
Radioactive,Object_26652
Explosive,Object_19314
Food,Object_02720
Corrosive,Object_14783
Radioactive,Object_13148
Food,Object_25201
Fragile,Object_28959
Food,Object_27722
Radioactive,Object_18128
Food,Object_24854
Corrosive,Object_29177
Toxic,Object_03147
Unspecified,Object_00074
Pressurized,Object_13800
Explosive,Object_03279
Fragile,Object_19019
Oxidizing,Object_10621
Explosive,Object_19637
Food,Object_07495
Pressurized,Object_06752
Unspecified,Object_26910
Pressurized,Object_23437
Explosive,Object_29213
Flammable,Object_09065
Radioactive,Object_09687
Oxidizing,Object_30296
Food,Object_23811
Oxidizing,Object_24344
Toxic,Object_00224
Radioactive,Object_30206
Unspecified,Object_17281
Corrosive,Object_18995
Corrosive,Object_09844
Food,Object_12609
Flammable,Object_18133
Explosive,Object_13242
Food,Object_28223
Fragile,Object_05834
Fragile,Object_15972
Explosive,Object_14773
Corrosive,Object_01263
Pressurized,Object_27502
Toxic,Object_25594
Corrosive,Object_04953
Fragile,Object_15480
Fragile,Object_26369
Unspecified,Object_00486
Radioactive,Object_17649
Food,Object_28525
Pressurized,Object_23871
Pressurized,Object_17473
Corrosive,Object_25028
Radioactive,Object_25855
Radioactive,Object_06485
Pressurized,Object_26340
Corrosive,Object_25695
Fragile,Object_28357
Oxidizing,Object_00195
Explosive,Object_17640
Food,Object_04159
Fragile,Object_07441
Radioactive,Object_12341
Corrosive,Object_09628
Flammable,Object_08577
Flammable,Object_11951
Pressurized,Object_04756
Fragile,Object_19233
Pressurized,Object_16297
Radioactive,Object_22086
Radioactive,Object_11926
Unspecified,Object_13466
Pressurized,Object_29575
Flammable,Object_11760
Corrosive,Object_17338
Corrosive,Object_14366
Toxic,Object_25821
Oxidizing,Object_17553
Pressurized,Object_13349
Pressurized,Object_21840
Explosive,Object_02363
Fragile,Object_07099
Pressurized,Object_28414
Flammable,Object_16503
Flammable,Object_17006
Fragile,Object_18975
Corrosive,Object_06631
Corrosive,Object_16555
Fragile,Object_05032
Oxidizing,Object_17693
Corrosive,Object_29906
Flammable,Object_21678
Unspecified,Object_14144
Flammable,Object_29776
Flammable,Object_28957
Food,Object_15464
Oxidizing,Object_28797
Corrosive,Object_11229
Corrosive,Object_08991
Corrosive,Object_25486
Radioactive,Object_27457
Unspecified,Object_07356
Pressurized,Object_13984
Flammable,Object_02291
Pressurized,Object_24324
Toxic,Object_17411
Pressurized,Object_26877
Radioactive,Object_20002
Corrosive,Object_18850
Radioactive,Object_21108
Corrosive,Object_01483
Toxic,Object_08735
Toxic,Object_16660
Pressurized,Object_08511
Corrosive,Object_18058
Food,Object_23381
Flammable,Object_03734
Explosive,Object_22147
Fragile,Object_30139
Flammable,Object_11413
Fragile,Object_20125
Unspecified,Object_22232
Food,Object_08681
Pressurized,Object_26937
Corrosive,Object_07148
Explosive,Object_05511
Explosive,Object_01876
Food,Object_00352
Fragile,Object_28041
Toxic,Object_18374
Unspecified,Object_13056
Unspecified,Object_09631
Pressurized,Object_23027
Food,Object_24861
Unspecified,Object_24916
Corrosive,Object_19813
Explosive,Object_22517
Pressurized,Object_09067
Radioactive,Object_14870
Corrosive,Object_07786
Oxidizing,Object_10690
Pressurized,Object_29631
Unspecified,Object_28484
Pressurized,Object_16803
Toxic,Object_30306
Fragile,Object_01927
Radioactive,Object_19815
Pressurized,Object_26106
Oxidizing,Object_28348
Unspecified,Object_28823
Radioactive,Object_17423
Food,Object_03472
Food,Object_04472
Oxidizing,Object_27266
Flammable,Object_25115
Fragile,Object_09158
Fragile,Object_02926
Flammable,Object_27438
Radioactive,Object_11208
Pressurized,Object_16410
Toxic,Object_10001
Fragile,Object_06272
Flammable,Object_27947
Fragile,Object_05503
Radioactive,Object_12657
Food,Object_20401
Explosive,Object_07342
Oxidizing,Object_09433
Fragile,Object_11617
Radioactive,Object_18224
Fragile,Object_18387
Food,Object_06627
Food,Object_04246
Pressurized,Object_02964
Food,Object_01200
Toxic,Object_09900
Unspecified,Object_20151
Pressurized,Object_01536
Oxidizing,Object_21538
Flammable,Object_27788
Flammable,Object_23882
Toxic,Object_29841
Corrosive,Object_25859
Oxidizing,Object_10191
Unspecified,Object_19754
Food,Object_05968
Oxidizing,Object_20000
Oxidizing,Object_23874
Oxidizing,Object_03757
Food,Object_13641
Corrosive,Object_16394
Oxidizing,Object_06935
Pressurized,Object_18655
Pressurized,Object_04904
Pressurized,Object_15268
Radioactive,Object_01538
Pressurized,Object_24278
Radioactive,Object_28186
Radioactive,Object_21665
Unspecified,Object_23881
Fragile,Object_30038
Unspecified,Object_19403
Unspecified,Object_16815
Corrosive,Object_20587
Toxic,Object_16536
Oxidizing,Object_17931
Food,Object_17978
Radioactive,Object_07080
Oxidizing,Object_02199
Pressurized,Object_12615
Unspecified,Object_09477
Radioactive,Object_09449
Toxic,Object_03459
Explosive,Object_09255
Toxic,Object_00308
Radioactive,Object_17041
Corrosive,Object_18526
Unspecified,Object_11822
Explosive,Object_24418
Food,Object_18719
Radioactive,Object_14025
Oxidizing,Object_14787
Food,Object_19559
Radioactive,Object_21067
Pressurized,Object_13424
Toxic,Object_26823
Fragile,Object_25343
Fragile,Object_19992
Unspecified,Object_14222
Pressurized,Object_20770
Pressurized,Object_08017
Explosive,Object_15837
Radioactive,Object_26660
Explosive,Object_18272
Flammable,Object_07219
Corrosive,Object_22747
Explosive,Object_01958
Radioactive,Object_20228
Explosive,Object_22889
Toxic,Object_28145
Oxidizing,Object_13212
Fragile,Object_08458
Pressurized,Object_03496
Food,Object_26018
Radioactive,Object_29203
Flammable,Object_15948
Food,Object_01696
Fragile,Object_11316
Flammable,Object_10114
Flammable,Object_22651
Toxic,Object_08351
Explosive,Object_05564
Toxic,Object_19479
Oxidizing,Object_22420
Fragile,Object_11239
Toxic,Object_22356
Radioactive,Object_05465
Unspecified,Object_15809
Radioactive,Object_25856
Oxidizing,Object_20707
Radioactive,Object_14557
Food,Object_25868
Fragile,Object_24900
Food,Object_05906
Pressurized,Object_07515
Food,Object_25454
Flammable,Object_11806
Toxic,Object_13892
Toxic,Object_05518
Corrosive,Object_04988
Toxic,Object_10936
Radioactive,Object_19623
Fragile,Object_28379
Oxidizing,Object_12957
Flammable,Object_29587
Pressurized,Object_26001
Flammable,Object_03575
Oxidizing,Object_29414
Food,Object_11276
Pressurized,Object_16183
Radioactive,Object_15692
Explosive,Object_20346
Unspecified,Object_12394
Food,Object_21521
Radioactive,Object_19610
Toxic,Object_06660
Fragile,Object_00509
Radioactive,Object_12594
Food,Object_05566
Oxidizing,Object_01153
Flammable,Object_00722
Flammable,Object_15003
Flammable,Object_13975
Radioactive,Object_27494
Explosive,Object_28329
Explosive,Object_28985
Toxic,Object_20810
Food,Object_01133
Explosive,Object_00038
Radioactive,Object_27405
Flammable,Object_05786
Flammable,Object_07075
Pressurized,Object_23240
Toxic,Object_20097
Oxidizing,Object_29687
Flammable,Object_24569
Corrosive,Object_16096
Unspecified,Object_14661
Flammable,Object_02362
Explosive,Object_27553
Pressurized,Object_01636
Pressurized,Object_25348
Explosive,Object_13834
Radioactive,Object_17760
Radioactive,Object_01381
Fragile,Object_00759
Fragile,Object_27777
Toxic,Object_01463
Flammable,Object_29409
Unspecified,Object_07648
Fragile,Object_28060
Flammable,Object_00269
Fragile,Object_29029
Unspecified,Object_23105
Food,Object_21213
Food,Object_14779
Unspecified,Object_04005
Oxidizing,Object_12221
Flammable,Object_13360
Toxic,Object_06653
Explosive,Object_04676
Unspecified,Object_27733
Flammable,Object_24141
Radioactive,Object_16703
Corrosive,Object_19008
Oxidizing,Object_27402
Explosive,Object_15101
Corrosive,Object_29751
Unspecified,Object_27126
Unspecified,Object_26026
Pressurized,Object_15556
Unspecified,Object_29874
Explosive,Object_27144
Flammable,Object_27264
Radioactive,Object_23739
Unspecified,Object_06751
Flammable,Object_22883
Toxic,Object_01918
Oxidizing,Object_22407
Pressurized,Object_04203
Fragile,Object_26231
Food,Object_16810
Corrosive,Object_04013
Corrosive,Object_13599
Radioactive,Object_05317
Oxidizing,Object_01700
Explosive,Object_02715
Radioactive,Object_23660
Oxidizing,Object_11005
Flammable,Object_12132
Oxidizing,Object_28564
Food,Object_16777
Oxidizing,Object_08623
Oxidizing,Object_27006
Flammable,Object_06596
Flammable,Object_07769
Pressurized,Object_27193
Corrosive,Object_12862
Explosive,Object_06973
Explosive,Object_10208
Food,Object_24182
Oxidizing,Object_01060
Fragile,Object_03399
Toxic,Object_08782
Oxidizing,Object_28147
Unspecified,Object_08693
Food,Object_16220
Fragile,Object_16053
Food,Object_25229
Toxic,Object_23825
Pressurized,Object_14191
Pressurized,Object_29778
Radioactive,Object_20850
Oxidizing,Object_16178
Fragile,Object_19076
Oxidizing,Object_05113
Radioactive,Object_10346
Flammable,Object_01781
Oxidizing,Object_02795
Explosive,Object_06060
Food,Object_15437
Toxic,Object_29372
Explosive,Object_29246
Food,Object_00923
Fragile,Object_14016
Food,Object_21240
Explosive,Object_02236
Radioactive,Object_04263
Unspecified,Object_11536
Pressurized,Object_11522
Explosive,Object_22982
Pressurized,Object_14644
Corrosive,Object_11051
Food,Object_18627
Fragile,Object_26323
Food,Object_11859
Flammable,Object_01025
Toxic,Object_16809
Toxic,Object_25597
Explosive,Object_20030
Explosive,Object_16820
Food,Object_10247
Flammable,Object_06780
Corrosive,Object_02921
Flammable,Object_06540
Toxic,Object_16736
Fragile,Object_14710
Fragile,Object_21003
Food,Object_25540
Pressurized,Object_12803
Corrosive,Object_14983
Food,Object_21695
Flammable,Object_21335
Radioactive,Object_21747
Fragile,Object_29607
Food,Object_12954
Explosive,Object_06193
Pressurized,Object_02785
Unspecified,Object_24108
Corrosive,Object_21150
Pressurized,Object_17301
Toxic,Object_15582
Explosive,Object_02538
Flammable,Object_07061
Fragile,Object_10182
Flammable,Object_15643
Unspecified,Object_12109
Oxidizing,Object_07951
Food,Object_11202
Food,Object_12731
Corrosive,Object_12290
Food,Object_26471
Flammable,Object_16950
Radioactive,Object_19073
Radioactive,Object_23730
Flammable,Object_18119
Radioactive,Object_04581
Radioactive,Object_05959
Corrosive,Object_20266
Radioactive,Object_10294
Oxidizing,Object_28079
Fragile,Object_10447
Fragile,Object_18997
Food,Object_29011
Corrosive,Object_03537
Oxidizing,Object_21851
Radioactive,Object_28111
Toxic,Object_27691
Fragile,Object_14391
Oxidizing,Object_13075
Toxic,Object_24048
Radioactive,Object_21321
Corrosive,Object_07483
Oxidizing,Object_15770
Unspecified,Object_27004
Explosive,Object_19620
Pressurized,Object_02688
Pressurized,Object_12169
Radioactive,Object_03163
Unspecified,Object_23358
Unspecified,Object_00425
Corrosive,Object_11114
Toxic,Object_11223
Fragile,Object_16131
Flammable,Object_02550
Pressurized,Object_06838
Toxic,Object_02197
Toxic,Object_06148
Unspecified,Object_12726
Radioactive,Object_09826
Food,Object_21388
Pressurized,Object_05193
Corrosive,Object_00127
Radioactive,Object_02299
Radioactive,Object_22700
Unspecified,Object_10583
Fragile,Object_08869
Food,Object_30178
Fragile,Object_29210
Pressurized,Object_27268
Oxidizing,Object_08038
Oxidizing,Object_04886
Food,Object_18055
Radioactive,Object_13233
Corrosive,Object_15190
Food,Object_23449
Flammable,Object_14617
Fragile,Object_28806
Food,Object_09506
Flammable,Object_17380
Toxic,Object_15018
Toxic,Object_28177
Food,Object_13121
Flammable,Object_00211
Pressurized,Object_05273
Toxic,Object_14734
Food,Object_09151
Toxic,Object_10174
Explosive,Object_29801
Pressurized,Object_21915
Pressurized,Object_25354
Radioactive,Object_05348
Food,Object_10654
Corrosive,Object_06758
Unspecified,Object_01816
Flammable,Object_13341
Pressurized,Object_06423
Food,Object_22926
Food,Object_13149
Oxidizing,Object_22246
Corrosive,Object_08641
Corrosive,Object_09893
Pressurized,Object_10231
Unspecified,Object_27007
Unspecified,Object_06510
Toxic,Object_03416
Oxidizing,Object_02370
Flammable,Object_22932
Toxic,Object_15962
Unspecified,Object_10206
Fragile,Object_24230
Flammable,Object_25515
Flammable,Object_04752
Oxidizing,Object_10371
Pressurized,Object_20818
Corrosive,Object_21875
Radioactive,Object_26863
Explosive,Object_09576
Flammable,Object_15650
Food,Object_00225
Flammable,Object_25254
Unspecified,Object_27465
Oxidizing,Object_29681
Radioactive,Object_00461
Food,Object_07225
Food,Object_11826
Radioactive,Object_00571
Toxic,Object_26064
Corrosive,Object_11236
Flammable,Object_24817
Explosive,Object_23815
Corrosive,Object_03976
Corrosive,Object_22263
Toxic,Object_19482
Explosive,Object_04859
Toxic,Object_00737
Oxidizing,Object_05484
Toxic,Object_20301
Toxic,Object_16594
Fragile,Object_21744
Pressurized,Object_10190
Explosive,Object_24816
Radioactive,Object_02675
Oxidizing,Object_00667
Radioactive,Object_23324
Explosive,Object_27149
Toxic,Object_21981
Fragile,Object_03245
Flammable,Object_16563
Pressurized,Object_15274
Pressurized,Object_26895
Fragile,Object_23702
Toxic,Object_28275
Corrosive,Object_19388
Fragile,Object_24251
Fragile,Object_09302
Explosive,Object_03754
Oxidizing,Object_02966
Explosive,Object_25108
Unspecified,Object_17215
Radioactive,Object_16273
Flammable,Object_20037
Oxidizing,Object_10220
Pressurized,Object_29527
Toxic,Object_04215
Pressurized,Object_09725
Oxidizing,Object_15270
Radioactive,Object_25076
Radioactive,Object_23187
Corrosive,Object_26198
Explosive,Object_04216
Explosive,Object_19900
Unspecified,Object_08675
Fragile,Object_24041
Flammable,Object_14075
Flammable,Object_13326
Corrosive,Object_07453
Oxidizing,Object_19072
Toxic,Object_19383
Food,Object_23377
Food,Object_05070
Explosive,Object_03614
Food,Object_28112
Oxidizing,Object_14704
Explosive,Object_26373
Unspecified,Object_28904
Toxic,Object_04193
Fragile,Object_10490
Corrosive,Object_10776
Flammable,Object_16925
Explosive,Object_05175
Fragile,Object_10990
Radioactive,Object_14115
Radioactive,Object_27267
Pressurized,Object_28590
Unspecified,Object_06559
Toxic,Object_06532
Food,Object_13577
Flammable,Object_03464
Explosive,Object_28042
Explosive,Object_22235
Food,Object_01818
Unspecified,Object_21057
Unspecified,Object_00856
Radioactive,Object_13447
Unspecified,Object_20970
Radioactive,Object_25030
Explosive,Object_29071
Fragile,Object_09268
Unspecified,Object_13508
Toxic,Object_14435
Corrosive,Object_26632
Radioactive,Object_19639
Flammable,Object_20201
Flammable,Object_25642
Food,Object_07091
Explosive,Object_17361
Fragile,Object_06545
Pressurized,Object_17026
Food,Object_18463
Toxic,Object_25620
Unspecified,Object_24956
Fragile,Object_08035
Toxic,Object_30304
Flammable,Object_18915
Radioactive,Object_00918
Explosive,Object_15606
Food,Object_23024
Radioactive,Object_10670
Oxidizing,Object_23904
Toxic,Object_13552
Food,Object_19032
Radioactive,Object_09702
Toxic,Object_02745
Fragile,Object_07597
Pressurized,Object_12496
Flammable,Object_00696
Radioactive,Object_28863
Toxic,Object_22848
Fragile,Object_21647
Food,Object_27750
Radioactive,Object_02545
Pressurized,Object_12932
Flammable,Object_07929
Radioactive,Object_10159
Radioactive,Object_15370
Unspecified,Object_23664
Pressurized,Object_07961
Radioactive,Object_02956
Corrosive,Object_29307
Fragile,Object_27219
Pressurized,Object_17020
Unspecified,Object_30262
Food,Object_06536
Corrosive,Object_25497
Pressurized,Object_28714
Toxic,Object_28417
Pressurized,Object_21987
Food,Object_19050
Flammable,Object_15412
Flammable,Object_14095
Food,Object_25246
Radioactive,Object_03054
Food,Object_23396
Pressurized,Object_21993
Pressurized,Object_12645
Fragile,Object_27171
Pressurized,Object_14477
Toxic,Object_13044
Food,Object_11419
Corrosive,Object_28944
Food,Object_19495
Flammable,Object_03150
Oxidizing,Object_01847
Corrosive,Object_00522
Oxidizing,Object_08965
Flammable,Object_18847
Unspecified,Object_21464
Toxic,Object_25418
Pressurized,Object_14697
Unspecified,Object_26440
Fragile,Object_17638
Oxidizing,Object_14677
Pressurized,Object_07539
Pressurized,Object_06949
Radioactive,Object_09541
Radioactive,Object_19545
Fragile,Object_27427
Radioactive,Object_25236
Pressurized,Object_14297
Food,Object_06087
Corrosive,Object_27554
Toxic,Object_22157
Oxidizing,Object_12237
Corrosive,Object_09327
Pressurized,Object_27290
Pressurized,Object_17744
Corrosive,Object_21357
Food,Object_17963
Corrosive,Object_05421
Radioactive,Object_18800
Corrosive,Object_05450
Flammable,Object_24162
Flammable,Object_17277
Fragile,Object_20034
Pressurized,Object_09944
Explosive,Object_13004
Pressurized,Object_26014
Oxidizing,Object_24446
Toxic,Object_23949
Toxic,Object_08341
Fragile,Object_16500
Unspecified,Object_20996
Corrosive,Object_23901
Explosive,Object_02319
Radioactive,Object_24492
Corrosive,Object_09790
Explosive,Object_11506
Fragile,Object_05563
Toxic,Object_12106
Explosive,Object_01965
Fragile,Object_17227
Oxidizing,Object_28741
Food,Object_25734
Toxic,Object_01377
Corrosive,Object_09941
Toxic,Object_05105
Fragile,Object_09332
Unspecified,Object_29325
Fragile,Object_29081
Pressurized,Object_09869
Oxidizing,Object_02896
Toxic,Object_28696
Toxic,Object_08910
Oxidizing,Object_07923
Fragile,Object_19021
Fragile,Object_05036
Unspecified,Object_25767
Oxidizing,Object_21105
Pressurized,Object_06401
Oxidizing,Object_12172
Toxic,Object_05209
Explosive,Object_13108
Unspecified,Object_02665
Food,Object_14187
Flammable,Object_14177
Pressurized,Object_05543
Explosive,Object_25171
Unspecified,Object_19899
Pressurized,Object_10085
Radioactive,Object_12876
Corrosive,Object_12655
Explosive,Object_02554
Radioactive,Object_27102
Explosive,Object_13690
Toxic,Object_21672
Flammable,Object_26130
Radioactive,Object_16709
Unspecified,Object_17782
Unspecified,Object_14167
Toxic,Object_13913
Fragile,Object_00290
Radioactive,Object_01590
Pressurized,Object_11566
Corrosive,Object_00734
Explosive,Object_30230
Corrosive,Object_04057
Oxidizing,Object_04935
Food,Object_04750
Oxidizing,Object_20407
Toxic,Object_27828
Pressurized,Object_14518
Radioactive,Object_24242
Explosive,Object_18005
Radioactive,Object_08199
Fragile,Object_15448
Pressurized,Object_04970
Oxidizing,Object_29369
Food,Object_24159
Food,Object_19532
Flammable,Object_15380
Food,Object_20765
Food,Object_18629
Radioactive,Object_08234
Fragile,Object_05396
Pressurized,Object_06399
Corrosive,Object_12354
Flammable,Object_29473
Toxic,Object_24720
Food,Object_18137
Corrosive,Object_09186
Fragile,Object_03570
Radioactive,Object_01836
Oxidizing,Object_08764
Unspecified,Object_27973
Oxidizing,Object_23471
Oxidizing,Object_04063
Corrosive,Object_04933
Explosive,Object_14534
Oxidizing,Object_15243
Flammable,Object_07023
Pressurized,Object_10859
Corrosive,Object_18647
Flammable,Object_16621
Food,Object_02962
Pressurized,Object_06912
Pressurized,Object_25763
Oxidizing,Object_13228
Explosive,Object_25444
Corrosive,Object_16047
Explosive,Object_18741
Fragile,Object_16401
Pressurized,Object_29795
Oxidizing,Object_07608
Food,Object_01503
Corrosive,Object_18744
Food,Object_12818
Food,Object_01587
Explosive,Object_23031
Corrosive,Object_25862
Explosive,Object_02426
Radioactive,Object_06970
Pressurized,Object_18711
Flammable,Object_10730
Pressurized,Object_30031
Flammable,Object_11493
Oxidizing,Object_21243
Food,Object_08383
Flammable,Object_04040
Explosive,Object_09312
Flammable,Object_19781
Radioactive,Object_19991
Food,Object_27296
Toxic,Object_22674
Oxidizing,Object_27820
Explosive,Object_21022
Flammable,Object_17905
Food,Object_14051
Pressurized,Object_29444
Flammable,Object_17159
Fragile,Object_06727
Food,Object_01998
Oxidizing,Object_21002
Pressurized,Object_24619
Fragile,Object_04804
Pressurized,Object_28027
Unspecified,Object_28127
Fragile,Object_22894
Toxic,Object_11624
Food,Object_13930
Food,Object_10816
Unspecified,Object_24865
Fragile,Object_29567
Corrosive,Object_10420
Corrosive,Object_00103
Pressurized,Object_20582
Flammable,Object_15746
Fragile,Object_01924
Oxidizing,Object_08654
Radioactive,Object_26358
Corrosive,Object_10342
Oxidizing,Object_26368
Food,Object_30313
Toxic,Object_06243
Oxidizing,Object_04956
Corrosive,Object_07916
Explosive,Object_27542
Flammable,Object_22544
Flammable,Object_08568
Flammable,Object_02748
Fragile,Object_12579
Food,Object_25662
Fragile,Object_23499
Flammable,Object_15515
Radioactive,Object_22062
Oxidizing,Object_14032
Explosive,Object_24707
Unspecified,Object_14048
Pressurized,Object_29757
Unspecified,Object_30001
Unspecified,Object_11543
Toxic,Object_28553
Oxidizing,Object_28399
Food,Object_17325
Corrosive,Object_25589
Toxic,Object_16353
Explosive,Object_13399
Unspecified,Object_21650
Food,Object_00450
Corrosive,Object_01241
Food,Object_04998
Unspecified,Object_29571
Radioactive,Object_21458
Unspecified,Object_25785
Pressurized,Object_26531
Pressurized,Object_15489
Pressurized,Object_00177
Food,Object_08373
Pressurized,Object_29390
Food,Object_12762
Pressurized,Object_17534
Flammable,Object_17435
Pressurized,Object_00393
Oxidizing,Object_22425
Toxic,Object_22648
Unspecified,Object_24086
Corrosive,Object_28336
Corrosive,Object_29035
Toxic,Object_25874
Corrosive,Object_14737
Unspecified,Object_00383
Fragile,Object_16077
Toxic,Object_18570
Fragile,Object_13147
Fragile,Object_15219
Unspecified,Object_29358
Explosive,Object_17581
Toxic,Object_00965
Oxidizing,Object_27332
Fragile,Object_27739
Toxic,Object_08628
Radioactive,Object_18141
Toxic,Object_19867
Radioactive,Object_00900
Fragile,Object_22063
Fragile,Object_28264
Flammable,Object_25313
Explosive,Object_01194
Food,Object_19814
Fragile,Object_11212
Pressurized,Object_19256
Fragile,Object_07478
Radioactive,Object_21843
Unspecified,Object_09183
Fragile,Object_14804
Toxic,Object_29311
Radioactive,Object_02429
Corrosive,Object_23706
Unspecified,Object_14073
Oxidizing,Object_14213
Corrosive,Object_11912
Unspecified,Object_28841
Pressurized,Object_03082
Unspecified,Object_18620
Flammable,Object_08060
Oxidizing,Object_08977
Oxidizing,Object_20609
Radioactive,Object_11094
Unspecified,Object_08361
Corrosive,Object_09884
Oxidizing,Object_11694
Pressurized,Object_01120
Flammable,Object_02445
Explosive,Object_16626
Toxic,Object_13660
Radioactive,Object_01569
Unspecified,Object_02937
Flammable,Object_29293
Unspecified,Object_10729
Toxic,Object_12482
Unspecified,Object_19716
Unspecified,Object_24033
Unspecified,Object_07197
Explosive,Object_01220
Pressurized,Object_22900
Flammable,Object_17642
Corrosive,Object_07234
Toxic,Object_11542
Pressurized,Object_25548
Pressurized,Object_13968
Food,Object_13263
Unspecified,Object_19821
Explosive,Object_04233
Unspecified,Object_02415
Explosive,Object_04130
Flammable,Object_05035
Oxidizing,Object_13499
Radioactive,Object_20575
Fragile,Object_09963
Fragile,Object_04605
Food,Object_16466
Toxic,Object_21132
Oxidizing,Object_07847
Flammable,Object_15524
Pressurized,Object_23648
Radioactive,Object_08189
Toxic,Object_18796
Toxic,Object_29947
Fragile,Object_20291
Explosive,Object_01352
Flammable,Object_04587
Food,Object_18222
Toxic,Object_14726
Explosive,Object_04242
Food,Object_19288
Unspecified,Object_27124
Toxic,Object_21524
Explosive,Object_26626
Pressurized,Object_12949
Oxidizing,Object_16811
Food,Object_00896
Radioactive,Object_24776
Oxidizing,Object_08243
Fragile,Object_16068
Corrosive,Object_17678
Oxidizing,Object_08082
Fragile,Object_13909
Food,Object_14105
Pressurized,Object_27392
Fragile,Object_09613
Radioactive,Object_21380
Toxic,Object_27918
Unspecified,Object_25995
Fragile,Object_05476
Fragile,Object_28704
Corrosive,Object_27162
Corrosive,Object_15349
Unspecified,Object_13763
Explosive,Object_21370
Unspecified,Object_01086
Explosive,Object_14028
Fragile,Object_21989
Toxic,Object_08982
Unspecified,Object_03372
Radioactive,Object_28319
Flammable,Object_13484
Explosive,Object_24055
Unspecified,Object_13713
Radioactive,Object_19553
Fragile,Object_18579
Explosive,Object_23459
Corrosive,Object_00739
Fragile,Object_10665
Oxidizing,Object_09680
Radioactive,Object_26119
Radioactive,Object_13603
Explosive,Object_01815
Corrosive,Object_29723
Toxic,Object_23294
Pressurized,Object_04271
Oxidizing,Object_01172
Oxidizing,Object_06998
Explosive,Object_09452
Flammable,Object_01558
Oxidizing,Object_23304
Flammable,Object_26957
Fragile,Object_06730
Toxic,Object_08371
Unspecified,Object_29950
Flammable,Object_24506
Fragile,Object_18798
Toxic,Object_13650
Oxidizing,Object_08716
Pressurized,Object_07118
Radioactive,Object_20283
Toxic,Object_20557
Food,Object_22685
Fragile,Object_08279
Pressurized,Object_02027
Toxic,Object_08823
Toxic,Object_23374
Radioactive,Object_24484
Unspecified,Object_00810
Food,Object_01812
Pressurized,Object_24372
Toxic,Object_23541
Flammable,Object_21350
Corrosive,Object_11545
Food,Object_05653
Explosive,Object_22462
Oxidizing,Object_23785
Unspecified,Object_14790
Food,Object_29344
Food,Object_29791
Oxidizing,Object_10230
Radioactive,Object_15722
Oxidizing,Object_20595
Corrosive,Object_09521
Pressurized,Object_05946
Toxic,Object_22606
Pressurized,Object_10894
Flammable,Object_24237
Radioactive,Object_19913
Pressurized,Object_00714
Radioactive,Object_06104
Unspecified,Object_21494
Toxic,Object_10211
Pressurized,Object_00693
Explosive,Object_17947
Fragile,Object_01418
Food,Object_12431
Radioactive,Object_19259
Radioactive,Object_10867
Toxic,Object_08841
Corrosive,Object_26401
Corrosive,Object_05157
Toxic,Object_00754
Flammable,Object_18318
Unspecified,Object_01374
Oxidizing,Object_13919
Toxic,Object_23688
Fragile,Object_11562
Unspecified,Object_29549
Flammable,Object_07455
Unspecified,Object_20079
Flammable,Object_16424
Pressurized,Object_22181
Corrosive,Object_22734
Radioactive,Object_06416
Pressurized,Object_26865
Explosive,Object_02011
Food,Object_18144
Oxidizing,Object_04926
Food,Object_25599
Fragile,Object_25737
Fragile,Object_13156
Explosive,Object_11406
Unspecified,Object_19947
Pressurized,Object_04191
Explosive,Object_05775
Fragile,Object_15388
Pressurized,Object_11908
Pressurized,Object_09064
Toxic,Object_22763
Food,Object_19402
Flammable,Object_08844
Oxidizing,Object_21533
Fragile,Object_19840
Flammable,Object_00624
Oxidizing,Object_16130
Flammable,Object_05901
Corrosive,Object_08718
Fragile,Object_07737
Pressurized,Object_15337
Corrosive,Object_22860
Unspecified,Object_28254
Explosive,Object_25138
Corrosive,Object_30148
Explosive,Object_11474
Corrosive,Object_23316
Food,Object_26667
Food,Object_05570
Fragile,Object_14629
Fragile,Object_15186
Explosive,Object_21333
Fragile,Object_02598
Food,Object_29738
Pressurized,Object_18891
Food,Object_06289
Flammable,Object_14445
Fragile,Object_21603
Explosive,Object_06187
Pressurized,Object_02752
Radioactive,Object_21778
Pressurized,Object_22130
Oxidizing,Object_03996
Explosive,Object_11283
Radioactive,Object_06844
Pressurized,Object_19409
Pressurized,Object_09426
Pressurized,Object_04095
Food,Object_13849
Unspecified,Object_02454
Fragile,Object_17490
Radioactive,Object_12495
Flammable,Object_28233
Toxic,Object_05394
Corrosive,Object_29092
Pressurized,Object_19323
Fragile,Object_21415
Oxidizing,Object_23724
Oxidizing,Object_28378
Toxic,Object_23743
Toxic,Object_10101
Unspecified,Object_14599
Toxic,Object_12751
Fragile,Object_17635
Food,Object_24276
Toxic,Object_25923
Unspecified,Object_26485
Flammable,Object_02526
Oxidizing,Object_13649
Flammable,Object_23003
Oxidizing,Object_03363
Explosive,Object_27676
Unspecified,Object_23392
Fragile,Object_15597
Unspecified,Object_18138
Toxic,Object_17475
Pressurized,Object_16006
Flammable,Object_13119
Radioactive,Object_23506
Food,Object_09204
Unspecified,Object_09608
Unspecified,Object_20046
Unspecified,Object_06197
Food,Object_01244
Oxidizing,Object_16352
Explosive,Object_23772
Fragile,Object_14353
Unspecified,Object_10296
Explosive,Object_29985
Unspecified,Object_23652
Food,Object_22207
Flammable,Object_00067
Corrosive,Object_27539
Food,Object_13780
Food,Object_05789
Flammable,Object_21838
Flammable,Object_01678
Radioactive,Object_09885
Flammable,Object_02063
Pressurized,Object_09200
Pressurized,Object_19590
Toxic,Object_22334
Pressurized,Object_04050
Oxidizing,Object_27680
Unspecified,Object_16488
Fragile,Object_17588
Oxidizing,Object_22903
Unspecified,Object_18685
Food,Object_25425
Flammable,Object_07581
Radioactive,Object_01489
Oxidizing,Object_13474
Fragile,Object_19452
Toxic,Object_04577
Toxic,Object_23100
Unspecified,Object_30092
Food,Object_17254
Unspecified,Object_01672
Oxidizing,Object_25683
Oxidizing,Object_05470
Fragile,Object_17526
Flammable,Object_26248
Corrosive,Object_14449
Fragile,Object_05323
Corrosive,Object_23916
Unspecified,Object_13776
Fragile,Object_19441
Radioactive,Object_08879
Food,Object_21414
Radioactive,Object_29201
Flammable,Object_20376
Explosive,Object_23955
Corrosive,Object_18686
Radioactive,Object_20561
Oxidizing,Object_30159
Toxic,Object_27185
Unspecified,Object_12550
Unspecified,Object_18428
Explosive,Object_15229
Unspecified,Object_26923
Oxidizing,Object_00908
Oxidizing,Object_03844
Fragile,Object_23694
Flammable,Object_06872
Fragile,Object_09308
Radioactive,Object_09483
Explosive,Object_27032
Food,Object_12714
Explosive,Object_12543
Toxic,Object_28035
Explosive,Object_01813
Unspecified,Object_10156
Toxic,Object_29329
Toxic,Object_18958
Fragile,Object_02247
Toxic,Object_09432
Corrosive,Object_25070
Corrosive,Object_03449
Oxidizing,Object_07024
Fragile,Object_13908
Flammable,Object_17958
Corrosive,Object_12595
Toxic,Object_22979
Toxic,Object_06604
Oxidizing,Object_20169
Oxidizing,Object_11247
Oxidizing,Object_28086
Food,Object_21008
Toxic,Object_24750
Oxidizing,Object_19326
Unspecified,Object_16560
Oxidizing,Object_28652
Flammable,Object_11013
Unspecified,Object_30004
Food,Object_13359
Corrosive,Object_22560
Flammable,Object_09927
Pressurized,Object_22209
Corrosive,Object_12696
Food,Object_29111
Toxic,Object_09156
Explosive,Object_17391
Food,Object_18673
Corrosive,Object_19215
Flammable,Object_00312
Pressurized,Object_11523
Pressurized,Object_25740
Radioactive,Object_22161
Fragile,Object_00970
Explosive,Object_11039
Explosive,Object_25552
Fragile,Object_21941
Food,Object_28589
Unspecified,Object_26699
Fragile,Object_02168
Explosive,Object_22833
Corrosive,Object_27354
Pressurized,Object_28176
Oxidizing,Object_06054
Fragile,Object_01330
Corrosive,Object_02074
Oxidizing,Object_27596
Toxic,Object_15934
Corrosive,Object_04487
Explosive,Object_24030
Flammable,Object_21162
Fragile,Object_23192
Flammable,Object_19706
Explosive,Object_05289
Radioactive,Object_27116
Corrosive,Object_25924
Pressurized,Object_06374
Oxidizing,Object_29582
Flammable,Object_21055
Pressurized,Object_13190
Corrosive,Object_22140
Flammable,Object_19064
Food,Object_14500
Oxidizing,Object_09664
Toxic,Object_26606
Radioactive,Object_07578
Food,Object_13995
Fragile,Object_19028
Unspecified,Object_30021
Corrosive,Object_24189
Unspecified,Object_19619
Pressurized,Object_17622
Unspecified,Object_22053
Flammable,Object_17056
Fragile,Object_03583
Fragile,Object_03469
Unspecified,Object_02382
Explosive,Object_15550
Pressurized,Object_07179
Flammable,Object_27463
Corrosive,Object_14970
Oxidizing,Object_03876
Corrosive,Object_08760
Unspecified,Object_01596
Toxic,Object_28102
Explosive,Object_27897
Oxidizing,Object_02032
Oxidizing,Object_02872
Explosive,Object_04485
Toxic,Object_14664
Toxic,Object_14716
Unspecified,Object_03330
Radioactive,Object_17172
Radioactive,Object_26074
Toxic,Object_00984
Unspecified,Object_14371
Pressurized,Object_16983
Corrosive,Object_04133
Corrosive,Object_12567
Unspecified,Object_18936
Radioactive,Object_01554
Corrosive,Object_17792
Fragile,Object_03551
Radioactive,Object_10124
Corrosive,Object_21463
Explosive,Object_21805
Food,Object_22418
Oxidizing,Object_23690
Explosive,Object_07186
Flammable,Object_19917
Pressurized,Object_27110
Fragile,Object_11612
Radioactive,Object_08086
Pressurized,Object_03847
Toxic,Object_26767
Food,Object_05082
Fragile,Object_17222
Pressurized,Object_19760
Food,Object_04797
Fragile,Object_00471
Food,Object_29711
Flammable,Object_11282
Explosive,Object_25603
Corrosive,Object_16474
Oxidizing,Object_26491
Pressurized,Object_02842
Fragile,Object_22203
Toxic,Object_19735
Corrosive,Object_04096
Oxidizing,Object_16550
Unspecified,Object_19993
Pressurized,Object_21715
Toxic,Object_26158
Radioactive,Object_06383
Fragile,Object_11567
Pressurized,Object_00478
Explosive,Object_28749
Flammable,Object_23793
Radioactive,Object_26788
Corrosive,Object_11352
Pressurized,Object_19198
Corrosive,Object_12173
Corrosive,Object_24974
Fragile,Object_17323
Oxidizing,Object_15917
Pressurized,Object_16537
Fragile,Object_15235
Fragile,Object_07552
Explosive,Object_07776
Unspecified,Object_09335
Corrosive,Object_25585
Pressurized,Object_11134
Toxic,Object_10515
Toxic,Object_17495
Radioactive,Object_28413
Food,Object_26856
Food,Object_15899
Flammable,Object_12639
Corrosive,Object_29714
Fragile,Object_09056
Pressurized,Object_09274
Fragile,Object_27359
Explosive,Object_16692
Toxic,Object_11133
Fragile,Object_16962
Food,Object_16816
Unspecified,Object_18905
Food,Object_05647
Unspecified,Object_21822
Flammable,Object_16989
Pressurized,Object_09282
Oxidizing,Object_24972
Pressurized,Object_13217
Corrosive,Object_27595
Flammable,Object_29821
Food,Object_03071
Food,Object_12635
Flammable,Object_23931
Food,Object_00776
Flammable,Object_24754
Flammable,Object_09513
Explosive,Object_03579
Explosive,Object_09897
Radioactive,Object_11813
Explosive,Object_18151
Oxidizing,Object_22672
Radioactive,Object_13554
Flammable,Object_21857
Radioactive,Object_29996
Fragile,Object_13040
Food,Object_24249
Explosive,Object_00100
Explosive,Object_14023
Unspecified,Object_08001
Pressurized,Object_10438
Explosive,Object_13773
Radioactive,Object_24695
Oxidizing,Object_14647
Corrosive,Object_16804
Oxidizing,Object_07928
Unspecified,Object_18630
Pressurized,Object_03375
Oxidizing,Object_23097
Pressurized,Object_19722
Flammable,Object_27483
Explosive,Object_04862
Unspecified,Object_23025
Explosive,Object_24202
Explosive,Object_19042
Corrosive,Object_28114
Flammable,Object_06039
Fragile,Object_22019
Corrosive,Object_19828
Unspecified,Object_15727
Unspecified,Object_24977
Corrosive,Object_17679
Pressurized,Object_30308
Explosive,Object_28344
Unspecified,Object_16581
Pressurized,Object_15835
Fragile,Object_01142
Food,Object_22202
Corrosive,Object_20451
Pressurized,Object_03370
Flammable,Object_06674
Pressurized,Object_01054
Toxic,Object_02810
Fragile,Object_22001
Flammable,Object_23929
Radioactive,Object_18008
Flammable,Object_08636
Flammable,Object_06925
Pressurized,Object_27196
Flammable,Object_22904
Explosive,Object_03439
Explosive,Object_01551
Fragile,Object_07909
Unspecified,Object_25547
Corrosive,Object_12159
Corrosive,Object_10128
Pressurized,Object_07108
Radioactive,Object_19824
Flammable,Object_02508
Explosive,Object_28870
Food,Object_27026
Toxic,Object_16684
Radioactive,Object_04093
Toxic,Object_04483
Oxidizing,Object_02914
Explosive,Object_08650
Pressurized,Object_28739
Radioactive,Object_29053
Oxidizing,Object_20486
Radioactive,Object_20126
Unspecified,Object_26072
Toxic,Object_10056
Oxidizing,Object_26989
Fragile,Object_26551
Oxidizing,Object_11773
Food,Object_03954
Corrosive,Object_28020
Toxic,Object_11176
Fragile,Object_07376
Unspecified,Object_25455
Explosive,Object_14898
Pressurized,Object_04351
Fragile,Object_11797
Flammable,Object_25518
Corrosive,Object_20244
Pressurized,Object_04822
Radioactive,Object_27666
Pressurized,Object_06153
Food,Object_16711
Toxic,Object_20655
Food,Object_16978
Flammable,Object_21847
Food,Object_13788
Radioactive,Object_29705
Oxidizing,Object_12440
Corrosive,Object_09969
Flammable,Object_20462
Toxic,Object_04939
Fragile,Object_21203
Radioactive,Object_02859
Flammable,Object_21578
Corrosive,Object_17239
Unspecified,Object_17299
Corrosive,Object_13507
Flammable,Object_19935
Explosive,Object_05788
Radioactive,Object_04031
Corrosive,Object_07926
Fragile,Object_06686
Unspecified,Object_16167
Oxidizing,Object_05687
Pressurized,Object_27547
Flammable,Object_21999
Explosive,Object_29966
Food,Object_08751
Radioactive,Object_20319
Flammable,Object_25146
Fragile,Object_00980
Food,Object_10949
Fragile,Object_01567
Pressurized,Object_19697
Explosive,Object_04098
Food,Object_16451
Corrosive,Object_11638
Explosive,Object_18912
Explosive,Object_13482
Pressurized,Object_23334
Corrosive,Object_01956
Corrosive,Object_01450
Explosive,Object_17054
Corrosive,Object_09154
Fragile,Object_28885
Flammable,Object_23848
Corrosive,Object_01159
Fragile,Object_27036
Food,Object_00905
Fragile,Object_26761
Unspecified,Object_10631
Explosive,Object_06164
Pressurized,Object_09818
Food,Object_25776
Toxic,Object_21418
Flammable,Object_17548
Oxidizing,Object_15827
Food,Object_06862
Explosive,Object_27386
Flammable,Object_14061
Oxidizing,Object_02698
Food,Object_04792
Explosive,Object_28805
Toxic,Object_03949
Corrosive,Object_17752
Fragile,Object_13082
Radioactive,Object_24693
Explosive,Object_00717
Unspecified,Object_03160
Pressurized,Object_28455
Explosive,Object_20540
Pressurized,Object_11744
Pressurized,Object_19131
Pressurized,Object_23922
Fragile,Object_03905
Explosive,Object_24812
Corrosive,Object_01279
Oxidizing,Object_03925
Explosive,Object_17943
Toxic,Object_27434
Food,Object_28095
Explosive,Object_27484
Explosive,Object_28898
Explosive,Object_28143
Flammable,Object_04734
Explosive,Object_15287
Corrosive,Object_27753
Corrosive,Object_18612
Explosive,Object_15569
Explosive,Object_11992
Oxidizing,Object_04896
Radioactive,Object_26521
Food,Object_17459
Radioactive,Object_13283
Oxidizing,Object_18812
Flammable,Object_23954
Flammable,Object_15318
Corrosive,Object_06950
Corrosive,Object_23656
Radioactive,Object_03572
Toxic,Object_27191
Oxidizing,Object_07490
Pressurized,Object_21032
Flammable,Object_06821
Explosive,Object_19868
Radioactive,Object_20333
Pressurized,Object_18425
Flammable,Object_06890
Unspecified,Object_23486
Toxic,Object_22423
Unspecified,Object_28080
Food,Object_06640
Fragile,Object_18990
Unspecified,Object_02560
Unspecified,Object_28891
Unspecified,Object_06699
Oxidizing,Object_11703
Fragile,Object_30287
Radioactive,Object_27295
Flammable,Object_23121
Unspecified,Object_05287
Food,Object_25263
Oxidizing,Object_26050
Corrosive,Object_17162
Pressurized,Object_16118
Explosive,Object_09075
Explosive,Object_15603
Flammable,Object_18509
Toxic,Object_04291
Oxidizing,Object_03934
Toxic,Object_17471
Oxidizing,Object_26180
Explosive,Object_27871
Pressurized,Object_11682
Unspecified,Object_15014
Explosive,Object_30151
Oxidizing,Object_05281
Pressurized,Object_07510
Toxic,Object_07341
Oxidizing,Object_18421
Food,Object_02209
Oxidizing,Object_00618
Flammable,Object_21996
Toxic,Object_29755
Corrosive,Object_16387
Toxic,Object_11228
Fragile,Object_14271
Flammable,Object_24943
Food,Object_10580
Food,Object_00232
Flammable,Object_19844
Radioactive,Object_08076
Unspecified,Object_07547
Fragile,Object_18729
Fragile,Object_14296
Flammable,Object_03414
Unspecified,Object_00547
Toxic,Object_15054
Corrosive,Object_17539
Unspecified,Object_28359
Corrosive,Object_09261
Radioactive,Object_14896
Pressurized,Object_22348
Oxidizing,Object_20129
Toxic,Object_02245
Corrosive,Object_02646
Toxic,Object_05336
Fragile,Object_28873
Pressurized,Object_16998
Explosive,Object_22670
Unspecified,Object_11084
Corrosive,Object_05841
Toxic,Object_04306
Explosive,Object_15697
Radioactive,Object_18999
Unspecified,Object_10278
Flammable,Object_00879
Oxidizing,Object_12244
Corrosive,Object_20935
Food,Object_02385
Fragile,Object_18913
Explosive,Object_09815
Toxic,Object_05371
Explosive,Object_18296
Unspecified,Object_29677
Toxic,Object_06679
Unspecified,Object_19710
Fragile,Object_23328
Food,Object_27514
Pressurized,Object_16239
Toxic,Object_25724
Pressurized,Object_23529
Unspecified,Object_29918
Pressurized,Object_13331
Explosive,Object_26113
Radioactive,Object_11164
Flammable,Object_16949
Unspecified,Object_26818
Radioactive,Object_09780
Food,Object_11715
Oxidizing,Object_09330
Radioactive,Object_10289
Flammable,Object_03983
Food,Object_21424
Radioactive,Object_14175
Corrosive,Object_17776
Fragile,Object_08638
Radioactive,Object_24657
Food,Object_02889
Toxic,Object_10954
Food,Object_02243
Flammable,Object_03646
Explosive,Object_18576
Pressurized,Object_05184
Oxidizing,Object_28437
Unspecified,Object_28965
Corrosive,Object_14803
Pressurized,Object_08016
Pressurized,Object_23048
Fragile,Object_22549
Radioactive,Object_07850
Pressurized,Object_12786
Flammable,Object_05605
Unspecified,Object_00261
Flammable,Object_05135
Explosive,Object_25442
Explosive,Object_02803
Unspecified,Object_21754
Flammable,Object_08909
Food,Object_17816
Oxidizing,Object_22875
Food,Object_28883
Pressurized,Object_15038
Unspecified,Object_16126
Explosive,Object_00325
Flammable,Object_18540
Explosive,Object_17351
Radioactive,Object_22303
Corrosive,Object_18656
Oxidizing,Object_03343
Corrosive,Object_23115
Flammable,Object_05645
Unspecified,Object_24651
Toxic,Object_16155
Food,Object_24843
Fragile,Object_09762
Corrosive,Object_01737
Oxidizing,Object_19142
Corrosive,Object_18582
Food,Object_10576
Toxic,Object_19608
Fragile,Object_05670
Explosive,Object_01528
Flammable,Object_06368
Pressurized,Object_17800
Food,Object_08109
Toxic,Object_28500
Oxidizing,Object_25010
Unspecified,Object_24077
Unspecified,Object_23144
Fragile,Object_16098
Corrosive,Object_02993
Oxidizing,Object_21120
Toxic,Object_19175
Pressurized,Object_02169
Explosive,Object_10411
Pressurized,Object_13993
Food,Object_02530
Unspecified,Object_11260
Explosive,Object_19671
Oxidizing,Object_26627
Food,Object_02976
Unspecified,Object_25829
Unspecified,Object_21696
Fragile,Object_08906
Radioactive,Object_21195
Unspecified,Object_24527
Corrosive,Object_05044
Fragile,Object_25449
Radioactive,Object_03012
Oxidizing,Object_12614
Radioactive,Object_19616
Pressurized,Object_06590
Pressurized,Object_16886
Fragile,Object_06257
Explosive,Object_06967
Toxic,Object_03886
Radioactive,Object_23385
Toxic,Object_15864
Oxidizing,Object_00875
Explosive,Object_29024
Oxidizing,Object_11984
Toxic,Object_09841
Radioactive,Object_08226
Unspecified,Object_30349
Unspecified,Object_25523
Flammable,Object_24021
Toxic,Object_24231
Explosive,Object_10337
Toxic,Object_02367
Radioactive,Object_14209
Oxidizing,Object_10400
Unspecified,Object_23840
Toxic,Object_10452
Unspecified,Object_12223
Fragile,Object_24702
Pressurized,Object_27535
Fragile,Object_29855
Pressurized,Object_12327
Toxic,Object_09721
Pressurized,Object_28734
Oxidizing,Object_15381
Fragile,Object_18972
Unspecified,Object_06681
Unspecified,Object_16817
Flammable,Object_29310
Unspecified,Object_30251
Oxidizing,Object_03171
Toxic,Object_27047
Oxidizing,Object_27477
Flammable,Object_15543
Toxic,Object_24212
Flammable,Object_12919
Pressurized,Object_00701
Corrosive,Object_26725
Food,Object_27964
Radioactive,Object_04235
Oxidizing,Object_02636
Toxic,Object_13013
Flammable,Object_08864
Corrosive,Object_01691
Oxidizing,Object_13988
Fragile,Object_16645
Fragile,Object_20082
Radioactive,Object_02486
Unspecified,Object_04789
Oxidizing,Object_16763
Pressurized,Object_23985
Pressurized,Object_19123
Radioactive,Object_02345
Toxic,Object_13407
Corrosive,Object_16552
Food,Object_13451
Oxidizing,Object_19806
Toxic,Object_02669
Flammable,Object_00077
Radioactive,Object_28000
Unspecified,Object_29890
Unspecified,Object_10877
Food,Object_11246
Corrosive,Object_06629
Corrosive,Object_25669
Explosive,Object_05239
Explosive,Object_16578
Toxic,Object_03194
Flammable,Object_11974
Fragile,Object_19520
Toxic,Object_24518
Explosive,Object_21878
Explosive,Object_23566
Radioactive,Object_16432
Explosive,Object_29602
Flammable,Object_11314
Corrosive,Object_25079
Pressurized,Object_29094
Food,Object_09311
Toxic,Object_02929
Radioactive,Object_29850
Oxidizing,Object_07282
Radioactive,Object_20270
Food,Object_08927
Flammable,Object_30035
Pressurized,Object_29426
Radioactive,Object_03528
Fragile,Object_08354
Toxic,Object_25214
Unspecified,Object_10538
Radioactive,Object_02433
Toxic,Object_13974
Corrosive,Object_13032
Unspecified,Object_13452
Oxidizing,Object_20048
Corrosive,Object_24706
Food,Object_21627
Oxidizing,Object_28235
Corrosive,Object_27382
Radioactive,Object_10793
Fragile,Object_15826
Flammable,Object_11028
Unspecified,Object_07704
Explosive,Object_29368
Fragile,Object_12492
Toxic,Object_10271
Unspecified,Object_18325
Unspecified,Object_20891
Flammable,Object_29001
Explosive,Object_19277
Fragile,Object_05954
Unspecified,Object_14372
Oxidizing,Object_11864
Food,Object_19401
Oxidizing,Object_25192
Toxic,Object_24944
Toxic,Object_17158
Fragile,Object_07937
Food,Object_16854
Fragile,Object_08335
Corrosive,Object_01424
Food,Object_28415
Food,Object_05984
Food,Object_22881
Pressurized,Object_07855
Corrosive,Object_23351
Radioactive,Object_22225
Toxic,Object_26713
Explosive,Object_09023
Food,Object_12575
Pressurized,Object_08100
Pressurized,Object_06137
Food,Object_25255
Food,Object_04856
Unspecified,Object_14760
Pressurized,Object_15763
Toxic,Object_04670
Toxic,Object_19588
Explosive,Object_16266
Pressurized,Object_11777
Food,Object_10519
Toxic,Object_00614
Radioactive,Object_00782
Corrosive,Object_13987
Corrosive,Object_28153
Food,Object_02098
Pressurized,Object_04161
Radioactive,Object_15198
Pressurized,Object_13546
Flammable,Object_08790
Unspecified,Object_02422
Unspecified,Object_01073
Toxic,Object_07732
Pressurized,Object_30107
Fragile,Object_02103
Fragile,Object_16649
Flammable,Object_29915
Unspecified,Object_22320
Oxidizing,Object_07160
Toxic,Object_01432
Flammable,Object_01380
Food,Object_22312
Toxic,Object_22272
Corrosive,Object_19964
Oxidizing,Object_06441
Flammable,Object_29243
Corrosive,Object_04313
Unspecified,Object_23258
Food,Object_20492
Food,Object_15354
Toxic,Object_29581
Explosive,Object_12806
Corrosive,Object_20737
Toxic,Object_02879
Oxidizing,Object_11061
Toxic,Object_09991
Explosive,Object_04253
Flammable,Object_15640
Oxidizing,Object_11298
Explosive,Object_04395
Toxic,Object_03739
Corrosive,Object_24178
Radioactive,Object_11342
Pressurized,Object_15661
Fragile,Object_10996
Food,Object_19200
Fragile,Object_10040
Radioactive,Object_20593
Corrosive,Object_16268
Pressurized,Object_03298
Radioactive,Object_28674
Corrosive,Object_23586
Oxidizing,Object_26298
Corrosive,Object_00960
Explosive,Object_01742
Fragile,Object_26006
Corrosive,Object_29640
Pressurized,Object_02618
Flammable,Object_02558
Pressurized,Object_27389
Unspecified,Object_18611
Corrosive,Object_24404
Corrosive,Object_13353
Fragile,Object_14017
Oxidizing,Object_17097
Pressurized,Object_01743
Explosive,Object_04340
Flammable,Object_23295
Flammable,Object_25952
Oxidizing,Object_22413
Pressurized,Object_30238
Food,Object_10925
Unspecified,Object_05018
Toxic,Object_25759
Explosive,Object_04349
Fragile,Object_02930
Fragile,Object_19140
Fragile,Object_21972
Pressurized,Object_08408
Explosive,Object_19395
Unspecified,Object_16403
Oxidizing,Object_09593
Pressurized,Object_27310
Fragile,Object_29193
Radioactive,Object_18487
Explosive,Object_29762
Radioactive,Object_15658
Flammable,Object_04650
Pressurized,Object_03901
Toxic,Object_30040
Oxidizing,Object_07406
Corrosive,Object_03143
Fragile,Object_07144
Unspecified,Object_18303
Radioactive,Object_14735
Radioactive,Object_15346
Corrosive,Object_14862
Radioactive,Object_09803
Food,Object_06969
Toxic,Object_24758
Unspecified,Object_27796
Toxic,Object_09320
Explosive,Object_21336
Food,Object_25353
Unspecified,Object_12999
Food,Object_05397
Fragile,Object_20372
Radioactive,Object_00031
Explosive,Object_12892
Unspecified,Object_29533
Explosive,Object_01892
Corrosive,Object_11842
Oxidizing,Object_10661
Flammable,Object_23259
Explosive,Object_18911
Toxic,Object_19324
Unspecified,Object_13923
Oxidizing,Object_05612
Food,Object_11064
Oxidizing,Object_10774
Toxic,Object_27437
Explosive,Object_23852
Explosive,Object_08063
Explosive,Object_19319
Oxidizing,Object_07822
Toxic,Object_07397
Flammable,Object_16522
Corrosive,Object_06041
Pressurized,Object_00528
Corrosive,Object_00901
Unspecified,Object_10328
Food,Object_24696
Corrosive,Object_20516
Unspecified,Object_08310
Flammable,Object_11876
Flammable,Object_14615
Unspecified,Object_28884
Food,Object_01509
Food,Object_15528
Toxic,Object_19338
Oxidizing,Object_03819
Fragile,Object_08824
Unspecified,Object_02909
Corrosive,Object_00544
Radioactive,Object_19561
Explosive,Object_20005
Flammable,Object_28848
Explosive,Object_03933
Explosive,Object_20590
Toxic,Object_19572
Food,Object_21606
Food,Object_15768
Fragile,Object_01409
Pressurized,Object_09054
Fragile,Object_28436
Radioactive,Object_02145
Pressurized,Object_02603
Unspecified,Object_20836
Toxic,Object_05915
Toxic,Object_12347
Corrosive,Object_14962
Flammable,Object_19846
Explosive,Object_04883
Corrosive,Object_13730
Radioactive,Object_24637
Explosive,Object_03380
Pressurized,Object_18818
Unspecified,Object_28534
Explosive,Object_00787
Oxidizing,Object_14139
Explosive,Object_29494
Food,Object_09785
Corrosive,Object_18942
Corrosive,Object_29629
Oxidizing,Object_20248
Explosive,Object_15120
Explosive,Object_15166
Pressurized,Object_29139
Unspecified,Object_24080
Unspecified,Object_22668
Fragile,Object_05334
Flammable,Object_06570
Explosive,Object_26941
Oxidizing,Object_16937
Explosive,Object_03722
Food,Object_26361
Flammable,Object_03891
Flammable,Object_11551
Pressurized,Object_25422
Unspecified,Object_23349
Flammable,Object_16267
Corrosive,Object_25148
Food,Object_05472
Food,Object_20670
Corrosive,Object_03485
Explosive,Object_01017
Unspecified,Object_08605
Toxic,Object_19260
Corrosive,Object_30192
Corrosive,Object_07910
Pressurized,Object_10072
Food,Object_27129
Flammable,Object_07503
Food,Object_08541
Corrosive,Object_10089
Pressurized,Object_16877
Unspecified,Object_09724
Unspecified,Object_28226
Oxidizing,Object_06877
Food,Object_19318
Fragile,Object_00550
Unspecified,Object_10893
Unspecified,Object_01065
Unspecified,Object_23282
Radioactive,Object_12177
Radioactive,Object_00033
Toxic,Object_19984
Toxic,Object_28141
Fragile,Object_19741
Corrosive,Object_20819
Radioactive,Object_01516
Unspecified,Object_05342
Flammable,Object_29121
Radioactive,Object_01478
Unspecified,Object_03278
Flammable,Object_05387
Unspecified,Object_06685
Radioactive,Object_29570
Explosive,Object_17941
Food,Object_28869
Food,Object_14825
Unspecified,Object_28843
Corrosive,Object_18245
Fragile,Object_07764
Pressurized,Object_01021
Radioactive,Object_22155
Flammable,Object_25244
Flammable,Object_21197
Flammable,Object_17859
Explosive,Object_03699
Corrosive,Object_10360
Toxic,Object_24858
Food,Object_08765
Corrosive,Object_08275
Radioactive,Object_15612
Explosive,Object_28934
Radioactive,Object_11441
Pressurized,Object_08582
Radioactive,Object_29507
Pressurized,Object_23382
Explosive,Object_16117
Flammable,Object_26336
Corrosive,Object_24040
Flammable,Object_01859
Flammable,Object_04123
Flammable,Object_08066
Food,Object_27655
Toxic,Object_10882
Flammable,Object_25039
Toxic,Object_13209
Radioactive,Object_14561
Food,Object_06767
Flammable,Object_06178
Oxidizing,Object_15548
Pressurized,Object_27795
Flammable,Object_09774
Food,Object_26416
Pressurized,Object_26350
Oxidizing,Object_03598
Corrosive,Object_20345
Explosive,Object_23865
Radioactive,Object_25694
Explosive,Object_01211
Explosive,Object_06765
Radioactive,Object_18339
Toxic,Object_21784
Pressurized,Object_19702
Unspecified,Object_12925
Fragile,Object_00534
Pressurized,Object_09307
Fragile,Object_18494
Food,Object_04316
Toxic,Object_10031
Oxidizing,Object_18759
Unspecified,Object_07904
Explosive,Object_28810
Corrosive,Object_16982
Oxidizing,Object_01555
Food,Object_07825
Pressurized,Object_04723
Pressurized,Object_15071
Corrosive,Object_21690
Unspecified,Object_29028
Unspecified,Object_04052
Unspecified,Object_07871
Oxidizing,Object_10754
Oxidizing,Object_20858
Toxic,Object_09973
Unspecified,Object_05610
Unspecified,Object_28199
Pressurized,Object_29694
Explosive,Object_18332
Pressurized,Object_18816
Toxic,Object_11213
Flammable,Object_28418
Radioactive,Object_22678
Corrosive,Object_07494
Corrosive,Object_26506
Radioactive,Object_25851
Corrosive,Object_29303
Oxidizing,Object_08132
Flammable,Object_26181
Toxic,Object_17620
Explosive,Object_07548
Pressurized,Object_27501
Unspecified,Object_00646
Oxidizing,Object_01445
Fragile,Object_29497
Oxidizing,Object_24709
Unspecified,Object_15423
Fragile,Object_19803
Unspecified,Object_06487
Radioactive,Object_09133
Explosive,Object_12558
Oxidizing,Object_28880
Radioactive,Object_27345
Corrosive,Object_17052
Explosive,Object_26533
Fragile,Object_04629
Flammable,Object_10153
Explosive,Object_07810
Radioactive,Object_26238
Fragile,Object_11560
Unspecified,Object_03030
Unspecified,Object_11385
Unspecified,Object_08956
Flammable,Object_07799
Radioactive,Object_19685
Radioactive,Object_27878
Explosive,Object_12974
Flammable,Object_29902
Food,Object_23194
Oxidizing,Object_14770
Toxic,Object_14613
Corrosive,Object_14611
Food,Object_00063
Oxidizing,Object_28317
Explosive,Object_06466
Oxidizing,Object_11309
Radioactive,Object_20466
Oxidizing,Object_10941
Pressurized,Object_06274
Explosive,Object_10499
Pressurized,Object_11505
Oxidizing,Object_19571
Flammable,Object_06102
Unspecified,Object_13334
Corrosive,Object_23588
Pressurized,Object_08431
Explosive,Object_25934
Unspecified,Object_16368
Pressurized,Object_00154
Toxic,Object_23291
Pressurized,Object_09660
Radioactive,Object_23896
Food,Object_18548
Oxidizing,Object_02821
Toxic,Object_14996
Oxidizing,Object_23536
Fragile,Object_17434
Flammable,Object_05298
Pressurized,Object_06656
Explosive,Object_14654
Toxic,Object_15898
Radioactive,Object_18347
Pressurized,Object_11310
Toxic,Object_21811
Flammable,Object_12733
Explosive,Object_18794
Oxidizing,Object_03239
Unspecified,Object_22752
Fragile,Object_00940
Unspecified,Object_23503
Fragile,Object_02518
Radioactive,Object_02488
Corrosive,Object_12149
Corrosive,Object_16641
Food,Object_20227
Food,Object_27811
Fragile,Object_25373
Unspecified,Object_14894
Radioactive,Object_09220
Fragile,Object_00449
Explosive,Object_02106
Flammable,Object_00187
Corrosive,Object_01070
Unspecified,Object_12199
Oxidizing,Object_27674
Fragile,Object_25950
Radioactive,Object_14955
Food,Object_28055
Pressurized,Object_23767
Fragile,Object_29305
Unspecified,Object_23028
Fragile,Object_21516
Food,Object_15878
Food,Object_19197
Radioactive,Object_20206
Pressurized,Object_01435
Oxidizing,Object_09038
Oxidizing,Object_07911
Food,Object_10257
Corrosive,Object_11729
Flammable,Object_24765
Toxic,Object_24171
Radioactive,Object_02183
Unspecified,Object_18419
Fragile,Object_06836
Flammable,Object_23552
Oxidizing,Object_29653
Radioactive,Object_08130
Fragile,Object_05766
Fragile,Object_06593
Fragile,Object_24548
Oxidizing,Object_01003
Toxic,Object_18433
Pressurized,Object_25358
Pressurized,Object_01242
Explosive,Object_19854
Flammable,Object_26008
Unspecified,Object_02421
Fragile,Object_16001
Food,Object_03831
Fragile,Object_07132
Radioactive,Object_03305
Unspecified,Object_24856
Radioactive,Object_20137
Unspecified,Object_20807
Pressurized,Object_29309
Fragile,Object_05009
Toxic,Object_30226
Pressurized,Object_06499
Radioactive,Object_09531
Flammable,Object_02305
Oxidizing,Object_06236
Radioactive,Object_03765
Corrosive,Object_06223
Fragile,Object_08535
Flammable,Object_12389
Unspecified,Object_06139
Fragile,Object_03306
Food,Object_12212
Pressurized,Object_09972
Radioactive,Object_21299
Unspecified,Object_21983
Explosive,Object_11446
Fragile,Object_27056
Food,Object_20194
Pressurized,Object_12823
Explosive,Object_15399
Radioactive,Object_12437
Radioactive,Object_05640
Pressurized,Object_24194
Food,Object_04319
Flammable,Object_26944
Corrosive,Object_03526
Corrosive,Object_25230
Unspecified,Object_08983
Toxic,Object_16725
Toxic,Object_24936
Corrosive,Object_06448
Radioactive,Object_15742
Fragile,Object_29446
Pressurized,Object_20409
Food,Object_27210
Pressurized,Object_28191
Pressurized,Object_11750
Flammable,Object_01051
Oxidizing,Object_10299
Corrosive,Object_01417
Fragile,Object_27769
Food,Object_00660
Explosive,Object_24851
Corrosive,Object_24699
Pressurized,Object_27755
Corrosive,Object_17517
Unspecified,Object_29568
Explosive,Object_17446
Fragile,Object_02206
Explosive,Object_00818
Food,Object_15178
Radioactive,Object_10064
Explosive,Object_22981
Food,Object_11532
Oxidizing,Object_18825
Radioactive,Object_03785
Unspecified,Object_26465
Oxidizing,Object_05589
Unspecified,Object_12993
Radioactive,Object_05796
Unspecified,Object_14497
Pressurized,Object_08245
Fragile,Object_02481
Fragile,Object_17918
Explosive,Object_04620
Radioactive,Object_18067
Flammable,Object_18220
Radioactive,Object_17563
Toxic,Object_22133
Oxidizing,Object_08676
Oxidizing,Object_12021
Explosive,Object_24096
Flammable,Object_00998
Pressurized,Object_21027
Radioactive,Object_06200
Explosive,Object_00005
Radioactive,Object_02694
Toxic,Object_04740
Flammable,Object_20869
Toxic,Object_21382
Pressurized,Object_07796
Food,Object_17395
Unspecified,Object_16200
Flammable,Object_29314
Unspecified,Object_03890
Flammable,Object_04047
Radioactive,Object_03354
Unspecified,Object_17987
Oxidizing,Object_20645
Explosive,Object_23974
Explosive,Object_23044
Oxidizing,Object_18114
Oxidizing,Object_02052
Toxic,Object_27461
Food,Object_28390
Radioactive,Object_16726
Explosive,Object_18190
Fragile,Object_27038
Toxic,Object_07588
Oxidizing,Object_13285
Explosive,Object_25018
Toxic,Object_21272
Food,Object_15684
Pressurized,Object_02705
Radioactive,Object_07780
Toxic,Object_05454
Unspecified,Object_07048
Corrosive,Object_14875
Pressurized,Object_08231
Explosive,Object_06472
Fragile,Object_11431
Unspecified,Object_29423
Fragile,Object_12317
Fragile,Object_06004
Explosive,Object_03921
Food,Object_02157
Explosive,Object_10938
Oxidizing,Object_20078
Flammable,Object_20656
Fragile,Object_20122
Pressurized,Object_23966
Pressurized,Object_25948
Radioactive,Object_02051
Flammable,Object_19557
Corrosive,Object_16133
Pressurized,Object_26848
Fragile,Object_22957
Radioactive,Object_01250
Fragile,Object_00045
Radioactive,Object_21244
Radioactive,Object_14463
Toxic,Object_28322
Oxidizing,Object_23873
Explosive,Object_12489
Fragile,Object_16251
Explosive,Object_13305
Pressurized,Object_12206
Food,Object_24685
Fragile,Object_22295
Oxidizing,Object_07848
Pressurized,Object_18507
Unspecified,Object_26256
Corrosive,Object_21269
Corrosive,Object_00156
Corrosive,Object_05084
Corrosive,Object_26511
Unspecified,Object_15293
Explosive,Object_23161
Pressurized,Object_12879
Oxidizing,Object_01757
Unspecified,Object_29880
Toxic,Object_16782
Food,Object_01410
Food,Object_23577
Radioactive,Object_26701
Explosive,Object_29930
Radioactive,Object_08061
Radioactive,Object_12955
Flammable,Object_12654
Pressurized,Object_06708
Food,Object_06220
Explosive,Object_28154
Explosive,Object_28306
Food,Object_11831
Pressurized,Object_03599
Radioactive,Object_12986
Flammable,Object_05353
Flammable,Object_09189
Fragile,Object_26426
Flammable,Object_12393
Explosive,Object_05555
Toxic,Object_03809
Oxidizing,Object_17837
Corrosive,Object_28269
Toxic,Object_13144
Food,Object_14129
Unspecified,Object_19708
Fragile,Object_07584
Explosive,Object_05274
Corrosive,Object_01970
Food,Object_07324
Oxidizing,Object_26727
Toxic,Object_10535
Corrosive,Object_20479
Explosive,Object_26922
Toxic,Object_07059
Fragile,Object_21419
Toxic,Object_11626
Unspecified,Object_27713
Toxic,Object_12627
Corrosive,Object_16008
Flammable,Object_06072
Unspecified,Object_25959
Fragile,Object_27729
Toxic,Object_17187
Food,Object_10431
Food,Object_29706
Unspecified,Object_14993
Fragile,Object_26696
Food,Object_09501
Corrosive,Object_07414
Explosive,Object_13768
Radioactive,Object_18307
Radioactive,Object_23908
Explosive,Object_20427
Explosive,Object_23465
Unspecified,Object_28067
Toxic,Object_08267
Radioactive,Object_05908
Toxic,Object_28021
Toxic,Object_25996
Explosive,Object_02995
Pressurized,Object_12565
Flammable,Object_03525
Flammable,Object_28370
Food,Object_16693
Unspecified,Object_11490
Radioactive,Object_16993
Fragile,Object_23602
Pressurized,Object_02041
Explosive,Object_24496
Flammable,Object_14103
Explosive,Object_28717
Oxidizing,Object_00452
Unspecified,Object_26108
Fragile,Object_29782
Unspecified,Object_23753
Unspecified,Object_02171
Food,Object_20087
Explosive,Object_01271
Flammable,Object_17927
Oxidizing,Object_16738
Corrosive,Object_18979
Radioactive,Object_00524
Pressurized,Object_07340
Pressurized,Object_27094
Fragile,Object_25866
Pressurized,Object_06835
Explosive,Object_28547
Corrosive,Object_08801
Toxic,Object_03296
Food,Object_15706
Flammable,Object_00062
Corrosive,Object_13224
Fragile,Object_17904
Corrosive,Object_28763
Toxic,Object_15117
Radioactive,Object_05665
Radioactive,Object_15526
Radioactive,Object_00381
Pressurized,Object_04990
Fragile,Object_10107
Flammable,Object_06581
Explosive,Object_29879
Food,Object_10786
Flammable,Object_28699
Pressurized,Object_19335
Toxic,Object_04597
Toxic,Object_08951
Corrosive,Object_28277
Radioactive,Object_11884
Oxidizing,Object_17586
Corrosive,Object_00150
Fragile,Object_05162
Pressurized,Object_21391
Flammable,Object_05120
Flammable,Object_25276
Toxic,Object_00255
Corrosive,Object_29379
Fragile,Object_25075
Food,Object_17016
Oxidizing,Object_28566
Oxidizing,Object_02006
Flammable,Object_03263
Explosive,Object_28328
Unspecified,Object_07726
Oxidizing,Object_10043
Oxidizing,Object_29085
Flammable,Object_21432
Corrosive,Object_07242
Toxic,Object_13009
Oxidizing,Object_27992
Radioactive,Object_03818
Food,Object_24267
Pressurized,Object_00698
Explosive,Object_25879
Toxic,Object_00808
Toxic,Object_10198
Food,Object_23595
Corrosive,Object_09830
Corrosive,Object_20390
Pressurized,Object_19774
Food,Object_26548
Fragile,Object_07881
Radioactive,Object_21582
Pressurized,Object_08514
Toxic,Object_00095
Corrosive,Object_29227
Flammable,Object_01252
Oxidizing,Object_11887
Radioactive,Object_20722
Oxidizing,Object_17981
Flammable,Object_29389
Pressurized,Object_00054
Flammable,Object_11300
Pressurized,Object_23269
Pressurized,Object_07535
Radioactive,Object_10732
Radioactive,Object_18707
Unspecified,Object_19364
Toxic,Object_06377
Corrosive,Object_27619
Oxidizing,Object_15700
Fragile,Object_10017
Radioactive,Object_21192
Oxidizing,Object_07220
Oxidizing,Object_05231
Corrosive,Object_02906
Radioactive,Object_10745
Fragile,Object_14411
Toxic,Object_03932
Food,Object_25968
Food,Object_02853
Fragile,Object_16195
Pressurized,Object_24798
Explosive,Object_16114
Pressurized,Object_29288
Flammable,Object_24947
Unspecified,Object_26611
Food,Object_24811
Radioactive,Object_23689
Food,Object_09011
Fragile,Object_09053
Explosive,Object_24473
Radioactive,Object_13821
Pressurized,Object_20526
Fragile,Object_04424
Flammable,Object_25170
Explosive,Object_25283
Oxidizing,Object_03930
Radioactive,Object_16246
Flammable,Object_15467
Explosive,Object_12415
Flammable,Object_26263
Food,Object_07808
Toxic,Object_03199
Explosive,Object_07152
Explosive,Object_20379
Food,Object_23220
Toxic,Object_17130
Flammable,Object_21964
Corrosive,Object_12400
Unspecified,Object_08867
Unspecified,Object_22534
Corrosive,Object_04621
Flammable,Object_29079
Fragile,Object_04770
Toxic,Object_18571
Explosive,Object_27247
Corrosive,Object_20114
Pressurized,Object_29580
Unspecified,Object_14795
Flammable,Object_26525
Pressurized,Object_09603
Flammable,Object_01721
Pressurized,Object_19176
Pressurized,Object_27062
Explosive,Object_12449
Radioactive,Object_14707
Pressurized,Object_26325
Flammable,Object_18723
Food,Object_04662
Toxic,Object_20487
Radioactive,Object_11377
Corrosive,Object_24965
Toxic,Object_12243
Pressurized,Object_21452
Fragile,Object_17731
Unspecified,Object_18515
Explosive,Object_21939
Corrosive,Object_08948
Corrosive,Object_28435
Explosive,Object_15963
Oxidizing,Object_23103
Corrosive,Object_00446
Pressurized,Object_22659
Toxic,Object_24533
Fragile,Object_28694
Food,Object_05052
Fragile,Object_21729
Toxic,Object_11161
Radioactive,Object_12568
Oxidizing,Object_15784
Radioactive,Object_01097
Explosive,Object_24198
Oxidizing,Object_08257
Corrosive,Object_20537
Food,Object_29398
Toxic,Object_17213
Food,Object_10511
Oxidizing,Object_18445
Fragile,Object_09752
Food,Object_18014
Pressurized,Object_08747
Pressurized,Object_00412
Flammable,Object_22199
Toxic,Object_05798
Food,Object_22431
Radioactive,Object_03549
Toxic,Object_11602
Pressurized,Object_06904
Unspecified,Object_25476
Explosive,Object_06138
Corrosive,Object_05389
Corrosive,Object_14711
Explosive,Object_07463
Flammable,Object_17552
Pressurized,Object_09738
Explosive,Object_00262
Unspecified,Object_17704
Oxidizing,Object_27441
Flammable,Object_09288
Food,Object_20402
Flammable,Object_01662
Pressurized,Object_26602
Unspecified,Object_04157
Flammable,Object_09912
Oxidizing,Object_12927
Radioactive,Object_28208
Toxic,Object_11675
Flammable,Object_14526
Toxic,Object_12771
Corrosive,Object_09793
Flammable,Object_12691
Explosive,Object_18927
Flammable,Object_08036
Radioactive,Object_17017
Radioactive,Object_00878
Food,Object_21393
Explosive,Object_21097
Unspecified,Object_30255
Flammable,Object_28595
Flammable,Object_15284
Corrosive,Object_06602
Radioactive,Object_23857
Pressurized,Object_07620
Food,Object_18108
Toxic,Object_26443
Corrosive,Object_08874
Toxic,Object_30123
Radioactive,Object_00018
Oxidizing,Object_12067
Fragile,Object_09671
Flammable,Object_00051
Food,Object_27710
Food,Object_26946
Toxic,Object_09214
Toxic,Object_13303
Flammable,Object_10111
Oxidizing,Object_18413
Radioactive,Object_00585
Fragile,Object_11850
Explosive,Object_22114
Unspecified,Object_21313
Toxic,Object_05747
Food,Object_11139
Radioactive,Object_11427
Unspecified,Object_18786
Fragile,Object_21207
Radioactive,Object_01711
Explosive,Object_25738
Food,Object_13564
Oxidizing,Object_01497
Corrosive,Object_08700
Explosive,Object_18115
Toxic,Object_15116
Oxidizing,Object_07056
Toxic,Object_22601
Food,Object_23306
Toxic,Object_12872
Unspecified,Object_18661
Oxidizing,Object_26081
Corrosive,Object_26599
Fragile,Object_24059
Food,Object_20207
Flammable,Object_11917
Oxidizing,Object_18935
Toxic,Object_29333
Fragile,Object_20748
Fragile,Object_19365
Fragile,Object_05769
Radioactive,Object_10603
Radioactive,Object_00791
Flammable,Object_25698
Unspecified,Object_03527
Corrosive,Object_24711
Flammable,Object_04806
Radioactive,Object_04960
Oxidizing,Object_02524
Food,Object_00442
Oxidizing,Object_08391
Radioactive,Object_09026
Corrosive,Object_04032
Pressurized,Object_22394
Radioactive,Object_28746
Toxic,Object_22986
Corrosive,Object_02360
Pressurized,Object_23678
Radioactive,Object_17725
Explosive,Object_11707
Corrosive,Object_08313
Flammable,Object_13820
Toxic,Object_19462
Explosive,Object_03438
Radioactive,Object_10106
Toxic,Object_24583
Corrosive,Object_03965
Toxic,Object_09009
Food,Object_17777
Radioactive,Object_19079
Oxidizing,Object_12828
Toxic,Object_18333
Pressurized,Object_04994
Toxic,Object_07369
Explosive,Object_26515
Flammable,Object_27112
Pressurized,Object_15997
Explosive,Object_19883
Toxic,Object_07299
Flammable,Object_24914
Flammable,Object_03085
Fragile,Object_09008
Fragile,Object_30353
Oxidizing,Object_13811
Explosive,Object_02329
Explosive,Object_07653
Radioactive,Object_22187
Oxidizing,Object_26695
Pressurized,Object_03585
Explosive,Object_17334
Toxic,Object_07683
Food,Object_03420
Pressurized,Object_19057
Corrosive,Object_24663
Food,Object_19858
Oxidizing,Object_05806
Radioactive,Object_16623
Flammable,Object_09467
Pressurized,Object_19436
Radioactive,Object_16534
Pressurized,Object_24650
Toxic,Object_00566
Radioactive,Object_03687
Radioactive,Object_03857
Unspecified,Object_03894
Corrosive,Object_25771
Flammable,Object_21748
Explosive,Object_23130
Pressurized,Object_08195
Explosive,Object_26492
Food,Object_05656
Flammable,Object_16984
Oxidizing,Object_27601
Toxic,Object_29998
Unspecified,Object_17029
Radioactive,Object_25687
Pressurized,Object_04282
Explosive,Object_17676
Radioactive,Object_00419
Oxidizing,Object_16855
Unspecified,Object_29875
Corrosive,Object_20115
Oxidizing,Object_22578
Food,Object_21946
Flammable,Object_08691
Toxic,Object_02908
Food,Object_14581
Unspecified,Object_03378
Explosive,Object_00356
Corrosive,Object_22537
Pressurized,Object_02912
Food,Object_08103
Oxidizing,Object_09788
Toxic,Object_18823
Toxic,Object_03797
Corrosive,Object_13619
Flammable,Object_10227
Toxic,Object_29665
Pressurized,Object_12292
Fragile,Object_08157
Explosive,Object_26213
Flammable,Object_00735
Flammable,Object_08179
Food,Object_05697
Radioactive,Object_14857
Pressurized,Object_29057
Fragile,Object_05093
Pressurized,Object_01899
Pressurized,Object_04817
Fragile,Object_24927
Pressurized,Object_25506
Fragile,Object_10909
Fragile,Object_21256
Toxic,Object_21443
Radioactive,Object_25756
Food,Object_25315
Flammable,Object_28897
Fragile,Object_02062
Corrosive,Object_12703
Oxidizing,Object_08143
Fragile,Object_06443
Unspecified,Object_00668
Pressurized,Object_21052
Oxidizing,Object_25591
Explosive,Object_15735
Oxidizing,Object_00634
Unspecified,Object_07375
Flammable,Object_21292
Radioactive,Object_05392
Corrosive,Object_28139
Corrosive,Object_11835
Flammable,Object_02942
Fragile,Object_00092
Toxic,Object_19946
Unspecified,Object_15067
Oxidizing,Object_05938
Food,Object_22596
Oxidizing,Object_04438
Radioactive,Object_29829
Oxidizing,Object_11321
Flammable,Object_17343
Oxidizing,Object_24665
Explosive,Object_08293
Fragile,Object_21349
Oxidizing,Object_14329
Unspecified,Object_00705
Flammable,Object_06885
Fragile,Object_10187
Toxic,Object_07997
Toxic,Object_10169
Unspecified,Object_16040
Flammable,Object_02604
Pressurized,Object_19095
Radioactive,Object_11438
Toxic,Object_18884
Pressurized,Object_17641
Corrosive,Object_03612
Unspecified,Object_18135
Food,Object_10002
Toxic,Object_17757
Oxidizing,Object_22306
Explosive,Object_06701
Pressurized,Object_22615
Oxidizing,Object_06624
Explosive,Object_21912
Unspecified,Object_01474
Fragile,Object_10532
Food,Object_27119
Pressurized,Object_04561
Oxidizing,Object_01162
Explosive,Object_05900
Corrosive,Object_18032
Fragile,Object_01490
Unspecified,Object_11580
Fragile,Object_11334
Oxidizing,Object_03118
Pressurized,Object_00780
Flammable,Object_22238
Corrosive,Object_04269
Radioactive,Object_12144
Flammable,Object_17751
Explosive,Object_05331
Unspecified,Object_23319
Food,Object_23986
Fragile,Object_26497
Corrosive,Object_09272
Pressurized,Object_14086
Toxic,Object_01274
Toxic,Object_11989
Corrosive,Object_18028
Oxidizing,Object_17344
Explosive,Object_21275
Food,Object_04927
Unspecified,Object_28166
Unspecified,Object_17427
Oxidizing,Object_01725
Food,Object_21719
Pressurized,Object_16104
Food,Object_02208
Radioactive,Object_10593
Pressurized,Object_05262
Fragile,Object_15111
Flammable,Object_12674
Corrosive,Object_04214
Explosive,Object_03968
Oxidizing,Object_07755
Toxic,Object_19105
Oxidizing,Object_26750
Oxidizing,Object_17144
Corrosive,Object_12643
Flammable,Object_26571
Flammable,Object_10209
Explosive,Object_24833
Pressurized,Object_02515
Oxidizing,Object_16972
Food,Object_12047
Pressurized,Object_18370
Fragile,Object_12050
Fragile,Object_05840
Toxic,Object_29465
Flammable,Object_14880
Fragile,Object_09145
Flammable,Object_21520
Corrosive,Object_07444
Toxic,Object_06524
Unspecified,Object_15562
Corrosive,Object_01994
Radioactive,Object_08406
Explosive,Object_19927
Unspecified,Object_27775
Fragile,Object_22542
Fragile,Object_05693
Corrosive,Object_18803
Corrosive,Object_27767
Unspecified,Object_04100
Food,Object_15563
Flammable,Object_06359
Pressurized,Object_17269
Pressurized,Object_10130
Fragile,Object_10976
Radioactive,Object_05370
Explosive,Object_07269
Corrosive,Object_09712
Fragile,Object_23568
Explosive,Object_13423
Explosive,Object_00570
Pressurized,Object_00936
Fragile,Object_15057
Radioactive,Object_10727
Toxic,Object_07206
Toxic,Object_25654
Toxic,Object_29383
Fragile,Object_22040
Food,Object_28808
Fragile,Object_21231
Fragile,Object_11008
Corrosive,Object_06417
Pressurized,Object_28977
Flammable,Object_11600
Corrosive,Object_30182
Fragile,Object_12739
Food,Object_22561
Food,Object_05363
Oxidizing,Object_00576
Toxic,Object_04905
Toxic,Object_20614
Radioactive,Object_12252
Fragile,Object_19522
Food,Object_19723
Flammable,Object_19368
Flammable,Object_11324
Pressurized,Object_24646
Fragile,Object_15967
Pressurized,Object_20815
Corrosive,Object_29277
Fragile,Object_10467
Oxidizing,Object_17419
Explosive,Object_15920
Oxidizing,Object_20723
Corrosive,Object_01959
Explosive,Object_18056
Toxic,Object_08059
Oxidizing,Object_30027
Radioactive,Object_22927
Unspecified,Object_04666
Radioactive,Object_25484
Flammable,Object_19640
Unspecified,Object_11279
Pressurized,Object_18429
Oxidizing,Object_08452
Flammable,Object_27311
Oxidizing,Object_12545
Pressurized,Object_22709
Pressurized,Object_17189
Corrosive,Object_28615
Food,Object_21839
Fragile,Object_12046
Pressurized,Object_28249
Pressurized,Object_10366
Flammable,Object_13893
Flammable,Object_30105
Flammable,Object_03969
Pressurized,Object_21746
Explosive,Object_25256
Radioactive,Object_27137
Pressurized,Object_17589
Toxic,Object_21222
Radioactive,Object_23125
Flammable,Object_13116
Explosive,Object_11817
Radioactive,Object_18352
Flammable,Object_10997
Pressurized,Object_19434
Toxic,Object_29221
Oxidizing,Object_10602
Toxic,Object_28040
Unspecified,Object_28511
Oxidizing,Object_01786
Explosive,Object_16356
Flammable,Object_06903
Pressurized,Object_08348
Food,Object_21218
Pressurized,Object_22682
Fragile,Object_12158
Food,Object_11518
Pressurized,Object_00663
Radioactive,Object_17354
Explosive,Object_00631
Oxidizing,Object_06616
Unspecified,Object_11722
Unspecified,Object_18646
Flammable,Object_25215
Radioactive,Object_09081
Explosive,Object_03149
Flammable,Object_02177
Pressurized,Object_20536
Explosive,Object_27544
Radioactive,Object_12372
Radioactive,Object_01288
Corrosive,Object_26706
Toxic,Object_21024
Pressurized,Object_18870
Corrosive,Object_29419
Fragile,Object_08456
Flammable,Object_05574
Flammable,Object_29285
Toxic,Object_18131
Flammable,Object_06911
Flammable,Object_22600
Food,Object_15790
Fragile,Object_18955
Oxidizing,Object_29792
Food,Object_19528
Radioactive,Object_06769
Toxic,Object_13465
Unspecified,Object_21529
Flammable,Object_22861
Oxidizing,Object_04793
Fragile,Object_07830
Flammable,Object_06778
Flammable,Object_18826
Oxidizing,Object_26362
Radioactive,Object_21994
Unspecified,Object_06737
Food,Object_24551
Explosive,Object_02497
Fragile,Object_25440
Pressurized,Object_23615
Oxidizing,Object_28540
Fragile,Object_12122
Pressurized,Object_18544
Flammable,Object_01044
Radioactive,Object_24319
Food,Object_26303
Flammable,Object_05651
Fragile,Object_27318
Corrosive,Object_02411
Unspecified,Object_04892
Food,Object_15217
Food,Object_13346
Toxic,Object_25124
Toxic,Object_04466
Radioactive,Object_02060
Flammable,Object_27792
Food,Object_08831
Flammable,Object_27207
Corrosive,Object_08357
Flammable,Object_29505
Fragile,Object_09601
Corrosive,Object_24349
Toxic,Object_06370
Explosive,Object_23017
Corrosive,Object_22715
Explosive,Object_19291
Explosive,Object_04382
Corrosive,Object_28094
Fragile,Object_22623
Explosive,Object_10595
Oxidizing,Object_07766
Radioactive,Object_00860
Food,Object_12766
Pressurized,Object_06584
Food,Object_06152
Pressurized,Object_09278
Unspecified,Object_01027
Fragile,Object_24782
Radioactive,Object_13542
Fragile,Object_03294
Pressurized,Object_17536
Pressurized,Object_02981
Food,Object_05054
Food,Object_13191
Oxidizing,Object_13025
Oxidizing,Object_24813
Food,Object_00126
Oxidizing,Object_13027
Corrosive,Object_14695
Toxic,Object_19679
Food,Object_13051
Unspecified,Object_06249
Fragile,Object_19682
Oxidizing,Object_01887
Food,Object_22355
Food,Object_22401
Flammable,Object_27284
Fragile,Object_18854
Corrosive,Object_20265
Radioactive,Object_22466
Radioactive,Object_04387
Pressurized,Object_20302
Oxidizing,Object_20940
Pressurized,Object_11921
Fragile,Object_13361
Fragile,Object_03289
Radioactive,Object_24100
Radioactive,Object_22468
Pressurized,Object_06661
Food,Object_10959
Unspecified,Object_12455
Fragile,Object_07371
Toxic,Object_03108
Corrosive,Object_04181
Food,Object_13415
Pressurized,Object_20364
Food,Object_09381
Oxidizing,Object_13839
Radioactive,Object_20452
Fragile,Object_03452
Food,Object_06855
Corrosive,Object_27275
Corrosive,Object_11439
Fragile,Object_23860
Pressurized,Object_06160
Explosive,Object_06783
Explosive,Object_01595
Fragile,Object_25512
Food,Object_21285
Oxidizing,Object_09713
Toxic,Object_04352
Fragile,Object_16874
Oxidizing,Object_27099
Food,Object_20303
Corrosive,Object_29432
Food,Object_11388
Unspecified,Object_28917
Food,Object_18462
Pressurized,Object_00259
Pressurized,Object_30191
Food,Object_16291
Radioactive,Object_09222
Corrosive,Object_10217
Explosive,Object_18766
Pressurized,Object_02764
Oxidizing,Object_15863
Flammable,Object_01627
Radioactive,Object_28006
Flammable,Object_14771
Corrosive,Object_12490
Unspecified,Object_10703
Food,Object_26948
Fragile,Object_13700
Explosive,Object_15624
Fragile,Object_00166
Radioactive,Object_14194
Explosive,Object_18520
Radioactive,Object_29716
Food,Object_28844
Radioactive,Object_08051
Fragile,Object_21341
Pressurized,Object_09583
Oxidizing,Object_21345
Toxic,Object_07232
Explosive,Object_04178
Pressurized,Object_29676
Fragile,Object_20185
Pressurized,Object_01879
Food,Object_17724
Fragile,Object_14141
Explosive,Object_25835
Pressurized,Object_21000
Corrosive,Object_01639
Food,Object_27343
Unspecified,Object_17986
Pressurized,Object_18377
Oxidizing,Object_00266
Food,Object_12439
Explosive,Object_07563
Corrosive,Object_23895
Explosive,Object_25731
Oxidizing,Object_20393
Flammable,Object_06865
Unspecified,Object_18472
Toxic,Object_01118
Flammable,Object_15793
Radioactive,Object_08338
Explosive,Object_12683
Toxic,Object_24089
Explosive,Object_08022
Fragile,Object_13684
Pressurized,Object_12719
Radioactive,Object_18967
Flammable,Object_15175
Corrosive,Object_07740
Unspecified,Object_02391
Unspecified,Object_05912
Fragile,Object_23151
Explosive,Object_24789
Pressurized,Object_13293
Radioactive,Object_22512
Flammable,Object_28874
Flammable,Object_09002
Pressurized,Object_24911
Corrosive,Object_04717
Radioactive,Object_08532
Pressurized,Object_09629
Flammable,Object_18789
Toxic,Object_13571
Explosive,Object_12251
Corrosive,Object_30175
Toxic,Object_17909
Fragile,Object_30164
Flammable,Object_08545
Pressurized,Object_17075
Food,Object_19153
Fragile,Object_25639
Flammable,Object_05204
Oxidizing,Object_18426
Explosive,Object_18788
Explosive,Object_24477
Food,Object_20188
Flammable,Object_24968
Food,Object_02072
Unspecified,Object_07526
Fragile,Object_12720
Fragile,Object_16723
Explosive,Object_02246
Corrosive,Object_21118
Oxidizing,Object_11396
Fragile,Object_16613
Radioactive,Object_12128
Fragile,Object_26985
Pressurized,Object_13311
Unspecified,Object_11561
Flammable,Object_00090
Fragile,Object_18500
Unspecified,Object_29547
Oxidizing,Object_09431
Radioactive,Object_12179
Toxic,Object_17796
Oxidizing,Object_23479
Radioactive,Object_28002
Corrosive,Object_06429
Pressurized,Object_23322
Explosive,Object_04274
Toxic,Object_10534
Oxidizing,Object_11448
Explosive,Object_21228
Unspecified,Object_07379
Oxidizing,Object_16222
Unspecified,Object_06408
Corrosive,Object_18853
Oxidizing,Object_07774
Pressurized,Object_09223
Flammable,Object_04767
Unspecified,Object_18323
Flammable,Object_14398
Corrosive,Object_00749
Oxidizing,Object_09111
Pressurized,Object_24532
Unspecified,Object_28092
Unspecified,Object_08656
Toxic,Object_16912
Toxic,Object_16439
Unspecified,Object_00329
Fragile,Object_02607
Corrosive,Object_11027
Corrosive,Object_22224
Food,Object_12412
Food,Object_23332
Radioactive,Object_07120
Pressurized,Object_01433
Oxidizing,Object_22309
Fragile,Object_11714
Pressurized,Object_28677
Toxic,Object_23858
Unspecified,Object_10552
Radioactive,Object_02894
Oxidizing,Object_08866
Oxidizing,Object_00568
Flammable,Object_05663
Pressurized,Object_18271
Radioactive,Object_28596
Oxidizing,Object_28352
Corrosive,Object_15655
Unspecified,Object_14980
Unspecified,Object_27993
Radioactive,Object_08208
Corrosive,Object_24013
Pressurized,Object_30093
Flammable,Object_07310
Pressurized,Object_07274
Fragile,Object_24416
Food,Object_11544
Radioactive,Object_06491
Oxidizing,Object_10065
Flammable,Object_17660
Radioactive,Object_28174
Unspecified,Object_19525
Radioactive,Object_07570
Fragile,Object_19971
Fragile,Object_24145
Radioactive,Object_01507
Food,Object_27406
Oxidizing,Object_07934
Corrosive,Object_08490
Pressurized,Object_08856
Oxidizing,Object_01406
Oxidizing,Object_03627
Corrosive,Object_03450
Toxic,Object_30338
Radioactive,Object_24514
Oxidizing,Object_12246
Corrosive,Object_18193
Unspecified,Object_02225
Explosive,Object_21614
Flammable,Object_19275
Oxidizing,Object_11313
Flammable,Object_07328
Toxic,Object_15279
Corrosive,Object_01868
Flammable,Object_10459
Explosive,Object_20147
Fragile,Object_15985
Oxidizing,Object_02587
Explosive,Object_27082
Radioactive,Object_03184
Food,Object_19784
Food,Object_10197
Pressurized,Object_06074
Oxidizing,Object_07298
Radioactive,Object_06150
Food,Object_05259
Pressurized,Object_02548
Fragile,Object_27701
Fragile,Object_21688
Oxidizing,Object_10374
Pressurized,Object_16431
Oxidizing,Object_12768
Corrosive,Object_06528
Explosive,Object_05623
Corrosive,Object_04135
Unspecified,Object_29491
Toxic,Object_20163
Corrosive,Object_20238
Flammable,Object_29130
Flammable,Object_20651
Toxic,Object_19997
Radioactive,Object_17066
Corrosive,Object_14997
Toxic,Object_19611
Oxidizing,Object_03883
Radioactive,Object_17806
Fragile,Object_29615
Fragile,Object_12500
Corrosive,Object_06143
Corrosive,Object_12821
Unspecified,Object_12662
Flammable,Object_13304
Food,Object_04583
Pressurized,Object_05235
Unspecified,Object_15315
Pressurized,Object_21787
Flammable,Object_21264
Radioactive,Object_19069
Flammable,Object_22491
Oxidizing,Object_08150
Radioactive,Object_11502
Pressurized,Object_18263
Food,Object_01058
Flammable,Object_00458
Toxic,Object_26195
Corrosive,Object_20706
Pressurized,Object_22180
Flammable,Object_10600
Flammable,Object_26663
Pressurized,Object_11717
Unspecified,Object_25320
Food,Object_15425
Food,Object_06010
Oxidizing,Object_14848
Pressurized,Object_01327
Food,Object_19384
Fragile,Object_11550
Unspecified,Object_13038
Flammable,Object_16830
Unspecified,Object_12100
Oxidizing,Object_03456
Toxic,Object_07686
Radioactive,Object_04681
Toxic,Object_04874
Toxic,Object_23755
Explosive,Object_21629
Oxidizing,Object_03034
Fragile,Object_23339
Radioactive,Object_11244
Toxic,Object_13444
Unspecified,Object_26047
Unspecified,Object_15525
Toxic,Object_14451
Food,Object_23927
Fragile,Object_25415
Corrosive,Object_05136
Fragile,Object_01682
Oxidizing,Object_23005
Unspecified,Object_02848
Food,Object_26770
Oxidizing,Object_19456
Food,Object_10876
Corrosive,Object_08041
Pressurized,Object_20958
Unspecified,Object_02570
Flammable,Object_16158
Pressurized,Object_15888
Oxidizing,Object_24648
Food,Object_01547
Toxic,Object_21109
Unspecified,Object_20888
Flammable,Object_28008
Oxidizing,Object_21803
Radioactive,Object_11167
Oxidizing,Object_07659
Unspecified,Object_09471
Unspecified,Object_17646
Food,Object_29354
Pressurized,Object_22373
Toxic,Object_02088
Radioactive,Object_19618
Explosive,Object_24500
Fragile,Object_15861
Toxic,Object_14979
Unspecified,Object_02383
Oxidizing,Object_25288
Flammable,Object_10506
Flammable,Object_17002
Toxic,Object_20092
Oxidizing,Object_16238
Flammable,Object_11389
Oxidizing,Object_12494
Pressurized,Object_14284
Flammable,Object_25875
Flammable,Object_24044
Radioactive,Object_17967
Corrosive,Object_07439
Corrosive,Object_14597
Flammable,Object_00842
Explosive,Object_22175
Oxidizing,Object_29469
Pressurized,Object_18758
Flammable,Object_01871
Radioactive,Object_17428
Explosive,Object_22152
Food,Object_11857
Unspecified,Object_27366
Fragile,Object_28392
Fragile,Object_16775
Flammable,Object_11397
Food,Object_18127
Oxidizing,Object_23088
Oxidizing,Object_16845
Explosive,Object_27128
Flammable,Object_16388
Radioactive,Object_25881
Radioactive,Object_00028
Toxic,Object_02812
Fragile,Object_21836
Toxic,Object_26300
Toxic,Object_23333
Radioactive,Object_08155
Flammable,Object_24635
Flammable,Object_23919
Food,Object_01468
Fragile,Object_10010
Unspecified,Object_04437
Unspecified,Object_07638
Food,Object_19068
Radioactive,Object_28119
Toxic,Object_06226
Radioactive,Object_12844
Pressurized,Object_17580
Corrosive,Object_05799
Explosive,Object_28832
Fragile,Object_07607
Unspecified,Object_27237
Fragile,Object_11896
Flammable,Object_09706
Flammable,Object_22399
Corrosive,Object_09756
Food,Object_14640
Explosive,Object_09878
Explosive,Object_19016
Fragile,Object_24018
Explosive,Object_02260
Radioactive,Object_27293
Radioactive,Object_16836
Pressurized,Object_18362
Explosive,Object_01740
Corrosive,Object_14655
Unspecified,Object_14656
Fragile,Object_10986
Pressurized,Object_01506
Radioactive,Object_07258
Unspecified,Object_03916
Pressurized,Object_26154
Toxic,Object_29679
Food,Object_13043
Unspecified,Object_04742
Radioactive,Object_15307
Unspecified,Object_29142
Corrosive,Object_00501
Corrosive,Object_01072
Corrosive,Object_01414
Oxidizing,Object_27390
Pressurized,Object_03249
Explosive,Object_22553
Food,Object_03070
Flammable,Object_08480
Flammable,Object_04496
Oxidizing,Object_22556
Pressurized,Object_28036
Flammable,Object_09119
Flammable,Object_26898
Flammable,Object_25670
Pressurized,Object_01894
Explosive,Object_00597
Fragile,Object_19217
Unspecified,Object_09769
Fragile,Object_09265
Corrosive,Object_17616
Radioactive,Object_11883
Toxic,Object_28988
Food,Object_22497
Corrosive,Object_22902
Radioactive,Object_20340
Toxic,Object_13933
Radioactive,Object_23590
Flammable,Object_17860
Food,Object_20138
Oxidizing,Object_17510
Radioactive,Object_25290
Oxidizing,Object_04543
Radioactive,Object_00332
Radioactive,Object_08353
Flammable,Object_14033
Explosive,Object_17011
Flammable,Object_15163
Radioactive,Object_04155
Toxic,Object_08785
Fragile,Object_23482
Flammable,Object_22946
Corrosive,Object_13598
Unspecified,Object_09329
Pressurized,Object_00854
Pressurized,Object_00669
Radioactive,Object_09561
Fragile,Object_12622
Explosive,Object_28796
Fragile,Object_11091
Food,Object_06488
Flammable,Object_17964
Toxic,Object_20808
Corrosive,Object_20035
Radioactive,Object_08729
Flammable,Object_11685
Flammable,Object_05011
Unspecified,Object_29910
Fragile,Object_23372
Pressurized,Object_21920
Flammable,Object_22656
Flammable,Object_22590
Flammable,Object_24224
Flammable,Object_10724
Corrosive,Object_15557
Unspecified,Object_26063
Toxic,Object_00327
Flammable,Object_24109
Oxidizing,Object_29087
Radioactive,Object_12269
Flammable,Object_15299
Food,Object_05926
Explosive,Object_23119
Food,Object_00137
Toxic,Object_05880
Unspecified,Object_08815
Radioactive,Object_01101
Radioactive,Object_07536
Food,Object_18288
Fragile,Object_25846
Fragile,Object_04613
Fragile,Object_04627
Pressurized,Object_22912
Explosive,Object_12584
Corrosive,Object_29018
Toxic,Object_00829
Radioactive,Object_25404
Corrosive,Object_00683
Toxic,Object_04819
Unspecified,Object_12329
Explosive,Object_13125
Fragile,Object_08385
Pressurized,Object_00527
Unspecified,Object_14438
Fragile,Object_24892
Toxic,Object_17090
Oxidizing,Object_03346
Corrosive,Object_13450
Corrosive,Object_17079
Oxidizing,Object_16320
Radioactive,Object_12741
Food,Object_00003
Corrosive,Object_21723
Flammable,Object_13008
Unspecified,Object_28561
Fragile,Object_28059
Explosive,Object_07500
Unspecified,Object_28363
Corrosive,Object_01712
Explosive,Object_04689
Explosive,Object_14281
Corrosive,Object_23244
Oxidizing,Object_19990
Corrosive,Object_05875
Food,Object_17366
Explosive,Object_13270
Toxic,Object_10741
Corrosive,Object_08259
Fragile,Object_22212
Fragile,Object_19165
Pressurized,Object_16492
Pressurized,Object_30326
Toxic,Object_23521
Food,Object_11861
Radioactive,Object_27425
Oxidizing,Object_17523
Flammable,Object_00994
Pressurized,Object_24649
Radioactive,Object_10815
Toxic,Object_15223
Toxic,Object_00521
Toxic,Object_29375
Toxic,Object_18422
Pressurized,Object_20342
Fragile,Object_03151
Corrosive,Object_02335
Food,Object_24891
Radioactive,Object_06960
Corrosive,Object_00904
Radioactive,Object_18801
Unspecified,Object_20709
Toxic,Object_22647
Radioactive,Object_04328
Toxic,Object_25843
Fragile,Object_01715
Oxidizing,Object_16838
Unspecified,Object_02630
Toxic,Object_21331
Explosive,Object_18199
Explosive,Object_00385
Explosive,Object_15904
Unspecified,Object_11156
Fragile,Object_12560
Pressurized,Object_30059
Food,Object_00409
Food,Object_17883
Pressurized,Object_26802
Oxidizing,Object_09636
Food,Object_04761
Toxic,Object_15977
Food,Object_28779
Food,Object_11494
Radioactive,Object_28789
Explosive,Object_13509
Flammable,Object_02653
Toxic,Object_29849
Explosive,Object_12367
Unspecified,Object_07208
Oxidizing,Object_00467
Unspecified,Object_19644
Corrosive,Object_15320
Oxidizing,Object_15212
Toxic,Object_08809
Radioactive,Object_26267
Flammable,Object_04936
Pressurized,Object_07883
Fragile,Object_05743
Food,Object_24389
Fragile,Object_16977
Pressurized,Object_08564
Radioactive,Object_12025
Oxidizing,Object_25068
Radioactive,Object_02686
Unspecified,Object_06748
Radioactive,Object_09122
Corrosive,Object_24779
Food,Object_05423
Radioactive,Object_15573
Food,Object_17312
Explosive,Object_17764
Toxic,Object_02050
Food,Object_12556
Fragile,Object_26927
Corrosive,Object_07586
Flammable,Object_09592
Fragile,Object_06421
Food,Object_27381
Food,Object_25937
Explosive,Object_23928
Toxic,Object_00371
Flammable,Object_07990
Radioactive,Object_17908
Pressurized,Object_17855
Corrosive,Object_14045
Food,Object_19378
Radioactive,Object_01386
Pressurized,Object_24433
Flammable,Object_09004
Unspecified,Object_01502
Oxidizing,Object_08002
Unspecified,Object_27347
Corrosive,Object_22543
Corrosive,Object_18764
Oxidizing,Object_16805
Toxic,Object_03039
Radioactive,Object_28244
Toxic,Object_28346
Explosive,Object_13760
Unspecified,Object_27155
Fragile,Object_22839
Fragile,Object_24310
Fragile,Object_12555
Toxic,Object_26477
Oxidizing,Object_14945
Fragile,Object_07977
Radioactive,Object_17102
Toxic,Object_19795
Corrosive,Object_13572
Fragile,Object_03327
Radioactive,Object_11730
Pressurized,Object_01945
Flammable,Object_19862
Fragile,Object_26538
Unspecified,Object_12576
Radioactive,Object_15180
Toxic,Object_00171
Corrosive,Object_12636
Fragile,Object_16620
Explosive,Object_00278
Unspecified,Object_27395
Corrosive,Object_17253
Toxic,Object_16769
Pressurized,Object_07788
Pressurized,Object_19979
Radioactive,Object_03325
Food,Object_08193
Fragile,Object_15035
Flammable,Object_01297
Food,Object_22068
Explosive,Object_23458
Oxidizing,Object_19400
Corrosive,Object_26493
Corrosive,Object_16630
Unspecified,Object_24603
Radioactive,Object_08525
Unspecified,Object_02557
Radioactive,Object_00613
Toxic,Object_00728
Fragile,Object_18434
Toxic,Object_09673
Oxidizing,Object_15082
Toxic,Object_03655
Explosive,Object_19245
Food,Object_19136
Pressurized,Object_11188
Food,Object_12478
Oxidizing,Object_20219
Radioactive,Object_21870
Corrosive,Object_04790
Fragile,Object_19086
Unspecified,Object_13559
Radioactive,Object_26564
Explosive,Object_03705
Radioactive,Object_27887
Fragile,Object_04158
Pressurized,Object_08812
Pressurized,Object_24449
Corrosive,Object_15571
Toxic,Object_06677
Food,Object_05386
Corrosive,Object_13366
Radioactive,Object_02953
Oxidizing,Object_08211
Flammable,Object_11356
Explosive,Object_20729
Radioactive,Object_16653
Pressurized,Object_09086
Oxidizing,Object_04611
Pressurized,Object_23375
Explosive,Object_24846
Corrosive,Object_10284
Unspecified,Object_09990
Toxic,Object_08788
Pressurized,Object_05625
Corrosive,Object_10775
Pressurized,Object_04201
Toxic,Object_00510
Flammable,Object_29272
Fragile,Object_19658
Fragile,Object_14758
Fragile,Object_23808
Flammable,Object_12375
Pressurized,Object_21293
Oxidizing,Object_12136
Food,Object_17022
Toxic,Object_12530
Flammable,Object_09091
Unspecified,Object_08714
Oxidizing,Object_12891
Pressurized,Object_10145
Pressurized,Object_17598
Toxic,Object_21888
Oxidizing,Object_11666
Fragile,Object_29357
Radioactive,Object_06492
Toxic,Object_20687
Toxic,Object_10898
Fragile,Object_29712
Radioactive,Object_25106
Flammable,Object_24983
Explosive,Object_23480
Fragile,Object_26141
Flammable,Object_01783
Food,Object_09977
Fragile,Object_09438
Corrosive,Object_28118
Flammable,Object_11568
Flammable,Object_04911
Food,Object_24392
Corrosive,Object_27534
Corrosive,Object_18081
Flammable,Object_22027
Corrosive,Object_12233
Unspecified,Object_23411
Oxidizing,Object_05691
Pressurized,Object_03032
Flammable,Object_19911
Oxidizing,Object_11820
Fragile,Object_16608
Toxic,Object_29054
Unspecified,Object_06809
Explosive,Object_22031
Unspecified,Object_09936
Radioactive,Object_07649
Explosive,Object_08497
Pressurized,Object_13265
Corrosive,Object_02939
Toxic,Object_07838
Oxidizing,Object_14871
Unspecified,Object_11399
Corrosive,Object_04831
Toxic,Object_28608
Food,Object_17375
Food,Object_11620
Fragile,Object_16625
Flammable,Object_28150
Corrosive,Object_02302
Explosive,Object_02832
Flammable,Object_16735
Flammable,Object_18011
Oxidizing,Object_14133
Flammable,Object_21427
Food,Object_23810
Pressurized,Object_27364
Radioactive,Object_29920
Fragile,Object_27184
Unspecified,Object_12945
Oxidizing,Object_23733
Oxidizing,Object_27326
Radioactive,Object_07772
Explosive,Object_06824
Flammable,Object_22387
Radioactive,Object_15804
Unspecified,Object_29032
Unspecified,Object_10259
Food,Object_27812
Oxidizing,Object_18314
Food,Object_13100
Explosive,Object_23553
Radioactive,Object_15323
Oxidizing,Object_08803
Corrosive,Object_27186
Flammable,Object_00219
Toxic,Object_14351
Pressurized,Object_30327
Corrosive,Object_23705
Unspecified,Object_28913
Toxic,Object_04109
Food,Object_24626
Fragile,Object_14140
Food,Object_22321
Unspecified,Object_00159
Radioactive,Object_02519
Oxidizing,Object_02401
Flammable,Object_02349
Food,Object_06358
Corrosive,Object_29208
Fragile,Object_16879
Unspecified,Object_03481
Flammable,Object_07583
Corrosive,Object_29917
Pressurized,Object_09280
Food,Object_19808
Explosive,Object_05496
Pressurized,Object_21082
Food,Object_00168
Corrosive,Object_26474
Corrosive,Object_01035
Fragile,Object_08329
Oxidizing,Object_06409
Toxic,Object_16542
Corrosive,Object_04061
Unspecified,Object_27801
Corrosive,Object_22384
Unspecified,Object_28732
Oxidizing,Object_09240
Explosive,Object_19159
Pressurized,Object_08201
Unspecified,Object_20274
Corrosive,Object_07028
Radioactive,Object_30335
Unspecified,Object_15931
Flammable,Object_26302
Corrosive,Object_13850
Toxic,Object_16974
Corrosive,Object_27239
Unspecified,Object_16425
Oxidizing,Object_15201
Radioactive,Object_06430
Flammable,Object_12426
Flammable,Object_22426
Pressurized,Object_26437
Explosive,Object_20766
Fragile,Object_18635
Flammable,Object_28056
Flammable,Object_27028
Fragile,Object_10802
Toxic,Object_25975
Food,Object_09348
Radioactive,Object_07032
Corrosive,Object_12744
Corrosive,Object_23199
Toxic,Object_06284
Oxidizing,Object_01597
Food,Object_20739
Corrosive,Object_14442
Corrosive,Object_03999
Unspecified,Object_30051
Toxic,Object_26103
Oxidizing,Object_14156
Explosive,Object_04265
Radioactive,Object_03912
Food,Object_00630
Fragile,Object_15385
Fragile,Object_06568
Flammable,Object_10924
Flammable,Object_14439
Food,Object_19603
Pressurized,Object_14744
Food,Object_14722
Unspecified,Object_08114
Food,Object_15097
Flammable,Object_10783
Unspecified,Object_14908
Pressurized,Object_19041
Explosive,Object_11665
Pressurized,Object_29187
Radioactive,Object_00163
Food,Object_12992
Flammable,Object_14039
Pressurized,Object_23960
Corrosive,Object_11979
Pressurized,Object_09696
Radioactive,Object_16479
Flammable,Object_29574
Fragile,Object_24306
Food,Object_28764
Unspecified,Object_10387
Explosive,Object_19226
Food,Object_26967
Food,Object_19518
Unspecified,Object_02736
Toxic,Object_27633
Toxic,Object_09542
Oxidizing,Object_11048
Corrosive,Object_28584
Radioactive,Object_02373
Flammable,Object_14018
Food,Object_13806
Oxidizing,Object_21103
Corrosive,Object_23434
Food,Object_01001
Explosive,Object_27698
Corrosive,Object_15006
Pressurized,Object_19192
Fragile,Object_02311
Pressurized,Object_28279
Explosive,Object_09197
Radioactive,Object_23493
Explosive,Object_23813
Flammable,Object_01732
Food,Object_11152
Radioactive,Object_11219
Flammable,Object_12005
Food,Object_01791
Corrosive,Object_09211
Flammable,Object_26534
Fragile,Object_26503
Unspecified,Object_24641
Toxic,Object_25503
Pressurized,Object_19861
Corrosive,Object_00515
Radioactive,Object_14991
Oxidizing,Object_15959
Corrosive,Object_17198
Radioactive,Object_02443
Explosive,Object_17716
Oxidizing,Object_04018
Unspecified,Object_08470
Flammable,Object_00514
Pressurized,Object_19485
Pressurized,Object_11174
Food,Object_16097
Unspecified,Object_23841
Corrosive,Object_17599
Explosive,Object_26438
Corrosive,Object_25483
Fragile,Object_25063
Explosive,Object_07682
Pressurized,Object_07887
Corrosive,Object_20882
Toxic,Object_06373
Food,Object_01453
Unspecified,Object_28332
Explosive,Object_02493
Food,Object_26175
Pressurized,Object_23350
Fragile,Object_29516
Pressurized,Object_29040
Pressurized,Object_21585
Food,Object_00364
Unspecified,Object_06892
Toxic,Object_07489
Toxic,Object_10311
Flammable,Object_15566
Unspecified,Object_06162
Pressurized,Object_05015
Toxic,Object_22074
Fragile,Object_03186
Flammable,Object_04314
Corrosive,Object_01310
Fragile,Object_25023
Toxic,Object_25090
Radioactive,Object_19429
Oxidizing,Object_05230
Food,Object_20504
Fragile,Object_14112
Oxidizing,Object_10812
Fragile,Object_24836
Corrosive,Object_24082
Flammable,Object_10873
Explosive,Object_26162
Radioactive,Object_13938
Oxidizing,Object_27566
Food,Object_21658
Fragile,Object_14868
Flammable,Object_20886
Fragile,Object_18178
Explosive,Object_20465
Explosive,Object_05020
Fragile,Object_13699
Radioactive,Object_04576
Toxic,Object_10368
Unspecified,Object_06547
Explosive,Object_17195
Flammable,Object_06073
Food,Object_22137
Oxidizing,Object_05232
Unspecified,Object_14009
Corrosive,Object_13010
Pressurized,Object_13703
Flammable,Object_19065
Explosive,Object_05479
Radioactive,Object_12371
Explosive,Object_13328
Unspecified,Object_10234
Toxic,Object_11180
Food,Object_07582
Pressurized,Object_25566
Fragile,Object_00827
Unspecified,Object_27215
Toxic,Object_24948
Explosive,Object_24423
Flammable,Object_22164
Fragile,Object_09784
Fragile,Object_04769
Unspecified,Object_07605
Unspecified,Object_02023
Food,Object_04392
Explosive,Object_02624
Unspecified,Object_13942
Toxic,Object_10604
Oxidizing,Object_01456
Fragile,Object_06163
Food,Object_24232
Food,Object_10034
Oxidizing,Object_17449
Corrosive,Object_17093
Flammable,Object_30047
Corrosive,Object_10245
Oxidizing,Object_21172
Explosive,Object_01863
Corrosive,Object_22052
Pressurized,Object_23695
Unspecified,Object_05924
Corrosive,Object_04542
Radioactive,Object_02643
Food,Object_04106
Unspecified,Object_18297
Explosive,Object_16408
Oxidizing,Object_22331
Oxidizing,Object_15454
Flammable,Object_08104
Oxidizing,Object_16902
Explosive,Object_30216
Food,Object_04004
Unspecified,Object_27785
Oxidizing,Object_20662
Unspecified,Object_12877
Toxic,Object_01881
Toxic,Object_06002
Unspecified,Object_23982
Unspecified,Object_02178
Radioactive,Object_10540
Oxidizing,Object_12420
Oxidizing,Object_08119
Pressurized,Object_21176
Radioactive,Object_25149
Radioactive,Object_29680
Corrosive,Object_21893
Toxic,Object_05664
Unspecified,Object_11944
Radioactive,Object_12850
Oxidizing,Object_18566
Radioactive,Object_06884
Food,Object_25902
Oxidizing,Object_23356
Flammable,Object_29775
Corrosive,Object_08793
Pressurized,Object_09428
Flammable,Object_02075
Food,Object_19612
Pressurized,Object_10282
Radioactive,Object_29647
Fragile,Object_08585
Flammable,Object_23040
Explosive,Object_01116
Flammable,Object_02878
Pressurized,Object_22415
Radioactive,Object_24713
Toxic,Object_11980
Toxic,Object_07760
Unspecified,Object_29802
Unspecified,Object_16111
Food,Object_07171
Radioactive,Object_25565
Pressurized,Object_13798
Flammable,Object_05123
Radioactive,Object_23557
Pressurized,Object_18616
Radioactive,Object_29522
Radioactive,Object_19980
Flammable,Object_29074
Food,Object_29876
Flammable,Object_12357
Flammable,Object_00518
Corrosive,Object_16110
Oxidizing,Object_16436
Food,Object_27021
Oxidizing,Object_08905
Explosive,Object_09247
Pressurized,Object_12413
Flammable,Object_00893
Explosive,Object_17968
Oxidizing,Object_12370
Oxidizing,Object_10090
Explosive,Object_05826
Fragile,Object_14717
Corrosive,Object_18777
Flammable,Object_06307
Unspecified,Object_12441
Flammable,Object_20835
Flammable,Object_26516
Toxic,Object_07330
Pressurized,Object_26973
Corrosive,Object_05132
Flammable,Object_29987
Explosive,Object_28032
Radioactive,Object_01572
Toxic,Object_11078
Corrosive,Object_19271
Food,Object_04840
Fragile,Object_20293
Toxic,Object_19074
Fragile,Object_22533
Explosive,Object_17087
Pressurized,Object_24173
Radioactive,Object_11200
Fragile,Object_27292
Oxidizing,Object_19600
Fragile,Object_12711
Pressurized,Object_06606
Unspecified,Object_25890
Fragile,Object_24777
Oxidizing,Object_15927
Radioactive,Object_27383
Radioactive,Object_04317
Toxic,Object_07373
Explosive,Object_25688
Toxic,Object_12088
Food,Object_20774
Toxic,Object_02510
Fragile,Object_27150
Unspecified,Object_26722
Fragile,Object_28641
Pressurized,Object_30149
Toxic,Object_05662
Radioactive,Object_04239
Toxic,Object_27672
Corrosive,Object_13079
Flammable,Object_01949
Oxidizing,Object_03896
Corrosive,Object_14786
Toxic,Object_11210
Toxic,Object_18550
Fragile,Object_27304
Radioactive,Object_20909
Toxic,Object_11954
Pressurized,Object_15882
Explosive,Object_16600
Fragile,Object_05250
Toxic,Object_22548
Oxidizing,Object_12710
Flammable,Object_26317
Unspecified,Object_15251
Unspecified,Object_10331
Pressurized,Object_15245
Oxidizing,Object_00027
Unspecified,Object_26883
Toxic,Object_09737
Explosive,Object_13994
Pressurized,Object_19006
Flammable,Object_24104
Unspecified,Object_08682
Unspecified,Object_11916
Food,Object_04169
Food,Object_01261
Oxidizing,Object_17085
Explosive,Object_27684
Toxic,Object_23961
Food,Object_04408
Explosive,Object_20392
Toxic,Object_05343
Toxic,Object_20032
Corrosive,Object_21133
Unspecified,Object_24054
Explosive,Object_07016
Oxidizing,Object_22887
Explosive,Object_25987
Toxic,Object_30017
Radioactive,Object_28155
Fragile,Object_05390
Pressurized,Object_25402
Explosive,Object_24801
Radioactive,Object_10512
Corrosive,Object_15438
Unspecified,Object_29240
Explosive,Object_11943
Flammable,Object_01625
Toxic,Object_08513
Flammable,Object_08123
Radioactive,Object_19975
Toxic,Object_03587
Toxic,Object_17174
Explosive,Object_30244
Pressurized,Object_17470
Oxidizing,Object_22772
Oxidizing,Object_27234
Oxidizing,Object_11657
Food,Object_14425
Corrosive,Object_08590
Radioactive,Object_00188
Toxic,Object_16287
Explosive,Object_07486
Fragile,Object_04262
Pressurized,Object_24250
Radioactive,Object_15383
Pressurized,Object_08451
Fragile,Object_08363
Pressurized,Object_25130
Oxidizing,Object_01821
Food,Object_27605
Corrosive,Object_28125
Toxic,Object_05219
Explosive,Object_09047
Food,Object_23936
Unspecified,Object_12884
Food,Object_09935
Toxic,Object_01238
Explosive,Object_07404
Pressurized,Object_23261
Unspecified,Object_22524
Corrosive,Object_20632
Corrosive,Object_04330
Pressurized,Object_19084
Corrosive,Object_05764
Pressurized,Object_14591
Pressurized,Object_26908
Flammable,Object_11880
Oxidizing,Object_05909
Toxic,Object_28986
Corrosive,Object_18103
Corrosive,Object_16701
Corrosive,Object_01299
Food,Object_27550
Food,Object_03121
Radioactive,Object_08493
Toxic,Object_22847
Unspecified,Object_23502
Fragile,Object_06565
Corrosive,Object_03417
Food,Object_16647
Unspecified,Object_10027
Fragile,Object_11354
Corrosive,Object_17498
Explosive,Object_26490
Oxidizing,Object_08731
Oxidizing,Object_15341
Oxidizing,Object_15210
Toxic,Object_14324
Toxic,Object_14902
Explosive,Object_14424
Corrosive,Object_10369
Radioactive,Object_17371
Explosive,Object_28440
Radioactive,Object_28475
Flammable,Object_12224
Unspecified,Object_11969
Toxic,Object_08578
Toxic,Object_27546
Explosive,Object_19332
Unspecified,Object_28824
Corrosive,Object_23680
Pressurized,Object_04944
Oxidizing,Object_13585
Toxic,Object_15635
Flammable,Object_21353
Corrosive,Object_05277
Pressurized,Object_15013
Toxic,Object_11050
Corrosive,Object_14370
Pressurized,Object_09104
Food,Object_17593
Fragile,Object_01122
Corrosive,Object_22718
Corrosive,Object_04122
Explosive,Object_20689
Explosive,Object_03600
Radioactive,Object_09202
Corrosive,Object_10575
Pressurized,Object_16164
Food,Object_23754
Food,Object_06134
Flammable,Object_21986
Radioactive,Object_09253
Flammable,Object_21574
Oxidizing,Object_29785
Fragile,Object_08120
Explosive,Object_11268
Fragile,Object_16612
Radioactive,Object_13568
Corrosive,Object_02546
Food,Object_24691
Oxidizing,Object_00277
Food,Object_28149
Flammable,Object_29330
Explosive,Object_06017
Corrosive,Object_23092
Corrosive,Object_21883
Toxic,Object_12804
Toxic,Object_12155
Radioactive,Object_03057
Oxidizing,Object_29760
Food,Object_05708
Corrosive,Object_02980
Fragile,Object_12944
Flammable,Object_18791
Explosive,Object_12577
Flammable,Object_10779
Oxidizing,Object_15865
Radioactive,Object_09797
Fragile,Object_08448
Explosive,Object_06632
Fragile,Object_07272
Food,Object_08161
Explosive,Object_15978
Radioactive,Object_25282
Oxidizing,Object_24107
Fragile,Object_09293
Flammable,Object_02224
Explosive,Object_24745
Flammable,Object_08392
Unspecified,Object_00394
Toxic,Object_26161
Oxidizing,Object_30152
Fragile,Object_24728
Oxidizing,Object_27902
Explosive,Object_27486
Flammable,Object_09625
Fragile,Object_05577
Explosive,Object_01957
Pressurized,Object_03659
Explosive,Object_11985
Radioactive,Object_17224
Fragile,Object_06897
Corrosive,Object_28703
Fragile,Object_27127
Fragile,Object_01006
Pressurized,Object_15313
Unspecified,Object_08093
Oxidizing,Object_10879
Explosive,Object_24393
Explosive,Object_28684
Corrosive,Object_18013
Food,Object_19569
Radioactive,Object_20055
Explosive,Object_16089
Flammable,Object_21710
Toxic,Object_24959
Flammable,Object_25612
Flammable,Object_24645
Oxidizing,Object_03494
Fragile,Object_18034
Pressurized,Object_19117
Radioactive,Object_23384
Toxic,Object_12987
Explosive,Object_29069
Oxidizing,Object_21314
Oxidizing,Object_10594
Explosive,Object_22397
Unspecified,Object_24840
Toxic,Object_06941
Corrosive,Object_19270
Toxic,Object_16257
Explosive,Object_17748
Explosive,Object_26590
Food,Object_27065
Radioactive,Object_00373
Corrosive,Object_00273
Pressurized,Object_11433
Pressurized,Object_23335
Oxidizing,Object_05332
Pressurized,Object_19355
Oxidizing,Object_25375
Toxic,Object_06388
Fragile,Object_21232
Oxidizing,Object_05930
Unspecified,Object_12040
Oxidizing,Object_03645
Explosive,Object_29122
Radioactive,Object_23495
Radioactive,Object_10845
Toxic,Object_27168
Fragile,Object_00378
Flammable,Object_24931
Oxidizing,Object_21060
Food,Object_09872
Food,Object_16669
Explosive,Object_00420
Flammable,Object_25478
Toxic,Object_08512
Toxic,Object_18928
Unspecified,Object_27752
Unspecified,Object_09690
Pressurized,Object_07781
Fragile,Object_01820
Toxic,Object_12777
Pressurized,Object_00264
Radioactive,Object_24986
Toxic,Object_29200
Pressurized,Object_05327
Fragile,Object_01566
Food,Object_07658
Pressurized,Object_26752
Flammable,Object_29594
Pressurized,Object_28942
Explosive,Object_07885
Explosive,Object_11378
Fragile,Object_05060
Pressurized,Object_06144
Food,Object_05940
Fragile,Object_05845
Toxic,Object_23597
Food,Object_19427
Food,Object_26480
Flammable,Object_26684
Flammable,Object_14756
Toxic,Object_06306
Unspecified,Object_30115
Unspecified,Object_12758
Pressurized,Object_17668
Food,Object_05039
Unspecified,Object_28408
Toxic,Object_28200
Corrosive,Object_30125
Toxic,Object_07043
Corrosive,Object_19643
Explosive,Object_20805
Unspecified,Object_28828
Radioactive,Object_09216
Pressurized,Object_02020
Explosive,Object_01206
Food,Object_15608
Corrosive,Object_18369
Unspecified,Object_13581
Oxidizing,Object_25723
Explosive,Object_17235
Pressurized,Object_10539
Food,Object_00884
Explosive,Object_02396
Corrosive,Object_25479
Fragile,Object_21914
Unspecified,Object_14026
Corrosive,Object_06968
Oxidizing,Object_23868
Oxidizing,Object_23146
Flammable,Object_03483
Pressurized,Object_19093
Explosive,Object_02395
Toxic,Object_01129
Explosive,Object_09043
Radioactive,Object_20890
Unspecified,Object_18109
Corrosive,Object_30297
Radioactive,Object_23987
Flammable,Object_18787
Corrosive,Object_17063
Unspecified,Object_00578
Corrosive,Object_17989
Unspecified,Object_03178
Fragile,Object_23727
Fragile,Object_09669
Fragile,Object_13460
Flammable,Object_15848
Food,Object_04786
Fragile,Object_16979
Pressurized,Object_08749
Corrosive,Object_08988
Toxic,Object_14719
Corrosive,Object_16252
Toxic,Object_09408
Food,Object_04835
Corrosive,Object_21431
Corrosive,Object_16523
Corrosive,Object_11059
Fragile,Object_04739
Pressurized,Object_11443
Flammable,Object_21485
Pressurized,Object_20696
Toxic,Object_06839
Pressurized,Object_11721
Toxic,Object_23843
Corrosive,Object_21700
Flammable,Object_17647
Unspecified,Object_04350
Corrosive,Object_04011
Food,Object_20050
Explosive,Object_23872
Corrosive,Object_01023
Food,Object_16478
Radioactive,Object_23950
Unspecified,Object_23275
Fragile,Object_03902
Food,Object_26352
Corrosive,Object_15258
Explosive,Object_25690
Fragile,Object_07138
Food,Object_19273
Flammable,Object_07173
Toxic,Object_27203
Fragile,Object_25113
Food,Object_26584
Unspecified,Object_00643
Corrosive,Object_26679
Flammable,Object_00485
Oxidizing,Object_18310
Food,Object_26086
Toxic,Object_16288
Explosive,Object_12324
Pressurized,Object_19787
Radioactive,Object_16718
Oxidizing,Object_10343
Fragile,Object_29204
Explosive,Object_08048
Radioactive,Object_12681
Explosive,Object_27450
Pressurized,Object_11718
Fragile,Object_15179
Corrosive,Object_17698
Radioactive,Object_00670
Pressurized,Object_26191
Pressurized,Object_09055
Fragile,Object_10993
Corrosive,Object_05388
Toxic,Object_26986
Corrosive,Object_12899
Flammable,Object_25394
Corrosive,Object_23317
Unspecified,Object_16745
Pressurized,Object_01832
Radioactive,Object_16209
Pressurized,Object_24424
Pressurized,Object_06859
Explosive,Object_21479
Explosive,Object_03427
Radioactive,Object_05688
Unspecified,Object_30162
Oxidizing,Object_07974
Unspecified,Object_21531
Food,Object_29472
Corrosive,Object_16795
Fragile,Object_08899
Corrosive,Object_02448
Toxic,Object_23669
Explosive,Object_27908
Flammable,Object_22845
Radioactive,Object_03671
Radioactive,Object_01384
Corrosive,Object_29873
Flammable,Object_13754
Food,Object_20070
Toxic,Object_14029
Unspecified,Object_06117
Unspecified,Object_27849
Radioactive,Object_14195
Pressurized,Object_28416
Unspecified,Object_05345
Fragile,Object_14853
Toxic,Object_23175
Toxic,Object_13219
Oxidizing,Object_22825
Pressurized,Object_22719
Oxidizing,Object_23861
Pressurized,Object_03214
Fragile,Object_03548
Explosive,Object_10557
Explosive,Object_29416
Explosive,Object_02231
Radioactive,Object_03293
Food,Object_25805
Food,Object_10161
Fragile,Object_11269
Radioactive,Object_06210
Flammable,Object_28338
Radioactive,Object_06027
Radioactive,Object_09476
Food,Object_05404
Toxic,Object_30016
Toxic,Object_15956
Food,Object_13024
Toxic,Object_01912
Flammable,Object_03041
Food,Object_26518
Oxidizing,Object_16808
Pressurized,Object_04645
Flammable,Object_06729
Explosive,Object_25299
Pressurized,Object_30351
Oxidizing,Object_09739
Food,Object_26037
Fragile,Object_17737
Toxic,Object_24049
Corrosive,Object_26186
Pressurized,Object_27638
Pressurized,Object_22716
Oxidizing,Object_18802
Corrosive,Object_09379
Fragile,Object_08671
Fragile,Object_29981
Pressurized,Object_30070
Flammable,Object_09266
Fragile,Object_09188
Radioactive,Object_28659
Unspecified,Object_24629
Flammable,Object_16971
Flammable,Object_27135
Oxidizing,Object_23994
Pressurized,Object_21170
Pressurized,Object_12225
Oxidizing,Object_25311
Corrosive,Object_16773
Oxidizing,Object_28093
Unspecified,Object_02419
Fragile,Object_09987
Flammable,Object_22767
Unspecified,Object_18071
Corrosive,Object_13386
Food,Object_24757
Food,Object_22249
Corrosive,Object_14851
Unspecified,Object_28170
Food,Object_18281
Radioactive,Object_07521
Radioactive,Object_25037
Unspecified,Object_05337
Food,Object_22317
Radioactive,Object_24540
Flammable,Object_03352
Pressurized,Object_21588
Fragile,Object_06459
Toxic,Object_25336
Corrosive,Object_16400
Pressurized,Object_09535
Explosive,Object_22192
Radioactive,Object_05540
Explosive,Object_26608
Unspecified,Object_00050
Explosive,Object_26901
Fragile,Object_19894
Toxic,Object_08757
Toxic,Object_28580
Food,Object_07339
Corrosive,Object_11663
Radioactive,Object_04579
Oxidizing,Object_03657
Food,Object_01568
Explosive,Object_05083
Food,Object_11349
Fragile,Object_08721
Oxidizing,Object_18326
Toxic,Object_00281
Food,Object_22013
Corrosive,Object_11647
Pressurized,Object_14541
Toxic,Object_13752
Unspecified,Object_01898
Unspecified,Object_23976
Radioactive,Object_11837
Radioactive,Object_26345
Fragile,Object_18044
Pressurized,Object_11893
Pressurized,Object_04898
Toxic,Object_23533
Oxidizing,Object_14513
Pressurized,Object_25319
Toxic,Object_23085
Radioactive,Object_04322
Pressurized,Object_11217
Radioactive,Object_02586
Fragile,Object_23782
Pressurized,Object_11054
Food,Object_21845
Fragile,Object_19199
Fragile,Object_04721
Fragile,Object_18933
Oxidizing,Object_08380
Toxic,Object_26841
Explosive,Object_17631
Food,Object_03069
Food,Object_23169
Oxidizing,Object_07025
Food,Object_07150
Unspecified,Object_05567
Food,Object_28807
Pressurized,Object_04502
Flammable,Object_16236
Pressurized,Object_28289
Fragile,Object_22021
Corrosive,Object_28969
Radioactive,Object_26065
Fragile,Object_14116
Oxidizing,Object_27837
Radioactive,Object_05748
Explosive,Object_02585
Toxic,Object_22349
Food,Object_26255
Food,Object_20939
Fragile,Object_03444
Unspecified,Object_00241
Fragile,Object_09136
Radioactive,Object_17521
Toxic,Object_16988
Flammable,Object_18753
Fragile,Object_04168
Explosive,Object_03977
Flammable,Object_20943
Food,Object_19747
Pressurized,Object_01476
Food,Object_06980
Unspecified,Object_04626
Explosive,Object_06990
Toxic,Object_28183
Explosive,Object_23091
Pressurized,Object_05994
Fragile,Object_03638
Unspecified,Object_00549
Fragile,Object_02271
Pressurized,Object_25712
Explosive,Object_14995
Food,Object_03994
Oxidizing,Object_15260
Food,Object_09217
Oxidizing,Object_20814
Corrosive,Object_20174
Toxic,Object_05832
Explosive,Object_29913
Radioactive,Object_01621
Flammable,Object_07950
Oxidizing,Object_20714
Explosive,Object_28536
Radioactive,Object_02701
Pressurized,Object_04872
Pressurized,Object_20258
Corrosive,Object_06895
Flammable,Object_12965
Pressurized,Object_19838
Explosive,Object_11511
Explosive,Object_26991
Unspecified,Object_24731
Fragile,Object_18607
Flammable,Object_20580
Oxidizing,Object_18357
Food,Object_01629
Food,Object_17787
Explosive,Object_03577
Flammable,Object_09457
Flammable,Object_14414
Fragile,Object_12240
Corrosive,Object_14764
Oxidizing,Object_29356
Oxidizing,Object_05817
Food,Object_00763
Unspecified,Object_02064
Food,Object_14651
Corrosive,Object_08816
Explosive,Object_03738
Radioactive,Object_29274
Corrosive,Object_02323
Unspecified,Object_11830
Corrosive,Object_01926
Corrosive,Object_09711
Oxidizing,Object_23572
Flammable,Object_17846
Corrosive,Object_03945
Unspecified,Object_18170
Pressurized,Object_08366
Corrosive,Object_10444
Fragile,Object_23776
Radioactive,Object_14211
Fragile,Object_09640
Fragile,Object_02512
Fragile,Object_28350
Oxidizing,Object_16308
Explosive,Object_03222
Flammable,Object_07307
Fragile,Object_17916
Corrosive,Object_20135
Unspecified,Object_26125
Flammable,Object_01208
Pressurized,Object_03187
Corrosive,Object_06309
Oxidizing,Object_05532
Fragile,Object_29783
Food,Object_03198
Pressurized,Object_18963
Corrosive,Object_19306
Radioactive,Object_20788
Unspecified,Object_11709
Pressurized,Object_14100
Oxidizing,Object_12404
Toxic,Object_08222
Oxidizing,Object_03166
Food,Object_14394
Food,Object_11237
Explosive,Object_15668
Corrosive,Object_14041
Explosive,Object_08276
Corrosive,Object_04213
Fragile,Object_08248
Toxic,Object_21392
Radioactive,Object_17049
Oxidizing,Object_09646
Corrosive,Object_11927
Toxic,Object_15462
Flammable,Object_13890
Food,Object_00897
Food,Object_29296
Explosive,Object_06391
Food,Object_28043
Radioactive,Object_28915
Flammable,Object_16981
Flammable,Object_00176
Pressurized,Object_28282
Explosive,Object_26651
Toxic,Object_28744
Unspecified,Object_14812
Radioactive,Object_15331
Toxic,Object_22165
Radioactive,Object_10140
Toxic,Object_20464
Fragile,Object_15345
Corrosive,Object_11807
Fragile,Object_19489
Explosive,Object_15303
Radioactive,Object_08738
Radioactive,Object_08576
Fragile,Object_25097
Explosive,Object_00487
Flammable,Object_10995
Oxidizing,Object_21015
Flammable,Object_11479
Toxic,Object_26887
Food,Object_10839
Oxidizing,Object_24591
Food,Object_00475
Flammable,Object_13306
Unspecified,Object_07127
Radioactive,Object_06296
Explosive,Object_10967
Corrosive,Object_00924
Radioactive,Object_03805
Food,Object_21343
Food,Object_24301
Flammable,Object_13208
Corrosive,Object_17163
Flammable,Object_21927
Explosive,Object_05004
Food,Object_18319
Oxidizing,Object_16797
Explosive,Object_29832
Unspecified,Object_17912
Corrosive,Object_16146
Oxidizing,Object_00491
Fragile,Object_08640
Radioactive,Object_22071
Toxic,Object_09891
Toxic,Object_11024
Explosive,Object_06407
Fragile,Object_06745
Oxidizing,Object_12336
Fragile,Object_10196
Fragile,Object_25085
Explosive,Object_23731
Food,Object_21611
Flammable,Object_01534
Radioactive,Object_06534
Food,Object_09799
Oxidizing,Object_04715
Fragile,Object_04989
Corrosive,Object_16524
Radioactive,Object_25095
Oxidizing,Object_29078
Pressurized,Object_25188
Oxidizing,Object_04465
Unspecified,Object_25473
Fragile,Object_12837
Pressurized,Object_27000
Unspecified,Object_05818
Flammable,Object_14128
Explosive,Object_20325
Radioactive,Object_15129
Food,Object_17605
Toxic,Object_26892
Corrosive,Object_14104
Flammable,Object_16686
Explosive,Object_13590
Radioactive,Object_27391
Flammable,Object_04941
Toxic,Object_28160
Fragile,Object_29685
Toxic,Object_24352
Toxic,Object_14382
Food,Object_11132
Fragile,Object_17240
Explosive,Object_27799
Pressurized,Object_07644
Explosive,Object_19264
Toxic,Object_18949
Radioactive,Object_24314
Toxic,Object_08896
Fragile,Object_14754
Corrosive,Object_28756
Radioactive,Object_26066
Fragile,Object_01911
Oxidizing,Object_00164
Pressurized,Object_11299
Explosive,Object_04285
Pressurized,Object_06787
Oxidizing,Object_23344
Radioactive,Object_23654
Flammable,Object_27335
Oxidizing,Object_29191
Unspecified,Object_16054
Oxidizing,Object_13926
Pressurized,Object_20789
Unspecified,Object_23036
Radioactive,Object_09424
Flammable,Object_10478
Food,Object_28261
Unspecified,Object_23440
Flammable,Object_22346
Explosive,Object_08876
Flammable,Object_11911
Fragile,Object_26242
Unspecified,Object_27314
Flammable,Object_30045
Radioactive,Object_29839
Fragile,Object_03546
Flammable,Object_11990
Pressurized,Object_08271
Food,Object_09959
Toxic,Object_12481
Unspecified,Object_12387
Fragile,Object_12970
Toxic,Object_03662
Pressurized,Object_13394
Explosive,Object_12893
Corrosive,Object_06791
Explosive,Object_00788
Toxic,Object_00289
Oxidizing,Object_26928
Pressurized,Object_06113
Radioactive,Object_21399
Oxidizing,Object_13723
Explosive,Object_23241
Corrosive,Object_12152
Unspecified,Object_02710
Fragile,Object_08367
Oxidizing,Object_21246
Unspecified,Object_07879
Fragile,Object_16567
Food,Object_05021
Corrosive,Object_17260
Corrosive,Object_23560
Unspecified,Object_19727
Explosive,Object_06817
Food,Object_28380
Pressurized,Object_05813
Toxic,Object_23620
Pressurized,Object_15232
Toxic,Object_25999
Flammable,Object_08090
Pressurized,Object_29359
Flammable,Object_18810
Radioactive,Object_15468
Flammable,Object_16831
Explosive,Object_00114
Unspecified,Object_07749
Explosive,Object_10700
Unspecified,Object_24749
Fragile,Object_27363
Flammable,Object_24052
Toxic,Object_02922
Unspecified,Object_12581
Radioactive,Object_30330
Oxidizing,Object_06947
Flammable,Object_28820
Pressurized,Object_26115
Fragile,Object_04480
Explosive,Object_24353
Toxic,Object_07300
Explosive,Object_01087
Oxidizing,Object_26447
Radioactive,Object_16041
Radioactive,Object_28662
Explosive,Object_03851
Unspecified,Object_23228
Fragile,Object_28850
Oxidizing,Object_19304
Corrosive,Object_15788
Flammable,Object_04205
Unspecified,Object_17865
Explosive,Object_06446
Radioactive,Object_12454
Corrosive,Object_26364
Radioactive,Object_18888
Unspecified,Object_02054
Pressurized,Object_18107
Explosive,Object_16229
Explosive,Object_05065
Food,Object_18561
Radioactive,Object_12732
Pressurized,Object_22730
Explosive,Object_18925
Explosive,Object_20281
Fragile,Object_09837
Explosive,Object_15033
Corrosive,Object_28214
Unspecified,Object_30074
Fragile,Object_26681
Toxic,Object_13785
Unspecified,Object_01628
Fragile,Object_08301
Fragile,Object_17241
Food,Object_21718
Food,Object_19421
Toxic,Object_10221
Oxidizing,Object_28751
Corrosive,Object_18728
Fragile,Object_01891
Radioactive,Object_23875
Food,Object_28299
Radioactive,Object_10771
Oxidizing,Object_24135
Unspecified,Object_12860
Toxic,Object_04304
Oxidizing,Object_05315
Explosive,Object_12552
Corrosive,Object_12253
Radioactive,Object_13882
Explosive,Object_03044
Toxic,Object_10473
Fragile,Object_11201
Corrosive,Object_12392
Fragile,Object_20335
Radioactive,Object_05983
Radioactive,Object_28646
Oxidizing,Object_11802
Oxidizing,Object_00036
Corrosive,Object_28601
Explosive,Object_12728
Food,Object_09906
Toxic,Object_03002
Radioactive,Object_16241
Explosive,Object_23475
Food,Object_25499
Fragile,Object_07962
Corrosive,Object_22103
Radioactive,Object_09650
Pressurized,Object_26897
Toxic,Object_13809
Oxidizing,Object_10943
Toxic,Object_07440
Radioactive,Object_17511
Fragile,Object_15673
Food,Object_30203
Oxidizing,Object_05206
Fragile,Object_26095
Corrosive,Object_15844
Toxic,Object_22037
Pressurized,Object_15342
Corrosive,Object_12498
Unspecified,Object_21471
Pressurized,Object_00727
Radioactive,Object_23790
Explosive,Object_29144
Explosive,Object_04879
Flammable,Object_28011
Toxic,Object_10650
Pressurized,Object_01842
Toxic,Object_04289
Radioactive,Object_15010
Radioactive,Object_05312
Pressurized,Object_10109
Pressurized,Object_17913
Corrosive,Object_17000
Fragile,Object_15683
Unspecified,Object_22495
Food,Object_03251
Flammable,Object_13686
Explosive,Object_26220
Toxic,Object_18956
Toxic,Object_16128
Corrosive,Object_08548
Food,Object_22538
Radioactive,Object_22745
Pressurized,Object_01579
Oxidizing,Object_16953
Unspecified,Object_08594
Radioactive,Object_21565
Pressurized,Object_20514
Flammable,Object_10723
Fragile,Object_11392
Pressurized,Object_28085
Explosive,Object_28288
Unspecified,Object_20879
Food,Object_09162
Fragile,Object_29952
Unspecified,Object_16859
Flammable,Object_19672
Fragile,Object_00765
Fragile,Object_24346
Unspecified,Object_22609
Toxic,Object_27717
Oxidizing,Object_26011
Oxidizing,Object_05996
Food,Object_02596
Pressurized,Object_10979
Explosive,Object_05227
Unspecified,Object_27430
Toxic,Object_08355
Radioactive,Object_05618
Food,Object_19349
Flammable,Object_20100
Toxic,Object_17249
Pressurized,Object_24557
Unspecified,Object_29545
Radioactive,Object_04755
Unspecified,Object_00315
Fragile,Object_01809
Pressurized,Object_10527
Fragile,Object_04160
Fragile,Object_07913
Toxic,Object_27306
Explosive,Object_02948
Explosive,Object_16283
Fragile,Object_19341
Corrosive,Object_00503
Oxidizing,Object_02950
Explosive,Object_28621
Radioactive,Object_15393
Fragile,Object_10542
Oxidizing,Object_14759
Oxidizing,Object_15375
Pressurized,Object_10956
Fragile,Object_28983
Corrosive,Object_08925
Flammable,Object_01358
Flammable,Object_23197
Pressurized,Object_14508
Oxidizing,Object_16112
Toxic,Object_11895
Toxic,Object_21026
Explosive,Object_04809
Flammable,Object_01066
Toxic,Object_23191
Explosive,Object_04923
Pressurized,Object_27763
Food,Object_26956
Explosive,Object_12859
Toxic,Object_07276
Explosive,Object_10763
Explosive,Object_03299
Fragile,Object_15098
Unspecified,Object_00591
Toxic,Object_17205
Oxidizing,Object_05297
Unspecified,Object_20286
Pressurized,Object_05573
Corrosive,Object_00351
Food,Object_10019
Oxidizing,Object_18600
Explosive,Object_01565
Pressurized,Object_14545
Corrosive,Object_13880
Unspecified,Object_01020
Pressurized,Object_29105
Flammable,Object_02750
Food,Object_30094
Oxidizing,Object_21476
Radioactive,Object_15177
Unspecified,Object_02739
Flammable,Object_02331
Toxic,Object_18734
Flammable,Object_15256
Toxic,Object_29761
Food,Object_27163
Toxic,Object_09003
Toxic,Object_17484
Toxic,Object_01064
Flammable,Object_12607
Oxidizing,Object_14332
Pressurized,Object_07647
Pressurized,Object_01076
Oxidizing,Object_21662
Food,Object_12484
Radioactive,Object_15694
Corrosive,Object_13897
Unspecified,Object_09808
Explosive,Object_06639
Flammable,Object_18197
Food,Object_22372
Oxidizing,Object_26776
Fragile,Object_00145
Fragile,Object_22018
Pressurized,Object_26636
Food,Object_12869
Explosive,Object_02321
Corrosive,Object_07833
Corrosive,Object_01533
Fragile,Object_26190
Oxidizing,Object_05119
Oxidizing,Object_22174
Food,Object_09672
Corrosive,Object_19848
Unspecified,Object_03088
Corrosive,Object_18406
Explosive,Object_20681
Oxidizing,Object_13901
Flammable,Object_26705
Toxic,Object_17531
Fragile,Object_01037
Pressurized,Object_13352
Flammable,Object_09094
Oxidizing,Object_23082
Food,Object_23698
Explosive,Object_21749
Unspecified,Object_17031
Food,Object_18208
Explosive,Object_29109
Oxidizing,Object_14005
Unspecified,Object_01939
Food,Object_03432
Toxic,Object_07757
Flammable,Object_00703
Unspecified,Object_23691
Flammable,Object_27466
Explosive,Object_23101
Toxic,Object_11770
Flammable,Object_25064
Pressurized,Object_07412
Radioactive,Object_24312
Corrosive,Object_13857
Unspecified,Object_13888
Flammable,Object_18672
Flammable,Object_14265
Food,Object_07562
Toxic,Object_26038
Food,Object_05810
Corrosive,Object_04687
Flammable,Object_09439
Toxic,Object_04697
Food,Object_27123
Toxic,Object_27901
Toxic,Object_11584
Unspecified,Object_21766
Unspecified,Object_04464
Explosive,Object_15012
Oxidizing,Object_10102
Corrosive,Object_07172
Radioactive,Object_04410
Oxidizing,Object_06204
Pressurized,Object_07689
Explosive,Object_07318
Radioactive,Object_29452
Unspecified,Object_13363
Toxic,Object_05620
Toxic,Object_15463
Radioactive,Object_06505
Toxic,Object_04869
Corrosive,Object_13747
Radioactive,Object_23939
Radioactive,Object_16116
Corrosive,Object_17424
Explosive,Object_05055
Fragile,Object_22357
Oxidizing,Object_16964
Corrosive,Object_09406
Corrosive,Object_20396
Corrosive,Object_19892
Pressurized,Object_24264
Corrosive,Object_03268
Pressurized,Object_26671
Explosive,Object_19705
Toxic,Object_19178
Radioactive,Object_07360
Oxidizing,Object_05758
Corrosive,Object_29551
Pressurized,Object_04726
Food,Object_26959
Corrosive,Object_13405
Fragile,Object_24176
Flammable,Object_12203
Oxidizing,Object_02873
Pressurized,Object_23513
Fragile,Object_05299
Fragile,Object_16844
Toxic,Object_22959
Explosive,Object_07941
Toxic,Object_16587
Toxic,Object_15063
Unspecified,Object_18471
Flammable,Object_14827
Pressurized,Object_25901
Explosive,Object_20388
Toxic,Object_29282
Flammable,Object_11362
Flammable,Object_06016
Food,Object_01806
Unspecified,Object_14444
Oxidizing,Object_12066
Corrosive,Object_06107
Fragile,Object_07435
Explosive,Object_18373
Explosive,Object_18267
Explosive,Object_22969
Fragile,Object_09262
Radioactive,Object_04729
Corrosive,Object_06282
Flammable,Object_26142
Fragile,Object_11451
Toxic,Object_03042
Radioactive,Object_24093
Corrosive,Object_00359
Oxidizing,Object_26737
Corrosive,Object_13376
Pressurized,Object_25185
Toxic,Object_28707
Corrosive,Object_05265
Flammable,Object_04640
Flammable,Object_09718
Oxidizing,Object_07851
Pressurized,Object_20110
Flammable,Object_13970
Unspecified,Object_24168
Corrosive,Object_06465
Oxidizing,Object_28524
Toxic,Object_04430
Radioactive,Object_26268
Fragile,Object_05838
Toxic,Object_05731
Corrosive,Object_11687
Oxidizing,Object_21023
Unspecified,Object_01184
Radioactive,Object_09505
Oxidizing,Object_00162
Unspecified,Object_20601
Pressurized,Object_11968
Explosive,Object_13390
Radioactive,Object_26378
Flammable,Object_19092
Unspecified,Object_22794
Explosive,Object_20279
Flammable,Object_06706
Oxidizing,Object_17662
Flammable,Object_22993
Toxic,Object_15644
Flammable,Object_27857
Corrosive,Object_06161
Explosive,Object_09315
Fragile,Object_17117
Oxidizing,Object_25886
Corrosive,Object_28029
Explosive,Object_18165
Unspecified,Object_10356
Flammable,Object_03888
Radioactive,Object_24022
Pressurized,Object_21366
Food,Object_24378
Toxic,Object_00768
Unspecified,Object_22710
Fragile,Object_28077
Corrosive,Object_07217
Oxidizing,Object_14951
Explosive,Object_15297
Pressurized,Object_00801
Explosive,Object_09066
Pressurized,Object_23179
Food,Object_05045
Toxic,Object_23747
Radioactive,Object_01419
Toxic,Object_24831
Unspecified,Object_01620
Flammable,Object_07585
Toxic,Object_24434
Explosive,Object_26978
Oxidizing,Object_24431
Corrosive,Object_02769
Oxidizing,Object_13194
Pressurized,Object_01771
Pressurized,Object_12190
Explosive,Object_11063
Food,Object_15642
Flammable,Object_07093
Toxic,Object_12624
Radioactive,Object_00263
Food,Object_14959
Corrosive,Object_07086
Unspecified,Object_23579
Unspecified,Object_03470
Fragile,Object_11938
Oxidizing,Object_04360
Pressurized,Object_25032
Pressurized,Object_00956
Toxic,Object_17374
Pressurized,Object_03490
Oxidizing,Object_11425
Corrosive,Object_10698
Radioactive,Object_05889
Corrosive,Object_13741
Fragile,Object_01675
Food,Object_07752
Toxic,Object_28516
Flammable,Object_05883
Toxic,Object_05190
Toxic,Object_22942
Toxic,Object_13952
Pressurized,Object_18513
Toxic,Object_16907
Oxidizing,Object_18588
Toxic,Object_19606
Flammable,Object_26955
Fragile,Object_00053
Oxidizing,Object_13238
Toxic,Object_12348
Food,Object_25275
Fragile,Object_26449
Radioactive,Object_14094
Corrosive,Object_29818
Oxidizing,Object_25932
Toxic,Object_10464
Toxic,Object_04757
Pressurized,Object_17570
Fragile,Object_03801
Fragile,Object_27774
Food,Object_02179
Fragile,Object_23214
Unspecified,Object_29261
Unspecified,Object_16673
Oxidizing,Object_11958
Explosive,Object_27679
Explosive,Object_06976
Food,Object_19267
Explosive,Object_28072
Pressurized,Object_02818
Toxic,Object_10378
Pressurized,Object_19478
Unspecified,Object_15474
Food,Object_07047
Radioactive,Object_16482
Explosive,Object_08685
Flammable,Object_20009
Fragile,Object_22385
Unspecified,Object_08882
Pressurized,Object_29091
Flammable,Object_03760
Toxic,Object_29826
Oxidizing,Object_04311
Corrosive,Object_03497
Toxic,Object_23347
Food,Object_26045
Explosive,Object_25102
Toxic,Object_07982
Unspecified,Object_22756
Corrosive,Object_29110
Corrosive,Object_22746
Oxidizing,Object_08492
Explosive,Object_01426
Food,Object_08657
Oxidizing,Object_09823
Food,Object_09028
Radioactive,Object_15241
Corrosive,Object_21702
Food,Object_29183
Radioactive,Object_24066
Flammable,Object_15135
Unspecified,Object_15699
Pressurized,Object_20240
Oxidizing,Object_19622
Toxic,Object_20141
Corrosive,Object_05434
Unspecified,Object_28551
Oxidizing,Object_08446
Flammable,Object_29883
Explosive,Object_18535
Pressurized,Object_00555
Radioactive,Object_16197
Radioactive,Object_29170
Unspecified,Object_06833
Unspecified,Object_01674
Unspecified,Object_13249
Flammable,Object_22681
Flammable,Object_25293
Pressurized,Object_00382
Toxic,Object_14798
Unspecified,Object_26348
Food,Object_13237
Radioactive,Object_17618
Fragile,Object_29960
Radioactive,Object_05576
Radioactive,Object_13169
Flammable,Object_27504
Radioactive,Object_03361
Corrosive,Object_23225
Explosive,Object_20391
Unspecified,Object_00468
Fragile,Object_30267
Unspecified,Object_26240
Oxidizing,Object_17803
Fragile,Object_01379
Fragile,Object_03152
Fragile,Object_17900
Unspecified,Object_10973
Radioactive,Object_27428
Unspecified,Object_18830
Oxidizing,Object_24132
Food,Object_22429
Unspecified,Object_12146
Explosive,Object_09367
Toxic,Object_09605
Flammable,Object_08562
Food,Object_27659
Explosive,Object_15291
Explosive,Object_03509
Unspecified,Object_07954
Unspecified,Object_15485
Radioactive,Object_04876
Flammable,Object_15189
Radioactive,Object_27870
Fragile,Object_11844
Toxic,Object_04751
Flammable,Object_11126
Explosive,Object_22683
Fragile,Object_07309
Radioactive,Object_26826
Fragile,Object_21873
Explosive,Object_04713
Corrosive,Object_21086
Food,Object_12353
Corrosive,Object_12311
Corrosive,Object_12475
Fragile,Object_23386
Food,Object_12734
Oxidizing,Object_12352
Flammable,Object_01585
Unspecified,Object_01036
Toxic,Object_12672
Fragile,Object_16948
Fragile,Object_19602
Explosive,Object_17954
Pressurized,Object_13181
Oxidizing,Object_07055
Explosive,Object_24190
Pressurized,Object_26466
Unspecified,Object_24528
Corrosive,Object_25861
Oxidizing,Object_28546
Fragile,Object_27097
Pressurized,Object_07710
Pressurized,Object_02781
Unspecified,Object_13736
Explosive,Object_27111
Unspecified,Object_27791
Food,Object_12956
Pressurized,Object_25182
Oxidizing,Object_24210
Flammable,Object_24909
Toxic,Object_00744
Oxidizing,Object_08269
Food,Object_04186
Food,Object_14658
Unspecified,Object_24255
Food,Object_29986
Unspecified,Object_12425
Pressurized,Object_19453
Corrosive,Object_03623
Oxidizing,Object_11513
Flammable,Object_24142
Explosive,Object_21379
Pressurized,Object_29058
Toxic,Object_04965
Radioactive,Object_22704
Explosive,Object_23436
Fragile,Object_25296
Oxidizing,Object_08054
Corrosive,Object_27227
Radioactive,Object_17571
Flammable,Object_13835
Fragile,Object_07240
Toxic,Object_05064
Corrosive,Object_13941
Fragile,Object_28138
Food,Object_01586
Fragile,Object_21985
Food,Object_04162
Food,Object_26847
Radioactive,Object_02552
Radioactive,Object_03560
Unspecified,Object_14056
Food,Object_05943
Food,Object_17591
Food,Object_27368
Corrosive,Object_04136
Explosive,Object_25955
Food,Object_13891
Flammable,Object_05535
Pressurized,Object_27910
Explosive,Object_30222
Flammable,Object_19604
Corrosive,Object_04545
Toxic,Object_00374
Fragile,Object_21394
Food,Object_02327
Pressurized,Object_16156
Flammable,Object_14244
Toxic,Object_08696
Toxic,Object_21602
Corrosive,Object_08861
Radioactive,Object_05602
Radioactive,Object_08966
Food,Object_11258
Unspecified,Object_24121
Food,Object_27612
Food,Object_28495
Explosive,Object_03790
Explosive,Object_26394
Corrosive,Object_26080
Toxic,Object_25575
Toxic,Object_06688
Fragile,Object_07753
Explosive,Object_21047
Explosive,Object_00073
Toxic,Object_06776
Unspecified,Object_13675
Oxidizing,Object_14255
Oxidizing,Object_30132
Corrosive,Object_15312
Toxic,Object_09257
Pressurized,Object_13578
Fragile,Object_08040
Fragile,Object_21501
Pressurized,Object_24383
Toxic,Object_16853
Toxic,Object_26501
Explosive,Object_10474
Oxidizing,Object_11655
Explosive,Object_27404
Radioactive,Object_10015
Radioactive,Object_24786
Explosive,Object_01561
Radioactive,Object_12487
Explosive,Object_11145
Toxic,Object_06726
Fragile,Object_11769
Unspecified,Object_24058
Toxic,Object_09418
Corrosive,Object_24427
Flammable,Object_23321
Food,Object_05075
Flammable,Object_02580
Fragile,Object_22546
Corrosive,Object_18052
Unspecified,Object_04599
Fragile,Object_24592
Flammable,Object_25226
Explosive,Object_13676
Corrosive,Object_05130
Flammable,Object_15502
Fragile,Object_08260
Unspecified,Object_01914
Food,Object_03466
Food,Object_13266
Explosive,Object_26436
Corrosive,Object_02003
Unspecified,Object_20327
Unspecified,Object_28240
Oxidizing,Object_07149
Unspecified,Object_01104
Explosive,Object_02478
Pressurized,Object_12288
Explosive,Object_07247
Corrosive,Object_10466
Fragile,Object_12278
Pressurized,Object_21447
Corrosive,Object_24901
Unspecified,Object_06114
Unspecified,Object_22838
Fragile,Object_18770
Toxic,Object_21677
Radioactive,Object_29324
Oxidizing,Object_16658
Radioactive,Object_25619
Flammable,Object_11115
Explosive,Object_24921
Oxidizing,Object_29613
Corrosive,Object_10363
Pressurized,Object_30137
Toxic,Object_18264
Corrosive,Object_06020
Food,Object_03223
Oxidizing,Object_25896
Radioactive,Object_20347
Toxic,Object_17807
Oxidizing,Object_30063
Flammable,Object_10691
Flammable,Object_26815
Explosive,Object_12951
Corrosive,Object_09975
Pressurized,Object_23320
Pressurized,Object_23712
Flammable,Object_04432
Food,Object_05228
Toxic,Object_16056
Pressurized,Object_04801
Flammable,Object_25359
Corrosive,Object_15738
Food,Object_23149
Flammable,Object_16295
Food,Object_25730
Fragile,Object_00745
Flammable,Object_11218
Fragile,Object_15618
Explosive,Object_21827
Flammable,Object_21957
Oxidizing,Object_20202
Food,Object_11564
Oxidizing,Object_02045
Radioactive,Object_22834
Food,Object_27583
Toxic,Object_01427
Toxic,Object_30110
Radioactive,Object_23271
Oxidizing,Object_04388
Pressurized,Object_02528
Oxidizing,Object_18269
Corrosive,Object_11083
Corrosive,Object_25510
Pressurized,Object_03389
Corrosive,Object_20803
Corrosive,Object_02758
Oxidizing,Object_15971
Toxic,Object_09670
Radioactive,Object_22858
Fragile,Object_11905
Oxidizing,Object_24582
Corrosive,Object_12104
Unspecified,Object_27625
Oxidizing,Object_13685
Unspecified,Object_29008
Fragile,Object_09730
Explosive,Object_18007
Fragile,Object_06958
Oxidizing,Object_24321
Toxic,Object_22158
Food,Object_09645
Pressurized,Object_01508
Oxidizing,Object_04503
Unspecified,Object_13086
Unspecified,Object_01470
Unspecified,Object_27895
Radioactive,Object_09024
Pressurized,Object_29155
Corrosive,Object_02087
Toxic,Object_00404
Food,Object_08969
Oxidizing,Object_28766
Food,Object_00183
Oxidizing,Object_06040
Radioactive,Object_21468
Radioactive,Object_30345
Food,Object_04111
Oxidizing,Object_04249
Flammable,Object_20957
Unspecified,Object_29940
Oxidizing,Object_26083
Flammable,Object_05017
Explosive,Object_03630
Radioactive,Object_28054
Radioactive,Object_10734
Radioactive,Object_05942
Radioactive,Object_18636
Corrosive,Object_16012
Pressurized,Object_29407
Oxidizing,Object_27169
Fragile,Object_03146
Food,Object_27833
Toxic,Object_00862
Corrosive,Object_27334
Oxidizing,Object_09580
Fragile,Object_01240
Toxic,Object_20237
Unspecified,Object_02647
Pressurized,Object_29641
Unspecified,Object_17265
Radioactive,Object_19376
Corrosive,Object_08327
Pressurized,Object_13145
Fragile,Object_19392
Food,Object_20855
Fragile,Object_10555
Pressurized,Object_26043
Food,Object_24323
Oxidizing,Object_24954
Unspecified,Object_29403
Toxic,Object_02541
Unspecified,Object_14676
Flammable,Object_01578
Corrosive,Object_16814
Flammable,Object_15161
Unspecified,Object_21347
Pressurized,Object_10891
Food,Object_29935
Toxic,Object_21992
Corrosive,Object_00596
Toxic,Object_18665
Food,Object_29864
Toxic,Object_20673
Oxidizing,Object_23308
Explosive,Object_15994
Flammable,Object_21780
Toxic,Object_04023
Corrosive,Object_22258
Unspecified,Object_20846
Explosive,Object_21865
Explosive,Object_02194
Explosive,Object_16664
Radioactive,Object_20118
Radioactive,Object_12798
Oxidizing,Object_00732
Toxic,Object_02138
Flammable,Object_06733
Fragile,Object_27100
Pressurized,Object_14433
Oxidizing,Object_25330
Oxidizing,Object_29336
Corrosive,Object_14505
Explosive,Object_00322
Fragile,Object_02970
Oxidizing,Object_18110
Fragile,Object_21707
Explosive,Object_25949
Food,Object_04654
Corrosive,Object_01738
Flammable,Object_03453
Pressurized,Object_19591
Flammable,Object_19222
Oxidizing,Object_18111
Flammable,Object_12688
Pressurized,Object_25500
Pressurized,Object_03692
Radioactive,Object_16514
Toxic,Object_17296
Fragile,Object_07013
Oxidizing,Object_21632
Flammable,Object_22421
Fragile,Object_10884
Flammable,Object_27374
Fragile,Object_01111
Food,Object_22259
Fragile,Object_16427
Explosive,Object_05269
Flammable,Object_07616
Pressurized,Object_14724
Unspecified,Object_02696
Toxic,Object_17135
Pressurized,Object_05198
Fragile,Object_08915
Fragile,Object_11877
Fragile,Object_00750
Food,Object_15724
Fragile,Object_25798
Radioactive,Object_03750
Oxidizing,Object_25305
Radioactive,Object_17612
Unspecified,Object_09500
Explosive,Object_01634
Oxidizing,Object_11514
Fragile,Object_06630
Toxic,Object_22761
Radioactive,Object_27083
Radioactive,Object_24154
Unspecified,Object_26010
Toxic,Object_07610
Corrosive,Object_22518
Oxidizing,Object_22945
Food,Object_27617
Explosive,Object_16618
Explosive,Object_28461
Food,Object_29313
Oxidizing,Object_16148
Explosive,Object_22171
Food,Object_21595
Unspecified,Object_19236
Fragile,Object_00546
Food,Object_05977
Explosive,Object_25492
Oxidizing,Object_23361
Explosive,Object_22743
Pressurized,Object_04748
Unspecified,Object_25615
Flammable,Object_05072
Fragile,Object_29589
Food,Object_13541
Radioactive,Object_13475
Fragile,Object_23163
Toxic,Object_03799
Fragile,Object_29800
Flammable,Object_03619
Oxidizing,Object_14186
Food,Object_03445
Fragile,Object_01442
Explosive,Object_10175
Radioactive,Object_28268
Pressurized,Object_29815
Unspecified,Object_24523
Food,Object_01216
Pressurized,Object_29284
Radioactive,Object_30195
Flammable,Object_19736
Pressurized,Object_23395
Radioactive,Object_24332
Radioactive,Object_29784
Food,Object_04910
Unspecified,Object_19558
Oxidizing,Object_03247
Flammable,Object_25248
Radioactive,Object_29564
Pressurized,Object_28931
Pressurized,Object_20410
Flammable,Object_04295
Oxidizing,Object_27165
Corrosive,Object_11870
Food,Object_27608
Oxidizing,Object_12339
Food,Object_13277
Radioactive,Object_15669
Explosive,Object_29662
Toxic,Object_16667
Pressurized,Object_17059
Food,Object_21046
Pressurized,Object_23564
Toxic,Object_28333
Pressurized,Object_18026
Radioactive,Object_26494
Unspecified,Object_23279
Corrosive,Object_24147
Toxic,Object_23621
Radioactive,Object_28120
Corrosive,Object_05934
Radioactive,Object_18215
Radioactive,Object_14885
Pressurized,Object_19459
Pressurized,Object_29363
Explosive,Object_29672
Food,Object_02612
Pressurized,Object_04852
Oxidizing,Object_06781
Corrosive,Object_28185
Toxic,Object_20083
Unspecified,Object_23778
Unspecified,Object_19035
Food,Object_18004
Corrosive,Object_02153
Oxidizing,Object_00218
Unspecified,Object_10468
Radioactive,Object_03270
Radioactive,Object_15254
Oxidizing,Object_04730
Pressurized,Object_24531
Food,Object_12260
Food,Object_19359
Pressurized,Object_11120
Pressurized,Object_07783
Fragile,Object_14552
Fragile,Object_24771
Unspecified,Object_05529
Radioactive,Object_08014
Food,Object_16032
Toxic,Object_01601
Flammable,Object_28981
Food,Object_25421
Toxic,Object_02800
Corrosive,Object_06622
Corrosive,Object_25144
Toxic,Object_12058
Oxidizing,Object_25943
Unspecified,Object_20747
Fragile,Object_11925
Food,Object_13606
Food,Object_30247
Flammable,Object_15332
Explosive,Object_30253
Explosive,Object_28012
Corrosive,Object_26149
Pressurized,Object_05266
Toxic,Object_01002
Fragile,Object_15686
Radioactive,Object_03174
Corrosive,Object_24463
Food,Object_21063
Explosive,Object_18247
Corrosive,Object_05188
Toxic,Object_01251
Pressurized,Object_23129
Corrosive,Object_19777
Corrosive,Object_22099
Pressurized,Object_30061
Fragile,Object_15992
Explosive,Object_22576
Food,Object_25475
Explosive,Object_30096
Toxic,Object_05635
Food,Object_02014
Corrosive,Object_22402
Explosive,Object_00973
Unspecified,Object_10757
Pressurized,Object_22874
Oxidizing,Object_05415
Unspecified,Object_09243
Flammable,Object_03413
Food,Object_14743
Unspecified,Object_28097
Corrosive,Object_03668
Food,Object_15405
Oxidizing,Object_00841
Flammable,Object_26183
Toxic,Object_21831
Corrosive,Object_26803
Oxidizing,Object_19897
Radioactive,Object_07377
Corrosive,Object_13300
Unspecified,Object_26831
Pressurized,Object_13071
Pressurized,Object_10989
Corrosive,Object_05719
Food,Object_23168
Explosive,Object_11995
Toxic,Object_09887
Toxic,Object_10874
Toxic,Object_09509
Explosive,Object_23760
Radioactive,Object_29106
Oxidizing,Object_26666
Fragile,Object_06376
Food,Object_28900
Flammable,Object_14961
Fragile,Object_08783
Fragile,Object_06589
Radioactive,Object_27983
Pressurized,Object_28447
Pressurized,Object_10305
Explosive,Object_11195
Corrosive,Object_02662
Toxic,Object_07100
Radioactive,Object_21911
Pressurized,Object_17307
Fragile,Object_09507
Flammable,Object_05101
Explosive,Object_00985
Unspecified,Object_15021
Pressurized,Object_11935
Toxic,Object_24428
Explosive,Object_08424
Pressurized,Object_13054
Toxic,Object_13520
Food,Object_01218
Flammable,Object_12424
Explosive,Object_24343
Toxic,Object_17095
Explosive,Object_04671
Radioactive,Object_02057
Oxidizing,Object_08106
Oxidizing,Object_18681
Oxidizing,Object_14275
Corrosive,Object_30018
Food,Object_12775
Explosive,Object_10157
Food,Object_05746
Food,Object_00581
Toxic,Object_14467
Pressurized,Object_00508
Oxidizing,Object_18254
Explosive,Object_04081
Toxic,Object_03773
Toxic,Object_13722
Fragile,Object_04326
Flammable,Object_25316
Radioactive,Object_17285
Corrosive,Object_00093
Pressurized,Object_15849
Corrosive,Object_02749
Food,Object_17055
Corrosive,Object_27249
Unspecified,Object_11477
Flammable,Object_21355
Corrosive,Object_01110
Corrosive,Object_02599
Unspecified,Object_18668
Explosive,Object_04354
Flammable,Object_05495
Explosive,Object_28307
Unspecified,Object_08415
Food,Object_03947
Oxidizing,Object_27919
Fragile,Object_24254
Toxic,Object_13377
Explosive,Object_04470
Fragile,Object_25630
Fragile,Object_19989
Explosive,Object_25739
Explosive,Object_02467
Oxidizing,Object_27861
Toxic,Object_03324
Explosive,Object_02449
Fragile,Object_10098
Radioactive,Object_05715
Explosive,Object_09697
Flammable,Object_16722
Oxidizing,Object_01575
Pressurized,Object_14487
Explosive,Object_26322
Unspecified,Object_18062
Radioactive,Object_13991
Radioactive,Object_00532
Pressurized,Object_17862
Unspecified,Object_05499
Radioactive,Object_16553
Fragile,Object_21114
Corrosive,Object_09152
Oxidizing,Object_20863
Toxic,Object_07925
Flammable,Object_04916
Unspecified,Object_24078
Pressurized,Object_12816
Radioactive,Object_07156
Corrosive,Object_22940
Explosive,Object_24152
Explosive,Object_15479
Radioactive,Object_04973
Pressurized,Object_04865
Unspecified,Object_05801
Flammable,Object_12421
Radioactive,Object_13087
Toxic,Object_10554
Pressurized,Object_14718
Corrosive,Object_09141
Fragile,Object_28498
Flammable,Object_28702
Flammable,Object_25024
Radioactive,Object_17074
Flammable,Object_03364
Unspecified,Object_17822
Food,Object_19003
Flammable,Object_22989
Toxic,Object_30272
Pressurized,Object_13430
Fragile,Object_12430
Flammable,Object_26625
Unspecified,Object_16140
Explosive,Object_27092
Oxidizing,Object_25819
Food,Object_22314
Food,Object_03725
Food,Object_04333
Oxidizing,Object_17739
Pressurized,Object_04568
Pressurized,Object_12015
Oxidizing,Object_28494
Toxic,Object_00451
Pressurized,Object_29339
Fragile,Object_28868
Corrosive,Object_07551
Corrosive,Object_29903
Unspecified,Object_06860
Fragile,Object_12048
Flammable,Object_04283
Unspecified,Object_26160
Oxidizing,Object_04345
Fragile,Object_10375
Toxic,Object_23126
Radioactive,Object_13948
Corrosive,Object_08579
Explosive,Object_29805
Toxic,Object_27346
Fragile,Object_09464
Oxidizing,Object_14742
Oxidizing,Object_07077
Oxidizing,Object_20061
Oxidizing,Object_24302
Unspecified,Object_21356
Explosive,Object_02590
Toxic,Object_22039
Fragile,Object_01640
Food,Object_08835
Oxidizing,Object_03133
Pressurized,Object_04046
Corrosive,Object_05501
Corrosive,Object_15974
Oxidizing,Object_24379
Fragile,Object_18589
Radioactive,Object_01589
Pressurized,Object_11387
Radioactive,Object_17870
Explosive,Object_02713
Food,Object_15311
Unspecified,Object_16946
Radioactive,Object_06543
Corrosive,Object_03120
Fragile,Object_21110
Fragile,Object_14623
Radioactive,Object_04652
Explosive,Object_16935
Flammable,Object_22949
Pressurized,Object_11136
Food,Object_25211
Radioactive,Object_23870
Food,Object_02944
Fragile,Object_12379
Explosive,Object_00230
Corrosive,Object_27997
Fragile,Object_05617
Radioactive,Object_28724
Explosive,Object_27867
Corrosive,Object_27661
Radioactive,Object_00151
Radioactive,Object_16249
Toxic,Object_02617
Radioactive,Object_29289
Explosive,Object_14368
Pressurized,Object_27660
Unspecified,Object_16999
Oxidizing,Object_16720
Pressurized,Object_07893
Oxidizing,Object_07409
Explosive,Object_12512
Fragile,Object_28842
Unspecified,Object_23158
Toxic,Object_08775
Corrosive,Object_00601
Unspecified,Object_19328
Toxic,Object_22708
Unspecified,Object_20139
Food,Object_21651
Radioactive,Object_07896
Unspecified,Object_12279
Oxidizing,Object_19329
Food,Object_13214
Fragile,Object_18489
Food,Object_19261
Corrosive,Object_21302
Toxic,Object_09341
Fragile,Object_26172
Fragile,Object_01731
Unspecified,Object_22835
Explosive,Object_27705
Flammable,Object_28397
Unspecified,Object_28864
Oxidizing,Object_02954
Food,Object_05376
Oxidizing,Object_23835
Corrosive,Object_28742
Food,Object_15633
Corrosive,Object_20712
Flammable,Object_13141
Radioactive,Object_19249
Unspecified,Object_24815
Pressurized,Object_24181
Food,Object_10409
Explosive,Object_26808
Fragile,Object_28521
Toxic,Object_27969
Flammable,Object_06240
Flammable,Object_16307
Flammable,Object_19562
Oxidizing,Object_16013
Pressurized,Object_04618
Unspecified,Object_30221
Pressurized,Object_16468
Oxidizing,Object_10922
Pressurized,Object_27642
Corrosive,Object_18367
Toxic,Object_22967
Explosive,Object_03260
Pressurized,Object_04436
Unspecified,Object_16081
Fragile,Object_02825
Corrosive,Object_05821
Fragile,Object_04090
Unspecified,Object_13446
Unspecified,Object_10937
Pressurized,Object_11957
Pressurized,Object_18398
Corrosive,Object_30019
Oxidizing,Object_02666
Oxidizing,Object_05599
Corrosive,Object_06051
Oxidizing,Object_19186
Pressurized,Object_15829
Pressurized,Object_01686
Toxic,Object_24331
Explosive,Object_05349
Unspecified,Object_29867
Food,Object_17812
Flammable,Object_01481
Explosive,Object_24660
Food,Object_02485
Toxic,Object_16272
Corrosive,Object_11828
Food,Object_17798
Pressurized,Object_20838
Flammable,Object_27321
Unspecified,Object_01485
Explosive,Object_13562
Explosive,Object_19510
Flammable,Object_27623
Corrosive,Object_19313
Oxidizing,Object_14914
Fragile,Object_14337
Toxic,Object_06267
Oxidizing,Object_18214
Explosive,Object_08344
Food,Object_04539
Flammable,Object_03677
Oxidizing,Object_21552
Explosive,Object_01824
Oxidizing,Object_15854
Explosive,Object_01981
Unspecified,Object_28935
Explosive,Object_06819
Food,Object_24705
Flammable,Object_03046
Radioactive,Object_05253
Oxidizing,Object_04267
Flammable,Object_04358
Radioactive,Object_19613
Radioactive,Object_26091
Oxidizing,Object_10276
Food,Object_12754
Explosive,Object_04144
Explosive,Object_12291
Corrosive,Object_21298
Explosive,Object_15851
Pressurized,Object_06805
Pressurized,Object_17188
Radioactive,Object_18192
Pressurized,Object_19231
Explosive,Object_01775
Pressurized,Object_16916
Flammable,Object_10418
Unspecified,Object_13492
Unspecified,Object_14536
Flammable,Object_18177
Food,Object_21852
Fragile,Object_01428
Unspecified,Object_06522
Oxidizing,Object_16774
Explosive,Object_26407
Flammable,Object_14000
Pressurized,Object_10344
Radioactive,Object_01701
Oxidizing,Object_01425
Fragile,Object_27530
Explosive,Object_19827
Oxidizing,Object_20586
Fragile,Object_21982
Flammable,Object_14820
Food,Object_21575
Fragile,Object_14231
Flammable,Object_03510
Fragile,Object_03625
Pressurized,Object_24453
Oxidizing,Object_10518
Unspecified,Object_01548
Flammable,Object_23196
Flammable,Object_14232
Toxic,Object_25287
Fragile,Object_15754
Fragile,Object_15508
Corrosive,Object_20797
Corrosive,Object_18820
Flammable,Object_23823
Unspecified,Object_20420
Radioactive,Object_22217
Pressurized,Object_02576
Unspecified,Object_07602
Flammable,Object_27904
Pressurized,Object_13445
Fragile,Object_18459
Food,Object_09544
Pressurized,Object_11471
Fragile,Object_11801
Corrosive,Object_07193
Unspecified,Object_12752
Explosive,Object_14864
Food,Object_17734
Radioactive,Object_12848
Explosive,Object_08052
Fragile,Object_00678
Corrosive,Object_15559
Fragile,Object_10122
Food,Object_27044
Food,Object_28465
Oxidizing,Object_23300
Pressurized,Object_14723
Radioactive,Object_05727
Toxic,Object_25786
Food,Object_17940
Flammable,Object_08461
Toxic,Object_25795
Flammable,Object_21467
Food,Object_23394
Fragile,Object_01805
Toxic,Object_03518
Explosive,Object_16677
Fragile,Object_24915
Food,Object_23448
Radioactive,Object_19278
Radioactive,Object_02423
Corrosive,Object_18351
Flammable,Object_25026
Explosive,Object_05815
Radioactive,Object_09496
Radioactive,Object_17133
Unspecified,Object_00898
Fragile,Object_18865
Oxidizing,Object_16285
Corrosive,Object_29536
Unspecified,Object_11606
Corrosive,Object_20075
Corrosive,Object_03501
Explosive,Object_17710
Flammable,Object_14948
Toxic,Object_00455
Fragile,Object_23788
Pressurized,Object_12836
Flammable,Object_01779
Food,Object_11795
Radioactive,Object_17655
Corrosive,Object_05246
Toxic,Object_13634
Food,Object_23487
Corrosive,Object_06938
Fragile,Object_04588
Fragile,Object_05133
Toxic,Object_22807
Corrosive,Object_15671
Unspecified,Object_23913
Food,Object_00654
Flammable,Object_00242
Explosive,Object_17652
Food,Object_09155
Fragile,Object_22731
Food,Object_23611
Radioactive,Object_21069
Radioactive,Object_14403
Toxic,Object_06262
Toxic,Object_20653
Toxic,Object_06952
Radioactive,Object_10262
Food,Object_08342
Corrosive,Object_01467
Flammable,Object_13518
Food,Object_30025
Fragile,Object_27944
Oxidizing,Object_12929
Pressurized,Object_11591
Unspecified,Object_08297
Corrosive,Object_20769
Food,Object_03267
Fragile,Object_05517
Oxidizing,Object_22113
Explosive,Object_23403
Unspecified,Object_27781
Unspecified,Object_25219
Corrosive,Object_28241
Radioactive,Object_26029
Corrosive,Object_18337
Pressurized,Object_29275
Fragile,Object_06519
Toxic,Object_05820
Explosive,Object_14547
Food,Object_25266
Food,Object_24482
Food,Object_07199
Radioactive,Object_09485
Oxidizing,Object_02562
Oxidizing,Object_08099
Unspecified,Object_23625
Oxidizing,Object_28175
Radioactive,Object_21913
Toxic,Object_28449
Toxic,Object_21461
Oxidizing,Object_05462
Radioactive,Object_30062
Food,Object_15027
Food,Object_09108
Corrosive,Object_27754
Corrosive,Object_15947
Fragile,Object_09427
Pressurized,Object_28803
Oxidizing,Object_06345
Pressurized,Object_10629
Flammable,Object_06093
Unspecified,Object_03822
Toxic,Object_04348
Radioactive,Object_22575
Pressurized,Object_18073
Fragile,Object_18076
Fragile,Object_26568
Flammable,Object_26719
Pressurized,Object_23759
Radioactive,Object_20211
Corrosive,Object_20058
Pressurized,Object_14681
Explosive,Object_01332
Pressurized,Object_07700
Explosive,Object_03767
Unspecified,Object_13471
Explosive,Object_26374
Explosive,Object_19298
Radioactive,Object_11170
Pressurized,Object_29537
Fragile,Object_06814
Oxidizing,Object_08343
Pressurized,Object_14101
Oxidizing,Object_16484
Radioactive,Object_20351
Food,Object_27737
Corrosive,Object_08129
Radioactive,Object_04371
Oxidizing,Object_15347
Flammable,Object_23903
Toxic,Object_13470
Corrosive,Object_27900
Radioactive,Object_10715
Corrosive,Object_30091
Oxidizing,Object_17582
Toxic,Object_27353
Oxidizing,Object_18608
Toxic,Object_02187
Food,Object_30224
Pressurized,Object_23725
Radioactive,Object_09928
Fragile,Object_12130
Flammable,Object_10749
Pressurized,Object_02874
Corrosive,Object_09187
Pressurized,Object_03454
Fragile,Object_01532
Unspecified,Object_08486
Explosive,Object_12343
Food,Object_10966
Toxic,Object_00274
Flammable,Object_06018
Corrosive,Object_20247
Toxic,Object_07437
Pressurized,Object_09248
Pressurized,Object_07123
Flammable,Object_01807
Corrosive,Object_22721
Corrosive,Object_09510
Corrosive,Object_02226
Explosive,Object_18104
Oxidizing,Object_01369
Food,Object_03226
Corrosive,Object_15783
Radioactive,Object_13558
Oxidizing,Object_21951
Explosive,Object_30299
Fragile,Object_23623
Radioactive,Object_05975
Radioactive,Object_00855
Flammable,Object_14650
Flammable,Object_25746
Unspecified,Object_20811
Unspecified,Object_04540
Oxidizing,Object_15157
Oxidizing,Object_10087
Corrosive,Object_22058
Oxidizing,Object_27261
Toxic,Object_16380
Oxidizing,Object_01306
Corrosive,Object_00275
Explosive,Object_27933
Unspecified,Object_05784
Flammable,Object_29060
Food,Object_07636
Pressurized,Object_24200
Oxidizing,Object_17115
Pressurized,Object_13855
Corrosive,Object_29692
Unspecified,Object_19033
Toxic,Object_11627
Oxidizing,Object_03126
Oxidizing,Object_24002
Pressurized,Object_00128
Fragile,Object_08183
Fragile,Object_07641
Pressurized,Object_20127
Food,Object_19921
Pressurized,Object_03803
Flammable,Object_08672
Food,Object_15398
Explosive,Object_08126
Pressurized,Object_20550
Toxic,Object_22485
Pressurized,Object_19295
Explosive,Object_29599
Fragile,Object_16970
Food,Object_10200
Flammable,Object_08960
Oxidizing,Object_28616
Pressurized,Object_21818
Unspecified,Object_23734
Food,Object_15841
Food,Object_15022
Flammable,Object_19143
Toxic,Object_10048
Fragile,Object_10694
Radioactive,Object_13530
Pressurized,Object_02111
Unspecified,Object_27399
Toxic,Object_05933
Unspecified,Object_21123
Flammable,Object_08663
Toxic,Object_27626
Toxic,Object_16224
Oxidizing,Object_15911
Unspecified,Object_29448
Oxidizing,Object_08300
Unspecified,Object_02374
Corrosive,Object_24829
Flammable,Object_13669
Fragile,Object_29096
Radioactive,Object_11623
Explosive,Object_26665
Unspecified,Object_27051
Fragile,Object_12561
Fragile,Object_24623
Food,Object_14286
Pressurized,Object_02424
Explosive,Object_24630
Fragile,Object_21456
Explosive,Object_18294
Corrosive,Object_22895
Radioactive,Object_02214
Pressurized,Object_13422
Radioactive,Object_11475
Oxidizing,Object_10541
Radioactive,Object_19624
Pressurized,Object_09828
Fragile,Object_17970
Flammable,Object_10229
Oxidizing,Object_09602
Food,Object_10906
Pressurized,Object_17566
Toxic,Object_11878
Oxidizing,Object_02193
Explosive,Object_16832
Fragile,Object_13960
Unspecified,Object_03295
Unspecified,Object_16687
Flammable,Object_18682
Unspecified,Object_21733
Food,Object_11928
Flammable,Object_30066
Explosive,Object_22211
Corrosive,Object_16903
Food,Object_28260
Radioactive,Object_14027
Explosive,Object_25854
Oxidizing,Object_12001
Oxidizing,Object_08071
Food,Object_00280
Food,Object_10503
Oxidizing,Object_28793
Fragile,Object_07673
Flammable,Object_01788
Oxidizing,Object_28123
Oxidizing,Object_13982
Pressurized,Object_12661
Pressurized,Object_21093
Unspecified,Object_21407
Radioactive,Object_02136
Unspecified,Object_29493
Unspecified,Object_24019
Pressurized,Object_28432
Radioactive,Object_02028
Fragile,Object_04948
Fragile,Object_25922
Fragile,Object_25084
Unspecified,Object_28570
Food,Object_15915
Fragile,Object_05603
Fragile,Object_15214
Corrosive,Object_14802
Toxic,Object_03258
Explosive,Object_03673
Corrosive,Object_27939
Pressurized,Object_18467
Flammable,Object_17682
Toxic,Object_16980
Food,Object_12470
Oxidizing,Object_17339
Flammable,Object_14721
Food,Object_18393
Flammable,Object_22168
Toxic,Object_08774
Food,Object_09575
Explosive,Object_18859
Flammable,Object_26163
Unspecified,Object_29387
Unspecified,Object_01729
Food,Object_16955
Unspecified,Object_07036
Corrosive,Object_09681
Flammable,Object_04842
Pressurized,Object_05941
Fragile,Object_06413
Toxic,Object_23246
Flammable,Object_12878
Oxidizing,Object_09911
Flammable,Object_15529
Pressurized,Object_04493
Fragile,Object_12114
Food,Object_16428
Toxic,Object_06392
Explosive,Object_24732
Flammable,Object_28236
Explosive,Object_24821
Oxidizing,Object_20389
Oxidizing,Object_22184
Toxic,Object_00941
Fragile,Object_04043
Explosive,Object_10487
Pressurized,Object_08666
Corrosive,Object_07243
Pressurized,Object_00247
Fragile,Object_19283
Pressurized,Object_13195
Radioactive,Object_18027
Food,Object_17961
Corrosive,Object_19098
Fragile,Object_18842
Food,Object_16938
Explosive,Object_11226
Pressurized,Object_02951
Oxidizing,Object_19088
Flammable,Object_29771
Fragile,Object_03376
Fragile,Object_21430
Fragile,Object_17614
Corrosive,Object_26054
Radioactive,Object_15693
Corrosive,Object_01751
Radioactive,Object_13164
Corrosive,Object_01698
Corrosive,Object_10529
Food,Object_14198
Food,Object_20449
Corrosive,Object_09582
Oxidizing,Object_20806
Food,Object_06314
Explosive,Object_00158
Corrosive,Object_15617
Explosive,Object_15703
Flammable,Object_26216
Unspecified,Object_05034
Oxidizing,Object_00802
Unspecified,Object_02180
Explosive,Object_12650
Oxidizing,Object_02284
Radioactive,Object_17081
Corrosive,Object_03297
Toxic,Object_14418
Oxidizing,Object_11910
Food,Object_18962
Flammable,Object_05326
Flammable,Object_29922
Pressurized,Object_00915
Corrosive,Object_05076
Radioactive,Object_06062
Food,Object_18210
Corrosive,Object_26498
Fragile,Object_11708
Food,Object_13324
Flammable,Object_29612
Food,Object_28585
Corrosive,Object_16108
Radioactive,Object_15025
Radioactive,Object_17196
Fragile,Object_28159
Unspecified,Object_04240
Corrosive,Object_24412
Food,Object_09789
Flammable,Object_14694
Flammable,Object_10283
Fragile,Object_27042
Oxidizing,Object_06436
Oxidizing,Object_00377
Pressurized,Object_13535
Flammable,Object_29238
Corrosive,Object_10401
Food,Object_12082
Toxic,Object_27286
Oxidizing,Object_11582
Food,Object_10675
Explosive,Object_07758
Unspecified,Object_01920
Pressurized,Object_28507
Corrosive,Object_11941
Pressurized,Object_25962
Toxic,Object_21950
Oxidizing,Object_16791
Explosive,Object_16017
Fragile,Object_04680
Corrosive,Object_06398
Pressurized,Object_20730
Radioactive,Object_20106
Radioactive,Object_19691
Unspecified,Object_13493
Fragile,Object_15490
Oxidizing,Object_08949
Food,Object_05164
Oxidizing,Object_27725
Toxic,Object_06549
Explosive,Object_09586
Food,Object_20906
Toxic,Object_13205
Radioactive,Object_05505
Corrosive,Object_08664
Oxidizing,Object_27815
Oxidizing,Object_22194
Unspecified,Object_29044
Food,Object_27987
Pressurized,Object_00648
Flammable,Object_18754
Oxidizing,Object_23935
Flammable,Object_19358
Fragile,Object_22996
Pressurized,Object_17404
Pressurized,Object_26969
Explosive,Object_30011
Corrosive,Object_01040
Fragile,Object_28575
Flammable,Object_02384
Explosive,Object_30023
Unspecified,Object_19171
Toxic,Object_26313
Oxidizing,Object_17935
Food,Object_17919
Corrosive,Object_04113
Flammable,Object_16393
Pressurized,Object_15356
Food,Object_10119
Explosive,Object_26805
Unspecified,Object_13094
Radioactive,Object_13317
Pressurized,Object_03631
Oxidizing,Object_25708
Radioactive,Object_18901
Pressurized,Object_22511
Explosive,Object_06521
Fragile,Object_21684
Corrosive,Object_24029
Fragile,Object_18704
Radioactive,Object_10091
Pressurized,Object_13076
Pressurized,Object_14832
Corrosive,Object_20232
Oxidizing,Object_20431
Unspecified,Object_16294
Explosive,Object_11421
Toxic,Object_03866
Radioactive,Object_10717
Radioactive,Object_05117
Pressurized,Object_00354
Oxidizing,Object_24755
Flammable,Object_12583
Toxic,Object_06198
Corrosive,Object_11420
Radioactive,Object_18948
Flammable,Object_24844
Fragile,Object_26016
Fragile,Object_12612
Explosive,Object_04257
Flammable,Object_24562
Explosive,Object_01504
Flammable,Object_08615
Corrosive,Object_10526
Food,Object_08045
Pressurized,Object_26827
Toxic,Object_21699
Fragile,Object_29042
Explosive,Object_25411
Food,Object_05706
Food,Object_22702
Explosive,Object_27235
Corrosive,Object_13595
Toxic,Object_01096
Toxic,Object_16263
Food,Object_24730
Toxic,Object_12736
Pressurized,Object_18835
Food,Object_25310
Radioactive,Object_07329
Unspecified,Object_14675
Corrosive,Object_15426
Corrosive,Object_15143
Toxic,Object_21226
Oxidizing,Object_19877
Flammable,Object_26604
Fragile,Object_15726
Corrosive,Object_29151
Pressurized,Object_10693
Explosive,Object_26049
Radioactive,Object_21584
Oxidizing,Object_28238
Fragile,Object_00615
Flammable,Object_09894
Food,Object_19398
Flammable,Object_26422
Fragile,Object_03943
Food,Object_26114
Corrosive,Object_21187
Corrosive,Object_05100
Flammable,Object_01053
Radioactive,Object_11058
Toxic,Object_04630
Fragile,Object_00324
Pressurized,Object_10652
Food,Object_13023
Radioactive,Object_17502
Corrosive,Object_24457
Unspecified,Object_12738
Radioactive,Object_27153
Flammable,Object_06218
Flammable,Object_08933
Toxic,Object_26952
Pressurized,Object_00740
Pressurized,Object_16076
Oxidizing,Object_24538
Flammable,Object_04894
Flammable,Object_18490
Flammable,Object_20468
Corrosive,Object_22446
Oxidizing,Object_19669
Pressurized,Object_11087
Oxidizing,Object_04070
Toxic,Object_02534
Oxidizing,Object_14446
Toxic,Object_03893
Oxidizing,Object_25234
Radioactive,Object_24793
Explosive,Object_00334
Unspecified,Object_20629
Flammable,Object_26875
Food,Object_24363
Unspecified,Object_27978
Pressurized,Object_11869
Pressurized,Object_13593
Flammable,Object_28393
Corrosive,Object_17609
Toxic,Object_12626
Unspecified,Object_15636
Oxidizing,Object_04374
Corrosive,Object_14667
Food,Object_28205
Pressurized,Object_11853
Pressurized,Object_08898
Pressurized,Object_23740
Flammable,Object_18819
Corrosive,Object_25166
Pressurized,Object_00386
Toxic,Object_01687
Toxic,Object_13403
Food,Object_27048
Flammable,Object_21498
Oxidizing,Object_19767
Corrosive,Object_05191
Pressurized,Object_27340
Fragile,Object_26500
Flammable,Object_28737
Radioactive,Object_30234
Corrosive,Object_21025
Oxidizing,Object_21296
Radioactive,Object_12325
Unspecified,Object_25964
Explosive,Object_14642
Pressurized,Object_12081
Radioactive,Object_03966
Radioactive,Object_14587
Corrosive,Object_08015
Toxic,Object_04555
Radioactive,Object_13365
Corrosive,Object_07945
Unspecified,Object_13997
Toxic,Object_00070
Radioactive,Object_09528
Toxic,Object_13223
Unspecified,Object_09160
Unspecified,Object_17389
Toxic,Object_03465
Explosive,Object_06324
Explosive,Object_13172
Unspecified,Object_12434
Explosive,Object_22939
Fragile,Object_22951
Explosive,Object_00662
Fragile,Object_22840
Oxidizing,Object_02592
Toxic,Object_27313
Oxidizing,Object_26375
Pressurized,Object_03743
Unspecified,Object_21441
Explosive,Object_28645
Toxic,Object_03066
Flammable,Object_28667
Toxic,Object_08677
Unspecified,Object_00857
Corrosive,Object_08281
Flammable,Object_14781
Oxidizing,Object_15890
Unspecified,Object_02176
Oxidizing,Object_15348
Flammable,Object_23524
Corrosive,Object_18340
Unspecified,Object_13362
Toxic,Object_22159
Radioactive,Object_28206
Food,Object_01913
Toxic,Object_29557
Radioactive,Object_05490
Unspecified,Object_08213
Explosive,Object_16990
Toxic,Object_02414
Radioactive,Object_17562
Flammable,Object_23528
Corrosive,Object_24681
Food,Object_29421
Fragile,Object_13813
Food,Object_09881
Pressurized,Object_19647
Toxic,Object_23505
Pressurized,Object_22637
Toxic,Object_27690
Food,Object_23649
Pressurized,Object_12907
Oxidizing,Object_28991
Explosive,Object_02807
Fragile,Object_25416
Explosive,Object_13031
Explosive,Object_13426
Radioactive,Object_20267
Fragile,Object_02507
Pressurized,Object_26048
Pressurized,Object_23883
Unspecified,Object_04405
Radioactive,Object_18483
Explosive,Object_21576
Explosive,Object_06169
Toxic,Object_20383
Unspecified,Object_28217
Food,Object_19287
Explosive,Object_22994
Unspecified,Object_28715
Toxic,Object_11085
Pressurized,Object_17153
Fragile,Object_27830
Radioactive,Object_13455
Food,Object_14967
Flammable,Object_24042
Flammable,Object_20229
Corrosive,Object_10638
Fragile,Object_21011
Toxic,Object_06600
Fragile,Object_20016
Pressurized,Object_13566
Oxidizing,Object_30189
Corrosive,Object_13253
Unspecified,Object_12861
Flammable,Object_09387
Toxic,Object_07394
Radioactive,Object_04494
Flammable,Object_08387
Flammable,Object_30026
Corrosive,Object_04978
Explosive,Object_09860
Flammable,Object_01955
Explosive,Object_22920
Explosive,Object_15449
Fragile,Object_24853
Oxidizing,Object_03590
Flammable,Object_28497
Radioactive,Object_13234
Oxidizing,Object_20066
Flammable,Object_04737
Fragile,Object_27805
Fragile,Object_10577
Pressurized,Object_27087
Unspecified,Object_17985
Corrosive,Object_00133
Food,Object_11242
Unspecified,Object_00019
Radioactive,Object_10797
Oxidizing,Object_06439
Food,Object_05263
Flammable,Object_19181
Toxic,Object_11187
Fragile,Object_14821
Radioactive,Object_06078
Corrosive,Object_24741
Pressurized,Object_10584
Radioactive,Object_02108
Pressurized,Object_23684
Pressurized,Object_02095
Oxidizing,Object_08712
Corrosive,Object_27578
Flammable,Object_10120
Unspecified,Object_30030
Toxic,Object_01747
Food,Object_23946
Corrosive,Object_05407
Flammable,Object_17244
Toxic,Object_13505
Flammable,Object_10502
Pressurized,Object_17315
Unspecified,Object_05522
Explosive,Object_27204
Radioactive,Object_08858
Toxic,Object_23410
Food,Object_12242
Fragile,Object_28940
Corrosive,Object_03813
Toxic,Object_02356
Food,Object_02757
Pressurized,Object_14923
Fragile,Object_06080
Food,Object_01608
Flammable,Object_04292
Flammable,Object_18543
Food,Object_16739
Food,Object_19211
Radioactive,Object_17762
Flammable,Object_01667
Fragile,Object_30285
Fragile,Object_04054
Food,Object_18121
Toxic,Object_13638
Food,Object_16872
Pressurized,Object_01643
Radioactive,Object_17287
Food,Object_12847
Corrosive,Object_02793
Toxic,Object_17121
Flammable,Object_01169
Corrosive,Object_24347
Unspecified,Object_14001
Food,Object_08429
Corrosive,Object_19193
Fragile,Object_07841
Corrosive,Object_17255
Radioactive,Object_15850
Radioactive,Object_01395
Fragile,Object_20505
Unspecified,Object_01011
Unspecified,Object_25347
Food,Object_01370
Explosive,Object_11741
Toxic,Object_08931
Radioactive,Object_27367
Toxic,Object_20596
Explosive,Object_09349
Corrosive,Object_19216
Food,Object_01874
Fragile,Object_07153
Explosive,Object_04636
Unspecified,Object_17735
Corrosive,Object_06613
Fragile,Object_05917
Corrosive,Object_20430
Toxic,Object_19049
Corrosive,Object_02007
Oxidizing,Object_14847
Oxidizing,Object_01574
Radioactive,Object_28987
Fragile,Object_28909
Unspecified,Object_20483
Flammable,Object_22821
Food,Object_04056
Toxic,Object_03604
Explosive,Object_09090
Explosive,Object_17005
Flammable,Object_17465
Explosive,Object_09565
Oxidizing,Object_18916
Corrosive,Object_03105
Food,Object_08252
Radioactive,Object_14226
Flammable,Object_17326
Toxic,Object_20142
Toxic,Object_06916
Explosive,Object_07320
Flammable,Object_19375
Radioactive,Object_14516
Unspecified,Object_22450
Pressurized,Object_22382
Corrosive,Object_13796
Corrosive,Object_24279
Corrosive,Object_08800
Food,Object_18712
Explosive,Object_22308
Explosive,Object_26766
Toxic,Object_02239
Oxidizing,Object_27338
Corrosive,Object_21834
Fragile,Object_29367
Radioactive,Object_29021
Explosive,Object_00807
Corrosive,Object_23117
Radioactive,Object_01515
Food,Object_10939
Unspecified,Object_28334
Fragile,Object_25550
Radioactive,Object_11165
Unspecified,Object_05963
Oxidizing,Object_14935
Radioactive,Object_15309
Toxic,Object_07396
Explosive,Object_04942
Explosive,Object_08937
Radioactive,Object_22862
Food,Object_02639
Pressurized,Object_04152
Flammable,Object_20120
Fragile,Object_11131
Explosive,Object_04993
Flammable,Object_14757
Unspecified,Object_24964
Pressurized,Object_22340
Pressurized,Object_10819
Flammable,Object_27759
Oxidizing,Object_29646
Unspecified,Object_05867
Pressurized,Object_08352
Radioactive,Object_00925
Flammable,Object_01091
Unspecified,Object_04564
Food,Object_23310
Fragile,Object_11548
Toxic,Object_14486
Radioactive,Object_00914
Radioactive,Object_13867
Flammable,Object_27454
Flammable,Object_01765
Pressurized,Object_14874
Corrosive,Object_22911
Toxic,Object_18631
Flammable,Object_17670
Fragile,Object_07591
Explosive,Object_17629
Food,Object_08976
Unspecified,Object_02116
Oxidizing,Object_20832
Flammable,Object_28428
Fragile,Object_11956
Radioactive,Object_27970
Pressurized,Object_08031
Flammable,Object_00971
Food,Object_24543
Corrosive,Object_10633
Radioactive,Object_17544
Fragile,Object_01000
Fragile,Object_05089
Flammable,Object_25013
Pressurized,Object_24207
Unspecified,Object_21315
Flammable,Object_22750
Corrosive,Object_20683
Radioactive,Object_14084
Toxic,Object_22907
Pressurized,Object_08900
Food,Object_17234
Unspecified,Object_21976
Corrosive,Object_18695
Toxic,Object_30290
Corrosive,Object_12236
Unspecified,Object_29206
Explosive,Object_04758
Flammable,Object_06908
Oxidizing,Object_00307
Fragile,Object_25498
Flammable,Object_16627
Unspecified,Object_15652
Toxic,Object_04416
Toxic,Object_01873
Toxic,Object_17044
Unspecified,Object_24046
Food,Object_08215
Fragile,Object_26221
Food,Object_26717
Pressurized,Object_15577
Flammable,Object_02158
Food,Object_10835
Radioactive,Object_03091
Oxidizing,Object_26168
Oxidizing,Object_26179
Flammable,Object_09012
Flammable,Object_10414
Flammable,Object_15713
Unspecified,Object_07867
Explosive,Object_25237
Corrosive,Object_17729
Toxic,Object_15657
Toxic,Object_12533
Food,Object_27516
Food,Object_02830
Food,Object_28862
Explosive,Object_08094
Oxidizing,Object_08830
Flammable,Object_24090
Flammable,Object_28826
Radioactive,Object_20576
Pressurized,Object_16442
Pressurized,Object_08743
Unspecified,Object_09926
Fragile,Object_18063
Corrosive,Object_15545
Oxidizing,Object_24668
Toxic,Object_23066
Explosive,Object_26742
Explosive,Object_23751
Corrosive,Object_23094
Corrosive,Object_16223
Fragile,Object_12315
Pressurized,Object_11150
Explosive,Object_10897
Pressurized,Object_18840
Flammable,Object_18875
Explosive,Object_02073
Oxidizing,Object_27253
Radioactive,Object_26997
Unspecified,Object_22640
Flammable,Object_15895
Explosive,Object_06402
Pressurized,Object_11590
Unspecified,Object_24703
Flammable,Object_15679
Fragile,Object_30144
Oxidizing,Object_21144
Toxic,Object_12432
Pressurized,Object_02352
Flammable,Object_02215
Corrosive,Object_14298
Flammable,Object_16770
Toxic,Object_27154
Flammable,Object_29270
Food,Object_11503
Oxidizing,Object_27053
Fragile,Object_17220
Corrosive,Object_11264
Pressurized,Object_10546
Flammable,Object_25457
Oxidizing,Object_19756
Explosive,Object_05879
Flammable,Object_15450
Explosive,Object_08761
Corrosive,Object_00598
Food,Object_03398
Radioactive,Object_29923
Oxidizing,Object_05911
Radioactive,Object_24283
Oxidizing,Object_28351
Toxic,Object_29660
Unspecified,Object_25466
Explosive,Object_25742
Food,Object_02718
Fragile,Object_29466
Unspecified,Object_02459
Radioactive,Object_26286
Pressurized,Object_28569
Food,Object_27884
Radioactive,Object_01758
Explosive,Object_09182
Pressurized,Object_25834
Explosive,Object_22359
Oxidizing,Object_26560
Explosive,Object_13106
Food,Object_27394
Explosive,Object_20977
Fragile,Object_13912
Oxidizing,Object_27996
Pressurized,Object_05726
Explosive,Object_15677
Oxidizing,Object_16029
Unspecified,Object_09588
Flammable,Object_08954
Food,Object_21322
Toxic,Object_26233
Radioactive,Object_18676
Explosive,Object_28550
Flammable,Object_29964
Oxidizing,Object_28360
Toxic,Object_22453
Pressurized,Object_08113
Explosive,Object_16355
Toxic,Object_14930
Unspecified,Object_27285
Explosive,Object_26013
Pressurized,Object_24970
Oxidizing,Object_04700
Toxic,Object_12411
Explosive,Object_07467
Oxidizing,Object_28619
Oxidizing,Object_28272
Unspecified,Object_18649
Pressurized,Object_25808
Fragile,Object_11913
Toxic,Object_08753
Unspecified,Object_28837
Unspecified,Object_11460
Flammable,Object_25967
Unspecified,Object_07942
Unspecified,Object_10483
Oxidizing,Object_15535
Pressurized,Object_04521
Corrosive,Object_21383
Food,Object_30258
Unspecified,Object_24234
Oxidizing,Object_10543
Explosive,Object_01762
Pressurized,Object_26259
Fragile,Object_04951
Fragile,Object_13998
Oxidizing,Object_19132
Explosive,Object_21817
Radioactive,Object_04771
Radioactive,Object_27806
Explosive,Object_19874
Toxic,Object_17420
Explosive,Object_14322
Corrosive,Object_15386
Oxidizing,Object_08011
Flammable,Object_29512
Corrosive,Object_11326
Toxic,Object_23892
Corrosive,Object_00758
Explosive,Object_01707
Unspecified,Object_22791
Oxidizing,Object_21567
Pressurized,Object_05510
Food,Object_12303
Corrosive,Object_11046
Radioactive,Object_24848
Food,Object_14456
Corrosive,Object_19257
Pressurized,Object_03721
Pressurized,Object_02608
Flammable,Object_00489
Unspecified,Object_08980
Toxic,Object_25758
Flammable,Object_21201
Explosive,Object_16375
Oxidizing,Object_27688
Radioactive,Object_05749
Corrosive,Object_07775
Flammable,Object_07006
Corrosive,Object_08914
Radioactive,Object_15404
Oxidizing,Object_18601
Toxic,Object_20328
Unspecified,Object_19070
Corrosive,Object_21502
Radioactive,Object_08646
Pressurized,Object_20934
Corrosive,Object_02300
Flammable,Object_24364
Pressurized,Object_09624
Toxic,Object_16310
Oxidizing,Object_22877
Toxic,Object_09095
Unspecified,Object_29308
Explosive,Object_20162
Oxidizing,Object_21037
Unspecified,Object_18569
Oxidizing,Object_19910
Unspecified,Object_23242
Unspecified,Object_23013
Corrosive,Object_06668
Oxidizing,Object_17561
Oxidizing,Object_21837
Explosive,Object_25804
Toxic,Object_27880
Explosive,Object_28670
Unspecified,Object_10586
Oxidizing,Object_21096
Corrosive,Object_01989
Fragile,Object_13433
Explosive,Object_09281
Pressurized,Object_22341
Flammable,Object_04429
Food,Object_21812
Pressurized,Object_21563
Fragile,Object_17008
Toxic,Object_13682
Food,Object_25452
Corrosive,Object_04341
Fragile,Object_13448
Food,Object_01239
Pressurized,Object_23469
Pressurized,Object_11894
Oxidizing,Object_24995
Radioactive,Object_10441
Food,Object_29498
Pressurized,Object_30165
Unspecified,Object_09719
Flammable,Object_02711
Toxic,Object_00774
Food,Object_25769
Corrosive,Object_06927
Flammable,Object_07577
Explosive,Object_03431
Unspecified,Object_11634
Unspecified,Object_27257
Explosive,Object_18973
Explosive,Object_01612
Pressurized,Object_16731
Oxidizing,Object_22676
Oxidizing,Object_23925
Corrosive,Object_23185
Radioactive,Object_04327
Radioactive,Object_05360
Food,Object_29015
Explosive,Object_24020
Toxic,Object_24214
Pressurized,Object_26330
Unspecified,Object_13781
Explosive,Object_20866
Explosive,Object_30337
Toxic,Object_02988
Flammable,Object_27588
Oxidizing,Object_27700
Radioactive,Object_29980
Toxic,Object_22060
Oxidizing,Object_00175
Fragile,Object_05847
Unspecified,Object_23202
Fragile,Object_19792
Oxidizing,Object_19632
Toxic,Object_25007
Food,Object_27724
Pressurized,Object_06191
Flammable,Object_15511
Flammable,Object_01703
Fragile,Object_14648
Explosive,Object_03480
Unspecified,Object_08567
Explosive,Object_17245
Explosive,Object_01733
Oxidizing,Object_21904
Fragile,Object_01493
Flammable,Object_05254
Flammable,Object_02856
Corrosive,Object_09389
Oxidizing,Object_09614
Pressurized,Object_14671
Radioactive,Object_24587
Explosive,Object_13495
Explosive,Object_00708
Oxidizing,Object_22374
Toxic,Object_06100
Oxidizing,Object_29402
Flammable,Object_01512
Food,Object_05776
Radioactive,Object_03341
Flammable,Object_15301
Pressurized,Object_11658
Pressurized,Object_16141
Pressurized,Object_06390
Pressurized,Object_24305
Flammable,Object_01477
Food,Object_00907
Pressurized,Object_11003
Oxidizing,Object_26870
Unspecified,Object_21428
Toxic,Object_09917
Corrosive,Object_04768
Fragile,Object_08359
Fragile,Object_04854
Fragile,Object_04937
Oxidizing,Object_09591
Radioactive,Object_16865
Flammable,Object_25285
Pressurized,Object_24830
Oxidizing,Object_22643
Corrosive,Object_06244
Fragile,Object_18409
Toxic,Object_25406
Oxidizing,Object_24091
Flammable,Object_12409
Corrosive,Object_06118
Radioactive,Object_14810
Pressurized,Object_26442
Oxidizing,Object_02068
Explosive,Object_16470
Flammable,Object_29555
Corrosive,Object_28501
Radioactive,Object_13498
Radioactive,Object_00441
Pressurized,Object_10096
Radioactive,Object_01033
Unspecified,Object_17347
Fragile,Object_24403
Corrosive,Object_25091
Radioactive,Object_21649
Radioactive,Object_17232
Oxidizing,Object_26781
Flammable,Object_01936
Radioactive,Object_28532
Food,Object_09289
Unspecified,Object_06866
Radioactive,Object_18311
Corrosive,Object_07181
Flammable,Object_21791
Explosive,Object_09176
Food,Object_24223
Radioactive,Object_07935
Radioactive,Object_07821
Corrosive,Object_04091
Food,Object_06920
Corrosive,Object_04076
Food,Object_16559
Toxic,Object_28468
Corrosive,Object_12749
Food,Object_00353
Pressurized,Object_27035
Toxic,Object_17527
Flammable,Object_05950
Fragile,Object_27984
Radioactive,Object_20692
Radioactive,Object_07461
Food,Object_09103
Flammable,Object_16160
Fragile,Object_02940
Toxic,Object_08081
Oxidizing,Object_05071
Oxidizing,Object_17983
Oxidizing,Object_15715
Toxic,Object_04791
Oxidizing,Object_13701
Radioactive,Object_07656
Radioactive,Object_02860
Radioactive,Object_01155
Pressurized,Object_11304
Pressurized,Object_09087
Food,Object_23120
Fragile,Object_13364
Unspecified,Object_06264
Explosive,Object_29147
Corrosive,Object_18344
Unspecified,Object_14589
Unspecified,Object_12041
Radioactive,Object_02256
Radioactive,Object_10523
Corrosive,Object_29686
Radioactive,Object_10351
Food,Object_04515
Oxidizing,Object_26151
Explosive,Object_03132
Flammable,Object_08955
Radioactive,Object_06893
Corrosive,Object_19340
Flammable,Object_27160
Unspecified,Object_19103
Unspecified,Object_19740
Unspecified,Object_28804
Food,Object_16185
Toxic,Object_20093
Pressurized,Object_27569
Corrosive,Object_19752
Pressurized,Object_24593
Toxic,Object_22507
Oxidizing,Object_29540
Radioactive,Object_16328
Pressurized,Object_16599
Oxidizing,Object_17848
Flammable,Object_09070
Fragile,Object_02334
Oxidizing,Object_07183
Unspecified,Object_18280
Toxic,Object_00208
Food,Object_26981
Toxic,Object_17949
Oxidizing,Object_19945
Food,Object_18488
Corrosive,Object_10952
Toxic,Object_26207
Flammable,Object_29294
Flammable,Object_22085
Corrosive,Object_15993
Pressurized,Object_03283
Radioactive,Object_16638
Corrosive,Object_17537
Pressurized,Object_03588
Toxic,Object_05127
Radioactive,Object_07433
Oxidizing,Object_29138
Fragile,Object_06321
Explosive,Object_02213
Unspecified,Object_19425
Pressurized,Object_12625
Radioactive,Object_13336
Corrosive,Object_02721
Pressurized,Object_16834
Food,Object_15647
Oxidizing,Object_01658
Food,Object_02792
Pressurized,Object_26794
Oxidizing,Object_09525
Flammable,Object_21903
Flammable,Object_08893
Food,Object_09287
Corrosive,Object_08617
Toxic,Object_07177
Unspecified,Object_19348
Flammable,Object_02162
Food,Object_13749
Oxidizing,Object_02502
Radioactive,Object_02897
Corrosive,Object_12093
Food,Object_04221
Food,Object_26820
Explosive,Object_18439
Toxic,Object_29758
Explosive,Object_21892
Food,Object_22191
Food,Object_09128
Radioactive,Object_13565
Unspecified,Object_12239
Oxidizing,Object_11203
Explosive,Object_16495
Oxidizing,Object_01993
Radioactive,Object_22649
Explosive,Object_17092
Unspecified,Object_28462
Radioactive,Object_22931
Food,Object_12928
Explosive,Object_09877
Fragile,Object_10073
Toxic,Object_09658
Fragile,Object_12647
Corrosive,Object_19982
Oxidizing,Object_09786
Unspecified,Object_20743
Toxic,Object_09356
Flammable,Object_24530
Explosive,Object_05330
Flammable,Object_01831
Corrosive,Object_12300
Unspecified,Object_14835
Toxic,Object_20165
Flammable,Object_24287
Corrosive,Object_26879
Fragile,Object_22470
Flammable,Object_24768
Unspecified,Object_29211
Food,Object_10721
Toxic,Object_20728
Food,Object_10646
Radioactive,Object_00370
Toxic,Object_06721
Pressurized,Object_28963
Fragile,Object_20176
Fragile,Object_19308
Oxidizing,Object_30041
Toxic,Object_18604
Toxic,Object_14413
Flammable,Object_26854
Corrosive,Object_14580
Food,Object_17417
Explosive,Object_13652
Toxic,Object_29586
Food,Object_14507
Explosive,Object_22285
Flammable,Object_15775
Unspecified,Object_15433
Fragile,Object_22677
Corrosive,Object_12737
Corrosive,Object_22582
Oxidizing,Object_03561
Flammable,Object_21607
Fragile,Object_06469
Corrosive,Object_21507
Toxic,Object_24012
Oxidizing,Object_17409
Fragile,Object_13729
Flammable,Object_10624
Explosive,Object_12127
Oxidizing,Object_15605
Fragile,Object_17911
Corrosive,Object_00372
Pressurized,Object_26372
Radioactive,Object_09775
Unspecified,Object_08897
Toxic,Object_14441
Oxidizing,Object_20932
Unspecified,Object_03415
Fragile,Object_16067
Explosive,Object_12362
Radioactive,Object_23068
Explosive,Object_08200
Food,Object_05974
Food,Object_18584
Flammable,Object_26451
Toxic,Object_24727
Pressurized,Object_18204
Explosive,Object_02941
Fragile,Object_18383
Flammable,Object_14989
Radioactive,Object_26332
Oxidizing,Object_27979
Explosive,Object_26270
Fragile,Object_09149
Unspecified,Object_25772
Pressurized,Object_26542
Oxidizing,Object_23087
Pressurized,Object_10899
Flammable,Object_13746
Unspecified,Object_14346
Pressurized,Object_20336
Food,Object_15952
Pressurized,Object_08500
Pressurized,Object_22829
Toxic,Object_24987
Pressurized,Object_20167
Fragile,Object_23123
Radioactive,Object_30136
Oxidizing,Object_02692
Fragile,Object_07725
Flammable,Object_06454
Food,Object_11042
Fragile,Object_07418
Toxic,Object_25551
Toxic,Object_19399
Unspecified,Object_22737
Pressurized,Object_02539
Toxic,Object_09021
Flammable,Object_18454
Fragile,Object_20418
Food,Object_12724
Radioactive,Object_03919
Pressurized,Object_16710
Food,Object_05581
Corrosive,Object_12725
Explosive,Object_07729
Unspecified,Object_00961
Oxidizing,Object_04782
Radioactive,Object_15645
Corrosive,Object_18025
Flammable,Object_07493
Explosive,Object_15871
Corrosive,Object_20860
Unspecified,Object_30134
Toxic,Object_04550
Radioactive,Object_00026
Flammable,Object_25239
Toxic,Object_00888
Explosive,Object_23111
Fragile,Object_24247
Corrosive,Object_01599
Unspecified,Object_20510
Fragile,Object_12423
Flammable,Object_11618
Radioactive,Object_01796
Unspecified,Object_09175
Radioactive,Object_20562
Pressurized,Object_04391
Food,Object_08826
Corrosive,Object_11062
Fragile,Object_13409
Unspecified,Object_07989
Radioactive,Object_18050
Unspecified,Object_10829
Radioactive,Object_27757
Radioactive,Object_03879
Radioactive,Object_11983
Pressurized,Object_11486
Fragile,Object_22139
Toxic,Object_09909
Toxic,Object_27668
Pressurized,Object_15587
Explosive,Object_15240
Fragile,Object_18985
Unspecified,Object_27980
Explosive,Object_09443
Pressurized,Object_03474
Oxidizing,Object_05964
Food,Object_18715
Unspecified,Object_26523
Corrosive,Object_20804
Explosive,Object_07485
Explosive,Object_06881
Explosive,Object_24920
Pressurized,Object_10165
Toxic,Object_23143
Unspecified,Object_16341
Fragile,Object_15170
Oxidizing,Object_06574
Toxic,Object_06810
Food,Object_23418
Unspecified,Object_07836
Explosive,Object_01390
Radioactive,Object_25696
Radioactive,Object_25458
Fragile,Object_20894
Food,Object_16611
Flammable,Object_11265
Fragile,Object_23186
Corrosive,Object_23978
Fragile,Object_16465
Flammable,Object_05181
Pressurized,Object_23832
Fragile,Object_21395
Explosive,Object_29542
Corrosive,Object_15832
Unspecified,Object_19451
Radioactive,Object_11907
Pressurized,Object_19240
Radioactive,Object_25395
Unspecified,Object_12997
Pressurized,Object_29350
Fragile,Object_08752
Flammable,Object_01850
Unspecified,Object_02322
Toxic,Object_29411
Pressurized,Object_03832
Food,Object_14660
Corrosive,Object_23337
Explosive,Object_12419
Toxic,Object_13041
Corrosive,Object_02298
Explosive,Object_01125
Fragile,Object_02102
Fragile,Object_09904
Oxidizing,Object_16860
Flammable,Object_01355
Flammable,Object_24497
Corrosive,Object_10564
Unspecified,Object_00180
Pressurized,Object_25956
Flammable,Object_21657
Explosive,Object_02822
Flammable,Object_05607
Explosive,Object_23489
Toxic,Object_14034
Corrosive,Object_22711
Explosive,Object_24085
Toxic,Object_22531
Pressurized,Object_06035
Flammable,Object_01559
Radioactive,Object_19904
Unspecified,Object_06480
Toxic,Object_10885
Oxidizing,Object_02204
Toxic,Object_19715
Toxic,Object_25162
Flammable,Object_13584
Explosive,Object_28721
Fragile,Object_28690
Flammable,Object_08724
Oxidizing,Object_29140
Radioactive,Object_27263
Radioactive,Object_12216
Food,Object_01472
Unspecified,Object_08837
Corrosive,Object_25577
Explosive,Object_01284
Flammable,Object_26200
Pressurized,Object_26283
Fragile,Object_10074
Food,Object_05768
Toxic,Object_02857
Pressurized,Object_13822
Food,Object_07767
Pressurized,Object_11825
Food,Object_10266
Food,Object_24355
Fragile,Object_20772
Unspecified,Object_03478
Unspecified,Object_17606
Corrosive,Object_09263
Unspecified,Object_29774
Unspecified,Object_04660
Pressurized,Object_25869
Flammable,Object_15787
Fragile,Object_12663
Fragile,Object_24615
Radioactive,Object_02001
Fragile,Object_07803
Toxic,Object_11866
Fragile,Object_17353
Radioactive,Object_12707
Toxic,Object_08499
Food,Object_19895
Corrosive,Object_18593
Unspecified,Object_02309
Explosive,Object_28622
Corrosive,Object_11605
Flammable,Object_24376
Flammable,Object_15205
Flammable,Object_26586
Toxic,Object_29316
Explosive,Object_13240
Oxidizing,Object_03097
Food,Object_15395
Food,Object_23364
Toxic,Object_26448
Radioactive,Object_16009
Pressurized,Object_23217
Fragile,Object_06393
Food,Object_25053
Unspecified,Object_12797
Toxic,Object_28586
Oxidizing,Object_07518
Flammable,Object_02366
Unspecified,Object_19516
Explosive,Object_00101
Flammable,Object_05493
Corrosive,Object_18577
Corrosive,Object_17667
Oxidizing,Object_27218
Pressurized,Object_21083
Explosive,Object_07837
Oxidizing,Object_15820
Pressurized,Object_03276
Fragile,Object_01391
Oxidizing,Object_17516
Food,Object_17936
Corrosive,Object_05944
Toxic,Object_15940
Food,Object_29418
Corrosive,Object_29558
Radioactive,Object_28273
Pressurized,Object_26211
Toxic,Object_13637
Pressurized,Object_04126
Radioactive,Object_13006
Fragile,Object_00196
Unspecified,Object_20827
Fragile,Object_28926
Food,Object_23193
Fragile,Object_02888
Flammable,Object_01258
Explosive,Object_02924
Radioactive,Object_03202
Flammable,Object_16528
Oxidizing,Object_23127
Flammable,Object_30220
Oxidizing,Object_20456
Food,Object_14336
Radioactive,Object_14157
Pressurized,Object_14858
Explosive,Object_00771
Toxic,Object_29429
Fragile,Object_21242
Flammable,Object_16590
Radioactive,Object_27063
Toxic,Object_07839
Food,Object_15639
Corrosive,Object_21785
Pressurized,Object_26399
Flammable,Object_12466
Radioactive,Object_06116
Radioactive,Object_14287
Pressurized,Object_27315
Fragile,Object_23765
Flammable,Object_28422
Explosive,Object_17659
Oxidizing,Object_10728
Unspecified,Object_07010
Food,Object_06599
Radioactive,Object_07067
Flammable,Object_09852
Toxic,Object_02867
Pressurized,Object_05316
Explosive,Object_20245
Oxidizing,Object_12658
Flammable,Object_26947
Radioactive,Object_17127
Corrosive,Object_19112
Explosive,Object_02928
Corrosive,Object_14469
Toxic,Object_24837
Food,Object_08599
Radioactive,Object_05629
Unspecified,Object_24761
Food,Object_11716
Oxidizing,Object_30101
Unspecified,Object_28310
Food,Object_11315
Oxidizing,Object_18200
Unspecified,Object_18815
Radioactive,Object_28660
Flammable,Object_07748
Flammable,Object_04845
Unspecified,Object_12666
Fragile,Object_17700
Unspecified,Object_02221
Corrosive,Object_26215
Corrosive,Object_27536
Toxic,Object_20132
Radioactive,Object_05893
Unspecified,Object_13330
Pressurized,Object_07381
Corrosive,Object_02676
Oxidizing,Object_14367
Explosive,Object_17852
Toxic,Object_08839
Oxidizing,Object_08850
Food,Object_13480
Oxidizing,Object_26230
Explosive,Object_25249
Pressurized,Object_00146
Fragile,Object_28320
Pressurized,Object_00819
Toxic,Object_16871
Fragile,Object_16670
Toxic,Object_14625
Oxidizing,Object_00286
Radioactive,Object_27761
Pressurized,Object_18522
Radioactive,Object_11368
Food,Object_24493
Explosive,Object_17994
Radioactive,Object_15362
Oxidizing,Object_08384
Toxic,Object_01803
Food,Object_23624
Fragile,Object_05492
Explosive,Object_10068
Food,Object_11284
Toxic,Object_20332
Flammable,Object_11294
Radioactive,Object_27513
Unspecified,Object_14362
Toxic,Object_03412
Corrosive,Object_04475
Unspecified,Object_10866
Fragile,Object_05995
Fragile,Object_19764
Oxidizing,Object_17309
Explosive,Object_10875
Oxidizing,Object_06923
Oxidizing,Object_28785
Fragile,Object_05658
Food,Object_13935
Food,Object_05275
Radioactive,Object_14845
Unspecified,Object_09995
Food,Object_10058
Fragile,Object_24581
Unspecified,Object_17432
Flammable,Object_18792
Pressurized,Object_23898
Food,Object_07886
Toxic,Object_17648
Toxic,Object_12805
Food,Object_07824
Explosive,Object_10092
Unspecified,Object_20500
Explosive,Object_06364
Fragile,Object_11274
Pressurized,Object_06122
Unspecified,Object_09488
Radioactive,Object_14130
Food,Object_03697
Flammable,Object_20054
Corrosive,Object_25049
Oxidizing,Object_17362
Explosive,Object_16217
Oxidizing,Object_29199
Oxidizing,Object_18621
Pressurized,Object_18559
Oxidizing,Object_26949
Radioactive,Object_14927
Flammable,Object_14703
Oxidizing,Object_14161
Pressurized,Object_29502
Fragile,Object_00715
Food,Object_14019
Flammable,Object_22913
Toxic,Object_05003
Flammable,Object_06702
Fragile,Object_20801
Corrosive,Object_29273
Corrosive,Object_11086
Unspecified,Object_14553
Flammable,Object_29836
Oxidizing,Object_14248
Pressurized,Object_10958
Unspecified,Object_10707
Food,Object_19090
Explosive,Object_25061
Pressurized,Object_08006
Explosive,Object_21234
Oxidizing,Object_11994
Pressurized,Object_12408
Oxidizing,Object_17636
Explosive,Object_08247
Unspecified,Object_22667
Corrosive,Object_20057
Radioactive,Object_25573
Toxic,Object_05381
Food,Object_14004
Corrosive,Object_19967
Corrosive,Object_29931
Fragile,Object_19394
Oxidizing,Object_18037
Unspecified,Object_29120
Unspecified,Object_16928
Flammable,Object_27276
Corrosive,Object_25706
Pressurized,Object_04600
Food,Object_02772
Unspecified,Object_07161
Unspecified,Object_09377
Flammable,Object_25434
Oxidizing,Object_15585
Oxidizing,Object_00805
Food,Object_03292
Unspecified,Object_04823
Unspecified,Object_13069
Toxic,Object_15838
Flammable,Object_08710
Fragile,Object_10609
Flammable,Object_19599
Oxidizing,Object_01191
Food,Object_06542
Pressurized,Object_14558
Explosive,Object_23704
Toxic,Object_05244
Unspecified,Object_16565
Explosive,Object_13177
Flammable,Object_19546
Corrosive,Object_19576
Explosive,Object_17324
Flammable,Object_29141
Toxic,Object_20326
Pressurized,Object_22943
Unspecified,Object_07845
Toxic,Object_20003
Fragile,Object_18747
Oxidizing,Object_04229
Corrosive,Object_23171
Unspecified,Object_17657
Flammable,Object_16743
Explosive,Object_07293
Corrosive,Object_00490
Unspecified,Object_05477
Toxic,Object_27139
Food,Object_04719
Food,Object_00885
Toxic,Object_08967
Radioactive,Object_09824
Flammable,Object_09072
Corrosive,Object_28483
Unspecified,Object_15675
Oxidizing,Object_00600
Unspecified,Object_09279
Flammable,Object_26087
Radioactive,Object_19849
Radioactive,Object_09397
Explosive,Object_27532
Pressurized,Object_21711
Toxic,Object_21100
Fragile,Object_20412
Radioactive,Object_09001
Flammable,Object_22593
Radioactive,Object_18209
Toxic,Object_13175
Fragile,Object_04045
Toxic,Object_17601
Pressurized,Object_01800
Pressurized,Object_20200
Pressurized,Object_19560
Toxic,Object_14313
Fragile,Object_11307
Radioactive,Object_15470
Food,Object_25337
Oxidizing,Object_22717
Radioactive,Object_17286
Toxic,Object_18087
Oxidizing,Object_03622
Fragile,Object_07245
Pressurized,Object_04279
Radioactive,Object_23309
Corrosive,Object_12116
Corrosive,Object_12471
Flammable,Object_04534
Explosive,Object_07834
Fragile,Object_16885
Corrosive,Object_24697
Food,Object_03410
Food,Object_23989
Oxidizing,Object_06105
Pressurized,Object_27959
Unspecified,Object_12783
Food,Object_22565
Radioactive,Object_26004
Corrosive,Object_20542
Corrosive,Object_02959
Fragile,Object_29136
Unspecified,Object_27742
Explosive,Object_13246
Radioactive,Object_14308
Oxidizing,Object_21339
Explosive,Object_09703
Toxic,Object_06126
Radioactive,Object_01140
Toxic,Object_27485
Pressurized,Object_27086
Corrosive,Object_01537
Corrosive,Object_08375
Fragile,Object_05467
Explosive,Object_13563
Unspecified,Object_02251
Corrosive,Object_20578
Fragile,Object_07681
Unspecified,Object_10270
Unspecified,Object_07407
Fragile,Object_06190
Fragile,Object_26840
Pressurized,Object_15203
Toxic,Object_28266
Radioactive,Object_02361
Flammable,Object_10809
Explosive,Object_28907
Food,Object_28126
Toxic,Object_25078
Explosive,Object_10946
Oxidizing,Object_11776
Corrosive,Object_23305
Flammable,Object_05976
Pressurized,Object_03503
Radioactive,Object_25727
Fragile,Object_20567
Flammable,Object_26390
Corrosive,Object_16454
Fragile,Object_00680
Corrosive,Object_29174
Unspecified,Object_04934
Unspecified,Object_10433
Corrosive,Object_23478
Explosive,Object_28389
Radioactive,Object_28091
Unspecified,Object_20992
Flammable,Object_01833
Fragile,Object_30259
Corrosive,Object_26306
Food,Object_24257
Food,Object_06578
Radioactive,Object_02479
Explosive,Object_11558
Flammable,Object_25339
Toxic,Object_18736
Food,Object_29156
Unspecified,Object_21663
Pressurized,Object_27589
Pressurized,Object_20287
Food,Object_11537
Food,Object_10643
Food,Object_18461
Toxic,Object_16100
Corrosive,Object_00921
Fragile,Object_10061
Flammable,Object_07735
Food,Object_04821
Toxic,Object_04469
Toxic,Object_04858
Flammable,Object_15329
Pressurized,Object_03083
Radioactive,Object_01119
Oxidizing,Object_18046
Flammable,Object_23076
Flammable,Object_29675
Flammable,Object_23262
Radioactive,Object_07556
Oxidizing,Object_23106
Food,Object_13592
Radioactive,Object_26458
Radioactive,Object_05341
Corrosive,Object_10100
Fragile,Object_25366
Unspecified,Object_07615
Unspecified,Object_22311
Food,Object_11697
Flammable,Object_03008
Food,Object_07230
Explosive,Object_11452
Unspecified,Object_28371
Food,Object_21846
Flammable,Object_11610
Flammable,Object_27673
Corrosive,Object_24240
Fragile,Object_14417
Flammable,Object_25661
Pressurized,Object_09306
Fragile,Object_04559
Flammable,Object_24322
Oxidizing,Object_11581
Toxic,Object_09049
Food,Object_04427
Toxic,Object_08797
Fragile,Object_21776
Corrosive,Object_06387
Oxidizing,Object_26136
Explosive,Object_24979
Corrosive,Object_25693
Radioactive,Object_00319
Radioactive,Object_03337
Flammable,Object_08152
Toxic,Object_23888
Pressurized,Object_05702
Unspecified,Object_19344
Radioactive,Object_28211
Explosive,Object_08999
Toxic,Object_15434
Fragile,Object_24772
Corrosive,Object_03881
Food,Object_25331
Flammable,Object_17575
Toxic,Object_10345
Toxic,Object_26055
Pressurized,Object_13616
Unspecified,Object_15167
Toxic,Object_00689
Radioactive,Object_05660
Corrosive,Object_21800
Flammable,Object_10430
Toxic,Object_08386
Radioactive,Object_19237
Radioactive,Object_17258
Fragile,Object_24542
Corrosive,Object_28549
Explosive,Object_01026
Pressurized,Object_09083
Corrosive,Object_15264
Oxidizing,Object_22131
Flammable,Object_22467
Fragile,Object_04578
Corrosive,Object_22362
Toxic,Object_29165
Oxidizing,Object_03823
Toxic,Object_21833
Radioactive,Object_18988
Radioactive,Object_29301
Fragile,Object_16201
Toxic,Object_26720
Fragile,Object_14151
Oxidizing,Object_16199
Food,Object_07728
Oxidizing,Object_04829
Unspecified,Object_16397
Explosive,Object_15005
Oxidizing,Object_24016
Food,Object_25678
Explosive,Object_29591
Food,Object_13030
Explosive,Object_07378
Oxidizing,Object_30120
Corrosive,Object_25139
Pressurized,Object_16827
Radioactive,Object_22268
Fragile,Object_25435
Fragile,Object_26239
Toxic,Object_20116
Corrosive,Object_00944
Oxidizing,Object_09115
Radioactive,Object_19281
Toxic,Object_15705
Pressurized,Object_10748
Explosive,Object_06921
Corrosive,Object_20530
Corrosive,Object_27445
Food,Object_22786
Unspecified,Object_23290
Food,Object_09955
Unspecified,Object_06689
Radioactive,Object_05203
Unspecified,Object_16486
Oxidizing,Object_14517
Food,Object_22842
Corrosive,Object_01896
Explosive,Object_27460
Explosive,Object_15653
Pressurized,Object_14829
Explosive,Object_15578
Corrosive,Object_05243
Flammable,Object_21148
Explosive,Object_21457
Fragile,Object_07429
Explosive,Object_01773
Fragile,Object_03274
Food,Object_11398
Unspecified,Object_18191
Pressurized,Object_02188
Oxidizing,Object_13113
Toxic,Object_05773
Fragile,Object_02681
Fragile,Object_27813
Oxidizing,Object_17650
Fragile,Object_09380
Flammable,Object_06675
Explosive,Object_28156
Corrosive,Object_07936
Flammable,Object_05422
Oxidizing,Object_28681
Food,Object_13083
Explosive,Object_23854
Corrosive,Object_00753
Fragile,Object_11570
Explosive,Object_16480
Pressurized,Object_26196
Pressurized,Object_11211
Unspecified,Object_18844
Flammable,Object_11574
Unspecified,Object_21694
Corrosive,Object_28014
Radioactive,Object_00697
Fragile,Object_09412
Pressurized,Object_19225
Fragile,Object_29410
Unspecified,Object_26970
Corrosive,Object_21513
Fragile,Object_14502
Unspecified,Object_23635
Flammable,Object_07721
Unspecified,Object_17688
Corrosive,Object_26979
Explosive,Object_13002
Explosive,Object_17602
Explosive,Object_13528
Fragile,Object_29767
Radioactive,Object_02232
Toxic,Object_25812
Oxidizing,Object_12051
Flammable,Object_24669
Oxidizing,Object_28961
Oxidizing,Object_07888
Radioactive,Object_08115
Flammable,Object_07619
Unspecified,Object_20776
Unspecified,Object_00060
Flammable,Object_18705
Flammable,Object_17825
Fragile,Object_14992
Fragile,Object_10127
Toxic,Object_28201
Oxidizing,Object_19027
Flammable,Object_05142
Flammable,Object_15833
Explosive,Object_28343
Fragile,Object_21842
Unspecified,Object_10173
Fragile,Object_08207
Pressurized,Object_03686
Fragile,Object_11453
Toxic,Object_03826
Fragile,Object_04187
Toxic,Object_16435
Toxic,Object_15933
Fragile,Object_18474
Unspecified,Object_06557
Pressurized,Object_03489
Flammable,Object_07933
Pressurized,Object_04642
Radioactive,Object_19932
Flammable,Object_00545
Oxidizing,Object_20099
Corrosive,Object_21646
Explosive,Object_02469
Explosive,Object_28491
Flammable,Object_07723
Toxic,Object_03564
Oxidizing,Object_05508
Oxidizing,Object_15440
Fragile,Object_04507
Radioactive,Object_24515
Fragile,Object_25356
Oxidizing,Object_05322
Fragile,Object_25377
Explosive,Object_12458
Fragile,Object_10193
Fragile,Object_25209
Radioactive,Object_15758
Pressurized,Object_28726
Fragile,Object_01408
Explosive,Object_11455
Pressurized,Object_04701
Corrosive,Object_14768
Food,Object_02627
Fragile,Object_21880
Explosive,Object_18813
Food,Object_24272
Explosive,Object_07645
Explosive,Object_06959
Fragile,Object_19296
Toxic,Object_01838
Toxic,Object_04619
Corrosive,Object_10395
Oxidizing,Object_09767
Radioactive,Object_22774
Corrosive,Object_23915
Explosive,Object_14459
Radioactive,Object_00959
Unspecified,Object_01366
Food,Object_15290
Explosive,Object_00517
Explosive,Object_19108
Explosive,Object_25986
Unspecified,Object_21249
Pressurized,Object_15631
Oxidizing,Object_15411
Flammable,Object_00141
Corrosive,Object_19218
Unspecified,Object_09770
Food,Object_09584
Fragile,Object_21185
Toxic,Object_07965
Oxidizing,Object_22388
Food,Object_15615
Flammable,Object_07479
Toxic,Object_05439
Pressurized,Object_08667
Explosive,Object_10352
Fragile,Object_23589
Toxic,Object_29929
Flammable,Object_13055
Pressurized,Object_13525
Unspecified,Object_14422
Pressurized,Object_02476
Food,Object_18211
Flammable,Object_25598
Flammable,Object_03059
Explosive,Object_14509
Corrosive,Object_26527
Pressurized,Object_11948
Unspecified,Object_00476
Flammable,Object_01368
Food,Object_27827
Fragile,Object_17460
Food,Object_09916
Fragile,Object_09520
Fragile,Object_00627
Food,Object_25387
Fragile,Object_25002
Fragile,Object_14532
Toxic,Object_04033
Unspecified,Object_06948
Corrosive,Object_13522
Corrosive,Object_22644
Pressurized,Object_05544
Toxic,Object_26562
Food,Object_20076
Fragile,Object_02330
Unspecified,Object_17454
Oxidizing,Object_17099
Unspecified,Object_15456
Toxic,Object_11978
Unspecified,Object_24633
Corrosive,Object_25857
Unspecified,Object_10781
Toxic,Object_26570
Unspecified,Object_12621
Radioactive,Object_19772
Oxidizing,Object_06556
Toxic,Object_20624
Radioactive,Object_04958
Flammable,Object_15046
Radioactive,Object_00097
Explosive,Object_22298
Pressurized,Object_08583
Pressurized,Object_14063
Explosive,Object_18006
Unspecified,Object_15897
Radioactive,Object_29561
Flammable,Object_02142
Explosive,Object_07060
Corrosive,Object_00721
Toxic,Object_16849
Unspecified,Object_19265
Fragile,Object_16194
Radioactive,Object_05569
Explosive,Object_30207
Pressurized,Object_10981
Food,Object_17784
Toxic,Object_14253
Fragile,Object_10620
Pressurized,Object_07370
Fragile,Object_01772
Corrosive,Object_09545
Flammable,Object_28663
Flammable,Object_18375
Oxidizing,Object_09633
Explosive,Object_14485
Oxidizing,Object_10437
Toxic,Object_10003
Radioactive,Object_20708
Pressurized,Object_25193
Flammable,Object_05920
Pressurized,Object_17496
Radioactive,Object_26324
Explosive,Object_17617
Toxic,Object_18105
Unspecified,Object_05982
Unspecified,Object_05302
Toxic,Object_06474
Explosive,Object_19387
Fragile,Object_24743
Corrosive,Object_15475
Toxic,Object_14404
Radioactive,Object_03493
Radioactive,Object_13028
Flammable,Object_22404
Oxidizing,Object_19762
Unspecified,Object_07575
Unspecified,Object_23201
Corrosive,Object_06705
Food,Object_06850
Food,Object_15839
Flammable,Object_14785
Pressurized,Object_23517
Flammable,Object_18443
Unspecified,Object_23253
Fragile,Object_01403
Flammable,Object_29456
Toxic,Object_28283
Radioactive,Object_08574
Toxic,Object_29993
Oxidizing,Object_29736
Pressurized,Object_00169
Oxidizing,Object_07102
Oxidizing,Object_29039
Fragile,Object_06873
Flammable,Object_08440
Pressurized,Object_19145
Radioactive,Object_07224
Toxic,Object_05579
Oxidizing,Object_00288
Radioactive,Object_12306
Food,Object_28653
Fragile,Object_10769
Food,Object_21505
Toxic,Object_15441
Toxic,Object_10103
Fragile,Object_02470
Unspecified,Object_02584
Toxic,Object_15821
Oxidizing,Object_25123
Radioactive,Object_01885
Oxidizing,Object_17624
Unspecified,Object_05611
Unspecified,Object_17934
Unspecified,Object_04574
Pressurized,Object_15649
Corrosive,Object_26164
Toxic,Object_25909
Pressurized,Object_16580
Food,Object_29271
Unspecified,Object_10023
Toxic,Object_17024
Toxic,Object_11653
Corrosive,Object_17436
Food,Object_12967
Oxidizing,Object_30072
Explosive,Object_06258
Toxic,Object_27325
Toxic,Object_14091
Explosive,Object_28448
Unspecified,Object_24236
Fragile,Object_00390
Oxidizing,Object_01999
Pressurized,Object_10166
Food,Object_24661
Explosive,Object_23079
Unspecified,Object_02786
Oxidizing,Object_01917
Oxidizing,Object_17625
Fragile,Object_15107
Unspecified,Object_11221
Pressurized,Object_04512
Flammable,Object_16014
Oxidizing,Object_19871
Radioactive,Object_08320
Explosive,Object_06494
Fragile,Object_09898
Unspecified,Object_24976
Flammable,Object_22215
Pressurized,Object_02931
Corrosive,Object_07235
Pressurized,Object_04261
Food,Object_09999
Explosive,Object_05221
Explosive,Object_27847
Fragile,Object_20149
Fragile,Object_08806
Toxic,Object_03863
Unspecified,Object_21075
Food,Object_23089
Oxidizing,Object_17418
Flammable,Object_02344
Food,Object_17488
Toxic,Object_09763
Fragile,Object_12019
Unspecified,Object_17316
Fragile,Object_01683
Explosive,Object_04736
Oxidizing,Object_11805
Fragile,Object_18751
Food,Object_09052
Explosive,Object_10582
Flammable,Object_14579
Pressurized,Object_11521
Flammable,Object_04084
Fragile,Object_02280
Fragile,Object_25728
Unspecified,Object_24300
Corrosive,Object_16691
Unspecified,Object_00707
Corrosive,Object_18533
Food,Object_14415
Toxic,Object_06550
Flammable,Object_13961
Oxidizing,Object_10685
Food,Object_10424
Corrosive,Object_05800
Food,Object_15460
Unspecified,Object_17702
Food,Object_20356
Pressurized,Object_13873
Food,Object_04877
Pressurized,Object_28407
Flammable,Object_00427
Corrosive,Object_19107
Explosive,Object_16319
Flammable,Object_10886
Toxic,Object_30269
Corrosive,Object_10945
Fragile,Object_23247
Oxidizing,Object_09219
Flammable,Object_14904
Oxidizing,Object_13838
Explosive,Object_06828
Explosive,Object_24227
Fragile,Object_07145
Radioactive,Object_16443
Pressurized,Object_01556
Fragile,Object_14202
Oxidizing,Object_06608
Oxidizing,Object_18023
Toxic,Object_09355
Corrosive,Object_15249
Pressurized,Object_10918
Flammable,Object_16764
Flammable,Object_02392
Radioactive,Object_09241
Food,Object_22456
Unspecified,Object_08024
Radioactive,Object_12713
Oxidizing,Object_24879
Unspecified,Object_05097
Corrosive,Object_23401
Food,Object_07589
Unspecified,Object_22614
Corrosive,Object_29059
Flammable,Object_01942
Radioactive,Object_25803
Corrosive,Object_00542
Explosive,Object_08013
Food,Object_21829
Unspecified,Object_19757
Oxidizing,Object_24370
Unspecified,Object_01622
Food,Object_03816
Unspecified,Object_00096
Oxidizing,Object_26258
Food,Object_01950
Explosive,Object_01799
Food,Object_07819
Pressurized,Object_03613
Radioactive,Object_22792
Radioactive,Object_26921
Corrosive,Object_14184
Flammable,Object_17114
Explosive,Object_06173
Oxidizing,Object_21095
Corrosive,Object_01761
Oxidizing,Object_27899
Flammable,Object_07159
Flammable,Object_06671
Pressurized,Object_23399
Pressurized,Object_25660
Pressurized,Object_27766
Pressurized,Object_04027
Corrosive,Object_25403
Pressurized,Object_11478
Pressurized,Object_00457
Flammable,Object_28903
Toxic,Object_24511
Oxidizing,Object_06696
Fragile,Object_12043
Food,Object_29132
Corrosive,Object_06026
Fragile,Object_07436
Corrosive,Object_05897
Toxic,Object_15553
Food,Object_30223
Oxidizing,Object_21523
Radioactive,Object_08642
Food,Object_26329
Radioactive,Object_14200
Flammable,Object_13889
Oxidizing,Object_16281
Oxidizing,Object_17897
Corrosive,Object_00199
Unspecified,Object_11811
Toxic,Object_03649
Food,Object_21841
Fragile,Object_05548
Food,Object_10041
Corrosive,Object_19321
Radioactive,Object_24611
Oxidizing,Object_01398
Toxic,Object_22325
Pressurized,Object_17123
Explosive,Object_12344
Toxic,Object_28723
Flammable,Object_30130
Pressurized,Object_10341
Flammable,Object_11932
Food,Object_10785
Unspecified,Object_12536
Unspecified,Object_04808
Pressurized,Object_01808
Fragile,Object_27744
Explosive,Object_26688
Unspecified,Object_01285
Radioactive,Object_28454
Oxidizing,Object_23500
Oxidizing,Object_26237
Flammable,Object_18793
Oxidizing,Object_22876
Pressurized,Object_15980
Radioactive,Object_10900
Pressurized,Object_00756
Toxic,Object_24744
Food,Object_06275
Explosive,Object_11162
Unspecified,Object_22189
Explosive,Object_19872
Pressurized,Object_11885
Flammable,Object_00992
Flammable,Object_02436
Food,Object_10531
Fragile,Object_16786
Explosive,Object_04610
Explosive,Object_11569
Food,Object_29851
Toxic,Object_08622
Pressurized,Object_23010
Radioactive,Object_19172
Toxic,Object_10215
Toxic,Object_13692
Fragile,Object_11370
Explosive,Object_20652
Fragile,Object_04535
Food,Object_01651
Radioactive,Object_08312
Radioactive,Object_16149
Fragile,Object_10598
Corrosive,Object_23444
Food,Object_08466
Radioactive,Object_12618
Toxic,Object_29482
Food,Object_05657
Flammable,Object_03713
Toxic,Object_06645
Radioactive,Object_21948
Corrosive,Object_25051
Food,Object_01100
Oxidizing,Object_14462
Corrosive,Object_05304
Pressurized,Object_11552
Unspecified,Object_25264
Toxic,Object_13681
Unspecified,Object_12863
Radioactive,Object_14107
Flammable,Object_28576
Flammable,Object_03961
Explosive,Object_09639
Radioactive,Object_23641
Oxidizing,Object_24163
Food,Object_04079
Radioactive,Object_06966
Flammable,Object_29384
Radioactive,Object_22124
Radioactive,Object_26349
Toxic,Object_14521
Pressurized,Object_28052
Radioactive,Object_18563
Unspecified,Object_00913
Corrosive,Object_23646
Unspecified,Object_16296
Food,Object_21858
Unspecified,Object_15445
Flammable,Object_12903
Oxidizing,Object_27881
Unspecified,Object_07072
Flammable,Object_28786
Toxic,Object_13771
Unspecified,Object_14258
Oxidizing,Object_16447
Fragile,Object_16248
Radioactive,Object_23007
Explosive,Object_05734
Oxidizing,Object_04800
Flammable,Object_25335
Pressurized,Object_07464
Flammable,Object_13153
Flammable,Object_00999
Oxidizing,Object_10258
Corrosive,Object_05582
Pressurized,Object_18126
Pressurized,Object_20991
Unspecified,Object_13478
Explosive,Object_08703
Oxidizing,Object_06085
Food,Object_17101
Oxidizing,Object_12398
Unspecified,Object_04072
Radioactive,Object_24196
Toxic,Object_27005
Explosive,Object_05778
Explosive,Object_13532
Pressurized,Object_24740
Corrosive,Object_30344
Fragile,Object_09116
Corrosive,Object_26439
Unspecified,Object_08997
Unspecified,Object_00065
Oxidizing,Object_22070
Explosive,Object_16574
Fragile,Object_13302
Oxidizing,Object_18845
Flammable,Object_23645
Flammable,Object_05970
Radioactive,Object_01207
Toxic,Object_26902
Radioactive,Object_21450
Explosive,Object_22480
Corrosive,Object_20834
Toxic,Object_28248
Flammable,Object_10142
Radioactive,Object_02191
Food,Object_03394
Pressurized,Object_23670
Fragile,Object_00268
Pressurized,Object_18274
Unspecified,Object_04843
Flammable,Object_04055
Radioactive,Object_29234
Fragile,Object_02870
Pressurized,Object_03681
Unspecified,Object_30042
Food,Object_14493
Food,Object_26951
Toxic,Object_10479
Explosive,Object_23033
Oxidizing,Object_21147
Oxidizing,Object_12296
Food,Object_20124
Flammable,Object_11317
Food,Object_07170
Corrosive,Object_01270
Explosive,Object_21961
Radioactive,Object_29399
Toxic,Object_29946
Pressurized,Object_17557
Oxidizing,Object_16604
Fragile,Object_07915
Oxidizing,Object_28388
Toxic,Object_21029
Unspecified,Object_03089
Toxic,Object_00205
Unspecified,Object_11075
Pressurized,Object_13162
Explosive,Object_12163
Toxic,Object_02139
Corrosive,Object_17300
Radioactive,Object_06009
Explosive,Object_26615
Explosive,Object_29759
Flammable,Object_19426
Explosive,Object_20758
Radioactive,Object_18408
Toxic,Object_17574
Corrosive,Object_08662
Toxic,Object_15856
Corrosive,Object_08069
Oxidizing,Object_24535
Flammable,Object_25985
Food,Object_08679
Corrosive,Object_11914
Radioactive,Object_02190
Radioactive,Object_08725
Flammable,Object_10488
Flammable,Object_20320
Toxic,Object_02709
Fragile,Object_13673
Corrosive,Object_01883
Explosive,Object_23834
Pressurized,Object_23826
Food,Object_03606
Explosive,Object_25699
Corrosive,Object_17252
Radioactive,Object_17854
Corrosive,Object_14780
Radioactive,Object_04981
Explosive,Object_05213
Pressurized,Object_11959
Unspecified,Object_19085
Toxic,Object_10616
Food,Object_11312
Unspecified,Object_04116
Food,Object_06506
Oxidizing,Object_08037
Explosive,Object_01187
Flammable,Object_22607
Explosive,Object_00017
Fragile,Object_10338
Radioactive,Object_05261
Pressurized,Object_05720
Toxic,Object_22368
Pressurized,Object_02296
Oxidizing,Object_16572
Corrosive,Object_15623
Oxidizing,Object_05091
Flammable,Object_04129
Corrosive,Object_15076
Fragile,Object_14245
Toxic,Object_11639
Oxidizing,Object_28888
Oxidizing,Object_15193
Food,Object_06651
Corrosive,Object_08651
Corrosive,Object_07357
Food,Object_10475
Fragile,Object_30036
Radioactive,Object_09132
Oxidizing,Object_05613
Food,Object_10075
Fragile,Object_16306
Corrosive,Object_24128
Toxic,Object_19731
Radioactive,Object_19575
Toxic,Object_06918
Radioactive,Object_25312
Flammable,Object_21557
Corrosive,Object_00823
Flammable,Object_02033
Fragile,Object_03307
Pressurized,Object_12075
Explosive,Object_08205
Unspecified,Object_09761
Corrosive,Object_04418
Radioactive,Object_05437
Explosive,Object_09298
Fragile,Object_05380
Flammable,Object_22953
Pressurized,Object_17831
Explosive,Object_30204
Flammable,Object_06254
Radioactive,Object_29689
Oxidizing,Object_09518
Corrosive,Object_16123
Fragile,Object_05692
Explosive,Object_09395
Flammable,Object_09857
Corrosive,Object_11758
Corrosive,Object_22869
Radioactive,Object_18502
Radioactive,Object_24827
Pressurized,Object_00530
Flammable,Object_16309
Explosive,Object_21955
Explosive,Object_00295
Toxic,Object_24790
Fragile,Object_29247
Oxidizing,Object_20072
Flammable,Object_18070
Explosive,Object_17969
Pressurized,Object_19505
Toxic,Object_25328
Unspecified,Object_00814
Corrosive,Object_03080
Food,Object_11160
Food,Object_14712
Pressurized,Object_18162
Flammable,Object_12402
Unspecified,Object_20438
Oxidizing,Object_02381
Pressurized,Object_01990
Toxic,Object_16088
Flammable,Object_25830
Flammable,Object_27776
Explosive,Object_11755
Unspecified,Object_02184
Explosive,Object_24092
Corrosive,Object_05369
Unspecified,Object_00671
Unspecified,Object_21433
Fragile,Object_28812
Pressurized,Object_09334
Unspecified,Object_20416
Explosive,Object_01437
Flammable,Object_12846
Fragile,Object_19066
Unspecified,Object_19694
Fragile,Object_25682
Explosive,Object_07372
Radioactive,Object_00903
Food,Object_15802
Food,Object_03723
Oxidizing,Object_04366
Explosive,Object_19154
Flammable,Object_07018
Flammable,Object_25984
Fragile,Object_23601
Flammable,Object_00835
Fragile,Object_19317
Corrosive,Object_02625
Pressurized,Object_08164
Food,Object_07550
Oxidizing,Object_15607
Fragile,Object_00976
Pressurized,Object_13895
Food,Object_29543
Fragile,Object_17795
Explosive,Object_02620
Oxidizing,Object_08589
Unspecified,Object_16058
Toxic,Object_23682
Corrosive,Object_26410
Corrosive,Object_04455
Corrosive,Object_14436
Toxic,Object_24794
Pressurized,Object_14388
Oxidizing,Object_03748
Fragile,Object_28262
Flammable,Object_07541
Fragile,Object_03073
Oxidizing,Object_02882
Radioactive,Object_00770
Explosive,Object_14472
Fragile,Object_09638
Oxidizing,Object_19204
Toxic,Object_07906
Flammable,Object_02200
Toxic,Object_08127
Explosive,Object_24469
Corrosive,Object_19836
Unspecified,Object_10457
Toxic,Object_26886
Oxidizing,Object_12465
Explosive,Object_02782
Unspecified,Object_02697
Fragile,Object_19743
Food,Object_11142
Pressurized,Object_00149
Pressurized,Object_25224
Unspecified,Object_20368
Food,Object_19674
Fragile,Object_26241
Toxic,Object_27342
Oxidizing,Object_07184
Pressurized,Object_23988
Unspecified,Object_14160
Corrosive,Object_23794
Toxic,Object_06580
Toxic,Object_27305
Radioactive,Object_20531
Toxic,Object_28124
Corrosive,Object_11930
Fragile,Object_13247
Food,Object_11343
Fragile,Object_03703
Explosive,Object_03479
Corrosive,Object_23713
Toxic,Object_03855
Unspecified,Object_06396
Food,Object_22432
Unspecified,Object_29573
Oxidizing,Object_03377
Explosive,Object_28499
Oxidizing,Object_28583
Explosive,Object_22237
Toxic,Object_00604
Fragile,Object_02328
Unspecified,Object_07213
Pressurized,Object_21484
Radioactive,Object_00589
Fragile,Object_07747
Radioactive,Object_08918
Food,Object_21368
Explosive,Object_00730
Corrosive,Object_20742
Explosive,Object_06539
Unspecified,Object_28028
Oxidizing,Object_19034
Radioactive,Object_01367
Corrosive,Object_27188
Unspecified,Object_09224
Corrosive,Object_12198
Unspecified,Object_00846
Radioactive,Object_17204
Fragile,Object_05453
Unspecified,Object_10385
Oxidizing,Object_02238
Oxidizing,Object_18010
Pressurized,Object_14220
Unspecified,Object_07829
Fragile,Object_19106
Fragile,Object_27229
Pressurized,Object_11347
Food,Object_14182
Pressurized,Object_21087
Food,Object_16571
Explosive,Object_23229
Corrosive,Object_14769
Unspecified,Object_05094
Oxidizing,Object_01333
Corrosive,Object_23481
Corrosive,Object_15521
Radioactive,Object_28582
Corrosive,Object_29521
Toxic,Object_22241
Flammable,Object_09704
Corrosive,Object_06676
Fragile,Object_16343
Food,Object_14836
Fragile,Object_15176
Unspecified,Object_18435
Explosive,Object_21493
Flammable,Object_01717
Fragile,Object_02031
Fragile,Object_29777
Fragile,Object_25534
Flammable,Object_05445
Unspecified,Object_12062
Oxidizing,Object_19538
Unspecified,Object_08078
Explosive,Object_22669
Fragile,Object_24309
Explosive,Object_26488
Food,Object_10228
Radioactive,Object_02440
Fragile,Object_05819
Food,Object_10241
Unspecified,Object_12839
Unspecified,Object_03504
Oxidizing,Object_24568
Oxidizing,Object_23379
Food,Object_00035
Explosive,Object_10716
Food,Object_09164
Food,Object_11278
Radioactive,Object_06209
Food,Object_21755
Corrosive,Object_00021
Unspecified,Object_24969
Unspecified,Object_14972
Unspecified,Object_05377
Unspecified,Object_22297
Corrosive,Object_08004
Toxic,Object_17156
Explosive,Object_07573
Flammable,Object_03335
Oxidizing,Object_28308
Explosive,Object_25556
Fragile,Object_05837
Fragile,Object_23289
Food,Object_03411
Explosive,Object_24724
Toxic,Object_10177
Explosive,Object_15051
Toxic,Object_14952
Unspecified,Object_26502
Food,Object_09010
Corrosive,Object_08929
Toxic,Object_14323
Toxic,Object_27058
Radioactive,Object_22265
Pressurized,Object_14013
Oxidizing,Object_19487
Flammable,Object_16813
Toxic,Object_12961
Pressurized,Object_03382
Oxidizing,Object_20724
Radioactive,Object_06667
Fragile,Object_23152
Food,Object_25641
Explosive,Object_12538
Oxidizing,Object_01739
Explosive,Object_11595
Explosive,Object_24949
Pressurized,Object_01600
Food,Object_17025
Oxidizing,Object_30089
Pressurized,Object_23642
Food,Object_01202
Corrosive,Object_09313
Radioactive,Object_25965
Fragile,Object_05229
Unspecified,Object_03653
Toxic,Object_24556
Food,Object_16493
Radioactive,Object_23313
Food,Object_10971
Unspecified,Object_26446
Explosive,Object_26723
Unspecified,Object_21638
Unspecified,Object_08241
Unspecified,Object_18480
Pressurized,Object_24401
Food,Object_07905
Food,Object_16453
Oxidizing,Object_13783
Oxidizing,Object_29226
Corrosive,Object_15355
Toxic,Object_00513
Toxic,Object_05957
Pressurized,Object_07707
Corrosive,Object_12319
Explosive,Object_27068
Flammable,Object_04224
Corrosive,Object_23468
Unspecified,Object_04030
Pressurized,Object_22882
Fragile,Object_25648
Corrosive,Object_11116
Corrosive,Object_10681
Radioactive,Object_02969
Oxidizing,Object_21136
Oxidizing,Object_17116
Fragile,Object_01617
Radioactive,Object_13058
Corrosive,Object_28578
Toxic,Object_18683
Oxidizing,Object_01499
Pressurized,Object_14276
Toxic,Object_20981
Oxidizing,Object_16210
Pressurized,Object_01952
Corrosive,Object_16046
Pressurized,Object_08372
Corrosive,Object_04310
Food,Object_28340
Oxidizing,Object_05158
Unspecified,Object_05333
Radioactive,Object_02147
Pressurized,Object_12036
Oxidizing,Object_01594
Pressurized,Object_00577
Flammable,Object_08756
Food,Object_03982
Pressurized,Object_25279
Flammable,Object_19089
Radioactive,Object_22079
Explosive,Object_08469
Unspecified,Object_24225
Oxidizing,Object_06664
Oxidizing,Object_07162
Explosive,Object_24680
Flammable,Object_04210
Oxidizing,Object_22011
Food,Object_08726
Flammable,Object_04903
Flammable,Object_14905
Pressurized,Object_24505
Flammable,Object_10093
Food,Object_00677
Toxic,Object_01817
Pressurized,Object_02427
Flammable,Object_11302
Pressurized,Object_26911
Pressurized,Object_23326
Pressurized,Object_22221
Explosive,Object_09635
Explosive,Object_14040
Food,Object_27832
Fragile,Object_03602
Fragile,Object_17578
Toxic,Object_16655
Pressurized,Object_28727
Pressurized,Object_27772
Unspecified,Object_18395
Explosive,Object_27017
Radioactive,Object_14797
Flammable,Object_16113
Unspecified,Object_13694
Explosive,Object_11726
Flammable,Object_18992
Fragile,Object_14230
Fragile,Object_26206
Corrosive,Object_24421
Unspecified,Object_12829
Corrosive,Object_09679
Pressurized,Object_09114
Radioactive,Object_16676
Unspecified,Object_05212
Fragile,Object_22318
Toxic,Object_30012
Flammable,Object_28867
Radioactive,Object_26550
Food,Object_19135
Toxic,Object_26046
Unspecified,Object_21474
Unspecified,Object_12814
Fragile,Object_27341
Pressurized,Object_11739
Radioactive,Object_05782
Corrosive,Object_18302
Flammable,Object_02525
Explosive,Object_08627
Explosive,Object_19179
Pressurized,Object_10579
Flammable,Object_21214
Fragile,Object_11614
Unspecified,Object_12013
Toxic,Object_04241
Flammable,Object_24721
Oxidizing,Object_14089
Flammable,Object_26842
Fragile,Object_07305
Fragile,Object_15231
Oxidizing,Object_28839
Pressurized,Object_09190
Oxidizing,Object_04308
Explosive,Object_08891
Flammable,Object_01766
Flammable,Object_09757
Toxic,Object_05443
Food,Object_27697
Toxic,Object_20474
Toxic,Object_30236
Fragile,Object_28936
Flammable,Object_11594
Pressurized,Object_11403
Pressurized,Object_22195
Explosive,Object_09319
Fragile,Object_13257
Oxidizing,Object_21131
Unspecified,Object_09527
Unspecified,Object_28502
Fragile,Object_23270
Unspecified,Object_17019
Corrosive,Object_00213
Radioactive,Object_26913
Oxidizing,Object_03776
Pressurized,Object_12384
Unspecified,Object_02468
Radioactive,Object_14294
Oxidizing,Object_13457
Pressurized,Object_12472
Unspecified,Object_26628
Oxidizing,Object_11934
Explosive,Object_27510
Corrosive,Object_09773
Radioactive,Object_02035
Toxic,Object_09000
Oxidizing,Object_01404
Corrosive,Object_11988
Unspecified,Object_25681
Flammable,Object_01323
Oxidizing,Object_04423
Explosive,Object_15672
Pressurized,Object_05319
Radioactive,Object_18009
Unspecified,Object_27301
Fragile,Object_27708
Oxidizing,Object_13388
Fragile,Object_06646
Food,Object_02132
Explosive,Object_03401
Corrosive,Object_17447
Unspecified,Object_21626
Corrosive,Object_08246
Pressurized,Object_04943
Fragile,Object_01170
Flammable,Object_12293
Pressurized,Object_26729
Explosive,Object_14570
Corrosive,Object_30243
Pressurized,Object_22183
Oxidizing,Object_24841
Fragile,Object_22627
Pressurized,Object_19906
Pressurized,Object_11163
Pressurized,Object_13497
Oxidizing,Object_03433
Oxidizing,Object_09399
Flammable,Object_26656
Corrosive,Object_20429
Flammable,Object_21799
Radioactive,Object_07927
Pressurized,Object_05347
Radioactive,Object_14035
Oxidizing,Object_13801
Unspecified,Object_11458
Flammable,Object_19870
Fragile,Object_17437
Explosive,Object_07921
Explosive,Object_07768
Food,Object_10126
Explosive,Object_22008
Toxic,Object_12079
Unspecified,Object_17119
Pressurized,Object_03206
Food,Object_26228
Toxic,Object_24717
Pressurized,Object_10451
Radioactive,Object_26790
Pressurized,Object_30088
Fragile,Object_03092
Flammable,Object_26483
Flammable,Object_20366
Food,Object_26189
Explosive,Object_29608
Radioactive,Object_09499
Flammable,Object_19652
Toxic,Object_30177
Food,Object_28791
Radioactive,Object_11547
Fragile,Object_00142
Corrosive,Object_09816
Corrosive,Object_08134
Radioactive,Object_17359
Flammable,Object_08324
Oxidizing,Object_27413
Unspecified,Object_01304
Food,Object_13516
Pressurized,Object_19166
Food,Object_02593
Corrosive,Object_24925
Flammable,Object_06774
Oxidizing,Object_20630
Pressurized,Object_14447
Corrosive,Object_08256
Fragile,Object_14235
Oxidizing,Object_06933
Toxic,Object_05295
Corrosive,Object_17219
Pressurized,Object_09888
Flammable,Object_22080
Oxidizing,Object_23655
Food,Object_03793
Explosive,Object_29796
Fragile,Object_22153
Fragile,Object_13677
Toxic,Object_18345
Fragile,Object_02890
Flammable,Object_01157
Radioactive,Object_18158
Fragile,Object_18000
Corrosive,Object_13659
Food,Object_03980
Fragile,Object_17378
Unspecified,Object_09539
Oxidizing,Object_11077
Unspecified,Object_14307
Fragile,Object_19891
Explosive,Object_29991
Oxidizing,Object_20824
Corrosive,Object_15941
Food,Object_29101
Radioactive,Object_20184
Flammable,Object_03768
Radioactive,Object_20502
Flammable,Object_14906
Food,Object_14241
Flammable,Object_15285
Explosive,Object_12488
Toxic,Object_19573
Flammable,Object_06963
Toxic,Object_02642
Corrosive,Object_00844
Explosive,Object_25438
Corrosive,Object_30183
Toxic,Object_16715
Food,Object_12194
Pressurized,Object_09352
Corrosive,Object_02056
Explosive,Object_11611
Flammable,Object_02107
Fragile,Object_24127
Unspecified,Object_27586
Radioactive,Object_01359
Fragile,Object_06553
Fragile,Object_10389
Food,Object_00500
Oxidizing,Object_11437
Pressurized,Object_21601
Unspecified,Object_05621
Corrosive,Object_17823
Unspecified,Object_04846
Toxic,Object_25658
Food,Object_28045
Explosive,Object_07254
Unspecified,Object_26939
Radioactive,Object_27843
Fragile,Object_23402
Explosive,Object_23526
Unspecified,Object_22818
Flammable,Object_25692
Toxic,Object_02903
Unspecified,Object_03931
Fragile,Object_13109
Explosive,Object_00497
Unspecified,Object_17666
Radioactive,Object_10673
Toxic,Object_17974
Oxidizing,Object_02799
Explosive,Object_26968
Fragile,Object_12523
Explosive,Object_16506
Radioactive,Object_01382
Oxidizing,Object_06870
Oxidizing,Object_28384
Corrosive,Object_27299
Oxidizing,Object_08614
Flammable,Object_22120
Oxidizing,Object_29514
Oxidizing,Object_23417
Corrosive,Object_21044
Explosive,Object_30075
Fragile,Object_24327
Corrosive,Object_23856
Corrosive,Object_10599
Unspecified,Object_01681
Radioactive,Object_09037
Fragile,Object_18836
Corrosive,Object_08655
Fragile,Object_05509
Toxic,Object_18091
Toxic,Object_14359
Pressurized,Object_17867
Pressurized,Object_20334
Pressurized,Object_02304
Flammable,Object_17840
Food,Object_09209
Pressurized,Object_25707
Pressurized,Object_05411
Flammable,Object_24842
Corrosive,Object_19080
Pressurized,Object_06212
Food,Object_08786
Explosive,Object_01396
Fragile,Object_23675
Oxidizing,Object_18499
Pressurized,Object_25116
Fragile,Object_14729
Unspecified,Object_17408
Corrosive,Object_28311
Oxidizing,Object_16412
Fragile,Object_07522
Fragile,Object_15042
Toxic,Object_16144
Fragile,Object_13672
Food,Object_18102
Oxidizing,Object_11816
Pressurized,Object_13940
Radioactive,Object_03985
Oxidizing,Object_26872
Radioactive,Object_06007
Pressurized,Object_00951
Food,Object_22577
Oxidizing,Object_28919
Pressurized,Object_19413
Oxidizing,Object_00505
Corrosive,Object_10837
Flammable,Object_10277
Flammable,Object_22697
Fragile,Object_00939
Flammable,Object_03180
Toxic,Object_28044
Unspecified,Object_05881
Corrosive,Object_19881
Explosive,Object_10134
Corrosive,Object_18989
Unspecified,Object_22376
Fragile,Object_25761
Radioactive,Object_15595
Pressurized,Object_09181
Fragile,Object_05633
Radioactive,Object_16057
Oxidizing,Object_16359
Corrosive,Object_06695
Pressurized,Object_13250
Unspecified,Object_17604
Pressurized,Object_15473
Toxic,Object_22148
Oxidizing,Object_24395
Corrosive,Object_06120
Unspecified,Object_03712
Corrosive,Object_16785
Radioactive,Object_10606
Food,Object_14392
Radioactive,Object_06229
Explosive,Object_08934
Flammable,Object_25836
Radioactive,Object_16216
Oxidizing,Object_21598
Radioactive,Object_00418
Pressurized,Object_06883
Fragile,Object_20583
Unspecified,Object_27706
Toxic,Object_01141
Oxidizing,Object_02100
Explosive,Object_16724
Radioactive,Object_16207
Flammable,Object_12092
Flammable,Object_19269
Corrosive,Object_16535
Unspecified,Object_08153
Toxic,Object_23209
Flammable,Object_14118
Explosive,Object_05172
Pressurized,Object_04945
Flammable,Object_23990
Pressurized,Object_28881
Radioactive,Object_10928
Food,Object_25467
Pressurized,Object_02671
Radioactive,Object_30325
Corrosive,Object_10916
Toxic,Object_18368
Unspecified,Object_22294
Corrosive,Object_29888
Oxidizing,Object_21612
Radioactive,Object_11642
Flammable,Object_11900
Food,Object_04591
Toxic,Object_28427
Fragile,Object_01665
Flammable,Object_01438
Oxidizing,Object_08554
Fragile,Object_08418
Food,Object_23534
Flammable,Object_27357
Corrosive,Object_15494
Explosive,Object_26721
Explosive,Object_07998
Corrosive,Object_26371
Toxic,Object_10195
Unspecified,Object_20892
Fragile,Object_01760
Corrosive,Object_12131
Food,Object_08580
Food,Object_23867
Corrosive,Object_19776
Flammable,Object_16680
Oxidizing,Object_08230
Pressurized,Object_23050
Unspecified,Object_10497
Food,Object_18984
Flammable,Object_03177
Food,Object_05661
Fragile,Object_18641
Oxidizing,Object_03917
Flammable,Object_15420
Oxidizing,Object_29697
Fragile,Object_12358
Pressurized,Object_18233
Pressurized,Object_25014
Explosive,Object_05241
Corrosive,Object_28950
Radioactive,Object_30225
Radioactive,Object_11540
Pressurized,Object_21112
Toxic,Object_20751
Oxidizing,Object_06121
Pressurized,Object_16617
Unspecified,Object_21202
Explosive,Object_01344
Unspecified,Object_15780
Explosive,Object_14748
Radioactive,Object_23136
Food,Object_08611
Oxidizing,Object_07733
Radioactive,Object_20467
Explosive,Object_19045
Flammable,Object_01991
Radioactive,Object_08315
Fragile,Object_02009
Oxidizing,Object_11519
Explosive,Object_01962
Flammable,Object_23891
Radioactive,Object_07634
Fragile,Object_06800
Flammable,Object_19625
Oxidizing,Object_26067
Unspecified,Object_14815
Radioactive,Object_17462
Toxic,Object_05373
Food,Object_11036
Oxidizing,Object_12743
Unspecified,Object_02579
Explosive,Object_13187
Food,Object_24620
Toxic,Object_25318
Explosive,Object_04471
Oxidizing,Object_26219
Corrosive,Object_26739
Explosive,Object_30169
Radioactive,Object_03047
Flammable,Object_15682
Corrosive,Object_08358
Food,Object_21549
Corrosive,Object_14270
Oxidizing,Object_06636
Corrosive,Object_04154
Fragile,Object_27012
Corrosive,Object_18492
Explosive,Object_03685
Unspecified,Object_26786
Fragile,Object_22965
Pressurized,Object_10301
Corrosive,Object_22520
Pressurized,Object_25514
Corrosive,Object_02831
Explosive,Object_01505
Unspecified,Object_09674
Oxidizing,Object_02155
Corrosive,Object_26152
Toxic,Object_06796
Corrosive,Object_00229
Flammable,Object_19514
Radioactive,Object_10607
Flammable,Object_07136
Pressurized,Object_28312
Toxic,Object_29576
Unspecified,Object_28410
Unspecified,Object_25174
Explosive,Object_21930
Toxic,Object_20406
Toxic,Object_16602
Fragile,Object_03633
Radioactive,Object_02016
Food,Object_10994
Toxic,Object_11970
Corrosive,Object_05013
Corrosive,Object_27537
Corrosive,Object_27333
Food,Object_26464
Oxidizing,Object_13902
Oxidizing,Object_02065
Food,Object_23720
Unspecified,Object_12276
Flammable,Object_10714
Flammable,Object_15451
Toxic,Object_19147
Pressurized,Object_24941
Unspecified,Object_17247
Radioactive,Object_26082
Radioactive,Object_09134
Flammable,Object_09743
Fragile,Object_26102
Toxic,Object_11204
Pressurized,Object_15016
Fragile,Object_13775
Explosive,Object_17513
Toxic,Object_01734
Food,Object_16573
Food,Object_16586
Toxic,Object_20841
Flammable,Object_00953
Corrosive,Object_30332
Radioactive,Object_24259
Corrosive,Object_21963
Unspecified,Object_08711
Flammable,Object_24939
Unspecified,Object_29181
Pressurized,Object_27557
Food,Object_18066
Toxic,Object_15928
Oxidizing,Object_29624
Flammable,Object_27173
Fragile,Object_10436
Flammable,Object_06775
Fragile,Object_21734
Food,Object_05029
Explosive,Object_15541
Flammable,Object_13860
Fragile,Object_14291
Food,Object_05145
Radioactive,Object_08292
Pressurized,Object_10563
Flammable,Object_11432
Toxic,Object_16299
Explosive,Object_09042
Fragile,Object_14365
Food,Object_00111
Fragile,Object_04907
Explosive,Object_15779
Oxidizing,Object_02285
Flammable,Object_23829
Pressurized,Object_00702
Unspecified,Object_29617
Food,Object_12969
Unspecified,Object_07980
Food,Object_22091
Pressurized,Object_27683
Corrosive,Object_13782
Flammable,Object_20903
Food,Object_25748
Pressurized,Object_25977
Oxidizing,Object_29119
Oxidizing,Object_04234
Fragile,Object_15987
Corrosive,Object_17264
Pressurized,Object_07967
Radioactive,Object_17920
Oxidizing,Object_08881
Corrosive,Object_05609
Unspecified,Object_12597
Explosive,Object_15748
Corrosive,Object_06620
Food,Object_07278
Explosive,Object_22506
Fragile,Object_18846
Pressurized,Object_21319
Radioactive,Object_29518
Unspecified,Object_00118
Fragile,Object_02532
Food,Object_14024
Food,Object_26412
Oxidizing,Object_11648
Radioactive,Object_20847
Corrosive,Object_23674
Fragile,Object_10397
Food,Object_19339
Explosive,Object_03878
Oxidizing,Object_25127
Fragile,Object_22812
Fragile,Object_00112
Radioactive,Object_23443
Toxic,Object_11186
Food,Object_12068
Explosive,Object_10731
Toxic,Object_13657
Flammable,Object_17991
Oxidizing,Object_01752
Toxic,Object_19987
Unspecified,Object_29754
Pressurized,Object_07122
Corrosive,Object_21801
Toxic,Object_12952
Radioactive,Object_26541
Oxidizing,Object_23090
Radioactive,Object_16873
Fragile,Object_02444
Oxidizing,Object_10009
Food,Object_25101
Pressurized,Object_20109
Radioactive,Object_04364
Radioactive,Object_28341
Pressurized,Object_18216
Unspecified,Object_20793
Explosive,Object_21045
Flammable,Object_25443
Corrosive,Object_23638
Radioactive,Object_22300
Pressurized,Object_19393
Flammable,Object_23999
Explosive,Object_03778
Toxic,Object_25460
Food,Object_10514
Unspecified,Object_24823
Toxic,Object_09415
Corrosive,Object_25686
Food,Object_16706
Radioactive,Object_28814
Flammable,Object_09376
Flammable,Object_08025
Pressurized,Object_26217
Radioactive,Object_05627
Radioactive,Object_04303
Oxidizing,Object_23814
Oxidizing,Object_28775
Toxic,Object_10742
Toxic,Object_16923
Fragile,Object_28701
Unspecified,Object_26166
Pressurized,Object_26639
Fragile,Object_18863
Food,Object_07041
Toxic,Object_00402
Oxidizing,Object_25117
Pressurized,Object_08631
Oxidizing,Object_08111
Unspecified,Object_19422
Food,Object_05098
Explosive,Object_08133
Radioactive,Object_09594
Radioactive,Object_06657
Explosive,Object_05586
Radioactive,Object_23218
Corrosive,Object_05644
Food,Object_23429
Food,Object_18242
Fragile,Object_26728
Toxic,Object_12180
Flammable,Object_17149
Pressurized,Object_00553
Explosive,Object_12670
Fragile,Object_07811
Explosive,Object_17318
Corrosive,Object_17808
Radioactive,Object_08633
Food,Object_26453
Radioactive,Object_04516
Corrosive,Object_24244
Flammable,Object_24491
Pressurized,Object_18018
Pressurized,Object_06648
Toxic,Object_21171
Explosive,Object_00291
Fragile,Object_14295
Corrosive,Object_08543
Radioactive,Object_03139
Flammable,Object_17813
Flammable,Object_24122
Radioactive,Object_08212
Oxidizing,Object_03320
Corrosive,Object_15983
Fragile,Object_26225
Toxic,Object_00140
Flammable,Object_27329
Pressurized,Object_07178
Radioactive,Object_14014
Radioactive,Object_12235
Pressurized,Object_15461
Food,Object_04598
Flammable,Object_05149
Radioactive,Object_13408
Explosive,Object_10303
Explosive,Object_06691
Pressurized,Object_25647
Corrosive,Object_13431
Explosive,Object_04781
Food,Object_11507
Fragile,Object_26452
Food,Object_08144
Unspecified,Object_26561
Food,Object_17040
Toxic,Object_25253
Fragile,Object_00331
Radioactive,Object_24248
Fragile,Object_14331
Fragile,Object_06349
Explosive,Object_13636
Pressurized,Object_09403
Oxidizing,Object_07338
Food,Object_20823
Unspecified,Object_30049
Explosive,Object_14431
Fragile,Object_04417
Corrosive,Object_29746
Radioactive,Object_11463
Radioactive,Object_29789
Oxidizing,Object_30006
Food,Object_02104
Toxic,Object_04068
Fragile,Object_15591
Pressurized,Object_02645
Radioactive,Object_04318
Unspecified,Object_17924
Food,Object_17732
Pressurized,Object_07327
Radioactive,Object_02040
Explosive,Object_03874
Toxic,Object_09804
Pressurized,Object_25150
Radioactive,Object_04518
Fragile,Object_02264
Toxic,Object_23355
Flammable,Object_24552
Corrosive,Object_06109
Radioactive,Object_25831
Oxidizing,Object_10789
Flammable,Object_22369
Food,Object_07029
Pressurized,Object_25606
Fragile,Object_10705
Fragile,Object_26389
Toxic,Object_25107
Flammable,Object_06808
Pressurized,Object_27817
Pressurized,Object_26057
Unspecified,Object_29554
Fragile,Object_14349
Oxidizing,Object_16747
Corrosive,Object_11331
Food,Object_25445
Corrosive,Object_14053
Pressurized,Object_18907
Food,Object_07815
Fragile,Object_24461
Toxic,Object_23058
Toxic,Object_11676
Food,Object_18585
Unspecified,Object_16516
Unspecified,Object_01309
Pressurized,Object_05090
Corrosive,Object_15173
Food,Object_08170
Unspecified,Object_14934
Food,Object_14887
Oxidizing,Object_25036
Unspecified,Object_13556
Food,Object_03244
Explosive,Object_15271
Food,Object_05026
Pressurized,Object_04881
Unspecified,Object_02013
Radioactive,Object_08719
Explosive,Object_17483
Radioactive,Object_08754
Pressurized,Object_27590
Toxic,Object_04707
Food,Object_18805
Flammable,Object_05099
Explosive,Object_00481
Unspecified,Object_04087
Corrosive,Object_01884
Pressurized,Object_07882
Corrosive,Object_07828
Radioactive,Object_24805
Oxidizing,Object_13398
Fragile,Object_14385
Food,Object_27108
Flammable,Object_20422
Oxidizing,Object_02975
Toxic,Object_04446
Toxic,Object_18260
Pressurized,Object_14800
Oxidizing,Object_04807
Oxidizing,Object_26878
Pressurized,Object_23912
Fragile,Object_00986
Pressurized,Object_27040
Food,Object_02430
Food,Object_27251
Explosive,Object_23075
Food,Object_25412
Fragile,Object_10794
Fragile,Object_29563
Corrosive,Object_12946
Food,Object_28496
Explosive,Object_24814
Radioactive,Object_06127
Pressurized,Object_16878
Oxidizing,Object_25413
Radioactive,Object_18965
Radioactive,Object_14193
Pressurized,Object_05606
Fragile,Object_09143
Food,Object_19713
Food,Object_24195
Food,Object_12795
Pressurized,Object_18961
Unspecified,Object_18606
Food,Object_09254
Oxidizing,Object_12184
Explosive,Object_28937
Explosive,Object_16760
Corrosive,Object_25581
Oxidizing,Object_09865
Unspecified,Object_07794
Pressurized,Object_00006
Pressurized,Object_02079
Corrosive,Object_26716
Flammable,Object_07361
Corrosive,Object_10569
Corrosive,Object_24407
Pressurized,Object_14475
Fragile,Object_10335
Corrosive,Object_03061
Oxidizing,Object_08214
Unspecified,Object_18558
Oxidizing,Object_02540
Oxidizing,Object_21291
Fragile,Object_19878
Toxic,Object_18053
Corrosive,Object_06643
Corrosive,Object_10288
Food,Object_26557
Fragile,Object_25357
Food,Object_04083
Flammable,Object_09643
Corrosive,Object_01777
Flammable,Object_20273
Toxic,Object_10192
Corrosive,Object_25494
Radioactive,Object_03740
Corrosive,Object_18320
Radioactive,Object_20916
Explosive,Object_28245
Radioactive,Object_14171
Toxic,Object_28401
Unspecified,Object_15124
Corrosive,Object_13372
Food,Object_01192
Fragile,Object_27720
Explosive,Object_23157
Toxic,Object_18662
Toxic,Object_09321
Oxidizing,Object_30071
Fragile,Object_09676
Food,Object_09619
Oxidizing,Object_24468
Corrosive,Object_27105
Toxic,Object_11123
Corrosive,Object_19466
Corrosive,Object_06149
Fragile,Object_15004
Corrosive,Object_06438
Oxidizing,Object_23260
Corrosive,Object_02527
Corrosive,Object_11149
Flammable,Object_21455
Food,Object_10702
Food,Object_11824
Unspecified,Object_01203
Fragile,Object_30077
Explosive,Object_23473
Toxic,Object_08588
Radioactive,Object_05279
Oxidizing,Object_19347
Corrosive,Object_20532
Unspecified,Object_01199
Corrosive,Object_09559
Corrosive,Object_08737
Radioactive,Object_13794
Explosive,Object_09460
Unspecified,Object_19664
Explosive,Object_01699
Toxic,Object_24476
Toxic,Object_02325
Explosive,Object_03447
Corrosive,Object_08287
Unspecified,Object_10313
Flammable,Object_02110
Explosive,Object_12838
Oxidizing,Object_29503
Explosive,Object_22389
Pressurized,Object_18519
Pressurized,Object_11524
Oxidizing,Object_26757
Unspecified,Object_07671
Radioactive,Object_25410
Toxic,Object_00400
Fragile,Object_14328
Fragile,Object_01326
Food,Object_21535
Corrosive,Object_09423
Explosive,Object_27945
Food,Object_04592
Explosive,Object_11253
Radioactive,Object_12417
Pressurized,Object_10914
Fragile,Object_25521
Explosive,Object_27302
Radioactive,Object_29830
Pressurized,Object_25469
Food,Object_25035
Toxic,Object_25052
Corrosive,Object_16282
Unspecified,Object_10553
Food,Object_08417
Oxidizing,Object_27632
Food,Object_08347
Toxic,Object_29909
Food,Object_07050
Fragile,Object_26131
Food,Object_21030
Toxic,Object_16010
Pressurized,Object_23462
Explosive,Object_07842
Food,Object_28545
Food,Object_02791
Corrosive,Object_14594
Unspecified,Object_28313
Pressurized,Object_02735
Radioactive,Object_04073
Explosive,Object_05048
Toxic,Object_00873
Radioactive,Object_29489
Pressurized,Object_09675
Food,Object_11633
Food,Object_13832
Radioactive,Object_11981
Food,Object_12476
Explosive,Object_04832
Explosive,Object_03650
Unspecified,Object_05210
Toxic,Object_23250
Fragile,Object_07576
Pressurized,Object_09994
Radioactive,Object_17461
Toxic,Object_19750
Flammable,Object_06411
Radioactive,Object_07513
Explosive,Object_09146
Corrosive,Object_13274
Fragile,Object_02934
Radioactive,Object_16772
Corrosive,Object_02015
Radioactive,Object_16338
Unspecified,Object_00190
Pressurized,Object_03313
Food,Object_04357
Explosive,Object_28620
Unspecified,Object_15052
Oxidizing,Object_10706
Pressurized,Object_10960
Flammable,Object_20059
Fragile,Object_17243
Explosive,Object_07180
Oxidizing,Object_29590
Radioactive,Object_14333
Flammable,Object_14913
Toxic,Object_14844
Toxic,Object_23805
Flammable,Object_17818
Fragile,Object_29263
Food,Object_15322
Pressurized,Object_26508
Radioactive,Object_03213
Radioactive,Object_28274
Fragile,Object_08796
Pressurized,Object_02784
Food,Object_06202
Explosive,Object_24253
Corrosive,Object_22016
Food,Object_23415
Pressurized,Object_04694
Oxidizing,Object_29932
Toxic,Object_08254
Flammable,Object_16402
Radioactive,Object_21648
Corrosive,Object_23405
Unspecified,Object_24369
Pressurized,Object_08847
Corrosive,Object_11929
Oxidizing,Object_24005
Food,Object_24216
Corrosive,Object_14593
Radioactive,Object_03331
Radioactive,Object_22005
Flammable,Object_27350
Corrosive,Object_09760
Toxic,Object_26694
Toxic,Object_26253
Flammable,Object_29820
Radioactive,Object_06288
Food,Object_02273
Explosive,Object_03810
Flammable,Object_13810
Corrosive,Object_29600
Flammable,Object_20434
Oxidizing,Object_11374
Pressurized,Object_03707
Oxidizing,Object_19174
Pressurized,Object_25269
Corrosive,Object_15255
Unspecified,Object_04489
Oxidizing,Object_14937
Toxic,Object_05362
Pressurized,Object_14985
Food,Object_02844
Food,Object_19013
Oxidizing,Object_02568
Explosive,Object_22365
Toxic,Object_08690
Flammable,Object_12365
Oxidizing,Object_19842
Flammable,Object_13143
Radioactive,Object_07253
Unspecified,Object_26576
Fragile,Object_20436
Toxic,Object_19539
Oxidizing,Object_05346
Flammable,Object_22339
Explosive,Object_22110
Explosive,Object_18691
Explosive,Object_03457
Corrosive,Object_01496
Radioactive,Object_15483
Oxidizing,Object_00798
Corrosive,Object_00496
Corrosive,Object_11972
Corrosive,Object_09078
Food,Object_12141
Oxidizing,Object_14498
Unspecified,Object_10460
Radioactive,Object_08557
Radioactive,Object_15325
Explosive,Object_08261
Flammable,Object_25511
Fragile,Object_21938
Fragile,Object_13395
Oxidizing,Object_29919
Fragile,Object_06795
Corrosive,Object_02397
Corrosive,Object_22936
Oxidizing,Object_16826
Corrosive,Object_01723
Flammable,Object_01834
Oxidizing,Object_20854
Pressurized,Object_16367
Toxic,Object_02963
Radioactive,Object_14246
Toxic,Object_14343
Fragile,Object_02450
Fragile,Object_18674
Fragile,Object_19018
Toxic,Object_29312
Oxidizing,Object_09236
Corrosive,Object_18594
Fragile,Object_21980
Explosive,Object_01109
Unspecified,Object_24211
Corrosive,Object_07797
Unspecified,Object_28368
Toxic,Object_13667
Radioactive,Object_04921
Flammable,Object_10498
Corrosive,Object_09983
Unspecified,Object_14866
Toxic,Object_16016
Radioactive,Object_29348
Fragile,Object_05399
Food,Object_04373
Unspecified,Object_10044
Radioactive,Object_20243
Corrosive,Object_07970
Radioactive,Object_29895
Pressurized,Object_06929
Unspecified,Object_10610
Flammable,Object_12573
Unspecified,Object_03998
Pressurized,Object_22729
Radioactive,Object_08206
Food,Object_04895
Fragile,Object_23378
Fragile,Object_17042
Fragile,Object_09492
Oxidizing,Object_21180
Fragile,Object_25086
Food,Object_20026
Pressurized,Object_21416
Corrosive,Object_17681
Pressurized,Object_12107
Fragile,Object_18849
Pressurized,Object_20498
Food,Object_04917
Corrosive,Object_27059
Unspecified,Object_24852
Unspecified,Object_12447
Pressurized,Object_24156
Flammable,Object_16358
Radioactive,Object_11637
Fragile,Object_15576
Radioactive,Object_24397
Fragile,Object_05565
Explosive,Object_07651
Unspecified,Object_21613
Corrosive,Object_28951
Pressurized,Object_10318
Corrosive,Object_05514
Food,Object_29562
Oxidizing,Object_24365
Radioactive,Object_16729
Explosive,Object_26661
Explosive,Object_27479
Food,Object_27297
Corrosive,Object_26633
Oxidizing,Object_25918
Unspecified,Object_26039
Corrosive,Object_02161
Toxic,Object_07290
Toxic,Object_02134
Pressurized,Object_08278
Oxidizing,Object_22055
Toxic,Object_02533
Toxic,Object_30249
Radioactive,Object_15036
Fragile,Object_06669
Radioactive,Object_01521
Pressurized,Object_05891
Unspecified,Object_11578
Explosive,Object_17262
Corrosive,Object_01256
Flammable,Object_14335
Oxidizing,Object_19680
Fragile,Object_24945
Food,Object_05183
Fragile,Object_11089
Unspecified,Object_11230
Corrosive,Object_28878
Flammable,Object_11650
Unspecified,Object_11097
Radioactive,Object_22127
Food,Object_15921
Fragile,Object_15590
Fragile,Object_17282
Flammable,Object_17069
Corrosive,Object_06837
Toxic,Object_18342
Food,Object_12996
Pressurized,Object_02712
Oxidizing,Object_01165
Corrosive,Object_01246
Oxidizing,Object_18229
Pressurized,Object_09568
Food,Object_23809
Fragile,Object_09620
Explosive,Object_10151
Fragile,Object_14068
Corrosive,Object_02615
Flammable,Object_09232
Fragile,Object_26473
Explosive,Object_14178
Toxic,Object_06573
Toxic,Object_10013
Toxic,Object_19758
Radioactive,Object_21270
Radioactive,Object_08369
Oxidizing,Object_07287
Explosive,Object_01095
Pressurized,Object_14649
Toxic,Object_00538
Unspecified,Object_00679
Radioactive,Object_28761
Pressurized,Object_20756
Toxic,Object_17664
Flammable,Object_01215
Unspecified,Object_16668
Unspecified,Object_23368
Corrosive,Object_00806
Oxidizing,Object_08101
Flammable,Object_24832
Oxidizing,Object_12261
Toxic,Object_03811
Unspecified,Object_13202
Unspecified,Object_24560
Corrosive,Object_18652
Toxic,Object_30161
Radioactive,Object_06576
Pressurized,Object_15160
Radioactive,Object_08894
Flammable,Object_28294
Pressurized,Object_02880
Radioactive,Object_00076
Fragile,Object_08834
Explosive,Object_20995
Food,Object_16048
Oxidizing,Object_08118
Flammable,Object_20205
Pressurized,Object_17335
Oxidizing,Object_29845
Corrosive,Object_29623
Flammable,Object_27928
Food,Object_18885
Radioactive,Object_19675
Fragile,Object_20741
Radioactive,Object_16529
Unspecified,Object_24111
Oxidizing,Object_15364
Toxic,Object_27591
Oxidizing,Object_02690
Food,Object_09385
Radioactive,Object_01862
Corrosive,Object_15599
Unspecified,Object_22665
Corrosive,Object_01919
Fragile,Object_05824
Flammable,Object_16324
Explosive,Object_14900
Unspecified,Object_27010
Corrosive,Object_08401
Food,Object_02556
Explosive,Object_06294
Flammable,Object_25989
Oxidizing,Object_11789
Unspecified,Object_22944
Food,Object_24311
Explosive,Object_30241
Pressurized,Object_10489
Explosive,Object_00282
Food,Object_26396
Corrosive,Object_07590
Radioactive,Object_01082
Explosive,Object_09896
Toxic,Object_25900
Unspecified,Object_17295
Corrosive,Object_09342
Toxic,Object_20458
Oxidizing,Object_12256
Corrosive,Object_06213
Radioactive,Object_08556
Flammable,Object_12960
Pressurized,Object_05148
Explosive,Object_10804
Radioactive,Object_01491
Flammable,Object_01322
Flammable,Object_21877
Unspecified,Object_03440
Food,Object_27054
Corrosive,Object_27388
Oxidizing,Object_17477
Fragile,Object_01334
Radioactive,Object_08305
Explosive,Object_08360
Flammable,Object_15453
Oxidizing,Object_23542
Food,Object_08546
Toxic,Object_26294
Corrosive,Object_15442
Toxic,Object_03282
Explosive,Object_05418
Food,Object_28239
Oxidizing,Object_01373
Toxic,Object_03701
Toxic,Object_14176
Explosive,Object_19581
Radioactive,Object_03026
Unspecified,Object_26400
Corrosive,Object_04402
Fragile,Object_10711
Fragile,Object_27220
Oxidizing,Object_01855
Unspecified,Object_20395
Toxic,Object_29837
Explosive,Object_19638
Fragile,Object_29437
Unspecified,Object_16139
Oxidizing,Object_20007
Flammable,Object_10525
Explosive,Object_30358
Fragile,Object_24277
Explosive,Object_22473
Fragile,Object_28398
Flammable,Object_16491
Radioactive,Object_23869
Radioactive,Object_21844
Flammable,Object_25787
Food,Object_06755
Corrosive,Object_27728
Flammable,Object_11366
Radioactive,Object_00094
Oxidizing,Object_26486
Unspecified,Object_15889
Toxic,Object_17230
Food,Object_14990
Flammable,Object_27448
Corrosive,Object_23283
Oxidizing,Object_19521
Toxic,Object_28617
Food,Object_13090
Fragile,Object_07777
Toxic,Object_28816
Corrosive,Object_04527
Toxic,Object_05441
Unspecified,Object_29868
Food,Object_26254
Corrosive,Object_07717
Flammable,Object_03311
Food,Object_00253
Flammable,Object_17962
Flammable,Object_09710
Flammable,Object_21129
Toxic,Object_01905
Radioactive,Object_18742
Food,Object_27159
Fragile,Object_26888
Flammable,Object_16749
Corrosive,Object_09693
Fragile,Object_21019
Food,Object_19524
Pressurized,Object_11695
Explosive,Object_03011
Corrosive,Object_05152
Food,Object_27953
Oxidizing,Object_00002
Explosive,Object_03486
Unspecified,Object_14669
Oxidizing,Object_18155
Fragile,Object_04497
Food,Object_20588
Toxic,Object_25735
Unspecified,Object_09062
Pressurized,Object_28647
Explosive,Object_01576
Food,Object_00617
Pressurized,Object_02324
Unspecified,Object_05674
Fragile,Object_06375
Flammable,Object_13227
Corrosive,Object_22186
Oxidizing,Object_12429
Flammable,Object_16883
Unspecified,Object_11489
Pressurized,Object_21305
Explosive,Object_04059
Explosive,Object_25539
Flammable,Object_27061
Flammable,Object_12124
Food,Object_08471
Toxic,Object_09498
Oxidizing,Object_08397
Radioactive,Object_02875
Oxidizing,Object_19751
Pressurized,Object_27643
Radioactive,Object_20213
Radioactive,Object_13858
Corrosive,Object_01213
Pressurized,Object_00917
Pressurized,Object_06082
Fragile,Object_28358
Pressurized,Object_09964
Fragile,Object_09472
Explosive,Object_21573
Corrosive,Object_27562
Unspecified,Object_20042
Corrosive,Object_24191
Toxic,Object_13972
Flammable,Object_24710
Pressurized,Object_06932
Unspecified,Object_06930
Corrosive,Object_09147
Flammable,Object_04479
Flammable,Object_17768
Fragile,Object_10944
Explosive,Object_07306
Pressurized,Object_00089
Unspecified,Object_16932
Explosive,Object_24375
Explosive,Object_22626
Radioactive,Object_12687
Fragile,Object_26763
Oxidizing,Object_24485
Food,Object_26616
Corrosive,Object_23741
Corrosive,Object_20289
Fragile,Object_08575
Radioactive,Object_03539
Unspecified,Object_13511
Oxidizing,Object_14869
Oxidizing,Object_13486
Toxic,Object_04538
Oxidizing,Object_26791
Pressurized,Object_16085
Flammable,Object_11588
Pressurized,Object_10934
Explosive,Object_13934
Explosive,Object_20816
Flammable,Object_10747
Food,Object_27075
Corrosive,Object_14478
Pressurized,Object_25172
Fragile,Object_08110
Corrosive,Object_09069
Oxidizing,Object_05351
Radioactive,Object_12264
Food,Object_29047
Radioactive,Object_25768
Oxidizing,Object_29388
Oxidizing,Object_29854
Explosive,Object_18464
Radioactive,Object_01392
Food,Object_00338
Fragile,Object_01811
Fragile,Object_06907
Unspecified,Object_04444
Explosive,Object_25242
Toxic,Object_08272
Toxic,Object_28140
Radioactive,Object_20591
Unspecified,Object_29256
Oxidizing,Object_24498
Toxic,Object_04902
Food,Object_06742
Corrosive,Object_03484
Corrosive,Object_08027
Toxic,Object_15803
Oxidizing,Object_01397
Oxidizing,Object_07420
Corrosive,Object_20633
Flammable,Object_14778
Unspecified,Object_21848
Explosive,Object_05276
Oxidizing,Object_10434
Explosive,Object_15626
Oxidizing,Object_20704
Flammable,Object_04532
Oxidizing,Object_08697
Fragile,Object_20667
Food,Object_06389
Pressurized,Object_18701
Flammable,Object_12328
Oxidizing,Object_12865
Unspecified,Object_04616
Food,Object_23951
Unspecified,Object_11434
Food,Object_00811
Flammable,Object_18922
Toxic,Object_27398
Fragile,Object_25702
Flammable,Object_24659
Oxidizing,Object_23345
Radioactive,Object_25644
Unspecified,Object_07790
Food,Object_28533
Radioactive,Object_27049
Oxidizing,Object_26193
Food,Object_02729
Explosive,Object_28342
Pressurized,Object_18659
Flammable,Object_28632
Flammable,Object_18394
Toxic,Object_23265
Toxic,Object_29786
Food,Object_26774
Radioactive,Object_12118
Corrosive,Object_20534
Fragile,Object_26227
Fragile,Object_15593
Fragile,Object_13862
Explosive,Object_22141
Radioactive,Object_26379
Corrosive,Object_14598
Fragile,Object_30022
Explosive,Object_09179
Pressurized,Object_06741
Corrosive,Object_08652
Fragile,Object_26411
Flammable,Object_00633
Explosive,Object_01458
Flammable,Object_00081
Unspecified,Object_23070
Flammable,Object_21061
Flammable,Object_19470
Pressurized,Object_10883
Fragile,Object_22248
Unspecified,Object_26514
Toxic,Object_14174
Pressurized,Object_12763
Pressurized,Object_07684
Pressurized,Object_07408
Flammable,Object_26139
Radioactive,Object_10353
Food,Object_05967
Toxic,Object_22182
Unspecified,Object_28787
Corrosive,Object_14727
Flammable,Object_08382
Radioactive,Object_08518
Corrosive,Object_28004
Fragile,Object_02572
Flammable,Object_25104
Explosive,Object_22567
Unspecified,Object_12294
Corrosive,Object_06725
Oxidizing,Object_26319
Oxidizing,Object_19941
Explosive,Object_17216
Fragile,Object_02567
Explosive,Object_10144
Pressurized,Object_02185
Flammable,Object_03495
Fragile,Object_14224
Corrosive,Object_15324
Toxic,Object_23061
Toxic,Object_07442
Radioactive,Object_30028
Oxidizing,Object_17392
Flammable,Object_03852
Toxic,Object_22724
Radioactive,Object_28406
Unspecified,Object_24770
Food,Object_03392
Pressurized,Object_10243
Fragile,Object_06271
Corrosive,Object_07666
Food,Object_15048
Radioactive,Object_18763
Explosive,Object_21621
Fragile,Object_06077
Flammable,Object_01526
Oxidizing,Object_15061
Pressurized,Object_21795
Corrosive,Object_23177
Toxic,Object_28854
Fragile,Object_08626
Unspecified,Object_02480
Oxidizing,Object_18951
Food,Object_18906
Flammable,Object_09956
Flammable,Object_05966
Pressurized,Object_18286
Oxidizing,Object_14670
Toxic,Object_17403
Pressurized,Object_26569
Flammable,Object_11259
Pressurized,Object_23748
Explosive,Object_13216
Pressurized,Object_13790
Toxic,Object_07271
Unspecified,Object_17033
Oxidizing,Object_26035
Unspecified,Object_14303
Corrosive,Object_10618
Explosive,Object_26222
Pressurized,Object_00748
Flammable,Object_18776
Unspecified,Object_17615
Toxic,Object_22790
Pressurized,Object_07540
Pressurized,Object_03098
Food,Object_23422
Flammable,Object_07068
Toxic,Object_04918
Food,Object_03522
Explosive,Object_13159
Oxidizing,Object_03275
Unspecified,Object_20399
Flammable,Object_05676
Fragile,Object_20763
Food,Object_27963
Pressurized,Object_15930
Toxic,Object_26589
Unspecified,Object_03637
Fragile,Object_21385
Corrosive,Object_25774
Flammable,Object_29012
Corrosive,Object_21738
Corrosive,Object_13259
Flammable,Object_15100
Radioactive,Object_16707
Radioactive,Object_14932
Flammable,Object_06853
Radioactive,Object_21326
Radioactive,Object_24683
Radioactive,Object_29654
Radioactive,Object_22250
Oxidizing,Object_20275
Corrosive,Object_09908
Radioactive,Object_04849
Radioactive,Object_16034
Radioactive,Object_06670
Oxidizing,Object_27579
Pressurized,Object_15360
Corrosive,Object_28276
Toxic,Object_07708
Toxic,Object_09932
Pressurized,Object_01222
Fragile,Object_24759
Oxidizing,Object_21922
Unspecified,Object_21823
Explosive,Object_08309
Flammable,Object_14074
Explosive,Object_08316
Toxic,Object_14728
Explosive,Object_13185
Fragile,Object_02751
Fragile,Object_11092
Explosive,Object_10718
Oxidizing,Object_16609
Flammable,Object_17726
Corrosive,Object_11641
Corrosive,Object_15815
Pressurized,Object_04184
Toxic,Object_23975
Fragile,Object_06386
Pressurized,Object_27411
Flammable,Object_26009
Unspecified,Object_03402
Flammable,Object_30083
Unspecified,Object_09595
Pressurized,Object_01889
Oxidizing,Object_12070
Food,Object_13789
Toxic,Object_21316
Pressurized,Object_03569
Flammable,Object_11401
Radioactive,Object_24419
Unspecified,Object_01081
Unspecified,Object_01431
Radioactive,Object_29131
Flammable,Object_06348
Fragile,Object_04419
Unspecified,Object_21221
Oxidizing,Object_26894
Toxic,Object_06523
Flammable,Object_13748
Fragile,Object_20105
Fragile,Object_21361
Radioactive,Object_22293
Toxic,Object_14584
Fragile,Object_22504
Pressurized,Object_22771
Corrosive,Object_09249
Food,Object_21113
Toxic,Object_04041
Toxic,Object_21396
Toxic,Object_12596
Flammable,Object_19047
Oxidizing,Object_06456
Oxidizing,Object_10838
Food,Object_00143
Flammable,Object_21122
Corrosive,Object_19934
Fragile,Object_08975
Explosive,Object_04006
Radioactive,Object_05180
Food,Object_24124
Unspecified,Object_11890
Radioactive,Object_04693
Explosive,Object_30166
Unspecified,Object_26702
Food,Object_09006
Pressurized,Object_02978
Food,Object_12510
Unspecified,Object_01195
Flammable,Object_23696
Flammable,Object_00797
Corrosive,Object_08658
Oxidizing,Object_04870
Unspecified,Object_04021
Food,Object_15504
Oxidizing,Object_16837
Corrosive,Object_13533
Flammable,Object_29943
Corrosive,Object_24192
Corrosive,Object_05320
Oxidizing,Object_21238
Fragile,Object_19173
Oxidizing,Object_19498
Corrosive,Object_17223
Fragile,Object_04682
Toxic,Object_03060
Unspecified,Object_08670
Corrosive,Object_11965
Flammable,Object_20554
Oxidizing,Object_20349
Fragile,Object_13698
Pressurized,Object_18724
Pressurized,Object_23203
Toxic,Object_06048
Food,Object_10233
Oxidizing,Object_28207
Oxidizing,Object_16636
Explosive,Object_24000
Flammable,Object_07761
Oxidizing,Object_19002
Pressurized,Object_05929
Fragile,Object_04665
Explosive,Object_17626
Unspecified,Object_26566
Oxidizing,Object_20979
Pressurized,Object_14622
Fragile,Object_28644
Flammable,Object_22823
Food,Object_11986
Toxic,Object_24971
Unspecified,Object_29297
Oxidizing,Object_25904
Pressurized,Object_07957
Fragile,Object_20143
Toxic,Object_04463
Oxidizing,Object_16796
Corrosive,Object_23348
Toxic,Object_01724
Food,Object_10887
Explosive,Object_20253
Corrosive,Object_03404
Flammable,Object_05456
Corrosive,Object_17072
Toxic,Object_12772
Explosive,Object_22025
Explosive,Object_13414
Pressurized,Object_15664
Fragile,Object_13481
Explosive,Object_10760
Corrosive,Object_21821
Unspecified,Object_10150
Unspecified,Object_16157
Fragile,Object_05918
Corrosive,Object_05541
Unspecified,Object_08411
Oxidizing,Object_07146
Corrosive,Object_13239
Radioactive,Object_15909
Radioactive,Object_12935
Oxidizing,Object_04323
Pressurized,Object_01795
Food,Object_12410
Radioactive,Object_10308
Unspecified,Object_11411
Toxic,Object_15444
Flammable,Object_08237
Oxidizing,Object_17520
Food,Object_07218
Flammable,Object_10214
Radioactive,Object_23234
Unspecified,Object_15943
Toxic,Object_06179
Flammable,Object_22455
Explosive,Object_22653
Oxidizing,Object_07448
Corrosive,Object_21624
Explosive,Object_15966
Unspecified,Object_00736
Food,Object_26209
Corrosive,Object_11515
Oxidizing,Object_05777
Oxidizing,Object_09170
Corrosive,Object_08547
Fragile,Object_08464
Fragile,Object_27665
Toxic,Object_22679
Corrosive,Object_08620
Fragile,Object_29172
Toxic,Object_13049
Unspecified,Object_01726
Food,Object_17756
Corrosive,Object_20187
Fragile,Object_18710
Explosive,Object_01756
Radioactive,Object_05552
Toxic,Object_05842
Oxidizing,Object_11931
Food,Object_19768
Pressurized,Object_28031
Pressurized,Object_13343
Flammable,Object_16464
Explosive,Object_14855
Unspecified,Object_28603
Toxic,Object_13939
Toxic,Object_29953
Toxic,Object_05242
Unspecified,Object_00459
Corrosive,Object_20441
Flammable,Object_02233
Radioactive,Object_07508
Oxidizing,Object_22239
Pressurized,Object_10390
Unspecified,Object_25175
Radioactive,Object_07263
Fragile,Object_19244
Unspecified,Object_13374
Food,Object_28673
Fragile,Object_22154
Flammable,Object_21233
Pressurized,Object_20615
Oxidizing,Object_01654
Fragile,Object_25800
Explosive,Object_11121
Corrosive,Object_28098
Food,Object_05233
Unspecified,Object_08698
Radioactive,Object_16203
Radioactive,Object_14015
Oxidizing,Object_14181
Corrosive,Object_12161
Fragile,Object_11680
Food,Object_24129
Corrosive,Object_29682
Radioactive,Object_28773
Pressurized,Object_22083
Unspecified,Object_03048
Food,Object_13916
Unspecified,Object_18219
Food,Object_04138
Corrosive,Object_00300
Pressurized,Object_16019
Radioactive,Object_12060
Corrosive,Object_23393
Food,Object_13503
Fragile,Object_20703
Corrosive,Object_20702
Toxic,Object_12963
Explosive,Object_18867
Unspecified,Object_26509
Unspecified,Object_10108
Radioactive,Object_25533
Fragile,Object_13831
Radioactive,Object_17937
Oxidizing,Object_15741
Toxic,Object_12684
Toxic,Object_23181
Flammable,Object_27749
Food,Object_17929
Corrosive,Object_05729
Fragile,Object_25908
Fragile,Object_06644
Flammable,Object_16020
Food,Object_04433
Unspecified,Object_01131
Oxidizing,Object_25383
Corrosive,Object_16717
Flammable,Object_16806
Unspecified,Object_15572
Flammable,Object_17333
Explosive,Object_16124
Food,Object_00271
Unspecified,Object_05868
Fragile,Object_07236
Pressurized,Object_15253
Radioactive,Object_12677
Unspecified,Object_25891
Food,Object_27702
Explosive,Object_08702
Toxic,Object_16875
Food,Object_15903
Flammable,Object_07469
Corrosive,Object_12603
Food,Object_20397
Pressurized,Object_16218
Oxidizing,Object_23116
Unspecified,Object_08044
Unspecified,Object_14136
Pressurized,Object_18663
Explosive,Object_22078
Food,Object_15533
Oxidizing,Object_04150
Fragile,Object_07011
Pressurized,Object_29129
Fragile,Object_08286
Corrosive,Object_10273
Oxidizing,Object_13980
Explosive,Object_04016
Toxic,Object_26613
Fragile,Object_22999
Explosive,Object_29135
Food,Object_15932
Oxidizing,Object_13875
Oxidizing,Object_21826
Explosive,Object_14912
Flammable,Object_13464
Explosive,Object_19513
Unspecified,Object_06252
Flammable,Object_20926
Explosive,Object_26279
Explosive,Object_29178
Flammable,Object_02992
Unspecified,Object_15263
Oxidizing,Object_09901
Fragile,Object_20680
Oxidizing,Object_11018
Toxic,Object_25652
Food,Object_15009
Explosive,Object_29559
Pressurized,Object_12123
Pressurized,Object_27994
Food,Object_16632
Toxic,Object_14180
Pressurized,Object_12428
Unspecified,Object_03669
Oxidizing,Object_03328
Explosive,Object_02297
Radioactive,Object_05882
Unspecified,Object_14416
Oxidizing,Object_12211
Unspecified,Object_13743
Oxidizing,Object_02925
Oxidizing,Object_12479
Oxidizing,Object_13724
Pressurized,Object_13639
Oxidizing,Object_10066
Food,Object_14494
Pressurized,Object_02316
Flammable,Object_29704
Corrosive,Object_02728
Flammable,Object_23738
Corrosive,Object_20343
Corrosive,Object_05739
Pressurized,Object_03037
Food,Object_05251
Corrosive,Object_12105
Corrosive,Object_18761
Corrosive,Object_01314
Explosive,Object_27195
Corrosive,Object_25364
Toxic,Object_15031
Explosive,Object_14110
Oxidizing,Object_00361
Unspecified,Object_08032
Toxic,Object_20786
Flammable,Object_21036
Explosive,Object_28527
Unspecified,Object_20611
Oxidizing,Object_13828
Toxic,Object_28469
Fragile,Object_24069
Toxic,Object_16399
Flammable,Object_19919
Food,Object_18781
Oxidizing,Object_07349
Food,Object_24222
Radioactive,Object_28382
Pressurized,Object_14090
Unspecified,Object_09678
Food,Object_25326
Oxidizing,Object_17885
Explosive,Object_18048
Fragile,Object_12095
Explosive,Object_26022
Unspecified,Object_25055
Fragile,Object_16434
Oxidizing,Object_18327
Unspecified,Object_04173
Food,Object_26799
Oxidizing,Object_28009
Corrosive,Object_28894
Explosive,Object_08921
Unspecified,Object_11622
Food,Object_24366
Toxic,Object_21085
Fragile,Object_10254
Fragile,Object_28768
Explosive,Object_16084
Corrosive,Object_25667
Flammable,Object_29877
Unspecified,Object_11693
Oxidizing,Object_24061
Food,Object_27961
Flammable,Object_29715
Unspecified,Object_28706
Unspecified,Object_16721
Toxic,Object_22419
Corrosive,Object_03421
Fragile,Object_18312
Explosive,Object_17045
Explosive,Object_10770
Explosive,Object_13613
Corrosive,Object_24775
Toxic,Object_28758
Food,Object_15701
Radioactive,Object_29750
Unspecified,Object_12973
Toxic,Object_18473
Unspecified,Object_21653
Fragile,Object_12053
Food,Object_08012
Corrosive,Object_20552
Food,Object_11184
Food,Object_03975
Food,Object_12142
Radioactive,Object_18304
Oxidizing,Object_02629
Oxidizing,Object_14918
Unspecified,Object_04727
Explosive,Object_29863
Toxic,Object_09821
Unspecified,Object_00493
Unspecified,Object_23009
Toxic,Object_03111
Unspecified,Object_10160
Corrosive,Object_02619
Unspecified,Object_29262
Radioactive,Object_16698
Unspecified,Object_04305
Food,Object_29196
Fragile,Object_10818
Corrosive,Object_00179
Food,Object_26236
Oxidizing,Object_26068
Corrosive,Object_29364
Flammable,Object_17939
Flammable,Object_27834
Food,Object_06724
Pressurized,Object_04206
Oxidizing,Object_03403
Flammable,Object_06030
Unspecified,Object_07364
Flammable,Object_10998
Toxic,Object_22572
Radioactive,Object_28637
Corrosive,Object_07785
Radioactive,Object_19465
Explosive,Object_16204
Flammable,Object_26617
Food,Object_29365
Radioactive,Object_29659
Unspecified,Object_14318
Corrosive,Object_12742
Explosive,Object_29306
Oxidizing,Object_25062
Toxic,Object_18970
Unspecified,Object_24354
Corrosive,Object_24643
Flammable,Object_10367
Fragile,Object_02451
Corrosive,Object_15085
Explosive,Object_22707
Unspecified,Object_12904
Unspecified,Object_07470
Flammable,Object_07142
Unspecified,Object_25558
Oxidizing,Object_02631
Food,Object_08913
Unspecified,Object_20168
Fragile,Object_03425
Pressurized,Object_28568
Toxic,Object_13596
Unspecified,Object_22361
Radioactive,Object_17030
Fragile,Object_30146
Radioactive,Object_25156
Food,Object_01178
Explosive,Object_06597
Explosive,Object_04529
Pressurized,Object_18626
Radioactive,Object_28231
Pressurized,Object_25610
Explosive,Object_05187
Toxic,Object_03825
Corrosive,Object_23565
Explosive,Object_22256
Flammable,Object_27925
Flammable,Object_06823
Pressurized,Object_05364
Unspecified,Object_20671
Radioactive,Object_12521
Corrosive,Object_15777
Corrosive,Object_12588
Flammable,Object_26178
Corrosive,Object_18532
Food,Object_02118
Unspecified,Object_18917
Explosive,Object_01996
Food,Object_29971
Radioactive,Object_27015
Fragile,Object_17154
Unspecified,Object_00464
Radioactive,Object_06992
Oxidizing,Object_10158
Unspecified,Object_24266
Pressurized,Object_18706
Explosive,Object_20170
Toxic,Object_00244
Explosive,Object_02900
Flammable,Object_11101
Pressurized,Object_08736
Unspecified,Object_14511
Food,Object_29257
Radioactive,Object_09811
Food,Object_24575
Oxidizing,Object_14169
Unspecified,Object_18738
Unspecified,Object_09089
Unspecified,Object_08819
Food,Object_11501
Radioactive,Object_25504
Food,Object_10896
Unspecified,Object_01134
Toxic,Object_09231
Pressurized,Object_26547
Fragile,Object_20873
Explosive,Object_03087
Toxic,Object_08139
Fragile,Object_12591
Food,Object_28643
Oxidizing,Object_26314
Explosive,Object_22978
Corrosive,Object_03962
Toxic,Object_13007
Fragile,Object_23897
Toxic,Object_27990
Pressurized,Object_11732
Food,Object_22554
Flammable,Object_15131
Pressurized,Object_03665
Unspecified,Object_17487
Toxic,Object_01782
Radioactive,Object_09502
Flammable,Object_01746
Food,Object_24778
Explosive,Object_00820
Fragile,Object_29827
Radioactive,Object_03338
Food,Object_29255
Unspecified,Object_10428
Pressurized,Object_30029
Corrosive,Object_05058
Pressurized,Object_23757
Corrosive,Object_22852
Unspecified,Object_12727
Toxic,Object_01613
Corrosive,Object_20716
Toxic,Object_00755
Toxic,Object_11275
Corrosive,Object_06239
Oxidizing,Object_26459
Explosive,Object_06535
Pressurized,Object_08941
Flammable,Object_09751
Corrosive,Object_06770
Toxic,Object_05167
Radioactive,Object_30320
Fragile,Object_17651
Food,Object_11706
Explosive,Object_10849
Unspecified,Object_28369
Oxidizing,Object_01961
Radioactive,Object_19029
Flammable,Object_03135
Unspecified,Object_21121
Corrosive,Object_20990
Oxidizing,Object_21998
Flammable,Object_00558
Flammable,Object_12176
Oxidizing,Object_02691
Explosive,Object_13400
Fragile,Object_02318
Fragile,Object_13666
Radioactive,Object_15949
Flammable,Object_02809
Oxidizing,Object_14216
Pressurized,Object_03591
Food,Object_27974
Unspecified,Object_06292
Fragile,Object_09393
Explosive,Object_13332
Corrosive,Object_24714
Pressurized,Object_01179
Radioactive,Object_28753
Corrosive,Object_13291
Pressurized,Object_24160
Oxidizing,Object_02716
Explosive,Object_03344
Toxic,Object_12815
Unspecified,Object_03158
Corrosive,Object_11700
Fragile,Object_17364
Pressurized,Object_17628
Unspecified,Object_16800
Unspecified,Object_23162
Flammable,Object_22291
Radioactive,Object_03182
Food,Object_24172
Explosive,Object_25456
Explosive,Object_08953
Explosive,Object_15443
Unspecified,Object_27176
Pressurized,Object_17356
Fragile,Object_00129
Corrosive,Object_25780
Pressurized,Object_02390
Explosive,Object_16198
Food,Object_28373
Corrosive,Object_18848
Pressurized,Object_25507
Toxic,Object_27492
Toxic,Object_07434
Pressurized,Object_14083
Pressurized,Object_06305
Explosive,Object_04370
Pressurized,Object_01549
Fragile,Object_03176
Fragile,Object_29556
Unspecified,Object_08529
Pressurized,Object_26469
Explosive,Object_04873
Unspecified,Object_26543
Explosive,Object_24984
Pressurized,Object_11784
Corrosive,Object_00902
Corrosive,Object_01061
Corrosive,Object_01495
Unspecified,Object_12989
Pressurized,Object_06617
Toxic,Object_07363
Oxidizing,Object_00779
Pressurized,Object_04380
Pressurized,Object_22529
Pressurized,Object_18212
Toxic,Object_21560
Pressurized,Object_07163
Fragile,Object_10510
Radioactive,Object_15584
Pressurized,Object_17270
Flammable,Object_29113
Toxic,Object_02022
Toxic,Object_26192
Food,Object_29158
Fragile,Object_24877
Toxic,Object_26517
Food,Object_03838
Unspecified,Object_07130
Toxic,Object_04977
Unspecified,Object_03872
Fragile,Object_21559
Unspecified,Object_13442
Food,Object_13292
Food,Object_14994
Unspecified,Object_03367
Corrosive,Object_16771
Explosive,Object_06812
Oxidizing,Object_25485
Corrosive,Object_27213
Corrosive,Object_05486
Explosive,Object_06442
Explosive,Object_27613
Food,Object_01517
Food,Object_22620
Oxidizing,Object_04426
Oxidizing,Object_13803
Unspecified,Object_28680
Food,Object_09099
Toxic,Object_04749
Radioactive,Object_12416
Toxic,Object_22581
Flammable,Object_13937
Pressurized,Object_14386
Food,Object_02622
Oxidizing,Object_15257
Unspecified,Object_15421
Explosive,Object_27670
Flammable,Object_08148
Radioactive,Object_29182
Food,Object_29579
Radioactive,Object_15819
Explosive,Object_23373
Radioactive,Object_13973
Corrosive,Object_14583
Food,Object_02869
Flammable,Object_26871
Flammable,Object_27773
Oxidizing,Object_20145
Fragile,Object_23629
Flammable,Object_07731
Flammable,Object_16866
Fragile,Object_02767
Oxidizing,Object_15555
Toxic,Object_14636
Fragile,Object_00539
Radioactive,Object_03246
Corrosive,Object_25251
Fragile,Object_05971
Explosive,Object_29508
Fragile,Object_05921
Oxidizing,Object_24471
Pressurized,Object_16801
Unspecified,Object_04294
Food,Object_14999
Unspecified,Object_26482
Explosive,Object_11002
Corrosive,Object_01160
Food,Object_19156
Flammable,Object_21278
Radioactive,Object_25966
Toxic,Object_09479
Food,Object_08773
Flammable,Object_12665
Toxic,Object_01030
Pressurized,Object_29610
Radioactive,Object_06183
Unspecified,Object_15266
Food,Object_19024
Radioactive,Object_24384
Food,Object_25333
Toxic,Object_20043
Corrosive,Object_25304
Food,Object_13278
Oxidizing,Object_27912
Fragile,Object_10355
Pressurized,Object_16758
Fragile,Object_07289
Unspecified,Object_21671
Corrosive,Object_29300
Flammable,Object_01452
Radioactive,Object_23400
Oxidizing,Object_22671
Fragile,Object_18145
Unspecified,Object_12675
Corrosive,Object_14300
Corrosive,Object_17669
Toxic,Object_13661
Pressurized,Object_12450
Oxidizing,Object_19594
Oxidizing,Object_18113
Explosive,Object_16253
Fragile,Object_00582
Oxidizing,Object_19753
Food,Object_11014
Corrosive,Object_10391
Explosive,Object_23932
Fragile,Object_19207
Corrosive,Object_27998
Fragile,Object_26673
Fragile,Object_09110
Pressurized,Object_18397
Unspecified,Object_22624
Fragile,Object_08191
Flammable,Object_28246
Food,Object_07291
Explosive,Object_02863
Oxidizing,Object_08848
Food,Object_02112
Food,Object_28731
Pressurized,Object_09462
Pressurized,Object_13500
Corrosive,Object_07066
Corrosive,Object_16383
Food,Object_04381
Unspecified,Object_01415
Flammable,Object_09988
Explosive,Object_07975
Unspecified,Object_19542
Explosive,Object_18469
Corrosive,Object_08376
Unspecified,Object_00967
Radioactive,Object_29031
Unspecified,Object_17921
Corrosive,Object_02149
Fragile,Object_29956
Fragile,Object_11691
Explosive,Object_14609
Oxidizing,Object_14256
Flammable,Object_05998
Food,Object_17242
Radioactive,Object_03877
Explosive,Object_14126
Fragile,Object_12678
Fragile,Object_18289
Oxidizing,Object_30167
Fragile,Object_02279
Explosive,Object_25897
Corrosive,Object_18692
Explosive,Object_27410
Toxic,Object_28858
Corrosive,Object_25205
Food,Object_14078
Toxic,Object_11140
Pressurized,Object_01130
Pressurized,Object_27937
Explosive,Object_24934
Toxic,Object_13548
Flammable,Object_00751
Toxic,Object_16941
Oxidizing,Object_26505
Radioactive,Object_24448
Flammable,Object_25371
Explosive,Object_10348
Oxidizing,Object_28767
Pressurized,Object_18648
Corrosive,Object_14301
Oxidizing,Object_01719
Explosive,Object_20616
Unspecified,Object_26291
Fragile,Object_21683
Pressurized,Object_04075
Fragile,Object_26296
Radioactive,Object_16499
Explosive,Object_10695
Corrosive,Object_29061
Toxic,Object_26772
Fragile,Object_03547
Unspecified,Object_05154
Explosive,Object_07690
Corrosive,Object_02891
Fragile,Object_29816
Corrosive,Object_26573
Flammable,Object_00108
Corrosive,Object_06180
Explosive,Object_25656
Corrosive,Object_00506
Explosive,Object_07113
Unspecified,Object_07392
Oxidizing,Object_06722
Explosive,Object_13225
Corrosive,Object_16385
Flammable,Object_02763
Corrosive,Object_26367
Radioactive,Object_24624
Food,Object_12451
Corrosive,Object_05200
Toxic,Object_13981
Pressurized,Object_18329
Food,Object_26624
Oxidizing,Object_27559
Corrosive,Object_22284
Pressurized,Object_24684
Fragile,Object_02412
Flammable,Object_04763
Flammable,Object_03191
Pressurized,Object_09546
Pressurized,Object_25262
Oxidizing,Object_16557
Explosive,Object_15230
Corrosive,Object_20256
Pressurized,Object_14400
Flammable,Object_00366
Corrosive,Object_17349
Radioactive,Object_03908
Flammable,Object_24371
Food,Object_11987
Explosive,Object_12894
Flammable,Object_29286
Unspecified,Object_15304
Oxidizing,Object_13761
Oxidizing,Object_21358
Toxic,Object_17945
Food,Object_07849
Explosive,Object_04307
Fragile,Object_02927
Unspecified,Object_17697
Food,Object_05237
Flammable,Object_14662
Radioactive,Object_08669
Flammable,Object_17352
Unspecified,Object_22804
Flammable,Object_18833
Oxidizing,Object_00906
Flammable,Object_10687
Flammable,Object_06592
Unspecified,Object_23616
Radioactive,Object_20086
Explosive,Object_15056
Toxic,Object_04442
Radioactive,Object_25468
Fragile,Object_20442
Oxidizing,Object_05595
Oxidizing,Object_07115
Oxidizing,Object_10180
Food,Object_12916
Unspecified,Object_20361
Explosive,Object_16232
Radioactive,Object_02189
Unspecified,Object_11977
Radioactive,Object_29661
Explosive,Object_29318
Unspecified,Object_06025
Fragile,Object_30082
Corrosive,Object_22269
Toxic,Object_27283
Toxic,Object_04441
Oxidizing,Object_16452
Pressurized,Object_00313
Pressurized,Object_25791
Radioactive,Object_03058
Flammable,Object_08877
Explosive,Object_15488
Corrosive,Object_01434
Food,Object_07321
Explosive,Object_26116
Radioactive,Object_28975
Toxic,Object_29652
Unspecified,Object_24847
Corrosive,Object_11735
Food,Object_02968
Oxidizing,Object_22930
Oxidizing,Object_20757
Explosive,Object_17643
Radioactive,Object_01084
Toxic,Object_13688
Radioactive,Object_21088
Radioactive,Object_02456
Corrosive,Object_16448
Fragile,Object_05836
Explosive,Object_10110
Corrosive,Object_29674
Pressurized,Object_17357
Corrosive,Object_28229
Food,Object_25019
Explosive,Object_00920
Oxidizing,Object_19956
Oxidizing,Object_24095
Unspecified,Object_29583
Oxidizing,Object_12557
Unspecified,Object_28649
Fragile,Object_20925
Flammable,Object_17944
Corrosive,Object_25832
Flammable,Object_17238
Fragile,Object_14170
Oxidizing,Object_22810
Radioactive,Object_04378
Toxic,Object_01987
Explosive,Object_10207
Fragile,Object_20330
Fragile,Object_14911
Oxidizing,Object_12587
Unspecified,Object_20455
Oxidizing,Object_10293
Fragile,Object_01292
Radioactive,Object_05240
Unspecified,Object_29962
Fragile,Object_08402
Food,Object_12915
Corrosive,Object_11966
Oxidizing,Object_18677
Flammable,Object_13861
Flammable,Object_18943
Toxic,Object_25895
Food,Object_14531
Food,Object_16544
Pressurized,Object_16211
Food,Object_01394
Unspecified,Object_16336
Explosive,Object_21235
Pressurized,Object_18896
Explosive,Object_05997
Fragile,Object_14355
Fragile,Object_01253
Corrosive,Object_23257
Toxic,Object_21511
Toxic,Object_11725
Corrosive,Object_03102
Corrosive,Object_23972
Flammable,Object_22003
Corrosive,Object_23630
Food,Object_12886
Pressurized,Object_18762
Oxidizing,Object_22020
Fragile,Object_29393
Pressurized,Object_10354
Radioactive,Object_28164
Fragile,Object_21820
Fragile,Object_10965
Toxic,Object_28391
Flammable,Object_17627
Radioactive,Object_01407
Toxic,Object_27888
Radioactive,Object_06362
Explosive,Object_29072
Toxic,Object_08699
Unspecified,Object_12262
Oxidizing,Object_24935
Oxidizing,Object_21126
Oxidizing,Object_21682
Flammable,Object_10373
Toxic,Object_27711
Flammable,Object_06875
Oxidizing,Object_14639
Radioactive,Object_21730
Explosive,Object_18164
Unspecified,Object_27780
Food,Object_20759
Unspecified,Object_04522
Food,Object_16790
Oxidizing,Object_23983
Food,Object_22332
Explosive,Object_03936
Flammable,Object_04270
Corrosive,Object_06059
Food,Object_21267
Food,Object_03323
Unspecified,Object_04537
Oxidizing,Object_08334
Pressurized,Object_28979
Radioactive,Object_05608
Radioactive,Object_27164
Pressurized,Object_25567
Radioactive,Object_10824
Food,Object_16648
Flammable,Object_28845
Pressurized,Object_12065
Pressurized,Object_18827
Pressurized,Object_19969
Pressurized,Object_07972
Flammable,Object_15482
Explosive,Object_17834
Toxic,Object_25340
Fragile,Object_29451
Radioactive,Object_25433
Fragile,Object_03181
Corrosive,Object_14687
Corrosive,Object_10216
Explosive,Object_09458
Unspecified,Object_25508
Food,Object_26417
Radioactive,Object_21271
Radioactive,Object_03212
Toxic,Object_10644
Oxidizing,Object_19629
Pressurized,Object_14188
Pressurized,Object_01557
Radioactive,Object_06792
Flammable,Object_25679
Fragile,Object_16779
Corrosive,Object_11848
Unspecified,Object_27653
Flammable,Object_26796
Oxidizing,Object_14147
Corrosive,Object_30008
Unspecified,Object_10901
Flammable,Object_17749
Radioactive,Object_15611
Radioactive,Object_23006
Toxic,Object_01591
Unspecified,Object_04744
Radioactive,Object_28473
Unspecified,Object_02044
Unspecified,Object_14055
Toxic,Object_17996
Unspecified,Object_20522
Fragile,Object_20036
Flammable,Object_06426
Unspecified,Object_13252
Toxic,Object_27746
Fragile,Object_23677
Oxidizing,Object_10926
Fragile,Object_03314
Explosive,Object_22844
Corrosive,Object_22589
Fragile,Object_15892
Flammable,Object_06554
Pressurized,Object_13012
Radioactive,Object_05932
Oxidizing,Object_02609
Explosive,Object_16776
Flammable,Object_08943
Explosive,Object_29037
Radioactive,Object_09296
Oxidizing,Object_16226
Flammable,Object_10261
Unspecified,Object_14605
Toxic,Object_11510
Fragile,Object_27942
Pressurized,Object_20454
Oxidizing,Object_18892
Flammable,Object_01843
Radioactive,Object_24099
Flammable,Object_20380
Fragile,Object_08843
Oxidizing,Object_22868
Unspecified,Object_06541
Food,Object_14206
Oxidizing,Object_06628
Unspecified,Object_00686
Corrosive,Object_09557
Corrosive,Object_15218
Oxidizing,Object_29000
Oxidizing,Object_11775
Pressurized,Object_12547
Pressurized,Object_23296
Corrosive,Object_10895
Fragile,Object_23508
Pressurized,Object_17838
Corrosive,Object_04248
Explosive,Object_09585
Unspecified,Object_20715
Toxic,Object_02776
Pressurized,Object_12438
Explosive,Object_26208
Oxidizing,Object_22160
Corrosive,Object_01302
Flammable,Object_26595
Fragile,Object_02770
Flammable,Object_09617
Corrosive,Object_14393
Toxic,Object_18919
Oxidizing,Object_05779
Radioactive,Object_29450
Toxic,Object_14968
Explosive,Object_15032
Radioactive,Object_02700
Toxic,Object_17393
Corrosive,Object_12784
Toxic,Object_12723
Toxic,Object_16896
Corrosive,Object_18452
Pressurized,Object_14823
Fragile,Object_12102
Radioactive,Object_09366
Pressurized,Object_03972
Pressurized,Object_15023
Pressurized,Object_27572
Unspecified,Object_11129
Fragile,Object_02403
Radioactive,Object_03502
Flammable,Object_21417
Toxic,Object_13664
Explosive,Object_18068
Toxic,Object_04499
Radioactive,Object_04969
Flammable,Object_16712
Unspecified,Object_06203
Radioactive,Object_17345
Toxic,Object_24614
Food,Object_22440
Oxidizing,Object_01671
Explosive,Object_27142
Oxidizing,Object_27226
Food,Object_28642
Fragile,Object_29603
Toxic,Object_15139
Flammable,Object_00685
Oxidizing,Object_21764
Explosive,Object_30046
Radioactive,Object_03349
Pressurized,Object_13632
Pressurized,Object_15620
Radioactive,Object_14976
Explosive,Object_18358
Flammable,Object_17696
Explosive,Object_18605
Fragile,Object_10326
Oxidizing,Object_08116
Fragile,Object_14922
Radioactive,Object_18586
Fragile,Object_16346
Unspecified,Object_24618
Explosive,Object_07053
Pressurized,Object_29979
Oxidizing,Object_10868
Unspecified,Object_16789
Explosive,Object_12254
Oxidizing,Object_14725
Toxic,Object_11607
Radioactive,Object_23266
Flammable,Object_09800
Flammable,Object_10508
Pressurized,Object_16372
Explosive,Object_00240
Food,Object_05791
Food,Object_14448
Corrosive,Object_22962
Pressurized,Object_16293
Unspecified,Object_10984
Radioactive,Object_06601
Fragile,Object_07188
Unspecified,Object_06422
Corrosive,Object_22805
Food,Object_30208
Explosive,Object_06747
Food,Object_21617
Corrosive,Object_00362
Flammable,Object_08225
Food,Object_12633
Unspecified,Object_09167
Fragile,Object_11847
Toxic,Object_01210
Toxic,Object_11993
Food,Object_05248
Fragile,Object_19830
Flammable,Object_25161
Corrosive,Object_09035
Oxidizing,Object_09201
Corrosive,Object_29823
Fragile,Object_20837
Fragile,Object_20156
Unspecified,Object_10095
Oxidizing,Object_09251
Flammable,Object_26360
Toxic,Object_21140
Flammable,Object_16381
Fragile,Object_24439
Fragile,Object_15305
Toxic,Object_24878
Explosive,Object_18275
Unspecified,Object_09310
Flammable,Object_14592
Explosive,Object_09814
Pressurized,Object_21887
Unspecified,Object_20784
Fragile,Object_15358
Explosive,Object_11997
Toxic,Object_22442
Flammable,Object_13560
Food,Object_24402
Corrosive,Object_17577
Fragile,Object_14538
Oxidizing,Object_28423
Fragile,Object_27924
Unspecified,Object_25165
Flammable,Object_03942
Unspecified,Object_00191
Toxic,Object_04009
Corrosive,Object_13184
Oxidizing,Object_29317
Pressurized,Object_19699
Fragile,Object_20295
Fragile,Object_17192
Radioactive,Object_21968
Toxic,Object_11173
Flammable,Object_22177
Explosive,Object_10601
Toxic,Object_24525
Fragile,Object_25704
Food,Object_29355
Radioactive,Object_17302
Oxidizing,Object_21706
Oxidizing,Object_08162
Explosive,Object_17820
Toxic,Object_17018
Corrosive,Object_08033
Radioactive,Object_22286
Toxic,Object_18372
Explosive,Object_24712
Corrosive,Object_20440
Explosive,Object_29483
Fragile,Object_06977
Corrosive,Object_24452
Flammable,Object_26434
Food,Object_19014
Oxidizing,Object_14555
Food,Object_03706
Corrosive,Object_27831
Corrosive,Object_19566
Corrosive,Object_14736
Fragile,Object_07621
Unspecified,Object_22335
Explosive,Object_24926
Unspecified,Object_13716
Radioactive,Object_20953
Corrosive,Object_06955
Corrosive,Object_12218
Food,Object_05630
Fragile,Object_11320
Oxidizing,Object_03123
Toxic,Object_09481
Corrosive,Object_23582
Fragile,Object_14218
Radioactive,Object_13235
Toxic,Object_23213
Toxic,Object_04798
Food,Object_13843
Radioactive,Object_03828
Explosive,Object_09157
Pressurized,Object_11029
Unspecified,Object_17821
Toxic,Object_26738
Corrosive,Object_11414
Pressurized,Object_15887
Toxic,Object_09689
Pressurized,Object_07198
Toxic,Object_22631
Food,Object_08744
Unspecified,Object_22740
Pressurized,Object_02061
Toxic,Object_03256
Corrosive,Object_06363
Flammable,Object_07020
Flammable,Object_07143
Toxic,Object_02170
Food,Object_22528
Pressurized,Object_02498
Food,Object_01520
Unspecified,Object_19657
Toxic,Object_11686
Unspecified,Object_25747
Explosive,Object_25587
Fragile,Object_16509
Food,Object_16064
Flammable,Object_03006
Explosive,Object_18101
Radioactive,Object_06478
Fragile,Object_13367
Food,Object_15801
Flammable,Object_17872
Oxidizing,Object_12694
Unspecified,Object_00573
Oxidizing,Object_23446
Corrosive,Object_02292
Explosive,Object_10940
Unspecified,Object_04488
Corrosive,Object_24989
Oxidizing,Object_25114
Corrosive,Object_13413
Food,Object_11793
Food,Object_11788
Food,Object_20203
Pressurized,Object_02265
Pressurized,Object_18016
Radioactive,Object_21411
Unspecified,Object_22464
Oxidizing,Object_04172
Toxic,Object_11291
Toxic,Object_26630
Oxidizing,Object_26572
Toxic,Object_25839
Pressurized,Object_29332
Corrosive,Object_03781
Flammable,Object_19583
Food,Object_01659
Oxidizing,Object_27854
Explosive,Object_26034
Food,Object_10805
Pressurized,Object_14680
Flammable,Object_25625
Pressurized,Object_05866
Oxidizing,Object_18291
Unspecified,Object_20937
Unspecified,Object_25227
Toxic,Object_23055
Radioactive,Object_22378
Toxic,Object_15330
Unspecified,Object_27515
Radioactive,Object_05409
Corrosive,Object_05704
Explosive,Object_13951
Pressurized,Object_02435
Oxidizing,Object_01564
Unspecified,Object_20820
Pressurized,Object_25392
Toxic,Object_24545
Fragile,Object_16277
Fragile,Object_08412
Unspecified,Object_19863
Pressurized,Object_28818
Oxidizing,Object_30237
Pressurized,Object_11476
Oxidizing,Object_22727
Radioactive,Object_20988
Corrosive,Object_22243
Food,Object_14405
Flammable,Object_02008
Flammable,Object_17892
Food,Object_25741
Unspecified,Object_02463
Corrosive,Object_29460
Corrosive,Object_13218
Explosive,Object_20411
Radioactive,Object_03941
Oxidizing,Object_18331
Toxic,Object_14525
Pressurized,Object_08570
Explosive,Object_21530
Food,Object_15196
Radioactive,Object_19567
Toxic,Object_07012
Food,Object_07874
Corrosive,Object_01440
Unspecified,Object_00511
Radioactive,Object_29894
Explosive,Object_05622
Toxic,Object_15565
Pressurized,Object_27883
Fragile,Object_06251
Food,Object_21079
Explosive,Object_16233
Unspecified,Object_28962
Fragile,Object_10304
Flammable,Object_15830
Fragile,Object_19955
Flammable,Object_08092
Oxidizing,Object_09764
Toxic,Object_09715
Explosive,Object_20760
Oxidizing,Object_05949
Radioactive,Object_15816
Explosive,Object_15335
Corrosive,Object_02828
Radioactive,Object_19486
Unspecified,Object_05557
Corrosive,Object_09853
Oxidizing,Object_00537
Unspecified,Object_14822
Pressurized,Object_22519
Toxic,Object_06230
Pressurized,Object_16458
Corrosive,Object_29655
Oxidizing,Object_29780
Food,Object_01124
Explosive,Object_16952
Food,Object_05352
Radioactive,Object_17533
Radioactive,Object_28629
Fragile,Object_04766
Food,Object_22200
Corrosive,Object_22552
Food,Object_29148
Explosive,Object_09475
Oxidizing,Object_27703
Explosive,Object_01042
Food,Object_07465
Radioactive,Object_05585
Food,Object_25109
Radioactive,Object_24284
Unspecified,Object_17893
Radioactive,Object_17842
Corrosive,Object_14965
Radioactive,Object_19845
Radioactive,Object_26998
Oxidizing,Object_00432
Flammable,Object_00272
Explosive,Object_06942
Food,Object_12077
Explosive,Object_19299
Pressurized,Object_12812
Pressurized,Object_25159
Unspecified,Object_01201
Pressurized,Object_15238
Fragile,Object_07854
Oxidizing,Object_05827
Corrosive,Object_25431
Explosive,Object_06338
Explosive,Object_01825
Pressurized,Object_05147
Corrosive,Object_14006
Explosive,Object_04284
Unspecified,Object_09948
Fragile,Object_28253
Toxic,Object_05683
Radioactive,Object_11976
Corrosive,Object_26807
Fragile,Object_21869
Radioactive,Object_02198
Pressurized,Object_13859
Unspecified,Object_13001
Corrosive,Object_16091
Pressurized,Object_03319
Explosive,Object_19986
Corrosive,Object_26099
Toxic,Object_22559
Toxic,Object_29267
Radioactive,Object_23460
Oxidizing,Object_05682
Flammable,Object_29415
Corrosive,Object_06033
Radioactive,Object_13183
Toxic,Object_27986
Unspecified,Object_28069
Oxidizing,Object_16926
Fragile,Object_09566
Toxic,Object_24590
Oxidizing,Object_15709
Flammable,Object_23034
Pressurized,Object_09692
Toxic,Object_11119
Flammable,Object_04118
Corrosive,Object_29038
Oxidizing,Object_01845
Explosive,Object_26838
Radioactive,Object_12196
Toxic,Object_03710
Fragile,Object_18238
Radioactive,Object_05931
Radioactive,Object_21652
Toxic,Object_00757
Explosive,Object_13436
Food,Object_27018
Food,Object_14347
Oxidizing,Object_14363
Food,Object_23516
Radioactive,Object_17771
Radioactive,Object_14765
Explosive,Object_18714
Fragile,Object_24263
Oxidizing,Object_20796
Unspecified,Object_23338
Oxidizing,Object_12689
Explosive,Object_08185
Food,Object_00228
Unspecified,Object_24672
Radioactive,Object_04623
Unspecified,Object_09180
Toxic,Object_02286
Flammable,Object_26264
Food,Object_27161
Corrosive,Object_11891
Pressurized,Object_24478
Food,Object_26731
Flammable,Object_11587
Oxidizing,Object_03381
Toxic,Object_10568
Fragile,Object_06034
Oxidizing,Object_18873
Unspecified,Object_07380
Fragile,Object_12433
Oxidizing,Object_09361
Toxic,Object_06712
Toxic,Object_22134
Pressurized,Object_11530
Fragile,Object_15707
Oxidizing,Object_12799
Food,Object_23736
Corrosive,Object_25877
Oxidizing,Object_15207
Oxidizing,Object_02340
Radioactive,Object_24219
Radioactive,Object_25110
Food,Object_17009
Explosive,Object_17329
Corrosive,Object_23078
Toxic,Object_04799
Food,Object_21743
Pressurized,Object_03617
Fragile,Object_13469
Oxidizing,Object_19373
Toxic,Object_27506
Oxidizing,Object_19994
Oxidizing,Object_29168
Toxic,Object_09340
Toxic,Object_20994
Food,Object_07805
Oxidizing,Object_02840
Food,Object_00306
Oxidizing,Object_21997
Explosive,Object_21332
Flammable,Object_15583
Explosive,Object_09172
Fragile,Object_05756
Pressurized,Object_12888
Pressurized,Object_04731
Unspecified,Object_11190
Radioactive,Object_02990
Radioactive,Object_20659
Explosive,Object_30323
Unspecified,Object_11088
Toxic,Object_03189
Radioactive,Object_06206
Food,Object_12030
Toxic,Object_23752
Radioactive,Object_24435
Oxidizing,Object_06365
Pressurized,Object_06063
Oxidizing,Object_00072
Corrosive,Object_13550
Explosive,Object_22569
Fragile,Object_06097
Explosive,Object_26990
Pressurized,Object_03742
Flammable,Object_22350
Flammable,Object_06185
Food,Object_26204
Unspecified,Object_16870
Toxic,Object_20954
Corrosive,Object_29835
Explosive,Object_06827
Fragile,Object_02466
Unspecified,Object_29811
Unspecified,Object_13117
Unspecified,Object_23617
Corrosive,Object_22414
Corrosive,Object_08704
Radioactive,Object_07094
Oxidizing,Object_07316
Corrosive,Object_22547
Explosive,Object_06124
Explosive,Object_15870
Corrosive,Object_16192
Fragile,Object_21337
Fragile,Object_27856
Flammable,Object_16184
Fragile,Object_11112
Radioactive,Object_28730
Toxic,Object_11205
Food,Object_29055
Pressurized,Object_22872
Toxic,Object_08542
Pressurized,Object_23700
Toxic,Object_07646
Corrosive,Object_24062
Fragile,Object_09979
Oxidizing,Object_19152
Oxidizing,Object_14397
Oxidizing,Object_25813
Explosive,Object_20927
Toxic,Object_12009
Unspecified,Object_07315
Radioactive,Object_13504
Unspecified,Object_09574
Fragile,Object_11227
Food,Object_01974
Unspecified,Object_16533
Corrosive,Object_22954
Flammable,Object_28172
Unspecified,Object_11353
Food,Object_10071
Flammable,Object_22336
Pressurized,Object_05416
Food,Object_19096
Fragile,Object_24460
Corrosive,Object_29017
Corrosive,Object_02453
Food,Object_03775
Pressurized,Object_06515
Fragile,Object_07632
Oxidizing,Object_20640
Unspecified,Object_11778
Radioactive,Object_18059
Oxidizing,Object_29334
Corrosive,Object_23979
Pressurized,Object_00423
Fragile,Object_22695
Unspecified,Object_19420
Unspecified,Object_04148
Pressurized,Object_17868
Pressurized,Object_20421
Corrosive,Object_09071
Explosive,Object_16498
Radioactive,Object_19184
Unspecified,Object_00880
Flammable,Object_25132
Corrosive,Object_00752
Food,Object_28474
Food,Object_06372
Explosive,Object_03521
Radioactive,Object_29279
Food,Object_07739
Pressurized,Object_15134
Flammable,Object_05675
Food,Object_23423
Corrosive,Object_28994
Pressurized,Object_03967
Radioactive,Object_04974
Toxic,Object_16475
Fragile,Object_14713
Oxidizing,Object_13137
Unspecified,Object_13016
Radioactive,Object_29195
Oxidizing,Object_27548
Radioactive,Object_25177
Fragile,Object_11266
Corrosive,Object_24126
Oxidizing,Object_16050
Corrosive,Object_29250
Flammable,Object_05624
Corrosive,Object_06261
Toxic,Object_23561
Radioactive,Object_04525
Oxidizing,Object_01878
Food,Object_28604
Oxidizing,Object_02561
Oxidizing,Object_10810
Toxic,Object_08560
Oxidizing,Object_09039
Flammable,Object_25126
Fragile,Object_13226
Pressurized,Object_19963
Pressurized,Object_19180
Food,Object_06382
Flammable,Object_20067
Explosive,Object_29621
Corrosive,Object_09454
Fragile,Object_03168
Toxic,Object_24316
Food,Object_16354
Corrosive,Object_01915
Food,Object_14254
Oxidizing,Object_22929
Radioactive,Object_12834
Pressurized,Object_09405
Food,Object_23032
Flammable,Object_16094
Unspecified,Object_24991
Oxidizing,Object_17168
Explosive,Object_25757
Flammable,Object_11093
Pressurized,Object_13863
Toxic,Object_08994
Fragile,Object_30291
Toxic,Object_27787
Explosive,Object_02850
Radioactive,Object_19549
Explosive,Object_27433
Oxidizing,Object_10516
Unspecified,Object_05829
Radioactive,Object_05438
Flammable,Object_26618
Flammable,Object_18161
Explosive,Object_00134
Fragile,Object_07252
Unspecified,Object_13758
Oxidizing,Object_21929
Unspecified,Object_22310
Toxic,Object_26574
Pressurized,Object_15991
Flammable,Object_06822
Radioactive,Object_19017
Pressurized,Object_24810
Toxic,Object_10097
Toxic,Object_17004
Radioactive,Object_19902
Oxidizing,Object_24011
Unspecified,Object_12788
Fragile,Object_06612
Food,Object_23327
Explosive,Object_10634
Flammable,Object_01972
Radioactive,Object_15811
Explosive,Object_24632
Flammable,Object_18857
Flammable,Object_01126
Fragile,Object_12453
Pressurized,Object_22316
Corrosive,Object_23154
Corrosive,Object_22029
Pressurized,Object_18097
Flammable,Object_06334
Oxidizing,Object_02542
Corrosive,Object_30286
Pressurized,Object_19866
Radioactive,Object_02091
Fragile,Object_29005
Fragile,Object_00716
Explosive,Object_12695
Oxidizing,Object_26333
Flammable,Object_05590
Radioactive,Object_18969
Food,Object_27846
Corrosive,Object_30232
Pressurized,Object_12193
Oxidizing,Object_10416
Fragile,Object_10588
Food,Object_06802
Radioactive,Object_26203
Radioactive,Object_21676
Toxic,Object_29346
Unspecified,Object_28976
Toxic,Object_01338
Toxic,Object_27101
Toxic,Object_24068
Fragile,Object_29553
Flammable,Object_25071
Pressurized,Object_16887
Radioactive,Object_08515
Unspecified,Object_05121
Explosive,Object_16695
Fragile,Object_12342
Pressurized,Object_24855
Explosive,Object_18270
Flammable,Object_03362
Fragile,Object_13093
Pressurized,Object_12721
Corrosive,Object_27258
Toxic,Object_18060
Food,Object_04490
Flammable,Object_09538
Oxidizing,Object_12964
Unspecified,Object_17336
Oxidizing,Object_16672
Toxic,Object_19037
Fragile,Object_27093
Radioactive,Object_26290
Oxidizing,Object_28665
Unspecified,Object_16396
Fragile,Object_08688
Oxidizing,Object_11531
Pressurized,Object_16761
Flammable,Object_26041
Unspecified,Object_14738
Oxidizing,Object_13003
Fragile,Object_15970
Corrosive,Object_24883
Oxidizing,Object_04995
Unspecified,Object_24120
Toxic,Object_20533
Corrosive,Object_25344
Food,Object_00012
Corrosive,Object_22213
Toxic,Object_29266
Flammable,Object_21783
Radioactive,Object_18486
Toxic,Object_06045
Corrosive,Object_16642
Flammable,Object_18231
Corrosive,Object_26591
Explosive,Object_25809
Flammable,Object_13189
Corrosive,Object_27618
Food,Object_27194
Corrosive,Object_11305
Pressurized,Object_12831
Oxidizing,Object_26444
Pressurized,Object_08750
Oxidizing,Object_14134
Radioactive,Object_00608
Radioactive,Object_18568
Corrosive,Object_27187
Food,Object_11681
Fragile,Object_19564
Radioactive,Object_15808
Corrosive,Object_26708
Explosive,Object_28953
Unspecified,Object_21080
Flammable,Object_25775
Pressurized,Object_13370
Explosive,Object_10274
Fragile,Object_01797
Corrosive,Object_01774
Oxidizing,Object_19649
Radioactive,Object_22662
Pressurized,Object_30143
Flammable,Object_12817
Explosive,Object_21928
Food,Object_09234
Radioactive,Object_15059
Unspecified,Object_07505
Food,Object_27131
Fragile,Object_21277
Flammable,Object_22278
Toxic,Object_14269
Toxic,Object_07446
Food,Object_12637
Oxidizing,Object_28477
Fragile,Object_29619
Flammable,Object_25766
Flammable,Object_25546
Food,Object_04232
Unspecified,Object_11409
Fragile,Object_07912
Radioactive,Object_28441
Oxidizing,Object_07468
Flammable,Object_12702
Oxidizing,Object_18262
Unspecified,Object_28087
Radioactive,Object_03477
Radioactive,Object_07497
Food,Object_22966
Pressurized,Object_24340
Corrosive,Object_02275
Corrosive,Object_23878
Oxidizing,Object_03259
Corrosive,Object_12880
Unspecified,Object_10528
Oxidizing,Object_21680
Pressurized,Object_27957
Toxic,Object_13594
Explosive,Object_02038
Radioactive,Object_06455
Corrosive,Object_02677
Oxidizing,Object_26212
Radioactive,Object_07498
Radioactive,Object_05600
Flammable,Object_25666
Unspecified,Object_03500
Oxidizing,Object_16906
Oxidizing,Object_16460
Flammable,Object_12825
Toxic,Object_10677
Corrosive,Object_29572
Pressurized,Object_03007
Pressurized,Object_07987
Oxidizing,Object_20230
Flammable,Object_04949
Toxic,Object_20208
Explosive,Object_20627
Explosive,Object_22229
Fragile,Object_08705
Corrosive,Object_05163
Oxidizing,Object_15725
Toxic,Object_25058
Radioactive,Object_13298
Radioactive,Object_00675
Flammable,Object_16689
Fragile,Object_19928
Flammable,Object_20560
Explosive,Object_05701
Fragile,Object_25519
Oxidizing,Object_06199
Food,Object_26012
Toxic,Object_15704
Explosive,Object_13929
Fragile,Object_20384
Flammable,Object_04362
Corrosive,Object_02244
Flammable,Object_06418
Food,Object_20373
Food,Object_06718
Pressurized,Object_12295
Radioactive,Object_27965
Unspecified,Object_03409
Food,Object_18441
Flammable,Object_08919
Food,Object_19779
Fragile,Object_25081
Fragile,Object_02689
Corrosive,Object_05461
Pressurized,Object_15292
Oxidizing,Object_27104
Pressurized,Object_08255
Food,Object_13955
Fragile,Object_26421
Explosive,Object_03272
Radioactive,Object_10379
Oxidizing,Object_04608
Fragile,Object_15087
Flammable,Object_28918
Fragile,Object_08270
Explosive,Object_25137
Pressurized,Object_06475
Corrosive,Object_20154
Radioactive,Object_15925
Food,Object_11220
Flammable,Object_12238
Toxic,Object_28821
Food,Object_15066
Food,Object_04635
Pressurized,Object_28300
Explosive,Object_29848
Fragile,Object_28456
Fragile,Object_02077
Flammable,Object_30261
Oxidizing,Object_25529
Food,Object_14549
Fragile,Object_16303
Toxic,Object_10248
Explosive,Object_13458
Flammable,Object_04207
Corrosive,Object_09256
Radioactive,Object_06845
Flammable,Object_10054
Unspecified,Object_27248
Food,Object_08694
Explosive,Object_02774
Food,Object_06186
Fragile,Object_27715
Explosive,Object_05457
Corrosive,Object_17853
Unspecified,Object_01375
Pressurized,Object_23014
Radioactive,Object_00079
Explosive,Object_15954
Oxidizing,Object_16027
Food,Object_19330
Pressurized,Object_24303
Oxidizing,Object_03907
Explosive,Object_20771
Pressurized,Object_10493
Radioactive,Object_26105
Radioactive,Object_01867
Fragile,Object_10069
Unspecified,Object_02974
Explosive,Object_30341
Explosive,Object_01098
Toxic,Object_29249
Food,Object_21656
Toxic,Object_13396
Oxidizing,Object_25423
Pressurized,Object_07713
Corrosive,Object_11659
Radioactive,Object_18265
Pressurized,Object_20785
Pressurized,Object_26942
Oxidizing,Object_25860
Toxic,Object_14021
Corrosive,Object_07546
Flammable,Object_13046
Explosive,Object_18093
Toxic,Object_19701
Toxic,Object_12604
Toxic,Object_14432
Oxidizing,Object_14305
Food,Object_11340
Radioactive,Object_12787
Explosive,Object_15687
Oxidizing,Object_06588
Toxic,Object_04287
Food,Object_21687
Unspecified,Object_20799
Radioactive,Object_15564
Unspecified,Object_02858
Radioactive,Object_27786
Food,Object_28831
Food,Object_05335
Pressurized,Object_17856
Radioactive,Object_03347
Corrosive,Object_08508
Corrosive,Object_28100
Toxic,Object_06022
Toxic,Object_18266
Flammable,Object_12881
Food,Object_27610
Unspecified,Object_21320
Explosive,Object_22315
Corrosive,Object_04085
Explosive,Object_13111
Pressurized,Object_06744
Toxic,Object_19307
Food,Object_25082
Pressurized,Object_21482
Radioactive,Object_23046
Explosive,Object_16561
Toxic,Object_12631
Unspecified,Object_10307
Flammable,Object_22899
Explosive,Object_06626
Explosive,Object_20044
Pressurized,Object_09626
Corrosive,Object_02094
Oxidizing,Object_05468
Food,Object_29618
Oxidizing,Object_05429
Unspecified,Object_04889
Flammable,Object_11056
Explosive,Object_01776
Explosive,Object_28424
Explosive,Object_01372
Flammable,Object_27478
Unspecified,Object_29337
Pressurized,Object_30186
Toxic,Object_18994
Food,Object_19350
Unspecified,Object_09124
Oxidizing,Object_08630
Flammable,Object_26052
Corrosive,Object_19584
Oxidizing,Object_18361
Corrosive,Object_20359
Fragile,Object_09630
Radioactive,Object_28856
Unspecified,Object_06255
Corrosive,Object_25368
Pressurized,Object_18514
Toxic,Object_18617
Toxic,Object_21542
Radioactive,Object_03075
Flammable,Object_19310
Toxic,Object_15922
Toxic,Object_10223
Flammable,Object_26297
Oxidizing,Object_22541
Oxidizing,Object_12267
Fragile,Object_06924
Food,Object_26926
Fragile,Object_15418
Pressurized,Object_16228
Flammable,Object_20419
Radioactive,Object_04745
Flammable,Object_06517
Radioactive,Object_20196
Food,Object_27444
Oxidizing,Object_28291
Pressurized,Object_00837
Explosive,Object_24455
Radioactive,Object_06192
Unspecified,Object_16892
Corrosive,Object_10047
Flammable,Object_04339
Corrosive,Object_21813
Food,Object_09919
Toxic,Object_01112
Food,Object_02805
Flammable,Object_05137
Pressurized,Object_08377
Corrosive,Object_03266
Radioactive,Object_11402
Oxidizing,Object_29584
Fragile,Object_29420
Food,Object_01810
Flammable,Object_06340
Food,Object_01943
Explosive,Object_29673
Fragile,Object_15211
Toxic,Object_00586
Corrosive,Object_22077
Food,Object_08444
Flammable,Object_26127
Corrosive,Object_28331
Toxic,Object_16075
Corrosive,Object_07082
Food,Object_17576
Fragile,Object_04633
Flammable,Object_14767
Toxic,Object_13192
Food,Object_05695
Unspecified,Object_02606
Corrosive,Object_18708
Food,Object_00783
Explosive,Object_28074
Unspecified,Object_21509
Unspecified,Object_02272
Fragile,Object_13514
Toxic,Object_22065
Unspecified,Object_15396
Flammable,Object_02259
Oxidizing,Object_27421
Pressurized,Object_10674
Explosive,Object_15831
Toxic,Object_14701
Oxidizing,Object_16734
Toxic,Object_11241
Toxic,Object_02126
Unspecified,Object_27541
Fragile,Object_11318
Flammable,Object_08077
Flammable,Object_19137
Explosive,Object_00919
Corrosive,Object_12842
Unspecified,Object_30263
Corrosive,Object_18335
Oxidizing,Object_02798
Unspecified,Object_11280
Corrosive,Object_13248
Pressurized,Object_13691
Oxidizing,Object_14468
Toxic,Object_25186
Flammable,Object_19078
Explosive,Object_11067
Oxidizing,Object_09599
Radioactive,Object_18861
Toxic,Object_12012
Pressurized,Object_04864
Flammable,Object_16497
Corrosive,Object_02589
Oxidizing,Object_06265
Oxidizing,Object_19082
Oxidizing,Object_21010
Food,Object_07720
Unspecified,Object_03286
Toxic,Object_29056
Explosive,Object_15907
Oxidizing,Object_01465
Toxic,Object_04078
Oxidizing,Object_26734
Pressurized,Object_08678
Explosive,Object_01128
Radioactive,Object_12396
Radioactive,Object_13847
Toxic,Object_21475
Unspecified,Object_00124
Oxidizing,Object_10025
Food,Object_07722
Radioactive,Object_07038
Toxic,Object_14731
Fragile,Object_22566
Corrosive,Object_20618
Explosive,Object_28234
Corrosive,Object_04171
Unspecified,Object_27624
Fragile,Object_18880
Unspecified,Object_17722
Fragile,Object_17742
Corrosive,Object_12606
Toxic,Object_13092
Unspecified,Object_29938
Unspecified,Object_12630
Corrosive,Object_26150
Fragile,Object_30179
Toxic,Object_17705
Unspecified,Object_25722
Unspecified,Object_19707
Explosive,Object_22618
Corrosive,Object_14839
Toxic,Object_29064
Corrosive,Object_01420
Flammable,Object_00345
Toxic,Object_26007
Corrosive,Object_03849
Toxic,Object_24585
Oxidizing,Object_03142
Flammable,Object_03911
Fragile,Object_04440
Food,Object_15446
Fragile,Object_25993
Oxidizing,Object_19450
Corrosive,Object_27615
Fragile,Object_08683
Unspecified,Object_19703
Corrosive,Object_09391
Explosive,Object_15581
Explosive,Object_07388
Oxidizing,Object_13061
Toxic,Object_10983
Pressurized,Object_01630
Toxic,Object_05329
Pressurized,Object_24333
Radioactive,Object_26601
Unspecified,Object_12477
Pressurized,Object_23780
Fragile,Object_02186
Flammable,Object_01127
Corrosive,Object_09429
Explosive,Object_17530
Oxidizing,Object_21543
Flammable,Object_21014
Pressurized,Object_27738
Explosive,Object_02375
Oxidizing,Object_15852
Radioactive,Object_30283
Toxic,Object_06544
Oxidizing,Object_17809
Fragile,Object_19903
Fragile,Object_00690
Flammable,Object_02140
Toxic,Object_08167
Unspecified,Object_21545
Radioactive,Object_15772
Food,Object_17337
Pressurized,Object_20478
Explosive,Object_28458
Corrosive,Object_00687
Toxic,Object_26427
Oxidizing,Object_03291
Fragile,Object_01150
Food,Object_13241
Unspecified,Object_09225
Explosive,Object_26961
Oxidizing,Object_18998
Pressurized,Object_18679
Food,Object_30250
Unspecified,Object_14928
Oxidizing,Object_15678
Radioactive,Object_06158
Oxidizing,Object_09286
Unspecified,Object_23093
Oxidizing,Object_18343
Radioactive,Object_03550
Radioactive,Object_05852
Unspecified,Object_15721
Food,Object_27800
Fragile,Object_24415
Unspecified,Object_29467
Unspecified,Object_08258
Explosive,Object_08820
Explosive,Object_16882
Pressurized,Object_19556
Corrosive,Object_13817
Fragile,Object_28488
Oxidizing,Object_21338
Food,Object_11079
Fragile,Object_04281
Oxidizing,Object_21642
Radioactive,Object_21934
Corrosive,Object_26697
Unspecified,Object_28431
Fragile,Object_30303
Unspecified,Object_18120
Flammable,Object_04764
Radioactive,Object_07738
Fragile,Object_25928
Pressurized,Object_23128
Oxidizing,Object_01730
Corrosive,Object_13819
Toxic,Object_11643
Toxic,Object_13427
Radioactive,Object_07311
Oxidizing,Object_17486
Fragile,Object_19120
Pressurized,Object_23099
Explosive,Object_16090
Fragile,Object_10491
Explosive,Object_05357
Fragile,Object_07039
Corrosive,Object_07572
Pressurized,Object_26528
Flammable,Object_18746
Toxic,Object_02544
Toxic,Object_15955
Unspecified,Object_12668
Pressurized,Object_05598
Radioactive,Object_03315
Toxic,Object_21478
Fragile,Object_14199
Radioactive,Object_03388
Fragile,Object_18536
Explosive,Object_24444
Fragile,Object_03920
Unspecified,Object_09235
Toxic,Object_17086
Radioactive,Object_06842
Toxic,Object_05405
Unspecified,Object_14830
Radioactive,Object_22279
Unspecified,Object_18493
Corrosive,Object_13620
Corrosive,Object_17895
Explosive,Object_11819
Pressurized,Object_20520
Unspecified,Object_14693
Unspecified,Object_15296
Unspecified,Object_02353
Pressurized,Object_07593
Unspecified,Object_17319
Oxidizing,Object_26430
Unspecified,Object_16566
Radioactive,Object_26829
Unspecified,Object_30158
Explosive,Object_29825
Pressurized,Object_07210
Food,Object_17505
Food,Object_00767
Oxidizing,Object_17468
Flammable,Object_18402
Fragile,Object_04175
Oxidizing,Object_21119
Flammable,Object_14357
Explosive,Object_04653
Pressurized,Object_12157
Unspecified,Object_09504
Pressurized,Object_29637
Oxidizing,Object_05318
Corrosive,Object_06188
Oxidizing,Object_11608
Explosive,Object_00795
Corrosive,Object_12386
Explosive,Object_02740
Toxic,Object_21750
Toxic,Object_05914
Fragile,Object_24889
Toxic,Object_16615
Explosive,Object_11678
Flammable,Object_21106
Explosive,Object_21740
Toxic,Object_17592
Explosive,Object_02746
Pressurized,Object_10872
Flammable,Object_06563
Corrosive,Object_09390
Flammable,Object_19224
Fragile,Object_21921
Radioactive,Object_14944
Explosive,Object_14626
Toxic,Object_27451
Oxidizing,Object_21534
Food,Object_05955
Corrosive,Object_07703
Fragile,Object_21691
Unspecified,Object_17863
Unspecified,Object_09271
Fragile,Object_10666
Oxidizing,Object_21286
Unspecified,Object_17321
Explosive,Object_08609
Unspecified,Object_03737
Corrosive,Object_14166
Radioactive,Object_22886
Pressurized,Object_12994
Food,Object_17844
Oxidizing,Object_16378
Oxidizing,Object_29664
Food,Object_20355
Fragile,Object_02156
Food,Object_22002
Food,Object_08122
Food,Object_05870
Pressurized,Object_01968
Radioactive,Object_11705
Food,Object_14607
Corrosive,Object_14108
Fragile,Object_02474
Explosive,Object_20825
Food,Object_17514
Explosive,Object_00531
Flammable,Object_05831
Fragile,Object_11855
Food,Object_09409
Oxidizing,Object_19262
Flammable,Object_15359
Pressurized,Object_01705
Toxic,Object_03552
Food,Object_20973
Toxic,Object_15132
Flammable,Object_15912
Toxic,Object_27443
Unspecified,Object_09989
Explosive,Object_26754
Unspecified,Object_19693
Unspecified,Object_11961
Food,Object_06937
Radioactive,Object_29925
Corrosive,Object_24688
Pressurized,Object_29188
Flammable,Object_25388
Oxidizing,Object_09242
Explosive,Object_29233
Radioactive,Object_10614
Pressurized,Object_10458
Pressurized,Object_16904
Radioactive,Object_07963
Corrosive,Object_26355
Corrosive,Object_03795
Fragile,Object_15136
Toxic,Object_26867
Pressurized,Object_03004
Corrosive,Object_03544
Food,Object_05848
Radioactive,Object_17504
Oxidizing,Object_15484
Explosive,Object_26686
Fragile,Object_15269
Oxidizing,Object_16884
Food,Object_03463
Food,Object_20025
Toxic,Object_03355
Food,Object_16404
Unspecified,Object_25622
Food,Object_23207
Oxidizing,Object_29287
Flammable,Object_16943
Unspecified,Object_13350
Pressurized,Object_05412
Oxidizing,Object_18506
Explosive,Object_25432
Unspecified,Object_20136
Oxidizing,Object_06773
Flammable,Object_26489
Explosive,Object_06132
Pressurized,Object_05958
Explosive,Object_24850
Oxidizing,Object_28106
Explosive,Object_24876
Fragile,Object_13438
Radioactive,Object_17972
Food,Object_18614
Food,Object_05474
Flammable,Object_03984
Unspecified,Object_04457
Toxic,Object_10155
Unspecified,Object_10752
Radioactive,Object_05872
Flammable,Object_24563
Unspecified,Object_05593
Flammable,Object_10963
Radioactive,Object_21581
Pressurized,Object_07319
Corrosive,Object_16347
Toxic,Object_26128
Corrosive,Object_27543
Fragile,Object_11903
Pressurized,Object_21808
Pressurized,Object_25459
Unspecified,Object_02282
Unspecified,Object_04412
Flammable,Object_16656
Food,Object_18555
Fragile,Object_16191
Fragile,Object_06501
Oxidizing,Object_09880
Radioactive,Object_09947
Unspecified,Object_00194
Oxidizing,Object_18968
Fragile,Object_05354
Corrosive,Object_20224
Explosive,Object_29103
Food,Object_28442
Radioactive,Object_00265
Explosive,Object_02400
Corrosive,Object_05344
Pressurized,Object_02097
Pressurized,Object_23587
Oxidizing,Object_13711
Oxidizing,Object_17429
Toxic,Object_09113
Explosive,Object_24501
Food,Object_21442
Fragile,Object_25372
Pressurized,Object_01714
Pressurized,Object_29150
Unspecified,Object_16007
Food,Object_22410
Oxidizing,Object_13976
Fragile,Object_15499
Pressurized,Object_05728
Oxidizing,Object_00010
Corrosive,Object_29693
Food,Object_09061
Fragile,Object_30112
Explosive,Object_22806
Pressurized,Object_12939
Radioactive,Object_03772
Pressurized,Object_24072
Explosive,Object_26218
Fragile,Object_29222
Food,Object_15351
Toxic,Object_10365
Fragile,Object_30185
Explosive,Object_11696
Toxic,Object_09981
Toxic,Object_25370
Radioactive,Object_00560
Oxidizing,Object_20261
Radioactive,Object_04658
Corrosive,Object_29439
Corrosive,Object_06061
Flammable,Object_02495
Oxidizing,Object_05458
Radioactive,Object_05129
Radioactive,Object_12391
Toxic,Object_10964
Unspecified,Object_27458
Food,Object_22196
Food,Object_02350
Fragile,Object_01750
Unspecified,Object_06756
Fragile,Object_16569
Fragile,Object_12374
Unspecified,Object_02217
Unspecified,Object_24736
Corrosive,Object_12908
Unspecified,Object_09550
Pressurized,Object_08984
Pressurized,Object_05047
Toxic,Object_00235
Oxidizing,Object_05255
Explosive,Object_11808
Unspecified,Object_17094
Toxic,Object_30211
Unspecified,Object_29550
Toxic,Object_12381
Fragile,Object_06867
Food,Object_25850
Fragile,Object_16702
Unspecified,Object_28688
Explosive,Object_28530
Pressurized,Object_22598
Oxidizing,Object_00666
Toxic,Object_05973
Flammable,Object_12778
Oxidizing,Object_18657
Food,Object_01581
Radioactive,Object_05712
Toxic,Object_17067
Food,Object_00397
Corrosive,Object_13151
Toxic,Object_20654
Fragile,Object_04678
Corrosive,Object_03103
Pressurized,Object_23205
Radioactive,Object_09092
Oxidizing,Object_17308
Explosive,Object_18839
Pressurized,Object_16137
Pressurized,Object_11923
Toxic,Object_25302
Oxidizing,Object_01633
Corrosive,Object_28656
Toxic,Object_30086
Explosive,Object_08818
Oxidizing,Object_12667
Fragile,Object_02125
Pressurized,Object_11839
Toxic,Object_14554
Pressurized,Object_09740
Corrosive,Object_13134
Fragile,Object_13064
Corrosive,Object_12222
Oxidizing,Object_20767
Pressurized,Object_12349
Fragile,Object_19884
Food,Object_04105
Pressurized,Object_10933
Oxidizing,Object_01727
Radioactive,Object_01498
Radioactive,Object_11111
Toxic,Object_13674
Food,Object_20721
Pressurized,Object_23447
Explosive,Object_08202
Food,Object_17169
Toxic,Object_18240
Unspecified,Object_20316
Pressurized,Object_20764
Flammable,Object_10683
Pressurized,Object_15975
Toxic,Object_13643
Pressurized,Object_09230
Fragile,Object_11833
Fragile,Object_21149
Pressurized,Object_10423
Fragile,Object_17901
Toxic,Object_10429
Unspecified,Object_25277
Fragile,Object_23303
Explosive,Object_29871
Toxic,Object_26540
Radioactive,Object_28088
Fragile,Object_25250
Radioactive,Object_20828
Unspecified,Object_13587
Explosive,Object_09100
Oxidizing,Object_08890
Unspecified,Object_17727
Flammable,Object_04810
Oxidizing,Object_18837
Flammable,Object_22713
Toxic,Object_27803
Food,Object_03815
Corrosive,Object_24700
Corrosive,Object_18313
Oxidizing,Object_20403
Radioactive,Object_18430
Explosive,Object_21048
Oxidizing,Object_00826
Unspecified,Object_13759
Unspecified,Object_13990
Radioactive,Object_08046
Fragile,Object_21229
Unspecified,Object_01846
Oxidizing,Object_25865
Corrosive,Object_00411
Explosive,Object_03963
Flammable,Object_19030
Explosive,Object_26148
Oxidizing,Object_14474
Oxidizing,Object_08587
Food,Object_04775
Unspecified,Object_26987
Radioactive,Object_12346
Radioactive,Object_22472
Food,Object_08190
Food,Object_05839
Explosive,Object_03666
Corrosive,Object_11141
Explosive,Object_26143
Flammable,Object_08639
Fragile,Object_23173
Pressurized,Object_04108
Food,Object_16421
Corrosive,Object_02866
Toxic,Object_23992
Food,Object_11454
Oxidizing,Object_11041
Explosive,Object_17164
Pressurized,Object_22435
Oxidizing,Object_18221
Explosive,Object_12345
Fragile,Object_14352
Explosive,Object_18931
Explosive,Object_27816
Unspecified,Object_19053
Radioactive,Object_26726
Pressurized,Object_22680
Food,Object_11371
Oxidizing,Object_07090
Toxic,Object_01069
Toxic,Object_00321
Food,Object_15148
Pressurized,Object_27414
Pressurized,Object_08166
Toxic,Object_08970
Oxidizing,Object_00590
Pressurized,Object_10969
Flammable,Object_11583
Radioactive,Object_25520
Food,Object_22313
Food,Object_03792
Explosive,Object_09741
Toxic,Object_15252
Explosive,Object_26741
Explosive,Object_28638
Flammable,Object_13947
Oxidizing,Object_09746
Pressurized,Object_21969
Unspecified,Object_24024
Pressurized,Object_09579
Fragile,Object_07158
Food,Object_00434
Toxic,Object_14865
Explosive,Object_13411
Explosive,Object_03220
Explosive,Object_17653
Unspecified,Object_07983
Explosive,Object_18442
Radioactive,Object_19775
Explosive,Object_20175
Oxidizing,Object_11288
Toxic,Object_04788
Toxic,Object_04741
Unspecified,Object_30157
Radioactive,Object_07474
Oxidizing,Object_24605
Corrosive,Object_03715
Corrosive,Object_00932
Unspecified,Object_26456
Oxidizing,Object_04286
Pressurized,Object_04647
Unspecified,Object_23430
Pressurized,Object_22859
Fragile,Object_10641
Food,Object_02837
Corrosive,Object_10104
Fragile,Object_24467
Flammable,Object_13609
Pressurized,Object_02884
Radioactive,Object_19163
Explosive,Object_22043
Fragile,Object_06831
Fragile,Object_12363
Corrosive,Object_07734
Explosive,Object_12427
Toxic,Object_19202
Flammable,Object_11669
Fragile,Object_26855
Fragile,Object_09787
Fragile,Object_01494
Radioactive,Object_12764
Flammable,Object_25838
Fragile,Object_28195
Corrosive,Object_05740
Flammable,Object_18077
Unspecified,Object_19182
Food,Object_11704
Radioactive,Object_24748
Pressurized,Object_23278
Corrosive,Object_02531
Radioactive,Object_14434
Corrosive,Object_25291
Radioactive,Object_14881
Unspecified,Object_14268
Radioactive,Object_29984
Unspecified,Object_25038
Flammable,Object_23914
Pressurized,Object_09958
Fragile,Object_05050
Corrosive,Object_23442
Radioactive,Object_24201
Radioactive,Object_14120
Fragile,Object_29374
Corrosive,Object_07451
Oxidizing,Object_17965
Flammable,Object_19517
Pressurized,Object_28108
Pressurized,Object_21772
Food,Object_11765
Explosive,Object_06177
Oxidizing,Object_09652
Pressurized,Object_15855
Toxic,Object_26735
Toxic,Object_21714
Toxic,Object_19187
Oxidizing,Object_11499
Food,Object_09622
Corrosive,Object_25919
Radioactive,Object_08807
Flammable,Object_30104
Toxic,Object_08422
Explosive,Object_21462
Unspecified,Object_12351
Oxidizing,Object_30198
Fragile,Object_06287
Fragile,Object_07457
Radioactive,Object_00380
Radioactive,Object_13579
Radioactive,Object_22000
Flammable,Object_15796
Pressurized,Object_00982
Fragile,Object_19739
Radioactive,Object_02119
Pressurized,Object_11287
Oxidizing,Object_21866
Pressurized,Object_26593
Flammable,Object_04914
Explosive,Object_04156
Unspecified,Object_00738
Unspecified,Object_29520
Flammable,Object_02804
Corrosive,Object_16924
Fragile,Object_11933
Fragile,Object_06464
Explosive,Object_22290
Explosive,Object_00930
Unspecified,Object_07898
Pressurized,Object_12091
Food,Object_15938
Fragile,Object_01664
Fragile,Object_14338
Food,Object_04414
Radioactive,Object_06777
Explosive,Object_00396
Flammable,Object_30048
Corrosive,Object_00198
Explosive,Object_14596
Corrosive,Object_11053
Flammable,Object_25345
Food,Object_19467
Flammable,Object_27663
Fragile,Object_25042
Oxidizing,Object_13622
Food,Object_21035
Unspecified,Object_17236
Oxidizing,Object_20570
Radioactive,Object_25911
Oxidizing,Object_22433
Corrosive,Object_08423
Corrosive,Object_19480
Toxic,Object_19469
Explosive,Object_05803
Unspecified,Object_05128
Fragile,Object_09325
Radioactive,Object_03360
Corrosive,Object_13954
Pressurized,Object_22143
Food,Object_15030
Food,Object_14747
Food,Object_14794
Flammable,Object_03695
Flammable,Object_30340
Oxidizing,Object_08739
Radioactive,Object_07714
Toxic,Object_24065
Toxic,Object_15505
Radioactive,Object_13524
Flammable,Object_18688
Flammable,Object_13072
Corrosive,Object_23965
Toxic,Object_20649
Corrosive,Object_16939
Explosive,Object_26383
Radioactive,Object_06682
Radioactive,Object_22525
Radioactive,Object_08399
Corrosive,Object_13128
Fragile,Object_15670
Oxidizing,Object_00718
Oxidizing,Object_14069
Corrosive,Object_22111
Corrosive,Object_05245
Unspecified,Object_02278
Oxidizing,Object_24328
Flammable,Object_15095
Food,Object_30273
Fragile,Object_14618
Pressurized,Object_01697
Radioactive,Object_23060
Oxidizing,Object_25777
Fragile,Object_11289
Toxic,Object_18897
Pressurized,Object_15509
Corrosive,Object_21974
Flammable,Object_21289
Explosive,Object_06099
Flammable,Object_18117
Flammable,Object_29259
Fragile,Object_15638
Fragile,Object_02442
Flammable,Object_12045
Radioactive,Object_12083
Pressurized,Object_24595
Food,Object_19568
Oxidizing,Object_03652
Toxic,Object_19059
Radioactive,Object_16105
Explosive,Object_17138
Pressurized,Object_28361
Flammable,Object_03745
Oxidizing,Object_18977
Radioactive,Object_03129
Flammable,Object_14190
Food,Object_26835
Food,Object_15979
Food,Object_11815
Pressurized,Object_29900
Flammable,Object_22012
Radioactive,Object_03973
Explosive,Object_23973
Explosive,Object_15371
Explosive,Object_18276
Flammable,Object_13140
Oxidizing,Object_02326
Food,Object_27575
Fragile,Object_22247
Unspecified,Object_26834
Explosive,Object_09840
Flammable,Object_22815
Food,Object_03628
Flammable,Object_01364
Food,Object_02109
Radioactive,Object_02578
Oxidizing,Object_20155
Unspecified,Object_12705
Unspecified,Object_22785
Radioactive,Object_00838
Food,Object_07918
Pressurized,Object_11157
Corrosive,Object_10790
Unspecified,Object_25796
Oxidizing,Object_22333
Corrosive,Object_17832
Toxic,Object_04702
Pressurized,Object_16342
Pressurized,Object_13762
Explosive,Object_17721
Pressurized,Object_29889
Flammable,Object_12572
Radioactive,Object_24420
Explosive,Object_11457
Flammable,Object_09221
Explosive,Object_17332
Explosive,Object_10513
Toxic,Object_00988
Toxic,Object_22494
Radioactive,Object_13757
Food,Object_08186
Explosive,Object_19194
Unspecified,Object_28554
Oxidizing,Object_08393
Radioactive,Object_14315
Toxic,Object_27859
Explosive,Object_23820
Corrosive,Object_18218
Explosive,Object_00656
Radioactive,Object_09468
Corrosive,Object_05516
Toxic,Object_21630
Oxidizing,Object_06518
Oxidizing,Object_13529
Oxidizing,Object_25921
Flammable,Object_25592
Toxic,Object_26645
Fragile,Object_05223
Toxic,Object_18391
Pressurized,Object_04703
Pressurized,Object_16954
Radioactive,Object_00946
Corrosive,Object_07390
Corrosive,Object_28886
Flammable,Object_20060
Fragile,Object_18782
Radioactive,Object_09017
Flammable,Object_06849
Toxic,Object_16986
Flammable,Object_22087
Pressurized,Object_11672
Flammable,Object_00713
Food,Object_22992
Pressurized,Object_00001
Explosive,Object_12501
Explosive,Object_08798
Radioactive,Object_19759
Flammable,Object_03835
Food,Object_23640
Corrosive,Object_20257
Fragile,Object_17124
Radioactive,Object_08087
Pressurized,Object_03383
Toxic,Object_25833
Unspecified,Object_28689
Pressurized,Object_28993
Corrosive,Object_26581
Oxidizing,Object_26096
Unspecified,Object_04901
Corrosive,Object_05051
Food,Object_23893
Toxic,Object_20631
Unspecified,Object_18640
Oxidizing,Object_00084
Oxidizing,Object_02341
Corrosive,Object_30127
Oxidizing,Object_21174
Fragile,Object_11942
Radioactive,Object_27145
Pressurized,Object_29747
Corrosive,Object_00257
Pressurized,Object_05780
Explosive,Object_08935
Flammable,Object_20337
Flammable,Object_08973
Pressurized,Object_10000
Food,Object_28799
Toxic,Object_28387
Corrosive,Object_26285
Explosive,Object_09347
Toxic,Object_00317
Unspecified,Object_19232
Toxic,Object_27602
Oxidizing,Object_24445
Unspecified,Object_25258
Toxic,Object_01535
Radioactive,Object_27415
Fragile,Object_03694
Unspecified,Object_15074
Fragile,Object_27778
Oxidizing,Object_01789
Corrosive,Object_00949
Toxic,Object_20946
Toxic,Object_03708
Corrosive,Object_04324
Fragile,Object_24335
Flammable,Object_12405
Flammable,Object_14072
Pressurized,Object_29869
Flammable,Object_18610
Toxic,Object_11428
Explosive,Object_19876
Corrosive,Object_20249
Fragile,Object_04985
Unspecified,Object_27030
Fragile,Object_28187
Flammable,Object_23156
Food,Object_25664
Pressurized,Object_02895
Oxidizing,Object_13925
Toxic,Object_16083
Explosive,Object_24639
Fragile,Object_13373
Food,Object_08419
Oxidizing,Object_22156
Corrosive,Object_06799
Fragile,Object_24826
Pressurized,Object_23531
Food,Object_14816
Pressurized,Object_29779
Corrosive,Object_29152
Unspecified,Object_07902
Radioactive,Object_27031
Explosive,Object_14530
Corrosive,Object_00004
Food,Object_27614
Radioactive,Object_29003
Flammable,Object_13065
Radioactive,Object_13279
Corrosive,Object_05031
Pressurized,Object_02308
Explosive,Object_29224
Unspecified,Object_27571
Corrosive,Object_00655
Toxic,Object_08182
Toxic,Object_21570
Oxidizing,Object_11936
Corrosive,Object_07866
Fragile,Object_16792
Pressurized,Object_07592
Fragile,Object_20976
Toxic,Object_08625
Food,Object_00987
Oxidizing,Object_02281
Toxic,Object_16496
Toxic,Object_28992
Pressurized,Object_11577
Oxidizing,Object_07817
Pressurized,Object_03112
Radioactive,Object_09277
Food,Object_20012
Flammable,Object_26245
Flammable,Object_10611
Pressurized,Object_19206
Toxic,Object_10316
Food,Object_25272
Explosive,Object_10494
Toxic,Object_24804
Oxidizing,Object_14705
Fragile,Object_21686
Radioactive,Object_15586
Radioactive,Object_27156
Explosive,Object_02702
Food,Object_01188
Radioactive,Object_18726
Corrosive,Object_01460
Toxic,Object_20553
Toxic,Object_10991
Unspecified,Object_11613
Food,Object_08505
Fragile,Object_12202
Explosive,Object_07693
Food,Object_04639
Corrosive,Object_18981
Flammable,Object_29360
Flammable,Object_03948
Oxidizing,Object_17608
Pressurized,Object_20547
Food,Object_03195
Explosive,Object_03234
Pressurized,Object_18700
Fragile,Object_25429
Explosive,Object_22228
Toxic,Object_01695
Unspecified,Object_26320
Radioactive,Object_23067
Flammable,Object_00337
Unspecified,Object_18015
Pressurized,Object_19580
Explosive,Object_24604
Explosive,Object_18531
Corrosive,Object_03167
Pressurized,Object_27971
Unspecified,Object_19493
Fragile,Object_14926
Fragile,Object_26537
Food,Object_10240
Flammable,Object_23671
Food,Object_22793
Oxidizing,Object_05012
Flammable,Object_30085
Oxidizing,Object_09621
Corrosive,Object_16373
Radioactive,Object_09404
Corrosive,Object_02555
Toxic,Object_06577
Oxidizing,Object_14330
Corrosive,Object_28651
Corrosive,Object_23711
Flammable,Object_05596
Corrosive,Object_27747
Fragile,Object_06471
Unspecified,Object_23885
Radioactive,Object_03956
Fragile,Object_10684
Radioactive,Object_16302
Explosive,Object_30229
Toxic,Object_29593
Unspecified,Object_04709
Radioactive,Object_27232
Unspecified,Object_16219
Oxidizing,Object_26812
Explosive,Object_05080
Explosive,Object_23653
Toxic,Object_04346
Pressurized,Object_25169
Fragile,Object_01343
Flammable,Object_24208
Fragile,Object_19550
Corrosive,Object_14036
Flammable,Object_11973
Radioactive,Object_25522
Flammable,Object_08561
Food,Object_18879
Oxidizing,Object_28324
Oxidizing,Object_11881
Oxidizing,Object_10740
Unspecified,Object_07190
Flammable,Object_16671
Fragile,Object_28065
Toxic,Object_02648
Oxidizing,Object_24057
Fragile,Object_14302
Corrosive,Object_19981
Corrosive,Object_13496
Oxidizing,Object_25935
Pressurized,Object_23618
Explosive,Object_01024
Fragile,Object_01339
Explosive,Object_17466
Oxidizing,Object_02505
Fragile,Object_04708
Unspecified,Object_14879
Corrosive,Object_02577
Explosive,Object_18654
Corrosive,Object_17765
Toxic,Object_01652
Radioactive,Object_00167
Fragile,Object_16127
Oxidizing,Object_04699
Pressurized,Object_20216
Explosive,Object_13732
Oxidizing,Object_07277
Explosive,Object_11245
Radioactive,Object_18993
Oxidizing,Object_00246
Toxic,Object_15740
Fragile,Object_17146
Flammable,Object_17555
Radioactive,Object_24228
Unspecified,Object_23408
Food,Object_16440
Flammable,Object_27678
Radioactive,Object_06996
Unspecified,Object_03520
Toxic,Object_26771
Radioactive,Object_16462
Radioactive,Object_02482
Fragile,Object_26520
Oxidizing,Object_04584
Pressurized,Object_02649
Explosive,Object_29036
Toxic,Object_12669
Oxidizing,Object_17065
Toxic,Object_20538
Corrosive,Object_12403
Corrosive,Object_21421
Fragile,Object_05220
Explosive,Object_11662
Pressurized,Object_21895
Flammable,Object_12857
Pressurized,Object_04256
Flammable,Object_04409
Explosive,Object_04572
Unspecified,Object_19253
Radioactive,Object_03211
Radioactive,Object_11286
Toxic,Object_27894
Toxic,Object_26177
Radioactive,Object_15422
Corrosive,Object_27814
Toxic,Object_15824
Radioactive,Object_28633
Toxic,Object_04275
Corrosive,Object_16024
Oxidizing,Object_11953
Fragile,Object_06406
Pressurized,Object_23340
Flammable,Object_27453
Radioactive,Object_12153
Corrosive,Object_07877
Fragile,Object_10573
Corrosive,Object_00384
Food,Object_28050
Corrosive,Object_24862
Oxidizing,Object_27926
Toxic,Object_05430
Radioactive,Object_17405
Corrosive,Object_17938
Radioactive,Object_08481
Pressurized,Object_07853
Pressurized,Object_11851
Radioactive,Object_12796
Fragile,Object_17509
Food,Object_14986
Fragile,Object_16728
Fragile,Object_18855
Flammable,Object_03756
Corrosive,Object_10218
Flammable,Object_14610
Pressurized,Object_23614
Food,Object_18150
Corrosive,Object_13101
Pressurized,Object_20210
Fragile,Object_24273
Explosive,Object_16357
Food,Object_25390
Oxidizing,Object_16966
Pressurized,Object_12369
Pressurized,Object_12331
Fragile,Object_13600
Corrosive,Object_10597
Pressurized,Object_09612
Flammable,Object_16361
Toxic,Object_06189
Food,Object_28924
Food,Object_13310
Fragile,Object_02797
Explosive,Object_05417
Corrosive,Object_23902
Flammable,Object_17759
Radioactive,Object_27140
Pressurized,Object_08085
Oxidizing,Object_07481
Toxic,Object_25153
Radioactive,Object_02504
Explosive,Object_06537
Food,Object_16891
Flammable,Object_23133
Explosive,Object_01144
Unspecified,Object_05419
Fragile,Object_04462
Unspecified,Object_12571
Fragile,Object_08172
Flammable,Object_02760
Pressurized,Object_14092
Fragile,Object_02336
Pressurized,Object_13273
Unspecified,Object_00845
Fragile,Object_06514
Explosive,Object_29184
Flammable,Object_02141
Food,Object_00470
Explosive,Object_22136
Pressurized,Object_07119
Unspecified,Object_28505
Fragile,Object_05078
Corrosive,Object_14752
Corrosive,Object_15817
Pressurized,Object_05303
Food,Object_00916
Unspecified,Object_24773
Fragile,Object_15053
Unspecified,Object_04062
Radioactive,Object_01138
Unspecified,Object_12312
Oxidizing,Object_17995
Toxic,Object_06250
Toxic,Object_29914
Toxic,Object_00575
Corrosive,Object_28168
Oxidizing,Object_15896
Unspecified,Object_01492
Food,Object_21247
Pressurized,Object_22714
Toxic,Object_07331
Toxic,Object_23592
Toxic,Object_03804
Oxidizing,Object_26532
Corrosive,Object_07337
Food,Object_00935
Fragile,Object_09088
Toxic,Object_00350
Unspecified,Object_28877
Flammable,Object_28429
Radioactive,Object_22245
Radioactive,Object_08433
Flammable,Object_01638
Explosive,Object_05947
Fragile,Object_17810
Corrosive,Object_08659
Radioactive,Object_19864
Pressurized,Object_24385
Flammable,Object_29744
Toxic,Object_12780
Food,Object_03829
Food,Object_24144
Oxidizing,Object_06569
Radioactive,Object_08314
Pressurized,Object_28655
Radioactive,Object_22326
Fragile,Object_22032
Toxic,Object_06303
Flammable,Object_25844
Flammable,Object_07106
Fragile,Object_17932
Flammable,Object_19389
Radioactive,Object_21072
Food,Object_17923
Flammable,Object_23008
Toxic,Object_03250
Flammable,Object_28142
Radioactive,Object_17331
Unspecified,Object_06772
Explosive,Object_10932
Flammable,Object_15953
Unspecified,Object_21288
Unspecified,Object_04695
Oxidizing,Object_29428
Pressurized,Object_28611
Toxic,Object_16556
Pressurized,Object_18852
Explosive,Object_14153
Corrosive,Object_27712
Toxic,Object_23836
Toxic,Object_19744
Toxic,Object_06637
Toxic,Object_28464
Toxic,Object_13035
Fragile,Object_05652
Radioactive,Object_10820
Food,Object_03462
Toxic,Object_20933
Flammable,Object_23948
Radioactive,Object_08791
Corrosive,Object_03086
Corrosive,Object_24725
Oxidizing,Object_12139
Oxidizing,Object_19681
Pressurized,Object_09345
Explosive,Object_03040
Oxidizing,Object_04199
Fragile,Object_13786
Oxidizing,Object_18392
Radioactive,Object_14250
Toxic,Object_07030
Corrosive,Object_29169
Oxidizing,Object_12407
Oxidizing,Object_21328
Pressurized,Object_21028
Pressurized,Object_14283
Pressurized,Object_17861
Flammable,Object_01345
Corrosive,Object_13795
Radioactive,Object_18757
Explosive,Object_23847
Toxic,Object_09682
Radioactive,Object_25352
Radioactive,Object_03025
Oxidizing,Object_30039
Oxidizing,Object_03055
Unspecified,Object_18831
Fragile,Object_20506
Toxic,Object_08619
Pressurized,Object_06211
Oxidizing,Object_00609
Toxic,Object_23343
Pressurized,Object_02883
Explosive,Object_16862
Unspecified,Object_02250
Corrosive,Object_07765
Pressurized,Object_23619
Explosive,Object_11766
Explosive,Object_27545
Pressurized,Object_06692
Unspecified,Object_10756
Pressurized,Object_20749
Radioactive,Object_13103
Oxidizing,Object_17317
Fragile,Object_21925
Oxidizing,Object_28259
Unspecified,Object_05494
Corrosive,Object_23016
Corrosive,Object_04034
Unspecified,Object_04508
Toxic,Object_24136
Fragile,Object_28034
Explosive,Object_26588
Food,Object_19331
Pressurized,Object_22558
Fragile,Object_19796
Oxidizing,Object_29338
Toxic,Object_28073
Food,Object_18650
Corrosive,Object_27582
Oxidizing,Object_23830
Pressurized,Object_01174
Fragile,Object_22510
Corrosive,Object_13869
Oxidizing,Object_02081
Food,Object_00793
Radioactive,Object_27526
Unspecified,Object_20482
Food,Object_29377
Fragile,Object_00991
Corrosive,Object_02514
Radioactive,Object_19999
Flammable,Object_11171
Food,Object_28381
Unspecified,Object_11251
Pressurized,Object_28280
Toxic,Object_05406
Explosive,Object_21900
Food,Object_28692
Food,Object_01907
Explosive,Object_19077
Oxidizing,Object_27254
Toxic,Object_09207
Radioactive,Object_28887
Fragile,Object_05528
Flammable,Object_27289
Toxic,Object_17103
Toxic,Object_18033
Radioactive,Object_03578
Flammable,Object_07422
Fragile,Object_26435
Fragile,Object_10439
Oxidizing,Object_07480
Pressurized,Object_12874
Unspecified,Object_13160
Fragile,Object_29972
Pressurized,Object_09700
Fragile,Object_04601
Toxic,Object_00975
Food,Object_26787
Corrosive,Object_14559
Radioactive,Object_10083
Flammable,Object_02154
Toxic,Object_24161
Flammable,Object_01500
Fragile,Object_16334
Pressurized,Object_27224
Corrosive,Object_13881
Food,Object_27439
Fragile,Object_00899
Oxidizing,Object_20312
Fragile,Object_01606
Unspecified,Object_10081
Corrosive,Object_16000
Flammable,Object_16639
Food,Object_27175
Radioactive,Object_05022
Pressurized,Object_02707
Fragile,Object_16360
Explosive,Object_08779
Radioactive,Object_05383
Radioactive,Object_07104
Toxic,Object_28025
Pressurized,Object_19407
Radioactive,Object_24698
Fragile,Object_21874
Pressurized,Object_28676
Radioactive,Object_02377
Food,Object_01145
Oxidizing,Object_00132
Toxic,Object_22997
Corrosive,Object_00882
Oxidizing,Object_25482
Toxic,Object_14706
Radioactive,Object_19312
Food,Object_07617
Flammable,Object_21669
Oxidizing,Object_29644
Explosive,Object_27685
Oxidizing,Object_10172
Pressurized,Object_28945
Flammable,Object_10764
Flammable,Object_05291
Corrosive,Object_17556
Unspecified,Object_12819
Flammable,Object_24670
Oxidizing,Object_09657
Toxic,Object_13163
Radioactive,Object_04692
Pressurized,Object_09829
Toxic,Object_24792
Fragile,Object_21012
Food,Object_18039
Unspecified,Object_26457
Oxidizing,Object_21609
Corrosive,Object_28265
Explosive,Object_22144
Radioactive,Object_23504
Unspecified,Object_28165
Corrosive,Object_00658
Toxic,Object_08117
Oxidizing,Object_12774
Flammable,Object_06091
Corrosive,Object_30187
Fragile,Object_05741
Radioactive,Object_29861
Oxidizing,Object_11135
Fragile,Object_20297
Radioactive,Object_14578
Oxidizing,Object_00056
Toxic,Object_08203
Food,Object_24218
Radioactive,Object_00494
Food,Object_14132
Unspecified,Object_01524
Unspecified,Object_29214
Fragile,Object_08777
Unspecified,Object_18918
Food,Object_21622
Toxic,Object_18866
Fragile,Object_27669
Oxidizing,Object_08253
Fragile,Object_15213
Flammable,Object_24256
Fragile,Object_23457
Pressurized,Object_05218
Oxidizing,Object_03955
Flammable,Object_10125
Flammable,Object_18817
Explosive,Object_23824
Corrosive,Object_20669
Food,Object_12257
Corrosive,Object_05173
Food,Object_05166
Explosive,Object_12073
Fragile,Object_25527
Toxic,Object_17500
Unspecified,Object_12525
Pressurized,Object_00220
Unspecified,Object_18822
Toxic,Object_07984
Flammable,Object_00435
Pressurized,Object_07391
Fragile,Object_01421
Oxidizing,Object_28552
Corrosive,Object_30233
Oxidizing,Object_19382
Pressurized,Object_27977
Unspecified,Object_18182
Corrosive,Object_27734
Explosive,Object_24999
Toxic,Object_04164
Unspecified,Object_06325
Corrosive,Object_21071
Explosive,Object_14273
Radioactive,Object_27764
Pressurized,Object_25564
Corrosive,Object_20382
Unspecified,Object_09902
Flammable,Object_26461
Flammable,Object_03110
Fragile,Object_28070
Oxidizing,Object_06851
Flammable,Object_22502
Fragile,Object_15610
Oxidizing,Object_14682
Pressurized,Object_02845
Unspecified,Object_03861
Unspecified,Object_09960
Food,Object_18122
Explosive,Object_14614
Radioactive,Object_19585
Pressurized,Object_13127
Corrosive,Object_06811
Toxic,Object_17833
Corrosive,Object_21167
Unspecified,Object_17399
Corrosive,Object_13706
Corrosive,Object_13005
Toxic,Object_14142
Radioactive,Object_23728
Explosive,Object_06050
Oxidizing,Object_07802
Pressurized,Object_01245
Radioactive,Object_00433
Explosive,Object_18298
Explosive,Object_19284
Corrosive,Object_19151
Food,Object_18306
Toxic,Object_02130
Fragile,Object_22273
Oxidizing,Object_11108
Oxidizing,Object_02387
Unspecified,Object_27584
Flammable,Object_26169
Corrosive,Object_11674
Radioactive,Object_03369
Oxidizing,Object_21276
Flammable,Object_29742
Flammable,Object_12503
Unspecified,Object_13812
Flammable,Object_12493
Fragile,Object_05956
Unspecified,Object_01056
Oxidizing,Object_07985
Food,Object_17755
Radioactive,Object_00533
Explosive,Object_23043
Explosive,Object_17528
Unspecified,Object_06994
Oxidizing,Object_07612
Pressurized,Object_25883
Toxic,Object_23432
Food,Object_03821
Explosive,Object_08350
Pressurized,Object_25213
Explosive,Object_00834
Pressurized,Object_12120
Fragile,Object_27568
Oxidizing,Object_28592
Unspecified,Object_02039
Fragile,Object_15081
Oxidizing,Object_25784
Explosive,Object_22722
Toxic,Object_24908
Food,Object_18581
Flammable,Object_15570
Radioactive,Object_28709
Toxic,Object_18832
Explosive,Object_19097
Unspecified,Object_06555
Toxic,Object_23817
Corrosive,Object_10841
Fragile,Object_23800
Food,Object_09938
Oxidizing,Object_11444
Unspecified,Object_11483
Fragile,Object_04617
Food,Object_16637
Explosive,Object_14784
Corrosive,Object_29378
Unspecified,Object_21127
Explosive,Object_20987
Radioactive,Object_27141
Radioactive,Object_15047
Explosive,Object_02998
Oxidizing,Object_18285
Corrosive,Object_24647
Pressurized,Object_13969
Radioactive,Object_22116
Explosive,Object_20880
Radioactive,Object_11996
Food,Object_01759
Oxidizing,Object_04039
Unspecified,Object_28335
Pressurized,Object_24406
Unspecified,Object_03467
Toxic,Object_29949
Explosive,Object_01592
Corrosive,Object_30282
Unspecified,Object_22328
Unspecified,Object_19804
Fragile,Object_03763
Unspecified,Object_28769
Corrosive,Object_02388
Unspecified,Object_00202
Corrosive,Object_14901
Radioactive,Object_17167
Radioactive,Object_00414
Explosive,Object_00236
Pressurized,Object_16134
Fragile,Object_18163
Fragile,Object_20199
Pressurized,Object_01032
Unspecified,Object_19170
Pressurized,Object_07940
Toxic,Object_17644
Pressurized,Object_09098
Pressurized,Object_05169
Corrosive,Object_27328
Explosive,Object_02871
Unspecified,Object_18157
Unspecified,Object_29626
Oxidizing,Object_23963
Toxic,Object_05424
Toxic,Object_23703
Toxic,Object_19816
Pressurized,Object_11418
Oxidizing,Object_26600
Food,Object_18243
Corrosive,Object_22652
Corrosive,Object_09530
Toxic,Object_12249
Unspecified,Object_15244
Unspecified,Object_02058
Unspecified,Object_12074
Toxic,Object_17406
Food,Object_10349
Radioactive,Object_16080
Food,Object_18893
Flammable,Object_00603
Pressurized,Object_10825
Pressurized,Object_14753
Oxidizing,Object_19597
Flammable,Object_03395
Fragile,Object_13053
Unspecified,Object_30254
Fragile,Object_04979
Food,Object_10295
Food,Object_00990
Pressurized,Object_06591
Fragile,Object_25588
Corrosive,Object_13971
Pressurized,Object_01287
Radioactive,Object_23077
Fragile,Object_07857
Fragile,Object_10853
Explosive,Object_10176
Unspecified,Object_23658
Explosive,Object_11175
Explosive,Object_15122
Fragile,Object_18752
Pressurized,Object_02310
Food,Object_23243
Flammable,Object_07482
Corrosive,Object_22393
Flammable,Object_08049
Corrosive,Object_24607
Fragile,Object_10406
Unspecified,Object_12227
Explosive,Object_13615
Pressurized,Object_09173
Radioactive,Object_17836
Pressurized,Object_25396
Explosive,Object_28693
Radioactive,Object_05339
Toxic,Object_18379
Pressurized,Object_05368
Corrosive,Object_08095
Pressurized,Object_14106
Food,Object_08920
Toxic,Object_04321
Explosive,Object_07688
Pressurized,Object_03173
Toxic,Object_23272
Oxidizing,Object_04176
Fragile,Object_25743
Radioactive,Object_09753
Flammable,Object_20014
Oxidizing,Object_26247
Radioactive,Object_15747
Toxic,Object_00330
Toxic,Object_12270
Unspecified,Object_18468
Oxidizing,Object_01219
Fragile,Object_13272
Toxic,Object_27020
Unspecified,Object_26753
Oxidizing,Object_26689
Unspecified,Object_17412
Oxidizing,Object_00104
Fragile,Object_04401
Corrosive,Object_03387
Toxic,Object_20006
Corrosive,Object_13836
Corrosive,Object_23311
Unspecified,Object_20559
Food,Object_03029
Unspecified,Object_03144
Fragile,Object_01934
Fragile,Object_21156
Unspecified,Object_09153
Toxic,Object_17828
Flammable,Object_19251
Oxidizing,Object_20495
Unspecified,Object_14582
Food,Object_05534
Corrosive,Object_04971
Explosive,Object_26851
Explosive,Object_18482
Fragile,Object_29840
Explosive,Object_04250
Explosive,Object_21732
Pressurized,Object_09843
Radioactive,Object_18882
Pressurized,Object_27639
Food,Object_07456
Fragile,Object_01902
Food,Object_20263
Unspecified,Object_03422
Radioactive,Object_03535
Fragile,Object_25376
Oxidizing,Object_03675
Corrosive,Object_04825
Corrosive,Object_29401
Flammable,Object_09135
Radioactive,Object_26408
Unspecified,Object_24922
Fragile,Object_13872
Food,Object_18022
Unspecified,Object_25657
Radioactive,Object_24008
Oxidizing,Object_06115
Oxidizing,Object_03873
Oxidizing,Object_20027
Flammable,Object_07524
Fragile,Object_20480
Unspecified,Object_10078
Food,Object_21155
Unspecified,Object_01904
Explosive,Object_21890
Food,Object_29173
Radioactive,Object_02071
Fragile,Object_28600
Pressurized,Object_09218
Radioactive,Object_16487
Corrosive,Object_10846
Corrosive,Object_21397
Explosive,Object_07672
Explosive,Object_17554
Oxidizing,Object_05057
Food,Object_16411
Explosive,Object_21751
Corrosive,Object_12143
Corrosive,Object_01286
Flammable,Object_17839
Unspecified,Object_21043
Flammable,Object_29447
Pressurized,Object_15600
Food,Object_05086
Flammable,Object_22366
Oxidizing,Object_21553
Unspecified,Object_04517
Explosive,Object_09212
Pressurized,Object_00203
Corrosive,Object_02080
Toxic,Object_21460
Corrosive,Object_16003
Pressurized,Object_17190
Unspecified,Object_15547
Explosive,Object_20357
Food,Object_02936
Toxic,Object_09044
Corrosive,Object_24997
Fragile,Object_05475
Explosive,Object_04230
Toxic,Object_20951
Unspecified,Object_10298
Explosive,Object_11803
Flammable,Object_06245
Food,Object_07642
Explosive,Object_17791
Oxidizing,Object_23200
Fragile,Object_23255
Corrosive,Object_18090
Explosive,Object_22972
Fragile,Object_09913
Flammable,Object_16679
Food,Object_27793
Unspecified,Object_25461
Food,Object_01331
Food,Object_07281
Explosive,Object_18699
Oxidizing,Object_11243
Unspecified,Object_00013
Food,Object_18953
Fragile,Object_18599
Radioactive,Object_11049
Unspecified,Object_27616
Pressurized,Object_20296
Oxidizing,Object_30284
Fragile,Object_21311
Explosive,Object_24576
Corrosive,Object_03714
Fragile,Object_16997
Oxidizing,Object_02432
Radioactive,Object_04593
Toxic,Object_06493
Food,Object_21855
Fragile,Object_28295
Fragile,Object_28614
Unspecified,Object_18072
Fragile,Object_07716
Toxic,Object_17714
Unspecified,Object_11757
Oxidizing,Object_22910
Oxidizing,Object_01951
Toxic,Object_24656
Unspecified,Object_15622
Explosive,Object_20700
Fragile,Object_24905
Explosive,Object_30010
Food,Object_28872
Corrosive,Object_01232
Toxic,Object_12166
Food,Object_20843
Explosive,Object_13178
Radioactive,Object_23470
Toxic,Object_28755
Food,Object_17150
Flammable,Object_28103
Explosive,Object_21777
Flammable,Object_15951
Flammable,Object_27066
Explosive,Object_09651
Unspecified,Object_16377
Radioactive,Object_19423
Explosive,Object_12841
Fragile,Object_07063
Fragile,Object_05884
Flammable,Object_30270
Radioactive,Object_21351
Pressurized,Object_16463
Pressurized,Object_19852
Radioactive,Object_00405
Flammable,Object_25088
Corrosive,Object_23673
Pressurized,Object_10148
Pressurized,Object_27132
Oxidizing,Object_19729
Unspecified,Object_19227
Corrosive,Object_04300
Corrosive,Object_19208
Corrosive,Object_21318
Radioactive,Object_23132
Explosive,Object_01198
Toxic,Object_22871
Explosive,Object_05023
Unspecified,Object_03567
Pressurized,Object_09109
Fragile,Object_27503
Corrosive,Object_12740
Explosive,Object_21959
Oxidizing,Object_15810
Toxic,Object_21223
Corrosive,Object_26117
Corrosive,Object_06350
Oxidizing,Object_20233
Pressurized,Object_03529
Oxidizing,Object_05286
Unspecified,Object_14791
Flammable,Object_24692
Unspecified,Object_25451
Food,Object_17886
Unspecified,Object_04500
Unspecified,Object_10929
Pressurized,Object_19428
Unspecified,Object_06437
Corrosive,Object_21160
Oxidizing,Object_28548
Food,Object_09709
Radioactive,Object_15690
Corrosive,Object_20029
Fragile,Object_21639
Toxic,Object_11198
Flammable,Object_16271
Fragile,Object_04983
Toxic,Object_04747
Oxidizing,Object_18460
Pressurized,Object_17663
Flammable,Object_22501
Explosive,Object_13870
Radioactive,Object_03050
Pressurized,Object_13429
Corrosive,Object_05745
Unspecified,Object_17107
Toxic,Object_12921
Corrosive,Object_24139
Flammable,Object_00123
Corrosive,Object_06329
Pressurized,Object_02332
Flammable,Object_00799
Toxic,Object_01527
Pressurized,Object_06801
Flammable,Object_25715
Pressurized,Object_18447
Toxic,Object_24899
Food,Object_12209
Food,Object_28866
Toxic,Object_28906
Food,Object_02753
Corrosive,Object_15660
Unspecified,Object_17014
Food,Object_14464
Corrosive,Object_24550
Oxidizing,Object_00059
Oxidizing,Object_24386
Pressurized,Object_00588
Corrosive,Object_05313
Corrosive,Object_09856
Oxidizing,Object_11858
Radioactive,Object_05008
Explosive,Object_30163
Fragile,Object_12701
Corrosive,Object_30116
Toxic,Object_17830
Oxidizing,Object_23921
Oxidizing,Object_04580
Toxic,Object_19263
Corrosive,Object_20626
Oxidizing,Object_02779
Flammable,Object_04194
Fragile,Object_00184
Corrosive,Object_28778
Pressurized,Object_13704
Pressurized,Object_06520
Unspecified,Object_02955
Fragile,Object_23190
Corrosive,Object_08073
Radioactive,Object_22584
Oxidizing,Object_22169
Toxic,Object_24874
Radioactive,Object_29799
Unspecified,Object_16858
Fragile,Object_22673
Corrosive,Object_20968
Unspecified,Object_26024
Unspecified,Object_07268
Corrosive,Object_01822
Unspecified,Object_00804
Oxidizing,Object_05402
Explosive,Object_14882
Fragile,Object_18079
Radioactive,Object_02269
Radioactive,Object_19782
Flammable,Object_26777
Food,Object_25325
Explosive,Object_23277
Corrosive,Object_14426
Corrosive,Object_03038
Unspecified,Object_15024
Unspecified,Object_00778
Toxic,Object_05037
Flammable,Object_00421
Radioactive,Object_19351
Fragile,Object_08637
Corrosive,Object_00564
Oxidizing,Object_09812
Explosive,Object_01321
Pressurized,Object_19360
Corrosive,Object_13721
Food,Object_04038
Corrosive,Object_03285
Fragile,Object_28860
Oxidizing,Object_00858
Fragile,Object_14450
Unspecified,Object_21978
Corrosive,Object_13985
Food,Object_28697
Unspecified,Object_10615
Unspecified,Object_17597
Fragile,Object_21977
Radioactive,Object_00343
Oxidizing,Object_24105
Toxic,Object_15728
Oxidizing,Object_03794
Flammable,Object_02535
Explosive,Object_15846
Corrosive,Object_10154
Radioactive,Object_22363
Flammable,Object_24045
Explosive,Object_16787
Explosive,Object_06931
Corrosive,Object_10735
Toxic,Object_06333
Toxic,Object_05805
Flammable,Object_18562
Fragile,Object_19473
Toxic,Object_03321
Corrosive,Object_29525
Flammable,Object_01923
Toxic,Object_18248
Pressurized,Object_03119
Flammable,Object_17152
Oxidizing,Object_08537
Pressurized,Object_07568
Flammable,Object_16504
Explosive,Object_12640
Explosive,Object_13601
Flammable,Object_07657
Corrosive,Object_21480
Oxidizing,Object_16212
Corrosive,Object_11297
Fragile,Object_20701
Radioactive,Object_16313
Pressurized,Object_29146
Corrosive,Object_19294
Unspecified,Object_10822
Corrosive,Object_24866
Corrosive,Object_24167
Oxidizing,Object_02726
Flammable,Object_01769
Corrosive,Object_04602
Flammable,Object_04685
Explosive,Object_06412
Radioactive,Object_25207
Unspecified,Object_10680
Toxic,Object_28467
Corrosive,Object_16960
Toxic,Object_28506
Oxidizing,Object_12247
Oxidizing,Object_20053
Radioactive,Object_16733
Radioactive,Object_26765
Pressurized,Object_14750
Unspecified,Object_28572
Flammable,Object_15225
Corrosive,Object_24295
Radioactive,Object_28606
Corrosive,Object_21704
Unspecified,Object_11790
Flammable,Object_03735
Corrosive,Object_14867
Fragile,Object_25176
Corrosive,Object_14030
Unspecified,Object_15853
Food,Object_01475
Food,Object_23206
Radioactive,Object_29295
Unspecified,Object_14715
Pressurized,Object_25634
Oxidizing,Object_17100
Corrosive,Object_28682
Fragile,Object_10726
Fragile,Object_18858
Pressurized,Object_23354
Oxidizing,Object_19083
Pressurized,Object_01510
Explosive,Object_10462
Radioactive,Object_22974
Radioactive,Object_16331
Unspecified,Object_04728
Food,Object_06663
Flammable,Object_21970
Toxic,Object_23591
Fragile,Object_14590
Explosive,Object_04706
Unspecified,Object_10655
Fragile,Object_24642
Oxidizing,Object_05211
Food,Object_05414
Pressurized,Object_03284
Pressurized,Object_17084
Toxic,Object_13262
Toxic,Object_00621
Food,Object_12980
Pressurized,Object_01268
Fragile,Object_14229
Unspecified,Object_16991
Toxic,Object_05284
Toxic,Object_20984
Pressurized,Object_24185
Food,Object_27291
Fragile,Object_12632
Unspecified,Object_11357
Toxic,Object_19944
Explosive,Object_16945
Corrosive,Object_23997
Pressurized,Object_08741
Unspecified,Object_06662
Pressurized,Object_19353
Fragile,Object_21142
Pressurized,Object_19371
Corrosive,Object_05053
Pressurized,Object_19938
Pressurized,Object_21344
Fragile,Object_12117
Explosive,Object_12448
Radioactive,Object_09555
Unspecified,Object_16850
Radioactive,Object_21039
Toxic,Object_27558
Food,Object_09749
Pressurized,Object_24893
Unspecified,Object_07221
Radioactive,Object_03028
Oxidizing,Object_25828
Flammable,Object_25321
Fragile,Object_23398
Oxidizing,Object_14949
Corrosive,Object_29552
Flammable,Object_05531
Corrosive,Object_01436
Food,Object_13017
Pressurized,Object_21670
Explosive,Object_04227
Radioactive,Object_11621
Oxidizing,Object_10808
Oxidizing,Object_12998
Radioactive,Object_29167
Radioactive,Object_00349
Unspecified,Object_22573
Pressurized,Object_06594
Radioactive,Object_04396
Oxidizing,Object_12483
Radioactive,Object_25212
Oxidizing,Object_17743
Toxic,Object_16250
Flammable,Object_00428
Flammable,Object_06451
Corrosive,Object_20612
Food,Object_23693
Flammable,Object_13630
Radioactive,Object_14863
Fragile,Object_10864
Oxidizing,Object_19920
Oxidizing,Object_11673
Oxidizing,Object_26925
Fragile,Object_17106
Pressurized,Object_13627
Explosive,Object_16122
Pressurized,Object_14096
Pressurized,Object_26751
Flammable,Object_02021
Toxic,Object_01928
Radioactive,Object_17431
Toxic,Object_25034
Pressurized,Object_20621
Explosive,Object_07699
Corrosive,Object_23884
Explosive,Object_02339
Radioactive,Object_28476
Food,Object_05991
Pressurized,Object_06659
Food,Object_14630
Pressurized,Object_00839
Fragile,Object_06607
Toxic,Object_07009
Food,Object_07678
Explosive,Object_29260
Food,Object_12722
Food,Object_00197
Radioactive,Object_28290
Flammable,Object_16065
Toxic,Object_25496
Pressurized,Object_01439
Food,Object_05238
Corrosive,Object_20051
Radioactive,Object_15340
Unspecified,Object_20306
Unspecified,Object_03076
Explosive,Object_26769
Radioactive,Object_19924
Toxic,Object_29668
Explosive,Object_02092
Flammable,Object_23995
Explosive,Object_04648
Explosive,Object_16511
Corrosive,Object_11814
Unspecified,Object_12931
Unspecified,Object_24769
Radioactive,Object_29976
Unspecified,Object_08822
Unspecified,Object_08450
Flammable,Object_00298
Explosive,Object_08668
Corrosive,Object_13949
Explosive,Object_05427
Oxidizing,Object_03724
Explosive,Object_19526
Flammable,Object_04452
Oxidizing,Object_19297
Fragile,Object_20783
Corrosive,Object_13021
Flammable,Object_19811
Toxic,Object_04615
Unspecified,Object_00861
Food,Object_10324
Explosive,Object_00250
Fragile,Object_00731
Unspecified,Object_27076
Fragile,Object_25517
Food,Object_27464
Fragile,Object_01018
Toxic,Object_21274
Corrosive,Object_10664
Fragile,Object_13653
Pressurized,Object_19856
Corrosive,Object_12089
Unspecified,Object_08503
Unspecified,Object_10533
Oxidizing,Object_10359
Pressurized,Object_26993
Corrosive,Object_18470
Oxidizing,Object_04449
Fragile,Object_13740
Fragile,Object_27810
Corrosive,Object_08057
Fragile,Object_21107
Oxidizing,Object_04738
Unspecified,Object_23357
Pressurized,Object_04042
Oxidizing,Object_05308
Radioactive,Object_13255
Food,Object_09548
Toxic,Object_27581
Fragile,Object_11339
Flammable,Object_09986
Pressurized,Object_18315
Explosive,Object_15998
Radioactive,Object_14361
Oxidizing,Object_15295
Corrosive,Object_27380
Food,Object_28330
Explosive,Object_06172
Oxidizing,Object_24502
Corrosive,Object_25744
Flammable,Object_03788
Pressurized,Object_05854
Unspecified,Object_12335
Toxic,Object_14172
Food,Object_17990
Fragile,Object_21173
Corrosive,Object_06972
Oxidizing,Object_10709
Pressurized,Object_14408
Pressurized,Object_07126
Food,Object_18986
Corrosive,Object_02904
Fragile,Object_00625
Toxic,Object_02703
Oxidizing,Object_26552
Fragile,Object_19650
Oxidizing,Object_21230
Pressurized,Object_09871
Corrosive,Object_24787
Food,Object_20490
Fragile,Object_27199
Radioactive,Object_03882
Explosive,Object_16162
Pressurized,Object_17032
Oxidizing,Object_22190
Corrosive,Object_26676
Flammable,Object_05042
Corrosive,Object_04573
Explosive,Object_14173
Explosive,Object_21406
Unspecified,Object_26594
Pressurized,Object_19725
Explosive,Object_26293
Unspecified,Object_16221
Pressurized,Object_21492
Pressurized,Object_29650
Radioactive,Object_19246
Unspecified,Object_11068
Oxidizing,Object_00270
Corrosive,Object_07022
Radioactive,Object_29638
Pressurized,Object_04245
Toxic,Object_02741
Pressurized,Object_09074
Fragile,Object_14849
Pressurized,Object_22820
Food,Object_29045
Explosive,Object_14600
Radioactive,Object_23427
Radioactive,Object_13170
Fragile,Object_08517
Fragile,Object_04551
Explosive,Object_19223
Unspecified,Object_18934
Pressurized,Object_06495
Explosive,Object_19543
Flammable,Object_21346
Corrosive,Object_00556
Pressurized,Object_27789
Corrosive,Object_28949
Explosive,Object_19372
Explosive,Object_27635
Pressurized,Object_07084
Oxidizing,Object_03506
Radioactive,Object_14012
Fragile,Object_25626
Flammable,Object_20920
Unspecified,Object_11827
Unspecified,Object_28163
Explosive,Object_03593
Toxic,Object_17328
Toxic,Object_02886
Radioactive,Object_19446
Fragile,Object_23692
Unspecified,Object_03937
Radioactive,Object_02120
Flammable,Object_08356
Toxic,Object_00254
Radioactive,Object_16756
Oxidizing,Object_18890
Corrosive,Object_28661
Corrosive,Object_07946
Explosive,Object_28846
Unspecified,Object_27133
Toxic,Object_10659
Corrosive,Object_06304
Toxic,Object_01446
Corrosive,Object_27488
Food,Object_25541
Oxidizing,Object_05202
Flammable,Object_13089
Radioactive,Object_14831
Oxidizing,Object_28051
Toxic,Object_06322
Corrosive,Object_16060
Unspecified,Object_10454
Flammable,Object_00410
Flammable,Object_09445
Oxidizing,Object_06222
Oxidizing,Object_14124
Unspecified,Object_20821
Unspecified,Object_20573
Unspecified,Object_01980
Pressurized,Object_09665
Flammable,Object_28019
Fragile,Object_00622
Corrosive,Object_18945
Flammable,Object_12580
Radioactive,Object_16362
Flammable,Object_15945
Corrosive,Object_19114
Corrosive,Object_14042
Food,Object_29186
Explosive,Object_07978
Pressurized,Object_10572
Food,Object_07618
Explosive,Object_22496
Flammable,Object_07897
Fragile,Object_19789
Explosive,Object_20736
Corrosive,Object_01646
Oxidizing,Object_22523
Fragile,Object_07260
Oxidizing,Object_04582
Food,Object_19907
Toxic,Object_12137
Toxic,Object_09139
Radioactive,Object_24869
Flammable,Object_20959
Unspecified,Object_19417
Radioactive,Object_06934
Fragile,Object_11840
Oxidizing,Object_22693
Corrosive,Object_22129
Food,Object_14192
Oxidizing,Object_06458
Fragile,Object_08687
Oxidizing,Object_15540
Pressurized,Object_05006
Oxidizing,Object_07492
Explosive,Object_03418
Toxic,Object_29597
Pressurized,Object_08365
Food,Object_24205
Corrosive,Object_24483
Pressurized,Object_06740
Oxidizing,Object_06208
Food,Object_12868
Toxic,Object_11967
Pressurized,Object_25306
Fragile,Object_05887
Toxic,Object_12582
Fragile,Object_29175
Unspecified,Object_28543
Food,Object_24636
Fragile,Object_00336
Oxidizing,Object_14958
Flammable,Object_13199
Explosive,Object_02991
Flammable,Object_07428
Explosive,Object_03678
Toxic,Object_20790
Toxic,Object_18455
Corrosive,Object_27138
Toxic,Object_30138
Oxidizing,Object_09569
Radioactive,Object_08553
Unspecified,Object_13772
Corrosive,Object_04857
Explosive,Object_15879
Flammable,Object_08330
Toxic,Object_15366
Explosive,Object_00850
Unspecified,Object_26960
Fragile,Object_20529
Pressurized,Object_26934
Flammable,Object_07953
Unspecified,Object_22344
Explosive,Object_30013
Flammable,Object_27852
Unspecified,Object_19648
Pressurized,Object_07986
Radioactive,Object_11736
Radioactive,Object_00049
Flammable,Object_00346
Food,Object_24521
Food,Object_06232
Toxic,Object_15493
Fragile,Object_16438
Unspecified,Object_26629
Unspecified,Object_07192
Pressurized,Object_04197
Food,Object_23263
Corrosive,Object_15077
Corrosive,Object_05278
Flammable,Object_27573
Explosive,Object_16750
Unspecified,Object_13874
Toxic,Object_01944
Toxic,Object_09057
Fragile,Object_16992
Toxic,Object_27023
Explosive,Object_26202
Radioactive,Object_15102
Corrosive,Object_24422
Food,Object_15083
Unspecified,Object_29969
Oxidizing,Object_06315
Corrosive,Object_11185
Unspecified,Object_06868
Flammable,Object_29449
Oxidizing,Object_11065
Radioactive,Object_25222
Toxic,Object_17689
Toxic,Object_27014
Toxic,Object_16119
Corrosive,Object_02849
Toxic,Object_02820
Pressurized,Object_11154
Toxic,Object_09455
Food,Object_21931
Radioactive,Object_23745
Toxic,Object_05107
Radioactive,Object_01605
Food,Object_18030
Corrosive,Object_27025
Pressurized,Object_10264
Unspecified,Object_12981
Radioactive,Object_13168
Food,Object_21409
Unspecified,Object_01237
Unspecified,Object_24963
Pressurized,Object_16242
Pressurized,Object_18632
Explosive,Object_24961
Toxic,Object_30065
Radioactive,Object_04957
Food,Object_01624
Explosive,Object_16575
Fragile,Object_07344
Radioactive,Object_16258
Flammable,Object_29965
Unspecified,Object_22251
Fragile,Object_18187
Flammable,Object_29772
Flammable,Object_09444
Toxic,Object_10977
Toxic,Object_28815
Corrosive,Object_00636
Food,Object_25600
Toxic,Object_10449
Unspecified,Object_17098
Radioactive,Object_05744
Unspecified,Object_20690
Fragile,Object_10988
Flammable,Object_05478
Unspecified,Object_22188
Pressurized,Object_28819
Pressurized,Object_00011
Toxic,Object_28825
Toxic,Object_29663
Fragile,Object_22692
Radioactive,Object_11852
Explosive,Object_20546
Corrosive,Object_11964
Pressurized,Object_10179
Toxic,Object_10238
Oxidizing,Object_14708
Pressurized,Object_15080
Corrosive,Object_26610
Pressurized,Object_13854
Flammable,Object_18950
Unspecified,Object_19636
Corrosive,Object_29535
Toxic,Object_05716
Flammable,Object_06813
Radioactive,Object_13281
Explosive,Object_02847
Fragile,Object_28184
Pressurized,Object_03345
Explosive,Object_00238
Pressurized,Object_13956
Toxic,Object_19458
Fragile,Object_16913
Food,Object_13211
Flammable,Object_15108
Flammable,Object_09858
Fragile,Object_09899
Toxic,Object_00357
Radioactive,Object_29817
Unspecified,Object_02201
Unspecified,Object_20426
Oxidizing,Object_15766
Flammable,Object_29670
Explosive,Object_14503
Pressurized,Object_18637
Food,Object_00358
Corrosive,Object_18615
Fragile,Object_25362
Explosive,Object_05524
Oxidizing,Object_30214
Fragile,Object_23546
Food,Object_25480
Pressurized,Object_28037
Flammable,Object_20610
Unspecified,Object_20433
Oxidizing,Object_25815
Pressurized,Object_18196
Unspecified,Object_04238
Radioactive,Object_03573
Corrosive,Object_19785
Flammable,Object_20069
Flammable,Object_26647
Pressurized,Object_25041
Pressurized,Object_20569
Unspecified,Object_01946
Food,Object_25981
Corrosive,Object_20073
Fragile,Object_04968
Pressurized,Object_08477
Unspecified,Object_10892
Unspecified,Object_28889
Pressurized,Object_27278
Pressurized,Object_09097
Toxic,Object_19044
Oxidizing,Object_02105
Corrosive,Object_28634
Corrosive,Object_06166
Food,Object_22097
Oxidizing,Object_25382
Flammable,Object_22827
Food,Object_23413
Radioactive,Object_27323
Unspecified,Object_30280
Flammable,Object_04312
Toxic,Object_19241
Flammable,Object_00292
Flammable,Object_07594
Oxidizing,Object_25183
Oxidizing,Object_06395
Radioactive,Object_25009
Unspecified,Object_08318
Fragile,Object_05808
Unspecified,Object_02509
Pressurized,Object_02333
Food,Object_13624
Oxidizing,Object_21098
Explosive,Object_17037
Explosive,Object_09597
Food,Object_02911
Radioactive,Object_00318
Unspecified,Object_20496
Food,Object_18864
Radioactive,Object_15321
Unspecified,Object_26321
Toxic,Object_03236
Radioactive,Object_07876
Unspecified,Object_30145
Toxic,Object_15455
Flammable,Object_29718
Flammable,Object_01014
Oxidizing,Object_18043
Toxic,Object_00931
Food,Object_16079
Corrosive,Object_19214
Unspecified,Object_18772
Oxidizing,Object_08291
Toxic,Object_02503
Oxidizing,Object_04097
Toxic,Object_16193
Flammable,Object_11030
Radioactive,Object_02759
Fragile,Object_15641
Fragile,Object_28668
Fragile,Object_17977
Pressurized,Object_22819
Radioactive,Object_22392
Oxidizing,Object_06174
Oxidizing,Object_01430
Unspecified,Object_14632
Food,Object_20424
Toxic,Object_14076
Oxidizing,Object_08494
Fragile,Object_00983
Food,Object_22338
Corrosive,Object_29806
Food,Object_17549
Explosive,Object_10908
Fragile,Object_06361
Oxidizing,Object_29269
Explosive,Object_06043
Explosive,Object_05649
Fragile,Object_06611
Toxic,Object_23746
Corrosive,Object_12527
Explosive,Object_07801
Radioactive,Object_09907
Oxidizing,Object_30346
Explosive,Object_12608
Unspecified,Object_11337
Radioactive,Object_13095
Radioactive,Object_08062
Unspecified,Object_29125
Corrosive,Object_04915
Pressurized,Object_08889
Oxidizing,Object_07044
Food,Object_14319
Flammable,Object_10623
Toxic,Object_27288
Corrosive,Object_02025
Flammable,Object_25363
Food,Object_28996
Fragile,Object_11465
Radioactive,Object_03136
Oxidizing,Object_01205
Pressurized,Object_05865
Unspecified,Object_27921
Food,Object_19578
Corrosive,Object_10325
Pressurized,Object_25218
Explosive,Object_16541
Unspecified,Object_22888
Corrosive,Object_06732
Toxic,Object_20477
Flammable,Object_23461
Unspecified,Object_08746
Unspecified,Object_26876
Toxic,Object_27929
Pressurized,Object_01225
Fragile,Object_25369
Fragile,Object_11922
Radioactive,Object_09229
Radioactive,Object_29347
Oxidizing,Object_03116
Oxidizing,Object_08802
Fragile,Object_07110
Explosive,Object_28738
Corrosive,Object_13527
Corrosive,Object_23549
Oxidizing,Object_11596
Oxidizing,Object_01645
Pressurized,Object_04421
Oxidizing,Object_23627
Unspecified,Object_16973
Toxic,Object_26468
Food,Object_18745
Flammable,Object_15194
Toxic,Object_22412
Corrosive,Object_10605
Radioactive,Object_30052
Explosive,Object_02288
Oxidizing,Object_05632
Unspecified,Object_19925
Unspecified,Object_24197
Pressurized,Object_29488
Oxidizing,Object_00237
Flammable,Object_05063
Food,Object_16741
Corrosive,Object_17165
Oxidizing,Object_26512
Unspecified,Object_04814
Unspecified,Object_15060
Unspecified,Object_25210
Oxidizing,Object_28005
Fragile,Object_05951
Toxic,Object_24009
Radioactive,Object_17372
Radioactive,Object_20470
Food,Object_18002
Flammable,Object_01598
Oxidizing,Object_12660
Explosive,Object_10290
Unspecified,Object_00032
Fragile,Object_12889
Unspecified,Object_26655
Flammable,Object_19370
Pressurized,Object_05718
Toxic,Object_04735
Corrosive,Object_21141
Explosive,Object_27396
Toxic,Object_10405
Food,Object_17348
Radioactive,Object_26173
Flammable,Object_14410
Toxic,Object_12287
Pressurized,Object_28471
Oxidizing,Object_25180
Explosive,Object_11945
Fragile,Object_25441
Flammable,Object_04003
Corrosive,Object_07347
Oxidizing,Object_30113
Fragile,Object_15369
Oxidizing,Object_24601
Fragile,Object_19121
Flammable,Object_16996
Pressurized,Object_04510
Fragile,Object_16554
Corrosive,Object_28510
Flammable,Object_22371
Pressurized,Object_11147
Radioactive,Object_14377
Radioactive,Object_29893
Pressurized,Object_19026
Explosive,Object_12569
Explosive,Object_30209
Pressurized,Object_19497
Explosive,Object_28922
Food,Object_07438
Explosive,Object_23288
Oxidizing,Object_11319
Pressurized,Object_13750
Corrosive,Object_05002
Oxidizing,Object_18737
Fragile,Object_20272
Fragile,Object_24835
Pressurized,Object_28490
Oxidizing,Object_02457
Food,Object_14524
Unspecified,Object_01736
Flammable,Object_19540
Food,Object_11538
Food,Object_01265
Unspecified,Object_28478
Flammable,Object_06983
Radioactive,Object_05685
Unspecified,Object_19109
Flammable,Object_04320
Unspecified,Object_01290
Fragile,Object_18168
Food,Object_15075
Corrosive,Object_03736
Fragile,Object_11491
Unspecified,Object_10463
Radioactive,Object_22458
Pressurized,Object_16732
Toxic,Object_13663
Corrosive,Object_21990
Oxidizing,Object_06415
Unspecified,Object_12871
Flammable,Object_19449
Toxic,Object_25721
Oxidizing,Object_13297
Corrosive,Object_03784
Pressurized,Object_13549
Unspecified,Object_03796
Toxic,Object_00865
Oxidizing,Object_30252
Fragile,Object_03568
Explosive,Object_05482
Corrosive,Object_28078
Explosive,Object_10070
Toxic,Object_14158
Unspecified,Object_05359
Food,Object_22422
Pressurized,Object_13296
Unspecified,Object_15338
Toxic,Object_19430
Explosive,Object_22770
Flammable,Object_00803
Oxidizing,Object_08772
Unspecified,Object_28728
Pressurized,Object_12685
Oxidizing,Object_19783
Corrosive,Object_03339
Pressurized,Object_00466
Unspecified,Object_11459
Pressurized,Object_16305
Oxidizing,Object_20033
Radioactive,Object_13823
Explosive,Object_18557
Toxic,Object_19859
Radioactive,Object_10115
Flammable,Object_14659
Radioactive,Object_16601
Flammable,Object_08593
Unspecified,Object_11798
Oxidizing,Object_15877
Food,Object_09459
Unspecified,Object_20564
Explosive,Object_09792
Flammable,Object_21053
Food,Object_27393
Oxidizing,Object_20928
Oxidizing,Object_26974
Food,Object_30317
Toxic,Object_06878
Toxic,Object_11918
Pressurized,Object_03709
Fragile,Object_03531
Food,Object_23167
Unspecified,Object_27598
Flammable,Object_04552
Flammable,Object_20551
Fragile,Object_14364
Radioactive,Object_14492
Unspecified,Object_27982
Toxic,Object_04880
Fragile,Object_29281
Corrosive,Object_04947
Oxidizing,Object_07545
Pressurized,Object_11016
Explosive,Object_11615
Toxic,Object_03482
Fragile,Object_29321
Flammable,Object_17089
Pressurized,Object_17715
Corrosive,Object_15676
Pressurized,Object_15518
Pressurized,Object_13286
Explosive,Object_18878
Flammable,Object_28995
Food,Object_19666
Flammable,Object_03027
Unspecified,Object_02408
Fragile,Object_21782
Food,Object_21623
Radioactive,Object_19943
Toxic,Object_04342
Oxidizing,Object_20620
Flammable,Object_13203
Toxic,Object_29635
Toxic,Object_17896
Radioactive,Object_12757
Fragile,Object_12811
Corrosive,Object_23750
Food,Object_26597
Fragile,Object_05350
Radioactive,Object_22516
Oxidizing,Object_23668
Explosive,Object_16390
Fragile,Object_10861
Toxic,Object_13307
Fragile,Object_22916
Radioactive,Object_17036
Pressurized,Object_05562
Food,Object_04746
Flammable,Object_19282
Oxidizing,Object_11818
Corrosive,Object_30054
Fragile,Object_27358
Unspecified,Object_23370
Fragile,Object_26415
Radioactive,Object_09276
Flammable,Object_18670
Radioactive,Object_17621
Fragile,Object_16172
Toxic,Object_01193
Food,Object_15500
Oxidizing,Object_26653
Toxic,Object_10559
Toxic,Object_26288
Pressurized,Object_19952
Radioactive,Object_15150
Flammable,Object_21175
Unspecified,Object_19102
Toxic,Object_21365
Fragile,Object_26678
Unspecified,Object_10236
Pressurized,Object_24140
Radioactive,Object_10476
Unspecified,Object_23387
Radioactive,Object_10152
Unspecified,Object_08298
Explosive,Object_22636
Unspecified,Object_13852
Corrosive,Object_08495
Fragile,Object_15859
Fragile,Object_26138
Flammable,Object_23284
Corrosive,Object_11404
Corrosive,Object_05393
Fragile,Object_01545
Flammable,Object_23301
Flammable,Object_12934
Food,Object_14304
Unspecified,Object_03887
Corrosive,Object_19765
Fragile,Object_10275
Unspecified,Object_06917
Unspecified,Object_03716
Radioactive,Object_11999
Explosive,Object_05432
Flammable,Object_16821
Explosive,Object_00276
Food,Object_20028
Pressurized,Object_17851
Unspecified,Object_10495
Food,Object_03953
Food,Object_02205
Flammable,Object_22411
Radioactive,Object_12808
Unspecified,Object_25453
Oxidizing,Object_08332
Unspecified,Object_08536
Flammable,Object_26669
Unspecified,Object_13315
Explosive,Object_08008
Food,Object_18542
Pressurized,Object_17197
Explosive,Object_16985
Fragile,Object_22104
Unspecified,Object_18451
Pressurized,Object_18227
Unspecified,Object_12644
Food,Object_13825
Pressurized,Object_20947
Food,Object_08857
Fragile,Object_06757
Radioactive,Object_14058
Oxidizing,Object_03592
Radioactive,Object_19061
Oxidizing,Object_04255
Pressurized,Object_18709
Fragile,Object_04940
Radioactive,Object_27320
Flammable,Object_15539
Pressurized,Object_20718
Corrosive,Object_22619
Corrosive,Object_04309
Radioactive,Object_03322
Unspecified,Object_30199
Corrosive,Object_08112
Food,Object_29487
Corrosive,Object_27037
Toxic,Object_15905
Corrosive,Object_00014
Toxic,Object_13642
Food,Object_14637
Pressurized,Object_16189
Oxidizing,Object_00626
Radioactive,Object_21018
Corrosive,Object_28033
Toxic,Object_21354
Corrosive,Object_22095
Pressurized,Object_24014
Radioactive,Object_25583
Corrosive,Object_16890
Food,Object_07745
Toxic,Object_06710
Food,Object_04760
Explosive,Object_27905
Radioactive,Object_20172
Unspecified,Object_04838
Food,Object_05025
Explosive,Object_23215
Food,Object_24667
Oxidizing,Object_27418
Corrosive,Object_02447
Explosive,Object_01362
Radioactive,Object_24880
Oxidizing,Object_07389
Radioactive,Object_12080
Corrosive,Object_06176
Explosive,Object_09813
Oxidizing,Object_02768
Fragile,Object_23984
Explosive,Object_25203
Radioactive,Object_15413
Corrosive,Object_03016
Food,Object_15222
Fragile,Object_17363
Pressurized,Object_10622
Radioactive,Object_20768
Pressurized,Object_19169
Flammable,Object_16812
Toxic,Object_16196
Radioactive,Object_09794
Explosive,Object_25191
Toxic,Object_00554
Explosive,Object_08945
Food,Object_06762
Pressurized,Object_20517
Food,Object_19786
Toxic,Object_15015
Corrosive,Object_16071
Unspecified,Object_01272
Pressurized,Object_14826
Fragile,Object_01763
Food,Object_24038
Fragile,Object_23371
Toxic,Object_28520
Radioactive,Object_12653
Corrosive,Object_18941
Flammable,Object_01953
Pressurized,Object_11386
Oxidizing,Object_29095
Corrosive,Object_19898
Fragile,Object_29605
Flammable,Object_05738
Corrosive,Object_07449
Corrosive,Object_22049
Flammable,Object_18690
Pressurized,Object_19379
Unspecified,Object_02268
Corrosive,Object_07286
Flammable,Object_17175
Oxidizing,Object_02806
Unspecified,Object_06452
Corrosive,Object_12897
Unspecified,Object_29546
Fragile,Object_08892
Toxic,Object_00297
Toxic,Object_01518
Oxidizing,Object_23519
Flammable,Object_07496
Toxic,Object_07640
Flammable,Object_21907
Explosive,Object_07804
Corrosive,Object_29100
Oxidizing,Object_24155
Food,Object_26693
Fragile,Object_16082
Fragile,Object_22948
Unspecified,Object_14409
Corrosive,Object_25725
Unspecified,Object_06497
Pressurized,Object_17202
Toxic,Object_04338
Toxic,Object_18512
Toxic,Object_19663
Flammable,Object_01861
Oxidizing,Object_06217
Fragile,Object_21781
Food,Object_18491
Fragile,Object_16697
Explosive,Object_27824
Pressurized,Object_01754
Radioactive,Object_21518
Radioactive,Object_17982
Pressurized,Object_16274
Pressurized,Object_00256
Radioactive,Object_06215
Unspecified,Object_11768
Toxic,Object_08296
Flammable,Object_15937
Radioactive,Object_21759
Oxidizing,Object_28304
Unspecified,Object_06673
Unspecified,Object_03580
Unspecified,Object_22082
Oxidizing,Object_05085
Corrosive,Object_29413
Oxidizing,Object_12943
Oxidizing,Object_12322
Corrosive,Object_15749
Pressurized,Object_09213
Radioactive,Object_14876
Explosive,Object_10520
Fragile,Object_30015
Oxidizing,Object_01882
Oxidizing,Object_05382
Explosive,Object_19901
Pressurized,Object_01663
Oxidizing,Object_02952
Fragile,Object_01264
Fragile,Object_29207
Explosive,Object_17193
Flammable,Object_01300
Radioactive,Object_04296
Unspecified,Object_04850
Toxic,Object_17997
Pressurized,Object_04651
Pressurized,Object_07365
Oxidizing,Object_19654
Radioactive,Object_14121
Unspecified,Object_02536
Toxic,Object_00952
Oxidizing,Object_11702
Explosive,Object_20386
Fragile,Object_30194
Explosive,Object_18148
Fragile,Object_27473
Oxidizing,Object_09292
Food,Object_08829
Food,Object_25221
Radioactive,Object_20525
Food,Object_30176
Flammable,Object_11526
Oxidizing,Object_15282
Unspecified,Object_10852
Oxidizing,Object_21193
Oxidizing,Object_09440
Pressurized,Object_26801
Explosive,Object_10913
Pressurized,Object_19790
Explosive,Object_18450
Fragile,Object_09750
Radioactive,Object_23245
Oxidizing,Object_22271
Flammable,Object_15800
Fragile,Object_19589
Toxic,Object_18116
Flammable,Object_22796
Pressurized,Object_14212
Flammable,Object_07238
Radioactive,Object_09616
Toxic,Object_26385
Toxic,Object_20781
Oxidizing,Object_11684
Unspecified,Object_01429
Toxic,Object_24756
Food,Object_10878
Flammable,Object_12057
Fragile,Object_17630
Pressurized,Object_16685
Oxidizing,Object_22789
Radioactive,Object_20762
Explosive,Object_07574
Unspecified,Object_26793
Fragile,Object_28783
Toxic,Object_12214
Corrosive,Object_15986
Flammable,Object_23021
Corrosive,Object_26025
Fragile,Object_13440
Unspecified,Object_25714
Fragile,Object_08058
Pressurized,Object_03770
Toxic,Object_05828
Food,Object_20999
Toxic,Object_13551
Fragile,Object_16502
Explosive,Object_22660
Toxic,Object_09142
Corrosive,Object_14624
Oxidizing,Object_10679
Explosive,Object_21544
Unspecified,Object_11130
Toxic,Object_24252
Pressurized,Object_07031
Flammable,Object_25840
Radioactive,Object_29633
Flammable,Object_13531
Flammable,Object_14746
Unspecified,Object_17415
Radioactive,Object_01389
Unspecified,Object_18253
Oxidizing,Object_28081
Explosive,Object_28938
Toxic,Object_24117
Pressurized,Object_10291
Oxidizing,Object_00192
Pressurized,Object_23015
Oxidizing,Object_07087
Flammable,Object_18619
Radioactive,Object_18834
Radioactive,Object_29997
Toxic,Object_29235
Corrosive,Object_18721
Explosive,Object_29578
Explosive,Object_26783
Oxidizing,Object_17003
Food,Object_18234
Explosive,Object_21825
Food,Object_18497
Fragile,Object_05614
Pressurized,Object_29831
Explosive,Object_13521
Food,Object_26513
Pressurized,Object_28137
Toxic,Object_15172
Oxidizing,Object_25405
Fragile,Object_03558
Unspecified,Object_23937
Fragile,Object_11148
Pressurized,Object_08534
Fragile,Object_23292
Flammable,Object_07415
Pressurized,Object_16940
Fragile,Object_25489
Fragile,Object_25308
Food,Object_01985
Toxic,Object_13432
Explosive,Object_01226
Radioactive,Object_04836
Pressurized,Object_29477
Pressurized,Object_18872
Pressurized,Object_20942
Radioactive,Object_02196
Unspecified,Object_07491
Flammable,Object_28232
Flammable,Object_19627
Toxic,Object_28890
Oxidizing,Object_17692
Toxic,Object_25736
Food,Object_27084
Pressurized,Object_11118
Unspecified,Object_09536
Fragile,Object_25953
Unspecified,Object_24917
Corrosive,Object_21884
Explosive,Object_21438
Toxic,Object_00883
Pressurized,Object_13487
Explosive,Object_20494
Oxidizing,Object_25649
Pressurized,Object_17685
Corrosive,Object_20095
Food,Object_04397
Oxidizing,Object_16819
Corrosive,Object_10796
Flammable,Object_21181
Explosive,Object_15191
Oxidizing,Object_21440
Corrosive,Object_26746
Fragile,Object_23307
Flammable,Object_01351
Oxidizing,Object_08903
Pressurized,Object_16829
Oxidizing,Object_27988
Flammable,Object_09018
Toxic,Object_22222
Radioactive,Object_12968
Corrosive,Object_08268
Toxic,Object_30302
Toxic,Object_06879
Unspecified,Object_06326
Food,Object_14381
Food,Object_28161
Flammable,Object_20140
Fragile,Object_24341
Corrosive,Object_13617
Flammable,Object_12988
Fragile,Object_13906
Radioactive,Object_11074
Explosive,Object_00526
Food,Object_16227
Oxidizing,Object_24170
Food,Object_04244
Pressurized,Object_05851
Toxic,Object_05790
Food,Object_25044
Fragile,Object_15182
Pressurized,Object_06939
Toxic,Object_16564
Oxidizing,Object_23784
Fragile,Object_05591
Toxic,Object_10189
Flammable,Object_27868
Food,Object_07212
Explosive,Object_23970
Pressurized,Object_03990
Fragile,Object_15261
Pressurized,Object_26187
Unspecified,Object_19036
Oxidizing,Object_00311
Fragile,Object_10921
Fragile,Object_18597
Flammable,Object_04722
Corrosive,Object_05141
Food,Object_28218
Flammable,Object_15049
Fragile,Object_09777
Pressurized,Object_07393
Explosive,Object_18250
Toxic,Object_00024
Pressurized,Object_14941
Corrosive,Object_20675
Unspecified,Object_10435
Explosive,Object_23264
Flammable,Object_10848
Corrosive,Object_05698
Food,Object_09570
Food,Object_02223
Radioactive,Object_14399
Explosive,Object_21720
Unspecified,Object_14320
Oxidizing,Object_06489
Pressurized,Object_26249
Radioactive,Object_16654
Toxic,Object_04026
Radioactive,Object_27270
Corrosive,Object_05843
Explosive,Object_20446
Unspecified,Object_17111
Fragile,Object_10678
Pressurized,Object_14931
Unspecified,Object_10006
Flammable,Object_07859
Radioactive,Object_10544
Toxic,Object_27943
Flammable,Object_15174
Food,Object_19530
Corrosive,Object_03924
Unspecified,Object_17998
Flammable,Object_13602
Corrosive,Object_01642
Flammable,Object_12832
Oxidizing,Object_20104
Unspecified,Object_13915
Toxic,Object_13097
Radioactive,Object_02775
Fragile,Object_09357
Radioactive,Object_20844
Oxidizing,Object_21101
Toxic,Object_04867
Toxic,Object_05594
Corrosive,Object_21864
Fragile,Object_15093
Oxidizing,Object_19651
Food,Object_06804
Radioactive,Object_07778
Radioactive,Object_03574
Explosive,Object_19418
Food,Object_22808
Radioactive,Object_11863
Pressurized,Object_13186
Fragile,Object_22231
Toxic,Object_02203
Toxic,Object_23362
Explosive,Object_11480
Pressurized,Object_07501
Toxic,Object_18089
Food,Object_02529
Explosive,Object_07088
Corrosive,Object_22699
Corrosive,Object_29642
Unspecified,Object_24438
Food,Object_22477
Toxic,Object_17080
Flammable,Object_06011
Fragile,Object_07185
Fragile,Object_09421
Unspecified,Object_10755
Pressurized,Object_09131
Corrosive,Object_24275
Fragile,Object_17474
Fragile,Object_06962
Corrosive,Object_19673
Unspecified,Object_16558
Unspecified,Object_16551
Oxidizing,Object_06753
Toxic,Object_24134
Pressurized,Object_20558
Fragile,Object_06428
Radioactive,Object_25448
Food,Object_11035
Explosive,Object_01793
Unspecified,Object_21038
Explosive,Object_04251
Explosive,Object_23603
Fragile,Object_25680
Flammable,Object_24580
Food,Object_06993
Corrosive,Object_14653
Corrosive,Object_01967
Fragile,Object_00360
Pressurized,Object_29228
Food,Object_05844
Corrosive,Object_17745
Unspecified,Object_29967
Toxic,Object_18378
Explosive,Object_10052
Flammable,Object_01282
Toxic,Object_03140
Radioactive,Object_10626
Food,Object_19988
Pressurized,Object_15989
Fragile,Object_27587
Radioactive,Object_28997
Flammable,Object_07956
Fragile,Object_23428
Radioactive,Object_15495
Explosive,Object_10377
Oxidizing,Object_15226
Toxic,Object_04663
Explosive,Object_26388
Radioactive,Object_16044
Oxidizing,Object_08198
Toxic,Object_07705
Radioactive,Object_09879
Corrosive,Object_14067
Flammable,Object_03854
Food,Object_20830
Unspecified,Object_21495
Explosive,Object_25593
Flammable,Object_29218
Fragile,Object_18123
Radioactive,Object_30322
Pressurized,Object_01870
Explosive,Object_18036
Food,Object_10285
Radioactive,Object_20193
Corrosive,Object_24887
Fragile,Object_17971
Explosive,Object_01482
Unspecified,Object_13325
Fragile,Object_08404
Radioactive,Object_03889
Corrosive,Object_17303
Pressurized,Object_17572
Explosive,Object_12900
Unspecified,Object_03238
Corrosive,Object_10630
Flammable,Object_05176
Fragile,Object_16969
Toxic,Object_16143
Flammable,Object_02024
Corrosive,Object_26121
Food,Object_20119
Toxic,Object_20608
Radioactive,Object_05487
Oxidizing,Object_11920
Unspecified,Object_21940
Radioactive,Object_03264
Oxidizing,Object_21465
Fragile,Object_24809
Food,Object_19531
Radioactive,Object_16125
Explosive,Object_06237
Fragile,Object_12898
Oxidizing,Object_27876
Food,Object_27935
Radioactive,Object_13626
Pressurized,Object_27564
Corrosive,Object_27211
Corrosive,Object_04980
Unspecified,Object_13802
Radioactive,Object_16633
Pressurized,Object_01858
Toxic,Object_27489
Radioactive,Object_04827
Oxidizing,Object_23647
Pressurized,Object_14884
Toxic,Object_00078
Unspecified,Object_20321
Radioactive,Object_20565
Oxidizing,Object_03541
Unspecified,Object_06482
Explosive,Object_26476
Food,Object_27797
Radioactive,Object_28625
Fragile,Object_18321
Fragile,Object_29999
Food,Object_00071
Oxidizing,Object_09567
Food,Object_11528
Food,Object_13844
Flammable,Object_06332
Radioactive,Object_23071
Pressurized,Object_15558
Unspecified,Object_03957
Corrosive,Object_28672
Radioactive,Object_25399
Toxic,Object_26580
Unspecified,Object_11456
Radioactive,Object_05953
Radioactive,Object_22739
Corrosive,Object_26813
Food,Object_21918
Food,Object_23576
Flammable,Object_10339
Pressurized,Object_10821
Explosive,Object_00107
Corrosive,Object_20276
Toxic,Object_18944
Unspecified,Object_26224
Flammable,Object_02826
Pressurized,Object_00426
Radioactive,Object_22824
Oxidizing,Object_11363
Pressurized,Object_16944
Flammable,Object_05106
Oxidizing,Object_04415
Radioactive,Object_10082
Explosive,Object_06049
Fragile,Object_10333
Food,Object_28105
Flammable,Object_04413
Fragile,Object_29179
Corrosive,Object_03762
Food,Object_03109
Radioactive,Object_21473
Radioactive,Object_26712
Unspecified,Object_00302
Food,Object_05760
Oxidizing,Object_27179
Oxidizing,Object_01540
Explosive,Object_11113
Radioactive,Object_28777
Food,Object_01335
Food,Object_00465
Unspecified,Object_26845
Pressurized,Object_27262
Explosive,Object_08462
Corrosive,Object_02887
Radioactive,Object_13787
Flammable,Object_20179
Fragile,Object_03731
Fragile,Object_29202
Pressurized,Object_11033
Oxidizing,Object_25005
Pressurized,Object_17491
Food,Object_09354
Unspecified,Object_06579
Toxic,Object_11902
Toxic,Object_08064
Oxidizing,Object_14360
Pressurized,Object_07741
Corrosive,Object_17558
Fragile,Object_16433
Explosive,Object_23286
Flammable,Object_03991
Food,Object_00082
Explosive,Object_13928
Explosive,Object_18524
Radioactive,Object_11841
Oxidizing,Object_26874
Flammable,Object_09659
Pressurized,Object_01461
Unspecified,Object_01136
Oxidizing,Object_25487
Toxic,Object_24802
Oxidizing,Object_15034
Corrosive,Object_23030
Toxic,Object_18453
Toxic,Object_11906
Toxic,Object_17257
Flammable,Object_29019
Toxic,Object_05903
Corrosive,Object_02796
Corrosive,Object_10067
Corrosive,Object_15662
Oxidizing,Object_29912
Radioactive,Object_14595
Flammable,Object_22650
Explosive,Object_17690
Toxic,Object_08733
Flammable,Object_05379
Oxidizing,Object_20284
Fragile,Object_03859
Unspecified,Object_18573
Corrosive,Object_24574
Radioactive,Object_23605
Pressurized,Object_25903
Unspecified,Object_04638
Food,Object_20164
Flammable,Object_04335
Food,Object_14342
Oxidizing,Object_21499
Toxic,Object_10146
Oxidizing,Object_05258
Oxidizing,Object_16843
Corrosive,Object_22092
Food,Object_25187
Flammable,Object_22632
Unspecified,Object_02915
Fragile,Object_17680
Unspecified,Object_15512
Radioactive,Object_14633
Radioactive,Object_05460
Oxidizing,Object_02693
Fragile,Object_07530
Corrosive,Object_14645
Flammable,Object_28914
Toxic,Object_18363
Corrosive,Object_06735
Explosive,Object_09084
Pressurized,Object_27294
Corrosive,Object_30155
Explosive,Object_15973
Radioactive,Object_28855
Oxidizing,Object_21312
Pressurized,Object_07652
Flammable,Object_02597
Flammable,Object_27704
Radioactive,Object_29098
Toxic,Object_19579
Unspecified,Object_10448
Radioactive,Object_04102
Explosive,Object_04119
Flammable,Object_09244
Explosive,Object_20831
Pressurized,Object_25913
Fragile,Object_00039
Flammable,Object_29788
Oxidizing,Object_22264
Fragile,Object_26312
Corrosive,Object_21220
Oxidizing,Object_17489
Unspecified,Object_26658
Unspecified,Object_18503
Toxic,Object_24199
Toxic,Object_08331
Oxidizing,Object_00499
Toxic,Object_09551
Corrosive,Object_00729
Flammable,Object_17815
Food,Object_09096
Corrosive,Object_20271
Flammable,Object_09469
Fragile,Object_13264
Oxidizing,Object_12901
Oxidizing,Object_02958
Explosive,Object_19730
Corrosive,Object_24006
Toxic,Object_17613
Oxidizing,Object_07164
Fragile,Object_25969
Unspecified,Object_02674
Fragile,Object_24004
Toxic,Object_24547
Flammable,Object_05283
Unspecified,Object_26839
Radioactive,Object_07831
Radioactive,Object_26904
Unspecified,Object_09300
Explosive,Object_05079
Unspecified,Object_11066
Food,Object_01852
Flammable,Object_23182
Corrosive,Object_04830
Unspecified,Object_10551
Explosive,Object_04399
Corrosive,Object_14635
Toxic,Object_28158
Oxidizing,Object_20241
Oxidizing,Object_17645
Unspecified,Object_18556
Explosive,Object_10016
Explosive,Object_28354
Explosive,Object_17001
Pressurized,Object_01277
Flammable,Object_16727
Flammable,Object_27500
Flammable,Object_12189
Food,Object_07864
Explosive,Object_08566
Flammable,Object_16316
Oxidizing,Object_13355
Explosive,Object_28385
Food,Object_03072
Radioactive,Object_19157
Oxidizing,Object_04498
Fragile,Object_01357
Unspecified,Object_29278
Oxidizing,Object_04460
Food,Object_06006
Explosive,Object_25525
Flammable,Object_01735
Flammable,Object_29412
Explosive,Object_19300
Unspecified,Object_02471
Oxidizing,Object_30168
Unspecified,Object_17706
Explosive,Object_10628
Corrosive,Object_29197
Unspecified,Object_05619
Pressurized,Object_18926
Toxic,Object_19552
Fragile,Object_03334
Corrosive,Object_09107
Flammable,Object_29190
Fragile,Object_08192
Radioactive,Object_02258
Explosive,Object_15733
Fragile,Object_06337
Toxic,Object_03230
Flammable,Object_11482
Fragile,Object_17794
Explosive,Object_27177
Fragile,Object_02652
Radioactive,Object_28923
Toxic,Object_07168
Corrosive,Object_25196
Fragile,Object_14465
Fragile,Object_19141
Fragile,Object_05361
Food,Object_14741
Flammable,Object_04567
Explosive,Object_27403
Food,Object_14588
Pressurized,Object_09165
Unspecified,Object_15043
Pressurized,Object_29252
Corrosive,Object_24193
Food,Object_08880
Flammable,Object_12520
Corrosive,Object_04334
Pressurized,Object_22625
Oxidizing,Object_02862
Fragile,Object_26642
Fragile,Object_08224
Oxidizing,Object_18693
Radioactive,Object_11144
Pressurized,Object_24902
Flammable,Object_18765
Food,Object_24504
Flammable,Object_25884
Explosive,Object_07561
Pressurized,Object_15531
Explosive,Object_01236
Radioactive,Object_00239
Corrosive,Object_26614
Unspecified,Object_12664
Oxidizing,Object_00867
Pressurized,Object_03302
Pressurized,Object_27932
Pressurized,Object_14850
Toxic,Object_26579
Toxic,Object_24179
Corrosive,Object_07323
Corrosive,Object_01293
Toxic,Object_03670
Unspecified,Object_23118
Food,Object_25789
Explosive,Object_11783
Oxidizing,Object_01647
Food,Object_20813
Explosive,Object_05668
Flammable,Object_23842
Unspecified,Object_20157
Explosive,Object_05087
Pressurized,Object_24130
Food,Object_03024
Radioactive,Object_10469
Explosive,Object_28327
Toxic,Object_09836
Toxic,Object_26391
Oxidizing,Object_21208
Explosive,Object_17387
Unspecified,Object_28964
Unspecified,Object_25054
Corrosive,Object_00147
Fragile,Object_12514
Oxidizing,Object_16055
Corrosive,Object_18465
Corrosive,Object_22007
Pressurized,Object_20915
Radioactive,Object_11888
Fragile,Object_07419
Toxic,Object_17880
Radioactive,Object_21284
Explosive,Object_03556
Explosive,Object_01365
Explosive,Object_16643
Flammable,Object_08165
Pressurized,Object_10038
Flammable,Object_11100
Food,Object_10697
Oxidizing,Object_22513
Fragile,Object_02084
Unspecified,Object_08673
Corrosive,Object_27911
Food,Object_12978
Radioactive,Object_04558
Pressurized,Object_29484
Oxidizing,Object_25926
Radioactive,Object_21550
Corrosive,Object_11516
Radioactive,Object_07116
Toxic,Object_21541
Explosive,Object_11846
Pressurized,Object_21372
Food,Object_11576
Food,Object_02564
Food,Object_05444
Corrosive,Object_10443
Food,Object_02121
Food,Object_12975
Fragile,Object_04815
Oxidizing,Object_01655
Pressurized,Object_11946
Pressurized,Object_28587
Fragile,Object_23555
Unspecified,Object_07297
Pressurized,Object_00789
Fragile,Object_26351
Food,Object_23001
Radioactive,Object_06940
Corrosive,Object_15333
Food,Object_22557
Corrosive,Object_29648
Explosive,Object_07054
Corrosive,Object_27481
Flammable,Object_23945
Radioactive,Object_19020
Pressurized,Object_11199
Unspecified,Object_19972
Food,Object_25131
Radioactive,Object_17481
Pressurized,Object_05690
Pressurized,Object_24440
Radioactive,Object_15276
Food,Object_20849
Explosive,Object_14354
Radioactive,Object_18094
Radioactive,Object_11436
Corrosive,Object_21708
Unspecified,Object_15752
Food,Object_08407
Flammable,Object_15155
Unspecified,Object_23862
Fragile,Object_01217
Unspecified,Object_26413
Pressurized,Object_10336
Fragile,Object_27913
Corrosive,Object_15988
Food,Object_13476
Unspecified,Object_11178
Oxidizing,Object_07112
Corrosive,Object_26129
Pressurized,Object_28908
Radioactive,Object_09369
Oxidizing,Object_10380
Oxidizing,Object_10051
Unspecified,Object_23102
Pressurized,Object_26612
Unspecified,Object_02543
Corrosive,Object_25535
Unspecified,Object_06246
Pressurized,Object_23346
Corrosive,Object_25978
Oxidizing,Object_07532
Corrosive,Object_14490
Toxic,Object_06276
Toxic,Object_20571
Corrosive,Object_07187
Fragile,Object_07635
Unspecified,Object_24913
Food,Object_15374
Food,Object_08280
Food,Object_02551
Flammable,Object_01455
Radioactive,Object_19770
Explosive,Object_11962
Flammable,Object_03122
Toxic,Object_10281
Corrosive,Object_27829
Pressurized,Object_01875
Pressurized,Object_25351
Flammable,Object_07070
Food,Object_23573
Fragile,Object_25307
Fragile,Object_02865
Explosive,Object_07511
Explosive,Object_12676
Oxidizing,Object_16783
Unspecified,Object_13275
Food,Object_22595
Corrosive,Object_02123
Explosive,Object_11745
Flammable,Object_30098
Pressurized,Object_24037
Toxic,Object_08250
Food,Object_13898
Corrosive,Object_01046
Corrosive,Object_13392
Fragile,Object_03875
Corrosive,Object_28669
Explosive,Object_18505
Radioactive,Object_24763
Toxic,Object_18484
Explosive,Object_03752
Oxidizing,Object_26510
Pressurized,Object_15910
Corrosive,Object_17271
Corrosive,Object_07425
Oxidizing,Object_22117
Fragile,Object_13222
Toxic,Object_10334
Fragile,Object_06595
Food,Object_20370
Food,Object_13347
Explosive,Object_30090
Fragile,Object_05282
Flammable,Object_29291
Oxidizing,Object_04174
Oxidizing,Object_27348
Explosive,Object_04468
Oxidizing,Object_00569
Oxidizing,Object_27090
Unspecified,Object_15698
Toxic,Object_03017
Corrosive,Object_23223
Oxidizing,Object_15384
Oxidizing,Object_28556
Toxic,Object_14841
Pressurized,Object_24213
Unspecified,Object_28107
Oxidizing,Object_03676
Pressurized,Object_13824
Food,Object_28134
Pressurized,Object_05547
Explosive,Object_13537
Corrosive,Object_29192
Radioactive,Object_01854
Food,Object_15144
Toxic,Object_15530
Food,Object_05095
Toxic,Object_17458
Explosive,Object_17515
Corrosive,Object_18098
Food,Object_12671
Corrosive,Object_08449
Pressurized,Object_08778
Explosive,Object_09050
Food,Object_27045
Fragile,Object_23254
Pressurized,Object_02559
Fragile,Object_01975
Pressurized,Object_28852
Oxidizing,Object_28605
Oxidizing,Object_09371
Corrosive,Object_04834
Fragile,Object_04400
Corrosive,Object_12085
Pressurized,Object_13966
Unspecified,Object_19939
Radioactive,Object_05436
Flammable,Object_09032
Toxic,Object_16759
Pressurized,Object_06527
Oxidizing,Object_27470
Unspecified,Object_04871
Fragile,Object_30266
Flammable,Object_17369
Food,Object_03563
Corrosive,Object_23657
Oxidizing,Object_15836
Radioactive,Object_18084
Fragile,Object_04641
Pressurized,Object_16170
Food,Object_29961
Pressurized,Object_05328
Flammable,Object_26073
Oxidizing,Object_13779
Fragile,Object_01063
Flammable,Object_28433
Toxic,Object_11746
Fragile,Object_27891
Radioactive,Object_24258
Flammable,Object_19548
Oxidizing,Object_22101
Fragile,Object_19797
Explosive,Object_05001
Explosive,Object_05646
Corrosive,Object_17283
Toxic,Object_16520
Fragile,Object_29658
Flammable,Object_00572
Explosive,Object_24342
Fragile,Object_17758
Oxidizing,Object_28657
Unspecified,Object_17083
Explosive,Object_22896
Oxidizing,Object_29323
Fragile,Object_22612
Unspecified,Object_02989
Oxidizing,Object_27447
Fragile,Object_05725
Fragile,Object_25077
Food,Object_08141
Pressurized,Object_14807
Oxidizing,Object_28597
Food,Object_16366
Flammable,Object_00115
Flammable,Object_19345
Food,Object_12716
Explosive,Object_24348
Explosive,Object_16799
Explosive,Object_03290
Flammable,Object_21973
Toxic,Object_10419
Unspecified,Object_18476
Pressurized,Object_22377
Explosive,Object_27695
Unspecified,Object_00042
Fragile,Object_26792
Pressurized,Object_21405
Unspecified,Object_25270
Unspecified,Object_07194
Corrosive,Object_08264
Pressurized,Object_21659
Explosive,Object_05469
Unspecified,Object_27719
Unspecified,Object_01570
Flammable,Object_08420
Flammable,Object_28039
Corrosive,Object_14236
Unspecified,Object_17587
Corrosive,Object_26058
Unspecified,Object_19607
Radioactive,Object_03667
Radioactive,Object_05804
Corrosive,Object_21736
Radioactive,Object_19031
Unspecified,Object_11125
Toxic,Object_02947
Toxic,Object_00125
Toxic,Object_07460
Flammable,Object_28813
Oxidizing,Object_21793
Oxidizing,Object_14568
Flammable,Object_04131
Pressurized,Object_01814
Unspecified,Object_29404
Corrosive,Object_14601
Radioactive,Object_02312
Toxic,Object_27779
Unspecified,Object_08993
Radioactive,Object_06720
Unspecified,Object_20417
Fragile,Object_06384
Unspecified,Object_07452
Unspecified,Object_28626
Unspecified,Object_04975
Flammable,Object_12792
Flammable,Object_16031
Toxic,Object_00136
Fragile,Object_22107
Explosive,Object_16825
Unspecified,Object_19471
Oxidizing,Object_06490
Food,Object_06635
Fragile,Object_10762
Fragile,Object_04688
Pressurized,Object_08661
Pressurized,Object_01114
Food,Object_26881
Pressurized,Object_20839
Fragile,Object_01175
Corrosive,Object_24330
Pressurized,Object_04890
Fragile,Object_20754
Unspecified,Object_21960
Explosive,Object_08435
Radioactive,Object_23172
Corrosive,Object_15990
Explosive,Object_15936
Fragile,Object_25719
Radioactive,Object_08007
Radioactive,Object_28003
Oxidizing,Object_08277
Corrosive,Object_02376
Explosive,Object_20521
Fragile,Object_23174
Pressurized,Object_00869
Oxidizing,Object_24067
Unspecified,Object_00223
Explosive,Object_11738
Toxic,Object_07698
Pressurized,Object_23796
Food,Object_21681
Corrosive,Object_18366
Fragile,Object_13318
Oxidizing,Object_24138
Corrosive,Object_00529
Radioactive,Object_11952
Corrosive,Object_23211
Food,Object_25613
Explosive,Object_10306
Fragile,Object_11367
Toxic,Object_19596
Radioactive,Object_02048
Radioactive,Object_03951
Flammable,Object_26184
Unspecified,Object_05185
Corrosive,Object_13052
Radioactive,Object_16822
Explosive,Object_29707
Unspecified,Object_09870
Pressurized,Object_17109
Explosive,Object_14148
Food,Object_11382
Radioactive,Object_04272
Oxidizing,Object_19800
Food,Object_30342
Flammable,Object_19162
Corrosive,Object_07169
Flammable,Object_21868
Pressurized,Object_28982
Food,Object_01685
Pressurized,Object_03023
Food,Object_17194
Toxic,Object_16023
Pressurized,Object_15760
Pressurized,Object_03204
Explosive,Object_02994
Explosive,Object_07669
Pressurized,Object_12564
Fragile,Object_04720
Oxidizing,Object_12546
Toxic,Object_11045
Food,Object_02877
Oxidizing,Object_11417
Pressurized,Object_28514
Radioactive,Object_09726
Flammable,Object_22941
Corrosive,Object_06759
Toxic,Object_08805
Food,Object_07078
Flammable,Object_24336
Toxic,Object_05040
Pressurized,Object_08608
Oxidizing,Object_00445
Food,Object_20898
Toxic,Object_11940
Corrosive,Object_03959
Explosive,Object_18012
Toxic,Object_12204
Explosive,Object_26804
Explosive,Object_22686
Flammable,Object_30246
Flammable,Object_00309
Food,Object_05507
Food,Object_04390
Pressurized,Object_07784
Toxic,Object_08692
Fragile,Object_30106
Unspecified,Object_09014
Flammable,Object_14204
Flammable,Object_05750
Toxic,Object_08888
Corrosive,Object_10737
Radioactive,Object_07746
Unspecified,Object_22655
Pressurized,Object_07718
Oxidizing,Object_20161
Pressurized,Object_15913
Radioactive,Object_26916
Toxic,Object_02838
Radioactive,Object_05763
Unspecified,Object_03379
Pressurized,Object_23969
Explosive,Object_14345
Radioactive,Object_17736
Fragile,Object_09102
Radioactive,Object_03448
Fragile,Object_11723
Radioactive,Object_09058
Food,Object_02985
Explosive,Object_29710
Corrosive,Object_29669
Corrosive,Object_09744
Toxic,Object_00316
Food,Object_18778
Fragile,Object_25047
Oxidizing,Object_21633
Explosive,Object_11862
Oxidizing,Object_19810
Oxidizing,Object_13614
Unspecified,Object_07988
Radioactive,Object_18527
Flammable,Object_22240
Pressurized,Object_28076
Radioactive,Object_21279
Explosive,Object_29616
Flammable,Object_02055
Unspecified,Object_07499
Food,Object_15753
Explosive,Object_02640
Pressurized,Object_12055
Corrosive,Object_10719
Fragile,Object_14947
Unspecified,Object_26386
Oxidizing,Object_15185
Fragile,Object_24408
Unspecified,Object_22381
Corrosive,Object_07303
Oxidizing,Object_10011
Corrosive,Object_26365
Food,Object_05762
Pressurized,Object_22492
Unspecified,Object_29945
Toxic,Object_22046
Flammable,Object_20676
Flammable,Object_15283
Flammable,Object_00122
Corrosive,Object_24414
Explosive,Object_03824
Unspecified,Object_10985
Corrosive,Object_29082
Unspecified,Object_21828
Corrosive,Object_27002
Unspecified,Object_14064
Food,Object_00593
Oxidizing,Object_13545
Oxidizing,Object_26384
Radioactive,Object_23749
Toxic,Object_05894
Unspecified,Object_10948
Oxidizing,Object_11747
Explosive,Object_22125
Food,Object_16021
Radioactive,Object_02717
Pressurized,Object_05194
Fragile,Object_22696
Flammable,Object_09632
Radioactive,Object_07559
Food,Object_14008
Toxic,Object_27069
Flammable,Object_28227
Toxic,Object_22172
Radioactive,Object_28178
Unspecified,Object_16694
Explosive,Object_06012
Radioactive,Object_11196
Unspecified,Object_28612
Unspecified,Object_15923
Toxic,Object_03455
Food,Object_20666
Corrosive,Object_21273
Oxidizing,Object_23547
Radioactive,Object_29859
Food,Object_02614
Pressurized,Object_23022
Radioactive,Object_15995
Corrosive,Object_17654
Oxidizing,Object_25885
Radioactive,Object_05249
Flammable,Object_17248
Toxic,Object_23644
Toxic,Object_18939
Food,Object_02633
Food,Object_24884
Oxidizing,Object_19124
Unspecified,Object_24133
Radioactive,Object_19475
Pressurized,Object_08912
Toxic,Object_12054
Food,Object_18806
Toxic,Object_16740
Toxic,Object_25663
Food,Object_01603
Unspecified,Object_26778
Corrosive,Object_30348
Pressurized,Object_21605
Fragile,Object_04868
Fragile,Object_23651
Toxic,Object_00245
Fragile,Object_04506
Flammable,Object_14261
Unspecified,Object_12096
Toxic,Object_12959
Radioactive,Object_06096
Unspecified,Object_17819
Explosive,Object_22846
Radioactive,Object_02582
Flammable,Object_01541
Radioactive,Object_17279
Flammable,Object_29730
Food,Object_19481
Corrosive,Object_26869
Unspecified,Object_09615
Toxic,Object_24102
Food,Object_20398
Unspecified,Object_18578
Explosive,Object_20065
Explosive,Object_27603
Corrosive,Object_29828
Unspecified,Object_12866
Unspecified,Object_18785
Flammable,Object_03257
Radioactive,Object_26292
Corrosive,Object_07211
Flammable,Object_19834
Unspecified,Object_16422
Radioactive,Object_17400
Pressurized,Object_19063
Oxidizing,Object_00706
Explosive,Object_26938
Explosive,Object_23274
Oxidizing,Object_24315
Unspecified,Object_27019
Oxidizing,Object_24166
Explosive,Object_00462
Corrosive,Object_08936
Toxic,Object_21600
Unspecified,Object_14929
Radioactive,Object_21635
Fragile,Object_18511
Fragile,Object_03595
Fragile,Object_23890
Explosive,Object_08220
Fragile,Object_29394
Pressurized,Object_24451
Corrosive,Object_01117
Unspecified,Object_01249
Food,Object_20001
Toxic,Object_27675
Fragile,Object_11937
Oxidizing,Object_28485
Toxic,Object_29163
Radioactive,Object_02683
Food,Object_25559
Radioactive,Object_18498
Radioactive,Object_06964
Radioactive,Object_27574
Explosive,Object_14389
Radioactive,Object_20746
Pressurized,Object_05000
Toxic,Object_19038
Toxic,Object_09085
Radioactive,Object_20674
Toxic,Object_25268
Food,Object_20725
Pressurized,Object_26423
Food,Object_13112
Explosive,Object_19788
Unspecified,Object_08285
Food,Object_06044
Food,Object_08322
Radioactive,Object_02464
Fragile,Object_26545
Toxic,Object_26975
Corrosive,Object_14208
Food,Object_08154
Flammable,Object_12756
Unspecified,Object_15130
Explosive,Object_15376
Flammable,Object_08722
Unspecified,Object_16976
Oxidizing,Object_03393
Pressurized,Object_06564
Explosive,Object_17294
Pressurized,Object_18732
Pressurized,Object_19185
Oxidizing,Object_21867
Corrosive,Object_20133
Toxic,Object_22971
Corrosive,Object_04595
Radioactive,Object_14628
Flammable,Object_22489
Radioactive,Object_06784
Flammable,Object_16840
Food,Object_23798
Flammable,Object_27375
Corrosive,Object_14643
Oxidizing,Object_25072
Food,Object_27221
Explosive,Object_08138
Oxidizing,Object_13472
Food,Object_04607
Oxidizing,Object_15275
Fragile,Object_08795
Pressurized,Object_09920
Corrosive,Object_17551
Unspecified,Object_03019
Radioactive,Object_29649
Fragile,Object_02438
Explosive,Object_28325
Oxidizing,Object_10978
Food,Object_02755
Flammable,Object_30305
Pressurized,Object_05988
Oxidizing,Object_23662
Unspecified,Object_07222
Oxidizing,Object_21422
Oxidizing,Object_02852
Oxidizing,Object_11628
Pressurized,Object_04151
Explosive,Object_09534
Corrosive,Object_15592
Radioactive,Object_07662
Pressurized,Object_15300
Radioactive,Object_21073
Radioactive,Object_04712
Corrosive,Object_05226
Oxidizing,Object_13410
Fragile,Object_23544
Unspecified,Object_22853
Unspecified,Object_04114
Pressurized,Object_07057
Toxic,Object_05092
Radioactive,Object_20997
Radioactive,Object_11646
Food,Object_05217
Food,Object_26932
Unspecified,Object_06298
Pressurized,Object_26931
Food,Object_23330
Fragile,Object_03081
Corrosive,Object_11022
Fragile,Object_14799
Radioactive,Object_07386
Oxidizing,Object_23235
Explosive,Object_00347
Corrosive,Object_29212
Explosive,Object_18618
Oxidizing,Object_11710
Toxic,Object_20374
Radioactive,Object_22409
Oxidizing,Object_07167
Flammable,Object_14940
Oxidizing,Object_23661
Toxic,Object_22638
Explosive,Object_11345
Explosive,Object_05549
Explosive,Object_13483
Explosive,Object_04526
Radioactive,Object_01828
Flammable,Object_09910
Radioactive,Object_11498
Pressurized,Object_03952
Oxidizing,Object_09522
Unspecified,Object_17639
Corrosive,Object_03885
Radioactive,Object_25154
Fragile,Object_27999
Unspecified,Object_21412
Unspecified,Object_07175
Fragile,Object_15361
Oxidizing,Object_19879
Fragile,Object_05989
Flammable,Object_26836
Oxidizing,Object_19922
Radioactive,Object_16051
Toxic,Object_24628
Unspecified,Object_15416
Radioactive,Object_00777
Radioactive,Object_10636
Explosive,Object_29959
Food,Object_07711
Unspecified,Object_16513
Unspecified,Object_27874
Radioactive,Object_03940
Flammable,Object_13110
Oxidizing,Object_12789
Corrosive,Object_20545
Food,Object_17590
Corrosive,Object_03074
Unspecified,Object_01254
Toxic,Object_00954
Fragile,Object_19067
Oxidizing,Object_15616
Toxic,Object_06227
Oxidizing,Object_13623
Unspecified,Object_01320
Oxidizing,Object_12185
Corrosive,Object_05146
Toxic,Object_29335
Pressurized,Object_18722
Corrosive,Object_22787
Pressurized,Object_25314
Radioactive,Object_10791
Oxidizing,Object_27920
Fragile,Object_07872
Food,Object_16147
Food,Object_09515
Fragile,Object_06021
Toxic,Object_11668
Explosive,Object_07706
Explosive,Object_14138
Explosive,Object_25979
Food,Object_29769
Fragile,Object_03423
Radioactive,Object_00456
Radioactive,Object_19633
Oxidizing,Object_13523
Explosive,Object_11871
Corrosive,Object_09228
Toxic,Object_20635
Corrosive,Object_28030
Oxidizing,Object_21628
Oxidizing,Object_12228
Oxidizing,Object_17388
Explosive,Object_14543
Toxic,Object_09005
Pressurized,Object_00303
Radioactive,Object_26002
Toxic,Object_03836
Fragile,Object_15536
Fragile,Object_18355
Unspecified,Object_02446
Oxidizing,Object_07538
Toxic,Object_11854
Flammable,Object_03806
Oxidizing,Object_04963
Radioactive,Object_17761
Explosive,Object_14574
Toxic,Object_04549
Corrosive,Object_00109
Pressurized,Object_21472
Radioactive,Object_09838
Fragile,Object_00563
Oxidizing,Object_08653
Oxidizing,Object_15382
Radioactive,Object_26070
Corrosive,Object_15960
Oxidizing,Object_28250
Pressurized,Object_03106
Food,Object_02885
Oxidizing,Object_25604
Pressurized,Object_25578
Pressurized,Object_13449
Radioactive,Object_11216
Food,Object_24895
Radioactive,Object_14909
Oxidizing,Object_10567
Pressurized,Object_04667
Explosive,Object_29118
Oxidizing,Object_25206
Oxidizing,Object_12305
Fragile,Object_07362
Pressurized,Object_14454
Toxic,Object_00943
Radioactive,Object_06605
Food,Object_00249
Oxidizing,Object_23484
Toxic,Object_18479
Flammable,Object_27955
Radioactive,Object_27858
Explosive,Object_11235
Unspecified,Object_18808
Toxic,Object_08083
Pressurized,Object_24499
Corrosive,Object_04962
Fragile,Object_02234
Oxidizing,Object_21580
Toxic,Object_26019
Oxidizing,Object_22483
Fragile,Object_07966
Unspecified,Object_25537
Radioactive,Object_12895
Fragile,Object_07128
Flammable,Object_03927
Unspecified,Object_02656
Fragile,Object_11261
Corrosive,Object_25297
Radioactive,Object_20780
Corrosive,Object_28522
Radioactive,Object_27917
Explosive,Object_11369
Unspecified,Object_28048
Flammable,Object_06156
Fragile,Object_06125
Flammable,Object_26003
Fragile,Object_10018
Corrosive,Object_01865
Oxidizing,Object_02165
Explosive,Object_17467
Food,Object_30201
Unspecified,Object_05856
Flammable,Object_05005
Unspecified,Object_00559
Pressurized,Object_18923
Toxic,Object_22307
Toxic,Object_26110
Flammable,Object_15151
Pressurized,Object_29436
Oxidizing,Object_30181
Toxic,Object_22706
Radioactive,Object_23227
Toxic,Object_28356
Toxic,Object_13230
Oxidizing,Object_16788
Explosive,Object_13271
Radioactive,Object_28058
Fragile,Object_02152
Radioactive,Object_23438
Fragile,Object_12028
Corrosive,Object_21897
Fragile,Object_29371
Unspecified,Object_23485
Flammable,Object_05491
Toxic,Object_28952
Food,Object_18020
Flammable,Object_28256
Explosive,Object_12277
Oxidizing,Object_10692
Oxidizing,Object_02670
Radioactive,Object_26662
Corrosive,Object_09966
Oxidizing,Object_22454
Fragile,Object_29237
Toxic,Object_20874
Corrosive,Object_19447
Explosive,Object_18143
Flammable,Object_09384
Flammable,Object_07358
Radioactive,Object_00335
Corrosive,Object_09419
Explosive,Object_23719
Radioactive,Object_02439
Radioactive,Object_25538
Oxidizing,Object_12682
Flammable,Object_16915
Radioactive,Object_00293
Oxidizing,Object_04686
Food,Object_17148
Toxic,Object_25430
Oxidizing,Object_14573
Corrosive,Object_10445
Fragile,Object_17754
Food,Object_22778
Pressurized,Object_28481
Corrosive,Object_19397
Toxic,Object_21215
Explosive,Object_06974
Food,Object_23376
Explosive,Object_19909
Unspecified,Object_02986
Oxidizing,Object_10562
Explosive,Object_28082
Oxidizing,Object_20022
Pressurized,Object_22236
Toxic,Object_23057
Toxic,Object_24373
Pressurized,Object_07367
Food,Object_29076
Toxic,Object_26953
Food,Object_21540
Fragile,Object_20732
Pressurized,Object_29161
Pressurized,Object_07655
Corrosive,Object_29435
Flammable,Object_13435
Oxidizing,Object_07189
Toxic,Object_13441
Unspecified,Object_01189
Corrosive,Object_16002
Unspecified,Object_01704
Explosive,Object_19396
Corrosive,Object_09683
Fragile,Object_27214
Flammable,Object_01937
Flammable,Object_22826
Pressurized,Object_16264
Unspecified,Object_20123
Oxidizing,Object_17203
Unspecified,Object_28132
Food,Object_17569
Unspecified,Object_20753
Explosive,Object_10332
Pressurized,Object_22720
Radioactive,Object_18232
Fragile,Object_09939
Radioactive,Object_12574
Radioactive,Object_26585
Oxidizing,Object_23735
Flammable,Object_22527
Radioactive,Object_01844
Food,Object_07798
Oxidizing,Object_16597
Unspecified,Object_29362
Corrosive,Object_10530
Oxidizing,Object_21655
Corrosive,Object_02651
Corrosive,Object_10022
Explosive,Object_07973
Radioactive,Object_24450
Toxic,Object_22106
Fragile,Object_16437
Corrosive,Object_23359
Flammable,Object_28784
Oxidizing,Object_20220
Explosive,Object_24466
Radioactive,Object_26028
Flammable,Object_12570
Corrosive,Object_08463
Flammable,Object_17543
Unspecified,Object_09707
Toxic,Object_13118
Food,Object_26311
Flammable,Object_04276
Unspecified,Object_13840
Explosive,Object_22802
Toxic,Object_01115
Explosive,Object_22880
Unspecified,Object_29244
Explosive,Object_09634
Food,Object_06583
Fragile,Object_00243
Fragile,Object_06987
Fragile,Object_03156
Toxic,Object_02182
Radioactive,Object_24184
Corrosive,Object_14289
Food,Object_17140
Corrosive,Object_18653
Radioactive,Object_21435
Toxic,Object_29702
Oxidizing,Object_03900
Toxic,Object_15716
Radioactive,Object_00068
Unspecified,Object_24933
Flammable,Object_06846
Toxic,Object_18496
Oxidizing,Object_00979
Corrosive,Object_04141
Flammable,Object_17512
Pressurized,Object_10357
Food,Object_19965
Fragile,Object_12693
Oxidizing,Object_25570
Explosive,Object_01336
Radioactive,Object_14556
Unspecified,Object_29373
Oxidizing,Object_08473
Toxic,Object_29927
Pressurized,Object_06312
Oxidizing,Object_01471
Fragile,Object_28492
Pressurized,Object_05019
Radioactive,Object_14775
Radioactive,Object_25983
Fragile,Object_28445
Fragile,Object_17368
Food,Object_17595
Explosive,Object_18042
Pressurized,Object_18565
Explosive,Object_13953
Radioactive,Object_03277
Fragile,Object_24358
Unspecified,Object_24857
Toxic,Object_03310
Flammable,Object_23681
Fragile,Object_09394
Corrosive,Object_21587
Food,Object_15357
Food,Object_11834
Corrosive,Object_22776
Flammable,Object_11679
Fragile,Object_30160
Oxidizing,Object_25963
Unspecified,Object_11517
Unspecified,Object_08552
Radioactive,Object_14168
Pressurized,Object_17397
Fragile,Object_22118
Fragile,Object_24824
Explosive,Object_07008
Flammable,Object_16121
Oxidizing,Object_12553
Food,Object_18418
Fragile,Object_19404
Fragile,Object_16588
Radioactive,Object_13437
Radioactive,Object_01459
Pressurized,Object_23556
Pressurized,Object_13245
Radioactive,Object_13904
Pressurized,Object_00871
Pressurized,Object_21290
Pressurized,Object_15200
Oxidizing,Object_17910
Toxic,Object_12271
Fragile,Object_09322
Oxidizing,Object_17790
Radioactive,Object_28017
Oxidizing,Object_06529
Corrosive,Object_24490
Toxic,Object_04104
Explosive,Object_17289
Food,Object_16045
Oxidizing,Object_21519
Food,Object_11875
Explosive,Object_10637
Fragile,Object_08860
Unspecified,Object_21374
Flammable,Object_17237
Food,Object_10701
Toxic,Object_14585
Food,Object_06531
Oxidizing,Object_07852
Flammable,Object_06003
Unspecified,Object_17185
Oxidizing,Object_24631
Toxic,Object_25624
Corrosive,Object_12113
Food,Object_29770
Toxic,Object_07759
Toxic,Object_22725
Corrosive,Object_04625
Oxidizing,Object_23822
Oxidizing,Object_17426
Fragile,Object_21390
Toxic,Object_25755
Flammable,Object_13289
Toxic,Object_22090
Radioactive,Object_18371
Unspecified,Object_07336
Oxidizing,Object_01940
Unspecified,Object_03656
Corrosive,Object_17720
Pressurized,Object_21726
Oxidizing,Object_16230
Flammable,Object_23314
Toxic,Object_01680
Pressurized,Object_27809
Flammable,Object_23585
Unspecified,Object_10080
Radioactive,Object_12824
Corrosive,Object_27107
Fragile,Object_28460
Pressurized,Object_20672
Toxic,Object_03183
Unspecified,Object_30114
Corrosive,Object_10608
Oxidizing,Object_24929
Oxidizing,Object_15625
Flammable,Object_26069
Food,Object_26194
Flammable,Object_07900
Pressurized,Object_30000
Unspecified,Object_27255
Fragile,Object_29657
Corrosive,Object_07633
Toxic,Object_07353
Fragile,Object_02069
Pressurized,Object_15152
Food,Object_26377
Food,Object_18112
Pressurized,Object_17377
Fragile,Object_22733
Pressurized,Object_11193
Food,Object_21610
Flammable,Object_25645
Explosive,Object_01167
Pressurized,Object_11698
Flammable,Object_21161
Unspecified,Object_18587
Oxidizing,Object_13383
Unspecified,Object_22436
Fragile,Object_18324
Oxidizing,Object_08439
Unspecified,Object_28489
Corrosive,Object_05678
Oxidizing,Object_30336
Explosive,Object_19951
Explosive,Object_10880
Unspecified,Object_29856
Oxidizing,Object_05892
Corrosive,Object_17799
Food,Object_18188
Pressurized,Object_07604
Toxic,Object_18279
Food,Object_00800
Flammable,Object_15944
Unspecified,Object_23148
Oxidizing,Object_21216
Corrosive,Object_29898
Fragile,Object_14471
Corrosive,Object_06558
Fragile,Object_06512
Flammable,Object_02255
Flammable,Object_13063
Toxic,Object_04955
Pressurized,Object_11416
Radioactive,Object_05721
Unspecified,Object_09374
Explosive,Object_08426
Oxidizing,Object_02093
Radioactive,Object_28948
Corrosive,Object_13126
Corrosive,Object_28482
Fragile,Object_27208
Food,Object_16968
Pressurized,Object_28759
Flammable,Object_05539
Radioactive,Object_15629
Flammable,Object_03603
Radioactive,Object_26504
Flammable,Object_04134
Pressurized,Object_17951
Food,Object_05638
Radioactive,Object_17141
Unspecified,Object_27157
Radioactive,Object_13683
Oxidizing,Object_04931
Food,Object_20679
Explosive,Object_19361
Radioactive,Object_01315
Flammable,Object_04086
Flammable,Object_21074
Flammable,Object_15391
Food,Object_15140
Explosive,Object_25080
Flammable,Object_26623
Corrosive,Object_10566
Oxidizing,Object_02933
Fragile,Object_00523
Radioactive,Object_28573
Pressurized,Object_12747
Fragile,Object_21359
Toxic,Object_27877
Radioactive,Object_19009
Radioactive,Object_09013
Fragile,Object_30314
Explosive,Object_03051
Corrosive,Object_04669
Fragile,Object_09117
Corrosive,Object_22252
Toxic,Object_22457
Pressurized,Object_04754
Explosive,Object_26487
Fragile,Object_28782
Flammable,Object_08978
Fragile,Object_26884
Corrosive,Object_21250
Toxic,Object_04637
Food,Object_23474
Flammable,Object_06841
Food,Object_05196
Corrosive,Object_30056
Pressurized,Object_30122
Toxic,Object_17112
Food,Object_07351
Fragile,Object_21116
Toxic,Object_22126
Explosive,Object_16901
Explosive,Object_19667
Food,Object_18521
Flammable,Object_10847
Fragile,Object_11073
Oxidizing,Object_20974
Flammable,Object_03684
Unspecified,Object_16857
Pressurized,Object_25342
Toxic,Object_12499
Food,Object_20555
Food,Object_28459
Toxic,Object_19936
Unspecified,Object_21444
Food,Object_29684
Corrosive,Object_11609
Toxic,Object_19188
Fragile,Object_16995
Toxic,Object_13152
Flammable,Object_00864
Radioactive,Object_18790
Unspecified,Object_09842
Unspecified,Object_12138
Unspecified,Object_05067
Fragile,Object_06981
Fragile,Object_14376
Pressurized,Object_20883
Food,Object_19780
Fragile,Object_09554
Food,Object_24486
Toxic,Object_14165
Food,Object_00927
Fragile,Object_24443
Flammable,Object_24524
Pressurized,Object_03761
Radioactive,Object_04841
Food,Object_14350
Explosive,Object_17594
Corrosive,Object_29099
Food,Object_22748
Oxidizing,Object_02494
Toxic,Object_21375
Flammable,Object_29441
Toxic,Object_06301
Corrosive,Object_01305
Oxidizing,Object_04189
Food,Object_20023
Flammable,Object_01929
Unspecified,Object_00046
Pressurized,Object_25048
Food,Object_15902
Fragile,Object_26833
Toxic,Object_00877
Explosive,Object_17786
Food,Object_04177
Corrosive,Object_09701
Pressurized,Object_24906
Flammable,Object_27022
Explosive,Object_02801
Flammable,Object_23224
Toxic,Object_08597
Corrosive,Object_03397
Pressurized,Object_21166
Explosive,Object_19690
Flammable,Object_05398
Radioactive,Object_15792
Oxidizing,Object_20317
Unspecified,Object_25880
Corrosive,Object_21525
Corrosive,Object_10472
Flammable,Object_14326
Oxidizing,Object_12611
Pressurized,Object_16323
Explosive,Object_23816
Oxidizing,Object_14278
Food,Object_09077
Fragile,Object_08971
Pressurized,Object_17314
Fragile,Object_27597
Explosive,Object_22102
Oxidizing,Object_03733
Radioactive,Object_06887
Flammable,Object_17503
Flammable,Object_17453
Flammable,Object_11143
Toxic,Object_27523
Toxic,Object_23634
Explosive,Object_25020
Radioactive,Object_19882
Fragile,Object_23267
Fragile,Object_15000
Fragile,Object_21745
Toxic,Object_16395
Radioactive,Object_04149
Fragile,Object_17410
Explosive,Object_16409
Flammable,Object_09922
Flammable,Object_16778
Unspecified,Object_11464
Explosive,Object_16922
Unspecified,Object_02274
Fragile,Object_05420
Pressurized,Object_28194
Oxidizing,Object_02026
Fragile,Object_08810
Radioactive,Object_21206
Flammable,Object_24123
Corrosive,Object_15786
Fragile,Object_00852
Explosive,Object_22588
Food,Object_06019
Explosive,Object_09126
Radioactive,Object_30055
Oxidizing,Object_13992
Toxic,Object_13575
Corrosive,Object_05030
Fragile,Object_30219
Flammable,Object_12156
Pressurized,Object_20798
Toxic,Object_14663
Toxic,Object_11800
Pressurized,Object_16527
Pressurized,Object_22773
Food,Object_28946
Pressurized,Object_06278
Corrosive,Object_12326
Toxic,Object_19125
Corrosive,Object_06761
Oxidizing,Object_12280
Explosive,Object_10099
Toxic,Object_11897
Explosive,Object_21153
Radioactive,Object_19656
Unspecified,Object_23038
Fragile,Object_27727
Oxidizing,Object_05876
Oxidizing,Object_30334
Toxic,Object_16483
Pressurized,Object_05634
Toxic,Object_20902
Radioactive,Object_00938
Pressurized,Object_26690
Corrosive,Object_16768
Radioactive,Object_09694
Corrosive,Object_00296
Oxidizing,Object_27892
Unspecified,Object_07174
Radioactive,Object_27202
Unspecified,Object_01826
Explosive,Object_08601
Oxidizing,Object_27079
Pressurized,Object_04132
Food,Object_26756
Fragile,Object_29077
Corrosive,Object_29492
Corrosive,Object_29128
Radioactive,Object_24164
Toxic,Object_28960
Flammable,Object_01276
Oxidizing,Object_26819
Unspecified,Object_18396
Food,Object_03492
Corrosive,Object_29696
Pressurized,Object_05178
Oxidizing,Object_28725
Fragile,Object_01864
Toxic,Object_00439
Oxidizing,Object_29882
Oxidizing,Object_18416
Unspecified,Object_15281
Food,Object_08067
Corrosive,Object_17064
Explosive,Object_13404
Unspecified,Object_07445
Pressurized,Object_26675
Food,Object_10005
Flammable,Object_21446
Corrosive,Object_28362
Explosive,Object_15123
Oxidizing,Object_01677
Explosive,Object_30053
Toxic,Object_22985
Explosive,Object_18278
Explosive,Object_24845
Unspecified,Object_25493
Toxic,Object_01880
Explosive,Object_29454
Pressurized,Object_23699
Unspecified,Object_13000
Toxic,Object_20484
Corrosive,Object_28836
Fragile,Object_07045
Toxic,Object_26429
Explosive,Object_13804
Unspecified,Object_19641
Food,Object_04571
Pressurized,Object_08713
Oxidizing,Object_03680
Corrosive,Object_27027
Flammable,Object_03053
Toxic,Object_26316
Unspecified,Object_10063
Corrosive,Object_28678
Unspecified,Object_02484
Pressurized,Object_06943
Corrosive,Object_09779
Corrosive,Object_12101
Unspecified,Object_11271
Food,Object_12759
Unspecified,Object_18716
Corrosive,Object_29230
Flammable,Object_14066
Pressurized,Object_01146
Fragile,Object_02078
Explosive,Object_18353
Flammable,Object_04361
Food,Object_28765
Pressurized,Object_05014
Corrosive,Object_09943
Explosive,Object_13717
Flammable,Object_14730
Unspecified,Object_10012
Radioactive,Object_23237
Food,Object_05452
Pressurized,Object_01301
Explosive,Object_05464
Flammable,Object_09436
Radioactive,Object_17046
Food,Object_25974
Unspecified,Object_08005
Flammable,Object_00480
Pressurized,Object_19127
Flammable,Object_08396
Corrosive,Object_15908
Food,Object_02945
Fragile,Object_27570
Unspecified,Object_21774
Corrosive,Object_19536
Toxic,Object_19113
Flammable,Object_02428
Explosive,Object_22167
Explosive,Object_13335
Pressurized,Object_07343
Pressurized,Object_00638
Explosive,Object_18173
Unspecified,Object_10376
Flammable,Object_02386
Flammable,Object_24654
Fragile,Object_16275
Corrosive,Object_19239
Unspecified,Object_11599
Toxic,Object_04696
Explosive,Object_02967
Explosive,Object_09450
Corrosive,Object_17212
Pressurized,Object_01181
Explosive,Object_25671
Oxidizing,Object_16494
Radioactive,Object_24578
Oxidizing,Object_08079
Fragile,Object_02517
Pressurized,Object_11748
Radioactive,Object_23141
Toxic,Object_16507
Food,Object_03384
Unspecified,Object_06698
Radioactive,Object_27865
Flammable,Object_25607
Radioactive,Object_04684
Food,Object_27046
Fragile,Object_25871
Unspecified,Object_28133
Explosive,Object_04520
Oxidizing,Object_23239
Flammable,Object_25700
Radioactive,Object_13258
Food,Object_12540
Radioactive,Object_10640
Explosive,Object_17047
Fragile,Object_07558
Flammable,Object_13774
Toxic,Object_10992
Radioactive,Object_13818
Unspecified,Object_07512
Oxidizing,Object_24940
Corrosive,Object_27319
Oxidizing,Object_21504
Food,Object_15527
Unspecified,Object_20579
Radioactive,Object_27640
Flammable,Object_27455
Food,Object_28173
Fragile,Object_02046
Radioactive,Object_05139
Radioactive,Object_25601
Pressurized,Object_00870
Corrosive,Object_24512
Fragile,Object_19761
Oxidizing,Object_16545
Flammable,Object_02868
Corrosive,Object_23768
Corrosive,Object_07237
Pressurized,Object_22193
Explosive,Object_29824
Oxidizing,Object_05572
Flammable,Object_07907
Fragile,Object_26077
Toxic,Object_18054
Explosive,Object_11919
Pressurized,Object_02521
Corrosive,Object_19592
Unspecified,Object_22597
Corrosive,Object_28788
Oxidizing,Object_18775
Radioactive,Object_02010
Oxidizing,Object_27377
Toxic,Object_02220
Flammable,Object_09834
Unspecified,Object_19342
Corrosive,Object_12026
Food,Object_27907
Pressurized,Object_02932
Radioactive,Object_02410
Flammable,Object_10856
Explosive,Object_25069
Explosive,Object_17858
Radioactive,Object_23509
Explosive,Object_02654
Explosive,Object_01602
Fragile,Object_27692
Flammable,Object_01582
Oxidizing,Object_24640
Oxidizing,Object_19412
Pressurized,Object_26907
Explosive,Object_07626
Explosive,Object_12284
Explosive,Object_08475
Flammable,Object_16337
Toxic,Object_24475
Explosive,Object_13154
Unspecified,Object_02127
Pressurized,Object_18658
Toxic,Object_13461
Pressurized,Object_29886
Unspecified,Object_08498
Unspecified,Object_25629
Radioactive,Object_28719
Pressurized,Object_29921
Pressurized,Object_17541
Unspecified,Object_11998
Flammable,Object_15875
Oxidizing,Object_16004
Flammable,Object_11169
Radioactive,Object_10350
Food,Object_30099
Corrosive,Object_19439
Pressurized,Object_09846
Oxidizing,Object_29385
Food,Object_11734
Fragile,Object_14482
Radioactive,Object_26357
Unspecified,Object_17946
Fragile,Object_10712
Corrosive,Object_09978
Food,Object_06366
Food,Object_22688
Explosive,Object_07868
Toxic,Object_22208
Corrosive,Object_24151
Radioactive,Object_27975
Food,Object_27412
Unspecified,Object_01412
Unspecified,Object_13964
Radioactive,Object_29160
Toxic,Object_19290
Radioactive,Object_00048
Explosive,Object_26337
Oxidizing,Object_12024
Corrosive,Object_12843
Flammable,Object_12559
Corrosive,Object_14938
Explosive,Object_29708
Fragile,Object_22128
Explosive,Object_13765
Fragile,Object_14057
Explosive,Object_00251
Food,Object_18899
Food,Object_28470
Explosive,Object_26860
Corrosive,Object_14334
Toxic,Object_23476
Radioactive,Object_21188
Explosive,Object_03252
Food,Object_19248
Pressurized,Object_21906
Fragile,Object_15513
Fragile,Object_12090
Toxic,Object_25807
Toxic,Object_26687
Fragile,Object_07202
Toxic,Object_09284
Flammable,Object_03316
Flammable,Object_22304
Oxidizing,Object_08349
Flammable,Object_09723
Oxidizing,Object_15055
Pressurized,Object_15154
Unspecified,Object_03960
Radioactive,Object_09845
Unspecified,Object_08603
Corrosive,Object_14572
Unspecified,Object_20448
Radioactive,Object_00895
Oxidizing,Object_13883
Food,Object_26782
Oxidizing,Object_22115
Fragile,Object_11786
Explosive,Object_09101
Unspecified,Object_29027
Fragile,Object_19794
Oxidizing,Object_24800
Radioactive,Object_12698
Toxic,Object_10890
Corrosive,Object_21643
Food,Object_01906
Flammable,Object_17619
Corrosive,Object_27424
Food,Object_13425
Radioactive,Object_15794
Flammable,Object_12926
Flammable,Object_20853
Fragile,Object_01668
Fragile,Object_05189
Radioactive,Object_08284
Corrosive,Object_29728
Oxidizing,Object_06848
Food,Object_06095
Oxidizing,Object_21280
Pressurized,Object_03368
Corrosive,Object_04710
Food,Object_24032
Food,Object_08600
Explosive,Object_11692
Flammable,Object_28400
Fragile,Object_17078
Oxidizing,Object_17077
Unspecified,Object_23721
Oxidizing,Object_09328
Food,Object_07843
Explosive,Object_10036
Food,Object_07083
Fragile,Object_29866
Fragile,Object_00610
Food,Object_22428
Oxidizing,Object_18017
Flammable,Object_12548
Oxidizing,Object_26481
Toxic,Object_03700
Explosive,Object_23142
Pressurized,Object_00978
Oxidizing,Object_15718
Corrosive,Object_19501
Unspecified,Object_00106
Oxidizing,Object_10972
Oxidizing,Object_08958
Flammable,Object_20294
Flammable,Object_29112
Flammable,Object_17973
Fragile,Object_12210
Unspecified,Object_27033
Fragile,Object_23777
Toxic,Object_05455
Oxidizing,Object_23643
Pressurized,Object_06847
Flammable,Object_24881
Food,Object_07701
Toxic,Object_13501
Fragile,Object_12039
Oxidizing,Object_11303
Flammable,Object_02128
Flammable,Object_14223
Pressurized,Object_14878
Flammable,Object_25027
Fragile,Object_21403
Pressurized,Object_09482
Fragile,Object_01099
Toxic,Object_01228
Radioactive,Object_16930
Explosive,Object_02920
Unspecified,Object_22267
Fragile,Object_17522
Food,Object_02348
Pressurized,Object_27650
Food,Object_09465
Pressurized,Object_04888
Toxic,Object_27693
Fragile,Object_10272
Pressurized,Object_26053
Flammable,Object_10920
Flammable,Object_06410
Fragile,Object_25217
Radioactive,Object_28509
Toxic,Object_27316
Fragile,Object_08787
Unspecified,Object_03318
Pressurized,Object_23252
Food,Object_01764
Explosive,Object_30277
Oxidizing,Object_06032
Food,Object_06734
Explosive,Object_14856
Corrosive,Object_09168
Oxidizing,Object_22178
Oxidizing,Object_25609
Oxidizing,Object_05159
Explosive,Object_11753
Radioactive,Object_10020
Pressurized,Object_07791
Flammable,Object_14696
Corrosive,Object_06957
Food,Object_03162
Oxidizing,Object_20435
Fragile,Object_20222
Corrosive,Object_13387
Flammable,Object_00029
Explosive,Object_20589
Corrosive,Object_04563
Food,Object_22736
Radioactive,Object_18241
Flammable,Object_08491
Flammable,Object_10656
Toxic,Object_27355
Fragile,Object_08484
Unspecified,Object_18239
Pressurized,Object_24658
Food,Object_21225
Explosive,Object_29434
Explosive,Object_00355
Radioactive,Object_21477
Unspecified,Object_13910
Explosive,Object_02342
Unspecified,Object_04996
Unspecified,Object_20929
Unspecified,Object_24653
Corrosive,Object_16166
Flammable,Object_08572
Unspecified,Object_14214
Flammable,Object_24326
Explosive,Object_20535
Corrosive,Object_23122
Flammable,Object_09965
Unspecified,Object_02613
Fragile,Object_21437
Toxic,Object_29292
Unspecified,Object_27308
Fragile,Object_30080
Radioactive,Object_21426
Food,Object_15880
Corrosive,Object_01088
Fragile,Object_16579
Unspecified,Object_16662
Toxic,Object_28466
Food,Object_01269
Corrosive,Object_14070
Explosive,Object_05858
Toxic,Object_18341
Food,Object_04049
Unspecified,Object_25938
Food,Object_12773
Oxidizing,Object_00085
Radioactive,Object_08952
Corrosive,Object_20085
Toxic,Object_03015
Food,Object_25243
Toxic,Object_25905
Unspecified,Object_14280
Fragile,Object_10957
Corrosive,Object_23124
Food,Object_08128
Fragile,Object_28479
Unspecified,Object_03897
Flammable,Object_10456
Explosive,Object_04302
Unspecified,Object_02473
Radioactive,Object_22822
Flammable,Object_20134
Radioactive,Object_06615
Explosive,Object_01542
Toxic,Object_13073
Fragile,Object_07534
Oxidizing,Object_22255
Radioactive,Object_15663
Unspecified,Object_17802
Explosive,Object_21255
Unspecified,Object_26539
Pressurized,Object_29798
Corrosive,Object_21348
Explosive,Object_14888
Corrosive,Object_16880
Explosive,Object_27621
Explosive,Object_21189
Pressurized,Object_08524
Flammable,Object_24270
Radioactive,Object_25197
Toxic,Object_16828
Food,Object_02815
Fragile,Object_10903
Toxic,Object_07537
Radioactive,Object_26905
Explosive,Object_10777
Unspecified,Object_28910
Oxidizing,Object_09490
Fragile,Object_20039
Radioactive,Object_09019
Pressurized,Object_02672
Pressurized,Object_27339
Toxic,Object_08453
Oxidizing,Object_06037
Unspecified,Object_25781
Corrosive,Object_04028
Unspecified,Object_04959
Fragile,Object_01080
Explosive,Object_07694
Toxic,Object_14551
Flammable,Object_08804
Radioactive,Object_00724
Oxidizing,Object_09068
Toxic,Object_04718
Unspecified,Object_16154
Oxidizing,Object_12524
Flammable,Object_05103
Fragile,Object_21367
Pressurized,Object_09441
Corrosive,Object_13871
Pressurized,Object_13129
Unspecified,Object_09410
Toxic,Object_23210
Pressurized,Object_14824
Corrosive,Object_24953
Toxic,Object_17062
Oxidizing,Object_07301
Explosive,Object_01501
Pressurized,Object_03094
Explosive,Object_10658
Flammable,Object_30215
Flammable,Object_26260
Fragile,Object_15916
Explosive,Object_23998
Flammable,Object_30240
Radioactive,Object_22461
Oxidizing,Object_11592
Explosive,Object_14310
Flammable,Object_04565
Explosive,Object_23889
Oxidizing,Object_09795
Toxic,Object_08003
Explosive,Object_01190
Toxic,Object_28675
Corrosive,Object_01886
Flammable,Object_21558
Oxidizing,Object_17975
Fragile,Object_10590
Explosive,Object_26703
Food,Object_03696
Pressurized,Object_15197
Oxidizing,Object_09079
Corrosive,Object_22395
Oxidizing,Object_25545
Flammable,Object_12526
Oxidizing,Object_12018
Toxic,Object_09437
Unspecified,Object_14163
Corrosive,Object_04140
Oxidizing,Object_08863
Oxidizing,Object_06834
Toxic,Object_28296
Corrosive,Object_08840
Radioactive,Object_03208
Radioactive,Object_07932
Explosive,Object_19918
Fragile,Object_16605
Flammable,Object_07401
Flammable,Object_16467
Oxidizing,Object_06431
Explosive,Object_27231
Explosive,Object_16659
Food,Object_27337
Unspecified,Object_18856
Food,Object_08695
Pressurized,Object_25134
Oxidizing,Object_24957
Corrosive,Object_03035
Unspecified,Object_22108
Fragile,Object_00966
Flammable,Object_04288
Unspecified,Object_28876
Food,Object_00294
Explosive,Object_12150
Unspecified,Object_13576
Explosive,Object_04562
Pressurized,Object_21899
Corrosive,Object_28781
Food,Object_18444
Corrosive,Object_17988
Radioactive,Object_07502
Food,Object_03640
Oxidizing,Object_15286
Fragile,Object_01908
Food,Object_01319
Food,Object_27989
Flammable,Object_23803
Toxic,Object_28593
Food,Object_14085
Oxidizing,Object_15551
Pressurized,Object_12690
Fragile,Object_20315
Radioactive,Object_06076
Unspecified,Object_16934
Corrosive,Object_30210
Corrosive,Object_25998
Pressurized,Object_09130
Unspecified,Object_18478
Fragile,Object_18203
Food,Object_23073
Radioactive,Object_25710
Oxidizing,Object_26262
Fragile,Object_03597
Unspecified,Object_15807
Fragile,Object_04001
Food,Object_05757
Unspecified,Object_17866
Oxidizing,Object_16370
Explosive,Object_20348
Explosive,Object_00611
Food,Object_15208
Toxic,Object_06146
Food,Object_27525
Food,Object_15798
Unspecified,Object_27966
Fragile,Object_01043
Food,Object_09194
Radioactive,Object_18096
Radioactive,Object_00840
Food,Object_06803
Unspecified,Object_04445
Toxic,Object_14641
Radioactive,Object_15596
Toxic,Object_22956
Flammable,Object_03406
Radioactive,Object_21590
Fragile,Object_07724
Food,Object_19507
Oxidizing,Object_12922
Radioactive,Object_16300
Radioactive,Object_00477
Toxic,Object_18230
Fragile,Object_21094
Toxic,Object_13200
Food,Object_12497
Toxic,Object_29808
Fragile,Object_13911
Flammable,Object_12616
Unspecified,Object_22759
Oxidizing,Object_26165
Radioactive,Object_05667
Toxic,Object_19724
Unspecified,Object_07553
Corrosive,Object_24863
Pressurized,Object_11329
Radioactive,Object_01716
Fragile,Object_13288
Unspecified,Object_28800
Pressurized,Object_16103
Fragile,Object_20113
Flammable,Object_13907
Pressurized,Object_16365
Radioactive,Object_17879
Radioactive,Object_12126
Corrosive,Object_03154
Corrosive,Object_07715
Fragile,Object_12298
Food,Object_15884
Corrosive,Object_04779
Explosive,Object_01055
Radioactive,Object_04066
Food,Object_26159
Explosive,Object_17804
Explosive,Object_16419
Flammable,Object_23797
Fragile,Object_05161
Corrosive,Object_15242
Toxic,Object_07949
Explosive,Object_04299
Food,Object_19213
Corrosive,Object_00227
Corrosive,Object_00821
Food,Object_03079
Corrosive,Object_29598
Unspecified,Object_23098
Radioactive,Object_20047
Explosive,Object_01106
Radioactive,Object_01295
Flammable,Object_02173
Unspecified,Object_19292
Oxidizing,Object_25233
Radioactive,Object_09801
Pressurized,Object_26309
Flammable,Object_27651
Fragile,Object_15164
Explosive,Object_29026
Radioactive,Object_11249
Unspecified,Object_15757
Pressurized,Object_17525
Radioactive,Object_13099
Oxidizing,Object_19255
Flammable,Object_11104
Oxidizing,Object_18414
Food,Object_13586
Pressurized,Object_08947
Pressurized,Object_07557
Fragile,Object_13088
Fragile,Object_02398
Food,Object_28302
Oxidizing,Object_01255
Toxic,Object_27519
Corrosive,Object_15007
Flammable,Object_04127
Unspecified,Object_18179
Pressurized,Object_07326
Toxic,Object_09809
Oxidizing,Object_14277
Flammable,Object_19959
Explosive,Object_19130
Radioactive,Object_12188
Fragile,Object_04010
Oxidizing,Object_21966
Corrosive,Object_27585
Flammable,Object_04992
Corrosive,Object_14401
Corrosive,Object_29322
Food,Object_18756
Radioactive,Object_10381
Explosive,Object_07477
Fragile,Object_28902
Food,Object_16963
Corrosive,Object_21757
Food,Object_09105
Radioactive,Object_23837
Pressurized,Object_28181
Explosive,Object_20944
Explosive,Object_18783
Unspecified,Object_22347
Toxic,Object_04554
Radioactive,Object_14488
Unspecified,Object_17560
Pressurized,Object_04020
Fragile,Object_29585
Fragile,Object_24564
Toxic,Object_06586
Flammable,Object_06457
Fragile,Object_20489
Unspecified,Object_03557
Radioactive,Object_17367
Fragile,Object_01399
Oxidizing,Object_25872
Food,Object_13597
Flammable,Object_22635
Toxic,Object_28016
Corrosive,Object_02708
Toxic,Object_05425
Corrosive,Object_28402
Unspecified,Object_06184
Radioactive,Object_14038
Explosive,Object_17915
Food,Object_19659
Oxidizing,Object_23425
Toxic,Object_13439
Corrosive,Object_29847
Oxidizing,Object_16847
Toxic,Object_21879
Radioactive,Object_04932
Food,Object_09029
Corrosive,Object_03856
Unspecified,Object_28998
Unspecified,Object_19851
Explosive,Object_17976
Oxidizing,Object_12649
Flammable,Object_25133
Explosive,Object_23383
Toxic,Object_02581
Radioactive,Object_25732
Radioactive,Object_25015
Oxidizing,Object_25845
Explosive,Object_24820
Oxidizing,Object_23195
Toxic,Object_28537
Pressurized,Object_14421
Radioactive,Object_04117
Pressurized,Object_11649
Corrosive,Object_25870
Corrosive,Object_10912
Explosive,Object_22980
Explosive,Object_04628
Unspecified,Object_07924
Food,Object_03864
Radioactive,Object_11771
Fragile,Object_08715
Pressurized,Object_09851
Toxic,Object_24047
Oxidizing,Object_11598
Explosive,Object_13745
Explosive,Object_29499
Oxidizing,Object_12034
Explosive,Object_18843
Unspecified,Object_25470
Corrosive,Object_16746
Unspecified,Object_04860
Corrosive,Object_05292
Unspecified,Object_26174
Radioactive,Object_09796
Explosive,Object_23464
Pressurized,Object_10792
Unspecified,Object_24903
Corrosive,Object_16206
Explosive,Object_15714
Radioactive,Object_12511
Fragile,Object_11105
Unspecified,Object_27889
Unspecified,Object_27071
Flammable,Object_08917
Explosive,Object_29143
Food,Object_01933
Oxidizing,Object_04089
Flammable,Object_26700
Explosive,Object_00182
Fragile,Object_16384
Unspecified,Object_29102
Unspecified,Object_26733
Fragile,Object_19099
Corrosive,Object_14309
Pressurized,Object_12304
Explosive,Object_28901
Pressurized,Object_12613
Fragile,Object_29034
Oxidizing,Object_00833
Fragile,Object_03476
Oxidizing,Object_07812
Oxidizing,Object_21099
Oxidizing,Object_13091
Pressurized,Object_14793
Fragile,Object_06794
Explosive,Object_09556
Pressurized,Object_14077
Food,Object_22952
Unspecified,Object_05260
Oxidizing,Object_22801
Corrosive,Object_08591
Corrosive,Object_09463
Food,Object_09677
Oxidizing,Object_14238
Corrosive,Object_15712
Food,Object_24470
Radioactive,Object_22226
Unspecified,Object_03437
Fragile,Object_30275
Corrosive,Object_22162
Radioactive,Object_16919
Food,Object_11224
Unspecified,Object_19529
Toxic,Object_21196
Fragile,Object_04560
Radioactive,Object_06219
Fragile,Object_01227
Toxic,Object_05546
Oxidizing,Object_13833
Pressurized,Object_18437
Radioactive,Object_19381
Unspecified,Object_23112
Oxidizing,Object_20726
Unspecified,Object_26962
Corrosive,Object_06711
Explosive,Object_04200
Radioactive,Object_30007
Radioactive,Object_03827
Radioactive,Object_08028
Toxic,Object_04884
Radioactive,Object_16322
Food,Object_29858
Corrosive,Object_24871
Oxidizing,Object_06357
Oxidizing,Object_19334
Radioactive,Object_06342
Pressurized,Object_14306
Food,Object_04778
Radioactive,Object_07614
Flammable,Object_19483
Fragile,Object_25618
Unspecified,Object_25947
Toxic,Object_00392
Corrosive,Object_15419
Unspecified,Object_06988
Toxic,Object_05356
Toxic,Object_16423
Food,Object_17023
Toxic,Object_10057
Oxidizing,Object_15090
Oxidizing,Object_28562
Oxidizing,Object_20385
Corrosive,Object_18282
Food,Object_21152
Corrosive,Object_05752
Radioactive,Object_16260
Food,Object_13734
Explosive,Object_17012
Pressurized,Object_13456
Toxic,Object_02876
Unspecified,Object_30076
Corrosive,Object_25701
Oxidizing,Object_06461
Explosive,Object_25419
Food,Object_17155
Fragile,Object_06283
Radioactive,Object_21439
Explosive,Object_10137
Food,Object_04453
Flammable,Object_22280
Oxidizing,Object_28258
Fragile,Object_25338
Explosive,Object_04677
Oxidizing,Object_06432
Oxidizing,Object_00216
Toxic,Object_19235
Food,Object_03986
Flammable,Object_21300
Unspecified,Object_11138
Corrosive,Object_04180
Fragile,Object_19274
Corrosive,Object_03988
Pressurized,Object_19437
Explosive,Object_22924
Fragile,Object_02358
Explosive,Object_26816
Food,Object_18887
Flammable,Object_26199
Pressurized,Object_05855
Flammable,Object_13538
Pressurized,Object_04785
Corrosive,Object_04882
Flammable,Object_00113
Unspecified,Object_12360
Food,Object_17091
Radioactive,Object_01113
Oxidizing,Object_22242
Pressurized,Object_04690
Fragile,Object_28635
Pressurized,Object_23188
Corrosive,Object_23532
Toxic,Object_26692
Food,Object_04208
Oxidizing,Object_05527
Pressurized,Object_27644
Toxic,Object_14740
Toxic,Object_12299
Oxidizing,Object_14776
Unspecified,Object_06985
Oxidizing,Object_03987
Pressurized,Object_26056
Radioactive,Object_04966
Explosive,Object_21562
Corrosive,Object_27134
Food,Object_30294
Food,Object_19007
Fragile,Object_29741
Pressurized,Object_08023
Flammable,Object_22288
Radioactive,Object_29908
Oxidizing,Object_01235
Flammable,Object_21515
Flammable,Object_11295
Food,Object_18634
Pressurized,Object_04813
Toxic,Object_15665
Radioactive,Object_03351
Flammable,Object_29431
Toxic,Object_13878
Explosive,Object_28193
Pressurized,Object_27491
Oxidizing,Object_19056
Fragile,Object_24351
Pressurized,Object_13608
Unspecified,Object_09604
Corrosive,Object_20173
Toxic,Object_20408
Unspecified,Object_14239
Oxidizing,Object_05913
Radioactive,Object_27950
Food,Object_10045
Oxidizing,Object_30073
Radioactive,Object_15568
Flammable,Object_11713
Corrosive,Object_20318
Radioactive,Object_27915
Corrosive,Object_20693
Flammable,Object_26899
Radioactive,Object_28326
Toxic,Object_10225
Corrosive,Object_03718
Corrosive,Object_07191
Oxidizing,Object_28075
Pressurized,Object_17228
Pressurized,Object_11868
Food,Object_07312
Corrosive,Object_08108
Pressurized,Object_01266
Pressurized,Object_07730
Pressurized,Object_12020
Explosive,Object_10329
Toxic,Object_05952
Corrosive,Object_23567
Corrosive,Object_00040
Radioactive,Object_07114
Oxidizing,Object_25611
Food,Object_10904
Flammable,Object_01473
Unspecified,Object_19817
Flammable,Object_05859
Fragile,Object_18920
Unspecified,Object_25958
Radioactive,Object_07675
Corrosive,Object_03350
Pressurized,Object_29569
Corrosive,Object_21381
Flammable,Object_19677
Pressurized,Object_04036
Radioactive,Object_07952
Corrosive,Object_26732
Toxic,Object_18244
Fragile,Object_09317
Explosive,Object_01182
Corrosive,Object_07383
Fragile,Object_19995
Radioactive,Object_04025
Fragile,Object_22135
Pressurized,Object_14183
Unspecified,Object_24958
Food,Object_19698
Radioactive,Object_01670
Corrosive,Object_24686
Toxic,Object_27041
Pressurized,Object_21926
Pressurized,Object_14311
Explosive,Object_07166
Food,Object_27222
Corrosive,Object_17355
Radioactive,Object_17519
Food,Object_24271
Oxidizing,Object_09192
Flammable,Object_15402
Unspecified,Object_00440
Radioactive,Object_14046
Pressurized,Object_17579
Flammable,Object_21859
Fragile,Object_25823
Radioactive,Object_15702
Oxidizing,Object_13155
Explosive,Object_22977
Oxidizing,Object_10953
Unspecified,Object_26749
Food,Object_16325
Corrosive,Object_17173
Food,Object_06625
Flammable,Object_24410
Food,Object_17122
Fragile,Object_27178
Corrosive,Object_24808
Unspecified,Object_22233
Explosive,Object_20277
Oxidizing,Object_19563
Toxic,Object_20310
Fragile,Object_11209
Food,Object_21059
Unspecified,Object_08216
Pressurized,Object_18438
Flammable,Object_26251
Food,Object_08645
Toxic,Object_11072
Radioactive,Object_07196
Oxidizing,Object_03022
Flammable,Object_02034
Oxidizing,Object_21040
Toxic,Object_18261
Flammable,Object_18862
Explosive,Object_03210
Toxic,Object_09859
Flammable,Object_08042
Explosive,Object_10149
Corrosive,Object_16327
Fragile,Object_15621
Oxidizing,Object_13267
Oxidizing,Object_00438
Food,Object_16644
Pressurized,Object_16237
Flammable,Object_15797
Pressurized,Object_06714
Toxic,Object_18877
Fragile,Object_07807
Radioactive,Object_02462
Food,Object_11541
Corrosive,Object_03654
Toxic,Object_20020
Flammable,Object_00981
Pressurized,Object_22539
Flammable,Object_29862
Toxic,Object_06571
Explosive,Object_24221
Flammable,Object_24627
Fragile,Object_10425
Flammable,Object_04372
Fragile,Object_20727
Unspecified,Object_01784
Flammable,Object_24010
Explosive,Object_27423
Pressurized,Object_24188
Corrosive,Object_02892
Flammable,Object_17104
Explosive,Object_09598
Explosive,Object_20481
Flammable,Object_01684
Explosive,Object_27043
Unspecified,Object_21130
Corrosive,Object_13720
Fragile,Object_10060
Fragile,Object_07899
Pressurized,Object_20252
Radioactive,Object_29530
Corrosive,Object_20475
Oxidizing,Object_00086
Explosive,Object_13260
Pressurized,Object_21001
Food,Object_06241
Flammable,Object_05707
Unspecified,Object_29164
Pressurized,Object_18780
Radioactive,Object_16518
Radioactive,Object_04541
Explosive,Object_00285
Radioactive,Object_24031
Flammable,Object_04367
Fragile,Object_03049
Unspecified,Object_28557
Flammable,Object_11720
Unspecified,Object_03843
Fragile,Object_10386
Oxidizing,Object_16418
Radioactive,Object_22742
Corrosive,Object_05559
Unspecified,Object_15158
Flammable,Object_02489
Explosive,Object_01050
Unspecified,Object_05384
Pressurized,Object_04404
Food,Object_10167
Fragile,Object_03582
Radioactive,Object_15773
Flammable,Object_11080
Pressurized,Object_23113
Flammable,Object_15363
Fragile,Object_09783
Explosive,Object_05520
Corrosive,Object_21017
Radioactive,Object_14395
Fragile,Object_20423
Fragile,Object_03618
Flammable,Object_07201
Radioactive,Object_28446
Food,Object_17925
Food,Object_14495
Fragile,Object_25814
Unspecified,Object_24039
Corrosive,Object_26546
Oxidizing,Object_26889
Pressurized,Object_21804
Oxidizing,Object_19726
Pressurized,Object_20387
Explosive,Object_28594
Fragile,Object_04820
Oxidizing,Object_29417
Oxidizing,Object_15795
Radioactive,Object_01997
Radioactive,Object_22621
Pressurized,Object_01311
Toxic,Object_22056
Unspecified,Object_08021
Flammable,Object_20503
Explosive,Object_12397
Food,Object_23369
Fragile,Object_21735
Pressurized,Object_29083
Flammable,Object_06360
Flammable,Object_07931
Explosive,Object_14686
Fragile,Object_06508
Corrosive,Object_29526
Oxidizing,Object_03219
Flammable,Object_24087
Food,Object_27029
Unspecified,Object_11711
Corrosive,Object_23909
Pressurized,Object_23608
Food,Object_02632
Unspecified,Object_23801
Oxidizing,Object_28023
Radioactive,Object_03643
Oxidizing,Object_00299
Food,Object_25208
Radioactive,Object_21634
Radioactive,Object_20566
Unspecified,Object_25155
Toxic,Object_01209
Flammable,Object_28895
Flammable,Object_28189
Toxic,Object_03744
Radioactive,Object_13826
Unspecified,Object_17108
Unspecified,Object_05182
Food,Object_01132
Corrosive,Object_29480
Food,Object_18485
Corrosive,Object_23584
Explosive,Object_26235
Corrosive,Object_27551
Fragile,Object_28062
Fragile,Object_29086
Toxic,Object_01045
Unspecified,Object_17200
Food,Object_20581
Unspecified,Object_09925
Pressurized,Object_10084
Unspecified,Object_10803
Toxic,Object_12388
Radioactive,Object_01616
Unspecified,Object_04376
Pressurized,Object_18987
Radioactive,Object_24554
Unspecified,Object_19825
Unspecified,Object_15262
Food,Object_08328
Fragile,Object_28631
Explosive,Object_23993
Unspecified,Object_02611
Pressurized,Object_26343
Oxidizing,Object_00403
Flammable,Object_13171
Fragile,Object_11472
Flammable,Object_24715
Radioactive,Object_04258
Radioactive,Object_15594
Explosive,Object_25119
Unspecified,Object_22408
Unspecified,Object_04273
Radioactive,Object_24825
Pressurized,Object_14252
Unspecified,Object_20290
Food,Object_13312
Toxic,Object_17499
Oxidizing,Object_09695
Pressurized,Object_22427
Toxic,Object_02202
Flammable,Object_03642
Toxic,Object_20491
Explosive,Object_04848
Food,Object_14971
Corrosive,Object_07021
Oxidizing,Object_22698
Radioactive,Object_16705
Flammable,Object_05170
Unspecified,Object_21158
Oxidizing,Object_11787
Food,Object_29063
Flammable,Object_03964
Corrosive,Object_10501
Oxidizing,Object_16459
Food,Object_18625
Oxidizing,Object_20015
Food,Object_09549
Explosive,Object_20868
Unspecified,Object_04906
Food,Object_15546
Fragile,Object_27838
Fragile,Object_28405
Explosive,Object_29093
Corrosive,Object_26635
Pressurized,Object_14149
Corrosive,Object_03443
Explosive,Object_28284
Pressurized,Object_27916
Explosive,Object_13719
Radioactive,Object_21042
Unspecified,Object_16530
Pressurized,Object_29133
Explosive,Object_04952
Food,Object_24441
Explosive,Object_27008
Radioactive,Object_29209
Unspecified,Object_21362
Explosive,Object_18980
Food,Object_06991
Toxic,Object_14466
Flammable,Object_18886
Corrosive,Object_28270
Corrosive,Object_24753
Pressurized,Object_29548
Explosive,Object_05895
Oxidizing,Object_27611
Unspecified,Object_17402
Flammable,Object_00395
Food,Object_26353
Oxidizing,Object_11782
Oxidizing,Object_20254
Explosive,Object_14285
Radioactive,Object_19930
Radioactive,Object_24495
Unspecified,Object_15153
Pressurized,Object_14047
Fragile,Object_14079
Toxic,Object_20008
Food,Object_20919
Pressurized,Object_16956
Toxic,Object_09512
Unspecified,Object_02314
Flammable,Object_16629
Oxidizing,Object_07531
Corrosive,Object_20360
Unspecified,Object_00121
Food,Object_16138
Toxic,Object_11701
Radioactive,Object_16748
Food,Object_21200
Radioactive,Object_11573
Flammable,Object_03728
Oxidizing,Object_15782
Toxic,Object_02083
Flammable,Object_13829
Oxidizing,Object_29766
Explosive,Object_15708
Corrosive,Object_21252
Toxic,Object_20778
Oxidizing,Object_09951
Radioactive,Object_11520
Fragile,Object_29067
Radioactive,Object_21013
Oxidizing,Object_04019
Flammable,Object_07787
Radioactive,Object_14491
Pressurized,Object_11763
Flammable,Object_02893
Unspecified,Object_06886
Explosive,Object_21469
Radioactive,Object_15785
Pressurized,Object_14982
Flammable,Object_17494
Flammable,Object_16899
Toxic,Object_23723
Flammable,Object_07743
Fragile,Object_06216
Food,Object_06067
Food,Object_09976
Unspecified,Object_13756
Unspecified,Object_21307
Explosive,Object_02973
Pressurized,Object_17686
Food,Object_25355
Pressurized,Object_02725
Pressurized,Object_01539
Oxidizing,Object_23404
Toxic,Object_16165
Corrosive,Object_07151
Radioactive,Object_19684
Fragile,Object_21943
Flammable,Object_16942
Unspecified,Object_12769
Fragile,Object_03553
Pressurized,Object_14473
Corrosive,Object_23676
Flammable,Object_10545
Corrosive,Object_29004
Oxidizing,Object_29242
Fragile,Object_26123
Oxidizing,Object_20998
Explosive,Object_03340
Explosive,Object_23917
Explosive,Object_20021
Radioactive,Object_12971
Toxic,Object_25899
Food,Object_13517
Fragile,Object_06621
Explosive,Object_02049
Pressurized,Object_20733
Corrosive,Object_16920
Unspecified,Object_13792
Food,Object_03300
Explosive,Object_19444
Flammable,Object_06462
Unspecified,Object_26382
Oxidizing,Object_25232
Flammable,Object_02460
Radioactive,Object_20363
Toxic,Object_28010
Oxidizing,Object_25623
Explosive,Object_25842
Radioactive,Object_11719
Oxidizing,Object_20353
Corrosive,Object_18678
Flammable,Object_08502
Explosive,Object_12103
Corrosive,Object_18147
Oxidizing,Object_03077
Pressurized,Object_02216
Explosive,Object_08374
Radioactive,Object_18894
Oxidizing,Object_15227
Flammable,Object_29149
Radioactive,Object_02574
Unspecified,Object_26582
Explosive,Object_04336
Pressurized,Object_17229
Fragile,Object_06975
Food,Object_11060
Fragile,Object_23280
Unspecified,Object_21009
Fragile,Object_00632
Corrosive,Object_04002
Radioactive,Object_20404
Radioactive,Object_08445
Toxic,Object_20444
Pressurized,Object_12979
Pressurized,Object_11838
Explosive,Object_03169
Fragile,Object_13751
Radioactive,Object_30256
Fragile,Object_00233
Food,Object_21212
Food,Object_15104
Pressurized,Object_23537
Flammable,Object_10410
Unspecified,Object_13885
Flammable,Object_17183
Pressurized,Object_12049
Explosive,Object_06065
Food,Object_09589
Toxic,Object_22568
Flammable,Object_03170
Food,Object_25436
Unspecified,Object_30331
Pressurized,Object_27130
Explosive,Object_05112
Corrosive,Object_12464
Pressurized,Object_18045
Unspecified,Object_12217
Radioactive,Object_28978
Pressurized,Object_20381
Explosive,Object_15711
Fragile,Object_21135
Oxidizing,Object_09250
Explosive,Object_20331
Pressurized,Object_14565
Radioactive,Object_27057
Explosive,Object_00483
Corrosive,Object_29506
Pressurized,Object_17160
Fragile,Object_07062
Explosive,Object_24238
Radioactive,Object_00747
Food,Object_11635
Unspecified,Object_29897
Fragile,Object_08311
Explosive,Object_10811
Pressurized,Object_22281
Explosive,Object_07736
Oxidizing,Object_23799
Fragile,Object_07795
Pressurized,Object_12770
Unspecified,Object_26843
Flammable,Object_13755
Pressurized,Object_09259
Unspecified,Object_21631
Corrosive,Object_05811
Flammable,Object_03172
Flammable,Object_15390
Fragile,Object_03869
Toxic,Object_00165
Pressurized,Object_13078
Pressurized,Object_08538
Pressurized,Object_25982
Oxidizing,Object_11250
Explosive,Object_12309
Explosive,Object_26338
Unspecified,Object_05597
Explosive,Object_18516
Unspecified,Object_06194
Flammable,Object_18385
Corrosive,Object_26846
Flammable,Object_22322
Food,Object_28695
Toxic,Object_03906
Fragile,Object_01074
Oxidizing,Object_20524
Corrosive,Object_20413
Toxic,Object_25490
Unspecified,Object_05537
Unspecified,Object_01544
Explosive,Object_25646
Fragile,Object_24262
Food,Object_09118
Toxic,Object_03231
Flammable,Object_04606
Unspecified,Object_16093
Radioactive,Object_24113
Explosive,Object_18410
Radioactive,Object_24180
Food,Object_27459
Corrosive,Object_23715
Corrosive,Object_15001
Toxic,Object_26496
Radioactive,Object_25792
Fragile,Object_11019
Oxidizing,Object_18603
Oxidizing,Object_23943
Flammable,Object_27860
Radioactive,Object_04596
Unspecified,Object_22026
Fragile,Object_12485
Food,Object_12016
Toxic,Object_02174
Pressurized,Object_22738
Toxic,Object_08176
Unspecified,Object_25605
Toxic,Object_23626
Radioactive,Object_01148
Pressurized,Object_09768
Corrosive,Object_22219
Flammable,Object_18910
Unspecified,Object_18554
Corrosive,Object_11128
Radioactive,Object_18171
Unspecified,Object_01932
Radioactive,Object_13816
Oxidizing,Object_07000
Explosive,Object_22769
Oxidizing,Object_01289
Flammable,Object_17273
Pressurized,Object_23887
Toxic,Object_26167
Flammable,Object_22276
Radioactive,Object_28517
Fragile,Object_11849
Flammable,Object_23150
Fragile,Object_01016
Corrosive,Object_24396
Food,Object_00304
Flammable,Object_17482
Fragile,Object_20394
Corrosive,Object_11057
Pressurized,Object_16317
Oxidizing,Object_16168
Corrosive,Object_20962
Unspecified,Object_08680
Corrosive,Object_27686
Oxidizing,Object_26714
Toxic,Object_07046
Pressurized,Object_06852
Flammable,Object_16374
Radioactive,Object_09326
Unspecified,Object_03904
Flammable,Object_19104
Unspecified,Object_08821
Explosive,Object_23596
Oxidizing,Object_09655
Explosive,Object_24394
Unspecified,Object_12274
Corrosive,Object_12938
Radioactive,Object_09997
Corrosive,Object_21942
Unspecified,Object_09848
Food,Object_02441
Pressurized,Object_22803
Pressurized,Object_19023
Toxic,Object_08181
Food,Object_19055
Fragile,Object_21668
Toxic,Object_22611
Oxidizing,Object_11055
Corrosive,Object_00642
Food,Object_30350
Flammable,Object_11168
Pressurized,Object_05401
Unspecified,Object_18797
Toxic,Object_16592
Radioactive,Object_03719
Oxidizing,Object_10671
Toxic,Object_23996
Toxic,Object_11689
Unspecified,Object_26092
Oxidizing,Object_23004
Oxidizing,Object_11023
Oxidizing,Object_24910
Pressurized,Object_17147
Flammable,Object_08584
Food,Object_00444
Flammable,Object_01948
Pressurized,Object_06609
Toxic,Object_25204
Oxidizing,Object_28117
Pressurized,Object_23184
Radioactive,Object_15169
Unspecified,Object_23096
Oxidizing,Object_08649
Radioactive,Object_23781
Fragile,Object_28716
Radioactive,Object_19860
Unspecified,Object_12359
Oxidizing,Object_20791
Radioactive,Object_21753
Unspecified,Object_19075
Pressurized,Object_07284
Explosive,Object_04315
Toxic,Object_00401
Corrosive,Object_26393
Toxic,Object_00320
Explosive,Object_12592
Toxic,Object_28421
Corrosive,Object_20375
Corrosive,Object_24288
