Type, Name
Flammable,Objet_26153
Oxidizing,Objet_11133
Unspecified,Objet_14377
Explosive,Objet_12396
Pressurized,Objet_09689
Food,Objet_13971
Oxidizing,Objet_05210
Pressurized,Objet_25547
Pressurized,Objet_22370
Toxic,Objet_26521
Oxidizing,Objet_02240
Unspecified,Objet_23751
Flammable,Objet_04726
Corrosive,Objet_05553
Pressurized,Objet_03254
Unspecified,Objet_29941
Pressurized,Objet_26022
Fragile,Objet_08345
Fragile,Objet_08261
Corrosive,Objet_22323
Toxic,Objet_27328
Toxic,Objet_20081
Flammable,Objet_01153
Explosive,Objet_05983
Explosive,Objet_20971
Fragile,Objet_28594
Explosive,Objet_07001
Fragile,Objet_13187
Explosive,Objet_29399
Corrosive,Objet_23103
Toxic,Objet_22995
Fragile,Objet_14354
Explosive,Objet_15206
Unspecified,Objet_21999
Explosive,Objet_28356
Toxic,Objet_17612
Fragile,Objet_21565
Corrosive,Objet_14835
Radioactive,Objet_14479
Radioactive,Objet_22237
Pressurized,Objet_28816
Oxidizing,Objet_22383
Food,Objet_05803
Flammable,Objet_28274
Oxidizing,Objet_26616
Fragile,Objet_05476
Pressurized,Objet_09293
Oxidizing,Objet_03981
Oxidizing,Objet_28848
Corrosive,Objet_15512
Food,Objet_18079
Fragile,Objet_24067
Fragile,Objet_02852
Unspecified,Objet_08586
Food,Objet_26456
Unspecified,Objet_20506
Corrosive,Objet_05872
Unspecified,Objet_26473
Food,Objet_12340
Pressurized,Objet_28127
Unspecified,Objet_26567
Explosive,Objet_27309
Corrosive,Objet_10422
Pressurized,Objet_12515
Food,Objet_14294
Pressurized,Objet_28506
Fragile,Objet_15471
Fragile,Objet_00499
Radioactive,Objet_25168
Flammable,Objet_12907
Pressurized,Objet_00449
Oxidizing,Objet_09287
Flammable,Objet_26307
Explosive,Objet_17518
Corrosive,Objet_17333
Fragile,Objet_29145
Explosive,Objet_23084
Flammable,Objet_02955
Radioactive,Objet_11516
Food,Objet_04155
Flammable,Objet_11278
Oxidizing,Objet_19111
Food,Objet_02799
Explosive,Objet_06816
Oxidizing,Objet_17649
Flammable,Objet_07393
Radioactive,Objet_22687
Food,Objet_23440
Fragile,Objet_23899
Fragile,Objet_11709
Food,Objet_00993
Fragile,Objet_27686
Oxidizing,Objet_24601
Flammable,Objet_27394
Pressurized,Objet_23614
Food,Objet_03820
Toxic,Objet_14717
Corrosive,Objet_23173
Unspecified,Objet_21046
Pressurized,Objet_13925
Oxidizing,Objet_12957
Explosive,Objet_21355
Radioactive,Objet_04230
Toxic,Objet_20418
Corrosive,Objet_09141
Explosive,Objet_01518
Flammable,Objet_07675
Pressurized,Objet_12512
Corrosive,Objet_25205
Corrosive,Objet_13990
Toxic,Objet_13899
Radioactive,Objet_20885
Explosive,Objet_24719
Corrosive,Objet_21739
Corrosive,Objet_00101
Food,Objet_28067
Oxidizing,Objet_17959
Pressurized,Objet_11775
Corrosive,Objet_05186
Corrosive,Objet_06956
Toxic,Objet_26873
Pressurized,Objet_13846
Radioactive,Objet_29345
Pressurized,Objet_09167
Explosive,Objet_22551
Toxic,Objet_16466
Oxidizing,Objet_03060
Pressurized,Objet_26323
Oxidizing,Objet_24317
Radioactive,Objet_06091
Corrosive,Objet_23675
Pressurized,Objet_17127
Fragile,Objet_15998
Pressurized,Objet_10900
Explosive,Objet_20422
Fragile,Objet_18109
Toxic,Objet_20077
Radioactive,Objet_05447
Food,Objet_00612
Unspecified,Objet_08841
Food,Objet_23650
Fragile,Objet_16990
Unspecified,Objet_08887
Fragile,Objet_00043
Pressurized,Objet_28388
Radioactive,Objet_23127
Corrosive,Objet_07086
Food,Objet_13082
Flammable,Objet_08523
Explosive,Objet_16360
Toxic,Objet_12156
Fragile,Objet_13706
Fragile,Objet_21784
Fragile,Objet_12004
Toxic,Objet_29331
Oxidizing,Objet_16891
Explosive,Objet_08062
Flammable,Objet_20754
Fragile,Objet_08662
Radioactive,Objet_12308
Unspecified,Objet_02963
Toxic,Objet_07451
Fragile,Objet_23694
Radioactive,Objet_26392
Toxic,Objet_22101
Flammable,Objet_00968
Food,Objet_19628
Toxic,Objet_11716
Pressurized,Objet_18539
Explosive,Objet_01092
Fragile,Objet_24232
Unspecified,Objet_15232
Food,Objet_08265
Food,Objet_17930
Oxidizing,Objet_24207
Unspecified,Objet_29216
Unspecified,Objet_26628
Unspecified,Objet_16015
Radioactive,Objet_28188
Radioactive,Objet_03816
Radioactive,Objet_00587
Pressurized,Objet_14584
Explosive,Objet_06919
Pressurized,Objet_06419
Fragile,Objet_11520
Flammable,Objet_00214
Oxidizing,Objet_04358
Unspecified,Objet_08487
Corrosive,Objet_21937
Unspecified,Objet_17609
Radioactive,Objet_03728
Radioactive,Objet_30026
Unspecified,Objet_19677
Pressurized,Objet_13231
Toxic,Objet_19478
Oxidizing,Objet_05650
Explosive,Objet_14416
Unspecified,Objet_26067
Corrosive,Objet_09106
Fragile,Objet_11279
Toxic,Objet_25950
Corrosive,Objet_29506
Corrosive,Objet_05799
Corrosive,Objet_11100
Flammable,Objet_00015
Corrosive,Objet_17774
Flammable,Objet_14739
Flammable,Objet_23344
Pressurized,Objet_17762
Radioactive,Objet_19841
Pressurized,Objet_15166
Explosive,Objet_09695
Flammable,Objet_01056
Explosive,Objet_18007
Pressurized,Objet_12164
Corrosive,Objet_25254
Food,Objet_10771
Flammable,Objet_23997
Toxic,Objet_05156
Pressurized,Objet_06830
Pressurized,Objet_00433
Toxic,Objet_07008
Pressurized,Objet_12071
Unspecified,Objet_10136
Fragile,Objet_13188
Oxidizing,Objet_13932
Toxic,Objet_26206
Explosive,Objet_29225
Oxidizing,Objet_01803
Food,Objet_27517
Food,Objet_30082
Food,Objet_26471
Explosive,Objet_27104
Food,Objet_25487
Fragile,Objet_03313
Corrosive,Objet_05685
Toxic,Objet_01061
Explosive,Objet_04778
Corrosive,Objet_06976
Food,Objet_03179
Flammable,Objet_27130
Radioactive,Objet_24228
Explosive,Objet_21486
Fragile,Objet_16334
Oxidizing,Objet_05134
Radioactive,Objet_11082
Food,Objet_23280
Fragile,Objet_26874
Fragile,Objet_10335
Oxidizing,Objet_26139
Food,Objet_08709
Unspecified,Objet_19626
Corrosive,Objet_22516
Food,Objet_08644
Flammable,Objet_22824
Unspecified,Objet_07939
Oxidizing,Objet_27808
Oxidizing,Objet_24041
Unspecified,Objet_22579
Corrosive,Objet_20128
Flammable,Objet_13069
Pressurized,Objet_23435
Corrosive,Objet_23367
Fragile,Objet_23524
Explosive,Objet_00165
Corrosive,Objet_07681
Food,Objet_25613
Oxidizing,Objet_16960
Unspecified,Objet_03371
Fragile,Objet_29805
Pressurized,Objet_00089
Toxic,Objet_17567
Corrosive,Objet_00266
Radioactive,Objet_27964
Explosive,Objet_15696
Corrosive,Objet_24772
Fragile,Objet_06395
Fragile,Objet_12914
Radioactive,Objet_07276
Oxidizing,Objet_29838
Unspecified,Objet_08764
Toxic,Objet_23098
Food,Objet_25810
Pressurized,Objet_19931
Toxic,Objet_21107
Explosive,Objet_10458
Pressurized,Objet_06648
Toxic,Objet_07471
Fragile,Objet_17527
Food,Objet_05040
Unspecified,Objet_03127
Explosive,Objet_13970
Food,Objet_19382
Oxidizing,Objet_23334
Pressurized,Objet_10782
Flammable,Objet_25042
Radioactive,Objet_11340
Food,Objet_13499
Pressurized,Objet_20364
Pressurized,Objet_21521
Flammable,Objet_11190
Pressurized,Objet_02036
Pressurized,Objet_04139
Fragile,Objet_03709
Oxidizing,Objet_20403
Radioactive,Objet_24217
Flammable,Objet_04652
Flammable,Objet_24256
Flammable,Objet_28162
Toxic,Objet_06075
Unspecified,Objet_10415
Toxic,Objet_23141
Pressurized,Objet_29149
Toxic,Objet_15327
Unspecified,Objet_05470
Corrosive,Objet_29517
Fragile,Objet_07967
Unspecified,Objet_29724
Toxic,Objet_01181
Explosive,Objet_22526
Flammable,Objet_01655
Radioactive,Objet_03461
Explosive,Objet_21806
Unspecified,Objet_03318
Food,Objet_10174
Food,Objet_13679
Explosive,Objet_11577
Flammable,Objet_00538
Oxidizing,Objet_29866
Pressurized,Objet_18016
Fragile,Objet_06026
Flammable,Objet_21447
Radioactive,Objet_02776
Corrosive,Objet_16183
Unspecified,Objet_26810
Toxic,Objet_04986
Pressurized,Objet_02919
Radioactive,Objet_21765
Food,Objet_04499
Food,Objet_15628
Corrosive,Objet_25114
Toxic,Objet_03484
Radioactive,Objet_27652
Radioactive,Objet_04628
Unspecified,Objet_04589
Fragile,Objet_09848
Pressurized,Objet_22147
Oxidizing,Objet_30044
Pressurized,Objet_16858
Oxidizing,Objet_03395
Corrosive,Objet_02484
Corrosive,Objet_19243
Fragile,Objet_13556
Flammable,Objet_01638
Fragile,Objet_01101
Pressurized,Objet_08843
Corrosive,Objet_24094
Flammable,Objet_26789
Food,Objet_06458
Explosive,Objet_26667
Flammable,Objet_19560
Pressurized,Objet_17279
Food,Objet_21695
Pressurized,Objet_29824
Food,Objet_03325
Corrosive,Objet_07027
Oxidizing,Objet_07957
Radioactive,Objet_02731
Food,Objet_01242
Flammable,Objet_24294
Corrosive,Objet_01887
Food,Objet_28435
Food,Objet_05583
Corrosive,Objet_22395
Fragile,Objet_05075
Corrosive,Objet_08651
Oxidizing,Objet_25160
Fragile,Objet_27055
Radioactive,Objet_18335
Oxidizing,Objet_17004
Oxidizing,Objet_14777
Explosive,Objet_08105
Flammable,Objet_17153
Flammable,Objet_15074
Corrosive,Objet_09647
Pressurized,Objet_11826
Oxidizing,Objet_11056
Oxidizing,Objet_21461
Explosive,Objet_02362
Flammable,Objet_03786
Flammable,Objet_16214
Fragile,Objet_24853
Toxic,Objet_18214
Corrosive,Objet_23546
Corrosive,Objet_12009
Food,Objet_08166
Flammable,Objet_03020
Radioactive,Objet_23151
Food,Objet_03930
Flammable,Objet_05232
Oxidizing,Objet_09737
Fragile,Objet_18013
Unspecified,Objet_17109
Explosive,Objet_01382
Radioactive,Objet_27433
Oxidizing,Objet_14056
Flammable,Objet_29970
Fragile,Objet_13525
Radioactive,Objet_24765
Radioactive,Objet_19949
Corrosive,Objet_22835
Fragile,Objet_29474
Oxidizing,Objet_11383
Unspecified,Objet_27342
Oxidizing,Objet_24851
Corrosive,Objet_15015
Toxic,Objet_26412
Unspecified,Objet_25499
Pressurized,Objet_08411
Food,Objet_03239
Fragile,Objet_07278
Explosive,Objet_01570
Unspecified,Objet_10831
Food,Objet_22609
Toxic,Objet_23090
Unspecified,Objet_22074
Explosive,Objet_06491
Corrosive,Objet_28371
Fragile,Objet_00077
Unspecified,Objet_05465
Fragile,Objet_03167
Corrosive,Objet_26119
Unspecified,Objet_20517
Corrosive,Objet_08410
Unspecified,Objet_18940
Explosive,Objet_11579
Radioactive,Objet_04473
Flammable,Objet_19201
Corrosive,Objet_00178
Corrosive,Objet_29337
Fragile,Objet_09305
Toxic,Objet_00006
Explosive,Objet_21430
Corrosive,Objet_17427
Pressurized,Objet_22480
Unspecified,Objet_24224
Toxic,Objet_24197
Unspecified,Objet_21100
Toxic,Objet_19415
Unspecified,Objet_08469
Fragile,Objet_13261
Radioactive,Objet_25344
Unspecified,Objet_06227
Oxidizing,Objet_25532
Explosive,Objet_18589
Food,Objet_07454
Unspecified,Objet_09369
Fragile,Objet_07303
Corrosive,Objet_12851
Flammable,Objet_06930
Food,Objet_08259
Toxic,Objet_03701
Food,Objet_27677
Toxic,Objet_24644
Corrosive,Objet_15755
Toxic,Objet_05126
Unspecified,Objet_01393
Unspecified,Objet_28395
Oxidizing,Objet_26279
Unspecified,Objet_03950
Radioactive,Objet_27751
Oxidizing,Objet_03306
Pressurized,Objet_10888
Oxidizing,Objet_10894
Pressurized,Objet_01428
Fragile,Objet_05209
Flammable,Objet_21743
Food,Objet_09906
Explosive,Objet_15346
Corrosive,Objet_24726
Unspecified,Objet_00046
Radioactive,Objet_07260
Unspecified,Objet_09590
Explosive,Objet_23672
Flammable,Objet_00399
Oxidizing,Objet_15109
Toxic,Objet_17347
Pressurized,Objet_20835
Oxidizing,Objet_05603
Pressurized,Objet_01094
Toxic,Objet_25115
Oxidizing,Objet_19935
Fragile,Objet_06602
Food,Objet_03048
Flammable,Objet_03120
Pressurized,Objet_02353
Explosive,Objet_08189
Radioactive,Objet_19588
Oxidizing,Objet_06851
Corrosive,Objet_05958
Fragile,Objet_13538
Pressurized,Objet_02644
Fragile,Objet_21518
Radioactive,Objet_04911
Corrosive,Objet_09769
Explosive,Objet_13128
Food,Objet_21886
Flammable,Objet_06407
Food,Objet_25224
Food,Objet_17605
Explosive,Objet_13121
Food,Objet_09391
Food,Objet_19591
Explosive,Objet_03148
Toxic,Objet_11009
Oxidizing,Objet_04703
Flammable,Objet_03710
Fragile,Objet_01901
Fragile,Objet_19973
Flammable,Objet_16229
Corrosive,Objet_18706
Radioactive,Objet_21880
Flammable,Objet_22594
Radioactive,Objet_29527
Flammable,Objet_15657
Radioactive,Objet_08599
Oxidizing,Objet_25561
Unspecified,Objet_01451
Food,Objet_04310
Flammable,Objet_02909
Explosive,Objet_27067
Food,Objet_27035
Corrosive,Objet_12444
Unspecified,Objet_08863
Radioactive,Objet_14197
Explosive,Objet_10041
Pressurized,Objet_28310
Toxic,Objet_28373
Flammable,Objet_03335
Fragile,Objet_27256
Flammable,Objet_20419
Pressurized,Objet_06219
Radioactive,Objet_21021
Corrosive,Objet_14523
Radioactive,Objet_07449
Fragile,Objet_02262
Unspecified,Objet_23645
Explosive,Objet_14765
Oxidizing,Objet_11673
Explosive,Objet_28941
Oxidizing,Objet_04282
Fragile,Objet_03852
Explosive,Objet_06548
Unspecified,Objet_29381
Unspecified,Objet_22582
Unspecified,Objet_23152
Food,Objet_11851
Fragile,Objet_18541
Food,Objet_06916
Explosive,Objet_11594
Corrosive,Objet_14296
Explosive,Objet_05379
Radioactive,Objet_28704
Radioactive,Objet_17629
Food,Objet_17976
Food,Objet_18344
Toxic,Objet_19769
Flammable,Objet_21788
Toxic,Objet_11107
Corrosive,Objet_06166
Radioactive,Objet_18449
Pressurized,Objet_28183
Unspecified,Objet_22694
Toxic,Objet_27669
Corrosive,Objet_19878
Oxidizing,Objet_00337
Food,Objet_13736
Unspecified,Objet_02561
Radioactive,Objet_02847
Flammable,Objet_00609
Food,Objet_17247
Fragile,Objet_05389
Explosive,Objet_01770
Toxic,Objet_23225
Flammable,Objet_22025
Radioactive,Objet_20606
Toxic,Objet_24803
Food,Objet_16233
Radioactive,Objet_29302
Pressurized,Objet_00455
Fragile,Objet_15447
Corrosive,Objet_09765
Toxic,Objet_02524
Fragile,Objet_02623
Corrosive,Objet_08954
Oxidizing,Objet_12043
Food,Objet_11587
Pressurized,Objet_08515
Unspecified,Objet_09136
Flammable,Objet_10550
Explosive,Objet_30000
Fragile,Objet_23976
Fragile,Objet_24888
Unspecified,Objet_04701
Pressurized,Objet_09084
Explosive,Objet_09315
Toxic,Objet_10130
Food,Objet_09953
Unspecified,Objet_21360
Pressurized,Objet_06577
Corrosive,Objet_03600
Toxic,Objet_19128
Flammable,Objet_03662
Food,Objet_13494
Unspecified,Objet_24883
Explosive,Objet_20656
Fragile,Objet_25106
Explosive,Objet_10901
Flammable,Objet_22440
Unspecified,Objet_25703
Pressurized,Objet_15452
Food,Objet_04490
Food,Objet_11423
Unspecified,Objet_08061
Fragile,Objet_18212
Explosive,Objet_18193
Flammable,Objet_01628
Corrosive,Objet_15325
Pressurized,Objet_09566
Radioactive,Objet_21289
Toxic,Objet_22079
Oxidizing,Objet_04722
Flammable,Objet_16650
Fragile,Objet_21308
Explosive,Objet_25220
Corrosive,Objet_02225
Explosive,Objet_06694
Fragile,Objet_20882
Oxidizing,Objet_23902
Pressurized,Objet_30034
Flammable,Objet_26380
Unspecified,Objet_10861
Corrosive,Objet_26598
Radioactive,Objet_16421
Fragile,Objet_05004
Flammable,Objet_13874
Oxidizing,Objet_11977
Food,Objet_15871
Toxic,Objet_14893
Fragile,Objet_29183
Flammable,Objet_03809
Oxidizing,Objet_05438
Radioactive,Objet_09182
Pressurized,Objet_28699
Radioactive,Objet_20861
Corrosive,Objet_06239
Pressurized,Objet_30062
Radioactive,Objet_30125
Oxidizing,Objet_22908
Pressurized,Objet_05710
Explosive,Objet_29763
Flammable,Objet_29778
Corrosive,Objet_14132
Oxidizing,Objet_12292
Fragile,Objet_24742
Explosive,Objet_21601
Food,Objet_10407
Fragile,Objet_13033
Fragile,Objet_11041
Oxidizing,Objet_24088
Food,Objet_10941
Unspecified,Objet_16745
Oxidizing,Objet_23340
Flammable,Objet_01117
Explosive,Objet_11927
Oxidizing,Objet_09030
Pressurized,Objet_05902
Food,Objet_20690
Food,Objet_09668
Explosive,Objet_24894
Explosive,Objet_16151
Radioactive,Objet_04910
Explosive,Objet_16966
Explosive,Objet_15959
Pressurized,Objet_05101
Toxic,Objet_14532
Explosive,Objet_23779
Flammable,Objet_13150
Corrosive,Objet_17181
Fragile,Objet_23066
Fragile,Objet_16295
Explosive,Objet_05302
Corrosive,Objet_16462
Toxic,Objet_23242
Toxic,Objet_11807
Fragile,Objet_21488
Oxidizing,Objet_28612
Pressurized,Objet_27650
Corrosive,Objet_18003
Flammable,Objet_16410
Unspecified,Objet_19687
Flammable,Objet_25842
Flammable,Objet_20853
Flammable,Objet_27228
Fragile,Objet_29672
Radioactive,Objet_29666
Toxic,Objet_19666
Food,Objet_23630
Oxidizing,Objet_21122
Oxidizing,Objet_20689
Oxidizing,Objet_15359
Explosive,Objet_11855
Explosive,Objet_18601
Radioactive,Objet_15938
Flammable,Objet_14311
Oxidizing,Objet_18801
Radioactive,Objet_28820
Radioactive,Objet_24017
Food,Objet_21709
Unspecified,Objet_01041
Pressurized,Objet_04355
Radioactive,Objet_01792
Pressurized,Objet_24129
Corrosive,Objet_23855
Unspecified,Objet_03283
Pressurized,Objet_27647
Pressurized,Objet_21494
Corrosive,Objet_27397
Fragile,Objet_19948
Explosive,Objet_11999
Radioactive,Objet_17885
Toxic,Objet_23873
Pressurized,Objet_17215
Explosive,Objet_20713
Oxidizing,Objet_15660
Flammable,Objet_05039
Food,Objet_23746
Radioactive,Objet_00892
Flammable,Objet_27727
Explosive,Objet_10717
Flammable,Objet_03206
Toxic,Objet_03824
Radioactive,Objet_13911
Explosive,Objet_13139
Unspecified,Objet_10167
Unspecified,Objet_03097
Fragile,Objet_28529
Flammable,Objet_18856
Food,Objet_02658
Corrosive,Objet_10365
Oxidizing,Objet_10141
Food,Objet_15355
Food,Objet_29685
Food,Objet_16555
Flammable,Objet_11089
Oxidizing,Objet_01175
Oxidizing,Objet_14139
Flammable,Objet_20110
Unspecified,Objet_23437
Corrosive,Objet_22734
Explosive,Objet_01994
Unspecified,Objet_26004
Toxic,Objet_20875
Radioactive,Objet_13038
Oxidizing,Objet_00428
Food,Objet_23632
Toxic,Objet_13501
Food,Objet_26932
Flammable,Objet_20181
Unspecified,Objet_29610
Corrosive,Objet_12604
Radioactive,Objet_03494
Food,Objet_05237
Food,Objet_13297
Radioactive,Objet_20594
Oxidizing,Objet_09622
Fragile,Objet_26289
Oxidizing,Objet_19805
Oxidizing,Objet_05629
Radioactive,Objet_13063
Flammable,Objet_03661
Unspecified,Objet_12972
Pressurized,Objet_04425
Toxic,Objet_06478
Explosive,Objet_15506
Toxic,Objet_27015
Fragile,Objet_13313
Unspecified,Objet_13455
Unspecified,Objet_02726
Fragile,Objet_25590
Radioactive,Objet_27034
Toxic,Objet_24583
Food,Objet_22558
Explosive,Objet_19798
Radioactive,Objet_03235
Fragile,Objet_18315
Flammable,Objet_10200
Toxic,Objet_24740
Explosive,Objet_26711
Unspecified,Objet_10180
Toxic,Objet_06282
Explosive,Objet_12174
Flammable,Objet_29626
Food,Objet_26315
Oxidizing,Objet_02101
Corrosive,Objet_20982
Corrosive,Objet_28147
Corrosive,Objet_12539
Pressurized,Objet_11248
Radioactive,Objet_19080
Oxidizing,Objet_08266
Corrosive,Objet_17425
Toxic,Objet_13976
Corrosive,Objet_08024
Fragile,Objet_08383
Corrosive,Objet_21551
Toxic,Objet_24687
Flammable,Objet_20058
Toxic,Objet_29789
Flammable,Objet_20035
Corrosive,Objet_00207
Explosive,Objet_15113
Radioactive,Objet_03856
Pressurized,Objet_22757
Explosive,Objet_26290
Oxidizing,Objet_06744
Explosive,Objet_23322
Radioactive,Objet_11015
Pressurized,Objet_18595
Oxidizing,Objet_08629
Explosive,Objet_10353
Oxidizing,Objet_14136
Toxic,Objet_03157
Oxidizing,Objet_29296
Fragile,Objet_27805
Pressurized,Objet_28971
Food,Objet_05025
Food,Objet_17646
Toxic,Objet_23773
Explosive,Objet_06681
Unspecified,Objet_12394
Oxidizing,Objet_23704
Oxidizing,Objet_07125
Flammable,Objet_13013
Fragile,Objet_18004
Toxic,Objet_09414
Oxidizing,Objet_14422
Fragile,Objet_04784
Fragile,Objet_21064
Unspecified,Objet_16914
Pressurized,Objet_23939
Food,Objet_14611
Unspecified,Objet_29248
Fragile,Objet_01144
Corrosive,Objet_29709
Fragile,Objet_19594
Unspecified,Objet_22552
Food,Objet_20996
Food,Objet_18161
Fragile,Objet_23549
Flammable,Objet_24519
Fragile,Objet_21734
Food,Objet_21347
Radioactive,Objet_18546
Pressurized,Objet_05321
Flammable,Objet_15953
Pressurized,Objet_18083
Unspecified,Objet_13473
Food,Objet_16227
Flammable,Objet_29721
Toxic,Objet_08681
Corrosive,Objet_28350
Pressurized,Objet_03818
Toxic,Objet_08112
Unspecified,Objet_18923
Radioactive,Objet_20200
Flammable,Objet_27820
Explosive,Objet_22923
Fragile,Objet_27998
Flammable,Objet_22672
Radioactive,Objet_15437
Flammable,Objet_04685
Oxidizing,Objet_05283
Toxic,Objet_11527
Oxidizing,Objet_14601
Food,Objet_15410
Food,Objet_11893
Oxidizing,Objet_10674
Corrosive,Objet_25302
Pressurized,Objet_13634
Corrosive,Objet_22359
Pressurized,Objet_10712
Oxidizing,Objet_24132
Corrosive,Objet_01463
Toxic,Objet_21282
Corrosive,Objet_03781
Explosive,Objet_22828
Radioactive,Objet_21867
Food,Objet_02948
Flammable,Objet_28182
Radioactive,Objet_14088
Unspecified,Objet_16684
Pressurized,Objet_06793
Food,Objet_24590
Pressurized,Objet_19173
Flammable,Objet_25915
Explosive,Objet_02870
Pressurized,Objet_24156
Explosive,Objet_14529
Flammable,Objet_26115
Fragile,Objet_23088
Food,Objet_20040
Flammable,Objet_22933
Corrosive,Objet_18234
Fragile,Objet_04951
Toxic,Objet_09349
Oxidizing,Objet_26439
Explosive,Objet_02822
Toxic,Objet_28663
Fragile,Objet_17125
Explosive,Objet_15750
Food,Objet_16194
Explosive,Objet_10882
Fragile,Objet_07805
Pressurized,Objet_19736
Pressurized,Objet_16459
Radioactive,Objet_30113
Food,Objet_16034
Corrosive,Objet_27384
Pressurized,Objet_10215
Pressurized,Objet_15766
Oxidizing,Objet_28862
Food,Objet_00350
Radioactive,Objet_21298
Flammable,Objet_24923
Pressurized,Objet_01361
Food,Objet_25709
Food,Objet_11588
Fragile,Objet_23934
Radioactive,Objet_24949
Explosive,Objet_29663
Explosive,Objet_27308
Corrosive,Objet_08666
Fragile,Objet_06269
Food,Objet_05668
Oxidizing,Objet_01375
Corrosive,Objet_03055
Oxidizing,Objet_06330
Corrosive,Objet_02689
Food,Objet_29509
Flammable,Objet_07128
Explosive,Objet_28097
Food,Objet_04267
Explosive,Objet_15770
Explosive,Objet_26715
Toxic,Objet_30050
Oxidizing,Objet_01365
Radioactive,Objet_07825
Toxic,Objet_28659
Toxic,Objet_00540
Unspecified,Objet_16789
Fragile,Objet_15675
Food,Objet_26580
Radioactive,Objet_25982
Food,Objet_07505
Radioactive,Objet_22042
Food,Objet_05577
Food,Objet_16434
Oxidizing,Objet_01607
Food,Objet_01488
Fragile,Objet_27709
Unspecified,Objet_14857
Toxic,Objet_01762
Radioactive,Objet_28901
Fragile,Objet_10530
Pressurized,Objet_27385
Radioactive,Objet_18689
Corrosive,Objet_08323
Pressurized,Objet_24770
Fragile,Objet_27676
Flammable,Objet_15210
Fragile,Objet_17371
Radioactive,Objet_04094
Radioactive,Objet_27040
Oxidizing,Objet_08010
Corrosive,Objet_28285
Explosive,Objet_16212
Flammable,Objet_13581
Fragile,Objet_17585
Food,Objet_08712
Fragile,Objet_07769
Unspecified,Objet_27935
Toxic,Objet_21569
Oxidizing,Objet_22256
Unspecified,Objet_20355
Flammable,Objet_10682
Toxic,Objet_04344
Food,Objet_30071
Corrosive,Objet_02107
Oxidizing,Objet_15605
Radioactive,Objet_15417
Fragile,Objet_24694
Oxidizing,Objet_04327
Unspecified,Objet_08314
Flammable,Objet_29782
Corrosive,Objet_12731
Corrosive,Objet_14288
Flammable,Objet_10883
Oxidizing,Objet_00111
Flammable,Objet_23457
Fragile,Objet_10556
Explosive,Objet_09493
Radioactive,Objet_00387
Toxic,Objet_26929
Flammable,Objet_13031
Unspecified,Objet_16127
Fragile,Objet_28129
Pressurized,Objet_23240
Corrosive,Objet_16714
Oxidizing,Objet_23153
Unspecified,Objet_08432
Fragile,Objet_21850
Unspecified,Objet_19349
Radioactive,Objet_12797
Unspecified,Objet_02131
Food,Objet_22255
Flammable,Objet_23754
Toxic,Objet_04516
Unspecified,Objet_19538
Flammable,Objet_05377
Toxic,Objet_07515
Radioactive,Objet_23135
Pressurized,Objet_27661
Oxidizing,Objet_11462
Radioactive,Objet_04559
Corrosive,Objet_05521
Corrosive,Objet_08355
Flammable,Objet_11465
Oxidizing,Objet_04730
Toxic,Objet_09082
Explosive,Objet_23248
Fragile,Objet_04025
Explosive,Objet_19248
Radioactive,Objet_08207
Oxidizing,Objet_04961
Flammable,Objet_19897
Oxidizing,Objet_27257
Corrosive,Objet_01381
Corrosive,Objet_03659
Fragile,Objet_10209
Food,Objet_10115
Food,Objet_11148
Oxidizing,Objet_19889
Toxic,Objet_20588
Radioactive,Objet_13320
Pressurized,Objet_09043
Pressurized,Objet_08810
Pressurized,Objet_25422
Oxidizing,Objet_23046
Unspecified,Objet_21016
Explosive,Objet_18407
Unspecified,Objet_17578
Oxidizing,Objet_21604
Toxic,Objet_04030
Explosive,Objet_21997
Food,Objet_26555
Toxic,Objet_07432
Corrosive,Objet_24173
Pressurized,Objet_12351
Flammable,Objet_26985
Pressurized,Objet_07566
Toxic,Objet_12982
Food,Objet_00349
Food,Objet_24736
Explosive,Objet_05446
Radioactive,Objet_05354
Fragile,Objet_01568
Oxidizing,Objet_23707
Fragile,Objet_20439
Explosive,Objet_09226
Pressurized,Objet_00329
Explosive,Objet_07122
Corrosive,Objet_13238
Explosive,Objet_05835
Flammable,Objet_17434
Unspecified,Objet_05750
Food,Objet_00769
Unspecified,Objet_16532
Fragile,Objet_27886
Fragile,Objet_02469
Food,Objet_11399
Oxidizing,Objet_29537
Pressurized,Objet_27345
Radioactive,Objet_29180
Explosive,Objet_02690
Toxic,Objet_07628
Explosive,Objet_11291
Radioactive,Objet_04727
Toxic,Objet_15041
Explosive,Objet_29265
Toxic,Objet_06187
Explosive,Objet_19637
Toxic,Objet_25583
Explosive,Objet_03580
Flammable,Objet_13466
Explosive,Objet_15671
Corrosive,Objet_19135
Explosive,Objet_05608
Unspecified,Objet_15494
Fragile,Objet_25876
Pressurized,Objet_20343
Unspecified,Objet_03350
Flammable,Objet_11508
Pressurized,Objet_24170
Toxic,Objet_18387
Corrosive,Objet_20938
Unspecified,Objet_11270
Unspecified,Objet_11923
Corrosive,Objet_23653
Radioactive,Objet_04827
Toxic,Objet_05069
Pressurized,Objet_01857
Radioactive,Objet_09897
Corrosive,Objet_25664
Fragile,Objet_20744
Corrosive,Objet_14231
Radioactive,Objet_11185
Unspecified,Objet_02525
Pressurized,Objet_26441
Fragile,Objet_20310
Radioactive,Objet_28519
Corrosive,Objet_11521
Food,Objet_12008
Corrosive,Objet_03448
Explosive,Objet_16115
Pressurized,Objet_03779
Pressurized,Objet_02183
Toxic,Objet_17786
Flammable,Objet_21231
Radioactive,Objet_03562
Oxidizing,Objet_04869
Fragile,Objet_07768
Flammable,Objet_05407
Oxidizing,Objet_10521
Explosive,Objet_11146
Radioactive,Objet_21009
Flammable,Objet_21337
Corrosive,Objet_28653
Unspecified,Objet_01750
Explosive,Objet_13498
Toxic,Objet_25688
Oxidizing,Objet_02344
Corrosive,Objet_11925
Food,Objet_15433
Pressurized,Objet_00025
Radioactive,Objet_04440
Unspecified,Objet_21052
Food,Objet_22239
Explosive,Objet_17626
Toxic,Objet_25926
Flammable,Objet_19691
Fragile,Objet_29199
Pressurized,Objet_26920
Food,Objet_23305
Flammable,Objet_11188
Pressurized,Objet_15106
Explosive,Objet_27544
Pressurized,Objet_08959
Explosive,Objet_03184
Oxidizing,Objet_07719
Radioactive,Objet_16773
Flammable,Objet_03390
Corrosive,Objet_28695
Pressurized,Objet_00183
Unspecified,Objet_05349
Oxidizing,Objet_19259
Corrosive,Objet_04217
Radioactive,Objet_24037
Unspecified,Objet_13609
Corrosive,Objet_19225
Fragile,Objet_08668
Food,Objet_26212
Toxic,Objet_15092
Pressurized,Objet_18736
Explosive,Objet_18929
Pressurized,Objet_15326
Pressurized,Objet_12440
Toxic,Objet_11168
Oxidizing,Objet_29732
Unspecified,Objet_16057
Unspecified,Objet_27606
Unspecified,Objet_03594
Fragile,Objet_29880
Radioactive,Objet_23553
Oxidizing,Objet_08114
Pressurized,Objet_07044
Fragile,Objet_29455
Pressurized,Objet_27554
Radioactive,Objet_19519
Unspecified,Objet_27519
Explosive,Objet_20469
Radioactive,Objet_11358
Pressurized,Objet_29498
Unspecified,Objet_14534
Explosive,Objet_03439
Explosive,Objet_05386
Food,Objet_05346
Toxic,Objet_18101
Fragile,Objet_02817
Fragile,Objet_02518
Radioactive,Objet_02258
Explosive,Objet_27193
Pressurized,Objet_01441
Pressurized,Objet_04988
Unspecified,Objet_04681
Explosive,Objet_00976
Explosive,Objet_28467
Radioactive,Objet_15504
Radioactive,Objet_21777
Corrosive,Objet_27242
Fragile,Objet_24686
Pressurized,Objet_23005
Unspecified,Objet_28289
Flammable,Objet_02554
Pressurized,Objet_24343
Pressurized,Objet_02711
Pressurized,Objet_07477
Explosive,Objet_12682
Oxidizing,Objet_23481
Oxidizing,Objet_20753
Pressurized,Objet_16843
Oxidizing,Objet_11402
Flammable,Objet_14209
Food,Objet_27149
Unspecified,Objet_21618
Toxic,Objet_20974
Explosive,Objet_07325
Pressurized,Objet_03879
Toxic,Objet_07020
Fragile,Objet_09200
Unspecified,Objet_21839
Toxic,Objet_24064
Radioactive,Objet_04445
Food,Objet_01666
Flammable,Objet_26882
Food,Objet_06058
Pressurized,Objet_22514
Oxidizing,Objet_19965
Corrosive,Objet_11012
Flammable,Objet_02425
Flammable,Objet_14892
Oxidizing,Objet_12020
Corrosive,Objet_10690
Radioactive,Objet_03072
Unspecified,Objet_24012
Oxidizing,Objet_21612
Food,Objet_18919
Corrosive,Objet_18511
Fragile,Objet_18951
Oxidizing,Objet_02415
Explosive,Objet_07562
Fragile,Objet_22397
Oxidizing,Objet_03651
Oxidizing,Objet_14483
Fragile,Objet_08100
Corrosive,Objet_01478
Explosive,Objet_27251
Oxidizing,Objet_15655
Unspecified,Objet_27953
Fragile,Objet_25725
Flammable,Objet_20851
Oxidizing,Objet_22967
Oxidizing,Objet_16205
Fragile,Objet_20590
Unspecified,Objet_14983
Explosive,Objet_27208
Unspecified,Objet_02632
Unspecified,Objet_22825
Radioactive,Objet_17027
Oxidizing,Objet_18186
Food,Objet_19030
Food,Objet_18035
Toxic,Objet_07603
Unspecified,Objet_17108
Unspecified,Objet_02396
Pressurized,Objet_24875
Explosive,Objet_18793
Toxic,Objet_06014
Flammable,Objet_00531
Radioactive,Objet_25584
Toxic,Objet_18924
Fragile,Objet_06675
Unspecified,Objet_12527
Fragile,Objet_29878
Explosive,Objet_10671
Explosive,Objet_26386
Explosive,Objet_00085
Food,Objet_08026
Unspecified,Objet_23368
Unspecified,Objet_28935
Corrosive,Objet_05834
Fragile,Objet_13095
Unspecified,Objet_25356
Oxidizing,Objet_20054
Unspecified,Objet_25374
Corrosive,Objet_05402
Flammable,Objet_14419
Corrosive,Objet_27167
Explosive,Objet_27230
Fragile,Objet_16616
Corrosive,Objet_17489
Radioactive,Objet_23880
Corrosive,Objet_16894
Oxidizing,Objet_22257
Explosive,Objet_08936
Oxidizing,Objet_24453
Toxic,Objet_23564
Flammable,Objet_30114
Fragile,Objet_29015
Oxidizing,Objet_01443
Flammable,Objet_24759
Fragile,Objet_26210
Toxic,Objet_00846
Toxic,Objet_01374
Food,Objet_14417
Toxic,Objet_28687
Toxic,Objet_20329
Oxidizing,Objet_13405
Corrosive,Objet_19763
Unspecified,Objet_26701
Explosive,Objet_15539
Oxidizing,Objet_29810
Fragile,Objet_11882
Unspecified,Objet_07921
Toxic,Objet_12765
Fragile,Objet_20351
Food,Objet_19068
Fragile,Objet_22422
Unspecified,Objet_15289
Corrosive,Objet_26803
Flammable,Objet_24455
Flammable,Objet_07417
Corrosive,Objet_21991
Pressurized,Objet_13380
Flammable,Objet_08306
Radioactive,Objet_09432
Food,Objet_27353
Radioactive,Objet_13495
Unspecified,Objet_00450
Oxidizing,Objet_18099
Explosive,Objet_09545
Radioactive,Objet_01402
Unspecified,Objet_05277
Corrosive,Objet_07243
Radioactive,Objet_02010
Fragile,Objet_10495
Toxic,Objet_06783
Pressurized,Objet_03881
Toxic,Objet_11886
Corrosive,Objet_04864
Radioactive,Objet_02328
Fragile,Objet_28190
Pressurized,Objet_00918
Unspecified,Objet_19777
Corrosive,Objet_26313
Fragile,Objet_05772
Fragile,Objet_09983
Food,Objet_24281
Toxic,Objet_04078
Flammable,Objet_15057
Radioactive,Objet_17240
Corrosive,Objet_01342
Radioactive,Objet_27603
Radioactive,Objet_17088
Toxic,Objet_07482
Toxic,Objet_20071
Food,Objet_07200
Toxic,Objet_28678
Oxidizing,Objet_06932
Toxic,Objet_19321
Fragile,Objet_22154
Pressurized,Objet_10008
Oxidizing,Objet_21684
Fragile,Objet_26371
Radioactive,Objet_24287
Unspecified,Objet_11421
Pressurized,Objet_16689
Unspecified,Objet_28777
Unspecified,Objet_05988
Corrosive,Objet_21398
Flammable,Objet_20302
Radioactive,Objet_26202
Unspecified,Objet_21654
Oxidizing,Objet_11496
Explosive,Objet_27486
Corrosive,Objet_14998
Explosive,Objet_03678
Pressurized,Objet_19707
Toxic,Objet_17714
Pressurized,Objet_01550
Food,Objet_26642
Explosive,Objet_25776
Unspecified,Objet_06736
Toxic,Objet_21504
Toxic,Objet_13942
Fragile,Objet_26016
Fragile,Objet_14473
Fragile,Objet_22017
Unspecified,Objet_16661
Fragile,Objet_12666
Fragile,Objet_05657
Toxic,Objet_29896
Flammable,Objet_21116
Radioactive,Objet_21791
Corrosive,Objet_28196
Radioactive,Objet_08186
Radioactive,Objet_00086
Pressurized,Objet_10929
Unspecified,Objet_18935
Food,Objet_10119
Unspecified,Objet_08661
Explosive,Objet_01938
Fragile,Objet_26892
Flammable,Objet_26948
Unspecified,Objet_27105
Pressurized,Objet_12965
Flammable,Objet_03546
Toxic,Objet_15070
Corrosive,Objet_06062
Toxic,Objet_11610
Explosive,Objet_13143
Explosive,Objet_10439
Toxic,Objet_25925
Radioactive,Objet_00139
Oxidizing,Objet_20184
Radioactive,Objet_19592
Toxic,Objet_01789
Unspecified,Objet_09326
Flammable,Objet_12106
Pressurized,Objet_10770
Corrosive,Objet_10509
Flammable,Objet_01827
Radioactive,Objet_21910
Food,Objet_13311
Unspecified,Objet_30011
Explosive,Objet_13744
Flammable,Objet_25815
Radioactive,Objet_19456
Explosive,Objet_23737
Flammable,Objet_12214
Toxic,Objet_13059
Fragile,Objet_15882
Fragile,Objet_29780
Toxic,Objet_18080
Corrosive,Objet_29584
Toxic,Objet_06446
Food,Objet_15581
Oxidizing,Objet_19801
Unspecified,Objet_16188
Radioactive,Objet_14011
Flammable,Objet_09562
Unspecified,Objet_13684
Pressurized,Objet_21385
Unspecified,Objet_14963
Flammable,Objet_06999
Flammable,Objet_04953
Radioactive,Objet_04691
Oxidizing,Objet_22522
Pressurized,Objet_29837
Radioactive,Objet_13783
Toxic,Objet_12363
Explosive,Objet_24661
Pressurized,Objet_01928
Corrosive,Objet_04123
Food,Objet_01583
Pressurized,Objet_16321
Food,Objet_14221
Pressurized,Objet_07756
Flammable,Objet_13465
Flammable,Objet_13861
Fragile,Objet_17294
Food,Objet_06571
Toxic,Objet_16899
Explosive,Objet_22892
Flammable,Objet_28341
Corrosive,Objet_09595
Toxic,Objet_30096
Flammable,Objet_12977
Fragile,Objet_09850
Radioactive,Objet_25016
Flammable,Objet_07186
Food,Objet_14624
Corrosive,Objet_28580
Toxic,Objet_03876
Flammable,Objet_18867
Toxic,Objet_04814
Oxidizing,Objet_07139
Explosive,Objet_18341
Food,Objet_00081
Oxidizing,Objet_14991
Flammable,Objet_12987
Corrosive,Objet_29159
Fragile,Objet_27360
Toxic,Objet_09825
Fragile,Objet_06121
Fragile,Objet_04106
Explosive,Objet_23731
Food,Objet_00104
Oxidizing,Objet_00371
Pressurized,Objet_22127
Oxidizing,Objet_23579
Unspecified,Objet_04555
Oxidizing,Objet_27863
Toxic,Objet_12545
Pressurized,Objet_10072
Flammable,Objet_11993
Explosive,Objet_01940
Fragile,Objet_05798
Flammable,Objet_13259
Corrosive,Objet_25436
Corrosive,Objet_19172
Radioactive,Objet_20660
Unspecified,Objet_14564
Corrosive,Objet_26724
Explosive,Objet_12950
Unspecified,Objet_00975
Corrosive,Objet_08225
Radioactive,Objet_19602
Toxic,Objet_30005
Unspecified,Objet_11633
Corrosive,Objet_28470
Pressurized,Objet_14687
Pressurized,Objet_29298
Food,Objet_19086
Pressurized,Objet_06777
Flammable,Objet_20760
Explosive,Objet_23735
Radioactive,Objet_27539
Fragile,Objet_15144
Unspecified,Objet_18946
Pressurized,Objet_19651
Flammable,Objet_21740
Radioactive,Objet_01969
Flammable,Objet_07424
Corrosive,Objet_03079
Flammable,Objet_20622
Fragile,Objet_16439
Corrosive,Objet_18086
Fragile,Objet_16240
Radioactive,Objet_24292
Corrosive,Objet_05336
Fragile,Objet_29380
Explosive,Objet_19228
Toxic,Objet_10705
Corrosive,Objet_30079
Food,Objet_03581
Unspecified,Objet_00253
Food,Objet_11260
Flammable,Objet_21986
Explosive,Objet_00364
Flammable,Objet_21703
Pressurized,Objet_10641
Unspecified,Objet_00885
Pressurized,Objet_12721
Flammable,Objet_28329
Unspecified,Objet_09556
Food,Objet_16636
Oxidizing,Objet_13431
Flammable,Objet_29204
Unspecified,Objet_09967
Unspecified,Objet_08498
Unspecified,Objet_08333
Fragile,Objet_21759
Pressurized,Objet_26784
Food,Objet_07625
Oxidizing,Objet_30017
Oxidizing,Objet_15215
Flammable,Objet_21382
Explosive,Objet_26887
Oxidizing,Objet_04687
Fragile,Objet_09923
Fragile,Objet_21229
Oxidizing,Objet_22244
Fragile,Objet_23838
Pressurized,Objet_16775
Explosive,Objet_09402
Unspecified,Objet_01718
Radioactive,Objet_05313
Unspecified,Objet_02278
Radioactive,Objet_21323
Flammable,Objet_00317
Oxidizing,Objet_28890
Corrosive,Objet_10823
Flammable,Objet_08290
Food,Objet_01357
Radioactive,Objet_00487
Corrosive,Objet_19291
Toxic,Objet_10403
Radioactive,Objet_28541
Oxidizing,Objet_07806
Fragile,Objet_01656
Explosive,Objet_29312
Oxidizing,Objet_18356
Flammable,Objet_18115
Radioactive,Objet_15064
Pressurized,Objet_12223
Flammable,Objet_29020
Pressurized,Objet_01823
Toxic,Objet_12611
Fragile,Objet_06410
Explosive,Objet_17820
Food,Objet_00555
Flammable,Objet_03308
Fragile,Objet_19510
Radioactive,Objet_19888
Oxidizing,Objet_26197
Fragile,Objet_02373
Flammable,Objet_00824
Food,Objet_25092
Fragile,Objet_23395
Explosive,Objet_24708
Corrosive,Objet_04811
Oxidizing,Objet_26825
Toxic,Objet_06196
Food,Objet_17431
Pressurized,Objet_11472
Toxic,Objet_06546
Corrosive,Objet_19031
Corrosive,Objet_05647
Pressurized,Objet_11455
Fragile,Objet_19305
Food,Objet_10338
Unspecified,Objet_26757
Unspecified,Objet_01964
Food,Objet_10541
Oxidizing,Objet_25174
Pressurized,Objet_00055
Radioactive,Objet_12323
Corrosive,Objet_25328
Oxidizing,Objet_01721
Fragile,Objet_20685
Corrosive,Objet_08420
Corrosive,Objet_22310
Toxic,Objet_04019
Flammable,Objet_12861
Unspecified,Objet_04790
Fragile,Objet_22219
Fragile,Objet_09814
Flammable,Objet_05732
Fragile,Objet_27819
Radioactive,Objet_13172
Toxic,Objet_06224
Explosive,Objet_00950
Oxidizing,Objet_13621
Explosive,Objet_16158
Fragile,Objet_05220
Flammable,Objet_24915
Explosive,Objet_28334
Explosive,Objet_26308
Pressurized,Objet_02924
Fragile,Objet_18377
Food,Objet_03076
Food,Objet_16702
Fragile,Objet_16590
Radioactive,Objet_07653
Flammable,Objet_09753
Toxic,Objet_08572
Pressurized,Objet_15576
Toxic,Objet_03785
Pressurized,Objet_10764
Unspecified,Objet_20287
Flammable,Objet_25444
Pressurized,Objet_13354
Unspecified,Objet_25640
Explosive,Objet_00369
Food,Objet_25394
Fragile,Objet_04432
Unspecified,Objet_18563
Food,Objet_17809
Pressurized,Objet_11033
Unspecified,Objet_27232
Flammable,Objet_29404
Pressurized,Objet_29155
Pressurized,Objet_27172
Fragile,Objet_08339
Corrosive,Objet_01714
Fragile,Objet_17676
Oxidizing,Objet_08994
Toxic,Objet_21691
Toxic,Objet_26235
Explosive,Objet_18235
Radioactive,Objet_20657
Oxidizing,Objet_03054
Fragile,Objet_20118
Toxic,Objet_06705
Pressurized,Objet_23721
Flammable,Objet_16996
Radioactive,Objet_21036
Explosive,Objet_21843
Pressurized,Objet_24571
Flammable,Objet_27950
Explosive,Objet_03933
Radioactive,Objet_08899
Flammable,Objet_25334
Explosive,Objet_00365
Fragile,Objet_17919
Corrosive,Objet_06752
Pressurized,Objet_23801
Fragile,Objet_06397
Food,Objet_16831
Food,Objet_21489
Pressurized,Objet_15130
Flammable,Objet_25460
Toxic,Objet_24355
Pressurized,Objet_17706
Oxidizing,Objet_15488
Flammable,Objet_02210
Fragile,Objet_11403
Corrosive,Objet_01104
Food,Objet_24465
Toxic,Objet_16536
Food,Objet_16028
Unspecified,Objet_20478
Radioactive,Objet_29361
Fragile,Objet_26674
Pressurized,Objet_05072
Pressurized,Objet_20997
Flammable,Objet_20026
Oxidizing,Objet_20620
Pressurized,Objet_05070
Unspecified,Objet_26700
Pressurized,Objet_13129
Toxic,Objet_21568
Flammable,Objet_15742
Corrosive,Objet_20222
Oxidizing,Objet_29154
Pressurized,Objet_06428
Flammable,Objet_11410
Flammable,Objet_24834
Fragile,Objet_27977
Unspecified,Objet_18810
Unspecified,Objet_26764
Food,Objet_06212
Pressurized,Objet_16165
Explosive,Objet_24277
Unspecified,Objet_18743
Food,Objet_07615
Pressurized,Objet_03954
Pressurized,Objet_16981
Explosive,Objet_21436
Food,Objet_05602
Food,Objet_23482
Corrosive,Objet_27633
Oxidizing,Objet_25565
Explosive,Objet_10291
Corrosive,Objet_16586
Flammable,Objet_15405
Toxic,Objet_25879
Corrosive,Objet_27010
Toxic,Objet_09740
Oxidizing,Objet_25320
Fragile,Objet_01235
Food,Objet_18672
Food,Objet_19151
Pressurized,Objet_09648
Fragile,Objet_11277
Pressurized,Objet_04612
Unspecified,Objet_17305
Oxidizing,Objet_24353
Radioactive,Objet_04962
Fragile,Objet_28401
Food,Objet_02843
Unspecified,Objet_18452
Fragile,Objet_21650
Explosive,Objet_12327
Explosive,Objet_29635
Toxic,Objet_16283
Food,Objet_10559
Pressurized,Objet_26195
Toxic,Objet_14127
Flammable,Objet_06472
Pressurized,Objet_23301
Oxidizing,Objet_15330
Oxidizing,Objet_08577
Oxidizing,Objet_04643
Radioactive,Objet_19568
Explosive,Objet_20346
Flammable,Objet_26682
Pressurized,Objet_13703
Pressurized,Objet_05509
Corrosive,Objet_08905
Food,Objet_15182
Unspecified,Objet_08992
Fragile,Objet_05165
Pressurized,Objet_20488
Fragile,Objet_13366
Radioactive,Objet_20440
Unspecified,Objet_06787
Corrosive,Objet_11741
Oxidizing,Objet_20735
Corrosive,Objet_06030
Flammable,Objet_13360
Explosive,Objet_11623
Toxic,Objet_28151
Toxic,Objet_29222
Flammable,Objet_03565
Explosive,Objet_00564
Toxic,Objet_13647
Unspecified,Objet_15448
Toxic,Objet_01955
Food,Objet_13850
Oxidizing,Objet_26917
Toxic,Objet_04635
Oxidizing,Objet_02562
Pressurized,Objet_26367
Pressurized,Objet_02100
Corrosive,Objet_05637
Oxidizing,Objet_03902
Oxidizing,Objet_15706
Fragile,Objet_03445
Radioactive,Objet_01838
Flammable,Objet_26157
Oxidizing,Objet_17079
Fragile,Objet_02237
Corrosive,Objet_07342
Explosive,Objet_26523
Fragile,Objet_11272
Pressurized,Objet_09730
Corrosive,Objet_18308
Pressurized,Objet_09896
Explosive,Objet_19896
Unspecified,Objet_25985
Fragile,Objet_02331
Pressurized,Objet_08277
Pressurized,Objet_29593
Explosive,Objet_11407
Fragile,Objet_17255
Unspecified,Objet_26805
Explosive,Objet_07641
Toxic,Objet_23329
Explosive,Objet_27014
Corrosive,Objet_11471
Radioactive,Objet_07262
Radioactive,Objet_11027
Flammable,Objet_18423
Corrosive,Objet_08059
Oxidizing,Objet_14491
Pressurized,Objet_14883
Fragile,Objet_18112
Food,Objet_25764
Pressurized,Objet_28571
Oxidizing,Objet_08872
Food,Objet_16907
Pressurized,Objet_05009
Oxidizing,Objet_06413
Flammable,Objet_23278
Corrosive,Objet_06918
Unspecified,Objet_20911
Radioactive,Objet_10371
Corrosive,Objet_29743
Flammable,Objet_18257
Explosive,Objet_03793
Radioactive,Objet_28468
Pressurized,Objet_03604
Pressurized,Objet_21500
Radioactive,Objet_24282
Food,Objet_28277
Fragile,Objet_12705
Fragile,Objet_02234
Explosive,Objet_06216
Fragile,Objet_09591
Oxidizing,Objet_11835
Food,Objet_24449
Unspecified,Objet_22562
Flammable,Objet_27110
Pressurized,Objet_12909
Pressurized,Objet_18732
Explosive,Objet_07229
Food,Objet_13926
Fragile,Objet_30138
Flammable,Objet_19342
Radioactive,Objet_27849
Food,Objet_17283
Unspecified,Objet_28325
Radioactive,Objet_00198
Explosive,Objet_28866
Toxic,Objet_16825
Toxic,Objet_28928
Oxidizing,Objet_01700
Oxidizing,Objet_21566
Food,Objet_20353
Fragile,Objet_23917
Food,Objet_25298
Corrosive,Objet_01353
Unspecified,Objet_08337
Toxic,Objet_21998
Unspecified,Objet_06068
Toxic,Objet_14466
Toxic,Objet_04618
Toxic,Objet_17690
Fragile,Objet_04179
Explosive,Objet_18559
Explosive,Objet_10700
Toxic,Objet_08505
Pressurized,Objet_08768
Pressurized,Objet_00756
Oxidizing,Objet_14214
Radioactive,Objet_20381
Radioactive,Objet_23878
Flammable,Objet_03587
Explosive,Objet_01535
Radioactive,Objet_19161
Fragile,Objet_26325
Radioactive,Objet_24270
Flammable,Objet_21056
Toxic,Objet_14118
Fragile,Objet_14357
Explosive,Objet_25097
Radioactive,Objet_16011
Toxic,Objet_10009
Corrosive,Objet_10884
Food,Objet_12470
Fragile,Objet_10404
Pressurized,Objet_14965
Food,Objet_19512
Explosive,Objet_03747
Radioactive,Objet_20102
Radioactive,Objet_29791
Flammable,Objet_27574
Food,Objet_07600
Explosive,Objet_06741
Oxidizing,Objet_16976
Pressurized,Objet_16526
Corrosive,Objet_20003
Fragile,Objet_20666
Food,Objet_08692
Toxic,Objet_26867
Oxidizing,Objet_19299
Radioactive,Objet_18817
Unspecified,Objet_29543
Radioactive,Objet_24783
Oxidizing,Objet_06843
Oxidizing,Objet_05969
Food,Objet_08792
Explosive,Objet_11458
Fragile,Objet_07183
Explosive,Objet_01339
Food,Objet_22701
Radioactive,Objet_05190
Explosive,Objet_27586
Food,Objet_13358
Unspecified,Objet_17190
Food,Objet_20581
Toxic,Objet_23816
Fragile,Objet_03999
Toxic,Objet_29693
Toxic,Objet_16748
Toxic,Objet_28692
Pressurized,Objet_04659
Oxidizing,Objet_07572
Food,Objet_05534
Food,Objet_24621
Fragile,Objet_09716
Flammable,Objet_01431
Unspecified,Objet_08348
Unspecified,Objet_10077
Pressurized,Objet_11007
Toxic,Objet_23049
Pressurized,Objet_14025
Explosive,Objet_14918
Oxidizing,Objet_15089
Toxic,Objet_15432
Food,Objet_04042
Corrosive,Objet_11202
Flammable,Objet_08094
Pressurized,Objet_11463
Unspecified,Objet_26640
Radioactive,Objet_20978
Toxic,Objet_15729
Radioactive,Objet_12540
Radioactive,Objet_26832
Fragile,Objet_03874
Unspecified,Objet_22327
Radioactive,Objet_29802
Explosive,Objet_08683
Radioactive,Objet_04346
Toxic,Objet_12523
Food,Objet_18990
Fragile,Objet_04966
Unspecified,Objet_11744
Food,Objet_01800
Unspecified,Objet_03175
Explosive,Objet_21942
Fragile,Objet_10113
Corrosive,Objet_27538
Corrosive,Objet_01450
Corrosive,Objet_05002
Unspecified,Objet_23999
Food,Objet_08641
Food,Objet_29565
Corrosive,Objet_19902
Explosive,Objet_26988
Fragile,Objet_00279
Explosive,Objet_27273
Flammable,Objet_17615
Corrosive,Objet_27403
Radioactive,Objet_10761
Toxic,Objet_05361
Explosive,Objet_08721
Explosive,Objet_26632
Unspecified,Objet_12148
Corrosive,Objet_21753
Radioactive,Objet_16530
Flammable,Objet_18039
Corrosive,Objet_20354
Oxidizing,Objet_04656
Pressurized,Objet_22393
Oxidizing,Objet_02364
Food,Objet_26875
Pressurized,Objet_14375
Unspecified,Objet_24283
Pressurized,Objet_03508
Food,Objet_15271
Oxidizing,Objet_18789
Pressurized,Objet_17316
Corrosive,Objet_11257
Oxidizing,Objet_11887
Fragile,Objet_22346
Radioactive,Objet_12610
Food,Objet_26475
Radioactive,Objet_22290
Fragile,Objet_02573
Fragile,Objet_00715
Food,Objet_29883
Radioactive,Objet_30029
Radioactive,Objet_29976
Corrosive,Objet_02124
Flammable,Objet_27915
Explosive,Objet_12984
Pressurized,Objet_27325
Unspecified,Objet_00676
Unspecified,Objet_06057
Corrosive,Objet_21000
Radioactive,Objet_03910
Explosive,Objet_07499
Food,Objet_13500
Food,Objet_19772
Fragile,Objet_09085
Flammable,Objet_09606
Fragile,Objet_19619
Pressurized,Objet_29108
Flammable,Objet_18820
Explosive,Objet_08296
Radioactive,Objet_11827
Fragile,Objet_23386
Radioactive,Objet_23548
Flammable,Objet_06620
Fragile,Objet_19635
Fragile,Objet_13446
Corrosive,Objet_21188
Toxic,Objet_10357
Explosive,Objet_26322
Oxidizing,Objet_19297
Corrosive,Objet_18324
Toxic,Objet_26432
Oxidizing,Objet_15180
Fragile,Objet_21988
Radioactive,Objet_19852
Fragile,Objet_01579
Oxidizing,Objet_22171
Flammable,Objet_23683
Toxic,Objet_06609
Fragile,Objet_20101
Pressurized,Objet_11351
Explosive,Objet_24380
Corrosive,Objet_14672
Radioactive,Objet_14926
Pressurized,Objet_12881
Food,Objet_08158
Toxic,Objet_09147
Oxidizing,Objet_03262
Explosive,Objet_01164
Flammable,Objet_10933
Flammable,Objet_22811
Fragile,Objet_29099
Oxidizing,Objet_18625
Flammable,Objet_18309
Unspecified,Objet_21949
Flammable,Objet_14345
Explosive,Objet_12362
Food,Objet_00527
Food,Objet_01676
Flammable,Objet_15333
Oxidizing,Objet_08131
Food,Objet_22943
Corrosive,Objet_16677
Oxidizing,Objet_10639
Corrosive,Objet_28226
Corrosive,Objet_17155
Pressurized,Objet_06348
Oxidizing,Objet_13079
Radioactive,Objet_03288
Flammable,Objet_01529
Toxic,Objet_09246
Unspecified,Objet_15356
Oxidizing,Objet_02929
Corrosive,Objet_15438
Unspecified,Objet_25367
Oxidizing,Objet_05976
Corrosive,Objet_06954
Flammable,Objet_13933
Fragile,Objet_15585
Corrosive,Objet_18719
Toxic,Objet_16747
Pressurized,Objet_21377
Unspecified,Objet_10701
Oxidizing,Objet_29799
Oxidizing,Objet_17515
Fragile,Objet_16517
Radioactive,Objet_26480
Explosive,Objet_00333
Toxic,Objet_20687
Explosive,Objet_03741
Flammable,Objet_07147
Fragile,Objet_00526
Flammable,Objet_18568
Flammable,Objet_24659
Oxidizing,Objet_17604
Corrosive,Objet_28708
Flammable,Objet_21603
Corrosive,Objet_04881
Fragile,Objet_19488
Food,Objet_26978
Flammable,Objet_24073
Toxic,Objet_09277
Unspecified,Objet_26737
Radioactive,Objet_03568
Radioactive,Objet_18489
Radioactive,Objet_04461
Food,Objet_24494
Oxidizing,Objet_22648
Corrosive,Objet_15669
Oxidizing,Objet_06614
Explosive,Objet_11464
Flammable,Objet_22249
Unspecified,Objet_24645
Corrosive,Objet_18374
Explosive,Objet_12355
Radioactive,Objet_05478
Explosive,Objet_00130
Radioactive,Objet_22236
Oxidizing,Objet_01982
Pressurized,Objet_21330
Oxidizing,Objet_25681
Toxic,Objet_26492
Food,Objet_25742
Fragile,Objet_11441
Toxic,Objet_22341
Oxidizing,Objet_16058
Flammable,Objet_04333
Pressurized,Objet_12197
Pressurized,Objet_20603
Toxic,Objet_01646
Radioactive,Objet_06979
Explosive,Objet_29704
Fragile,Objet_06960
Explosive,Objet_17895
Oxidizing,Objet_25970
Unspecified,Objet_15390
Pressurized,Objet_19673
Pressurized,Objet_14760
Explosive,Objet_12239
Unspecified,Objet_13301
Oxidizing,Objet_03327
Oxidizing,Objet_06626
Flammable,Objet_15700
Unspecified,Objet_23951
Pressurized,Objet_20479
Radioactive,Objet_17329
Food,Objet_13855
Explosive,Objet_08109
Radioactive,Objet_21364
Explosive,Objet_22801
Explosive,Objet_10751
Corrosive,Objet_10862
Radioactive,Objet_17848
Flammable,Objet_21421
Fragile,Objet_21962
Food,Objet_10424
Food,Objet_22604
Oxidizing,Objet_07698
Food,Objet_16201
Unspecified,Objet_29552
Fragile,Objet_02176
Toxic,Objet_19368
Radioactive,Objet_29022
Food,Objet_09346
Unspecified,Objet_10499
Radioactive,Objet_07926
Flammable,Objet_10398
Flammable,Objet_10401
Radioactive,Objet_18669
Food,Objet_04291
Food,Objet_06758
Unspecified,Objet_30047
Pressurized,Objet_14515
Pressurized,Objet_14924
Unspecified,Objet_18682
Radioactive,Objet_21630
Flammable,Objet_07364
Unspecified,Objet_08780
Explosive,Objet_28493
Radioactive,Objet_03850
Food,Objet_14316
Fragile,Objet_00049
Toxic,Objet_00456
Food,Objet_10431
Food,Objet_07199
Food,Objet_11721
Food,Objet_11486
Toxic,Objet_15102
Pressurized,Objet_22635
Food,Objet_02406
Pressurized,Objet_17165
Unspecified,Objet_15670
Fragile,Objet_28754
Explosive,Objet_28817
Food,Objet_11944
Flammable,Objet_26906
Corrosive,Objet_21384
Radioactive,Objet_24564
Corrosive,Objet_28397
Radioactive,Objet_23539
Explosive,Objet_06093
Toxic,Objet_11184
Food,Objet_10089
Oxidizing,Objet_22453
Unspecified,Objet_14559
Toxic,Objet_21359
Toxic,Objet_02945
Fragile,Objet_20390
Unspecified,Objet_03533
Food,Objet_08215
Food,Objet_07185
Fragile,Objet_24422
Fragile,Objet_11985
Fragile,Objet_08773
Pressurized,Objet_11504
Oxidizing,Objet_18918
Fragile,Objet_26458
Flammable,Objet_22302
Radioactive,Objet_19575
Flammable,Objet_18621
Oxidizing,Objet_29600
Fragile,Objet_14143
Explosive,Objet_13362
Corrosive,Objet_27628
Flammable,Objet_26090
Unspecified,Objet_17288
Radioactive,Objet_26542
Pressurized,Objet_21067
Food,Objet_24065
Food,Objet_02105
Flammable,Objet_05721
Oxidizing,Objet_13757
Unspecified,Objet_08190
Explosive,Objet_24753
Explosive,Objet_13767
Pressurized,Objet_29793
Corrosive,Objet_10107
Oxidizing,Objet_07927
Explosive,Objet_11707
Radioactive,Objet_28628
Fragile,Objet_29252
Unspecified,Objet_00254
Toxic,Objet_14531
Flammable,Objet_00804
Flammable,Objet_06754
Corrosive,Objet_09231
Pressurized,Objet_24517
Flammable,Objet_00379
Flammable,Objet_01271
Fragile,Objet_04868
Toxic,Objet_03470
Fragile,Objet_25358
Toxic,Objet_26178
Flammable,Objet_01177
Explosive,Objet_02891
Radioactive,Objet_17871
Corrosive,Objet_04741
Toxic,Objet_13036
Flammable,Objet_18071
Fragile,Objet_29300
Oxidizing,Objet_14555
Radioactive,Objet_13173
Toxic,Objet_19536
Explosive,Objet_16837
Unspecified,Objet_06308
Corrosive,Objet_01775
Radioactive,Objet_18155
Pressurized,Objet_13488
Flammable,Objet_08546
Oxidizing,Objet_03702
Pressurized,Objet_11349
Toxic,Objet_11280
Explosive,Objet_28789
Flammable,Objet_15296
Oxidizing,Objet_27304
Fragile,Objet_24053
Unspecified,Objet_22115
Explosive,Objet_12450
Fragile,Objet_29053
Explosive,Objet_15032
Corrosive,Objet_13586
Fragile,Objet_13974
Toxic,Objet_10083
Explosive,Objet_09144
Food,Objet_22555
Corrosive,Objet_19589
Food,Objet_20749
Fragile,Objet_22949
Food,Objet_26921
Radioactive,Objet_13742
Pressurized,Objet_01333
Corrosive,Objet_24301
Toxic,Objet_19994
Corrosive,Objet_06095
Radioactive,Objet_26588
Food,Objet_11819
Toxic,Objet_06904
Food,Objet_21758
Unspecified,Objet_10602
Pressurized,Objet_11227
Fragile,Objet_03764
Radioactive,Objet_04813
Flammable,Objet_04818
Explosive,Objet_02247
Oxidizing,Objet_29754
Pressurized,Objet_27553
Unspecified,Objet_20137
Pressurized,Objet_29355
Pressurized,Objet_16176
Food,Objet_20399
Oxidizing,Objet_24436
Fragile,Objet_18910
Fragile,Objet_28142
Corrosive,Objet_24874
Unspecified,Objet_13575
Toxic,Objet_26346
Fragile,Objet_01275
Food,Objet_24029
Radioactive,Objet_05214
Radioactive,Objet_10309
Radioactive,Objet_11937
Flammable,Objet_00114
Pressurized,Objet_06185
Unspecified,Objet_08751
Explosive,Objet_14936
Food,Objet_14700
Explosive,Objet_23172
Flammable,Objet_13944
Food,Objet_02273
Radioactive,Objet_25570
Explosive,Objet_21443
Pressurized,Objet_23831
Food,Objet_27450
Unspecified,Objet_28245
Radioactive,Objet_15014
Toxic,Objet_26877
Explosive,Objet_13039
Oxidizing,Objet_11163
Radioactive,Objet_16767
Toxic,Objet_10932
Radioactive,Objet_04754
Fragile,Objet_25036
Food,Objet_28114
Radioactive,Objet_15868
Unspecified,Objet_06730
Explosive,Objet_11645
Fragile,Objet_27626
Flammable,Objet_04812
Toxic,Objet_01284
Flammable,Objet_08065
Corrosive,Objet_30043
Fragile,Objet_10101
Radioactive,Objet_20279
Pressurized,Objet_04486
Toxic,Objet_24432
Radioactive,Objet_03845
Flammable,Objet_07253
Unspecified,Objet_12883
Food,Objet_18191
Fragile,Objet_10277
Explosive,Objet_16623
Unspecified,Objet_19472
Radioactive,Objet_04057
Oxidizing,Objet_26276
Toxic,Objet_13429
Pressurized,Objet_00118
Radioactive,Objet_00001
Food,Objet_13057
Pressurized,Objet_05007
Food,Objet_22008
Oxidizing,Objet_12407
Toxic,Objet_06462
Oxidizing,Objet_25025
Toxic,Objet_24090
Toxic,Objet_00372
Toxic,Objet_28192
Radioactive,Objet_20648
Fragile,Objet_03341
Corrosive,Objet_23480
Radioactive,Objet_27550
Pressurized,Objet_24720
Food,Objet_09160
Pressurized,Objet_12833
Oxidizing,Objet_07383
Unspecified,Objet_08201
Oxidizing,Objet_08615
Unspecified,Objet_14263
Unspecified,Objet_01637
Oxidizing,Objet_28399
Explosive,Objet_01925
Flammable,Objet_10847
Corrosive,Objet_30091
Fragile,Objet_23409
Explosive,Objet_09020
Pressurized,Objet_10394
Pressurized,Objet_25920
Oxidizing,Objet_17134
Flammable,Objet_16046
Explosive,Objet_17542
Unspecified,Objet_15909
Explosive,Objet_23006
Unspecified,Objet_24304
Unspecified,Objet_29965
Explosive,Objet_03908
Fragile,Objet_25019
Unspecified,Objet_19871
Toxic,Objet_25313
Oxidizing,Objet_25904
Corrosive,Objet_15690
Oxidizing,Objet_08531
Fragile,Objet_21693
Radioactive,Objet_07436
Pressurized,Objet_11059
Unspecified,Objet_04470
Fragile,Objet_00583
Unspecified,Objet_06913
Explosive,Objet_02355
Unspecified,Objet_11998
Food,Objet_11704
Toxic,Objet_00123
Food,Objet_18516
Flammable,Objet_03635
Oxidizing,Objet_12014
Toxic,Objet_05939
Corrosive,Objet_10647
Explosive,Objet_11949
Corrosive,Objet_08813
Unspecified,Objet_23029
Corrosive,Objet_27858
Toxic,Objet_25858
Food,Objet_07341
Unspecified,Objet_01523
Corrosive,Objet_23377
Toxic,Objet_26677
Corrosive,Objet_16310
Toxic,Objet_02377
Toxic,Objet_05473
Oxidizing,Objet_25172
Corrosive,Objet_04274
Toxic,Objet_02766
Oxidizing,Objet_26919
Radioactive,Objet_14072
Fragile,Objet_27499
Explosive,Objet_12852
Explosive,Objet_12347
Pressurized,Objet_16625
Explosive,Objet_28167
Pressurized,Objet_23422
Food,Objet_16964
Corrosive,Objet_05857
Pressurized,Objet_28748
Corrosive,Objet_09067
Explosive,Objet_10448
Radioactive,Objet_03440
Toxic,Objet_24855
Fragile,Objet_03286
Flammable,Objet_24597
Oxidizing,Objet_26550
Corrosive,Objet_13117
Corrosive,Objet_00635
Radioactive,Objet_01724
Corrosive,Objet_11139
Food,Objet_12758
Toxic,Objet_02481
Pressurized,Objet_22092
Explosive,Objet_27107
Fragile,Objet_01413
Unspecified,Objet_18733
Radioactive,Objet_00134
Pressurized,Objet_08923
Corrosive,Objet_29389
Corrosive,Objet_22628
Food,Objet_28227
Pressurized,Objet_25368
Explosive,Objet_06564
Flammable,Objet_09816
Corrosive,Objet_27253
Corrosive,Objet_24389
Explosive,Objet_26506
Explosive,Objet_00386
Explosive,Objet_08224
Pressurized,Objet_03258
Explosive,Objet_23270
Food,Objet_29482
Pressurized,Objet_19448
Fragile,Objet_27164
Unspecified,Objet_27314
Pressurized,Objet_24932
Flammable,Objet_05444
Flammable,Objet_12318
Fragile,Objet_05522
Unspecified,Objet_14003
Oxidizing,Objet_09264
Fragile,Objet_14840
Radioactive,Objet_09636
Pressurized,Objet_10668
Toxic,Objet_03754
Unspecified,Objet_23163
Corrosive,Objet_08985
Unspecified,Objet_29723
Radioactive,Objet_27713
Corrosive,Objet_05272
Pressurized,Objet_18210
Explosive,Objet_06099
Radioactive,Objet_15767
Pressurized,Objet_11722
Explosive,Objet_07712
Explosive,Objet_22375
Corrosive,Objet_07302
Radioactive,Objet_12337
Corrosive,Objet_01354
Radioactive,Objet_12492
Oxidizing,Objet_14928
Corrosive,Objet_01007
Fragile,Objet_18068
Unspecified,Objet_23572
Explosive,Objet_25533
Corrosive,Objet_15399
Fragile,Objet_28865
Fragile,Objet_29427
Corrosive,Objet_01231
Explosive,Objet_14749
Flammable,Objet_05047
Toxic,Objet_01364
Toxic,Objet_16465
Oxidizing,Objet_26686
Radioactive,Objet_16337
Corrosive,Objet_28108
Corrosive,Objet_19088
Flammable,Objet_28553
Unspecified,Objet_09040
Toxic,Objet_17000
Corrosive,Objet_05365
Fragile,Objet_19300
Flammable,Objet_16072
Pressurized,Objet_02092
Food,Objet_03699
Corrosive,Objet_08981
Pressurized,Objet_12717
Oxidizing,Objet_12699
Unspecified,Objet_00666
Pressurized,Objet_14989
Toxic,Objet_01330
Corrosive,Objet_26182
Food,Objet_00561
Explosive,Objet_16793
Fragile,Objet_20975
Fragile,Objet_09902
Oxidizing,Objet_03098
Fragile,Objet_23191
Toxic,Objet_09460
Unspecified,Objet_17244
Toxic,Objet_23276
Radioactive,Objet_02873
Food,Objet_01489
Toxic,Objet_02294
Food,Objet_10413
Corrosive,Objet_29114
Oxidizing,Objet_00040
Corrosive,Objet_12155
Oxidizing,Objet_24515
Toxic,Objet_28098
Radioactive,Objet_04016
Oxidizing,Objet_06574
Oxidizing,Objet_26495
Food,Objet_14266
Radioactive,Objet_22536
Radioactive,Objet_04186
Unspecified,Objet_08192
Pressurized,Objet_00221
Radioactive,Objet_26788
Fragile,Objet_21424
Fragile,Objet_27477
Oxidizing,Objet_01729
Pressurized,Objet_00300
Food,Objet_20215
Fragile,Objet_23218
Pressurized,Objet_00092
Unspecified,Objet_05384
Flammable,Objet_04161
Unspecified,Objet_28851
Fragile,Objet_17002
Unspecified,Objet_04028
Corrosive,Objet_25733
Fragile,Objet_17202
Corrosive,Objet_19404
Radioactive,Objet_09042
Oxidizing,Objet_05889
Oxidizing,Objet_04707
Pressurized,Objet_05048
Explosive,Objet_11910
Toxic,Objet_06808
Pressurized,Objet_15878
Pressurized,Objet_09833
Radioactive,Objet_04502
Oxidizing,Objet_29263
Radioactive,Objet_14488
Unspecified,Objet_05701
Oxidizing,Objet_21696
Toxic,Objet_12332
Explosive,Objet_26975
Toxic,Objet_22472
Corrosive,Objet_29516
Corrosive,Objet_10310
Pressurized,Objet_16191
Pressurized,Objet_11649
Oxidizing,Objet_22916
Pressurized,Objet_21476
Radioactive,Objet_16318
Food,Objet_19114
Food,Objet_04345
Oxidizing,Objet_23537
Unspecified,Objet_00706
Pressurized,Objet_00381
Corrosive,Objet_17537
Toxic,Objet_21817
Corrosive,Objet_23964
Unspecified,Objet_16920
Food,Objet_02223
Pressurized,Objet_05373
Unspecified,Objet_28351
Corrosive,Objet_02772
Food,Objet_18909
Unspecified,Objet_27907
Explosive,Objet_23724
Flammable,Objet_08713
Flammable,Objet_01567
Toxic,Objet_00620
Oxidizing,Objet_27757
Food,Objet_06200
Food,Objet_24584
Corrosive,Objet_12089
Oxidizing,Objet_12012
Pressurized,Objet_05910
Radioactive,Objet_24115
Fragile,Objet_25655
Unspecified,Objet_18067
Explosive,Objet_21452
Oxidizing,Objet_18967
Pressurized,Objet_02318
Corrosive,Objet_27234
Fragile,Objet_03714
Fragile,Objet_02995
Food,Objet_13091
Radioactive,Objet_18871
Corrosive,Objet_22003
Corrosive,Objet_00921
Radioactive,Objet_16272
Explosive,Objet_07444
Radioactive,Objet_13181
Food,Objet_10274
Oxidizing,Objet_14257
Toxic,Objet_09749
Fragile,Objet_25686
Oxidizing,Objet_18211
Flammable,Objet_29430
Food,Objet_16879
Toxic,Objet_03110
Food,Objet_10043
Radioactive,Objet_21786
Oxidizing,Objet_13000
Explosive,Objet_06511
Explosive,Objet_20185
Toxic,Objet_18585
Toxic,Objet_21676
Explosive,Objet_18404
Pressurized,Objet_08356
Pressurized,Objet_16909
Toxic,Objet_28933
Food,Objet_17326
Radioactive,Objet_01090
Pressurized,Objet_25434
Flammable,Objet_19275
Oxidizing,Objet_24589
Oxidizing,Objet_03556
Unspecified,Objet_08889
Pressurized,Objet_14500
Food,Objet_02244
Flammable,Objet_07796
Food,Objet_14303
Unspecified,Objet_16917
Food,Objet_03257
Flammable,Objet_18603
Unspecified,Objet_06425
Radioactive,Objet_10957
Pressurized,Objet_29010
Unspecified,Objet_15901
Food,Objet_15746
Fragile,Objet_10093
Toxic,Objet_06234
Explosive,Objet_21321
Unspecified,Objet_16781
Radioactive,Objet_01471
Unspecified,Objet_24297
Corrosive,Objet_05400
Toxic,Objet_11664
Flammable,Objet_18422
Pressurized,Objet_16477
Corrosive,Objet_26130
Unspecified,Objet_06638
Flammable,Objet_18157
Radioactive,Objet_22732
Unspecified,Objet_24485
Flammable,Objet_17645
Pressurized,Objet_06405
Unspecified,Objet_29689
Pressurized,Objet_24285
Oxidizing,Objet_11451
Radioactive,Objet_20628
Explosive,Objet_14913
Radioactive,Objet_08929
Radioactive,Objet_23761
Fragile,Objet_21552
Fragile,Objet_19185
Corrosive,Objet_18855
Corrosive,Objet_12793
Unspecified,Objet_25158
Pressurized,Objet_18746
Unspecified,Objet_02755
Pressurized,Objet_14819
Corrosive,Objet_14057
Flammable,Objet_02534
Flammable,Objet_21108
Fragile,Objet_25880
Explosive,Objet_13875
Toxic,Objet_26946
Explosive,Objet_00140
Flammable,Objet_27809
Explosive,Objet_10839
Pressurized,Objet_11765
Pressurized,Objet_07226
Food,Objet_28825
Unspecified,Objet_24394
Oxidizing,Objet_29503
Corrosive,Objet_02005
Food,Objet_28276
Explosive,Objet_11005
Food,Objet_23523
Pressurized,Objet_13090
Flammable,Objet_03277
Toxic,Objet_21235
Toxic,Objet_16718
Toxic,Objet_10434
Food,Objet_27714
Food,Objet_24318
Pressurized,Objet_08405
Explosive,Objet_09575
Radioactive,Objet_20570
Corrosive,Objet_28721
Oxidizing,Objet_28451
Fragile,Objet_25695
Oxidizing,Objet_21794
Toxic,Objet_05274
Pressurized,Objet_17935
Food,Objet_29294
Explosive,Objet_02477
Food,Objet_29188
Toxic,Objet_21538
Radioactive,Objet_07647
Corrosive,Objet_16862
Flammable,Objet_27106
Explosive,Objet_09419
Unspecified,Objet_15060
Flammable,Objet_27613
Explosive,Objet_26973
Toxic,Objet_26338
Oxidizing,Objet_04374
Toxic,Objet_06119
Explosive,Objet_26024
Pressurized,Objet_23041
Radioactive,Objet_04007
Pressurized,Objet_12808
Explosive,Objet_25720
Oxidizing,Objet_25304
Oxidizing,Objet_12404
Corrosive,Objet_26673
Radioactive,Objet_15548
Unspecified,Objet_25384
Corrosive,Objet_27446
Oxidizing,Objet_10520
Explosive,Objet_16149
Toxic,Objet_16621
Fragile,Objet_20385
Radioactive,Objet_05299
Fragile,Objet_05728
Flammable,Objet_28705
Fragile,Objet_20609
Radioactive,Objet_05310
Explosive,Objet_02539
Explosive,Objet_22270
Corrosive,Objet_23649
Flammable,Objet_10195
Pressurized,Objet_03245
Explosive,Objet_26344
Oxidizing,Objet_19833
Oxidizing,Objet_21416
Fragile,Objet_24126
Food,Objet_17074
Flammable,Objet_00330
Toxic,Objet_01414
Food,Objet_11433
Unspecified,Objet_12638
Pressurized,Objet_14291
Unspecified,Objet_09567
Corrosive,Objet_09066
Toxic,Objet_04791
Pressurized,Objet_06221
Corrosive,Objet_22188
Radioactive,Objet_03018
Food,Objet_14080
Radioactive,Objet_06950
Fragile,Objet_20979
Corrosive,Objet_25882
Oxidizing,Objet_20047
Toxic,Objet_29411
Corrosive,Objet_04584
Unspecified,Objet_09889
Flammable,Objet_20507
Fragile,Objet_22557
Flammable,Objet_24750
Fragile,Objet_14978
Fragile,Objet_11425
Toxic,Objet_12172
Flammable,Objet_21030
Unspecified,Objet_17899
Corrosive,Objet_00653
Radioactive,Objet_08822
Fragile,Objet_18384
Fragile,Objet_20848
Explosive,Objet_27781
Explosive,Objet_19484
Corrosive,Objet_08292
Toxic,Objet_27057
Pressurized,Objet_00569
Food,Objet_11432
Corrosive,Objet_02538
Flammable,Objet_29328
Unspecified,Objet_20388
Fragile,Objet_26768
Flammable,Objet_12843
Food,Objet_19997
Radioactive,Objet_14999
Fragile,Objet_17308
Oxidizing,Objet_08483
Oxidizing,Objet_07189
Pressurized,Objet_08346
Flammable,Objet_16391
Food,Objet_13528
Pressurized,Objet_20904
Explosive,Objet_14662
Toxic,Objet_26354
Pressurized,Objet_12605
Unspecified,Objet_27513
Pressurized,Objet_16595
Pressurized,Objet_02702
Fragile,Objet_01213
Fragile,Objet_27615
Unspecified,Objet_14784
Fragile,Objet_20912
Flammable,Objet_07380
Oxidizing,Objet_17787
Flammable,Objet_03687
Fragile,Objet_07313
Oxidizing,Objet_02669
Fragile,Objet_00459
Toxic,Objet_26186
Toxic,Objet_17669
Oxidizing,Objet_02003
Toxic,Objet_11795
Food,Objet_03224
Toxic,Objet_17253
Radioactive,Objet_03855
Unspecified,Objet_29295
Toxic,Objet_19373
Unspecified,Objet_07161
Oxidizing,Objet_04682
Oxidizing,Objet_29416
Corrosive,Objet_17474
Toxic,Objet_03758
Oxidizing,Objet_28656
Radioactive,Objet_20999
Unspecified,Objet_08241
Toxic,Objet_22141
Oxidizing,Objet_27338
Fragile,Objet_08204
Food,Objet_03198
Food,Objet_21785
Food,Objet_02311
Flammable,Objet_00157
Pressurized,Objet_12024
Flammable,Objet_05258
Oxidizing,Objet_29768
Flammable,Objet_04930
Explosive,Objet_04532
Oxidizing,Objet_21667
Fragile,Objet_23652
Flammable,Objet_23566
Explosive,Objet_09766
Fragile,Objet_03480
Unspecified,Objet_10028
Explosive,Objet_09904
Unspecified,Objet_02058
Flammable,Objet_29223
Explosive,Objet_04300
Food,Objet_27350
Oxidizing,Objet_07307
Food,Objet_25738
Radioactive,Objet_17668
Pressurized,Objet_04641
Oxidizing,Objet_07846
Corrosive,Objet_27897
Food,Objet_13885
Food,Objet_18297
Flammable,Objet_04857
Fragile,Objet_02038
Explosive,Objet_23755
Flammable,Objet_00571
Radioactive,Objet_28819
Unspecified,Objet_12727
Pressurized,Objet_28771
Pressurized,Objet_28959
Explosive,Objet_05851
Oxidizing,Objet_21805
Oxidizing,Objet_25552
Radioactive,Objet_01658
Corrosive,Objet_09352
Corrosive,Objet_26970
Pressurized,Objet_25116
Corrosive,Objet_00613
Toxic,Objet_09296
Fragile,Objet_13327
Toxic,Objet_12517
Oxidizing,Objet_20046
Corrosive,Objet_01345
Radioactive,Objet_26698
Radioactive,Objet_22796
Fragile,Objet_12862
Fragile,Objet_12073
Flammable,Objet_04535
Fragile,Objet_19929
Radioactive,Objet_16237
Radioactive,Objet_09254
Pressurized,Objet_03751
Fragile,Objet_15895
Food,Objet_06859
Radioactive,Objet_29065
Fragile,Objet_18333
Food,Objet_08756
Radioactive,Objet_22689
Oxidizing,Objet_27810
Explosive,Objet_24967
Unspecified,Objet_24416
Pressurized,Objet_09230
Food,Objet_18634
Toxic,Objet_29885
Unspecified,Objet_11608
Flammable,Objet_11757
Pressurized,Objet_18306
Explosive,Objet_11354
Unspecified,Objet_26086
Food,Objet_04919
Explosive,Objet_07667
Corrosive,Objet_09946
Fragile,Objet_29004
Unspecified,Objet_03990
Oxidizing,Objet_10762
Unspecified,Objet_20533
Food,Objet_25632
Unspecified,Objet_29470
Pressurized,Objet_12145
Flammable,Objet_19981
Toxic,Objet_14217
Radioactive,Objet_06174
Unspecified,Objet_24117
Flammable,Objet_10078
Explosive,Objet_09118
Unspecified,Objet_14399
Flammable,Objet_09291
Radioactive,Objet_17205
Flammable,Objet_05618
Explosive,Objet_27595
Explosive,Objet_01794
Fragile,Objet_19868
Explosive,Objet_13704
Pressurized,Objet_27321
Oxidizing,Objet_23304
Explosive,Objet_09164
Pressurized,Objet_06231
Unspecified,Objet_05510
Oxidizing,Objet_08657
Toxic,Objet_26668
Unspecified,Objet_17619
Radioactive,Objet_18932
Food,Objet_15003
Fragile,Objet_27262
Flammable,Objet_24585
Explosive,Objet_10374
Explosive,Objet_03328
Corrosive,Objet_19629
Corrosive,Objet_07896
Oxidizing,Objet_07157
Explosive,Objet_21644
Fragile,Objet_23478
Oxidizing,Objet_17634
Fragile,Objet_16180
Pressurized,Objet_22099
Pressurized,Objet_05318
Corrosive,Objet_24430
Pressurized,Objet_16232
Radioactive,Objet_16752
Corrosive,Objet_02568
Oxidizing,Objet_21418
Pressurized,Objet_00500
Toxic,Objet_02869
Food,Objet_26281
Explosive,Objet_01072
Flammable,Objet_19247
Unspecified,Objet_29538
Flammable,Objet_08757
Radioactive,Objet_20210
Radioactive,Objet_08005
Toxic,Objet_26685
Explosive,Objet_18727
Fragile,Objet_05016
Pressurized,Objet_26566
Flammable,Objet_05556
Pressurized,Objet_28857
Radioactive,Objet_05679
Fragile,Objet_03979
Unspecified,Objet_19824
Fragile,Objet_01559
Corrosive,Objet_23769
Food,Objet_22343
Flammable,Objet_24603
Oxidizing,Objet_28485
Fragile,Objet_12998
Unspecified,Objet_28376
Fragile,Objet_18671
Food,Objet_01797
Explosive,Objet_01312
Fragile,Objet_07480
Pressurized,Objet_08456
Corrosive,Objet_28042
Unspecified,Objet_06153
Pressurized,Objet_09148
Toxic,Objet_06493
Toxic,Objet_09909
Oxidizing,Objet_06341
Explosive,Objet_29144
Food,Objet_13762
Toxic,Objet_24205
Fragile,Objet_25030
Oxidizing,Objet_09006
Pressurized,Objet_30122
Unspecified,Objet_09867
Flammable,Objet_12298
Unspecified,Objet_11390
Food,Objet_15552
Pressurized,Objet_27620
Radioactive,Objet_12146
Corrosive,Objet_18042
Toxic,Objet_21288
Toxic,Objet_14171
Corrosive,Objet_08803
Unspecified,Objet_25299
Toxic,Objet_13913
Fragile,Objet_22713
Pressurized,Objet_15903
Corrosive,Objet_03115
Fragile,Objet_10854
Flammable,Objet_22728
Corrosive,Objet_23239
Flammable,Objet_04642
Unspecified,Objet_02462
Food,Objet_00649
Flammable,Objet_11178
Unspecified,Objet_17520
Explosive,Objet_11492
Pressurized,Objet_07247
Pressurized,Objet_27502
Corrosive,Objet_22913
Flammable,Objet_17852
Radioactive,Objet_09157
Fragile,Objet_10968
Fragile,Objet_21213
Radioactive,Objet_06680
Food,Objet_11495
Fragile,Objet_13140
Fragile,Objet_23895
Fragile,Objet_05425
Fragile,Objet_02502
Unspecified,Objet_03735
Explosive,Objet_08421
Explosive,Objet_26384
Fragile,Objet_02501
Fragile,Objet_24050
Pressurized,Objet_04718
Explosive,Objet_12724
Toxic,Objet_14156
Food,Objet_29758
Radioactive,Objet_11875
Pressurized,Objet_01983
Radioactive,Objet_28741
Explosive,Objet_24901
Corrosive,Objet_29382
Unspecified,Objet_09731
Toxic,Objet_01189
Food,Objet_04863
Fragile,Objet_03037
Pressurized,Objet_23351
Toxic,Objet_17481
Radioactive,Objet_07150
Toxic,Objet_21639
Oxidizing,Objet_28379
Toxic,Objet_22368
Pressurized,Objet_06218
Corrosive,Objet_19255
Flammable,Objet_20281
Oxidizing,Objet_17703
Toxic,Objet_28601
Radioactive,Objet_19556
Fragile,Objet_25893
Explosive,Objet_03805
Radioactive,Objet_17167
Food,Objet_26220
Toxic,Objet_06286
Unspecified,Objet_22797
Radioactive,Objet_00166
Oxidizing,Objet_15096
Corrosive,Objet_14620
Radioactive,Objet_28405
Fragile,Objet_05819
Fragile,Objet_29914
Fragile,Objet_15477
Flammable,Objet_16675
Toxic,Objet_00125
Food,Objet_26670
Radioactive,Objet_07321
Pressurized,Objet_27300
Unspecified,Objet_20257
Pressurized,Objet_18137
Flammable,Objet_25539
Oxidizing,Objet_00777
Flammable,Objet_09684
Toxic,Objet_26396
Unspecified,Objet_27327
Oxidizing,Objet_21208
Flammable,Objet_14692
Oxidizing,Objet_11369
Food,Objet_03311
Oxidizing,Objet_04388
Food,Objet_09610
Fragile,Objet_27839
Food,Objet_02559
Flammable,Objet_27072
Corrosive,Objet_10329
Explosive,Objet_25559
Fragile,Objet_25336
Food,Objet_20086
Toxic,Objet_24718
Oxidizing,Objet_12622
Pressurized,Objet_03387
Food,Objet_28632
Toxic,Objet_20199
Radioactive,Objet_20968
Corrosive,Objet_16863
Explosive,Objet_13692
Explosive,Objet_17810
Fragile,Objet_02667
Toxic,Objet_05511
Oxidizing,Objet_24877
Radioactive,Objet_24427
Fragile,Objet_00818
Fragile,Objet_05862
Pressurized,Objet_05766
Toxic,Objet_12840
Explosive,Objet_09413
Pressurized,Objet_07781
Fragile,Objet_03131
Radioactive,Objet_28905
Pressurized,Objet_01131
Pressurized,Objet_21076
Food,Objet_14569
Toxic,Objet_08924
Radioactive,Objet_09965
Unspecified,Objet_15801
Pressurized,Objet_26066
Oxidizing,Objet_28499
Toxic,Objet_28330
Explosive,Objet_11665
Flammable,Objet_02128
Food,Objet_12633
Corrosive,Objet_23599
Unspecified,Objet_00895
Oxidizing,Objet_21515
Flammable,Objet_07914
Oxidizing,Objet_02835
Flammable,Objet_18184
Explosive,Objet_30055
Pressurized,Objet_04587
Unspecified,Objet_07430
Corrosive,Objet_15538
Fragile,Objet_23935
Food,Objet_17314
Toxic,Objet_29585
Food,Objet_24688
Food,Objet_13256
Fragile,Objet_05089
Explosive,Objet_30102
Corrosive,Objet_14525
Pressurized,Objet_06791
Fragile,Objet_05813
Food,Objet_24018
Flammable,Objet_01219
Oxidizing,Objet_00736
Flammable,Objet_01991
Flammable,Objet_17870
Pressurized,Objet_05544
Fragile,Objet_09596
Corrosive,Objet_11593
Toxic,Objet_12783
Flammable,Objet_24599
Explosive,Objet_02033
Pressurized,Objet_25643
Unspecified,Objet_14078
Corrosive,Objet_26097
Flammable,Objet_01459
Unspecified,Objet_14075
Flammable,Objet_18557
Fragile,Objet_12814
Oxidizing,Objet_07072
Radioactive,Objet_00693
Explosive,Objet_02550
Toxic,Objet_18436
Unspecified,Objet_24815
Flammable,Objet_28509
Fragile,Objet_20691
Corrosive,Objet_08801
Oxidizing,Objet_06106
Food,Objet_15574
Flammable,Objet_04774
Pressurized,Objet_27546
Food,Objet_15872
Corrosive,Objet_18917
Unspecified,Objet_07691
Food,Objet_26377
Fragile,Objet_06486
Flammable,Objet_02844
Unspecified,Objet_08176
Oxidizing,Objet_20398
Oxidizing,Objet_15723
Corrosive,Objet_12461
Toxic,Objet_03099
Food,Objet_25999
Radioactive,Objet_09302
Flammable,Objet_16170
Explosive,Objet_21941
Food,Objet_21061
Radioactive,Objet_00552
Flammable,Objet_00553
Radioactive,Objet_22554
Fragile,Objet_21246
Toxic,Objet_01970
Corrosive,Objet_28894
Radioactive,Objet_17360
Explosive,Objet_01130
Pressurized,Objet_20013
Oxidizing,Objet_22039
Pressurized,Objet_21233
Radioactive,Objet_21896
Flammable,Objet_04967
Flammable,Objet_22329
Flammable,Objet_22280
Fragile,Objet_18691
Corrosive,Objet_13539
Flammable,Objet_16582
Flammable,Objet_17924
Food,Objet_25540
Unspecified,Objet_21318
Oxidizing,Objet_18270
Radioactive,Objet_00639
Fragile,Objet_03100
Unspecified,Objet_28514
Unspecified,Objet_29344
Food,Objet_26740
Toxic,Objet_03963
Explosive,Objet_27540
Toxic,Objet_05792
Explosive,Objet_08174
Corrosive,Objet_24918
Flammable,Objet_28764
Toxic,Objet_25455
Oxidizing,Objet_26068
Explosive,Objet_08798
Explosive,Objet_15529
Fragile,Objet_29815
Corrosive,Objet_07818
Oxidizing,Objet_03794
Corrosive,Objet_17460
Explosive,Objet_05371
Food,Objet_01695
Oxidizing,Objet_28279
Corrosive,Objet_19625
Corrosive,Objet_30057
Oxidizing,Objet_01129
Fragile,Objet_19778
Corrosive,Objet_15257
Explosive,Objet_03297
Flammable,Objet_11515
Flammable,Objet_00028
Flammable,Objet_22324
Food,Objet_12458
Fragile,Objet_07552
Unspecified,Objet_04542
Fragile,Objet_03946
Unspecified,Objet_19550
Flammable,Objet_29522
Food,Objet_01584
Explosive,Objet_05403
Fragile,Objet_26135
Food,Objet_08600
Food,Objet_27160
Radioactive,Objet_17994
Pressurized,Objet_10784
Flammable,Objet_22884
Corrosive,Objet_00020
Corrosive,Objet_09099
Radioactive,Objet_19660
Toxic,Objet_16875
Flammable,Objet_21901
Corrosive,Objet_17392
Flammable,Objet_01432
Explosive,Objet_28187
Flammable,Objet_18357
Radioactive,Objet_24654
Flammable,Objet_22351
Fragile,Objet_22261
Pressurized,Objet_17194
Radioactive,Objet_07757
Pressurized,Objet_04128
Fragile,Objet_16106
Flammable,Objet_27195
Unspecified,Objet_03109
Explosive,Objet_26253
Unspecified,Objet_09913
Food,Objet_02430
Oxidizing,Objet_22503
Unspecified,Objet_18328
Radioactive,Objet_03772
Pressurized,Objet_25318
Flammable,Objet_14359
Radioactive,Objet_12251
Unspecified,Objet_10844
Toxic,Objet_04630
Unspecified,Objet_04475
Explosive,Objet_29193
Food,Objet_27774
Food,Objet_22380
Corrosive,Objet_14594
Pressurized,Objet_09601
Toxic,Objet_01202
Pressurized,Objet_22986
Explosive,Objet_09532
Pressurized,Objet_14457
Food,Objet_04405
Pressurized,Objet_28826
Radioactive,Objet_09701
Food,Objet_02482
Radioactive,Objet_19442
Fragile,Objet_29045
Fragile,Objet_18486
Oxidizing,Objet_29655
Oxidizing,Objet_21499
Corrosive,Objet_17189
Radioactive,Objet_04265
Fragile,Objet_16882
Oxidizing,Objet_06683
Fragile,Objet_00661
Oxidizing,Objet_11642
Food,Objet_13615
Oxidizing,Objet_08608
Pressurized,Objet_23281
Explosive,Objet_20283
Fragile,Objet_09655
Flammable,Objet_18547
Flammable,Objet_01044
Fragile,Objet_02993
Toxic,Objet_19061
Oxidizing,Objet_07639
Food,Objet_25744
Food,Objet_00584
Corrosive,Objet_16245
Corrosive,Objet_03382
Oxidizing,Objet_17955
Flammable,Objet_15796
Corrosive,Objet_00410
Flammable,Objet_19138
Radioactive,Objet_03806
Unspecified,Objet_00574
Radioactive,Objet_25409
Fragile,Objet_27051
Flammable,Objet_20393
Pressurized,Objet_18216
Radioactive,Objet_07061
Corrosive,Objet_23845
Radioactive,Objet_20847
Radioactive,Objet_14590
Unspecified,Objet_20919
Radioactive,Objet_24684
Corrosive,Objet_29529
Food,Objet_29991
Radioactive,Objet_13997
Toxic,Objet_26404
Food,Objet_30086
Fragile,Objet_24898
Radioactive,Objet_22695
Explosive,Objet_02069
Corrosive,Objet_05030
Toxic,Objet_07581
Pressurized,Objet_20470
Explosive,Objet_27235
Toxic,Objet_03776
Food,Objet_10079
Corrosive,Objet_23404
Fragile,Objet_27843
Oxidizing,Objet_10985
Fragile,Objet_17071
Corrosive,Objet_11913
Oxidizing,Objet_08327
Food,Objet_29290
Toxic,Objet_15006
Fragile,Objet_01397
Oxidizing,Objet_05172
Flammable,Objet_06217
Unspecified,Objet_12559
Unspecified,Objet_28729
Unspecified,Objet_19144
Pressurized,Objet_07305
Food,Objet_16723
Oxidizing,Objet_07145
Flammable,Objet_29446
Flammable,Objet_15156
Toxic,Objet_15386
Food,Objet_19380
Flammable,Objet_21343
Flammable,Objet_23647
Corrosive,Objet_09194
Flammable,Objet_00586
Radioactive,Objet_11128
Explosive,Objet_20153
Pressurized,Objet_12168
Explosive,Objet_12434
Explosive,Objet_07124
Flammable,Objet_19099
Food,Objet_19565
Unspecified,Objet_16737
Explosive,Objet_12117
Fragile,Objet_04463
Explosive,Objet_13858
Radioactive,Objet_08211
Explosive,Objet_11424
Oxidizing,Objet_18496
Oxidizing,Objet_05255
Food,Objet_04269
Pressurized,Objet_17866
Food,Objet_25660
Unspecified,Objet_24625
Oxidizing,Objet_00699
Fragile,Objet_08736
Oxidizing,Objet_29788
Fragile,Objet_23915
Corrosive,Objet_17121
Flammable,Objet_25093
Toxic,Objet_15680
Corrosive,Objet_24493
Flammable,Objet_25623
Food,Objet_04051
Toxic,Objet_29378
Explosive,Objet_23222
Food,Objet_13415
Toxic,Objet_08884
Radioactive,Objet_14099
Corrosive,Objet_08974
Flammable,Objet_25443
Radioactive,Objet_15311
Food,Objet_27624
Radioactive,Objet_05523
Corrosive,Objet_24917
Pressurized,Objet_22220
Fragile,Objet_17081
Explosive,Objet_03843
Radioactive,Objet_28242
Food,Objet_01013
Explosive,Objet_08639
Unspecified,Objet_16161
Flammable,Objet_19000
Corrosive,Objet_17010
Unspecified,Objet_15667
Flammable,Objet_06549
Corrosive,Objet_27640
Explosive,Objet_26934
Radioactive,Objet_16691
Explosive,Objet_27960
Toxic,Objet_06687
Radioactive,Objet_17355
Radioactive,Objet_01972
Toxic,Objet_11323
Corrosive,Objet_08058
Corrosive,Objet_20536
Fragile,Objet_04131
Food,Objet_10036
Toxic,Objet_26643
Pressurized,Objet_30080
Explosive,Objet_01616
Food,Objet_03377
Corrosive,Objet_21924
Explosive,Objet_04348
Radioactive,Objet_26841
Toxic,Objet_04386
Explosive,Objet_26262
Radioactive,Objet_17892
Toxic,Objet_02087
Pressurized,Objet_15664
Fragile,Objet_28543
Flammable,Objet_15088
Fragile,Objet_08118
Unspecified,Objet_18316
Toxic,Objet_19187
Flammable,Objet_11364
Corrosive,Objet_16823
Fragile,Objet_13001
Unspecified,Objet_23475
Flammable,Objet_27651
Pressurized,Objet_10280
Pressurized,Objet_28419
Explosive,Objet_04245
Pressurized,Objet_22411
Corrosive,Objet_18886
Fragile,Objet_10308
Food,Objet_04826
Flammable,Objet_22715
Corrosive,Objet_14262
Flammable,Objet_14875
Food,Objet_28199
Toxic,Objet_15065
Radioactive,Objet_23651
Corrosive,Objet_16788
Fragile,Objet_27649
Oxidizing,Objet_13290
Flammable,Objet_01544
Food,Objet_22766
Oxidizing,Objet_04640
Fragile,Objet_09882
Explosive,Objet_15705
Explosive,Objet_19130
Oxidizing,Objet_18903
Fragile,Objet_13588
Explosive,Objet_21201
Corrosive,Objet_07996
Food,Objet_08379
Explosive,Objet_18363
Radioactive,Objet_29644
Unspecified,Objet_09700
Pressurized,Objet_30036
Corrosive,Objet_05938
Corrosive,Objet_20291
Pressurized,Objet_29628
Radioactive,Objet_24057
Corrosive,Objet_20032
Pressurized,Objet_18823
Radioactive,Objet_18442
Flammable,Objet_00604
Corrosive,Objet_01475
Corrosive,Objet_21610
Pressurized,Objet_19309
Radioactive,Objet_20555
Fragile,Objet_27425
Food,Objet_27945
Explosive,Objet_10473
Toxic,Objet_07473
Food,Objet_17720
Corrosive,Objet_02074
Toxic,Objet_12509
Oxidizing,Objet_11803
Oxidizing,Objet_15146
Radioactive,Objet_13083
Fragile,Objet_07208
Corrosive,Objet_14846
Food,Objet_24784
Flammable,Objet_29044
Food,Objet_26314
Unspecified,Objet_02404
Oxidizing,Objet_11101
Unspecified,Objet_00327
Explosive,Objet_22902
Toxic,Objet_22544
Toxic,Objet_22930
Pressurized,Objet_12608
Unspecified,Objet_20625
Food,Objet_15564
Explosive,Objet_15804
Explosive,Objet_18320
Food,Objet_18681
Oxidizing,Objet_25075
Radioactive,Objet_14246
Unspecified,Objet_24972
Toxic,Objet_19665
Pressurized,Objet_10158
Pressurized,Objet_13254
Food,Objet_09933
Oxidizing,Objet_14697
Explosive,Objet_00945
Explosive,Objet_22519
Unspecified,Objet_12050
Flammable,Objet_11140
Food,Objet_24031
Food,Objet_09348
Pressurized,Objet_28144
Radioactive,Objet_29428
Flammable,Objet_21685
Unspecified,Objet_19898
Oxidizing,Objet_22437
Explosive,Objet_26044
Flammable,Objet_06634
Corrosive,Objet_08499
Radioactive,Objet_16426
Explosive,Objet_28109
Corrosive,Objet_16697
Fragile,Objet_13106
Radioactive,Objet_22905
Fragile,Objet_13481
Fragile,Objet_23900
Toxic,Objet_08536
Explosive,Objet_11239
Flammable,Objet_13941
Oxidizing,Objet_16469
Flammable,Objet_22095
Toxic,Objet_09463
Corrosive,Objet_10185
Pressurized,Objet_09212
Unspecified,Objet_17145
Flammable,Objet_16216
Pressurized,Objet_08540
Pressurized,Objet_11683
Oxidizing,Objet_25165
Toxic,Objet_07688
Unspecified,Objet_08632
Toxic,Objet_03948
Food,Objet_18406
Fragile,Objet_22382
Unspecified,Objet_04377
Oxidizing,Objet_11595
Explosive,Objet_12289
Explosive,Objet_25682
Fragile,Objet_06495
Pressurized,Objet_22379
Oxidizing,Objet_08140
Toxic,Objet_25179
Flammable,Objet_14766
Corrosive,Objet_07209
Fragile,Objet_24213
Food,Objet_17498
Corrosive,Objet_17603
Unspecified,Objet_08552
Food,Objet_17682
Explosive,Objet_08584
Food,Objet_00303
Radioactive,Objet_17394
Flammable,Objet_09800
Food,Objet_21401
Fragile,Objet_13654
Corrosive,Objet_09903
Pressurized,Objet_27792
Toxic,Objet_12253
Radioactive,Objet_27759
Food,Objet_20030
Food,Objet_03108
Radioactive,Objet_06430
Unspecified,Objet_06455
Fragile,Objet_25229
Food,Objet_09149
Explosive,Objet_25000
Explosive,Objet_15633
Unspecified,Objet_07466
Fragile,Objet_10648
Toxic,Objet_20304
Food,Objet_26791
Corrosive,Objet_22927
Explosive,Objet_15136
Fragile,Objet_20617
Flammable,Objet_25830
Pressurized,Objet_23287
Toxic,Objet_14935
Flammable,Objet_10549
Food,Objet_11901
Food,Objet_24319
Fragile,Objet_25170
Fragile,Objet_06914
Food,Objet_07286
Unspecified,Objet_08859
Fragile,Objet_27654
Food,Objet_21485
Flammable,Objet_12917
Oxidizing,Objet_13929
Food,Objet_15800
Corrosive,Objet_03176
Fragile,Objet_08913
Toxic,Objet_09335
Toxic,Objet_29971
Pressurized,Objet_05192
Pressurized,Objet_17019
Explosive,Objet_20123
Explosive,Objet_12096
Food,Objet_23788
Oxidizing,Objet_10171
Food,Objet_20734
Fragile,Objet_17248
Pressurized,Objet_01839
Explosive,Objet_07043
Oxidizing,Objet_09609
Flammable,Objet_02631
Unspecified,Objet_27252
Pressurized,Objet_03378
Toxic,Objet_16312
Food,Objet_11309
Flammable,Objet_09778
Fragile,Objet_26388
Corrosive,Objet_15816
Corrosive,Objet_06831
Fragile,Objet_28968
Fragile,Objet_22072
Fragile,Objet_08940
Explosive,Objet_16542
Flammable,Objet_23286
Corrosive,Objet_16385
Flammable,Objet_16457
Fragile,Objet_13182
Radioactive,Objet_07336
Radioactive,Objet_01033
Corrosive,Objet_09057
Fragile,Objet_03653
Explosive,Objet_20286
Unspecified,Objet_15353
Flammable,Objet_22041
Food,Objet_27962
Toxic,Objet_28821
Explosive,Objet_00955
Radioactive,Objet_29291
Pressurized,Objet_27347
Oxidizing,Objet_15861
Food,Objet_16519
Food,Objet_13686
Oxidizing,Objet_22140
Explosive,Objet_16383
Flammable,Objet_05335
Food,Objet_04975
Toxic,Objet_22775
Explosive,Objet_29705
Fragile,Objet_06350
Toxic,Objet_25372
Corrosive,Objet_19989
Unspecified,Objet_03929
Radioactive,Objet_17803
Oxidizing,Objet_21432
Unspecified,Objet_13418
Corrosive,Objet_24104
Food,Objet_29673
Food,Objet_05443
Explosive,Objet_08258
Fragile,Objet_16993
Unspecified,Objet_26030
Pressurized,Objet_13515
Radioactive,Objet_12354
Fragile,Objet_25615
Pressurized,Objet_03043
Fragile,Objet_18653
Unspecified,Objet_14650
Unspecified,Objet_23067
Oxidizing,Objet_28985
Pressurized,Objet_22822
Corrosive,Objet_25201
Pressurized,Objet_08547
Food,Objet_04750
Explosive,Objet_25575
Flammable,Objet_07840
Unspecified,Objet_28262
Pressurized,Objet_28976
Fragile,Objet_02595
Explosive,Objet_05067
Fragile,Objet_24514
Food,Objet_13249
Food,Objet_03289
Oxidizing,Objet_25156
Food,Objet_22780
Oxidizing,Objet_26204
Oxidizing,Objet_16292
Pressurized,Objet_19728
Pressurized,Objet_13721
Radioactive,Objet_04855
Oxidizing,Objet_20969
Unspecified,Objet_08976
Unspecified,Objet_00596
Unspecified,Objet_07152
Flammable,Objet_09883
Flammable,Objet_06022
Oxidizing,Objet_28788
Corrosive,Objet_03249
Pressurized,Objet_12657
Flammable,Objet_16352
Radioactive,Objet_18291
Pressurized,Objet_17007
Pressurized,Objet_15794
Explosive,Objet_28010
Flammable,Objet_28909
Toxic,Objet_09571
Corrosive,Objet_09673
Food,Objet_26856
Unspecified,Objet_16122
Unspecified,Objet_06161
Fragile,Objet_05256
Pressurized,Objet_00493
Flammable,Objet_20538
Explosive,Objet_15728
Radioactive,Objet_22152
Fragile,Objet_04144
Flammable,Objet_21429
Pressurized,Objet_16438
Radioactive,Objet_00424
Toxic,Objet_25246
Flammable,Objet_09081
Pressurized,Objet_29534
Oxidizing,Objet_06839
Corrosive,Objet_15499
Toxic,Objet_02970
Explosive,Objet_09138
Pressurized,Objet_17337
Fragile,Objet_02600
Unspecified,Objet_26406
Corrosive,Objet_19235
Toxic,Objet_19272
Corrosive,Objet_18794
Flammable,Objet_02499
Flammable,Objet_28809
Toxic,Objet_13022
Oxidizing,Objet_24532
Pressurized,Objet_20263
Oxidizing,Objet_07384
Radioactive,Objet_17632
Explosive,Objet_26562
Unspecified,Objet_23942
Radioactive,Objet_26502
Toxic,Objet_05793
Fragile,Objet_17239
Fragile,Objet_16861
Pressurized,Objet_26438
Explosive,Objet_18606
Flammable,Objet_07479
Food,Objet_14293
Oxidizing,Objet_05345
Explosive,Objet_03457
Pressurized,Objet_02966
Food,Objet_22820
Pressurized,Objet_20977
Oxidizing,Objet_27359
Unspecified,Objet_17193
Unspecified,Objet_26708
Oxidizing,Objet_02757
Oxidizing,Objet_28203
Toxic,Objet_01808
Radioactive,Objet_27439
Corrosive,Objet_16970
Toxic,Objet_10047
Oxidizing,Objet_03885
Fragile,Objet_28707
Toxic,Objet_16169
Corrosive,Objet_05584
Flammable,Objet_19346
Explosive,Objet_06673
Explosive,Objet_09327
Explosive,Objet_07844
Toxic,Objet_29714
Unspecified,Objet_10606
Fragile,Objet_13245
Fragile,Objet_29278
Corrosive,Objet_18284
Pressurized,Objet_15288
Flammable,Objet_25292
Flammable,Objet_25850
Oxidizing,Objet_28790
Fragile,Objet_18892
Unspecified,Objet_16402
Oxidizing,Objet_03655
Pressurized,Objet_03061
Fragile,Objet_29429
Unspecified,Objet_02208
Radioactive,Objet_24629
Corrosive,Objet_14873
Food,Objet_07586
Pressurized,Objet_05924
Flammable,Objet_26893
Corrosive,Objet_05651
Explosive,Objet_22475
Oxidizing,Objet_23365
Pressurized,Objet_28286
Toxic,Objet_24908
Unspecified,Objet_28455
Corrosive,Objet_19037
Pressurized,Objet_26455
Food,Objet_27552
Explosive,Objet_26062
Pressurized,Objet_17116
Pressurized,Objet_12945
Food,Objet_02142
Unspecified,Objet_22784
Unspecified,Objet_22621
Toxic,Objet_05404
Fragile,Objet_28189
Pressurized,Objet_16670
Pressurized,Objet_18070
Fragile,Objet_03703
Oxidizing,Objet_25253
Radioactive,Objet_21354
Flammable,Objet_20586
Pressurized,Objet_10684
Food,Objet_05535
Pressurized,Objet_10720
Explosive,Objet_28518
Corrosive,Objet_12048
Radioactive,Objet_11117
Oxidizing,Objet_24419
Fragile,Objet_24863
Explosive,Objet_06645
Explosive,Objet_02630
Fragile,Objet_04895
Corrosive,Objet_08663
Unspecified,Objet_16768
Fragile,Objet_15302
Explosive,Objet_14533
Pressurized,Objet_02804
Radioactive,Objet_07945
Flammable,Objet_20560
Fragile,Objet_30158
Explosive,Objet_11897
Pressurized,Objet_30076
Unspecified,Objet_01427
Fragile,Objet_03953
Corrosive,Objet_08682
Food,Objet_10587
Explosive,Objet_21928
Fragile,Objet_05424
Pressurized,Objet_14178
Food,Objet_11899
Oxidizing,Objet_13955
Flammable,Objet_24922
Unspecified,Objet_20198
Pressurized,Objet_03654
Flammable,Objet_01306
Food,Objet_12240
Corrosive,Objet_22764
Toxic,Objet_01566
Oxidizing,Objet_06266
Flammable,Objet_02498
Pressurized,Objet_22067
Flammable,Objet_28869
Toxic,Objet_05246
Flammable,Objet_06650
Pressurized,Objet_29027
Pressurized,Objet_26695
Corrosive,Objet_13702
Oxidizing,Objet_11326
Toxic,Objet_16683
Corrosive,Objet_30046
Corrosive,Objet_12637
Fragile,Objet_08043
Radioactive,Objet_13411
Explosive,Objet_16925
Radioactive,Objet_25955
Corrosive,Objet_22722
Radioactive,Objet_06633
Pressurized,Objet_30009
Corrosive,Objet_23122
Explosive,Objet_28761
Toxic,Objet_23842
Oxidizing,Objet_18411
Explosive,Objet_01362
Corrosive,Objet_01917
Corrosive,Objet_06745
Fragile,Objet_15273
Toxic,Objet_00510
Pressurized,Objet_08196
Explosive,Objet_18980
Unspecified,Objet_16435
Unspecified,Objet_23194
Radioactive,Objet_23857
Unspecified,Objet_04476
Food,Objet_08590
Oxidizing,Objet_04908
Unspecified,Objet_12700
Oxidizing,Objet_25061
Explosive,Objet_29250
Corrosive,Objet_26798
Fragile,Objet_08759
Radioactive,Objet_19267
Pressurized,Objet_03403
Fragile,Objet_29664
Unspecified,Objet_24864
Corrosive,Objet_11655
Food,Objet_12891
Unspecified,Objet_13160
Radioactive,Objet_15243
Food,Objet_18124
Corrosive,Objet_16567
Corrosive,Objet_19212
Flammable,Objet_06147
Fragile,Objet_05623
Unspecified,Objet_14744
Pressurized,Objet_24350
Food,Objet_12885
Corrosive,Objet_29095
Food,Objet_06739
Pressurized,Objet_10002
Food,Objet_16872
Food,Objet_28712
Unspecified,Objet_03116
Explosive,Objet_07808
Radioactive,Objet_15276
Flammable,Objet_06644
Flammable,Objet_13682
Fragile,Objet_18562
Toxic,Objet_25571
Oxidizing,Objet_02739
Corrosive,Objet_11947
Oxidizing,Objet_24495
Explosive,Objet_22318
Radioactive,Objet_25083
Fragile,Objet_28359
Flammable,Objet_07553
Food,Objet_10095
Flammable,Objet_19279
Explosive,Objet_13664
Corrosive,Objet_24386
Explosive,Objet_15184
Explosive,Objet_20949
Explosive,Objet_22626
Unspecified,Objet_14759
Flammable,Objet_14458
Corrosive,Objet_24085
Unspecified,Objet_25797
Unspecified,Objet_28431
Fragile,Objet_12695
Food,Objet_00360
Pressurized,Objet_03549
Food,Objet_15441
Unspecified,Objet_25760
Unspecified,Objet_29111
Flammable,Objet_00828
Flammable,Objet_28090
Fragile,Objet_00243
Oxidizing,Objet_22521
Explosive,Objet_06582
Oxidizing,Objet_10364
Flammable,Objet_06828
Pressurized,Objet_17309
Flammable,Objet_28759
Explosive,Objet_02392
Flammable,Objet_07091
Flammable,Objet_17859
Toxic,Objet_13330
Flammable,Objet_05498
Oxidizing,Objet_00216
Fragile,Objet_29285
Fragile,Objet_23109
Unspecified,Objet_13887
Food,Objet_13939
Pressurized,Objet_09290
Radioactive,Objet_00030
Food,Objet_06457
Fragile,Objet_11444
Fragile,Objet_19654
Corrosive,Objet_05893
Oxidizing,Objet_22036
Flammable,Objet_22432
Pressurized,Objet_02448
Corrosive,Objet_07018
Flammable,Objet_15377
Explosive,Objet_20826
Radioactive,Objet_23120
Toxic,Objet_26060
Fragile,Objet_11071
Corrosive,Objet_04185
Flammable,Objet_13130
Corrosive,Objet_00816
Food,Objet_00479
Radioactive,Objet_22653
Oxidizing,Objet_19277
Pressurized,Objet_18599
Fragile,Objet_12757
Radioactive,Objet_11838
Unspecified,Objet_25568
Fragile,Objet_20404
Explosive,Objet_17195
Corrosive,Objet_02892
Pressurized,Objet_00793
Food,Objet_19482
Food,Objet_19371
Fragile,Objet_13009
Radioactive,Objet_28049
Explosive,Objet_24363
Corrosive,Objet_25683
Radioactive,Objet_03171
Fragile,Objet_17773
Oxidizing,Objet_01641
Radioactive,Objet_28616
Pressurized,Objet_02639
Corrosive,Objet_15508
Corrosive,Objet_13954
Radioactive,Objet_10891
Oxidizing,Objet_07772
Radioactive,Objet_16808
Explosive,Objet_25060
Radioactive,Objet_25373
Food,Objet_19792
Toxic,Objet_17806
Unspecified,Objet_28585
Oxidizing,Objet_25534
Explosive,Objet_24520
Unspecified,Objet_07899
Explosive,Objet_28426
Toxic,Objet_15607
Explosive,Objet_17069
Unspecified,Objet_16190
Food,Objet_01014
Fragile,Objet_01960
Food,Objet_09992
Flammable,Objet_12299
Radioactive,Objet_17597
Toxic,Objet_26795
Explosive,Objet_28036
Explosive,Objet_22678
Radioactive,Objet_27260
Food,Objet_22619
Food,Objet_26751
Oxidizing,Objet_12921
Food,Objet_10268
Pressurized,Objet_02579
Unspecified,Objet_24956
Unspecified,Objet_19160
Toxic,Objet_00801
Food,Objet_11651
Unspecified,Objet_06404
Pressurized,Objet_17420
Pressurized,Objet_18017
Toxic,Objet_04035
Fragile,Objet_21022
Radioactive,Objet_11073
Unspecified,Objet_28648
Explosive,Objet_22561
Fragile,Objet_11046
Explosive,Objet_16446
Radioactive,Objet_18707
Fragile,Objet_15301
Fragile,Objet_19289
Oxidizing,Objet_04120
Pressurized,Objet_17847
Flammable,Objet_18674
Pressurized,Objet_07109
Unspecified,Objet_21417
Fragile,Objet_24844
Food,Objet_11539
Fragile,Objet_30105
Radioactive,Objet_02002
Radioactive,Objet_08762
Corrosive,Objet_15450
Fragile,Objet_21226
Fragile,Objet_14120
Flammable,Objet_01508
Oxidizing,Objet_12469
Unspecified,Objet_01610
Pressurized,Objet_13377
Corrosive,Objet_09645
Radioactive,Objet_12824
Unspecified,Objet_03181
Corrosive,Objet_09284
Fragile,Objet_09971
Corrosive,Objet_00925
Flammable,Objet_18428
Radioactive,Objet_06228
Fragile,Objet_01889
Toxic,Objet_20192
Unspecified,Objet_20197
Corrosive,Objet_08832
Pressurized,Objet_16186
Radioactive,Objet_27673
Flammable,Objet_19455
Radioactive,Objet_27645
Corrosive,Objet_29770
Flammable,Objet_29922
Unspecified,Objet_03118
Toxic,Objet_27042
Radioactive,Objet_00067
Oxidizing,Objet_00588
Food,Objet_18803
Explosive,Objet_26364
Fragile,Objet_14632
Fragile,Objet_11356
Unspecified,Objet_13523
Explosive,Objet_09363
Explosive,Objet_01255
Corrosive,Objet_18552
Pressurized,Objet_14922
Pressurized,Objet_01025
Toxic,Objet_19369
Toxic,Objet_17310
Unspecified,Objet_01012
Fragile,Objet_21340
Radioactive,Objet_04747
Food,Objet_21471
Explosive,Objet_03473
Pressurized,Objet_16327
Food,Objet_00069
Pressurized,Objet_14393
Flammable,Objet_19059
Flammable,Objet_07168
Explosive,Objet_12313
Explosive,Objet_06568
Oxidizing,Objet_11538
Flammable,Objet_05870
Unspecified,Objet_22466
Corrosive,Objet_06238
Flammable,Objet_15199
Corrosive,Objet_00750
Pressurized,Objet_25644
Corrosive,Objet_05035
Fragile,Objet_08653
Food,Objet_14889
Unspecified,Objet_14520
Fragile,Objet_16892
Radioactive,Objet_27919
Fragile,Objet_07052
Radioactive,Objet_12001
Toxic,Objet_28380
Oxidizing,Objet_19087
Explosive,Objet_28263
Toxic,Objet_07938
Pressurized,Objet_24056
Fragile,Objet_09707
Corrosive,Objet_23291
Toxic,Objet_21725
Oxidizing,Objet_19890
Fragile,Objet_16431
Toxic,Objet_17648
Oxidizing,Objet_27917
Corrosive,Objet_22651
Oxidizing,Objet_14015
Explosive,Objet_08618
Radioactive,Objet_10317
Pressurized,Objet_18421
Oxidizing,Objet_00065
Fragile,Objet_16042
Fragile,Objet_04894
Flammable,Objet_06660
Oxidizing,Objet_18542
Corrosive,Objet_19750
Toxic,Objet_13477
Toxic,Objet_13653
Flammable,Objet_08003
Food,Objet_08009
Food,Objet_28876
Fragile,Objet_29893
Fragile,Objet_22667
Fragile,Objet_06911
Fragile,Objet_15026
Toxic,Objet_00591
Oxidizing,Objet_15264
Flammable,Objet_13104
Food,Objet_16061
Food,Objet_11574
Food,Objet_04448
Food,Objet_02959
Explosive,Objet_27088
Flammable,Objet_04837
Flammable,Objet_22068
Radioactive,Objet_27733
Unspecified,Objet_05085
Flammable,Objet_13536
Pressurized,Objet_12267
Corrosive,Objet_17328
Oxidizing,Objet_00314
Explosive,Objet_00952
Fragile,Objet_16195
Fragile,Objet_17674
Explosive,Objet_04632
Toxic,Objet_18301
Fragile,Objet_13152
Fragile,Objet_19295
Oxidizing,Objet_18285
Food,Objet_06120
Flammable,Objet_18002
Radioactive,Objet_03694
Corrosive,Objet_01914
Flammable,Objet_03140
Flammable,Objet_20596
Pressurized,Objet_05226
Toxic,Objet_11867
Oxidizing,Objet_11307
Flammable,Objet_14782
Radioactive,Objet_12226
Food,Objet_16040
Oxidizing,Objet_22097
Fragile,Objet_04666
Corrosive,Objet_01138
Flammable,Objet_28898
Flammable,Objet_12693
Food,Objet_13642
Food,Objet_21070
Unspecified,Objet_17012
Food,Objet_03796
Fragile,Objet_06297
Radioactive,Objet_20420
Oxidizing,Objet_10799
Flammable,Objet_00933
Corrosive,Objet_12266
Food,Objet_19178
Pressurized,Objet_10825
Toxic,Objet_23835
Unspecified,Objet_20104
Flammable,Objet_21077
Explosive,Objet_02460
Fragile,Objet_10508
Toxic,Objet_14283
Pressurized,Objet_25447
Radioactive,Objet_18197
Food,Objet_08796
Radioactive,Objet_06640
Fragile,Objet_28472
Unspecified,Objet_08650
Corrosive,Objet_24842
Unspecified,Objet_18952
Pressurized,Objet_14493
Pressurized,Objet_10254
Fragile,Objet_29028
Explosive,Objet_17180
Flammable,Objet_24509
Food,Objet_13708
Food,Objet_09600
Toxic,Objet_24781
Toxic,Objet_10679
Fragile,Objet_02412
Food,Objet_26482
Explosive,Objet_04236
Explosive,Objet_16382
Flammable,Objet_13048
Unspecified,Objet_22023
Corrosive,Objet_17231
Oxidizing,Objet_29590
Food,Objet_04619
Flammable,Objet_17975
Radioactive,Objet_22598
Toxic,Objet_27548
Unspecified,Objet_17850
Explosive,Objet_23795
Explosive,Objet_26133
Corrosive,Objet_22481
Radioactive,Objet_07452
Corrosive,Objet_30124
Flammable,Objet_19334
Toxic,Objet_06399
Pressurized,Objet_17678
Oxidizing,Objet_13158
Food,Objet_13482
Pressurized,Objet_25091
Pressurized,Objet_28785
Flammable,Objet_08349
Fragile,Objet_15309
Radioactive,Objet_21550
Radioactive,Objet_18213
Food,Objet_11987
Fragile,Objet_06835
Fragile,Objet_06191
Fragile,Objet_01300
Unspecified,Objet_26910
Toxic,Objet_21339
Fragile,Objet_05347
Corrosive,Objet_26415
Fragile,Objet_12026
Toxic,Objet_21091
Food,Objet_19460
Radioactive,Objet_09000
Radioactive,Objet_26098
Oxidizing,Objet_04229
Corrosive,Objet_10005
Radioactive,Objet_22162
Pressurized,Objet_16404
Corrosive,Objet_05906
Radioactive,Objet_23716
Oxidizing,Objet_26583
Flammable,Objet_24352
Radioactive,Objet_11395
Radioactive,Objet_03675
Oxidizing,Objet_06336
Oxidizing,Objet_04105
Oxidizing,Objet_12781
Explosive,Objet_00514
Explosive,Objet_27718
Pressurized,Objet_01936
Toxic,Objet_10359
Radioactive,Objet_15919
Explosive,Objet_24192
Unspecified,Objet_19844
Explosive,Objet_13748
Pressurized,Objet_08784
Radioactive,Objet_12826
Fragile,Objet_19787
Fragile,Objet_02933
Oxidizing,Objet_04248
Oxidizing,Objet_15141
Corrosive,Objet_07456
Explosive,Objet_26403
Explosive,Objet_06527
Unspecified,Objet_16758
Explosive,Objet_14162
Food,Objet_20723
Corrosive,Objet_12209
Pressurized,Objet_12886
Corrosive,Objet_05206
Explosive,Objet_27434
Toxic,Objet_22735
Corrosive,Objet_04287
Pressurized,Objet_19943
Oxidizing,Objet_28694
Corrosive,Objet_14378
Toxic,Objet_25136
Toxic,Objet_19204
Fragile,Objet_26248
Flammable,Objet_21726
Corrosive,Objet_29241
Radioactive,Objet_18295
Food,Objet_14301
Radioactive,Objet_03906
Food,Objet_08104
Fragile,Objet_14103
Pressurized,Objet_30090
Unspecified,Objet_21978
Unspecified,Objet_14039
Unspecified,Objet_28676
Explosive,Objet_00215
Oxidizing,Objet_11908
Food,Objet_06143
Corrosive,Objet_21422
Toxic,Objet_01233
Unspecified,Objet_22749
Radioactive,Objet_28458
Radioactive,Objet_14608
Oxidizing,Objet_06448
Oxidizing,Objet_17594
Corrosive,Objet_06045
Fragile,Objet_00768
Food,Objet_09633
Unspecified,Objet_10758
Flammable,Objet_09155
Oxidizing,Objet_21013
Corrosive,Objet_07239
Toxic,Objet_25239
Fragile,Objet_22710
Radioactive,Objet_29279
Explosive,Objet_02815
Fragile,Objet_04118
Pressurized,Objet_05956
Flammable,Objet_02920
Corrosive,Objet_23982
Flammable,Objet_10042
Corrosive,Objet_29960
Flammable,Objet_29492
Corrosive,Objet_15809
Radioactive,Objet_27925
Explosive,Objet_02773
Explosive,Objet_01992
Flammable,Objet_02070
Toxic,Objet_17486
Pressurized,Objet_20780
Corrosive,Objet_25721
Flammable,Objet_20365
Radioactive,Objet_07194
Pressurized,Objet_20933
Radioactive,Objet_06169
Corrosive,Objet_20387
Corrosive,Objet_17991
Explosive,Objet_26343
Pressurized,Objet_23045
Oxidizing,Objet_08704
Corrosive,Objet_26926
Toxic,Objet_19947
Pressurized,Objet_17322
Corrosive,Objet_24975
Food,Objet_02818
Radioactive,Objet_18790
Fragile,Objet_25484
Explosive,Objet_20930
Flammable,Objet_13566
Oxidizing,Objet_06422
Flammable,Objet_09398
Flammable,Objet_19394
Food,Objet_12068
Fragile,Objet_25650
Explosive,Objet_25196
Corrosive,Objet_10920
Oxidizing,Objet_29897
Unspecified,Objet_14174
Toxic,Objet_05690
Toxic,Objet_04284
Pressurized,Objet_22991
Explosive,Objet_00211
Food,Objet_06809
Pressurized,Objet_16874
Flammable,Objet_23131
Oxidizing,Objet_02401
Pressurized,Objet_01525
Corrosive,Objet_14135
Fragile,Objet_26842
Food,Objet_29167
Fragile,Objet_03639
Explosive,Objet_02450
Oxidizing,Objet_28838
Fragile,Objet_20450
Unspecified,Objet_06882
Food,Objet_28513
Fragile,Objet_28535
Flammable,Objet_15460
Toxic,Objet_28899
Food,Objet_27527
Toxic,Objet_00826
Toxic,Objet_27364
Flammable,Objet_27957
Food,Objet_05017
Corrosive,Objet_21732
Pressurized,Objet_16442
Explosive,Objet_13606
Radioactive,Objet_01842
Explosive,Objet_00196
Food,Objet_00464
Unspecified,Objet_17564
Explosive,Objet_14802
Radioactive,Objet_06133
Toxic,Objet_29064
Explosive,Objet_00202
Unspecified,Objet_15219
Unspecified,Objet_02725
Corrosive,Objet_20890
Corrosive,Objet_21130
Oxidizing,Objet_17369
Oxidizing,Objet_09439
Corrosive,Objet_09625
Oxidizing,Objet_08945
Oxidizing,Objet_03975
Corrosive,Objet_06833
Flammable,Objet_25740
Pressurized,Objet_20127
Oxidizing,Objet_22190
Flammable,Objet_16269
Oxidizing,Objet_27894
Oxidizing,Objet_24581
Radioactive,Objet_18857
Explosive,Objet_24763
Flammable,Objet_27021
Unspecified,Objet_29047
Flammable,Objet_05881
Oxidizing,Objet_25251
Pressurized,Objet_29313
Food,Objet_07285
Flammable,Objet_03577
Corrosive,Objet_04383
Radioactive,Objet_03023
Flammable,Objet_22498
Unspecified,Objet_09597
Corrosive,Objet_04103
Food,Objet_06409
Radioactive,Objet_04805
Unspecified,Objet_15277
Radioactive,Objet_00600
Flammable,Objet_27426
Toxic,Objet_05248
Unspecified,Objet_04390
Toxic,Objet_17599
Radioactive,Objet_04010
Explosive,Objet_11718
Fragile,Objet_10806
Food,Objet_14616
Oxidizing,Objet_14642
Pressurized,Objet_08089
Fragile,Objet_14230
Corrosive,Objet_21301
Toxic,Objet_09686
Pressurized,Objet_06368
Corrosive,Objet_28070
Toxic,Objet_03800
Pressurized,Objet_15734
Oxidizing,Objet_12894
Toxic,Objet_24506
Oxidizing,Objet_10438
Corrosive,Objet_05525
Toxic,Objet_29848
Pressurized,Objet_25148
Radioactive,Objet_08679
Toxic,Objet_00195
Unspecified,Objet_26977
Unspecified,Objet_05113
Food,Objet_26991
Food,Objet_03207
Oxidizing,Objet_12620
Flammable,Objet_21534
Oxidizing,Objet_19276
Explosive,Objet_00744
Fragile,Objet_16235
Oxidizing,Objet_20074
Flammable,Objet_29124
Oxidizing,Objet_23648
Pressurized,Objet_05284
Toxic,Objet_05289
Oxidizing,Objet_14280
Radioactive,Objet_27967
Radioactive,Objet_05449
Pressurized,Objet_16884
Unspecified,Objet_29855
Corrosive,Objet_19737
Oxidizing,Objet_16256
Radioactive,Objet_20372
Flammable,Objet_04720
Explosive,Objet_28168
Explosive,Objet_19650
Oxidizing,Objet_02190
Explosive,Objet_06782
Food,Objet_05841
Food,Objet_04081
Fragile,Objet_07287
Explosive,Objet_27431
Explosive,Objet_28864
Explosive,Objet_23016
Food,Objet_06652
Explosive,Objet_16560
Explosive,Objet_14459
Explosive,Objet_25471
Food,Objet_13210
Toxic,Objet_08911
Oxidizing,Objet_10637
Fragile,Objet_08484
Pressurized,Objet_20567
Flammable,Objet_28490
Corrosive,Objet_14379
Food,Objet_24518
Unspecified,Objet_13818
Radioactive,Objet_28701
Pressurized,Objet_06508
Food,Objet_03744
Corrosive,Objet_19847
Radioactive,Objet_10923
Radioactive,Objet_27165
Radioactive,Objet_27773
Explosive,Objet_02160
Unspecified,Objet_16492
Radioactive,Objet_18168
Toxic,Objet_21573
Food,Objet_14161
Radioactive,Objet_00312
Fragile,Objet_08078
Corrosive,Objet_04622
Pressurized,Objet_27020
Corrosive,Objet_18811
Toxic,Objet_27430
Food,Objet_02989
Corrosive,Objet_27153
Toxic,Objet_26543
Pressurized,Objet_04466
Food,Objet_09068
Food,Objet_20524
Radioactive,Objet_04689
Oxidizing,Objet_24992
Pressurized,Objet_06017
Toxic,Objet_20591
Unspecified,Objet_16085
Explosive,Objet_09133
Pressurized,Objet_04410
Food,Objet_22213
Food,Objet_15075
Radioactive,Objet_25952
Explosive,Objet_22730
Pressurized,Objet_12195
Food,Objet_29169
Fragile,Objet_09433
Pressurized,Objet_28501
Fragile,Objet_16330
Radioactive,Objet_09143
Oxidizing,Objet_01267
Corrosive,Objet_24555
Flammable,Objet_28697
Oxidizing,Objet_15951
Radioactive,Objet_06583
Unspecified,Objet_00899
Pressurized,Objet_16588
Flammable,Objet_07998
Fragile,Objet_13202
Explosive,Objet_01221
Radioactive,Objet_26634
Flammable,Objet_10526
Toxic,Objet_25984
Fragile,Objet_04629
Radioactive,Objet_17186
Flammable,Objet_06011
Pressurized,Objet_24556
Explosive,Objet_27003
Food,Objet_05761
Toxic,Objet_09718
Radioactive,Objet_09947
Radioactive,Objet_13127
Unspecified,Objet_28317
Food,Objet_18876
Toxic,Objet_20939
Fragile,Objet_07431
Explosive,Objet_19720
Oxidizing,Objet_10345
Pressurized,Objet_02062
Radioactive,Objet_09309
Corrosive,Objet_08697
Food,Objet_02898
Toxic,Objet_08055
Food,Objet_09482
Toxic,Objet_15812
Explosive,Objet_00136
Pressurized,Objet_12874
Pressurized,Objet_00560
Explosive,Objet_03113
Food,Objet_29316
Oxidizing,Objet_23714
Toxic,Objet_22146
Explosive,Objet_05829
Corrosive,Objet_11063
Oxidizing,Objet_11780
Flammable,Objet_02280
Corrosive,Objet_20044
Explosive,Objet_03080
Corrosive,Objet_18569
Fragile,Objet_24058
Corrosive,Objet_20186
Corrosive,Objet_12353
Flammable,Objet_01198
Food,Objet_20451
Toxic,Objet_23059
Explosive,Objet_23828
Pressurized,Objet_07429
Oxidizing,Objet_01844
Corrosive,Objet_17563
Corrosive,Objet_24490
Food,Objet_22505
Pressurized,Objet_11865
Pressurized,Objet_24921
Oxidizing,Objet_27114
Flammable,Objet_09966
Corrosive,Objet_26175
Flammable,Objet_10284
Toxic,Objet_20907
Fragile,Objet_24147
Corrosive,Objet_03590
Radioactive,Objet_02549
Pressurized,Objet_14958
Corrosive,Objet_07138
Unspecified,Objet_02166
Pressurized,Objet_17209
Toxic,Objet_03035
Flammable,Objet_03716
Pressurized,Objet_07650
Food,Objet_18928
Unspecified,Objet_12225
Explosive,Objet_16368
Corrosive,Objet_13521
Radioactive,Objet_23957
Radioactive,Objet_26703
Food,Objet_15622
Corrosive,Objet_09060
Toxic,Objet_11669
Corrosive,Objet_04111
Toxic,Objet_26748
Fragile,Objet_16850
Food,Objet_13190
Flammable,Objet_06046
Fragile,Objet_10652
Corrosive,Objet_18722
Radioactive,Objet_07597
Pressurized,Objet_00575
Pressurized,Objet_21542
Explosive,Objet_16168
Fragile,Objet_24368
Unspecified,Objet_11506
Radioactive,Objet_20122
Flammable,Objet_29365
Radioactive,Objet_07484
Flammable,Objet_09950
Corrosive,Objet_07184
Oxidizing,Objet_29071
Flammable,Objet_14112
Food,Objet_17781
Explosive,Objet_18206
Fragile,Objet_26275
Corrosive,Objet_00251
Unspecified,Objet_06366
Explosive,Objet_05595
Pressurized,Objet_13374
Explosive,Objet_20991
Radioactive,Objet_05495
Corrosive,Objet_10951
Explosive,Objet_24744
Food,Objet_21733
Radioactive,Objet_05024
Food,Objet_01704
Unspecified,Objet_14042
Oxidizing,Objet_01470
Oxidizing,Objet_30021
Flammable,Objet_01348
Oxidizing,Objet_08120
Food,Objet_08580
Unspecified,Objet_17454
Flammable,Objet_27280
Food,Objet_18227
Explosive,Objet_20990
Flammable,Objet_09220
Pressurized,Objet_05600
Food,Objet_15533
Explosive,Objet_15634
Pressurized,Objet_01737
Oxidizing,Objet_29415
Flammable,Objet_19392
Pressurized,Objet_29324
Pressurized,Objet_13051
Oxidizing,Objet_26638
Explosive,Objet_28579
Fragile,Objet_12688
Radioactive,Objet_03729
Food,Objet_03121
Oxidizing,Objet_19202
Toxic,Objet_03136
Food,Objet_06359
Radioactive,Objet_15168
Fragile,Objet_11774
Radioactive,Objet_25564
Pressurized,Objet_29817
Pressurized,Objet_03159
Explosive,Objet_12176
Unspecified,Objet_09805
Oxidizing,Objet_18116
Toxic,Objet_16566
Pressurized,Objet_16238
Fragile,Objet_08302
Toxic,Objet_05606
Corrosive,Objet_10615
Oxidizing,Objet_28492
Pressurized,Objet_13092
Radioactive,Objet_27302
Oxidizing,Objet_18474
Radioactive,Objet_25217
Toxic,Objet_26815
Unspecified,Objet_06340
Toxic,Objet_25610
Flammable,Objet_12258
Flammable,Objet_04672
Unspecified,Objet_25248
Unspecified,Objet_22321
Oxidizing,Objet_12618
Radioactive,Objet_21092
Unspecified,Objet_16523
Unspecified,Objet_03150
Fragile,Objet_11791
Fragile,Objet_15069
Pressurized,Objet_19025
Corrosive,Objet_06432
Fragile,Objet_20029
Pressurized,Objet_24196
Explosive,Objet_29638
Toxic,Objet_18759
Corrosive,Objet_20337
Food,Objet_12983
Corrosive,Objet_11282
Flammable,Objet_17034
Oxidizing,Objet_18784
Flammable,Objet_22328
Fragile,Objet_10911
Radioactive,Objet_14184
Unspecified,Objet_00496
Radioactive,Objet_12782
Pressurized,Objet_22891
Explosive,Objet_05235
Toxic,Objet_01683
Pressurized,Objet_02863
Explosive,Objet_20237
Food,Objet_29722
Radioactive,Objet_04964
Food,Objet_14098
Toxic,Objet_09217
Fragile,Objet_11537
Fragile,Objet_02387
Flammable,Objet_16328
Fragile,Objet_21472
Explosive,Objet_24208
Toxic,Objet_18697
Toxic,Objet_10852
Flammable,Objet_00829
Fragile,Objet_27724
Corrosive,Objet_00792
Radioactive,Objet_16354
Corrosive,Objet_10664
Radioactive,Objet_05355
Food,Objet_09435
Fragile,Objet_09978
Toxic,Objet_20166
Toxic,Objet_28763
Explosive,Objet_28696
Toxic,Objet_17816
Explosive,Objet_14626
Oxidizing,Objet_13516
Food,Objet_30115
Flammable,Objet_18159
Flammable,Objet_29127
Unspecified,Objet_05790
Explosive,Objet_05809
Food,Objet_26353
Corrosive,Objet_17929
Corrosive,Objet_11834
Food,Objet_24709
Corrosive,Objet_29800
Corrosive,Objet_26165
Toxic,Objet_08554
Radioactive,Objet_22859
Pressurized,Objet_01798
Unspecified,Objet_25238
Toxic,Objet_06131
Corrosive,Objet_29678
Fragile,Objet_19527
Fragile,Objet_14977
Fragile,Objet_18020
Corrosive,Objet_07344
Pressurized,Objet_01605
Fragile,Objet_13335
Radioactive,Objet_01807
Explosive,Objet_26079
Corrosive,Objet_23701
Pressurized,Objet_05867
Corrosive,Objet_18594
Corrosive,Objet_22524
Radioactive,Objet_21105
Unspecified,Objet_03210
Toxic,Objet_25338
Corrosive,Objet_10395
Food,Objet_03226
Unspecified,Objet_27806
Explosive,Objet_27644
Pressurized,Objet_21877
Flammable,Objet_26938
Toxic,Objet_09680
Corrosive,Objet_12276
Explosive,Objet_09985
Pressurized,Objet_12505
Radioactive,Objet_16865
Food,Objet_06841
Fragile,Objet_24676
Corrosive,Objet_04494
Toxic,Objet_14381
Unspecified,Objet_27202
Food,Objet_06517
Explosive,Objet_10811
Oxidizing,Objet_21946
Pressurized,Objet_10832
Flammable,Objet_28578
Radioactive,Objet_28791
Fragile,Objet_27420
Oxidizing,Objet_21325
Food,Objet_07530
Corrosive,Objet_06102
Unspecified,Objet_12314
Unspecified,Objet_02790
Radioactive,Objet_07274
Pressurized,Objet_07233
Unspecified,Objet_10586
Unspecified,Objet_17709
Oxidizing,Objet_04117
Food,Objet_11626
Unspecified,Objet_20775
Food,Objet_07890
Pressurized,Objet_26350
Corrosive,Objet_10227
Corrosive,Objet_11735
Food,Objet_03923
Corrosive,Objet_24171
Radioactive,Objet_10217
Flammable,Objet_24570
Toxic,Objet_18358
Corrosive,Objet_26251
Unspecified,Objet_21852
Toxic,Objet_00004
Oxidizing,Objet_00117
Unspecified,Objet_07521
Corrosive,Objet_11706
Pressurized,Objet_12246
Corrosive,Objet_25587
Food,Objet_10724
Pressurized,Objet_25585
Pressurized,Objet_01363
Radioactive,Objet_29304
Corrosive,Objet_15306
Radioactive,Objet_02064
Flammable,Objet_27514
Corrosive,Objet_27789
Food,Objet_08057
Food,Objet_15993
Pressurized,Objet_11710
Corrosive,Objet_14402
Toxic,Objet_26345
Flammable,Objet_17849
Oxidizing,Objet_13402
Food,Objet_11078
Radioactive,Objet_14106
Explosive,Objet_14487
Food,Objet_14654
Corrosive,Objet_20879
Explosive,Objet_05082
Corrosive,Objet_17211
Fragile,Objet_11306
Corrosive,Objet_20643
Unspecified,Objet_21796
Explosive,Objet_24667
Flammable,Objet_08434
Food,Objet_18194
Explosive,Objet_25211
Food,Objet_06333
Explosive,Objet_19076
Toxic,Objet_11371
Oxidizing,Objet_10982
Unspecified,Objet_28882
Unspecified,Objet_11439
Unspecified,Objet_12882
Explosive,Objet_21455
Flammable,Objet_19539
Explosive,Objet_29447
Radioactive,Objet_24266
Pressurized,Objet_24061
Fragile,Objet_29213
Flammable,Objet_03017
Food,Objet_17529
Flammable,Objet_19343
Pressurized,Objet_16932
Radioactive,Objet_27507
Flammable,Objet_18753
Corrosive,Objet_07869
Radioactive,Objet_22034
Radioactive,Objet_05964
Fragile,Objet_24674
Food,Objet_05388
Fragile,Objet_17106
Unspecified,Objet_00702
Fragile,Objet_13771
Corrosive,Objet_03847
Fragile,Objet_26995
Radioactive,Objet_25932
Food,Objet_10165
Fragile,Objet_19795
Pressurized,Objet_28027
Corrosive,Objet_00670
Corrosive,Objet_20558
Toxic,Objet_08667
Radioactive,Objet_07868
Food,Objet_17879
Food,Objet_28617
Toxic,Objet_27064
Food,Objet_06643
Unspecified,Objet_12849
Unspecified,Objet_28660
Pressurized,Objet_21857
Corrosive,Objet_18379
Pressurized,Objet_13715
Oxidizing,Objet_18262
Flammable,Objet_18943
Oxidizing,Objet_22202
Unspecified,Objet_09837
Corrosive,Objet_06352
Radioactive,Objet_10145
Unspecified,Objet_27622
Radioactive,Objet_29186
Radioactive,Objet_20259
Toxic,Objet_05686
Oxidizing,Objet_01493
Unspecified,Objet_03429
Pressurized,Objet_04539
Toxic,Objet_01599
Oxidizing,Objet_12953
Explosive,Objet_16342
Oxidizing,Objet_16369
Explosive,Objet_11736
Corrosive,Objet_06599
Explosive,Objet_08203
Corrosive,Objet_12344
Oxidizing,Objet_14462
Fragile,Objet_03052
Explosive,Objet_26760
Flammable,Objet_03186
Flammable,Objet_18791
Corrosive,Objet_26484
Unspecified,Objet_03106
Unspecified,Objet_24150
Fragile,Objet_19236
Pressurized,Objet_20856
Food,Objet_13271
Oxidizing,Objet_00779
Unspecified,Objet_01052
Food,Objet_06497
Unspecified,Objet_26822
Oxidizing,Objet_16060
Pressurized,Objet_19988
Flammable,Objet_00698
Unspecified,Objet_11801
Radioactive,Objet_19406
Oxidizing,Objet_21549
Oxidizing,Objet_03336
Flammable,Objet_22468
Unspecified,Objet_24610
Flammable,Objet_10792
Explosive,Objet_24265
Explosive,Objet_27078
Explosive,Objet_22186
Fragile,Objet_25551
Explosive,Objet_24159
Corrosive,Objet_15170
Oxidizing,Objet_16658
Toxic,Objet_26770
Fragile,Objet_00534
Radioactive,Objet_17422
Unspecified,Objet_00013
Fragile,Objet_06415
Oxidizing,Objet_16668
Radioactive,Objet_02363
Radioactive,Objet_02478
Pressurized,Objet_24242
Radioactive,Objet_19361
Fragile,Objet_20985
Toxic,Objet_28896
Fragile,Objet_14742
Radioactive,Objet_04887
Corrosive,Objet_14252
Unspecified,Objet_28382
Fragile,Objet_13657
Explosive,Objet_16083
Fragile,Objet_26722
Flammable,Objet_02149
Food,Objet_03315
Radioactive,Objet_08660
Food,Objet_08233
Unspecified,Objet_20301
Corrosive,Objet_27631
Radioactive,Objet_20437
Flammable,Objet_18729
Food,Objet_14897
Fragile,Objet_02009
Toxic,Objet_11743
Corrosive,Objet_12335
Fragile,Objet_13852
Unspecified,Objet_23446
Food,Objet_05802
Flammable,Objet_24415
Fragile,Objet_19971
Toxic,Objet_29745
Oxidizing,Objet_25774
Food,Objet_16656
Radioactive,Objet_13295
Radioactive,Objet_24849
Food,Objet_14321
Pressurized,Objet_23613
Fragile,Objet_11656
Corrosive,Objet_23389
Explosive,Objet_18768
Corrosive,Objet_20212
Radioactive,Objet_02296
Radioactive,Objet_24881
Corrosive,Objet_25711
Fragile,Objet_08907
Fragile,Objet_06162
Unspecified,Objet_13094
Radioactive,Objet_12804
Flammable,Objet_11434
Oxidizing,Objet_29520
Oxidizing,Objet_03936
Fragile,Objet_29332
Corrosive,Objet_18558
Oxidizing,Objet_13853
Radioactive,Objet_14242
Corrosive,Objet_07005
Fragile,Objet_12728
Pressurized,Objet_06103
Radioactive,Objet_04038
Toxic,Objet_00237
Explosive,Objet_23445
Radioactive,Objet_10326
Toxic,Objet_14551
Radioactive,Objet_11352
Food,Objet_21136
Pressurized,Objet_08145
Corrosive,Objet_26927
Explosive,Objet_17318
Radioactive,Objet_11773
Fragile,Objet_28452
Toxic,Objet_07234
Flammable,Objet_25301
Pressurized,Objet_29267
Explosive,Objet_19470
Food,Objet_24839
Food,Objet_11357
Fragile,Objet_02636
Toxic,Objet_29617
Corrosive,Objet_16253
Radioactive,Objet_28977
Unspecified,Objet_00128
Oxidizing,Objet_09041
Explosive,Objet_00026
Food,Objet_09216
Food,Objet_28013
Unspecified,Objet_29708
Toxic,Objet_14636
Toxic,Objet_09331
Explosive,Objet_05820
Flammable,Objet_12277
Pressurized,Objet_27848
Oxidizing,Objet_11209
Unspecified,Objet_13789
Pressurized,Objet_25258
Explosive,Objet_08320
Food,Objet_15613
Pressurized,Objet_24378
Unspecified,Objet_05932
Unspecified,Objet_05292
Radioactive,Objet_03051
Radioactive,Objet_08282
Corrosive,Objet_11742
Toxic,Objet_20745
Explosive,Objet_04167
Fragile,Objet_05267
Pressurized,Objet_19427
Food,Objet_10488
Food,Objet_21783
Flammable,Objet_28643
Corrosive,Objet_22274
Oxidizing,Objet_01223
Explosive,Objet_12029
Corrosive,Objet_24149
Toxic,Objet_29270
Oxidizing,Objet_03255
Toxic,Objet_12670
Unspecified,Objet_29990
Flammable,Objet_11767
Corrosive,Objet_11191
Unspecified,Objet_14474
Food,Objet_26150
Oxidizing,Objet_19449
Radioactive,Objet_22968
Flammable,Objet_05751
Toxic,Objet_23019
Radioactive,Objet_20717
Pressurized,Objet_11189
Radioactive,Objet_23993
Radioactive,Objet_17590
Flammable,Objet_01124
Corrosive,Objet_05419
Toxic,Objet_20027
Corrosive,Objet_11428
Explosive,Objet_19327
Pressurized,Objet_21411
Food,Objet_08594
Oxidizing,Objet_04739
Flammable,Objet_04136
Pressurized,Objet_14681
Explosive,Objet_25922
Toxic,Objet_10366
Corrosive,Objet_16471
Flammable,Objet_21341
Explosive,Objet_27180
Oxidizing,Objet_08839
Fragile,Objet_07160
Oxidizing,Objet_05325
Fragile,Objet_19304
Pressurized,Objet_10294
Flammable,Objet_29303
Toxic,Objet_09046
Radioactive,Objet_01681
Pressurized,Objet_13844
Explosive,Objet_07548
Explosive,Objet_14661
Toxic,Objet_20107
Food,Objet_16696
Radioactive,Objet_12041
Toxic,Objet_27872
Unspecified,Objet_22109
Oxidizing,Objet_07453
Corrosive,Objet_00652
Fragile,Objet_00403
Food,Objet_19901
Unspecified,Objet_09366
Unspecified,Objet_03398
Fragile,Objet_27929
Unspecified,Objet_23145
Food,Objet_06312
Toxic,Objet_23830
Unspecified,Objet_23132
Oxidizing,Objet_05032
Toxic,Objet_11609
Radioactive,Objet_27026
Toxic,Objet_02088
Toxic,Objet_05580
Corrosive,Objet_30108
Unspecified,Objet_21653
Toxic,Objet_22832
Pressurized,Objet_11077
Oxidizing,Objet_09987
Corrosive,Objet_17998
Flammable,Objet_07997
Unspecified,Objet_03504
Flammable,Objet_15297
Flammable,Objet_02125
Corrosive,Objet_01703
Explosive,Objet_02638
Flammable,Objet_13622
Fragile,Objet_06728
Toxic,Objet_15094
Radioactive,Objet_04043
Pressurized,Objet_02991
Unspecified,Objet_07387
Explosive,Objet_04562
Flammable,Objet_15551
Corrosive,Objet_00518
Food,Objet_20429
Corrosive,Objet_19103
Toxic,Objet_25714
Fragile,Objet_12257
Corrosive,Objet_25803
Oxidizing,Objet_28886
Radioactive,Objet_10834
Unspecified,Objet_06467
Toxic,Objet_10535
Explosive,Objet_27837
Toxic,Objet_28478
Food,Objet_24025
Food,Objet_00857
Oxidizing,Objet_29654
Radioactive,Objet_26831
Flammable,Objet_19974
Flammable,Objet_27832
Flammable,Objet_25237
Radioactive,Objet_27142
Unspecified,Objet_05124
Flammable,Objet_13905
Fragile,Objet_23185
Toxic,Objet_27436
Unspecified,Objet_22705
Fragile,Objet_01829
Fragile,Objet_17076
Unspecified,Objet_04808
Fragile,Objet_00830
Corrosive,Objet_24611
Explosive,Objet_20727
Pressurized,Objet_24223
Fragile,Objet_04838
Explosive,Objet_10190
Toxic,Objet_23272
Pressurized,Objet_03530
Radioactive,Objet_17742
Corrosive,Objet_12599
Unspecified,Objet_26503
Oxidizing,Objet_09052
Food,Objet_29803
Flammable,Objet_28600
Unspecified,Objet_03363
Oxidizing,Objet_28222
Fragile,Objet_27061
Pressurized,Objet_01826
Toxic,Objet_06373
Food,Objet_23865
Radioactive,Objet_16155
Unspecified,Objet_05607
Corrosive,Objet_07680
Unspecified,Objet_29104
Food,Objet_11643
Food,Objet_10239
Explosive,Objet_01592
Corrosive,Objet_18464
Explosive,Objet_07272
Corrosive,Objet_27031
Corrosive,Objet_18766
Flammable,Objet_25046
Unspecified,Objet_25752
Radioactive,Objet_03780
Flammable,Objet_08761
Unspecified,Objet_20109
Unspecified,Objet_07540
Pressurized,Objet_20000
Fragile,Objet_14281
Food,Objet_19330
Explosive,Objet_18260
Unspecified,Objet_11218
Fragile,Objet_22456
Explosive,Objet_29351
Explosive,Objet_17182
Radioactive,Objet_23299
Oxidizing,Objet_03340
Fragile,Objet_16857
Explosive,Objet_03388
Toxic,Objet_20527
Flammable,Objet_26633
Toxic,Objet_24986
Toxic,Objet_19430
Flammable,Objet_23455
Oxidizing,Objet_25599
Unspecified,Objet_21675
Oxidizing,Objet_13573
Pressurized,Objet_20682
Unspecified,Objet_26645
Fragile,Objet_09465
Pressurized,Objet_21647
Unspecified,Objet_24756
Oxidizing,Objet_13349
Pressurized,Objet_26953
Pressurized,Objet_19288
Flammable,Objet_08693
Fragile,Objet_25476
Unspecified,Objet_05005
Explosive,Objet_22988
Oxidizing,Objet_27608
Explosive,Objet_01281
Toxic,Objet_14193
Pressurized,Objet_29097
Radioactive,Objet_22924
Unspecified,Objet_09721
Pressurized,Objet_20144
Corrosive,Objet_23461
Unspecified,Objet_24715
Radioactive,Objet_09038
Oxidizing,Objet_19137
Toxic,Objet_15683
Unspecified,Objet_01649
Explosive,Objet_24221
Unspecified,Objet_10885
Pressurized,Objet_22883
Unspecified,Objet_25933
Unspecified,Objet_12428
Oxidizing,Objet_01217
Corrosive,Objet_04069
Explosive,Objet_21168
Fragile,Objet_08178
Radioactive,Objet_04406
Unspecified,Objet_29231
Food,Objet_24725
Unspecified,Objet_22541
Unspecified,Objet_19970
Explosive,Objet_18371
Flammable,Objet_28837
Food,Objet_18592
Unspecified,Objet_06585
Corrosive,Objet_27197
Flammable,Objet_02222
Explosive,Objet_13966
Corrosive,Objet_28961
Unspecified,Objet_02694
Toxic,Objet_12412
Flammable,Objet_06261
Unspecified,Objet_23989
Radioactive,Objet_16114
Food,Objet_10808
Unspecified,Objet_09499
Explosive,Objet_17593
Oxidizing,Objet_00767
Oxidizing,Objet_12937
Unspecified,Objet_21826
Unspecified,Objet_11843
Corrosive,Objet_20658
Oxidizing,Objet_23832
Pressurized,Objet_26246
Corrosive,Objet_16030
Explosive,Objet_00805
Flammable,Objet_14062
Food,Objet_21475
Unspecified,Objet_21917
Pressurized,Objet_29367
Food,Objet_13672
Fragile,Objet_20096
Food,Objet_16759
Flammable,Objet_29200
Radioactive,Objet_21844
Toxic,Objet_07861
Corrosive,Objet_03426
Radioactive,Objet_18773
Explosive,Objet_02351
Oxidizing,Objet_07637
Radioactive,Objet_23782
Explosive,Objet_04567
Flammable,Objet_03757
Toxic,Objet_14920
Toxic,Objet_27009
Explosive,Objet_24330
Fragile,Objet_21742
Explosive,Objet_10849
Pressurized,Objet_13731
Corrosive,Objet_01747
Explosive,Objet_20280
Pressurized,Objet_20771
Food,Objet_04521
Food,Objet_11909
Radioactive,Objet_06303
Flammable,Objet_29284
Food,Objet_14956
Pressurized,Objet_20193
Pressurized,Objet_10916
Explosive,Objet_02219
Fragile,Objet_29566
Radioactive,Objet_25509
Explosive,Objet_16570
Pressurized,Objet_01952
Unspecified,Objet_12821
Flammable,Objet_13938
Food,Objet_10890
Corrosive,Objet_10722
Oxidizing,Objet_03059
Toxic,Objet_04708
Fragile,Objet_13821
Radioactive,Objet_03564
Oxidizing,Objet_26226
Fragile,Objet_28841
Food,Objet_22178
Corrosive,Objet_02642
Fragile,Objet_28076
Oxidizing,Objet_00611
Toxic,Objet_02616
Oxidizing,Objet_07777
Corrosive,Objet_06751
Pressurized,Objet_04253
Pressurized,Objet_26916
Food,Objet_14788
Unspecified,Objet_20454
Explosive,Objet_23862
Unspecified,Objet_27091
Radioactive,Objet_12238
Food,Objet_28784
Food,Objet_13032
Unspecified,Objet_22467
Unspecified,Objet_17068
Radioactive,Objet_06000
Flammable,Objet_25998
Explosive,Objet_15752
Radioactive,Objet_14147
Radioactive,Objet_15698
Flammable,Objet_28938
Flammable,Objet_04757
Toxic,Objet_12961
Radioactive,Objet_00550
Radioactive,Objet_28343
Oxidizing,Objet_09720
Radioactive,Objet_28404
Fragile,Objet_22167
Fragile,Objet_22537
Corrosive,Objet_14746
Unspecified,Objet_29523
Radioactive,Objet_25459
Food,Objet_19115
Oxidizing,Objet_13760
Oxidizing,Objet_02186
Fragile,Objet_20582
Radioactive,Objet_09561
Fragile,Objet_22666
Corrosive,Objet_24995
Fragile,Objet_07879
Oxidizing,Objet_21985
Food,Objet_28495
Flammable,Objet_07402
Fragile,Objet_05296
Oxidizing,Objet_22616
Toxic,Objet_03720
Radioactive,Objet_13854
Food,Objet_27818
Pressurized,Objet_04187
Pressurized,Objet_25612
Corrosive,Objet_08122
Toxic,Objet_02315
Explosive,Objet_15171
Explosive,Objet_08067
Radioactive,Objet_05653
Toxic,Objet_13221
Food,Objet_17939
Pressurized,Objet_19190
Radioactive,Objet_15142
Food,Objet_06135
Corrosive,Objet_09858
Fragile,Objet_00978
Pressurized,Objet_06098
Unspecified,Objet_13796
Pressurized,Objet_13743
Flammable,Objet_11327
Fragile,Objet_29161
Fragile,Objet_13930
Explosive,Objet_22014
Unspecified,Objet_14104
Food,Objet_01492
Radioactive,Objet_11295
Flammable,Objet_28336
Radioactive,Objet_23933
Food,Objet_03647
Food,Objet_00505
Pressurized,Objet_13559
Toxic,Objet_01830
Unspecified,Objet_22750
Explosive,Objet_20692
Flammable,Objet_12113
Radioactive,Objet_04101
Toxic,Objet_21792
Flammable,Objet_28096
Corrosive,Objet_00402
Flammable,Objet_08549
Oxidizing,Objet_09384
Flammable,Objet_11254
Explosive,Objet_26971
Corrosive,Objet_29129
Corrosive,Objet_01366
Oxidizing,Objet_25173
Flammable,Objet_24743
Explosive,Objet_06267
Radioactive,Objet_28782
Radioactive,Objet_06079
Flammable,Objet_29448
Pressurized,Objet_18218
Oxidizing,Objet_20726
Oxidizing,Objet_12595
Flammable,Objet_05481
Corrosive,Objet_29363
Pressurized,Objet_20392
Toxic,Objet_17511
Radioactive,Objet_28483
Fragile,Objet_10105
Pressurized,Objet_26650
Pressurized,Objet_24332
Radioactive,Objet_04041
Explosive,Objet_21155
Pressurized,Objet_01619
Pressurized,Objet_21239
Flammable,Objet_09767
Flammable,Objet_00307
Pressurized,Objet_09159
Food,Objet_12110
Oxidizing,Objet_23056
Flammable,Objet_06712
Unspecified,Objet_02707
Flammable,Objet_27401
Explosive,Objet_07507
Food,Objet_15964
Fragile,Objet_18461
Flammable,Objet_17896
Fragile,Objet_20557
Food,Objet_18361
Explosive,Objet_25035
Unspecified,Objet_06608
Pressurized,Objet_15798
Unspecified,Objet_06697
Fragile,Objet_16584
Oxidizing,Objet_15023
Oxidizing,Objet_23399
Pressurized,Objet_14895
Unspecified,Objet_19249
Food,Objet_27295
Corrosive,Objet_24816
Unspecified,Objet_07355
Corrosive,Objet_27460
Fragile,Objet_28727
Pressurized,Objet_27884
Corrosive,Objet_05667
Explosive,Objet_21085
Food,Objet_10981
Flammable,Objet_25212
Toxic,Objet_15863
Toxic,Objet_22118
Radioactive,Objet_04704
Toxic,Objet_12236
Toxic,Objet_22304
Oxidizing,Objet_05611
Fragile,Objet_20319
Unspecified,Objet_11057
Oxidizing,Objet_13579
Fragile,Objet_01391
Oxidizing,Objet_26359
Flammable,Objet_12969
Oxidizing,Objet_10273
Explosive,Objet_21458
Food,Objet_26499
Pressurized,Objet_11853
Flammable,Objet_04696
Fragile,Objet_13185
Pressurized,Objet_16878
Corrosive,Objet_10703
Explosive,Objet_23008
Fragile,Objet_27049
Explosive,Objet_05848
Pressurized,Objet_04392
Explosive,Objet_08543
Food,Objet_08748
Flammable,Objet_12774
Flammable,Objet_19105
Fragile,Objet_24979
Oxidizing,Objet_06087
Pressurized,Objet_00882
Fragile,Objet_17901
Fragile,Objet_26653
Fragile,Objet_17618
Pressurized,Objet_22512
Corrosive,Objet_10237
Fragile,Objet_26127
Flammable,Objet_22539
Food,Objet_12140
Fragile,Objet_18473
Explosive,Objet_23780
Flammable,Objet_19671
Flammable,Objet_15004
Unspecified,Objet_08610
Pressurized,Objet_27807
Unspecified,Objet_08876
Fragile,Objet_21833
Radioactive,Objet_19084
Flammable,Objet_12377
Fragile,Objet_18457
Food,Objet_22364
Pressurized,Objet_16751
Pressurized,Objet_17942
Explosive,Objet_09292
Fragile,Objet_04772
Fragile,Objet_02065
Oxidizing,Objet_23996
Radioactive,Objet_27400
Pressurized,Objet_13263
Pressurized,Objet_15482
Flammable,Objet_09803
Food,Objet_07425
Toxic,Objet_27179
Corrosive,Objet_25417
Flammable,Objet_24302
Pressurized,Objet_25287
Unspecified,Objet_19511
Explosive,Objet_08243
Toxic,Objet_25400
Radioactive,Objet_01256
Food,Objet_23820
Toxic,Objet_08774
Fragile,Objet_11096
Explosive,Objet_22984
Radioactive,Objet_00780
Food,Objet_02730
Oxidizing,Objet_03501
Radioactive,Objet_16413
Explosive,Objet_21395
Toxic,Objet_14332
Oxidizing,Objet_11214
Pressurized,Objet_28974
Toxic,Objet_05432
Radioactive,Objet_22760
Flammable,Objet_23844
Fragile,Objet_14365
Toxic,Objet_24361
Toxic,Objet_06945
Fragile,Objet_11808
Explosive,Objet_22528
Radioactive,Objet_15095
Toxic,Objet_24399
Pressurized,Objet_26693
Radioactive,Objet_08888
Flammable,Objet_10375
Fragile,Objet_18646
Unspecified,Objet_13716
Explosive,Objet_29947
Toxic,Objet_28700
Corrosive,Objet_01981
Oxidizing,Objet_19124
Explosive,Objet_29449
Unspecified,Objet_07747
Explosive,Objet_02242
Explosive,Objet_16248
Flammable,Objet_01976
Explosive,Objet_23288
Corrosive,Objet_18246
Food,Objet_09109
Corrosive,Objet_16461
Food,Objet_23417
Radioactive,Objet_13507
Radioactive,Objet_18738
Food,Objet_00129
Fragile,Objet_27138
Flammable,Objet_21897
Food,Objet_08300
Toxic,Objet_29268
Pressurized,Objet_24551
Radioactive,Objet_06285
Food,Objet_01774
Fragile,Objet_18188
Flammable,Objet_22643
Explosive,Objet_20338
Pressurized,Objet_15957
Flammable,Objet_29643
Unspecified,Objet_20955
Explosive,Objet_02116
Oxidizing,Objet_25330
Corrosive,Objet_07988
Toxic,Objet_05730
Food,Objet_19494
Radioactive,Objet_14805
Unspecified,Objet_05257
Pressurized,Objet_15462
Unspecified,Objet_02024
Flammable,Objet_10772
Explosive,Objet_01677
Corrosive,Objet_26554
Explosive,Objet_29352
Unspecified,Objet_22584
Corrosive,Objet_20948
Toxic,Objet_10596
Fragile,Objet_29475
Food,Objet_12489
Radioactive,Objet_18102
Food,Objet_22408
Explosive,Objet_07676
Pressurized,Objet_29390
Flammable,Objet_11705
Explosive,Objet_16678
Food,Objet_28939
Corrosive,Objet_02253
Flammable,Objet_12371
Pressurized,Objet_23360
Unspecified,Objet_01644
Oxidizing,Objet_21688
Fragile,Objet_19290
Flammable,Objet_01682
Flammable,Objet_25821
Oxidizing,Objet_03688
Toxic,Objet_28439
Oxidizing,Objet_20580
Explosive,Objet_29315
Radioactive,Objet_04661
Toxic,Objet_16309
Oxidizing,Objet_11943
Corrosive,Objet_30131
Fragile,Objet_24405
Pressurized,Objet_12094
Oxidizing,Objet_29096
Pressurized,Objet_24339
Unspecified,Objet_05184
Explosive,Objet_06369
Radioactive,Objet_08232
Food,Objet_15370
Radioactive,Objet_09471
Corrosive,Objet_20639
Explosive,Objet_21141
Radioactive,Objet_11962
Corrosive,Objet_14867
Unspecified,Objet_10410
Fragile,Objet_00722
Explosive,Objet_12154
Pressurized,Objet_25806
Corrosive,Objet_21164
Corrosive,Objet_01371
Explosive,Objet_22745
Unspecified,Objet_11860
Food,Objet_05957
Toxic,Objet_13088
Explosive,Objet_12129
Explosive,Objet_18827
Corrosive,Objet_05578
Explosive,Objet_15906
Toxic,Objet_05418
Toxic,Objet_03682
Explosive,Objet_02122
Toxic,Objet_25024
Explosive,Objet_27466
Unspecified,Objet_12052
Pressurized,Objet_20112
Radioactive,Objet_27642
Unspecified,Objet_26863
Radioactive,Objet_28057
Radioactive,Objet_03965
Radioactive,Objet_26446
Toxic,Objet_00865
Toxic,Objet_02841
Explosive,Objet_19400
Fragile,Objet_23732
Explosive,Objet_01851
Fragile,Objet_25147
Oxidizing,Objet_20998
Toxic,Objet_10081
Pressurized,Objet_25137
Oxidizing,Objet_00651
Pressurized,Objet_24180
Unspecified,Objet_14984
Toxic,Objet_19816
Food,Objet_12813
Flammable,Objet_27381
Oxidizing,Objet_18737
Radioactive,Objet_05993
Fragile,Objet_06144
Radioactive,Objet_10033
Radioactive,Objet_20827
Pressurized,Objet_13307
Oxidizing,Objet_03489
Radioactive,Objet_00747
Oxidizing,Objet_13007
Fragile,Objet_25536
Oxidizing,Objet_02217
Toxic,Objet_13790
Flammable,Objet_22692
Corrosive,Objet_21547
Pressurized,Objet_11448
Radioactive,Objet_25032
Corrosive,Objet_16765
Explosive,Objet_29755
Pressurized,Objet_17490
Corrosive,Objet_01900
Radioactive,Objet_04960
Food,Objet_13816
Pressurized,Objet_19905
Toxic,Objet_20645
Radioactive,Objet_05426
Food,Objet_13365
Flammable,Objet_08703
Flammable,Objet_25520
Oxidizing,Objet_01934
Unspecified,Objet_19909
Radioactive,Objet_09975
Corrosive,Objet_11385
Oxidizing,Objet_08949
Pressurized,Objet_03943
Flammable,Objet_07488
Flammable,Objet_17416
Food,Objet_28253
Flammable,Objet_14630
Oxidizing,Objet_20923
Food,Objet_28047
Oxidizing,Objet_28549
Radioactive,Objet_21782
Pressurized,Objet_17424
Flammable,Objet_07129
Fragile,Objet_01926
Unspecified,Objet_19605
Pressurized,Objet_15970
Explosive,Objet_06657
Fragile,Objet_09970
Explosive,Objet_27973
Fragile,Objet_17039
Fragile,Objet_19546
Explosive,Objet_20400
Oxidizing,Objet_22571
Food,Objet_25143
Flammable,Objet_26983
Pressurized,Objet_22642
Radioactive,Objet_21701
Oxidizing,Objet_18051
Fragile,Objet_11922
Fragile,Objet_10713
Fragile,Objet_05773
Fragile,Objet_04261
Pressurized,Objet_23693
Fragile,Objet_15223
Explosive,Objet_23083
Corrosive,Objet_20376
Unspecified,Objet_08129
Fragile,Objet_10969
Food,Objet_00146
Food,Objet_15230
Pressurized,Objet_01027
Explosive,Objet_12896
Radioactive,Objet_20884
Food,Objet_05494
Explosive,Objet_12448
Radioactive,Objet_18945
Oxidizing,Objet_15412
Toxic,Objet_19457
Oxidizing,Objet_27698
Radioactive,Objet_17969
Corrosive,Objet_16460
Radioactive,Objet_05778
Pressurized,Objet_17230
Unspecified,Objet_10536
Fragile,Objet_27166
Radioactive,Objet_06890
Radioactive,Objet_08514
Oxidizing,Objet_09505
Food,Objet_04945
Unspecified,Objet_26236
Pressurized,Objet_06289
Unspecified,Objet_18907
Pressurized,Objet_02596
Unspecified,Objet_08457
Corrosive,Objet_12370
Food,Objet_19366
Explosive,Objet_14314
Unspecified,Objet_17993
Radioactive,Objet_05268
Toxic,Objet_11212
Flammable,Objet_14714
Flammable,Objet_19987
Corrosive,Objet_21856
Flammable,Objet_13427
Oxidizing,Objet_25697
Radioactive,Objet_02769
Explosive,Objet_06345
Oxidizing,Objet_23097
Explosive,Objet_21266
Radioactive,Objet_12635
Oxidizing,Objet_14210
Unspecified,Objet_22482
Corrosive,Objet_04371
Radioactive,Objet_26669
Oxidizing,Objet_19338
Food,Objet_03790
Flammable,Objet_17078
Fragile,Objet_05408
Toxic,Objet_14574
Radioactive,Objet_04063
Fragile,Objet_19340
Fragile,Objet_17999
Fragile,Objet_23892
Fragile,Objet_01057
Food,Objet_06902
Pressurized,Objet_06291
Corrosive,Objet_28562
Food,Objet_20170
Pressurized,Objet_28134
Oxidizing,Objet_22872
Explosive,Objet_18989
Corrosive,Objet_03995
Flammable,Objet_22718
Pressurized,Objet_00831
Pressurized,Objet_15580
Food,Objet_18693
Fragile,Objet_06578
Explosive,Objet_15603
Pressurized,Objet_27824
Radioactive,Objet_17409
Explosive,Objet_27920
Toxic,Objet_12125
Flammable,Objet_02861
Food,Objet_28374
Pressurized,Objet_08210
Unspecified,Objet_15150
Explosive,Objet_25890
Food,Objet_13460
Oxidizing,Objet_06742
Corrosive,Objet_15536
Toxic,Objet_26199
Corrosive,Objet_04231
Toxic,Objet_02435
Oxidizing,Objet_04079
Unspecified,Objet_09100
Explosive,Objet_23434
Explosive,Objet_08364
Corrosive,Objet_27783
Radioactive,Objet_17265
Oxidizing,Objet_17045
Toxic,Objet_02494
Flammable,Objet_12597
Fragile,Objet_05621
Oxidizing,Objet_26297
Flammable,Objet_15594
Flammable,Objet_29515
Unspecified,Objet_13522
Flammable,Objet_03153
Toxic,Objet_14205
Pressurized,Objet_09650
Corrosive,Objet_07916
Toxic,Objet_29611
Flammable,Objet_27372
Pressurized,Objet_17760
Food,Objet_09770
Radioactive,Objet_14833
Oxidizing,Objet_27840
Oxidizing,Objet_19307
Corrosive,Objet_11414
Flammable,Objet_27659
Toxic,Objet_25906
Oxidizing,Objet_11557
Corrosive,Objet_09340
Corrosive,Objet_27660
Radioactive,Objet_04026
Radioactive,Objet_23937
Corrosive,Objet_11692
Toxic,Objet_18962
Fragile,Objet_01675
Toxic,Objet_16294
Fragile,Objet_20148
Pressurized,Objet_28538
Pressurized,Objet_19934
Radioactive,Objet_16935
Corrosive,Objet_10232
Pressurized,Objet_26817
Explosive,Objet_22770
Corrosive,Objet_27671
Toxic,Objet_27784
Corrosive,Objet_23318
Corrosive,Objet_01847
Radioactive,Objet_15791
Explosive,Objet_18978
Toxic,Objet_05705
Radioactive,Objet_23663
Flammable,Objet_04992
Radioactive,Objet_24250
Fragile,Objet_00414
Flammable,Objet_03004
Radioactive,Objet_00344
Pressurized,Objet_26837
Oxidizing,Objet_06262
Food,Objet_17833
Explosive,Objet_21967
Pressurized,Objet_19945
Corrosive,Objet_10781
Unspecified,Objet_01950
Explosive,Objet_21463
Pressurized,Objet_28348
Pressurized,Objet_18638
Oxidizing,Objet_00184
Explosive,Objet_12030
Radioactive,Objet_06905
Oxidizing,Objet_25359
Corrosive,Objet_03799
Unspecified,Objet_19090
Pressurized,Objet_26907
Pressurized,Objet_21683
Radioactive,Objet_01409
Oxidizing,Objet_27127
Fragile,Objet_06753
Unspecified,Objet_21906
Fragile,Objet_22929
Flammable,Objet_19418
Food,Objet_07060
Radioactive,Objet_01575
Flammable,Objet_27867
Fragile,Objet_13753
Radioactive,Objet_02414
Oxidizing,Objet_06411
Unspecified,Objet_04506
Corrosive,Objet_08728
Oxidizing,Objet_10744
Radioactive,Objet_20226
Food,Objet_28093
Toxic,Objet_10583
Corrosive,Objet_10685
Corrosive,Objet_18047
Food,Objet_19980
Toxic,Objet_14484
Toxic,Objet_28175
Explosive,Objet_04884
Explosive,Objet_20683
Corrosive,Objet_08137
Corrosive,Objet_17332
Pressurized,Objet_01765
Explosive,Objet_01629
Toxic,Objet_17681
Pressurized,Objet_19210
Radioactive,Objet_26104
Food,Objet_27322
Pressurized,Objet_23495
Radioactive,Objet_23856
Toxic,Objet_27692
Unspecified,Objet_03138
Oxidizing,Objet_26082
Food,Objet_13907
Pressurized,Objet_15058
Flammable,Objet_24105
Unspecified,Objet_15810
Unspecified,Objet_11060
Pressurized,Objet_10604
Unspecified,Objet_24634
Pressurized,Objet_25015
Flammable,Objet_14435
Corrosive,Objet_23110
Flammable,Objet_11431
Flammable,Objet_04740
Food,Objet_16498
Food,Objet_09911
Flammable,Objet_26113
Explosive,Objet_04382
Unspecified,Objet_12482
Corrosive,Objet_12290
Radioactive,Objet_02544
Fragile,Objet_06980
Oxidizing,Objet_06064
Radioactive,Objet_12216
Food,Objet_26716
Radioactive,Objet_16750
Fragile,Objet_15648
Unspecified,Objet_08161
Unspecified,Objet_18866
Toxic,Objet_25204
Unspecified,Objet_02678
Radioactive,Objet_16957
Corrosive,Objet_02774
Radioactive,Objet_03238
Toxic,Objet_24757
Fragile,Objet_11532
Fragile,Objet_21638
Explosive,Objet_10569
Pressurized,Objet_01156
Toxic,Objet_03462
Fragile,Objet_11430
Oxidizing,Objet_29400
Corrosive,Objet_00989
Food,Objet_12875
Unspecified,Objet_03966
Radioactive,Objet_13993
Flammable,Objet_28691
Flammable,Objet_03205
Explosive,Objet_17936
Toxic,Objet_02275
Explosive,Objet_07964
Toxic,Objet_00644
Fragile,Objet_15050
Oxidizing,Objet_00547
Unspecified,Objet_16982
Corrosive,Objet_06056
Radioactive,Objet_18623
Food,Objet_20993
Pressurized,Objet_23057
Toxic,Objet_27092
Oxidizing,Objet_14543
Food,Objet_06737
Pressurized,Objet_00541
Oxidizing,Objet_05507
Oxidizing,Objet_10809
Fragile,Objet_12227
Corrosive,Objet_05640
Food,Objet_28618
Explosive,Objet_12201
Toxic,Objet_05118
Toxic,Objet_19092
Pressurized,Objet_23664
Explosive,Objet_00268
Oxidizing,Objet_01586
Oxidizing,Objet_28551
Corrosive,Objet_04082
Corrosive,Objet_20203
Fragile,Objet_18138
Fragile,Objet_12846
Oxidizing,Objet_00684
Explosive,Objet_24424
Oxidizing,Objet_18710
Toxic,Objet_26923
Flammable,Objet_24140
Pressurized,Objet_28038
Toxic,Objet_27161
Oxidizing,Objet_17823
Explosive,Objet_00929
Toxic,Objet_22189
Fragile,Objet_16154
Radioactive,Objet_02958
Toxic,Objet_20051
Explosive,Objet_23107
Explosive,Objet_13175
Food,Objet_10874
Corrosive,Objet_27516
Oxidizing,Objet_12632
Food,Objet_05811
Oxidizing,Objet_29956
Food,Objet_15771
Corrosive,Objet_17544
Corrosive,Objet_20844
Oxidizing,Objet_25014
Toxic,Objet_05878
Corrosive,Objet_07735
Oxidizing,Objet_15466
Corrosive,Objet_10707
Flammable,Objet_23505
Fragile,Objet_16931
Food,Objet_05560
Oxidizing,Objet_29927
Food,Objet_13724
Oxidizing,Objet_06907
Corrosive,Objet_04731
Food,Objet_14637
Toxic,Objet_12011
Toxic,Objet_27279
Toxic,Objet_17907
Oxidizing,Objet_03449
Fragile,Objet_17029
Food,Objet_27859
Flammable,Objet_09031
Radioactive,Objet_08866
Unspecified,Objet_09050
Pressurized,Objet_11869
Unspecified,Objet_17765
Unspecified,Objet_00573
Unspecified,Objet_10677
Fragile,Objet_24572
Explosive,Objet_21509
Fragile,Objet_09563
Unspecified,Objet_13486
Unspecified,Objet_05091
Flammable,Objet_25040
Toxic,Objet_04987
Food,Objet_09751
Food,Objet_23509
Unspecified,Objet_03488
Food,Objet_00005
Corrosive,Objet_23394
Food,Objet_22373
Fragile,Objet_21795
Food,Objet_24524
Fragile,Objet_01749
Pressurized,Objet_05396
Pressurized,Objet_08555
Radioactive,Objet_23621
Toxic,Objet_11234
Corrosive,Objet_20106
Food,Objet_16845
Oxidizing,Objet_17989
Flammable,Objet_26664
Food,Objet_20870
Explosive,Objet_26421
Food,Objet_14942
Oxidizing,Objet_11192
Corrosive,Objet_13601
Pressurized,Objet_22563
Unspecified,Objet_20445
Fragile,Objet_08000
Corrosive,Objet_26111
Oxidizing,Objet_03931
Fragile,Objet_09224
Unspecified,Objet_20220
Unspecified,Objet_24245
Unspecified,Objet_13957
Flammable,Objet_03217
Radioactive,Objet_00186
Unspecified,Objet_03165
Corrosive,Objet_05308
Flammable,Objet_06278
Corrosive,Objet_29039
Fragile,Objet_25012
Radioactive,Objet_18425
Flammable,Objet_07537
Radioactive,Objet_10719
Corrosive,Objet_15614
Corrosive,Objet_10876
Toxic,Objet_06558
Food,Objet_18419
Pressurized,Objet_25523
Flammable,Objet_08674
Fragile,Objet_16810
Corrosive,Objet_04157
Unspecified,Objet_22588
Unspecified,Objet_08479
Food,Objet_28937
Unspecified,Objet_28668
Unspecified,Objet_12062
Radioactive,Objet_22352
Unspecified,Objet_04172
Pressurized,Objet_14116
Fragile,Objet_22461
Explosive,Objet_10075
Fragile,Objet_19574
Fragile,Objet_15175
Oxidizing,Objet_06856
Explosive,Objet_24441
Unspecified,Objet_24731
Unspecified,Objet_25163
Radioactive,Objet_11941
Explosive,Objet_03316
Corrosive,Objet_12460
Flammable,Objet_23284
Oxidizing,Objet_18604
Toxic,Objet_10895
Oxidizing,Objet_27668
Corrosive,Objet_12646
Toxic,Objet_25767
Food,Objet_03071
Unspecified,Objet_13438
Oxidizing,Objet_09693
Pressurized,Objet_15527
Radioactive,Objet_06832
Radioactive,Objet_03825
Radioactive,Objet_24014
Explosive,Objet_28454
Corrosive,Objet_10860
Radioactive,Objet_17730
Corrosive,Objet_02013
Unspecified,Objet_09344
Explosive,Objet_28589
Toxic,Objet_18656
Flammable,Objet_07655
Toxic,Objet_23460
Toxic,Objet_23370
Oxidizing,Objet_00832
Toxic,Objet_00605
Unspecified,Objet_18178
Unspecified,Objet_24798
Pressurized,Objet_22348
Fragile,Objet_18059
Radioactive,Objet_23668
Unspecified,Objet_04326
Fragile,Objet_21956
Toxic,Objet_12685
Explosive,Objet_09774
Oxidizing,Objet_24461
Pressurized,Objet_15385
Radioactive,Objet_04262
Pressurized,Objet_01832
Food,Objet_26621
Unspecified,Objet_21570
Food,Objet_08151
Food,Objet_20707
Radioactive,Objet_19468
Corrosive,Objet_12554
Corrosive,Objet_10766
Corrosive,Objet_03617
Toxic,Objet_14450
Pressurized,Objet_14053
Radioactive,Objet_23728
Fragile,Objet_14177
Explosive,Objet_16883
Food,Objet_20663
Fragile,Objet_29932
Explosive,Objet_03117
Flammable,Objet_29926
Toxic,Objet_27563
Corrosive,Objet_03373
Pressurized,Objet_12796
Fragile,Objet_18774
Explosive,Objet_17210
Fragile,Objet_17857
Food,Objet_27261
Unspecified,Objet_10298
Pressurized,Objet_29864
Toxic,Objet_17161
Pressurized,Objet_03878
Food,Objet_08710
Flammable,Objet_12436
Pressurized,Objet_11930
Explosive,Objet_18708
Toxic,Objet_28772
Radioactive,Objet_16486
Oxidizing,Objet_14960
Unspecified,Objet_10321
Food,Objet_06827
Radioactive,Objet_01314
Corrosive,Objet_26955
Corrosive,Objet_22479
Unspecified,Objet_10529
Oxidizing,Objet_04649
Toxic,Objet_28326
Oxidizing,Objet_20384
Food,Objet_17523
Food,Objet_06083
Explosive,Objet_12644
Unspecified,Objet_21310
Radioactive,Objet_06257
Toxic,Objet_00533
Fragile,Objet_06416
Radioactive,Objet_05879
Pressurized,Objet_28677
Oxidizing,Objet_07370
Explosive,Objet_11068
Oxidizing,Objet_28620
Flammable,Objet_22340
Fragile,Objet_01562
Explosive,Objet_25426
Pressurized,Objet_23311
Flammable,Objet_12392
Explosive,Objet_12321
Explosive,Objet_11755
Fragile,Objet_10472
Radioactive,Objet_04021
Unspecified,Objet_18078
Oxidizing,Objet_25556
Flammable,Objet_01790
Flammable,Objet_05833
Explosive,Objet_18887
Pressurized,Objet_25469
Radioactive,Objet_27729
Toxic,Objet_22711
Explosive,Objet_15260
Oxidizing,Objet_27368
Oxidizing,Objet_04503
Radioactive,Objet_06237
Food,Objet_19869
Toxic,Objet_13125
Food,Objet_26942
Pressurized,Objet_26571
Explosive,Objet_13282
Fragile,Objet_26023
Corrosive,Objet_23689
Fragile,Objet_20103
Toxic,Objet_24728
Food,Objet_26913
Unspecified,Objet_10785
Flammable,Objet_19876
Toxic,Objet_29640
Corrosive,Objet_10788
Pressurized,Objet_12513
Food,Objet_01717
Flammable,Objet_22676
Pressurized,Objet_22196
Radioactive,Objet_08360
Flammable,Objet_22975
Oxidizing,Objet_01295
Radioactive,Objet_08394
Unspecified,Objet_14485
Radioactive,Objet_07153
Food,Objet_24960
Explosive,Objet_00864
Radioactive,Objet_12053
Radioactive,Objet_21609
Radioactive,Objet_08451
Toxic,Objet_01849
Oxidizing,Objet_00617
Radioactive,Objet_09818
Explosive,Objet_15952
Unspecified,Objet_11376
Unspecified,Objet_16143
Radioactive,Objet_26339
Explosive,Objet_01748
Flammable,Objet_12845
Unspecified,Objet_15317
Oxidizing,Objet_23293
Oxidizing,Objet_13014
Pressurized,Objet_02916
Flammable,Objet_02379
Corrosive,Objet_11324
Corrosive,Objet_26169
Fragile,Objet_29853
Flammable,Objet_12535
Oxidizing,Objet_07643
Explosive,Objet_14105
Fragile,Objet_05474
Oxidizing,Objet_16997
Pressurized,Objet_21981
Unspecified,Objet_04797
Oxidizing,Objet_17097
Toxic,Objet_11255
Pressurized,Objet_28347
Unspecified,Objet_24861
Explosive,Objet_03712
Food,Objet_05411
Oxidizing,Objet_06284
Food,Objet_06193
Food,Objet_13398
Corrosive,Objet_23578
Explosive,Objet_05487
Corrosive,Objet_11976
Radioactive,Objet_15435
Unspecified,Objet_27449
Unspecified,Objet_09162
Toxic,Objet_05853
Radioactive,Objet_23075
Pressurized,Objet_11169
Fragile,Objet_26245
Radioactive,Objet_06365
Unspecified,Objet_29528
Flammable,Objet_29466
Unspecified,Objet_12897
Pressurized,Objet_27411
Food,Objet_22336
Oxidizing,Objet_01684
Fragile,Objet_22502
Pressurized,Objet_13934
Explosive,Objet_14663
Fragile,Objet_02812
Pressurized,Objet_13646
Explosive,Objet_20002
Unspecified,Objet_12221
Food,Objet_28219
Unspecified,Objet_20036
Fragile,Objet_05526
Pressurized,Objet_01236
Corrosive,Objet_23363
Unspecified,Objet_09339
Toxic,Objet_23259
Pressurized,Objet_24939
Unspecified,Objet_25327
Pressurized,Objet_04206
Unspecified,Objet_12474
Fragile,Objet_18607
Explosive,Objet_11894
Corrosive,Objet_22659
Unspecified,Objet_07360
Explosive,Objet_17323
Radioactive,Objet_29649
Flammable,Objet_08299
Radioactive,Objet_19165
Food,Objet_19431
Corrosive,Objet_15157
Unspecified,Objet_12778
Flammable,Objet_17775
Radioactive,Objet_30060
Toxic,Objet_18517
Flammable,Objet_28613
Fragile,Objet_13866
Unspecified,Objet_16885
Explosive,Objet_23117
Oxidizing,Objet_00647
Pressurized,Objet_25273
Toxic,Objet_05453
Pressurized,Objet_18337
Toxic,Objet_25617
Toxic,Objet_17583
Corrosive,Objet_27530
Food,Objet_01238
Explosive,Objet_09115
Explosive,Objet_28516
Radioactive,Objet_11132
Oxidizing,Objet_22976
Toxic,Objet_26534
Food,Objet_12116
Flammable,Objet_09546
Radioactive,Objet_29881
Explosive,Objet_22007
Corrosive,Objet_24121
Pressurized,Objet_08948
Food,Objet_14250
Corrosive,Objet_02031
Flammable,Objet_14567
Corrosive,Objet_17450
Fragile,Objet_19001
Oxidizing,Objet_29287
Fragile,Objet_16021
Corrosive,Objet_17553
Toxic,Objet_20174
Pressurized,Objet_15108
Corrosive,Objet_07222
Corrosive,Objet_23988
Radioactive,Objet_14539
Food,Objet_03095
Pressurized,Objet_12679
Flammable,Objet_08702
Oxidizing,Objet_23794
Flammable,Objet_19352
Fragile,Objet_16136
Unspecified,Objet_16267
Radioactive,Objet_11846
Radioactive,Objet_29421
Flammable,Objet_16440
Food,Objet_23841
Flammable,Objet_29174
Corrosive,Objet_16044
Food,Objet_07472
Oxidizing,Objet_27909
Corrosive,Objet_17904
Toxic,Objet_09713
Corrosive,Objet_21041
Radioactive,Objet_23871
Flammable,Objet_02232
Fragile,Objet_21797
Flammable,Objet_10053
Flammable,Objet_05613
Unspecified,Objet_02193
Food,Objet_00180
Food,Objet_03631
Oxidizing,Objet_05699
Pressurized,Objet_05331
Unspecified,Objet_10741
Unspecified,Objet_07014
Fragile,Objet_28293
Radioactive,Objet_29307
Flammable,Objet_09392
Fragile,Objet_07838
Oxidizing,Objet_26936
Toxic,Objet_01922
Flammable,Objet_07834
Radioactive,Objet_13394
Oxidizing,Objet_11510
Pressurized,Objet_20183
Fragile,Objet_16622
Radioactive,Objet_26349
Flammable,Objet_16215
Pressurized,Objet_17780
Food,Objet_01139
Radioactive,Objet_02719
Pressurized,Objet_29851
Flammable,Objet_03970
Pressurized,Objet_06089
Oxidizing,Objet_05622
Corrosive,Objet_15844
Pressurized,Objet_22633
Explosive,Objet_03890
Unspecified,Objet_26775
Food,Objet_29671
Unspecified,Objet_22583
Flammable,Objet_26999
Flammable,Objet_26565
Radioactive,Objet_11388
Food,Objet_06857
Pressurized,Objet_01828
Unspecified,Objet_04247
Unspecified,Objet_29286
Fragile,Objet_00515
Corrosive,Objet_05736
Fragile,Objet_19097
Corrosive,Objet_19100
Toxic,Objet_25798
Corrosive,Objet_29056
Food,Objet_05816
Flammable,Objet_21864
Explosive,Objet_12194
Corrosive,Objet_02441
Food,Objet_16157
Food,Objet_28172
Unspecified,Objet_21824
Oxidizing,Objet_10938
Food,Objet_24089
Pressurized,Objet_10567
Corrosive,Objet_05896
Corrosive,Objet_18183
Toxic,Objet_10935
Corrosive,Objet_02615
Food,Objet_25974
Oxidizing,Objet_14439
Radioactive,Objet_19917
Flammable,Objet_22420
Pressurized,Objet_07045
Pressurized,Objet_14554
Toxic,Objet_06203
Food,Objet_24670
Oxidizing,Objet_08725
Food,Objet_21306
Unspecified,Objet_25818
Pressurized,Objet_02042
Flammable,Objet_27129
Toxic,Objet_07015
Fragile,Objet_27771
Pressurized,Objet_22132
Unspecified,Objet_00762
Food,Objet_02471
Flammable,Objet_02433
Pressurized,Objet_29925
Fragile,Objet_20462
Flammable,Objet_09079
Fragile,Objet_00759
Flammable,Objet_21237
Corrosive,Objet_03606
Unspecified,Objet_20535
Corrosive,Objet_15415
Corrosive,Objet_26553
Oxidizing,Objet_17429
Flammable,Objet_16509
Pressurized,Objet_00374
Explosive,Objet_28023
Unspecified,Objet_28706
Flammable,Objet_27683
Pressurized,Objet_01856
Radioactive,Objet_29170
Fragile,Objet_26723
Corrosive,Objet_14046
Unspecified,Objet_03194
Unspecified,Objet_11363
Explosive,Objet_07708
Pressurized,Objet_28357
Explosive,Objet_00513
Radioactive,Objet_07378
Pressurized,Objet_02914
Oxidizing,Objet_17640
Radioactive,Objet_08159
Flammable,Objet_20674
Fragile,Objet_26586
Fragile,Objet_23948
Pressurized,Objet_15672
Radioactive,Objet_19096
Toxic,Objet_12753
Toxic,Objet_09007
Corrosive,Objet_01784
Radioactive,Objet_03359
Flammable,Objet_13400
Corrosive,Objet_02803
Food,Objet_13219
Fragile,Objet_04097
Oxidizing,Objet_03615
Toxic,Objet_10283
Explosive,Objet_10435
Oxidizing,Objet_14137
Toxic,Objet_06004
Pressurized,Objet_20195
Unspecified,Objet_26850
Food,Objet_28389
Pressurized,Objet_06725
Oxidizing,Objet_13678
Unspecified,Objet_21437
Oxidizing,Objet_11379
Oxidizing,Objet_24593
Radioactive,Objet_11605
Radioactive,Objet_17365
Toxic,Objet_07704
Corrosive,Objet_02102
Fragile,Objet_28193
Fragile,Objet_13073
Unspecified,Objet_05100
Corrosive,Objet_09697
Flammable,Objet_01107
Toxic,Objet_06703
Food,Objet_29891
Food,Objet_00483
Radioactive,Objet_05395
Unspecified,Objet_08011
Oxidizing,Objet_10433
Flammable,Objet_18846
Oxidizing,Objet_07836
Radioactive,Objet_16198
Radioactive,Objet_10634
Flammable,Objet_20748
Flammable,Objet_04154
Explosive,Objet_11799
Flammable,Objet_29156
Explosive,Objet_03854
Fragile,Objet_22830
Unspecified,Objet_15731
Oxidizing,Objet_27218
Pressurized,Objet_22205
Toxic,Objet_14964
Fragile,Objet_17642
Corrosive,Objet_17249
Explosive,Objet_28572
Unspecified,Objet_25103
Unspecified,Objet_10241
Flammable,Objet_28092
Fragile,Objet_20850
Fragile,Objet_15631
Radioactive,Objet_13332
Fragile,Objet_23393
Toxic,Objet_26599
Toxic,Objet_15866
Food,Objet_05508
Fragile,Objet_00193
Fragile,Objet_29116
Unspecified,Objet_04841
Radioactive,Objet_21038
Food,Objet_14633
Explosive,Objet_03132
Fragile,Objet_15249
Explosive,Objet_06699
Corrosive,Objet_18201
Explosive,Objet_15464
Flammable,Objet_15913
Fragile,Objet_20909
Unspecified,Objet_12642
Oxidizing,Objet_25250
Fragile,Objet_05177
Explosive,Objet_28016
Radioactive,Objet_22022
Unspecified,Objet_26596
Toxic,Objet_29036
Unspecified,Objet_22777
Explosive,Objet_19106
Toxic,Objet_18826
Oxidizing,Objet_12006
Pressurized,Objet_18654
Explosive,Objet_05269
Oxidizing,Objet_05328
Food,Objet_29398
Flammable,Objet_13831
Corrosive,Objet_24385
Unspecified,Objet_14063
Radioactive,Objet_21537
Corrosive,Objet_24470
Unspecified,Objet_14701
Oxidizing,Objet_28368
Unspecified,Objet_14508
Pressurized,Objet_26585
Oxidizing,Objet_20325
Radioactive,Objet_23884
Corrosive,Objet_00478
Radioactive,Objet_04907
Fragile,Objet_05808
Explosive,Objet_22020
Pressurized,Objet_29676
Unspecified,Objet_11006
Food,Objet_09086
Oxidizing,Objet_23449
Radioactive,Objet_15776
Explosive,Objet_27101
Food,Objet_11621
Flammable,Objet_13389
Toxic,Objet_16496
Pressurized,Objet_18113
Corrosive,Objet_13458
Flammable,Objet_26019
Radioactive,Objet_11491
Flammable,Objet_26063
Unspecified,Objet_17570
Oxidizing,Objet_27453
Explosive,Objet_05195
Unspecified,Objet_08563
Explosive,Objet_15218
Food,Objet_00304
Toxic,Objet_28002
Toxic,Objet_29816
Unspecified,Objet_09127
Unspecified,Objet_18108
Fragile,Objet_22436
Explosive,Objet_23815
Corrosive,Objet_07674
Unspecified,Objet_22313
Radioactive,Objet_21596
Radioactive,Objet_02922
Oxidizing,Objet_28818
Food,Objet_23655
Flammable,Objet_19274
Flammable,Objet_04341
Explosive,Objet_21519
Oxidizing,Objet_06836
Toxic,Objet_28444
Unspecified,Objet_06338
Food,Objet_23468
Fragile,Objet_16144
Radioactive,Objet_24254
Oxidizing,Objet_14719
Corrosive,Objet_24214
Pressurized,Objet_02451
Explosive,Objet_07865
Fragile,Objet_23375
Food,Objet_23752
Explosive,Objet_10478
Pressurized,Objet_01436
Corrosive,Objet_06807
Flammable,Objet_01593
Food,Objet_18395
Flammable,Objet_25449
Unspecified,Objet_19704
Fragile,Objet_10212
Corrosive,Objet_22974
Corrosive,Objet_20311
Fragile,Objet_15152
Flammable,Objet_16333
Corrosive,Objet_06866
Unspecified,Objet_04660
Toxic,Objet_02972
Food,Objet_22873
Fragile,Objet_13278
Radioactive,Objet_30035
Unspecified,Objet_11534
Radioactive,Objet_18639
Explosive,Objet_13012
Explosive,Objet_04412
Oxidizing,Objet_03834
Unspecified,Objet_08401
Explosive,Objet_17217
Flammable,Objet_20273
Toxic,Objet_28728
Fragile,Objet_08092
Unspecified,Objet_23981
Unspecified,Objet_15663
Unspecified,Objet_01252
Toxic,Objet_23211
Food,Objet_28534
Flammable,Objet_15039
Oxidizing,Objet_08056
Toxic,Objet_20889
Explosive,Objet_02106
Unspecified,Objet_08739
Explosive,Objet_17143
Food,Objet_09334
Toxic,Objet_06146
Toxic,Objet_11336
Corrosive,Objet_16376
Food,Objet_06449
Toxic,Objet_14558
Pressurized,Objet_24320
Toxic,Objet_17743
Oxidizing,Objet_24299
Pressurized,Objet_29032
Toxic,Objet_13384
Fragile,Objet_13969
Food,Objet_24154
Pressurized,Objet_23928
Oxidizing,Objet_19906
Corrosive,Objet_17545
Pressurized,Objet_26000
Oxidizing,Objet_04441
Flammable,Objet_21496
Unspecified,Objet_18444
Unspecified,Objet_20149
Pressurized,Objet_12835
Pressurized,Objet_09016
Toxic,Objet_15375
Flammable,Objet_11873
Fragile,Objet_02819
Food,Objet_19181
Explosive,Objet_08153
Toxic,Objet_19120
Fragile,Objet_15721
Radioactive,Objet_06649
Unspecified,Objet_13484
Fragile,Objet_19004
Food,Objet_07511
Unspecified,Objet_27942
Fragile,Objet_24442
Pressurized,Objet_19351
Flammable,Objet_27731
Toxic,Objet_00430
Corrosive,Objet_02894
Oxidizing,Objet_01121
Oxidizing,Objet_02653
Oxidizing,Objet_20432
Toxic,Objet_10336
Corrosive,Objet_17704
Oxidizing,Objet_21535
Radioactive,Objet_09593
Food,Objet_01606
Oxidizing,Objet_10887
Oxidizing,Objet_11303
Pressurized,Objet_13347
Explosive,Objet_18561
Fragile,Objet_01534
Corrosive,Objet_28794
Radioactive,Objet_12809
Pressurized,Objet_06084
Oxidizing,Objet_02029
Food,Objet_08342
Explosive,Objet_10039
Corrosive,Objet_29247
Flammable,Objet_14864
Toxic,Objet_27979
Pressurized,Objet_09579
Flammable,Objet_13953
Toxic,Objet_13463
Oxidizing,Objet_25177
Fragile,Objet_13257
Toxic,Objet_28126
Pressurized,Objet_13835
Unspecified,Objet_07345
Pressurized,Objet_21158
Pressurized,Objet_02964
Corrosive,Objet_06540
Corrosive,Objet_13371
Pressurized,Objet_00145
Pressurized,Objet_14959
Corrosive,Objet_02624
Explosive,Objet_00064
Fragile,Objet_13544
Unspecified,Objet_03195
Pressurized,Objet_23323
Oxidizing,Objet_21559
Toxic,Objet_10179
Unspecified,Objet_23783
Oxidizing,Objet_15087
Pressurized,Objet_00851
Pressurized,Objet_01973
Explosive,Objet_06747
Unspecified,Objet_20397
Food,Objet_24079
Oxidizing,Objet_02527
Oxidizing,Objet_10106
Explosive,Objet_25152
Toxic,Objet_17471
Flammable,Objet_03468
Toxic,Objet_03584
Corrosive,Objet_05707
Food,Objet_09676
Unspecified,Objet_16838
Flammable,Objet_29510
Unspecified,Objet_19152
Pressurized,Objet_13265
Oxidizing,Objet_10696
Radioactive,Objet_23140
Pressurized,Objet_23821
Food,Objet_27854
Oxidizing,Objet_01328
Toxic,Objet_04876
Flammable,Objet_16807
Radioactive,Objet_05630
Pressurized,Objet_25360
Toxic,Objet_18382
Fragile,Objet_29871
Corrosive,Objet_10544
Radioactive,Objet_07707
Radioactive,Objet_22939
Explosive,Objet_13368
Explosive,Objet_25006
Explosive,Objet_19237
Flammable,Objet_07788
Flammable,Objet_14033
Radioactive,Objet_05323
Pressurized,Objet_26416
Fragile,Objet_04875
Explosive,Objet_04343
Corrosive,Objet_06516
Explosive,Objet_12650
Radioactive,Objet_27680
Toxic,Objet_02903
Radioactive,Objet_07671
Toxic,Objet_23119
Oxidizing,Objet_12083
Unspecified,Objet_00838
Toxic,Objet_15828
Pressurized,Objet_05877
Fragile,Objet_08332
Explosive,Objet_24206
Flammable,Objet_07664
Explosive,Objet_25439
Fragile,Objet_21277
Oxidizing,Objet_19323
Oxidizing,Objet_09974
Toxic,Objet_06992
Pressurized,Objet_15743
Corrosive,Objet_19509
Corrosive,Objet_29402
Pressurized,Objet_19662
Toxic,Objet_22143
Fragile,Objet_29236
Corrosive,Objet_06393
Food,Objet_12769
Radioactive,Objet_09791
Fragile,Objet_02419
Oxidizing,Objet_11386
Explosive,Objet_29784
Unspecified,Objet_09641
Food,Objet_09876
Radioactive,Objet_14144
Food,Objet_27008
Radioactive,Objet_07856
Radioactive,Objet_12121
Pressurized,Objet_01293
Pressurized,Objet_20947
Explosive,Objet_28745
Food,Objet_17798
Explosive,Objet_17404
Unspecified,Objet_08064
Pressurized,Objet_04879
Unspecified,Objet_03090
Flammable,Objet_07437
Unspecified,Objet_14509
Fragile,Objet_29212
Explosive,Objet_16206
Explosive,Objet_08267
Food,Objet_09241
Corrosive,Objet_20216
Radioactive,Objet_01370
Unspecified,Objet_01439
Toxic,Objet_15216
Fragile,Objet_14951
Unspecified,Objet_16695
Toxic,Objet_19762
Flammable,Objet_04949
Explosive,Objet_09644
Oxidizing,Objet_27259
Radioactive,Objet_29354
Oxidizing,Objet_11092
Toxic,Objet_04449
Flammable,Objet_10461
Fragile,Objet_25166
Unspecified,Objet_15557
Toxic,Objet_06110
Radioactive,Objet_28963
Radioactive,Objet_17043
Fragile,Objet_14801
Flammable,Objet_29018
Toxic,Objet_02901
Flammable,Objet_01140
Fragile,Objet_13248
Corrosive,Objet_13024
Toxic,Objet_01670
Toxic,Objet_13201
Corrosive,Objet_17630
Radioactive,Objet_06795
Corrosive,Objet_08685
Toxic,Objet_20908
Radioactive,Objet_21146
Corrosive,Objet_17734
Unspecified,Objet_05484
Corrosive,Objet_21128
Toxic,Objet_08068
Pressurized,Objet_25371
Explosive,Objet_16338
Food,Objet_18837
Oxidizing,Objet_05180
Oxidizing,Objet_21081
Oxidizing,Objet_17219
Pressurized,Objet_17726
Pressurized,Objet_16628
Explosive,Objet_19301
Food,Objet_16332
Pressurized,Objet_27236
Fragile,Objet_01510
Fragile,Objet_26284
Food,Objet_21944
Toxic,Objet_28592
Flammable,Objet_13873
Food,Objet_29192
Flammable,Objet_15091
Pressurized,Objet_27168
Food,Objet_27903
Fragile,Objet_23931
Fragile,Objet_25490
Explosive,Objet_04651
Flammable,Objet_21723
Explosive,Objet_28934
Pressurized,Objet_17923
Fragile,Objet_15736
Pressurized,Objet_12090
Toxic,Objet_07265
Oxidizing,Objet_01669
Oxidizing,Objet_22945
Radioactive,Objet_24642
Unspecified,Objet_20800
Flammable,Objet_22444
Flammable,Objet_12410
Fragile,Objet_10747
Radioactive,Objet_06076
Food,Objet_27556
Toxic,Objet_27196
Pressurized,Objet_11401
Flammable,Objet_29740
Food,Objet_28641
Radioactive,Objet_29636
Fragile,Objet_16744
Food,Objet_02048
Fragile,Objet_19692
Corrosive,Objet_26750
Flammable,Objet_25157
Explosive,Objet_12403
Pressurized,Objet_12005
Corrosive,Objet_08972
Toxic,Objet_22445
Fragile,Objet_10385
Explosive,Objet_22746
Oxidizing,Objet_16103
Flammable,Objet_05779
Food,Objet_12060
Pressurized,Objet_23101
Flammable,Objet_00734
Food,Objet_16946
Toxic,Objet_11099
Explosive,Objet_06206
Oxidizing,Objet_02075
Pressurized,Objet_14222
Pressurized,Objet_10225
Unspecified,Objet_19884
Toxic,Objet_04286
Pressurized,Objet_09797
Fragile,Objet_28856
Pressurized,Objet_24964
Explosive,Objet_24633
Toxic,Objet_22937
Food,Objet_02546
Flammable,Objet_13225
Fragile,Objet_15988
Food,Objet_16218
Explosive,Objet_29828
Flammable,Objet_26690
Radioactive,Objet_27582
Flammable,Objet_30149
Unspecified,Objet_11043
Pressurized,Objet_09631
Flammable,Objet_18287
Corrosive,Objet_05935
Corrosive,Objet_27200
Corrosive,Objet_21283
Toxic,Objet_25839
Radioactive,Objet_14157
Explosive,Objet_23091
Pressurized,Objet_17254
Flammable,Objet_14729
Pressurized,Objet_00972
Radioactive,Objet_04305
Radioactive,Objet_24434
Unspecified,Objet_01618
Explosive,Objet_22515
Oxidizing,Objet_20944
Flammable,Objet_21380
Toxic,Objet_02904
Radioactive,Objet_21503
Fragile,Objet_00797
Fragile,Objet_07702
Fragile,Objet_25939
Corrosive,Objet_09481
Oxidizing,Objet_07654
Flammable,Objet_00854
Oxidizing,Objet_21719
Radioactive,Objet_14546
Fragile,Objet_10457
Explosive,Objet_22617
Unspecified,Objet_18692
Toxic,Objet_17066
Flammable,Objet_24738
Flammable,Objet_14277
Oxidizing,Objet_29480
Toxic,Objet_18220
Flammable,Objet_02756
Oxidizing,Objet_18566
Explosive,Objet_23219
Corrosive,Objet_00712
Flammable,Objet_03798
Fragile,Objet_06100
Pressurized,Objet_22157
Flammable,Objet_24622
Explosive,Objet_30154
Explosive,Objet_21027
Radioactive,Objet_28484
Food,Objet_23234
Food,Objet_06717
Oxidizing,Objet_20458
Pressurized,Objet_16456
Unspecified,Objet_02572
Oxidizing,Objet_05780
Pressurized,Objet_00820
Oxidizing,Objet_29037
Fragile,Objet_04560
Unspecified,Objet_09620
Fragile,Objet_15143
Pressurized,Objet_22671
Fragile,Objet_26420
Flammable,Objet_26786
Food,Objet_18993
Flammable,Objet_13723
Unspecified,Objet_05588
Unspecified,Objet_00517
Unspecified,Objet_20024
Food,Objet_16351
Pressurized,Objet_15674
Oxidizing,Objet_03882
Explosive,Objet_02370
Fragile,Objet_26283
Corrosive,Objet_21371
Unspecified,Objet_29368
Toxic,Objet_16249
Flammable,Objet_19845
Flammable,Objet_05883
Fragile,Objet_12317
Unspecified,Objet_22363
Oxidizing,Objet_21342
Fragile,Objet_15400
Pressurized,Objet_15278
Food,Objet_07855
Explosive,Objet_27016
Flammable,Objet_00961
Corrosive,Objet_17638
Pressurized,Objet_25622
Radioactive,Objet_03446
Unspecified,Objet_21459
Radioactive,Objet_20228
Corrosive,Objet_02921
Fragile,Objet_23514
Explosive,Objet_26612
Oxidizing,Objet_26318
Fragile,Objet_13099
Radioactive,Objet_26568
Radioactive,Objet_24095
Toxic,Objet_01125
Flammable,Objet_15722
Corrosive,Objet_07862
Unspecified,Objet_28540
Explosive,Objet_14323
Fragile,Objet_02286
Toxic,Objet_24377
Corrosive,Objet_30152
Pressurized,Objet_12055
Unspecified,Objet_06271
Flammable,Objet_00133
Fragile,Objet_03605
Oxidizing,Objet_16443
Radioactive,Objet_26429
Oxidizing,Objet_03197
Fragile,Objet_03759
Radioactive,Objet_25023
Unspecified,Objet_21561
Toxic,Objet_07038
Pressurized,Objet_15116
Food,Objet_08133
Flammable,Objet_10013
Corrosive,Objet_29084
Oxidizing,Objet_08902
Explosive,Objet_23012
Explosive,Objet_29491
Pressurized,Objet_04251
Flammable,Objet_03952
Toxic,Objet_20857
Explosive,Objet_17793
Flammable,Objet_17466
Toxic,Objet_18944
Corrosive,Objet_21930
Unspecified,Objet_25297
Toxic,Objet_02813
Corrosive,Objet_26570
Fragile,Objet_06329
Fragile,Objet_13781
Explosive,Objet_17006
Food,Objet_06727
Radioactive,Objet_17402
Fragile,Objet_28224
Flammable,Objet_13208
Oxidizing,Objet_17223
Corrosive,Objet_19547
Pressurized,Objet_09660
Oxidizing,Objet_25500
Flammable,Objet_28718
Unspecified,Objet_25419
Food,Objet_24828
Flammable,Objet_21054
Pressurized,Objet_24482
Corrosive,Objet_05128
Food,Objet_13659
Corrosive,Objet_07734
Food,Objet_02703
Corrosive,Objet_24554
Food,Objet_06438
Toxic,Objet_10330
Toxic,Objet_24795
Fragile,Objet_29453
Radioactive,Objet_18863
Corrosive,Objet_19079
Food,Objet_06934
Fragile,Objet_04023
Corrosive,Objet_01005
Explosive,Objet_09498
Fragile,Objet_14076
Pressurized,Objet_17075
Fragile,Objet_19143
Radioactive,Objet_28143
Pressurized,Objet_29305
Pressurized,Objet_14123
Flammable,Objet_14992
Corrosive,Objet_09654
Pressurized,Objet_00559
Unspecified,Objet_29567
Oxidizing,Objet_10880
Corrosive,Objet_14312
Oxidizing,Objet_27330
Explosive,Objet_02786
Explosive,Objet_28680
Radioactive,Objet_03851
Explosive,Objet_21386
Pressurized,Objet_25155
Explosive,Objet_07689
Fragile,Objet_13881
Toxic,Objet_06016
Flammable,Objet_26260
Fragile,Objet_26834
Toxic,Objet_23814
Food,Objet_07467
Flammable,Objet_26658
Pressurized,Objet_24236
Fragile,Objet_10035
Explosive,Objet_16855
Corrosive,Objet_20162
Corrosive,Objet_20094
Toxic,Objet_16437
Radioactive,Objet_13922
Food,Objet_19499
Fragile,Objet_01111
Oxidizing,Objet_10516
Radioactive,Objet_02454
Radioactive,Objet_06436
Oxidizing,Objet_19579
Oxidizing,Objet_27103
Food,Objet_08558
Fragile,Objet_11779
Corrosive,Objet_22145
Radioactive,Objet_27685
Oxidizing,Objet_18476
Oxidizing,Objet_11252
Unspecified,Objet_09108
Radioactive,Objet_06531
Unspecified,Objet_16386
Corrosive,Objet_06899
Food,Objet_16490
Fragile,Objet_03463
Toxic,Objet_14202
Radioactive,Objet_10355
Food,Objet_00474
Corrosive,Objet_03922
Unspecified,Objet_25130
Pressurized,Objet_27887
Unspecified,Objet_27045
Pressurized,Objet_07268
Pressurized,Objet_18658
Flammable,Objet_17997
Toxic,Objet_27109
Unspecified,Objet_17811
Unspecified,Objet_17505
Toxic,Objet_19648
Pressurized,Objet_27005
Pressurized,Objet_27975
Flammable,Objet_24240
Toxic,Objet_04914
Corrosive,Objet_04527
Oxidizing,Objet_08753
Radioactive,Objet_13834
Radioactive,Objet_12756
Pressurized,Objet_24698
Explosive,Objet_24022
Toxic,Objet_12590
Flammable,Objet_19333
Fragile,Objet_28531
Explosive,Objet_18386
Radioactive,Objet_17596
Explosive,Objet_30032
Oxidizing,Objet_23081
Oxidizing,Objet_01906
Pressurized,Objet_17673
Flammable,Objet_28366
Explosive,Objet_19843
Corrosive,Objet_09051
Fragile,Objet_15505
Explosive,Objet_02298
Flammable,Objet_14477
Oxidizing,Objet_26557
Pressurized,Objet_15038
Unspecified,Objet_07264
Oxidizing,Objet_13046
Fragile,Objet_23254
Food,Objet_27374
Toxic,Objet_20300
Food,Objet_02905
Flammable,Objet_28040
Radioactive,Objet_14374
Explosive,Objet_19217
Radioactive,Objet_07414
Unspecified,Objet_23332
Corrosive,Objet_19016
Fragile,Objet_27524
Unspecified,Objet_10057
Pressurized,Objet_15790
Flammable,Objet_29687
Fragile,Objet_00656
Radioactive,Objet_24990
Radioactive,Objet_01155
Corrosive,Objet_14599
Fragile,Objet_00027
Toxic,Objet_19435
Corrosive,Objet_14427
Food,Objet_21607
Radioactive,Objet_21689
Pressurized,Objet_00229
Explosive,Objet_27226
Oxidizing,Objet_08970
Toxic,Objet_14060
Pressurized,Objet_12648
Radioactive,Objet_15849
Pressurized,Objet_04266
Explosive,Objet_09557
Unspecified,Objet_00076
Food,Objet_05858
Oxidizing,Objet_25366
Pressurized,Objet_29661
Unspecified,Objet_11796
Oxidizing,Objet_14084
Oxidizing,Objet_24580
Food,Objet_23837
Toxic,Objet_12124
Toxic,Objet_27121
Oxidizing,Objet_26029
Oxidizing,Objet_20789
Flammable,Objet_13665
Radioactive,Objet_21878
Fragile,Objet_00878
Pressurized,Objet_18505
Pressurized,Objet_20460
Radioactive,Objet_26539
Unspecified,Objet_04323
Flammable,Objet_11375
Radioactive,Objet_09234
Pressurized,Objet_27648
Corrosive,Objet_18322
Unspecified,Objet_28063
Flammable,Objet_02837
Corrosive,Objet_16117
Pressurized,Objet_28422
Oxidizing,Objet_19497
Explosive,Objet_25653
Oxidizing,Objet_29350
Food,Objet_02141
Food,Objet_19233
Fragile,Objet_00418
Toxic,Objet_22123
Explosive,Objet_12591
Pressurized,Objet_06951
Toxic,Objet_24326
Radioactive,Objet_25270
Flammable,Objet_03956
Fragile,Objet_13883
Pressurized,Objet_01062
Radioactive,Objet_14069
Flammable,Objet_02067
Flammable,Objet_18336
Flammable,Objet_11759
Oxidizing,Objet_00190
Unspecified,Objet_01310
Corrosive,Objet_08214
Flammable,Objet_04746
Corrosive,Objet_15807
Explosive,Objet_09742
Fragile,Objet_10003
Corrosive,Objet_25844
Toxic,Objet_23020
Pressurized,Objet_11400
Toxic,Objet_24010
Corrosive,Objet_22591
Radioactive,Objet_25648
Pressurized,Objet_10868
Pressurized,Objet_00315
Oxidizing,Objet_09337
Explosive,Objet_24209
Radioactive,Objet_27619
Unspecified,Objet_29029
Pressurized,Objet_08045
Fragile,Objet_26548
Oxidizing,Objet_06242
Radioactive,Objet_14413
Oxidizing,Objet_23804
Oxidizing,Objet_05359
Fragile,Objet_02127
Fragile,Objet_17801
Corrosive,Objet_19221
Explosive,Objet_21662
Unspecified,Objet_18959
Explosive,Objet_08108
Flammable,Objet_28615
Pressurized,Objet_21555
Explosive,Objet_04767
Flammable,Objet_16153
Corrosive,Objet_16270
Fragile,Objet_25856
Pressurized,Objet_11686
Food,Objet_29984
Explosive,Objet_23975
Oxidizing,Objet_25267
Oxidizing,Objet_08218
Flammable,Objet_02575
Explosive,Objet_26972
Pressurized,Objet_28148
Flammable,Objet_30100
Toxic,Objet_06514
Fragile,Objet_26232
Corrosive,Objet_06636
Food,Objet_13149
Radioactive,Objet_08733
Food,Objet_12017
Toxic,Objet_20728
Corrosive,Objet_25120
Food,Objet_20267
Fragile,Objet_23093
Toxic,Objet_09442
Explosive,Objet_13992
Pressurized,Objet_25652
Food,Objet_19232
Corrosive,Objet_04225
Explosive,Objet_28881
Unspecified,Objet_21060
Oxidizing,Objet_17952
Flammable,Objet_29974
Toxic,Objet_07256
Explosive,Objet_04087
Toxic,Objet_14722
Pressurized,Objet_04877
Food,Objet_29403
Oxidizing,Objet_04309
Fragile,Objet_17670
Unspecified,Objet_10183
Oxidizing,Objet_21040
Explosive,Objet_17084
Fragile,Objet_12788
Pressurized,Objet_22870
Explosive,Objet_21940
Explosive,Objet_26513
Explosive,Objet_07201
Fragile,Objet_16999
Flammable,Objet_28345
Food,Objet_21915
Flammable,Objet_14813
Radioactive,Objet_03314
Toxic,Objet_27754
Corrosive,Objet_25314
Pressurized,Objet_07315
Corrosive,Objet_24387
Oxidizing,Objet_05520
Explosive,Objet_25221
Toxic,Objet_25649
Pressurized,Objet_24395
Fragile,Objet_28998
Toxic,Objet_29237
Oxidizing,Objet_16900
Explosive,Objet_17242
Toxic,Objet_07662
Radioactive,Objet_23454
Toxic,Objet_21420
Explosive,Objet_19699
Toxic,Objet_19667
Unspecified,Objet_15630
Radioactive,Objet_15485
Food,Objet_02662
Explosive,Objet_16062
Oxidizing,Objet_27398
Toxic,Objet_14059
Fragile,Objet_20526
Toxic,Objet_27039
Corrosive,Objet_15688
Toxic,Objet_02015
Corrosive,Objet_00751
Unspecified,Objet_29066
Food,Objet_10878
Radioactive,Objet_26419
Toxic,Objet_03601
Fragile,Objet_04238
Radioactive,Objet_01265
Food,Objet_00745
Unspecified,Objet_13804
Toxic,Objet_27955
Flammable,Objet_08198
Corrosive,Objet_04260
Fragile,Objet_19035
Unspecified,Objet_23043
Food,Objet_22733
Food,Objet_06986
Flammable,Objet_00362
Oxidizing,Objet_15133
Fragile,Objet_05586
Corrosive,Objet_29438
Pressurized,Objet_05717
Toxic,Objet_07738
Fragile,Objet_09711
Radioactive,Objet_26992
Explosive,Objet_02828
Radioactive,Objet_13434
Explosive,Objet_16944
Oxidizing,Objet_03555
Toxic,Objet_00142
Unspecified,Objet_02436
Toxic,Objet_14243
Unspecified,Objet_11097
Flammable,Objet_10921
Radioactive,Objet_20981
Radioactive,Objet_25791
Explosive,Objet_12534
Oxidizing,Objet_25383
Corrosive,Objet_00949
Toxic,Objet_00781
Explosive,Objet_03425
Corrosive,Objet_17984
Flammable,Objet_04188
Food,Objet_28855
Unspecified,Objet_27443
Unspecified,Objet_28645
Corrosive,Objet_24456
Pressurized,Objet_12785
Corrosive,Objet_26824
Unspecified,Objet_09073
Food,Objet_20934
Flammable,Objet_17112
Flammable,Objet_03063
Toxic,Objet_03299
Fragile,Objet_24646
Pressurized,Objet_25210
Unspecified,Objet_02204
Food,Objet_08160
Radioactive,Objet_08351
Corrosive,Objet_22433
Fragile,Objet_28145
Fragile,Objet_15470
Corrosive,Objet_17974
Radioactive,Objet_23974
Oxidizing,Objet_28911
Oxidizing,Objet_17452
Radioactive,Objet_18022
Radioactive,Objet_05745
Oxidizing,Objet_16406
Unspecified,Objet_19125
Pressurized,Objet_07567
Food,Objet_02340
Radioactive,Objet_29423
Explosive,Objet_09524
Food,Objet_25527
Unspecified,Objet_01728
Unspecified,Objet_01630
Corrosive,Objet_28604
Oxidizing,Objet_13738
Flammable,Objet_16583
Radioactive,Objet_18088
Flammable,Objet_20703
Explosive,Objet_16860
Fragile,Objet_10379
Fragile,Objet_02985
Fragile,Objet_04616
Radioactive,Objet_03558
Oxidizing,Objet_14431
Radioactive,Objet_10716
Toxic,Objet_07095
Toxic,Objet_19729
Unspecified,Objet_26170
Pressurized,Objet_15379
Flammable,Objet_04974
Radioactive,Objet_11530
Fragile,Objet_19023
Corrosive,Objet_24124
Explosive,Objet_05832
Explosive,Objet_25705
Toxic,Objet_00546
Food,Objet_07151
Toxic,Objet_21672
Toxic,Objet_00212
Corrosive,Objet_28489
Pressurized,Objet_13611
Oxidizing,Objet_20465
Flammable,Objet_02434
Flammable,Objet_15687
Pressurized,Objet_21517
Explosive,Objet_30039
Radioactive,Objet_29163
Toxic,Objet_11676
Radioactive,Objet_08634
Corrosive,Objet_04022
Oxidizing,Objet_11723
Radioactive,Objet_15850
Oxidizing,Objet_11274
Pressurized,Objet_25645
Fragile,Objet_12619
Radioactive,Objet_09416
Oxidizing,Objet_06512
Unspecified,Objet_13367
Explosive,Objet_23500
Flammable,Objet_08901
Explosive,Objet_01645
Flammable,Objet_26360
Toxic,Objet_23741
Radioactive,Objet_23733
Radioactive,Objet_12349
Oxidizing,Objet_11125
Corrosive,Objet_23967
Fragile,Objet_12913
Toxic,Objet_21714
Corrosive,Objet_19904
Toxic,Objet_25883
Unspecified,Objet_02862
Oxidizing,Objet_04505
Food,Objet_14134
Radioactive,Objet_06389
Flammable,Objet_12569
Explosive,Objet_27212
Toxic,Objet_14953
Explosive,Objet_12752
Toxic,Objet_12872
Pressurized,Objet_19944
Toxic,Objet_18318
Toxic,Objet_18143
Food,Objet_20453
Unspecified,Objet_12663
Toxic,Objet_02209
Radioactive,Objet_14400
Pressurized,Objet_12761
Fragile,Objet_26037
Food,Objet_23932
Flammable,Objet_11544
Toxic,Objet_18229
Explosive,Objet_21716
Flammable,Objet_20954
Pressurized,Objet_08051
Food,Objet_10378
Food,Objet_01977
Toxic,Objet_22788
Pressurized,Objet_17624
Fragile,Objet_07446
Fragile,Objet_27635
Fragile,Objet_01802
Unspecified,Objet_06822
Corrosive,Objet_13043
Pressurized,Objet_27047
Unspecified,Objet_05810
Corrosive,Objet_14645
Explosive,Objet_07713
Food,Objet_17130
Radioactive,Objet_22144
Oxidizing,Objet_13817
Radioactive,Objet_21450
Flammable,Objet_11752
Food,Objet_23810
Food,Objet_21560
Explosive,Objet_11450
Corrosive,Objet_25391
Toxic,Objet_06461
Pressurized,Objet_00467
Fragile,Objet_14570
Pressurized,Objet_05847
Explosive,Objet_29702
Explosive,Objet_18048
Unspecified,Objet_02537
Toxic,Objet_23168
Unspecified,Objet_20202
Pressurized,Objet_00662
Radioactive,Objet_20916
Unspecified,Objet_07042
Fragile,Objet_01912
Explosive,Objet_23032
Flammable,Objet_24296
Explosive,Objet_25576
Unspecified,Objet_28834
Unspecified,Objet_20772
Oxidizing,Objet_25477
Toxic,Objet_20117
Pressurized,Objet_22791
Fragile,Objet_23114
Fragile,Objet_09553
Toxic,Objet_08544
Toxic,Objet_17366
Pressurized,Objet_02704
Corrosive,Objet_19621
Oxidizing,Objet_01517
Oxidizing,Objet_22114
Unspecified,Objet_09417
Pressurized,Objet_28778
Food,Objet_01207
Food,Objet_10386
Pressurized,Objet_10859
Toxic,Objet_17662
Flammable,Objet_01046
Radioactive,Objet_07366
Oxidizing,Objet_06247
Flammable,Objet_28306
Unspecified,Objet_06595
Unspecified,Objet_13585
Toxic,Objet_01448
Oxidizing,Objet_20613
Radioactive,Objet_26911
Fragile,Objet_22412
Radioactive,Objet_08680
Corrosive,Objet_17552
Pressurized,Objet_01088
Toxic,Objet_13112
Toxic,Objet_19907
Fragile,Objet_20167
Pressurized,Objet_17284
Fragile,Objet_29392
Corrosive,Objet_28989
Oxidizing,Objet_12193
Toxic,Objet_17521
Explosive,Objet_03343
Fragile,Objet_14229
Corrosive,Objet_28944
Food,Objet_20005
Explosive,Objet_01590
Oxidizing,Objet_26976
Food,Objet_27793
Food,Objet_23479
Food,Objet_16129
Fragile,Objet_17789
Pressurized,Objet_02717
Unspecified,Objet_06441
Pressurized,Objet_13814
Toxic,Objet_07351
Pressurized,Objet_14900
Pressurized,Objet_22091
Explosive,Objet_24360
Flammable,Objet_19861
Explosive,Objet_05638
Toxic,Objet_14609
Explosive,Objet_14182
Radioactive,Objet_18224
Radioactive,Objet_13602
Corrosive,Objet_00879
Flammable,Objet_08054
Toxic,Objet_12736
Flammable,Objet_17995
Corrosive,Objet_20361
Corrosive,Objet_08080
Explosive,Objet_15555
Flammable,Objet_06579
Radioactive,Objet_28735
Explosive,Objet_28236
Flammable,Objet_11343
Pressurized,Objet_28557
Unspecified,Objet_14775
Food,Objet_20704
Radioactive,Objet_03196
Oxidizing,Objet_06593
Toxic,Objet_20946
Pressurized,Objet_05794
Fragile,Objet_25977
Explosive,Objet_03612
Explosive,Objet_04464
Fragile,Objet_14010
Radioactive,Objet_08285
Corrosive,Objet_17273
Oxidizing,Objet_03869
Oxidizing,Objet_12634
Unspecified,Objet_25989
Pressurized,Objet_20764
Oxidizing,Objet_28280
Oxidizing,Objet_02235
Radioactive,Objet_07904
Food,Objet_14563
Food,Objet_14679
Unspecified,Objet_25990
Corrosive,Objet_22936
Oxidizing,Objet_13342
Fragile,Objet_18364
Toxic,Objet_23150
Unspecified,Objet_28045
Toxic,Objet_16262
Oxidizing,Objet_28887
Oxidizing,Objet_28464
Oxidizing,Objet_05950
Unspecified,Objet_07709
Food,Objet_05514
Fragile,Objet_02522
Toxic,Objet_09683
Food,Objet_18884
Explosive,Objet_25898
Radioactive,Objet_06304
Explosive,Objet_00603
Unspecified,Objet_03832
Corrosive,Objet_25638
Flammable,Objet_04675
Explosive,Objet_01280
Fragile,Objet_18941
Unspecified,Objet_24639
Fragile,Objet_19315
Explosive,Objet_25418
Explosive,Objet_09929
Fragile,Objet_22476
Explosive,Objet_10122
Toxic,Objet_21121
Oxidizing,Objet_15986
Corrosive,Objet_02332
Explosive,Objet_24561
Flammable,Objet_17795
Pressurized,Objet_08919
Toxic,Objet_28631
Oxidizing,Objet_18451
Fragile,Objet_26125
Food,Objet_14595
Explosive,Objet_22669
Flammable,Objet_26093
Pressurized,Objet_18779
Explosive,Objet_22601
Food,Objet_06293
Explosive,Objet_18998
Unspecified,Objet_20649
Fragile,Objet_22981
Food,Objet_09298
Fragile,Objet_01501
Unspecified,Objet_06910
Fragile,Objet_27918
Oxidizing,Objet_11614
Corrosive,Objet_26270
Fragile,Objet_15937
Fragile,Objet_21995
Corrosive,Objet_11482
Radioactive,Objet_26620
Toxic,Objet_07876
Unspecified,Objet_15396
Flammable,Objet_04055
Food,Objet_22282
Fragile,Objet_01651
Radioactive,Objet_09675
Flammable,Objet_06201
Radioactive,Objet_04512
Fragile,Objet_27981
Toxic,Objet_15299
Oxidizing,Objet_20708
Corrosive,Objet_05873
Food,Objet_28441
Corrosive,Objet_09361
Fragile,Objet_23811
Food,Objet_00441
Food,Objet_11330
Explosive,Objet_15514
Fragile,Objet_28797
Toxic,Objet_10369
Corrosive,Objet_03451
Radioactive,Objet_16504
Food,Objet_02147
Toxic,Objet_09587
Food,Objet_11287
Food,Objet_07458
Toxic,Objet_19518
Flammable,Objet_04650
Explosive,Objet_23492
Pressurized,Objet_17357
Pressurized,Objet_27996
Corrosive,Objet_23587
Flammable,Objet_03424
Food,Objet_11666
Corrosive,Objet_03142
Food,Objet_10723
Flammable,Objet_04733
Flammable,Objet_24141
Food,Objet_28884
Oxidizing,Objet_07758
Pressurized,Objet_04545
Explosive,Objet_00682
Fragile,Objet_03460
Explosive,Objet_20500
Radioactive,Objet_03865
Flammable,Objet_15542
Corrosive,Objet_05249
Food,Objet_18156
Pressurized,Objet_11121
Food,Objet_25296
Toxic,Objet_01282
Toxic,Objet_28004
Corrosive,Objet_13549
Explosive,Objet_16246
Fragile,Objet_24450
Oxidizing,Objet_16549
Oxidizing,Objet_25503
Pressurized,Objet_07812
Unspecified,Objet_22200
Unspecified,Objet_07098
Corrosive,Objet_16480
Food,Objet_00034
Food,Objet_12088
Corrosive,Objet_03329
Toxic,Objet_12160
Pressurized,Objet_05317
Radioactive,Objet_03483
Unspecified,Objet_14054
Pressurized,Objet_26679
Corrosive,Objet_29424
Fragile,Objet_26302
Fragile,Objet_22909
Pressurized,Objet_17419
Toxic,Objet_09995
Radioactive,Objet_27623
Unspecified,Objet_17465
Pressurized,Objet_05725
Unspecified,Objet_10340
Radioactive,Objet_17501
Unspecified,Objet_15764
Flammable,Objet_17865
Pressurized,Objet_12049
Unspecified,Objet_03797
Unspecified,Objet_05722
Radioactive,Objet_21546
Fragile,Objet_14993
Fragile,Objet_10085
Oxidizing,Objet_29794
Food,Objet_21144
Unspecified,Objet_03112
Food,Objet_17586
Toxic,Objet_06656
Oxidizing,Objet_12330
Radioactive,Objet_19573
Unspecified,Objet_00802
Fragile,Objet_15416
Oxidizing,Objet_00814
Flammable,Objet_09093
Flammable,Objet_11253
Flammable,Objet_11630
Radioactive,Objet_00512
Fragile,Objet_21184
Corrosive,Objet_29981
Explosive,Objet_09235
Explosive,Objet_20816
Flammable,Objet_03588
Radioactive,Objet_13228
Unspecified,Objet_29521
Radioactive,Objet_27921
Oxidizing,Objet_18760
Toxic,Objet_09907
Toxic,Objet_12296
Flammable,Objet_15061
Fragile,Objet_13916
Toxic,Objet_14070
Radioactive,Objet_09659
Pressurized,Objet_18597
Pressurized,Objet_26219
Pressurized,Objet_14234
Flammable,Objet_19956
Pressurized,Objet_12255
Toxic,Objet_27274
Unspecified,Objet_15093
Explosive,Objet_13840
Fragile,Objet_16409
Flammable,Objet_09332
Unspecified,Objet_00752
Explosive,Objet_25666
Food,Objet_05676
Oxidizing,Objet_20261
Toxic,Objet_04396
Corrosive,Objet_27551
Flammable,Objet_18950
Pressurized,Objet_26997
Flammable,Objet_07062
Radioactive,Objet_28765
Toxic,Objet_06895
Corrosive,Objet_14694
Corrosive,Objet_21539
Corrosive,Objet_22107
Fragile,Objet_23519
Flammable,Objet_01453
Unspecified,Objet_07526
Explosive,Objet_13707
Toxic,Objet_16420
Flammable,Objet_02468
Flammable,Objet_04246
Flammable,Objet_21363
Food,Objet_02196
Flammable,Objet_11131
Corrosive,Objet_09314
Corrosive,Objet_21498
Oxidizing,Objet_20492
Corrosive,Objet_25696
Explosive,Objet_20568
Fragile,Objet_09942
Unspecified,Objet_13967
Toxic,Objet_17087
Corrosive,Objet_00673
Fragile,Objet_29327
Explosive,Objet_13871
Explosive,Objet_28421
Flammable,Objet_17689
Corrosive,Objet_15598
Fragile,Objet_10474
Radioactive,Objet_14148
Unspecified,Objet_22934
Corrosive,Objet_01620
Oxidizing,Objet_23004
Toxic,Objet_03915
Explosive,Objet_12483
Food,Objet_01220
Oxidizing,Objet_23906
Unspecified,Objet_28664
Food,Objet_27559
Flammable,Objet_08569
Fragile,Objet_13822
Explosive,Objet_24446
Flammable,Objet_02864
Flammable,Objet_24487
Corrosive,Objet_15334
Explosive,Objet_24084
Unspecified,Objet_15520
Toxic,Objet_12035
Corrosive,Objet_15528
Radioactive,Objet_18487
Unspecified,Objet_25889
Flammable,Objet_02833
Food,Objet_11051
Explosive,Objet_20037
Corrosive,Objet_01709
Explosive,Objet_10455
Pressurized,Objet_15848
Pressurized,Objet_09207
Radioactive,Objet_19559
Food,Objet_06803
Oxidizing,Objet_23282
Radioactive,Objet_24082
Radioactive,Objet_28029
Pressurized,Objet_21527
Oxidizing,Objet_20795
Flammable,Objet_12960
Unspecified,Objet_27000
Explosive,Objet_16870
Fragile,Objet_13725
Fragile,Objet_01119
Flammable,Objet_25872
Food,Objet_06709
Radioactive,Objet_03680
Corrosive,Objet_21872
Food,Objet_27958
Fragile,Objet_20296
Toxic,Objet_11978
Explosive,Objet_02173
Food,Objet_06877
Oxidizing,Objet_12542
Explosive,Objet_21974
Toxic,Objet_13329
Toxic,Objet_15898
Corrosive,Objet_25128
Fragile,Objet_23625
Food,Objet_04308
Toxic,Objet_19837
Radioactive,Objet_26654
Toxic,Objet_03775
Fragile,Objet_16089
Toxic,Objet_24344
Pressurized,Objet_27841
Unspecified,Objet_29011
Corrosive,Objet_03466
Pressurized,Objet_08416
Toxic,Objet_09151
Pressurized,Objet_10324
Toxic,Objet_01594
Pressurized,Objet_03543
Explosive,Objet_20043
Food,Objet_04062
Unspecified,Objet_11230
Oxidizing,Objet_14028
Food,Objet_27148
Fragile,Objet_23812
Food,Objet_29461
Food,Objet_13385
Radioactive,Objet_00570
Explosive,Objet_16922
Corrosive,Objet_06468
Food,Objet_08579
Food,Objet_26083
Food,Objet_17324
Pressurized,Objet_10331
Radioactive,Objet_29833
Food,Objet_13927
Corrosive,Objet_20218
Corrosive,Objet_13714
Food,Objet_19365
Toxic,Objet_04631
Fragile,Objet_10795
Explosive,Objet_27856
Radioactive,Objet_20098
Radioactive,Objet_12147
Flammable,Objet_17046
Toxic,Objet_12747
Flammable,Objet_07893
Unspecified,Objet_02035
Oxidizing,Objet_05076
Oxidizing,Objet_22024
Flammable,Objet_06383
Corrosive,Objet_19627
Flammable,Objet_02655
Oxidizing,Objet_16887
Explosive,Objet_02547
Fragile,Objet_11525
Explosive,Objet_18586
Toxic,Objet_21955
Oxidizing,Objet_18668
Food,Objet_11512
Toxic,Objet_06968
Food,Objet_19618
Corrosive,Objet_21142
Unspecified,Objet_19838
Toxic,Objet_25087
Toxic,Objet_07778
Corrosive,Objet_14464
Unspecified,Objet_19378
Food,Objet_20589
Corrosive,Objet_03189
Food,Objet_21265
Explosive,Objet_08039
Toxic,Objet_01338
Pressurized,Objet_14838
Oxidizing,Objet_02543
Corrosive,Objet_11688
Fragile,Objet_10742
Unspecified,Objet_24997
Pressurized,Objet_10953
Explosive,Objet_03932
Pressurized,Objet_25677
Fragile,Objet_29289
Food,Objet_11389
Toxic,Objet_06769
Flammable,Objet_08072
Oxidizing,Objet_23690
Fragile,Objet_00213
Flammable,Objet_17763
Radioactive,Objet_09918
Explosive,Objet_23867
Oxidizing,Objet_23770
Unspecified,Objet_15547
Fragile,Objet_13395
Corrosive,Objet_04844
Fragile,Objet_14877
Explosive,Objet_22907
Unspecified,Objet_09274
Corrosive,Objet_21781
Radioactive,Objet_07651
Fragile,Objet_15946
Food,Objet_00078
Fragile,Objet_18228
Unspecified,Objet_28958
Flammable,Objet_26166
Toxic,Objet_02378
Explosive,Objet_20344
Fragile,Objet_22805
Explosive,Objet_13070
Explosive,Objet_28722
Fragile,Objet_27697
Fragile,Objet_07699
Explosive,Objet_28461
Unspecified,Objet_08280
Food,Objet_07181
Radioactive,Objet_12368
Oxidizing,Objet_18904
Explosive,Objet_20080
Food,Objet_08956
Radioactive,Objet_07087
Toxic,Objet_13859
Toxic,Objet_25526
Unspecified,Objet_07922
Pressurized,Objet_10014
Flammable,Objet_18961
Flammable,Objet_18182
Unspecified,Objet_06077
Radioactive,Objet_01662
Fragile,Objet_29739
Unspecified,Objet_06400
Flammable,Objet_09064
Corrosive,Objet_14051
Unspecified,Objet_10381
Flammable,Objet_07519
Fragile,Objet_12825
Corrosive,Objet_15308
Fragile,Objet_11474
Toxic,Objet_09916
Unspecified,Objet_16398
Food,Objet_12935
Flammable,Objet_22768
Pressurized,Objet_02154
Oxidizing,Objet_18571
Pressurized,Objet_01490
Toxic,Objet_17375
Pressurized,Objet_10670
Radioactive,Objet_21863
Oxidizing,Objet_01163
Radioactive,Objet_14814
Radioactive,Objet_04098
Fragile,Objet_00346
Fragile,Objet_01608
Food,Objet_06209
Corrosive,Objet_15320
Radioactive,Objet_00204
Toxic,Objet_02014
Oxidizing,Objet_26161
Radioactive,Objet_00875
Radioactive,Objet_29074
Toxic,Objet_03829
Oxidizing,Objet_29518
Flammable,Objet_16090
Radioactive,Objet_09520
Flammable,Objet_07991
Corrosive,Objet_05860
Flammable,Objet_24502
Oxidizing,Objet_11568
Unspecified,Objet_01858
Flammable,Objet_12057
Toxic,Objet_00298
Pressurized,Objet_02528
Food,Objet_03531
Unspecified,Objet_27500
Flammable,Objet_16708
Explosive,Objet_19266
Corrosive,Objet_03064
Oxidizing,Objet_22299
Food,Objet_12674
Fragile,Objet_14453
Radioactive,Objet_06896
Corrosive,Objet_26085
Toxic,Objet_08635
Unspecified,Objet_00324
Fragile,Objet_23522
Toxic,Objet_21767
Unspecified,Objet_26646
Explosive,Objet_28080
Flammable,Objet_05079
Food,Objet_25461
Fragile,Objet_19725
Fragile,Objet_03407
Explosive,Objet_29744
Fragile,Objet_14954
Oxidizing,Objet_03898
Flammable,Objet_04713
Food,Objet_26712
Oxidizing,Objet_18072
Radioactive,Objet_11935
Flammable,Objet_20217
Explosive,Objet_05097
Unspecified,Objet_20914
Pressurized,Objet_21178
Flammable,Objet_05791
Flammable,Objet_10574
Toxic,Objet_05972
Explosive,Objet_24885
Food,Objet_19121
Flammable,Objet_16276
Explosive,Objet_06556
Radioactive,Objet_05626
Explosive,Objet_12250
Radioactive,Objet_15590
Corrosive,Objet_17731
Corrosive,Objet_09278
Unspecified,Objet_17812
Food,Objet_03478
Unspecified,Objet_19711
Unspecified,Objet_07063
Unspecified,Objet_26696
Pressurized,Objet_17556
Toxic,Objet_06537
Toxic,Objet_22607
Fragile,Objet_00664
Oxidizing,Objet_10223
Oxidizing,Objet_24448
Unspecified,Objet_20221
Oxidizing,Objet_05211
Corrosive,Objet_26624
Oxidizing,Objet_07298
Corrosive,Objet_01268
Toxic,Objet_02895
Corrosive,Objet_18134
Toxic,Objet_19831
Oxidizing,Objet_24457
Oxidizing,Objet_27060
Flammable,Objet_25395
Radioactive,Objet_22184
Flammable,Objet_09169
Toxic,Objet_26321
Flammable,Objet_22402
Radioactive,Objet_06594
Oxidizing,Objet_25306
Flammable,Objet_26034
Unspecified,Objet_29944
Corrosive,Objet_25635
Corrosive,Objet_04189
Radioactive,Objet_24162
Radioactive,Objet_02512
Flammable,Objet_03296
Unspecified,Objet_09145
Oxidizing,Objet_26561
Fragile,Objet_24889
Toxic,Objet_10740
Oxidizing,Objet_16711
Unspecified,Objet_04393
Oxidizing,Objet_27467
Corrosive,Objet_25415
Explosive,Objet_05908
Unspecified,Objet_04765
Explosive,Objet_24573
Oxidizing,Objet_09847
Oxidizing,Objet_08021
Corrosive,Objet_15843
Fragile,Objet_11890
Fragile,Objet_28517
Flammable,Objet_24582
Unspecified,Objet_12887
Flammable,Objet_27282
Oxidizing,Objet_13183
Corrosive,Objet_25794
Flammable,Objet_12530
Flammable,Objet_05912
Oxidizing,Objet_12653
Fragile,Objet_07577
Fragile,Objet_04524
Unspecified,Objet_09827
Toxic,Objet_20483
Oxidizing,Objet_12357
Radioactive,Objet_17735
Food,Objet_13064
Corrosive,Objet_15894
Corrosive,Objet_09580
Food,Objet_25578
Flammable,Objet_13262
Radioactive,Objet_20960
Toxic,Objet_17778
Fragile,Objet_28993
Unspecified,Objet_03062
Flammable,Objet_24758
Flammable,Objet_06385
Toxic,Objet_17558
Corrosive,Objet_21848
Oxidizing,Objet_01691
Toxic,Objet_01270
Oxidizing,Objet_12975
Flammable,Objet_27728
Oxidizing,Objet_21071
Oxidizing,Objet_18208
Oxidizing,Objet_27785
Oxidizing,Objet_24255
Unspecified,Objet_14929
Unspecified,Objet_23348
Unspecified,Objet_01239
Toxic,Objet_24882
Unspecified,Objet_03154
Pressurized,Objet_19996
Oxidizing,Objet_25343
Explosive,Objet_28766
Explosive,Objet_18219
Corrosive,Objet_01875
Corrosive,Objet_18394
Corrosive,Objet_29319
Fragile,Objet_26167
Food,Objet_09789
Radioactive,Objet_24569
Oxidizing,Objet_17361
Oxidizing,Objet_00292
Flammable,Objet_15345
Oxidizing,Objet_12066
Explosive,Objet_10886
Radioactive,Objet_11613
Food,Objet_03187
Pressurized,Objet_25894
Corrosive,Objet_15638
Radioactive,Objet_29839
Corrosive,Objet_26965
Radioactive,Objet_02521
Corrosive,Objet_22661
Radioactive,Objet_20917
Food,Objet_09639
Toxic,Objet_22542
Explosive,Objet_15220
Flammable,Objet_09865
Fragile,Objet_21269
Explosive,Objet_11259
Unspecified,Objet_11816
Corrosive,Objet_05769
Food,Objet_15160
Radioactive,Objet_00919
Food,Objet_05609
Fragile,Objet_27762
Oxidizing,Objet_17697
Food,Objet_04886
Food,Objet_02838
Toxic,Objet_26622
Pressurized,Objet_22752
Radioactive,Objet_04424
Unspecified,Objet_22641
Unspecified,Objet_02798
Corrosive,Objet_27269
Explosive,Objet_16027
Unspecified,Objet_08271
Corrosive,Objet_18114
Oxidizing,Objet_16308
Radioactive,Objet_02670
Flammable,Objet_20464
Corrosive,Objet_30127
Explosive,Objet_12773
Unspecified,Objet_02090
Toxic,Objet_11632
Flammable,Objet_12573
Unspecified,Objet_02896
Pressurized,Objet_13241
Pressurized,Objet_19480
Oxidizing,Objet_14816
Flammable,Objet_26490
Food,Objet_08582
Fragile,Objet_22646
Toxic,Objet_24632
Toxic,Objet_23483
Fragile,Objet_22055
Toxic,Objet_29251
Fragile,Objet_27097
Unspecified,Objet_20245
Food,Objet_18311
Explosive,Objet_14418
Flammable,Objet_06566
Unspecified,Objet_27855
Fragile,Objet_20864
Flammable,Objet_01180
Corrosive,Objet_11293
Unspecified,Objet_14825
Food,Objet_18060
Pressurized,Objet_07365
Oxidizing,Objet_29888
Explosive,Objet_04099
Flammable,Objet_01601
Corrosive,Objet_16137
Pressurized,Objet_22303
Flammable,Objet_07389
Unspecified,Objet_02461
Fragile,Objet_17981
Toxic,Objet_18881
Flammable,Objet_17698
Flammable,Objet_07506
Fragile,Objet_19021
Unspecified,Objet_08593
Explosive,Objet_26099
Corrosive,Objet_24685
Pressurized,Objet_14629
Radioactive,Objet_06482
Oxidizing,Objet_18685
Explosive,Objet_27464
Food,Objet_01308
Pressurized,Objet_06610
Explosive,Objet_03722
Food,Objet_19043
Fragile,Objet_09047
Explosive,Objet_03233
Flammable,Objet_14572
Radioactive,Objet_04219
Toxic,Objet_05843
Fragile,Objet_28337
Corrosive,Objet_23798
Toxic,Objet_09733
Food,Objet_16772
Oxidizing,Objet_14952
Corrosive,Objet_03787
Unspecified,Objet_29495
Unspecified,Objet_22217
Fragile,Objet_30098
Corrosive,Objet_17933
Explosive,Objet_09793
Corrosive,Objet_22430
Flammable,Objet_10311
Unspecified,Objet_07706
Flammable,Objet_11583
Unspecified,Objet_15011
Pressurized,Objet_25441
Flammable,Objet_22989
Pressurized,Objet_11549
Explosive,Objet_14158
Pressurized,Objet_13661
Radioactive,Objet_27271
Explosive,Objet_25175
Food,Objet_16514
Fragile,Objet_05116
Corrosive,Objet_11166
Corrosive,Objet_02506
Fragile,Objet_19693
Radioactive,Objet_17274
Pressurized,Objet_04699
Fragile,Objet_05488
Fragile,Objet_11624
Oxidizing,Objet_24808
Oxidizing,Objet_17386
Explosive,Objet_23562
Flammable,Objet_05062
Pressurized,Objet_12744
Food,Objet_13803
Oxidizing,Objet_07232
Food,Objet_12792
Fragile,Objet_20854
Toxic,Objet_08373
Food,Objet_14166
Explosive,Objet_25219
Explosive,Objet_04160
Fragile,Objet_17053
Toxic,Objet_13695
Radioactive,Objet_27816
Pressurized,Objet_03924
Flammable,Objet_00658
Fragile,Objet_17941
Unspecified,Objet_21888
Corrosive,Objet_02283
Corrosive,Objet_24605
Radioactive,Objet_11361
Unspecified,Objet_17192
Corrosive,Objet_22439
Fragile,Objet_23096
Oxidizing,Objet_25780
Food,Objet_16365
Corrosive,Objet_29115
Radioactive,Objet_00205
Toxic,Objet_17330
Flammable,Objet_03498
Explosive,Objet_27515
Food,Objet_19432
Pressurized,Objet_14695
Unspecified,Objet_18354
Food,Objet_26659
Flammable,Objet_08878
Pressurized,Objet_09617
Fragile,Objet_11010
Oxidizing,Objet_25873
Radioactive,Objet_22878
Toxic,Objet_22216
Flammable,Objet_08995
Toxic,Objet_27154
Unspecified,Objet_18317
Oxidizing,Objet_26872
Pressurized,Objet_21473
Radioactive,Objet_24183
Fragile,Objet_08163
Pressurized,Objet_04401
Pressurized,Objet_20953
Food,Objet_07082
Explosive,Objet_04147
Unspecified,Objet_23594
Fragile,Objet_02292
Oxidizing,Objet_00497
Oxidizing,Objet_22846
Toxic,Objet_11335
Pressurized,Objet_24608
Corrosive,Objet_13597
Unspecified,Objet_12794
Flammable,Objet_08646
Food,Objet_24982
Oxidizing,Objet_05164
Fragile,Objet_15275
Unspecified,Objet_10997
Pressurized,Objet_10245
Radioactive,Objet_12790
Oxidizing,Objet_06053
Oxidizing,Objet_13502
Toxic,Objet_17540
Toxic,Objet_24194
Fragile,Objet_17352
Fragile,Objet_29865
Food,Objet_28688
Flammable,Objet_06296
Explosive,Objet_09219
Oxidizing,Objet_28012
Radioactive,Objet_11618
Flammable,Objet_29301
Explosive,Objet_26563
Oxidizing,Objet_15886
Radioactive,Objet_18897
Pressurized,Objet_06570
Flammable,Objet_02761
Corrosive,Objet_15962
Corrosive,Objet_21626
Radioactive,Objet_05078
Pressurized,Objet_23504
Toxic,Objet_12819
Fragile,Objet_17758
Fragile,Objet_22197
Fragile,Objet_29573
Toxic,Objet_13791
Flammable,Objet_24549
Food,Objet_16738
Pressurized,Objet_18093
Fragile,Objet_15748
Food,Objet_29091
Flammable,Objet_23216
Fragile,Objet_10655
Pressurized,Objet_17650
Unspecified,Objet_04244
Unspecified,Objet_01927
Pressurized,Objet_07773
Fragile,Objet_23496
Pressurized,Objet_13490
Fragile,Objet_16341
Fragile,Objet_24168
Explosive,Objet_14468
Toxic,Objet_11353
Toxic,Objet_18292
Fragile,Objet_28650
Pressurized,Objet_17996
Corrosive,Objet_12966
Fragile,Objet_23512
Radioactive,Objet_24165
Radioactive,Objet_09163
Food,Objet_01553
Oxidizing,Objet_25435
Radioactive,Objet_08034
Unspecified,Objet_05966
Food,Objet_27243
Fragile,Objet_07937
Corrosive,Objet_06403
Flammable,Objet_00163
Toxic,Objet_00528
Fragile,Objet_01230
Flammable,Objet_22704
Food,Objet_08732
Radioactive,Objet_05733
Food,Objet_16556
Pressurized,Objet_05278
Fragile,Objet_14043
Toxic,Objet_14730
Pressurized,Objet_04242
Food,Objet_05464
Toxic,Objet_10791
Toxic,Objet_28311
Fragile,Objet_16432
Unspecified,Objet_14259
Explosive,Objet_26733
Explosive,Objet_16259
Pressurized,Objet_04976
Radioactive,Objet_09823
Toxic,Objet_28915
Toxic,Objet_14863
Radioactive,Objet_15519
Corrosive,Objet_18300
Corrosive,Objet_18110
Fragile,Objet_13493
Flammable,Objet_20790
Corrosive,Objet_05911
Unspecified,Objet_00199
Food,Objet_03840
Oxidizing,Objet_27653
Food,Objet_08533
Radioactive,Objet_14241
Unspecified,Objet_06273
Flammable,Objet_09735
Unspecified,Objet_27490
Fragile,Objet_23926
Unspecified,Objet_02942
Food,Objet_08788
Food,Objet_16125
Pressurized,Objet_17275
Radioactive,Objet_09245
Radioactive,Objet_10327
Food,Objet_06074
Pressurized,Objet_07520
Radioactive,Objet_12280
Unspecified,Objet_24664
Explosive,Objet_06356
Food,Objet_14971
Explosive,Objet_18622
Pressurized,Objet_10779
Toxic,Objet_12538
Food,Objet_19577
Toxic,Objet_20510
Radioactive,Objet_09584
Unspecified,Objet_20347
Radioactive,Objet_18348
Food,Objet_30048
Flammable,Objet_22997
Unspecified,Objet_14783
Fragile,Objet_22139
Oxidizing,Objet_24239
Radioactive,Objet_18429
Flammable,Objet_08601
Corrosive,Objet_25959
Unspecified,Objet_15745
Explosive,Objet_24186
Flammable,Objet_27317
Toxic,Objet_16052
Toxic,Objet_12262
Toxic,Objet_22166
Explosive,Objet_12884
Food,Objet_16528
Flammable,Objet_24785
Radioactive,Objet_24647
Explosive,Objet_15668
Radioactive,Objet_04092
Food,Objet_28861
Food,Objet_14371
Flammable,Objet_13668
Fragile,Objet_11177
Flammable,Objet_21296
Corrosive,Objet_08099
Radioactive,Objet_18716
Unspecified,Objet_15421
Food,Objet_24699
Oxidizing,Objet_15174
Food,Objet_05743
Fragile,Objet_26209
Flammable,Objet_07645
Toxic,Objet_11347
Unspecified,Objet_10553
Unspecified,Objet_16889
Unspecified,Objet_02736
Explosive,Objet_05429
Pressurized,Objet_21073
Fragile,Objet_14670
Oxidizing,Objet_14734
Explosive,Objet_13780
Explosive,Objet_13381
Unspecified,Objet_19250
Unspecified,Objet_21487
Fragile,Objet_12755
Fragile,Objet_01538
Oxidizing,Objet_28597
Unspecified,Objet_08071
Corrosive,Objet_16815
Oxidizing,Objet_17138
Oxidizing,Objet_00881
Pressurized,Objet_07972
Food,Objet_12521
Flammable,Objet_23285
Corrosive,Objet_19533
Explosive,Objet_14886
Radioactive,Objet_25398
Food,Objet_22159
Radioactive,Objet_21252
Food,Objet_06553
Fragile,Objet_18081
Unspecified,Objet_24959
Explosive,Objet_29080
Food,Objet_16024
Flammable,Objet_09643
Toxic,Objet_06167
Unspecified,Objet_15436
Radioactive,Objet_00539
Flammable,Objet_22893
Radioactive,Objet_20481
Oxidizing,Objet_22163
Toxic,Objet_16076
Unspecified,Objet_13148
Oxidizing,Objet_20201
Fragile,Objet_02511
Fragile,Objet_13260
Explosive,Objet_16433
Toxic,Objet_00563
Explosive,Objet_10657
Explosive,Objet_09936
Corrosive,Objet_29843
Fragile,Objet_25555
Unspecified,Objet_09485
Oxidizing,Objet_01173
Unspecified,Objet_29808
Pressurized,Objet_15518
Radioactive,Objet_11443
Explosive,Objet_14040
Fragile,Objet_17372
Corrosive,Objet_12175
Corrosive,Objet_20421
Corrosive,Objet_19064
Food,Objet_25286
Food,Objet_26694
Toxic,Objet_13540
Radioactive,Objet_18711
Corrosive,Objet_27566
Toxic,Objet_09483
Food,Objet_25293
Fragile,Objet_16679
Flammable,Objet_03904
Unspecified,Objet_13749
Toxic,Objet_18616
Toxic,Objet_20362
Pressurized,Objet_24059
Pressurized,Objet_07423
Flammable,Objet_14126
Flammable,Objet_25832
Toxic,Objet_14904
Pressurized,Objet_04638
Fragile,Objet_11634
Oxidizing,Objet_12409
Toxic,Objet_15973
Unspecified,Objet_01642
Unspecified,Objet_08850
Radioactive,Objet_02770
Radioactive,Objet_19782
Explosive,Objet_28471
Explosive,Objet_05566
Flammable,Objet_03200
Radioactive,Objet_19177
Toxic,Objet_29733
Explosive,Objet_17966
Unspecified,Objet_02988
Fragile,Objet_11334
Pressurized,Objet_06018
Explosive,Objet_23156
Fragile,Objet_04606
Oxidizing,Objet_13326
Oxidizing,Objet_28243
Oxidizing,Objet_06222
Food,Objet_06263
Oxidizing,Objet_27828
Unspecified,Objet_08311
Toxic,Objet_20667
Pressurized,Objet_13808
Corrosive,Objet_24648
Unspecified,Objet_11050
Radioactive,Objet_07392
Food,Objet_06202
Toxic,Objet_11600
Flammable,Objet_04860
Oxidizing,Objet_11996
Explosive,Objet_15569
Radioactive,Objet_23236
Radioactive,Objet_20415
Unspecified,Objet_28655
Toxic,Objet_04995
Toxic,Objet_11109
Radioactive,Objet_12038
Pressurized,Objet_15418
Toxic,Objet_22789
Corrosive,Objet_23946
Unspecified,Objet_01149
Flammable,Objet_05864
Oxidizing,Objet_11601
Unspecified,Objet_29026
Radioactive,Objet_05949
Explosive,Objet_30078
Flammable,Objet_12558
Oxidizing,Objet_28135
Explosive,Objet_17555
Explosive,Objet_08588
Radioactive,Objet_25762
Unspecified,Objet_19132
Radioactive,Objet_11104
Explosive,Objet_01075
Food,Objet_19682
Toxic,Objet_09746
Explosive,Objet_20427
Explosive,Objet_15626
Corrosive,Objet_06941
Corrosive,Objet_01929
Toxic,Objet_17817
Oxidizing,Objet_23898
Fragile,Objet_01297
Radioactive,Objet_27710
Corrosive,Objet_17807
Toxic,Objet_09172
Unspecified,Objet_19078
Corrosive,Objet_11296
Explosive,Objet_10463
Pressurized,Objet_20616
Corrosive,Objet_05876
Corrosive,Objet_00556
Pressurized,Objet_08304
Fragile,Objet_01626
Pressurized,Objet_17800
Unspecified,Objet_03372
Unspecified,Objet_24429
Food,Objet_07211
Flammable,Objet_09819
Oxidizing,Objet_06470
Fragile,Objet_23785
Unspecified,Objet_17647
Oxidizing,Objet_29860
Corrosive,Objet_23730
Flammable,Objet_10787
Fragile,Objet_28979
Flammable,Objet_22682
Oxidizing,Objet_27956
Radioactive,Objet_03571
Toxic,Objet_14504
Toxic,Objet_28504
Toxic,Objet_16513
Unspecified,Objet_29913
Flammable,Objet_05155
Flammable,Objet_03561
Food,Objet_28440
Explosive,Objet_02350
Explosive,Objet_13961
Oxidizing,Objet_05616
Corrosive,Objet_09221
Fragile,Objet_22605
Fragile,Objet_16778
Flammable,Objet_15153
Corrosive,Objet_10773
Fragile,Objet_07198
Unspecified,Objet_08982
Food,Objet_13286
Pressurized,Objet_00987
Radioactive,Objet_27099
Food,Objet_14436
Food,Objet_23186
Corrosive,Objet_19644
Explosive,Objet_10928
Radioactive,Objet_24998
Food,Objet_10202
Flammable,Objet_27679
Flammable,Objet_04955
Oxidizing,Objet_13423
Oxidizing,Objet_01009
Food,Objet_06696
Corrosive,Objet_14806
Explosive,Objet_10218
Corrosive,Objet_23053
Fragile,Objet_05037
Pressurized,Objet_05928
Oxidizing,Objet_10334
Toxic,Objet_02797
Radioactive,Objet_11817
Unspecified,Objet_01019
Flammable,Objet_08289
Fragile,Objet_05309
Oxidizing,Objet_24191
Oxidizing,Objet_08202
Oxidizing,Objet_12963
Food,Objet_02517
Food,Objet_08436
Food,Objet_16755
Unspecified,Objet_21348
Radioactive,Objet_02418
Food,Objet_08836
Oxidizing,Objet_00106
Explosive,Objet_26255
Oxidizing,Objet_25111
Radioactive,Objet_22427
Corrosive,Objet_29857
Radioactive,Objet_00149
Radioactive,Objet_26092
Corrosive,Objet_29804
Explosive,Objet_17890
Explosive,Objet_29229
Radioactive,Objet_26286
Toxic,Objet_00370
Food,Objet_08368
Flammable,Objet_03684
Corrosive,Objet_10848
Toxic,Objet_12072
Corrosive,Objet_23700
Corrosive,Objet_16794
Radioactive,Objet_00964
Flammable,Objet_20803
Food,Objet_01945
Fragile,Objet_18050
Pressurized,Objet_15862
Food,Objet_14804
Flammable,Objet_17920
Unspecified,Objet_14535
Radioactive,Objet_09646
Fragile,Objet_00598
Oxidizing,Objet_11446
Corrosive,Objet_29083
Pressurized,Objet_09489
Unspecified,Objet_06010
Radioactive,Objet_18282
Oxidizing,Objet_07010
Radioactive,Objet_17018
Corrosive,Objet_26148
Pressurized,Objet_01715
Corrosive,Objet_20812
Fragile,Objet_23839
Pressurized,Objet_08362
Explosive,Objet_02400
Oxidizing,Objet_25481
Unspecified,Objet_06734
Food,Objet_21151
Radioactive,Objet_26114
Radioactive,Objet_03406
Radioactive,Objet_26378
Food,Objet_18721
Explosive,Objet_27864
Radioactive,Objet_28807
Flammable,Objet_22000
Food,Objet_10352
Pressurized,Objet_26826
Oxidizing,Objet_00981
Oxidizing,Objet_04732
Pressurized,Objet_13016
Unspecified,Objet_10681
Radioactive,Objet_05327
Radioactive,Objet_24546
Fragile,Objet_19192
Corrosive,Objet_13689
Corrosive,Objet_18630
Toxic,Objet_11928
Unspecified,Objet_10577
Explosive,Objet_03452
Unspecified,Objet_12791
Explosive,Objet_01975
Flammable,Objet_18381
Toxic,Objet_18171
Explosive,Objet_23298
Oxidizing,Objet_22613
Unspecified,Objet_17705
Pressurized,Objet_21893
Flammable,Objet_01963
Corrosive,Objet_16242
Fragile,Objet_03586
Radioactive,Objet_19732
Fragile,Objet_26881
Fragile,Objet_03550
Food,Objet_00096
Food,Objet_26663
Toxic,Objet_10498
Fragile,Objet_19198
Food,Objet_14472
Unspecified,Objet_06515
Food,Objet_13237
Food,Objet_02510
Explosive,Objet_00800
Corrosive,Objet_00911
Flammable,Objet_12939
Toxic,Objet_22595
Fragile,Objet_09663
Corrosive,Objet_08621
Flammable,Objet_12561
Explosive,Objet_07202
Food,Objet_13485
Fragile,Objet_17607
Explosive,Objet_03338
Corrosive,Objet_20141
Fragile,Objet_28324
Food,Objet_21802
Food,Objet_02409
Fragile,Objet_01817
Pressurized,Objet_03572
Oxidizing,Objet_08293
Toxic,Objet_07374
Oxidizing,Objet_25601
Food,Objet_06715
Corrosive,Objet_30049
Explosive,Objet_28166
Food,Objet_11917
Pressurized,Objet_02185
Radioactive,Objet_16897
Explosive,Objet_12641
Unspecified,Objet_08573
Food,Objet_25910
Unspecified,Objet_15062
Pressurized,Objet_03548
Oxidizing,Objet_09156
Flammable,Objet_21111
Toxic,Objet_01760
Flammable,Objet_21104
Corrosive,Objet_16813
Radioactive,Objet_22172
Corrosive,Objet_13555
Fragile,Objet_08659
Unspecified,Objet_24051
Flammable,Objet_23991
Food,Objet_26833
Pressurized,Objet_01946
Radioactive,Objet_21936
Corrosive,Objet_28573
Toxic,Objet_24858
Unspecified,Objet_23108
Radioactive,Objet_11016
Explosive,Objet_29627
Radioactive,Objet_14756
Corrosive,Objet_01329
Pressurized,Objet_06325
Explosive,Objet_08455
Food,Objet_00856
Fragile,Objet_25457
Fragile,Objet_25716
Pressurized,Objet_13166
Radioactive,Objet_20055
Flammable,Objet_26366
Flammable,Objet_23784
Oxidizing,Objet_05557
Pressurized,Objet_10059
Fragile,Objet_02594
Unspecified,Objet_29272
Fragile,Objet_13722
Fragile,Objet_14285
Flammable,Objet_24298
Flammable,Objet_24472
Flammable,Objet_27813
Pressurized,Objet_04538
Unspecified,Objet_19969
Unspecified,Objet_15028
Food,Objet_17914
Toxic,Objet_05074
Flammable,Objet_16934
Corrosive,Objet_07982
Food,Objet_12720
Explosive,Objet_25708
Toxic,Objet_01037
Toxic,Objet_06355
Corrosive,Objet_02805
Explosive,Objet_29790
Flammable,Objet_29658
Food,Objet_04039
Explosive,Objet_06874
Explosive,Objet_25465
Fragile,Objet_07673
Food,Objet_19036
Unspecified,Objet_01385
Toxic,Objet_06702
Fragile,Objet_24994
Corrosive,Objet_29502
Corrosive,Objet_27763
Corrosive,Objet_28981
Corrosive,Objet_05663
Flammable,Objet_12128
Unspecified,Objet_29393
Explosive,Objet_29234
Radioactive,Objet_27203
Fragile,Objet_02529
Pressurized,Objet_17746
Toxic,Objet_03836
Fragile,Objet_02089
Radioactive,Objet_22858
Radioactive,Objet_28647
Pressurized,Objet_23213
Radioactive,Objet_16795
Corrosive,Objet_27691
Toxic,Objet_29602
Unspecified,Objet_07809
Fragile,Objet_23488
Unspecified,Objet_25516
Flammable,Objet_29859
Unspecified,Objet_06450
Pressurized,Objet_12399
Unspecified,Objet_21811
Radioactive,Objet_26591
Food,Objet_00200
Oxidizing,Objet_20031
Explosive,Objet_07054
Unspecified,Objet_09589
Food,Objet_22394
Fragile,Objet_15300
Food,Objet_22404
Unspecified,Objet_11820
Fragile,Objet_15342
Oxidizing,Objet_00755
Radioactive,Objet_12949
Fragile,Objet_11308
Oxidizing,Objet_28844
Toxic,Objet_08481
Explosive,Objet_15733
Food,Objet_27029
Oxidizing,Objet_22469
Radioactive,Objet_11509
Oxidizing,Objet_27191
Oxidizing,Objet_17617
Pressurized,Objet_30030
Food,Objet_16648
Explosive,Objet_07575
Flammable,Objet_28591
Oxidizing,Objet_27922
Explosive,Objet_27815
Corrosive,Objet_21186
Oxidizing,Objet_03135
Pressurized,Objet_27985
Explosive,Objet_08236
Pressurized,Objet_00589
Pressurized,Objet_16912
Toxic,Objet_29738
Oxidizing,Objet_21055
Oxidizing,Objet_06367
Pressurized,Objet_13590
Flammable,Objet_18283
Pressurized,Objet_21625
Food,Objet_25717
Explosive,Objet_19413
Unspecified,Objet_12282
Radioactive,Objet_17387
Toxic,Objet_05962
Explosive,Objet_29609
Flammable,Objet_08127
Pressurized,Objet_15511
Radioactive,Objet_14215
Corrosive,Objet_11332
Food,Objet_22191
Explosive,Objet_29128
Corrosive,Objet_01096
Corrosive,Objet_09811
Flammable,Objet_15233
Corrosive,Objet_28184
Radioactive,Objet_28973
Food,Objet_08001
Food,Objet_03725
Explosive,Objet_22782
Toxic,Objet_15780
Oxidizing,Objet_29952
Unspecified,Objet_25979
Explosive,Objet_03940
Radioactive,Objet_08035
Oxidizing,Objet_01229
Explosive,Objet_25866
Pressurized,Objet_23104
Unspecified,Objet_07947
Unspecified,Objet_04719
Explosive,Objet_16816
Oxidizing,Objet_11186
Explosive,Objet_10651
Explosive,Objet_13390
Oxidizing,Objet_17958
Toxic,Objet_18548
Oxidizing,Objet_01909
Radioactive,Objet_07218
Unspecified,Objet_12899
Oxidizing,Objet_21590
Fragile,Objet_20823
Flammable,Objet_07799
Flammable,Objet_28370
Radioactive,Objet_29653
Radioactive,Objet_22650
Food,Objet_10910
Toxic,Objet_13220
Corrosive,Objet_14710
Flammable,Objet_04751
Oxidizing,Objet_10027
Oxidizing,Objet_13847
Oxidizing,Objet_02868
Toxic,Objet_09196
Food,Objet_23843
Food,Objet_23887
Explosive,Objet_19101
Fragile,Objet_17744
Oxidizing,Objet_08951
Explosive,Objet_25756
Unspecified,Objet_29550
Fragile,Objet_17623
Explosive,Objet_19657
Explosive,Objet_29889
Flammable,Objet_17883
Explosive,Objet_15169
Fragile,Objet_17530
Explosive,Objet_29741
Food,Objet_19390
Food,Objet_29760
Flammable,Objet_15768
Corrosive,Objet_24615
Pressurized,Objet_05697
Radioactive,Objet_00849
Pressurized,Objet_15040
Fragile,Objet_24420
Toxic,Objet_01067
Pressurized,Objet_18385
Flammable,Objet_18936
Corrosive,Objet_25361
Flammable,Objet_05240
Pressurized,Objet_00014
Explosive,Objet_06505
Radioactive,Objet_18873
Flammable,Objet_23679
Food,Objet_23064
Corrosive,Objet_02897
Toxic,Objet_05398
Explosive,Objet_14094
Flammable,Objet_10133
Oxidizing,Objet_01474
Food,Objet_23198
Radioactive,Objet_26844
Corrosive,Objet_08785
Radioactive,Objet_07148
Food,Objet_12572
Oxidizing,Objet_22175
Fragile,Objet_20610
Flammable,Objet_17212
Unspecified,Objet_29822
Food,Objet_20006
Pressurized,Objet_26843
Flammable,Objet_16953
Toxic,Objet_08464
Fragile,Objet_26509
Radioactive,Objet_20072
Flammable,Objet_06713
Food,Objet_23028
Corrosive,Objet_29008
Radioactive,Objet_06032
Explosive,Objet_17060
Radioactive,Objet_05561
Oxidizing,Objet_03225
Pressurized,Objet_29933
Toxic,Objet_05480
Flammable,Objet_29196
Food,Objet_10046
Pressurized,Objet_12661
Corrosive,Objet_25863
Oxidizing,Objet_29562
Unspecified,Objet_02304
Toxic,Objet_24137
Explosive,Objet_21394
Corrosive,Objet_26950
Corrosive,Objet_01157
Fragile,Objet_11276
Radioactive,Objet_23199
Pressurized,Objet_00956
Radioactive,Objet_24491
Unspecified,Objet_14093
Unspecified,Objet_04768
Toxic,Objet_14495
Radioactive,Objet_04556
Unspecified,Objet_26466
Flammable,Objet_07617
Pressurized,Objet_02276
Explosive,Objet_15403
Fragile,Objet_20905
Pressurized,Objet_00306
Corrosive,Objet_03648
Explosive,Objet_27286
Explosive,Objet_13582
Explosive,Objet_23407
Pressurized,Objet_15832
Explosive,Objet_08037
Fragile,Objet_06528
Flammable,Objet_05183
Food,Objet_17017
Corrosive,Objet_11823
Radioactive,Objet_16063
Fragile,Objet_20236
Flammable,Objet_06865
Unspecified,Objet_08338
Radioactive,Objet_24811
Explosive,Objet_08996
Toxic,Objet_29975
Radioactive,Objet_19095
Explosive,Objet_05457
Corrosive,Objet_23980
Radioactive,Objet_03685
Radioactive,Objet_16571
Corrosive,Objet_14195
Pressurized,Objet_22059
Unspecified,Objet_00280
Toxic,Objet_02571
Radioactive,Objet_00896
Oxidizing,Objet_09891
Oxidizing,Objet_02322
Fragile,Objet_01134
Toxic,Objet_18090
Corrosive,Objet_15829
Pressurized,Objet_26217
Corrosive,Objet_10449
Corrosive,Objet_28714
Oxidizing,Objet_30061
Toxic,Objet_17835
Flammable,Objet_07636
Oxidizing,Objet_03124
Toxic,Objet_11313
Oxidizing,Objet_21349
Oxidizing,Objet_06123
Radioactive,Objet_25039
Explosive,Objet_00732
Pressurized,Objet_19723
Radioactive,Objet_06117
Oxidizing,Objet_21879
Oxidizing,Objet_01742
Explosive,Objet_05636
Fragile,Objet_15922
Toxic,Objet_21680
Fragile,Objet_24290
Radioactive,Objet_21390
Pressurized,Objet_10618
Radioactive,Objet_15178
Corrosive,Objet_20817
Explosive,Objet_03971
Flammable,Objet_11445
Explosive,Objet_04501
Explosive,Objet_15673
Fragile,Objet_24831
Pressurized,Objet_21809
Flammable,Objet_16006
Explosive,Objet_28260
Food,Objet_07163
Toxic,Objet_27618
Flammable,Objet_09251
Toxic,Objet_09578
Explosive,Objet_25685
Flammable,Objet_08794
Flammable,Objet_08482
Oxidizing,Objet_16231
Unspecified,Objet_03303
Pressurized,Objet_11812
Food,Objet_13054
Corrosive,Objet_29465
Flammable,Objet_02714
Food,Objet_14664
Fragile,Objet_00156
Oxidizing,Objet_23175
Oxidizing,Objet_20845
Explosive,Objet_04024
Corrosive,Objet_29260
Radioactive,Objet_18397
Toxic,Objet_15760
Oxidizing,Objet_26702
Radioactive,Objet_22224
Food,Objet_16630
Corrosive,Objet_29730
Toxic,Objet_11847
Unspecified,Objet_12504
Pressurized,Objet_17893
Fragile,Objet_14364
Fragile,Objet_02874
Pressurized,Objet_11143
Corrosive,Objet_16985
Fragile,Objet_10025
Explosive,Objet_05859
Flammable,Objet_24272
Radioactive,Objet_00367
Oxidizing,Objet_04259
Flammable,Objet_08165
Explosive,Objet_21253
Oxidizing,Objet_13124
Flammable,Objet_25758
Radioactive,Objet_16520
Pressurized,Objet_24276
Explosive,Objet_03503
Pressurized,Objet_00482
Pressurized,Objet_16635
Explosive,Objet_07824
Oxidizing,Objet_29197
Explosive,Objet_27312
Corrosive,Objet_10244
Flammable,Objet_26012
Pressurized,Objet_23353
Corrosive,Objet_11300
Toxic,Objet_27800
Oxidizing,Objet_23327
Radioactive,Objet_16175
Radioactive,Objet_00502
Corrosive,Objet_07133
Food,Objet_14107
Toxic,Objet_23656
Unspecified,Objet_19191
Unspecified,Objet_22645
Corrosive,Objet_25452
Food,Objet_09674
Oxidizing,Objet_01694
Explosive,Objet_03964
Food,Objet_16241
Explosive,Objet_12486
Oxidizing,Objet_17897
Toxic,Objet_20750
Radioactive,Objet_16047
Food,Objet_20761
Fragile,Objet_28859
Unspecified,Objet_25795
Flammable,Objet_18307
Pressurized,Objet_15022
Toxic,Objet_16983
Unspecified,Objet_19984
Toxic,Objet_03789
Radioactive,Objet_05871
Corrosive,Objet_02314
Unspecified,Objet_27382
Pressurized,Objet_09385
Corrosive,Objet_25425
Flammable,Objet_09072
Fragile,Objet_24400
Radioactive,Objet_21205
Food,Objet_08851
Toxic,Objet_28914
Flammable,Objet_29195
Radioactive,Objet_04089
Corrosive,Objet_25524
Food,Objet_24724
Food,Objet_27993
Toxic,Objet_24497
Food,Objet_28927
Oxidizing,Objet_22533
Food,Objet_13450
Explosive,Objet_08865
Explosive,Objet_24398
Fragile,Objet_08825
Toxic,Objet_00345
Explosive,Objet_00233
Unspecified,Objet_18163
Oxidizing,Objet_14870
Pressurized,Objet_18243
Explosive,Objet_10810
Fragile,Objet_27557
Oxidizing,Objet_18583
Fragile,Objet_12149
Corrosive,Objet_11545
Radioactive,Objet_13584
Unspecified,Objet_14267
Flammable,Objet_12476
Pressurized,Objet_10821
Toxic,Objet_07493
Flammable,Objet_16163
Fragile,Objet_03912
Radioactive,Objet_07550
Flammable,Objet_19002
Flammable,Objet_11484
Explosive,Objet_16345
Food,Objet_12456
Fragile,Objet_28258
Oxidizing,Objet_03526
Explosive,Objet_05110
Toxic,Objet_13514
Explosive,Objet_10557
Flammable,Objet_22177
Oxidizing,Objet_23848
Oxidizing,Objet_11045
Pressurized,Objet_01825
Toxic,Objet_25233
Toxic,Objet_16693
Flammable,Objet_19683
Food,Objet_03591
Fragile,Objet_21263
Flammable,Objet_08961
Pressurized,Objet_00168
Corrosive,Objet_05998
Corrosive,Objet_03745
Flammable,Objet_20698
Corrosive,Objet_15982
Oxidizing,Objet_09351
Radioactive,Objet_12185
Flammable,Objet_23508
Radioactive,Objet_27878
Food,Objet_14191
Food,Objet_20852
Fragile,Objet_02950
Corrosive,Objet_13020
Explosive,Objet_05191
Unspecified,Objet_05282
Food,Objet_11627
Fragile,Objet_03331
Oxidizing,Objet_08912
Food,Objet_08934
Toxic,Objet_02317
Toxic,Objet_09706
Food,Objet_23055
Flammable,Objet_28681
Flammable,Objet_01696
Radioactive,Objet_18338
Toxic,Objet_09834
Toxic,Objet_22391
Unspecified,Objet_10817
Pressurized,Objet_12617
Corrosive,Objet_21245
Pressurized,Objet_22941
Fragile,Objet_03625
Food,Objet_05219
Fragile,Objet_04379
Toxic,Objet_01201
Pressurized,Objet_26652
Explosive,Objet_04107
Oxidizing,Objet_00898
Corrosive,Objet_23347
Toxic,Objet_16822
Pressurized,Objet_09360
Flammable,Objet_23631
Flammable,Objet_29951
Corrosive,Objet_07332
Explosive,Objet_05927
Pressurized,Objet_21501
Toxic,Objet_05582
Unspecified,Objet_04543
Explosive,Objet_26370
Explosive,Objet_09210
Corrosive,Objet_21442
Fragile,Objet_17232
Explosive,Objet_21760
Radioactive,Objet_16494
Unspecified,Objet_17124
Explosive,Objet_15352
Explosive,Objet_21028
Unspecified,Objet_06870
Pressurized,Objet_09555
Flammable,Objet_15016
Flammable,Objet_06678
Radioactive,Objet_04294
Corrosive,Objet_01514
Fragile,Objet_14704
Toxic,Objet_06542
Explosive,Objet_08085
Oxidizing,Objet_18744
Flammable,Objet_02079
Flammable,Objet_04338
Explosive,Objet_19148
Unspecified,Objet_26787
Fragile,Objet_20209
Oxidizing,Objet_03041
Flammable,Objet_26261
Pressurized,Objet_15877
Toxic,Objet_05055
Food,Objet_12059
Food,Objet_01167
Flammable,Objet_02576
Flammable,Objet_07154
Toxic,Objet_08358
Food,Objet_00874
Corrosive,Objet_01953
Pressurized,Objet_27220
Oxidizing,Objet_27156
Explosive,Objet_02475
Radioactive,Objet_29830
Radioactive,Objet_08673
Pressurized,Objet_08894
Food,Objet_06305
Explosive,Objet_00417
Explosive,Objet_29320
Toxic,Objet_03092
Flammable,Objet_21756
Toxic,Objet_09355
Explosive,Objet_09110
Flammable,Objet_20631
Fragile,Objet_02138
Explosive,Objet_14272
Fragile,Objet_01279
Food,Objet_13841
Corrosive,Objet_18591
Radioactive,Objet_25838
Corrosive,Objet_12279
Food,Objet_10044
Pressurized,Objet_09076
Corrosive,Objet_19862
Explosive,Objet_12919
Explosive,Objet_09573
Explosive,Objet_02420
Fragile,Objet_14542
Pressurized,Objet_29090
Food,Objet_07987
Unspecified,Objet_14065
Corrosive,Objet_29101
Corrosive,Objet_28088
Toxic,Objet_04831
Corrosive,Objet_09094
Pressurized,Objet_27211
Explosive,Objet_15409
Food,Objet_08252
Flammable,Objet_23678
Explosive,Objet_20417
Flammable,Objet_27402
Fragile,Objet_28991
Toxic,Objet_21505
Fragile,Objet_25518
Unspecified,Objet_13959
Explosive,Objet_03267
Fragile,Objet_17414
Fragile,Objet_26762
Toxic,Objet_13120
Flammable,Objet_10698
Toxic,Objet_27291
Oxidizing,Objet_00480
Pressurized,Objet_18232
Corrosive,Objet_24626
Fragile,Objet_19982
Pressurized,Objet_05973
Food,Objet_22458
Explosive,Objet_14027
Corrosive,Objet_05604
Fragile,Objet_13126
Radioactive,Objet_16735
Radioactive,Objet_00070
Food,Objet_28757
Fragile,Objet_05995
Oxidizing,Objet_19867
Explosive,Objet_08046
Toxic,Objet_19727
Corrosive,Objet_10780
Fragile,Objet_21513
Flammable,Objet_21074
Flammable,Objet_19812
Toxic,Objet_12929
Oxidizing,Objet_07750
Food,Objet_00242
Toxic,Objet_23196
Explosive,Objet_29406
Flammable,Objet_17729
Corrosive,Objet_23961
Pressurized,Objet_04601
Radioactive,Objet_12910
Oxidizing,Objet_06473
Pressurized,Objet_10944
Corrosive,Objet_15173
Radioactive,Objet_16222
Flammable,Objet_07611
Unspecified,Objet_19473
Pressurized,Objet_21194
Food,Objet_08382
Toxic,Objet_14342
Radioactive,Objet_04760
Pressurized,Objet_14142
Food,Objet_28960
Flammable,Objet_12890
Toxic,Objet_13448
Flammable,Objet_30139
Corrosive,Objet_29787
Food,Objet_11127
Oxidizing,Objet_29902
Food,Objet_02011
Corrosive,Objet_25724
Unspecified,Objet_08492
Unspecified,Objet_11262
Radioactive,Objet_01208
Flammable,Objet_07448
Corrosive,Objet_26754
Unspecified,Objet_13373
Flammable,Objet_19569
Fragile,Objet_04636
Radioactive,Objet_21621
Corrosive,Objet_16717
Fragile,Objet_04421
Corrosive,Objet_21138
Fragile,Objet_16876
Flammable,Objet_01647
Flammable,Objet_24717
Flammable,Objet_08250
Unspecified,Objet_20802
Toxic,Objet_27122
Oxidizing,Objet_03553
Toxic,Objet_22415
Flammable,Objet_01892
Pressurized,Objet_20913
Oxidizing,Objet_27743
Pressurized,Objet_01941
Explosive,Objet_20428
Oxidizing,Objet_18825
Unspecified,Objet_27332
Pressurized,Objet_21255
Explosive,Objet_19865
Explosive,Objet_29583
Corrosive,Objet_15561
Unspecified,Objet_04336
Unspecified,Objet_16692
Corrosive,Objet_11102
Toxic,Objet_07164
Unspecified,Objet_14923
Toxic,Objet_25609
Food,Objet_20634
Explosive,Objet_03802
Fragile,Objet_06889
Toxic,Objet_13178
Food,Objet_22762
Fragile,Objet_25085
Fragile,Objet_21336
Oxidizing,Objet_19742
Food,Objet_23907
Explosive,Objet_07749
Explosive,Objet_08689
Unspecified,Objet_29207
Flammable,Objet_28544
Pressurized,Objet_01210
Radioactive,Objet_06313
Oxidizing,Objet_01913
Unspecified,Objet_29659
Corrosive,Objet_18543
Pressurized,Objet_07141
Corrosive,Objet_24315
Pressurized,Objet_14706
Unspecified,Objet_24284
Unspecified,Objet_00336
Flammable,Objet_20706
Flammable,Objet_15782
Unspecified,Objet_26866
Unspecified,Objet_25757
Food,Objet_23086
Toxic,Objet_27145
Unspecified,Objet_16811
Oxidizing,Objet_20178
Toxic,Objet_12157
Explosive,Objet_18061
Food,Objet_26018
Unspecified,Objet_00363
Flammable,Objet_13214
Corrosive,Objet_11829
Flammable,Objet_24451
Pressurized,Objet_23712
Flammable,Objet_16867
Unspecified,Objet_23840
Toxic,Objet_26794
Toxic,Objet_13045
Pressurized,Objet_20600
Pressurized,Objet_09927
Unspecified,Objet_20951
Pressurized,Objet_27944
Corrosive,Objet_12367
Explosive,Objet_21929
Food,Objet_18438
Oxidizing,Objet_29576
Pressurized,Objet_19590
Unspecified,Objet_26742
Pressurized,Objet_15376
Explosive,Objet_10689
Food,Objet_23715
Oxidizing,Objet_07003
Toxic,Objet_24345
Corrosive,Objet_18514
Explosive,Objet_06023
Flammable,Objet_10909
Corrosive,Objet_19453
Oxidizing,Objet_21842
Food,Objet_06755
Flammable,Objet_18885
Toxic,Objet_27699
Corrosive,Objet_20097
Explosive,Objet_06732
Pressurized,Objet_06479
Oxidizing,Objet_02997
Oxidizing,Objet_28099
Toxic,Objet_07213
Unspecified,Objet_27534
Pressurized,Objet_03042
Radioactive,Objet_09809
Radioactive,Objet_14751
Flammable,Objet_22026
Corrosive,Objet_28802
Flammable,Objet_21244
Oxidizing,Objet_24220
Explosive,Objet_18570
Oxidizing,Objet_19526
Oxidizing,Objet_26546
Fragile,Objet_28581
Flammable,Objet_01190
Flammable,Objet_29239
Oxidizing,Objet_25834
Pressurized,Objet_20360
Flammable,Objet_24909
Pressurized,Objet_27823
Explosive,Objet_03545
Food,Objet_05963
Toxic,Objet_09412
Corrosive,Objet_18345
Flammable,Objet_15737
Explosive,Objet_27926
Flammable,Objet_06431
Explosive,Objet_26855
Fragile,Objet_13952
Fragile,Objet_04199
Fragile,Objet_06971
Pressurized,Objet_09347
Toxic,Objet_20927
Fragile,Objet_06374
Radioactive,Objet_13687
Unspecified,Objet_00468
Pressurized,Objet_20085
Flammable,Objet_00262
Explosive,Objet_16856
Corrosive,Objet_08690
Corrosive,Objet_01237
Toxic,Objet_20525
Unspecified,Objet_12514
Toxic,Objet_07501
Pressurized,Objet_18273
Flammable,Objet_05193
Fragile,Objet_16801
Flammable,Objet_00901
Unspecified,Objet_18380
Food,Objet_13193
Oxidizing,Objet_21262
Radioactive,Objet_19800
Flammable,Objet_15854
Radioactive,Objet_15197
Radioactive,Objet_19611
Radioactive,Objet_13537
Pressurized,Objet_22267
Food,Objet_08715
Toxic,Objet_20025
Corrosive,Objet_00808
Food,Objet_25732
Oxidizing,Objet_17751
Radioactive,Objet_04478
Fragile,Objet_17917
Radioactive,Objet_11459
Radioactive,Objet_10206
Fragile,Objet_12730
Explosive,Objet_19407
Unspecified,Objet_02840
Toxic,Objet_17222
Food,Objet_15192
Corrosive,Objet_30109
Fragile,Objet_25226
Toxic,Objet_08276
Unspecified,Objet_05970
Fragile,Objet_03392
Pressurized,Objet_25069
Radioactive,Objet_28602
Oxidizing,Objet_08942
Explosive,Objet_21506
Pressurized,Objet_15987
Food,Objet_27285
Corrosive,Objet_27758
Explosive,Objet_28902
Explosive,Objet_24779
Pressurized,Objet_24175
Pressurized,Objet_14770
Fragile,Objet_14248
Fragile,Objet_09429
Fragile,Objet_23593
Radioactive,Objet_25104
Food,Objet_03009
Oxidizing,Objet_22955
Toxic,Objet_22543
Corrosive,Objet_00637
Radioactive,Objet_23901
Flammable,Objet_23458
Unspecified,Objet_01444
Food,Objet_25492
Pressurized,Objet_14718
Radioactive,Objet_18196
Radioactive,Objet_04614
Flammable,Objet_02312
Explosive,Objet_29641
Unspecified,Objet_01099
Food,Objet_24249
Unspecified,Objet_13133
Radioactive,Objet_10512
Flammable,Objet_01627
Pressurized,Objet_23300
Food,Objet_14949
Radioactive,Objet_17349
Radioactive,Objet_16660
Oxidizing,Objet_25864
Fragile,Objet_00246
Corrosive,Objet_08076
Food,Objet_05654
Corrosive,Objet_01442
Oxidizing,Objet_26498
Oxidizing,Objet_03047
Pressurized,Objet_18831
Explosive,Objet_06474
Oxidizing,Objet_17446
Radioactive,Objet_08975
Radioactive,Objet_05934
Food,Objet_00963
Corrosive,Objet_19571
Explosive,Objet_14333
Explosive,Objet_00887
Flammable,Objet_29541
Pressurized,Objet_01038
Corrosive,Objet_02853
Pressurized,Objet_27712
Unspecified,Objet_07718
Explosive,Objet_18662
Flammable,Objet_10661
Toxic,Objet_19500
Fragile,Objet_25194
Unspecified,Objet_13467
Food,Objet_02650
Food,Objet_28929
Oxidizing,Objet_11945
Food,Objet_13617
Radioactive,Objet_14544
Radioactive,Objet_00498
Pressurized,Objet_22339
Flammable,Objet_05987
Oxidizing,Objet_19058
Food,Objet_27135
Oxidizing,Objet_12616
Unspecified,Objet_03737
Toxic,Objet_09893
Fragile,Objet_23463
Pressurized,Objet_01043
Food,Objet_12135
Oxidizing,Objet_15642
Oxidizing,Objet_23033
Explosive,Objet_00675
Explosive,Objet_29734
Corrosive,Objet_21914
Flammable,Objet_08921
Fragile,Objet_28703
Food,Objet_27632
Oxidizing,Objet_01063
Explosive,Objet_11644
Corrosive,Objet_08927
Corrosive,Objet_11243
Unspecified,Objet_20476
Oxidizing,Objet_17083
Toxic,Objet_24707
Corrosive,Objet_08253
Food,Objet_01512
Pressurized,Objet_14666
Explosive,Objet_06842
Flammable,Objet_23174
Explosive,Objet_20133
Corrosive,Objet_05077
Radioactive,Objet_02157
Explosive,Objet_03695
Unspecified,Objet_22117
Oxidizing,Objet_00011
Oxidizing,Objet_16963
Corrosive,Objet_07205
Food,Objet_11640
Fragile,Objet_27209
Oxidizing,Objet_11747
Toxic,Objet_05482
Food,Objet_20746
Pressurized,Objet_20034
Unspecified,Objet_19483
Flammable,Objet_01349
Pressurized,Objet_14643
Toxic,Objet_22755
Radioactive,Objet_24900
Unspecified,Objet_11813
Pressurized,Objet_29968
Oxidizing,Objet_18702
Fragile,Objet_18755
Corrosive,Objet_01596
Radioactive,Objet_20499
Pressurized,Objet_07784
Pressurized,Objet_14173
Flammable,Objet_13784
Corrosive,Objet_12144
Toxic,Objet_08449
Radioactive,Objet_24158
Food,Objet_20321
Fragile,Objet_16277
Pressurized,Objet_08380
Explosive,Objet_22944
Corrosive,Objet_27914
Unspecified,Objet_03814
Food,Objet_21358
Food,Objet_14512
Toxic,Objet_03541
Food,Objet_27169
Food,Objet_25442
Oxidizing,Objet_16908
Unspecified,Objet_07182
Flammable,Objet_09028
Explosive,Objet_22596
Toxic,Objet_05166
Flammable,Objet_16162
Explosive,Objet_01070
Corrosive,Objet_00867
Radioactive,Objet_15190
Food,Objet_18749
Pressurized,Objet_22970
Explosive,Objet_11145
Explosive,Objet_04724
Toxic,Objet_09996
Oxidizing,Objet_09836
Fragile,Objet_07954
Food,Objet_13345
Fragile,Objet_08402
Unspecified,Objet_20312
Radioactive,Objet_07367
Oxidizing,Objet_10080
Fragile,Objet_27018
Food,Objet_12070
Food,Objet_26529
Food,Objet_02589
Pressurized,Objet_23159
Pressurized,Objet_07627
Corrosive,Objet_17398
Explosive,Objet_07545
Radioactive,Objet_20116
Explosive,Objet_24866
Oxidizing,Objet_04574
Toxic,Objet_19065
Pressurized,Objet_28024
Pressurized,Objet_12109
Flammable,Objet_13920
Toxic,Objet_24370
Corrosive,Objet_23544
Fragile,Objet_00773
Toxic,Objet_16152
Toxic,Objet_08288
Pressurized,Objet_23526
Pressurized,Objet_08247
Fragile,Objet_21199
Pressurized,Objet_20322
Pressurized,Objet_08262
Explosive,Objet_18278
Explosive,Objet_27447
Food,Objet_26719
Pressurized,Objet_25693
Oxidizing,Objet_25213
Corrosive,Objet_00525
Flammable,Objet_14862
Oxidizing,Objet_21353
Unspecified,Objet_09602
Unspecified,Objet_01020
Unspecified,Objet_12104
Explosive,Objet_07870
Unspecified,Objet_03284
Pressurized,Objet_29471
Food,Objet_27157
Radioactive,Objet_15532
Radioactive,Objet_28165
Pressurized,Objet_09690
Oxidizing,Objet_14146
Fragile,Objet_23130
Unspecified,Objet_10312
Oxidizing,Objet_05127
Pressurized,Objet_00185
Oxidizing,Objet_09171
Unspecified,Objet_25321
Explosive,Objet_03686
Food,Objet_19656
Oxidizing,Objet_22834
Explosive,Objet_13461
Radioactive,Objet_18430
Pressurized,Objet_06427
Oxidizing,Objet_18838
Corrosive,Objet_20866
Fragile,Objet_02672
Unspecified,Objet_06358
Fragile,Objet_00951
Toxic,Objet_13972
Explosive,Objet_04363
Flammable,Objet_23914
Explosive,Objet_23423
Explosive,Objet_07724
Unspecified,Objet_01169
Toxic,Objet_06513
Fragile,Objet_24078
Toxic,Objet_22345
Unspecified,Objet_22110
Flammable,Objet_03782
Corrosive,Objet_16624
Food,Objet_17135
Oxidizing,Objet_19260
Radioactive,Objet_15619
Food,Objet_07377
Explosive,Objet_21776
Radioactive,Objet_24110
Radioactive,Objet_00815
Explosive,Objet_14168
Food,Objet_23646
Fragile,Objet_14360
Toxic,Objet_25595
Radioactive,Objet_02095
Fragile,Objet_14593
Corrosive,Objet_23146
Radioactive,Objet_16977
Fragile,Objet_11575
Flammable,Objet_14772
Unspecified,Objet_16407
Toxic,Objet_16594
Food,Objet_19024
Food,Objet_03487
Explosive,Objet_22418
Radioactive,Objet_14743
Pressurized,Objet_06129
Corrosive,Objet_18665
Unspecified,Objet_26052
Toxic,Objet_27369
Pressurized,Objet_23398
Oxidizing,Objet_18409
Fragile,Objet_22982
Flammable,Objet_24602
Unspecified,Objet_22227
Corrosive,Objet_22843
Toxic,Objet_20561
Fragile,Objet_06036
Oxidizing,Objet_09990
Oxidizing,Objet_26233
Corrosive,Objet_10012
Unspecified,Objet_29153
Corrosive,Objet_23571
Radioactive,Objet_01723
Corrosive,Objet_15947
Oxidizing,Objet_06001
Pressurized,Objet_29126
Food,Objet_11810
Corrosive,Objet_06101
Toxic,Objet_04352
Radioactive,Objet_21413
Fragile,Objet_08408
Corrosive,Objet_28733
Explosive,Objet_04193
Radioactive,Objet_18008
Toxic,Objet_07376
Flammable,Objet_16067
Explosive,Objet_29890
Toxic,Objet_29420
Oxidizing,Objet_23747
Food,Objet_16518
Unspecified,Objet_16949
Explosive,Objet_27952
Oxidizing,Objet_24657
Radioactive,Objet_11037
Explosive,Objet_16757
Fragile,Objet_07730
Unspecified,Objet_20573
Flammable,Objet_00536
Corrosive,Objet_24983
Food,Objet_25961
Explosive,Objet_06850
Explosive,Objet_03540
Explosive,Objet_16852
Unspecified,Objet_21926
Toxic,Objet_23861
Food,Objet_12582
Toxic,Objet_06601
Flammable,Objet_29283
Pressurized,Objet_21140
Food,Objet_19859
Oxidizing,Objet_07791
Unspecified,Objet_02085
Radioactive,Objet_24098
Pressurized,Objet_11753
Food,Objet_23603
Explosive,Objet_14797
Pressurized,Objet_04381
Unspecified,Objet_20638
Pressurized,Objet_05463
Toxic,Objet_01426
Pressurized,Objet_15772
Corrosive,Objet_26827
Pressurized,Objet_15196
Food,Objet_04032
Flammable,Objet_13650
Radioactive,Objet_04902
Flammable,Objet_11240
Oxidizing,Objet_00908
Radioactive,Objet_25885
Radioactive,Objet_18726
Oxidizing,Objet_06749
Flammable,Objet_11405
Oxidizing,Objet_08529
Fragile,Objet_30013
Oxidizing,Objet_19466
Oxidizing,Objet_21544
Flammable,Objet_22910
Pressurized,Objet_08197
Radioactive,Objet_24182
Food,Objet_10622
Radioactive,Objet_21881
Flammable,Objet_24225
Explosive,Objet_08016
Radioactive,Objet_09473
Oxidizing,Objet_14869
Unspecified,Objet_08148
Fragile,Objet_07622
Toxic,Objet_08519
Flammable,Objet_22794
Toxic,Objet_16372
Fragile,Objet_13949
Flammable,Objet_28130
Oxidizing,Objet_00902
Oxidizing,Objet_12541
Explosive,Objet_01455
Radioactive,Objet_30031
Unspecified,Objet_20829
Oxidizing,Objet_19495
Food,Objet_28228
Corrosive,Objet_21053
Unspecified,Objet_06034
Fragile,Objet_26714
Food,Objet_04933
Pressurized,Objet_12286
Radioactive,Objet_11991
Radioactive,Objet_20554
Toxic,Objet_18448
Radioactive,Objet_13765
Food,Objet_18808
Corrosive,Objet_02692
Explosive,Objet_07522
Oxidizing,Objet_29060
Oxidizing,Objet_05150
Toxic,Objet_09288
Flammable,Objet_11768
Pressurized,Objet_00960
Unspecified,Objet_14844
Corrosive,Objet_12063
Pressurized,Objet_02607
Fragile,Objet_23205
Food,Objet_16901
Fragile,Objet_17512
Food,Objet_05472
Radioactive,Objet_16798
Explosive,Objet_11271
Fragile,Objet_16441
Explosive,Objet_14394
Food,Objet_22470
Fragile,Objet_06982
Radioactive,Objet_03746
Pressurized,Objet_18173
Explosive,Objet_13594
Unspecified,Objet_00217
Toxic,Objet_09565
Corrosive,Objet_22211
Oxidizing,Objet_03147
Toxic,Objet_15478
Pressurized,Objet_02287
Explosive,Objet_15931
Toxic,Objet_29309
Toxic,Objet_00066
Corrosive,Objet_01498
Unspecified,Objet_28512
Explosive,Objet_21402
Pressurized,Objet_26710
Radioactive,Objet_02612
Oxidizing,Objet_10318
Corrosive,Objet_11275
Oxidizing,Objet_13407
Corrosive,Objet_29993
Oxidizing,Objet_23273
Toxic,Objet_06959
Unspecified,Objet_11921
Fragile,Objet_22940
Toxic,Objet_25544
Unspecified,Objet_04620
Explosive,Objet_23027
Corrosive,Objet_20669
Oxidizing,Objet_07953
Fragile,Objet_17839
Toxic,Objet_07023
Radioactive,Objet_07149
Flammable,Objet_17140
Unspecified,Objet_04428
Food,Objet_16890
Toxic,Objet_08804
Fragile,Objet_26402
Pressurized,Objet_25315
Oxidizing,Objet_07071
Fragile,Objet_24620
Oxidizing,Objet_07030
Pressurized,Objet_04952
Radioactive,Objet_18169
Explosive,Objet_25397
Oxidizing,Objet_18327
Corrosive,Objet_10259
Food,Objet_27062
Oxidizing,Objet_28360
Unspecified,Objet_11038
Radioactive,Objet_13919
Food,Objet_02810
Corrosive,Objet_03166
Oxidizing,Objet_21497
Corrosive,Objet_13876
Fragile,Objet_27370
Food,Objet_25029
Explosive,Objet_28568
Explosive,Objet_25162
Fragile,Objet_23904
Flammable,Objet_19915
Unspecified,Objet_06490
Explosive,Objet_21367
Corrosive,Objet_06940
Fragile,Objet_23071
Toxic,Objet_27715
Unspecified,Objet_21365
Oxidizing,Objet_14034
Radioactive,Objet_21161
Toxic,Objet_22283
Radioactive,Objet_24527
Explosive,Objet_09775
Oxidizing,Objet_10362
Explosive,Objet_26008
Explosive,Objet_15053
Food,Objet_12375
Unspecified,Objet_06872
Unspecified,Objet_23490
Fragile,Objet_15068
Pressurized,Objet_13264
Toxic,Objet_16049
Corrosive,Objet_23850
Corrosive,Objet_17341
Radioactive,Objet_14445
Pressurized,Objet_01287
Oxidizing,Objet_00159
Flammable,Objet_14799
Explosive,Objet_24987
Explosive,Objet_09280
Flammable,Objet_00948
Radioactive,Objet_26488
Corrosive,Objet_20382
Food,Objet_14031
Fragile,Objet_15103
Unspecified,Objet_18731
Fragile,Objet_28995
Unspecified,Objet_14391
Pressurized,Objet_13440
Explosive,Objet_03276
Toxic,Objet_29326
Toxic,Objet_12577
Food,Objet_02066
Corrosive,Objet_22868
Radioactive,Objet_24009
Pressurized,Objet_19676
Radioactive,Objet_15786
Unspecified,Objet_09365
Oxidizing,Objet_01304
Flammable,Objet_01452
Fragile,Objet_12737
Flammable,Objet_25337
Pressurized,Objet_09058
Flammable,Objet_03602
Unspecified,Objet_21677
Toxic,Objet_26272
Radioactive,Objet_24841
Pressurized,Objet_05416
Flammable,Objet_23686
Oxidizing,Objet_01506
Fragile,Objet_13250
Explosive,Objet_19957
Fragile,Objet_05662
Food,Objet_24347
Food,Objet_12772
Fragile,Objet_28587
Corrosive,Objet_14068
Flammable,Objet_22716
Pressurized,Objet_03330
Corrosive,Objet_07759
Fragile,Objet_16219
Toxic,Objet_29467
Pressurized,Objet_24890
Unspecified,Objet_12600
Toxic,Objet_20920
Toxic,Objet_20970
Food,Objet_01496
Food,Objet_09755
Radioactive,Objet_07311
Pressurized,Objet_02530
Radioactive,Objet_12082
Flammable,Objet_02590
Radioactive,Objet_14888
Unspecified,Objet_01126
Oxidizing,Objet_19481
Corrosive,Objet_09594
Radioactive,Objet_01769
Pressurized,Objet_28670
Toxic,Objet_07934
Flammable,Objet_23682
Oxidizing,Objet_28375
Unspecified,Objet_22904
Flammable,Objet_12979
Pressurized,Objet_04485
Flammable,Objet_17132
Fragile,Objet_05605
Toxic,Objet_23383
Toxic,Objet_19462
Unspecified,Objet_11091
Pressurized,Objet_14016
Toxic,Objet_07445
Corrosive,Objet_30106
Radioactive,Objet_02740
Flammable,Objet_04268
Corrosive,Objet_03444
Toxic,Objet_11144
Pressurized,Objet_22006
Flammable,Objet_07539
Radioactive,Objet_28725
Pressurized,Objet_11584
Oxidizing,Objet_13909
Toxic,Objet_27740
Pressurized,Objet_07794
Unspecified,Objet_05711
Fragile,Objet_13620
Unspecified,Objet_21921
Oxidizing,Objet_16657
Corrosive,Objet_26987
Toxic,Objet_09515
Corrosive,Objet_23069
Corrosive,Objet_07779
Toxic,Objet_04586
Fragile,Objet_02836
Flammable,Objet_24391
Unspecified,Objet_28476
Fragile,Objet_12971
Food,Objet_15940
Unspecified,Objet_19385
Unspecified,Objet_02879
Oxidizing,Objet_17243
Radioactive,Objet_19502
Explosive,Objet_05221
Explosive,Objet_09585
Radioactive,Objet_29321
Corrosive,Objet_11563
Explosive,Objet_00616
Flammable,Objet_25642
Unspecified,Objet_14541
Corrosive,Objet_15649
Food,Objet_14622
Oxidizing,Objet_06152
Toxic,Objet_00839
Fragile,Objet_08041
Pressurized,Objet_18911
Oxidizing,Objet_28244
Explosive,Objet_26445
Fragile,Objet_07826
Explosive,Objet_08088
Explosive,Objet_14461
Flammable,Objet_07845
Flammable,Objet_20334
Toxic,Objet_10426
Unspecified,Objet_06040
Pressurized,Objet_26641
Flammable,Objet_07979
Toxic,Objet_04192
Fragile,Objet_14212
Corrosive,Objet_01547
Fragile,Objet_16676
Corrosive,Objet_05455
Toxic,Objet_22559
Radioactive,Objet_29797
Flammable,Objet_27946
Oxidizing,Objet_26433
Toxic,Objet_17016
Unspecified,Objet_06370
Fragile,Objet_04544
Toxic,Objet_02882
Unspecified,Objet_10316
Food,Objet_08212
Radioactive,Objet_29625
Pressurized,Objet_11863
Corrosive,Objet_13274
Explosive,Objet_24484
Toxic,Objet_11809
Fragile,Objet_15162
Corrosive,Objet_06168
Corrosive,Objet_08827
Food,Objet_11975
Food,Objet_09709
Corrosive,Objet_15085
Food,Objet_05627
Radioactive,Objet_05259
Food,Objet_01689
Explosive,Objet_02728
Oxidizing,Objet_02300
Explosive,Objet_01082
Radioactive,Objet_05694
Toxic,Objet_01633
Corrosive,Objet_22185
Pressurized,Objet_21820
Flammable,Objet_29806
Explosive,Objet_11973
Pressurized,Objet_00614
Oxidizing,Objet_20869
Oxidizing,Objet_05162
Flammable,Objet_24019
Radioactive,Objet_07031
Radioactive,Objet_11771
Explosive,Objet_08363
Fragile,Objet_27795
Radioactive,Objet_24331
Explosive,Objet_23179
Toxic,Objet_09394
Unspecified,Objet_04725
Toxic,Objet_06663
Corrosive,Objet_22829
Explosive,Objet_04931
Food,Objet_09528
Corrosive,Objet_13468
Fragile,Objet_28410
Pressurized,Objet_01472
Pressurized,Objet_27380
Toxic,Objet_05909
Toxic,Objet_15194
Food,Objet_02233
Explosive,Objet_24769
Explosive,Objet_20152
Radioactive,Objet_10827
Explosive,Objet_13226
Explosive,Objet_13222
Radioactive,Objet_30018
Flammable,Objet_01551
Toxic,Objet_14728
Explosive,Objet_17777
Explosive,Objet_17708
Oxidizing,Objet_06426
Explosive,Objet_00941
Food,Objet_16084
Explosive,Objet_13862
Corrosive,Objet_11152
Radioactive,Objet_24373
Explosive,Objet_10572
Pressurized,Objet_19388
Pressurized,Objet_22673
Flammable,Objet_05752
Food,Objet_09461
Unspecified,Objet_29632
Unspecified,Objet_12903
Radioactive,Objet_22921
Oxidizing,Objet_19891
Flammable,Objet_00738
Fragile,Objet_05207
Oxidizing,Objet_10142
Radioactive,Objet_12098
Unspecified,Objet_18878
Corrosive,Objet_15965
Fragile,Objet_04191
Pressurized,Objet_18454
Radioactive,Objet_16036
Flammable,Objet_13376
Toxic,Objet_04088
Fragile,Objet_22737
Flammable,Objet_06617
Unspecified,Objet_12452
Unspecified,Objet_24134
Flammable,Objet_06898
Pressurized,Objet_19149
Food,Objet_12906
Toxic,Objet_07877
Oxidizing,Objet_00627
Fragile,Objet_23570
Fragile,Objet_00278
Corrosive,Objet_28264
Explosive,Objet_20256
Toxic,Objet_08711
Flammable,Objet_15795
Explosive,Objet_08808
Radioactive,Objet_02224
Food,Objet_08221
Unspecified,Objet_27341
Corrosive,Objet_26089
Toxic,Objet_24847
Corrosive,Objet_25504
Toxic,Objet_23341
Radioactive,Objet_23229
Flammable,Objet_10468
Oxidizing,Objet_02570
Toxic,Objet_08695
Pressurized,Objet_08441
Toxic,Objet_11842
Flammable,Objet_18248
Oxidizing,Objet_16265
Unspecified,Objet_10162
Radioactive,Objet_08931
Flammable,Objet_23444
Explosive,Objet_10377
Flammable,Objet_16956
Explosive,Objet_10588
Food,Objet_24087
Oxidizing,Objet_16167
Fragile,Objet_11412
Food,Objet_29683
Oxidizing,Objet_12329
Food,Objet_00894
Explosive,Objet_28636
Oxidizing,Objet_09243
Corrosive,Objet_28662
Toxic,Objet_01996
Radioactive,Objet_13322
Pressurized,Objet_29920
Fragile,Objet_02697
Food,Objet_13700
Explosive,Objet_09437
Radioactive,Objet_02912
Radioactive,Objet_29936
Flammable,Objet_23177
Corrosive,Objet_14131
Unspecified,Objet_02735
Radioactive,Objet_06978
Corrosive,Objet_01417
Food,Objet_16447
Unspecified,Objet_07542
Flammable,Objet_16200
Oxidizing,Objet_01597
Corrosive,Objet_25825
Food,Objet_15997
Corrosive,Objet_12100
Fragile,Objet_24306
Pressurized,Objet_25150
Radioactive,Objet_04347
Unspecified,Objet_18312
Radioactive,Objet_10210
Toxic,Objet_03980
Oxidizing,Objet_16941
Food,Objet_07835
Flammable,Objet_02407
Explosive,Objet_21920
Flammable,Objet_21480
Pressurized,Objet_17267
Flammable,Objet_08989
Corrosive,Objet_19398
Unspecified,Objet_25378
Explosive,Objet_20466
Oxidizing,Objet_06906
Flammable,Objet_26328
Radioactive,Objet_04849
Oxidizing,Objet_01008
Pressurized,Objet_09712
Food,Objet_09161
Pressurized,Objet_02399
Food,Objet_15042
Pressurized,Objet_02422
Pressurized,Objet_19441
Explosive,Objet_19057
Explosive,Objet_17828
Food,Objet_24695
Fragile,Objet_24906
Radioactive,Objet_29682
Toxic,Objet_05095
Food,Objet_14968
Toxic,Objet_24000
Explosive,Objet_15990
Flammable,Objet_12520
Unspecified,Objet_21846
Unspecified,Objet_23791
Corrosive,Objet_13420
Pressurized,Objet_01103
Oxidizing,Objet_24499
Oxidizing,Objet_29329
Corrosive,Objet_11220
Oxidizing,Objet_18652
Radioactive,Objet_22947
Oxidizing,Objet_03201
Toxic,Objet_20223
Food,Objet_26201
Toxic,Objet_06173
Toxic,Objet_21990
Explosive,Objet_02542
Pressurized,Objet_23601
Flammable,Objet_29536
Corrosive,Objet_14372
Fragile,Objet_26110
Radioactive,Objet_26541
Radioactive,Objet_20932
Pressurized,Objet_05304
Corrosive,Objet_05518
Corrosive,Objet_11245
Fragile,Objet_05726
Pressurized,Objet_22150
Fragile,Objet_18313
Explosive,Objet_04800
Fragile,Objet_07323
Toxic,Objet_10600
Explosive,Objet_26481
Explosive,Objet_25994
Toxic,Objet_19758
Toxic,Objet_25051
Unspecified,Objet_06788
Oxidizing,Objet_19786
Corrosive,Objet_18627
Toxic,Objet_07821
Fragile,Objet_23774
Food,Objet_00285
Flammable,Objet_13052
Radioactive,Objet_14785
Flammable,Objet_23953
Flammable,Objet_08935
Flammable,Objet_17686
Unspecified,Objet_15049
Food,Objet_06764
Oxidizing,Objet_16032
Food,Objet_27943
Oxidizing,Objet_17025
Food,Objet_08707
Fragile,Objet_03145
Pressurized,Objet_24805
Corrosive,Objet_21545
Food,Objet_01874
Unspecified,Objet_17983
Unspecified,Objet_12087
Toxic,Objet_21954
Unspecified,Objet_12936
Oxidizing,Objet_29035
Corrosive,Objet_01247
Flammable,Objet_17315
Food,Objet_26382
Fragile,Objet_23357
Explosive,Objet_06964
Fragile,Objet_13535
Explosive,Objet_15253
Radioactive,Objet_17825
Fragile,Objet_20004
Corrosive,Objet_26730
Explosive,Objet_23576
Fragile,Objet_14066
Pressurized,Objet_25285
Toxic,Objet_06327
Oxidizing,Objet_14568
Fragile,Objet_11958
Oxidizing,Objet_11701
Pressurized,Objet_08060
Radioactive,Objet_00789
Food,Objet_13414
Fragile,Objet_00405
Oxidizing,Objet_15239
Corrosive,Objet_20843
Corrosive,Objet_02851
Oxidizing,Objet_23583
Fragile,Objet_01086
Pressurized,Objet_04321
Toxic,Objet_09201
Oxidizing,Objet_24678
Food,Objet_23893
Unspecified,Objet_16868
Radioactive,Objet_22033
Oxidizing,Objet_00412
Explosive,Objet_27298
Toxic,Objet_18680
Unspecified,Objet_14091
Pressurized,Objet_07579
Explosive,Objet_16551
Pressurized,Objet_05817
Pressurized,Objet_09725
Corrosive,Objet_17390
Unspecified,Objet_04407
Corrosive,Objet_24730
Oxidizing,Objet_27745
Pressurized,Objet_19154
Oxidizing,Objet_16298
Flammable,Objet_11542
Corrosive,Objet_06485
Flammable,Objet_13775
Food,Objet_01377
Corrosive,Objet_02395
Oxidizing,Objet_19580
Explosive,Objet_11856
Corrosive,Objet_22277
Fragile,Objet_09624
Food,Objet_18353
Oxidizing,Objet_01635
Explosive,Objet_29311
Food,Objet_09726
Flammable,Objet_00503
Explosive,Objet_25859
Flammable,Objet_00817
Explosive,Objet_01383
Pressurized,Objet_22821
Oxidizing,Objet_13719
Explosive,Objet_09934
Corrosive,Objet_30137
Flammable,Objet_21948
Explosive,Objet_13849
Oxidizing,Objet_08428
Radioactive,Objet_10853
Fragile,Objet_12395
Oxidizing,Objet_10037
Toxic,Objet_26365
Unspecified,Objet_10088
Food,Objet_00082
Flammable,Objet_24002
Toxic,Objet_28331
Radioactive,Objet_11197
Corrosive,Objet_20068
Oxidizing,Objet_20331
Radioactive,Objet_30083
Fragile,Objet_14613
Radioactive,Objet_20211
Oxidizing,Objet_03755
Pressurized,Objet_22882
Fragile,Objet_27346
Fragile,Objet_25310
Oxidizing,Objet_15711
Corrosive,Objet_12112
Pressurized,Objet_27776
Food,Objet_20585
Corrosive,Objet_11290
Unspecified,Objet_01322
Fragile,Objet_14934
Explosive,Objet_03842
Food,Objet_01477
Unspecified,Objet_06710
Corrosive,Objet_20633
Oxidizing,Objet_08541
Corrosive,Objet_07412
Toxic,Objet_29485
Radioactive,Objet_26129
Explosive,Objet_02831
Radioactive,Objet_16541
Pressurized,Objet_28315
Pressurized,Objet_24464
Fragile,Objet_04460
Corrosive,Objet_09776
Pressurized,Objet_14927
Unspecified,Objet_12947
Oxidizing,Objet_28104
Radioactive,Objet_05271
Food,Objet_03011
Flammable,Objet_12302
Explosive,Objet_29445
Radioactive,Objet_09993
Toxic,Objet_08407
Radioactive,Objet_29646
Oxidizing,Objet_10301
Oxidizing,Objet_09507
Fragile,Objet_13346
Radioactive,Objet_15896
Radioactive,Objet_01396
Oxidizing,Objet_23180
Radioactive,Objet_05437
Corrosive,Objet_15797
Fragile,Objet_25734
Pressurized,Objet_21078
Unspecified,Objet_24433
Oxidizing,Objet_26608
Corrosive,Objet_16770
Corrosive,Objet_30153
Corrosive,Objet_10805
Unspecified,Objet_06855
Explosive,Objet_11265
Radioactive,Objet_09692
Radioactive,Objet_16651
Unspecified,Objet_14175
Corrosive,Objet_11546
Radioactive,Objet_10332
Food,Objet_08605
Fragile,Objet_06384
Unspecified,Objet_23629
Food,Objet_29634
Explosive,Objet_19521
Fragile,Objet_30073
Toxic,Objet_26944
Toxic,Objet_16585
Flammable,Objet_25192
Explosive,Objet_27870
Food,Objet_02754
Explosive,Objet_17098
Unspecified,Objet_26242
Explosive,Objet_22837
Explosive,Objet_16482
Toxic,Objet_21885
Oxidizing,Objet_21001
Oxidizing,Objet_06909
Flammable,Objet_07902
Corrosive,Objet_18175
Radioactive,Objet_22612
Corrosive,Objet_25161
Pressurized,Objet_27536
Flammable,Objet_27890
Fragile,Objet_09685
Corrosive,Objet_25730
Oxidizing,Objet_23503
Toxic,Objet_20340
Food,Objet_12997
Corrosive,Objet_17177
Unspecified,Objet_23106
Food,Objet_01051
Radioactive,Objet_05863
Radioactive,Objet_00621
Explosive,Objet_25521
Toxic,Objet_25280
Fragile,Objet_08754
Radioactive,Objet_00579
Radioactive,Objet_11317
Fragile,Objet_00565
Unspecified,Objet_00940
Flammable,Objet_00668
Fragile,Objet_28482
Flammable,Objet_29235
Radioactive,Objet_21295
Radioactive,Objet_05153
Toxic,Objet_24044
Toxic,Objet_20652
Flammable,Objet_20378
Pressurized,Objet_05233
Oxidizing,Objet_19540
Explosive,Objet_21102
Unspecified,Objet_13138
Unspecified,Objet_10266
Flammable,Objet_07296
Corrosive,Objet_22464
Pressurized,Objet_10109
Toxic,Objet_04176
Flammable,Objet_29069
Flammable,Objet_19156
Toxic,Objet_21705
Unspecified,Objet_11931
Corrosive,Objet_05241
Corrosive,Objet_19370
Explosive,Objet_13268
Radioactive,Objet_24764
Pressurized,Objet_19793
Toxic,Objet_16753
Corrosive,Objet_10137
Unspecified,Objet_01659
Pressurized,Objet_22273
Food,Objet_03293
Flammable,Objet_27462
Fragile,Objet_06621
Radioactive,Objet_15595
Food,Objet_05458
Toxic,Objet_15367
Flammable,Objet_19445
Flammable,Objet_12261
Fragile,Objet_20626
Corrosive,Objet_03434
Oxidizing,Objet_17691
Radioactive,Objet_08647
Corrosive,Objet_15883
Explosive,Objet_25625
Radioactive,Objet_01660
Flammable,Objet_20540
Radioactive,Objet_20348
Food,Objet_04898
Food,Objet_01243
Unspecified,Objet_16173
Food,Objet_26417
Radioactive,Objet_06676
Toxic,Objet_16348
Flammable,Objet_13284
Pressurized,Objet_30107
Explosive,Objet_16898
Food,Objet_07006
Corrosive,Objet_13995
Explosive,Objet_03209
Fragile,Objet_22135
Toxic,Objet_05227
Unspecified,Objet_16230
Fragile,Objet_19615
Pressurized,Objet_24307
Explosive,Objet_16638
Flammable,Objet_22979
Flammable,Objet_06274
Flammable,Objet_11250
Food,Objet_11153
Pressurized,Objet_15467
Corrosive,Objet_03259
Fragile,Objet_14019
Unspecified,Objet_12092
Fragile,Objet_21530
Toxic,Objet_02453
Flammable,Objet_29869
Fragile,Objet_01137
Flammable,Objet_15307
Toxic,Objet_08142
Explosive,Objet_12449
Flammable,Objet_19986
Pressurized,Objet_00120
Food,Objet_00853
Radioactive,Objet_08350
Flammable,Objet_15392
Explosive,Objet_20274
Fragile,Objet_25646
Flammable,Objet_25124
Pressurized,Objet_04237
Unspecified,Objet_00969
Corrosive,Objet_07267
Flammable,Objet_10730
Fragile,Objet_16401
Explosive,Objet_15354
Radioactive,Objet_04068
Pressurized,Objet_03248
Unspecified,Objet_15201
Oxidizing,Objet_20642
Fragile,Objet_17438
Oxidizing,Objet_26192
Oxidizing,Objet_08313
Toxic,Objet_22126
Corrosive,Objet_00097
Unspecified,Objet_05900
Oxidizing,Objet_21410
Fragile,Objet_13745
Pressurized,Objet_03133
Oxidizing,Objet_03322
Corrosive,Objet_22194
Pressurized,Objet_17712
Corrosive,Objet_24097
Corrosive,Objet_06983
Explosive,Objet_14588
Oxidizing,Objet_15073
Oxidizing,Objet_00843
Unspecified,Objet_13159
Toxic,Objet_16405
Toxic,Objet_04083
Toxic,Objet_06379
Toxic,Objet_13444
Fragile,Objet_24563
Fragile,Objet_27111
Explosive,Objet_15858
Toxic,Objet_17113
Corrosive,Objet_06607
Unspecified,Objet_15835
Fragile,Objet_18347
Toxic,Objet_12802
Toxic,Objet_16733
Flammable,Objet_22425
Oxidizing,Objet_16939
Explosive,Objet_04710
Corrosive,Objet_18694
Oxidizing,Objet_28827
Unspecified,Objet_21427
Flammable,Objet_24658
Explosive,Objet_14565
Explosive,Objet_14494
Oxidizing,Objet_04067
Fragile,Objet_20088
Pressurized,Objet_19803
Toxic,Objet_21294
Corrosive,Objet_06380
Radioactive,Objet_13755
Radioactive,Objet_21241
Explosive,Objet_13218
Corrosive,Objet_15652
Corrosive,Objet_14522
Oxidizing,Objet_23268
Fragile,Objet_29910
Oxidizing,Objet_16268
Food,Objet_16203
Food,Objet_19040
Fragile,Objet_28693
Food,Objet_13483
Unspecified,Objet_26094
Fragile,Objet_16247
Pressurized,Objet_17770
Oxidizing,Objet_08955
Radioactive,Objet_25548
Unspecified,Objet_04854
Unspecified,Objet_23763
Radioactive,Objet_20396
Radioactive,Objet_04168
Oxidizing,Objet_22999
Corrosive,Objet_08008
Corrosive,Objet_29599
Unspecified,Objet_08922
Food,Objet_09475
Fragile,Objet_27708
Oxidizing,Objet_06072
Food,Objet_11762
Flammable,Objet_13509
Oxidizing,Objet_26146
Oxidizing,Objet_17651
Toxic,Objet_07983
Corrosive,Objet_26818
Explosive,Objet_05215
Corrosive,Objet_25064
Oxidizing,Objet_07309
Pressurized,Objet_07910
Explosive,Objet_12598
Unspecified,Objet_17932
Pressurized,Objet_02850
Unspecified,Objet_28282
Food,Objet_00341
Oxidizing,Objet_07786
Corrosive,Objet_22622
Toxic,Objet_07404
Flammable,Objet_28758
Fragile,Objet_20188
Radioactive,Objet_20213
Toxic,Objet_00494
Toxic,Objet_18498
Explosive,Objet_20431
Food,Objet_07601
Explosive,Objet_16915
Unspecified,Objet_01720
Food,Objet_03766
Food,Objet_29038
Corrosive,Objet_26176
Radioactive,Objet_03826
Toxic,Objet_20644
Flammable,Objet_04165
Corrosive,Objet_00691
Food,Objet_11727
Fragile,Objet_17533
Pressurized,Objet_07866
Unspecified,Objet_29525
Explosive,Objet_09549
Corrosive,Objet_15099
Corrosive,Objet_04252
Explosive,Objet_02973
Toxic,Objet_21969
Radioactive,Objet_00852
Explosive,Objet_18859
Unspecified,Objet_15908
Pressurized,Objet_27928
Explosive,Objet_27204
Fragile,Objet_16674
Toxic,Objet_06716
Corrosive,Objet_01464
Pressurized,Objet_03231
Flammable,Objet_09719
Oxidizing,Objet_29033
Fragile,Objet_13730
Food,Objet_25341
Flammable,Objet_15393
Unspecified,Objet_13113
Corrosive,Objet_14839
Food,Objet_17406
Flammable,Objet_13527
Unspecified,Objet_11811
Unspecified,Objet_23164
Unspecified,Objet_22349
Toxic,Objet_04872
Pressurized,Objet_28479
Oxidizing,Objet_18977
Unspecified,Objet_26512
Corrosive,Objet_02592
Toxic,Objet_28456
Food,Objet_06163
Fragile,Objet_01317
Food,Objet_23359
Flammable,Objet_05367
Oxidizing,Objet_25071
Food,Objet_24547
Radioactive,Objet_11170
Radioactive,Objet_13561
Corrosive,Objet_18009
Explosive,Objet_07900
Unspecified,Objet_11777
Explosive,Objet_15125
Food,Objet_03264
Unspecified,Objet_28220
Radioactive,Objet_13918
Corrosive,Objet_24107
Radioactive,Objet_29992
Oxidizing,Objet_29698
Unspecified,Objet_16672
Fragile,Objet_07510
Food,Objet_21623
Toxic,Objet_01077
Explosive,Objet_11195
Unspecified,Objet_03381
Radioactive,Objet_25916
Corrosive,Objet_25620
Toxic,Objet_23573
Corrosive,Objet_25589
Radioactive,Objet_02431
Oxidizing,Objet_06109
Toxic,Objet_24806
Food,Objet_20515
Toxic,Objet_12293
Explosive,Objet_25495
Toxic,Objet_14409
Food,Objet_05941
Oxidizing,Objet_10414
Unspecified,Objet_28121
Corrosive,Objet_16938
Unspecified,Objet_13782
Pressurized,Objet_21403
Oxidizing,Objet_01880
Unspecified,Objet_18247
Toxic,Objet_23879
Oxidizing,Objet_26329
Unspecified,Objet_17905
Toxic,Objet_10686
Toxic,Objet_13902
Oxidizing,Objet_22895
Unspecified,Objet_04353
Food,Objet_16777
Radioactive,Objet_14089
Radioactive,Objet_10086
Explosive,Objet_05631
Food,Objet_12803
Unspecified,Objet_20902
Fragile,Objet_21406
Corrosive,Objet_14206
Unspecified,Objet_22301
Fragile,Objet_27023
Unspecified,Objet_06412
Radioactive,Objet_12465
Corrosive,Objet_16290
Corrosive,Objet_10725
Corrosive,Objet_24820
Toxic,Objet_29435
Explosive,Objet_25257
Unspecified,Objet_21779
Pressurized,Objet_07282
Fragile,Objet_06492
Flammable,Objet_22372
Fragile,Objet_18499
Flammable,Objet_16395
Oxidizing,Objet_19613
Radioactive,Objet_13065
Explosive,Objet_12715
Flammable,Objet_13392
Unspecified,Objet_28261
Corrosive,Objet_10739
Flammable,Objet_24794
Food,Objet_08979
Corrosive,Objet_26930
Oxidizing,Objet_05448
Fragile,Objet_20411
Fragile,Objet_04005
Flammable,Objet_25862
Fragile,Objet_26905
Radioactive,Objet_08978
Explosive,Objet_19326
Food,Objet_16110
Flammable,Objet_06402
Corrosive,Objet_18816
Toxic,Objet_12432
Explosive,Objet_20448
Food,Objet_04389
Corrosive,Objet_16975
Toxic,Objet_18162
Explosive,Objet_12930
Corrosive,Objet_09756
Flammable,Objet_26451
Corrosive,Objet_10066
Pressurized,Objet_02986
Pressurized,Objet_14974
Flammable,Objet_03088
Oxidizing,Objet_14947
Toxic,Objet_26112
Unspecified,Objet_29264
Explosive,Objet_24981
Pressurized,Objet_01301
Unspecified,Objet_04435
Oxidizing,Objet_14925
Explosive,Objet_03027
Oxidizing,Objet_25181
Toxic,Objet_02410
Flammable,Objet_03065
Oxidizing,Objet_27838
Food,Objet_25121
Unspecified,Objet_29369
Corrosive,Objet_07774
Fragile,Objet_19476
Radioactive,Objet_10417
Fragile,Objet_06039
Flammable,Objet_21849
Pressurized,Objet_08423
Fragile,Objet_00572
Fragile,Objet_12491
Explosive,Objet_25411
Explosive,Objet_24936
Fragile,Objet_25658
Corrosive,Objet_12233
Explosive,Objet_00384
Corrosive,Objet_22312
Radioactive,Objet_20289
Unspecified,Objet_06394
Unspecified,Objet_08809
Radioactive,Objet_22535
Fragile,Objet_15659
Oxidizing,Objet_09116
Radioactive,Objet_14845
Pressurized,Objet_29240
Flammable,Objet_18874
Explosive,Objet_02456
Fragile,Objet_07976
Flammable,Objet_24157
Flammable,Objet_24609
Toxic,Objet_29120
Fragile,Objet_03326
Flammable,Objet_03838
Flammable,Objet_05141
Food,Objet_20100
Radioactive,Objet_04743
Explosive,Objet_16112
Corrosive,Objet_24681
Food,Objet_29450
Corrosive,Objet_23470
Pressurized,Objet_05795
Unspecified,Objet_13199
Radioactive,Objet_17915
Radioactive,Objet_29224
Toxic,Objet_02982
Food,Objet_09702
Radioactive,Objet_00176
Explosive,Objet_06543
Flammable,Objet_16366
Explosive,Objet_09748
Food,Objet_09991
Food,Objet_09984
Explosive,Objet_27352
Radioactive,Objet_12673
Fragile,Objet_17237
Oxidizing,Objet_01398
Food,Objet_05678
Toxic,Objet_21847
Oxidizing,Objet_05984
Oxidizing,Objet_21114
Food,Objet_01147
Unspecified,Objet_12770
Unspecified,Objet_27454
Flammable,Objet_16022
Oxidizing,Objet_17451
Oxidizing,Objet_14124
Explosive,Objet_05333
Pressurized,Objet_27094
Explosive,Objet_25184
Fragile,Objet_26025
Food,Objet_16363
Food,Objet_19543
Unspecified,Objet_09330
Fragile,Objet_00245
Explosive,Objet_23410
Food,Objet_29078
Fragile,Objet_21302
Explosive,Objet_10163
Fragile,Objet_27488
Pressurized,Objet_26862
Flammable,Objet_17831
Radioactive,Objet_20846
Explosive,Objet_19641
Oxidizing,Objet_26408
Unspecified,Objet_27722
Food,Objet_19391
Flammable,Objet_27511
Unspecified,Objet_08081
Radioactive,Objet_16488
Food,Objet_20056
Corrosive,Objet_04113
Oxidizing,Objet_14831
Radioactive,Objet_03295
Pressurized,Objet_05852
Oxidizing,Objet_07273
Corrosive,Objet_25269
Flammable,Objet_26766
Fragile,Objet_29540
Corrosive,Objet_19127
Corrosive,Objet_19953
Toxic,Objet_25123
Explosive,Objet_02749
Unspecified,Objet_23584
Toxic,Objet_02049
Radioactive,Objet_18190
Unspecified,Objet_02369
Unspecified,Objet_06547
Food,Objet_24268
Toxic,Objet_18369
Radioactive,Objet_17627
Food,Objet_08128
Corrosive,Objet_27817
Pressurized,Objet_00799
Toxic,Objet_28132
Food,Objet_29841
Corrosive,Objet_29957
Pressurized,Objet_30025
Oxidizing,Objet_14809
Food,Objet_25869
Explosive,Objet_28204
Corrosive,Objet_21407
Oxidizing,Objet_16487
Flammable,Objet_18472
Corrosive,Objet_02343
Flammable,Objet_04780
Explosive,Objet_26829
Food,Objet_03913
Corrosive,Objet_05315
Explosive,Objet_25206
Radioactive,Objet_22354
Food,Objet_23112
Pressurized,Objet_20878
Explosive,Objet_07290
Pressurized,Objet_15601
Oxidizing,Objet_23930
Radioactive,Objet_01204
Toxic,Objet_27162
Toxic,Objet_18416
Pressurized,Objet_03400
Pressurized,Objet_13612
Corrosive,Objet_08909
Explosive,Objet_29019
Unspecified,Objet_26342
Unspecified,Objet_04980
Pressurized,Objet_13688
Food,Objet_25633
Corrosive,Objet_08576
Corrosive,Objet_12013
Fragile,Objet_26105
Food,Objet_28954
Toxic,Objet_14560
Flammable,Objet_24799
Pressurized,Objet_19047
Oxidizing,Objet_17382
Food,Objet_10595
Radioactive,Objet_29561
Pressurized,Objet_07485
Toxic,Objet_16263
Flammable,Objet_24513
Fragile,Objet_25215
Radioactive,Objet_26878
Toxic,Objet_21770
Flammable,Objet_20770
Fragile,Objet_04442
Food,Objet_19713
Fragile,Objet_15473
Flammable,Objet_12134
Explosive,Objet_24215
Oxidizing,Objet_09048
Radioactive,Objet_02951
Oxidizing,Objet_08575
Fragile,Objet_05422
Oxidizing,Objet_27845
Explosive,Objet_13425
Flammable,Objet_06881
Food,Objet_29937
Food,Objet_05505
Fragile,Objet_11384
Explosive,Objet_02706
Food,Objet_28999
Explosive,Objet_09754
Unspecified,Objet_09480
Pressurized,Objet_23252
Food,Objet_14278
Radioactive,Objet_19815
Unspecified,Objet_25820
Food,Objet_13055
Corrosive,Objet_27331
Unspecified,Objet_26725
Food,Objet_07560
Radioactive,Objet_23195
Flammable,Objet_04198
Pressurized,Objet_03033
Unspecified,Objet_29259
Flammable,Objet_07240
Pressurized,Objet_21957
Flammable,Objet_14009
Pressurized,Objet_26746
Food,Objet_03002
Unspecified,Objet_12625
Unspecified,Objet_01069
Pressurized,Objet_09267
Unspecified,Objet_13746
Explosive,Objet_15251
Food,Objet_21286
Fragile,Objet_13910
Pressurized,Objet_08603
Toxic,Objet_01010
Pressurized,Objet_18598
Radioactive,Objet_05099
Corrosive,Objet_02341
Toxic,Objet_06688
Toxic,Objet_12927
Explosive,Objet_23433
Food,Objet_07254
Oxidizing,Objet_19136
Pressurized,Objet_19814
Corrosive,Objet_28201
Oxidizing,Objet_12719
Oxidizing,Objet_06532
Oxidizing,Objet_13176
Corrosive,Objet_24762
Toxic,Objet_19318
Flammable,Objet_16538
Corrosive,Objet_14385
Corrosive,Objet_10798
Oxidizing,Objet_24356
Pressurized,Objet_23530
Fragile,Objet_00624
Corrosive,Objet_05885
Unspecified,Objet_11329
Fragile,Objet_02327
Pressurized,Objet_12490
Food,Objet_28402
Flammable,Objet_03034
Corrosive,Objet_09981
Oxidizing,Objet_06315
Toxic,Objet_02695
Fragile,Objet_18596
Corrosive,Objet_27144
Oxidizing,Objet_27570
Explosive,Objet_01779
Radioactive,Objet_08223
Corrosive,Objet_05539
Flammable,Objet_19436
Corrosive,Objet_22894
Radioactive,Objet_26006
Pressurized,Objet_29605
Explosive,Objet_02734
Flammable,Objet_25811
Unspecified,Objet_28878
Oxidizing,Objet_16783
Flammable,Objet_20379
Explosive,Objet_27237
Unspecified,Objet_09657
Radioactive,Objet_01423
Flammable,Objet_15691
Explosive,Objet_20091
Flammable,Objet_06139
Toxic,Objet_13564
Oxidizing,Objet_07077
Explosive,Objet_24926
Toxic,Objet_13471
Explosive,Objet_06994
Corrosive,Objet_09744
Corrosive,Objet_28967
Unspecified,Objet_10411
Fragile,Objet_04721
Flammable,Objet_06810
Unspecified,Objet_09977
Pressurized,Objet_24933
Oxidizing,Objet_09614
Radioactive,Objet_26244
Corrosive,Objet_07659
Unspecified,Objet_06811
Flammable,Objet_19463
Fragile,Objet_27141
Pressurized,Objet_18477
Corrosive,Objet_24070
Corrosive,Objet_01786
Flammable,Objet_13333
Oxidizing,Objet_27833
Flammable,Objet_05920
Flammable,Objet_10645
Toxic,Objet_00858
Corrosive,Objet_20073
Pressurized,Objet_22103
Flammable,Objet_04817
Fragile,Objet_21628
Pressurized,Objet_09764
Pressurized,Objet_05158
Radioactive,Objet_22100
Food,Objet_15833
Fragile,Objet_04317
Food,Objet_08898
Food,Objet_09259
Pressurized,Objet_04994
Flammable,Objet_24668
Flammable,Objet_10721
Toxic,Objet_22332
Radioactive,Objet_14822
Pressurized,Objet_04307
Explosive,Objet_07172
Pressurized,Objet_26707
Radioactive,Objet_23753
Food,Objet_01545
Unspecified,Objet_22342
Toxic,Objet_09717
Explosive,Objet_10554
Pressurized,Objet_03668
Oxidizing,Objet_03807
Food,Objet_15876
Fragile,Objet_01623
Unspecified,Objet_04705
Food,Objet_12284
Unspecified,Objet_23886
Pressurized,Objet_19675
Corrosive,Objet_05971
Oxidizing,Objet_04484
Food,Objet_06033
Corrosive,Objet_19367
Food,Objet_08521
Food,Objet_28642
Flammable,Objet_07338
Flammable,Objet_29652
Unspecified,Objet_24530
Oxidizing,Objet_19465
Corrosive,Objet_22501
Toxic,Objet_09282
Unspecified,Objet_01288
Flammable,Objet_26428
Corrosive,Objet_04409
Corrosive,Objet_27412
Flammable,Objet_03519
Oxidizing,Objet_15936
Toxic,Objet_15019
Corrosive,Objet_11223
Toxic,Objet_15881
Radioactive,Objet_27136
Flammable,Objet_24295
Unspecified,Objet_02984
Toxic,Objet_22344
Pressurized,Objet_03274
Unspecified,Objet_04243
Toxic,Objet_07766
Radioactive,Objet_27991
Radioactive,Objet_05015
Radioactive,Objet_08195
Flammable,Objet_08656
Toxic,Objet_01746
Corrosive,Objet_12437
Pressurized,Objet_20060
Explosive,Objet_13943
Explosive,Objet_18954
Explosive,Objet_09357
Fragile,Objet_24702
Unspecified,Objet_17493
Food,Objet_08882
Oxidizing,Objet_01331
Toxic,Objet_04762
Flammable,Objet_15503
Flammable,Objet_09388
Food,Objet_08040
Toxic,Objet_00228
Radioactive,Objet_26644
Food,Objet_14878
Fragile,Objet_13946
Oxidizing,Objet_18052
Fragile,Objet_27143
Toxic,Objet_13137
Toxic,Objet_25814
Flammable,Objet_02163
Fragile,Objet_06876
Corrosive,Objet_21875
Explosive,Objet_00465
Toxic,Objet_29648
Flammable,Objet_09232
Corrosive,Objet_04578
Pressurized,Objet_27518
Radioactive,Objet_00334
Fragile,Objet_14254
Oxidizing,Objet_01292
Flammable,Objet_00447
Radioactive,Objet_26237
Pressurized,Objet_07943
Corrosive,Objet_19331
Food,Objet_05020
Corrosive,Objet_19375
Corrosive,Objet_11870
Flammable,Objet_02132
Corrosive,Objet_27173
Toxic,Objet_06935
Toxic,Objet_09105
Toxic,Objet_16515
Pressurized,Objet_11302
Flammable,Objet_02457
Pressurized,Objet_10001
Corrosive,Objet_06085
Flammable,Objet_29899
Flammable,Objet_02150
Corrosive,Objet_27124
Unspecified,Objet_13369
Flammable,Objet_21400
Fragile,Objet_02263
Flammable,Objet_16411
Flammable,Objet_03761
Pressurized,Objet_27438
Explosive,Objet_09510
Pressurized,Objet_14405
Unspecified,Objet_21072
Fragile,Objet_14208
Explosive,Objet_01661
Flammable,Objet_30144
Flammable,Objet_08816
Corrosive,Objet_09008
Oxidizing,Objet_10840
Fragile,Objet_29558
Oxidizing,Objet_27749
Toxic,Objet_24951
Corrosive,Objet_08365
Unspecified,Objet_11628
Pressurized,Objet_24902
Unspecified,Objet_21845
Unspecified,Objet_08553
Pressurized,Objet_03529
Explosive,Objet_19563
Oxidizing,Objet_11273
Oxidizing,Objet_17342
Toxic,Objet_16454
Unspecified,Objet_00841
Corrosive,Objet_24086
Oxidizing,Objet_04156
Explosive,Objet_16179
Explosive,Objet_13144
Radioactive,Objet_27779
Oxidizing,Objet_15968
Pressurized,Objet_12842
Oxidizing,Objet_12601
Food,Objet_16300
Oxidizing,Objet_05720
Fragile,Objet_16130
Corrosive,Objet_29261
Food,Objet_25707
Food,Objet_06148
Fragile,Objet_26736
Flammable,Objet_22644
Pressurized,Objet_16986
Unspecified,Objet_08301
Toxic,Objet_03442
Food,Objet_02923
Fragile,Objet_02054
Food,Objet_24243
Pressurized,Objet_16425
Food,Objet_26717
Toxic,Objet_10191
Toxic,Objet_18181
Oxidizing,Objet_09132
Food,Objet_25379
Radioactive,Objet_28795
Food,Objet_23232
Radioactive,Objet_24483
Flammable,Objet_00597
Pressurized,Objet_13658
Oxidizing,Objet_11964
Fragile,Objet_13572
Fragile,Objet_23749
Oxidizing,Objet_18921
Toxic,Objet_16056
Radioactive,Objet_22325
Radioactive,Objet_09242
Food,Objet_19567
Corrosive,Objet_16725
Flammable,Objet_14794
Corrosive,Objet_14583
Unspecified,Objet_26288
Unspecified,Objet_22952
Toxic,Objet_20164
Toxic,Objet_20629
Flammable,Objet_23026
Oxidizing,Objet_29603
Pressurized,Objet_27205
Oxidizing,Objet_22867
Flammable,Objet_16646
Explosive,Objet_04124
Flammable,Objet_24189
Food,Objet_07248
Toxic,Objet_26269
Food,Objet_08616
Unspecified,Objet_25135
Radioactive,Objet_07644
Pressurized,Objet_00002
Flammable,Objet_18574
Explosive,Objet_01532
Food,Objet_10547
Toxic,Objet_23517
Explosive,Objet_13060
Unspecified,Objet_11548
Toxic,Objet_20532
Food,Objet_23726
Fragile,Objet_07886
Toxic,Objet_08854
Fragile,Objet_07069
Pressurized,Objet_08557
Toxic,Objet_17568
Toxic,Objet_19381
Unspecified,Objet_01091
Food,Objet_22736
Radioactive,Objet_13900
Food,Objet_01864
Flammable,Objet_23919
Oxidizing,Objet_10476
Toxic,Objet_25404
Explosive,Objet_13195
Fragile,Objet_23333
Radioactive,Objet_11142
Flammable,Objet_22615
Pressurized,Objet_07166
Flammable,Objet_03053
Flammable,Objet_08154
Unspecified,Objet_00995
Food,Objet_27531
Food,Objet_04213
Fragile,Objet_14428
Food,Objet_20773
Radioactive,Objet_01540
Radioactive,Objet_09880
Corrosive,Objet_03360
Oxidizing,Objet_01984
Pressurized,Objet_23121
Fragile,Objet_10399
Explosive,Objet_05393
Radioactive,Objet_15917
Food,Objet_03510
Food,Objet_16364
Unspecified,Objet_10199
Corrosive,Objet_08082
Unspecified,Objet_29675
Radioactive,Objet_25082
Unspecified,Objet_08019
Oxidizing,Objet_14748
Radioactive,Objet_04423
Corrosive,Objet_25208
Unspecified,Objet_24049
Flammable,Objet_23952
Radioactive,Objet_25958
Pressurized,Objet_18660
Toxic,Objet_06240
Unspecified,Objet_01161
Unspecified,Objet_08782
Food,Objet_25053
Pressurized,Objet_29413
Toxic,Objet_10519
Food,Objet_15126
Explosive,Objet_22961
Pressurized,Objet_28106
Fragile,Objet_02552
Unspecified,Objet_16223
Radioactive,Objet_19517
Corrosive,Objet_08826
Flammable,Objet_18305
Explosive,Objet_01578
Oxidizing,Objet_08598
Explosive,Objet_04215
Fragile,Objet_23766
Corrosive,Objet_19717
Toxic,Objet_24351
Unspecified,Objet_25849
Food,Objet_27910
Corrosive,Objet_28124
Explosive,Objet_18105
Pressurized,Objet_12713
Toxic,Objet_10092
Fragile,Objet_00935
Radioactive,Objet_02264
Fragile,Objet_01458
Fragile,Objet_27485
Radioactive,Objet_02628
Unspecified,Objet_13608
Explosive,Objet_03896
Unspecified,Objet_01910
Pressurized,Objet_05293
Corrosive,Objet_04782
Explosive,Objet_16653
Corrosive,Objet_11572
Toxic,Objet_21224
Oxidizing,Objet_11763
Corrosive,Objet_27596
Fragile,Objet_09380
Pressurized,Objet_27995
Flammable,Objet_01060
Explosive,Objet_25364
Explosive,Objet_08463
Pressurized,Objet_02691
Oxidizing,Objet_16035
Oxidizing,Objet_17656
Oxidizing,Objet_16340
Radioactive,Objet_26121
Oxidizing,Objet_15422
Radioactive,Objet_17336
Pressurized,Objet_27753
Pressurized,Objet_26508
Explosive,Objet_15001
Radioactive,Objet_23267
Fragile,Objet_22638
Corrosive,Objet_13050
Flammable,Objet_21553
Toxic,Objet_07310
Corrosive,Objet_27739
Corrosive,Objet_08396
Flammable,Objet_00169
Toxic,Objet_25919
Unspecified,Objet_18250
Corrosive,Objet_09708
Unspecified,Objet_15291
Unspecified,Objet_23829
Pressurized,Objet_19694
Fragile,Objet_13315
Flammable,Objet_00920
Flammable,Objet_10007
Food,Objet_08595
Fragile,Objet_26411
Fragile,Objet_10864
Corrosive,Objet_26796
Explosive,Objet_05175
Food,Objet_28001
Unspecified,Objet_02574
Unspecified,Objet_12933
Oxidizing,Objet_24714
Pressurized,Objet_06013
Radioactive,Objet_05760
Food,Objet_09430
Explosive,Objet_27720
Corrosive,Objet_28064
Corrosive,Objet_03077
Fragile,Objet_22590
Oxidizing,Objet_16031
Toxic,Objet_16886
Oxidizing,Objet_02109
Pressurized,Objet_29189
Corrosive,Objet_01663
Food,Objet_01974
Fragile,Objet_04180
Corrosive,Objet_00008
Unspecified,Objet_21807
Radioactive,Objet_02077
Explosive,Objet_15893
Unspecified,Objet_22758
Flammable,Objet_21674
Corrosive,Objet_14476
Flammable,Objet_28061
Oxidizing,Objet_11415
Corrosive,Objet_12668
Food,Objet_08626
Fragile,Objet_03126
Oxidizing,Objet_17378
Food,Objet_23246
Toxic,Objet_06892
Corrosive,Objet_11061
Toxic,Objet_22600
Pressurized,Objet_12142
Corrosive,Objet_21708
Flammable,Objet_06589
Flammable,Objet_17888
Flammable,Objet_09178
Oxidizing,Objet_19271
Flammable,Objet_12857
Fragile,Objet_03025
Pressurized,Objet_10156
Pressurized,Objet_20679
Corrosive,Objet_12716
Explosive,Objet_22148
Flammable,Objet_14658
Fragile,Objet_15427
Oxidizing,Objet_02699
Fragile,Objet_02151
Radioactive,Objet_06847
Radioactive,Objet_09792
Food,Objet_06969
Radioactive,Objet_00439
Explosive,Objet_09761
Corrosive,Objet_16445
Unspecified,Objet_08470
Pressurized,Objet_15121
Explosive,Objet_16192
Radioactive,Objet_02563
Pressurized,Objet_02634
Oxidizing,Objet_26196
Explosive,Objet_29130
Radioactive,Objet_11661
Radioactive,Objet_19531
Corrosive,Objet_09249
Oxidizing,Objet_19740
Oxidizing,Objet_13235
Radioactive,Objet_12417
Flammable,Objet_11992
Unspecified,Objet_14932
Corrosive,Objet_22657
Flammable,Objet_17396
Corrosive,Objet_23178
Toxic,Objet_16577
Explosive,Objet_12970
Unspecified,Objet_24669
Pressurized,Objet_16303
Toxic,Objet_00485
Unspecified,Objet_25470
Corrosive,Objet_25380
Corrosive,Objet_23352
Corrosive,Objet_10528
Unspecified,Objet_02889
Pressurized,Objet_12837
Unspecified,Objet_20172
Explosive,Objet_05083
Oxidizing,Objet_07891
Radioactive,Objet_12206
Unspecified,Objet_23149
Fragile,Objet_18695
Pressurized,Objet_21063
Food,Objet_09318
Explosive,Objet_00795
Radioactive,Objet_04414
Flammable,Objet_16782
Fragile,Objet_11083
Oxidizing,Objet_26043
Radioactive,Objet_03129
Corrosive,Objet_07231
Radioactive,Objet_28213
Explosive,Objet_25588
Pressurized,Objet_00623
Unspecified,Objet_23412
Oxidizing,Objet_15847
Oxidizing,Objet_27407
Oxidizing,Objet_01708
Flammable,Objet_10517
Food,Objet_02635
Fragile,Objet_06142
Toxic,Objet_21058
Unspecified,Objet_18920
Radioactive,Objet_22817
Corrosive,Objet_09734
Food,Objet_09087
Fragile,Objet_07863
Explosive,Objet_30068
Toxic,Objet_22781
Corrosive,Objet_25980
Toxic,Objet_17260
Radioactive,Objet_10845
Oxidizing,Objet_08111
Toxic,Objet_26397
Unspecified,Objet_03547
Fragile,Objet_15502
Toxic,Objet_15238
Toxic,Objet_16814
Oxidizing,Objet_17944
Food,Objet_25924
Pressurized,Objet_09258
Corrosive,Objet_02587
Corrosive,Objet_00154
Pressurized,Objet_01576
Pressurized,Objet_22517
Unspecified,Objet_17172
Unspecified,Objet_14207
Flammable,Objet_07951
Toxic,Objet_07590
Flammable,Objet_25692
Corrosive,Objet_19141
Unspecified,Objet_07875
Fragile,Objet_20664
Flammable,Objet_26095
Corrosive,Objet_14336
Oxidizing,Objet_03657
Radioactive,Objet_01016
Fragile,Objet_03905
Oxidizing,Objet_26884
Oxidizing,Objet_04221
Corrosive,Objet_27717
Flammable,Objet_07346
Explosive,Objet_00048
Pressurized,Objet_14001
Flammable,Objet_07864
Pressurized,Objet_14082
Flammable,Objet_20426
Radioactive,Objet_10358
Flammable,Objet_10064
Flammable,Objet_28823
Oxidizing,Objet_21465
Food,Objet_26443
Pressurized,Objet_17368
Flammable,Objet_26391
Oxidizing,Objet_08177
Corrosive,Objet_13627
Food,Objet_21088
Toxic,Objet_23702
Fragile,Objet_22761
Food,Objet_07353
Food,Objet_18647
Corrosive,Objet_08749
Radioactive,Objet_24711
Fragile,Objet_24566
Toxic,Objet_28353
Unspecified,Objet_18957
Unspecified,Objet_29409
Fragile,Objet_15857
Explosive,Objet_01089
Flammable,Objet_23874
Explosive,Objet_22473
Pressurized,Objet_26964
Flammable,Objet_14446
Food,Objet_07258
Pressurized,Objet_07099
Unspecified,Objet_00395
Explosive,Objet_26080
Unspecified,Objet_25938
Fragile,Objet_30141
Radioactive,Objet_07722
Corrosive,Objet_08392
Pressurized,Objet_02202
Food,Objet_06025
Pressurized,Objet_06208
Unspecified,Objet_09739
Food,Objet_09399
Explosive,Objet_23718
Fragile,Objet_04184
Explosive,Objet_18868
Fragile,Objet_21101
Pressurized,Objet_03155
Explosive,Objet_04129
Oxidizing,Objet_14432
Corrosive,Objet_18619
Oxidizing,Objet_14463
Radioactive,Objet_02721
Toxic,Objet_26683
Oxidizing,Objet_28364
Explosive,Objet_23415
Oxidizing,Objet_10937
Flammable,Objet_05536
Unspecified,Objet_21033
Food,Objet_02878
Food,Objet_01318
Oxidizing,Objet_13600
Unspecified,Objet_27675
Pressurized,Objet_20062
Radioactive,Objet_24504
Fragile,Objet_17263
Pressurized,Objet_13928
Oxidizing,Objet_14755
Pressurized,Objet_10904
Fragile,Objet_09496
Unspecified,Objet_22592
Toxic,Objet_07986
Toxic,Objet_03926
Unspecified,Objet_21445
Corrosive,Objet_07783
Corrosive,Objet_21048
Food,Objet_04135
Unspecified,Objet_10930
Explosive,Objet_20837
Fragile,Objet_00679
Fragile,Objet_17131
Flammable,Objet_00733
Fragile,Objet_15907
Food,Objet_12587
Unspecified,Objet_23345
Radioactive,Objet_12828
Food,Objet_01024
Oxidizing,Objet_09926
Food,Objet_21216
Radioactive,Objet_19918
Unspecified,Objet_00848
Radioactive,Objet_18400
Toxic,Objet_24092
Flammable,Objet_16834
Corrosive,Objet_26765
Corrosive,Objet_01257
Fragile,Objet_02750
Corrosive,Objet_29781
Pressurized,Objet_19995
Unspecified,Objet_03637
Toxic,Objet_22137
Toxic,Objet_17659
Unspecified,Objet_02890
Explosive,Objet_23619
Fragile,Objet_18408
Radioactive,Objet_28386
Food,Objet_23858
Radioactive,Objet_19522
Unspecified,Objet_05672
Explosive,Objet_00259
Oxidizing,Objet_13833
Unspecified,Objet_26958
Corrosive,Objet_27525
Food,Objet_03433
Fragile,Objet_19424
Food,Objet_04277
Radioactive,Objet_07337
Corrosive,Objet_22972
Toxic,Objet_26136
Oxidizing,Objet_19685
Pressurized,Objet_05145
Food,Objet_24727
Fragile,Objet_14793
Flammable,Objet_19741
Oxidizing,Objet_12879
Pressurized,Objet_06344
Explosive,Objet_02545
Explosive,Objet_02928
Toxic,Objet_05381
Radioactive,Objet_17721
Explosive,Objet_09447
Food,Objet_04536
Flammable,Objet_26552
Oxidizing,Objet_19471
Corrosive,Objet_19938
Explosive,Objet_23827
Corrosive,Objet_02515
Oxidizing,Objet_14389
Toxic,Objet_09780
Toxic,Objet_08819
Fragile,Objet_08180
Explosive,Objet_08592
Corrosive,Objet_24896
Toxic,Objet_15686
Toxic,Objet_27567
Fragile,Objet_07096
Corrosive,Objet_08491
Toxic,Objet_02793
Flammable,Objet_00062
Oxidizing,Objet_05063
Radioactive,Objet_26630
Food,Objet_17327
Oxidizing,Objet_19060
Oxidizing,Objet_06770
Corrosive,Objet_04846
Food,Objet_26124
Unspecified,Objet_23607
Oxidizing,Objet_07833
Food,Objet_28171
Explosive,Objet_12350
Radioactive,Objet_15955
Radioactive,Objet_17947
Pressurized,Objet_02000
Explosive,Objet_10538
Flammable,Objet_22173
Flammable,Objet_18761
Unspecified,Objet_14085
Unspecified,Objet_14203
Food,Objet_02046
Oxidizing,Objet_18326
Food,Objet_15727
Fragile,Objet_15295
Radioactive,Objet_01447
Flammable,Objet_29766
Toxic,Objet_16374
Unspecified,Objet_29882
Oxidizing,Objet_03652
Fragile,Objet_16818
Toxic,Objet_00220
Flammable,Objet_22739
Fragile,Objet_23792
Explosive,Objet_03765
Food,Objet_21024
Pressurized,Objet_05990
Explosive,Objet_23720
Toxic,Objet_08672
Toxic,Objet_09959
Food,Objet_12645
Flammable,Objet_26224
Unspecified,Objet_22500
Radioactive,Objet_13243
Toxic,Objet_28500
Food,Objet_11653
Unspecified,Objet_12222
Pressurized,Objet_16098
Oxidizing,Objet_15773
Toxic,Objet_15702
Corrosive,Objet_08475
Fragile,Objet_16605
Explosive,Objet_04385
Corrosive,Objet_06829
Fragile,Objet_06171
Oxidizing,Objet_29025
Unspecified,Objet_16726
Unspecified,Objet_14997
Fragile,Objet_23125
Explosive,Objet_07969
Toxic,Objet_24184
Food,Objet_00429
Oxidizing,Objet_14860
Oxidizing,Objet_03689
Unspecified,Objet_19479
Fragile,Objet_14244
Fragile,Objet_22688
Flammable,Objet_10484
Food,Objet_08493
Pressurized,Objet_28814
Unspecified,Objet_01384
Unspecified,Objet_04991
Food,Objet_14556
Corrosive,Objet_03003
Food,Objet_26151
Pressurized,Objet_08228
Unspecified,Objet_28327
Food,Objet_01581
Flammable,Objet_05181
Fragile,Objet_17233
Radioactive,Objet_28755
Pressurized,Objet_04793
Food,Objet_00167
Food,Objet_22969
Unspecified,Objet_09877
Unspecified,Objet_21960
Toxic,Objet_27814
Unspecified,Objet_21057
Radioactive,Objet_09137
Toxic,Objet_29535
Food,Objet_26931
Oxidizing,Objet_07925
Radioactive,Objet_17683
Unspecified,Objet_27001
Corrosive,Objet_28679
Explosive,Objet_20976
Fragile,Objet_25928
Food,Objet_04100
Unspecified,Objet_24640
Unspecified,Objet_02416
Toxic,Objet_22069
Unspecified,Objet_23789
Unspecified,Objet_25068
Pressurized,Objet_16578
Toxic,Objet_17188
Corrosive,Objet_29262
Food,Objet_13145
Fragile,Objet_27386
Flammable,Objet_10197
Unspecified,Objet_10680
Oxidizing,Objet_06988
Pressurized,Objet_07508
Fragile,Objet_27831
Toxic,Objet_17399
Radioactive,Objet_25562
Unspecified,Objet_22335
Unspecified,Objet_06159
Unspecified,Objet_24761
Explosive,Objet_06346
Fragile,Objet_25108
Explosive,Objet_16315
Food,Objet_03432
Explosive,Objet_02447
Flammable,Objet_25736
Flammable,Objet_15479
Fragile,Objet_26049
Corrosive,Objet_19746
Oxidizing,Objet_10104
Toxic,Objet_05280
Corrosive,Objet_27528
Food,Objet_15933
Fragile,Objet_24109
Food,Objet_03916
Food,Objet_07638
Fragile,Objet_06759
Pressurized,Objet_11733
Food,Objet_17622
Food,Objet_30016
Food,Objet_16073
Unspecified,Objet_24780
Explosive,Objet_08494
Oxidizing,Objet_05615
Food,Objet_21135
Toxic,Objet_16392
Radioactive,Objet_11793
Pressurized,Objet_21300
Oxidizing,Objet_05894
Corrosive,Objet_00883
Corrosive,Objet_09994
Pressurized,Objet_28434
Corrosive,Objet_24867
Fragile,Objet_00926
Oxidizing,Objet_25335
Explosive,Objet_23133
Pressurized,Objet_16690
Corrosive,Objet_03472
Pressurized,Objet_11560
Oxidizing,Objet_12457
Flammable,Objet_19911
Pressurized,Objet_16655
Explosive,Objet_15472
Fragile,Objet_11229
Explosive,Objet_25897
Pressurized,Objet_21532
Food,Objet_06417
Oxidizing,Objet_27474
Unspecified,Objet_15495
Radioactive,Objet_26138
Fragile,Objet_07822
Flammable,Objet_17575
Corrosive,Objet_23024
Toxic,Objet_15587
Fragile,Objet_23022
Toxic,Objet_21651
Oxidizing,Objet_13635
Explosive,Objet_00404
Radioactive,Objet_19642
Explosive,Objet_07228
Radioactive,Objet_05731
Corrosive,Objet_29717
Radioactive,Objet_14887
Flammable,Objet_11203
Explosive,Objet_17065
Flammable,Objet_24868
Corrosive,Objet_18815
Unspecified,Objet_17950
Food,Objet_05524
Oxidizing,Objet_02291
Fragile,Objet_20318
Toxic,Objet_27930
Flammable,Objet_09491
Unspecified,Objet_27043
Pressurized,Objet_09204
Pressurized,Objet_26076
Radioactive,Objet_16762
Unspecified,Objet_11187
Corrosive,Objet_13209
Oxidizing,Objet_00743
Explosive,Objet_29496
Radioactive,Objet_00296
Flammable,Objet_03866
Explosive,Objet_16958
Toxic,Objet_28269
Corrosive,Objet_00884
Pressurized,Objet_18255
Corrosive,Objet_08274
Radioactive,Objet_01145
Unspecified,Objet_15052
Radioactive,Objet_18403
Radioactive,Objet_14753
Corrosive,Objet_04398
Corrosive,Objet_03323
Corrosive,Objet_20238
Radioactive,Objet_09197
Pressurized,Objet_14398
Oxidizing,Objet_13452
Toxic,Objet_26594
Corrosive,Objet_18633
Flammable,Objet_29938
Toxic,Objet_11406
Corrosive,Objet_12709
Explosive,Objet_14081
Oxidizing,Objet_06320
Food,Objet_28669
Unspecified,Objet_27598
Unspecified,Objet_24286
Radioactive,Objet_14350
Food,Objet_21249
Fragile,Objet_04146
Unspecified,Objet_18573
Flammable,Objet_12033
Pressurized,Objet_00466
Toxic,Objet_28028
Oxidizing,Objet_08967
Food,Objet_21479
Fragile,Objet_27564
Corrosive,Objet_12912
Unspecified,Objet_16721
Pressurized,Objet_04833
Flammable,Objet_10198
Fragile,Objet_01193
Corrosive,Objet_28550
Explosive,Objet_30002
Radioactive,Objet_22226
Corrosive,Objet_06596
Fragile,Objet_08617
Corrosive,Objet_29152
Unspecified,Objet_09456
Food,Objet_20552
Explosive,Objet_21840
Fragile,Objet_11111
Toxic,Objet_18948
Pressurized,Objet_20807
Oxidizing,Objet_11312
Pressurized,Objet_29667
Corrosive,Objet_13879
Pressurized,Objet_17562
Corrosive,Objet_04550
Fragile,Objet_24007
Unspecified,Objet_11731
Pressurized,Objet_25169
Corrosive,Objet_08834
Explosive,Objet_19443
Pressurized,Objet_27938
Explosive,Objet_18605
Fragile,Objet_21536
Fragile,Objet_07915
Explosive,Objet_28842
Unspecified,Objet_10096
Radioactive,Objet_27822
Flammable,Objet_03211
Corrosive,Objet_12132
Fragile,Objet_18447
Food,Objet_11825
Radioactive,Objet_29457
Pressurized,Objet_10897
Radioactive,Objet_24074
Toxic,Objet_01810
Radioactive,Objet_20877
Food,Objet_18065
Flammable,Objet_04053
Toxic,Objet_09988
Flammable,Objet_08698
Oxidizing,Objet_25350
Flammable,Objet_08770
Pressurized,Objet_09411
Oxidizing,Objet_20444
Food,Objet_29750
Oxidizing,Objet_10214
Oxidizing,Objet_12629
Corrosive,Objet_16548
Food,Objet_14665
Pressurized,Objet_06616
Unspecified,Objet_15221
Pressurized,Objet_19039
Oxidizing,Objet_19738
Flammable,Objet_00437
Toxic,Objet_23567
Pressurized,Objet_07694
Pressurized,Objet_20407
Fragile,Objet_01206
Oxidizing,Objet_16048
Pressurized,Objet_08325
Oxidizing,Objet_24595
Toxic,Objet_25381
Fragile,Objet_06860
Fragile,Objet_09854
Corrosive,Objet_10994
Pressurized,Objet_22903
Flammable,Objet_10305
Corrosive,Objet_01602
Fragile,Objet_05590
Flammable,Objet_26595
Fragile,Objet_01820
Oxidizing,Objet_07965
Unspecified,Objet_01801
Fragile,Objet_28867
Radioactive,Objet_10094
Pressurized,Objet_20471
Flammable,Objet_02910
Pressurized,Objet_07924
Oxidizing,Objet_02248
Corrosive,Objet_08134
Oxidizing,Objet_19910
Corrosive,Objet_28895
Oxidizing,Objet_23092
Explosive,Objet_11625
Fragile,Objet_10585
Food,Objet_16579
Pressurized,Objet_03616
Pressurized,Objet_17767
Fragile,Objet_25914
Flammable,Objet_13215
Flammable,Objet_30143
Toxic,Objet_09976
Explosive,Objet_00359
Fragile,Objet_26678
Toxic,Objet_02796
Pressurized,Objet_05413
Corrosive,Objet_08079
Explosive,Objet_14940
Radioactive,Objet_24071
Radioactive,Objet_00683
Toxic,Objet_18441
Flammable,Objet_26061
Pressurized,Objet_11378
Food,Objet_08013
Unspecified,Objet_18933
Unspecified,Objet_12036
Unspecified,Objet_13717
Pressurized,Objet_12374
Fragile,Objet_12032
Corrosive,Objet_13234
Corrosive,Objet_10616
Food,Objet_05581
Fragile,Objet_25054
Flammable,Objet_02931
Corrosive,Objet_05068
Corrosive,Objet_23274
Fragile,Objet_20537
Corrosive,Objet_02611
Radioactive,Objet_18399
Toxic,Objet_23990
Fragile,Objet_29054
Pressurized,Objet_07767
Fragile,Objet_17992
Explosive,Objet_17547
Pressurized,Objet_20901
Flammable,Objet_00126
Flammable,Objet_23866
Radioactive,Objet_09150
Corrosive,Objet_10256
Radioactive,Objet_25860
Radioactive,Objet_05420
Corrosive,Objet_06306
Pressurized,Objet_13469
Oxidizing,Objet_21374
Fragile,Objet_19220
Oxidizing,Objet_24469
Radioactive,Objet_29762
Food,Objet_07977
Pressurized,Objet_25095
Explosive,Objet_13979
Unspecified,Objet_10425
Oxidizing,Objet_05655
Corrosive,Objet_27113
Food,Objet_14950
Pressurized,Objet_23698
Oxidizing,Objet_05576
Pressurized,Objet_05239
Fragile,Objet_05021
Fragile,Objet_14108
Radioactive,Objet_09237
Pressurized,Objet_19261
Food,Objet_25271
Corrosive,Objet_23137
Toxic,Objet_05029
Toxic,Objet_08260
Food,Objet_00325
Oxidizing,Objet_11114
Radioactive,Objet_01122
Explosive,Objet_23516
Fragile,Objet_21311
Corrosive,Objet_23598
Food,Objet_26462
Flammable,Objet_14440
Corrosive,Objet_12429
Pressurized,Objet_11738
Radioactive,Objet_25456
Radioactive,Objet_05991
Corrosive,Objet_24954
Unspecified,Objet_19017
Food,Objet_26886
Radioactive,Objet_09722
Fragile,Objet_05353
Fragile,Objet_01674
Corrosive,Objet_09003
Pressurized,Objet_12365
Corrosive,Objet_03399
Fragile,Objet_04972
Corrosive,Objet_27033
Radioactive,Objet_05288
Toxic,Objet_06054
Corrosive,Objet_00269
Oxidizing,Objet_18376
Unspecified,Objet_06150
Radioactive,Objet_18431
Explosive,Objet_25149
Oxidizing,Objet_07789
Unspecified,Objet_10485
Radioactive,Objet_09704
Pressurized,Objet_19928
Toxic,Objet_19638
Food,Objet_06868
Flammable,Objet_29481
Food,Objet_19880
Food,Objet_16086
Food,Objet_23596
Fragile,Objet_16681
Fragile,Objet_19733
Fragile,Objet_29075
Flammable,Objet_08892
Radioactive,Objet_17163
Flammable,Objet_16043
Corrosive,Objet_19528
Corrosive,Objet_16589
Radioactive,Objet_27030
Toxic,Objet_21004
Radioactive,Objet_25491
Explosive,Objet_25618
Flammable,Objet_18237
Radioactive,Objet_24821
Pressurized,Objet_07050
Food,Objet_11678
Explosive,Objet_05594
Radioactive,Objet_19785
Oxidizing,Objet_10100
Flammable,Objet_16287
Toxic,Objet_00913
Unspecified,Objet_04137
Toxic,Objet_16903
Fragile,Objet_00348
Unspecified,Objet_11367
Flammable,Objet_26853
Radioactive,Objet_22398
Fragile,Objet_07711
Toxic,Objet_17096
Corrosive,Objet_11500
Toxic,Objet_09728
Flammable,Objet_14815
Radioactive,Objet_09229
Oxidizing,Objet_11030
Pressurized,Objet_29761
Pressurized,Objet_03419
Unspecified,Objet_18844
Food,Objet_04170
Flammable,Objet_08486
Fragile,Objet_03783
Food,Objet_03524
Toxic,Objet_08999
Explosive,Objet_01253
Food,Objet_25031
Food,Objet_25807
Radioactive,Objet_09183
Corrosive,Objet_16896
Pressurized,Objet_04737
Radioactive,Objet_03638
Toxic,Objet_21900
Oxidizing,Objet_24675
Toxic,Objet_21757
Fragile,Objet_07618
Corrosive,Objet_27028
Flammable,Objet_29478
Flammable,Objet_14029
Food,Objet_22977
Fragile,Objet_24928
Flammable,Objet_04223
Oxidizing,Objet_03486
Fragile,Objet_10000
Flammable,Objet_03909
Explosive,Objet_02184
Fragile,Objet_29067
Oxidizing,Objet_24264
Fragile,Objet_28060
Fragile,Objet_21218
Food,Objet_14547
Pressurized,Objet_10881
Oxidizing,Objet_15228
Fragile,Objet_05376
Flammable,Objet_17864
Fragile,Objet_12640
Oxidizing,Objet_23877
Oxidizing,Objet_25264
Flammable,Objet_26355
Explosive,Objet_10319
Unspecified,Objet_24222
Flammable,Objet_14111
Toxic,Objet_22831
Pressurized,Objet_12231
Flammable,Objet_18383
Corrosive,Objet_17100
Radioactive,Objet_21801
Unspecified,Objet_29348
Toxic,Objet_13312
Pressurized,Objet_29958
Unspecified,Objet_04565
Explosive,Objet_03698
Oxidizing,Objet_00355
Fragile,Objet_14705
Pressurized,Objet_00316
Corrosive,Objet_19222
Oxidizing,Objet_04579
Explosive,Objet_05923
Pressurized,Objet_00997
Oxidizing,Objet_03551
Radioactive,Objet_11586
Food,Objet_00102
Flammable,Objet_03643
Explosive,Objet_15310
Food,Objet_22587
Oxidizing,Objet_19695
Pressurized,Objet_27120
Flammable,Objet_18966
Flammable,Objet_22399
Pressurized,Objet_24539
Pressurized,Objet_29906
Explosive,Objet_20208
Food,Objet_10752
Fragile,Objet_29737
Toxic,Objet_01502
Explosive,Objet_11207
Fragile,Objet_11049
Fragile,Objet_23060
Unspecified,Objet_28085
Fragile,Objet_15789
Oxidizing,Objet_22602
Pressurized,Objet_02241
Flammable,Objet_06255
Radioactive,Objet_20019
Explosive,Objet_06484
Fragile,Objet_26465
Corrosive,Objet_15602
Radioactive,Objet_16273
Fragile,Objet_02682
Radioactive,Objet_28107
Corrosive,Objet_09122
Oxidizing,Objet_19426
Food,Objet_18971
Radioactive,Objet_19070
Oxidizing,Objet_09026
Radioactive,Objet_12311
Food,Objet_28926
Flammable,Objet_08925
Toxic,Objet_03358
Fragile,Objet_07544
Food,Objet_14121
Flammable,Objet_26939
Toxic,Objet_29023
Food,Objet_01000
Toxic,Objet_04153
Radioactive,Objet_07532
Pressurized,Objet_29342
Oxidizing,Objet_10735
Corrosive,Objet_17497
Unspecified,Objet_30007
Pressurized,Objet_11339
Fragile,Objet_20612
Flammable,Objet_04483
Unspecified,Objet_02284
Radioactive,Objet_28054
Pressurized,Objet_29846
Unspecified,Objet_14317
Explosive,Objet_17380
Unspecified,Objet_16397
Pressurized,Objet_19927
Corrosive,Objet_18271
Flammable,Objet_28957
Food,Objet_29194
Explosive,Objet_11988
Fragile,Objet_10204
Oxidizing,Objet_27504
Explosive,Objet_11328
Radioactive,Objet_10757
Explosive,Objet_04558
Explosive,Objet_15815
Corrosive,Objet_13956
Radioactive,Objet_12823
Food,Objet_01755
Oxidizing,Objet_29861
Food,Objet_29346
Flammable,Objet_21143
Pressurized,Objet_23025
Radioactive,Objet_01367
Flammable,Objet_01743
Flammable,Objet_18185
Oxidizing,Objet_25058
Unspecified,Objet_21327
Radioactive,Objet_00446
Toxic,Objet_21905
Flammable,Objet_11066
Unspecified,Objet_09829
Fragile,Objet_27609
Food,Objet_22603
Pressurized,Objet_10416
Oxidizing,Objet_21453
Radioactive,Objet_24190
Flammable,Objet_03925
Fragile,Objet_01165
Fragile,Objet_09982
Flammable,Objet_11631
Unspecified,Objet_16614
Fragile,Objet_05996
Toxic,Objet_08941
Radioactive,Objet_08032
Oxidizing,Objet_02884
Radioactive,Objet_22523
Explosive,Objet_22446
Flammable,Objet_11670
Corrosive,Objet_18714
Toxic,Objet_12025
Pressurized,Objet_04770
Explosive,Objet_25621
Unspecified,Objet_12265
Pressurized,Objet_16785
Fragile,Objet_14741
Oxidizing,Objet_21516
Corrosive,Objet_22606
Explosive,Objet_07751
Food,Objet_10695
Radioactive,Objet_17470
Corrosive,Objet_11758
Oxidizing,Objet_14079
Explosive,Objet_21495
Explosive,Objet_20779
Food,Objet_03005
Flammable,Objet_00249
Food,Objet_12471
Corrosive,Objet_26333
Fragile,Objet_24643
Corrosive,Objet_28363
Toxic,Objet_10611
Oxidizing,Objet_16291
Unspecified,Objet_11933
Oxidizing,Objet_02361
Radioactive,Objet_27948
Radioactive,Objet_25887
Radioactive,Objet_22950
Flammable,Objet_05163
Explosive,Objet_19932
Unspecified,Objet_12698
Oxidizing,Objet_08587
Oxidizing,Objet_17037
Flammable,Objet_08688
Corrosive,Objet_09558
Radioactive,Objet_27248
Corrosive,Objet_17107
Unspecified,Objet_24782
Pressurized,Objet_14014
Corrosive,Objet_10263
Food,Objet_04935
Pressurized,Objet_01378
Unspecified,Objet_03863
Unspecified,Objet_16071
Radioactive,Objet_18608
Explosive,Objet_04787
Corrosive,Objet_20814
Food,Objet_13912
Flammable,Objet_23833
Fragile,Objet_28403
Pressurized,Objet_24739
Unspecified,Objet_22861
Fragile,Objet_01150
Flammable,Objet_14849
Oxidizing,Objet_11124
Flammable,Objet_05789
Unspecified,Objet_13675
Unspecified,Objet_27491
Pressurized,Objet_14720
Radioactive,Objet_01528
Radioactive,Objet_16607
Explosive,Objet_03693
Explosive,Objet_06447
Explosive,Objet_22232
Food,Objet_09262
Corrosive,Objet_00703
Explosive,Objet_17928
Flammable,Objet_10522
Corrosive,Objet_14274
Pressurized,Objet_26021
Unspecified,Objet_03491
Corrosive,Objet_23719
Corrosive,Objet_07582
Food,Objet_10666
Fragile,Objet_10578
Corrosive,Objet_07918
Food,Objet_13984
Food,Objet_05845
Unspecified,Objet_05978
Unspecified,Objet_01552
Corrosive,Objet_09804
Fragile,Objet_23912
Radioactive,Objet_23161
Oxidizing,Objet_27629
Explosive,Objet_29034
Food,Objet_01244
Pressurized,Objet_20597
Flammable,Objet_29100
Pressurized,Objet_10216
Unspecified,Objet_02696
Flammable,Objet_08716
Toxic,Objet_08895
Pressurized,Objet_17049
Toxic,Objet_20778
Toxic,Objet_22293
Flammable,Objet_12408
Pressurized,Objet_01484
Radioactive,Objet_00847
Pressurized,Objet_28346
Pressurized,Objet_13134
Food,Objet_21790
Unspecified,Objet_21578
Flammable,Objet_04840
Corrosive,Objet_07350
Corrosive,Objet_09350
Explosive,Objet_11338
Explosive,Objet_04433
Corrosive,Objet_14848
Flammable,Objet_03592
Toxic,Objet_29442
Corrosive,Objet_03436
Corrosive,Objet_12864
Corrosive,Objet_30093
Corrosive,Objet_21649
Toxic,Objet_27761
Fragile,Objet_08237
Food,Objet_15240
Oxidizing,Objet_13115
Radioactive,Objet_10160
Food,Objet_04394
Toxic,Objet_02121
Corrosive,Objet_04320
Toxic,Objet_18144
Explosive,Objet_26145
Radioactive,Objet_25627
Oxidizing,Objet_12271
Fragile,Objet_26901
Food,Objet_16428
Explosive,Objet_05290
Radioactive,Objet_09338
Corrosive,Objet_29383
Corrosive,Objet_13246
Food,Objet_12557
Flammable,Objet_28870
Explosive,Objet_12081
Toxic,Objet_11004
Food,Objet_27455
Radioactive,Objet_04515
Radioactive,Objet_08738
Toxic,Objet_19828
Food,Objet_10384
Pressurized,Objet_12202
Food,Objet_10562
Food,Objet_07386
Pressurized,Objet_02825
Food,Objet_10443
Toxic,Objet_00646
Explosive,Objet_05179
Unspecified,Objet_16502
Pressurized,Objet_03554
Toxic,Objet_25619
Fragile,Objet_05231
Oxidizing,Objet_22030
Explosive,Objet_09406
Explosive,Objet_05839
Food,Objet_16924
Oxidizing,Objet_30028
Food,Objet_08731
Flammable,Objet_26940
Explosive,Objet_23521
Explosive,Objet_15031
Toxic,Objet_29218
Flammable,Objet_10069
Unspecified,Objet_17541
Oxidizing,Objet_05744
Corrosive,Objet_24123
Oxidizing,Objet_11892
Radioactive,Objet_04467
Pressurized,Objet_24557
Oxidizing,Objet_09638
Fragile,Objet_27498
Explosive,Objet_02610
Pressurized,Objet_29160
Oxidizing,Objet_00965
Radioactive,Objet_12779
Oxidizing,Objet_15707
Unspecified,Objet_03202
Pressurized,Objet_12922
Unspecified,Objet_05874
Explosive,Objet_06669
Radioactive,Objet_07500
Explosive,Objet_29202
Explosive,Objet_15247
Corrosive,Objet_27383
Unspecified,Objet_30157
Explosive,Objet_12320
Oxidizing,Objet_13135
Unspecified,Objet_15037
Pressurized,Objet_02056
Flammable,Objet_07602
Flammable,Objet_16419
Corrosive,Objet_14187
Radioactive,Objet_25266
Unspecified,Objet_29512
Food,Objet_27711
Toxic,Objet_11725
Corrosive,Objet_22031
Pressurized,Objet_18501
Corrosive,Objet_19066
Pressurized,Objet_06587
Unspecified,Objet_06145
Corrosive,Objet_08053
Oxidizing,Objet_22809
Radioactive,Objet_11711
Flammable,Objet_05875
Corrosive,Objet_17965
Food,Objet_13867
Flammable,Objet_00982
Explosive,Objet_10444
Explosive,Objet_11969
Pressurized,Objet_10718
Fragile,Objet_18995
Radioactive,Objet_03593
Fragile,Objet_09462
Toxic,Objet_22142
Flammable,Objet_20505
Corrosive,Objet_22614
Corrosive,Objet_17671
Unspecified,Objet_15395
Explosive,Objet_26800
Radioactive,Objet_21825
Unspecified,Objet_23611
Oxidizing,Objet_10515
Pressurized,Objet_06335
Toxic,Objet_17688
Flammable,Objet_09964
Unspecified,Objet_30012
Corrosive,Objet_28046
Pressurized,Objet_23442
Food,Objet_05683
Corrosive,Objet_22818
Oxidizing,Objet_24671
Unspecified,Objet_22465
Food,Objet_09539
Unspecified,Objet_27140
Toxic,Objet_06692
Explosive,Objet_14581
Flammable,Objet_24802
Oxidizing,Objet_19145
Corrosive,Objet_26042
Flammable,Objet_15051
Flammable,Objet_13643
Explosive,Objet_20234
Explosive,Objet_17476
Toxic,Objet_25348
Toxic,Objet_06322
Corrosive,Objet_17252
Food,Objet_03396
Oxidizing,Objet_16685
Toxic,Objet_11658
Pressurized,Objet_14713
Radioactive,Objet_10428
Corrosive,Objet_15662
Fragile,Objet_20700
Radioactive,Objet_09677
Unspecified,Objet_22586
Food,Objet_02199
Flammable,Objet_11848
Toxic,Objet_21017
Unspecified,Objet_20640
Explosive,Objet_10102
Pressurized,Objet_18176
Fragile,Objet_19689
Unspecified,Objet_20441
Corrosive,Objet_02413
Flammable,Objet_03646
Food,Objet_11906
Food,Objet_04009
Fragile,Objet_22608
Flammable,Objet_11750
Corrosive,Objet_22778
Corrosive,Objet_26327
Pressurized,Objet_23099
Explosive,Objet_18677
Unspecified,Objet_13604
Explosive,Objet_05319
Flammable,Objet_27479
Radioactive,Objet_16955
Corrosive,Objet_05918
Oxidizing,Objet_13308
Unspecified,Objet_12494
Pressurized,Objet_12487
Flammable,Objet_14363
Corrosive,Objet_26331
Oxidizing,Objet_09760
Toxic,Objet_06204
Food,Objet_03627
Radioactive,Objet_26505
Pressurized,Objet_19709
Explosive,Objet_23249
Food,Objet_19726
Corrosive,Objet_29497
Pressurized,Objet_17410
Unspecified,Objet_07557
Food,Objet_24143
Unspecified,Objet_08609
Fragile,Objet_02465
Flammable,Objet_18530
Explosive,Objet_27542
Explosive,Objet_09547
Fragile,Objet_09479
Corrosive,Objet_04313
Unspecified,Objet_28005
Radioactive,Objet_14673
Unspecified,Objet_00277
Toxic,Objet_04479
Flammable,Objet_00297
Radioactive,Objet_10877
Fragile,Objet_00247
Radioactive,Objet_01132
Pressurized,Objet_11607
Explosive,Objet_16972
Food,Objet_09551
Radioactive,Objet_28303
Radioactive,Objet_13923
Radioactive,Objet_11934
Toxic,Objet_17160
Flammable,Objet_21507
Oxidizing,Objet_10250
Radioactive,Objet_05122
Corrosive,Objet_20079
Radioactive,Objet_25059
Pressurized,Objet_12672
Explosive,Objet_28874
Corrosive,Objet_06043
Radioactive,Objet_22874
Corrosive,Objet_04511
Fragile,Objet_14693
Corrosive,Objet_01815
Toxic,Objet_01785
Unspecified,Objet_23667
Pressurized,Objet_27004
Explosive,Objet_14020
Flammable,Objet_29205
Food,Objet_02345
Fragile,Objet_18772
Flammable,Objet_27150
Fragile,Objet_26487
Radioactive,Objet_03355
Corrosive,Objet_24303
Pressurized,Objet_21120
Explosive,Objet_20136
Pressurized,Objet_21247
Toxic,Objet_07881
Pressurized,Objet_00227
Explosive,Objet_28845
Food,Objet_15347
Radioactive,Objet_18304
Corrosive,Objet_15097
Explosive,Objet_20008
Explosive,Objet_04064
Toxic,Objet_08497
Food,Objet_20793
Radioactive,Objet_27377
Flammable,Objet_21700
Oxidizing,Objet_28576
Radioactive,Objet_01425
Explosive,Objet_07608
Pressurized,Objet_09177
Unspecified,Objet_22296
Explosive,Objet_00012
Unspecified,Objet_03012
Unspecified,Objet_21462
Fragile,Objet_21103
Food,Objet_16544
Corrosive,Objet_21317
Corrosive,Objet_16384
Fragile,Objet_22459
Fragile,Objet_00373
Toxic,Objet_29339
Pressurized,Objet_00332
Pressurized,Objet_23464
Fragile,Objet_00678
Oxidizing,Objet_11210
Fragile,Objet_22906
Oxidizing,Objet_11565
Corrosive,Objet_08014
Oxidizing,Objet_05528
Unspecified,Objet_29994
Pressurized,Objet_29545
Food,Objet_12150
Corrosive,Objet_24748
Toxic,Objet_26732
Flammable,Objet_03803
Flammable,Objet_11261
Toxic,Objet_30155
Fragile,Objet_19015
Toxic,Objet_07717
Toxic,Objet_29908
Unspecified,Objet_25164
Toxic,Objet_12815
Toxic,Objet_03877
Radioactive,Objet_25486
Unspecified,Objet_26460
Unspecified,Objet_15972
Pressurized,Objet_05515
Pressurized,Objet_23983
Pressurized,Objet_24508
Fragile,Objet_12247
Toxic,Objet_11026
Fragile,Objet_19700
Explosive,Objet_03240
Unspecified,Objet_09486
Corrosive,Objet_27171
Unspecified,Objet_20611
Food,Objet_19164
Explosive,Objet_28152
Unspecified,Objet_13766
Oxidizing,Objet_02645
Food,Objet_01412
Explosive,Objet_01571
Unspecified,Objet_15948
Pressurized,Objet_25678
Explosive,Objet_01326
Fragile,Objet_22170
Pressurized,Objet_16387
Corrosive,Objet_27046
Fragile,Objet_12537
Fragile,Objet_22065
Pressurized,Objet_08400
Pressurized,Objet_15583
Fragile,Objet_09960
Radioactive,Objet_18581
Pressurized,Objet_26661
Flammable,Objet_02490
Unspecified,Objet_16552
Food,Objet_03538
Oxidizing,Objet_03219
Oxidizing,Objet_02834
Pressurized,Objet_11668
Flammable,Objet_16250
Toxic,Objet_06646
Food,Objet_16673
Radioactive,Objet_18533
Pressurized,Objet_10186
Corrosive,Objet_09773
Flammable,Objet_18700
Pressurized,Objet_18314
Unspecified,Objet_09424
Corrosive,Objet_19263
Fragile,Objet_16361
Unspecified,Objet_08150
Explosive,Objet_26928
Oxidizing,Objet_16041
Radioactive,Objet_04367
Flammable,Objet_04698
Corrosive,Objet_29725
Unspecified,Objet_00811
Explosive,Objet_23244
Radioactive,Objet_08251
Corrosive,Objet_23296
Corrosive,Objet_15086
Toxic,Objet_15468
Food,Objet_09074
Food,Objet_14102
Pressurized,Objet_28056
Explosive,Objet_00299
Toxic,Objet_11840
Toxic,Objet_11079
Radioactive,Objet_08524
Food,Objet_10387
Toxic,Objet_02385
Food,Objet_19487
Food,Objet_05242
Corrosive,Objet_14297
Toxic,Objet_20729
Flammable,Objet_19659
Unspecified,Objet_00408
Food,Objet_04781
Toxic,Objet_26028
Unspecified,Objet_00248
Pressurized,Objet_17384
Corrosive,Objet_15565
Toxic,Objet_14915
Toxic,Objet_20898
Explosive,Objet_24747
Flammable,Objet_15541
Pressurized,Objet_29718
Fragile,Objet_14497
Corrosive,Objet_07246
Food,Objet_26372
Fragile,Objet_00640
Corrosive,Objet_07962
Toxic,Objet_27721
Corrosive,Objet_01673
Flammable,Objet_03711
Corrosive,Objet_24359
Toxic,Objet_01473
Corrosive,Objet_16591
Radioactive,Objet_25992
Corrosive,Objet_27002
Flammable,Objet_05339
Unspecified,Objet_22266
Food,Objet_12952
Unspecified,Objet_21815
Corrosive,Objet_05187
Pressurized,Objet_25451
Food,Objet_18763
Unspecified,Objet_24402
Fragile,Objet_01066
Flammable,Objet_01251
Corrosive,Objet_12615
Fragile,Objet_13820
Fragile,Objet_20140
Food,Objet_14762
Food,Objet_19240
Radioactive,Objet_26464
Flammable,Objet_17095
Food,Objet_05619
Explosive,Objet_03676
Toxic,Objet_07974
Unspecified,Objet_13006
Oxidizing,Objet_02337
Unspecified,Objet_28210
Food,Objet_18349
Food,Objet_15179
Fragile,Objet_19467
Unspecified,Objet_11535
Oxidizing,Objet_09799
Oxidizing,Objet_10913
Oxidizing,Objet_25853
Fragile,Objet_19459
Oxidizing,Objet_22149
Fragile,Objet_22800
Corrosive,Objet_02267
Oxidizing,Objet_08077
Explosive,Objet_11550
Pressurized,Objet_07127
Food,Objet_15694
Explosive,Objet_20855
Explosive,Objet_25799
Corrosive,Objet_19899
Corrosive,Objet_14110
Oxidizing,Objet_07642
Food,Objet_14287
Flammable,Objet_24541
Pressurized,Objet_19992
Toxic,Objet_23870
Fragile,Objet_17208
Oxidizing,Objet_18613
Flammable,Objet_06813
Corrosive,Objet_24101
Corrosive,Objet_01420
Flammable,Objet_11684
Pressurized,Objet_13251
Explosive,Objet_20160
Food,Objet_20798
Flammable,Objet_28039
Radioactive,Objet_23400
Fragile,Objet_09029
Unspecified,Objet_28608
Explosive,Objet_00357
Food,Objet_21633
Unspecified,Objet_10196
Food,Objet_07569
Oxidizing,Objet_13595
Food,Objet_28266
Unspecified,Objet_18352
Unspecified,Objet_27390
Toxic,Objet_25094
Fragile,Objet_25525
Explosive,Objet_04764
Corrosive,Objet_29953
Food,Objet_04870
Radioactive,Objet_25300
Food,Objet_11319
Explosive,Objet_10351
Toxic,Objet_15524
Pressurized,Objet_15211
Unspecified,Objet_05060
Oxidizing,Objet_23147
Oxidizing,Objet_13279
Fragile,Objet_11437
Unspecified,Objet_11849
Unspecified,Objet_24233
Flammable,Objet_08305
Toxic,Objet_13397
Radioactive,Objet_21451
Corrosive,Objet_21679
Fragile,Objet_26575
Unspecified,Objet_13758
Radioactive,Objet_20143
Flammable,Objet_16926
Pressurized,Objet_25997
Radioactive,Objet_26767
Fragile,Objet_19614
Food,Objet_29483
Toxic,Objet_18026
Corrosive,Objet_25022
Oxidizing,Objet_16826
Corrosive,Objet_20741
Pressurized,Objet_14778
Corrosive,Objet_01373
Fragile,Objet_22634
Fragile,Objet_04402
Fragile,Objet_28946
Corrosive,Objet_11310
Food,Objet_13596
Explosive,Objet_27133
Flammable,Objet_20599
Food,Objet_05493
Oxidizing,Objet_23450
Fragile,Objet_11098
Oxidizing,Objet_00763
Explosive,Objet_02855
Toxic,Objet_00073
Oxidizing,Objet_08135
Flammable,Objet_10697
Unspecified,Objet_13413
Oxidizing,Objet_28265
Radioactive,Objet_19595
Food,Objet_16141
Explosive,Objet_16211
Fragile,Objet_09696
Pressurized,Objet_03036
Flammable,Objet_10939
Explosive,Objet_15749
Unspecified,Objet_19067
Flammable,Objet_00255
Flammable,Objet_15637
Pressurized,Objet_13569
Fragile,Objet_01334
Corrosive,Objet_11404
Flammable,Objet_18148
Explosive,Objet_08284
Radioactive,Objet_02472
Corrosive,Objet_27152
Food,Objet_06021
Food,Objet_17589
Pressurized,Objet_00654
Radioactive,Objet_19608
Fragile,Objet_08831
Unspecified,Objet_02059
Oxidizing,Objet_15799
Unspecified,Objet_17753
Pressurized,Objet_17874
Flammable,Objet_23959
Flammable,Objet_28667
Radioactive,Objet_20377
Fragile,Objet_17960
Flammable,Objet_21763
Corrosive,Objet_24045
Oxidizing,Objet_16933
Explosive,Objet_11690
Unspecified,Objet_24179
Pressurized,Objet_15978
Radioactive,Objet_27961
Explosive,Objet_30037
Pressurized,Objet_23491
Explosive,Objet_25282
Toxic,Objet_27888
Explosive,Objet_19041
Fragile,Objet_19963
Pressurized,Objet_01337
Radioactive,Objet_16575
Toxic,Objet_04437
Fragile,Objet_20738
Radioactive,Objet_08409
Pressurized,Objet_07731
Toxic,Objet_15904
Unspecified,Objet_25145
Explosive,Objet_04775
Toxic,Objet_13513
Oxidizing,Objet_16346
Unspecified,Objet_16800
Explosive,Objet_01199
Explosive,Objet_04508
Toxic,Objet_26709
Corrosive,Objet_25453
Explosive,Objet_21854
Radioactive,Objet_04122
Oxidizing,Objet_23536
Pressurized,Objet_05982
Unspecified,Objet_22911
Food,Objet_08933
Oxidizing,Objet_19108
Fragile,Objet_07079
Food,Objet_12725
Flammable,Objet_27639
Explosive,Objet_02339
Unspecified,Objet_27543
Food,Objet_22009
Unspecified,Objet_02622
Fragile,Objet_08254
Toxic,Objet_14549
Corrosive,Objet_18540
Explosive,Objet_14507
Corrosive,Objet_03094
Toxic,Objet_04114
Explosive,Objet_20565
Food,Objet_09198
Radioactive,Objet_29318
Fragile,Objet_05787
Food,Objet_15684
Flammable,Objet_11715
Corrosive,Objet_20284
Explosive,Objet_04141
Corrosive,Objet_21177
Food,Objet_12822
Fragile,Objet_26213
Toxic,Objet_25427
Radioactive,Objet_27664
Corrosive,Objet_29873
Flammable,Objet_08560
Pressurized,Objet_29674
Explosive,Objet_03557
Oxidizing,Objet_19102
Corrosive,Objet_26287
Toxic,Objet_21202
Pressurized,Objet_06260
Food,Objet_09512
Radioactive,Objet_08856
Flammable,Objet_11028
Pressurized,Objet_22413
Fragile,Objet_10029
Fragile,Objet_29548
Fragile,Objet_24146
Radioactive,Objet_10518
Unspecified,Objet_26739
Unspecified,Objet_19669
Radioactive,Objet_26497
Radioactive,Objet_20828
Corrosive,Objet_14356
Pressurized,Objet_04148
Radioactive,Objet_05545
Pressurized,Objet_24397
Flammable,Objet_10507
Corrosive,Objet_23823
Oxidizing,Objet_06424
Corrosive,Objet_25865
Pressurized,Objet_07847
Toxic,Objet_15856
Flammable,Objet_15013
Explosive,Objet_20824
Corrosive,Objet_20111
Toxic,Objet_01617
Unspecified,Objet_00158
Corrosive,Objet_00659
Radioactive,Objet_28675
Oxidizing,Objet_11123
Fragile,Objet_24496
Flammable,Objet_06598
Food,Objet_16053
Toxic,Objet_27408
Pressurized,Objet_15321
Oxidizing,Objet_08235
Oxidizing,Objet_19174
Explosive,Objet_16092
Corrosive,Objet_29581
Food,Objet_11866
Fragile,Objet_06806
Fragile,Objet_11592
Radioactive,Objet_18614
Oxidizing,Objet_24030
Toxic,Objet_23411
Fragile,Objet_25231
Oxidizing,Objet_07385
Fragile,Objet_29608
Oxidizing,Objet_23408
Toxic,Objet_24322
Fragile,Objet_28316
Food,Objet_20306
Oxidizing,Objet_13529
Pressurized,Objet_08939
Radioactive,Objet_26374
Fragile,Objet_18690
Flammable,Objet_00090
Food,Objet_01480
Flammable,Objet_22428
Corrosive,Objet_24558
Food,Objet_28428
Flammable,Objet_22400
Fragile,Objet_21965
Toxic,Objet_06232
Fragile,Objet_26383
Oxidizing,Objet_15584
Toxic,Objet_24252
Unspecified,Objet_08767
Radioactive,Objet_28259
Explosive,Objet_14552
Toxic,Objet_03900
Fragile,Objet_26003
Explosive,Objet_12153
Unspecified,Objet_01806
Unspecified,Objet_22046
Explosive,Objet_28453
Oxidizing,Objet_10818
Flammable,Objet_20792
Food,Objet_29697
Oxidizing,Objet_21523
Radioactive,Objet_24586
Pressurized,Objet_11814
Toxic,Objet_26984
Radioactive,Objet_11776
Radioactive,Objet_22431
Pressurized,Objet_26106
Unspecified,Objet_14807
Unspecified,Objet_28406
Unspecified,Objet_12831
Pressurized,Objet_14224
Food,Objet_27174
Food,Objet_12614
Flammable,Objet_15117
Radioactive,Objet_16325
Flammable,Objet_20277
Unspecified,Objet_09322
Radioactive,Objet_00677
Corrosive,Objet_01327
Radioactive,Objet_29700
Oxidizing,Objet_18082
Fragile,Objet_10164
Pressurized,Objet_24596
Radioactive,Objet_19469
Food,Objet_11533
Corrosive,Objet_20113
Fragile,Objet_05734
Radioactive,Objet_11585
Unspecified,Objet_24328
Flammable,Objet_01249
Radioactive,Objet_09304
Explosive,Objet_04566
Corrosive,Objet_23819
Unspecified,Objet_06029
Oxidizing,Objet_28570
Radioactive,Objet_02727
Corrosive,Objet_15902
Flammable,Objet_06605
Flammable,Objet_11501
Fragile,Objet_05434
Corrosive,Objet_25489
Unspecified,Objet_22572
Pressurized,Objet_14421
Pressurized,Objet_02926
Explosive,Objet_25929
Unspecified,Objet_04604
Corrosive,Objet_11754
Toxic,Objet_11511
Flammable,Objet_04049
Unspecified,Objet_15929
Unspecified,Objet_06524
Explosive,Objet_25674
Toxic,Objet_23949
Oxidizing,Objet_12127
Food,Objet_23941
Corrosive,Objet_12531
Toxic,Objet_27716
Corrosive,Objet_03650
Corrosive,Objet_18118
Flammable,Objet_11488
Unspecified,Objet_28249
Toxic,Objet_14395
Toxic,Objet_00810
Toxic,Objet_09884
Flammable,Objet_00775
Oxidizing,Objet_01410
Unspecified,Objet_18427
Pressurized,Objet_08375
Flammable,Objet_27313
Pressurized,Objet_05823
Radioactive,Objet_27223
Unspecified,Objet_26741
Oxidizing,Objet_28283
Flammable,Objet_20712
Pressurized,Objet_18617
Radioactive,Objet_03817
Fragile,Objet_12818
Unspecified,Objet_21976
Food,Objet_01778
Radioactive,Objet_18089
Toxic,Objet_18845
Fragile,Objet_27940
Radioactive,Objet_15509
Unspecified,Objet_19516
Oxidizing,Objet_06875
Toxic,Objet_02492
Explosive,Objet_25840
Pressurized,Objet_11380
Pressurized,Objet_27081
Oxidizing,Objet_12085
Flammable,Objet_10325
Toxic,Objet_02648
Toxic,Objet_18843
Unspecified,Objet_15265
Flammable,Objet_08066
Food,Objet_20121
Unspecified,Objet_13328
Flammable,Objet_13807
Explosive,Objet_21037
Fragile,Objet_09012
Radioactive,Objet_16074
Flammable,Objet_02887
Fragile,Objet_21454
Pressurized,Objet_27693
Corrosive,Objet_17266
Pressurized,Objet_01816
Oxidizing,Objet_24336
Explosive,Objet_12234
Radioactive,Objet_05546
Radioactive,Objet_23554
Food,Objet_20482
Oxidizing,Objet_08857
Corrosive,Objet_21209
Explosive,Objet_12387
Explosive,Objet_00445
Fragile,Objet_28319
Explosive,Objet_24280
Radioactive,Objet_07457
Food,Objet_04408
Flammable,Objet_09917
Radioactive,Objet_26303
Fragile,Objet_16531
Pressurized,Objet_29863
Radioactive,Objet_11989
Explosive,Objet_19317
Toxic,Objet_27851
Toxic,Objet_16059
Explosive,Objet_29233
Unspecified,Objet_00595
Flammable,Objet_14908
Explosive,Objet_29282
Radioactive,Objet_26469
Fragile,Objet_03993
Flammable,Objet_28427
Pressurized,Objet_00419
Pressurized,Objet_20972
Corrosive,Objet_29217
Flammable,Objet_14036
Food,Objet_00150
Flammable,Objet_20138
Food,Objet_29767
Unspecified,Objet_22525
Unspecified,Objet_22253
Pressurized,Objet_02216
Food,Objet_26263
Radioactive,Objet_06743
Corrosive,Objet_27842
Explosive,Objet_14503
Fragile,Objet_28586
Toxic,Objet_17956
Pressurized,Objet_03241
Food,Objet_10194
Pressurized,Objet_03469
Radioactive,Objet_04465
Radioactive,Objet_10490
Oxidizing,Objet_03570
Oxidizing,Objet_09694
Corrosive,Objet_16669
Fragile,Objet_18152
Explosive,Objet_11876
Pressurized,Objet_00470
Flammable,Objet_23552
Oxidizing,Objet_23338
Explosive,Objet_20680
Radioactive,Objet_25001
Fragile,Objet_25141
Radioactive,Objet_06615
Explosive,Objet_14747
Radioactive,Objet_08435
Corrosive,Objet_06328
Unspecified,Objet_09710
Toxic,Objet_30045
Unspecified,Objet_09752
Corrosive,Objet_25493
Oxidizing,Objet_12235
Unspecified,Objet_25241
Fragile,Objet_16481
Unspecified,Objet_06674
Pressurized,Objet_15036
Unspecified,Objet_04413
Oxidizing,Objet_08561
Fragile,Objet_20345
Radioactive,Objet_27391
Fragile,Objet_22877
Explosive,Objet_07695
Flammable,Objet_21943
Oxidizing,Objet_28666
Explosive,Objet_18602
Pressurized,Objet_28358
Pressurized,Objet_15226
Toxic,Objet_26902
Corrosive,Objet_21510
Toxic,Objet_02621
Unspecified,Objet_17146
Radioactive,Objet_24683
Fragile,Objet_03455
Food,Objet_09248
Unspecified,Objet_27868
Flammable,Objet_01021
Toxic,Objet_18525
Pressurized,Objet_02514
Fragile,Objet_28779
Pressurized,Objet_25339
Toxic,Objet_06639
Radioactive,Objet_10914
Flammable,Objet_13364
Oxidizing,Objet_06672
Unspecified,Objet_01434
Flammable,Objet_01595
Oxidizing,Objet_15107
Fragile,Objet_23506
Fragile,Objet_05592
Corrosive,Objet_06037
Fragile,Objet_09077
Explosive,Objet_09979
Unspecified,Objet_19396
Flammable,Objet_13996
Flammable,Objet_01085
Pressurized,Objet_08633
Corrosive,Objet_07623
Corrosive,Objet_18864
Radioactive,Objet_23559
Explosive,Objet_17504
Pressurized,Objet_22783
Toxic,Objet_28702
Food,Objet_16377
Corrosive,Objet_25259
Explosive,Objet_20413
Unspecified,Objet_18012
Corrosive,Objet_10373
Flammable,Objet_22210
Oxidizing,Objet_00393
Explosive,Objet_05916
Corrosive,Objet_05445
Oxidizing,Objet_28923
Explosive,Objet_18522
Corrosive,Objet_25340
Flammable,Objet_23968
Fragile,Objet_20023
Explosive,Objet_16370
Corrosive,Objet_24974
Corrosive,Objet_15701
Unspecified,Objet_25508
Food,Objet_29330
Radioactive,Objet_00740
Food,Objet_19827
Corrosive,Objet_19285
Flammable,Objet_26184
Fragile,Objet_00155
Toxic,Objet_15350
Unspecified,Objet_23295
Pressurized,Objet_25743
Flammable,Objet_03892
Radioactive,Objet_20871
Unspecified,Objet_29940
Explosive,Objet_16497
Oxidizing,Objet_15364
Oxidizing,Objet_14165
Flammable,Objet_25096
Oxidizing,Objet_05366
Pressurized,Objet_14387
Corrosive,Objet_29103
Radioactive,Objet_20315
Pressurized,Objet_01846
Radioactive,Objet_11122
Fragile,Objet_09666
Corrosive,Objet_12065
Corrosive,Objet_25801
Radioactive,Objet_08340
Unspecified,Objet_28508
Pressurized,Objet_17694
Fragile,Objet_05096
Unspecified,Objet_19903
Toxic,Objet_26870
Corrosive,Objet_07588
Radioactive,Objet_29988
Oxidizing,Objet_08917
Explosive,Objet_19811
Fragile,Objet_08381
Pressurized,Objet_05898
Explosive,Objet_22786
Flammable,Objet_10068
Unspecified,Objet_22576
Food,Objet_10128
Fragile,Objet_27032
Oxidizing,Objet_04596
Explosive,Objet_17343
Pressurized,Objet_12575
Radioactive,Objet_02270
Unspecified,Objet_03696
Unspecified,Objet_14837
Flammable,Objet_09762
Toxic,Objet_06118
Fragile,Objet_10592
Toxic,Objet_23134
Flammable,Objet_19962
Pressurized,Objet_10121
Food,Objet_11599
Oxidizing,Objet_05497
Radioactive,Objet_16593
Explosive,Objet_18263
Flammable,Objet_02366
Corrosive,Objet_21526
Unspecified,Objet_00979
Corrosive,Objet_12462
Pressurized,Objet_01783
Oxidizing,Objet_03998
Corrosive,Objet_15593
Radioactive,Objet_23275
Toxic,Objet_05312
Oxidizing,Objet_15932
Pressurized,Objet_15098
Food,Objet_27375
Corrosive,Objet_12472
Explosive,Objet_18405
Toxic,Objet_16739
Pressurized,Objet_28942
Food,Objet_15934
Explosive,Objet_02274
Fragile,Objet_22264
Corrosive,Objet_23527
Explosive,Objet_23192
Fragile,Objet_09325
Fragile,Objet_00071
Unspecified,Objet_01159
Fragile,Objet_15726
Unspecified,Objet_24083
Pressurized,Objet_12315
Food,Objet_20498
Oxidizing,Objet_16954
Corrosive,Objet_14442
Explosive,Objet_15128
Explosive,Objet_08139
Food,Objet_08141
Fragile,Objet_04093
Radioactive,Objet_16313
Food,Objet_25362
Fragile,Objet_19464
Flammable,Objet_13097
Corrosive,Objet_15380
Oxidizing,Objet_03006
Oxidizing,Objet_25357
Fragile,Objet_10662
Oxidizing,Objet_20251
Fragile,Objet_16730
Corrosive,Objet_15923
Unspecified,Objet_18029
Radioactive,Objet_10070
Explosive,Objet_10251
Unspecified,Objet_29587
Pressurized,Objet_27216
Food,Objet_29533
Flammable,Objet_08805
Explosive,Objet_17472
Fragile,Objet_11120
Flammable,Objet_20508
Toxic,Objet_20042
Food,Objet_01515
Food,Objet_06618
Oxidizing,Objet_18648
Corrosive,Objet_24341
Fragile,Objet_08906
Radioactive,Objet_29623
Pressurized,Objet_10746
Flammable,Objet_29580
Food,Objet_02358
Corrosive,Objet_11297
Explosive,Objet_20942
Explosive,Objet_14880
Food,Objet_13449
Oxidizing,Objet_15163
Toxic,Objet_26847
Flammable,Objet_05059
Unspecified,Objet_15641
Food,Objet_22355
Explosive,Objet_15526
Radioactive,Objet_19461
Explosive,Objet_02881
Radioactive,Objet_29928
Flammable,Objet_21587
Unspecified,Objet_10539
Unspecified,Objet_24460
Oxidizing,Objet_19882
Food,Objet_13884
Explosive,Objet_01948
Pressurized,Objet_02126
Oxidizing,Objet_02753
Explosive,Objet_10676
Flammable,Objet_13823
Pressurized,Objet_15956
Fragile,Objet_08391
Fragile,Objet_10835
Fragile,Objet_03022
Food,Objet_27769
Oxidizing,Objet_20519
Oxidizing,Objet_06418
Corrosive,Objet_06533
Food,Objet_29014
Unspecified,Objet_21312
Oxidizing,Objet_09257
Fragile,Objet_08238
Pressurized,Objet_28497
Oxidizing,Objet_13227
Explosive,Objet_14774
Pressurized,Objet_05199
Corrosive,Objet_17340
Pressurized,Objet_21694
Food,Objet_05714
Fragile,Objet_27244
Unspecified,Objet_27911
Radioactive,Objet_09853
Explosive,Objet_28577
Radioactive,Objet_18531
Oxidizing,Objet_11839
Unspecified,Objet_07059
Corrosive,Objet_28964
Toxic,Objet_02164
Oxidizing,Objet_20324
Oxidizing,Objet_07088
Pressurized,Objet_04209
Radioactive,Objet_03146
Flammable,Objet_09652
Corrosive,Objet_12655
Pressurized,Objet_00717
Oxidizing,Objet_11576
Explosive,Objet_04745
Corrosive,Objet_17869
Toxic,Objet_06381
Flammable,Objet_12192
Explosive,Objet_22254
Radioactive,Objet_23420
Radioactive,Objet_18360
Toxic,Objet_02657
Radioactive,Objet_04971
Oxidizing,Objet_25225
Explosive,Objet_01195
Fragile,Objet_04552
Explosive,Objet_16565
Fragile,Objet_05086
Radioactive,Objet_14841
Pressurized,Objet_12419
Explosive,Objet_09914
Radioactive,Objet_02536
Flammable,Objet_21574
Oxidizing,Objet_03721
Explosive,Objet_18249
Unspecified,Objet_19807
Radioactive,Objet_08033
Toxic,Objet_18126
Food,Objet_04623
Explosive,Objet_15419
Flammable,Objet_04318
Toxic,Objet_03247
Fragile,Objet_20290
Toxic,Objet_16429
Flammable,Objet_12114
Unspecified,Objet_15127
Fragile,Objet_14948
Oxidizing,Objet_10837
Radioactive,Objet_10467
Oxidizing,Objet_02680
Oxidizing,Objet_05634
Radioactive,Objet_04299
Corrosive,Objet_19856
Fragile,Objet_29395
Toxic,Objet_27181
Food,Objet_25549
Unspecified,Objet_03700
Radioactive,Objet_05830
Explosive,Objet_26704
Food,Objet_11105
Toxic,Objet_21469
Oxidizing,Objet_04134
Corrosive,Objet_19770
Unspecified,Objet_14219
Flammable,Objet_10276
Flammable,Objet_11698
Pressurized,Objet_18958
Radioactive,Objet_01796
Fragile,Objet_21717
Fragile,Objet_11650
Corrosive,Objet_08871
Oxidizing,Objet_15076
Pressurized,Objet_23233
Food,Objet_19779
Corrosive,Objet_14668
Unspecified,Objet_18471
Oxidizing,Objet_15401
Radioactive,Objet_19421
Food,Objet_04234
Pressurized,Objet_23960
Flammable,Objet_03344
Toxic,Objet_18393
Food,Objet_23538
Explosive,Objet_17119
Explosive,Objet_25260
Pressurized,Objet_00787
Explosive,Objet_24028
Flammable,Objet_03367
Corrosive,Objet_26174
Toxic,Objet_08880
Oxidizing,Objet_23547
Pressurized,Objet_20673
Flammable,Objet_18832
Corrosive,Objet_21435
Food,Objet_00719
Unspecified,Objet_12295
Pressurized,Objet_09705
Toxic,Objet_06853
Flammable,Objet_04890
Unspecified,Objet_24641
Flammable,Objet_08444
Pressurized,Objet_16839
Unspecified,Objet_27185
Flammable,Objet_29165
Toxic,Objet_18720
Food,Objet_01505
Flammable,Objet_00041
Toxic,Objet_17278
Radioactive,Objet_03160
Flammable,Objet_04354
Pressurized,Objet_02320
Toxic,Objet_28443
Pressurized,Objet_10342
Food,Objet_28251
Fragile,Objet_29614
Fragile,Objet_05975
Radioactive,Objet_23986
Flammable,Objet_28972
Fragile,Objet_29387
Explosive,Objet_19863
Fragile,Objet_02238
Unspecified,Objet_02389
Flammable,Objet_02266
Unspecified,Objet_01232
Pressurized,Objet_18512
Explosive,Objet_28496
Oxidizing,Objet_06780
Toxic,Objet_07039
Oxidizing,Objet_05204
Unspecified,Objet_07980
Food,Objet_11466
Explosive,Objet_12795
Corrosive,Objet_15322
Unspecified,Objet_09450
Oxidizing,Objet_29831
Food,Objet_18577
Food,Objet_14872
Corrosive,Objet_15137
Pressurized,Objet_26459
Food,Objet_25063
Unspecified,Objet_12079
Fragile,Objet_10010
Food,Objet_01585
Corrosive,Objet_15183
Unspecified,Objet_15627
Unspecified,Objet_03610
Radioactive,Objet_00954
Unspecified,Objet_13343
Pressurized,Objet_29434
Toxic,Objet_20473
Flammable,Objet_07206
Pressurized,Objet_22611
Explosive,Objet_10912
Toxic,Objet_28988
Oxidizing,Objet_14286
Food,Objet_18576
Flammable,Objet_07737
Unspecified,Objet_11889
Toxic,Objet_16791
Explosive,Objet_29935
Flammable,Objet_10976
Unspecified,Objet_06760
Toxic,Objet_02675
Radioactive,Objet_05658
Pressurized,Objet_25956
Fragile,Objet_18329
Food,Objet_24167
Food,Objet_01415
Explosive,Objet_06319
Food,Objet_06720
Toxic,Objet_29999
Radioactive,Objet_30010
Unspecified,Objet_18926
Fragile,Objet_15191
Pressurized,Objet_03015
Unspecified,Objet_08172
Radioactive,Objet_18896
Fragile,Objet_06020
Corrosive,Objet_10306
Corrosive,Objet_04077
Corrosive,Objet_02660
Toxic,Objet_11861
Corrosive,Objet_06704
Pressurized,Objet_27293
Food,Objet_11200
Explosive,Objet_05225
Food,Objet_03828
Fragile,Objet_14931
Flammable,Objet_29105
Toxic,Objet_22585
Toxic,Objet_08870
Oxidizing,Objet_24912
Radioactive,Objet_25600
Radioactive,Objet_01873
Flammable,Objet_09736
Food,Objet_19069
Unspecified,Objet_06007
Oxidizing,Objet_02900
Oxidizing,Objet_12310
Radioactive,Objet_15104
Toxic,Objet_19768
Unspecified,Objet_13903
Radioactive,Objet_06435
Fragile,Objet_23040
Pressurized,Objet_00643
Explosive,Objet_10927
Unspecified,Objet_18507
Food,Objet_04667
Corrosive,Objet_17442
Flammable,Objet_23925
Oxidizing,Objet_26319
Fragile,Objet_20719
Oxidizing,Objet_24384
Fragile,Objet_08604
Oxidizing,Objet_27044
Explosive,Objet_19193
Food,Objet_12905
Unspecified,Objet_01758
Fragile,Objet_16417
Radioactive,Objet_18497
Radioactive,Objet_16806
Oxidizing,Objet_11483
Oxidizing,Objet_01192
Food,Objet_06128
Pressurized,Objet_19950
Pressurized,Objet_22487
Flammable,Objet_28920
Unspecified,Objet_03944
Fragile,Objet_08454
Flammable,Objet_08705
Flammable,Objet_11912
Toxic,Objet_20246
Corrosive,Objet_07882
Oxidizing,Objet_15020
Explosive,Objet_06937
Toxic,Objet_17148
Explosive,Objet_12981
Oxidizing,Objet_28252
Oxidizing,Objet_11844
Radioactive,Objet_10842
Corrosive,Objet_11784
Flammable,Objet_18852
Corrosive,Objet_22223
Toxic,Objet_13660
Radioactive,Objet_10290
Toxic,Objet_03275
Explosive,Objet_23654
Flammable,Objet_05797
Radioactive,Objet_21333
Toxic,Objet_18342
Flammable,Objet_21562
Oxidizing,Objet_05955
Fragile,Objet_27227
Unspecified,Objet_20601
Corrosive,Objet_14914
Corrosive,Objet_01855
Explosive,Objet_06880
Explosive,Objet_02393
Radioactive,Objet_12343
Unspecified,Objet_29017
Food,Objet_05767
Fragile,Objet_22996
Radioactive,Objet_17468
Toxic,Objet_13991
Flammable,Objet_05648
Fragile,Objet_01482
Fragile,Objet_02172
Food,Objet_17636
Toxic,Objet_02729
Fragile,Objet_04563
Flammable,Objet_14683
Oxidizing,Objet_20716
Explosive,Objet_08845
Food,Objet_27445
Fragile,Objet_17162
Explosive,Objet_29931
Unspecified,Objet_11171
Toxic,Objet_01095
Explosive,Objet_25726
Explosive,Objet_17539
Radioactive,Objet_26258
Oxidizing,Objet_15389
Explosive,Objet_16379
Pressurized,Objet_05368
Unspecified,Objet_08812
Flammable,Objet_06376
Corrosive,Objet_27187
Oxidizing,Objet_27395
Pressurized,Objet_20050
Fragile,Objet_14382
Fragile,Objet_12941
Unspecified,Objet_10950
Corrosive,Objet_00523
Pressurized,Objet_27082
Fragile,Objet_24313
Food,Objet_09472
Flammable,Objet_28179
Toxic,Objet_26952
Radioactive,Objet_20090
Radioactive,Objet_16164
Pressurized,Objet_08315
Corrosive,Objet_02112
Corrosive,Objet_02661
Explosive,Objet_04600
Radioactive,Objet_29633
Radioactive,Objet_12219
Flammable,Objet_17185
Food,Objet_14969
Flammable,Objet_13334
Fragile,Objet_29418
Radioactive,Objet_20509
Toxic,Objet_21439
Food,Objet_09367
Unspecified,Objet_28634
Radioactive,Objet_19649
Explosive,Objet_18776
Unspecified,Objet_11222
Food,Objet_01272
Corrosive,Objet_27616
Toxic,Objet_14181
Corrosive,Objet_10182
Pressurized,Objet_27222
Explosive,Objet_21564
Pressurized,Objet_07975
Radioactive,Objet_20867
Radioactive,Objet_27461
Unspecified,Objet_04350
Radioactive,Objet_25574
Corrosive,Objet_23042
Toxic,Objet_10440
Flammable,Objet_26294
Radioactive,Objet_21423
Explosive,Objet_12529
Flammable,Objet_02167
Food,Objet_10918
Unspecified,Objet_20578
Radioactive,Objet_17377
Explosive,Objet_01118
Fragile,Objet_14074
Fragile,Objet_05265
Oxidizing,Objet_19026
Oxidizing,Objet_24891
Flammable,Objet_18942
Unspecified,Objet_03260
Pressurized,Objet_09759
Flammable,Objet_12254
Radioactive,Objet_17313
Toxic,Objet_08169
Unspecified,Objet_10346
Pressurized,Objet_05891
Radioactive,Objet_18470
Radioactive,Objet_21959
Toxic,Objet_24244
Explosive,Objet_06563
Explosive,Objet_13863
Toxic,Objet_05543
Radioactive,Objet_16479
Toxic,Objet_22624
Unspecified,Objet_25723
Pressurized,Objet_10255
Flammable,Objet_00507
Flammable,Objet_27602
Radioactive,Objet_30074
Unspecified,Objet_04925
Radioactive,Objet_02025
Oxidizing,Objet_06733
Oxidizing,Objet_17546
Radioactive,Objet_07989
Radioactive,Objet_25614
Explosive,Objet_10790
Oxidizing,Objet_04637
Explosive,Objet_19356
Unspecified,Objet_02496
Explosive,Objet_02170
Toxic,Objet_05223
Radioactive,Objet_12441
Unspecified,Objet_09808
Fragile,Objet_03715
Radioactive,Objet_27186
Flammable,Objet_02742
Corrosive,Objet_16906
Explosive,Objet_22089
Flammable,Objet_29620
Food,Objet_22712
Flammable,Objet_01678
Pressurized,Objet_18037
Explosive,Objet_05519
Unspecified,Objet_04702
Oxidizing,Objet_01754
Unspecified,Objet_22668
Fragile,Objet_21707
Fragile,Objet_27069
Explosive,Objet_03263
Radioactive,Objet_29494
Unspecified,Objet_20892
Toxic,Objet_25963
Radioactive,Objet_25067
Fragile,Objet_20653
Pressurized,Objet_25193
Toxic,Objet_03081
Pressurized,Objet_16699
Oxidizing,Objet_18670
Radioactive,Objet_28879
Food,Objet_28536
Fragile,Objet_24920
Corrosive,Objet_11084
Pressurized,Objet_06953
Toxic,Objet_00958
Unspecified,Objet_15553
Explosive,Objet_19839
Pressurized,Objet_12039
Unspecified,Objet_12995
Pressurized,Objet_28125
Food,Objet_20973
Flammable,Objet_15186
Flammable,Objet_22640
Flammable,Objet_26450
Fragile,Objet_19788
Explosive,Objet_12630
Radioactive,Objet_23401
Oxidizing,Objet_05275
Flammable,Objet_05884
Unspecified,Objet_03070
Unspecified,Objet_05316
Corrosive,Objet_11393
Unspecified,Objet_03007
Oxidizing,Objet_11805
Corrosive,Objet_20550
Toxic,Objet_12496
Fragile,Objet_29814
Food,Objet_26959
Explosive,Objet_21938
Toxic,Objet_05399
Corrosive,Objet_09059
Fragile,Objet_16968
Corrosive,Objet_09855
Unspecified,Objet_14038
Food,Objet_08758
Pressurized,Objet_03476
Oxidizing,Objet_00827
Radioactive,Objet_23626
Oxidizing,Objet_00721
Food,Objet_08448
Fragile,Objet_27801
Radioactive,Objet_24696
Explosive,Objet_05821
Radioactive,Objet_14018
Fragile,Objet_02368
Toxic,Objet_05533
Oxidizing,Objet_04468
Food,Objet_12305
Oxidizing,Objet_04605
Food,Objet_17149
Fragile,Objet_06377
Radioactive,Objet_07134
Corrosive,Objet_04921
Toxic,Objet_27794
Oxidizing,Objet_18222
Oxidizing,Objet_23371
Unspecified,Objet_20962
Toxic,Objet_14152
Unspecified,Objet_01509
Oxidizing,Objet_27494
Unspecified,Objet_19708
Explosive,Objet_13792
Toxic,Objet_18069
Explosive,Objet_12203
Unspecified,Objet_28101
Food,Objet_25007
Explosive,Objet_17321
Unspecified,Objet_11638
Fragile,Objet_18965
Flammable,Objet_13464
Explosive,Objet_12338
Oxidizing,Objet_23826
Radioactive,Objet_21655
Toxic,Objet_30132
Corrosive,Objet_18632
Corrosive,Objet_01289
Flammable,Objet_24775
Food,Objet_11732
Oxidizing,Objet_08424
Flammable,Objet_16841
Pressurized,Objet_05167
Radioactive,Objet_22381
Toxic,Objet_12501
Corrosive,Objet_17401
Pressurized,Objet_14725
Unspecified,Objet_02143
Radioactive,Objet_27704
Flammable,Objet_27569
Explosive,Objet_06750
Flammable,Objet_01245
Food,Objet_18687
Toxic,Objet_14251
Explosive,Objet_04104
Explosive,Objet_05554
Flammable,Objet_01422
Corrosive,Objet_28511
Corrosive,Objet_08171
Pressurized,Objet_07621
Fragile,Objet_00019
Corrosive,Objet_00582
Flammable,Objet_05827
Fragile,Objet_20033
Flammable,Objet_18041
Fragile,Objet_07046
Food,Objet_08525
Radioactive,Objet_15645
Oxidizing,Objet_12325
Corrosive,Objet_10154
Pressurized,Objet_10627
Fragile,Objet_01884
Flammable,Objet_18141
Fragile,Objet_20756
Food,Objet_10446
Radioactive,Objet_07961
Fragile,Objet_01001
Unspecified,Objet_27580
Unspecified,Objet_19134
Corrosive,Objet_01759
Food,Objet_28432
Unspecified,Objet_13353
Explosive,Objet_28751
Flammable,Objet_27399
Oxidizing,Objet_01702
Flammable,Objet_07195
Radioactive,Objet_20757
Oxidizing,Objet_11201
Explosive,Objet_01565
Fragile,Objet_15980
Toxic,Objet_10397
Fragile,Objet_15217
Pressurized,Objet_05895
Fragile,Objet_28868
Unspecified,Objet_17257
Flammable,Objet_07411
Toxic,Objet_20774
Unspecified,Objet_17621
Pressurized,Objet_26103
Pressurized,Objet_07002
Fragile,Objet_24114
Flammable,Objet_20359
Food,Objet_01536
Fragile,Objet_14319
Fragile,Objet_11694
Fragile,Objet_15713
Pressurized,Objet_08844
Explosive,Objet_19503
Unspecified,Objet_16632
Explosive,Objet_27933
Oxidizing,Objet_17873
Toxic,Objet_24393
Toxic,Objet_10076
Pressurized,Objet_07629
Fragile,Objet_24767
Food,Objet_25901
Fragile,Objet_22708
Fragile,Objet_17370
Corrosive,Objet_03808
Unspecified,Objet_03724
Food,Objet_02980
Toxic,Objet_22956
Oxidizing,Objet_04684
Unspecified,Objet_12789
Corrosive,Objet_02120
Pressurized,Objet_22490
Fragile,Objet_08766
Toxic,Objet_24822
Corrosive,Objet_08727
Radioactive,Objet_17980
Corrosive,Objet_15455
Corrosive,Objet_15507
Pressurized,Objet_20467
Toxic,Objet_08947
Oxidizing,Objet_15177
Oxidizing,Objet_21648
Radioactive,Objet_05768
Corrosive,Objet_21830
Unspecified,Objet_22248
Fragile,Objet_19216
Unspecified,Objet_13075
Toxic,Objet_27059
Food,Objet_25329
Unspecified,Objet_29414
Explosive,Objet_07146
Food,Objet_23258
Toxic,Objet_23474
Food,Objet_21865
Oxidizing,Objet_25323
Oxidizing,Objet_25506
Oxidizing,Objet_20858
Explosive,Objet_26507
Unspecified,Objet_14343
Unspecified,Objet_10970
Corrosive,Objet_13520
Toxic,Objet_20015
Food,Objet_04207
Explosive,Objet_19851
Food,Objet_01323
Food,Objet_02004
Toxic,Objet_19244
Unspecified,Objet_23685
Fragile,Objet_10111
Explosive,Objet_20788
Food,Objet_16483
Explosive,Objet_24968
Pressurized,Objet_24314
Flammable,Objet_15407
Toxic,Objet_12264
Toxic,Objet_30020
Oxidizing,Objet_03706
Toxic,Objet_11667
Oxidizing,Objet_20145
Pressurized,Objet_07827
Pressurized,Objet_21909
Unspecified,Objet_00545
Flammable,Objet_15954
Toxic,Objet_10812
Toxic,Objet_17723
Flammable,Objet_16111
Unspecified,Objet_26918
Toxic,Objet_17909
Radioactive,Objet_08551
Flammable,Objet_18642
Toxic,Objet_05931
Explosive,Objet_18699
Food,Objet_05492
Oxidizing,Objet_09581
Oxidizing,Objet_10269
Fragile,Objet_25661
Toxic,Objet_16274
Corrosive,Objet_21492
Food,Objet_30075
Unspecified,Objet_27266
Fragile,Objet_07631
Explosive,Objet_11760
Oxidizing,Objet_00235
Fragile,Objet_02007
Food,Objet_21145
Radioactive,Objet_11032
Radioactive,Objet_21774
Oxidizing,Objet_05013
Fragile,Objet_24120
Unspecified,Objet_28170
Flammable,Objet_28582
Toxic,Objet_06867
Oxidizing,Objet_14761
Unspecified,Objet_21170
Radioactive,Objet_03849
Toxic,Objet_20265
Fragile,Objet_29777
Explosive,Objet_20395
Radioactive,Objet_24978
Radioactive,Objet_24234
Explosive,Objet_13882
Fragile,Objet_17435
Corrosive,Objet_29151
Food,Objet_16833
Food,Objet_18378
Unspecified,Objet_22174
Unspecified,Objet_11065
Oxidizing,Objet_27571
Flammable,Objet_14698
Corrosive,Objet_05143
Unspecified,Objet_01777
Radioactive,Objet_20370
Oxidizing,Objet_29012
Corrosive,Objet_13146
Corrosive,Objet_11939
Explosive,Objet_23797
Fragile,Objet_11211
Radioactive,Objet_13491
Radioactive,Objet_02996
Unspecified,Objet_22018
Flammable,Objet_04017
Oxidizing,Objet_27577
Explosive,Objet_21922
Unspecified,Objet_28813
Radioactive,Objet_20730
Flammable,Objet_00720
Radioactive,Objet_23245
Fragile,Objet_22081
Oxidizing,Objet_07476
Corrosive,Objet_01871
Flammable,Objet_03750
Radioactive,Objet_22548
Pressurized,Objet_09511
Flammable,Objet_18098
Flammable,Objet_27899
Fragile,Objet_09664
Toxic,Objet_10187
Food,Objet_11902
Flammable,Objet_05203
Pressurized,Objet_29850
Unspecified,Objet_29823
Fragile,Objet_27238
Oxidizing,Objet_23585
Pressurized,Objet_27048
Food,Objet_19282
Toxic,Objet_00385
Food,Objet_13323
Flammable,Objet_24202
Pressurized,Objet_20443
Radioactive,Objet_28118
Pressurized,Objet_11175
Flammable,Objet_09468
Fragile,Objet_22052
Flammable,Objet_21580
Radioactive,Objet_21961
Flammable,Objet_10870
Pressurized,Objet_03389
Oxidizing,Objet_29875
Pressurized,Objet_01093
Corrosive,Objet_21464
Unspecified,Objet_05362
Corrosive,Objet_23346
Flammable,Objet_10074
Food,Objet_27532
Flammable,Objet_12942
Flammable,Objet_24655
Flammable,Objet_25917
Unspecified,Objet_10917
Unspecified,Objet_22276
Explosive,Objet_21065
Unspecified,Objet_10169
Pressurized,Objet_15818
Unspecified,Objet_10963
Oxidizing,Objet_07468
Flammable,Objet_04676
Food,Objet_21821
Explosive,Objet_00141
Pressurized,Objet_00931
Corrosive,Objet_29508
Pressurized,Objet_05019
Unspecified,Objet_20825
Corrosive,Objet_05053
Explosive,Objet_18822
Pressurized,Objet_12224
Oxidizing,Objet_24531
Corrosive,Objet_26671
Toxic,Objet_27441
Food,Objet_11164
Unspecified,Objet_08322
Explosive,Objet_21250
Corrosive,Objet_07859
Radioactive,Objet_28522
Unspecified,Objet_02437
Radioactive,Objet_06127
Fragile,Objet_21746
Pressurized,Objet_03624
Fragile,Objet_03623
Unspecified,Objet_27581
Food,Objet_25056
Flammable,Objet_09723
Corrosive,Objet_21089
Unspecified,Objet_00284
Food,Objet_26684
Toxic,Objet_07361
Toxic,Objet_15549
Unspecified,Objet_20253
Flammable,Objet_12878
Unspecified,Objet_04316
Unspecified,Objet_04891
Food,Objet_25852
Oxidizing,Objet_07055
Pressurized,Objet_19520
Oxidizing,Objet_18510
Pressurized,Objet_23947
Toxic,Objet_06480
Flammable,Objet_09268
Explosive,Objet_14579
Unspecified,Objet_23847
Food,Objet_15842
Pressurized,Objet_25771
Unspecified,Objet_17258
Corrosive,Objet_11573
Flammable,Objet_08496
Pressurized,Objet_16763
Fragile,Objet_19604
Pressurized,Objet_28450
Radioactive,Objet_05665
Toxic,Objet_04031
Unspecified,Objet_11663
Pressurized,Objet_16199
Oxidizing,Objet_11966
Radioactive,Objet_16475
Explosive,Objet_05427
Explosive,Objet_10118
Corrosive,Objet_23157
Pressurized,Objet_04927
Fragile,Objet_26306
Radioactive,Objet_02144
Explosive,Objet_16804
Toxic,Objet_02474
Flammable,Objet_19764
Radioactive,Objet_11138
Oxidizing,Objet_05188
Fragile,Objet_16380
Food,Objet_19744
Fragile,Objet_16009
Corrosive,Objet_05450
Oxidizing,Objet_30134
Corrosive,Objet_02226
Food,Objet_12532
Explosive,Objet_08741
Explosive,Objet_07343
Flammable,Objet_19254
Toxic,Objet_08631
Fragile,Objet_20150
Explosive,Objet_10601
Corrosive,Objet_04627
Flammable,Objet_16846
Fragile,Objet_20438
Food,Objet_09986
Toxic,Objet_08520
Flammable,Objet_02705
Pressurized,Objet_29501
Flammable,Objet_17224
Pressurized,Objet_24966
Flammable,Objet_18862
Toxic,Objet_14071
Food,Objet_18824
Explosive,Objet_19551
Oxidizing,Objet_25446
Pressurized,Objet_18479
Oxidizing,Objet_15398
Food,Objet_16451
Fragile,Objet_07455
Radioactive,Objet_28328
Flammable,Objet_27019
Pressurized,Objet_20316
Pressurized,Objet_07624
Unspecified,Objet_01706
Flammable,Objet_00271
Flammable,Objet_00705
Explosive,Objet_25203
Toxic,Objet_10793
Food,Objet_00331
Unspecified,Objet_18787
Oxidizing,Objet_18241
Fragile,Objet_16923
Fragile,Objet_09371
Flammable,Objet_02724
Food,Objet_29187
Radioactive,Objet_11502
Food,Objet_20057
Unspecified,Objet_12179
Toxic,Objet_23462
Flammable,Objet_26282
Food,Objet_02930
Unspecified,Objet_04998
Toxic,Objet_05907
Unspecified,Objet_05684
Food,Objet_19018
Radioactive,Objet_07913
Radioactive,Objet_03595
Flammable,Objet_00172
Pressurized,Objet_18491
Toxic,Objet_11503
Pressurized,Objet_28783
Toxic,Objet_12473
Pressurized,Objet_29978
Fragile,Objet_09513
Unspecified,Objet_24925
Pressurized,Objet_00093
Unspecified,Objet_03810
Radioactive,Objet_28831
Flammable,Objet_27324
Pressurized,Objet_24428
Oxidizing,Objet_25787
Unspecified,Objet_10295
Explosive,Objet_05301
Radioactive,Objet_22128
Radioactive,Objet_07739
Corrosive,Objet_21870
Oxidizing,Objet_00257
Food,Objet_19491
Pressurized,Objet_07241
Explosive,Objet_21903
Fragile,Objet_10625
Explosive,Objet_14475
Food,Objet_08726
Fragile,Objet_03613
Food,Objet_21446
Flammable,Objet_26183
Food,Objet_03539
Unspecified,Objet_21668
Explosive,Objet_03873
Radioactive,Objet_06817
Fragile,Objet_26141
Toxic,Objet_10419
Explosive,Objet_27826
Toxic,Objet_01311
Pressurized,Objet_07007
Food,Objet_20402
Oxidizing,Objet_15055
Radioactive,Objet_22776
Oxidizing,Objet_07314
Fragile,Objet_19524
Corrosive,Objet_16093
Unspecified,Objet_18459
Food,Objet_04312
Explosive,Objet_27424
Fragile,Objet_02556
Pressurized,Objet_24038
Explosive,Objet_06008
Oxidizing,Objet_09945
Unspecified,Objet_03674
Fragile,Objet_25118
Food,Objet_29631
Unspecified,Objet_14420
Oxidizing,Objet_11675
Flammable,Objet_20504
Unspecified,Objet_07421
Pressurized,Objet_12940
Radioactive,Objet_21305
Radioactive,Objet_13154
Pressurized,Objet_02205
Pressurized,Objet_11895
Explosive,Objet_18718
Corrosive,Objet_06682
Flammable,Objet_20447
Toxic,Objet_02063
Toxic,Objet_10617
Fragile,Objet_20714
Fragile,Objet_29425
Food,Objet_22105
Food,Objet_01162
Food,Objet_05919
Explosive,Objet_28390
Toxic,Objet_07626
Fragile,Objet_18764
Radioactive,Objet_19603
Toxic,Objet_26538
Toxic,Objet_12968
Unspecified,Objet_01352
Pressurized,Objet_26117
Pressurized,Objet_03414
Unspecified,Objet_25676
Unspecified,Objet_10922
Corrosive,Objet_22577
Fragile,Objet_16316
Pressurized,Objet_27371
Explosive,Objet_09932
Explosive,Objet_03598
Pressurized,Objet_10687
Corrosive,Objet_06845
Corrosive,Objet_08620
Radioactive,Objet_03365
Fragile,Objet_19450
Unspecified,Objet_24870
Unspecified,Objet_08518
Food,Objet_17036
Fragile,Objet_06799
Food,Objet_18972
Oxidizing,Objet_03163
Explosive,Objet_17783
Food,Objet_28418
Radioactive,Objet_22816
Pressurized,Objet_06195
Unspecified,Objet_00426
Food,Objet_25494
Toxic,Objet_00714
Oxidizing,Objet_11360
Radioactive,Objet_00962
Pressurized,Objet_17961
Explosive,Objet_26091
Unspecified,Objet_14957
Corrosive,Objet_17853
Food,Objet_24216
Radioactive,Objet_26660
Fragile,Objet_03521
Fragile,Objet_11907
Explosive,Objet_05477
Unspecified,Objet_05774
Flammable,Objet_03976
Food,Objet_00063
Oxidizing,Objet_07140
Oxidizing,Objet_28232
Explosive,Objet_28849
Flammable,Objet_02560
Flammable,Objet_11518
Pressurized,Objet_12352
Toxic,Objet_08445
Corrosive,Objet_22291
Radioactive,Objet_11700
Food,Objet_22209
Toxic,Objet_07591
Unspecified,Objet_26763
Fragile,Objet_28903
Radioactive,Objet_25462
Flammable,Objet_00250
Food,Objet_25768
Food,Objet_21861
Toxic,Objet_07790
Toxic,Objet_00454
Explosive,Objet_10628
Unspecified,Objet_18466
Oxidizing,Objet_14047
Toxic,Objet_01416
Fragile,Objet_21204
Pressurized,Objet_30130
Explosive,Objet_05992
Food,Objet_18806
Fragile,Objet_23659
Food,Objet_05948
Toxic,Objet_16016
Unspecified,Objet_16347
Fragile,Objet_18912
Radioactive,Objet_06507
Fragile,Objet_18800
Toxic,Objet_27549
Flammable,Objet_20241
Flammable,Objet_06258
Flammable,Objet_12820
Unspecified,Objet_12361
Pressurized,Objet_07162
Explosive,Objet_27115
Radioactive,Objet_13439
Pressurized,Objet_12141
Explosive,Objet_24963
Pressurized,Objet_23271
Fragile,Objet_26310
Explosive,Objet_15151
Radioactive,Objet_19044
Food,Objet_00711
Unspecified,Objet_17736
Flammable,Objet_21066
Flammable,Objet_22987
Food,Objet_18426
Explosive,Objet_03987
Toxic,Objet_19265
Oxidizing,Objet_17439
Toxic,Objet_00568
Flammable,Objet_10224
Radioactive,Objet_01429
Flammable,Objet_14083
Flammable,Objet_20865
Explosive,Objet_04359
Toxic,Objet_02006
Radioactive,Objet_11196
Flammable,Objet_16511
Fragile,Objet_28020
Toxic,Objet_02603
Unspecified,Objet_09181
Radioactive,Objet_24411
Food,Objet_10252
Food,Objet_14795
Corrosive,Objet_30015
Flammable,Objet_29464
Pressurized,Objet_21690
Fragile,Objet_20260
Fragile,Objet_17187
Flammable,Objet_21457
Flammable,Objet_22478
Toxic,Objet_20595
Explosive,Objet_26376
Explosive,Objet_25596
Corrosive,Objet_04923
Oxidizing,Objet_20598
Oxidizing,Objet_25507
Explosive,Objet_06735
Corrosive,Objet_10452
Toxic,Objet_18166
Fragile,Objet_27646
Fragile,Objet_28713
Toxic,Objet_12466
Food,Objet_06469
Fragile,Objet_24409
Radioactive,Objet_21721
Radioactive,Objet_10230
Oxidizing,Objet_27362
Explosive,Objet_02748
Unspecified,Objet_23052
Corrosive,Objet_13029
Radioactive,Objet_00328
Toxic,Objet_08597
Oxidizing,Objet_16017
Flammable,Objet_03527
Radioactive,Objet_27825
Explosive,Objet_03144
Fragile,Objet_26072
Toxic,Objet_28297
Explosive,Objet_14745
Food,Objet_23612
Oxidizing,Objet_23532
Flammable,Objet_28996
Unspecified,Objet_13478
Unspecified,Objet_16829
Unspecified,Objet_19496
Flammable,Objet_19241
Unspecified,Objet_28237
Fragile,Objet_29358
Radioactive,Objet_10201
Corrosive,Objet_06070
Oxidizing,Objet_04152
Oxidizing,Objet_02086
Unspecified,Objet_00109
Explosive,Objet_19908
Toxic,Objet_08815
Flammable,Objet_06048
Food,Objet_11256
Oxidizing,Objet_11749
Unspecified,Objet_20052
Food,Objet_19372
Unspecified,Objet_12380
Pressurized,Objet_08755
Flammable,Objet_05800
Toxic,Objet_19073
Toxic,Objet_05489
Flammable,Objet_24797
Toxic,Objet_22295
Flammable,Objet_12118
Pressurized,Objet_23265
Pressurized,Objet_29986
Food,Objet_12718
Explosive,Objet_11891
Radioactive,Objet_21098
Food,Objet_04325
Radioactive,Objet_25606
Explosive,Objet_19223
Fragile,Objet_10054
Unspecified,Objet_21449
Corrosive,Objet_14659
Flammable,Objet_20607
Explosive,Objet_25027
Food,Objet_16617
Explosive,Objet_07362
Corrosive,Objet_09199
Pressurized,Objet_24462
Radioactive,Objet_10675
Toxic,Objet_28860
Oxidizing,Objet_24988
Toxic,Objet_06990
Radioactive,Objet_28799
Unspecified,Objet_04963
Flammable,Objet_13087
Explosive,Objet_23849
Explosive,Objet_15387
Fragile,Objet_06801
Toxic,Objet_01461
Corrosive,Objet_09299
Pressurized,Objet_03223
Radioactive,Objet_13557
Pressurized,Objet_03864
Oxidizing,Objet_05483
Flammable,Objet_17042
Explosive,Objet_23696
Corrosive,Objet_14617
Food,Objet_25325
Corrosive,Objet_15777
Oxidizing,Objet_12555
Oxidizing,Objet_26845
Radioactive,Objet_18898
Fragile,Objet_09276
Radioactive,Objet_18545
Radioactive,Objet_06658
Oxidizing,Objet_27545
Pressurized,Objet_26234
Pressurized,Objet_11442
Oxidizing,Objet_05812
Food,Objet_23748
Radioactive,Objet_06624
Oxidizing,Objet_15559
Unspecified,Objet_07475
Explosive,Objet_27983
Unspecified,Objet_23520
Food,Objet_13107
Oxidizing,Objet_26247
Explosive,Objet_19624
Flammable,Objet_15803
Toxic,Objet_25522
Corrosive,Objet_13616
Explosive,Objet_20191
Toxic,Objet_09861
Toxic,Objet_03997
Food,Objet_25745
Food,Objet_21227
Explosive,Objet_24476
Pressurized,Objet_05322
Pressurized,Objet_18106
Fragile,Objet_14812
Radioactive,Objet_23207
Toxic,Objet_07729
Toxic,Objet_05822
Unspecified,Objet_12069
Pressurized,Objet_28271
Pressurized,Objet_14656
Radioactive,Objet_29731
Oxidizing,Objet_27643
Fragile,Objet_15002
Oxidizing,Objet_18529
Pressurized,Objet_25073
Pressurized,Objet_11081
Food,Objet_29271
Food,Objet_21392
Corrosive,Objet_01833
Fragile,Objet_29679
Fragile,Objet_01732
Unspecified,Objet_22268
Flammable,Objet_18339
Flammable,Objet_10663
Fragile,Objet_17534
Corrosive,Objet_17058
Radioactive,Objet_04783
Oxidizing,Objet_26040
Unspecified,Objet_04504
Food,Objet_02356
Explosive,Objet_27853
Explosive,Objet_27694
Flammable,Objet_20187
Explosive,Objet_01966
Corrosive,Objet_14644
Radioactive,Objet_13811
Corrosive,Objet_18370
Food,Objet_05749
Toxic,Objet_09887
Fragile,Objet_07811
Fragile,Objet_10560
Explosive,Objet_14352
Oxidizing,Objet_20135
Explosive,Objet_22795
Flammable,Objet_14216
Toxic,Objet_27038
Radioactive,Objet_22492
Food,Objet_16225
Oxidizing,Objet_21616
Radioactive,Objet_18939
Unspecified,Objet_29792
Food,Objet_02941
Pressurized,Objet_05291
Explosive,Objet_02019
Flammable,Objet_01557
Unspecified,Objet_20502
Toxic,Objet_10465
Food,Objet_01814
Unspecified,Objet_23802
Food,Objet_10653
Pressurized,Objet_09588
Oxidizing,Objet_10863
Radioactive,Objet_27663
Flammable,Objet_17887
Pressurized,Objet_14792
Flammable,Objet_03008
Unspecified,Objet_09679
Toxic,Objet_10030
Unspecified,Objet_26252
Fragile,Objet_22748
Unspecified,Objet_15391
Pressurized,Objet_12045
Oxidizing,Objet_27638
Corrosive,Objet_24618
Pressurized,Objet_10573
Unspecified,Objet_26576
Explosive,Objet_02041
Pressurized,Objet_16065
Corrosive,Objet_15424
Flammable,Objet_16266
Oxidizing,Objet_06949
Flammable,Objet_02043
Pressurized,Objet_06536
Flammable,Objet_02956
Oxidizing,Objet_20918
Oxidizing,Objet_07860
Corrosive,Objet_26607
Explosive,Objet_26974
Fragile,Objet_10987
Corrosive,Objet_08366
Explosive,Objet_19892
Corrosive,Objet_18142
Corrosive,Objet_13531
Corrosive,Objet_16358
Oxidizing,Objet_27746
Flammable,Objet_10629
Corrosive,Objet_28113
Food,Objet_22460
Corrosive,Objet_06591
Flammable,Objet_12379
Oxidizing,Objet_10803
Fragile,Objet_12594
Corrosive,Objet_12690
Toxic,Objet_14298
Fragile,Objet_21408
Radioactive,Objet_04420
Pressurized,Objet_20022
Oxidizing,Objet_10903
Fragile,Objet_16508
Explosive,Objet_26721
Flammable,Objet_21090
Food,Objet_17982
Explosive,Objet_13794
Food,Objet_21898
Pressurized,Objet_08717
Corrosive,Objet_29695
Explosive,Objet_19668
Oxidizing,Objet_15665
Oxidizing,Objet_28872
Food,Objet_18659
Corrosive,Objet_06619
Radioactive,Objet_04151
Explosive,Objet_10632
Pressurized,Objet_16209
Toxic,Objet_24941
Food,Objet_25973
Fragile,Objet_25191
Toxic,Objet_03739
Corrosive,Objet_08507
Food,Objet_16995
Food,Objet_15374
Oxidizing,Objet_22610
Toxic,Objet_10420
Radioactive,Objet_09658
Toxic,Objet_27804
Flammable,Objet_02785
Flammable,Objet_19951
Explosive,Objet_17572
Explosive,Objet_01634
Fragile,Objet_29181
Pressurized,Objet_12169
Food,Objet_25407
Explosive,Objet_27850
Toxic,Objet_09669
Unspecified,Objet_16686
Corrosive,Objet_08583
Oxidizing,Objet_12101
Food,Objet_07388
Unspecified,Objet_03093
Fragile,Objet_10242
Toxic,Objet_17548
Oxidizing,Objet_08858
Flammable,Objet_07319
Oxidizing,Objet_22890
Radioactive,Objet_03938
Pressurized,Objet_06603
Pressurized,Objet_07770
Radioactive,Objet_04196
Fragile,Objet_29801
Oxidizing,Objet_26903
Corrosive,Objet_28774
Corrosive,Objet_25112
Pressurized,Objet_06155
Unspecified,Objet_06334
Pressurized,Objet_02295
Toxic,Objet_02020
Radioactive,Objet_04541
Corrosive,Objet_03574
Radioactive,Objet_30001
Pressurized,Objet_19357
Food,Objet_09382
Unspecified,Objet_19008
Food,Objet_22767
Corrosive,Objet_04480
Unspecified,Objet_01266
Radioactive,Objet_29911
Radioactive,Objet_19308
Fragile,Objet_13838
Toxic,Objet_16126
Food,Objet_07692
Toxic,Objet_24458
Fragile,Objet_05516
Unspecified,Objet_19623
Explosive,Objet_12838
Unspecified,Objet_04200
Food,Objet_17051
Fragile,Objet_26852
Radioactive,Objet_15303
Fragile,Objet_17488
Food,Objet_18985
Corrosive,Objet_14448
Oxidizing,Objet_00648
Fragile,Objet_27182
Oxidizing,Objet_12832
Oxidizing,Objet_28409
Explosive,Objet_20688
Oxidizing,Objet_17719
Explosive,Objet_08048
Unspecified,Objet_20752
Explosive,Objet_14604
Pressurized,Objet_26545
Explosive,Objet_22959
Explosive,Objet_25424
Flammable,Objet_03914
Fragile,Objet_26413
Oxidizing,Objet_00054
Radioactive,Objet_12272
Flammable,Objet_18280
Corrosive,Objet_16803
Oxidizing,Objet_25326
Toxic,Objet_20576
Fragile,Objet_12593
Food,Objet_28202
Oxidizing,Objet_21595
Toxic,Objet_23595
Flammable,Objet_03474
Flammable,Objet_01931
Corrosive,Objet_25987
Oxidizing,Objet_21502
Pressurized,Objet_23087
Explosive,Objet_05512
Oxidizing,Objet_02513
Corrosive,Objet_08031
Toxic,Objet_05940
Flammable,Objet_25458
Fragile,Objet_10974
Radioactive,Objet_22242
Explosive,Objet_14151
Explosive,Objet_25668
Unspecified,Objet_04595
Flammable,Objet_11926
Unspecified,Objet_16991
Radioactive,Objet_20230
Oxidizing,Objet_17522
Explosive,Objet_20412
Corrosive,Objet_04279
Corrosive,Objet_16252
Explosive,Objet_29921
Pressurized,Objet_15008
Food,Objet_23543
Oxidizing,Objet_12565
Fragile,Objet_03143
Flammable,Objet_30136
Oxidizing,Objet_03632
Explosive,Objet_21919
Flammable,Objet_14255
Fragile,Objet_10004
Oxidizing,Objet_02715
Toxic,Objet_06766
Fragile,Objet_24812
Flammable,Objet_29500
Explosive,Objet_03573
Explosive,Objet_20406
Fragile,Objet_26351
Food,Objet_24818
Fragile,Objet_13563
Pressurized,Objet_10176
Flammable,Objet_08219
Flammable,Objet_07720
Explosive,Objet_13547
Unspecified,Objet_24036
Oxidizing,Objet_00203
Radioactive,Objet_22922
Fragile,Objet_26010
Radioactive,Objet_16506
Corrosive,Objet_23620
Explosive,Objet_21614
Unspecified,Objet_16710
Fragile,Objet_11695
Radioactive,Objet_20627
Explosive,Objet_07503
Pressurized,Objet_27798
Food,Objet_04417
Explosive,Objet_00453
Unspecified,Objet_00788
Explosive,Objet_21238
Toxic,Objet_28913
Flammable,Objet_26107
Pressurized,Objet_23250
Pressurized,Objet_01136
Oxidizing,Objet_15189
Oxidizing,Objet_20747
Corrosive,Objet_04283
Explosive,Objet_03994
Food,Objet_08074
Explosive,Objet_26968
Explosive,Objet_18355
Food,Objet_12948
Pressurized,Objet_28417
Explosive,Objet_14306
Food,Objet_25450
Oxidizing,Objet_18666
Radioactive,Objet_12662
Explosive,Objet_28736
Flammable,Objet_15414
Radioactive,Objet_19655
Flammable,Objet_29630
Unspecified,Objet_05785
Flammable,Objet_18410
Toxic,Objet_20921
Explosive,Objet_17013
Explosive,Objet_17479
Flammable,Objet_23200
Food,Objet_21276
Corrosive,Objet_00943
Unspecified,Objet_16264
Radioactive,Objet_07035
Flammable,Objet_15250
Fragile,Objet_05138
Corrosive,Objet_05513
Unspecified,Objet_24952
Fragile,Objet_27224
Explosive,Objet_29487
Flammable,Objet_25167
Corrosive,Objet_15568
Flammable,Objet_11136
Toxic,Objet_26158
Radioactive,Objet_29190
Unspecified,Objet_19599
Unspecified,Objet_23193
Oxidizing,Objet_03456
Flammable,Objet_18812
Food,Objet_25496
Toxic,Objet_24843
Flammable,Objet_05844
Toxic,Objet_21584
Unspecified,Objet_18842
Flammable,Objet_02564
Explosive,Objet_20063
Food,Objet_15785
Food,Objet_28792
Unspecified,Objet_22070
Fragile,Objet_13607
Flammable,Objet_30104
Corrosive,Objet_05504
Explosive,Objet_21196
Radioactive,Objet_00741
Flammable,Objet_14465
Toxic,Objet_01100
Radioactive,Objet_21118
Corrosive,Objet_27493
Fragile,Objet_15349
Toxic,Objet_21003
Corrosive,Objet_14610
Explosive,Objet_24534
Unspecified,Objet_27681
Radioactive,Objet_03626
Oxidizing,Objet_18462
Unspecified,Objet_05027
Food,Objet_20605
Toxic,Objet_22416
Flammable,Objet_24279
Toxic,Objet_27830
Explosive,Objet_11286
Flammable,Objet_07679
Radioactive,Objet_15304
Flammable,Objet_01494
Flammable,Objet_23597
Unspecified,Objet_14619
Explosive,Objet_19278
Flammable,Objet_26753
Corrosive,Objet_17351
Explosive,Objet_20787
Radioactive,Objet_15270
Fragile,Objet_16761
Corrosive,Objet_17170
Food,Objet_29456
Food,Objet_25761
Toxic,Objet_13619
Flammable,Objet_01389
Radioactive,Objet_05440
Oxidizing,Objet_25616
Fragile,Objet_12495
Explosive,Objet_16642
Pressurized,Objet_08900
Corrosive,Objet_25728
Food,Objet_21338
Explosive,Objet_25755
Pressurized,Objet_13633
Pressurized,Objet_07101
Unspecified,Objet_25662
Toxic,Objet_05460
Corrosive,Objet_06774
Unspecified,Objet_17815
Unspecified,Objet_14482
Food,Objet_07565
Fragile,Objet_01250
Oxidizing,Objet_22580
Fragile,Objet_04715
Flammable,Objet_02701
Toxic,Objet_04522
Toxic,Objet_03499
Pressurized,Objet_07159
Toxic,Objet_21641
Flammable,Objet_11359
Toxic,Objet_02194
Corrosive,Objet_16902
Corrosive,Objet_23013
Flammable,Objet_26180
Oxidizing,Objet_25405
Corrosive,Objet_21357
Corrosive,Objet_29795
Fragile,Objet_20686
Explosive,Objet_25099
Toxic,Objet_24577
Unspecified,Objet_16698
Radioactive,Objet_21884
Fragile,Objet_21351
Pressurized,Objet_11689
Oxidizing,Objet_26587
Pressurized,Objet_24338
Explosive,Objet_24042
Corrosive,Objet_19093
Flammable,Objet_21211
Oxidizing,Objet_27755
Pressurized,Objet_17755
Radioactive,Objet_23813
Flammable,Objet_14073
Flammable,Objet_26676
Flammable,Objet_05985
Flammable,Objet_01710
Fragile,Objet_13321
Oxidizing,Objet_17845
Flammable,Objet_00007
Unspecified,Objet_18767
Flammable,Objet_28037
Corrosive,Objet_04617
Oxidizing,Objet_29775
Unspecified,Objet_27866
Corrosive,Objet_22160
Flammable,Objet_01504
Pressurized,Objet_02829
Corrosive,Objet_03158
Toxic,Objet_03749
Unspecified,Objet_11054
Flammable,Objet_19885
Explosive,Objet_10983
Flammable,Objet_15282
Radioactive,Objet_04572
Toxic,Objet_08628
Fragile,Objet_06465
Food,Objet_07394
Flammable,Objet_13167
Fragile,Objet_14881
Corrosive,Objet_27505
Food,Objet_11788
Pressurized,Objet_15950
Pressurized,Objet_11281
Food,Objet_25937
Food,Objet_13212
Toxic,Objet_22814
Food,Objet_12303
Unspecified,Objet_21044
Explosive,Objet_17356
Toxic,Objet_12468
Corrosive,Objet_00294
Toxic,Objet_01182
Unspecified,Objet_11137
Toxic,Objet_19163
Oxidizing,Objet_04250
Food,Objet_02960
Pressurized,Objet_08678
Fragile,Objet_15556
Flammable,Objet_02671
Fragile,Objet_27898
Unspecified,Objet_29086
Fragile,Objet_04239
Unspecified,Objet_11409
Unspecified,Objet_08495
Explosive,Objet_11772
Toxic,Objet_02872
Oxidizing,Objet_24856
Radioactive,Objet_16715
Food,Objet_11674
Pressurized,Objet_17843
Unspecified,Objet_23671
Corrosive,Objet_06324
Radioactive,Objet_12649
Explosive,Objet_10350
Flammable,Objet_04615
Radioactive,Objet_18750
Flammable,Objet_03408
Fragile,Objet_15989
Explosive,Objet_21598
Corrosive,Objet_24545
Toxic,Objet_00210
Explosive,Objet_12498
Radioactive,Objet_00999
Food,Objet_26613
Fragile,Objet_29134
Pressurized,Objet_01622
Unspecified,Objet_11596
Oxidizing,Objet_23011
Unspecified,Objet_19924
Fragile,Objet_06985
Corrosive,Objet_04216
Radioactive,Objet_14407
Corrosive,Objet_02685
Radioactive,Objet_21015
Food,Objet_17757
Oxidizing,Objet_13839
Pressurized,Objet_12211
Flammable,Objet_24001
Toxic,Objet_25134
Oxidizing,Objet_15372
Explosive,Objet_19159
Oxidizing,Objet_10150
Unspecified,Objet_03858
Food,Objet_02516
Radioactive,Objet_12735
Flammable,Objet_01701
Explosive,Objet_21404
Flammable,Objet_18128
Explosive,Objet_25543
Fragile,Objet_22813
Toxic,Objet_24617
Flammable,Objet_19583
Unspecified,Objet_00038
Food,Objet_10948
Fragile,Objet_15324
Pressurized,Objet_06529
Corrosive,Objet_19195
Oxidizing,Objet_27637
Unspecified,Objet_04416
Explosive,Objet_02778
Corrosive,Objet_05036
Unspecified,Objet_11905
Toxic,Objet_01078
Corrosive,Objet_18040
Unspecified,Objet_04513
Unspecified,Objet_09002
Fragile,Objet_15685
Explosive,Objet_28750
Oxidizing,Objet_03049
Corrosive,Objet_19848
Flammable,Objet_21426
Flammable,Objet_25953
Toxic,Objet_00103
Flammable,Objet_22954
Fragile,Objet_18870
Toxic,Objet_27478
Flammable,Objet_27307
Oxidizing,Objet_23876
Toxic,Objet_07594
Food,Objet_21050
Oxidizing,Objet_27392
Oxidizing,Objet_03141
Explosive,Objet_12732
Oxidizing,Objet_05431
Pressurized,Objet_04190
Toxic,Objet_02214
Fragile,Objet_24791
Unspecified,Objet_27959
Explosive,Objet_10249
Unspecified,Objet_23313
Explosive,Objet_14623
Fragile,Objet_15314
Corrosive,Objet_03272
Corrosive,Objet_19810
Oxidizing,Objet_04454
Corrosive,Objet_25428
Toxic,Objet_09787
Toxic,Objet_12067
Fragile,Objet_16145
Flammable,Objet_06955
Pressurized,Objet_21387
Fragile,Objet_15699
Explosive,Objet_24480
Food,Objet_16226
Flammable,Objet_21068
Corrosive,Objet_10546
Food,Objet_29691
Flammable,Objet_01440
Fragile,Objet_10961
Pressurized,Objet_23253
Corrosive,Objet_22080
Fragile,Objet_03232
Toxic,Objet_04816
Explosive,Objet_23569
Food,Objet_06509
Pressurized,Objet_24501
Radioactive,Objet_20248
Flammable,Objet_29665
Toxic,Objet_17118
Explosive,Objet_01650
Corrosive,Objet_16301
Radioactive,Objet_29102
Radioactive,Objet_18981
Food,Objet_15149
Fragile,Objet_23048
Oxidizing,Objet_19766
Fragile,Objet_14247
Oxidizing,Objet_07815
Explosive,Objet_22744
Toxic,Objet_04443
Corrosive,Objet_20530
Toxic,Objet_24910
Radioactive,Objet_26050
Toxic,Objet_15077
Pressurized,Objet_00554
Oxidizing,Objet_08324
Toxic,Objet_27906
Explosive,Objet_09113
Unspecified,Objet_25043
Corrosive,Objet_21242
Toxic,Objet_01933
Explosive,Objet_04369
Pressurized,Objet_01822
Toxic,Objet_27373
Toxic,Objet_25144
Food,Objet_04547
Toxic,Objet_17221
Corrosive,Objet_09381
Toxic,Objet_04665
Food,Objet_04397
Corrosive,Objet_13801
Flammable,Objet_17048
Food,Objet_21593
Radioactive,Objet_07516
Food,Objet_11315
Fragile,Objet_00665
Unspecified,Objet_03628
Radioactive,Objet_04821
Food,Objet_09894
Pressurized,Objet_08414
Corrosive,Objet_24880
Toxic,Objet_01885
Radioactive,Objet_24039
Explosive,Objet_03156
Corrosive,Objet_20189
Flammable,Objet_27241
Fragile,Objet_29519
Food,Objet_13864
Toxic,Objet_06051
Flammable,Objet_13897
Oxidizing,Objet_10045
Toxic,Objet_17272
Corrosive,Objet_23950
Unspecified,Objet_28009
Radioactive,Objet_21132
Fragile,Objet_21874
Explosive,Objet_06452
Pressurized,Objet_17672
Corrosive,Objet_16458
Fragile,Objet_07661
Toxic,Objet_10343
Corrosive,Objet_11374
Unspecified,Objet_04285
Unspecified,Objet_14330
Radioactive,Objet_14910
Explosive,Objet_15335
Unspecified,Objet_28739
Flammable,Objet_13309
Explosive,Objet_06778
Toxic,Objet_00431
Flammable,Objet_23382
Toxic,Objet_23154
Fragile,Objet_15636
Flammable,Objet_07635
Oxidizing,Objet_23972
Unspecified,Objet_17038
Toxic,Objet_13103
Explosive,Objet_29043
Explosive,Objet_16771
Toxic,Objet_24533
Toxic,Objet_09698
Explosive,Objet_10098
Flammable,Objet_11696
Oxidizing,Objet_04364
Explosive,Objet_08222
Unspecified,Objet_21720
Unspecified,Objet_28332
Explosive,Objet_17654
Oxidizing,Objet_20434
Toxic,Objet_28877
Corrosive,Objet_23307
Corrosive,Objet_13690
Toxic,Objet_20368
Pressurized,Objet_22530
Oxidizing,Objet_22221
Flammable,Objet_00774
Flammable,Objet_05305
Oxidizing,Objet_25479
Flammable,Objet_12136
Pressurized,Objet_22218
Radioactive,Objet_17752
Unspecified,Objet_14225
Explosive,Objet_04585
Unspecified,Objet_00415
Flammable,Objet_08589
Fragile,Objet_06926
Fragile,Objet_00938
Unspecified,Objet_14917
Pressurized,Objet_27703
Unspecified,Objet_08855
Radioactive,Objet_23187
Pressurized,Objet_27079
Fragile,Objet_16448
Explosive,Objet_06844
Explosive,Objet_27634
Fragile,Objet_02380
Toxic,Objet_26573
Toxic,Objet_04993
Food,Objet_06886
Explosive,Objet_04842
Oxidizing,Objet_15267
Unspecified,Objet_05410
Explosive,Objet_09813
Food,Objet_23669
Fragile,Objet_06838
Pressurized,Objet_02230
Corrosive,Objet_16740
Radioactive,Objet_20539
Radioactive,Objet_24379
Explosive,Objet_24188
Toxic,Objet_02229
Food,Objet_09637
Fragile,Objet_13802
Food,Objet_00822
Explosive,Objet_09165
Food,Objet_23038
Oxidizing,Objet_07541
Flammable,Objet_06281
Fragile,Objet_12714
Flammable,Objet_00730
Flammable,Objet_04677
Corrosive,Objet_28787
Radioactive,Objet_11514
Explosive,Objet_07379
Fragile,Objet_18475
Explosive,Objet_19530
Unspecified,Objet_26603
Toxic,Objet_28247
Corrosive,Objet_10124
Food,Objet_15927
Flammable,Objet_01146
Explosive,Objet_27791
Corrosive,Objet_02421
Explosive,Objet_07322
Toxic,Objet_04866
Flammable,Objet_25474
Food,Objet_28207
Unspecified,Objet_06824
Fragile,Objet_22168
Unspecified,Objet_08910
Corrosive,Objet_07849
Flammable,Objet_14724
Radioactive,Objet_07873
Fragile,Objet_29710
Oxidizing,Objet_07170
Corrosive,Objet_26735
Radioactive,Objet_13901
Fragile,Objet_14990
Fragile,Objet_22275
Fragile,Objet_22392
Unspecified,Objet_09279
Food,Objet_22447
Radioactive,Objet_01954
Explosive,Objet_29619
Corrosive,Objet_26860
Food,Objet_26222
Pressurized,Objet_16105
Food,Objet_27484
Corrosive,Objet_00622
Oxidizing,Objet_23431
Food,Objet_26812
Food,Objet_04295
Corrosive,Objet_10631
Food,Objet_15579
Corrosive,Objet_22926
Corrosive,Objet_21316
Pressurized,Objet_10597
Flammable,Objet_19492
Flammable,Objet_04851
Corrosive,Objet_28555
Oxidizing,Objet_22317
Radioactive,Objet_04496
Flammable,Objet_25691
Pressurized,Objet_01460
Pressurized,Objet_18504
Oxidizing,Objet_22670
Radioactive,Objet_03506
Flammable,Objet_02969
Food,Objet_15661
Toxic,Objet_16399
Food,Objet_26449
Toxic,Objet_06275
Unspecified,Objet_13826
Food,Objet_28408
Fragile,Objet_29807
Pressurized,Objet_28912
Oxidizing,Objet_17912
Fragile,Objet_04226
Corrosive,Objet_01359
Corrosive,Objet_19706
Food,Objet_27389
Radioactive,Objet_24600
Pressurized,Objet_15860
Food,Objet_08848
Unspecified,Objet_03271
Explosive,Objet_16522
Toxic,Objet_22709
Food,Objet_07024
Oxidizing,Objet_08740
Fragile,Objet_27448
Food,Objet_04824
Food,Objet_23604
Oxidizing,Objet_18413
Pressurized,Objet_08658
Oxidizing,Objet_21493
Flammable,Objet_05169
Oxidizing,Objet_21508
Corrosive,Objet_23568
Radioactive,Objet_18123
Explosive,Objet_03939
Oxidizing,Objet_18960
Toxic,Objet_19781
Oxidizing,Objet_05632
Corrosive,Objet_15475
Pressurized,Objet_18679
Corrosive,Objet_13777
Radioactive,Objet_19150
Pressurized,Objet_08217
Food,Objet_21868
Oxidizing,Objet_29040
Flammable,Objet_07599
Food,Objet_16927
Toxic,Objet_23188
Fragile,Objet_25230
Radioactive,Objet_10271
Oxidizing,Objet_04525
Food,Objet_10127
Pressurized,Objet_02626
Pressurized,Objet_15817
Food,Objet_05324
Explosive,Objet_29007
Corrosive,Objet_17054
Radioactive,Objet_09205
Oxidizing,Objet_09103
Explosive,Objet_11766
Unspecified,Objet_17417
Flammable,Objet_28507
Pressurized,Objet_25669
Corrosive,Objet_25475
Explosive,Objet_14449
Unspecified,Objet_05735
Pressurized,Objet_20964
Fragile,Objet_12602
Radioactive,Objet_11035
Unspecified,Objet_28640
Explosive,Objet_29987
Food,Objet_00122
Oxidizing,Objet_20739
Explosive,Objet_14944
Explosive,Objet_15643
Radioactive,Objet_26759
Explosive,Objet_03383
Fragile,Objet_03123
Fragile,Objet_22812
Fragile,Objet_28459
Radioactive,Objet_25195
Fragile,Objet_07294
Explosive,Objet_27277
Fragile,Objet_12230
Radioactive,Objet_08964
Food,Objet_18027
Flammable,Objet_10850
Fragile,Objet_05903
Pressurized,Objet_25837
Explosive,Objet_22012
Flammable,Objet_04459
Radioactive,Objet_13750
Food,Objet_12578
Oxidizing,Objet_11069
Oxidizing,Objet_19042
Flammable,Objet_22889
Flammable,Objet_13774
Fragile,Objet_07032
Flammable,Objet_04693
Radioactive,Objet_14882
Fragile,Objet_05041
Unspecified,Objet_01303
Food,Objet_03967
Pressurized,Objet_15123
Explosive,Objet_22763
Pressurized,Objet_28185
Pressurized,Objet_17483
Oxidizing,Objet_04934
Radioactive,Objet_14049
Toxic,Objet_26547
Oxidizing,Objet_24185
Corrosive,Objet_08230
Flammable,Objet_12667
Pressurized,Objet_20194
Pressurized,Objet_00230
Oxidizing,Objet_13713
Corrosive,Objet_11597
Oxidizing,Objet_06059
Corrosive,Objet_07564
Radioactive,Objet_23758
Fragile,Objet_20327
Toxic,Objet_08771
Explosive,Objet_24357
Corrosive,Objet_07754
Flammable,Objet_06396
Pressurized,Objet_05977
Radioactive,Objet_30119
Oxidizing,Objet_09120
Toxic,Objet_22462
Fragile,Objet_11135
Fragile,Objet_04142
Oxidizing,Objet_03351
Toxic,Objet_18420
Pressurized,Objet_30040
Flammable,Objet_05297
Explosive,Objet_24682
Flammable,Objet_11952
Flammable,Objet_08188
Flammable,Objet_07420
Unspecified,Objet_08183
Toxic,Objet_17938
Pressurized,Objet_21029
Food,Objet_03762
Toxic,Objet_11156
Radioactive,Objet_19999
Unspecified,Objet_01861
Corrosive,Objet_27770
Fragile,Objet_30077
Food,Objet_05132
Oxidizing,Objet_05051
Explosive,Objet_13324
Oxidizing,Objet_23017
Radioactive,Objet_05031
Toxic,Objet_00567
Explosive,Objet_00107
Oxidizing,Objet_11294
Corrosive,Objet_19802
Food,Objet_14618
Explosive,Objet_24826
Fragile,Objet_18204
Food,Objet_20966
Corrosive,Objet_00944
Pressurized,Objet_27264
Unspecified,Objet_14324
Toxic,Objet_26407
Fragile,Objet_18302
Unspecified,Objet_22207
Fragile,Objet_18883
Toxic,Objet_15000
Pressurized,Objet_19586
Fragile,Objet_25902
Unspecified,Objet_03182
Oxidizing,Objet_06009
Corrosive,Objet_03719
Corrosive,Objet_28105
Toxic,Objet_05897
Explosive,Objet_09114
Radioactive,Objet_17367
Food,Objet_11729
Radioactive,Objet_21567
Unspecified,Objet_10146
Unspecified,Objet_00458
Corrosive,Objet_07814
Unspecified,Objet_21119
Explosive,Objet_08229
Radioactive,Objet_20083
Fragile,Objet_12962
Pressurized,Objet_02553
Radioactive,Objet_16787
Flammable,Objet_01313
Radioactive,Objet_17747
Toxic,Objet_27811
Corrosive,Objet_06347
Flammable,Objet_20147
Radioactive,Objet_17388
Oxidizing,Objet_04753
Food,Objet_17863
Oxidizing,Objet_01400
Flammable,Objet_18054
Explosive,Objet_11438
Toxic,Objet_10619
Flammable,Objet_29317
Corrosive,Objet_08719
Food,Objet_08220
Pressurized,Objet_16132
Fragile,Objet_16610
Flammable,Objet_18785
Explosive,Objet_24760
Pressurized,Objet_13977
Radioactive,Objet_02961
Flammable,Objet_17861
Corrosive,Objet_05056
Fragile,Objet_07244
Explosive,Objet_26835
Corrosive,Objet_09878
Food,Objet_19507
Flammable,Objet_06249
Flammable,Objet_09930
Flammable,Objet_06283
Fragile,Objet_14383
Corrosive,Objet_25013
Flammable,Objet_19598
Food,Objet_09768
Oxidizing,Objet_15338
Fragile,Objet_28008
Food,Objet_26838
Radioactive,Objet_20242
Pressurized,Objet_00173
Explosive,Objet_23641
Explosive,Objet_26054
Unspecified,Objet_27301
Oxidizing,Objet_22879
Flammable,Objet_00794
Food,Objet_13776
Fragile,Objet_00508
Unspecified,Objet_12502
Corrosive,Objet_00889
Fragile,Objet_24253
Unspecified,Objet_16171
Explosive,Objet_28744
Radioactive,Objet_06871
Explosive,Objet_07605
Unspecified,Objet_16336
Food,Objet_21259
Oxidizing,Objet_19211
Unspecified,Objet_18135
Pressurized,Objet_22043
Flammable,Objet_17423
Food,Objet_00897
Flammable,Objet_07058
Flammable,Objet_25268
Explosive,Objet_17411
Radioactive,Objet_08574
Oxidizing,Objet_02557
Pressurized,Objet_10367
Radioactive,Objet_27221
Unspecified,Objet_29299
Food,Objet_00260
Fragile,Objet_07041
Food,Objet_09910
Radioactive,Objet_00837
Oxidizing,Objet_22863
Food,Objet_00688
Fragile,Objet_10524
Radioactive,Objet_22875
Explosive,Objet_12178
Explosive,Objet_19784
Oxidizing,Objet_20815
Pressurized,Objet_26229
Toxic,Objet_25122
Toxic,Objet_14985
Flammable,Objet_25305
Oxidizing,Objet_21477
Flammable,Objet_26163
Food,Objet_05136
Pressurized,Objet_03174
Toxic,Objet_23617
Fragile,Objet_01479
Oxidizing,Objet_26963
Corrosive,Objet_19374
Oxidizing,Objet_04621
Pressurized,Objet_28069
Pressurized,Objet_12734
Toxic,Objet_23356
Oxidizing,Objet_00058
Corrosive,Objet_24212
Oxidizing,Objet_07405
Corrosive,Objet_00488
Flammable,Objet_19617
Fragile,Objet_29753
Fragile,Objet_13983
Radioactive,Objet_22799
Radioactive,Objet_00686
Explosive,Objet_04370
Flammable,Objet_07775
Corrosive,Objet_09741
Toxic,Objet_01438
Explosive,Objet_17105
Food,Objet_23777
Pressurized,Objet_28447
Fragile,Objet_21474
Food,Objet_19118
Flammable,Objet_02824
Toxic,Objet_07236
Pressurized,Objet_27734
Radioactive,Objet_03188
Corrosive,Objet_26330
Oxidizing,Objet_07036
Corrosive,Objet_04959
Radioactive,Objet_08132
Food,Objet_00819
Toxic,Objet_14975
Toxic,Objet_10265
Unspecified,Objet_22680
Flammable,Objet_19804
Oxidizing,Objet_28740
Explosive,Objet_17441
Oxidizing,Objet_06784
Explosive,Objet_17335
Fragile,Objet_24273
Corrosive,Objet_27748
Radioactive,Objet_18154
Food,Objet_11382
Fragile,Objet_01302
Toxic,Objet_27132
Radioactive,Objet_20154
Toxic,Objet_10978
Explosive,Objet_26610
Corrosive,Objet_00068
Pressurized,Objet_21011
Corrosive,Objet_08023
Oxidizing,Objet_12974
Explosive,Objet_04328
Toxic,Objet_27984
Food,Objet_02440
Radioactive,Objet_03319
Flammable,Objet_23058
Corrosive,Objet_08893
Flammable,Objet_15071
Explosive,Objet_25684
Food,Objet_27706
Food,Objet_15935
Oxidizing,Objet_17306
Explosive,Objet_25142
Pressurized,Objet_12596
Fragile,Objet_05777
Corrosive,Objet_19870
Corrosive,Objet_10678
Food,Objet_10307
Food,Objet_08123
Toxic,Objet_15824
Pressurized,Objet_13147
Food,Objet_05405
Unspecified,Objet_21838
Toxic,Objet_28041
Flammable,Objet_20768
Corrosive,Objet_29280
Radioactive,Objet_23507
Unspecified,Objet_00602
Oxidizing,Objet_04395
Corrosive,Objet_16427
Radioactive,Objet_17635
Fragile,Objet_09034
Unspecified,Objet_26804
Oxidizing,Objet_06299
Radioactive,Objet_00992
Toxic,Objet_17695
Fragile,Objet_29168
Oxidizing,Objet_09158
Corrosive,Objet_06047
Pressurized,Objet_18527
Pressurized,Objet_06136
Oxidizing,Objet_15840
Flammable,Objet_23262
Radioactive,Objet_13040
Fragile,Objet_19194
Radioactive,Objet_17532
Radioactive,Objet_25673
Radioactive,Objet_07887
Flammable,Objet_08916
Fragile,Objet_26986
Radioactive,Objet_23807
Corrosive,Objet_23266
Fragile,Objet_12411
Toxic,Objet_25065
Toxic,Objet_19319
Explosive,Objet_08530
Unspecified,Objet_11225
Toxic,Objet_03101
Radioactive,Objet_03774
Unspecified,Objet_00338
Toxic,Objet_04477
Explosive,Objet_11366
Explosive,Objet_27457
Fragile,Objet_28980
Food,Objet_11011
Corrosive,Objet_04836
Toxic,Objet_26774
Food,Objet_18221
Explosive,Objet_14164
Explosive,Objet_00343
Radioactive,Objet_12754
Explosive,Objet_03312
Unspecified,Objet_10506
Toxic,Objet_14490
Explosive,Objet_07410
Unspecified,Objet_28932
Pressurized,Objet_29892
Pressurized,Objet_05105
Oxidizing,Objet_28978
Toxic,Objet_21391
Pressurized,Objet_19416
Corrosive,Objet_09427
Radioactive,Objet_02777
Fragile,Objet_21583
Food,Objet_22483
Oxidizing,Objet_27351
Explosive,Objet_09682
Radioactive,Objet_14723
Radioactive,Objet_06991
Food,Objet_09786
Oxidizing,Objet_11602
Radioactive,Objet_24559
Corrosive,Objet_04599
Pressurized,Objet_09089
Unspecified,Objet_24538
Radioactive,Objet_15925
Flammable,Objet_20840
Explosive,Objet_02811
Corrosive,Objet_09166
Food,Objet_27437
Food,Objet_14548
Flammable,Objet_07858
Explosive,Objet_10148
Radioactive,Objet_24792
Flammable,Objet_07740
Flammable,Objet_10558
Toxic,Objet_13204
Flammable,Objet_25861
Toxic,Objet_04163
Oxidizing,Objet_27206
Explosive,Objet_27630
Toxic,Objet_23745
Radioactive,Objet_14140
Unspecified,Objet_11452
Oxidizing,Objet_07177
Food,Objet_17702
Oxidizing,Objet_08500
Radioactive,Objet_08390
Fragile,Objet_06343
Flammable,Objet_21304
Radioactive,Objet_06779
Radioactive,Objet_17707
Toxic,Objet_06272
Toxic,Objet_19912
Food,Objet_24662
Explosive,Objet_29531
Explosive,Objet_15837
Corrosive,Objet_19020
Corrosive,Objet_09868
Radioactive,Objet_08294
Toxic,Objet_07340
Radioactive,Objet_26744
Fragile,Objet_26808
Corrosive,Objet_14265
Flammable,Objet_29759
Unspecified,Objet_12304
Pressurized,Objet_14686
Food,Objet_14858
Pressurized,Objet_24953
Pressurized,Objet_15981
Fragile,Objet_16464
Food,Objet_11194
Explosive,Objet_20084
Corrosive,Objet_16512
Fragile,Objet_11837
Oxidizing,Objet_24776
Toxic,Objet_00209
Pressurized,Objet_10108
Flammable,Objet_27969
Explosive,Objet_08969
Radioactive,Objet_12766
Explosive,Objet_15161
Food,Objet_12801
Pressurized,Objet_27892
Food,Objet_22785
Food,Objet_12122
Corrosive,Objet_18036
Fragile,Objet_19312
Oxidizing,Objet_08453
Oxidizing,Objet_10514
Fragile,Objet_08526
Flammable,Objet_03416
Flammable,Objet_00099
Corrosive,Objet_03332
Corrosive,Objet_21419
Oxidizing,Objet_10580
Fragile,Objet_00971
Flammable,Objet_27024
Fragile,Objet_22852
Radioactive,Objet_26038
Corrosive,Objet_13316
Explosive,Objet_27456
Corrosive,Objet_24246
Food,Objet_03992
Radioactive,Objet_12022
Food,Objet_04577
Corrosive,Objet_04076
Explosive,Objet_05417
Oxidizing,Objet_00177
Food,Objet_08162
Oxidizing,Objet_22518
Corrosive,Objet_12776
Food,Objet_11456
Unspecified,Objet_08412
Toxic,Objet_13720
Explosive,Objet_04893
Flammable,Objet_05617
Unspecified,Objet_07427
Toxic,Objet_17307
Oxidizing,Objet_16842
Unspecified,Objet_27074
Fragile,Objet_15880
Radioactive,Objet_11570
Corrosive,Objet_20018
Pressurized,Objet_07142
Corrosive,Objet_16033
Fragile,Objet_20363
Flammable,Objet_04436
Corrosive,Objet_20240
Explosive,Objet_26819
Oxidizing,Objet_04492
Explosive,Objet_01831
Flammable,Objet_14571
Toxic,Objet_15147
Unspecified,Objet_03537
Unspecified,Objet_23515
Food,Objet_08890
Oxidizing,Objet_14460
Food,Objet_27611
Food,Objet_02386
Radioactive,Objet_23430
Food,Objet_23105
Pressurized,Objet_15739
Fragile,Objet_24135
Oxidizing,Objet_04788
Toxic,Objet_09269
Radioactive,Objet_02875
Unspecified,Objet_15429
Explosive,Objet_04297
Food,Objet_19417
Unspecified,Objet_07443
Radioactive,Objet_11685
Unspecified,Objet_19386
Pressurized,Objet_28305
Food,Objet_21133
Unspecified,Objet_19745
Flammable,Objet_22169
Oxidizing,Objet_09075
Pressurized,Objet_18325
Radioactive,Objet_07284
Explosive,Objet_08835
Oxidizing,Objet_24308
Explosive,Objet_01277
Corrosive,Objet_08387
Unspecified,Objet_28322
Flammable,Objet_21592
Oxidizing,Objet_16007
Radioactive,Objet_04380
Oxidizing,Objet_28836
Pressurized,Objet_26518
Flammable,Objet_00543
Toxic,Objet_19253
Toxic,Objet_23677
Food,Objet_20358
Radioactive,Objet_01307
Toxic,Objet_00192
Fragile,Objet_02791
Toxic,Objet_17449
Explosive,Objet_18508
Oxidizing,Objet_13136
Pressurized,Objet_04391
Radioactive,Objet_23493
Corrosive,Objet_26544
Pressurized,Objet_07118
Corrosive,Objet_24774
Oxidizing,Objet_22098
Fragile,Objet_03583
Unspecified,Objet_20367
Flammable,Objet_17063
Flammable,Objet_12863
Radioactive,Objet_17625
Fragile,Objet_06414
Food,Objet_13294
Oxidizing,Objet_24052
Unspecified,Objet_17569
Explosive,Objet_20373
Flammable,Objet_18994
Corrosive,Objet_28197
Fragile,Objet_22765
Pressurized,Objet_14758
Flammable,Objet_27414
Toxic,Objet_03190
Food,Objet_22390
Fragile,Objet_03454
Food,Objet_29507
Oxidizing,Objet_17001
Explosive,Objet_12241
Corrosive,Objet_26941
Pressurized,Objet_20173
Fragile,Objet_02744
Radioactive,Objet_26216
Explosive,Objet_20430
Oxidizing,Objet_11712
Radioactive,Objet_13401
Unspecified,Objet_25062
Corrosive,Objet_28391
Radioactive,Objet_14411
Explosive,Objet_14415
Unspecified,Objet_26656
Oxidizing,Objet_00471
Radioactive,Objet_02405
Toxic,Objet_12507
Pressurized,Objet_12119
Corrosive,Objet_04020
Oxidizing,Objet_25284
Unspecified,Objet_19515
Flammable,Objet_28116
Oxidizing,Objet_17035
Oxidizing,Objet_29756
Pressurized,Objet_27597
Corrosive,Objet_01462
Food,Objet_24931
Radioactive,Objet_02467
Toxic,Objet_12220
Corrosive,Objet_17531
Oxidizing,Objet_00420
Fragile,Objet_24552
Food,Objet_27299
Corrosive,Objet_19294
Radioactive,Objet_10737
Corrosive,Objet_06235
Corrosive,Objet_04761
Unspecified,Objet_24219
Corrosive,Objet_08295
Oxidizing,Objet_17908
Pressurized,Objet_18544
Corrosive,Objet_12609
Explosive,Objet_15145
Food,Objet_00115
Fragile,Objet_05807
Toxic,Objet_04568
Toxic,Objet_10533
Pressurized,Objet_00477
Oxidizing,Objet_02165
Toxic,Objet_23775
Fragile,Objet_25608
Explosive,Objet_03321
Unspecified,Objet_23610
Explosive,Objet_12841
Fragile,Objet_11971
Flammable,Objet_23938
Unspecified,Objet_08273
Explosive,Objet_22851
Corrosive,Objet_25021
Fragile,Objet_25386
Food,Objet_19813
Corrosive,Objet_01418
Flammable,Objet_15875
Food,Objet_14871
Pressurized,Objet_22756
Toxic,Objet_29082
Fragile,Objet_05475
Radioactive,Objet_29118
Toxic,Objet_22876
Unspecified,Objet_11677
Fragile,Objet_24677
Food,Objet_07843
Toxic,Objet_21150
Radioactive,Objet_22112
Flammable,Objet_25216
Fragile,Objet_25951
Radioactive,Objet_12316
Food,Objet_18955
Unspecified,Objet_08842
Oxidizing,Objet_25529
Radioactive,Objet_11470
Explosive,Objet_21581
Food,Objet_18775
Toxic,Objet_26998
Corrosive,Objet_03122
Explosive,Objet_08849
Radioactive,Objet_06776
Toxic,Objet_02939
Toxic,Objet_29544
Corrosive,Objet_02417
Pressurized,Objet_11258
Pressurized,Objet_27941
Fragile,Objet_09951
Toxic,Objet_22826
Pressurized,Objet_16535
Food,Objet_25824
Food,Objet_13805
Pressurized,Objet_07106
Corrosive,Objet_02968
Toxic,Objet_04848
Pressurized,Objet_05380
Radioactive,Objet_00506
Radioactive,Objet_20529
Corrosive,Objet_02906
Flammable,Objet_13205
Oxidizing,Objet_20205
Radioactive,Objet_02845
Pressurized,Objet_08729
Oxidizing,Objet_21804
Radioactive,Objet_04644
Food,Objet_00434
Oxidizing,Objet_20474
Unspecified,Objet_11021
Corrosive,Objet_26149
Fragile,Objet_04634
Corrosive,Objet_11355
Corrosive,Objet_27882
Flammable,Objet_29177
Radioactive,Objet_29607
Radioactive,Objet_24475
Toxic,Objet_18611
Pressurized,Objet_23432
Radioactive,Objet_14690
Fragile,Objet_17884
Fragile,Objet_28312
Unspecified,Objet_16124
Toxic,Objet_28240
Corrosive,Objet_26257
Pressurized,Objet_25086
Unspecified,Objet_14269
Flammable,Objet_24080
Fragile,Objet_03026
Toxic,Objet_04861
Radioactive,Objet_17509
Unspecified,Objet_27880
Radioactive,Objet_07574
Flammable,Objet_02629
Fragile,Objet_12453
Oxidizing,Objet_20677
Explosive,Objet_03958
Flammable,Objet_01209
Corrosive,Objet_00592
Fragile,Objet_03597
Pressurized,Objet_01035
Corrosive,Objet_09619
Fragile,Objet_07354
Flammable,Objet_21399
Toxic,Objet_04116
Radioactive,Objet_07136
Pressurized,Objet_23486
Corrosive,Objet_26894
Fragile,Objet_24066
Unspecified,Objet_19734
Food,Objet_28812
Food,Objet_24145
Flammable,Objet_12853
Toxic,Objet_02485
Pressurized,Objet_00148
Explosive,Objet_03831
Explosive,Objet_29570
Toxic,Objet_26474
Pressurized,Objet_28158
Explosive,Objet_17948
Pressurized,Objet_25900
Radioactive,Objet_12047
Flammable,Objet_05635
Pressurized,Objet_16980
Fragile,Objet_28769
Explosive,Objet_14726
Unspecified,Objet_20834
Radioactive,Objet_06066
Corrosive,Objet_25827
Unspecified,Objet_07400
Fragile,Objet_26444
Flammable,Objet_17033
Food,Objet_26476
Corrosive,Objet_22855
Toxic,Objet_04014
Pressurized,Objet_10691
Radioactive,Objet_12924
Radioactive,Objet_03213
Oxidizing,Objet_21047
Unspecified,Objet_23687
Unspecified,Objet_20584
Explosive,Objet_15449
Pressurized,Objet_20446
Oxidizing,Objet_08763
Explosive,Objet_18717
Corrosive,Objet_28212
Toxic,Objet_27526
Toxic,Objet_17264
Oxidizing,Objet_19542
Corrosive,Objet_03298
Pressurized,Objet_04883
Fragile,Objet_27011
Toxic,Objet_09283
Flammable,Objet_19050
Corrosive,Objet_17174
Oxidizing,Objet_05551
Toxic,Objet_01127
Fragile,Objet_24257
Fragile,Objet_02814
Explosive,Objet_12621
Fragile,Objet_12584
Toxic,Objet_07051
Fragile,Objet_18675
Corrosive,Objet_07068
Corrosive,Objet_11481
Unspecified,Objet_03528
Toxic,Objet_17574
Corrosive,Objet_02486
Unspecified,Objet_09428
Pressurized,Objet_00238
Oxidizing,Objet_05713
Explosive,Objet_27102
Radioactive,Objet_17903
Corrosive,Objet_11883
Unspecified,Objet_27275
Pressurized,Objet_29943
Oxidizing,Objet_03230
Explosive,Objet_21907
Toxic,Objet_02098
Flammable,Objet_12775
Fragile,Objet_26074
Flammable,Objet_15666
Radioactive,Objet_09168
Pressurized,Objet_11578
Pressurized,Objet_27700
Oxidizing,Objet_02830
Fragile,Objet_00776
Pressurized,Objet_14652
Corrosive,Objet_24940
Pressurized,Objet_10702
Oxidizing,Objet_14853
Radioactive,Objet_02637
Oxidizing,Objet_30147
Radioactive,Objet_12660
Pressurized,Objet_18974
Pressurized,Objet_22094
Food,Objet_22247
Oxidizing,Objet_02384
Oxidizing,Objet_05358
Toxic,Objet_13442
Pressurized,Objet_24075
Explosive,Objet_23618
Unspecified,Objet_26868
Fragile,Objet_28984
Food,Objet_04263
Food,Objet_29323
Toxic,Objet_19408
Pressurized,Objet_25390
Unspecified,Objet_15610
Oxidizing,Objet_24291
Fragile,Objet_23072
Radioactive,Objet_09011
Explosive,Objet_22350
Explosive,Objet_25151
Corrosive,Objet_26720
Fragile,Objet_21243
Toxic,Objet_02334
Pressurized,Objet_16343
Food,Objet_08095
Toxic,Objet_10749
Oxidizing,Objet_11490
Radioactive,Objet_04474
Food,Objet_02479
Oxidizing,Objet_14791
Food,Objet_29742
Unspecified,Objet_23581
Corrosive,Objet_14767
Unspecified,Objet_20655
Explosive,Objet_18293
Oxidizing,Objet_11914
Radioactive,Objet_09900
Explosive,Objet_02354
Flammable,Objet_20523
Fragile,Objet_00161
Toxic,Objet_27219
Fragile,Objet_17641
Radioactive,Objet_23738
Food,Objet_03215
Radioactive,Objet_00871
Unspecified,Objet_18494
Corrosive,Objet_17882
Flammable,Objet_25153
Radioactive,Objet_19052
Pressurized,Objet_18000
Fragile,Objet_13964
Toxic,Objet_21379
Flammable,Objet_29093
Corrosive,Objet_10178
Corrosive,Objet_04212
Oxidizing,Objet_25502
Unspecified,Objet_20129
Explosive,Objet_17655
Fragile,Objet_01032
Flammable,Objet_00608
Oxidizing,Objet_17246
Radioactive,Objet_03813
Flammable,Objet_30151
Flammable,Objet_25262
Oxidizing,Objet_19203
Food,Objet_14425
Pressurized,Objet_17513
Explosive,Objet_16485
Unspecified,Objet_03520
Food,Objet_20872
Corrosive,Objet_18180
Explosive,Objet_19451
Oxidizing,Objet_09112
Explosive,Objet_23406
Radioactive,Objet_11179
Toxic,Objet_02455
Pressurized,Objet_17443
Fragile,Objet_06762
Pressurized,Objet_17259
Flammable,Objet_06864
Explosive,Objet_22771
Unspecified,Objet_12199
Fragile,Objet_24262
Pressurized,Objet_14796
Oxidizing,Objet_28133
Radioactive,Objet_12895
Flammable,Objet_15021
Food,Objet_10919
Oxidizing,Objet_26108
Unspecified,Objet_25737
Radioactive,Objet_29773
Explosive,Objet_19755
Unspecified,Objet_19721
Toxic,Objet_20239
Toxic,Objet_22309
Corrosive,Objet_29360
Corrosive,Objet_00095
Fragile,Objet_29476
Explosive,Objet_29606
Corrosive,Objet_27287
Food,Objet_02026
Toxic,Objet_03185
Unspecified,Objet_05234
Unspecified,Objet_15286
Unspecified,Objet_11422
Toxic,Objet_17206
Food,Objet_27409
Fragile,Objet_13988
Toxic,Objet_24211
Flammable,Objet_12607
Unspecified,Objet_03089
Pressurized,Objet_16184
Flammable,Objet_12873
Flammable,Objet_09521
Pressurized,Objet_29588
Corrosive,Objet_09671
Pressurized,Objet_10040
Toxic,Objet_07441
Explosive,Objet_03640
Food,Objet_14386
Radioactive,Objet_05270
Explosive,Objet_29637
Explosive,Objet_06927
Toxic,Objet_12669
Explosive,Objet_23384
Flammable,Objet_24576
Fragile,Objet_14625
Toxic,Objet_08606
Corrosive,Objet_13624
Flammable,Objet_17937
Corrosive,Objet_19672
Corrosive,Objet_01340
Fragile,Objet_06805
Flammable,Objet_06998
Radioactive,Objet_10754
Explosive,Objet_19477
Explosive,Objet_15469
Radioactive,Objet_26164
Oxidizing,Objet_25066
Unspecified,Objet_29030
Corrosive,Objet_00916
Oxidizing,Objet_03563
Fragile,Objet_27085
Pressurized,Objet_03220
Toxic,Objet_18158
Pressurized,Objet_23936
Explosive,Objet_11734
Flammable,Objet_04493
Unspecified,Objet_20647
Oxidizing,Objet_14865
Flammable,Objet_04073
Toxic,Objet_07242
Pressurized,Objet_17154
Radioactive,Objet_21745
Fragile,Objet_07047
Explosive,Objet_13436
Oxidizing,Objet_19119
Unspecified,Objet_09727
Explosive,Objet_23691
Radioactive,Objet_21134
Radioactive,Objet_09522
Pressurized,Objet_17339
Corrosive,Objet_24567
Radioactive,Objet_00457
Toxic,Objet_28626
Flammable,Objet_11708
Radioactive,Objet_25408
Pressurized,Objet_19310
Fragile,Objet_09840
Fragile,Objet_28510
Oxidizing,Objet_10552
Explosive,Objet_03085
Corrosive,Objet_12762
Food,Objet_26914
Oxidizing,Objet_09295
Explosive,Objet_10442
Fragile,Objet_06929
Corrosive,Objet_18417
Pressurized,Objet_00009
Flammable,Objet_26254
Flammable,Objet_04973
Pressurized,Objet_03991
Explosive,Objet_14988
Radioactive,Objet_21808
Oxidizing,Objet_05825
Radioactive,Objet_17922
Pressurized,Objet_28302
Pressurized,Objet_09969
Food,Objet_11815
Pressurized,Objet_13837
Fragile,Objet_03921
Oxidizing,Objet_22338
Unspecified,Objet_28801
Oxidizing,Objet_25084
Pressurized,Objet_18635
Pressurized,Objet_01719
Radioactive,Objet_01791
Radioactive,Objet_07658
Fragile,Objet_28079
Flammable,Objet_14334
Pressurized,Objet_15921
Toxic,Objet_21816
Food,Objet_04159
Corrosive,Objet_26448
Radioactive,Objet_00289
Unspecified,Objet_28230
Fragile,Objet_26486
Flammable,Objet_21083
Radioactive,Objet_11553
Corrosive,Objet_02148
Food,Objet_18437
Fragile,Objet_29703
Explosive,Objet_21045
Fragile,Objet_21656
Oxidizing,Objet_22495
Unspecified,Objet_17754
Unspecified,Objet_22365
Toxic,Objet_12544
Food,Objet_25119
Corrosive,Objet_00708
Oxidizing,Objet_08403
Food,Objet_29220
Food,Objet_19019
Food,Objet_09123
Explosive,Objet_16796
Oxidizing,Objet_28574
Pressurized,Objet_26888
Fragile,Objet_20794
Oxidizing,Objet_25517
Fragile,Objet_16732
Toxic,Objet_08567
Flammable,Objet_21715
Fragile,Objet_16559
Oxidizing,Objet_10500
Corrosive,Objet_27006
Toxic,Objet_15523
Food,Objet_29556
Flammable,Objet_03669
Radioactive,Objet_10282
Explosive,Objet_07462
Fragile,Objet_18752
Explosive,Objet_10071
Pressurized,Objet_11147
Flammable,Objet_25353
Explosive,Objet_02212
Explosive,Objet_23294
Oxidizing,Objet_17715
Food,Objet_22133
Toxic,Objet_15316
Toxic,Objet_24127
Radioactive,Objet_14119
Fragile,Objet_24479
Flammable,Objet_27207
Fragile,Objet_18274
Unspecified,Objet_29542
Explosive,Objet_09941
Explosive,Objet_09843
Food,Objet_12037
Corrosive,Objet_23965
Flammable,Objet_18455
Oxidizing,Objet_08242
Fragile,Objet_13233
Toxic,Objet_18916
Flammable,Objet_18982
Unspecified,Objet_10954
Pressurized,Objet_15181
Pressurized,Objet_11841
Fragile,Objet_15119
Pressurized,Objet_04040
Pressurized,Objet_29827
Fragile,Objet_29459
Oxidizing,Objet_09576
Corrosive,Objet_12426
Pressurized,Objet_04645
Food,Objet_10571
Fragile,Objet_08833
Flammable,Objet_05459
Toxic,Objet_15891
Oxidizing,Objet_26569
Explosive,Objet_16091
Pressurized,Objet_26109
Fragile,Objet_27270
Unspecified,Objet_07019
Oxidizing,Objet_26773
Corrosive,Objet_22045
Corrosive,Objet_08007
Corrosive,Objet_04399
Food,Objet_14370
Radioactive,Objet_02206
Unspecified,Objet_10797
Unspecified,Objet_01320
Corrosive,Objet_00305
Unspecified,Objet_24751
Unspecified,Objet_17005
Radioactive,Objet_22484
Toxic,Objet_17344
Flammable,Objet_22010
Unspecified,Objet_19298
Unspecified,Objet_24613
Corrosive,Objet_26228
Food,Objet_16100
Oxidizing,Objet_20371
Corrosive,Objet_13277
Oxidizing,Objet_03984
Fragile,Objet_23227
Corrosive,Objet_05664
Oxidizing,Objet_24773
Fragile,Objet_00075
Unspecified,Objet_09390
Fragile,Objet_03875
Oxidizing,Objet_21293
Corrosive,Objet_08787
Oxidizing,Objet_13283
Flammable,Objet_20965
Corrosive,Objet_04517
Food,Objet_05189
Corrosive,Objet_10545
Unspecified,Objet_22049
Oxidizing,Objet_27305
Food,Objet_09632
Flammable,Objet_06797
Oxidizing,Objet_28169
Oxidizing,Objet_27065
Radioactive,Objet_01881
Corrosive,Objet_03464
Oxidizing,Objet_18225
Oxidizing,Objet_28732
Explosive,Objet_18242
Toxic,Objet_09418
Food,Objet_08461
Food,Objet_21162
Food,Objet_05856
Corrosive,Objet_15213
Flammable,Objet_29835
Toxic,Objet_12393
Explosive,Objet_18244
Flammable,Objet_10711
Unspecified,Objet_14939
Food,Objet_01392
Fragile,Objet_17776
Fragile,Objet_16904
Oxidizing,Objet_22241
Food,Objet_05262
Fragile,Objet_14827
Corrosive,Objet_17855
Corrosive,Objet_00667
Pressurized,Objet_26511
Explosive,Objet_22754
Radioactive,Objet_15165
Corrosive,Objet_04270
Corrosive,Objet_05954
Food,Objet_19679
Explosive,Objet_00354
Explosive,Objet_14179
Explosive,Objet_12019
Flammable,Objet_16720
Pressurized,Objet_15044
Food,Objet_29547
Radioactive,Objet_14832
Flammable,Objet_19849
Unspecified,Objet_00435
Oxidizing,Objet_18362
Radioactive,Objet_11158
Unspecified,Objet_05933
Toxic,Objet_20839
Oxidizing,Objet_07295
Radioactive,Objet_29577
Toxic,Objet_24860
Flammable,Objet_15480
Oxidizing,Objet_07167
Fragile,Objet_07652
Radioactive,Objet_20984
Toxic,Objet_15185
Oxidizing,Objet_06917
Corrosive,Objet_29898
Pressurized,Objet_20169
Flammable,Objet_29746
Explosive,Objet_21175
Flammable,Objet_15930
Toxic,Objet_25867
Flammable,Objet_12967
Flammable,Objet_02073
Unspecified,Objet_15979
Corrosive,Objet_25772
Toxic,Objet_04639
Corrosive,Objet_25948
Food,Objet_23973
Oxidizing,Objet_25276
Flammable,Objet_13741
Toxic,Objet_23699
Pressurized,Objet_17250
Toxic,Objet_07011
Explosive,Objet_29612
Pressurized,Objet_08352
Toxic,Objet_18828
Pressurized,Objet_21514
Pressurized,Objet_10548
Food,Objet_00492
Flammable,Objet_27614
Flammable,Objet_17482
Unspecified,Objet_10967
Food,Objet_13318
Unspecified,Objet_23165
Food,Objet_21665
Corrosive,Objet_09732
Oxidizing,Objet_03903
Radioactive,Objet_23851
Food,Objet_09822
Corrosive,Objet_18564
Food,Objet_13417
Toxic,Objet_25812
Toxic,Objet_00657
Radioactive,Objet_21524
Fragile,Objet_17946
Radioactive,Objet_09516
Corrosive,Objet_06826
Fragile,Objet_17535
Unspecified,Objet_03016
Explosive,Objet_25960
Radioactive,Objet_07583
Toxic,Objet_10492
Oxidizing,Objet_07703
Toxic,Objet_16620
Explosive,Objet_09238
Fragile,Objet_01527
Food,Objet_12836
Explosive,Objet_22353
Corrosive,Objet_13186
Toxic,Objet_19176
Radioactive,Objet_22281
Explosive,Objet_24886
Oxidizing,Objet_16008
Food,Objet_23660
Unspecified,Objet_13151
Toxic,Objet_12345
Unspecified,Objet_20777
Flammable,Objet_05433
Corrosive,Objet_07929
Unspecified,Objet_07435
Unspecified,Objet_13428
Food,Objet_09329
Oxidizing,Objet_18799
Unspecified,Objet_17495
Flammable,Objet_22699
Toxic,Objet_13002
Corrosive,Objet_11263
Unspecified,Objet_22706
Unspecified,Objet_26285
Toxic,Objet_24358
Oxidizing,Objet_17822
Radioactive,Objet_27070
Oxidizing,Objet_04311
Corrosive,Objet_12711
Food,Objet_17245
Explosive,Objet_17080
Oxidizing,Objet_29121
Toxic,Objet_07800
Corrosive,Objet_00618
Toxic,Objet_12993
Fragile,Objet_11039
Oxidizing,Objet_24907
Unspecified,Objet_03411
Oxidizing,Objet_25275
Flammable,Objet_03566
Corrosive,Objet_15756
Food,Objet_02688
Unspecified,Objet_06175
Fragile,Objet_21234
Corrosive,Objet_18483
Oxidizing,Objet_21267
Explosive,Objet_23113
Fragile,Objet_27469
Food,Objet_06361
Corrosive,Objet_13842
Toxic,Objet_02197
Unspecified,Objet_07935
Unspecified,Objet_02944
Pressurized,Objet_29945
Explosive,Objet_07016
Radioactive,Objet_13339
Food,Objet_05499
Flammable,Objet_04820
Explosive,Objet_04546
Food,Objet_23381
Toxic,Objet_06948
Flammable,Objet_19826
Food,Objet_06818
Explosive,Objet_25746
Toxic,Objet_25512
Toxic,Objet_19663
Unspecified,Objet_08098
Toxic,Objet_02902
Flammable,Objet_04214
Unspecified,Objet_12188
Food,Objet_07093
Unspecified,Objet_19607
Corrosive,Objet_07535
Food,Objet_26363
Food,Objet_29969
Corrosive,Objet_11564
Fragile,Objet_10050
Fragile,Objet_04498
Oxidizing,Objet_15738
Explosive,Objet_09032
Oxidizing,Objet_15517
Oxidizing,Objet_02282
Oxidizing,Objet_08539
Corrosive,Objet_05702
Radioactive,Objet_19411
Corrosive,Objet_01248
Pressurized,Objet_09618
Radioactive,Objet_04481
Radioactive,Objet_24991
Unspecified,Objet_23424
Food,Objet_25530
Corrosive,Objet_08397
Radioactive,Objet_09872
Radioactive,Objet_16546
Oxidizing,Objet_05436
Oxidizing,Objet_20457
Oxidizing,Objet_07895
Explosive,Objet_23709
Fragile,Objet_13192
Corrosive,Objet_15491
Food,Objet_27590
Flammable,Objet_15235
Food,Objet_12536
Food,Objet_16792
Radioactive,Objet_04776
Toxic,Objet_28593
Corrosive,Objet_23070
Explosive,Objet_00973
Toxic,Objet_26298
Explosive,Objet_17021
Radioactive,Objet_26409
Radioactive,Objet_13530
Toxic,Objet_23859
Flammable,Objet_18149
Corrosive,Objet_08864
Toxic,Objet_25833
Radioactive,Objet_02446
Pressurized,Objet_22358
Unspecified,Objet_23803
Toxic,Objet_09745
Fragile,Objet_16736
Corrosive,Objet_04809
Food,Objet_14194
Oxidizing,Objet_21586
Oxidizing,Objet_06183
Pressurized,Objet_15155
Unspecified,Objet_21166
Food,Objet_27417
Corrosive,Objet_29068
Food,Objet_18734
Unspecified,Objet_05591
Corrosive,Objet_28211
Pressurized,Objet_20755
Oxidizing,Objet_02826
Toxic,Objet_06451
Unspecified,Objet_30123
Pressurized,Objet_03552
Fragile,Objet_17940
Radioactive,Objet_04434
Radioactive,Objet_15010
Food,Objet_18023
Explosive,Objet_01711
Toxic,Objet_19834
Corrosive,Objet_06378
Pressurized,Objet_27098
Food,Objet_25473
Fragile,Objet_18145
Radioactive,Objet_03479
Fragile,Objet_19434
Pressurized,Objet_17123
Toxic,Objet_18469
Oxidizing,Objet_10570
Toxic,Objet_13015
Oxidizing,Objet_04115
Food,Objet_06723
Radioactive,Objet_23872
Oxidizing,Objet_21215
Radioactive,Objet_16468
Unspecified,Objet_07255
Unspecified,Objet_08747
Explosive,Objet_00044
Explosive,Objet_22306
Radioactive,Objet_28752
Oxidizing,Objet_01652
Flammable,Objet_20207
Radioactive,Objet_05997
Corrosive,Objet_28808
Oxidizing,Objet_07403
Unspecified,Objet_23978
Unspecified,Objet_26636
Radioactive,Objet_05951
Toxic,Objet_11802
Flammable,Objet_03045
Oxidizing,Objet_02588
Oxidizing,Objet_01795
Food,Objet_24630
Radioactive,Objet_15024
Radioactive,Objet_16881
Flammable,Objet_28446
Unspecified,Objet_22246
Pressurized,Objet_07066
Unspecified,Objet_03784
Toxic,Objet_06483
Explosive,Objet_05762
Explosive,Objet_26264
Fragile,Objet_28141
Food,Objet_19409
Corrosive,Objet_23079
Flammable,Objet_03569
Oxidizing,Objet_20065
Flammable,Objet_24396
Toxic,Objet_13773
Corrosive,Objet_01812
Oxidizing,Objet_09175
Toxic,Objet_03957
Corrosive,Objet_26617
Fragile,Objet_22259
Radioactive,Objet_18814
Radioactive,Objet_04729
Oxidizing,Objet_17834
Explosive,Objet_04482
Radioactive,Objet_06466
Fragile,Objet_07966
Unspecified,Objet_04779
Oxidizing,Objet_18975
Explosive,Objet_19167
Toxic,Objet_18725
Food,Objet_04728
Unspecified,Objet_13026
Unspecified,Objet_12424
Flammable,Objet_18277
Pressurized,Objet_02091
Unspecified,Objet_29173
Explosive,Objet_06245
Fragile,Objet_11697
Fragile,Objet_17225
Food,Objet_07073
Flammable,Objet_25641
Fragile,Objet_03021
Corrosive,Objet_09128
Oxidizing,Objet_17677
Toxic,Objet_12322
Unspecified,Objet_28248
Oxidizing,Objet_12684
Oxidizing,Objet_09192
Flammable,Objet_25665
Corrosive,Objet_16510
Fragile,Objet_20271
Flammable,Objet_13459
Oxidizing,Objet_25207
Unspecified,Objet_01469
Flammable,Objet_04690
Explosive,Objet_04438
Pressurized,Objet_19658
Oxidizing,Objet_25277
Toxic,Objet_22151
Flammable,Objet_19045
Unspecified,Objet_01476
Pressurized,Objet_02683
Pressurized,Objet_04075
Fragile,Objet_15620
Toxic,Objet_28139
Unspecified,Objet_13179
Explosive,Objet_04983
Corrosive,Objet_08946
Radioactive,Objet_16147
Oxidizing,Objet_14017
Explosive,Objet_26047
Food,Objet_26398
Radioactive,Objet_25855
Explosive,Objet_11898
Pressurized,Objet_09312
Explosive,Objet_26574
Oxidizing,Objet_23230
Pressurized,Objet_05942
Radioactive,Objet_22016
Oxidizing,Objet_23264
Unspecified,Objet_23308
Explosive,Objet_04201
Food,Objet_08818
Corrosive,Objet_25569
Oxidizing,Objet_21968
Fragile,Objet_04329
Fragile,Objet_02140
Explosive,Objet_12027
Toxic,Objet_29764
Fragile,Objet_17790
Toxic,Objet_12297
Pressurized,Objet_09943
Oxidizing,Objet_27418
Explosive,Objet_12574
Explosive,Objet_16319
Explosive,Objet_23836
Food,Objet_11087
Food,Objet_09771
Unspecified,Objet_13454
Oxidizing,Objet_09328
Fragile,Objet_07771
Pressurized,Objet_01555
Corrosive,Objet_01866
Corrosive,Objet_21297
Toxic,Objet_06176
Toxic,Objet_21634
Unspecified,Objet_04273
Pressurized,Objet_28295
Unspecified,Objet_21191
Oxidizing,Objet_08829
Fragile,Objet_04943
Unspecified,Objet_19123
Radioactive,Objet_05430
Radioactive,Objet_07074
Toxic,Objet_16202
Fragile,Objet_07744
Explosive,Objet_01712
Explosive,Objet_28221
Corrosive,Objet_03236
Explosive,Objet_24417
Flammable,Objet_14309
Toxic,Objet_25236
Explosive,Objet_01408
Toxic,Objet_04655
Fragile,Objet_22409
Toxic,Objet_24348
Radioactive,Objet_08393
Toxic,Objet_22278
Corrosive,Objet_17584
Radioactive,Objet_28734
Corrosive,Objet_05805
Pressurized,Objet_04275
Food,Objet_21728
Food,Objet_17395
Radioactive,Objet_25127
Pressurized,Objet_25430
Explosive,Objet_05552
Pressurized,Objet_12336
Radioactive,Objet_23929
Unspecified,Objet_11350
Fragile,Objet_25788
Flammable,Objet_24443
Flammable,Objet_03673
Toxic,Objet_08512
Corrosive,Objet_10114
Corrosive,Objet_28598
Unspecified,Objet_06554
Food,Objet_28415
Pressurized,Objet_00628
Unspecified,Objet_29618
Radioactive,Objet_21789
Food,Objet_04150
Unspecified,Objet_23387
Radioactive,Objet_08997
Oxidizing,Objet_25751
Pressurized,Objet_18226
Toxic,Objet_20119
Toxic,Objet_16615
Fragile,Objet_09263
Explosive,Objet_21307
Fragile,Objet_29555
Corrosive,Objet_03742
Unspecified,Objet_21992
Explosive,Objet_10738
Pressurized,Objet_07037
Radioactive,Objet_11953
Fragile,Objet_26243
Explosive,Objet_23540
Pressurized,Objet_28072
Unspecified,Objet_09782
Corrosive,Objet_27318
Flammable,Objet_11556
Fragile,Objet_22028
Corrosive,Objet_28198
Explosive,Objet_15212
Corrosive,Objet_02093
Fragile,Objet_15114
Pressurized,Objet_25433
Explosive,Objet_12991
Pressurized,Objet_16087
Unspecified,Objet_24072
Oxidizing,Objet_05135
Oxidizing,Objet_06259
Corrosive,Objet_10856
Unspecified,Objet_16423
Explosive,Objet_03057
Radioactive,Objet_06611
Explosive,Objet_10234
Unspecified,Objet_05133
Flammable,Objet_30099
Corrosive,Objet_16930
Explosive,Objet_28854
Corrosive,Objet_18202
Oxidizing,Objet_02971
Explosive,Objet_06552
Fragile,Objet_09179
Fragile,Objet_04970
Toxic,Objet_17412
Radioactive,Objet_22474
Radioactive,Objet_28698
Radioactive,Objet_15428
Flammable,Objet_24151
Corrosive,Objet_01106
Pressurized,Objet_28284
Toxic,Objet_20308
Oxidizing,Objet_28344
Explosive,Objet_21912
Fragile,Objet_25905
Corrosive,Objet_02651
Explosive,Objet_12636
Corrosive,Objet_14077
Oxidizing,Objet_26032
Oxidizing,Objet_06439
Toxic,Objet_09301
Oxidizing,Objet_17503
Flammable,Objet_00047
Unspecified,Objet_17633
Fragile,Objet_25291
Fragile,Objet_15695
Pressurized,Objet_08619
Radioactive,Objet_21766
Corrosive,Objet_00252
Fragile,Objet_08517
Explosive,Objet_27263
Pressurized,Objet_23010
Explosive,Objet_02171
Unspecified,Objet_05350
Oxidizing,Objet_12390
Corrosive,Objet_08953
Explosive,Objet_15910
Flammable,Objet_08559
Corrosive,Objet_20146
Unspecified,Objet_12269
Flammable,Objet_12007
Fragile,Objet_04917
Explosive,Objet_09422
Oxidizing,Objet_20873
Corrosive,Objet_00137
Pressurized,Objet_26590
Radioactive,Objet_18506
Food,Objet_14526
Fragile,Objet_08047
Unspecified,Objet_11850
Pressurized,Objet_17044
Oxidizing,Objet_00241
Oxidizing,Objet_03091
Radioactive,Objet_13553
Pressurized,Objet_11804
Radioactive,Objet_24929
Toxic,Objet_05850
Unspecified,Objet_16936
Unspecified,Objet_14469
Corrosive,Objet_07057
Pressurized,Objet_16109
Flammable,Objet_07971
Corrosive,Objet_00988
Flammable,Objet_05129
Pressurized,Objet_17374
Radioactive,Objet_25630
Food,Objet_26055
Flammable,Objet_14226
Radioactive,Objet_05788
Toxic,Objet_20841
Corrosive,Objet_14651
Flammable,Objet_05006
Corrosive,Objet_00870
Explosive,Objet_28900
Corrosive,Objet_00174
Toxic,Objet_05597
Toxic,Objet_22077
Toxic,Objet_18847
Explosive,Objet_19113
Toxic,Objet_11746
Explosive,Objet_20452
Toxic,Objet_01369
Explosive,Objet_20269
Flammable,Objet_22520
Oxidizing,Objet_23638
Flammable,Objet_02277
Oxidizing,Objet_16929
Food,Objet_01449
Toxic,Objet_00181
Corrosive,Objet_06141
Fragile,Objet_17728
Food,Objet_20572
Pressurized,Objet_17014
Unspecified,Objet_24172
Radioactive,Objet_15639
Explosive,Objet_06923
Food,Objet_14562
Flammable,Objet_00023
Pressurized,Objet_28684
Explosive,Objet_09378
Corrosive,Objet_09494
Toxic,Objet_28218
Food,Objet_29796
Explosive,Objet_12405
Toxic,Objet_18492
Fragile,Objet_21731
Toxic,Objet_12855
Corrosive,Objet_00813
Flammable,Objet_22063
Oxidizing,Objet_02751
Explosive,Objet_04446
Explosive,Objet_23321
Fragile,Objet_02179
Toxic,Objet_23977
Flammable,Objet_27889
Oxidizing,Objet_12786
Toxic,Objet_18783
Explosive,Objet_19966
Flammable,Objet_00737
Flammable,Objet_14810
Toxic,Objet_04220
Food,Objet_14304
Pressurized,Objet_28685
Toxic,Objet_01836
Explosive,Objet_03067
Radioactive,Objet_22779
Food,Objet_12076
Explosive,Objet_07261
Food,Objet_10759
Fragile,Objet_11540
Fragile,Objet_17970
Toxic,Objet_24148
Pressurized,Objet_09866
Radioactive,Objet_06659
Explosive,Objet_00681
Toxic,Objet_07696
Fragile,Objet_07793
Food,Objet_06353
Corrosive,Objet_18797
Fragile,Objet_12994
Pressurized,Objet_25874
Corrosive,Objet_07263
Oxidizing,Objet_02577
Food,Objet_12583
Flammable,Objet_18053
Fragile,Objet_28462
Pressurized,Objet_03333
Pressurized,Objet_13880
Explosive,Objet_01168
Flammable,Objet_09383
Pressurized,Objet_06846
Corrosive,Objet_13806
Toxic,Objet_23269
Flammable,Objet_28575
Pressurized,Objet_14000
Flammable,Objet_14348
Radioactive,Objet_23757
Oxidizing,Objet_14854
Oxidizing,Objet_27777
Pressurized,Objet_09261
Radioactive,Objet_23451
Food,Objet_15362
Food,Objet_08807
Corrosive,Objet_00669
Pressurized,Objet_03833
Radioactive,Objet_23030
Toxic,Objet_08017
Toxic,Objet_25690
Unspecified,Objet_15406
Toxic,Objet_18851
Corrosive,Objet_29451
Toxic,Objet_10409
Radioactive,Objet_15914
Fragile,Objet_21172
Oxidizing,Objet_25131
Unspecified,Objet_20957
Toxic,Objet_24876
Fragile,Objet_02259
Food,Objet_09871
Pressurized,Objet_12493
Corrosive,Objet_10650
Food,Objet_01890
Pressurized,Objet_19347
Corrosive,Objet_27427
Oxidizing,Objet_15570
Corrosive,Objet_06112
Toxic,Objet_29472
Oxidizing,Objet_21923
Explosive,Objet_12401
Flammable,Objet_18895
Toxic,Objet_00286
Pressurized,Objet_00476
Fragile,Objet_29269
Oxidizing,Objet_23314
Corrosive,Objet_15618
Explosive,Objet_25431
Flammable,Objet_11888
Pressurized,Objet_17086
Flammable,Objet_04570
Oxidizing,Objet_15241
Radioactive,Objet_12138
Unspecified,Objet_02775
Corrosive,Objet_05781
Corrosive,Objet_14996
Unspecified,Objet_27862
Unspecified,Objet_07970
Corrosive,Objet_30120
Fragile,Objet_16817
Food,Objet_26848
Oxidizing,Objet_22057
Food,Objet_03014
Fragile,Objet_15823
Unspecified,Objet_09170
Food,Objet_01935
Food,Objet_00440
Corrosive,Objet_24349
Pressurized,Objet_06295
Oxidizing,Objet_11289
Oxidizing,Objet_24653
Pressurized,Objet_17089
Oxidizing,Objet_20989
Flammable,Objet_15724
Pressurized,Objet_19384
Fragile,Objet_19743
Oxidizing,Objet_08720
Corrosive,Objet_09135
Radioactive,Objet_22792
Oxidizing,Objet_05314
Explosive,Objet_06966
Fragile,Objet_08645
Corrosive,Objet_00361
Radioactive,Objet_03253
Explosive,Objet_03212
Fragile,Objet_08636
Corrosive,Objet_19747
Radioactive,Objet_12918
Toxic,Objet_28558
Toxic,Objet_13813
Flammable,Objet_16422
Pressurized,Objet_23162
Explosive,Objet_27054
Fragile,Objet_07640
Pressurized,Objet_18401
Food,Objet_16418
Toxic,Objet_29243
Oxidizing,Objet_05784
Food,Objet_03221
Flammable,Objet_09845
Corrosive,Objet_19360
Flammable,Objet_07120
Pressurized,Objet_26496
Food,Objet_21258
Flammable,Objet_16289
Toxic,Objet_06298
Food,Objet_03172
Food,Objet_29539
Unspecified,Objet_24138
Food,Objet_07486
Pressurized,Objet_15689
Radioactive,Objet_19893
Toxic,Objet_17926
Fragile,Objet_13285
Flammable,Objet_15838
Corrosive,Objet_12759
Radioactive,Objet_24897
Unspecified,Objet_09265
Fragile,Objet_29468
Corrosive,Objet_11717
Radioactive,Objet_01819
Radioactive,Objet_02792
Toxic,Objet_19182
Unspecified,Objet_07933
Corrosive,Objet_05999
Fragile,Objet_25949
Food,Objet_24431
Corrosive,Objet_18792
Unspecified,Objet_29477
Flammable,Objet_09724
Radioactive,Objet_20303
Oxidizing,Objet_00098
Fragile,Objet_27578
Flammable,Objet_12848
Fragile,Objet_04418
Toxic,Objet_22871
Corrosive,Objet_09476
Explosive,Objet_06124
Explosive,Objet_25802
Radioactive,Objet_15425
Radioactive,Objet_00288
Food,Objet_00189
Unspecified,Objet_00244
Pressurized,Objet_10267
Unspecified,Objet_03692
Flammable,Objet_06883
Food,Objet_04145
Radioactive,Objet_04507
Fragile,Objet_15920
Flammable,Objet_24474
Unspecified,Objet_22620
Corrosive,Objet_16478
Pressurized,Objet_17270
Explosive,Objet_22691
Fragile,Objet_23494
Unspecified,Objet_13275
Oxidizing,Objet_16064
Corrosive,Objet_04164
Radioactive,Objet_12339
Pressurized,Objet_26897
Unspecified,Objet_02758
Flammable,Objet_00352
Explosive,Objet_08669
Toxic,Objet_00601
Explosive,Objet_16258
Radioactive,Objet_23969
Corrosive,Objet_26637
Corrosive,Objet_21376
Oxidizing,Objet_16271
Radioactive,Objet_07504
Corrosive,Objet_07963
Food,Objet_22195
Radioactive,Objet_07630
Oxidizing,Objet_08915
Fragile,Objet_14004
Toxic,Objet_04711
Radioactive,Objet_05094
Flammable,Objet_18841
Toxic,Objet_18840
Oxidizing,Objet_14125
Corrosive,Objet_29191
Radioactive,Objet_03730
Radioactive,Objet_10391
Toxic,Objet_25319
Radioactive,Objet_20278
Radioactive,Objet_07324
Unspecified,Objet_15709
Oxidizing,Objet_28638
Toxic,Objet_27877
Toxic,Objet_04759
Fragile,Objet_10566
Food,Objet_23786
Unspecified,Objet_11681
Food,Objet_23913
Unspecified,Objet_25670
Radioactive,Objet_22836
Toxic,Objet_22090
Corrosive,Objet_09362
Food,Objet_07841
Oxidizing,Objet_11180
Unspecified,Objet_18450
Explosive,Objet_05066
Oxidizing,Objet_28658
Oxidizing,Objet_16293
Pressurized,Objet_29820
Unspecified,Objet_19664
Corrosive,Objet_20895
Radioactive,Objet_18368
Toxic,Objet_16159
Pressurized,Objet_04008
Toxic,Objet_20442
Radioactive,Objet_07905
Unspecified,Objet_20579
Food,Objet_22547
Flammable,Objet_23263
Corrosive,Objet_01837
Fragile,Objet_01368
Oxidizing,Objet_00764
Food,Objet_16859
Toxic,Objet_13200
Unspecified,Objet_05307
Toxic,Objet_19245
Radioactive,Objet_07178
Fragile,Objet_00631
Food,Objet_00222
Unspecified,Objet_07469
Food,Objet_12021
Oxidizing,Objet_22165
Radioactive,Objet_04897
Flammable,Objet_24231
Toxic,Objet_21433
Toxic,Objet_08378
Radioactive,Objet_26007
Explosive,Objet_16284
Fragile,Objet_28686
Food,Objet_08566
Radioactive,Objet_25715
Pressurized,Objet_27012
Fragile,Objet_00119
Toxic,Objet_09852
Food,Objet_24342
Explosive,Objet_28333
Toxic,Objet_08596
Food,Objet_17918
Toxic,Objet_00287
Fragile,Objet_05555
Fragile,Objet_01761
Food,Objet_13747
Toxic,Objet_23485
Unspecified,Objet_15971
Toxic,Objet_16104
Explosive,Objet_04588
Fragile,Objet_18849
Pressurized,Objet_13877
Food,Objet_18478
Toxic,Objet_10926
Corrosive,Objet_12902
Fragile,Objet_15244
Explosive,Objet_05334
Fragile,Objet_00695
Pressurized,Objet_24560
Flammable,Objet_26802
Oxidizing,Objet_11183
Pressurized,Objet_28810
Toxic,Objet_07803
Flammable,Objet_10243
Explosive,Objet_16557
Corrosive,Objet_09307
Explosive,Objet_29384
Pressurized,Objet_08213
Explosive,Objet_13734
Oxidizing,Objet_11161
Oxidizing,Objet_03630
Flammable,Objet_11174
Toxic,Objet_15100
Fragile,Objet_01631
Corrosive,Objet_29085
Corrosive,Objet_14909
Fragile,Objet_19438
Corrosive,Objet_20624
Flammable,Objet_00112
Radioactive,Objet_07761
Unspecified,Objet_08708
Corrosive,Objet_16339
Radioactive,Objet_14803
Food,Objet_24325
Oxidizing,Objet_15658
Fragile,Objet_18836
Fragile,Objet_17510
Unspecified,Objet_00694
Unspecified,Objet_00731
Flammable,Objet_12481
Corrosive,Objet_14818
Corrosive,Objet_18330
Unspecified,Objet_11321
Radioactive,Objet_09670
Unspecified,Objet_06276
Explosive,Objet_05285
Unspecified,Objet_24437
Food,Objet_17459
Food,Objet_02136
Toxic,Objet_07230
Oxidizing,Objet_09190
Flammable,Objet_19881
Unspecified,Objet_19926
Radioactive,Objet_18649
Explosive,Objet_20053
Pressurized,Objet_11622
Fragile,Objet_22723
Pressurized,Objet_11325
Flammable,Objet_17576
Toxic,Objet_09885
Flammable,Objet_18882
Fragile,Objet_01937
Pressurized,Objet_25352
Fragile,Objet_15048
Unspecified,Objet_20386
Toxic,Objet_19645
Oxidizing,Objet_20785
Fragile,Objet_06523
Fragile,Objet_02177
Corrosive,Objet_04059
Oxidizing,Objet_23197
Radioactive,Objet_12631
Fragile,Objet_02491
Flammable,Objet_04610
Pressurized,Objet_22727
Food,Objet_00850
Food,Objet_29439
Food,Objet_29553
Fragile,Objet_22912
Oxidizing,Objet_24467
Food,Objet_03822
Pressurized,Objet_09014
Unspecified,Objet_05861
Toxic,Objet_14505
Flammable,Objet_23047
Explosive,Objet_04362
Oxidizing,Objet_02586
Flammable,Objet_02319
Explosive,Objet_04387
Corrosive,Objet_24122
Fragile,Objet_15995
Oxidizing,Objet_06287
Radioactive,Objet_02746
Radioactive,Objet_25945
Oxidizing,Objet_11299
Unspecified,Objet_13348
Food,Objet_27764
Toxic,Objet_17494
Corrosive,Objet_04865
Fragile,Objet_28918
Food,Objet_23331
Food,Objet_21388
Food,Objet_25913
Fragile,Objet_09364
Unspecified,Objet_16666
Explosive,Objet_29493
Fragile,Objet_10159
Fragile,Objet_02599
Explosive,Objet_06113
Unspecified,Objet_12406
Explosive,Objet_29405
Unspecified,Objet_26447
Toxic,Objet_21602
Explosive,Objet_20487
Toxic,Objet_23518
Corrosive,Objet_28595
Flammable,Objet_17657
Radioactive,Objet_14344
Corrosive,Objet_14896
Pressurized,Objet_23183
Radioactive,Objet_08182
Fragile,Objet_05892
Unspecified,Objet_10031
Explosive,Objet_08724
Explosive,Objet_18701
Food,Objet_08372
Pressurized,Objet_28022
Explosive,Objet_15225
Radioactive,Objet_15873
Explosive,Objet_19328
Fragile,Objet_07131
Corrosive,Objet_22957
Radioactive,Objet_06586
Food,Objet_22407
Corrosive,Objet_20503
Food,Objet_22575
Flammable,Objet_21093
Oxidizing,Objet_16540
Oxidizing,Objet_28321
Oxidizing,Objet_24673
Corrosive,Objet_11157
Explosive,Objet_08317
Fragile,Objet_18905
Food,Objet_21646
Oxidizing,Objet_00509
Pressurized,Objet_01187
Radioactive,Objet_08779
Unspecified,Objet_11982
Radioactive,Objet_09233
Unspecified,Objet_10955
Fragile,Objet_28919
Radioactive,Objet_17718
Fragile,Objet_28206
Fragile,Objet_21624
Food,Objet_06711
Food,Objet_18567
Pressurized,Objet_23292
Unspecified,Objet_22507
Explosive,Objet_15640
Radioactive,Objet_10236
Radioactive,Objet_28068
Explosive,Objet_02134
Toxic,Objet_00481
Explosive,Objet_14388
Flammable,Objet_28803
Radioactive,Objet_09434
Fragile,Objet_26785
Pressurized,Objet_22367
Oxidizing,Objet_00391
Food,Objet_00422
Explosive,Objet_23868
Flammable,Objet_11990
Corrosive,Objet_05222
Flammable,Objet_07595
Corrosive,Objet_16799
Radioactive,Objet_08308
Radioactive,Objet_25790
Pressurized,Objet_22051
Food,Objet_22636
Fragile,Objet_02442
Unspecified,Objet_01722
Toxic,Objet_15079
Toxic,Objet_05661
Fragile,Objet_07040
Food,Objet_07992
Explosive,Objet_03265
Pressurized,Objet_02201
Food,Objet_29388
Pressurized,Objet_09409
Radioactive,Objet_13567
Flammable,Objet_24505
Corrosive,Objet_28018
Explosive,Objet_15754
Corrosive,Objet_14852
Corrosive,Objet_05287
Flammable,Objet_25077
Pressurized,Objet_02666
Flammable,Objet_03907
Unspecified,Objet_19104
Unspecified,Objet_28724
Flammable,Objet_15394
Food,Objet_07269
Fragile,Objet_09317
Unspecified,Objet_27289
Radioactive,Objet_07765
Radioactive,Objet_10320
Unspecified,Objet_29366
Flammable,Objet_09574
Oxidizing,Objet_08107
Oxidizing,Objet_20876
Toxic,Objet_07613
Pressurized,Objet_28804
Food,Objet_29901
Corrosive,Objet_09604
Oxidizing,Objet_22504
Flammable,Objet_27440
Explosive,Objet_17077
Toxic,Objet_08654
Corrosive,Objet_26871
Fragile,Objet_17826
Radioactive,Objet_18189
Unspecified,Objet_03649
Fragile,Objet_11029
Explosive,Objet_29386
Unspecified,Objet_23139
Corrosive,Objet_21780
Radioactive,Objet_26035
Toxic,Objet_05888
Flammable,Objet_06214
Fragile,Objet_23809
Flammable,Objet_19930
Oxidizing,Objet_01923
Oxidizing,Objet_00599
Oxidizing,Objet_25331
Food,Objet_29452
Food,Objet_19639
Unspecified,Objet_04990
Pressurized,Objet_16023
Fragile,Objet_03412
Fragile,Objet_10965
Radioactive,Objet_05342
Flammable,Objet_12166
Toxic,Objet_25971
Explosive,Objet_26368
Pressurized,Objet_15562
Corrosive,Objet_10973
Oxidizing,Objet_25822
Unspecified,Objet_06360
Oxidizing,Objet_14506
Food,Objet_14023
Unspecified,Objet_07819
Unspecified,Objet_00939
Flammable,Objet_05704
Fragile,Objet_10432
Oxidizing,Objet_13982
Corrosive,Objet_28738
Toxic,Objet_15083
Unspecified,Objet_26756
Pressurized,Objet_13737
Radioactive,Objet_23995
Fragile,Objet_09474
Toxic,Objet_26305
Radioactive,Objet_21254
Oxidizing,Objet_00687
Pressurized,Objet_18549
Corrosive,Objet_03345
Toxic,Objet_20243
Pressurized,Objet_27636
Fragile,Objet_12215
Toxic,Objet_26249
Explosive,Objet_15112
Unspecified,Objet_27732
Corrosive,Objet_03609
Pressurized,Objet_17070
Food,Objet_17031
Food,Objet_28320
Pressurized,Objet_10644
Fragile,Objet_13576
Unspecified,Objet_21799
Food,Objet_04717
Pressurized,Objet_09125
Flammable,Objet_11864
Fragile,Objet_12167
Flammable,Objet_09968
Toxic,Objet_08246
Pressurized,Objet_04873
Toxic,Objet_08612
Unspecified,Objet_21035
Explosive,Objet_28474
Explosive,Objet_12675
Flammable,Objet_07607
Pressurized,Objet_12435
Unspecified,Objet_04954
Fragile,Objet_18063
Corrosive,Objet_27968
Explosive,Objet_16077
Toxic,Objet_29592
Flammable,Objet_04108
Flammable,Objet_01985
Pressurized,Objet_01343
Explosive,Objet_15328
Corrosive,Objet_01986
Radioactive,Objet_06157
Toxic,Objet_00121
Pressurized,Objet_10486
Pressurized,Objet_08877
Radioactive,Objet_06502
Radioactive,Objet_07678
Oxidizing,Objet_10899
Food,Objet_19874
Unspecified,Objet_08433
Oxidizing,Objet_21326
Toxic,Objet_21180
Oxidizing,Objet_12576
Radioactive,Objet_09342
Flammable,Objet_03870
Pressurized,Objet_02198
Fragile,Objet_00206
Explosive,Objet_02153
Toxic,Objet_07245
Food,Objet_05770
Food,Objet_23600
Pressurized,Objet_29273
Food,Objet_07094
Food,Objet_08568
Oxidizing,Objet_09431
Food,Objet_08565
Corrosive,Objet_10222
Corrosive,Objet_24672
Unspecified,Objet_10555
Explosive,Objet_25420
Corrosive,Objet_14239
Oxidizing,Objet_08980
Oxidizing,Objet_05456
Radioactive,Objet_21699
Fragile,Objet_25538
Food,Objet_03078
Unspecified,Objet_23710
Fragile,Objet_18064
Fragile,Objet_12581
Explosive,Objet_14349
Food,Objet_29048
Corrosive,Objet_26489
Corrosive,Objet_21892
Food,Objet_20724
Fragile,Objet_27416
Radioactive,Objet_30003
Oxidizing,Objet_15975
Fragile,Objet_16282
Explosive,Objet_16239
Food,Objet_11797
Unspecified,Objet_15916
Fragile,Objet_14902
Fragile,Objet_24027
Unspecified,Objet_00037
Explosive,Objet_14979
Pressurized,Objet_07705
Unspecified,Objet_06090
Fragile,Objet_13189
Radioactive,Objet_08789
Food,Objet_30128
Unspecified,Objet_19767
Food,Objet_29094
Pressurized,Objet_04419
Radioactive,Objet_05038
Fragile,Objet_25047
Fragile,Objet_24161
Flammable,Objet_16609
Explosive,Objet_18359
Toxic,Objet_16937
Oxidizing,Objet_01321
Food,Objet_29454
Radioactive,Objet_26144
Toxic,Objet_06390
Toxic,Objet_12475
Corrosive,Objet_10504
Explosive,Objet_08743
Unspecified,Objet_29107
Flammable,Objet_25964
Fragile,Objet_19506
Toxic,Objet_16604
Toxic,Objet_29642
Food,Objet_05706
Corrosive,Objet_14582
Fragile,Objet_16051
Food,Objet_05200
Fragile,Objet_03447
Flammable,Objet_07817
Oxidizing,Objet_06317
Explosive,Objet_13280
Explosive,Objet_19013
Food,Objet_09738
Unspecified,Objet_18133
Corrosive,Objet_14981
Fragile,Objet_15942
Toxic,Objet_13965
Unspecified,Objet_12054
Fragile,Objet_09534
Explosive,Objet_18435
Radioactive,Objet_07382
Food,Objet_28746
Flammable,Objet_03614
Food,Objet_04453
Unspecified,Objet_17771
Oxidizing,Objet_25940
Toxic,Objet_07746
Corrosive,Objet_21381
Radioactive,Objet_20255
Unspecified,Objet_09308
Toxic,Objet_23727
Unspecified,Objet_08073
Explosive,Objet_24337
Toxic,Objet_23634
Fragile,Objet_11598
Food,Objet_05783
Pressurized,Objet_01639
Pressurized,Objet_28385
Food,Objet_10531
Corrosive,Objet_25463
Unspecified,Objet_28559
Toxic,Objet_13184
Pressurized,Objet_21210
Food,Objet_24697
Corrosive,Objet_21764
Flammable,Objet_01516
Flammable,Objet_19661
Explosive,Objet_18030
Corrosive,Objet_21147
Fragile,Objet_17737
Unspecified,Objet_11984
Food,Objet_20389
Flammable,Objet_18582
Food,Objet_03917
Pressurized,Objet_00625
Toxic,Objet_23499
Oxidizing,Objet_21007
Unspecified,Objet_10892
Explosive,Objet_23891
Explosive,Objet_02348
Pressurized,Objet_25283
Food,Objet_19262
Flammable,Objet_26002
Radioactive,Objet_09240
Oxidizing,Objet_10228
Flammable,Objet_01918
Unspecified,Objet_15258
Pressurized,Objet_10828
Flammable,Objet_17716
Radioactive,Objet_21125
Fragile,Objet_23397
Oxidizing,Objet_03509
Corrosive,Objet_21468
Flammable,Objet_24366
Corrosive,Objet_22129
Oxidizing,Objet_09612
Corrosive,Objet_08467
Unspecified,Objet_28940
Explosive,Objet_05854
Explosive,Objet_14628
Fragile,Objet_18100
Flammable,Objet_28637
Corrosive,Objet_08671
Explosive,Objet_20804
Fragile,Objet_14337
Flammable,Objet_26122
Toxic,Objet_12418
Radioactive,Objet_01466
Explosive,Objet_08231
Oxidizing,Objet_01727
Unspecified,Objet_05010
Food,Objet_27512
Fragile,Objet_05741
Explosive,Objet_21156
Fragile,Objet_12162
Explosive,Objet_01916
Oxidizing,Objet_10542
Flammable,Objet_28250
Flammable,Objet_19320
Unspecified,Objet_14232
Radioactive,Objet_26777
Oxidizing,Objet_26227
Radioactive,Objet_15521
Explosive,Objet_26899
Food,Objet_26031
Fragile,Objet_12425
Food,Objet_12806
Oxidizing,Objet_24957
Radioactive,Objet_18741
Food,Objet_11714
Food,Objet_09997
Toxic,Objet_00461
Radioactive,Objet_10049
Unspecified,Objet_18021
Toxic,Objet_17616
Unspecified,Objet_13300
Explosive,Objet_03697
Explosive,Objet_13891
Radioactive,Objet_28588
Corrosive,Objet_27978
Explosive,Objet_14284
Explosive,Objet_24111
Radioactive,Objet_15440
Radioactive,Objet_12165
Radioactive,Objet_21313
Unspecified,Objet_04613
Flammable,Objet_15255
Toxic,Objet_24825
Radioactive,Objet_17971
Unspecified,Objet_10872
Corrosive,Objet_19697
Oxidizing,Objet_25966
Oxidizing,Objet_26375
Explosive,Objet_23822
Flammable,Objet_23255
Pressurized,Objet_29942
Toxic,Objet_22918
Pressurized,Objet_28683
Corrosive,Objet_13010
Corrosive,Objet_23883
Corrosive,Objet_13651
Unspecified,Objet_27508
Toxic,Objet_06044
Fragile,Objet_00551
Corrosive,Objet_06105
Radioactive,Objet_29983
Oxidizing,Objet_15720
Toxic,Objet_13391
Corrosive,Objet_04658
Pressurized,Objet_24516
Flammable,Objet_01520
Flammable,Objet_23235
Fragile,Objet_13631
Oxidizing,Objet_17600
Oxidizing,Objet_09152
Unspecified,Objet_18432
Pressurized,Objet_05217
Toxic,Objet_01241
Radioactive,Objet_21966
Oxidizing,Objet_21356
Fragile,Objet_11427
Food,Objet_09408
Pressurized,Objet_21945
Food,Objet_15575
Pressurized,Objet_19419
Radioactive,Objet_13114
Corrosive,Objet_13019
Radioactive,Objet_07726
Corrosive,Objet_01542
Radioactive,Objet_24930
Unspecified,Objet_02591
Radioactive,Objet_27865
Pressurized,Objet_06922
Pressurized,Objet_00760
Oxidizing,Objet_03465
Oxidizing,Objet_04892
Pressurized,Objet_13787
Corrosive,Objet_07013
Oxidizing,Objet_03082
Toxic,Objet_04332
Pressurized,Objet_19572
Fragile,Objet_11616
Flammable,Objet_01965
Toxic,Objet_12703
Food,Objet_11044
Pressurized,Objet_00264
Food,Objet_09313
Radioactive,Objet_04070
Corrosive,Objet_28309
Unspecified,Objet_04056
Corrosive,Objet_06792
Corrosive,Objet_01215
Food,Objet_02659
Oxidizing,Objet_10493
Toxic,Objet_25988
Pressurized,Objet_16393
Oxidizing,Objet_02115
Unspecified,Objet_27797
Toxic,Objet_17295
Oxidizing,Objet_12528
Toxic,Objet_18751
Flammable,Objet_06192
Pressurized,Objet_03683
Food,Objet_03575
Flammable,Objet_03690
Food,Objet_20766
Fragile,Objet_17868
Food,Objet_29680
Food,Objet_27335
Oxidizing,Objet_04801
Fragile,Objet_09130
Oxidizing,Objet_18524
Food,Objet_14236
Unspecified,Objet_03050
Toxic,Objet_00232
Unspecified,Objet_28084
Toxic,Objet_02159
Unspecified,Objet_03369
Radioactive,Objet_09603
Flammable,Objet_17183
Radioactive,Objet_26691
Radioactive,Objet_29662
Oxidizing,Objet_26605
Radioactive,Objet_21823
Corrosive,Objet_11247
Radioactive,Objet_14826
Toxic,Objet_28407
Fragile,Objet_15624
Food,Objet_00998
Fragile,Objet_04843
Toxic,Objet_26969
Corrosive,Objet_29586
Food,Objet_11904
Toxic,Objet_14384
Explosive,Objet_04488
Oxidizing,Objet_22454
Toxic,Objet_29998
Food,Objet_06790
Pressurized,Objet_12107
Toxic,Objet_00472
Toxic,Objet_17717
Fragile,Objet_13230
Oxidizing,Objet_17353
Explosive,Objet_20038
Oxidizing,Objet_09806
Pressurized,Objet_10958
Toxic,Objet_23176
Fragile,Objet_23890
Flammable,Objet_08303
Unspecified,Objet_28429
Corrosive,Objet_23068
Toxic,Objet_28352
Unspecified,Objet_28521
Fragile,Objet_29349
Explosive,Objet_09938
Fragile,Objet_06387
Food,Objet_09336
Unspecified,Objet_05828
Toxic,Objet_29900
Radioactive,Objet_10915
Flammable,Objet_17846
Corrosive,Objet_06314
Unspecified,Objet_11396
Toxic,Objet_15378
Corrosive,Objet_08344
Radioactive,Objet_25048
Flammable,Objet_24128
Toxic,Objet_05435
Fragile,Objet_11662
Radioactive,Objet_24452
Radioactive,Objet_19757
Radioactive,Objet_04178
Explosive,Objet_14223
Toxic,Objet_14149
Radioactive,Objet_22230
Explosive,Objet_26320
Oxidizing,Objet_00491
Fragile,Objet_06635
Corrosive,Objet_28007
Food,Objet_06530
Oxidizing,Objet_10011
Corrosive,Objet_16940
Toxic,Objet_05409
Oxidizing,Objet_05729
Oxidizing,Objet_07275
Pressurized,Objet_24525
Oxidizing,Objet_20929
Toxic,Objet_04903
Fragile,Objet_02698
Oxidizing,Objet_01998
Fragile,Objet_19576
Pressurized,Objet_07459
Unspecified,Objet_06581
Flammable,Objet_05485
Radioactive,Objet_01698
Explosive,Objet_06382
Toxic,Objet_14685
Unspecified,Objet_00912
Corrosive,Objet_26687
Corrosive,Objet_05279
Explosive,Objet_16208
Oxidizing,Objet_26065
Radioactive,Objet_24943
Explosive,Objet_01519
Oxidizing,Objet_27902
Explosive,Objet_04455
Pressurized,Objet_29615
Toxic,Objet_02741
Toxic,Objet_22116
Radioactive,Objet_22914
Corrosive,Objet_25228
Explosive,Objet_08477
Flammable,Objet_13533
Pressurized,Objet_22463
Fragile,Objet_16866
Food,Objet_00094
Oxidizing,Objet_13489
Oxidizing,Objet_01756
Unspecified,Objet_14903
Food,Objet_07683
Food,Objet_26084
Pressurized,Objet_23456
Corrosive,Objet_16119
Food,Objet_02394
Explosive,Objet_15035
Corrosive,Objet_12780
Food,Objet_13068
Food,Objet_13191
Radioactive,Objet_27687
Fragile,Objet_19633
Explosive,Objet_07804
Oxidizing,Objet_30033
Oxidizing,Objet_08897
Corrosive,Objet_10396
Unspecified,Objet_11013
Corrosive,Objet_15283
Radioactive,Objet_06789
Corrosive,Objet_27972
Food,Objet_11269
Pressurized,Objet_09187
Toxic,Objet_23429
Oxidizing,Objet_26200
Explosive,Objet_26614
Radioactive,Objet_01971
Explosive,Objet_13131
Explosive,Objet_26994
Corrosive,Objet_13962
Flammable,Objet_10208
Food,Objet_24862
Toxic,Objet_03830
Unspecified,Objet_07649
Oxidizing,Objet_27533
Flammable,Objet_17280
Pressurized,Objet_29571
Flammable,Objet_06454
Unspecified,Objet_05759
Pressurized,Objet_18537
Explosive,Objet_13101
Food,Objet_02888
Toxic,Objet_03738
Fragile,Objet_26147
Flammable,Objet_18777
Unspecified,Objet_22330
Oxidizing,Objet_09699
Unspecified,Objet_26582
Radioactive,Objet_04553
Unspecified,Objet_14600
Flammable,Objet_25754
Radioactive,Objet_11489
Pressurized,Objet_22087
Oxidizing,Objet_18252
Toxic,Objet_09570
Corrosive,Objet_16756
Toxic,Objet_16280
Oxidizing,Objet_29379
Corrosive,Objet_08471
Pressurized,Objet_14962
Toxic,Objet_16288
Toxic,Objet_26592
Radioactive,Objet_00626
Unspecified,Objet_19094
Unspecified,Objet_24993
Toxic,Objet_19273
Food,Objet_20897
Radioactive,Objet_18969
Unspecified,Objet_25847
Fragile,Objet_08998
Oxidizing,Objet_26017
Unspecified,Objet_16880
Food,Objet_27787
Food,Objet_16707
Corrosive,Objet_10802
Food,Objet_05340
Unspecified,Objet_04037
Unspecified,Objet_27013
Toxic,Objet_01023
Unspecified,Objet_05213
Radioactive,Objet_12560
Radioactive,Objet_18195
Toxic,Objet_09703
Flammable,Objet_03713
Pressurized,Objet_29798
Flammable,Objet_24716
Radioactive,Objet_07004
Radioactive,Objet_29172
Toxic,Objet_02281
Radioactive,Objet_07375
Unspecified,Objet_05486
Food,Objet_12278
Corrosive,Objet_06767
Pressurized,Objet_22477
Oxidizing,Objet_21751
Flammable,Objet_02108
Radioactive,Objet_20801
Toxic,Objet_05692
Flammable,Objet_18740
Explosive,Objet_02139
Corrosive,Objet_12171
Flammable,Objet_08357
Corrosive,Objet_02326
Food,Objet_17784
Corrosive,Objet_00091
Explosive,Objet_07029
Explosive,Objet_01980
Pressurized,Objet_24125
Explosive,Objet_28460
Food,Objet_08359
Radioactive,Objet_17666
Explosive,Objet_00636
Oxidizing,Objet_11554
Food,Objet_03497
Corrosive,Objet_13985
Pressurized,Objet_03353
Toxic,Objet_11205
Explosive,Objet_28424
Corrosive,Objet_28155
Oxidizing,Objet_22850
Fragile,Objet_02030
Pressurized,Objet_20819
Unspecified,Objet_28437
Fragile,Objet_12908
Corrosive,Objet_14022
Food,Objet_22131
Food,Objet_14456
Corrosive,Objet_17178
Oxidizing,Objet_27283
Unspecified,Objet_16659
Fragile,Objet_21491
Explosive,Objet_03266
Food,Objet_06651
Radioactive,Objet_21005
Radioactive,Objet_27827
Corrosive,Objet_03920
Fragile,Objet_16068
Toxic,Objet_05098
Flammable,Objet_29915
Unspecified,Objet_28654
Radioactive,Objet_21369
Corrosive,Objet_04509
Unspecified,Objet_10715
Fragile,Objet_00877
Radioactive,Objet_12692
Corrosive,Objet_28463
Radioactive,Objet_29771
Unspecified,Objet_28318
Corrosive,Objet_05642
Unspecified,Objet_23688
Oxidizing,Objet_21397
Explosive,Objet_02604
Fragile,Objet_11590
Fragile,Objet_19387
Fragile,Objet_29613
Explosive,Objet_03974
Toxic,Objet_21697
Toxic,Objet_04169
Corrosive,Objet_24809
Toxic,Objet_06567
Toxic,Objet_28475
Radioactive,Objet_05159
Fragile,Objet_24733
Fragile,Objet_12383
Fragile,Objet_15963
Unspecified,Objet_18223
Explosive,Objet_12285
Pressurized,Objet_23846
Radioactive,Objet_12427
Oxidizing,Objet_30065
Toxic,Objet_02279
Fragile,Objet_05387
Food,Objet_05644
Fragile,Objet_11494
Corrosive,Objet_16102
Pressurized,Objet_11916
Unspecified,Objet_15272
Pressurized,Objet_23169
Explosive,Objet_30041
Flammable,Objet_20618
Pressurized,Objet_11730
Fragile,Objet_25445
Toxic,Objet_06233
Unspecified,Objet_26123
Unspecified,Objet_10843
Corrosive,Objet_12213
Fragile,Objet_22860
Unspecified,Objet_10382
Corrosive,Objet_22866
Food,Objet_11020
Toxic,Objet_19696
Radioactive,Objet_23563
Flammable,Objet_08920
Food,Objet_24263
Flammable,Objet_01680
Explosive,Objet_25535
Unspecified,Objet_12451
Corrosive,Objet_12847
Unspecified,Objet_16495
Flammable,Objet_09919
Food,Objet_26011
Unspecified,Objet_08263
Corrosive,Objet_05641
Unspecified,Objet_21448
Radioactive,Objet_26221
Flammable,Objet_20294
Oxidizing,Objet_20899
Pressurized,Objet_01533
Food,Objet_01080
Food,Objet_20562
Oxidizing,Objet_13240
Toxic,Objet_25076
Oxidizing,Objet_08675
Toxic,Objet_27108
Unspecified,Objet_17827
Food,Objet_20514
Explosive,Objet_19562
Oxidizing,Objet_03740
Corrosive,Objet_13406
Oxidizing,Objet_03393
Toxic,Objet_06920
Pressurized,Objet_24063
Oxidizing,Objet_23343
Radioactive,Objet_03304
Fragile,Objet_19832
Food,Objet_07956
Pressurized,Objet_18908
Fragile,Objet_04671
Toxic,Objet_25911
Oxidizing,Objet_08840
Explosive,Objet_07571
Toxic,Objet_28469
Pressurized,Objet_24203
Corrosive,Objet_01522
Explosive,Objet_12696
Explosive,Objet_00983
Radioactive,Objet_17133
Flammable,Objet_08706
Fragile,Objet_24144
Oxidizing,Objet_18818
Unspecified,Objet_24047
Explosive,Objet_17878
Fragile,Objet_08504
Flammable,Objet_05943
Flammable,Objet_07288
Radioactive,Objet_20635
Radioactive,Objet_08376
Toxic,Objet_14376
Unspecified,Objet_24735
Fragile,Objet_04489
Flammable,Objet_17732
Corrosive,Objet_07932
Radioactive,Objet_07787
Flammable,Objet_00890
Pressurized,Objet_18230
Corrosive,Objet_10896
Oxidizing,Objet_12556
Corrosive,Objet_07517
Radioactive,Objet_08431
Flammable,Objet_17701
Oxidizing,Objet_07102
Explosive,Objet_17229
Corrosive,Objet_28473
Pressurized,Objet_07721
Corrosive,Objet_24040
Oxidizing,Objet_11267
Corrosive,Objet_29845
Food,Objet_14738
Pressurized,Objet_25823
Pressurized,Objet_27468
Corrosive,Objet_17296
Food,Objet_02768
Flammable,Objet_06708
Corrosive,Objet_06534
Unspecified,Objet_10494
Food,Objet_05901
Fragile,Objet_20250
Explosive,Objet_05693
Unspecified,Objet_04832
Fragile,Objet_22179
Radioactive,Objet_24139
Fragile,Objet_14861
Unspecified,Objet_26159
Unspecified,Objet_10947
Toxic,Objet_00308
Food,Objet_05796
Flammable,Objet_07434
Unspecified,Objet_03911
Radioactive,Objet_21153
Food,Objet_03038
Oxidizing,Objet_23190
Oxidizing,Objet_27509
Fragile,Objet_07568
Oxidizing,Objet_24942
Radioactive,Objet_02978
Toxic,Objet_25554
Explosive,Objet_05123
Flammable,Objet_05677
Pressurized,Objet_04233
Radioactive,Objet_08501
Oxidizing,Objet_01543
Unspecified,Objet_08116
Toxic,Objet_13338
Oxidizing,Objet_20405
Food,Objet_04712
Toxic,Objet_10496
Pressurized,Objet_19688
Explosive,Objet_23623
Explosive,Objet_02052
Flammable,Objet_14907
Oxidizing,Objet_21982
Toxic,Objet_17030
Flammable,Objet_01015
Pressurized,Objet_22965
Corrosive,Objet_21935
Toxic,Objet_05527
Flammable,Objet_11206
Oxidizing,Objet_24807
Oxidizing,Objet_12955
Food,Objet_26207
Flammable,Objet_02169
Toxic,Objet_07113
Toxic,Objet_13266
Radioactive,Objet_10501
Unspecified,Objet_09501
Toxic,Objet_15911
Explosive,Objet_04296
Fragile,Objet_00272
Fragile,Objet_28542
Corrosive,Objet_13598
Pressurized,Objet_02767
Unspecified,Objet_10389
Toxic,Objet_16069
Fragile,Objet_03860
Unspecified,Objet_22787
Food,Objet_17436
Explosive,Objet_16599
Food,Objet_01113
Toxic,Objet_25594
Toxic,Objet_11130
Oxidizing,Objet_06437
Fragile,Objet_02306
Pressurized,Objet_21467
Oxidizing,Objet_03339
Oxidizing,Objet_11764
Fragile,Objet_09024
Fragile,Objet_17851
Oxidizing,Objet_00967
Explosive,Objet_21273
Fragile,Objet_27562
Oxidizing,Objet_02800
Explosive,Objet_02146
Toxic,Objet_27315
Explosive,Objet_19593
Pressurized,Objet_13981
Food,Objet_17298
Fragile,Objet_20782
Explosive,Objet_20009
Toxic,Objet_24787
Oxidizing,Objet_13645
Oxidizing,Objet_06309
Corrosive,Objet_08429
Radioactive,Objet_28486
Oxidizing,Objet_05913
Food,Objet_05753
Radioactive,Objet_23402
Fragile,Objet_20806
Explosive,Objet_00996
Pressurized,Objet_01716
Radioactive,Objet_12159
Toxic,Objet_12187
Food,Objet_21478
Oxidizing,Objet_10866
Explosive,Objet_06434
Pressurized,Objet_15793
Oxidizing,Objet_13541
Corrosive,Objet_23923
Unspecified,Objet_24706
Oxidizing,Objet_04592
Oxidizing,Objet_26194
Unspecified,Objet_23095
Flammable,Objet_02584
Explosive,Objet_29136
Fragile,Objet_20808
Pressurized,Objet_09101
Radioactive,Objet_17906
Toxic,Objet_23312
Radioactive,Objet_00748
Radioactive,Objet_22158
Toxic,Objet_17317
Unspecified,Objet_29707
Oxidizing,Objet_15681
Toxic,Objet_25946
Corrosive,Objet_10018
Oxidizing,Objet_09665
Pressurized,Objet_13098
Radioactive,Objet_14540
Fragile,Objet_26311
Food,Objet_02055
Corrosive,Objet_25009
Pressurized,Objet_10459
Flammable,Objet_21953
Toxic,Objet_14603
Fragile,Objet_21958
Pressurized,Objet_08506
Corrosive,Objet_15822
Corrosive,Objet_24414
Food,Objet_16606
Toxic,Objet_16543
Toxic,Objet_19158
Fragile,Objet_04456
Corrosive,Objet_28396
Radioactive,Objet_08027
Pressurized,Objet_13168
Corrosive,Objet_21440
Pressurized,Objet_00537
Oxidizing,Objet_13857
Food,Objet_18610
Toxic,Objet_27356
Unspecified,Objet_15985
Fragile,Objet_09687
Oxidizing,Objet_23911
Toxic,Objet_16279
Toxic,Objet_07797
Toxic,Objet_21831
Explosive,Objet_08170
Radioactive,Objet_27701
Pressurized,Objet_13206
Radioactive,Objet_26549
Toxic,Objet_20894
Explosive,Objet_22265
Food,Objet_28430
Corrosive,Objet_19283
Oxidizing,Objet_12518
Flammable,Objet_26776
Food,Objet_28605
Pressurized,Objet_06714
Unspecified,Objet_28091
Radioactive,Objet_02899
Fragile,Objet_01034
Radioactive,Objet_24160
Radioactive,Objet_03945
Radioactive,Objet_22263
Pressurized,Objet_04080
Flammable,Objet_27860
Pressurized,Objet_21414
Fragile,Objet_18495
Food,Objet_15209
Radioactive,Objet_25497
Flammable,Objet_07700
Toxic,Objet_01200
Fragile,Objet_16174
Oxidizing,Objet_09121
Toxic,Objet_13180
Radioactive,Objet_12058
Oxidizing,Objet_24944
Oxidizing,Objet_13656
Fragile,Objet_13960
Flammable,Objet_13532
Flammable,Objet_18835
Explosive,Objet_03886
Flammable,Objet_27473
Toxic,Objet_16631
Oxidizing,Objet_01395
Oxidizing,Objet_00463
Flammable,Objet_10640
Radioactive,Objet_01053
Food,Objet_15949
Explosive,Objet_20694
Toxic,Objet_13289
Pressurized,Objet_25944
Radioactive,Objet_07867
Radioactive,Objet_02976
Pressurized,Objet_18947
Pressurized,Objet_14245
Explosive,Objet_12497
Unspecified,Objet_09281
Radioactive,Objet_15084
Pressurized,Objet_15900
Toxic,Objet_01809
Oxidizing,Objet_14773
Radioactive,Objet_15846
Explosive,Objet_05054
Radioactive,Objet_00607
Explosive,Objet_04822
Unspecified,Objet_14712
Unspecified,Objet_13296
Toxic,Objet_07570
Unspecified,Objet_25580
Corrosive,Objet_15802
Food,Objet_01404
Radioactive,Objet_14834
Flammable,Objet_08534
Pressurized,Objet_14635
Corrosive,Objet_24934
Fragile,Objet_09779
Explosive,Objet_02310
Corrosive,Objet_08070
Unspecified,Objet_15623
Corrosive,Objet_22564
Unspecified,Objet_23376
Explosive,Objet_05071
Food,Objet_14351
Food,Objet_17814
Flammable,Objet_19314
Flammable,Objet_18066
Food,Objet_01170
Toxic,Objet_28904
Radioactive,Objet_22840
Explosive,Objet_07025
Oxidizing,Objet_07464
Flammable,Objet_07223
Unspecified,Objet_19836
Toxic,Objet_16973
Unspecified,Objet_25187
Toxic,Objet_17455
Pressurized,Objet_00319
Unspecified,Objet_10659
Unspecified,Objet_24418
Corrosive,Objet_05147
Radioactive,Objet_04984
Radioactive,Objet_04957
Food,Objet_27736
Explosive,Objet_29206
Pressurized,Objet_05625
Corrosive,Objet_09054
Explosive,Objet_26675
Toxic,Objet_16601
Fragile,Objet_10264
Explosive,Objet_01840
Oxidizing,Objet_04072
Fragile,Objet_20339
Toxic,Objet_20254
Pressurized,Objet_14537
Unspecified,Objet_01653
Flammable,Objet_18433
Oxidizing,Objet_06215
Unspecified,Objet_00991
Explosive,Objet_07973
Food,Objet_18915
Food,Objet_13914
Unspecified,Objet_10563
Oxidizing,Objet_18334
Oxidizing,Objet_28313
Food,Objet_13433
Unspecified,Objet_25637
Toxic,Objet_08097
Food,Objet_07225
Unspecified,Objet_30129
Radioactive,Objet_01968
Food,Objet_02243
Pressurized,Objet_05196
Toxic,Objet_10906
Toxic,Objet_16320
Fragile,Objet_19535
Toxic,Objet_15717
Oxidizing,Objet_07112
Corrosive,Objet_05012
Oxidizing,Objet_28609
Fragile,Objet_15961
Food,Objet_27073
Food,Objet_26041
Food,Objet_17111
Radioactive,Objet_25602
Oxidizing,Objet_13156
Radioactive,Objet_23414
Radioactive,Objet_18624
Unspecified,Objet_23954
Explosive,Objet_03982
Explosive,Objet_20001
Toxic,Objet_26706
Corrosive,Objet_20553
Flammable,Objet_17477
Unspecified,Objet_01456
Flammable,Objet_12356
Radioactive,Objet_28367
Flammable,Objet_21771
Oxidizing,Objet_02403
Pressurized,Objet_14943
Unspecified,Objet_09102
Toxic,Objet_21643
Explosive,Objet_05103
Radioactive,Objet_02641
Fragile,Objet_01813
Corrosive,Objet_16123
Toxic,Objet_19131
Fragile,Objet_14919
Oxidizing,Objet_27893
Explosive,Objet_13683
Pressurized,Objet_20394
Explosive,Objet_05107
Fragile,Objet_13451
Flammable,Objet_25289
Explosive,Objet_28520
Unspecified,Objet_09146
Food,Objet_15154
Fragile,Objet_00886
Pressurized,Objet_16962
Flammable,Objet_01979
Flammable,Objet_27421
Radioactive,Objet_17348
Explosive,Objet_20285
Unspecified,Objet_09244
Corrosive,Objet_27405
Flammable,Objet_07978
Explosive,Objet_02893
Oxidizing,Objet_16322
Flammable,Objet_21124
Flammable,Objet_11134
Pressurized,Objet_16554
Explosive,Objet_03139
Pressurized,Objet_29684
Toxic,Objet_04403
Oxidizing,Objet_17473
Toxic,Objet_10172
Pressurized,Objet_21154
Pressurized,Objet_29712
Fragile,Objet_08063
Explosive,Objet_03867
Fragile,Objet_10667
Oxidizing,Objet_16430
Radioactive,Objet_05754
Fragile,Objet_30087
Toxic,Objet_03986
Radioactive,Objet_24689
Flammable,Objet_06664
Explosive,Objet_17281
Pressurized,Objet_05703
Radioactive,Objet_15336
Oxidizing,Objet_20936
Oxidizing,Objet_26528
Food,Objet_20497
Food,Objet_20528
Food,Objet_24177
Explosive,Objet_01212
Explosive,Objet_24679
Toxic,Objet_09530
Explosive,Objet_12485
Flammable,Objet_10466
Radioactive,Objet_22793
Fragile,Objet_10189
Toxic,Objet_07406
Unspecified,Objet_12580
Explosive,Objet_05742
Flammable,Objet_05587
Unspecified,Objet_09824
Toxic,Objet_03542
Corrosive,Objet_13545
Explosive,Objet_00236
Food,Objet_19846
Toxic,Objet_20665
Flammable,Objet_19337
Unspecified,Objet_19393
Corrosive,Objet_09564
Radioactive,Objet_02329
Corrosive,Objet_13072
Unspecified,Objet_06748
Flammable,Objet_22104
Food,Objet_01852
Explosive,Objet_11115
Food,Objet_23317
Food,Objet_09211
Oxidizing,Objet_01276
Unspecified,Objet_14406
Toxic,Objet_12639
Fragile,Objet_01776
Toxic,Objet_22886
Explosive,Objet_21931
Flammable,Objet_27459
Food,Objet_12931
Pressurized,Objet_26373
Flammable,Objet_00928
Oxidizing,Objet_16844
Explosive,Objet_09377
Food,Objet_10487
Pressurized,Objet_23261
Unspecified,Objet_06198
Toxic,Objet_07356
Corrosive,Objet_15714
Flammable,Objet_15676
Explosive,Objet_20710
Corrosive,Objet_14067
Toxic,Objet_07219
Food,Objet_08928
Corrosive,Objet_07851
Unspecified,Objet_15945
Toxic,Objet_28652
Toxic,Objet_23484
Toxic,Objet_09763
Unspecified,Objet_18676
Unspecified,Objet_03634
Fragile,Objet_20021
Radioactive,Objet_07137
Unspecified,Objet_23489
Explosive,Objet_06519
Radioactive,Objet_00265
Explosive,Objet_13526
Flammable,Objet_18712
Pressurized,Objet_27406
Fragile,Objet_24665
Food,Objet_14597
Flammable,Objet_01058
Radioactive,Objet_21737
Radioactive,Objet_28780
Pressurized,Objet_18253
Toxic,Objet_03622
Radioactive,Objet_24226
Unspecified,Objet_01176
Unspecified,Objet_28710
Oxidizing,Objet_19168
Radioactive,Objet_22992
Toxic,Objet_15811
Food,Objet_24340
Unspecified,Objet_08966
Corrosive,Objet_06765
Toxic,Objet_08336
Explosive,Objet_21860
Corrosive,Objet_17227
Explosive,Objet_15864
Explosive,Objet_25468
Fragile,Objet_19647
Radioactive,Objet_24548
Toxic,Objet_00143
Flammable,Objet_00427
Radioactive,Objet_08052
Flammable,Objet_19033
Flammable,Objet_22228
Toxic,Objet_16476
Fragile,Objet_29146
Explosive,Objet_15445
Pressurized,Objet_07930
Radioactive,Objet_09506
Toxic,Objet_27682
Fragile,Objet_07984
Toxic,Objet_24801
Explosive,Objet_12301
Flammable,Objet_04471
Fragile,Objet_17484
Corrosive,Objet_01262
Radioactive,Objet_11473
Toxic,Objet_05114
Toxic,Objet_06277
Toxic,Objet_15204
Oxidizing,Objet_24510
Pressurized,Objet_27901
Oxidizing,Objet_26126
Oxidizing,Objet_28917
Fragile,Objet_14980
Pressurized,Objet_28086
Explosive,Objet_09320
Pressurized,Objet_17003
Flammable,Objet_10826
Food,Objet_21541
Explosive,Objet_21748
Oxidizing,Objet_21747
Pressurized,Objet_07084
Radioactive,Objet_09045
Flammable,Objet_20797
Radioactive,Objet_19710
Pressurized,Objet_07612
Unspecified,Objet_22963
Toxic,Objet_00957
Fragile,Objet_05563
Oxidizing,Objet_17346
Flammable,Objet_13404
Oxidizing,Objet_17277
Corrosive,Objet_15836
Unspecified,Objet_09599
Flammable,Objet_25105
Oxidizing,Objet_26898
Food,Objet_04852
Explosive,Objet_14253
Oxidizing,Objet_29692
Fragile,Objet_18258
Radioactive,Objet_29256
Unspecified,Objet_12571
Fragile,Objet_16078
Toxic,Objet_17040
Flammable,Objet_11305
Flammable,Objet_10219
Explosive,Objet_24210
Flammable,Objet_27927
Flammable,Objet_19332
Unspecified,Objet_07357
Flammable,Objet_19147
Flammable,Objet_06689
Explosive,Objet_00160
Corrosive,Objet_25416
Explosive,Objet_30059
Toxic,Objet_02738
Corrosive,Objet_18891
Fragile,Objet_07339
Corrosive,Objet_21579
Unspecified,Objet_27118
Oxidizing,Objet_08820
Oxidizing,Objet_19632
Flammable,Objet_19146
Fragile,Objet_16608
Radioactive,Objet_19231
Explosive,Objet_22250
Flammable,Objet_09497
Corrosive,Objet_17461
Pressurized,Objet_18987
Unspecified,Objet_19324
Unspecified,Objet_09484
Corrosive,Objet_29967
Food,Objet_19354
Unspecified,Objet_04989
Pressurized,Objet_26851
Corrosive,Objet_16452
Fragile,Objet_12901
Fragile,Objet_27913
Food,Objet_01959
Oxidizing,Objet_04280
Toxic,Objet_03019
Toxic,Objet_21115
Corrosive,Objet_19234
Fragile,Objet_15563
Radioactive,Objet_29401
Fragile,Objet_04125
Radioactive,Objet_30081
Toxic,Objet_07874
Oxidizing,Objet_22593
Radioactive,Objet_20587
Explosive,Objet_29049
Oxidizing,Objet_21019
Pressurized,Objet_06459
Oxidizing,Objet_12190
Toxic,Objet_08687
Explosive,Objet_12729
Flammable,Objet_16918
Flammable,Objet_07076
Pressurized,Objet_18807
Unspecified,Objet_08623
Pressurized,Objet_01406
Pressurized,Objet_15656
Explosive,Objet_28556
Pressurized,Objet_26280
Flammable,Objet_28058
Toxic,Objet_08307
Flammable,Objet_09509
Toxic,Objet_12564
Food,Objet_13422
Fragile,Objet_16786
Corrosive,Objet_01725
Oxidizing,Objet_12366
Explosive,Objet_06757
Toxic,Objet_22153
Toxic,Objet_07215
Radioactive,Objet_25140
Corrosive,Objet_03228
Explosive,Objet_05011
Pressurized,Objet_15765
Fragile,Objet_24690
Flammable,Objet_11264
Corrosive,Objet_16075
Flammable,Objet_06290
Pressurized,Objet_05111
Unspecified,Objet_22597
Radioactive,Objet_24852
Radioactive,Objet_00863
Radioactive,Objet_27297
Radioactive,Objet_09353
Unspecified,Objet_10314
Oxidizing,Objet_12839
Food,Objet_23922
Corrosive,Objet_18587
Pressurized,Objet_29275
Radioactive,Objet_15651
Flammable,Objet_07461
Corrosive,Objet_05034
Oxidizing,Objet_25483
Fragile,Objet_16626
Flammable,Objet_12624
Unspecified,Objet_14114
Corrosive,Objet_14347
Radioactive,Objet_08861
Explosive,Objet_13357
Oxidizing,Objet_14480
Unspecified,Objet_06947
Food,Objet_10992
Radioactive,Objet_01893
Flammable,Objet_25413
Oxidizing,Objet_10090
Toxic,Objet_16662
Flammable,Objet_06041
Food,Objet_13534
Flammable,Objet_27310
Fragile,Objet_26609
Corrosive,Objet_13132
Pressurized,Objet_23740
Unspecified,Objet_06114
Food,Objet_25245
Unspecified,Objet_25098
Food,Objet_09397
Fragile,Objet_16779
Unspecified,Objet_21274
Radioactive,Objet_15118
Food,Objet_10221
Food,Objet_08130
Toxic,Objet_15486
Corrosive,Objet_23808
Corrosive,Objet_29374
Corrosive,Objet_08821
Explosive,Objet_01225
Unspecified,Objet_13638
Corrosive,Objet_08752
Explosive,Objet_18319
Explosive,Objet_15831
Radioactive,Objet_19954
Food,Objet_22252
Explosive,Objet_19112
Oxidizing,Objet_26211
Toxic,Objet_25388
Flammable,Objet_27334
Explosive,Objet_10995
Radioactive,Objet_17565
Explosive,Objet_00164
Pressurized,Objet_04686
Oxidizing,Objet_01563
Explosive,Objet_12263
Flammable,Objet_08503
Unspecified,Objet_00462
Explosive,Objet_28994
Unspecified,Objet_03346
Pressurized,Objet_13670
Flammable,Objet_19256
Flammable,Objet_01191
Radioactive,Objet_25421
Food,Objet_12133
Toxic,Objet_29110
Unspecified,Objet_26510
Oxidizing,Objet_23971
Oxidizing,Objet_15262
Corrosive,Objet_03859
Toxic,Objet_12120
Flammable,Objet_06310
Food,Objet_21329
Explosive,Objet_14467
Radioactive,Objet_10931
Toxic,Objet_28394
Corrosive,Objet_07872
Food,Objet_27428
Explosive,Objet_27245
Fragile,Objet_20641
Pressurized,Objet_19027
Explosive,Objet_06256
Unspecified,Objet_02664
Flammable,Objet_07792
Radioactive,Objet_20566
Toxic,Objet_28377
Radioactive,Objet_29887
Fragile,Objet_13512
Radioactive,Objet_15543
Fragile,Objet_13142
Pressurized,Objet_19056
Corrosive,Objet_08442
Unspecified,Objet_09436
Explosive,Objet_01481
Toxic,Objet_03670
Food,Objet_21869
Corrosive,Objet_21605
Food,Objet_07349
Fragile,Objet_07092
Flammable,Objet_02967
Radioactive,Objet_00376
Pressurized,Objet_03760
Food,Objet_07748
Toxic,Objet_03096
Toxic,Objet_20859
Fragile,Objet_25851
Corrosive,Objet_25126
Radioactive,Objet_22251
Flammable,Objet_01399
Food,Objet_18146
Explosive,Objet_03899
Oxidizing,Objet_25777
Food,Objet_05469
Flammable,Objet_21117
Oxidizing,Objet_19716
Oxidizing,Objet_07950
Unspecified,Objet_04444
Pressurized,Objet_06521
Oxidizing,Objet_21482
Pressurized,Objet_17631
Unspecified,Objet_26440
Flammable,Objet_12551
Fragile,Objet_15293
Explosive,Objet_05364
Pressurized,Objet_01178
Fragile,Objet_16236
Fragile,Objet_25878
Oxidizing,Objet_13756
Fragile,Objet_15996
Fragile,Objet_20821
Flammable,Objet_27775
Pressurized,Objet_24899
Unspecified,Objet_15537
Toxic,Objet_01171
Pressurized,Objet_13800
Explosive,Objet_14373
Oxidizing,Objet_17093
Pressurized,Objet_03603
Toxic,Objet_23476
Corrosive,Objet_05946
Oxidizing,Objet_01360
Flammable,Objet_14220
Flammable,Objet_25896
Unspecified,Objet_00045
Corrosive,Objet_07180
Unspecified,Objet_12389
Flammable,Objet_20671
Explosive,Objet_06518
Explosive,Objet_17759
Corrosive,Objet_08083
Corrosive,Objet_13761
Flammable,Objet_04633
Food,Objet_19920
Radioactive,Objet_03152
Flammable,Objet_20276
Radioactive,Objet_24423
Pressurized,Objet_01259
Flammable,Objet_28273
Oxidizing,Objet_26680
Fragile,Objet_11833
Flammable,Objet_16470
Explosive,Objet_11552
Flammable,Objet_25214
Unspecified,Objet_12300
Radioactive,Objet_30019
Toxic,Objet_04256
Explosive,Objet_28288
Corrosive,Objet_07523
Toxic,Objet_22011
Food,Objet_28505
Unspecified,Objet_23998
Unspecified,Objet_17573
Flammable,Objet_26190
Food,Objet_07048
Unspecified,Objet_14514
Toxic,Objet_11555
Unspecified,Objet_17491
Corrosive,Objet_10026
Radioactive,Objet_29314
Unspecified,Objet_16943
Radioactive,Objet_10642
Flammable,Objet_15159
Unspecified,Objet_08570
Radioactive,Objet_04430
Flammable,Objet_12751
Corrosive,Objet_04046
Unspecified,Objet_29809
Corrosive,Objet_21832
Pressurized,Objet_21980
Corrosive,Objet_13869
Toxic,Objet_10213
Flammable,Objet_05065
Unspecified,Objet_08157
Fragile,Objet_15229
Explosive,Objet_18073
Toxic,Objet_25290
Fragile,Objet_12459
Pressurized,Objet_02249
Pressurized,Objet_23448
Flammable,Objet_05397
Corrosive,Objet_21299
Pressurized,Objet_06042
Corrosive,Objet_08167
Pressurized,Objet_13865
Oxidizing,Objet_07648
Oxidizing,Objet_17325
Radioactive,Objet_17487
Food,Objet_00966
Oxidizing,Objet_05915
Pressurized,Objet_03835
Flammable,Objet_24237
Oxidizing,Objet_27876
Oxidizing,Objet_11288
Pressurized,Objet_25139
Food,Objet_14675
Explosive,Objet_24754
Toxic,Objet_18275
Fragile,Objet_23339
Pressurized,Objet_04439
Fragile,Objet_22862
Fragile,Objet_25729
Flammable,Objet_11213
Explosive,Objet_18074
Toxic,Objet_23586
Explosive,Objet_14172
Unspecified,Objet_09937
Pressurized,Objet_02857
Pressurized,Objet_28073
Toxic,Objet_00833
Fragile,Objet_04121
Unspecified,Objet_28381
Unspecified,Objet_27323
Food,Objet_20179
Toxic,Objet_00746
Corrosive,Objet_15819
Corrosive,Objet_14727
Fragile,Objet_02371
Explosive,Objet_22973
Food,Objet_10055
Pressurized,Objet_12237
Corrosive,Objet_23380
Flammable,Objet_16193
Corrosive,Objet_18860
Oxidizing,Objet_27923
Pressurized,Objet_11182
Fragile,Objet_08199
Fragile,Objet_27599
Oxidizing,Objet_21529
Flammable,Objet_02597
Oxidizing,Objet_09400
Oxidizing,Objet_09873
Oxidizing,Objet_12876
Toxic,Objet_04335
Fragile,Objet_01234
Toxic,Objet_19505
Unspecified,Objet_16713
Fragile,Objet_18290
Oxidizing,Objet_00903
Pressurized,Objet_22417
Unspecified,Objet_08769
Food,Objet_26729
Toxic,Objet_04648
Food,Objet_18331
Pressurized,Objet_04662
Pressurized,Objet_26858
Corrosive,Objet_15609
Food,Objet_02061
Toxic,Objet_24346
Fragile,Objet_06921
Corrosive,Objet_12812
Food,Objet_14035
Fragile,Objet_09449
Fragile,Objet_06668
Toxic,Objet_27189
Oxidizing,Objet_16988
Oxidizing,Objet_12656
Food,Objet_28921
Explosive,Objet_25003
Toxic,Objet_22311
Pressurized,Objet_29776
Radioactive,Objet_03270
Explosive,Objet_17433
Explosive,Objet_12694
Toxic,Objet_26783
Pressurized,Objet_12102
Toxic,Objet_30038
Radioactive,Objet_21659
Explosive,Objet_16139
Fragile,Objet_29046
Toxic,Objet_18343
Corrosive,Objet_05968
Pressurized,Objet_26132
Fragile,Objet_18139
Unspecified,Objet_23920
Toxic,Objet_22450
Fragile,Objet_00650
Fragile,Objet_05840
Flammable,Objet_18001
Flammable,Objet_29070
Explosive,Objet_05718
Oxidizing,Objet_18493
Flammable,Objet_20305
Unspecified,Objet_19640
Pressurized,Objet_23744
Oxidizing,Objet_05281
Fragile,Objet_08930
Pressurized,Objet_14346
Oxidizing,Objet_17667
Unspecified,Objet_13666
Toxic,Objet_08291
Toxic,Objet_22938
Flammable,Objet_29948
Unspecified,Objet_15034
Food,Objet_11318
Radioactive,Objet_13680
Explosive,Objet_28149
Oxidizing,Objet_21228
Explosive,Objet_24838
Corrosive,Objet_10383
Corrosive,Objet_21169
Radioactive,Objet_02940
Corrosive,Objet_03074
Corrosive,Objet_22702
Flammable,Objet_15337
Corrosive,Objet_24865
Oxidizing,Objet_16220
Fragile,Objet_19098
Toxic,Objet_27483
Corrosive,Objet_28503
Explosive,Objet_27058
Radioactive,Objet_03162
Corrosive,Objet_03366
Toxic,Objet_15339
Unspecified,Objet_04856
Pressurized,Objet_04366
Radioactive,Objet_12422
Pressurized,Objet_09859
Explosive,Objet_04181
Flammable,Objet_23588
Explosive,Objet_26239
Corrosive,Objet_19284
Fragile,Objet_15625
Toxic,Objet_06477
Corrosive,Objet_27053
Corrosive,Objet_14408
Pressurized,Objet_24840
Radioactive,Objet_12097
Oxidizing,Objet_26859
Explosive,Objet_18997
Unspecified,Objet_27294
Radioactive,Objet_16389
Pressurized,Objet_19379
Explosive,Objet_27670
Pressurized,Objet_06590
Explosive,Objet_08867
Flammable,Objet_19850
Flammable,Objet_06654
Flammable,Objet_02374
Pressurized,Objet_01184
Unspecified,Objet_16869
Food,Objet_14711
Corrosive,Objet_26424
Explosive,Objet_15131
Oxidizing,Objet_06592
Corrosive,Objet_08326
Fragile,Objet_17276
Radioactive,Objet_14237
Oxidizing,Objet_04941
Flammable,Objet_21110
Pressurized,Objet_01685
Pressurized,Objet_17286
Toxic,Objet_08485
Radioactive,Objet_09492
Flammable,Objet_28843
Toxic,Objet_12990
Fragile,Objet_15611
Explosive,Objet_24311
Corrosive,Objet_14587
Pressurized,Objet_23391
Food,Objet_25432
Oxidizing,Objet_24591
Flammable,Objet_16992
Toxic,Objet_23511
Unspecified,Objet_26579
Corrosive,Objet_21577
Corrosive,Objet_05567
Oxidizing,Objet_01726
Explosive,Objet_13370
Food,Objet_23212
Unspecified,Objet_23466
Fragile,Objet_20323
Toxic,Objet_03846
Radioactive,Objet_14211
Explosive,Objet_10857
Pressurized,Objet_25265
Fragile,Objet_10091
Radioactive,Objet_27735
Food,Objet_14528
Radioactive,Objet_16516
Flammable,Objet_20654
Food,Objet_11246
Corrosive,Objet_21109
Food,Objet_10908
Fragile,Objet_06943
Flammable,Objet_06825
Flammable,Objet_11536
Explosive,Objet_24604
Toxic,Objet_26051
Pressurized,Objet_24666
Radioactive,Objet_08918
Explosive,Objet_07990
Pressurized,Objet_02640
Radioactive,Objet_20986
Explosive,Objet_21762
Flammable,Objet_05148
Pressurized,Objet_10584
Toxic,Objet_12151
Food,Objet_15274
Unspecified,Objet_06398
Corrosive,Objet_06156
Food,Objet_09815
Corrosive,Objet_03342
Oxidizing,Objet_20335
Oxidizing,Objet_10272
Fragile,Objet_06679
Corrosive,Objet_17664
Pressurized,Objet_06631
Pressurized,Objet_20709
Pressurized,Objet_09886
Oxidizing,Objet_25222
Toxic,Objet_21678
Food,Objet_05140
Flammable,Objet_24258
Pressurized,Objet_19879
Food,Objet_28997
Radioactive,Objet_11001
Oxidizing,Objet_09455
Flammable,Objet_21113
Explosive,Objet_23834
Food,Objet_20099
Pressurized,Objet_01843
Unspecified,Objet_17453
Toxic,Objet_14580
Fragile,Objet_23903
Food,Objet_08331
Flammable,Objet_06738
Unspecified,Objet_02493
Corrosive,Objet_10454
Corrosive,Objet_18264
Corrosive,Objet_26189
Flammable,Objet_12446
Pressurized,Objet_05558
Toxic,Objet_28052
Food,Objet_04174
Corrosive,Objet_25843
Toxic,Objet_01114
Unspecified,Objet_05675
Radioactive,Objet_26430
Flammable,Objet_15870
Fragile,Objet_19670
Radioactive,Objet_15710
Food,Objet_12288
Pressurized,Objet_16299
Pressurized,Objet_08537
Toxic,Objet_08489
Toxic,Objet_02602
Pressurized,Objet_11216
Flammable,Objet_29591
Fragile,Objet_09184
Fragile,Objet_07064
Corrosive,Objet_01657
Flammable,Objet_21629
Toxic,Objet_09466
Food,Objet_07401
Corrosive,Objet_03848
Flammable,Objet_10581
Pressurized,Objet_13940
Radioactive,Objet_02094
Toxic,Objet_28840
Toxic,Objet_06391
Flammable,Objet_28811
Oxidizing,Objet_28815
Fragile,Objet_13276
Unspecified,Objet_07397
Fragile,Objet_06873
Oxidizing,Objet_18661
Oxidizing,Objet_09236
Food,Objet_12028
Pressurized,Objet_01915
Fragile,Objet_01214
Flammable,Objet_09323
Food,Objet_21571
Food,Objet_28160
Food,Objet_10699
Pressurized,Objet_04127
Pressurized,Objet_25263
Unspecified,Objet_12307
Pressurized,Objet_08240
Unspecified,Objet_03252
Pressurized,Objet_17381
Flammable,Objet_06987
Radioactive,Objet_24477
Flammable,Objet_25010
Flammable,Objet_24965
Pressurized,Objet_09021
Toxic,Objet_24230
Food,Objet_01315
Oxidizing,Objet_08627
Fragile,Objet_05782
Food,Objet_03707
Fragile,Objet_17358
Flammable,Objet_07075
Flammable,Objet_09899
Unspecified,Objet_07525
Fragile,Objet_29441
Oxidizing,Objet_21322
Radioactive,Objet_01316
Corrosive,Objet_06852
Pressurized,Objet_11416
Pressurized,Objet_07135
Unspecified,Objet_22743
Oxidizing,Objet_00778
Oxidizing,Objet_24578
Explosive,Objet_01344
Pressurized,Objet_01999
Flammable,Objet_12946
Radioactive,Objet_07312
Corrosive,Objet_08745
Oxidizing,Objet_25089
Radioactive,Objet_09582
Toxic,Objet_27366
Flammable,Objet_14786
Toxic,Objet_13244
Explosive,Objet_20375
Oxidizing,Objet_15926
Radioactive,Objet_17440
Explosive,Objet_28015
Explosive,Objet_07259
Oxidizing,Objet_07657
Pressurized,Objet_16805
Fragile,Objet_16000
Flammable,Objet_29879
Flammable,Objet_13170
Oxidizing,Objet_16821
Explosive,Objet_06244
Pressurized,Objet_16503
Flammable,Objet_24550
Toxic,Objet_04036
Fragile,Objet_02816
Explosive,Objet_11524
Toxic,Objet_08986
Radioactive,Objet_00135
Food,Objet_06088
Corrosive,Objet_27337
Pressurized,Objet_23635
Radioactive,Objet_25792
Fragile,Objet_27768
Flammable,Objet_16101
Toxic,Objet_15616
Explosive,Objet_09537
Fragile,Objet_23778
Oxidizing,Objet_23015
Explosive,Objet_29133
Pressurized,Objet_14847
Pressurized,Objet_09747
Unspecified,Objet_00131
Flammable,Objet_01868
Explosive,Objet_02189
Oxidizing,Objet_00270
Flammable,Objet_26912
Pressurized,Objet_22419
Toxic,Objet_05643
Oxidizing,Objet_24323
Fragile,Objet_08952
Corrosive,Objet_12423
Food,Objet_02018
Flammable,Objet_19072
Pressurized,Objet_24024
Explosive,Objet_06661
Fragile,Objet_06958
Oxidizing,Objet_07710
Food,Objet_26966
Flammable,Objet_10341
Pressurized,Objet_02541
Pressurized,Objet_19258
Food,Objet_05696
Unspecified,Objet_14362
Flammable,Objet_26980
Toxic,Objet_03492
Oxidizing,Objet_29458
Fragile,Objet_28639
Pressurized,Objet_22538
Oxidizing,Objet_05356
Flammable,Objet_17120
Radioactive,Objet_02023
Toxic,Objet_23498
Radioactive,Objet_26431
Pressurized,Objet_08802
Unspecified,Objet_27215
Food,Objet_28624
Toxic,Objet_12800
Unspecified,Objet_25604
Unspecified,Objet_03164
Explosive,Objet_27947
Food,Objet_06538
Oxidizing,Objet_05264
Fragile,Objet_22406
Explosive,Objet_25317
Oxidizing,Objet_10286
Toxic,Objet_24788
Explosive,Objet_25332
Food,Objet_16455
Radioactive,Objet_25857
Oxidizing,Objet_07878
Toxic,Objet_04411
Fragile,Objet_19184
Pressurized,Objet_20486
Flammable,Objet_17862
Corrosive,Objet_14190
Food,Objet_18758
Corrosive,Objet_01018
Flammable,Objet_11505
Unspecified,Objet_08399
Corrosive,Objet_28743
Corrosive,Objet_15501
Pressurized,Objet_26655
Corrosive,Objet_24789
Fragile,Objet_21698
Unspecified,Objet_27413
Toxic,Objet_25235
Unspecified,Objet_15351
Flammable,Objet_24076
Fragile,Objet_25779
Radioactive,Objet_15941
Toxic,Objet_05837
Radioactive,Objet_12191
Unspecified,Objet_01687
Corrosive,Objet_02192
Radioactive,Objet_04603
Explosive,Objet_19325
Pressurized,Objet_15167
Fragile,Objet_13987
Explosive,Objet_00917
Fragile,Objet_25828
Flammable,Objet_05579
Fragile,Objet_22556
Toxic,Objet_25414
Fragile,Objet_11582
Unspecified,Objet_22566
Fragile,Objet_10051
Corrosive,Objet_23987
Pressurized,Objet_05926
Radioactive,Objet_21741
Flammable,Objet_14204
Unspecified,Objet_16160
Pressurized,Objet_12745
Flammable,Objet_05392
Food,Objet_04133
Pressurized,Objet_29341
Unspecified,Objet_29325
Food,Objet_11591
Unspecified,Objet_12381
Unspecified,Objet_01379
Pressurized,Objet_19939
Oxidizing,Objet_11880
Radioactive,Objet_29031
Food,Objet_26426
Corrosive,Objet_11042
Flammable,Objet_15290
Oxidizing,Objet_22198
Food,Objet_13383
Toxic,Objet_08321
Oxidizing,Objet_26522
Fragile,Objet_17877
Explosive,Objet_00400
Explosive,Objet_11800
Flammable,Objet_00398
Toxic,Objet_11785
Fragile,Objet_02261
Pressurized,Objet_11877
Explosive,Objet_27268
Toxic,Objet_22029
Oxidizing,Objet_06815
Radioactive,Objet_21256
Radioactive,Objet_19363
Oxidizing,Objet_25995
Radioactive,Objet_12170
Fragile,Objet_10980
Toxic,Objet_16728
Fragile,Objet_06939
Fragile,Objet_18104
Unspecified,Objet_05018
Explosive,Objet_06225
Flammable,Objet_29123
Pressurized,Objet_16217
Flammable,Objet_27128
Pressurized,Objet_02302
Toxic,Objet_06006
Pressurized,Objet_00302
Flammable,Objet_00834
Flammable,Objet_22496
Flammable,Objet_26223
Radioactive,Objet_09613
Corrosive,Objet_04858
Radioactive,Objet_09831
Fragile,Objet_25363
Explosive,Objet_24466
Explosive,Objet_15865
Unspecified,Objet_19345
Flammable,Objet_07941
Corrosive,Objet_21883
Explosive,Objet_27752
Unspecified,Objet_14640
Oxidizing,Objet_27591
Food,Objet_01205
Food,Objet_00191
Explosive,Objet_25808
Radioactive,Objet_01961
Fragile,Objet_04027
Unspecified,Objet_28281
Oxidizing,Objet_08943
Unspecified,Objet_02710
Pressurized,Objet_01697
Food,Objet_16572
Corrosive,Objet_01772
Corrosive,Objet_14646
Flammable,Objet_08270
Explosive,Objet_24737
Unspecified,Objet_26171
Unspecified,Objet_16013
Explosive,Objet_00558
Flammable,Objet_01499
Toxic,Objet_12312
Flammable,Objet_03733
Pressurized,Objet_22229
Radioactive,Objet_10139
Radioactive,Objet_23824
Food,Objet_08329
Food,Objet_25747
Food,Objet_17741
Fragile,Objet_27656
Toxic,Objet_09286
Pressurized,Objet_06463
Fragile,Objet_21372
Flammable,Objet_19414
Radioactive,Objet_14678
Radioactive,Objet_22573
Toxic,Objet_13419
Pressurized,Objet_12002
Flammable,Objet_10502
Unspecified,Objet_06096
Oxidizing,Objet_14715
Toxic,Objet_08823
Unspecified,Objet_19226
Toxic,Objet_09952
Radioactive,Objet_28466
Pressurized,Objet_19840
Food,Objet_07143
Radioactive,Objet_06444
Unspecified,Objet_16005
Corrosive,Objet_24421
Toxic,Objet_05300
Radioactive,Objet_07496
Oxidizing,Objet_00562
Food,Objet_22623
Radioactive,Objet_00633
Flammable,Objet_00409
Food,Objet_12697
Corrosive,Objet_27931
Fragile,Objet_03734
Radioactive,Objet_20436
Fragile,Objet_13681
Fragile,Objet_23372
Flammable,Objet_25978
Explosive,Objet_20959
Pressurized,Objet_09036
Unspecified,Objet_19875
Explosive,Objet_23787
Food,Objet_28781
Unspecified,Objet_19071
Explosive,Objet_13359
Unspecified,Objet_08004
Radioactive,Objet_15315
Explosive,Objet_23657
Toxic,Objet_18414
Fragile,Objet_11126
Flammable,Objet_01227
Flammable,Objet_25180
Oxidizing,Objet_24354
Oxidizing,Objet_02934
Food,Objet_08828
Pressurized,Objet_16851
Explosive,Objet_18117
Flammable,Objet_00578
Fragile,Objet_19051
Food,Objet_17500
Corrosive,Objet_01039
Flammable,Objet_11885
Explosive,Objet_15047
Pressurized,Objet_01949
Explosive,Objet_21556
Explosive,Objet_25657
Corrosive,Objet_03708
Fragile,Objet_18460
Corrosive,Objet_14133
Explosive,Objet_02321
Toxic,Objet_26326
Flammable,Objet_26278
Toxic,Objet_21174
Flammable,Objet_13605
Unspecified,Objet_21996
Fragile,Objet_14052
Fragile,Objet_18351
Pressurized,Objet_10966
Flammable,Objet_23251
Food,Objet_14313
Toxic,Objet_24316
Fragile,Objet_11219
Toxic,Objet_07224
Food,Objet_04003
Toxic,Objet_23905
Unspecified,Objet_16558
Oxidizing,Objet_04946
Food,Objet_16181
Pressurized,Objet_08734
Corrosive,Objet_21069
Unspecified,Objet_12980
Radioactive,Objet_18199
Radioactive,Objet_03379
Explosive,Objet_06488
Toxic,Objet_20924
Toxic,Objet_13626
Pressurized,Objet_10464
Food,Objet_21554
Unspecified,Objet_28292
Unspecified,Objet_24136
Toxic,Objet_28646
Radioactive,Objet_25835
Fragile,Objet_29874
Food,Objet_23729
Unspecified,Objet_28115
Radioactive,Objet_18519
Corrosive,Objet_06421
Oxidizing,Objet_23436
Corrosive,Objet_03354
Oxidizing,Objet_19186
Food,Objet_13076
Oxidizing,Objet_25324
Toxic,Objet_01668
Pressurized,Objet_26478
Fragile,Objet_17238
Radioactive,Objet_11786
Fragile,Objet_03536
Food,Objet_23089
Food,Objet_29955
Unspecified,Objet_21315
Flammable,Objet_03500
Pressurized,Objet_04298
Oxidizing,Objet_19564
Corrosive,Objet_18723
Unspecified,Objet_04264
Oxidizing,Objet_19774
Corrosive,Objet_12613
Oxidizing,Objet_28982
Unspecified,Objet_06132
Explosive,Objet_04249
Flammable,Objet_29238
Explosive,Objet_24043
Toxic,Objet_04557
Flammable,Objet_18085
Oxidizing,Objet_23639
Flammable,Objet_06761
Toxic,Objet_22665
Explosive,Objet_20468
Explosive,Objet_19062
Unspecified,Objet_28717
Pressurized,Objet_28214
Toxic,Objet_00035
Explosive,Objet_17582
Pressurized,Objet_15905
Oxidizing,Objet_19239
Corrosive,Objet_27976
Flammable,Objet_12207
Toxic,Objet_01179
Pressurized,Objet_13580
Unspecified,Objet_19735
Food,Objet_28674
Radioactive,Objet_11637
Toxic,Objet_19257
Flammable,Objet_28494
Food,Objet_07596
Unspecified,Objet_21346
Pressurized,Objet_27982
Radioactive,Objet_20896
Corrosive,Objet_11076
Pressurized,Objet_22156
Pressurized,Objet_15381
Food,Objet_22102
Fragile,Objet_09445
Corrosive,Objet_27523
Explosive,Objet_26494
Food,Objet_29297
Toxic,Objet_17601
Toxic,Objet_20224
Oxidizing,Objet_26651
Oxidizing,Objet_04716
Radioactive,Objet_24181
Pressurized,Objet_10203
Food,Objet_10714
Food,Objet_07033
Explosive,Objet_12376
Radioactive,Objet_26945
Unspecified,Objet_12413
Food,Objet_16039
Explosive,Objet_11064
Toxic,Objet_28949
Food,Objet_14709
Fragile,Objet_00051
Pressurized,Objet_15554
Food,Objet_04942
Fragile,Objet_02346
Unspecified,Objet_27146
Food,Objet_10056
Corrosive,Objet_00295
Radioactive,Objet_22865
Toxic,Objet_24612
Radioactive,Objet_02333
Corrosive,Objet_16537
Corrosive,Objet_11852
Toxic,Objet_06931
Pressurized,Objet_12702
Fragile,Objet_23985
Toxic,Objet_13344
Corrosive,Objet_12710
Oxidizing,Objet_08278
Unspecified,Objet_00888
Toxic,Objet_28847
Unspecified,Objet_18024
Flammable,Objet_18209
Food,Objet_26014
Corrosive,Objet_27423
Flammable,Objet_16550
Toxic,Objet_00893
Toxic,Objet_06372
Oxidizing,Objet_13508
Toxic,Objet_01621
Explosive,Objet_25912
Flammable,Objet_14639
Toxic,Objet_29433
Pressurized,Objet_00742
Pressurized,Objet_24911
Food,Objet_07670
Fragile,Objet_14007
Oxidizing,Objet_20621
Explosive,Objet_20637
Pressurized,Objet_07116
Fragile,Objet_29752
Fragile,Objet_24176
Fragile,Objet_19776
Fragile,Objet_02488
Pressurized,Objet_23290
Radioactive,Objet_26154
Unspecified,Objet_10207
Radioactive,Objet_25542
Food,Objet_29208
Fragile,Objet_07685
Fragile,Objet_03362
Oxidizing,Objet_03677
Pressurized,Objet_01886
Flammable,Objet_03337
Radioactive,Objet_15516
Radioactive,Objet_05914
Food,Objet_04695
Explosive,Objet_13935
Pressurized,Objet_05994
Flammable,Objet_13111
Explosive,Objet_21279
Corrosive,Objet_13729
Unspecified,Objet_06035
Flammable,Objet_23501
Unspecified,Objet_05253
Explosive,Objet_13119
Fragile,Objet_04339
Food,Objet_29063
Explosive,Objet_26649
Explosive,Objet_28607
Corrosive,Objet_15525
Flammable,Objet_00632
Toxic,Objet_20495
Oxidizing,Objet_29148
Pressurized,Objet_07923
Oxidizing,Objet_00869
Explosive,Objet_25385
Pressurized,Objet_27702
Unspecified,Objet_08264
Radioactive,Objet_07823
Corrosive,Objet_28465
Pressurized,Objet_12244
Radioactive,Objet_17285
Toxic,Objet_13479
Toxic,Objet_27355
Oxidizing,Objet_23326
Unspecified,Objet_28270
Flammable,Objet_08847
Flammable,Objet_04936
Explosive,Objet_07666
Pressurized,Objet_15434
Radioactive,Objet_08249
Unspecified,Objet_04978
Oxidizing,Objet_05550
Food,Objet_26947
Pressurized,Objet_02338
Unspecified,Objet_02665
Toxic,Objet_16529
Toxic,Objet_23666
Radioactive,Objet_00056
Explosive,Objet_09356
Food,Objet_20039
Radioactive,Objet_27361
Radioactive,Objet_17241
Explosive,Objet_21572
Unspecified,Objet_01186
Food,Objet_13945
Oxidizing,Objet_14557
Corrosive,Objet_07785
Corrosive,Objet_24130
Corrosive,Objet_13989
Radioactive,Objet_09656
Unspecified,Objet_10962
Unspecified,Objet_16989
Toxic,Objet_00208
Toxic,Objet_08234
Flammable,Objet_13317
Corrosive,Objet_27900
Unspecified,Objet_01028
Oxidizing,Objet_03883
Unspecified,Objet_25004
Unspecified,Objet_19791
Oxidizing,Objet_04706
Oxidizing,Objet_11562
Food,Objet_14829
Flammable,Objet_11566
Toxic,Objet_04351
Flammable,Objet_05849
Oxidizing,Objet_01433
Radioactive,Objet_07450
Food,Objet_14699
Fragile,Objet_27719
Corrosive,Objet_09598
Fragile,Objet_01004
Toxic,Objet_08474
Corrosive,Objet_01554
Explosive,Objet_07842
Oxidizing,Objet_23044
Toxic,Objet_22631
Corrosive,Objet_29437
Oxidizing,Objet_27836
Oxidizing,Objet_21738
Food,Objet_03927
Flammable,Objet_19773
Flammable,Objet_27688
Food,Objet_13908
Unspecified,Objet_28140
Oxidizing,Objet_16553
Fragile,Objet_17057
Toxic,Objet_19961
Radioactive,Objet_25209
Unspecified,Objet_04149
Fragile,Objet_18934
Food,Objet_01376
Unspecified,Objet_15839
Oxidizing,Objet_07316
Corrosive,Objet_22356
Unspecified,Objet_02155
Fragile,Objet_25899
Fragile,Objet_11304
Flammable,Objet_27404
Toxic,Objet_07252
Toxic,Objet_24691
Fragile,Objet_16911
Flammable,Objet_13089
Flammable,Objet_17041
Radioactive,Objet_18179
Corrosive,Objet_12888
Food,Objet_19439
Corrosive,Objet_24367
Food,Objet_17496
Explosive,Objet_26514
Explosive,Objet_10062
Explosive,Objet_28689
Oxidizing,Objet_02349
Flammable,Objet_27744
Flammable,Objet_30146
Fragile,Objet_13851
Unspecified,Objet_22632
Corrosive,Objet_23796
Fragile,Objet_05695
Toxic,Objet_27429
Toxic,Objet_07407
Fragile,Objet_10406
Corrosive,Objet_00549
Food,Objet_03788
Food,Objet_10830
Food,Objet_12999
Unspecified,Objet_24333
Explosive,Objet_12023
Oxidizing,Objet_17854
Radioactive,Objet_25514
Corrosive,Objet_29385
Corrosive,Objet_19355
Food,Objet_17692
Oxidizing,Objet_13194
Toxic,Objet_12040
Corrosive,Objet_29353
Food,Objet_15653
Toxic,Objet_12612
Radioactive,Objet_12920
Oxidizing,Objet_24259
Toxic,Objet_04597
Radioactive,Objet_06031
Toxic,Objet_28970
Radioactive,Objet_06178
Fragile,Objet_15960
Toxic,Objet_06019
Corrosive,Objet_07682
Explosive,Objet_23115
Corrosive,Objet_00226
Food,Objet_04850
Radioactive,Objet_26437
Oxidizing,Objet_03334
Fragile,Objet_27119
Unspecified,Objet_17722
Unspecified,Objet_09781
Toxic,Objet_06613
Fragile,Objet_01850
Pressurized,Objet_24819
Unspecified,Objet_10151
Corrosive,Objet_24587
Flammable,Objet_15600
Fragile,Objet_13109
Food,Objet_24705
Unspecified,Objet_02383
Flammable,Objet_07715
Toxic,Objet_09536
Food,Objet_14160
Unspecified,Objet_05014
Radioactive,Objet_15588
Radioactive,Objet_10257
Oxidizing,Objet_25819
Oxidizing,Objet_26347
Food,Objet_29622
Fragile,Objet_23189
Corrosive,Objet_01261
Corrosive,Objet_26140
Unspecified,Objet_05125
Explosive,Objet_10063
Radioactive,Objet_22663
Radioactive,Objet_30088
Toxic,Objet_04789
Explosive,Objet_19566
Unspecified,Objet_23036
Explosive,Objet_17506
Explosive,Objet_04301
Pressurized,Objet_14320
Explosive,Objet_06190
Explosive,Objet_04835
Flammable,Objet_15762
Pressurized,Objet_01989
Unspecified,Objet_09010
Corrosive,Objet_26340
Radioactive,Objet_14808
Explosive,Objet_05423
Toxic,Objet_28195
Explosive,Objet_19213
Radioactive,Objet_22578
Unspecified,Objet_02859
Corrosive,Objet_09044
Unspecified,Objet_05320
Corrosive,Objet_18902
Food,Objet_21528
Oxidizing,Objet_02123
Oxidizing,Objet_06506
Corrosive,Objet_00690
Toxic,Objet_22376
Flammable,Objet_14501
Food,Objet_19498
Toxic,Objet_30014
Unspecified,Objet_27990
Corrosive,Objet_02802
Food,Objet_26949
Flammable,Objet_21396
Food,Objet_05890
Unspecified,Objet_25680
Radioactive,Objet_07764
Fragile,Objet_03731
Corrosive,Objet_03608
Radioactive,Objet_11713
Pressurized,Objet_10875
Toxic,Objet_10728
Flammable,Objet_28546
Pressurized,Objet_18628
Flammable,Objet_19157
Food,Objet_18532
Corrosive,Objet_28770
Unspecified,Objet_18127
Food,Objet_00358
Fragile,Objet_04218
Fragile,Objet_00716
Pressurized,Objet_16734
Flammable,Objet_18705
Food,Objet_03204
Pressurized,Objet_00861
Fragile,Objet_14631
Radioactive,Objet_09354
Fragile,Objet_07000
Fragile,Objet_10998
Toxic,Objet_15715
Radioactive,Objet_06489
Food,Objet_22964
Unspecified,Objet_12659
Radioactive,Objet_23897
Explosive,Objet_19858
Corrosive,Objet_05921
Explosive,Objet_13936
Explosive,Objet_26274
Oxidizing,Objet_16612
Toxic,Objet_24503
Flammable,Objet_06460
Flammable,Objet_04807
Food,Objet_25232
Oxidizing,Objet_03969
Pressurized,Objet_23760
Explosive,Objet_22920
Fragile,Objet_24033
Corrosive,Objet_11571
Toxic,Objet_29757
Flammable,Objet_03317
Fragile,Objet_14961
Oxidizing,Objet_10726
Corrosive,Objet_20910
Radioactive,Objet_17842
Food,Objet_09630
Oxidizing,Objet_08896
Fragile,Objet_20012
Flammable,Objet_25088
Pressurized,Objet_28850
Fragile,Objet_14967
Corrosive,Objet_27458
Toxic,Objet_28257
Explosive,Objet_10979
Flammable,Objet_23472
Explosive,Objet_26064
Oxidizing,Objet_01336
Fragile,Objet_19835
Toxic,Objet_15732
Food,Objet_05620
Oxidizing,Objet_26890
Corrosive,Objet_03291
Flammable,Objet_04050
Corrosive,Objet_28986
Flammable,Objet_28965
Unspecified,Objet_13973
Toxic,Objet_16254
Flammable,Objet_08984
Unspecified,Objet_24133
Explosive,Objet_13379
Unspecified,Objet_28089
Unspecified,Objet_07291
Explosive,Objet_07190
Fragile,Objet_02585
Radioactive,Objet_17979
Oxidizing,Objet_23158
Pressurized,Objet_00785
Unspecified,Objet_18770
Corrosive,Objet_19122
Oxidizing,Objet_16362
Food,Objet_02246
Oxidizing,Objet_00501
Flammable,Objet_20860
Explosive,Objet_15853
Flammable,Objet_12064
Food,Objet_03891
Oxidizing,Objet_28378
Radioactive,Objet_04469
Pressurized,Objet_21200
Corrosive,Objet_15827
Pressurized,Objet_07491
Corrosive,Objet_08406
Food,Objet_08795
Explosive,Objet_14021
Unspecified,Objet_08676
Food,Objet_10565
Fragile,Objet_06600
Fragile,Objet_15465
Explosive,Objet_26309
Corrosive,Objet_14721
Explosive,Objet_07936
Radioactive,Objet_07955
Flammable,Objet_17836
Corrosive,Objet_28209
Pressurized,Objet_24013
Unspecified,Objet_12722
Corrosive,Objet_10993
Toxic,Objet_22773
Pressurized,Objet_13027
Corrosive,Objet_29532
Fragile,Objet_13408
Oxidizing,Objet_15999
Unspecified,Objet_19653
Food,Objet_14513
Oxidizing,Objet_26743
Toxic,Objet_15138
Explosive,Objet_14779
Corrosive,Objet_17073
Explosive,Objet_18453
Pressurized,Objet_22315
Oxidizing,Objet_22337
Radioactive,Objet_17236
Pressurized,Objet_16764
Oxidizing,Objet_18609
Toxic,Objet_04529
Food,Objet_25355
Toxic,Objet_06786
Pressurized,Objet_24948
Toxic,Objet_06223
Oxidizing,Objet_03229
Explosive,Objet_03000
Explosive,Objet_04530
Food,Objet_26172
Flammable,Objet_24195
Food,Objet_04138
Fragile,Objet_21197
Radioactive,Objet_07620
Flammable,Objet_06684
Explosive,Objet_03305
Fragile,Objet_05593
Unspecified,Objet_23325
Explosive,Objet_19866
Corrosive,Objet_09452
Toxic,Objet_21729
Oxidizing,Objet_24623
Unspecified,Objet_09070
Radioactive,Objet_14264
Oxidizing,Objet_00401
Toxic,Objet_07391
Toxic,Objet_29949
Explosive,Objet_05106
Corrosive,Objet_25546
Pressurized,Objet_04749
Toxic,Objet_23136
Unspecified,Objet_20333
Pressurized,Objet_15753
Food,Objet_01603
Oxidizing,Objet_16025
Flammable,Objet_12042
Oxidizing,Objet_14647
Flammable,Objet_08050
Unspecified,Objet_16467
Flammable,Objet_10683
Corrosive,Objet_24989
Oxidizing,Objet_09208
Unspecified,Objet_13599
Corrosive,Objet_15899
Food,Objet_26009
Corrosive,Objet_17444
Corrosive,Objet_28355
Oxidizing,Objet_28217
Corrosive,Objet_14703
Explosive,Objet_23452
Unspecified,Objet_17290
Pressurized,Objet_03250
Food,Objet_10621
Fragile,Objet_08205
Flammable,Objet_13203
Explosive,Objet_05944
Flammable,Objet_23031
Unspecified,Objet_02609
Explosive,Objet_17204
Fragile,Objet_02411
Unspecified,Objet_20722
Oxidizing,Objet_19748
Food,Objet_11983
Explosive,Objet_15329
Food,Objet_06140
Unspecified,Objet_05178
Explosive,Objet_01763
Toxic,Objet_06863
Flammable,Objet_29699
Oxidizing,Objet_29918
Explosive,Objet_25831
Corrosive,Objet_28948
Toxic,Objet_18802
Toxic,Objet_25836
Explosive,Objet_29221
Corrosive,Objet_11198
Unspecified,Objet_28268
Food,Objet_11872
Explosive,Objet_25934
Pressurized,Objet_27988
Oxidizing,Objet_09841
Toxic,Objet_09912
Unspecified,Objet_16682
Food,Objet_08476
Fragile,Objet_01487
Radioactive,Objet_22426
Toxic,Objet_13830
Fragile,Objet_21736
Oxidizing,Objet_09324
Corrosive,Objet_13213
Toxic,Objet_09810
Food,Objet_18925
Corrosive,Objet_13116
Radioactive,Objet_06371
Explosive,Objet_12777
Fragile,Objet_05119
Fragile,Objet_09577
Corrosive,Objet_27194
Oxidizing,Objet_18788
Unspecified,Objet_01116
Explosive,Objet_03073
Radioactive,Objet_21871
Oxidizing,Objet_18092
Oxidizing,Objet_06938
Food,Objet_05568
Unspecified,Objet_24636
Flammable,Objet_01115
Explosive,Objet_23000
Pressurized,Objet_17595
Toxic,Objet_08891
Toxic,Objet_14238
Flammable,Objet_19643
Food,Objet_17620
Corrosive,Objet_29598
Toxic,Objet_16307
Explosive,Objet_08750
Flammable,Objet_08106
Explosive,Objet_14153
Pressurized,Objet_06270
Fragile,Objet_17696
Oxidizing,Objet_03893
Corrosive,Objet_00392
Unspecified,Objet_25789
Radioactive,Objet_17050
Corrosive,Objet_05691
Food,Objet_10451
Flammable,Objet_01188
Oxidizing,Objet_00825
Toxic,Objet_29484
Pressurized,Objet_11447
Unspecified,Objet_27214
Radioactive,Objet_11485
Unspecified,Objet_26635
Pressurized,Objet_30092
Unspecified,Objet_17550
Explosive,Objet_21599
Pressurized,Objet_10774
Corrosive,Objet_10471
Pressurized,Objet_24980
Unspecified,Objet_27600
Explosive,Objet_03853
Corrosive,Objet_16350
Unspecified,Objet_13074
Oxidizing,Objet_06248
Pressurized,Objet_19860
Explosive,Objet_07533
Toxic,Objet_19207
Toxic,Objet_20028
Fragile,Objet_03105
Flammable,Objet_24628
Food,Objet_16602
Radioactive,Objet_06408
Oxidizing,Objet_29432
Food,Objet_28889
Pressurized,Objet_22300
Pressurized,Objet_11603
Food,Objet_06544
Oxidizing,Objet_13975
Flammable,Objet_08371
Unspecified,Objet_02076
Food,Objet_10646
Oxidizing,Objet_22848
Explosive,Objet_07839
Flammable,Objet_03607
Unspecified,Objet_25242
Oxidizing,Objet_05496
Explosive,Objet_24412
Explosive,Objet_19251
Corrosive,Objet_07829
Fragile,Objet_29716
Corrosive,Objet_02643
Unspecified,Objet_19799
Explosive,Objet_13709
Toxic,Objet_00425
Pressurized,Objet_21658
Explosive,Objet_00671
Explosive,Objet_27471
Oxidizing,Objet_21272
Food,Objet_16107
Toxic,Objet_23385
Toxic,Objet_02203
Pressurized,Objet_24369
Food,Objet_28400
Unspecified,Objet_24096
Food,Objet_18889
Pressurized,Objet_15453
Toxic,Objet_22983
Fragile,Objet_15887
Oxidizing,Objet_27188
Explosive,Objet_01076
Toxic,Objet_11155
Flammable,Objet_19964
Fragile,Objet_06423
Explosive,Objet_02975
Food,Objet_22085
Corrosive,Objet_03955
Corrosive,Objet_15343
Oxidizing,Objet_23204
Fragile,Objet_03801
Explosive,Objet_10299
Food,Objet_10300
Flammable,Objet_15027
Pressurized,Objet_04319
Pressurized,Objet_24651
Explosive,Objet_16722
Toxic,Objet_19028
Flammable,Objet_05680
Oxidizing,Objet_24055
Pressurized,Objet_02723
Oxidizing,Objet_13207
Toxic,Objet_05439
Corrosive,Objet_24713
Fragile,Objet_28287
Toxic,Objet_25044
Food,Objet_06677
Pressurized,Objet_06572
Fragile,Objet_15814
Oxidizing,Objet_27319
Oxidizing,Objet_17196
Unspecified,Objet_11449
Radioactive,Objet_08374
Food,Objet_09376
Oxidizing,Objet_18439
Fragile,Objet_09559
Oxidizing,Objet_22298
Flammable,Objet_12382
Flammable,Objet_23302
Food,Objet_27254
Pressurized,Objet_21798
Radioactive,Objet_27667
Pressurized,Objet_12588
Radioactive,Objet_16613
Radioactive,Objet_02044
Fragile,Objet_15592
Unspecified,Objet_19302
Fragile,Objet_00809
Explosive,Objet_28075
Unspecified,Objet_08419
Unspecified,Objet_13169
Flammable,Objet_26059
Radioactive,Objet_26418
Radioactive,Objet_06691
Pressurized,Objet_11176
Fragile,Objet_08817
Explosive,Objet_20668
Pressurized,Objet_25954
Oxidizing,Objet_23800
Oxidizing,Objet_17614
Toxic,Objet_19486
Toxic,Objet_13978
Corrosive,Objet_00223
Fragile,Objet_16629
Corrosive,Objet_01071
Explosive,Objet_03068
Explosive,Objet_10019
Unspecified,Objet_13258
Food,Objet_27780
Fragile,Objet_29624
Oxidizing,Objet_13105
Pressurized,Objet_06351
Pressurized,Objet_13157
Unspecified,Objet_07249
Unspecified,Objet_14842
Flammable,Objet_23126
Fragile,Objet_22545
Unspecified,Objet_21006
Corrosive,Objet_02301
Pressurized,Objet_05724
Food,Objet_00880
Radioactive,Objet_17517
Food,Objet_28231
Radioactive,Objet_22719
Food,Objet_16760
Unspecified,Objet_01049
Oxidizing,Objet_29616
Explosive,Objet_29563
Fragile,Objet_18509
Radioactive,Objet_08216
Explosive,Objet_22056
Pressurized,Objet_01029
Toxic,Objet_25804
Oxidizing,Objet_10879
Unspecified,Objet_00256
Oxidizing,Objet_07433
Corrosive,Objet_15558
Oxidizing,Objet_26648
Explosive,Objet_01108
Flammable,Objet_19751
Toxic,Objet_08879
Pressurized,Objet_02303
Radioactive,Objet_02983
Fragile,Objet_18796
Pressurized,Objet_13917
Toxic,Objet_12341
Explosive,Objet_14318
Pressurized,Objet_15224
Food,Objet_07238
Explosive,Objet_03660
Unspecified,Objet_24365
Pressurized,Objet_28762
Explosive,Objet_25125
Flammable,Objet_12866
Toxic,Objet_24721
Flammable,Objet_15693
Flammable,Objet_08957
Oxidizing,Objet_18294
Explosive,Objet_25511
Toxic,Objet_27992
Unspecified,Objet_02308
Fragile,Objet_07487
Oxidizing,Objet_25848
Pressurized,Objet_18765
Oxidizing,Objet_04670
Toxic,Objet_24248
Fragile,Objet_03278
Pressurized,Objet_10400
Toxic,Objet_25704
Unspecified,Objet_02191
Toxic,Objet_00377
Pressurized,Objet_14752
Unspecified,Objet_14159
Fragile,Objet_11726
Unspecified,Objet_01254
Unspecified,Objet_26752
Flammable,Objet_01930
Pressurized,Objet_07763
Explosive,Objet_22674
Food,Objet_18087
Oxidizing,Objet_16197
Food,Objet_15677
Fragile,Objet_20992
Oxidizing,Objet_18332
Pressurized,Objet_21362
Explosive,Objet_28498
Toxic,Objet_25531
Radioactive,Objet_14180
Corrosive,Objet_12198
Flammable,Objet_15874
Food,Objet_20693
Pressurized,Objet_01767
Explosive,Objet_26078
Flammable,Objet_14058
Corrosive,Objet_09111
Pressurized,Objet_10112
Unspecified,Objet_26225
Pressurized,Objet_29246
Corrosive,Objet_28229
Oxidizing,Objet_26379
Unspecified,Objet_11436
Food,Objet_15054
Food,Objet_01997
Explosive,Objet_16001
Radioactive,Objet_06104
Oxidizing,Objet_09795
Food,Objet_11173
Explosive,Objet_17502
Flammable,Objet_22082
Fragile,Objet_06967
Explosive,Objet_27340
Fragile,Objet_07494
Oxidizing,Objet_11023
Corrosive,Objet_08652
Food,Objet_09908
Food,Objet_25159
Pressurized,Objet_05412
Unspecified,Objet_17059
Pressurized,Objet_00821
Pressurized,Objet_06885
Unspecified,Objet_08452
Explosive,Objet_06499
Radioactive,Objet_03302
Oxidizing,Objet_22508
Flammable,Objet_09901
Explosive,Objet_17114
Fragile,Objet_09023
Flammable,Objet_20697
Explosive,Objet_29184
Flammable,Objet_02352
Explosive,Objet_07693
Food,Objet_21062
Corrosive,Objet_13770
Pressurized,Objet_06300
Food,Objet_11217
Unspecified,Objet_22844
Radioactive,Objet_27547
Flammable,Objet_10745
Fragile,Objet_05057
Oxidizing,Objet_03977
Oxidizing,Objet_15629
Oxidizing,Objet_11581
Unspecified,Objet_13732
Fragile,Objet_00188
Food,Objet_00310
Explosive,Objet_05028
Oxidizing,Objet_18626
Unspecified,Objet_17832
Oxidizing,Objet_20518
Flammable,Objet_21043
Corrosive,Objet_18709
Pressurized,Objet_07669
Oxidizing,Objet_02578
Unspecified,Objet_02271
Explosive,Objet_08677
Fragile,Objet_11088
Pressurized,Objet_05092
Fragile,Objet_05564
Toxic,Objet_14828
Fragile,Objet_07204
Pressurized,Objet_09131
Fragile,Objet_17949
Oxidizing,Objet_27451
Toxic,Objet_17122
Unspecified,Objet_12859
Fragile,Objet_06363
Fragile,Objet_22307
Pressurized,Objet_06501
Corrosive,Objet_26399
Oxidizing,Objet_17724
Oxidizing,Objet_02445
Radioactive,Objet_27747
Toxic,Objet_16357
Explosive,Objet_10789
Unspecified,Objet_28846
Toxic,Objet_02080
Flammable,Objet_15105
Explosive,Objet_11224
Pressurized,Objet_23781
Oxidizing,Objet_03983
Flammable,Objet_14769
Explosive,Objet_23706
Radioactive,Objet_22700
Radioactive,Objet_03183
Flammable,Objet_29185
Radioactive,Objet_16705
Fragile,Objet_12816
Flammable,Objet_27481
Fragile,Objet_27939
Pressurized,Objet_08613
Explosive,Objet_19485
Explosive,Objet_07415
Pressurized,Objet_10889
Explosive,Objet_15928
Corrosive,Objet_17235
Radioactive,Objet_22414
Oxidizing,Objet_24984
Oxidizing,Objet_16703
Unspecified,Objet_08227
Flammable,Objet_05374
Toxic,Objet_28515
Fragile,Objet_00782
Fragile,Objet_05205
Radioactive,Objet_27974
Corrosive,Objet_15784
Fragile,Objet_18025
Pressurized,Objet_23007
Corrosive,Objet_13786
Food,Objet_10706
Pressurized,Objet_21220
Oxidizing,Objet_29073
Toxic,Objet_11828
Fragile,Objet_10293
Food,Objet_28238
Flammable,Objet_21575
Fragile,Objet_29819
Corrosive,Objet_23869
Explosive,Objet_24824
Corrosive,Objet_13543
Corrosive,Objet_26118
Pressurized,Objet_22233
Oxidizing,Objet_06194
Pressurized,Objet_02932
Explosive,Objet_19809
Food,Objet_05466
Explosive,Objet_02195
Radioactive,Objet_30023
Toxic,Objet_18259
Flammable,Objet_18373
Flammable,Objet_02762
Fragile,Objet_29812
Food,Objet_21727
Food,Objet_14358
Toxic,Objet_28383
Unspecified,Objet_19200
Food,Objet_01804
Flammable,Objet_24973
Pressurized,Objet_20763
Radioactive,Objet_17268
Explosive,Objet_25399
Oxidizing,Objet_26846
Flammable,Objet_06772
Corrosive,Objet_24777
Corrosive,Objet_24289
Unspecified,Objet_05131
Fragile,Objet_28936
Explosive,Objet_05471
Unspecified,Objet_28246
Fragile,Objet_16187
Oxidizing,Objet_05904
Fragile,Objet_04594
Flammable,Objet_16634
Pressurized,Objet_19126
Flammable,Objet_21370
Pressurized,Objet_19722
Fragile,Objet_05121
Flammable,Objet_18780
Oxidizing,Objet_06331
Oxidizing,Objet_13610
Flammable,Objet_21563
Flammable,Objet_13356
Explosive,Objet_13424
Pressurized,Objet_14366
Unspecified,Objet_19830
Oxidizing,Objet_23860
Fragile,Objet_22201
Corrosive,Objet_11615
Flammable,Objet_05776
Pressurized,Objet_02962
Radioactive,Objet_25871
Fragile,Objet_16776
Fragile,Objet_26989
Corrosive,Objet_16965
Unspecified,Objet_19074
Radioactive,Objet_15043
Toxic,Objet_10408
Flammable,Objet_26526
Flammable,Objet_20678
Fragile,Objet_27354
Explosive,Objet_11285
Unspecified,Objet_18698
Oxidizing,Objet_14677
Fragile,Objet_18988
Flammable,Objet_25972
Flammable,Objet_17684
Fragile,Objet_00110
Oxidizing,Objet_29391
Fragile,Objet_14638
Flammable,Objet_29728
Food,Objet_00003
Unspecified,Objet_24703
Corrosive,Objet_16182
Food,Objet_10470
Radioactive,Objet_03667
Fragile,Objet_12943
Radioactive,Objet_17943
Food,Objet_00151
Radioactive,Objet_00083
Unspecified,Objet_11333
Fragile,Objet_03770
Radioactive,Objet_11737
Unspecified,Objet_09817
Oxidizing,Objet_22990
Oxidizing,Objet_17837
Food,Objet_16643
Corrosive,Objet_23416
Oxidizing,Objet_07022
Flammable,Objet_15994
Pressurized,Objet_21642
Oxidizing,Objet_10437
Flammable,Objet_21657
Toxic,Objet_24887
Food,Objet_24859
Unspecified,Objet_26689
Explosive,Objet_08775
Pressurized,Objet_19032
Fragile,Objet_20832
Flammable,Objet_02390
Explosive,Objet_11911
Radioactive,Objet_20742
Food,Objet_10315
Radioactive,Objet_21079
Unspecified,Objet_22589
Unspecified,Objet_13445
Explosive,Objet_17271
Corrosive,Objet_19886
Radioactive,Objet_28829
Unspecified,Objet_01664
Oxidizing,Objet_11344
Radioactive,Objet_28891
Toxic,Objet_26501
Flammable,Objet_16371
Oxidizing,Objet_19007
Corrosive,Objet_09009
Toxic,Objet_10260
Flammable,Objet_12988
Fragile,Objet_27348
Corrosive,Objet_04591
Explosive,Objet_18754
Oxidizing,Objet_26647
Radioactive,Objet_11543
Oxidizing,Objet_21248
Explosive,Objet_07585
Flammable,Objet_11316
Corrosive,Objet_19523
Oxidizing,Objet_25775
Fragile,Objet_27772
Unspecified,Objet_05157
Unspecified,Objet_24403
Unspecified,Objet_22675
Unspecified,Objet_02867
Unspecified,Objet_20931
Fragile,Objet_28622
Oxidizing,Objet_29735
Toxic,Objet_00356
Corrosive,Objet_05960
Flammable,Objet_15692
Toxic,Objet_07528
Unspecified,Objet_02096
Pressurized,Objet_12431
Food,Objet_21963
Radioactive,Objet_11879
Radioactive,Objet_20076
Toxic,Objet_15497
Flammable,Objet_15635
Flammable,Objet_18762
Pressurized,Objet_11924
Food,Objet_02747
Flammable,Objet_00318
Explosive,Objet_12205
Pressurized,Objet_28186
Corrosive,Objet_20862
Flammable,Objet_12944
Explosive,Objet_23477
Fragile,Objet_04593
Oxidizing,Objet_27802
Corrosive,Objet_13085
Pressurized,Objet_26823
Radioactive,Objet_09225
Fragile,Objet_13571
Fragile,Objet_06773
Food,Objet_30148
Corrosive,Objet_11639
Toxic,Objet_10116
Food,Objet_22038
Pressurized,Objet_17536
Toxic,Objet_04500
Toxic,Objet_20485
Flammable,Objet_00905
Radioactive,Objet_01958
Pressurized,Objet_25996
Explosive,Objet_14030
Flammable,Objet_26208
Unspecified,Objet_15344
Pressurized,Objet_18129
Flammable,Objet_01154
Fragile,Objet_13568
Fragile,Objet_18869
Explosive,Objet_10205
Oxidizing,Objet_13382
Radioactive,Objet_08025
Pressurized,Objet_11160
Food,Objet_14086
Explosive,Objet_25472
Fragile,Objet_00696
Fragile,Objet_09022
Radioactive,Objet_06965
Oxidizing,Objet_00029
Corrosive,Objet_08361
Unspecified,Objet_25311
Radioactive,Objet_27750
Toxic,Objet_22360
Fragile,Objet_21082
Radioactive,Objet_03134
Explosive,Objet_13663
Toxic,Objet_01589
Radioactive,Objet_22037
Fragile,Objet_09944
Flammable,Objet_10247
Fragile,Objet_12606
Unspecified,Objet_29013
Corrosive,Objet_19823
Corrosive,Objet_16724
Pressurized,Objet_29681
Pressurized,Objet_22725
Explosive,Objet_06798
Fragile,Objet_16873
Oxidizing,Objet_16314
Unspecified,Objet_27786
Explosive,Objet_03717
Flammable,Objet_07100
Flammable,Objet_24023
Corrosive,Objet_26672
Fragile,Objet_24015
Toxic,Objet_17880
Pressurized,Objet_00803
Explosive,Objet_00201
Fragile,Objet_22134
Toxic,Objet_06972
Radioactive,Objet_22486
Food,Objet_29877
Oxidizing,Objet_14307
Pressurized,Objet_17464
Unspecified,Objet_06878
Pressurized,Objet_05080
Corrosive,Objet_21606
Corrosive,Objet_08256
Explosive,Objet_09069
Fragile,Objet_00798
Explosive,Objet_02008
Oxidizing,Objet_22357
Pressurized,Objet_13503
Pressurized,Objet_17301
Fragile,Objet_19857
Food,Objet_01123
Food,Objet_00368
Pressurized,Objet_07398
Toxic,Objet_00930
Toxic,Objet_21876
Unspecified,Objet_21793
Oxidizing,Objet_20317
Radioactive,Objet_06236
Radioactive,Objet_01030
Flammable,Objet_22271
Unspecified,Objet_08735
Oxidizing,Objet_20115
Toxic,Objet_12844
Explosive,Objet_18894
Unspecified,Objet_01133
Radioactive,Objet_06504
Toxic,Objet_02743
Flammable,Objet_15474
Oxidizing,Objet_19359
Unspecified,Objet_10654
Unspecified,Objet_06562
Unspecified,Objet_19646
Fragile,Objet_17881
Toxic,Objet_11241
Explosive,Objet_23473
Unspecified,Objet_24235
Oxidizing,Objet_21772
Oxidizing,Objet_11997
Flammable,Objet_03496
Fragile,Objet_12477
Flammable,Objet_11411
Unspecified,Objet_07474
Unspecified,Objet_14300
Unspecified,Objet_28931
Flammable,Objet_22729
Oxidizing,Objet_18485
Fragile,Objet_21899
Unspecified,Objet_04885
Corrosive,Objet_12787
Toxic,Objet_17207
Flammable,Objet_16910
Explosive,Objet_16019
Flammable,Objet_08272
Fragile,Objet_21415
Fragile,Objet_11531
Toxic,Objet_10907
Corrosive,Objet_12268
Oxidizing,Objet_04052
Radioactive,Objet_12678
Unspecified,Objet_23065
Flammable,Objet_25672
Oxidizing,Objet_21687
Flammable,Objet_20799
Fragile,Objet_09828
Explosive,Objet_13487
Explosive,Objet_18771
Flammable,Objet_16412
Flammable,Objet_13067
Corrosive,Objet_03242
Food,Objet_15242
Unspecified,Objet_01283
Food,Objet_01572
Food,Objet_28775
Food,Objet_23790
Pressurized,Objet_07538
Unspecified,Objet_12324
Oxidizing,Objet_11493
Food,Objet_20696
Flammable,Objet_28082
Pressurized,Objet_23078
Explosive,Objet_12798
Unspecified,Objet_29549
Pressurized,Objet_04823
Unspecified,Objet_20206
Pressurized,Objet_27151
Fragile,Objet_08556
Explosive,Objet_03517
Corrosive,Objet_21350
Fragile,Objet_17287
Unspecified,Objet_15646
Pressurized,Objet_01600
Pressurized,Objet_05614
Explosive,Objet_13053
Oxidizing,Objet_21993
Unspecified,Objet_28545
Oxidizing,Objet_16580
Oxidizing,Objet_23142
Flammable,Objet_16598
Unspecified,Objet_22885
Explosive,Objet_13363
Explosive,Objet_24425
Food,Objet_22901
Flammable,Objet_23825
Fragile,Objet_25081
Radioactive,Objet_27358
Corrosive,Objet_04950
Unspecified,Objet_18033
Food,Objet_17579
Oxidizing,Objet_22494
Corrosive,Objet_23776
Fragile,Objet_27007
Corrosive,Objet_16928
Food,Objet_17291
Corrosive,Objet_03941
Pressurized,Objet_20105
Food,Objet_00342
Explosive,Objet_09095
Radioactive,Objet_09303
Food,Objet_00796
Oxidizing,Objet_09844
Oxidizing,Objet_10984
Explosive,Objet_10328
Food,Objet_01560
Corrosive,Objet_03086
Food,Objet_11499
Toxic,Objet_22096
Food,Objet_13211
Unspecified,Objet_12868
Corrosive,Objet_26191
Pressurized,Objet_02423
Explosive,Objet_06151
Oxidizing,Objet_13551
Fragile,Objet_23226
Radioactive,Objet_06771
Oxidizing,Objet_19544
Flammable,Objet_16640
Explosive,Objet_13443
Pressurized,Objet_12926
Fragile,Objet_26551
Corrosive,Objet_24913
Fragile,Objet_12015
Oxidizing,Objet_23756
Toxic,Objet_26048
Oxidizing,Objet_00132
Oxidizing,Objet_03161
Pressurized,Objet_00619
Corrosive,Objet_23390
Oxidizing,Objet_13291
Toxic,Objet_17661
Toxic,Objet_07908
Explosive,Objet_25781
Toxic,Objet_11479
Fragile,Objet_23717
Unspecified,Objet_26925
Food,Objet_19690
Radioactive,Objet_12706
Corrosive,Objet_18094
Oxidizing,Objet_25629
Unspecified,Objet_00946
Flammable,Objet_10303
Toxic,Objet_15263
Explosive,Objet_01291
Flammable,Objet_17528
Unspecified,Objet_14444
Pressurized,Objet_26951
Corrosive,Objet_27627
Radioactive,Objet_17788
Corrosive,Objet_16969
Radioactive,Objet_02876
Fragile,Objet_16645
Radioactive,Objet_14649
Fragile,Objet_27292
Pressurized,Objet_05276
Food,Objet_14361
Radioactive,Objet_29909
Fragile,Objet_22550
Food,Objet_09180
Fragile,Objet_29930
Toxic,Objet_21619
Unspecified,Objet_11648
Corrosive,Objet_02614
Food,Objet_27190
Oxidizing,Objet_10537
Fragile,Objet_08772
Toxic,Objet_10238
Pressurized,Objet_18236
Flammable,Objet_06199
Pressurized,Objet_26830
Toxic,Objet_20383
Explosive,Objet_28006
Pressurized,Objet_00182
Radioactive,Objet_14279
Oxidizing,Objet_10630
Pressurized,Objet_12348
Corrosive,Objet_02606
Unspecified,Objet_28103
Fragile,Objet_11680
Food,Objet_22899
Radioactive,Objet_23283
Oxidizing,Objet_18641
Oxidizing,Objet_00340
Flammable,Objet_25598
Unspecified,Objet_02325
Food,Objet_17727
Oxidizing,Objet_11720
Food,Objet_13562
Toxic,Objet_07931
Radioactive,Objet_11342
Toxic,Objet_25200
Oxidizing,Objet_07085
Pressurized,Objet_29651
Pressurized,Objet_06264
Pressurized,Objet_09404
Pressurized,Objet_25138
Flammable,Objet_24390
Corrosive,Objet_26781
Food,Objet_22994
Pressurized,Objet_14454
Food,Objet_23582
Explosive,Objet_12767
Fragile,Objet_01196
Explosive,Objet_16355
Toxic,Objet_21975
Flammable,Objet_14519
Pressurized,Objet_23497
Toxic,Objet_25786
Radioactive,Objet_21613
Radioactive,Objet_13302
Radioactive,Objet_17062
Fragile,Objet_07114
Radioactive,Objet_09098
Food,Objet_24660
Radioactive,Objet_06406
Oxidizing,Objet_14894
Explosive,Objet_26799
Toxic,Objet_16820
Fragile,Objet_02218
Unspecified,Objet_05245
Food,Objet_01497
Fragile,Objet_26821
Toxic,Objet_17020
Corrosive,Objet_14976
Pressurized,Objet_10534
Flammable,Objet_22001
Oxidizing,Objet_22946
Explosive,Objet_05168
Toxic,Objet_11769
Fragile,Objet_29336
Toxic,Objet_00922
Flammable,Objet_09611
Explosive,Objet_17978
Flammable,Objet_28387
Corrosive,Objet_13711
Oxidizing,Objet_10710
Unspecified,Objet_16172
Fragile,Objet_16533
Toxic,Objet_18032
Corrosive,Objet_17663
Radioactive,Objet_08607
Food,Objet_06307
Flammable,Objet_29574
Explosive,Objet_18593
Corrosive,Objet_08490
Oxidizing,Objet_23662
Oxidizing,Objet_23063
Radioactive,Objet_17026
Radioactive,Objet_09401
Radioactive,Objet_19162
Pressurized,Objet_28786
Radioactive,Objet_29489
Corrosive,Objet_22423
Pressurized,Objet_01751
Food,Objet_01521
Pressurized,Objet_20180
Food,Objet_13375
Radioactive,Objet_17962
Toxic,Objet_00010
Toxic,Objet_00240
Toxic,Objet_01040
Radioactive,Objet_21470
Flammable,Objet_09389
Radioactive,Objet_01172
Flammable,Objet_29444
Unspecified,Objet_16403
Corrosive,Objet_23558
Corrosive,Objet_04916
Corrosive,Objet_26967
Toxic,Objet_08987
Toxic,Objet_13577
Food,Objet_03246
Oxidizing,Objet_04194
Pressurized,Objet_07632
Explosive,Objet_29164
Food,Objet_14443
Unspecified,Objet_10593
Radioactive,Objet_03502
Unspecified,Objet_29854
Unspecified,Objet_27963
Unspecified,Objet_04331
Explosive,Objet_07755
Toxic,Objet_00726
Radioactive,Objet_01609
Corrosive,Objet_24879
Food,Objet_08369
Radioactive,Objet_17516
Radioactive,Objet_14591
Oxidizing,Objet_27278
Corrosive,Objet_12196
Flammable,Objet_27267
Radioactive,Objet_21126
Radioactive,Objet_03756
Flammable,Objet_10732
Corrosive,Objet_18261
Corrosive,Objet_24062
Toxic,Objet_09949
Corrosive,Objet_06997
Flammable,Objet_24478
Unspecified,Objet_25485
Radioactive,Objet_14737
Fragile,Objet_21271
Corrosive,Objet_14138
Pressurized,Objet_22686
Radioactive,Objet_24198
Toxic,Objet_16916
Food,Objet_27601
Fragile,Objet_26316
Fragile,Objet_25930
Flammable,Objet_07220
Unspecified,Objet_15120
Food,Objet_21352
Explosive,Objet_07883
Pressurized,Objet_00258
Unspecified,Objet_02505
Unspecified,Objet_19508
Explosive,Objet_16824
Food,Objet_27159
Food,Objet_10482
Explosive,Objet_25607
Food,Objet_21112
Oxidizing,Objet_03119
Pressurized,Objet_15719
Pressurized,Objet_09321
Oxidizing,Objet_00754
Oxidizing,Objet_21225
Toxic,Objet_01556
Toxic,Objet_17985
Flammable,Objet_12415
Explosive,Objet_13267
Food,Objet_08086
Food,Objet_01897
Fragile,Objet_05372
Radioactive,Objet_17262
Unspecified,Objet_24768
Radioactive,Objet_26273
Flammable,Objet_12180
Food,Objet_14368
Flammable,Objet_17085
Fragile,Objet_21754
Fragile,Objet_26606
Food,Objet_06268
Flammable,Objet_25080
Food,Objet_11824
Corrosive,Objet_09875
Explosive,Objet_09972
Corrosive,Objet_29832
Fragile,Objet_09250
Oxidizing,Objet_19397
Flammable,Objet_23909
Food,Objet_16472
Oxidizing,Objet_18172
Radioactive,Objet_20249
Flammable,Objet_26517
Flammable,Objet_23439
Fragile,Objet_17009
Corrosive,Objet_21080
Unspecified,Objet_15012
Oxidizing,Objet_28875
Toxic,Objet_06357
Oxidizing,Objet_20796
Fragile,Objet_13432
Corrosive,Objet_13041
Corrosive,Objet_13236
Toxic,Objet_21444
Toxic,Objet_26053
Explosive,Objet_20811
Corrosive,Objet_04272
Corrosive,Objet_01636
Radioactive,Objet_13890
Toxic,Objet_08614
Radioactive,Objet_10989
Unspecified,Objet_06897
Food,Objet_00914
Explosive,Objet_09266
Fragile,Objet_09572
Fragile,Objet_15046
Pressurized,Objet_13096
Toxic,Objet_28372
Oxidizing,Objet_25718
Fragile,Objet_24947
Fragile,Objet_18991
Pressurized,Objet_18636
Flammable,Objet_25223
Pressurized,Objet_10692
Flammable,Objet_22204
Radioactive,Objet_23577
Food,Objet_18298
Fragile,Objet_18930
Flammable,Objet_27311
Radioactive,Objet_18207
Food,Objet_29001
Toxic,Objet_22808
Pressurized,Objet_26292
Explosive,Objet_09729
Corrosive,Objet_22050
Flammable,Objet_08830
Unspecified,Objet_03039
Explosive,Objet_24169
Oxidizing,Objet_21635
Fragile,Objet_07687
Food,Objet_11468
Unspecified,Objet_11938
Toxic,Objet_06944
Unspecified,Objet_22532
Toxic,Objet_04404
Food,Objet_03044
Toxic,Objet_07727
Pressurized,Objet_16961
Oxidizing,Objet_05715
Fragile,Objet_00406
Fragile,Objet_11986
Explosive,Objet_19422
Unspecified,Objet_02569
Unspecified,Objet_01299
Oxidizing,Objet_18953
Oxidizing,Objet_06052
Flammable,Objet_15298
Oxidizing,Objet_17637
Pressurized,Objet_09341
Radioactive,Objet_06265
Unspecified,Objet_01667
Unspecified,Objet_20943
Fragile,Objet_09783
Fragile,Objet_28177
Fragile,Objet_28131
Flammable,Objet_23768
Food,Objet_27558
Unspecified,Objet_29530
Toxic,Objet_10763
Oxidizing,Objet_04674
Toxic,Objet_01548
Toxic,Objet_25515
Fragile,Objet_04859
Corrosive,Objet_07419
Oxidizing,Objet_02647
Pressurized,Objet_09616
Pressurized,Objet_17902
Unspecified,Objet_03518
Oxidizing,Objet_19925
Toxic,Objet_22054
Explosive,Objet_01771
Unspecified,Objet_25410
Oxidizing,Objet_23885
Explosive,Objet_11024
Corrosive,Objet_29749
Unspecified,Objet_29696
Unspecified,Objet_08535
Unspecified,Objet_16951
Pressurized,Objet_01625
Toxic,Objet_26362
Flammable,Objet_02034
Corrosive,Objet_03767
Food,Objet_20330
Unspecified,Objet_10623
Pressurized,Objet_06952
Radioactive,Objet_23082
Pressurized,Objet_12373
Corrosive,Objet_28138
Explosive,Objet_17794
Unspecified,Objet_04806
Flammable,Objet_07810
Food,Objet_23320
Unspecified,Objet_12959
Fragile,Objet_16539
Toxic,Objet_27290
Corrosive,Objet_03618
Oxidizing,Objet_25735
Corrosive,Objet_01203
Flammable,Objet_28767
Corrosive,Objet_21026
Oxidizing,Objet_06861
Fragile,Objet_22441
Radioactive,Objet_21087
Food,Objet_06946
Oxidizing,Objet_00727
Pressurized,Objet_24293
Radioactive,Objet_07283
Food,Objet_20075
Corrosive,Objet_11086
Radioactive,Objet_01048
Radioactive,Objet_13352
Fragile,Objet_26160
Food,Objet_19428
Food,Objet_04004
Unspecified,Objet_18927
Unspecified,Objet_03589
Unspecified,Objet_28299
Radioactive,Objet_02500
Oxidizing,Objet_18786
Unspecified,Objet_04290
Pressurized,Objet_27738
Oxidizing,Objet_16196
Radioactive,Objet_17467
Radioactive,Objet_09273
Fragile,Objet_21950
Radioactive,Objet_04241
Food,Objet_10820
Corrosive,Objet_20563
Radioactive,Objet_29650
Fragile,Objet_29469
Corrosive,Objet_11862
Oxidizing,Objet_26883
Flammable,Objet_06957
Radioactive,Objet_20670
Explosive,Objet_22369
Unspecified,Objet_16694
Food,Objet_21219
Pressurized,Objet_04378
Food,Objet_18398
Pressurized,Objet_17675
Oxidizing,Objet_00274
Oxidizing,Objet_03438
Toxic,Objet_25480
Pressurized,Objet_20963
Oxidizing,Objet_25975
Food,Objet_29408
Unspecified,Objet_14763
Corrosive,Objet_09615
Unspecified,Objet_29255
Toxic,Objet_30101
Fragile,Objet_02178
Toxic,Objet_29157
Toxic,Objet_03718
Explosive,Objet_09053
Oxidizing,Objet_17129
Radioactive,Objet_02367
Fragile,Objet_02117
Unspecified,Objet_00581
Toxic,Objet_05547
Corrosive,Objet_01805
Oxidizing,Objet_09954
Corrosive,Objet_28584
Corrosive,Objet_04293
Toxic,Objet_03435
Oxidizing,Objet_20014
Fragile,Objet_19894
Explosive,Objet_14113
Food,Objet_17311
Oxidizing,Objet_10750
Pressurized,Objet_03421
Flammable,Objet_28354
Explosive,Objet_28992
Flammable,Objet_14511
Fragile,Objet_23528
Flammable,Objet_10869
Oxidizing,Objet_12550
Corrosive,Objet_18657
Corrosive,Objet_02927
Food,Objet_04900
Radioactive,Objet_16573
Radioactive,Objet_26631
Unspecified,Objet_02408
Pressurized,Objet_27625
Explosive,Objet_28526
Flammable,Objet_22305
Fragile,Objet_17379
Radioactive,Objet_28863
Food,Objet_01693
Flammable,Objet_06522
Explosive,Objet_22061
Toxic,Objet_28122
Flammable,Objet_04452
Radioactive,Objet_27229
Radioactive,Objet_13061
Food,Objet_03937
Radioactive,Objet_04257
Food,Objet_14429
Pressurized,Objet_14836
Corrosive,Objet_19829
Toxic,Objet_21853
Corrosive,Objet_03841
Food,Objet_23202
Radioactive,Objet_21438
Explosive,Objet_02508
Fragile,Objet_26960
Pressurized,Objet_21773
Pressurized,Objet_21600
Radioactive,Objet_08194
Flammable,Objet_21320
Oxidizing,Objet_15382
Oxidizing,Objet_02158
Fragile,Objet_11783
Toxic,Objet_04939
Toxic,Objet_15017
Radioactive,Objet_13303
Pressurized,Objet_24103
Pressurized,Objet_25983
Radioactive,Objet_21632
Fragile,Objet_17082
Corrosive,Objet_17554
Flammable,Objet_28969
Explosive,Objet_16118
Oxidizing,Objet_15589
Explosive,Objet_10582
Flammable,Objet_15493
Food,Objet_03621
Toxic,Objet_25592
Food,Objet_19252
Corrosive,Objet_15758
Oxidizing,Objet_25586
Explosive,Objet_09441
Explosive,Objet_01541
Corrosive,Objet_27954
Food,Objet_05351
Oxidizing,Objet_19242
Radioactive,Objet_19983
Oxidizing,Objet_01580
Oxidizing,Objet_06804
Flammable,Objet_19960
Pressurized,Objet_05503
Food,Objet_16581
Food,Objet_04564
Oxidizing,Objet_20541
Food,Objet_19454
Explosive,Objet_27239
Fragile,Objet_23465
Unspecified,Objet_12768
Corrosive,Objet_08765
Unspecified,Objet_11929
Oxidizing,Objet_25647
Flammable,Objet_02567
Unspecified,Objet_17791
Radioactive,Objet_24439
Explosive,Objet_17139
Food,Objet_23881
Explosive,Objet_09826
Flammable,Objet_28828
Toxic,Objet_20958
Fragile,Objet_22625
Toxic,Objet_21819
Corrosive,Objet_21836
Unspecified,Objet_17142
Toxic,Objet_14270
Flammable,Objet_02207
Radioactive,Objet_17953
Explosive,Objet_06332
Radioactive,Objet_21973
Explosive,Objet_05102
Flammable,Objet_18240
Food,Objet_11162
Oxidizing,Objet_02099
Pressurized,Objet_26857
Flammable,Objet_17808
Pressurized,Objet_09681
Pressurized,Objet_11373
Unspecified,Objet_11477
Unspecified,Objet_13685
Oxidizing,Objet_03732
Radioactive,Objet_09440
Corrosive,Objet_16633
Toxic,Objet_05537
Radioactive,Objet_02129
Radioactive,Objet_27288
Toxic,Objet_02285
Unspecified,Objet_19110
Corrosive,Objet_26301
Food,Objet_20082
Unspecified,Objet_17166
Unspecified,Objet_03968
Radioactive,Objet_18467
Food,Objet_22013
Corrosive,Objet_25969
Pressurized,Objet_12111
Pressurized,Objet_12372
Pressurized,Objet_26369
Pressurized,Objet_27912
Corrosive,Objet_29362
Fragile,Objet_11232
Flammable,Objet_15426
Pressurized,Objet_09629
Oxidizing,Objet_09758
Pressurized,Objet_20893
Unspecified,Objet_21862
Toxic,Objet_23894
Pressurized,Objet_28565
Corrosive,Objet_23324
Oxidizing,Objet_09863
Radioactive,Objet_03107
Unspecified,Objet_14167
Radioactive,Objet_14006
Pressurized,Objet_17740
Explosive,Objet_20915
Flammable,Objet_24937
Explosive,Objet_07723
Toxic,Objet_12056
Corrosive,Objet_14064
Corrosive,Objet_17577
Oxidizing,Objet_25402
Radioactive,Objet_04944
Oxidizing,Objet_17566
Explosive,Objet_28873
Unspecified,Objet_07478
Pressurized,Objet_15388
Unspecified,Objet_27742
Flammable,Objet_12871
Oxidizing,Objet_04738
Flammable,Objet_03192
Pressurized,Objet_07306
Food,Objet_29818
Toxic,Objet_19601
Flammable,Objet_28156
Toxic,Objet_23541
Pressurized,Objet_21131
Radioactive,Objet_24119
Flammable,Objet_22347
Explosive,Objet_10235
Unspecified,Objet_22193
Pressurized,Objet_04368
Explosive,Objet_25907
Oxidizing,Objet_11830
Flammable,Objet_17911
Radioactive,Objet_23722
Radioactive,Objet_19306
Unspecified,Objet_25249
Corrosive,Objet_25146
Unspecified,Objet_28560
Radioactive,Objet_08904
Radioactive,Objet_29765
Pressurized,Objet_03656
Flammable,Objet_04918
Toxic,Objet_10034
Flammable,Objet_05652
Corrosive,Objet_07512
Oxidizing,Objet_23767
Food,Objet_12018
Fragile,Objet_20681
Food,Objet_16408
Radioactive,Objet_14128
Toxic,Objet_14553
Food,Objet_17872
Unspecified,Objet_20299
Radioactive,Objet_03032
Corrosive,Objet_04066
Corrosive,Objet_02618
Radioactive,Objet_13372
Unspecified,Objet_28078
Explosive,Objet_13810
Pressurized,Objet_21290
Flammable,Objet_19270
Explosive,Objet_25101
Corrosive,Objet_19570
Flammable,Objet_15067
Unspecified,Objet_26181
Flammable,Objet_21994
Radioactive,Objet_01437
Toxic,Objet_05461
Pressurized,Objet_20493
Flammable,Objet_07395
Corrosive,Objet_10481
Oxidizing,Objet_25713
Radioactive,Objet_01087
Explosive,Objet_07293
Fragile,Objet_09879
Fragile,Objet_07300
Radioactive,Objet_00127
Flammable,Objet_30140
Pressurized,Objet_17764
Unspecified,Objet_24637
Pressurized,Objet_21261
Toxic,Objet_15254
Unspecified,Objet_19976
Fragile,Objet_20781
Food,Objet_10783
Food,Objet_23966
Toxic,Objet_16275
Flammable,Objet_19089
Pressurized,Objet_24845
Pressurized,Objet_04171
Flammable,Objet_25178
Oxidizing,Objet_11221
Unspecified,Objet_26527
Radioactive,Objet_11831
Pressurized,Objet_28163
Toxic,Objet_13694
Oxidizing,Objet_21084
Flammable,Objet_15944
Oxidizing,Objet_25965
Flammable,Objet_21682
Fragile,Objet_19269
Fragile,Objet_02297
Flammable,Objet_16835
Food,Objet_13519
Explosive,Objet_08328
Flammable,Objet_03401
Toxic,Objet_17269
Pressurized,Objet_13696
Unspecified,Objet_14938
Fragile,Objet_14447
Explosive,Objet_29245
Radioactive,Objet_20988
Oxidizing,Objet_02935
Oxidizing,Objet_19855
Oxidizing,Objet_02017
Pressurized,Objet_22527
Pressurized,Objet_25346
Oxidizing,Objet_18119
Explosive,Objet_20776
Corrosive,Objet_27387
Explosive,Objet_10943
Radioactive,Objet_08093
Food,Objet_18861
Toxic,Objet_05747
Radioactive,Objet_03066
Toxic,Objet_20161
Radioactive,Objet_07176
Flammable,Objet_11154
Fragile,Objet_13637
Pressurized,Objet_11238
Corrosive,Objet_17592
Explosive,Objet_08791
Oxidizing,Objet_21148
Unspecified,Objet_23955
Fragile,Objet_18011
Food,Objet_21018
Food,Objet_25845
Radioactive,Objet_20831
Radioactive,Objet_18396
Corrosive,Objet_18850
Explosive,Objet_08087
Corrosive,Objet_11702
Explosive,Objet_08395
Food,Objet_20391
Toxic,Objet_06453
Fragile,Objet_11960
Pressurized,Objet_17407
Unspecified,Objet_16278
Oxidizing,Objet_29868
Explosive,Objet_00660
Oxidizing,Objet_21232
Pressurized,Objet_27365
Oxidizing,Objet_02763
Radioactive,Objet_22362
Oxidizing,Objet_09359
Radioactive,Objet_04829
Oxidizing,Objet_24260
Corrosive,Objet_21257
Explosive,Objet_29862
Explosive,Objet_24814
Radioactive,Objet_08571
Corrosive,Objet_00194
Pressurized,Objet_24440
Unspecified,Objet_05765
Radioactive,Objet_26387
Pressurized,Objet_23209
Corrosive,Objet_02104
Flammable,Objet_17104
Fragile,Objet_01957
Food,Objet_22845
Corrosive,Objet_18715
Toxic,Objet_19229
Unspecified,Objet_14973
Flammable,Objet_00050
Unspecified,Objet_22491
Corrosive,Objet_16742
Fragile,Objet_08781
Corrosive,Objet_15577
Explosive,Objet_01546
Fragile,Objet_01947
Unspecified,Objet_20489
Explosive,Objet_10940
Fragile,Objet_07529
Pressurized,Objet_29201
Toxic,Objet_23864
Radioactive,Objet_02032
Pressurized,Objet_12524
Radioactive,Objet_11233
Oxidizing,Objet_08069
Unspecified,Objet_16449
Fragile,Objet_26933
Oxidizing,Objet_12810
Flammable,Objet_09661
Explosive,Objet_22513
Explosive,Objet_08102
Food,Objet_18651
Corrosive,Objet_17990
Fragile,Objet_12078
Radioactive,Objet_15029
Unspecified,Objet_09857
Flammable,Objet_04222
Pressurized,Objet_26152
Pressurized,Objet_14196
Radioactive,Objet_29334
Corrosive,Objet_02269
Fragile,Objet_05185
Flammable,Objet_18854
Pressurized,Objet_07677
Radioactive,Objet_12877
Explosive,Objet_02947
Flammable,Objet_26410
Oxidizing,Objet_12749
Oxidizing,Objet_20472
Corrosive,Objet_11580
Pressurized,Objet_15834
Unspecified,Objet_26828
Oxidizing,Objet_04882
Radioactive,Objet_21636
Radioactive,Objet_00421
Pressurized,Objet_13340
Toxic,Objet_10777
Pressurized,Objet_14433
Flammable,Objet_22181
Corrosive,Objet_24481
Explosive,Objet_08193
Explosive,Objet_13077
Corrosive,Objet_20350
Explosive,Objet_05575
Flammable,Objet_17963
Explosive,Objet_27095
Food,Objet_04029
Explosive,Objet_07009
Unspecified,Objet_04303
Explosive,Objet_17354
Oxidizing,Objet_23945
Flammable,Objet_15269
Corrosive,Objet_12402
Flammable,Objet_12291
Pressurized,Objet_10523
Oxidizing,Objet_25278
Radioactive,Objet_19537
Toxic,Objet_12229
Explosive,Objet_14689
Food,Objet_19358
Radioactive,Objet_16564
Toxic,Objet_18289
Oxidizing,Objet_00936
Toxic,Objet_13623
Radioactive,Objet_24026
Flammable,Objet_19227
Pressurized,Objet_18778
Explosive,Objet_16484
Unspecified,Objet_22121
Radioactive,Objet_01671
Flammable,Objet_25957
Explosive,Objet_17157
Pressurized,Objet_01686
Corrosive,Objet_00915
Corrosive,Objet_13618
Food,Objet_07348
Corrosive,Objet_29747
Oxidizing,Objet_02907
Corrosive,Objet_25176
Toxic,Objet_27874
Flammable,Objet_20258
Radioactive,Objet_17819
Toxic,Objet_10658
Fragile,Objet_07413
Food,Objet_03585
Pressurized,Objet_29253
Radioactive,Objet_06186
Food,Objet_16436
Food,Objet_05295
Radioactive,Objet_04845
Radioactive,Objet_01045
Radioactive,Objet_10211
Unspecified,Objet_28922
Pressurized,Objet_21189
Radioactive,Objet_08527
Explosive,Objet_12488
Toxic,Objet_11377
Fragile,Objet_25611
Toxic,Objet_10924
Food,Objet_19350
Fragile,Objet_00267
Flammable,Objet_25577
Food,Objet_24005
Toxic,Objet_25782
Food,Objet_02470
Flammable,Objet_11617
Fragile,Objet_16802
Oxidizing,Objet_00291
Explosive,Objet_28065
Toxic,Objet_15446
Pressurized,Objet_29119
Explosive,Objet_13860
Unspecified,Objet_10368
Food,Objet_01401
Fragile,Objet_04878
Unspecified,Objet_12860
Flammable,Objet_14945
Fragile,Objet_13298
Explosive,Objet_27027
Explosive,Objet_08510
Explosive,Objet_24327
Toxic,Objet_06961
Flammable,Objet_12533
Radioactive,Objet_02027
Unspecified,Objet_26457
Oxidizing,Objet_18005
Food,Objet_00704
Oxidizing,Objet_25651
Food,Objet_19985
Radioactive,Objet_15009
Pressurized,Objet_18781
Pressurized,Objet_12499
Explosive,Objet_24537
Oxidizing,Objet_29182
Radioactive,Objet_18550
Food,Objet_10017
Flammable,Objet_16473
Oxidizing,Objet_14891
Fragile,Objet_06443
Flammable,Objet_20545
Corrosive,Objet_11498
Oxidizing,Objet_19678
Toxic,Objet_13889
Oxidizing,Objet_27737
Food,Objet_14437
Food,Objet_15461
Radioactive,Objet_18554
Pressurized,Objet_15078
Oxidizing,Objet_07762
Explosive,Objet_20701
Corrosive,Objet_07958
Fragile,Objet_01105
Pressurized,Objet_12200
Food,Objet_22681
Flammable,Objet_26356
Radioactive,Objet_16026
Unspecified,Objet_24238
Oxidizing,Objet_27336
Food,Objet_20423
Corrosive,Objet_14100
Toxic,Objet_02307
Oxidizing,Objet_03726
Explosive,Objet_27730
Explosive,Objet_22314
Food,Objet_29171
Fragile,Objet_27210
Explosive,Objet_12126
Oxidizing,Objet_18103
Radioactive,Objet_13011
Fragile,Objet_09608
Radioactive,Objet_00031
Explosive,Objet_06821
Flammable,Objet_00179
Flammable,Objet_12807
Toxic,Objet_14843
Unspecified,Objet_29989
Pressurized,Objet_15457
Radioactive,Objet_12647
Pressurized,Objet_26581
Flammable,Objet_03773
Pressurized,Objet_06622
Flammable,Objet_28537
Toxic,Objet_10986
Unspecified,Objet_05838
Pressurized,Objet_22841
Flammable,Objet_19489
Radioactive,Objet_24996
Corrosive,Objet_06539
Pressurized,Objet_16507
Oxidizing,Objet_00713
Pressurized,Objet_27583
Oxidizing,Objet_22998
Oxidizing,Objet_05826
Fragile,Objet_27036
Corrosive,Objet_18075
Flammable,Objet_12077
Fragile,Objet_14937
Food,Objet_26056
Fragile,Objet_17432
Fragile,Objet_17141
Toxic,Objet_07633
Corrosive,Objet_12553
Corrosive,Objet_28094
Corrosive,Objet_21179
Oxidizing,Objet_23513
Radioactive,Objet_00321
Toxic,Objet_06625
Flammable,Objet_20288
Pressurized,Objet_16178
Oxidizing,Objet_24016
Pressurized,Objet_18266
Flammable,Objet_01577
Food,Objet_24565
Pressurized,Objet_11821
Pressurized,Objet_01141
Explosive,Objet_28234
Explosive,Objet_01921
Food,Objet_06862
Oxidizing,Objet_02866
Explosive,Objet_22772
Oxidizing,Objet_03665
Explosive,Objet_04357
Explosive,Objet_20534
Explosive,Objet_26463
Food,Objet_19399
Food,Objet_03069
Fragile,Objet_01549
Radioactive,Objet_02913
Corrosive,Objet_28906
Food,Objet_11322
Flammable,Objet_26324
Oxidizing,Objet_10125
Corrosive,Objet_14367
Toxic,Objet_21617
Food,Objet_02443
Corrosive,Objet_18045
Corrosive,Objet_16921
Oxidizing,Objet_15781
Fragile,Objet_03679
Toxic,Objet_03251
Corrosive,Objet_17338
Pressurized,Objet_28034
Explosive,Objet_04802
Explosive,Objet_05341
Fragile,Objet_16746
Food,Objet_24553
Food,Objet_18076
Pressurized,Objet_23962
Fragile,Objet_28649
Unspecified,Objet_15361
Oxidizing,Objet_29826
Food,Objet_04356
Food,Objet_29089
Pressurized,Objet_11881
Explosive,Objet_12210
Fragile,Objet_11251
Flammable,Objet_29214
Food,Objet_22058
Pressurized,Objet_19401
Pressurized,Objet_11781
Radioactive,Objet_26790
Corrosive,Objet_18490
Radioactive,Objet_08513
Pressurized,Objet_14731
Radioactive,Objet_12701
Food,Objet_15991
Toxic,Objet_08722
Toxic,Objet_06989
Fragile,Objet_25034
Flammable,Objet_02260
Food,Objet_19452
Unspecified,Objet_05454
Toxic,Objet_20357
Flammable,Objet_25868
Explosive,Objet_04112
Flammable,Objet_03507
Pressurized,Objet_27326
Unspecified,Objet_05467
Corrosive,Objet_09856
Flammable,Objet_23750
Corrosive,Objet_17216
Toxic,Objet_09518
Explosive,Objet_09062
Toxic,Objet_25631
Toxic,Objet_05104
Corrosive,Objet_14426
Corrosive,Objet_05023
Fragile,Objet_08714
Pressurized,Objet_20132
Toxic,Objet_15045
Flammable,Objet_26564
Oxidizing,Objet_28564
Food,Objet_16819
Toxic,Objet_14517
Fragile,Objet_20069
Corrosive,Objet_12464
Corrosive,Objet_16545
Corrosive,Objet_23793
Oxidizing,Objet_21319
Food,Objet_08385
Unspecified,Objet_10475
Explosive,Objet_11951
Corrosive,Objet_18480
Corrosive,Objet_12248
Fragile,Objet_01956
Oxidizing,Objet_03748
Fragile,Objet_03237
Oxidizing,Objet_26908
Oxidizing,Objet_29939
Food,Objet_17772
Flammable,Objet_10801
Oxidizing,Objet_02426
Oxidizing,Objet_05786
Food,Objet_19558
Pressurized,Objet_03811
Toxic,Objet_28892
Oxidizing,Objet_24631
Toxic,Objet_21812
Fragile,Objet_14271
Food,Objet_20064
Food,Objet_17015
Explosive,Objet_00876
Explosive,Objet_11519
Corrosive,Objet_05414
Oxidizing,Objet_09864
Flammable,Objet_11884
Pressurized,Objet_08404
Corrosive,Objet_22627
Food,Objet_22214
Explosive,Objet_10589
Fragile,Objet_12817
Pressurized,Objet_22960
Toxic,Objet_08318
Fragile,Objet_14798
Radioactive,Objet_09999
Pressurized,Objet_04065
Flammable,Objet_28716
Pressurized,Objet_04400
Corrosive,Objet_03704
Explosive,Objet_17797
Toxic,Objet_17792
Corrosive,Objet_11956
Explosive,Objet_15373
Food,Objet_11311
Food,Objet_13447
Oxidizing,Objet_13004
Food,Objet_16156
Explosive,Objet_06294
Unspecified,Objet_10097
Food,Objet_19296
Explosive,Objet_10990
Radioactive,Objet_00495
Oxidizing,Objet_11457
Flammable,Objet_02110
Food,Objet_21096
Corrosive,Objet_25303
Unspecified,Objet_21456
Corrosive,Objet_29595
Flammable,Objet_00980
Food,Objet_00700
Corrosive,Objet_11693
Pressurized,Objet_04680
Oxidizing,Objet_26341
Corrosive,Objet_24444
Oxidizing,Objet_11920
Toxic,Objet_26540
Oxidizing,Objet_03942
Radioactive,Objet_02523
Pressurized,Objet_05043
Unspecified,Objet_15644
Corrosive,Objet_26357
Fragile,Objet_08691
Explosive,Objet_09958
Explosive,Objet_28338
Unspecified,Objet_16020
Explosive,Objet_16499
Corrosive,Objet_02289
Explosive,Objet_02252
Flammable,Objet_22361
Pressurized,Objet_26336
Unspecified,Objet_01573
Fragile,Objet_23129
Food,Objet_25467
Oxidizing,Objet_19731
Corrosive,Objet_02039
Toxic,Objet_07104
Corrosive,Objet_10445
Fragile,Objet_16286
Explosive,Objet_24008
Radioactive,Objet_25909
Food,Objet_04663
Explosive,Objet_14966
Unspecified,Objet_04487
Toxic,Objet_15312
Unspecified,Objet_15540
Oxidizing,Objet_00032
Pressurized,Objet_15939
Corrosive,Objet_22915
Explosive,Objet_00977
Unspecified,Objet_26811
Explosive,Objet_25981
Flammable,Objet_12439
Oxidizing,Objet_26470
Oxidizing,Objet_03535
Pressurized,Objet_18745
Radioactive,Objet_14325
Explosive,Objet_29417
Unspecified,Objet_06071
Food,Objet_18640
Toxic,Objet_04034
Radioactive,Objet_21123
Unspecified,Objet_01766
Explosive,Objet_19049
Toxic,Objet_22262
Oxidizing,Objet_02021
Toxic,Objet_09931
Oxidizing,Objet_19336
Corrosive,Objet_20374
Radioactive,Objet_19383
Flammable,Objet_14811
Pressurized,Objet_18147
Explosive,Objet_17261
Radioactive,Objet_18482
Fragile,Objet_02483
Pressurized,Objet_17150
Unspecified,Objet_09651
Fragile,Objet_02565
Unspecified,Objet_07820
Corrosive,Objet_05723
Unspecified,Objet_13769
Corrosive,Objet_07067
Toxic,Objet_20125
Food,Objet_20449
Flammable,Objet_11008
Explosive,Objet_14615
Oxidizing,Objet_04071
Toxic,Objet_01258
Food,Objet_16500
Explosive,Objet_17299
Unspecified,Objet_19335
Fragile,Objet_15763
Explosive,Objet_27472
Oxidizing,Objet_06188
Fragile,Objet_23525
Unspecified,Objet_04514
Unspecified,Objet_00923
Flammable,Objet_20134
Food,Objet_25748
Fragile,Objet_06520
Corrosive,Objet_17679
Fragile,Objet_02911
Toxic,Objet_23676
Explosive,Objet_15841
Fragile,Objet_22833
Corrosive,Objet_27879
Fragile,Objet_06973
Pressurized,Objet_06894
Oxidizing,Objet_24574
Corrosive,Objet_27510
Oxidizing,Objet_18713
Radioactive,Objet_15132
Flammable,Objet_18267
Corrosive,Objet_06693
Oxidizing,Objet_29333
Toxic,Objet_12031
Fragile,Objet_29568
Radioactive,Objet_04847
Fragile,Objet_16704
Oxidizing,Objet_11942
Oxidizing,Objet_08417
Radioactive,Objet_12627
Fragile,Objet_00039
Toxic,Objet_09294
Oxidizing,Objet_17934
Explosive,Objet_19719
Unspecified,Objet_02608
Pressurized,Objet_13174
Explosive,Objet_20369
Pressurized,Objet_13341
Corrosive,Objet_16948
Corrosive,Objet_14090
Oxidizing,Objet_03173
Flammable,Objet_13809
Corrosive,Objet_01083
Pressurized,Objet_26982
Radioactive,Objet_05390
Oxidizing,Objet_22662
Toxic,Objet_26662
Food,Objet_07616
Pressurized,Objet_11017
Corrosive,Objet_14708
Corrosive,Objet_12928
Explosive,Objet_28477
Corrosive,Objet_24011
Explosive,Objet_17954
Pressurized,Objet_11551
Corrosive,Objet_16895
Unspecified,Objet_07760
Oxidizing,Objet_23963
Pressurized,Objet_27994
Explosive,Objet_14800
Fragile,Objet_27258
Oxidizing,Objet_25895
Explosive,Objet_23123
Oxidizing,Objet_26395
Radioactive,Objet_12386
Oxidizing,Objet_24624
Food,Objet_01894
Corrosive,Objet_10441
Toxic,Objet_13511
Fragile,Objet_25349
Corrosive,Objet_05383
Radioactive,Objet_06545
Oxidizing,Objet_07463
Unspecified,Objet_06172
Explosive,Objet_29849
Toxic,Objet_11314
Radioactive,Objet_03736
Food,Objet_24977
Explosive,Objet_11454
Corrosive,Objet_24833
Food,Objet_04349
Toxic,Objet_05836
Flammable,Objet_00100
Toxic,Objet_08542
Pressurized,Objet_02533
Fragile,Objet_09838
Fragile,Objet_04803
Unspecified,Objet_06115
Explosive,Objet_19534
Explosive,Objet_05540
Pressurized,Objet_15030
Toxic,Objet_20089
Oxidizing,Objet_26537
Fragile,Objet_05251
Explosive,Objet_08143
Oxidizing,Objet_07221
Oxidizing,Objet_06107
Radioactive,Objet_22111
Pressurized,Objet_24869
Unspecified,Objet_15788
Flammable,Objet_23943
Oxidizing,Objet_06884
Corrosive,Objet_12628
Toxic,Objet_29601
Oxidizing,Objet_03636
Radioactive,Objet_07012
Corrosive,Objet_05869
Food,Objet_10972
Oxidizing,Objet_13705
Flammable,Objet_17973
Radioactive,Objet_29639
Oxidizing,Objet_01309
Toxic,Objet_01902
Food,Objet_07308
Corrosive,Objet_09426
Unspecified,Objet_14095
Radioactive,Objet_12003
Pressurized,Objet_00105
Food,Objet_26422
Corrosive,Objet_01079
Fragile,Objet_08458
Corrosive,Objet_04130
Toxic,Objet_02458
Corrosive,Objet_21291
Pressurized,Objet_10016
Radioactive,Objet_11365
Flammable,Objet_09750
Pressurized,Objet_00339
Unspecified,Objet_23799
Explosive,Objet_02712
Fragile,Objet_22040
Radioactive,Objet_05236
Toxic,Objet_01883
Toxic,Objet_05500
Fragile,Objet_01624
Corrosive,Objet_06963
Explosive,Objet_15007
Food,Objet_19034
Flammable,Objet_25892
Oxidizing,Objet_04472
Corrosive,Objet_06108
Radioactive,Objet_24383
Radioactive,Objet_11900
Fragile,Objet_19990
Toxic,Objet_09078
Explosive,Objet_01692
Radioactive,Objet_03216
Fragile,Objet_07672
Radioactive,Objet_02883
Pressurized,Objet_07547
Toxic,Objet_01419
Radioactive,Objet_24300
Oxidizing,Objet_07333
Corrosive,Objet_02215
Oxidizing,Objet_03949
Fragile,Objet_25375
Unspecified,Objet_22294
Food,Objet_22442
Explosive,Objet_26168
Radioactive,Objet_01483
Food,Objet_22880
Explosive,Objet_18153
Toxic,Objet_26891
Corrosive,Objet_08886
Fragile,Objet_09874
Food,Objet_06028
Pressurized,Objet_06316
Explosive,Objet_14592
Unspecified,Objet_18160
Flammable,Objet_29062
Fragile,Objet_20583
Oxidizing,Objet_01081
Toxic,Objet_00860
Unspecified,Objet_26961
Unspecified,Objet_12095
Corrosive,Objet_28910
Toxic,Objet_27155
Corrosive,Objet_25294
Flammable,Objet_01158
Flammable,Objet_12294
Pressurized,Objet_26434
Fragile,Objet_00411
Oxidizing,Objet_10638
Explosive,Objet_25759
Corrosive,Objet_24846
Fragile,Objet_00320
Fragile,Objet_14634
Pressurized,Objet_14566
Oxidizing,Objet_20048
Pressurized,Objet_24793
Pressurized,Objet_28053
Toxic,Objet_01891
Corrosive,Objet_06125
Pressurized,Objet_07110
Radioactive,Objet_25702
Unspecified,Objet_17197
Fragile,Objet_18350
Pressurized,Objet_24163
Unspecified,Objet_21127
Unspecified,Objet_25498
Corrosive,Objet_09998
Toxic,Objet_16148
Pressurized,Objet_06321
Flammable,Objet_03961
Radioactive,Objet_22658
Toxic,Objet_03579
Corrosive,Objet_01003
Toxic,Objet_04609
Fragile,Objet_00900
Flammable,Objet_03482
Fragile,Objet_08101
Fragile,Objet_21525
Corrosive,Objet_21230
Toxic,Objet_30027
Fragile,Objet_21042
Food,Objet_21332
Explosive,Objet_18914
Explosive,Objet_22838
Corrosive,Objet_08179
Unspecified,Objet_20092
Toxic,Objet_00024
Pressurized,Objet_26259
Toxic,Objet_24200
Fragile,Objet_10503
Explosive,Objet_28191
Oxidizing,Objet_13565
Flammable,Objet_14199
Corrosive,Objet_07514
Food,Objet_09895
Food,Objet_16547
Toxic,Objet_04518
Unspecified,Objet_29727
Fragile,Objet_11878
Toxic,Objet_03180
Toxic,Objet_28488
Flammable,Objet_27885
Flammable,Objet_01263
Toxic,Objet_08968
Flammable,Objet_08110
Toxic,Objet_18631
Radioactive,Objet_19596
Radioactive,Objet_29138
Oxidizing,Objet_22289
Pressurized,Objet_09203
Explosive,Objet_09017
Radioactive,Objet_14261
Toxic,Objet_29886
Oxidizing,Objet_04834
Food,Objet_20702
Toxic,Objet_07173
Flammable,Objet_25464
Flammable,Objet_17802
Toxic,Objet_15969
Flammable,Objet_27881
Fragile,Objet_19587
Explosive,Objet_21692
Radioactive,Objet_23910
Radioactive,Objet_28567
Flammable,Objet_25519
Toxic,Objet_13018
Food,Objet_25202
Fragile,Objet_24178
Oxidizing,Objet_05530
Radioactive,Objet_25783
Unspecified,Objet_29526
Food,Objet_07207
Corrosive,Objet_21597
Toxic,Objet_21373
Corrosive,Objet_27176
Toxic,Objet_21281
Toxic,Objet_10354
Food,Objet_09628
Corrosive,Objet_25351
Radioactive,Objet_16766
Corrosive,Objet_07171
Toxic,Objet_16647
Food,Objet_00577
Oxidizing,Objet_08838
Corrosive,Objet_11149
Oxidizing,Objet_23221
Oxidizing,Objet_27217
Flammable,Objet_26436
Toxic,Objet_02809
Toxic,Objet_25817
Pressurized,Objet_28416
Flammable,Objet_26390
Food,Objet_17538
Radioactive,Objet_07271
Unspecified,Objet_17711
Oxidizing,Objet_09714
Flammable,Objet_08341
Toxic,Objet_23167
Corrosive,Objet_19219
Toxic,Objet_22071
Food,Objet_24700
Flammable,Objet_15366
Oxidizing,Objet_00757
Food,Objet_24627
Pressurized,Objet_08200
Radioactive,Objet_21094
Explosive,Objet_16177
Fragile,Objet_00153
Flammable,Objet_18922
Food,Objet_20214
Explosive,Objet_17931
Radioactive,Objet_28673
Corrosive,Objet_12091
Food,Objet_07556
Toxic,Objet_11075
Toxic,Objet_12549
Radioactive,Objet_25017
Toxic,Objet_12567
Explosive,Objet_21159
Explosive,Objet_12856
Flammable,Objet_13763
Oxidizing,Objet_28805
Food,Objet_23419
Toxic,Objet_25171
Unspecified,Objet_16667
Pressurized,Objet_04304
Explosive,Objet_08700
Flammable,Objet_02438
Radioactive,Objet_07513
Food,Objet_24914
Unspecified,Objet_01386
Unspecified,Objet_05532
Fragile,Objet_29141
Oxidizing,Objet_02992
Corrosive,Objet_21627
Toxic,Objet_16108
Radioactive,Objet_12892
Fragile,Objet_26536
Oxidizing,Objet_11671
Fragile,Objet_17957
Corrosive,Objet_28596
Unspecified,Objet_00590
Unspecified,Objet_12217
Toxic,Objet_05989
Toxic,Objet_28066
Flammable,Objet_05756
Toxic,Objet_26033
Fragile,Objet_24486
Oxidizing,Objet_05549
Food,Objet_02152
Corrosive,Objet_00835
Fragile,Objet_22881
Corrosive,Objet_09425
Oxidizing,Objet_22429
Explosive,Objet_18389
Oxidizing,Objet_09097
Radioactive,Objet_26073
Fragile,Objet_13292
Corrosive,Objet_00638
Food,Objet_29024
Corrosive,Objet_06065
Unspecified,Objet_19914
Food,Objet_01194
Toxic,Objet_14355
Corrosive,Objet_18931
Pressurized,Objet_01598
Explosive,Objet_06494
Toxic,Objet_19780
Corrosive,Objet_10776
Fragile,Objet_14390
Flammable,Objet_19344
Unspecified,Objet_18579
Fragile,Objet_05517
Toxic,Objet_23220
Radioactive,Objet_19395
Unspecified,Objet_19821
Fragile,Objet_14573
Fragile,Objet_00548
Flammable,Objet_10765
Pressurized,Objet_18121
Pressurized,Objet_13437
Fragile,Objet_07828
Pressurized,Objet_02256
Flammable,Objet_28433
Explosive,Objet_23674
Food,Objet_25773
Fragile,Objet_01430
Oxidizing,Objet_23214
Pressurized,Objet_22888
Oxidizing,Objet_05394
Explosive,Objet_26187
Oxidizing,Objet_09319
Flammable,Objet_20163
Toxic,Objet_15459
Flammable,Objet_16378
Unspecified,Objet_02250
Fragile,Objet_29769
Radioactive,Objet_14682
Oxidizing,Objet_09542
Pressurized,Objet_08370
Pressurized,Objet_12923
Radioactive,Objet_15712
Food,Objet_14821
Oxidizing,Objet_13872
Explosive,Objet_08164
Unspecified,Objet_06189
Toxic,Objet_22798
Pressurized,Objet_29821
Fragile,Objet_24371
Radioactive,Objet_22027
Oxidizing,Objet_14227
Toxic,Objet_16150
Corrosive,Objet_01740
Food,Objet_26981
Explosive,Objet_03819
Flammable,Objet_26332
Pressurized,Objet_18215
Fragile,Objet_26250
Fragile,Objet_18872
Unspecified,Objet_14192
Corrosive,Objet_21008
Oxidizing,Objet_02180
Explosive,Objet_23102
Food,Objet_14972
Fragile,Objet_18097
Flammable,Objet_01943
Pressurized,Objet_23166
Flammable,Objet_20983
Pressurized,Objet_27255
Fragile,Objet_18096
Corrosive,Objet_01112
Explosive,Objet_14575
Pressurized,Objet_04742
Pressurized,Objet_16574
Explosive,Objet_19761
Corrosive,Objet_02846
Pressurized,Objet_19490
Oxidizing,Objet_29338
Toxic,Objet_08868
Explosive,Objet_22285
Pressurized,Objet_17345
Corrosive,Objet_14578
Fragile,Objet_04084
Food,Objet_12385
Flammable,Objet_16568
Corrosive,Objet_16627
Unspecified,Objet_30110
Radioactive,Objet_16088
Toxic,Objet_04915
Fragile,Objet_26772
Toxic,Objet_14008
Explosive,Objet_17693
Oxidizing,Objet_14790
Flammable,Objet_14518
Oxidizing,Objet_13306
Corrosive,Objet_24054
Toxic,Objet_06288
Pressurized,Objet_04947
Toxic,Objet_02068
Toxic,Objet_29061
Corrosive,Objet_09821
Pressurized,Objet_12740
Food,Objet_22176
Toxic,Objet_18688
Flammable,Objet_16784
Corrosive,Objet_29276
Radioactive,Objet_15063
Radioactive,Objet_08611
Toxic,Objet_25440
Corrosive,Objet_17405
Pressurized,Objet_20891
Food,Objet_20543
Corrosive,Objet_22272
Pressurized,Objet_04119
Corrosive,Objet_25377
Oxidizing,Objet_00451
Fragile,Objet_27662
Food,Objet_04276
Explosive,Objet_08701
Radioactive,Objet_14732
Pressurized,Objet_12442
Flammable,Objet_12084
Toxic,Objet_05649
Explosive,Objet_08255
Toxic,Objet_00170
Fragile,Objet_24614
Oxidizing,Objet_04006
Toxic,Objet_12665
Pressurized,Objet_20252
Toxic,Objet_14396
Toxic,Objet_10181
Flammable,Objet_21223
Unspecified,Objet_17101
Explosive,Objet_00790
Flammable,Objet_21285
Corrosive,Objet_09846
Unspecified,Objet_29669
Explosive,Objet_29347
Radioactive,Objet_12771
Explosive,Objet_08136
Toxic,Objet_04240
Toxic,Objet_26535
Flammable,Objet_08091
Pressurized,Objet_21730
Explosive,Objet_27871
Oxidizing,Objet_15678
Corrosive,Objet_26688
Radioactive,Objet_12805
Food,Objet_15442
Flammable,Objet_18976
Flammable,Objet_24204
Food,Objet_28619
Oxidizing,Objet_28720
Pressurized,Objet_17972
Radioactive,Objet_24166
Corrosive,Objet_12925
Fragile,Objet_12586
Radioactive,Objet_13080
Toxic,Objet_09898
Corrosive,Objet_17687
Toxic,Objet_21023
Oxidizing,Objet_25505
Oxidizing,Objet_00382
Pressurized,Objet_16637
Food,Objet_07795
Explosive,Objet_27063
Oxidizing,Objet_25113
Unspecified,Objet_10841
Oxidizing,Objet_29009
Flammable,Objet_10226
Pressurized,Objet_12951
Unspecified,Objet_11331
Food,Objet_26840
Radioactive,Objet_20759
Corrosive,Objet_18296
Oxidizing,Objet_02535
Corrosive,Objet_24077
Fragile,Objet_01031
Pressurized,Objet_02388
Fragile,Objet_27344
Toxic,Objet_06498
Fragile,Objet_01380
Explosive,Objet_29772
Corrosive,Objet_19447
Radioactive,Objet_21952
Corrosive,Objet_13141
Unspecified,Objet_09678
Food,Objet_02860
Fragile,Objet_25501
Flammable,Objet_00576
Oxidizing,Objet_17699
Explosive,Objet_12589
Explosive,Objet_07509
Radioactive,Objet_05801
Oxidizing,Objet_01903
Explosive,Objet_29106
Oxidizing,Objet_19196
Pressurized,Objet_25854
Fragile,Objet_21645
Unspecified,Objet_20262
Toxic,Objet_14170
Flammable,Objet_09621
Unspecified,Objet_10743
Oxidizing,Objet_06164
Unspecified,Objet_15332
Pressurized,Objet_23510
Fragile,Objet_29109
Food,Objet_13888
Corrosive,Objet_24321
Radioactive,Objet_07946
Unspecified,Objet_02832
Food,Objet_07850
Explosive,Objet_04999
Oxidizing,Objet_13583
Oxidizing,Objet_00672
Pressurized,Objet_05815
Food,Objet_00432
Pressurized,Objet_11679
Radioactive,Objet_17169
Food,Objet_20477
Corrosive,Objet_24607
Corrosive,Objet_28136
Oxidizing,Objet_17251
Unspecified,Objet_13044
Explosive,Objet_14602
Explosive,Objet_14740
Food,Objet_07745
Pressurized,Objet_22842
Radioactive,Objet_19783
Flammable,Objet_14145
Unspecified,Objet_14048
Corrosive,Objet_01524
Corrosive,Objet_15158
Corrosive,Objet_19311
Food,Objet_20630
Unspecified,Objet_24945
Toxic,Objet_10656
Unspecified,Objet_24619
Fragile,Objet_20883
Radioactive,Objet_29490
Oxidizing,Objet_12508
Flammable,Objet_19280
Unspecified,Objet_04928
Unspecified,Objet_06541
Radioactive,Objet_06326
Fragile,Objet_28629
Radioactive,Objet_22424
Pressurized,Objet_00524
Fragile,Objet_16081
Unspecified,Objet_08990
Food,Objet_02619
Radioactive,Objet_06695
Oxidizing,Objet_15774
Fragile,Objet_09504
Fragile,Objet_11950
Flammable,Objet_14621
Fragile,Objet_28644
Fragile,Objet_23889
Radioactive,Objet_23392
Oxidizing,Objet_27501
Food,Objet_10598
Oxidizing,Objet_20491
Corrosive,Objet_11836
Toxic,Objet_22553
Unspecified,Objet_19175
Pressurized,Objet_01166
Flammable,Objet_18949
Radioactive,Objet_17925
Explosive,Objet_22334
Explosive,Objet_17560
Toxic,Objet_13886
Oxidizing,Objet_13639
Food,Objet_01411
Unspecified,Objet_16854
Corrosive,Objet_14341
Unspecified,Objet_03611
Explosive,Objet_24884
Fragile,Objet_11948
Pressurized,Objet_19006
Food,Objet_22443
Pressurized,Objet_05260
Toxic,Objet_13453
Toxic,Objet_20544
Unspecified,Objet_20456
Oxidizing,Objet_19246
Oxidizing,Objet_13754
Radioactive,Objet_00138
Explosive,Objet_05001
Flammable,Objet_14185
Fragile,Objet_08914
Radioactive,Objet_11085
Toxic,Objet_23637
Toxic,Objet_11854
Oxidizing,Objet_10836
Toxic,Objet_17152
Toxic,Objet_08226
Unspecified,Objet_18084
Food,Objet_03349
Unspecified,Objet_14404
Food,Objet_18686
Radioactive,Objet_19581
Fragile,Objet_25412
Unspecified,Objet_02526
Food,Objet_22847
Oxidizing,Objet_27695
Toxic,Objet_02789
Food,Objet_22693
Explosive,Objet_21800
Explosive,Objet_07490
Toxic,Objet_07317
Unspecified,Objet_28314
Radioactive,Objet_03511
Oxidizing,Objet_26657
Toxic,Objet_15234
Unspecified,Objet_09451
Oxidizing,Objet_26203
Toxic,Objet_28077
Food,Objet_01109
Corrosive,Objet_21520
Explosive,Objet_20433
Corrosive,Objet_29179
Corrosive,Objet_10220
Oxidizing,Objet_22697
Corrosive,Objet_23487
Oxidizing,Objet_23425
Corrosive,Objet_29281
Unspecified,Objet_02646
Toxic,Objet_18551
Unspecified,Objet_26218
Corrosive,Objet_06207
Corrosive,Objet_13269
Corrosive,Objet_09438
Unspecified,Objet_11453
Toxic,Objet_27388
Unspecified,Objet_13693
Pressurized,Objet_18906
Radioactive,Objet_09627
Fragile,Objet_17028
Flammable,Objet_19545
Pressurized,Objet_18077
Food,Objet_10155
Flammable,Objet_00378
Toxic,Objet_00707
Radioactive,Objet_22698
Fragile,Objet_30064
Unspecified,Objet_26816
Toxic,Objet_05930
Oxidizing,Objet_20414
Flammable,Objet_14308
Corrosive,Objet_16749
Oxidizing,Objet_07587
Fragile,Objet_23350
Fragile,Objet_23739
Flammable,Objet_20762
Fragile,Objet_23443
Pressurized,Objet_15566
Fragile,Objet_22371
Corrosive,Objet_01898
Corrosive,Objet_02633
Toxic,Objet_01486
Flammable,Objet_08281
Toxic,Objet_09488
Unspecified,Objet_10824
Flammable,Objet_13396
Flammable,Objet_01811
Corrosive,Objet_09469
Toxic,Objet_15757
Pressurized,Objet_22489
Unspecified,Objet_27087
Pressurized,Objet_00460
Fragile,Objet_03391
Explosive,Objet_04183
Unspecified,Objet_21097
Flammable,Objet_11003
Pressurized,Objet_12623
Pressurized,Objet_19377
Toxic,Objet_11362
Unspecified,Objet_01859
Pressurized,Objet_27678
Toxic,Objet_19425
Pressurized,Objet_08144
Toxic,Objet_07736
Fragile,Objet_28749
Corrosive,Objet_01614
Radioactive,Objet_04166
Radioactive,Objet_25055
Unspecified,Objet_17445
Flammable,Objet_12334
Food,Objet_10412
Pressurized,Objet_11301
Flammable,Objet_19806
Corrosive,Objet_16146
Food,Objet_22388
Pressurized,Objet_25968
Toxic,Objet_01260
Corrosive,Objet_09107
Toxic,Objet_16329
Flammable,Objet_24723
Explosive,Objet_28806
Flammable,Objet_06763
Corrosive,Objet_28625
Food,Objet_11237
Food,Objet_02265
Food,Objet_11832
Fragile,Objet_01358
Explosive,Objet_02787
Pressurized,Objet_05224
Toxic,Objet_06632
Fragile,Objet_23602
Radioactive,Objet_01102
Corrosive,Objet_22823
Fragile,Objet_01753
Unspecified,Objet_29997
Unspecified,Objet_03928
Pressurized,Objet_23575
Unspecified,Objet_03151
Radioactive,Objet_09635
Toxic,Objet_05243
Food,Objet_22284
Toxic,Objet_05669
Corrosive,Objet_28438
Radioactive,Objet_03481
Toxic,Objet_19420
Unspecified,Objet_17198
Fragile,Objet_23085
Unspecified,Objet_15439
Flammable,Objet_02601
Food,Objet_00907
Flammable,Objet_18366
Fragile,Objet_03620
Food,Objet_29589
Radioactive,Objet_13078
Oxidizing,Objet_05886
Toxic,Objet_26155
Fragile,Objet_00630
Toxic,Objet_07021
Pressurized,Objet_19686
Unspecified,Objet_05501
Corrosive,Objet_02182
Food,Objet_16525
Fragile,Objet_18893
Flammable,Objet_13799
Explosive,Objet_00701
Explosive,Objet_19341
Toxic,Objet_00522
Oxidizing,Objet_06746
Pressurized,Objet_20108
Flammable,Objet_10447
Fragile,Objet_28527
Explosive,Objet_01264
Fragile,Objet_19082
Toxic,Objet_27696
Toxic,Objet_17987
Toxic,Objet_02360
Oxidizing,Objet_20672
Corrosive,Objet_27674
Oxidizing,Objet_03397
Flammable,Objet_06707
Flammable,Objet_09989
Corrosive,Objet_19703
Corrosive,Objet_03168
Radioactive,Objet_27246
Fragile,Objet_19756
Explosive,Objet_22005
Food,Objet_16079
Fragile,Objet_28773
Flammable,Objet_10975
Pressurized,Objet_26352
Food,Objet_03778
Unspecified,Objet_14780
Oxidizing,Objet_17176
Fragile,Objet_21139
Radioactive,Objet_16701
Flammable,Objet_16029
Corrosive,Objet_03985
Fragile,Objet_01867
Toxic,Objet_22093
Flammable,Objet_22106
Pressurized,Objet_22869
Food,Objet_15371
Unspecified,Objet_25560
Flammable,Objet_19303
Radioactive,Objet_03645
Unspecified,Objet_23050
Oxidizing,Objet_07604
Radioactive,Objet_28398
Corrosive,Objet_12080
Food,Objet_07210
Fragile,Objet_14061
Food,Objet_25218
Flammable,Objet_26530
Pressurized,Objet_19977
Toxic,Objet_21034
Fragile,Objet_13470
Explosive,Objet_26036
Food,Objet_04922
Explosive,Objet_28272
Radioactive,Objet_28335
Corrosive,Objet_27934
Radioactive,Objet_04314
Fragile,Objet_05109
Toxic,Objet_05254
Toxic,Objet_27487
Toxic,Objet_25639
Unspecified,Objet_24201
Oxidizing,Objet_14302
Unspecified,Objet_20836
Oxidizing,Objet_25347
Toxic,Objet_20636
Unspecified,Objet_23736
Corrosive,Objet_22316
Flammable,Objet_16849
Oxidizing,Objet_05698
Unspecified,Objet_02495
Radioactive,Objet_19684
Fragile,Objet_20542
Toxic,Objet_21264
Food,Objet_29924
Corrosive,Objet_20475
Flammable,Objet_28307
Fragile,Objet_05130
Toxic,Objet_15806
Food,Objet_27641
Fragile,Objet_28180
Flammable,Objet_18992
Pressurized,Objet_02806
Food,Objet_02582
Unspecified,Objet_02145
Radioactive,Objet_19557
Explosive,Objet_10456
Pressurized,Objet_04664
Explosive,Objet_08468
Food,Objet_09374
Flammable,Objet_21303
Pressurized,Objet_29751
Flammable,Objet_21190
Oxidizing,Objet_22741
Explosive,Objet_08384
Flammable,Objet_02848
Oxidizing,Objet_22932
Food,Objet_25045
Flammable,Objet_25809
Radioactive,Objet_25392
Pressurized,Objet_28081
Food,Objet_25052
Oxidizing,Objet_02716
Toxic,Objet_10248
Toxic,Objet_14005
Food,Objet_21713
Oxidizing,Objet_01899
Radioactive,Objet_23021
Explosive,Objet_01574
Corrosive,Objet_20326
Pressurized,Objet_07111
Explosive,Objet_27199
Radioactive,Objet_15599
Radioactive,Objet_24229
Oxidizing,Objet_09119
Pressurized,Objet_15855
Toxic,Objet_22225
Corrosive,Objet_09333
Food,Objet_07277
Corrosive,Objet_17090
Pressurized,Objet_25877
Radioactive,Objet_18735
Unspecified,Objet_06928
Fragile,Objet_18553
Flammable,Objet_15740
Food,Objet_07335
Corrosive,Objet_29407
Explosive,Objet_18805
Toxic,Objet_11778
Fragile,Objet_14955
Flammable,Objet_11954
Pressurized,Objet_20577
Toxic,Objet_14218
Food,Objet_23640
Radioactive,Objet_14707
Toxic,Objet_02581
Toxic,Objet_27396
Food,Objet_20675
Radioactive,Objet_27198
Flammable,Objet_09373
Flammable,Objet_13165
Food,Objet_17179
Fragile,Objet_27379
Unspecified,Objet_20275
Flammable,Objet_05947
Explosive,Objet_27480
Explosive,Objet_04422
Pressurized,Objet_29122
Toxic,Objet_00771
Corrosive,Objet_13110
Explosive,Objet_27075
Pressurized,Objet_28569
Fragile,Objet_25967
Oxidizing,Objet_09807
Toxic,Objet_28730
Oxidizing,Objet_13740
Flammable,Objet_02323
Unspecified,Objet_18254
Radioactive,Objet_04906
Food,Objet_16285
Toxic,Objet_08184
Pressurized,Objet_22377
Toxic,Objet_22806
Explosive,Objet_24473
Corrosive,Objet_18095
Fragile,Objet_27329
Unspecified,Objet_00806
Corrosive,Objet_12547
Food,Objet_25107
Pressurized,Objet_03559
Unspecified,Objet_29288
Fragile,Objet_12811
Food,Objet_25739
Flammable,Objet_25510
Oxidizing,Objet_11629
Fragile,Objet_07892
Flammable,Objet_20087
Explosive,Objet_13570
Flammable,Objet_19916
Oxidizing,Objet_20309
Oxidizing,Objet_13232
Food,Objet_00309
Unspecified,Objet_20522
Corrosive,Objet_08760
Oxidizing,Objet_11036
Radioactive,Objet_17951
Unspecified,Objet_09372
Toxic,Objet_15545
Unspecified,Objet_04224
Fragile,Objet_16120
Explosive,Objet_24827
Radioactive,Objet_10020
Explosive,Objet_01110
Explosive,Objet_01888
Corrosive,Objet_07034
Food,Objet_29258
Fragile,Objet_06092
Explosive,Objet_15608
Pressurized,Objet_13640
Food,Objet_19913
Radioactive,Objet_24800
Food,Objet_08938
Toxic,Objet_13331
Fragile,Objet_15208
Corrosive,Objet_17448
Oxidizing,Objet_12328
Food,Objet_03111
Pressurized,Objet_09096
Pressurized,Objet_25679
Corrosive,Objet_08977
Radioactive,Objet_02133
Toxic,Objet_07352
Toxic,Objet_03208
Fragile,Objet_08624
Radioactive,Objet_28150
Pressurized,Objet_14995
Corrosive,Objet_14240
Flammable,Objet_18217
Toxic,Objet_00641
Radioactive,Objet_15187
Oxidizing,Objet_08269
Unspecified,Objet_19819
Toxic,Objet_23349
Fragile,Objet_23453
Fragile,Objet_24904
Unspecified,Objet_26504
Pressurized,Objet_05479
Pressurized,Objet_19053
Corrosive,Objet_17056
Oxidizing,Objet_08187
Corrosive,Objet_04195
Radioactive,Objet_13426
Toxic,Objet_00057
Food,Objet_25886
Unspecified,Objet_17769
Unspecified,Objet_26193
Corrosive,Objet_06134
Explosive,Objet_00036
Toxic,Objet_22720
Fragile,Objet_04839
Unspecified,Objet_03872
Flammable,Objet_27989
Pressurized,Objet_26293
Explosive,Objet_06647
Flammable,Objet_11460
Fragile,Objet_17748
Unspecified,Objet_21361
Flammable,Objet_20868
Oxidizing,Objet_00018
Corrosive,Objet_26179
Pressurized,Objet_05247
Explosive,Objet_14438
Pressurized,Objet_09421
Corrosive,Objet_02427
Toxic,Objet_25870
Flammable,Objet_26813
Toxic,Objet_20592
Pressurized,Objet_18286
Radioactive,Objet_17821
Toxic,Objet_16099
Toxic,Objet_22488
Explosive,Objet_04001
Flammable,Objet_27089
Food,Objet_11067
Flammable,Objet_01907
Food,Objet_27231
Unspecified,Objet_03375
Unspecified,Objet_24410
Fragile,Objet_11635
Oxidizing,Objet_11055
Fragile,Objet_05674
Food,Objet_26173
Pressurized,Objet_00685
Explosive,Objet_05428
Pressurized,Objet_12309
Explosive,Objet_05294
Fragile,Objet_28173
Radioactive,Objet_18996
Flammable,Objet_26414
Flammable,Objet_02566
Pressurized,Objet_13021
Unspecified,Objet_14933
Toxic,Objet_22703
Oxidizing,Objet_12463
Unspecified,Objet_19998
Unspecified,Objet_26468
Radioactive,Objet_10436
Pressurized,Objet_02254
Unspecified,Objet_21934
Fragile,Objet_17226
Radioactive,Objet_23684
Flammable,Objet_19797
Radioactive,Objet_25100
Unspecified,Objet_16827
Food,Objet_07372
Fragile,Objet_19553
Unspecified,Objet_11558
Radioactive,Objet_03471
Oxidizing,Objet_01699
Corrosive,Objet_14198
Radioactive,Objet_08398
Unspecified,Objet_03862
Explosive,Objet_19183
Unspecified,Objet_30145
Explosive,Objet_14641
Explosive,Objet_26755
Corrosive,Objet_23362
Pressurized,Objet_17234
Radioactive,Objet_05182
Oxidizing,Objet_28137
Explosive,Objet_11745
Food,Objet_23557
Flammable,Objet_21240
Explosive,Objet_25763
Unspecified,Objet_16045
Pressurized,Objet_05538
Unspecified,Objet_15825
Flammable,Objet_09088
Explosive,Objet_00542
Pressurized,Objet_00873
Oxidizing,Objet_23342
Corrosive,Objet_06924
Fragile,Objet_19107
Toxic,Objet_07959
Unspecified,Objet_10302
Flammable,Objet_02943
Radioactive,Objet_11215
Explosive,Objet_19423
Corrosive,Objet_15490
Oxidizing,Objet_14669
Toxic,Objet_08694
Oxidizing,Objet_02221
Flammable,Objet_18424
Corrosive,Objet_22238
Food,Objet_01216
Fragile,Objet_14331
Radioactive,Objet_12433
Fragile,Objet_05073
Flammable,Objet_09552
Pressurized,Objet_04828
Oxidizing,Objet_01787
Toxic,Objet_13198
Flammable,Objet_07175
Corrosive,Objet_00906
Unspecified,Objet_27163
Corrosive,Objet_06891
Fragile,Objet_10022
Explosive,Objet_28083
Radioactive,Objet_19218
Toxic,Objet_00610
Radioactive,Objet_14268
Food,Objet_00323
Radioactive,Objet_12956
Unspecified,Objet_19739
Toxic,Objet_02288
Unspecified,Objet_20171
Corrosive,Objet_15885
Unspecified,Objet_25597
Radioactive,Objet_12658
Flammable,Objet_27529
Food,Objet_23074
Food,Objet_23467
Fragile,Objet_15808
Unspecified,Objet_18167
Corrosive,Objet_25316
Unspecified,Objet_01319
Flammable,Objet_08630
Pressurized,Objet_14434
Unspecified,Objet_21393
Food,Objet_10292
Pressurized,Objet_27875
Toxic,Objet_10278
Unspecified,Objet_10608
Oxidizing,Objet_10633
Explosive,Objet_29715
Food,Objet_22966
Flammable,Objet_27767
Flammable,Objet_08548
Corrosive,Objet_07483
Pressurized,Objet_15124
Radioactive,Objet_13003
Flammable,Objet_15207
Unspecified,Objet_02820
Toxic,Objet_13832
Fragile,Objet_22807
Food,Objet_00891
Oxidizing,Objet_03024
Pressurized,Objet_25133
Corrosive,Objet_19541
Pressurized,Objet_15214
Unspecified,Objet_12360
Oxidizing,Objet_19179
Food,Objet_23502
Fragile,Objet_12177
Explosive,Objet_09410
Food,Objet_05332
Fragile,Objet_21814
Corrosive,Objet_28547
Explosive,Objet_20987
Pressurized,Objet_26769
Corrosive,Objet_08298
Explosive,Objet_22887
Unspecified,Objet_07716
Unspecified,Objet_21835
Radioactive,Objet_02548
Pressurized,Objet_02081
Explosive,Objet_26556
Toxic,Objet_29042
Oxidizing,Objet_10905
Oxidizing,Objet_15487
Fragile,Objet_24267
Pressurized,Objet_03290
Oxidizing,Objet_14155
Explosive,Objet_01908
Oxidizing,Objet_25513
Fragile,Objet_27093
Flammable,Objet_15792
Corrosive,Objet_12516
Corrosive,Objet_03279
Corrosive,Objet_07928
Oxidizing,Objet_14986
Radioactive,Objet_00469
Explosive,Objet_08347
Fragile,Objet_15735
Unspecified,Objet_09227
Flammable,Objet_15484
Food,Objet_02313
Oxidizing,Objet_01967
Food,Objet_01905
Flammable,Objet_18612
Corrosive,Objet_17739
Fragile,Objet_09049
Toxic,Objet_29140
Fragile,Objet_17055
Fragile,Objet_28839
Toxic,Objet_27495
Unspecified,Objet_12506
Corrosive,Objet_27986
Toxic,Objet_27497
Corrosive,Objet_05212
Flammable,Objet_08799
Explosive,Objet_12510
Toxic,Objet_04384
Oxidizing,Objet_12932
Explosive,Objet_03273
Pressurized,Objet_20298
Explosive,Objet_07197
Radioactive,Objet_20732
Fragile,Objet_24692
Food,Objet_22684
Pressurized,Objet_09649
Fragile,Objet_22652
Flammable,Objet_00753
Toxic,Objet_04755
Pressurized,Objet_06226
Oxidizing,Objet_22333
Pressurized,Objet_10173
Food,Objet_14530
Explosive,Objet_29923
Food,Objet_02130
Corrosive,Objet_11858
Toxic,Objet_21829
Food,Objet_15775
Radioactive,Objet_12105
Unspecified,Objet_04373
Oxidizing,Objet_22853
Radioactive,Objet_25663
Fragile,Objet_20718
Toxic,Objet_21622
Flammable,Objet_27835
Explosive,Objet_17606
Fragile,Objet_17829
Oxidizing,Objet_16877
Explosive,Objet_25699
Fragile,Objet_21828
Pressurized,Objet_13793
Unspecified,Objet_29162
Radioactive,Objet_21670
Radioactive,Objet_04202
Radioactive,Objet_22073
Fragile,Objet_02977
Oxidizing,Objet_15451
Radioactive,Objet_28893
Oxidizing,Objet_07216
Corrosive,Objet_17126
Food,Objet_13216
Pressurized,Objet_08038
Corrosive,Objet_13836
Radioactive,Objet_18481
Fragile,Objet_03191
Unspecified,Objet_27470
Explosive,Objet_10609
Unspecified,Objet_26864
Explosive,Objet_11703
Unspecified,Objet_24755
Pressurized,Objet_13630
Fragile,Objet_05585
Flammable,Objet_18747
Unspecified,Objet_17067
Toxic,Objet_13242
Pressurized,Objet_22066
Corrosive,Objet_19978
Oxidizing,Objet_27594
Fragile,Objet_09343
Radioactive,Objet_29092
Corrosive,Objet_21160
Explosive,Objet_20158
Unspecified,Objet_19825
Explosive,Objet_20293
Fragile,Objet_25376
Corrosive,Objet_18367
Pressurized,Objet_00017
Flammable,Objet_19606
Corrosive,Objet_04526
Pressurized,Objet_15515
Radioactive,Objet_22192
Explosive,Objet_06630
Oxidizing,Objet_11654
Unspecified,Objet_06698
Food,Objet_00504
Fragile,Objet_18809
Food,Objet_05344
Pressurized,Objet_21260
Toxic,Objet_25401
Unspecified,Objet_02509
Oxidizing,Objet_07555
Corrosive,Objet_03261
Flammable,Objet_24060
Food,Objet_29847
Radioactive,Objet_29660
Oxidizing,Objet_13662
Oxidizing,Objet_17047
Flammable,Objet_09955
Corrosive,Objet_08944
Unspecified,Objet_29198
Unspecified,Objet_07281
Corrosive,Objet_14516
Oxidizing,Objet_13677
Food,Objet_00937
Unspecified,Objet_14213
Oxidizing,Objet_29364
Explosive,Objet_05846
Radioactive,Objet_18795
Flammable,Objet_23080
Toxic,Objet_14045
Toxic,Objet_22897
Toxic,Objet_20619
Unspecified,Objet_29726
Corrosive,Objet_03409
Flammable,Objet_09554
Corrosive,Objet_21466
Fragile,Objet_07889
Food,Objet_15867
Oxidizing,Objet_22647
Oxidizing,Objet_07187
Pressurized,Objet_18572
Flammable,Objet_02213
Oxidizing,Objet_29575
Radioactive,Objet_30117
Unspecified,Objet_15292
Flammable,Objet_20646
Unspecified,Objet_25656
Toxic,Objet_05108
Pressurized,Objet_00634
Food,Objet_02429
Corrosive,Objet_27605
Pressurized,Objet_04426
Corrosive,Objet_02668
Pressurized,Objet_29112
Oxidizing,Objet_18756
Corrosive,Objet_21099
Explosive,Objet_21977
Oxidizing,Objet_06823
Pressurized,Objet_25102
Unspecified,Objet_18340
Pressurized,Objet_15821
Explosive,Objet_17526
Pressurized,Objet_22810
Food,Objet_13947
Pressurized,Objet_03282
Toxic,Objet_25993
Flammable,Objet_29604
Oxidizing,Objet_18830
Oxidizing,Objet_26277
Radioactive,Objet_23035
Explosive,Objet_04880
Oxidizing,Objet_06800
Flammable,Objet_04723
Food,Objet_11392
Food,Objet_06420
Oxidizing,Objet_27250
Fragile,Objet_21652
Unspecified,Objet_20548
Oxidizing,Objet_24021
Oxidizing,Objet_28753
Radioactive,Objet_04000
Explosive,Objet_26738
Fragile,Objet_19362
Pressurized,Objet_01084
Pressurized,Objet_01780
Food,Objet_00642
Fragile,Objet_04549
Corrosive,Objet_16375
Toxic,Objet_23337
Unspecified,Objet_29373
Toxic,Objet_26102
Unspecified,Objet_23427
Toxic,Objet_15897
Radioactive,Objet_21268
Oxidizing,Objet_10275
Oxidizing,Objet_12208
Unspecified,Objet_02119
Pressurized,Objet_05115
Pressurized,Objet_09772
Oxidizing,Objet_10807
Oxidizing,Objet_20602
Food,Objet_16942
Explosive,Objet_01872
Pressurized,Objet_07266
Food,Objet_13319
Radioactive,Objet_13728
Pressurized,Objet_01530
Food,Objet_01042
Corrosive,Objet_13636
Food,Objet_26849
Flammable,Objet_28916
Pressurized,Objet_08018
Flammable,Objet_05979
Pressurized,Objet_17588
Toxic,Objet_23670
Food,Objet_10902
Oxidizing,Objet_18513
Pressurized,Objet_11859
Radioactive,Objet_15101
Radioactive,Objet_22549
Toxic,Objet_21095
Food,Objet_24401
Pressurized,Objet_06706
Fragile,Objet_22953
Explosive,Objet_15586
Fragile,Objet_05370
Pressurized,Objet_17373
Fragile,Objet_13336
Flammable,Objet_03218
Fragile,Objet_14524
Flammable,Objet_07196
Explosive,Objet_02316
Explosive,Objet_09195
Explosive,Objet_24523
Unspecified,Objet_29919
Unspecified,Objet_10822
Corrosive,Objet_08096
Food,Objet_05343
Radioactive,Objet_27999
Pressurized,Objet_03934
Explosive,Objet_01604
Flammable,Objet_26532
Toxic,Objet_27610
Explosive,Objet_30094
Pressurized,Objet_00375
Unspecified,Objet_17331
Food,Objet_21031
Explosive,Objet_16255
Flammable,Objet_04679
Flammable,Objet_28194
Radioactive,Objet_28883
Flammable,Objet_29440
Corrosive,Objet_01183
Radioactive,Objet_04197
Pressurized,Objet_01707
Toxic,Objet_03170
Radioactive,Objet_24927
Fragile,Objet_01744
Radioactive,Objet_26619
Unspecified,Objet_14866
Corrosive,Objet_07426
Fragile,Objet_28110
Unspecified,Objet_23705
Corrosive,Objet_04785
Unspecified,Objet_07327
Unspecified,Objet_01582
Fragile,Objet_21661
Flammable,Objet_28112
Toxic,Objet_05687
Food,Objet_06440
Fragile,Objet_13524
Fragile,Objet_16213
Flammable,Objet_14289
Toxic,Objet_13008
Food,Objet_05818
Fragile,Objet_01845
Oxidizing,Objet_13505
Food,Objet_13288
Pressurized,Objet_11418
Radioactive,Objet_23373
Pressurized,Objet_13699
Pressurized,Objet_29894
Flammable,Objet_15912
Food,Objet_19446
Flammable,Objet_11199
Oxidizing,Objet_09543
Oxidizing,Objet_03815
Explosive,Objet_30118
Corrosive,Objet_12186
Unspecified,Objet_22819
Explosive,Objet_27723
Toxic,Objet_27349
Fragile,Objet_26394
Fragile,Objet_30008
Fragile,Objet_27684
Explosive,Objet_04012
Explosive,Objet_22322
Radioactive,Objet_01640
Explosive,Objet_08793
Radioactive,Objet_08786
Unspecified,Objet_20513
Pressurized,Objet_11955
Unspecified,Objet_18963
Radioactive,Objet_04045
Corrosive,Objet_12880
Explosive,Objet_23556
Unspecified,Objet_27621
Toxic,Objet_16359
Explosive,Objet_16828
Fragile,Objet_01500
Radioactive,Objet_04607
Fragile,Objet_11110
Flammable,Objet_24878
Radioactive,Objet_18136
Flammable,Objet_21841
Pressurized,Objet_05117
Explosive,Objet_22164
Unspecified,Objet_15357
Food,Objet_00033
Unspecified,Objet_05050
Flammable,Objet_01054
Pressurized,Objet_05151
Explosive,Objet_07960
Flammable,Objet_02555
Fragile,Objet_14702
Fragile,Objet_04582
Toxic,Objet_09527
Oxidizing,Objet_06995
Corrosive,Objet_18111
Flammable,Objet_07619
Food,Objet_09300
Pressurized,Objet_21989
Unspecified,Objet_17921
Flammable,Objet_08532
Pressurized,Objet_10925
Corrosive,Objet_26705
Radioactive,Objet_08776
Corrosive,Objet_03405
Flammable,Objet_14176
Toxic,Objet_02949
Explosive,Objet_17117
Corrosive,Objet_19820
Radioactive,Objet_06584
Explosive,Objet_28200
Fragile,Objet_15966
Fragile,Objet_07103
Corrosive,Objet_08502
Unspecified,Objet_01569
Explosive,Objet_05700
Corrosive,Objet_06781
Food,Objet_01332
Toxic,Objet_04324
Toxic,Objet_05880
Toxic,Objet_07188
Fragile,Objet_02598
Food,Objet_11946
Explosive,Objet_20935
Food,Objet_29842
Explosive,Objet_06665
Oxidizing,Objet_26869
Flammable,Objet_11048
Radioactive,Objet_09153
Pressurized,Objet_03418
Oxidizing,Objet_21181
Unspecified,Objet_17840
Unspecified,Objet_01665
Radioactive,Objet_09798
Radioactive,Objet_29228
Radioactive,Objet_16974
Flammable,Objet_14876
Explosive,Objet_23984
Fragile,Objet_00486
Corrosive,Objet_20151
Toxic,Objet_19011
Pressurized,Objet_28491
Radioactive,Objet_21173
Radioactive,Objet_18696
Explosive,Objet_10599
Oxidizing,Objet_26077
Toxic,Objet_24778
Food,Objet_15281
Flammable,Objet_12158
Food,Objet_27444
Flammable,Objet_04175
Toxic,Objet_20608
Pressurized,Objet_15072
Pressurized,Objet_01346
Fragile,Objet_16054
Unspecified,Objet_20903
Explosive,Objet_10289
Radioactive,Objet_15759
Fragile,Objet_16349
Toxic,Objet_26198
Flammable,Objet_06375
Explosive,Objet_02713
Unspecified,Objet_02915
Unspecified,Objet_28205
Unspecified,Objet_00784
Flammable,Objet_14696
Fragile,Objet_25256
Toxic,Objet_09470
Radioactive,Objet_17796
Unspecified,Objet_07518
Food,Objet_04548
Corrosive,Objet_24507
Flammable,Objet_26131
Explosive,Objet_26100
Unspecified,Objet_17403
Food,Objet_16243
Pressurized,Objet_24832
Explosive,Objet_16018
Explosive,Objet_29713
Corrosive,Objet_17151
Toxic,Objet_27333
Radioactive,Objet_08415
Corrosive,Objet_11072
Explosive,Objet_03309
Unspecified,Objet_18488
Corrosive,Objet_25908
Food,Objet_25255
Corrosive,Objet_10087
Toxic,Objet_21851
Fragile,Objet_28290
Toxic,Objet_02709
Food,Objet_28442
Pressurized,Objet_24543
Toxic,Objet_05146
Flammable,Objet_11193
Pressurized,Objet_10423
Oxidizing,Objet_28480
Radioactive,Objet_15279
Radioactive,Objet_24652
Toxic,Objet_06701
Fragile,Objet_03169
Oxidizing,Objet_04590
Pressurized,Objet_25581
Oxidizing,Objet_17916
Oxidizing,Objet_06349
Food,Objet_20950
Flammable,Objet_11896
Corrosive,Objet_20356
Toxic,Objet_02071
Oxidizing,Objet_29076
Pressurized,Objet_11871
Radioactive,Objet_01335
Oxidizing,Objet_20751
Corrosive,Objet_23970
Unspecified,Objet_02994
Explosive,Objet_09525
Food,Objet_19873
Food,Objet_03307
Pressurized,Objet_22985
Food,Objet_20352
Fragile,Objet_17507
Flammable,Objet_12228
Flammable,Objet_01185
Pressurized,Objet_18058
Corrosive,Objet_11298
Radioactive,Objet_13504
Toxic,Objet_00283
Unspecified,Objet_23589
Toxic,Objet_02780
Pressurized,Objet_03374
Pressurized,Objet_18644
Food,Objet_23238
Unspecified,Objet_08413
Fragile,Objet_01561
Fragile,Objet_20196
Explosive,Objet_29629
Food,Objet_25183
Corrosive,Objet_20455
Food,Objet_09860
Flammable,Objet_07049
Food,Objet_09839
Pressurized,Objet_22258
Oxidizing,Objet_25567
Corrosive,Objet_01174
Fragile,Objet_12916
Corrosive,Objet_10285
Corrosive,Objet_18664
Fragile,Objet_19513
Explosive,Objet_05238
Toxic,Objet_03495
Unspecified,Objet_12108
Explosive,Objet_01325
Flammable,Objet_07371
Unspecified,Objet_12480
Radioactive,Objet_06628
Corrosive,Objet_17072
Explosive,Objet_06116
Corrosive,Objet_10392
Corrosive,Objet_02782
Unspecified,Objet_26137
Toxic,Objet_30063
Corrosive,Objet_03104
Flammable,Objet_00842
Flammable,Objet_05967
Flammable,Objet_25784
Oxidizing,Objet_30159
Unspecified,Objet_16244
Unspecified,Objet_20341
Fragile,Objet_04571
Toxic,Objet_18205
Flammable,Objet_12093
Corrosive,Objet_18528
Flammable,Objet_25947
Radioactive,Objet_17805
Corrosive,Objet_00986
Toxic,Objet_02654
Toxic,Objet_07279
Flammable,Objet_04203
Fragile,Objet_28339
Fragile,Objet_01445
Radioactive,Objet_00994
Unspecified,Objet_21490
Unspecified,Objet_07944
Toxic,Objet_04569
Corrosive,Objet_23388
Toxic,Objet_25884
Pressurized,Objet_08742
Explosive,Objet_19714
Explosive,Objet_15500
Fragile,Objet_26814
Corrosive,Objet_09415
Unspecified,Objet_11094
Corrosive,Objet_07701
Corrosive,Objet_29982
Oxidizing,Objet_06623
Unspecified,Objet_00718
Toxic,Objet_07742
Explosive,Objet_07993
Fragile,Objet_21206
Flammable,Objet_06243
Oxidizing,Objet_15992
Radioactive,Objet_20994
Oxidizing,Objet_10636
Toxic,Objet_12103
Radioactive,Objet_03901
Pressurized,Objet_00872
Toxic,Objet_04211
Flammable,Objet_04451
Food,Objet_15859
Explosive,Objet_25785
Corrosive,Objet_24454
Unspecified,Objet_07906
Fragile,Objet_23863
Food,Objet_12139
Corrosive,Objet_28146
Unspecified,Objet_24069
Toxic,Objet_23231
Food,Objet_28690
Oxidizing,Objet_08119
Toxic,Objet_01738
Unspecified,Objet_05831
Toxic,Objet_02551
Unspecified,Objet_05639
Corrosive,Objet_04048
Flammable,Objet_15129
Toxic,Objet_22839
Fragile,Objet_26560
Corrosive,Objet_28304
Flammable,Objet_27272
Corrosive,Objet_26727
Corrosive,Objet_13727
Food,Objet_07898
Radioactive,Objet_26405
Radioactive,Objet_18392
Corrosive,Objet_01834
Fragile,Objet_15341
Radioactive,Objet_15313
Explosive,Objet_29670
Toxic,Objet_18390
Unspecified,Objet_18833
Corrosive,Objet_05451
Flammable,Objet_07888
Toxic,Objet_06311
Fragile,Objet_22581
Toxic,Objet_03222
Radioactive,Objet_07854
Pressurized,Objet_16671
Fragile,Objet_15033
Radioactive,Objet_18440
Oxidizing,Objet_26231
Oxidizing,Objet_29254
Explosive,Objet_05298
Oxidizing,Objet_19142
Explosive,Objet_06388
Food,Objet_22599
Food,Objet_29131
Oxidizing,Objet_04798
Oxidizing,Objet_06220
Food,Objet_15596
Radioactive,Objet_25345
Radioactive,Objet_10543
Oxidizing,Objet_22509
Food,Objet_13430
Corrosive,Objet_17213
Pressurized,Objet_23692
Unspecified,Objet_26479
Toxic,Objet_28908
Fragile,Objet_14653
Fragile,Objet_00442
Unspecified,Objet_10240
Explosive,Objet_00530
Radioactive,Objet_03040
Explosive,Objet_19238
Corrosive,Objet_14527
Radioactive,Objet_28255
Toxic,Objet_26758
Fragile,Objet_20120
Corrosive,Objet_11529
Flammable,Objet_17785
Toxic,Objet_22931
Flammable,Objet_22208
Fragile,Objet_00844
Food,Objet_07606
Corrosive,Objet_15778
Food,Objet_16493
Unspecified,Objet_02299
Pressurized,Objet_28362
Unspecified,Objet_24872
Corrosive,Objet_29203
Flammable,Objet_18151
Food,Objet_14403
Oxidizing,Objet_27584
Pressurized,Objet_28657
Radioactive,Objet_13287
Flammable,Objet_24511
Corrosive,Objet_05452
Flammable,Objet_19170
Oxidizing,Objet_17110
Flammable,Objet_11228
Flammable,Objet_29916
Explosive,Objet_03512
Corrosive,Objet_00147
Toxic,Objet_23680
Food,Objet_06901
Unspecified,Objet_11517
Explosive,Objet_23852
Pressurized,Objet_16305
Unspecified,Objet_17228
Oxidizing,Objet_14328
Food,Objet_00061
Pressurized,Objet_10129
Unspecified,Objet_23210
Unspecified,Objet_29582
Explosive,Objet_23316
Fragile,Objet_13314
Explosive,Objet_17175
Unspecified,Objet_03437
Unspecified,Objet_07214
Explosive,Objet_14750
Flammable,Objet_09592
Explosive,Objet_21389
Flammable,Objet_13788
Explosive,Objet_20575
Unspecified,Objet_29266
Pressurized,Objet_01151
Food,Objet_25078
Food,Objet_02376
Toxic,Objet_25403
Fragile,Objet_11874
Fragile,Objet_19458
Toxic,Objet_02114
Corrosive,Objet_06731
Fragile,Objet_29934
Pressurized,Objet_20501
Corrosive,Objet_23054
Food,Objet_11646
Explosive,Objet_07697
Unspecified,Objet_25727
Flammable,Objet_16204
Pressurized,Objet_22724
Radioactive,Objet_15483
Oxidizing,Objet_16716
Flammable,Objet_13496
Fragile,Objet_24227
Explosive,Objet_29000
Toxic,Objet_12130
Oxidizing,Objet_03415
Flammable,Objet_09940
Oxidizing,Objet_21631
Toxic,Objet_28539
Flammable,Objet_02342
Flammable,Objet_17733
Toxic,Objet_19287
Unspecified,Objet_11226
Oxidizing,Objet_14101
Unspecified,Objet_02917
Explosive,Objet_23958
Oxidizing,Objet_13042
Food,Objet_22707
Explosive,Objet_08239
Flammable,Objet_00162
Food,Objet_24004
Food,Objet_14410
Fragile,Objet_18703
Oxidizing,Objet_21409
Flammable,Objet_24649
Pressurized,Objet_24447
Pressurized,Objet_14510
Unspecified,Objet_11018
Pressurized,Objet_24187
Oxidizing,Objet_28953
Toxic,Objet_29242
Oxidizing,Objet_01782
Pressurized,Objet_19724
Toxic,Objet_02918
Explosive,Objet_07561
Corrosive,Objet_12243
Oxidizing,Objet_20887
Toxic,Objet_20614
Fragile,Objet_20225
Flammable,Objet_16665
Flammable,Objet_18536
Toxic,Objet_18730
Flammable,Objet_14489
Pressurized,Objet_01036
Flammable,Objet_25129
Unspecified,Objet_15358
Pressurized,Objet_07598
Pressurized,Objet_15535
Corrosive,Objet_00859
Unspecified,Objet_02788
Fragile,Objet_09117
Fragile,Objet_29834
Oxidizing,Objet_15081
Toxic,Objet_16317
Unspecified,Objet_09957
Food,Objet_28025
Oxidizing,Objet_20863
Oxidizing,Objet_00516
Explosive,Objet_10814
Fragile,Objet_14776
Unspecified,Objet_24118
Corrosive,Objet_07801
Unspecified,Objet_16562
Explosive,Objet_04208
Oxidizing,Objet_15976
Food,Objet_28161
Explosive,Objet_14130
Oxidizing,Objet_18265
Oxidizing,Objet_19749
Oxidizing,Objet_23534
Explosive,Objet_03962
Toxic,Objet_18673
Toxic,Objet_29783
Fragile,Objet_06756
Radioactive,Objet_18239
Pressurized,Objet_02737
Fragile,Objet_04979
Flammable,Objet_25438
Fragile,Objet_04292
Toxic,Objet_04714
Fragile,Objet_17559
Oxidizing,Objet_18588
Fragile,Objet_16306
Food,Objet_23374
Oxidizing,Objet_22120
Corrosive,Objet_00680
Corrosive,Objet_09407
Toxic,Objet_13034
Pressurized,Objet_15716
Explosive,Objet_01558
Explosive,Objet_09142
Fragile,Objet_19582
Unspecified,Objet_16731
Flammable,Objet_28897
Corrosive,Objet_02676
Toxic,Objet_28726
Explosive,Objet_17389
Pressurized,Objet_19730
Radioactive,Objet_07390
Fragile,Objet_10960
Explosive,Objet_24830
Unspecified,Objet_26593
Flammable,Objet_29836
Pressurized,Objet_06182
Unspecified,Objet_04258
Toxic,Objet_11167
Toxic,Objet_06869
Explosive,Objet_18131
Fragile,Objet_11002
Explosive,Objet_18323
Pressurized,Objet_10769
Radioactive,Objet_17713
Unspecified,Objet_01939
Radioactive,Objet_00580
Radioactive,Objet_19286
Toxic,Objet_11660
Unspecified,Objet_23711
Toxic,Objet_23138
Unspecified,Objet_00087
Corrosive,Objet_00224
Pressurized,Objet_13603
Pressurized,Objet_02220
Corrosive,Objet_02236
Food,Objet_25766
Corrosive,Objet_28760
Food,Objet_18203
Radioactive,Objet_19955
Fragile,Objet_09500
Radioactive,Objet_09870
Fragile,Objet_12522
Corrosive,Objet_10709
Food,Objet_05763
Food,Objet_10991
Toxic,Objet_02135
Oxidizing,Objet_23148
Flammable,Objet_13506
Flammable,Objet_21711
Fragile,Objet_09191
Toxic,Objet_20408
Pressurized,Objet_13058
Pressurized,Objet_09271
Oxidizing,Objet_24766
Corrosive,Objet_28858
Fragile,Objet_02084
Oxidizing,Objet_20810
Explosive,Objet_27284
Corrosive,Objet_25307
Food,Objet_06165
Food,Objet_25050
Fragile,Objet_05360
Corrosive,Objet_07920
Food,Objet_06662
Fragile,Objet_02309
Pressurized,Objet_14502
Toxic,Objet_28651
Radioactive,Objet_13701
Oxidizing,Objet_17660
Unspecified,Objet_14122
Unspecified,Objet_23241
Corrosive,Objet_11918
Oxidizing,Objet_28776
Toxic,Objet_25074
Radioactive,Objet_17334
Unspecified,Objet_29072
Flammable,Objet_08973
Toxic,Objet_27612
Toxic,Objet_06559
Pressurized,Objet_22235
Flammable,Objet_04551
Corrosive,Objet_04450
Unspecified,Objet_24823
Toxic,Objet_23636
Radioactive,Objet_01347
Explosive,Objet_09253
Flammable,Objet_25117
Pressurized,Objet_09892
Unspecified,Objet_16131
Pressurized,Objet_18901
Food,Objet_10052
Explosive,Objet_14050
Pressurized,Objet_09386
Flammable,Objet_16113
Explosive,Objet_17524
Radioactive,Objet_19153
Explosive,Objet_20282
Flammable,Objet_02391
Radioactive,Objet_29720
Explosive,Objet_07156
Pressurized,Objet_15005
Pressurized,Objet_15066
Fragile,Objet_12712
Toxic,Objet_18015
Oxidizing,Objet_17312
Unspecified,Objet_01435
Corrosive,Objet_21761
Fragile,Objet_05719
Pressurized,Objet_02487
Pressurized,Objet_10511
Pressurized,Objet_29905
Corrosive,Objet_04096
Radioactive,Objet_09842
Oxidizing,Objet_17364
Corrosive,Objet_28832
Toxic,Objet_25976
Flammable,Objet_03727
Radioactive,Objet_29557
Explosive,Objet_23921
Food,Objet_27476
Unspecified,Objet_27665
Fragile,Objet_29436
Toxic,Objet_23896
Pressurized,Objet_04968
Oxidizing,Objet_11019
Unspecified,Objet_25796
Radioactive,Objet_00934
Flammable,Objet_23364
Oxidizing,Objet_17256
Food,Objet_18999
Fragile,Objet_22206
Corrosive,Objet_17457
Pressurized,Objet_01643
Fragile,Objet_29829
Flammable,Objet_06050
Pressurized,Objet_07318
Oxidizing,Objet_00924
Radioactive,Objet_13829
Food,Objet_15604
Flammable,Objet_10261
Radioactive,Objet_15522
Explosive,Objet_08960
Unspecified,Objet_21722
Oxidizing,Objet_18839
Unspecified,Objet_11346
Food,Objet_22919
Flammable,Objet_29306
Unspecified,Objet_04302
Toxic,Objet_27225
Radioactive,Objet_06993
Explosive,Objet_23111
Explosive,Objet_08643
Flammable,Objet_13028
Toxic,Objet_28830
Food,Objet_13958
Explosive,Objet_15237
Toxic,Objet_05739
Fragile,Objet_28048
Flammable,Objet_02118
Food,Objet_24650
Oxidizing,Objet_16971
Explosive,Objet_24081
Unspecified,Objet_25038
Flammable,Objet_18600
Fragile,Objet_05194
Pressurized,Objet_01324
Radioactive,Objet_21236
Oxidizing,Objet_28300
Oxidizing,Objet_18412
Toxic,Objet_14013
Radioactive,Objet_27589
Fragile,Objet_01870
Toxic,Objet_02503
Explosive,Objet_10833
Flammable,Objet_18655
Explosive,Objet_04794
Unspecified,Objet_20900
Flammable,Objet_23237
Flammable,Objet_29977
Food,Objet_29356
Oxidizing,Objet_21769
Pressurized,Objet_22935
Pressurized,Objet_12398
Unspecified,Objet_22138
Radioactive,Objet_19281
Food,Objet_19085
Flammable,Objet_18281
Fragile,Objet_29002
Toxic,Objet_25247
Flammable,Objet_24635
Unspecified,Objet_29985
Fragile,Objet_08022
Toxic,Objet_17610
Pressurized,Objet_27041
Flammable,Objet_21368
Food,Objet_15259
Fragile,Objet_23378
Flammable,Objet_12369
Radioactive,Objet_29322
Pressurized,Objet_04061
Unspecified,Objet_09777
Flammable,Objet_22187
Toxic,Objet_20168
Food,Objet_26943
Unspecified,Objet_01294
Explosive,Objet_04497
Radioactive,Objet_24999
Food,Objet_14820
Toxic,Objet_25072
Pressurized,Objet_24919
Corrosive,Objet_16414
Pressurized,Objet_24594
Toxic,Objet_14589
Fragile,Objet_19940
Flammable,Objet_01919
Flammable,Objet_22630
Explosive,Objet_09405
Oxidizing,Objet_17469
Pressurized,Objet_10568
Corrosive,Objet_10672
Toxic,Objet_03450
Explosive,Objet_09379
Radioactive,Objet_21275
Unspecified,Objet_10131
Explosive,Objet_17463
Corrosive,Objet_16709
Unspecified,Objet_25749
Pressurized,Objet_08090
Toxic,Objet_07952
Food,Objet_12467
Food,Objet_23128
Food,Objet_21664
Corrosive,Objet_08564
Food,Objet_23206
Radioactive,Objet_14097
Corrosive,Objet_27213
Corrosive,Objet_22740
Explosive,Objet_10505
Unspecified,Objet_18140
Oxidizing,Objet_23358
Radioactive,Objet_18272
Flammable,Objet_29058
Food,Objet_10032
Explosive,Objet_07217
Toxic,Objet_14044
Corrosive,Objet_15195
Corrosive,Objet_11231
Flammable,Objet_11391
Toxic,Objet_00723
Flammable,Objet_10348
Food,Objet_25624
Flammable,Objet_13648
Fragile,Objet_24693
Food,Objet_25090
Unspecified,Objet_15397
Unspecified,Objet_30112
Unspecified,Objet_06802
Oxidizing,Objet_17200
Fragile,Objet_08516
Explosive,Objet_08146
Flammable,Objet_04255
Radioactive,Objet_12275
Flammable,Objet_22854
Radioactive,Objet_19972
Food,Objet_28682
Pressurized,Objet_22685
Pressurized,Objet_19199
Corrosive,Objet_23765
Explosive,Objet_03578
Corrosive,Objet_23310
Radioactive,Objet_09583
Flammable,Objet_16913
Fragile,Objet_02175
Toxic,Objet_05152
Flammable,Objet_02684
Oxidizing,Objet_26924
Radioactive,Objet_22015
Toxic,Objet_06496
Pressurized,Objet_02908
Unspecified,Objet_03880
Flammable,Objet_22331
Fragile,Objet_26665
Explosive,Objet_27834
Toxic,Objet_20459
Oxidizing,Objet_28436
Food,Objet_04337
Flammable,Objet_25800
Flammable,Objet_05682
Pressurized,Objet_18046
Explosive,Objet_08991
Flammable,Objet_29150
Oxidizing,Objet_02382
Unspecified,Objet_08883
Radioactive,Objet_18365
Fragile,Objet_11031
Corrosive,Objet_00219
Corrosive,Objet_16663
Corrosive,Objet_28050
Pressurized,Objet_07897
Fragile,Objet_25448
Corrosive,Objet_07481
Food,Objet_27084
Food,Objet_21533
Explosive,Objet_20463
Flammable,Objet_23260
Radioactive,Objet_10794
Food,Objet_26639
Fragile,Objet_24976
Flammable,Objet_12546
Oxidizing,Objet_05660
Explosive,Objet_14326
Flammable,Objet_01152
Food,Objet_05197
Pressurized,Objet_10594
Radioactive,Objet_00423
Explosive,Objet_09005
Food,Objet_23628
Explosive,Objet_09961
Corrosive,Objet_28950
Food,Objet_22260
Explosive,Objet_13759
Toxic,Objet_20551
Oxidizing,Objet_11806
Radioactive,Objet_23743
Food,Objet_21925
Oxidizing,Objet_12061
Explosive,Objet_18880
Food,Objet_16893
Fragile,Objet_17297
Unspecified,Objet_01355
Food,Objet_12273
Toxic,Objet_01055
Flammable,Objet_02402
Radioactive,Objet_28987
Unspecified,Objet_11372
Radioactive,Objet_14092
Radioactive,Objet_29443
Corrosive,Objet_28611
Oxidizing,Objet_18739
Toxic,Objet_27281
Pressurized,Objet_18458
Toxic,Objet_17598
Pressurized,Objet_09851
Radioactive,Objet_01388
Toxic,Objet_28665
Unspecified,Objet_19206
Explosive,Objet_22384
Explosive,Objet_02718
Explosive,Objet_13824
Fragile,Objet_14898
Radioactive,Objet_07192
Food,Objet_20684
Pressurized,Objet_28000
Toxic,Objet_24598
Radioactive,Objet_19081
Fragile,Objet_12562
Flammable,Objet_29785
Explosive,Objet_29292
Fragile,Objet_23551
Toxic,Objet_20425
Corrosive,Objet_19991
Fragile,Objet_08042
Pressurized,Objet_24850
Flammable,Objet_03001
Fragile,Objet_10372
Radioactive,Objet_19083
Radioactive,Objet_21787
Flammable,Objet_19268
Toxic,Objet_29052
Pressurized,Objet_13550
Oxidizing,Objet_25322
Radioactive,Objet_18728
Oxidizing,Objet_08447
Explosive,Objet_08279
Unspecified,Objet_03844
Unspecified,Objet_28563
Toxic,Objet_06005
Fragile,Objet_00389
Flammable,Objet_15059
Unspecified,Objet_08125
Food,Objet_08121
Fragile,Objet_22269
Food,Objet_26692
Pressurized,Objet_05980
Food,Objet_00766
Radioactive,Objet_17867
Pressurized,Objet_03046
Toxic,Objet_10175
Pressurized,Objet_28031
Flammable,Objet_04769
Toxic,Objet_10767
Corrosive,Objet_02022
Unspecified,Objet_07105
Corrosive,Objet_05974
Flammable,Objet_28241
Pressurized,Objet_12445
Fragile,Objet_08084
Unspecified,Objet_09453
Explosive,Objet_10006
Food,Objet_04888
Food,Objet_09540
Oxidizing,Objet_23001
Unspecified,Objet_13387
Food,Objet_21916
Unspecified,Objet_10058
Corrosive,Objet_00868
Corrosive,Objet_15411
Oxidizing,Objet_19116
Pressurized,Objet_17875
Fragile,Objet_24790
Explosive,Objet_28833
Unspecified,Objet_15697
Pressurized,Objet_17543
Food,Objet_19525
Oxidizing,Objet_29176
Fragile,Objet_16133
Oxidizing,Objet_16394
Fragile,Objet_28888
Explosive,Objet_12723
Toxic,Objet_03356
Flammable,Objet_12603
Explosive,Objet_03490
Pressurized,Objet_11440
Unspecified,Objet_24638
Flammable,Objet_05748
Flammable,Objet_28630
Explosive,Objet_12850
Unspecified,Objet_29786
Food,Objet_08430
Oxidizing,Objet_16261
Fragile,Objet_28835
Oxidizing,Objet_24459
Unspecified,Objet_20156
Unspecified,Objet_00970
Unspecified,Objet_25962
Flammable,Objet_14856
Toxic,Objet_10816
Pressurized,Objet_04415
Fragile,Objet_25605
Food,Objet_28208
Fragile,Objet_02072
Unspecified,Objet_04583
Pressurized,Objet_22753
Toxic,Objet_05120
Oxidizing,Objet_12904
Unspecified,Objet_12346
Oxidizing,Objet_08443
Explosive,Objet_00783
Unspecified,Objet_11561
Toxic,Objet_24903
Corrosive,Objet_17643
Toxic,Objet_20157
Radioactive,Objet_03672
Oxidizing,Objet_03028
Fragile,Objet_21735
Toxic,Objet_15323
Oxidizing,Objet_05727
Explosive,Objet_18956
Food,Objet_29706
Flammable,Objet_05824
Oxidizing,Objet_12252
Radioactive,Objet_08730
Unspecified,Objet_25281
Radioactive,Objet_27790
Fragile,Objet_28384
Toxic,Objet_08777
Corrosive,Objet_13613
Pressurized,Objet_07985
Explosive,Objet_04938
Unspecified,Objet_14817
Unspecified,Objet_20651
Pressurized,Objet_21375
Food,Objet_29996
Oxidizing,Objet_07593
Pressurized,Objet_02627
Radioactive,Objet_24498
Fragile,Objet_19922
Toxic,Objet_23888
Food,Objet_04058
Explosive,Objet_04913
Corrosive,Objet_26861
Pressurized,Objet_13163
Fragile,Objet_22234
Oxidizing,Objet_25943
Pressurized,Objet_27766
Oxidizing,Objet_28709
Food,Objet_21681
Pressurized,Objet_24335
Unspecified,Objet_20731
Explosive,Objet_26809
Unspecified,Objet_06401
Explosive,Objet_07634
Radioactive,Objet_23023
Flammable,Objet_08020
Toxic,Objet_01995
Oxidizing,Objet_21548
Radioactive,Objet_13084
Corrosive,Objet_19923
Fragile,Objet_27343
Fragile,Objet_04330
Corrosive,Objet_29370
Food,Objet_13299
Food,Objet_26013
Food,Objet_30103
Food,Objet_20980
Flammable,Objet_25545
Pressurized,Objet_07119
Fragile,Objet_18684
Oxidizing,Objet_14290
Toxic,Objet_07418
Pressurized,Objet_12152
Explosive,Objet_01951
Fragile,Objet_08312
Food,Objet_28502
Flammable,Objet_17499
Pressurized,Objet_11980
Corrosive,Objet_04896
Pressurized,Objet_28298
Unspecified,Objet_02781
Flammable,Objet_20559
Oxidizing,Objet_13931
Oxidizing,Objet_12686
Pressurized,Objet_10297
Pressurized,Objet_00293
Toxic,Objet_06849
Explosive,Objet_25308
Food,Objet_02228
Unspecified,Objet_05681
Flammable,Objet_02752
Flammable,Objet_06700
Flammable,Objet_08642
Pressurized,Objet_29904
Corrosive,Objet_13412
Fragile,Objet_02439
Food,Objet_13815
Fragile,Objet_27475
Explosive,Objet_26531
Oxidizing,Objet_29210
Corrosive,Objet_07328
Unspecified,Objet_01017
Flammable,Objet_10480
Unspecified,Objet_02188
Flammable,Objet_07592
Explosive,Objet_13118
Explosive,Objet_11320
Oxidizing,Objet_03300
Unspecified,Objet_08185
Explosive,Objet_18321
Oxidizing,Objet_28239
Unspecified,Objet_03234
Unspecified,Objet_24100
Radioactive,Objet_21378
Fragile,Objet_05628
Corrosive,Objet_24732
Toxic,Objet_27592
Flammable,Objet_26956
Pressurized,Objet_12319
Toxic,Objet_22696
Radioactive,Objet_02519
Radioactive,Objet_11034
Pressurized,Objet_05058
Radioactive,Objet_19129
Fragile,Objet_29711
Corrosive,Objet_09396
Toxic,Objet_02444
Oxidizing,Objet_16491
Oxidizing,Objet_14249
Flammable,Objet_03441
Pressurized,Objet_26477
Fragile,Objet_10748
Corrosive,Objet_03763
Flammable,Objet_23215
Corrosive,Objet_27896
Toxic,Objet_00084
Radioactive,Objet_25829
Explosive,Objet_11970
Corrosive,Objet_17032
Corrosive,Objet_16727
Radioactive,Objet_14430
Flammable,Objet_26265
Toxic,Objet_04342
Oxidizing,Objet_19760
Fragile,Objet_00724
Fragile,Objet_13968
Unspecified,Objet_08869
Flammable,Objet_23413
Food,Objet_13712
Unspecified,Objet_25018
Oxidizing,Objet_23018
Flammable,Objet_29087
Unspecified,Objet_22366
Flammable,Objet_09458
Corrosive,Objet_18303
Oxidizing,Objet_17700
Toxic,Objet_03663
Oxidizing,Objet_27126
Toxic,Objet_10804
Oxidizing,Objet_20740
Radioactive,Objet_02137
Pressurized,Objet_07728
Food,Objet_29811
Radioactive,Objet_04447
Toxic,Objet_26069
Food,Objet_04688
Pressurized,Objet_07848
Toxic,Objet_25722
Corrosive,Objet_07089
Fragile,Objet_11972
Flammable,Objet_09092
Oxidizing,Objet_09869
Pressurized,Objet_29946
Oxidizing,Objet_23592
Toxic,Objet_06814
Toxic,Objet_23171
Toxic,Objet_17508
Fragile,Objet_21594
Pressurized,Objet_22161
Unspecified,Objet_01286
Food,Objet_09849
Corrosive,Objet_24113
Flammable,Objet_09757
Food,Objet_27378
Oxidizing,Objet_20017
Explosive,Objet_21964
Corrosive,Objet_24835
Corrosive,Objet_03243
Food,Objet_19437
Flammable,Objet_11387
Explosive,Objet_19919
Pressurized,Objet_12259
Radioactive,Objet_15245
Unspecified,Objet_17725
Fragile,Objet_10786
Explosive,Objet_13252
Food,Objet_29006
Fragile,Objet_01739
Explosive,Objet_04924
Food,Objet_25700
Radioactive,Objet_03596
Fragile,Objet_14451
Toxic,Objet_22717
Explosive,Objet_08459
Explosive,Objet_22136
Unspecified,Objet_01285
Food,Objet_12454
Food,Objet_03871
Radioactive,Objet_16415
Toxic,Objet_18125
Radioactive,Objet_18813
Fragile,Objet_07576
Pressurized,Objet_22449
Toxic,Objet_01128
Explosive,Objet_18748
Corrosive,Objet_19048
Unspecified,Objet_28349
Corrosive,Objet_27821
Explosive,Objet_28853
Fragile,Objet_04091
Oxidizing,Objet_05565
Unspecified,Objet_04289
Fragile,Objet_01705
Oxidizing,Objet_28945
Oxidizing,Objet_10532
Fragile,Objet_11337
Pressurized,Objet_18468
Oxidizing,Objet_06576
Radioactive,Objet_28737
Food,Objet_07981
Corrosive,Objet_27393
Toxic,Objet_04647
Unspecified,Objet_13591
Pressurized,Objet_15984
Toxic,Objet_23076
Corrosive,Objet_13878
Fragile,Objet_24848
Fragile,Objet_02765
Oxidizing,Objet_23643
Radioactive,Objet_09925
Flammable,Objet_26361
Pressurized,Objet_21511
Oxidizing,Objet_26935
Explosive,Objet_20632
Radioactive,Objet_12099
Radioactive,Objet_28661
Fragile,Objet_24471
Pressurized,Objet_24749
Pressurized,Objet_00947
Radioactive,Objet_03918
Oxidizing,Objet_06551
Toxic,Objet_13546
Food,Objet_07901
Corrosive,Objet_24463
Pressurized,Objet_07995
Explosive,Objet_19900
Toxic,Objet_27565
Radioactive,Objet_09134
Corrosive,Objet_23875
Radioactive,Objet_12996
Food,Objet_03935
Fragile,Objet_21951
Fragile,Objet_11751
Pressurized,Objet_22497
Toxic,Objet_17094
Fragile,Objet_13388
Unspecified,Objet_09586
Pressurized,Objet_11611
Pressurized,Objet_23723
Fragile,Objet_04457
Fragile,Objet_28123
Radioactive,Objet_10607
Flammable,Objet_15751
Pressurized,Objet_12898
Radioactive,Objet_08335
Flammable,Objet_28548
Corrosive,Objet_21412
Oxidizing,Objet_01097
Toxic,Objet_23956
Oxidizing,Objet_20204
Flammable,Objet_24536
Oxidizing,Objet_06323
Explosive,Objet_15531
Fragile,Objet_04158
Pressurized,Objet_25154
Radioactive,Objet_08655
Oxidizing,Objet_05064
Radioactive,Objet_12212
Toxic,Objet_23713
Toxic,Objet_14657
Fragile,Objet_24871
Flammable,Objet_12654
Fragile,Objet_20511
Pressurized,Objet_07832
Flammable,Objet_09794
Oxidizing,Objet_08853
Toxic,Objet_30004
Toxic,Objet_27588
Food,Objet_07871
Flammable,Objet_00218
Radioactive,Objet_14890
Unspecified,Objet_17910
Unspecified,Objet_02974
Corrosive,Objet_29979
Fragile,Objet_20615
Food,Objet_12204
Toxic,Objet_08562
Pressurized,Objet_27690
Oxidizing,Objet_10527
Radioactive,Objet_01098
Explosive,Objet_00770
Corrosive,Objet_17447
Fragile,Objet_12563
Corrosive,Objet_05529
Oxidizing,Objet_02365
Toxic,Objet_05415
Fragile,Objet_23673
Pressurized,Objet_10643
Explosive,Objet_25406
Fragile,Objet_10161
Unspecified,Objet_15958
Food,Objet_14499
Unspecified,Objet_23369
Toxic,Objet_25365
Radioactive,Objet_04752
Radioactive,Objet_28216
Flammable,Objet_03777
Radioactive,Objet_23927
Food,Objet_03459
Unspecified,Objet_12763
Radioactive,Objet_09796
Food,Objet_17844
Food,Objet_18500
Toxic,Objet_20838
Fragile,Objet_09247
Corrosive,Objet_08811
Fragile,Objet_03430
Flammable,Objet_10949
Food,Objet_02083
Oxidizing,Objet_29694
Fragile,Objet_10120
Corrosive,Objet_12384
Toxic,Objet_03394
Radioactive,Objet_08640
Toxic,Objet_02397
Oxidizing,Objet_12378
Radioactive,Objet_04929
Food,Objet_28256
Fragile,Objet_19155
Flammable,Objet_28365
Corrosive,Objet_20409
Food,Objet_03149
Food,Objet_16905
Unspecified,Objet_11612
Explosive,Objet_23703
Oxidizing,Objet_25369
Corrosive,Objet_14452
Radioactive,Objet_27506
Unspecified,Objet_29412
Toxic,Objet_22435
Flammable,Objet_04626
Flammable,Objet_12579
Toxic,Objet_07368
Pressurized,Objet_02937
Food,Objet_15248
Oxidizing,Objet_27037
Food,Objet_08545
Corrosive,Objet_07320
Oxidizing,Objet_20769
Explosive,Objet_18848
Pressurized,Objet_05806
Pressurized,Objet_28880
Explosive,Objet_12992
Unspecified,Objet_16257
Food,Objet_07852
Fragile,Objet_14041
Fragile,Objet_16619
Fragile,Objet_24771
Oxidizing,Objet_20695
Explosive,Objet_12143
Toxic,Objet_24312
Radioactive,Objet_18858
Explosive,Objet_25109
Fragile,Objet_29690
Explosive,Objet_11868
Radioactive,Objet_11040
Oxidizing,Objet_30054
Corrosive,Objet_07289
Explosive,Objet_01485
Fragile,Objet_12034
Corrosive,Objet_12973
Pressurized,Objet_00985
Explosive,Objet_24193
Corrosive,Objet_12000
Unspecified,Objet_06433
Fragile,Objet_04926
Unspecified,Objet_22637
Explosive,Objet_05228
Explosive,Objet_23428
Flammable,Objet_28062
Unspecified,Objet_21822
Food,Objet_07492
Unspecified,Objet_25244
Flammable,Objet_28943
Radioactive,Objet_05937
Radioactive,Objet_22721
Explosive,Objet_20219
Oxidizing,Objet_12830
Radioactive,Objet_07081
Fragile,Objet_28043
Radioactive,Objet_17319
Fragile,Objet_17591
Explosive,Objet_00959
Radioactive,Objet_09345
Toxic,Objet_10579
Pressurized,Objet_26027
Fragile,Objet_21913
Unspecified,Objet_27796
Radioactive,Objet_14012
Fragile,Objet_09862
Radioactive,Objet_20229
Fragile,Objet_05008
Food,Objet_06471
Fragile,Objet_20175
Fragile,Objet_25935
Oxidizing,Objet_21660
Corrosive,Objet_17456
Pressurized,Objet_02449
Food,Objet_14781
Toxic,Objet_18200
Corrosive,Objet_12652
Toxic,Objet_12046
Radioactive,Objet_06653
Oxidizing,Objet_06510
Food,Objet_09915
Unspecified,Objet_01269
Unspecified,Objet_17191
Flammable,Objet_21902
Toxic,Objet_08427
Radioactive,Objet_24656
Food,Objet_19895
Oxidizing,Objet_13868
Food,Objet_16569
Toxic,Objet_10673
Oxidizing,Objet_24854
Unspecified,Objet_07174
Flammable,Objet_16754
Flammable,Objet_27520
Flammable,Objet_01876
Oxidizing,Objet_06254
Explosive,Objet_21637
Food,Objet_13480
Radioactive,Objet_04996
Corrosive,Objet_14606
Unspecified,Objet_02531
Unspecified,Objet_07017
Fragile,Objet_28603
Unspecified,Objet_25888
Oxidizing,Objet_25654
Corrosive,Objet_29377
Fragile,Objet_23184
Pressurized,Objet_02357
Explosive,Objet_04375
Food,Objet_20849
Pressurized,Objet_04748
Toxic,Objet_02745
Oxidizing,Objet_16780
Corrosive,Objet_15747
Toxic,Objet_10829
Food,Objet_13542
Radioactive,Objet_10060
Food,Objet_13898
Oxidizing,Objet_23535
Corrosive,Objet_22119
Fragile,Objet_20307
Oxidizing,Objet_29088
Unspecified,Objet_11687
Oxidizing,Objet_17011
Radioactive,Objet_13614
Toxic,Objet_08006
Explosive,Objet_06073
Food,Objet_28635
Fragile,Objet_27465
Explosive,Objet_01877
Fragile,Objet_17478
Unspecified,Objet_27861
Corrosive,Objet_10971
Unspecified,Objet_20549
Explosive,Objet_08138
Oxidizing,Objet_21669
Food,Objet_19600
Fragile,Objet_05755
Radioactive,Objet_07813
Toxic,Objet_23642
Pressurized,Objet_24535
Flammable,Objet_25132
Flammable,Objet_18618
Corrosive,Objet_01615
Radioactive,Objet_16066
Flammable,Objet_23555
Food,Objet_10023
Flammable,Objet_21859
Corrosive,Objet_16055
Explosive,Objet_26778
Toxic,Objet_06197
Food,Objet_04315
Oxidizing,Objet_23459
Oxidizing,Objet_26625
Radioactive,Objet_12985
Radioactive,Objet_20786
Fragile,Objet_12331
Explosive,Objet_14369
Flammable,Objet_24003
Explosive,Objet_24406
Oxidizing,Objet_20925
Corrosive,Objet_09785
Corrosive,Objet_19715
Food,Objet_09013
Flammable,Objet_14789
Explosive,Objet_03193
Pressurized,Objet_11292
Corrosive,Objet_02324
Corrosive,Objet_29929
Food,Objet_06981
Corrosive,Objet_22044
Oxidizing,Objet_10733
Oxidizing,Objet_07816
Oxidizing,Objet_01467
Fragile,Objet_06796
Food,Objet_12741
Radioactive,Objet_29257
Toxic,Objet_28723
Pressurized,Objet_04281
Flammable,Objet_19853
Explosive,Objet_02998
Pressurized,Objet_16353
Toxic,Objet_10977
Fragile,Objet_12683
Corrosive,Objet_28824
Food,Objet_21428
Pressurized,Objet_01924
Unspecified,Objet_03771
Corrosive,Objet_02050
Corrosive,Objet_17613
Oxidizing,Objet_17745
Pressurized,Objet_29748
Toxic,Objet_12708
Toxic,Objet_27177
Explosive,Objet_23661
Oxidizing,Objet_26524
Radioactive,Objet_18798
Toxic,Objet_10708
Food,Objet_26291
Pressurized,Objet_23355
Radioactive,Objet_19817
Explosive,Objet_11283
Toxic,Objet_25252
Toxic,Objet_11957
Flammable,Objet_13641
Fragile,Objet_03029
Unspecified,Objet_12086
Fragile,Objet_27086
Flammable,Objet_23208
Radioactive,Objet_21157
Flammable,Objet_24392
Pressurized,Objet_11761
Toxic,Objet_25005
Explosive,Objet_13123
Oxidizing,Objet_28610
Corrosive,Objet_11903
Corrosive,Objet_27607
Radioactive,Objet_19794
Oxidizing,Objet_22493
Food,Objet_07948
Fragile,Objet_16324
Radioactive,Objet_27846
Explosive,Objet_25903
Toxic,Objet_08103
Pressurized,Objet_05421
Food,Objet_27233
Pressurized,Objet_24269
Corrosive,Objet_29211
Unspecified,Objet_29249
Radioactive,Objet_14117
Radioactive,Objet_04694
Unspecified,Objet_05596
Fragile,Objet_28719
Oxidizing,Objet_26500
Radioactive,Objet_10489
Flammable,Objet_01142
Fragile,Objet_13086
Flammable,Objet_13017
Radioactive,Objet_06442
Flammable,Objet_06503
Unspecified,Objet_27655
Fragile,Objet_29293
Corrosive,Objet_08440
Food,Objet_00544
Fragile,Objet_03320
Oxidizing,Objet_28225
Explosive,Objet_07489
Toxic,Objet_19230
Corrosive,Objet_06253
Corrosive,Objet_06060
Food,Objet_18518
Explosive,Objet_13517
Oxidizing,Objet_20176
Toxic,Objet_16587
Unspecified,Objet_17137
Explosive,Objet_27184
Unspecified,Objet_04997
Explosive,Objet_09275
Radioactive,Objet_10246
Radioactive,Objet_13386
Unspecified,Objet_29117
Pressurized,Objet_27617
Toxic,Objet_08686
Food,Objet_00231
Toxic,Objet_25698
Flammable,Objet_25437
Oxidizing,Objet_24836
Flammable,Objet_14109
Fragile,Objet_08450
Corrosive,Objet_04673
Fragile,Objet_29357
Pressurized,Objet_13558
Food,Objet_14688
Pressurized,Objet_07543
Pressurized,Objet_16987
Corrosive,Objet_02103
Fragile,Objet_01793
Flammable,Objet_17156
Unspecified,Objet_02854
Toxic,Objet_26589
Toxic,Objet_25382
Flammable,Objet_29912
Toxic,Objet_22245
Food,Objet_25189
Corrosive,Objet_17289
Unspecified,Objet_05382
Flammable,Objet_01372
Flammable,Objet_22048
Flammable,Objet_14295
Flammable,Objet_29559
Radioactive,Objet_26782
Corrosive,Objet_15294
Radioactive,Objet_16840
Oxidizing,Objet_03532
Unspecified,Objet_14470
Food,Objet_22864
Corrosive,Objet_19754
Flammable,Objet_12743
Food,Objet_04074
Oxidizing,Objet_09174
Radioactive,Objet_22690
Corrosive,Objet_13768
Unspecified,Objet_02807
Corrosive,Objet_27560
Radioactive,Objet_21979
Toxic,Objet_17968
Flammable,Objet_03821
Pressurized,Objet_03768
Flammable,Objet_22199
Fragile,Objet_21983
Unspecified,Objet_19009
Fragile,Objet_09214
Corrosive,Objet_24288
Oxidizing,Objet_04495
Toxic,Objet_20016
Corrosive,Objet_18555
Oxidizing,Objet_11090
Pressurized,Objet_16234
Flammable,Objet_11719
Oxidizing,Objet_05670
Toxic,Objet_21484
Radioactive,Objet_02162
Oxidizing,Objet_09311
Corrosive,Objet_09035
Toxic,Objet_05261
Explosive,Objet_26238
Oxidizing,Objet_15703
Unspecified,Objet_21314
Pressurized,Objet_10942
Food,Objet_20805
Radioactive,Objet_23561
Corrosive,Objet_08155
Pressurized,Objet_06722
Corrosive,Objet_23257
Pressurized,Objet_29473
Radioactive,Objet_03310
Radioactive,Objet_22064
Oxidizing,Objet_02886
Flammable,Objet_12889
Radioactive,Objet_26162
Explosive,Objet_18637
Flammable,Objet_14577
Flammable,Objet_14397
Toxic,Objet_23039
Radioactive,Objet_23144
Radioactive,Objet_14912
Pressurized,Objet_22401
Unspecified,Objet_13153
Fragile,Objet_14424
Food,Objet_07554
Food,Objet_01507
Toxic,Objet_22122
Explosive,Objet_18578
Flammable,Objet_18443
Food,Objet_02880
Food,Objet_26996
Explosive,Objet_03582
Food,Objet_28822
Oxidizing,Objet_09316
Corrosive,Objet_03280
Explosive,Objet_09568
Food,Objet_07447
Corrosive,Objet_08460
Unspecified,Objet_28294
Toxic,Objet_20235
Radioactive,Objet_00674
Pressurized,Objet_05866
Flammable,Objet_15025
Oxidizing,Objet_18526
Toxic,Objet_26726
Food,Objet_04054
Fragile,Objet_10450
Fragile,Objet_06912
Oxidizing,Objet_22385
Food,Objet_24364
Pressurized,Objet_18521
Fragile,Objet_07237
Flammable,Objet_13474
Corrosive,Objet_12414
Fragile,Objet_16095
Pressurized,Objet_10144
Flammable,Objet_07078
Flammable,Objet_21012
Fragile,Objet_03960
Radioactive,Objet_04002
Toxic,Objet_26623
Radioactive,Objet_18938
Corrosive,Objet_07780
Corrosive,Objet_01896
Fragile,Objet_05952
Pressurized,Objet_01735
Oxidizing,Objet_06996
Oxidizing,Objet_19353
Explosive,Objet_15615
Radioactive,Objet_22568
Pressurized,Objet_19609
Corrosive,Objet_10370
Flammable,Objet_21904
Radioactive,Objet_07578
Corrosive,Objet_14340
Explosive,Objet_24796
Radioactive,Objet_18057
Fragile,Objet_12543
Explosive,Objet_24164
Corrosive,Objet_18038
Oxidizing,Objet_28947
Oxidizing,Objet_02520
Radioactive,Objet_18415
Food,Objet_19014
Pressurized,Objet_02257
Food,Objet_20556
Flammable,Objet_14492
Corrosive,Objet_12400
Unspecified,Objet_00984
Fragile,Objet_04825
Unspecified,Objet_13825
Radioactive,Objet_12827
Fragile,Objet_06318
Flammable,Objet_28930
Pressurized,Objet_15408
Flammable,Objet_06642
Corrosive,Objet_01468
Unspecified,Objet_15139
Explosive,Objet_27320
Explosive,Objet_04140
Pressurized,Objet_22032
Pressurized,Objet_09124
Pressurized,Objet_07334
Toxic,Objet_07798
Explosive,Objet_11116
Radioactive,Objet_16444
Corrosive,Objet_16116
Explosive,Objet_09272
Radioactive,Objet_11724
Toxic,Objet_06575
Food,Objet_16224
Pressurized,Objet_09368
Oxidizing,Objet_26058
Food,Objet_23908
Food,Objet_04520
Unspecified,Objet_22084
Fragile,Objet_05502
Oxidizing,Objet_04095
Explosive,Objet_21718
Oxidizing,Objet_21749
Flammable,Objet_03427
Unspecified,Objet_28583
Oxidizing,Objet_03423
Toxic,Objet_17430
Toxic,Objet_26425
Flammable,Objet_13100
Fragile,Objet_09256
Fragile,Objet_21987
Explosive,Objet_23591
Radioactive,Objet_10819
Unspecified,Objet_06170
Radioactive,Objet_19054
Corrosive,Objet_10421
Explosive,Objet_06820
Unspecified,Objet_12075
Toxic,Objet_08718
Explosive,Objet_15830
Unspecified,Objet_22448
Radioactive,Objet_17302
Oxidizing,Objet_09467
Corrosive,Objet_25941
Toxic,Objet_06561
Fragile,Objet_27572
Fragile,Objet_24946
Fragile,Objet_13164
Explosive,Objet_17841
Radioactive,Objet_16004
Explosive,Objet_25002
Pressurized,Objet_04853
Radioactive,Objet_01026
Explosive,Objet_13066
Food,Objet_01120
Corrosive,Objet_11967
Flammable,Objet_06464
Fragile,Objet_07330
Pressurized,Objet_27442
Toxic,Objet_18782
Oxidizing,Objet_10694
Unspecified,Objet_18122
Food,Objet_11103
Oxidizing,Objet_02480
Radioactive,Objet_10376
Toxic,Objet_13102
Fragile,Objet_16618
Fragile,Objet_10624
Flammable,Objet_26039
Corrosive,Objet_17437
Unspecified,Objet_18484
Oxidizing,Objet_12893
Explosive,Objet_19790
Explosive,Objet_10956
Unspecified,Objet_15851
Oxidizing,Objet_11620
Unspecified,Objet_23658
Unspecified,Objet_19612
Radioactive,Objet_01865
Unspecified,Objet_07144
Explosive,Objet_02181
Oxidizing,Objet_21165
Explosive,Objet_22511
Flammable,Objet_19389
Explosive,Objet_20131
Pressurized,Objet_07358
Pressurized,Objet_17927
Oxidizing,Objet_09025
Corrosive,Objet_21270
Toxic,Objet_16326
Pressurized,Objet_08275
Oxidizing,Objet_11052
Pressurized,Objet_21671
Pressurized,Objet_29907
Fragile,Objet_17799
Toxic,Objet_26088
Toxic,Objet_29230
Oxidizing,Objet_15369
Pressurized,Objet_03897
Unspecified,Objet_25634
Radioactive,Objet_16809
Fragile,Objet_21611
Explosive,Objet_10753
Radioactive,Objet_15423
Pressurized,Objet_19475
Food,Objet_09252
Radioactive,Objet_14275
Radioactive,Objet_08993
Explosive,Objet_16296
Corrosive,Objet_12260
Unspecified,Objet_04799
Radioactive,Objet_02625
Explosive,Objet_16014
Fragile,Objet_02168
Fragile,Objet_07422
Food,Objet_01539
Radioactive,Objet_02558
Toxic,Objet_20328
Oxidizing,Objet_00443
Radioactive,Objet_15319
Toxic,Objet_01148
Radioactive,Objet_05137
Fragile,Objet_28014
Explosive,Objet_01002
Explosive,Objet_00593
Corrosive,Objet_28119
Flammable,Objet_08426
Oxidizing,Objet_05758
Corrosive,Objet_28153
Food,Objet_02801
Corrosive,Objet_11770
Unspecified,Objet_10099
Unspecified,Objet_12964
Oxidizing,Objet_00725
Oxidizing,Objet_19674
Pressurized,Objet_02700
Flammable,Objet_10945
Corrosive,Objet_19872
Fragile,Objet_19933
Oxidizing,Objet_16644
Radioactive,Objet_13403
Pressurized,Objet_05170
Fragile,Objet_03989
Explosive,Objet_22654
Corrosive,Objet_14471
Unspecified,Objet_29371
Explosive,Objet_09420
Fragile,Objet_15444
Food,Objet_18018
Fragile,Objet_19584
Explosive,Objet_19402
Radioactive,Objet_21152
Pressurized,Objet_15730
Toxic,Objet_19842
Fragile,Objet_11413
Corrosive,Objet_04322
Pressurized,Objet_27137
Fragile,Objet_23336
Explosive,Objet_30089
Radioactive,Objet_23077
Corrosive,Objet_09448
Explosive,Objet_17830
Toxic,Objet_20124
Radioactive,Objet_18973
Pressurized,Objet_01273
Radioactive,Objet_14757
Toxic,Objet_04815
Toxic,Objet_28552
Toxic,Objet_23979
Unspecified,Objet_20314
Unspecified,Objet_27376
Food,Objet_14228
Food,Objet_06641
Fragile,Objet_25566
Corrosive,Objet_11113
Radioactive,Objet_08746
Pressurized,Objet_21576
Oxidizing,Objet_27587
Unspecified,Objet_06719
Flammable,Objet_00444
Pressurized,Objet_09027
Radioactive,Objet_12283
Pressurized,Objet_18006
Pressurized,Objet_05375
Radioactive,Objet_18034
Radioactive,Objet_04533
Fragile,Objet_08511
Radioactive,Objet_26453
Fragile,Objet_29688
Toxic,Objet_04519
Food,Objet_19681
Flammable,Objet_08509
Oxidizing,Objet_24102
Fragile,Objet_16524
Fragile,Objet_12131
Food,Objet_17557
Food,Objet_03114
Flammable,Objet_21744
Oxidizing,Objet_15787
Fragile,Objet_08418
Oxidizing,Objet_29132
Flammable,Objet_15550
Oxidizing,Objet_01240
Oxidizing,Objet_09743
Corrosive,Objet_28481
Explosive,Objet_06834
Unspecified,Objet_00080
Food,Objet_24817
Corrosive,Objet_22076
Unspecified,Objet_06130
Fragile,Objet_02764
Toxic,Objet_25312
Food,Objet_24734
Pressurized,Objet_01224
Flammable,Objet_27932
Toxic,Objet_24407
Toxic,Objet_14538
Explosive,Objet_06122
Food,Objet_17876
Toxic,Objet_14412
Toxic,Objet_06888
Fragile,Objet_09185
Flammable,Objet_27022
Radioactive,Objet_16323
Explosive,Objet_07212
Corrosive,Objet_12137
Radioactive,Objet_19921
Flammable,Objet_05000
Flammable,Objet_27521
Oxidizing,Objet_02687
Pressurized,Objet_29005
Explosive,Objet_19005
Flammable,Objet_09478
Food,Objet_11014
Radioactive,Objet_19171
Radioactive,Objet_27357
Corrosive,Objet_19140
Toxic,Objet_00932
Food,Objet_00171
Toxic,Objet_17608
Flammable,Objet_20155
Toxic,Objet_18251
Unspecified,Objet_11636
Toxic,Objet_17891
Fragile,Objet_03857
Radioactive,Objet_23764
Pressurized,Objet_05573
Pressurized,Objet_27249
Explosive,Objet_12938
Radioactive,Objet_27125
Unspecified,Objet_00282
Oxidizing,Objet_20401
Fragile,Objet_28672
Food,Objet_01246
Food,Objet_02663
Oxidizing,Objet_15606
Flammable,Objet_06445
Food,Objet_14315
Unspecified,Objet_17091
Explosive,Objet_20733
Unspecified,Objet_29895
Flammable,Objet_09538
Food,Objet_07097
Fragile,Objet_06229
Corrosive,Objet_06970
Unspecified,Objet_09541
Food,Objet_07235
Fragile,Objet_04060
Pressurized,Objet_04581
Toxic,Objet_26454
Explosive,Objet_05531
Fragile,Objet_29051
Oxidizing,Objet_24575
Oxidizing,Objet_12044
Oxidizing,Objet_08465
Corrosive,Objet_05149
Pressurized,Objet_16979
Explosive,Objet_19139
Radioactive,Objet_19214
Toxic,Objet_00225
Corrosive,Objet_10132
Radioactive,Objet_12738
Radioactive,Objet_21214
Corrosive,Objet_18055
Fragile,Objet_25942
Explosive,Objet_07502
Toxic,Objet_09802
Corrosive,Objet_12784
Explosive,Objet_19765
Corrosive,Objet_05814
Toxic,Objet_16331
Flammable,Objet_12287
Unspecified,Objet_26734
Unspecified,Objet_21344
Unspecified,Objet_10363
Corrosive,Objet_09285
Flammable,Objet_16652
Unspecified,Objet_21673
Oxidizing,Objet_08286
Oxidizing,Objet_02336
Corrosive,Objet_29856
Explosive,Objet_20366
Corrosive,Objet_21706
Toxic,Objet_25923
Radioactive,Objet_13644
Toxic,Objet_08903
Flammable,Objet_03752
Oxidizing,Objet_18590
Explosive,Objet_15647
Radioactive,Objet_17103
Pressurized,Objet_11606
Unspecified,Objet_05042
Pressurized,Objet_04904
Toxic,Objet_10140
Flammable,Objet_11915
Oxidizing,Objet_01068
Oxidizing,Objet_17967
Food,Objet_06154
Toxic,Objet_08353
Toxic,Objet_00473
Oxidizing,Objet_28059
Fragile,Objet_15231
Corrosive,Objet_02330
Pressurized,Objet_09223
Explosive,Objet_12173
Explosive,Objet_21185
Oxidizing,Objet_11461
Unspecified,Objet_27116
Fragile,Objet_07369
Pressurized,Objet_18062
Food,Objet_10614
Food,Objet_26452
Explosive,Objet_27183
Toxic,Objet_00735
Oxidizing,Objet_20659
Toxic,Objet_26483
Explosive,Objet_19993
Explosive,Objet_10123
Radioactive,Objet_13578
Oxidizing,Objet_26295
Explosive,Objet_00807
Explosive,Objet_20715
Corrosive,Objet_28566
Oxidizing,Objet_25891
Flammable,Objet_10390
Unspecified,Objet_24099
Food,Objet_19075
Fragile,Objet_29158
Unspecified,Objet_27175
Fragile,Objet_23277
Explosive,Objet_10347
Toxic,Objet_25342
Unspecified,Objet_18970
Pressurized,Objet_12051
Fragile,Objet_14096
Toxic,Objet_04334
Explosive,Objet_17385
Oxidizing,Objet_17519
Explosive,Objet_03888
Oxidizing,Objet_19109
Flammable,Objet_03285
Corrosive,Objet_17761
Unspecified,Objet_23315
Radioactive,Objet_14859
Oxidizing,Objet_06557
Pressurized,Objet_19410
Radioactive,Objet_13409
Explosive,Objet_11963
Toxic,Objet_26005
Explosive,Objet_20268
Oxidizing,Objet_01591
Pressurized,Objet_20020
Explosive,Objet_21818
Unspecified,Objet_01672
Pressurized,Objet_05406
Pressurized,Objet_04965
Oxidizing,Objet_20661
Oxidizing,Objet_10288
Toxic,Objet_26962
Explosive,Objet_10479
Pressurized,Objet_27760
Pressurized,Objet_12570
Flammable,Objet_07396
Toxic,Objet_13629
Pressurized,Objet_05401
Fragile,Objet_18829
Explosive,Objet_04871
Fragile,Objet_10349
Pressurized,Objet_19429
Toxic,Objet_08649
Explosive,Objet_28223
Explosive,Objet_03868
Corrosive,Objet_17768
Fragile,Objet_13435
Oxidizing,Objet_27936
Explosive,Objet_18515
Radioactive,Objet_10731
Fragile,Objet_17168
Flammable,Objet_18899
Radioactive,Objet_27924
Fragile,Objet_25227
Flammable,Objet_00772
Unspecified,Objet_11567
Unspecified,Objet_19376
Food,Objet_10339
Fragile,Objet_12123
Fragile,Objet_28021
Explosive,Objet_21640
Toxic,Objet_24955
Corrosive,Objet_07070
Food,Objet_01764
Unspecified,Objet_29050
Corrosive,Objet_29410
Toxic,Objet_12274
Food,Objet_20244
Oxidizing,Objet_04340
Explosive,Objet_00322
Corrosive,Objet_27410
Explosive,Objet_09188
Pressurized,Objet_24152
Toxic,Objet_16600
Fragile,Objet_06837
Corrosive,Objet_00566
Pressurized,Objet_25393
Fragile,Objet_13848
Food,Objet_00301
Oxidizing,Objet_09535
Flammable,Objet_13393
Fragile,Objet_06670
Fragile,Objet_27937
Corrosive,Objet_00663
Food,Objet_09569
Radioactive,Objet_03368
Radioactive,Objet_02504
Oxidizing,Objet_15080
Toxic,Objet_11397
Oxidizing,Objet_10356
Pressurized,Objet_03633
Flammable,Objet_21106
Oxidizing,Objet_23009
Toxic,Objet_09812
Radioactive,Objet_02783
Toxic,Objet_14906
Radioactive,Objet_06078
Fragile,Objet_12479
Toxic,Objet_25769
Unspecified,Objet_05337
Unspecified,Objet_06177
Radioactive,Objet_12680
Pressurized,Objet_10736
Radioactive,Objet_19634
Fragile,Objet_25936
Pressurized,Objet_18853
Corrosive,Objet_13951
Food,Objet_28055
Pressurized,Objet_24526
Pressurized,Objet_03402
Toxic,Objet_15331
Corrosive,Objet_10727
Toxic,Objet_01745
Explosive,Objet_23627
Explosive,Objet_24857
Fragile,Objet_30042
Fragile,Objet_00904
Radioactive,Objet_21702
Explosive,Objet_02111
Flammable,Objet_09784
Food,Objet_00519
Pressurized,Objet_11000
Food,Objet_19680
Corrosive,Objet_25750
Explosive,Objet_12739
Explosive,Objet_01065
Unspecified,Objet_14576
Toxic,Objet_20720
Corrosive,Objet_27131
Unspecified,Objet_13726
Toxic,Objet_26993
Corrosive,Objet_05046
Radioactive,Objet_12799
Corrosive,Objet_28176
Corrosive,Objet_28457
Unspecified,Objet_26627
Unspecified,Objet_25626
Explosive,Objet_07949
Radioactive,Objet_24924
Food,Objet_01298
Food,Objet_23469
Food,Objet_07880
Flammable,Objet_11604
Explosive,Objet_10177
Flammable,Objet_16654
Toxic,Objet_23319
Explosive,Objet_05303
Fragile,Objet_24261
Unspecified,Objet_17639
Food,Objet_03199
Fragile,Objet_19197
Radioactive,Objet_00689
Food,Objet_24741
Flammable,Objet_22088
Radioactive,Objet_24892
Fragile,Objet_09140
Unspecified,Objet_04210
Radioactive,Objet_10147
Oxidizing,Objet_12306
Pressurized,Objet_04958
Corrosive,Objet_09550
Oxidizing,Objet_15222
Explosive,Objet_25008
Oxidizing,Objet_26681
Fragile,Objet_11919
Unspecified,Objet_13378
Oxidizing,Objet_22993
Explosive,Objet_05689
Food,Objet_25070
Toxic,Objet_07270
Food,Objet_10855
Flammable,Objet_23944
Flammable,Objet_17571
Unspecified,Objet_21775
Flammable,Objet_02808
Toxic,Objet_25582
Flammable,Objet_22731
Fragile,Objet_28907
Fragile,Objet_24329
Fragile,Objet_24562
Flammable,Objet_26087
Radioactive,Objet_04306
Explosive,Objet_13895
Explosive,Objet_20531
Toxic,Objet_28524
Toxic,Objet_09672
Corrosive,Objet_16135
Food,Objet_10143
Pressurized,Objet_08473
Flammable,Objet_03895
Corrosive,Objet_19532
Corrosive,Objet_00079
Radioactive,Objet_20818
Fragile,Objet_24588
Food,Objet_00116
Oxidizing,Objet_02335
Oxidizing,Objet_24251
Flammable,Objet_12978
Pressurized,Objet_24382
Toxic,Objet_15287
Explosive,Objet_28102
Pressurized,Objet_02255
Radioactive,Objet_08036
Corrosive,Objet_19077
Oxidizing,Objet_27482
Radioactive,Objet_03894
Explosive,Objet_19616
Flammable,Objet_14850
Unspecified,Objet_26600
Flammable,Objet_11787
Unspecified,Objet_06250
Flammable,Objet_26697
Explosive,Objet_00729
Flammable,Objet_13239
Flammable,Objet_05201
Oxidizing,Objet_23405
Toxic,Objet_24131
Flammable,Objet_02245
Toxic,Objet_28448
Unspecified,Objet_13281
Unspecified,Objet_13005
Food,Objet_15115
Flammable,Objet_00490
Oxidizing,Objet_23217
Oxidizing,Objet_15363
Pressurized,Objet_26915
Pressurized,Objet_00390
Explosive,Objet_14353
Fragile,Objet_15202
Flammable,Objet_23550
Unspecified,Objet_12568
Pressurized,Objet_12865
Explosive,Objet_09640
Fragile,Objet_11129
Flammable,Objet_00239
Explosive,Objet_17611
Flammable,Objet_04018
Explosive,Objet_24093
Fragile,Objet_09642
Toxic,Objet_07714
Fragile,Objet_08149
Pressurized,Objet_09186
Explosive,Objet_07573
Explosive,Objet_08723
Oxidizing,Objet_02507
Pressurized,Objet_26020
Radioactive,Objet_11782
Radioactive,Objet_05659
Explosive,Objet_27489
Food,Objet_06560
Pressurized,Objet_10333
Fragile,Objet_04646
Unspecified,Objet_19979
Fragile,Objet_23247
Corrosive,Objet_01228
Pressurized,Objet_07531
Explosive,Objet_28369
Explosive,Objet_13355
Oxidizing,Objet_19883
Food,Objet_16002
Corrosive,Objet_15122
Fragile,Objet_01648
Radioactive,Objet_14930
Corrosive,Objet_27725
Fragile,Objet_27905
Corrosive,Objet_17766
Toxic,Objet_17350
Corrosive,Objet_09935
Flammable,Objet_05506
Pressurized,Objet_11994
Toxic,Objet_00585
Oxidizing,Objet_29462
Flammable,Objet_12478
Corrosive,Objet_03743
Explosive,Objet_06111
Explosive,Objet_20743
Food,Objet_22714
Fragile,Objet_14648
Food,Objet_15915
Corrosive,Objet_11165
Oxidizing,Objet_16847
Toxic,Objet_14946
Oxidizing,Objet_18535
Food,Objet_14327
Toxic,Objet_29359
Unspecified,Objet_19552
Explosive,Objet_07853
Unspecified,Objet_29463
Toxic,Objet_04462
Corrosive,Objet_04102
Fragile,Objet_27799
Flammable,Objet_06138
Unspecified,Objet_10157
Unspecified,Objet_26128
Food,Objet_07776
Corrosive,Objet_14380
Fragile,Objet_21251
Pressurized,Objet_20336
Toxic,Objet_25694
Corrosive,Objet_13552
Flammable,Objet_10170
Oxidizing,Objet_18418
Food,Objet_13399
Oxidizing,Objet_01904
Flammable,Objet_13739
Unspecified,Objet_26214
Toxic,Objet_29137
Flammable,Objet_25110
Pressurized,Objet_20320
Explosive,Objet_24247
Corrosive,Objet_15360
Flammable,Objet_19652
Explosive,Objet_17988
Toxic,Objet_14684
Pressurized,Objet_11058
Food,Objet_27017
Oxidizing,Objet_19003
Fragile,Objet_27158
Oxidizing,Objet_03567
Unspecified,Objet_09529
Fragile,Objet_23759
Fragile,Objet_27869
Toxic,Objet_17475
Fragile,Objet_14486
Flammable,Objet_06210
Pressurized,Objet_06612
Food,Objet_11381
Pressurized,Objet_27503
Unspecified,Objet_16592
Toxic,Objet_22742
Radioactive,Objet_18667
Flammable,Objet_00380
Pressurized,Objet_00535
Pressurized,Objet_08937
Flammable,Objet_16700
Unspecified,Objet_08508
Toxic,Objet_28296
Explosive,Objet_25541
Radioactive,Objet_18556
Radioactive,Objet_02686
Food,Objet_06280
Flammable,Objet_28044
Radioactive,Objet_23742
Radioactive,Objet_10483
Corrosive,Objet_05026
Fragile,Objet_06666
Pressurized,Objet_04576
Flammable,Objet_18968
Unspecified,Objet_29499
Flammable,Objet_06655
Radioactive,Objet_15246
Flammable,Objet_29219
Toxic,Objet_05329
Toxic,Objet_04625
Flammable,Objet_14911
Explosive,Objet_10796
Fragile,Objet_05656
Food,Objet_15135
Pressurized,Objet_03516
Toxic,Objet_08446
Explosive,Objet_16741
Unspecified,Objet_19967
Flammable,Objet_19022
Food,Objet_13589
Unspecified,Objet_24969
Oxidizing,Objet_07524
Radioactive,Objet_11394
Oxidizing,Objet_26116
Fragile,Objet_25706
Flammable,Objet_06342
Pressurized,Objet_24722
Oxidizing,Objet_09517
Radioactive,Objet_06984
Pressurized,Objet_00866
Unspecified,Objet_02936
Corrosive,Objet_10996
Unspecified,Objet_16489
Radioactive,Objet_10865
Flammable,Objet_21540
Fragile,Objet_06081
Food,Objet_21813
Radioactive,Objet_26699
Explosive,Objet_09920
Flammable,Objet_23605
Explosive,Objet_18174
Unspecified,Objet_30072
Fragile,Objet_03671
Explosive,Objet_24489
Oxidizing,Objet_09444
Corrosive,Objet_07065
Pressurized,Objet_09454
Radioactive,Objet_07280
Food,Objet_02733
Food,Objet_27541
Corrosive,Objet_10313
Toxic,Objet_30150
Food,Objet_25482
Explosive,Objet_29980
Fragile,Objet_27585
Fragile,Objet_21287
Flammable,Objet_07329
Flammable,Objet_00645
Oxidizing,Objet_13998
Food,Objet_15402
Flammable,Objet_06364
Unspecified,Objet_12326
Fragile,Objet_22279
Flammable,Objet_28100
Unspecified,Objet_21203
Oxidizing,Objet_29244
Fragile,Objet_20881
Corrosive,Objet_21221
Toxic,Objet_17099
Corrosive,Objet_27316
Food,Objet_04162
Toxic,Objet_10576
Corrosive,Objet_24544
Pressurized,Objet_04047
Unspecified,Objet_22546
Fragile,Objet_11172
Food,Objet_09039
Pressurized,Objet_18043
Corrosive,Objet_21183
Flammable,Objet_26779
Corrosive,Objet_08737
Unspecified,Objet_07442
Unspecified,Objet_05462
Fragile,Objet_11507
Fragile,Objet_06301
Food,Objet_07090
Pressurized,Objet_30052
Explosive,Objet_08268
Corrosive,Objet_29178
Oxidizing,Objet_04458
Unspecified,Objet_14037
Corrosive,Objet_17685
Radioactive,Objet_22759
Food,Objet_22062
Corrosive,Objet_27492
Flammable,Objet_29460
Toxic,Objet_15090
Pressurized,Objet_09071
Corrosive,Objet_14851
Flammable,Objet_22958
Pressurized,Objet_11798
Unspecified,Objet_01978
Oxidizing,Objet_20784
Radioactive,Objet_23574
Food,Objet_26615
Fragile,Objet_23100
Toxic,Objet_09289
Pressurized,Objet_22288
Fragile,Objet_13698
Explosive,Objet_04011
Corrosive,Objet_28599
Oxidizing,Objet_12689
Fragile,Objet_14598
Explosive,Objet_00786
Flammable,Objet_02842
Explosive,Objet_23665
Corrosive,Objet_00335
Pressurized,Objet_27080
Explosive,Objet_11652
Toxic,Objet_21020
Fragile,Objet_16210
Explosive,Objet_09004
Flammable,Objet_19555
Unspecified,Objet_10149
Oxidizing,Objet_13554
Fragile,Objet_09905
Food,Objet_03795
Pressurized,Objet_27435
Flammable,Objet_21522
Flammable,Objet_01944
Toxic,Objet_09928
Fragile,Objet_26493
Food,Objet_03644
Oxidizing,Objet_10952
Toxic,Objet_01752
Food,Objet_28423
Corrosive,Objet_25765
Radioactive,Objet_29973
Flammable,Objet_20007
Flammable,Objet_07807
Unspecified,Objet_22790
Unspecified,Objet_04777
Unspecified,Objet_12954
Food,Objet_21970
Food,Objet_09403
Radioactive,Objet_17391
Explosive,Objet_03013
Flammable,Objet_18615
Food,Objet_14024
Food,Objet_02428
Unspecified,Objet_29340
Oxidizing,Objet_13697
Pressurized,Objet_04668
Fragile,Objet_27672
Radioactive,Objet_04365
Radioactive,Objet_22655
Pressurized,Objet_21724
Radioactive,Objet_06729
Pressurized,Objet_27240
Unspecified,Objet_19010
Explosive,Objet_05286
Corrosive,Objet_01713
Toxic,Objet_21585
Toxic,Objet_13273
Unspecified,Objet_17710
Corrosive,Objet_19504
Food,Objet_20297
Radioactive,Objet_23606
Explosive,Objet_17203
Food,Objet_10778
Oxidizing,Objet_22320
Unspecified,Objet_18245
Flammable,Objet_23037
Food,Objet_04227
Radioactive,Objet_29657
Food,Objet_19474
Pressurized,Objet_01351
Flammable,Objet_07884
Pressurized,Objet_19775
Pressurized,Objet_10134
Toxic,Objet_12281
Unspecified,Objet_00088
Pressurized,Objet_21425
Flammable,Objet_14183
Food,Objet_25488
Pressurized,Objet_00187
Corrosive,Objet_29511
Unspecified,Objet_28800
Flammable,Objet_20078
Unspecified,Objet_10061
Radioactive,Objet_24334
Toxic,Objet_26491
Flammable,Objet_03281
Unspecified,Objet_00511
Unspecified,Objet_09090
Corrosive,Objet_05250
Fragile,Objet_12681
Toxic,Objet_03681
Toxic,Objet_12455
Unspecified,Objet_04611
Radioactive,Objet_16561
Radioactive,Objet_06535
Pressurized,Objet_04143
Flammable,Objet_14614
Unspecified,Objet_28966
Fragile,Objet_13994
Unspecified,Objet_18375
Corrosive,Objet_16207
Corrosive,Objet_05144
Oxidizing,Objet_01879
Unspecified,Objet_05088
Corrosive,Objet_21837
Explosive,Objet_27689
Fragile,Objet_20571
Radioactive,Objet_24905
Unspecified,Objet_30135
Explosive,Objet_23817
Radioactive,Objet_19701
Radioactive,Objet_12900
Toxic,Objet_12829
Toxic,Objet_12854
Fragile,Objet_27573
Oxidizing,Objet_11523
Radioactive,Objet_28003
Radioactive,Objet_04985
Corrosive,Objet_17779
Toxic,Objet_24046
Explosive,Objet_28074
Food,Objet_20842
Pressurized,Objet_03996
Unspecified,Objet_08147
Corrosive,Objet_04015
Pressurized,Objet_10168
Oxidizing,Objet_22002
Pressurized,Objet_08778
Radioactive,Objet_19822
Radioactive,Objet_08152
Unspecified,Objet_28885
Explosive,Objet_22180
Toxic,Objet_26876
Food,Objet_06094
Unspecified,Objet_14189
Pressurized,Objet_08049
Radioactive,Objet_11370
Toxic,Objet_16994
Flammable,Objet_20956
Flammable,Objet_09526
Unspecified,Objet_24528
Oxidizing,Objet_26026
Corrosive,Objet_27463
Oxidizing,Objet_16527
Flammable,Objet_23681
Radioactive,Objet_22565
Explosive,Objet_00529
Unspecified,Objet_02372
Pressurized,Objet_13948
Oxidizing,Objet_05218
Food,Objet_15725
Unspecified,Objet_01733
Explosive,Objet_15632
Fragile,Objet_17052
Toxic,Objet_24958
Radioactive,Objet_06097
Corrosive,Objet_12484
Radioactive,Objet_23994
Fragile,Objet_23201
Fragile,Objet_26771
Toxic,Objet_11268
Explosive,Objet_13667
Toxic,Objet_23695
Oxidizing,Objet_29564
Flammable,Objet_05044
Flammable,Objet_26075
Toxic,Objet_04085
Flammable,Objet_28614
Food,Objet_14787
Explosive,Objet_30133
Flammable,Objet_03137
Toxic,Objet_19702
Flammable,Objet_05142
Explosive,Objet_22849
Unspecified,Objet_11968
Food,Objet_11965
Toxic,Objet_27452
Toxic,Objet_29232
Oxidizing,Objet_23182
Corrosive,Objet_18019
Food,Objet_27852
Food,Objet_04575
Food,Objet_18231
Food,Objet_16138
Oxidizing,Objet_20676
Fragile,Objet_10755
Explosive,Objet_22125
Toxic,Objet_05764
Toxic,Objet_13472
Flammable,Objet_06211
Radioactive,Objet_05263
Fragile,Objet_02617
Explosive,Objet_22438
Unspecified,Objet_27778
Toxic,Objet_15318
Unspecified,Objet_24388
Corrosive,Objet_26793
Pressurized,Objet_13030
Pressurized,Objet_25603
Pressurized,Objet_12421
Pressurized,Objet_01226
Flammable,Objet_15489
Pressurized,Objet_26442
Unspecified,Objet_15567
Pressurized,Objet_29003
Unspecified,Objet_06180
Toxic,Objet_03348
Corrosive,Objet_28340
Radioactive,Objet_20820
Explosive,Objet_17945
Fragile,Objet_09607
Radioactive,Objet_17359
Flammable,Objet_03515
Pressurized,Objet_25197
Food,Objet_22803
Food,Objet_01135
Food,Objet_20095
Explosive,Objet_03420
Radioactive,Objet_24375
Explosive,Objet_03386
Radioactive,Objet_09523
Unspecified,Objet_12704
Food,Objet_06241
Corrosive,Objet_18620
Radioactive,Objet_13819
Toxic,Objet_22896
Flammable,Objet_13047
Flammable,Objet_15924
Radioactive,Objet_07107
Pressurized,Objet_25558
Toxic,Objet_28590
Unspecified,Objet_09502
Pressurized,Objet_16947
Food,Objet_10846
Toxic,Objet_27803
Explosive,Objet_26467
Unspecified,Objet_08117
Flammable,Objet_09924
Food,Objet_02613
Flammable,Objet_13937
Corrosive,Objet_23418
Explosive,Objet_02082
Pressurized,Objet_13310
Radioactive,Objet_08550
Unspecified,Objet_07179
Corrosive,Objet_14087
Oxidizing,Objet_10337
Pressurized,Objet_09963
Flammable,Objet_09922
Radioactive,Objet_02452
Fragile,Objet_07919
Fragile,Objet_16297
Corrosive,Objet_29736
Radioactive,Objet_12420
Pressurized,Objet_00059
Explosive,Objet_10898
Oxidizing,Objet_09297
Unspecified,Objet_06685
Toxic,Objet_04182
Explosive,Objet_15368
Unspecified,Objet_06606
Explosive,Objet_15365
Corrosive,Objet_21278
Toxic,Objet_01841
Corrosive,Objet_14612
Fragile,Objet_17092
Toxic,Objet_05061
Pressurized,Objet_05981
Pressurized,Objet_16416
Unspecified,Objet_09830
Pressurized,Objet_08206
Fragile,Objet_16563
Radioactive,Objet_08950
Oxidizing,Objet_14026
Fragile,Objet_07549
Flammable,Objet_18198
Oxidizing,Objet_27997
Food,Objet_10110
Food,Objet_23354
Unspecified,Objet_02583
Fragile,Objet_04044
Unspecified,Objet_19752
Oxidizing,Objet_08873
Oxidizing,Objet_17008
Flammable,Objet_01632
Unspecified,Objet_02432
Toxic,Objet_09255
Unspecified,Objet_15892
Oxidizing,Objet_06550
Explosive,Objet_30085
Radioactive,Objet_09019
Radioactive,Objet_20480
Explosive,Objet_24529
Pressurized,Objet_00273
Explosive,Objet_10015
Flammable,Objet_29884
Food,Objet_26304
Radioactive,Objet_24745
Corrosive,Objet_06069
Food,Objet_08297
Explosive,Objet_06740
Oxidizing,Objet_11435
Food,Objet_11857
Toxic,Objet_07363
Toxic,Objet_23143
Corrosive,Objet_27966
Radioactive,Objet_20813
Pressurized,Objet_11476
Oxidizing,Objet_21049
Explosive,Objet_28278
Oxidizing,Objet_20809
Radioactive,Objet_24068
Fragile,Objet_28412
Explosive,Objet_21947
Food,Objet_26572
Pressurized,Objet_22075
Flammable,Objet_09015
Pressurized,Objet_14586
Radioactive,Objet_01491
Corrosive,Objet_16687
Toxic,Objet_25931
Unspecified,Objet_12750
Toxic,Objet_05081
Unspecified,Objet_21171
Unspecified,Objet_17173
Flammable,Objet_26909
Food,Objet_00388
Fragile,Objet_28852
Corrosive,Objet_10233
Fragile,Objet_21149
Explosive,Objet_26461
Radioactive,Objet_18560
Oxidizing,Objet_10021
Explosive,Objet_25198
Fragile,Objet_14129
Toxic,Objet_13108
Flammable,Objet_03792
Toxic,Objet_29125
Pressurized,Objet_28711
Unspecified,Objet_27276
Corrosive,Objet_28975
Unspecified,Objet_07108
Corrosive,Objet_07121
Flammable,Objet_06339
Explosive,Objet_22240
Oxidizing,Objet_06794
Pressurized,Objet_11497
Unspecified,Objet_16038
Unspecified,Objet_18177
Toxic,Objet_06160
Radioactive,Objet_17858
Fragile,Objet_09189
Flammable,Objet_02359
Food,Objet_15578
Food,Objet_16140
Explosive,Objet_02771
Pressurized,Objet_23924
Pressurized,Objet_11541
Corrosive,Objet_11528
Unspecified,Objet_13155
Radioactive,Objet_16688
Explosive,Objet_15650
Fragile,Objet_02239
Toxic,Objet_23940
Toxic,Objet_21927
Oxidizing,Objet_21686
Toxic,Objet_25687
Explosive,Objet_07115
Pressurized,Objet_05385
Food,Objet_24540
Oxidizing,Objet_16251
Food,Objet_08181
Food,Objet_13628
Corrosive,Objet_20952
Food,Objet_08874
Food,Objet_04796
Unspecified,Objet_24106
Oxidizing,Objet_08824
Corrosive,Objet_29578
Radioactive,Objet_17587
Corrosive,Objet_04427
Oxidizing,Objet_05208
Explosive,Objet_13892
Fragile,Objet_27415
Toxic,Objet_00629
Flammable,Objet_11469
Radioactive,Objet_08367
Fragile,Objet_16641
Fragile,Objet_11569
Food,Objet_11093
Explosive,Objet_05160
Corrosive,Objet_01537
Fragile,Objet_11408
Toxic,Objet_21025
Radioactive,Objet_22649
Fragile,Objet_24786
Toxic,Objet_24155
Pressurized,Objet_22410
Radioactive,Objet_14970
Radioactive,Objet_07292
Pressurized,Objet_00910
Oxidizing,Objet_19316
Explosive,Objet_12391
Food,Objet_08926
Corrosive,Objet_05391
Fragile,Objet_25805
Flammable,Objet_06721
Pressurized,Objet_15890
Unspecified,Objet_07440
Explosive,Objet_09033
Flammable,Objet_24895
Oxidizing,Objet_12447
Fragile,Objet_24218
Corrosive,Objet_12687
Toxic,Objet_28742
Pressurized,Objet_22574
Radioactive,Objet_13255
Pressurized,Objet_23289
Corrosive,Objet_04734
Food,Objet_19789
Oxidizing,Objet_16596
Corrosive,Objet_13196
Explosive,Objet_20830
Unspecified,Objet_23279
Explosive,Objet_14905
Oxidizing,Objet_05986
Radioactive,Objet_15018
Explosive,Objet_16367
Toxic,Objet_24813
Fragile,Objet_17525
Fragile,Objet_10934
Oxidizing,Objet_06925
Oxidizing,Objet_05945
Corrosive,Objet_13177
Pressurized,Objet_10270
Oxidizing,Objet_24521
Corrosive,Objet_00909
Radioactive,Objet_03294
Fragile,Objet_27568
Toxic,Objet_22660
Fragile,Objet_17397
Flammable,Objet_04531
Toxic,Objet_29686
Radioactive,Objet_19631
Oxidizing,Objet_26120
Food,Objet_01860
Fragile,Objet_04867
Radioactive,Objet_26990
Toxic,Objet_14585
Pressurized,Objet_11208
Fragile,Objet_05202
Oxidizing,Objet_01022
Radioactive,Objet_21198
Explosive,Objet_27847
Flammable,Objet_05542
Oxidizing,Objet_14200
Fragile,Objet_13217
Food,Objet_21971
Pressurized,Objet_28951
Oxidizing,Objet_03951
Radioactive,Objet_25770
Pressurized,Objet_11266
Flammable,Objet_25188
Explosive,Objet_13904
Oxidizing,Objet_08472
Food,Objet_00347
Food,Objet_27812
Corrosive,Objet_30142
Unspecified,Objet_10082
Food,Objet_20945
Explosive,Objet_11112
Fragile,Objet_07053
Unspecified,Objet_28621
Unspecified,Objet_03413
Toxic,Objet_28019
Corrosive,Objet_13023
Pressurized,Objet_27782
Toxic,Objet_08846
Unspecified,Objet_03544
Flammable,Objet_06456
Corrosive,Objet_15203
Radioactive,Objet_00840
Radioactive,Objet_02161
Radioactive,Objet_29701
Toxic,Objet_21873
Unspecified,Objet_11619
Explosive,Objet_21334
Corrosive,Objet_01612
Explosive,Objet_16611
Explosive,Objet_15463
Toxic,Objet_04624
Unspecified,Objet_04956
Toxic,Objet_08585
Radioactive,Objet_09215
Corrosive,Objet_14994
Fragile,Objet_17551
Explosive,Objet_04700
Explosive,Objet_17838
Unspecified,Objet_22113
Fragile,Objet_03083
Food,Objet_24020
Toxic,Objet_26745
Food,Objet_25478
Oxidizing,Objet_13812
Fragile,Objet_20165
Oxidizing,Objet_05922
Pressurized,Objet_23441
Unspecified,Objet_12364
Oxidizing,Objet_21075
Toxic,Objet_07536
Fragile,Objet_11974
Corrosive,Objet_07885
Pressurized,Objet_02211
Explosive,Objet_26296
Corrosive,Objet_11159
Radioactive,Objet_29513
Corrosive,Objet_26230
Flammable,Objet_13037
Flammable,Objet_28983
Oxidizing,Objet_05559
Food,Objet_07331
Explosive,Objet_09260
Corrosive,Objet_10418
Fragile,Objet_06903
Toxic,Objet_08388
Flammable,Objet_27965
Toxic,Objet_24837
Corrosive,Objet_20010
Toxic,Objet_15820
Pressurized,Objet_29844
Oxidizing,Objet_11426
Unspecified,Objet_16978
Flammable,Objet_27090
Flammable,Objet_17860
Fragile,Objet_27076
Corrosive,Objet_23633
Toxic,Objet_15571
Pressurized,Objet_09056
Toxic,Objet_29779
Flammable,Objet_02794
Pressurized,Objet_15708
Radioactive,Objet_03422
Pressurized,Objet_00615
Radioactive,Objet_07359
Radioactive,Objet_24500
Flammable,Objet_04534
Toxic,Objet_26001
Oxidizing,Objet_23708
Oxidizing,Objet_07917
Food,Objet_01679
Pressurized,Objet_20313
Pressurized,Objet_23116
Oxidizing,Objet_02946
Fragile,Objet_08622
Unspecified,Objet_07802
Fragile,Objet_12691
Unspecified,Objet_00351
Corrosive,Objet_25057
Radioactive,Objet_20139
Corrosive,Objet_20906
Flammable,Objet_01222
Food,Objet_11062
Fragile,Objet_17428
Corrosive,Objet_00108
Explosive,Objet_13797
Flammable,Objet_04804
Oxidizing,Objet_14754
Radioactive,Objet_26335
Unspecified,Objet_01895
Pressurized,Objet_27971
Fragile,Objet_22802
Fragile,Objet_13669
Food,Objet_23818
Unspecified,Objet_09202
Radioactive,Objet_24729
Corrosive,Objet_12626
Oxidizing,Objet_10756
Toxic,Objet_22308
Oxidizing,Objet_08581
Pressurized,Objet_14691
Fragile,Objet_00728
Corrosive,Objet_16463
Fragile,Objet_11792
Corrosive,Objet_11789
Flammable,Objet_10688
Pressurized,Objet_02398
Oxidizing,Objet_02580
Flammable,Objet_09173
Toxic,Objet_10427
Toxic,Objet_09222
Corrosive,Objet_13093
Flammable,Objet_18446
Unspecified,Objet_29551
Pressurized,Objet_13921
Explosive,Objet_22326
Food,Objet_11981
Explosive,Objet_06604
Explosive,Objet_13049
Explosive,Objet_00845
Food,Objet_07753
Oxidizing,Objet_09063
Toxic,Objet_30058
Corrosive,Objet_13056
Flammable,Objet_05712
Explosive,Objet_03959
Oxidizing,Objet_21405
Fragile,Objet_30121
Food,Objet_09310
Corrosive,Objet_20705
Oxidizing,Objet_19942
Corrosive,Objet_03560
Fragile,Objet_01006
Corrosive,Objet_13351
Fragile,Objet_14201
Fragile,Objet_26601
Oxidizing,Objet_19433
Fragile,Objet_19548
Flammable,Objet_02200
Radioactive,Objet_17201
Corrosive,Objet_08885
Food,Objet_25261
Food,Objet_28523
Unspecified,Objet_15430
Fragile,Objet_01741
Flammable,Objet_05363
Oxidizing,Objet_05925
Food,Objet_11589
Unspecified,Objet_19561
Corrosive,Objet_10281
Pressurized,Objet_03534
Food,Objet_05708
Oxidizing,Objet_03404
Toxic,Objet_20928
Oxidizing,Objet_26156
Explosive,Objet_01773
Unspecified,Objet_08625
Radioactive,Objet_09544
Oxidizing,Objet_24522
Flammable,Objet_27575
Oxidizing,Objet_02463
Corrosive,Objet_06879
Flammable,Objet_13785
Toxic,Objet_15498
Pressurized,Objet_01990
Flammable,Objet_08115
Fragile,Objet_29961
Explosive,Objet_28413
Toxic,Objet_22286
Pressurized,Objet_08316
Toxic,Objet_28308
Radioactive,Objet_19887
Corrosive,Objet_03458
Pressurized,Objet_16281
Explosive,Objet_17462
Explosive,Objet_12163
Oxidizing,Objet_02293
Fragile,Objet_20880
Food,Objet_20711
Flammable,Objet_12525
Fragile,Objet_03884
Pressurized,Objet_08983
Unspecified,Objet_26954
Pressurized,Objet_24579
Explosive,Objet_12181
Explosive,Objet_07130
Oxidizing,Objet_28235
Flammable,Objet_01942
Unspecified,Objet_03664
Flammable,Objet_06292
Food,Objet_14169
Unspecified,Objet_20874
Food,Objet_04523
Unspecified,Objet_13798
Explosive,Objet_29966
Explosive,Objet_26780
Fragile,Objet_17898
Pressurized,Objet_10304
Toxic,Objet_19796
Corrosive,Objet_03268
Radioactive,Objet_13475
Explosive,Objet_28715
Flammable,Objet_15826
Oxidizing,Objet_17292
Radioactive,Objet_27576
Fragile,Objet_17549
Fragile,Objet_00197
Fragile,Objet_08522
Radioactive,Objet_10024
Unspecified,Objet_16521
Toxic,Objet_15110
Flammable,Objet_04948
Oxidizing,Objet_19501
Explosive,Objet_25591
Toxic,Objet_08958
Oxidizing,Objet_06086
Unspecified,Objet_12388
Unspecified,Objet_10649
Unspecified,Objet_07117
Pressurized,Objet_07580
Fragile,Objet_25557
Pressurized,Objet_22978
Fragile,Objet_20758
Unspecified,Objet_10084
Oxidizing,Objet_15560
Food,Objet_16832
Explosive,Objet_09495
Fragile,Objet_03370
Pressurized,Objet_04657
Toxic,Objet_14521
Flammable,Objet_18704
Corrosive,Objet_02012
Flammable,Objet_07609
Unspecified,Objet_10322
Explosive,Objet_09018
Toxic,Objet_20332
Corrosive,Objet_23003
Explosive,Objet_04372
Radioactive,Objet_01987
Oxidizing,Objet_00823
Food,Objet_04982
Corrosive,Objet_15256
Fragile,Objet_15530
Fragile,Objet_12358
Toxic,Objet_02674
Toxic,Objet_09358
Radioactive,Objet_13778
Flammable,Objet_08425
Fragile,Objet_15404
Fragile,Objet_17514
Corrosive,Objet_21663
Corrosive,Objet_17856
Oxidizing,Objet_07439
Flammable,Objet_11487
Fragile,Objet_29059
Corrosive,Objet_27707
Explosive,Objet_09939
Corrosive,Objet_22485
Corrosive,Objet_10344
Corrosive,Objet_28924
Radioactive,Objet_09788
Toxic,Objet_29677
Toxic,Objet_15284
Toxic,Objet_26400
Corrosive,Objet_28952
Unspecified,Objet_17136
Corrosive,Objet_20520
Radioactive,Objet_03075
Toxic,Objet_07498
Food,Objet_20967
Fragile,Objet_06179
Fragile,Objet_26299
Radioactive,Objet_18875
Fragile,Objet_21383
Flammable,Objet_29876
Flammable,Objet_29972
Toxic,Objet_01394
Explosive,Objet_05230
Radioactive,Objet_10665
Unspecified,Objet_15889
Oxidizing,Objet_12592
Fragile,Objet_05666
Pressurized,Objet_14478
Explosive,Objet_15205
Explosive,Objet_27604
Unspecified,Objet_00594
Radioactive,Objet_16597
Pressurized,Objet_05252
Food,Objet_05598
Pressurized,Objet_03324
Oxidizing,Objet_04013
Oxidizing,Objet_28445
Toxic,Objet_25986
Explosive,Objet_21712
Radioactive,Objet_26880
Pressurized,Objet_16505
Oxidizing,Objet_00448
Fragile,Objet_00016
Food,Objet_12500
Food,Objet_14322
Radioactive,Objet_26472
Radioactive,Objet_23306
Oxidizing,Objet_05865
Fragile,Objet_26389
Oxidizing,Objet_30053
Corrosive,Objet_28051
Toxic,Objet_25033
Pressurized,Objet_13752
Food,Objet_26177
Flammable,Objet_03988
Toxic,Objet_07251
Pressurized,Objet_03823
Unspecified,Objet_01869
Toxic,Objet_25049
Radioactive,Objet_04932
Oxidizing,Objet_05905
Oxidizing,Objet_07132
Unspecified,Objet_10613
Radioactive,Objet_18937
Unspecified,Objet_19091
Toxic,Objet_01587
Explosive,Objet_00416
Food,Objet_05746
Oxidizing,Objet_11181
Corrosive,Objet_20182
Unspecified,Objet_04697
Explosive,Objet_02795
Fragile,Objet_06213
Pressurized,Objet_27077
Food,Objet_04126
Pressurized,Objet_27247
Oxidizing,Objet_26205
Fragile,Objet_03642
Pressurized,Objet_24935
Food,Objet_14260
Corrosive,Objet_21589
Food,Objet_21032
Toxic,Objet_17804
Explosive,Objet_29488
Flammable,Objet_18804
Radioactive,Objet_18663
Flammable,Objet_20130
Corrosive,Objet_07257
Explosive,Objet_09688
Radioactive,Objet_03384
Food,Objet_05174
Oxidizing,Objet_19549
Radioactive,Objet_14273
Flammable,Objet_22287
Fragile,Objet_24916
Unspecified,Objet_17023
Food,Objet_27705
Oxidizing,Objet_21882
Explosive,Objet_26761
Pressurized,Objet_21891
Corrosive,Objet_20604
Pressurized,Objet_15285
Radioactive,Objet_22510
Flammable,Objet_06525
Pressurized,Objet_26358
Corrosive,Objet_05572
Unspecified,Objet_27561
Toxic,Objet_03505
Oxidizing,Objet_19493
Explosive,Objet_26143
Corrosive,Objet_01064
Explosive,Objet_13548
Flammable,Objet_13652
Unspecified,Objet_10635
Flammable,Objet_27025
Pressurized,Objet_19169
Fragile,Objet_28532
Oxidizing,Objet_01160
Pressurized,Objet_06302
Explosive,Objet_00042
Toxic,Objet_26515
Toxic,Objet_08684
Radioactive,Objet_16836
Corrosive,Objet_12232
Pressurized,Objet_26533
Toxic,Objet_16534
Fragile,Objet_20737
Flammable,Objet_05633
Unspecified,Objet_18913
Corrosive,Objet_21512
Unspecified,Objet_26578
Radioactive,Objet_23624
Pressurized,Objet_24985
Pressurized,Objet_04110
Radioactive,Objet_15573
Toxic,Objet_10103
Toxic,Objet_14310
Explosive,Objet_17147
Radioactive,Objet_01073
Unspecified,Objet_12443
Oxidizing,Objet_03485
Radioactive,Objet_20546
Explosive,Objet_03058
Oxidizing,Objet_08875
Fragile,Objet_28174
Radioactive,Objet_26611
Fragile,Objet_11053
Explosive,Objet_16853
Pressurized,Objet_04086
Radioactive,Objet_09508
Explosive,Objet_21855
Food,Objet_06942
Explosive,Objet_23062
Fragile,Objet_18150
Explosive,Objet_29175
Explosive,Objet_01390
Pressurized,Objet_16121
Corrosive,Objet_11341
Fragile,Objet_11513
Fragile,Objet_29422
Explosive,Objet_26266
Explosive,Objet_01403
Food,Objet_16050
Radioactive,Objet_14141
Pressurized,Objet_14392
Food,Objet_21972
Pressurized,Objet_28301
Food,Objet_28157
Corrosive,Objet_05917
Flammable,Objet_28254
Radioactive,Objet_04654
Radioactive,Objet_15268
Unspecified,Objet_06785
Toxic,Objet_02649
Pressurized,Objet_28011
Pressurized,Objet_22471
Flammable,Objet_29419
Radioactive,Objet_19554
Pressurized,Objet_13772
Toxic,Objet_21908
Fragile,Objet_21051
Unspecified,Objet_02965
Food,Objet_01197
Unspecified,Objet_18890
Radioactive,Objet_13229
Corrosive,Objet_04912
Radioactive,Objet_10510
Explosive,Objet_06526
Radioactive,Objet_21212
Flammable,Objet_17415
Explosive,Objet_15496
Oxidizing,Objet_23426
Toxic,Objet_28425
Unspecified,Objet_10693
Oxidizing,Objet_05087
Food,Objet_09443
Toxic,Objet_10193
Fragile,Objet_22629
Flammable,Objet_22900
Fragile,Objet_07907
Fragile,Objet_20941
Explosive,Objet_14339
Radioactive,Objet_24810
Fragile,Objet_19188
Pressurized,Objet_20490
Food,Objet_15682
Corrosive,Objet_04608
Flammable,Objet_15534
Toxic,Objet_03130
Fragile,Objet_12359
Unspecified,Objet_07227
Flammable,Objet_09514
Radioactive,Objet_29504
Radioactive,Objet_25182
Explosive,Objet_00366
Food,Objet_22021
Explosive,Objet_17756
Radioactive,Objet_10612
Toxic,Objet_05052
Toxic,Objet_06063
Explosive,Objet_23609
Pressurized,Objet_23160
Radioactive,Objet_06184
Unspecified,Objet_25573
Corrosive,Objet_29858
Pressurized,Objet_00281
Fragile,Objet_02620
Explosive,Objet_14335
Flammable,Objet_26618
Toxic,Objet_05093
Pressurized,Objet_23806
Fragile,Objet_25026
Corrosive,Objet_20593
Corrosive,Objet_12764
Toxic,Objet_08806
Oxidizing,Objet_19808
Corrosive,Objet_29579
Fragile,Objet_17413
Explosive,Objet_18678
Fragile,Objet_08113
Fragile,Objet_21292
Food,Objet_06067
Radioactive,Objet_28032
Fragile,Objet_17977
Unspecified,Objet_07912
Corrosive,Objet_06015
Radioactive,Objet_06362
Toxic,Objet_12726
Toxic,Objet_22569
Unspecified,Objet_02759
Oxidizing,Objet_12976
Explosive,Objet_14671
Unspecified,Objet_19818
Flammable,Objet_26807
Pressurized,Objet_12270
Flammable,Objet_12115
Corrosive,Objet_30111
Explosive,Objet_23805
Flammable,Objet_04528
Unspecified,Objet_24971
Pressurized,Objet_29560
Unspecified,Objet_01736
Unspecified,Objet_08310
Flammable,Objet_01690
Food,Objet_15200
Fragile,Objet_28633
Oxidizing,Objet_14401
Toxic,Objet_28798
Explosive,Objet_17408
Corrosive,Objet_06858
Toxic,Objet_21984
Food,Objet_17383
Oxidizing,Objet_04177
Corrosive,Objet_18575
Fragile,Objet_22769
Flammable,Objet_28233
Toxic,Objet_29572
Pressurized,Objet_11691
Unspecified,Objet_20725
Fragile,Objet_06024
Unspecified,Objet_23328
Radioactive,Objet_22086
Unspecified,Objet_17024
Toxic,Objet_09503
Toxic,Objet_12511
Food,Objet_10959
Toxic,Objet_22396
Toxic,Objet_09209
Unspecified,Objet_15572
Corrosive,Objet_15188
Oxidizing,Objet_11398
Food,Objet_10591
Explosive,Objet_21591
Oxidizing,Objet_06555
Flammable,Objet_15305
Fragile,Objet_03691
Food,Objet_16228
Unspecified,Objet_02231
Oxidizing,Objet_16576
Explosive,Objet_03056
Oxidizing,Objet_21750
Unspecified,Objet_25423
Unspecified,Objet_14982
Flammable,Objet_21086
Toxic,Objet_08028
Food,Objet_15888
Radioactive,Objet_06887
Corrosive,Objet_19292
Fragile,Objet_22386
Flammable,Objet_20521
Toxic,Objet_25279
Radioactive,Objet_21163
Unspecified,Objet_08488
Fragile,Objet_15172
Explosive,Objet_21366
Fragile,Objet_14596
Radioactive,Objet_13676
Corrosive,Objet_27829
Unspecified,Objet_04491
Radioactive,Objet_15741
Unspecified,Objet_21803
Explosive,Objet_08988
Oxidizing,Objet_22567
Oxidizing,Objet_11108
Explosive,Objet_07999
Flammable,Objet_20662
Flammable,Objet_26393
Oxidizing,Objet_08837
Flammable,Objet_03380
Pressurized,Objet_00275
Unspecified,Objet_05491
Pressurized,Objet_27857
Food,Objet_27788
Toxic,Objet_23762
Corrosive,Objet_26188
Unspecified,Objet_23330
Toxic,Objet_03428
Unspecified,Objet_26485
Explosive,Objet_07903
Unspecified,Objet_07203
Toxic,Objet_24592
Food,Objet_13906
Unspecified,Objet_13632
Radioactive,Objet_04132
Unspecified,Objet_13779
Food,Objet_18279
Corrosive,Objet_14874
Radioactive,Objet_00606
Oxidizing,Objet_04758
Flammable,Objet_24381
Radioactive,Objet_18520
Oxidizing,Objet_24324
Unspecified,Objet_27367
Fragile,Objet_22455
Radioactive,Objet_17492
Fragile,Objet_06002
Fragile,Objet_04683
Flammable,Objet_09973
Pressurized,Objet_06812
Radioactive,Objet_25537
Corrosive,Objet_10540
Pressurized,Objet_20940
Corrosive,Objet_25881
Unspecified,Objet_09548
Fragile,Objet_06012
Unspecified,Objet_02532
Corrosive,Objet_10388
Radioactive,Objet_18900
Oxidizing,Objet_10296
Explosive,Objet_14660
Oxidizing,Objet_09890
Explosive,Objet_05959
Fragile,Objet_18132
Oxidizing,Objet_11699
Toxic,Objet_25528
Food,Objet_26629
Unspecified,Objet_29852
Food,Objet_17653
Toxic,Objet_15413
Unspecified,Objet_23531
Fragile,Objet_19968
Explosive,Objet_18310
Food,Objet_15420
Unspecified,Objet_23297
Flammable,Objet_22078
Corrosive,Objet_05139
Radioactive,Objet_22951
Toxic,Objet_09375
Food,Objet_27657
Explosive,Objet_11961
Radioactive,Objet_19029
Radioactive,Objet_11242
Food,Objet_29594
Toxic,Objet_14235
Food,Objet_19038
Pressurized,Objet_08790
Toxic,Objet_17900
Food,Objet_06386
Toxic,Objet_11641
Corrosive,Objet_05049
Corrosive,Objet_15884
Food,Objet_13671
Corrosive,Objet_14987
Food,Objet_12915
Corrosive,Objet_18170
Flammable,Objet_26713
Corrosive,Objet_20822
Oxidizing,Objet_29147
Food,Objet_20736
Food,Objet_23854
Fragile,Objet_11739
Food,Objet_00739
Pressurized,Objet_24950
Corrosive,Objet_07837
Flammable,Objet_13122
Corrosive,Objet_09820
Unspecified,Objet_02381
Explosive,Objet_16450
Corrosive,Objet_22004
Radioactive,Objet_15481
Pressurized,Objet_07830
Radioactive,Objet_19877
Flammable,Objet_19339
Toxic,Objet_26889
Toxic,Objet_15744
Pressurized,Objet_15148
Corrosive,Objet_07911
Oxidizing,Objet_06337
Explosive,Objet_25466
Explosive,Objet_00175
Flammable,Objet_26256
Pressurized,Objet_22683
Explosive,Objet_03791
Pressurized,Objet_23916
Unspecified,Objet_07326
Radioactive,Objet_26401
Explosive,Objet_14292
Flammable,Objet_07399
Toxic,Objet_28793
Radioactive,Objet_02489
Fragile,Objet_09193
Explosive,Objet_02990
Corrosive,Objet_00113
Food,Objet_25454
Food,Objet_16166
Toxic,Objet_20484
Unspecified,Objet_06974
Toxic,Objet_07614
Toxic,Objet_19578
Explosive,Objet_10192
Flammable,Objet_28159
Radioactive,Objet_20574
Flammable,Objet_19313
Pressurized,Objet_10669
Radioactive,Objet_15176
Corrosive,Objet_26597
Fragile,Objet_11526
Oxidizing,Objet_15869
Explosive,Objet_01848
Radioactive,Objet_07158
Flammable,Objet_03599
Flammable,Objet_13161
Food,Objet_04920
Unspecified,Objet_15597
Fragile,Objet_08860
Fragile,Objet_04735
Explosive,Objet_12742
Pressurized,Objet_08175
Oxidizing,Objet_26317
Food,Objet_00942
Flammable,Objet_01341
Corrosive,Objet_00532
Food,Objet_02722
Flammable,Objet_02156
Oxidizing,Objet_29215
Unspecified,Objet_00436
Food,Objet_02708
Fragile,Objet_26185
Fragile,Objet_08670
Pressurized,Objet_00353
Food,Objet_08591
Pressurized,Objet_13223
Radioactive,Objet_21918
Toxic,Objet_19610
Fragile,Objet_20247
Flammable,Objet_13062
Flammable,Objet_25671
Fragile,Objet_08478
Corrosive,Objet_07381
Pressurized,Objet_00397
Fragile,Objet_20410
Toxic,Objet_11141
Pressurized,Objet_08814
Toxic,Objet_21588
Radioactive,Objet_23622
Corrosive,Objet_25243
Radioactive,Objet_28990
Radioactive,Objet_09139
Oxidizing,Objet_30056
Unspecified,Objet_13456
Flammable,Objet_15510
Pressurized,Objet_02693
Fragile,Objet_27951
Pressurized,Objet_01920
Pressurized,Objet_16706
Radioactive,Objet_00710
Fragile,Objet_25778
Fragile,Objet_18979
Explosive,Objet_15443
Flammable,Objet_03887
Pressurized,Objet_26749
Food,Objet_18584
Toxic,Objet_18120
Flammable,Objet_07534
Food,Objet_02347
Unspecified,Objet_03889
Radioactive,Objet_22183
Radioactive,Objet_09691
Food,Objet_03477
Explosive,Objet_29647
Toxic,Objet_05311
Fragile,Objet_04830
Radioactive,Objet_15384
Pressurized,Objet_03203
Unspecified,Objet_11419
Toxic,Objet_26626
Oxidizing,Objet_10188
Fragile,Objet_08248
Unspecified,Objet_29431
Flammable,Objet_07250
Toxic,Objet_10561
Explosive,Objet_15261
Explosive,Objet_08438
Pressurized,Objet_08528
Radioactive,Objet_05357
Toxic,Objet_25333
Oxidizing,Objet_24435
Corrosive,Objet_00974
Food,Objet_10067
Oxidizing,Objet_27949
Flammable,Objet_27071
Food,Objet_28275
Corrosive,Objet_15456
Food,Objet_09477
Pressurized,Objet_24271
Pressurized,Objet_25793
Pressurized,Objet_16390
Food,Objet_13560
Explosive,Objet_09395
Explosive,Objet_19622
Radioactive,Objet_19063
Toxic,Objet_13870
Corrosive,Objet_12416
Food,Objet_22738
Pressurized,Objet_16790
Pressurized,Objet_06915
Corrosive,Objet_01821
Corrosive,Objet_07733
Explosive,Objet_20833
Unspecified,Objet_25636
Unspecified,Objet_19585
Food,Objet_22980
Unspecified,Objet_02953
Pressurized,Objet_13025
Pressurized,Objet_23438
Pressurized,Objet_04653
Corrosive,Objet_20114
Unspecified,Objet_24663
Food,Objet_30156
Corrosive,Objet_04940
Radioactive,Objet_04288
Food,Objet_13592
Corrosive,Objet_16712
Oxidizing,Objet_10590
Oxidizing,Objet_17128
Pressurized,Objet_21582
Oxidizing,Objet_06775
Pressurized,Objet_12397
Radioactive,Objet_19630
Flammable,Objet_24829
Toxic,Objet_14879
Food,Objet_08439
Food,Objet_05022
Corrosive,Objet_29057
Pressurized,Objet_17220
Corrosive,Objet_01824
Radioactive,Objet_14481
Unspecified,Objet_02593
Explosive,Objet_00758
Unspecified,Objet_02987
Fragile,Objet_00791
Food,Objet_13795
Unspecified,Objet_04580
Fragile,Objet_11074
Unspecified,Objet_29569
Oxidizing,Objet_27303
Toxic,Objet_00396
Radioactive,Objet_27432
Toxic,Objet_11932
Flammable,Objet_19012
Corrosive,Objet_08191
Fragile,Objet_16037
Food,Objet_27265
Flammable,Objet_14716
Pressurized,Objet_03443
Food,Objet_13247
Explosive,Objet_14736
Corrosive,Objet_28154
Radioactive,Objet_13071
Radioactive,Objet_14441
Radioactive,Objet_21531
Flammable,Objet_18865
Unspecified,Objet_25813
Food,Objet_18107
Toxic,Objet_13950
Toxic,Objet_23533
Explosive,Objet_08334
Flammable,Objet_13337
Oxidizing,Objet_11547
Radioactive,Objet_08466
Radioactive,Objet_16185
Radioactive,Objet_23361
Flammable,Objet_16649
Unspecified,Objet_14002
Toxic,Objet_25710
Food,Objet_16373
Oxidizing,Objet_10964
Fragile,Objet_26520
Corrosive,Objet_06475
Toxic,Objet_00990
Unspecified,Objet_13718
Pressurized,Objet_14885
Explosive,Objet_25240
Radioactive,Objet_16984
Food,Objet_23542
Pressurized,Objet_03514
Unspecified,Objet_12760
Pressurized,Objet_00021
Explosive,Objet_29077
Toxic,Objet_04977
Oxidizing,Objet_17426
Oxidizing,Objet_25918
Unspecified,Objet_14032
Pressurized,Objet_28747
Fragile,Objet_17320
Fragile,Objet_24746
Food,Objet_17818
Food,Objet_20059
Pressurized,Objet_08002
Toxic,Objet_16344
Corrosive,Objet_03102
Radioactive,Objet_26525
Oxidizing,Objet_02028
Flammable,Objet_10038
Corrosive,Objet_15918
Explosive,Objet_07546
Explosive,Objet_12526
Toxic,Objet_02476
Unspecified,Objet_24309
Pressurized,Objet_01296
Unspecified,Objet_14899
Corrosive,Objet_29479
Radioactive,Objet_28342
Food,Objet_16070
Pressurized,Objet_23034
Oxidizing,Objet_10575
Flammable,Objet_17158
Fragile,Objet_23223
Pressurized,Objet_11794
Radioactive,Objet_07123
Fragile,Objet_20159
Pressurized,Objet_08244
Oxidizing,Objet_13305
Pressurized,Objet_06580
Radioactive,Objet_02839
Flammable,Objet_25659
Flammable,Objet_05273
Corrosive,Objet_25370
Toxic,Objet_30084
Explosive,Objet_28215
Pressurized,Objet_04173
Food,Objet_17376
Flammable,Objet_06149
Unspecified,Objet_15761
Pressurized,Objet_00234
Unspecified,Objet_20937
Corrosive,Objet_02856
Explosive,Objet_29209
Fragile,Objet_03576
Food,Objet_19514
Pressurized,Objet_20093
Explosive,Objet_14768
Oxidizing,Objet_03347
Pressurized,Objet_07428
Flammable,Objet_24199
Unspecified,Objet_13896
Fragile,Objet_07460
Radioactive,Objet_26096
Explosive,Objet_10813
Corrosive,Objet_04901
Flammable,Objet_10253
Pressurized,Objet_21483
Pressurized,Objet_22815
Pressurized,Objet_29959
Unspecified,Objet_06768
Unspecified,Objet_00261
Fragile,Objet_23228
Explosive,Objet_19854
Fragile,Objet_06476
Pressurized,Objet_14055
Oxidizing,Objet_05442
Oxidizing,Objet_01853
Pressurized,Objet_01932
Toxic,Objet_27066
Pressurized,Objet_18821
Flammable,Objet_11940
Unspecified,Objet_23565
Pressurized,Objet_07126
Oxidizing,Objet_16096
Flammable,Objet_00855
Flammable,Objet_00144
Explosive,Objet_15546
Explosive,Objet_02760
Flammable,Objet_02849
Food,Objet_04736
Food,Objet_00394
Fragile,Objet_29719
Corrosive,Objet_22421
Toxic,Objet_26904
Explosive,Objet_28623
Flammable,Objet_28956
Unspecified,Objet_20767
Corrosive,Objet_16094
Toxic,Objet_03493
Oxidizing,Objet_23309
Food,Objet_28525
Radioactive,Objet_05645
Unspecified,Objet_02720
Fragile,Objet_18388
Food,Objet_13476
Pressurized,Objet_13980
Unspecified,Objet_13441
Pressurized,Objet_03705
Corrosive,Objet_07080
Radioactive,Objet_08971
Unspecified,Objet_07589
Explosive,Objet_13421
Explosive,Objet_10867
Radioactive,Objet_23529
Unspecified,Objet_15591
Oxidizing,Objet_09001
Oxidizing,Objet_18044
Pressurized,Objet_27050
Explosive,Objet_28925
Unspecified,Objet_00692
Radioactive,Objet_02016
Corrosive,Objet_16871
Corrosive,Objet_09459
Pressurized,Objet_19209
Unspecified,Objet_00124
Fragile,Objet_20564
Pressurized,Objet_26071
Fragile,Objet_27363
Explosive,Objet_05306
Pressurized,Objet_13035
Corrosive,Objet_04756
Pressurized,Objet_08389
Toxic,Objet_25826
Flammable,Objet_13674
Food,Objet_23014
Oxidizing,Objet_20791
Oxidizing,Objet_29546
Flammable,Objet_05548
Fragile,Objet_11845
Oxidizing,Objet_23608
Radioactive,Objet_10873
Flammable,Objet_27296
Toxic,Objet_16388
Unspecified,Objet_06049
Toxic,Objet_21207
Pressurized,Objet_03417
Flammable,Objet_26334
Oxidizing,Objet_28731
Radioactive,Objet_18346
Corrosive,Objet_10988
Radioactive,Objet_03453
Unspecified,Objet_00022
Unspecified,Objet_21328
Unspecified,Objet_29903
Pressurized,Objet_16797
Oxidizing,Objet_30022
Flammable,Objet_29505
Fragile,Objet_18130
Pressurized,Objet_08881
Corrosive,Objet_05112
Fragile,Objet_03177
Unspecified,Objet_03385
Oxidizing,Objet_20295
Flammable,Objet_21895
Fragile,Objet_29226
Fragile,Objet_29867
Fragile,Objet_26101
Food,Objet_24712
Unspecified,Objet_01356
Pressurized,Objet_11025
Corrosive,Objet_29113
Corrosive,Objet_11417
Food,Objet_16603
Fragile,Objet_03919
Explosive,Objet_17144
Corrosive,Objet_11106
Unspecified,Objet_16080
Unspecified,Objet_09623
Food,Objet_30024
Pressurized,Objet_10525
Food,Objet_23170
Radioactive,Objet_05369
Flammable,Objet_08044
Flammable,Objet_16719
Pressurized,Objet_18757
Toxic,Objet_23918
Corrosive,Objet_13856
Oxidizing,Objet_06629
Toxic,Objet_14941
Flammable,Objet_27056
Unspecified,Objet_02227
Flammable,Objet_05216
Fragile,Objet_03861
Fragile,Objet_08862
Food,Objet_21608
Food,Objet_25020
Oxidizing,Objet_00452
Corrosive,Objet_24568
Toxic,Objet_01611
Unspecified,Objet_18580
Explosive,Objet_21176
Flammable,Objet_14423
Unspecified,Objet_07725
Corrosive,Objet_19946
Explosive,Objet_09605
Pressurized,Objet_18502
Pressurized,Objet_09213
Toxic,Objet_05961
Oxidizing,Objet_24116
Pressurized,Objet_02877
Flammable,Objet_24091
Pressurized,Objet_16189
Unspecified,Objet_19412
Flammable,Objet_08126
Pressurized,Objet_03410
Explosive,Objet_05490
Flammable,Objet_15879
Fragile,Objet_22053
Oxidizing,Objet_18192
Toxic,Objet_10126
Corrosive,Objet_08696
Explosive,Objet_28178
Unspecified,Objet_14655
Toxic,Objet_12911
Explosive,Objet_27555
Oxidizing,Objet_01564
Toxic,Objet_05671
Food,Objet_09446
Flammable,Objet_17293
Flammable,Objet_05887
Fragile,Objet_20721
Corrosive,Objet_08783
Toxic,Objet_03357
Explosive,Objet_21187
Pressurized,Objet_27891
Pressurized,Objet_14455
Explosive,Objet_02268
Unspecified,Objet_10402
Toxic,Objet_28414
Flammable,Objet_26134
Corrosive,Objet_03125
Unspecified,Objet_22060
Pressurized,Objet_03214
Flammable,Objet_04744
Explosive,Objet_00761
Radioactive,Objet_03364
Explosive,Objet_27134
Fragile,Objet_21911
Oxidizing,Objet_19712
Oxidizing,Objet_15967
Oxidizing,Objet_19329
Food,Objet_09956
Explosive,Objet_25041
Fragile,Objet_28411
Flammable,Objet_07690
Pressurized,Objet_22747
Fragile,Objet_02681
Unspecified,Objet_11047
Fragile,Objet_15582
Toxic,Objet_09626
Corrosive,Objet_28420
Unspecified,Objet_13270
Flammable,Objet_29021
Unspecified,Objet_00052
Flammable,Objet_06137
Toxic,Objet_23061
Pressurized,Objet_05570
Pressurized,Objet_14186
Oxidizing,Objet_06671
Flammable,Objet_14329
Explosive,Objet_13497
Unspecified,Objet_26801
Radioactive,Objet_06080
Unspecified,Objet_11790
Oxidizing,Objet_14733
Fragile,Objet_16304
Radioactive,Objet_05084
Fragile,Objet_03467
Radioactive,Objet_18187
Fragile,Objet_05229
Radioactive,Objet_08538
Food,Objet_25274
Oxidizing,Objet_22677
Explosive,Objet_29963
Explosive,Objet_03287
Explosive,Objet_26839
Toxic,Objet_13735
Corrosive,Objet_09888
Fragile,Objet_25309
Food,Objet_15544
Unspecified,Objet_22726
Pressurized,Objet_07909
Explosive,Objet_21543
Pressurized,Objet_13162
Corrosive,Objet_25272
Toxic,Objet_03812
Fragile,Objet_12548
Fragile,Objet_22374
Explosive,Objet_17164
Radioactive,Objet_12566
Pressurized,Objet_29596
Fragile,Objet_22948
Pressurized,Objet_09083
Oxidizing,Objet_10073
Unspecified,Objet_16128
Pressurized,Objet_22222
Radioactive,Objet_15280
Radioactive,Objet_29166
Explosive,Objet_03973
Corrosive,Objet_26015
Pressurized,Objet_17362
Unspecified,Objet_12707
Toxic,Objet_08665
Unspecified,Objet_06500
Toxic,Objet_26792
Unspecified,Objet_02952
Unspecified,Objet_22639
Flammable,Objet_01911
Oxidizing,Objet_27658
Fragile,Objet_18456
Toxic,Objet_21182
Flammable,Objet_05599
Toxic,Objet_07686
Pressurized,Objet_00953
Food,Objet_08319
Radioactive,Objet_05033
Unspecified,Objet_30095
Oxidizing,Objet_08245
Corrosive,Objet_14735
Fragile,Objet_08965
Fragile,Objet_10660
Oxidizing,Objet_28955
Explosive,Objet_18165
Food,Objet_13410
Fragile,Objet_08343
Food,Objet_08168
Pressurized,Objet_01350
Food,Objet_25190
Unspecified,Objet_08124
Oxidizing,Objet_07470
Toxic,Objet_05612
Oxidizing,Objet_02957
Oxidizing,Objet_01613
Pressurized,Objet_06251
Radioactive,Objet_29343
Radioactive,Objet_07347
Pressurized,Objet_22215
Pressurized,Objet_02001
Corrosive,Objet_04874
Pressurized,Objet_13081
Unspecified,Objet_18565
Pressurized,Objet_09490
Food,Objet_07028
Oxidizing,Objet_10800
Fragile,Objet_26577
Fragile,Objet_07373
Radioactive,Objet_26957
Oxidizing,Objet_02605
Flammable,Objet_13253
Food,Objet_25816
Radioactive,Objet_19403
Food,Objet_22035
Corrosive,Objet_04254
Pressurized,Objet_10729
Explosive,Objet_20995
Pressurized,Objet_13361
Food,Objet_25875
Flammable,Objet_06429
Pressurized,Objet_26348
Unspecified,Objet_12671
Toxic,Objet_24035
Unspecified,Objet_11348
Flammable,Objet_08173
Oxidizing,Objet_06061
Corrosive,Objet_24752
Oxidizing,Objet_27117
Pressurized,Objet_28111
Explosive,Objet_16848
Corrosive,Objet_16639
Toxic,Objet_14536
Explosive,Objet_21324
Explosive,Objet_30097
Corrosive,Objet_20041
Unspecified,Objet_27422
Explosive,Objet_22774
Toxic,Objet_21858
Explosive,Objet_08377
Food,Objet_03084
Fragile,Objet_21939
Corrosive,Objet_24305
Flammable,Objet_01688
Pressurized,Objet_18276
Explosive,Objet_08209
Corrosive,Objet_23243
Unspecified,Objet_28533
Corrosive,Objet_10152
Fragile,Objet_19959
Fragile,Objet_26057
Explosive,Objet_05804
Radioactive,Objet_28120
Oxidizing,Objet_23992
Flammable,Objet_07610
Pressurized,Objet_14771
Corrosive,Objet_15974
Radioactive,Objet_14496
Toxic,Objet_06588
Corrosive,Objet_17159
Oxidizing,Objet_09126
Radioactive,Objet_18742
Corrosive,Objet_04033
Unspecified,Objet_05929
Oxidizing,Objet_07752
Flammable,Objet_18031
Pressurized,Objet_00489
Corrosive,Objet_08699
Oxidizing,Objet_06230
Food,Objet_09218
Unspecified,Objet_05045
Food,Objet_11235
Fragile,Objet_25429
Flammable,Objet_25841
Explosive,Objet_11659
Fragile,Objet_02424
Explosive,Objet_19529
Corrosive,Objet_03641
Radioactive,Objet_19215
Oxidizing,Objet_15431
Corrosive,Objet_24873
Pressurized,Objet_05673
Flammable,Objet_29950
Explosive,Objet_28095
Unspecified,Objet_06003
Oxidizing,Objet_24032
Food,Objet_16945
Flammable,Objet_19698
Pressurized,Objet_00709
Pressurized,Objet_27100
Pressurized,Objet_06977
Oxidizing,Objet_10858
Pressurized,Objet_05330
Toxic,Objet_25234
Unspecified,Objet_28017
Flammable,Objet_11420
Fragile,Objet_10323
Radioactive,Objet_02057
Pressurized,Objet_03522
Oxidizing,Objet_08462
Oxidizing,Objet_02272
Toxic,Objet_18879
Pressurized,Objet_06487
Food,Objet_17171
Fragile,Objet_11657
Food,Objet_09962
Flammable,Objet_29055
Fragile,Objet_12733
Explosive,Objet_14338
Oxidizing,Objet_07646
Toxic,Objet_19941
Fragile,Objet_24426
Flammable,Objet_13462
Flammable,Objet_01421
Corrosive,Objet_12834
Toxic,Objet_25927
Radioactive,Objet_05161
Flammable,Objet_04376
Radioactive,Objet_21933
Unspecified,Objet_26337
Radioactive,Objet_13843
Corrosive,Objet_07831
Flammable,Objet_24680
Oxidizing,Objet_09423
Toxic,Objet_12342
Toxic,Objet_06158
Corrosive,Objet_21666
Toxic,Objet_22108
Fragile,Objet_04981
Explosive,Objet_17964
Explosive,Objet_17480
Explosive,Objet_13673
Flammable,Objet_18049
Unspecified,Objet_11822
Unspecified,Objet_03837
Pressurized,Objet_05244
Oxidizing,Objet_10429
Oxidizing,Objet_04561
Explosive,Objet_24804
Toxic,Objet_04598
Flammable,Objet_21460
Unspecified,Objet_09560
Flammable,Objet_25199
Fragile,Objet_21481
Toxic,Objet_08932
Fragile,Objet_22898
Fragile,Objet_00521
Food,Objet_10065
Fragile,Objet_23697
Food,Objet_16381
Radioactive,Objet_16952
Food,Objet_01993
Flammable,Objet_09667
Radioactive,Objet_24376
Explosive,Objet_22243
Unspecified,Objet_01059
Pressurized,Objet_06718
Oxidizing,Objet_00655
Explosive,Objet_06246
Corrosive,Objet_04510
Oxidizing,Objet_01050
Fragile,Objet_11236
Food,Objet_13710
Radioactive,Objet_20569
Toxic,Objet_23155
Flammable,Objet_28323
Pressurized,Objet_23403
Fragile,Objet_13827
Radioactive,Objet_26900
Pressurized,Objet_08648
Unspecified,Objet_20699
Fragile,Objet_25396
Oxidizing,Objet_17750
Fragile,Objet_27178
Explosive,Objet_16998
Explosive,Objet_07684
Unspecified,Objet_05716
Unspecified,Objet_25701
Toxic,Objet_26271
Radioactive,Objet_13574
Explosive,Objet_11475
Fragile,Objet_12249
Pressurized,Objet_22857
Toxic,Objet_09270
Unspecified,Objet_26584
Unspecified,Objet_10605
Radioactive,Objet_02858
Flammable,Objet_04792
Flammable,Objet_26885
Corrosive,Objet_11095
Pressurized,Objet_10462
Food,Objet_15983
Toxic,Objet_10734
Fragile,Objet_17986
Oxidizing,Objet_12585
Unspecified,Objet_22664
Flammable,Objet_29621
Corrosive,Objet_01278
Flammable,Objet_23224
Radioactive,Objet_11728
Fragile,Objet_04819
Pressurized,Objet_29524
Fragile,Objet_21887
Food,Objet_22928
Pressurized,Objet_13492
Unspecified,Objet_26215
Toxic,Objet_05173
Food,Objet_07551
Food,Objet_20349
Radioactive,Objet_16335
Fragile,Objet_24710
Corrosive,Objet_08480
Corrosive,Objet_09228
Toxic,Objet_01387
Flammable,Objet_02251
Radioactive,Objet_04692
Pressurized,Objet_06908
Radioactive,Objet_12651
Radioactive,Objet_26797
Pressurized,Objet_03513
Explosive,Objet_26979
Oxidizing,Objet_09393
Toxic,Objet_17199
Oxidizing,Objet_29917
Fragile,Objet_13845
Corrosive,Objet_16356
Corrosive,Objet_02045
Fragile,Objet_17644
Fragile,Objet_22124
Toxic,Objet_21345
Flammable,Objet_09176
Explosive,Objet_29376
Unspecified,Objet_04937
Explosive,Objet_06900
Fragile,Objet_22656
Oxidizing,Objet_07665
Food,Objet_14561
Toxic,Objet_17115
Unspecified,Objet_08208
Unspecified,Objet_28033
Unspecified,Objet_11647
Food,Objet_12986
Flammable,Objet_14627
Corrosive,Objet_26559
Flammable,Objet_00413
Flammable,Objet_07668
Explosive,Objet_16010
Fragile,Objet_03753
Pressurized,Objet_24274
Pressurized,Objet_13655
Food,Objet_28768
Food,Objet_27068
Toxic,Objet_01465
Flammable,Objet_30051
Flammable,Objet_23590
Pressurized,Objet_15454
Oxidizing,Objet_18164
Radioactive,Objet_26836
Flammable,Objet_21752
Unspecified,Objet_20177
Fragile,Objet_29135
Radioactive,Objet_01799
Toxic,Objet_10138
Flammable,Objet_05441
Radioactive,Objet_19224
Radioactive,Objet_14258
Pressurized,Objet_21014
Unspecified,Objet_11284
Flammable,Objet_14868
Flammable,Objet_10610
Explosive,Objet_22297
Fragile,Objet_13924
Toxic,Objet_06686
Flammable,Objet_19208
Food,Objet_10626
Pressurized,Objet_00749
Fragile,Objet_05266
Pressurized,Objet_26142
Flammable,Objet_20461
Flammable,Objet_29514
Fragile,Objet_27201
Fragile,Objet_08963
Oxidizing,Objet_10405
Corrosive,Objet_24616
Fragile,Objet_18269
Food,Objet_00326
Fragile,Objet_29645
Pressurized,Objet_13893
Food,Objet_14282
Fragile,Objet_05624
Oxidizing,Objet_26435
Fragile,Objet_15704
Flammable,Objet_17813
Pressurized,Objet_29729
Oxidizing,Objet_17658
Explosive,Objet_16453
Oxidizing,Objet_08283
Food,Objet_16221
Oxidizing,Objet_15140
Flammable,Objet_08744
Pressurized,Objet_15082
Corrosive,Objet_13963
Flammable,Objet_07409
Flammable,Objet_11959
Explosive,Objet_27873
Radioactive,Objet_03256
Corrosive,Objet_05740
Unspecified,Objet_06055
Radioactive,Objet_04235
Food,Objet_11672
Flammable,Objet_03972
Corrosive,Objet_06279
Pressurized,Objet_17628
Explosive,Objet_18391
Explosive,Objet_27306
Fragile,Objet_17749
Toxic,Objet_10936
Flammable,Objet_20070
Fragile,Objet_16396
Explosive,Objet_27883
Oxidizing,Objet_17738
Radioactive,Objet_07193
Oxidizing,Objet_26937
Corrosive,Objet_03525
Pressurized,Objet_20342
Food,Objet_09065
Corrosive,Objet_30069
Food,Objet_16302
Unspecified,Objet_02473
Flammable,Objet_01211
Radioactive,Objet_15612
Corrosive,Objet_04109
Oxidizing,Objet_13751
Fragile,Objet_26241
Pressurized,Objet_03839
Pressurized,Objet_11478
Food,Objet_11559
Corrosive,Objet_26045
Unspecified,Objet_21932
Unspecified,Objet_11204
Oxidizing,Objet_23094
Fragile,Objet_01405
Fragile,Objet_07942
Flammable,Objet_23725
Corrosive,Objet_06627
Unspecified,Objet_18056
Fragile,Objet_00053
Fragile,Objet_07563
Fragile,Objet_18028
Explosive,Objet_27593
Corrosive,Objet_04795
Explosive,Objet_26602
Food,Objet_17485
Pressurized,Objet_22917
Fragile,Objet_19636
Oxidizing,Objet_07527
Unspecified,Objet_23545
Explosive,Objet_07940
Fragile,Objet_29597
Pressurized,Objet_01074
Food,Objet_27987
Fragile,Objet_02097
Toxic,Objet_28267
Unspecified,Objet_21280
Toxic,Objet_27756
Explosive,Objet_19620
Pressurized,Objet_19166
Pressurized,Objet_28291
Flammable,Objet_13197
Toxic,Objet_25354
Explosive,Objet_01495
Unspecified,Objet_16769
Unspecified,Objet_24492
Unspecified,Objet_14233
Explosive,Objet_22405
Oxidizing,Objet_20516
Unspecified,Objet_07026
Pressurized,Objet_00438
Explosive,Objet_06893
Flammable,Objet_11756
Oxidizing,Objet_15164
Explosive,Objet_21889
Radioactive,Objet_14545
Food,Objet_22155
Toxic,Objet_10430
Unspecified,Objet_26267
Radioactive,Objet_10513
Flammable,Objet_10704
Food,Objet_17602
Pressurized,Objet_10851
Flammable,Objet_12869
Corrosive,Objet_04431
Corrosive,Objet_02053
Oxidizing,Objet_22618
Toxic,Objet_06637
Corrosive,Objet_02174
Toxic,Objet_10460
Flammable,Objet_26300
Pressurized,Objet_17184
Oxidizing,Objet_07894
Unspecified,Objet_03658
Unspecified,Objet_09037
Corrosive,Objet_22389
Fragile,Objet_26604
Radioactive,Objet_18877
Corrosive,Objet_19718
Flammable,Objet_25712
Corrosive,Objet_19937
Corrosive,Objet_24278
Corrosive,Objet_28087
Flammable,Objet_25563
Explosive,Objet_06962
Flammable,Objet_21558
Radioactive,Objet_05936
Oxidizing,Objet_09464
Radioactive,Objet_10184
Flammable,Objet_22679
Food,Objet_23771
Oxidizing,Objet_00862
Food,Objet_23580
Radioactive,Objet_02981
Corrosive,Objet_10946
Oxidizing,Objet_01457
Explosive,Objet_13293
Food,Objet_25028
Corrosive,Objet_00060
Food,Objet_07297
Radioactive,Objet_25185
Radioactive,Objet_23396
Explosive,Objet_08257
Flammable,Objet_09980
Radioactive,Objet_21222
Oxidizing,Objet_03978
Explosive,Objet_05154
Corrosive,Objet_28871
Unspecified,Objet_03827
Flammable,Objet_03666
Unspecified,Objet_03103
Pressurized,Objet_10287
Corrosive,Objet_01218
Radioactive,Objet_25037
Fragile,Objet_11070
Explosive,Objet_05171
Food,Objet_22182
Flammable,Objet_25741
Unspecified,Objet_21768
Corrosive,Objet_20126
Explosive,Objet_10166
Unspecified,Objet_03178
Fragile,Objet_20512
Fragile,Objet_21010
Corrosive,Objet_01835
Fragile,Objet_05468
Flammable,Objet_13510
Food,Objet_22560
Fragile,Objet_14498
Explosive,Objet_08638
Radioactive,Objet_16967
Food,Objet_12430
Flammable,Objet_12010
Oxidizing,Objet_01882
Explosive,Objet_04905
Food,Objet_05738
Toxic,Objet_23335
Radioactive,Objet_05574
Toxic,Objet_12016
Explosive,Objet_19440
Food,Objet_01446
Corrosive,Objet_10469
Corrosive,Objet_18534
Radioactive,Objet_19864
Radioactive,Objet_22130
Radioactive,Objet_15977
Pressurized,Objet_26312
Unspecified,Objet_03031
Flammable,Objet_01305
Corrosive,Objet_23734
Food,Objet_11429
Toxic,Objet_09306
Oxidizing,Objet_19597
Pressurized,Objet_11118
Explosive,Objet_01290
Oxidizing,Objet_14916
Pressurized,Objet_08422
Oxidizing,Objet_02677
Oxidizing,Objet_28962
Pressurized,Objet_27980
Corrosive,Objet_03301
Pressurized,Objet_02040
Fragile,Objet_11979
Unspecified,Objet_04361
Explosive,Objet_05965
Oxidizing,Objet_02954
Fragile,Objet_24704
Fragile,Objet_11368
Corrosive,Objet_16664
Toxic,Objet_24970
Unspecified,Objet_18402
Oxidizing,Objet_13764
Oxidizing,Objet_07559
Explosive,Objet_24362
Oxidizing,Objet_14256
Unspecified,Objet_06726
Food,Objet_02047
Unspecified,Objet_02060
Corrosive,Objet_01424
Food,Objet_02732
Corrosive,Objet_02779
Pressurized,Objet_04232
Oxidizing,Objet_09662
Radioactive,Objet_19205
Food,Objet_10360
Toxic,Objet_07169
Corrosive,Objet_20435
Food,Objet_10815
Unspecified,Objet_12643
Corrosive,Objet_17022
Corrosive,Objet_20424
Fragile,Objet_27970
Flammable,Objet_24153
Fragile,Objet_24241
Oxidizing,Objet_19364
Oxidizing,Objet_06573
Fragile,Objet_29335
Fragile,Objet_04271
Corrosive,Objet_27535
Toxic,Objet_09206
Pressurized,Objet_18834
Radioactive,Objet_10768
Toxic,Objet_28561
Toxic,Objet_12958
Food,Objet_13915
Unspecified,Objet_08156
Fragile,Objet_00484
Corrosive,Objet_26046
Food,Objet_22083
Corrosive,Objet_04909
Oxidizing,Objet_19952
Explosive,Objet_08330
Corrosive,Objet_23256
Explosive,Objet_01731
Explosive,Objet_15134
Explosive,Objet_28361
Corrosive,Objet_01781
Pressurized,Objet_20765
Oxidizing,Objet_02827
Corrosive,Objet_07497
Corrosive,Objet_10262
Explosive,Objet_12182
Fragile,Objet_22457
Fragile,Objet_23002
Food,Objet_02051
Flammable,Objet_15813
Corrosive,Objet_10564
Pressurized,Objet_04278
Oxidizing,Objet_01531
Fragile,Objet_19958
Explosive,Objet_03361
Explosive,Objet_01734
Fragile,Objet_01503
Oxidizing,Objet_15779
Unspecified,Objet_15236
Flammable,Objet_05757
Radioactive,Objet_01526
Pressurized,Objet_05569
Toxic,Objet_10153
Pressurized,Objet_10393
Pressurized,Objet_01788
Oxidizing,Objet_15805
Food,Objet_02078
Fragile,Objet_29041
Toxic,Objet_26747
Flammable,Objet_24108
Oxidizing,Objet_19046
Corrosive,Objet_09533
Fragile,Objet_19936
Explosive,Objet_08012
Fragile,Objet_09080
Radioactive,Objet_23447
Oxidizing,Objet_20049
Radioactive,Objet_23615
Pressurized,Objet_18983
Corrosive,Objet_10258
Unspecified,Objet_22540
Toxic,Objet_02679
Toxic,Objet_03947
Oxidizing,Objet_24048
Unspecified,Objet_18643
Pressurized,Objet_02673
Unspecified,Objet_17824
Food,Objet_26558
Corrosive,Objet_19322
Corrosive,Objet_07165
Oxidizing,Objet_12748
Oxidizing,Objet_17061
Oxidizing,Objet_19180
Pressurized,Objet_17418
Fragile,Objet_08287
Fragile,Objet_02784
Radioactive,Objet_27895
Unspecified,Objet_25667
Flammable,Objet_27741
Corrosive,Objet_06597
Corrosive,Objet_24893
Corrosive,Objet_09948
Radioactive,Objet_06252
Radioactive,Objet_01878
Pressurized,Objet_16919
Explosive,Objet_15654
Pressurized,Objet_22925
Pressurized,Objet_29079
Pressurized,Objet_08852
Oxidizing,Objet_12161
Explosive,Objet_29825
Unspecified,Objet_07660
Food,Objet_02290
Oxidizing,Objet_09129
Unspecified,Objet_15227
Food,Objet_21192
Oxidizing,Objet_00313
Flammable,Objet_27339
Corrosive,Objet_29964
Flammable,Objet_02656
Pressurized,Objet_22319
Radioactive,Objet_01047
Oxidizing,Objet_05688
Radioactive,Objet_03010
Corrosive,Objet_26879
Food,Objet_16729
Toxic,Objet_20142
Unspecified,Objet_26806
Corrosive,Objet_26423
Pressurized,Objet_22403
Toxic,Objet_25011
Toxic,Objet_02305
Toxic,Objet_12183
Corrosive,Objet_21002
Radioactive,Objet_05378
Explosive,Objet_16959
Corrosive,Objet_26896
Unspecified,Objet_06840
Oxidizing,Objet_08908
Oxidizing,Objet_08664
Radioactive,Objet_04810
Toxic,Objet_27147
Toxic,Objet_29081
Food,Objet_10231
Toxic,Objet_18503
Toxic,Objet_18538
Explosive,Objet_00383
Fragile,Objet_17303
Toxic,Objet_25550
Food,Objet_28671
Corrosive,Objet_23853
Fragile,Objet_00836
Unspecified,Objet_23616
Fragile,Objet_03723
Flammable,Objet_02464
Unspecified,Objet_22019
Explosive,Objet_29774
Unspecified,Objet_11467
Flammable,Objet_21195
Radioactive,Objet_24512
Radioactive,Objet_09832
Oxidizing,Objet_11480
Pressurized,Objet_07732
Radioactive,Objet_07495
Corrosive,Objet_22212
Toxic,Objet_24701
Food,Objet_20886
Food,Objet_27844
Oxidizing,Objet_21137
Oxidizing,Objet_12184
Explosive,Objet_20061
Radioactive,Objet_01862
Food,Objet_20496
Oxidizing,Objet_26854
Food,Objet_17393
Flammable,Objet_22856
Pressurized,Objet_06205
Oxidizing,Objet_13691
Unspecified,Objet_09801
Radioactive,Objet_11119
Pressurized,Objet_18463
Toxic,Objet_06936
Toxic,Objet_21431
Oxidizing,Objet_04602
Pressurized,Objet_28756
Toxic,Objet_24310
Food,Objet_20232
Pressurized,Objet_04763
Pressurized,Objet_10838
Pressurized,Objet_28393
Corrosive,Objet_05003
Toxic,Objet_10361
Oxidizing,Objet_21834
Oxidizing,Objet_03376
Food,Objet_15266
Explosive,Objet_26731
Pressurized,Objet_23560
Fragile,Objet_22387
Explosive,Objet_08578
Flammable,Objet_21866
Pressurized,Objet_17665
Pressurized,Objet_00520
Unspecified,Objet_12333
Toxic,Objet_10229
Unspecified,Objet_23124
Corrosive,Objet_01818
Unspecified,Objet_13224
Pressurized,Objet_29995
Radioactive,Objet_17064
Corrosive,Objet_23181
Corrosive,Objet_12503
Pressurized,Objet_12858
Corrosive,Objet_06027
Flammable,Objet_21710
Oxidizing,Objet_30066
Radioactive,Objet_22434
Flammable,Objet_06690
Flammable,Objet_04204
Unspecified,Objet_24938
Fragile,Objet_26895
Fragile,Objet_08602
Flammable,Objet_21810
Unspecified,Objet_11682
Fragile,Objet_18629
Corrosive,Objet_18819
Food,Objet_13304
Toxic,Objet_30116
Unspecified,Objet_20547
Radioactive,Objet_27112
Oxidizing,Objet_17400
Corrosive,Objet_29308
Toxic,Objet_14299
Corrosive,Objet_15252
Corrosive,Objet_29143
Food,Objet_29394
Radioactive,Objet_12074
Pressurized,Objet_23471
Radioactive,Objet_29656
Flammable,Objet_00152
Flammable,Objet_15476
Corrosive,Objet_14674
Unspecified,Objet_25689
Fragile,Objet_16400
Corrosive,Objet_23051
Explosive,Objet_03292
Radioactive,Objet_21284
Unspecified,Objet_01962
Pressurized,Objet_04205
Corrosive,Objet_04786
Corrosive,Objet_30160
Oxidizing,Objet_29840
Fragile,Objet_17652
Radioactive,Objet_13999
Explosive,Objet_28554
Food,Objet_27765
Pressurized,Objet_04773
Unspecified,Objet_23073
Food,Objet_20066
Unspecified,Objet_20233
Radioactive,Objet_06854
Pressurized,Objet_17782
Radioactive,Objet_28796
Fragile,Objet_20623
Explosive,Objet_08797
Fragile,Objet_18888
Corrosive,Objet_09061
Oxidizing,Objet_11522
Flammable,Objet_27579
Toxic,Objet_07968
Radioactive,Objet_07743
Flammable,Objet_00927
Flammable,Objet_23421
Oxidizing,Objet_19753
Toxic,Objet_13457
Food,Objet_21434
Explosive,Objet_01768
Corrosive,Objet_10048
Corrosive,Objet_09531
Radioactive,Objet_23366
Radioactive,Objet_13171
Food,Objet_03629
Unspecified,Objet_05868
Pressurized,Objet_14901
Food,Objet_10491
Corrosive,Objet_25921
Toxic,Objet_00475
Oxidizing,Objet_14414
Corrosive,Objet_21129
Explosive,Objet_02938
Corrosive,Objet_22534
Fragile,Objet_07191
Pressurized,Objet_11244
Explosive,Objet_22962
Flammable,Objet_18986
Oxidizing,Objet_01513
Fragile,Objet_02375
Corrosive,Objet_16830
Unspecified,Objet_07416
Unspecified,Objet_01454
Radioactive,Objet_26381
Fragile,Objet_02497
Fragile,Objet_04862
Explosive,Objet_27419
Pressurized,Objet_27123
Flammable,Objet_18268
Toxic,Objet_29310
Unspecified,Objet_17214
Unspecified,Objet_24404
Corrosive,Objet_03087
Toxic,Objet_11022
Unspecified,Objet_11345
Toxic,Objet_10117
Food,Objet_12245
Flammable,Objet_18645
Toxic,Objet_11080
Food,Objet_14823
Explosive,Objet_19405
Unspecified,Objet_28528
Explosive,Objet_29426
Explosive,Objet_21331
Toxic,Objet_13593
Radioactive,Objet_28606
Radioactive,Objet_05589
Unspecified,Objet_19189
Food,Objet_24142
Pressurized,Objet_12989
Oxidizing,Objet_04360
Food,Objet_29554
Pressurized,Objet_06933
Unspecified,Objet_27522
Oxidizing,Objet_29813
Oxidizing,Objet_02999
Toxic,Objet_03619
Pressurized,Objet_25079
Fragile,Objet_14188
Flammable,Objet_27916
Radioactive,Objet_05899
Pressurized,Objet_05842
Fragile,Objet_11818
Unspecified,Objet_24275
Fragile,Objet_26820
Fragile,Objet_20650
Fragile,Objet_02885
Toxic,Objet_24374
Corrosive,Objet_10760
Explosive,Objet_18238
Food,Objet_22804
Pressurized,Objet_13625
Oxidizing,Objet_26081
Radioactive,Objet_09104
Fragile,Objet_08015
Radioactive,Objet_27096
Fragile,Objet_05348
Explosive,Objet_26240
Radioactive,Objet_03475
Flammable,Objet_26268
Oxidizing,Objet_28164
Corrosive,Objet_13350
Unspecified,Objet_17886
Fragile,Objet_00276
Corrosive,Objet_10477
Food,Objet_22231
Oxidizing,Objet_17218
Corrosive,Objet_28071
Pressurized,Objet_15852
Flammable,Objet_21309
Pressurized,Objet_15340
Unspecified,Objet_07663
Radioactive,Objet_02187
Food,Objet_08075
Unspecified,Objet_15718
Fragile,Objet_11249
Unspecified,Objet_25628
Flammable,Objet_09055
Toxic,Objet_17913
Oxidizing,Objet_17580
Toxic,Objet_09881
Oxidizing,Objet_29227
Unspecified,Objet_18445
Flammable,Objet_06181
Unspecified,Objet_20067
Fragile,Objet_14115
Flammable,Objet_10871
Explosive,Objet_24372
Fragile,Objet_21620
Fragile,Objet_21894
Pressurized,Objet_17889
Corrosive,Objet_08800
Oxidizing,Objet_20416
Oxidizing,Objet_08962
Fragile,Objet_15617
Unspecified,Objet_19444
Explosive,Objet_03769
Toxic,Objet_16680
Flammable,Objet_09653
Fragile,Objet_25991
Food,Objet_18233
Radioactive,Objet_20272
Food,Objet_14824
Oxidizing,Objet_06724
Radioactive,Objet_24174
Corrosive,Objet_09634
Flammable,Objet_22292
Radioactive,Objet_07299
Pressurized,Objet_14921
Corrosive,Objet_02652
Pressurized,Objet_04573
Radioactive,Objet_01588
Pressurized,Objet_12934
Unspecified,Objet_05352
Radioactive,Objet_07558
Fragile,Objet_16134
Explosive,Objet_24962
Toxic,Objet_11936
Fragile,Objet_20380
Fragile,Objet_28530
Food,Objet_06819
Corrosive,Objet_00697
Radioactive,Objet_30126
Unspecified,Objet_25186
Radioactive,Objet_26718
Unspecified,Objet_12867
Oxidizing,Objet_21557
Toxic,Objet_12519
Unspecified,Objet_05541
Radioactive,Objet_24408
Flammable,Objet_27496
Oxidizing,Objet_05646
Explosive,Objet_00557
Food,Objet_07408
Food,Objet_29142
Unspecified,Objet_15492
Fragile,Objet_25675
Toxic,Objet_07656
Flammable,Objet_14676
Food,Objet_18299
Explosive,Objet_10135
Explosive,Objet_28449
Fragile,Objet_16012
Explosive,Objet_05737
Food,Objet_05953
Oxidizing,Objet_20783
Food,Objet_02459
Radioactive,Objet_24468
Pressurized,Objet_15383
Food,Objet_20888
Unspecified,Objet_06565
Radioactive,Objet_29098
Radioactive,Objet_25731
Oxidizing,Objet_07782
Radioactive,Objet_23118
Unspecified,Objet_12438
Corrosive,Objet_20231
Oxidizing,Objet_02540
Food,Objet_27666
Oxidizing,Objet_29668
Explosive,Objet_13828
Unspecified,Objet_08637
Toxic,Objet_15845
Corrosive,Objet_19055
Toxic,Objet_22452
Toxic,Objet_24606
Corrosive,Objet_07304
Food,Objet_15783
Explosive,Objet_25753
Food,Objet_08029
Pressurized,Objet_29397
Food,Objet_05610
Explosive,Objet_17300
Pressurized,Objet_12552
Unspecified,Objet_18964
Radioactive,Objet_21039
Corrosive,Objet_06667
Oxidizing,Objet_16311
Flammable,Objet_08437
Unspecified,Objet_27904
Fragile,Objet_15056
Oxidizing,Objet_20270
Radioactive,Objet_03128
Explosive,Objet_15769
Oxidizing,Objet_27170
Fragile,Objet_12677
Radioactive,Objet_01757
Toxic,Objet_02037
Toxic,Objet_29277
Fragile,Objet_04709
Pressurized,Objet_19264
Unspecified,Objet_26728
Pressurized,Objet_09790
Oxidizing,Objet_03804
Fragile,Objet_14276
Radioactive,Objet_01730
Oxidizing,Objet_18288
Flammable,Objet_08030
Oxidizing,Objet_05601
Oxidizing,Objet_18984
Oxidizing,Objet_29139
Explosive,Objet_17561
Toxic,Objet_03269
Radioactive,Objet_07994
Pressurized,Objet_12256
Toxic,Objet_19975
Explosive,Objet_25389
Explosive,Objet_14764
Radioactive,Objet_19117
Oxidizing,Objet_25846
Fragile,Objet_04889
Unspecified,Objet_10775
Oxidizing,Objet_11150
Corrosive,Objet_16743
Toxic,Objet_27083
Food,Objet_01854
Radioactive,Objet_05771
Corrosive,Objet_18650
Fragile,Objet_01407
Radioactive,Objet_06392
Food,Objet_07465
Toxic,Objet_29016
Food,Objet_16142
Oxidizing,Objet_10380
Pressurized,Objet_29872
Toxic,Objet_14150
Fragile,Objet_18010
Pressurized,Objet_21193
Corrosive,Objet_28030
Unspecified,Objet_15198
Corrosive,Objet_05709
Oxidizing,Objet_26519
Radioactive,Objet_24445
Explosive,Objet_28392
Fragile,Objet_05562
Toxic,Objet_04899
Explosive,Objet_09387
Radioactive,Objet_21441
Flammable,Objet_26385
Pressurized,Objet_21755
Corrosive,Objet_22506
Radioactive,Objet_17304
Radioactive,Objet_12746
Pressurized,Objet_01143
Fragile,Objet_04669
Oxidizing,Objet_06481
Pressurized,Objet_00072
Fragile,Objet_11740
Radioactive,Objet_12676
Radioactive,Objet_15193
Corrosive,Objet_17102
Fragile,Objet_28128
Unspecified,Objet_26865
Pressurized,Objet_00074
Toxic,Objet_26516
Toxic,Objet_15621
Radioactive,Objet_12189
Radioactive,Objet_22751
Flammable,Objet_12870
Flammable,Objet_01274
Unspecified,Objet_07438
Flammable,Objet_12218
Explosive,Objet_18683
Unspecified,Objet_07857
Food,Objet_04766
Flammable,Objet_10620
Corrosive,Objet_30006
Corrosive,Objet_05198
Explosive,Objet_11748
Food,Objet_20961
Food,Objet_27726
Food,Objet_10279
Toxic,Objet_16260
Food,Objet_03523
Corrosive,Objet_14154
Oxidizing,Objet_20264
Radioactive,Objet_25572
Pressurized,Objet_14680
Corrosive,Objet_16501
Unspecified,Objet_07301
Fragile,Objet_18091
Radioactive,Objet_27139
Oxidizing,Objet_30070
Corrosive,Objet_05326
Flammable,Objet_29375
Food,Objet_16424
Radioactive,Objet_05571
Unspecified,Objet_09835
Corrosive,Objet_20190
Flammable,Objet_15513
Corrosive,Objet_12664
Flammable,Objet_11995
Fragile,Objet_05775
Corrosive,Objet_04540
Unspecified,Objet_00263
Pressurized,Objet_04429
Explosive,Objet_22529
Explosive,Objet_23303
Explosive,Objet_03244
Toxic,Objet_25719
Explosive,Objet_22971
Oxidizing,Objet_29274
Flammable,Objet_24413
Explosive,Objet_14607
Unspecified,Objet_05338
Radioactive,Objet_09370
Oxidizing,Objet_27192
Toxic,Objet_24542
Corrosive,Objet_19348
Unspecified,Objet_06569
Food,Objet_22203
Pressurized,Objet_25553
Fragile,Objet_18372
Flammable,Objet_14830
Pressurized,Objet_09487
Corrosive,Objet_00290
Corrosive,Objet_22531
Corrosive,Objet_05882
Fragile,Objet_02113
Toxic,Objet_08386
Corrosive,Objet_16474
Fragile,Objet_04678
Flammable,Objet_20266
Unspecified,Objet_16097
Pressurized,Objet_20011
Explosive,Objet_13986
Toxic,Objet_17581
Oxidizing,Objet_23772
Food,Objet_01863
Fragile,Objet_09091
Unspecified,Objet_03352
Pressurized,Objet_22047
Unspecified,Objet_06082
Fragile,Objet_25387
Explosive,Objet_05090
Toxic,Objet_16774
Corrosive,Objet_21827
Toxic,Objet_17894
Oxidizing,Objet_20494
Oxidizing,Objet_29962
Radioactive,Objet_07083
Toxic,Objet_09154
Unspecified,Objet_19293
Toxic,Objet_20926
Food,Objet_09457
Food,Objet_11151
Unspecified,Objet_13733
Fragile,Objet_03030
Food,Objet_02925
Unspecified,Objet_07584
Explosive,Objet_13894
Flammable,Objet_00311
Fragile,Objet_10497
Fragile,Objet_06038
Toxic,Objet_13272
Flammable,Objet_02821
Oxidizing,Objet_21167
Food,Objet_16950
Explosive,Objet_17421
Oxidizing,Objet_10893
Explosive,Objet_06354
Explosive,Objet_03431
Food,Objet_16888
Flammable,Objet_14163
Flammable,Objet_09239
Fragile,Objet_16003
Corrosive,Objet_19133
Fragile,Objet_14605
Radioactive,Objet_13587
Radioactive,Objet_09715
Oxidizing,Objet_05855
Oxidizing,Objet_26666
Pressurized,Objet_26070
Corrosive,Objet_07741
Unspecified,Objet_04537
Oxidizing,Objet_24034
Fragile,Objet_10453
Toxic,Objet_24006
Corrosive,Objet_06975
Pressurized,Objet_25579
Food,Objet_19771
Explosive,Objet_14667
Food,Objet_29954
Radioactive,Objet_00407
Unspecified,Objet_24488
Fragile,Objet_19705
Fragile,Objet_18014
Food,Objet_21059
Corrosive,Objet_10551
Corrosive,Objet_04969
Corrosive,Objet_29372
Fragile,Objet_20922
Fragile,Objet_01511
Explosive,Objet_06848
Flammable,Objet_24438
Unspecified,Objet_22827
Food,Objet_08354
Oxidizing,Objet_29486
Food,Objet_26427
Flammable,Objet_14305
Oxidizing,Objet_10603
Pressurized,Objet_27908
Explosive,Objet_04228
Toxic,Objet_02979
Fragile,Objet_10999
Explosive,Objet_23379
Oxidizing,Objet_21704
Corrosive,Objet_15679
Explosive,Objet_04090
Unspecified,Objet_14550
Oxidizing,Objet_15943
Pressurized,Objet_17458
Explosive,Objet_01654
Flammable,Objet_25593
Toxic,Objet_20227
Corrosive,Objet_00765
Flammable,Objet_26922
Unspecified,Objet_21335
Toxic,Objet_29396
Corrosive,Objet_23644
Oxidizing,Objet_22451
Unspecified,Objet_28181
Fragile,Objet_02865
Unspecified,Objet_08309
Radioactive,Objet_00812
Radioactive,Objet_01011
Oxidizing,Objet_20292
Food,Objet_12242
Flammable,Objet_02871
Radioactive,Objet_07056
Corrosive,Objet_13518
Oxidizing,Objet_21778
Food,Objet_25288
Food,Objet_14884
Fragile,Objet_18724
Radioactive,Objet_18523
Toxic,Objet_23203
Unspecified,Objet_16082
Flammable,Objet_05176
Oxidizing,Objet_18465
Flammable,Objet_18256
Corrosive,Objet_02823
Explosive,Objet_25295
Food,Objet_29870
Radioactive,Objet_23882
Food,Objet_13416
Pressurized,Objet_22378
Explosive,Objet_22570
Toxic,Objet_02466
Explosive,Objet_21890
Flammable,Objet_28026
Oxidizing,Objet_16812
Explosive,Objet_28487
Explosive,Objet_22942
Fragile,Objet_17282
Corrosive,Objet_24112
Fragile,Objet_14855
Flammable,Objet_28117
Radioactive,Objet_09921
Toxic,Objet_04554
Oxidizing,Objet_13649
Food,Objet_04771
Toxic,Objet_15111
Corrosive,Objet_22499
Toxic,Objet_01988
Fragile,Objet_17363
Unspecified,Objet_15458
Unspecified,Objet_18434
Flammable,Objet_13325
Fragile,Objet_24961
Toxic,Objet_19759
Toxic,Objet_09519
Explosive,Objet_30067
Corrosive,Objet_28627
Oxidizing,Objet_27537
Radioactive,Objet_21217
Unspecified,Objet_27052
Radioactive,Objet_21615
Unspecified,Objet_03227
Toxic,Objet_07155
Explosive,Objet_28035
Food,Objet_20045
Flammable,Objet_18769
Unspecified,Objet_15348
Food,Objet_06126
Flammable,Objet_17680
Fragile,Objet_16864
