Category,Object
Flammable,Object_01110
Fragile,Object_12412
Explosive,Object_12403
Explosive,Object_01795
Flammable,Object_12568
Food,Object_08853
Corrosive,Object_02266
Oxidizing,Object_05381
Corrosive,Object_05775
Radioactive,Object_01922
Unspecified,Object_04358
Food,Object_06645
Food,Object_14349
Food,Object_02034
Food,Object_00711
Pressurized,Object_07412
Unspecified,Object_01536
Corrosive,Object_01360
Oxidizing,Object_08350
Radioactive,Object_07627
Toxic,Object_10690
Fragile,Object_05165
Corrosive,Object_04135
Corrosive,Object_06955
Pressurized,Object_04599
Explosive,Object_02941
Oxidizing,Object_10964
Toxic,Object_14316
Fragile,Object_00535
Oxidizing,Object_10357
Radioactive,Object_15857
Radioactive,Object_05797
Explosive,Object_11323
Pressurized,Object_07602
Radioactive,Object_15032
Oxidizing,Object_08931
Unspecified,Object_10693
Radioactive,Object_14760
Unspecified,Object_07947
Radioactive,Object_05443
Food,Object_11680
Radioactive,Object_07550
Radioactive,Object_14144
Explosive,Object_10202
Toxic,Object_15520
Fragile,Object_11899
Food,Object_15057
Pressurized,Object_05427
Unspecified,Object_00016
Corrosive,Object_05855
Fragile,Object_02994
Oxidizing,Object_02434
Radioactive,Object_13157
Pressurized,Object_04756
Toxic,Object_15397
Corrosive,Object_16094
Toxic,Object_00265
Flammable,Object_03871
Fragile,Object_05203
Pressurized,Object_12625
Explosive,Object_15648
Flammable,Object_00286
Fragile,Object_10023
Oxidizing,Object_13031
Oxidizing,Object_09186
Food,Object_01583
Food,Object_03032
Unspecified,Object_08081
Corrosive,Object_08704
Unspecified,Object_14846
Unspecified,Object_06393
Toxic,Object_08672
Oxidizing,Object_02571
Flammable,Object_08791
Toxic,Object_06369
Pressurized,Object_15759
Flammable,Object_14608
Flammable,Object_09152
Toxic,Object_01269
Radioactive,Object_05795
Fragile,Object_09632
Toxic,Object_12217
Radioactive,Object_11508
Radioactive,Object_11510
Food,Object_14923
Toxic,Object_03613
Unspecified,Object_03628
Unspecified,Object_06064
Toxic,Object_09981
Corrosive,Object_06864
Toxic,Object_08024
Fragile,Object_07785
Fragile,Object_08013
Radioactive,Object_15011
Unspecified,Object_10229
Toxic,Object_03583
Fragile,Object_00413
Food,Object_10646
Oxidizing,Object_02389
Toxic,Object_16357
Explosive,Object_12907
Toxic,Object_12216
Radioactive,Object_01082
Fragile,Object_07317
Toxic,Object_00421
Toxic,Object_09983
Food,Object_06950
Explosive,Object_10899
Oxidizing,Object_03375
Unspecified,Object_14577
Fragile,Object_10863
Fragile,Object_11923
Pressurized,Object_02505
Flammable,Object_04064
Corrosive,Object_11139
Fragile,Object_03543
Corrosive,Object_05970
Food,Object_08432
Fragile,Object_04487
Explosive,Object_12363
Pressurized,Object_01695
Corrosive,Object_08977
Oxidizing,Object_07632
Explosive,Object_01813
Oxidizing,Object_02461
Food,Object_13370
Food,Object_12878
Food,Object_00592
Toxic,Object_15392
Corrosive,Object_02597
Oxidizing,Object_08581
Food,Object_05070
Toxic,Object_08091
Radioactive,Object_03320
Unspecified,Object_06195
Fragile,Object_00178
Toxic,Object_13939
Explosive,Object_00811
Food,Object_13363
Flammable,Object_11475
Corrosive,Object_05787
Food,Object_15522
Unspecified,Object_14845
Food,Object_15448
Radioactive,Object_03830
Radioactive,Object_00401
Oxidizing,Object_05390
Fragile,Object_06828
Explosive,Object_09542
Food,Object_13472
Corrosive,Object_06952
Food,Object_02899
Oxidizing,Object_01854
Toxic,Object_08875
Corrosive,Object_06092
Corrosive,Object_14997
Flammable,Object_01175
Pressurized,Object_01803
Flammable,Object_16069
Unspecified,Object_01629
Radioactive,Object_09278
Corrosive,Object_03982
Toxic,Object_05544
Oxidizing,Object_11957
Corrosive,Object_14072
Oxidizing,Object_13722
Fragile,Object_00179
Flammable,Object_03515
Fragile,Object_12471
Toxic,Object_00316
Pressurized,Object_03417
Corrosive,Object_05227
Explosive,Object_09035
Pressurized,Object_09414
Unspecified,Object_06456
Radioactive,Object_03342
Radioactive,Object_03923
Oxidizing,Object_06977
Toxic,Object_06035
Flammable,Object_11992
Pressurized,Object_00193
Fragile,Object_10187
Corrosive,Object_02232
Fragile,Object_04392
Toxic,Object_09666
Pressurized,Object_01457
Oxidizing,Object_03371
Food,Object_13465
Toxic,Object_09590
Explosive,Object_07155
Radioactive,Object_11344
Radioactive,Object_03568
Corrosive,Object_10414
Flammable,Object_14117
Explosive,Object_00577
Oxidizing,Object_06014
Corrosive,Object_07197
Explosive,Object_16274
Corrosive,Object_05224
Fragile,Object_08017
Explosive,Object_02988
Flammable,Object_10822
Food,Object_00065
Flammable,Object_03364
Toxic,Object_04294
Radioactive,Object_14551
Fragile,Object_00723
Pressurized,Object_00192
Radioactive,Object_07233
Food,Object_02003
Corrosive,Object_10195
Pressurized,Object_06408
Unspecified,Object_12016
Oxidizing,Object_09838
Food,Object_08660
Corrosive,Object_10270
Corrosive,Object_13315
Unspecified,Object_02308
Flammable,Object_02544
Explosive,Object_05215
Toxic,Object_09581
Oxidizing,Object_08923
Pressurized,Object_12123
Pressurized,Object_03733
Fragile,Object_07186
Toxic,Object_00509
Food,Object_10644
Toxic,Object_14133
Corrosive,Object_06357
Fragile,Object_06684
Unspecified,Object_05885
Unspecified,Object_02013
Radioactive,Object_12722
Fragile,Object_09166
Oxidizing,Object_12108
Food,Object_07829
Oxidizing,Object_00969
Explosive,Object_11937
Toxic,Object_15172
Unspecified,Object_05121
Toxic,Object_01605
Oxidizing,Object_06308
Unspecified,Object_03671
Explosive,Object_06009
Oxidizing,Object_15475
Toxic,Object_07772
Radioactive,Object_04620
Pressurized,Object_03592
Pressurized,Object_12319
Oxidizing,Object_09601
Unspecified,Object_12434
Pressurized,Object_03806
Radioactive,Object_12310
Pressurized,Object_15066
Oxidizing,Object_01570
Flammable,Object_04386
Corrosive,Object_03046
Toxic,Object_15175
Flammable,Object_02414
Pressurized,Object_03418
Unspecified,Object_13536
Oxidizing,Object_16299
Explosive,Object_01800
Flammable,Object_09578
Food,Object_14741
Flammable,Object_00993
Explosive,Object_14441
Radioactive,Object_03317
Food,Object_00557
Unspecified,Object_00433
Explosive,Object_13813
Pressurized,Object_01309
Toxic,Object_07814
Unspecified,Object_15703
Fragile,Object_05465
Food,Object_03635
Radioactive,Object_07276
Radioactive,Object_06604
Corrosive,Object_00623
Radioactive,Object_12726
Unspecified,Object_03677
Corrosive,Object_06332
Flammable,Object_10839
Food,Object_09713
Corrosive,Object_04480
Explosive,Object_09899
Corrosive,Object_16159
Explosive,Object_13707
Food,Object_06680
Fragile,Object_02926
Food,Object_09260
Food,Object_00611
Unspecified,Object_02284
Explosive,Object_05257
Explosive,Object_02539
Unspecified,Object_12438
Corrosive,Object_14303
Fragile,Object_08283
Food,Object_02070
Toxic,Object_08357
Corrosive,Object_01788
Fragile,Object_15205
Flammable,Object_01714
Corrosive,Object_04796
Flammable,Object_16025
Fragile,Object_13647
Oxidizing,Object_00774
Corrosive,Object_00955
Corrosive,Object_01225
Explosive,Object_05370
Pressurized,Object_15811
Explosive,Object_05758
Oxidizing,Object_00650
Oxidizing,Object_09189
Explosive,Object_09891
Flammable,Object_09659
Corrosive,Object_05956
Unspecified,Object_14229
Fragile,Object_08576
Toxic,Object_14506
Flammable,Object_12562
Toxic,Object_08833
Flammable,Object_05746
Pressurized,Object_13149
Toxic,Object_03582
Unspecified,Object_10298
Oxidizing,Object_15476
Toxic,Object_05084
Pressurized,Object_00168
Radioactive,Object_09247
Fragile,Object_00094
Food,Object_05628
Radioactive,Object_07104
Pressurized,Object_04492
Toxic,Object_07820
Toxic,Object_10008
Unspecified,Object_03881
Unspecified,Object_03424
Food,Object_06380
Food,Object_00485
Flammable,Object_04009
Oxidizing,Object_02703
Corrosive,Object_00958
Flammable,Object_05267
Toxic,Object_14531
Food,Object_00355
Fragile,Object_11064
Fragile,Object_02923
Toxic,Object_00706
Food,Object_00560
Oxidizing,Object_15797
Pressurized,Object_03844
Food,Object_15224
Food,Object_02032
Unspecified,Object_04560
Flammable,Object_10833
Radioactive,Object_10159
Food,Object_06206
Food,Object_05018
Pressurized,Object_03599
Oxidizing,Object_04154
Toxic,Object_16354
Toxic,Object_15177
Corrosive,Object_04514
Fragile,Object_03222
Pressurized,Object_06857
Radioactive,Object_10103
Fragile,Object_05434
Food,Object_01156
Fragile,Object_04657
Toxic,Object_03895
Toxic,Object_05562
Radioactive,Object_07616
Fragile,Object_08397
Explosive,Object_07677
Pressurized,Object_12501
Food,Object_15055
Fragile,Object_06502
Pressurized,Object_04984
Flammable,Object_07738
Pressurized,Object_15095
Radioactive,Object_12555
Food,Object_16126
Explosive,Object_08663
Explosive,Object_13308
Unspecified,Object_09537
Pressurized,Object_09911
Pressurized,Object_02845
Food,Object_00008
Explosive,Object_12486
Pressurized,Object_13141
Oxidizing,Object_14590
Flammable,Object_08795
Radioactive,Object_14353
Flammable,Object_16027
Explosive,Object_01903
Oxidizing,Object_02705
Fragile,Object_03409
Explosive,Object_07428
Radioactive,Object_01499
Pressurized,Object_03283
Toxic,Object_08389
Oxidizing,Object_08343
Corrosive,Object_00110
Explosive,Object_10167
Explosive,Object_04899
Flammable,Object_02133
Oxidizing,Object_13293
Oxidizing,Object_06307
Fragile,Object_05992
Corrosive,Object_12132
Unspecified,Object_12690
Unspecified,Object_00438
Toxic,Object_09801
Pressurized,Object_15824
Flammable,Object_11524
Radioactive,Object_11911
Pressurized,Object_07336
Unspecified,Object_03669
Corrosive,Object_10192
Food,Object_03241
Food,Object_14233
Food,Object_01661
Flammable,Object_09875
Corrosive,Object_02559
Explosive,Object_15023
Pressurized,Object_00161
Unspecified,Object_02016
Toxic,Object_10020
Unspecified,Object_00278
Food,Object_16363
Flammable,Object_15764
Unspecified,Object_04237
Explosive,Object_05367
Fragile,Object_08957
Corrosive,Object_02270
Oxidizing,Object_10946
Explosive,Object_11695
Unspecified,Object_00271
Toxic,Object_09559
Corrosive,Object_01783
Food,Object_03457
Fragile,Object_10034
Food,Object_09740
Oxidizing,Object_13337
Unspecified,Object_06199
Fragile,Object_06625
Radioactive,Object_06283
Food,Object_04640
Toxic,Object_01318
Radioactive,Object_01496
Food,Object_04121
Radioactive,Object_10336
Corrosive,Object_06274
Fragile,Object_01049
Flammable,Object_16339
Toxic,Object_07285
Explosive,Object_08497
Unspecified,Object_14472
Flammable,Object_08192
Toxic,Object_00504
Fragile,Object_04435
Fragile,Object_04651
Fragile,Object_15545
Unspecified,Object_13966
Explosive,Object_11863
Pressurized,Object_15687
Explosive,Object_14063
Food,Object_11156
Unspecified,Object_09682
Pressurized,Object_05973
Flammable,Object_16267
Toxic,Object_12638
Fragile,Object_10890
Oxidizing,Object_08929
Explosive,Object_07854
Radioactive,Object_09498
Toxic,Object_07656
Flammable,Object_13718
Oxidizing,Object_15366
Food,Object_11733
Oxidizing,Object_06017
Toxic,Object_04402
Food,Object_03959
Fragile,Object_12477
Oxidizing,Object_13295
Fragile,Object_15595
Unspecified,Object_04235
Food,Object_06210
Flammable,Object_10828
Fragile,Object_07190
Fragile,Object_10322
Flammable,Object_16102
Fragile,Object_16118
Food,Object_13246
Unspecified,Object_15497
Flammable,Object_02135
Pressurized,Object_14411
Corrosive,Object_00781
Explosive,Object_09849
Pressurized,Object_16211
Explosive,Object_12244
Toxic,Object_09949
Toxic,Object_14537
Food,Object_08714
Unspecified,Object_00567
Toxic,Object_04875
Fragile,Object_00419
Food,Object_03637
Radioactive,Object_02325
Oxidizing,Object_01852
Oxidizing,Object_02438
Food,Object_11401
Unspecified,Object_04868
Flammable,Object_02867
Food,Object_14985
Explosive,Object_05075
Corrosive,Object_12098
Fragile,Object_12572
Fragile,Object_08425
Flammable,Object_05713
Food,Object_08655
Unspecified,Object_03912
Oxidizing,Object_08861
Radioactive,Object_03120
Food,Object_04429
Radioactive,Object_11561
Fragile,Object_12917
Unspecified,Object_06196
Toxic,Object_13193
Corrosive,Object_04254
Radioactive,Object_01492
Flammable,Object_03154
Pressurized,Object_00456
Flammable,Object_11029
Flammable,Object_03467
Explosive,Object_10790
Food,Object_02897
Unspecified,Object_00840
Flammable,Object_12642
Pressurized,Object_13560
Pressurized,Object_02851
Oxidizing,Object_03178
Unspecified,Object_12221
Oxidizing,Object_03220
Pressurized,Object_10113
Toxic,Object_15387
Fragile,Object_02766
Explosive,Object_02209
Oxidizing,Object_13029
Toxic,Object_04710
Flammable,Object_02719
Corrosive,Object_09890
Food,Object_06947
Flammable,Object_05520
Toxic,Object_00708
Food,Object_07471
Flammable,Object_13107
Toxic,Object_07135
Fragile,Object_05046
Food,Object_00383
Radioactive,Object_13609
Unspecified,Object_07466
Oxidizing,Object_08338
Fragile,Object_03060
Flammable,Object_16068
Food,Object_00594
Corrosive,Object_03862
Fragile,Object_05468
Corrosive,Object_04629
Toxic,Object_05660
Flammable,Object_14022
Flammable,Object_09579
Pressurized,Object_04856
Toxic,Object_13651
Radioactive,Object_04195
Pressurized,Object_12940
Food,Object_15079
Flammable,Object_08743
Corrosive,Object_06360
Food,Object_09200
Pressurized,Object_10513
Pressurized,Object_11020
Food,Object_12053
Toxic,Object_08839
Pressurized,Object_13264
Radioactive,Object_16221
Flammable,Object_13978
Oxidizing,Object_08331
Flammable,Object_02615
Pressurized,Object_11580
Food,Object_11731
Explosive,Object_01634
Unspecified,Object_03889
Fragile,Object_01946
Explosive,Object_15788
Explosive,Object_00609
Toxic,Object_10956
Corrosive,Object_05859
Food,Object_15726
Explosive,Object_07678
Pressurized,Object_08255
Flammable,Object_10401
Pressurized,Object_00166
Unspecified,Object_07214
Unspecified,Object_14184
Fragile,Object_03238
Pressurized,Object_06899
Flammable,Object_07001
Explosive,Object_01983
Radioactive,Object_15739
Unspecified,Object_06191
Toxic,Object_12591
Fragile,Object_04436
Corrosive,Object_04568
Food,Object_00553
Fragile,Object_14220
Fragile,Object_00417
Radioactive,Object_06326
Flammable,Object_13105
Toxic,Object_01827
Oxidizing,Object_10950
Unspecified,Object_05888
Toxic,Object_15458
Explosive,Object_13733
Flammable,Object_13516
Explosive,Object_14498
Oxidizing,Object_11952
Oxidizing,Object_07051
Flammable,Object_13715
Corrosive,Object_14001
Food,Object_13458
Radioactive,Object_07869
Corrosive,Object_01080
Unspecified,Object_02306
Toxic,Object_10953
Explosive,Object_02443
Food,Object_15075
Food,Object_09028
Toxic,Object_07659
Oxidizing,Object_05152
Corrosive,Object_07509
Corrosive,Object_09289
Corrosive,Object_04138
Pressurized,Object_09329
Pressurized,Object_11574
Toxic,Object_15176
Explosive,Object_11700
Explosive,Object_01892
Explosive,Object_05108
Food,Object_00900
Food,Object_08473
Oxidizing,Object_04963
Pressurized,Object_04854
Pressurized,Object_03503
Oxidizing,Object_09822
Pressurized,Object_02775
Corrosive,Object_03746
Toxic,Object_10686
Food,Object_00717
Explosive,Object_14327
Explosive,Object_02117
Unspecified,Object_02283
Pressurized,Object_12315
Explosive,Object_15187
Pressurized,Object_07955
Pressurized,Object_09796
Corrosive,Object_13346
Explosive,Object_03109
Radioactive,Object_09970
Oxidizing,Object_10090
Food,Object_06785
Fragile,Object_13544
Pressurized,Object_03387
Food,Object_08119
Toxic,Object_03588
Flammable,Object_08770
Flammable,Object_14030
Radioactive,Object_16040
Unspecified,Object_06697
Oxidizing,Object_09606
Oxidizing,Object_00241
Toxic,Object_07096
Flammable,Object_15762
Corrosive,Object_04139
Corrosive,Object_03650
Pressurized,Object_15086
Unspecified,Object_14575
Radioactive,Object_15036
Oxidizing,Object_13331
Food,Object_11858
Pressurized,Object_01430
Fragile,Object_08960
Food,Object_13676
Food,Object_03036
Food,Object_11990
Explosive,Object_05253
Flammable,Object_07911
Flammable,Object_09576
Flammable,Object_01718
Radioactive,Object_04075
Food,Object_01153
Pressurized,Object_15757
Toxic,Object_11004
Oxidizing,Object_07403
Pressurized,Object_08517
Toxic,Object_01444
Unspecified,Object_06415
Explosive,Object_00149
Food,Object_07830
Explosive,Object_07157
Food,Object_14237
Food,Object_04508
Corrosive,Object_03144
Flammable,Object_07879
Unspecified,Object_15420
Flammable,Object_06123
Oxidizing,Object_08102
Toxic,Object_00981
Oxidizing,Object_14887
Flammable,Object_04033
Toxic,Object_14509
Explosive,Object_01471
Explosive,Object_15647
Unspecified,Object_09015
Pressurized,Object_03755
Flammable,Object_14522
Oxidizing,Object_09515
Oxidizing,Object_15478
Toxic,Object_15994
Radioactive,Object_11806
Corrosive,Object_10484
Toxic,Object_16006
Corrosive,Object_11977
Flammable,Object_11472
Food,Object_08111
Pressurized,Object_06410
Pressurized,Object_09678
Explosive,Object_02343
Fragile,Object_04397
Toxic,Object_01349
Explosive,Object_08736
Fragile,Object_12416
Fragile,Object_06635
Pressurized,Object_15755
Food,Object_07476
Fragile,Object_15915
Corrosive,Object_06072
Explosive,Object_14321
Radioactive,Object_04192
Radioactive,Object_12326
Oxidizing,Object_01722
Radioactive,Object_13777
Explosive,Object_09725
Corrosive,Object_03648
Pressurized,Object_07575
Food,Object_16344
Flammable,Object_02419
Corrosive,Object_04082
Food,Object_13041
Oxidizing,Object_14738
Oxidizing,Object_09855
Corrosive,Object_05958
Unspecified,Object_15620
Radioactive,Object_13603
Radioactive,Object_07629
Oxidizing,Object_12033
Explosive,Object_06436
Explosive,Object_08695
Radioactive,Object_05933
Fragile,Object_01465
Explosive,Object_07386
Pressurized,Object_09920
Corrosive,Object_09812
Flammable,Object_02614
Unspecified,Object_13871
Unspecified,Object_16240
Pressurized,Object_01520
Oxidizing,Object_10961
Corrosive,Object_10417
Food,Object_15965
Pressurized,Object_16380
Toxic,Object_00637
Oxidizing,Object_08345
Unspecified,Object_09331
Unspecified,Object_09686
Corrosive,Object_09953
Fragile,Object_14162
Pressurized,Object_10372
Fragile,Object_04925
Pressurized,Object_12628
Oxidizing,Object_14096
Unspecified,Object_01537
Food,Object_01684
Flammable,Object_08506
Unspecified,Object_06837
Fragile,Object_11207
Explosive,Object_03931
Corrosive,Object_10878
Flammable,Object_06108
Food,Object_14681
Pressurized,Object_07609
Pressurized,Object_13188
Pressurized,Object_08913
Toxic,Object_08025
Fragile,Object_04653
Oxidizing,Object_10288
Explosive,Object_14935
Food,Object_01884
Oxidizing,Object_05584
Corrosive,Object_14262
Explosive,Object_01970
Pressurized,Object_03841
Unspecified,Object_08171
Unspecified,Object_02042
Food,Object_00716
Toxic,Object_03135
Radioactive,Object_12694
Toxic,Object_04839
Explosive,Object_04096
Radioactive,Object_04648
Flammable,Object_13088
Toxic,Object_10736
Unspecified,Object_10570
Corrosive,Object_14621
Food,Object_10624
Pressurized,Object_05031
Pressurized,Object_02883
Fragile,Object_14151
Food,Object_06941
Food,Object_12373
Food,Object_02039
Explosive,Object_10206
Radioactive,Object_10331
Food,Object_15961
Unspecified,Object_01281
Toxic,Object_02674
Corrosive,Object_05774
Oxidizing,Object_09832
Pressurized,Object_14657
Food,Object_11853
Oxidizing,Object_13291
Fragile,Object_14952
Pressurized,Object_04754
Corrosive,Object_12787
Pressurized,Object_02776
Corrosive,Object_05250
Flammable,Object_05113
Food,Object_01889
Pressurized,Object_15601
Corrosive,Object_07395
Fragile,Object_15593
Unspecified,Object_02603
Unspecified,Object_09063
Pressurized,Object_00451
Explosive,Object_10612
Oxidizing,Object_11048
Fragile,Object_13682
Toxic,Object_03441
Food,Object_08118
Toxic,Object_14543
Explosive,Object_05726
Radioactive,Object_15119
Toxic,Object_13655
Toxic,Object_10958
Corrosive,Object_14714
Unspecified,Object_07946
Food,Object_00595
Fragile,Object_05206
Radioactive,Object_16073
Oxidizing,Object_08339
Toxic,Object_03170
Pressurized,Object_09570
Oxidizing,Object_16297
Unspecified,Object_01386
Fragile,Object_15637
Corrosive,Object_11247
Corrosive,Object_11741
Corrosive,Object_13618
Corrosive,Object_10481
Flammable,Object_14867
Corrosive,Object_13281
Toxic,Object_07330
Corrosive,Object_03042
Pressurized,Object_06891
Unspecified,Object_13874
Toxic,Object_06599
Oxidizing,Object_08866
Flammable,Object_03860
Flammable,Object_07875
Explosive,Object_00575
Corrosive,Object_11707
Pressurized,Object_10560
Explosive,Object_00847
Unspecified,Object_04148
Pressurized,Object_09121
Radioactive,Object_15654
Toxic,Object_03354
Pressurized,Object_05974
Unspecified,Object_08548
Unspecified,Object_11888
Toxic,Object_13794
Toxic,Object_10683
Oxidizing,Object_00249
Toxic,Object_08876
Explosive,Object_07755
Explosive,Object_08496
Fragile,Object_06713
Fragile,Object_16059
Radioactive,Object_04465
Toxic,Object_13893
Pressurized,Object_12896
Fragile,Object_01774
Radioactive,Object_07709
Corrosive,Object_01217
Unspecified,Object_14222
Explosive,Object_10781
Unspecified,Object_05922
Food,Object_08652
Fragile,Object_16119
Corrosive,Object_01833
Explosive,Object_09843
Pressurized,Object_05802
Corrosive,Object_05854
Corrosive,Object_13389
Fragile,Object_09501
Unspecified,Object_03680
Fragile,Object_06805
Flammable,Object_14523
Toxic,Object_16004
Fragile,Object_06631
Unspecified,Object_06194
Explosive,Object_01981
Pressurized,Object_02844
Corrosive,Object_14917
Food,Object_13017
Toxic,Object_07660
Food,Object_08950
Toxic,Object_01608
Radioactive,Object_15854
Oxidizing,Object_06310
Toxic,Object_10007
Fragile,Object_15635
Corrosive,Object_06994
Fragile,Object_11378
Explosive,Object_11326
Food,Object_14989
Radioactive,Object_06318
Corrosive,Object_11090
Flammable,Object_14027
Explosive,Object_04165
Toxic,Object_02652
Pressurized,Object_02472
Toxic,Object_09665
Toxic,Object_05638
Fragile,Object_13222
Pressurized,Object_08728
Explosive,Object_07496
Radioactive,Object_06909
Pressurized,Object_05686
Unspecified,Object_00116
Flammable,Object_04767
Unspecified,Object_06193
Fragile,Object_16116
Toxic,Object_09788
Radioactive,Object_12845
Oxidizing,Object_10944
Fragile,Object_13075
Fragile,Object_13134
Corrosive,Object_14999
Radioactive,Object_03683
Fragile,Object_01972
Corrosive,Object_05243
Unspecified,Object_06834
Oxidizing,Object_09529
Fragile,Object_15209
Radioactive,Object_04932
Pressurized,Object_02124
Explosive,Object_03129
Food,Object_08123
Radioactive,Object_10718
Unspecified,Object_11881
Pressurized,Object_03266
Unspecified,Object_12229
Unspecified,Object_05927
Oxidizing,Object_10286
Pressurized,Object_16386
Fragile,Object_04527
Oxidizing,Object_06585
Pressurized,Object_07903
Flammable,Object_07878
Food,Object_11034
Unspecified,Object_07895
Flammable,Object_15692
Pressurized,Object_12510
Corrosive,Object_03988
Pressurized,Object_04588
Radioactive,Object_06423
Unspecified,Object_02518
Explosive,Object_01005
Pressurized,Object_08723
Unspecified,Object_03209
Flammable,Object_13104
Toxic,Object_07970
Corrosive,Object_12996
Toxic,Object_14382
Corrosive,Object_03990
Pressurized,Object_13870
Pressurized,Object_05575
Unspecified,Object_00127
Fragile,Object_08994
Fragile,Object_10021
Oxidizing,Object_07165
Unspecified,Object_08082
Oxidizing,Object_10084
Oxidizing,Object_07441
Oxidizing,Object_12258
Unspecified,Object_10222
Toxic,Object_15459
Explosive,Object_15641
Fragile,Object_15403
Corrosive,Object_04735
Flammable,Object_16173
Pressurized,Object_00801
Oxidizing,Object_11668
Oxidizing,Object_10043
Fragile,Object_07182
Pressurized,Object_10797
Toxic,Object_03168
Pressurized,Object_01115
Corrosive,Object_04137
Unspecified,Object_10986
Flammable,Object_12620
Pressurized,Object_01451
Fragile,Object_03833
Pressurized,Object_13219
Food,Object_02066
Oxidizing,Object_09446
Toxic,Object_04871
Corrosive,Object_04084
Corrosive,Object_11512
Oxidizing,Object_07770
Corrosive,Object_14808
Radioactive,Object_09246
Toxic,Object_04550
Radioactive,Object_07102
Food,Object_11860
Corrosive,Object_14996
Corrosive,Object_02318
Oxidizing,Object_12886
Fragile,Object_15600
Flammable,Object_02417
Unspecified,Object_05126
Pressurized,Object_14059
Toxic,Object_06793
Unspecified,Object_05921
Food,Object_06442
Unspecified,Object_02045
Corrosive,Object_10876
Radioactive,Object_00342
Fragile,Object_05161
Food,Object_08773
Oxidizing,Object_02184
Pressurized,Object_03384
Oxidizing,Object_06385
Food,Object_01336
Corrosive,Object_04797
Corrosive,Object_03747
Toxic,Object_01829
Radioactive,Object_04072
Food,Object_14016
Flammable,Object_13983
Fragile,Object_10330
Oxidizing,Object_12827
Pressurized,Object_09866
Oxidizing,Object_16296
Radioactive,Object_00927
Flammable,Object_13711
Corrosive,Object_10485
Toxic,Object_10959
Explosive,Object_11935
Unspecified,Object_08787
Oxidizing,Object_12382
Toxic,Object_04887
Flammable,Object_02717
Explosive,Object_05104
Radioactive,Object_13324
Fragile,Object_01194
Corrosive,Object_07508
Pressurized,Object_16144
Toxic,Object_15877
Pressurized,Object_01306
Fragile,Object_04485
Oxidizing,Object_12106
Fragile,Object_11821
Unspecified,Object_12970
Corrosive,Object_15575
Food,Object_01584
Corrosive,Object_02641
Unspecified,Object_07894
Toxic,Object_08092
Explosive,Object_00691
Explosive,Object_10171
Fragile,Object_03839
Corrosive,Object_14944
Toxic,Object_12757
Oxidizing,Object_14278
Fragile,Object_13803
Flammable,Object_07980
Explosive,Object_05845
Oxidizing,Object_11873
Corrosive,Object_08137
Oxidizing,Object_02187
Explosive,Object_15644
Fragile,Object_10321
Unspecified,Object_05343
Corrosive,Object_15986
Fragile,Object_09048
Pressurized,Object_13146
Radioactive,Object_03185
Toxic,Object_05023
Food,Object_13785
Toxic,Object_16138
Radioactive,Object_16033
Radioactive,Object_00406
Radioactive,Object_13604
Corrosive,Object_13387
Corrosive,Object_12170
Corrosive,Object_08326
Oxidizing,Object_05334
Oxidizing,Object_06239
Explosive,Object_07495
Radioactive,Object_16247
Food,Object_15530
Explosive,Object_13820
Unspecified,Object_02636
Unspecified,Object_12768
Food,Object_03633
Toxic,Object_13408
Toxic,Object_07963
Corrosive,Object_04737
Oxidizing,Object_05614
Flammable,Object_05319
Radioactive,Object_04722
Pressurized,Object_07014
Radioactive,Object_15018
Flammable,Object_14113
Oxidizing,Object_11150
Fragile,Object_06809
Radioactive,Object_03350
Corrosive,Object_09172
Oxidizing,Object_08928
Fragile,Object_16117
Unspecified,Object_12014
Radioactive,Object_00402
Pressurized,Object_13268
Pressurized,Object_05989
Radioactive,Object_06311
Food,Object_06786
Pressurized,Object_13144
Toxic,Object_08802
Flammable,Object_13717
Pressurized,Object_01765
Radioactive,Object_02058
Unspecified,Object_14038
Corrosive,Object_03141
Fragile,Object_02826
Toxic,Object_10737
Oxidizing,Object_06051
Flammable,Object_15769
Radioactive,Object_04670
Radioactive,Object_04614
Fragile,Object_04830
Flammable,Object_01367
Food,Object_13477
Explosive,Object_09647
Explosive,Object_12903
Corrosive,Object_02595
Toxic,Object_03396
Toxic,Object_12946
Oxidizing,Object_02190
Flammable,Object_15767
Oxidizing,Object_13039
Radioactive,Object_14142
Corrosive,Object_11519
Flammable,Object_01105
Food,Object_02061
Radioactive,Object_10466
Corrosive,Object_00296
Unspecified,Object_03819
Corrosive,Object_06170
Oxidizing,Object_10963
Pressurized,Object_14055
Toxic,Object_10734
Pressurized,Object_09671
Corrosive,Object_06993
Pressurized,Object_09567
Unspecified,Object_11412
Explosive,Object_08303
Radioactive,Object_13580
Toxic,Object_05548
Fragile,Object_06806
Unspecified,Object_03629
Flammable,Object_05002
Corrosive,Object_00225
Corrosive,Object_05907
Food,Object_10585
Radioactive,Object_03690
Flammable,Object_16331
Unspecified,Object_06911
Corrosive,Object_14307
Radioactive,Object_14351
Fragile,Object_02146
Unspecified,Object_10221
Explosive,Object_12490
Unspecified,Object_03208
Unspecified,Object_05272
Unspecified,Object_00126
Fragile,Object_06808
Explosive,Object_12061
Toxic,Object_02091
Toxic,Object_08355
Pressurized,Object_09327
Fragile,Object_03408
Pressurized,Object_07411
Food,Object_01157
Explosive,Object_01900
Radioactive,Object_15502
Flammable,Object_00289
Pressurized,Object_15084
Explosive,Object_08493
Flammable,Object_04385
Pressurized,Object_05356
Toxic,Object_13894
Fragile,Object_14786
Pressurized,Object_05322
Toxic,Object_06666
Pressurized,Object_05035
Toxic,Object_07027
Oxidizing,Object_08864
Toxic,Object_00635
Explosive,Object_03937
Flammable,Object_12746
Unspecified,Object_01625
Unspecified,Object_05271
Unspecified,Object_05832
Toxic,Object_08759
Flammable,Object_11991
Unspecified,Object_09688
Corrosive,Object_13286
Fragile,Object_15301
Flammable,Object_15199
Oxidizing,Object_07141
Flammable,Object_00979
Oxidizing,Object_06020
Toxic,Object_11254
Pressurized,Object_07573
Fragile,Object_03004
Explosive,Object_16314
Oxidizing,Object_14251
Pressurized,Object_03980
Flammable,Object_02549
Fragile,Object_01239
Oxidizing,Object_11043
Food,Object_14745
Unspecified,Object_11266
Toxic,Object_16133
Toxic,Object_11597
Oxidizing,Object_09604
Food,Object_10658
Oxidizing,Object_11102
Explosive,Object_11162
Pressurized,Object_07049
Unspecified,Object_10292
Corrosive,Object_09454
Fragile,Object_08015
Corrosive,Object_02629
Toxic,Object_11767
Explosive,Object_00818
Fragile,Object_13801
Fragile,Object_00916
Food,Object_05177
Fragile,Object_03025
Unspecified,Object_04150
Corrosive,Object_09960
Unspecified,Object_06418
Food,Object_03193
Fragile,Object_00253
Toxic,Object_11071
Radioactive,Object_06872
Explosive,Object_02724
Fragile,Object_00728
Oxidizing,Object_00445
Fragile,Object_03052
Oxidizing,Object_05540
Food,Object_15741
Corrosive,Object_02551
Fragile,Object_01773
Toxic,Object_10004
Explosive,Object_07364
Fragile,Object_05999
Corrosive,Object_04850
Fragile,Object_14154
Explosive,Object_00142
Unspecified,Object_06258
Toxic,Object_11620
Toxic,Object_06261
Oxidizing,Object_07631
Fragile,Object_04823
Fragile,Object_02824
Toxic,Object_04747
Fragile,Object_13138
Pressurized,Object_15569
Pressurized,Object_02780
Corrosive,Object_11518
Toxic,Object_01757
Oxidizing,Object_08582
Oxidizing,Object_03602
Radioactive,Object_11348
Pressurized,Object_16189
Toxic,Object_08892
Explosive,Object_02369
Food,Object_13451
Unspecified,Object_01995
Oxidizing,Object_08584
Toxic,Object_01756
Toxic,Object_08212
Food,Object_04127
Unspecified,Object_08175
Corrosive,Object_00875
Unspecified,Object_08003
Flammable,Object_03854
Food,Object_14562
Flammable,Object_08800
Toxic,Object_14550
Corrosive,Object_06725
Oxidizing,Object_10359
Food,Object_12805
Explosive,Object_06572
Corrosive,Object_08140
Oxidizing,Object_15806
Flammable,Object_09657
Radioactive,Object_01081
Radioactive,Object_00930
Explosive,Object_02177
Food,Object_14231
Toxic,Object_15872
Fragile,Object_15297
Flammable,Object_12605
Flammable,Object_13912
Food,Object_01669
Corrosive,Object_08373
Fragile,Object_08958
Oxidizing,Object_13300
Radioactive,Object_10717
Fragile,Object_06765
Corrosive,Object_14596
Pressurized,Object_02772
Flammable,Object_01712
Radioactive,Object_04936
Fragile,Object_06173
Fragile,Object_15632
Unspecified,Object_14729
Unspecified,Object_07215
Unspecified,Object_03811
Corrosive,Object_05957
Pressurized,Object_12851
Pressurized,Object_06404
Flammable,Object_16176
Explosive,Object_04895
Corrosive,Object_14839
Oxidizing,Object_08568
Pressurized,Object_07907
Radioactive,Object_12305
Toxic,Object_03478
Unspecified,Object_12924
Unspecified,Object_06492
Radioactive,Object_01555
Unspecified,Object_04233
Unspecified,Object_02755
Food,Object_12376
Unspecified,Object_12013
Flammable,Object_08533
Explosive,Object_00034
Unspecified,Object_14490
Pressurized,Object_11720
Unspecified,Object_00124
Explosive,Object_04221
Pressurized,Object_03802
Toxic,Object_09586
Corrosive,Object_10801
Toxic,Object_06600
Toxic,Object_08840
Fragile,Object_15310
Radioactive,Object_05447
Corrosive,Object_09410
Explosive,Object_06579
Flammable,Object_16067
Oxidizing,Object_05812
Flammable,Object_03700
Toxic,Object_13407
Oxidizing,Object_07443
Unspecified,Object_04864
Explosive,Object_11691
Pressurized,Object_11718
Explosive,Object_11369
Pressurized,Object_12894
Radioactive,Object_00658
Corrosive,Object_00378
Explosive,Object_04014
Oxidizing,Object_05503
Flammable,Object_13714
Explosive,Object_05216
Explosive,Object_04227
Radioactive,Object_09249
Radioactive,Object_12723
Corrosive,Object_04717
Fragile,Object_09640
Food,Object_10440
Food,Object_08241
Explosive,Object_14068
Fragile,Object_16113
Flammable,Object_10304
Radioactive,Object_07589
Explosive,Object_11867
Explosive,Object_03557
Oxidizing,Object_08933
Unspecified,Object_00181
Oxidizing,Object_04944
Food,Object_08522
Flammable,Object_08501
Corrosive,Object_09456
Oxidizing,Object_02170
Radioactive,Object_09277
Radioactive,Object_11724
Radioactive,Object_10156
Explosive,Object_07744
Pressurized,Object_12072
Radioactive,Object_07544
Fragile,Object_06131
Explosive,Object_01907
Pressurized,Object_05352
Food,Object_00898
Corrosive,Object_02313
Radioactive,Object_11841
Radioactive,Object_05674
Oxidizing,Object_01564
Pressurized,Object_10124
Unspecified,Object_11445
Oxidizing,Object_15462
Oxidizing,Object_02835
Oxidizing,Object_02666
Flammable,Object_08507
Corrosive,Object_07079
Food,Object_03954
Toxic,Object_05024
Explosive,Object_01620
Toxic,Object_01447
Pressurized,Object_01409
Radioactive,Object_06968
Fragile,Object_08289
Toxic,Object_04683
Food,Object_15523
Corrosive,Object_01215
Pressurized,Object_09417
Radioactive,Object_15509
Food,Object_13047
Corrosive,Object_10135
Explosive,Object_13304
Food,Object_13787
Fragile,Object_10868
Flammable,Object_06612
Oxidizing,Object_12831
Oxidizing,Object_10941
Corrosive,Object_01837
Fragile,Object_11929
Flammable,Object_16334
Unspecified,Object_11760
Flammable,Object_00668
Food,Object_09193
Corrosive,Object_04788
Flammable,Object_15691
Fragile,Object_12528
Unspecified,Object_08004
Food,Object_01888
Fragile,Object_03227
Fragile,Object_11280
Oxidizing,Object_02661
Fragile,Object_08823
Oxidizing,Object_12983
Pressurized,Object_11776
Explosive,Object_00040
Food,Object_12872
Explosive,Object_00936
Pressurized,Object_15092
Explosive,Object_15022
Unspecified,Object_06399
Explosive,Object_09892
Oxidizing,Object_10069
Fragile,Object_02992
Radioactive,Object_06849
Food,Object_01881
Pressurized,Object_00806
Oxidizing,Object_07638
Oxidizing,Object_09530
Explosive,Object_04780
Radioactive,Object_00922
Toxic,Object_16007
Food,Object_04675
Oxidizing,Object_05522
Radioactive,Object_13941
Unspecified,Object_04053
Corrosive,Object_00297
Oxidizing,Object_09524
Radioactive,Object_07109
Toxic,Object_11260
Explosive,Object_07520
Toxic,Object_07881
Toxic,Object_03163
Toxic,Object_09141
Oxidizing,Object_08645
Oxidizing,Object_15712
Food,Object_01339
Toxic,Object_03357
Unspecified,Object_04355
Explosive,Object_02365
Radioactive,Object_09965
Fragile,Object_15207
Unspecified,Object_14476
Unspecified,Object_07891
Radioactive,Object_11808
Pressurized,Object_04319
Fragile,Object_09050
Corrosive,Object_02648
Explosive,Object_02723
Food,Object_06819
Unspecified,Object_06253
Radioactive,Object_06426
Toxic,Object_01825
Unspecified,Object_14432
Radioactive,Object_05666
Radioactive,Object_16229
Unspecified,Object_10297
Fragile,Object_08395
Radioactive,Object_03119
Explosive,Object_06576
Corrosive,Object_07397
Pressurized,Object_01028
Corrosive,Object_00630
Corrosive,Object_10263
Radioactive,Object_09242
Toxic,Object_12639
Pressurized,Object_09127
Unspecified,Object_05345
Fragile,Object_08959
Flammable,Object_13988
Corrosive,Object_02233
Toxic,Object_12943
Unspecified,Object_09428
Explosive,Object_14493
Toxic,Object_04408
Oxidizing,Object_09857
Toxic,Object_08837
Toxic,Object_07812
Radioactive,Object_11562
Flammable,Object_10278
Oxidizing,Object_05521
Food,Object_14240
Radioactive,Object_16287
Radioactive,Object_07236
Food,Object_03460
Flammable,Object_10275
Flammable,Object_02131
Flammable,Object_05399
Unspecified,Object_04143
Flammable,Object_01701
Radioactive,Object_07588
Pressurized,Object_01958
Food,Object_11982
Explosive,Object_11537
Flammable,Object_06104
Toxic,Object_14386
Oxidizing,Object_09607
Oxidizing,Object_07167
Unspecified,Object_12429
Corrosive,Object_06736
Oxidizing,Object_12982
Pressurized,Object_05471
Radioactive,Object_06841
Pressurized,Object_04336
Corrosive,Object_01054
Food,Object_06753
Oxidizing,Object_11958
Pressurized,Object_15564
Fragile,Object_13845
Corrosive,Object_13612
Flammable,Object_05265
Toxic,Object_02679
Unspecified,Object_15499
Pressurized,Object_13766
Radioactive,Object_15960
Fragile,Object_00516
Fragile,Object_09000
Corrosive,Object_15580
Pressurized,Object_02380
Fragile,Object_05463
Explosive,Object_02747
Flammable,Object_12646
Pressurized,Object_14633
Pressurized,Object_13697
Explosive,Object_09037
Oxidizing,Object_02105
Fragile,Object_08285
Food,Object_09931
Toxic,Object_11078
Food,Object_03957
Fragile,Object_11825
Toxic,Object_14539
Pressurized,Object_10120
Pressurized,Object_15070
Corrosive,Object_01226
Corrosive,Object_03865
Radioactive,Object_12231
Radioactive,Object_13664
Explosive,Object_00205
Explosive,Object_12242
Flammable,Object_00975
Explosive,Object_08670
Food,Object_03037
Explosive,Object_00239
Food,Object_11160
Radioactive,Object_04348
Unspecified,Object_14710
Oxidizing,Object_07227
Oxidizing,Object_05589
Oxidizing,Object_07163
Food,Object_03326
Explosive,Object_08661
Unspecified,Object_07464
Unspecified,Object_04418
Toxic,Object_09380
Food,Object_14742
Fragile,Object_01191
Food,Object_16362
Fragile,Object_01200
Pressurized,Object_00500
Flammable,Object_09873
Fragile,Object_13995
Toxic,Object_04101
Toxic,Object_01758
Pressurized,Object_02473
Fragile,Object_03009
Oxidizing,Object_07767
Flammable,Object_01502
Oxidizing,Object_05523
Flammable,Object_04030
Pressurized,Object_16146
Pressurized,Object_05803
Radioactive,Object_15116
Explosive,Object_00545
Oxidizing,Object_01248
Toxic,Object_08878
Corrosive,Object_08556
Explosive,Object_00935
Unspecified,Object_06464
Corrosive,Object_09320
Food,Object_06881
Food,Object_11989
Pressurized,Object_04981
Corrosive,Object_02649
Pressurized,Object_04338
Food,Object_08948
Oxidizing,Object_09598
Toxic,Object_09077
Explosive,Object_01814
Toxic,Object_07528
Corrosive,Object_10217
Flammable,Object_14606
Fragile,Object_00915
Explosive,Object_06010
Explosive,Object_07423
Unspecified,Object_09091
Corrosive,Object_03641
Explosive,Object_02112
Unspecified,Object_06394
Pressurized,Object_05801
Pressurized,Object_14979
Fragile,Object_06139
Oxidizing,Object_04967
Food,Object_09399
Toxic,Object_10014
Toxic,Object_02738
Oxidizing,Object_09518
Oxidizing,Object_08566
Oxidizing,Object_05525
Radioactive,Object_05939
Flammable,Object_02711
Pressurized,Object_01519
Food,Object_14047
Flammable,Object_16066
Corrosive,Object_11511
Food,Object_01882
Flammable,Object_10280
Toxic,Object_03296
Toxic,Object_01755
Pressurized,Object_01308
Explosive,Object_03108
Radioactive,Object_11641
Fragile,Object_10578
Explosive,Object_11125
Radioactive,Object_00404
Food,Object_01332
Toxic,Object_08673
Flammable,Object_14192
Explosive,Object_05647
Toxic,Object_02095
Oxidizing,Object_01247
Pressurized,Object_09326
Explosive,Object_09842
Fragile,Object_13689
Toxic,Object_04708
Pressurized,Object_09699
Explosive,Object_08669
Toxic,Object_06597
Pressurized,Object_13528
Flammable,Object_11026
Fragile,Object_15402
Oxidizing,Object_00778
Flammable,Object_00992
Corrosive,Object_06730
Explosive,Object_12534
Fragile,Object_15270
Radioactive,Object_05671
Oxidizing,Object_05538
Pressurized,Object_06894
Fragile,Object_05998
Explosive,Object_02368
Pressurized,Object_09484
Unspecified,Object_02875
Toxic,Object_08387
Food,Object_01203
Radioactive,Object_13575
Fragile,Object_10865
Fragile,Object_13855
Radioactive,Object_00349
Pressurized,Object_14637
Radioactive,Object_15112
Radioactive,Object_07865
Corrosive,Object_01059
Fragile,Object_03546
Food,Object_08125
Radioactive,Object_16071
Oxidizing,Object_14401
Pressurized,Object_14972
Toxic,Object_00025
Explosive,Object_07268
Explosive,Object_15650
Fragile,Object_03008
Unspecified,Object_10987
Corrosive,Object_05790
Toxic,Object_08879
Corrosive,Object_05194
Flammable,Object_09262
Food,Object_08859
Unspecified,Object_09018
Radioactive,Object_06880
Radioactive,Object_02059
Explosive,Object_14448
Oxidizing,Object_01245
Corrosive,Object_14720
Unspecified,Object_03884
Fragile,Object_05900
Toxic,Object_11009
Radioactive,Object_14897
Oxidizing,Object_03380
Explosive,Object_00604
Radioactive,Object_03183
Explosive,Object_00901
Pressurized,Object_06855
Oxidizing,Object_07059
Oxidizing,Object_08145
Explosive,Object_07697
Pressurized,Object_14051
Corrosive,Object_13487
Fragile,Object_12579
Food,Object_05763
Food,Object_00597
Corrosive,Object_06356
Food,Object_03786
Fragile,Object_10883
Unspecified,Object_03820
Pressurized,Object_00453
Corrosive,Object_14082
Food,Object_15535
Oxidizing,Object_15474
Radioactive,Object_11565
Toxic,Object_05945
Radioactive,Object_14104
Pressurized,Object_00074
Unspecified,Object_03663
Corrosive,Object_16093
Fragile,Object_13993
Explosive,Object_04893
Radioactive,Object_14758
Food,Object_14563
Toxic,Object_09664
Flammable,Object_14200
Food,Object_10590
Unspecified,Object_02301
Radioactive,Object_04198
Flammable,Object_11610
Food,Object_13585
Pressurized,Object_02122
Fragile,Object_10913
Oxidizing,Object_12040
Food,Object_14690
Radioactive,Object_13392
Explosive,Object_00939
Toxic,Object_11491
Toxic,Object_08752
Corrosive,Object_08328
Food,Object_08855
Explosive,Object_05306
Food,Object_13364
Explosive,Object_02729
Fragile,Object_12148
Food,Object_13497
Radioactive,Object_13503
Fragile,Object_07533
Explosive,Object_00696
Pressurized,Object_08520
Toxic,Object_10005
Food,Object_09755
Food,Object_12498
Corrosive,Object_09314
Oxidizing,Object_10383
Flammable,Object_08071
Fragile,Object_01544
Food,Object_03773
Oxidizing,Object_16293
Radioactive,Object_14150
Toxic,Object_09943
Fragile,Object_08299
Fragile,Object_03991
Unspecified,Object_12681
Fragile,Object_00255
Radioactive,Object_02793
Fragile,Object_02996
Oxidizing,Object_11880
Corrosive,Object_10196
Unspecified,Object_01289
Explosive,Object_06745
Explosive,Object_05099
Pressurized,Object_11772
Fragile,Object_09060
Explosive,Object_04162
Toxic,Object_15003
Explosive,Object_07839
Food,Object_02919
Corrosive,Object_14920
Pressurized,Object_04697
Fragile,Object_14288
Corrosive,Object_04045
Corrosive,Object_03742
Flammable,Object_11525
Fragile,Object_02767
Pressurized,Object_09868
Toxic,Object_05606
Flammable,Object_09652
Unspecified,Object_09994
Radioactive,Object_04262
Radioactive,Object_06427
Oxidizing,Object_01244
Radioactive,Object_01591
Toxic,Object_11614
Unspecified,Object_05125
Corrosive,Object_10216
Unspecified,Object_02787
Toxic,Object_03359
Corrosive,Object_14835
Fragile,Object_11272
Oxidizing,Object_14296
Flammable,Object_03711
Corrosive,Object_02646
Oxidizing,Object_10044
Fragile,Object_03550
Oxidizing,Object_06979
Corrosive,Object_10877
Radioactive,Object_13376
Toxic,Object_07921
Oxidizing,Object_10063
Oxidizing,Object_03373
Radioactive,Object_16169
Oxidizing,Object_09839
Explosive,Object_00144
Corrosive,Object_14086
Oxidizing,Object_00947
Toxic,Object_06265
Unspecified,Object_15705
Unspecified,Object_06700
Food,Object_01885
Unspecified,Object_06070
Explosive,Object_03107
Corrosive,Object_10873
Unspecified,Object_14843
Fragile,Object_09090
Flammable,Object_11605
Pressurized,Object_10312
Oxidizing,Object_03601
Food,Object_01919
Toxic,Object_11255
Fragile,Object_06000
Food,Object_12043
Radioactive,Object_15430
Oxidizing,Object_12032
Pressurized,Object_01401
Corrosive,Object_04081
Explosive,Object_04607
Radioactive,Object_03562
Corrosive,Object_02403
Food,Object_06948
Unspecified,Object_13539
Radioactive,Object_03905
Explosive,Object_06479
Fragile,Object_15837
Toxic,Object_15451
Fragile,Object_13684
Food,Object_07687
Radioactive,Object_15868
Explosive,Object_08693
Toxic,Object_05950
Flammable,Object_04004
Oxidizing,Object_06939
Fragile,Object_08826
Corrosive,Object_09458
Oxidizing,Object_05811
Food,Object_15446
Toxic,Object_04744
Unspecified,Object_07216
Toxic,Object_14313
Fragile,Object_02821
Corrosive,Object_02958
Pressurized,Object_01769
Explosive,Object_02081
Corrosive,Object_03041
Corrosive,Object_10133
Unspecified,Object_14580
Corrosive,Object_15571
Fragile,Object_08207
Food,Object_05178
Flammable,Object_04040
Oxidizing,Object_07984
Explosive,Object_00759
Fragile,Object_01950
Corrosive,Object_10487
Corrosive,Object_02401
Oxidizing,Object_00967
Food,Object_08440
Flammable,Object_01166
Pressurized,Object_02075
Toxic,Object_14389
Explosive,Object_11538
Flammable,Object_03468
Explosive,Object_00047
Food,Object_04503
Toxic,Object_07483
Toxic,Object_16355
Flammable,Object_03874
Food,Object_02031
Fragile,Object_10323
Toxic,Object_01031
Toxic,Object_01270
Food,Object_15750
Flammable,Object_00284
Pressurized,Object_00460
Pressurized,Object_10079
Corrosive,Object_05736
Toxic,Object_14390
Food,Object_00387
Explosive,Object_12250
Food,Object_02937
Food,Object_16197
Explosive,Object_15030
Flammable,Object_05312
Fragile,Object_16011
Explosive,Object_11931
Toxic,Object_05651
Fragile,Object_03231
Food,Object_09029
Toxic,Object_15004
Flammable,Object_10827
Explosive,Object_10935
Food,Object_06675
Oxidizing,Object_11106
Unspecified,Object_02014
Corrosive,Object_02269
Food,Object_09734
Toxic,Object_10011
Fragile,Object_10916
Toxic,Object_04109
Oxidizing,Object_13206
Oxidizing,Object_14259
Food,Object_13248
Explosive,Object_01894
Fragile,Object_13136
Food,Object_10851
Oxidizing,Object_07063
Radioactive,Object_07277
Food,Object_14341
Corrosive,Object_04324
Fragile,Object_07782
Oxidizing,Object_06055
Explosive,Object_12276
Explosive,Object_01091
Explosive,Object_01097
Food,Object_15730
Pressurized,Object_03414
Toxic,Object_04690
Flammable,Object_03304
Unspecified,Object_05342
Radioactive,Object_11057
Explosive,Object_14496
Explosive,Object_07692
Flammable,Object_04803
Corrosive,Object_04132
Food,Object_01291
Pressurized,Object_00744
Food,Object_15072
Radioactive,Object_12304
Food,Object_03790
Corrosive,Object_01228
Flammable,Object_13980
Fragile,Object_11182
Toxic,Object_05569
Corrosive,Object_09409
Fragile,Object_00721
Flammable,Object_05518
Pressurized,Object_15812
Food,Object_15153
Food,Object_02005
Toxic,Object_07928
Unspecified,Object_02017
Fragile,Object_09634
Explosive,Object_07511
Pressurized,Object_10374
Explosive,Object_04609
Pressurized,Object_14331
Pressurized,Object_07951
Oxidizing,Object_09824
Pressurized,Object_04340
Radioactive,Object_05664
Toxic,Object_10957
Explosive,Object_05077
Explosive,Object_14325
Radioactive,Object_01551
Oxidizing,Object_07460
Pressurized,Object_05477
Flammable,Object_11399
Explosive,Object_09474
Corrosive,Object_10199
Food,Object_14569
Oxidizing,Object_02834
Unspecified,Object_06692
Unspecified,Object_12581
Radioactive,Object_11345
Toxic,Object_00639
Oxidizing,Object_10064
Unspecified,Object_12582
Unspecified,Object_05839
Fragile,Object_12575
Flammable,Object_13976
Unspecified,Object_13907
Unspecified,Object_03675
Food,Object_10852
Fragile,Object_08361
Radioactive,Object_10238
Unspecified,Object_01993
Flammable,Object_04120
Corrosive,Object_03741
Unspecified,Object_12735
Flammable,Object_10308
Radioactive,Object_01598
Oxidizing,Object_07635
Oxidizing,Object_11149
Food,Object_09614
Oxidizing,Object_14888
Toxic,Object_15997
Food,Object_16123
Corrosive,Object_02238
Pressurized,Object_01310
Food,Object_06552
Fragile,Object_06717
Flammable,Object_00052
Corrosive,Object_13010
Radioactive,Object_10235
Unspecified,Object_12740
Toxic,Object_09074
Toxic,Object_07137
Flammable,Object_01179
Toxic,Object_00262
Explosive,Object_00906
Food,Object_04365
Unspecified,Object_03668
Corrosive,Object_05244
Explosive,Object_03935
Radioactive,Object_00398
Unspecified,Object_02288
Explosive,Object_01895
Pressurized,Object_12621
Radioactive,Object_16167
Pressurized,Object_15090
Fragile,Object_11921
Toxic,Object_16140
Flammable,Object_14116
Oxidizing,Object_08150
Radioactive,Object_09212
Pressurized,Object_01117
Corrosive,Object_02252
Flammable,Object_15240
Explosive,Object_12457
Food,Object_03631
Oxidizing,Object_11795
Oxidizing,Object_14584
Explosive,Object_05110
Food,Object_14015
Radioactive,Object_15501
Fragile,Object_08163
Explosive,Object_05598
Flammable,Object_10671
Radioactive,Object_10536
Radioactive,Object_15111
Oxidizing,Object_02106
Oxidizing,Object_04998
Corrosive,Object_05965
Corrosive,Object_00785
Food,Object_02458
Corrosive,Object_14005
Toxic,Object_06345
Fragile,Object_05898
Radioactive,Object_15318
Toxic,Object_12353
Explosive,Object_14064
Pressurized,Object_13768
Flammable,Object_02399
Explosive,Object_05217
Oxidizing,Object_15246
Radioactive,Object_10234
Oxidizing,Object_01565
Food,Object_12395
Flammable,Object_15694
Oxidizing,Object_08034
Pressurized,Object_11905
Corrosive,Object_06044
Oxidizing,Object_02837
Pressurized,Object_00167
Corrosive,Object_16099
Flammable,Object_08074
Flammable,Object_14601
Fragile,Object_08428
Flammable,Object_01415
Oxidizing,Object_01126
Flammable,Object_11604
Food,Object_09714
Food,Object_00593
Pressurized,Object_07334
Unspecified,Object_06455
Radioactive,Object_00345
Flammable,Object_08485
Explosive,Object_11540
Unspecified,Object_06397
Fragile,Object_04815
Oxidizing,Object_08341
Toxic,Object_12023
Oxidizing,Object_15630
Corrosive,Object_01220
Corrosive,Object_07391
Toxic,Object_01830
Fragile,Object_12478
Flammable,Object_01709
Toxic,Object_12758
Toxic,Object_05608
Food,Object_02891
Toxic,Object_09003
Explosive,Object_11128
Radioactive,Object_12239
Food,Object_03452
Food,Object_10660
Toxic,Object_05603
Pressurized,Object_01513
Explosive,Object_00206
Food,Object_13444
Fragile,Object_11297
Unspecified,Object_15926
Pressurized,Object_12506
Pressurized,Object_00164
Corrosive,Object_09179
Toxic,Object_11117
Pressurized,Object_00199
Oxidizing,Object_15342
Pressurized,Object_01864
Pressurized,Object_05424
Pressurized,Object_00810
Radioactive,Object_10239
Food,Object_11734
Toxic,Object_00029
Unspecified,Object_06065
Explosive,Object_04979
Oxidizing,Object_05460
Oxidizing,Object_05619
Toxic,Object_03475
Radioactive,Object_15034
Food,Object_15356
Fragile,Object_08954
Unspecified,Object_05882
Fragile,Object_10814
Fragile,Object_15838
Pressurized,Object_01528
Radioactive,Object_10091
Radioactive,Object_01845
Pressurized,Object_09917
Pressurized,Object_15100
Food,Object_13056
Fragile,Object_06561
Fragile,Object_07319
Pressurized,Object_13182
Fragile,Object_01646
Fragile,Object_11189
Fragile,Object_11457
Explosive,Object_07831
Toxic,Object_03528
Explosive,Object_05752
Flammable,Object_15169
Unspecified,Object_12007
Toxic,Object_09984
Toxic,Object_11227
Food,Object_01657
Toxic,Object_09787
Flammable,Object_01419
Explosive,Object_00339
Radioactive,Object_08985
Food,Object_03325
Explosive,Object_02120
Food,Object_11655
Fragile,Object_05997
Flammable,Object_10837
Fragile,Object_07790
Food,Object_04676
Food,Object_12047
Oxidizing,Object_09749
Flammable,Object_15168
Fragile,Object_05467
Radioactive,Object_10332
Food,Object_00618
Pressurized,Object_03842
Explosive,Object_07746
Fragile,Object_09051
Food,Object_08941
Food,Object_00381
Oxidizing,Object_02563
Pressurized,Object_16400
Explosive,Object_05646
Toxic,Object_03522
Radioactive,Object_04269
Fragile,Object_07783
Toxic,Object_12029
Pressurized,Object_02850
Food,Object_15060
Corrosive,Object_09701
Food,Object_00007
Corrosive,Object_09171
Radioactive,Object_16286
Unspecified,Object_10398
Pressurized,Object_01512
Oxidizing,Object_00964
Corrosive,Object_14626
Toxic,Object_11116
Flammable,Object_12158
Toxic,Object_06346
Unspecified,Object_02492
Food,Object_08436
Food,Object_08719
Unspecified,Object_12586
Oxidizing,Object_15800
Pressurized,Object_15971
Explosive,Object_06743
Corrosive,Object_09709
Flammable,Object_16268
Pressurized,Object_01304
Fragile,Object_09053
Unspecified,Object_04236
Oxidizing,Object_05815
Toxic,Object_04105
Toxic,Object_08215
Fragile,Object_06188
Flammable,Object_03798
Pressurized,Object_10119
Corrosive,Object_04516
Flammable,Object_05117
Unspecified,Object_13535
Toxic,Object_07663
Flammable,Object_01412
Unspecified,Object_13969
Corrosive,Object_04326
Corrosive,Object_14089
Oxidizing,Object_07444
Radioactive,Object_14674
Explosive,Object_05218
Fragile,Object_04433
Oxidizing,Object_03379
Corrosive,Object_03646
Toxic,Object_07664
Fragile,Object_11829
Corrosive,Object_04472
Flammable,Object_10408
Radioactive,Object_05662
Oxidizing,Object_11305
Oxidizing,Object_04182
Fragile,Object_14770
Radioactive,Object_15326
Oxidizing,Object_10148
Oxidizing,Object_15716
Radioactive,Object_00678
Corrosive,Object_08376
Explosive,Object_08456
Unspecified,Object_12965
Flammable,Object_03307
Oxidizing,Object_12951
Toxic,Object_15513
Corrosive,Object_00221
Explosive,Object_13818
Toxic,Object_09806
Explosive,Object_09848
Food,Object_03632
Oxidizing,Object_05527
Toxic,Object_08219
Fragile,Object_01232
Unspecified,Object_09094
Radioactive,Object_06970
Oxidizing,Object_08561
Flammable,Object_11025
Pressurized,Object_10114
Corrosive,Object_12100
Radioactive,Object_11647
Pressurized,Object_05978
Unspecified,Object_10397
Corrosive,Object_04711
Pressurized,Object_13551
Pressurized,Object_00165
Fragile,Object_02971
Fragile,Object_01644
Fragile,Object_08818
Unspecified,Object_14226
Fragile,Object_06175
Pressurized,Object_10112
Flammable,Object_10428
Unspecified,Object_02516
Explosive,Object_02944
Fragile,Object_04525
Pressurized,Object_01870
Unspecified,Object_04051
Explosive,Object_04536
Toxic,Object_14814
Flammable,Object_04032
Food,Object_01913
Corrosive,Object_06279
Pressurized,Object_01255
Food,Object_09251
Explosive,Object_04218
Fragile,Object_00411
Food,Object_13049
Corrosive,Object_05486
Pressurized,Object_12937
Oxidizing,Object_06938
Toxic,Object_06670
Unspecified,Object_03018
Flammable,Object_03714
Toxic,Object_00429
Pressurized,Object_10795
Oxidizing,Object_09523
Radioactive,Object_15422
Explosive,Object_04535
Radioactive,Object_13755
Explosive,Object_05648
Food,Object_08712
Oxidizing,Object_02709
Unspecified,Object_15708
Fragile,Object_07189
Explosive,Object_02118
Oxidizing,Object_10943
Explosive,Object_09543
Flammable,Object_07736
Fragile,Object_07173
Corrosive,Object_04902
Flammable,Object_06987
Explosive,Object_03558
Unspecified,Object_15924
Pressurized,Object_11552
Fragile,Object_16054
Corrosive,Object_05776
Fragile,Object_06716
Food,Object_13677
Food,Object_12176
Food,Object_08127
Food,Object_14044
Oxidizing,Object_05539
Corrosive,Object_02681
Corrosive,Object_13163
Fragile,Object_11274
Corrosive,Object_11136
Corrosive,Object_06331
Flammable,Object_02398
Explosive,Object_00151
Explosive,Object_00699
Explosive,Object_16311
Oxidizing,Object_15805
Toxic,Object_11225
Fragile,Object_10820
Pressurized,Object_02371
Flammable,Object_10844
Oxidizing,Object_08051
Fragile,Object_06770
Flammable,Object_12567
Corrosive,Object_02594
Toxic,Object_07025
Food,Object_15945
Fragile,Object_13078
Unspecified,Object_04576
Explosive,Object_07851
Oxidizing,Object_00772
Radioactive,Object_06086
Pressurized,Object_05420
Corrosive,Object_15890
Food,Object_09720
Fragile,Object_07185
Unspecified,Object_01143
Radioactive,Object_08983
Fragile,Object_03232
Pressurized,Object_02888
Radioactive,Object_06877
Fragile,Object_12141
Explosive,Object_00544
Toxic,Object_06594
Corrosive,Object_09459
Toxic,Object_13653
Explosive,Object_00333
Radioactive,Object_16227
Food,Object_05011
Explosive,Object_05644
Pressurized,Object_16371
Pressurized,Object_13181
Explosive,Object_14069
Food,Object_03327
Flammable,Object_12088
Fragile,Object_13992
Food,Object_00354
Pressurized,Object_00748
Fragile,Object_11334
Explosive,Object_09643
Oxidizing,Object_07454
Explosive,Object_01897
Radioactive,Object_14759
Pressurized,Object_09487
Pressurized,Object_12316
Unspecified,Object_02639
Food,Object_04285
Flammable,Object_07920
Pressurized,Object_14336
Oxidizing,Object_06232
Radioactive,Object_14552
Corrosive,Object_12207
Radioactive,Object_03118
Toxic,Object_00709
Food,Object_13015
Food,Object_06882
Toxic,Object_03897
Fragile,Object_06690
Fragile,Object_04817
Food,Object_09026
Flammable,Object_09658
Toxic,Object_14318
Flammable,Object_05717
Toxic,Object_09557
Pressurized,Object_11554
Flammable,Object_12780
Radioactive,Object_13505
Explosive,Object_12062
Toxic,Object_02673
Food,Object_04426
Explosive,Object_07680
Fragile,Object_02998
Flammable,Object_01501
Pressurized,Object_04753
Fragile,Object_02770
Unspecified,Object_12734
Flammable,Object_01363
Radioactive,Object_05663
Fragile,Object_02825
Radioactive,Object_11350
Food,Object_02229
Toxic,Object_12027
Unspecified,Object_12338
Oxidizing,Object_03723
Radioactive,Object_15324
Radioactive,Object_12306
Food,Object_00490
Oxidizing,Object_10910
Corrosive,Object_08706
Food,Object_09259
Unspecified,Object_09995
Oxidizing,Object_16294
Pressurized,Object_15978
Food,Object_14377
Explosive,Object_00157
Corrosive,Object_08558
Pressurized,Object_15433
Unspecified,Object_04571
Food,Object_15964
Oxidizing,Object_07985
Pressurized,Object_01862
Food,Object_02489
Flammable,Object_12747
Unspecified,Object_00125
Explosive,Object_02344
Fragile,Object_16115
Radioactive,Object_03564
Pressurized,Object_04600
Fragile,Object_11061
Unspecified,Object_07344
Oxidizing,Object_03607
Fragile,Object_06688
Explosive,Object_11532
Oxidizing,Object_15379
Oxidizing,Object_05407
Flammable,Object_00054
Oxidizing,Object_04188
Toxic,Object_01040
Pressurized,Object_01511
Corrosive,Object_04476
Flammable,Object_04382
Pressurized,Object_01272
Oxidizing,Object_10664
Oxidizing,Object_02668
Toxic,Object_07846
Fragile,Object_02155
Radioactive,Object_15505
Food,Object_16364
Unspecified,Object_05836
Unspecified,Object_15493
Flammable,Object_00734
Toxic,Object_04372
Explosive,Object_08442
Flammable,Object_12617
Food,Object_15748
Corrosive,Object_04048
Corrosive,Object_00876
Toxic,Object_04107
Corrosive,Object_12162
Flammable,Object_07003
Fragile,Object_11206
Corrosive,Object_00104
Oxidizing,Object_07060
Unspecified,Object_07341
Radioactive,Object_13573
Unspecified,Object_02286
Radioactive,Object_08066
Flammable,Object_13919
Food,Object_02966
Flammable,Object_03875
Pressurized,Object_11589
Oxidizing,Object_08348
Toxic,Object_00586
Radioactive,Object_06315
Flammable,Object_14204
Oxidizing,Object_08848
Toxic,Object_06033
Oxidizing,Object_11303
Pressurized,Object_04989
Radioactive,Object_04668
Explosive,Object_10934
Food,Object_11738
Food,Object_12293
Corrosive,Object_09177
Radioactive,Object_04616
Unspecified,Object_03662
Oxidizing,Object_07149
Unspecified,Object_12689
Fragile,Object_13643
Pressurized,Object_13555
Unspecified,Object_08962
Pressurized,Object_13556
Pressurized,Object_07333
Flammable,Object_06538
Radioactive,Object_14895
Explosive,Object_04602
Fragile,Object_10864
Radioactive,Object_03565
Unspecified,Object_03665
Fragile,Object_06510
Oxidizing,Object_12889
Toxic,Object_11319
Fragile,Object_01948
Toxic,Object_13928
Flammable,Object_11997
Toxic,Object_12022
Radioactive,Object_16039
Toxic,Object_05028
Fragile,Object_12530
Toxic,Object_10951
Unspecified,Object_00011
Oxidizing,Object_11874
Unspecified,Object_00858
Fragile,Object_10325
Unspecified,Object_12767
Fragile,Object_04927
Fragile,Object_02830
Fragile,Object_11337
Oxidizing,Object_09856
Toxic,Object_13117
Explosive,Object_07700
Corrosive,Object_02406
Food,Object_07129
Food,Object_10439
Explosive,Object_03578
Oxidizing,Object_15290
Explosive,Object_10178
Unspecified,Object_11270
Corrosive,Object_10489
Food,Object_03498
Explosive,Object_13301
Oxidizing,Object_05236
Food,Object_06559
Corrosive,Object_06216
Pressurized,Object_04318
Flammable,Object_08747
Food,Object_10588
Food,Object_04427
Oxidizing,Object_05612
Explosive,Object_12067
Corrosive,Object_11975
Flammable,Object_04021
Oxidizing,Object_12034
Unspecified,Object_11232
Explosive,Object_11129
Toxic,Object_15006
Flammable,Object_08540
Corrosive,Object_00790
Radioactive,Object_10539
Explosive,Object_13811
Oxidizing,Object_08340
Radioactive,Object_00926
Toxic,Object_13656
Corrosive,Object_13484
Fragile,Object_08422
Fragile,Object_07537
Toxic,Object_06598
Food,Object_08479
Explosive,Object_07691
Corrosive,Object_02560
Fragile,Object_00251
Food,Object_00388
Food,Object_11490
Oxidizing,Object_01879
Food,Object_03242
Unspecified,Object_11447
Corrosive,Object_14597
Pressurized,Object_15099
Oxidizing,Object_12035
Flammable,Object_12647
Explosive,Object_15026
Oxidizing,Object_08862
Fragile,Object_13129
Radioactive,Object_15039
Explosive,Object_12488
Pressurized,Object_01302
Food,Object_04680
Explosive,Object_07833
Fragile,Object_02148
Food,Object_09936
Flammable,Object_10423
Oxidizing,Object_11049
Toxic,Object_07816
Corrosive,Object_05784
Unspecified,Object_01934
Radioactive,Object_06965
Explosive,Object_08305
Radioactive,Object_04452
Toxic,Object_08808
Pressurized,Object_05971
Unspecified,Object_00838
Unspecified,Object_02760
Unspecified,Object_02871
Fragile,Object_13843
Radioactive,Object_13771
Fragile,Object_06685
Flammable,Object_03718
Explosive,Object_08494
Corrosive,Object_08551
Oxidizing,Object_04999
Explosive,Object_04166
Radioactive,Object_13394
Explosive,Object_04212
Explosive,Object_15107
Flammable,Object_10834
Unspecified,Object_15483
Oxidizing,Object_05587
Explosive,Object_09040
Corrosive,Object_04259
Pressurized,Object_16398
Corrosive,Object_08980
Toxic,Object_08894
Fragile,Object_13842
Flammable,Object_13719
Food,Object_05174
Fragile,Object_08392
Unspecified,Object_04360
Food,Object_11485
Corrosive,Object_14771
Flammable,Object_03853
Food,Object_12880
Radioactive,Object_00681
Fragile,Object_07539
Radioactive,Object_09248
Toxic,Object_04742
Corrosive,Object_08321
Food,Object_11673
Corrosive,Object_14692
Unspecified,Object_12584
Flammable,Object_01744
Unspecified,Object_12663
Corrosive,Object_05860
Oxidizing,Object_08046
Fragile,Object_14166
Explosive,Object_12539
Fragile,Object_13857
Toxic,Object_09807
Explosive,Object_05092
Corrosive,Object_11085
Flammable,Object_15218
Radioactive,Object_07583
Toxic,Object_13938
Flammable,Object_09880
Oxidizing,Object_09859
Oxidizing,Object_11306
Explosive,Object_01099
Oxidizing,Object_09526
Oxidizing,Object_05159
Food,Object_02453
Flammable,Object_10407
Corrosive,Object_14967
Oxidizing,Object_11307
Unspecified,Object_09687
Unspecified,Object_01384
Flammable,Object_08198
Radioactive,Object_13667
Unspecified,Object_07468
Oxidizing,Object_03721
Pressurized,Object_12122
Corrosive,Object_00953
Oxidizing,Object_04185
Fragile,Object_02144
Food,Object_07824
Oxidizing,Object_11954
Food,Object_01652
Explosive,Object_07117
Flammable,Object_03156
Fragile,Object_05167
Flammable,Object_06660
Oxidizing,Object_06590
Pressurized,Object_15607
Toxic,Object_03100
Explosive,Object_05595
Radioactive,Object_00391
Pressurized,Object_10316
Pressurized,Object_05499
Corrosive,Object_06098
Explosive,Object_09550
Pressurized,Object_01273
Unspecified,Object_02633
Oxidizing,Object_00447
Toxic,Object_14136
Oxidizing,Object_07560
Flammable,Object_08184
Corrosive,Object_02953
Oxidizing,Object_07459
Unspecified,Object_01628
Radioactive,Object_03345
Explosive,Object_02367
Flammable,Object_13517
Food,Object_13583
Unspecified,Object_04869
Radioactive,Object_03824
Unspecified,Object_06400
Food,Object_13016
Toxic,Object_14139
Unspecified,Object_12008
Oxidizing,Object_01567
Radioactive,Object_07868
Unspecified,Object_12432
Oxidizing,Object_02185
Pressurized,Object_14670
Fragile,Object_13077
Corrosive,Object_10635
Food,Object_02298
Food,Object_01665
Fragile,Object_00911
Food,Object_00382
Explosive,Object_09841
Toxic,Object_04880
Oxidizing,Object_11662
Food,Object_11789
Fragile,Object_12146
Corrosive,Object_02688
Fragile,Object_11204
Fragile,Object_14763
Oxidizing,Object_12259
Toxic,Object_05561
Oxidizing,Object_01123
Explosive,Object_08446
Toxic,Object_10952
Toxic,Object_02099
Food,Object_05015
Pressurized,Object_13762
Pressurized,Object_03754
Fragile,Object_03234
Fragile,Object_12475
Unspecified,Object_05924
Toxic,Object_03537
Toxic,Object_14242
Oxidizing,Object_07170
Corrosive,Object_14810
Explosive,Object_04775
Fragile,Object_09055
Pressurized,Object_09798
Flammable,Object_01702
Flammable,Object_07731
Explosive,Object_04978
Food,Object_03254
Radioactive,Object_00348
Flammable,Object_01106
Flammable,Object_09158
Pressurized,Object_07414
Radioactive,Object_15506
Radioactive,Object_15327
Fragile,Object_06176
Pressurized,Object_01116
Pressurized,Object_15062
Radioactive,Object_12841
Unspecified,Object_02819
Explosive,Object_02587
Unspecified,Object_15928
Fragile,Object_12863
Pressurized,Object_08917
Corrosive,Object_09451
Fragile,Object_11893
Flammable,Object_05264
Food,Object_02967
Radioactive,Object_13321
Radioactive,Object_02055
Fragile,Object_00420
Fragile,Object_02157
Explosive,Object_15147
Unspecified,Object_06839
Radioactive,Object_16249
Pressurized,Object_01019
Fragile,Object_15916
Fragile,Object_11455
Pressurized,Object_01694
Unspecified,Object_04578
Unspecified,Object_14847
Fragile,Object_08403
Pressurized,Object_09483
Radioactive,Object_11346
Unspecified,Object_07343
Toxic,Object_14384
Fragile,Object_14466
Flammable,Object_04764
Radioactive,Object_11805
Food,Object_03253
Radioactive,Object_13504
Oxidizing,Object_12182
Fragile,Object_13851
Corrosive,Object_02683
Fragile,Object_00260
Toxic,Object_07662
Radioactive,Object_11721
Toxic,Object_04298
Toxic,Object_14247
Toxic,Object_07774
Oxidizing,Object_12187
Food,Object_13362
Unspecified,Object_04865
Unspecified,Object_04142
Oxidizing,Object_07448
Flammable,Object_11682
Toxic,Object_09946
Fragile,Object_15917
Pressurized,Object_00452
Pressurized,Object_04757
Toxic,Object_05570
Corrosive,Object_02196
Pressurized,Object_10116
Explosive,Object_15109
Food,Object_15442
Food,Object_15724
Explosive,Object_15182
Unspecified,Object_11755
Radioactive,Object_13399
Fragile,Object_06133
Food,Object_10589
Flammable,Object_09105
Food,Object_15966
Food,Object_13092
Corrosive,Object_00224
Pressurized,Object_05498
Oxidizing,Object_14258
Explosive,Object_12904
Explosive,Object_01811
Flammable,Object_06532
Oxidizing,Object_09519
Oxidizing,Object_03175
Pressurized,Object_08918
Radioactive,Object_07294
Radioactive,Object_01324
Pressurized,Object_05578
Food,Object_15159
Food,Object_12818
Pressurized,Object_10072
Unspecified,Object_14221
Fragile,Object_09636
Explosive,Object_12275
Corrosive,Object_09702
Radioactive,Object_04939
Pressurized,Object_09125
Toxic,Object_11385
Food,Object_14826
Toxic,Object_07282
Flammable,Object_15693
Fragile,Object_16111
Corrosive,Object_13231
Fragile,Object_13176
Food,Object_15723
Food,Object_15229
Food,Object_00466
Fragile,Object_07085
Toxic,Object_09589
Food,Object_06752
Radioactive,Object_04458
Flammable,Object_13101
Flammable,Object_09263
Unspecified,Object_10226
Pressurized,Object_01014
Toxic,Object_07886
Explosive,Object_07671
Corrosive,Object_04799
Flammable,Object_01177
Food,Object_00461
Oxidizing,Object_13729
Fragile,Object_14283
Toxic,Object_06703
Oxidizing,Object_12388
Fragile,Object_15558
Corrosive,Object_07080
Explosive,Object_02449
Explosive,Object_07679
Flammable,Object_14202
Fragile,Object_08991
Unspecified,Object_12428
Explosive,Object_08664
Flammable,Object_16269
Food,Object_05067
Fragile,Object_12712
Explosive,Object_07699
Food,Object_13786
Explosive,Object_02173
Food,Object_03251
Unspecified,Object_15496
Toxic,Object_07100
Oxidizing,Object_14886
Corrosive,Object_10139
Corrosive,Object_09707
Oxidizing,Object_08650
Unspecified,Object_02513
Oxidizing,Object_12953
Fragile,Object_11066
Radioactive,Object_06317
Toxic,Object_08753
Fragile,Object_00730
Flammable,Object_02909
Pressurized,Object_07019
Radioactive,Object_16170
Food,Object_09358
Toxic,Object_04546
Unspecified,Object_10230
Radioactive,Object_11849
Fragile,Object_06178
Toxic,Object_04377
Unspecified,Object_15491
Fragile,Object_15914
Food,Object_00364
Toxic,Object_08679
Fragile,Object_09163
Corrosive,Object_06097
Oxidizing,Object_10904
Food,Object_04633
Radioactive,Object_13411
Flammable,Object_00767
Unspecified,Object_14227
Toxic,Object_05029
Corrosive,Object_10194
Radioactive,Object_01087
Toxic,Object_05653
Toxic,Object_14241
Corrosive,Object_05298
Radioactive,Object_13753
Food,Object_06373
Fragile,Object_03056
Explosive,Object_04220
Explosive,Object_00033
Pressurized,Object_05480
Food,Object_12879
Flammable,Object_10930
Fragile,Object_07088
Oxidizing,Object_02708
Explosive,Object_07421
Radioactive,Object_08063
Oxidizing,Object_06971
Toxic,Object_13798
Pressurized,Object_03597
Fragile,Object_00412
Fragile,Object_01776
Food,Object_15745
Pressurized,Object_03267
Explosive,Object_04213
Food,Object_02896
Pressurized,Object_04494
Oxidizing,Object_14586
Unspecified,Object_08970
Food,Object_03487
Flammable,Object_12083
Corrosive,Object_03148
Flammable,Object_15232
Food,Object_12806
Explosive,Object_04247
Oxidizing,Object_00642
Explosive,Object_08460
Unspecified,Object_10722
Corrosive,Object_14774
Explosive,Object_05103
Food,Object_14173
Corrosive,Object_12781
Toxic,Object_01449
Toxic,Object_11381
Pressurized,Object_14667
Pressurized,Object_11557
Radioactive,Object_13954
Pressurized,Object_16377
Corrosive,Object_05230
Fragile,Object_06562
Food,Object_15074
Corrosive,Object_04622
Oxidizing,Object_15807
Explosive,Object_05101
Oxidizing,Object_11799
Flammable,Object_10271
Explosive,Object_10172
Fragile,Object_04821
Fragile,Object_03545
Fragile,Object_00517
Toxic,Object_14426
Food,Object_05020
Food,Object_11674
Oxidizing,Object_11107
Unspecified,Object_12963
Flammable,Object_15162
Unspecified,Object_00833
Pressurized,Object_01514
Radioactive,Object_12442
Corrosive,Object_05732
Toxic,Object_00028
Toxic,Object_00800
Radioactive,Object_06425
Explosive,Object_04250
Food,Object_06560
Corrosive,Object_16201
Pressurized,Object_11556
Toxic,Object_08834
Corrosive,Object_03143
Corrosive,Object_02262
Corrosive,Object_08372
Oxidizing,Object_10352
Explosive,Object_00578
Flammable,Object_13428
Flammable,Object_06124
Toxic,Object_13658
Toxic,Object_04104
Oxidizing,Object_12990
Oxidizing,Object_03609
Fragile,Object_01063
Corrosive,Object_12208
Corrosive,Object_05778
Flammable,Object_08796
Flammable,Object_11689
Flammable,Object_06246
Explosive,Object_15642
Toxic,Object_15180
Radioactive,Object_14755
Corrosive,Object_14712
Pressurized,Object_15815
Radioactive,Object_06605
Radioactive,Object_00408
Radioactive,Object_07207
Food,Object_02521
Explosive,Object_02356
Pressurized,Object_07045
Toxic,Object_07652
Radioactive,Object_11192
Flammable,Object_09270
Pressurized,Object_11590
Flammable,Object_07978
Pressurized,Object_03381
Explosive,Object_15101
Corrosive,Object_06337
Toxic,Object_07968
Pressurized,Object_09323
Toxic,Object_03536
Food,Object_05379
Pressurized,Object_13863
Pressurized,Object_11575
Radioactive,Object_11847
Explosive,Object_07118
Oxidizing,Object_15470
Pressurized,Object_03757
Food,Object_12058
Toxic,Object_10001
Pressurized,Object_06403
Explosive,Object_02021
Oxidizing,Object_09137
Oxidizing,Object_05384
Radioactive,Object_04078
Fragile,Object_09049
Radioactive,Object_04344
Radioactive,Object_06329
Food,Object_07473
Food,Object_13581
Pressurized,Object_11717
Oxidizing,Object_06235
Corrosive,Object_06336
Explosive,Object_12248
Flammable,Object_03302
Flammable,Object_13987
Pressurized,Object_05330
Toxic,Object_06665
Flammable,Object_07243
Explosive,Object_00032
Corrosive,Object_00624
Radioactive,Object_00344
Explosive,Object_13740
Toxic,Object_04203
Fragile,Object_03404
Food,Object_02965
Radioactive,Object_06606
Fragile,Object_11456
Corrosive,Object_09312
Food,Object_10341
Explosive,Object_06298
Toxic,Object_11594
Corrosive,Object_09883
Food,Object_09351
Food,Object_14238
Pressurized,Object_06405
Explosive,Object_11167
Flammable,Object_14193
Explosive,Object_05094
Toxic,Object_13406
Oxidizing,Object_08105
Radioactive,Object_00303
Corrosive,Object_10416
Radioactive,Object_11846
Oxidizing,Object_00442
Toxic,Object_08896
Food,Object_09754
Pressurized,Object_13214
Pressurized,Object_12858
Unspecified,Object_06417
Pressurized,Object_08257
Food,Object_01202
Explosive,Object_12247
Oxidizing,Object_07058
Pressurized,Object_05353
Food,Object_13452
Unspecified,Object_15482
Radioactive,Object_00523
Oxidizing,Object_08047
Oxidizing,Object_10663
Fragile,Object_15555
Fragile,Object_15202
Oxidizing,Object_02110
Food,Object_11786
Unspecified,Object_07220
Corrosive,Object_14965
Corrosive,Object_05733
Explosive,Object_06742
Food,Object_13054
Fragile,Object_03999
Food,Object_15059
Pressurized,Object_13837
Corrosive,Object_03043
Radioactive,Object_01925
Fragile,Object_12419
Unspecified,Object_09531
Corrosive,Object_14454
Corrosive,Object_01079
Toxic,Object_11217
Pressurized,Object_00495
Fragile,Object_11927
Food,Object_00064
Oxidizing,Object_01860
Food,Object_11947
Oxidizing,Object_05816
Oxidizing,Object_15247
Corrosive,Object_12169
Explosive,Object_07270
Corrosive,Object_12131
Radioactive,Object_11644
Pressurized,Object_15686
Oxidizing,Object_01725
Radioactive,Object_13416
Pressurized,Object_16216
Pressurized,Object_05473
Flammable,Object_10928
Toxic,Object_01400
Oxidizing,Object_05382
Fragile,Object_15304
Food,Object_15077
Unspecified,Object_00566
Unspecified,Object_14182
Food,Object_11987
Pressurized,Object_07901
Corrosive,Object_04715
Corrosive,Object_04910
Explosive,Object_01004
Explosive,Object_02203
Fragile,Object_00514
Corrosive,Object_09174
Unspecified,Object_12427
Corrosive,Object_13358
Fragile,Object_03221
Radioactive,Object_11341
Pressurized,Object_12314
Toxic,Object_08600
Explosive,Object_01984
Corrosive,Object_06992
Corrosive,Object_11513
Unspecified,Object_05349
Radioactive,Object_04071
Flammable,Object_05513
Fragile,Object_11454
Toxic,Object_08832
Pressurized,Object_03287
Radioactive,Object_14122
Explosive,Object_10161
Fragile,Object_09058
Flammable,Object_15234
Radioactive,Object_14360
Explosive,Object_06490
Explosive,Object_13274
Unspecified,Object_01290
Unspecified,Object_07949
Oxidizing,Object_15256
Flammable,Object_01483
Food,Object_08851
Flammable,Object_00996
Toxic,Object_01347
Oxidizing,Object_14298
Corrosive,Object_14003
Toxic,Object_08467
Pressurized,Object_07050
Pressurized,Object_08904
Explosive,Object_16279
Explosive,Object_06775
Pressurized,Object_04692
Corrosive,Object_14010
Pressurized,Object_09980
Fragile,Object_08294
Food,Object_12378
Oxidizing,Object_09593
Flammable,Object_05750
Explosive,Object_07760
Oxidizing,Object_10041
Unspecified,Object_10990
Pressurized,Object_07013
Pressurized,Object_14631
Flammable,Object_05742
Unspecified,Object_15486
Explosive,Object_12455
Radioactive,Object_16241
Radioactive,Object_13576
Corrosive,Object_10807
Toxic,Object_03521
Toxic,Object_00317
Radioactive,Object_03567
Flammable,Object_13981
Oxidizing,Object_15369
Pressurized,Object_05475
Toxic,Object_09804
Fragile,Object_02975
Radioactive,Object_06906
Flammable,Object_06107
Oxidizing,Object_02387
Pressurized,Object_05975
Toxic,Object_00881
Pressurized,Object_01410
Food,Object_02920
Corrosive,Object_08324
Oxidizing,Object_14585
Explosive,Object_02082
Oxidizing,Object_08643
Toxic,Object_04705
Fragile,Object_13227
Toxic,Object_02093
Unspecified,Object_01283
Flammable,Object_15239
Flammable,Object_14602
Unspecified,Object_02495
Flammable,Object_05003
Toxic,Object_04293
Oxidizing,Object_10281
Flammable,Object_04770
Fragile,Object_01192
Toxic,Object_12942
Flammable,Object_01509
Corrosive,Object_13236
Toxic,Object_11010
Pressurized,Object_12509
Unspecified,Object_09621
Oxidizing,Object_10290
Toxic,Object_04297
Food,Object_16367
Flammable,Object_10836
Oxidizing,Object_01373
Explosive,Object_10896
Pressurized,Object_14415
Food,Object_02487
Pressurized,Object_07337
Toxic,Object_09556
Toxic,Object_00587
Radioactive,Object_06609
Oxidizing,Object_10662
Corrosive,Object_02630
Explosive,Object_12703
Toxic,Object_09948
Unspecified,Object_02790
Pressurized,Object_01522
Corrosive,Object_14073
Explosive,Object_10940
Unspecified,Object_06062
Food,Object_12051
Flammable,Object_03363
Toxic,Object_07929
Food,Object_00464
Flammable,Object_06985
Explosive,Object_03933
Food,Object_13369
Food,Object_03483
Radioactive,Object_14860
Toxic,Object_07811
Toxic,Object_16131
Unspecified,Object_00184
Toxic,Object_11316
Flammable,Object_09926
Radioactive,Object_04341
Radioactive,Object_14678
Pressurized,Object_15826
Corrosive,Object_01055
Oxidizing,Object_08849
Radioactive,Object_04612
Oxidizing,Object_10284
Explosive,Object_00934
Explosive,Object_09475
Corrosive,Object_05735
Toxic,Object_07324
Food,Object_01300
Pressurized,Object_02376
Fragile,Object_03548
Pressurized,Object_02076
Unspecified,Object_02804
Explosive,Object_00755
Radioactive,Object_13774
Corrosive,Object_02682
Pressurized,Object_07561
Radioactive,Object_10461
Unspecified,Object_08005
Unspecified,Object_12421
Explosive,Object_02532
Radioactive,Object_10505
Pressurized,Object_11584
Toxic,Object_04300
Explosive,Object_09897
Fragile,Object_07032
Fragile,Object_09052
Food,Object_13456
Food,Object_01132
Food,Object_04425
Corrosive,Object_04569
Fragile,Object_10182
Flammable,Object_00737
Radioactive,Object_07615
Corrosive,Object_13350
Unspecified,Object_04352
Radioactive,Object_06846
Fragile,Object_07313
Oxidizing,Object_05182
Flammable,Object_00326
Explosive,Object_14932
Fragile,Object_13802
Oxidizing,Object_01674
Pressurized,Object_09482
Food,Object_16369
Flammable,Object_02613
Explosive,Object_07749
Fragile,Object_01470
Radioactive,Object_15425
Food,Object_01911
Explosive,Object_00037
Fragile,Object_05166
Pressurized,Object_09123
Explosive,Object_06478
Flammable,Object_04070
Toxic,Object_06702
Explosive,Object_12710
Unspecified,Object_06916
Pressurized,Object_13700
Oxidizing,Object_02707
Radioactive,Object_13510
Corrosive,Object_05862
Flammable,Object_15841
Explosive,Object_08734
Oxidizing,Object_05453
Toxic,Object_03161
Explosive,Object_14066
Oxidizing,Object_06234
Radioactive,Object_05442
Pressurized,Object_01027
Oxidizing,Object_02701
Oxidizing,Object_09837
Corrosive,Object_12209
Fragile,Object_05896
Toxic,Object_03651
Unspecified,Object_12687
Explosive,Object_15110
Flammable,Object_16062
Food,Object_08713
Flammable,Object_09269
Toxic,Object_16001
Explosive,Object_16272
Pressurized,Object_14977
Food,Object_00351
Oxidizing,Object_01124
Explosive,Object_11359
Toxic,Object_05610
Unspecified,Object_01150
Fragile,Object_15551
Explosive,Object_11355
Pressurized,Object_10117
Flammable,Object_10772
Radioactive,Object_07101
Corrosive,Object_06048
Unspecified,Object_09096
Fragile,Object_04394
Pressurized,Object_05414
Toxic,Object_08358
Explosive,Object_12906
Oxidizing,Object_15798
Explosive,Object_02346
Flammable,Object_05516
Corrosive,Object_05968
Radioactive,Object_05791
Corrosive,Object_08975
Flammable,Object_11687
Pressurized,Object_12891
Corrosive,Object_14269
Corrosive,Object_02267
Food,Object_05062
Flammable,Object_03712
Explosive,Object_00234
Radioactive,Object_03082
Fragile,Object_06184
Corrosive,Object_09405
Corrosive,Object_10138
Flammable,Object_03795
Food,Object_11739
Explosive,Object_07262
Toxic,Object_14423
Explosive,Object_05843
Explosive,Object_07368
Unspecified,Object_00113
Fragile,Object_10915
Flammable,Object_13914
Radioactive,Object_10716
Radioactive,Object_15731
Pressurized,Object_04858
Unspecified,Object_09467
Explosive,Object_05147
Pressurized,Object_11910
Oxidizing,Object_08049
Pressurized,Object_13530
Corrosive,Object_00107
Pressurized,Object_01425
Food,Object_12055
Food,Object_15225
Pressurized,Object_05360
Unspecified,Object_12431
Radioactive,Object_06322
Radioactive,Object_11058
Explosive,Object_14067
Food,Object_12493
Unspecified,Object_08603
Fragile,Object_08161
Corrosive,Object_14776
Fragile,Object_10189
Unspecified,Object_14841
Unspecified,Object_00182
Corrosive,Object_10266
Unspecified,Object_01576
Pressurized,Object_09674
Radioactive,Object_13608
Fragile,Object_09054
Unspecified,Object_12228
Oxidizing,Object_14300
Pressurized,Object_03501
Flammable,Object_12084
Oxidizing,Object_00245
Unspecified,Object_06420
Pressurized,Object_03389
Unspecified,Object_09991
Toxic,Object_04292
Oxidizing,Object_07065
Pressurized,Object_10111
Flammable,Object_01108
Pressurized,Object_09913
Pressurized,Object_15816
Pressurized,Object_05579
Corrosive,Object_04563
Corrosive,Object_14628
Food,Object_12819
Radioactive,Object_06325
Fragile,Object_15401
Fragile,Object_09910
Toxic,Object_09987
Unspecified,Object_04059
Food,Object_05375
Toxic,Object_00582
Fragile,Object_03228
Radioactive,Object_03344
Flammable,Object_12648
Explosive,Object_10595
Unspecified,Object_10395
Pressurized,Object_03974
Explosive,Object_07159
Food,Object_03039
Oxidizing,Object_05582
Food,Object_03781
Fragile,Object_11279
Flammable,Object_08761
Unspecified,Object_00562
Fragile,Object_03834
Unspecified,Object_12440
Explosive,Object_08236
Oxidizing,Object_07457
Flammable,Object_02548
Pressurized,Object_02890
Toxic,Object_08385
Unspecified,Object_10985
Corrosive,Object_00222
Pressurized,Object_08906
Food,Object_02063
Fragile,Object_07810
Fragile,Object_14467
Pressurized,Object_01307
Oxidizing,Object_12105
Fragile,Object_02158
Oxidizing,Object_12890
Oxidizing,Object_14733
Food,Object_14045
Unspecified,Object_05840
Toxic,Object_03702
Food,Object_03196
Unspecified,Object_04149
Fragile,Object_01240
Explosive,Object_14445
Oxidizing,Object_07402
Explosive,Object_04215
Fragile,Object_06630
Pressurized,Object_07331
Pressurized,Object_15061
Unspecified,Object_03012
Radioactive,Object_05931
Explosive,Object_10615
Oxidizing,Object_05403
Toxic,Object_05083
Pressurized,Object_01025
Food,Object_09757
Explosive,Object_05596
Fragile,Object_08995
Toxic,Object_00502
Toxic,Object_09560
Corrosive,Object_11179
Unspecified,Object_01630
Food,Object_02483
Corrosive,Object_09311
Fragile,Object_13079
Explosive,Object_01001
Radioactive,Object_14141
Oxidizing,Object_02468
Flammable,Object_05720
Flammable,Object_06989
Pressurized,Object_10078
Oxidizing,Object_08937
Pressurized,Object_12129
Pressurized,Object_15096
Unspecified,Object_11235
Oxidizing,Object_09826
Toxic,Object_06031
Fragile,Object_11373
Fragile,Object_08682
Pressurized,Object_01024
Unspecified,Object_07347
Explosive,Object_03577
Food,Object_00062
Radioactive,Object_04937
Unspecified,Object_04867
Radioactive,Object_02327
Oxidizing,Object_10670
Pressurized,Object_08903
Food,Object_07121
Radioactive,Object_15040
Pressurized,Object_12624
Corrosive,Object_07399
Unspecified,Object_12921
Fragile,Object_14214
Flammable,Object_02411
Food,Object_09934
Oxidizing,Object_12882
Oxidizing,Object_05402
Flammable,Object_09575
Corrosive,Object_01789
Radioactive,Object_05938
Flammable,Object_07733
Radioactive,Object_15129
Radioactive,Object_13577
Radioactive,Object_06602
Fragile,Object_06827
Pressurized,Object_16387
Unspecified,Object_08550
Oxidizing,Object_05590
Unspecified,Object_08008
Unspecified,Object_04870
Flammable,Object_15134
Pressurized,Object_01761
Toxic,Object_11079
Oxidizing,Object_11955
Oxidizing,Object_11629
Toxic,Object_14319
Food,Object_01586
Pressurized,Object_00214
Flammable,Object_10922
Oxidizing,Object_15809
Unspecified,Object_11758
Pressurized,Object_15684
Unspecified,Object_02801
Unspecified,Object_12683
Oxidizing,Object_15678
Pressurized,Object_05806
Oxidizing,Object_15589
Unspecified,Object_03761
Toxic,Object_15516
Explosive,Object_07120
Fragile,Object_12862
Corrosive,Object_14838
Toxic,Object_11251
Flammable,Object_12678
Food,Object_14172
Explosive,Object_00933
Toxic,Object_03590
Food,Object_08159
Unspecified,Object_12585
Explosive,Object_11866
Corrosive,Object_13825
Corrosive,Object_10252
Fragile,Object_08208
Food,Object_12294
Radioactive,Object_00923
Toxic,Object_09986
Corrosive,Object_05293
Food,Object_13043
Explosive,Object_05597
Toxic,Object_15874
Explosive,Object_12454
Fragile,Object_10477
Radioactive,Object_03928
Explosive,Object_01962
Corrosive,Object_14370
Flammable,Object_06655
Explosive,Object_00331
Unspecified,Object_12769
Toxic,Object_07310
Food,Object_14904
Flammable,Object_01705
Oxidizing,Object_15714
Radioactive,Object_12447
Explosive,Object_05552
Food,Object_13743
Food,Object_12815
Oxidizing,Object_08058
Food,Object_12045
Oxidizing,Object_04153
Toxic,Object_03705
Unspecified,Object_02310
Fragile,Object_14217
Pressurized,Object_13524
Food,Object_13044
Flammable,Object_05703
Fragile,Object_00256
Pressurized,Object_03598
Explosive,Object_12458
Toxic,Object_08671
Radioactive,Object_10713
Fragile,Object_03006
Food,Object_05372
Fragile,Object_06135
Food,Object_08651
Corrosive,Object_03987
Food,Object_08521
Food,Object_04678
Toxic,Object_07303
Oxidizing,Object_12264
Toxic,Object_07132
Corrosive,Object_05482
Explosive,Object_05142
Unspecified,Object_01385
Unspecified,Object_06693
Toxic,Object_06361
Fragile,Object_14790
Food,Object_15947
Fragile,Object_12919
Flammable,Object_06128
Pressurized,Object_00455
Explosive,Object_12540
Explosive,Object_04016
Fragile,Object_11292
Toxic,Object_09990
Food,Object_10642
Pressurized,Object_11018
Pressurized,Object_01279
Radioactive,Object_14356
Oxidizing,Object_10665
Fragile,Object_10887
Food,Object_03495
Toxic,Object_00989
Corrosive,Object_13162
Radioactive,Object_15323
Fragile,Object_07789
Food,Object_08120
Corrosive,Object_11140
Radioactive,Object_04461
Explosive,Object_03574
Toxic,Object_06038
Pressurized,Object_15063
Pressurized,Object_07792
Unspecified,Object_15615
Fragile,Object_12573
Toxic,Object_03393
Toxic,Object_11813
Radioactive,Object_05661
Toxic,Object_11618
Radioactive,Object_12309
Radioactive,Object_15958
Food,Object_02215
Oxidizing,Object_02464
Oxidizing,Object_12883
Toxic,Object_16135
Flammable,Object_16338
Oxidizing,Object_06387
Fragile,Object_00414
Corrosive,Object_01222
Toxic,Object_11211
Unspecified,Object_03205
Food,Object_13012
Pressurized,Object_04491
Food,Object_02332
Pressurized,Object_05688
Corrosive,Object_08555
Explosive,Object_12702
Fragile,Object_14398
Fragile,Object_14286
Pressurized,Object_12080
Unspecified,Object_15929
Food,Object_15443
Unspecified,Object_00565
Explosive,Object_12274
Unspecified,Object_02289
Oxidizing,Object_06301
Fragile,Object_09637
Pressurized,Object_09700
Unspecified,Object_04863
Corrosive,Object_14592
Oxidizing,Object_12988
Radioactive,Object_04641
Food,Object_02337
Corrosive,Object_15981
Toxic,Object_12024
Pressurized,Object_08912
Food,Object_02033
Oxidizing,Object_15676
Toxic,Object_11761
Flammable,Object_13425
Unspecified,Object_06470
Food,Object_10499
Oxidizing,Object_11871
Explosive,Object_00760
Toxic,Object_14815
Corrosive,Object_00295
Explosive,Object_07263
Explosive,Object_05841
Fragile,Object_12571
Oxidizing,Object_01672
Food,Object_10432
Food,Object_04631
Toxic,Object_00022
Fragile,Object_03996
Radioactive,Object_13395
Radioactive,Object_03318
Unspecified,Object_10565
Pressurized,Object_13211
Radioactive,Object_00395
Oxidizing,Object_08927
Food,Object_05017
Fragile,Object_00100
Corrosive,Object_06073
Radioactive,Object_15503
Corrosive,Object_00788
Fragile,Object_03236
Oxidizing,Object_15283
Oxidizing,Object_02165
Radioactive,Object_07619
Flammable,Object_06540
Flammable,Object_00664
Oxidizing,Object_11109
Radioactive,Object_04644
Toxic,Object_07645
Flammable,Object_01172
Unspecified,Object_02781
Unspecified,Object_06497
Toxic,Object_09585
Oxidizing,Object_10996
Pressurized,Object_11583
Corrosive,Object_13488
Oxidizing,Object_02280
Explosive,Object_02351
Oxidizing,Object_08841
Explosive,Object_00546
Food,Object_06449
Corrosive,Object_13288
Food,Object_08474
Corrosive,Object_04849
Toxic,Object_01316
Toxic,Object_03891
Explosive,Object_03948
Toxic,Object_11634
Toxic,Object_03444
Pressurized,Object_08727
Unspecified,Object_08086
Fragile,Object_10812
Fragile,Object_09084
Toxic,Object_11311
Explosive,Object_14449
Pressurized,Object_03072
Corrosive,Object_08138
Explosive,Object_00154
Corrosive,Object_13386
Explosive,Object_05079
Pressurized,Object_14056
Explosive,Object_04242
Explosive,Object_04174
Toxic,Object_06262
Oxidizing,Object_05386
Fragile,Object_08817
Unspecified,Object_01574
Fragile,Object_12868
Explosive,Object_02983
Food,Object_05770
Pressurized,Object_07352
Unspecified,Object_09333
Fragile,Object_11379
Food,Object_04364
Flammable,Object_10771
Pressurized,Object_15093
Radioactive,Object_11643
Radioactive,Object_10337
Corrosive,Object_14807
Toxic,Object_13924
Oxidizing,Object_13332
Toxic,Object_05640
Flammable,Object_05397
Unspecified,Object_13965
Oxidizing,Object_14740
Food,Object_06790
Radioactive,Object_04196
Explosive,Object_02725
Radioactive,Object_00396
Oxidizing,Object_00950
Food,Object_05764
Fragile,Object_03002
Toxic,Object_08880
Unspecified,Object_12224
Unspecified,Object_00185
Oxidizing,Object_15471
Oxidizing,Object_08333
Unspecified,Object_07944
Food,Object_02530
Pressurized,Object_13269
Oxidizing,Object_13208
Explosive,Object_08492
Food,Object_13053
Radioactive,Object_04643
Radioactive,Object_01328
Pressurized,Object_06141
Flammable,Object_13426
Food,Object_05014
Toxic,Object_07482
Food,Object_15444
Oxidizing,Object_03177
Pressurized,Object_09419
Food,Object_11033
Flammable,Object_02903
Unspecified,Object_11288
Radioactive,Object_10756
Corrosive,Object_09457
Pressurized,Object_15604
Flammable,Object_10426
Unspecified,Object_15774
Food,Object_14176
Fragile,Object_03998
Pressurized,Object_09490
Pressurized,Object_03753
Unspecified,Object_00280
Explosive,Object_01614
Pressurized,Object_04498
Explosive,Object_16313
Pressurized,Object_02697
Unspecified,Object_11265
Oxidizing,Object_03216
Oxidizing,Object_04160
Flammable,Object_06613
Corrosive,Object_04475
Toxic,Object_04549
Corrosive,Object_15886
Food,Object_01883
Pressurized,Object_13831
Unspecified,Object_02307
Corrosive,Object_13354
Toxic,Object_11252
Toxic,Object_01442
Flammable,Object_10053
Fragile,Object_10574
Flammable,Object_06539
Unspecified,Object_12928
Fragile,Object_15547
Explosive,Object_10165
Oxidizing,Object_15585
Food,Object_02893
Flammable,Object_03697
Pressurized,Object_01429
Radioactive,Object_00864
Unspecified,Object_12980
Toxic,Object_03527
Oxidizing,Object_06973
Corrosive,Object_15883
Toxic,Object_15457
Oxidizing,Object_00649
Explosive,Object_00038
Oxidizing,Object_08041
Radioactive,Object_12112
Corrosive,Object_12789
Unspecified,Object_11289
Food,Object_14379
Pressurized,Object_08916
Unspecified,Object_07462
Pressurized,Object_01453
Oxidizing,Object_06543
Radioactive,Object_14671
Corrosive,Object_11750
Pressurized,Object_11577
Toxic,Object_11120
Pressurized,Object_09691
Unspecified,Object_12012
Toxic,Object_09810
Corrosive,Object_02643
Food,Object_00140
Corrosive,Object_09881
Pressurized,Object_02378
Explosive,Object_00046
Radioactive,Object_05059
Oxidizing,Object_06118
Flammable,Object_13713
Oxidizing,Object_01873
Explosive,Object_04245
Unspecified,Object_00115
Toxic,Object_11762
Flammable,Object_10059
Fragile,Object_14391
Flammable,Object_01708
Oxidizing,Object_08586
Unspecified,Object_08414
Pressurized,Object_04587
Explosive,Object_04229
Pressurized,Object_05474
Radioactive,Object_07542
Oxidizing,Object_07456
Pressurized,Object_04590
Radioactive,Object_07548
Pressurized,Object_13839
Pressurized,Object_11555
Explosive,Object_06001
Radioactive,Object_00410
Oxidizing,Object_07150
Corrosive,Object_05196
Corrosive,Object_01188
Flammable,Object_15849
Corrosive,Object_11836
Explosive,Object_15106
Flammable,Object_16022
Flammable,Object_10680
Food,Object_13582
Flammable,Object_11549
Oxidizing,Object_15252
Explosive,Object_06008
Explosive,Object_04894
Corrosive,Object_03050
Toxic,Object_03353
Toxic,Object_00581
Corrosive,Object_10634
Food,Object_00089
Radioactive,Object_06083
Corrosive,Object_13383
Pressurized,Object_14664
Flammable,Object_12156
Food,Object_14910
Fragile,Object_15279
Explosive,Object_05594
Pressurized,Object_04331
Toxic,Object_07091
Oxidizing,Object_10903
Radioactive,Object_13610
Fragile,Object_01067
Corrosive,Object_02240
Fragile,Object_05875
Toxic,Object_03448
Oxidizing,Object_08646
Food,Object_06885
Fragile,Object_08579
Oxidizing,Object_08930
Explosive,Object_16307
Explosive,Object_11325
Corrosive,Object_13351
Explosive,Object_09844
Oxidizing,Object_04997
Explosive,Object_11933
Fragile,Object_12529
Fragile,Object_08300
Food,Object_06445
Toxic,Object_08638
Food,Object_07478
Fragile,Object_01941
Radioactive,Object_07624
Corrosive,Object_05868
Pressurized,Object_01013
Unspecified,Object_15921
Pressurized,Object_02130
Unspecified,Object_09533
Oxidizing,Object_03605
Corrosive,Object_04792
Pressurized,Object_06892
Fragile,Object_11922
Unspecified,Object_00276
Flammable,Object_12615
Food,Object_16048
Unspecified,Object_02818
Corrosive,Object_15894
Food,Object_12813
Pressurized,Object_04495
Toxic,Object_00027
Oxidizing,Object_15374
Explosive,Object_15186
Explosive,Object_06575
Fragile,Object_15840
Oxidizing,Object_02465
Pressurized,Object_07568
Unspecified,Object_06198
Flammable,Object_05749
Unspecified,Object_04058
Flammable,Object_11607
Food,Object_12372
Unspecified,Object_00435
Fragile,Object_15406
Oxidizing,Object_07442
Food,Object_05012
Pressurized,Object_15756
Flammable,Object_08199
Oxidizing,Object_04970
Fragile,Object_06801
Corrosive,Object_00877
Explosive,Object_14061
Toxic,Object_10733
Toxic,Object_05944
Radioactive,Object_12551
Food,Object_03771
Corrosive,Object_14916
Oxidizing,Object_14884
Oxidizing,Object_14299
Food,Object_15156
Corrosive,Object_15888
Explosive,Object_12364
Pressurized,Object_09673
Fragile,Object_01043
Food,Object_11408
Explosive,Object_01988
Pressurized,Object_02478
Food,Object_01152
Pressurized,Object_09563
Unspecified,Object_07463
Pressurized,Object_00217
Corrosive,Object_00227
Food,Object_03779
Food,Object_08230
Toxic,Object_03445
Flammable,Object_15131
Pressurized,Object_03504
Corrosive,Object_14804
Radioactive,Object_14109
Pressurized,Object_10373
Oxidizing,Object_05410
Fragile,Object_07535
Toxic,Object_07526
Pressurized,Object_13552
Oxidizing,Object_06054
Unspecified,Object_11290
Oxidizing,Object_15794
Explosive,Object_13273
Food,Object_03778
Radioactive,Object_15330
Flammable,Object_10677
Unspecified,Object_02499
Food,Object_14905
Oxidizing,Object_04159
Pressurized,Object_03411
Corrosive,Object_10412
Radioactive,Object_13776
Corrosive,Object_13611
Oxidizing,Object_07763
Toxic,Object_04689
Flammable,Object_04769
Flammable,Object_01420
Toxic,Object_14533
Corrosive,Object_14913
Flammable,Object_11995
Food,Object_10497
Pressurized,Object_03270
Pressurized,Object_05977
Oxidizing,Object_11435
Food,Object_02038
Toxic,Object_04835
Oxidizing,Object_04947
Explosive,Object_05100
Radioactive,Object_16283
Explosive,Object_07694
Flammable,Object_00662
Oxidizing,Object_09778
Explosive,Object_01612
Flammable,Object_15214
Food,Object_02218
Toxic,Object_00705
Pressurized,Object_01271
Flammable,Object_04113
Fragile,Object_12574
Food,Object_15445
Flammable,Object_10274
Radioactive,Object_02060
Toxic,Object_08462
Food,Object_00006
Unspecified,Object_04555
Toxic,Object_03526
Corrosive,Object_04621
Oxidizing,Object_06544
Toxic,Object_04280
Corrosive,Object_04329
Unspecified,Object_05831
Corrosive,Object_06095
Corrosive,Object_01781
Explosive,Object_00336
Radioactive,Object_10240
Corrosive,Object_06953
Corrosive,Object_14622
Corrosive,Object_06212
Explosive,Object_02362
Corrosive,Object_03989
Food,Object_02488
Corrosive,Object_13594
Food,Object_14174
Toxic,Object_05568
Radioactive,Object_03821
Food,Object_01206
Corrosive,Object_12168
Food,Object_00069
Pressurized,Object_08258
Pressurized,Object_06406
Food,Object_08717
Fragile,Object_10575
Oxidizing,Object_05156
Oxidizing,Object_12039
Unspecified,Object_02813
Toxic,Object_13896
Toxic,Object_07138
Explosive,Object_02534
Radioactive,Object_12445
Pressurized,Object_03419
Fragile,Object_13645
Explosive,Object_09724
Pressurized,Object_02858
Unspecified,Object_12422
Fragile,Object_12200
Oxidizing,Object_13723
Pressurized,Object_04859
Unspecified,Object_12669
Unspecified,Object_14434
Flammable,Object_10307
Toxic,Object_08029
Corrosive,Object_14076
Explosive,Object_02945
Toxic,Object_03529
Fragile,Object_09041
Fragile,Object_12911
Flammable,Object_05747
Flammable,Object_14209
Explosive,Object_08611
Toxic,Object_07666
Food,Object_13449
Explosive,Object_06473
Flammable,Object_09877
Flammable,Object_16325
Radioactive,Object_00924
Radioactive,Object_03968
Explosive,Object_04243
Flammable,Object_08182
Food,Object_13784
Flammable,Object_10051
Food,Object_14825
Flammable,Object_15164
Explosive,Object_02985
Pressurized,Object_02077
Fragile,Object_05437
Oxidizing,Object_10906
Fragile,Object_10022
Radioactive,Object_12283
Food,Object_10657
Corrosive,Object_07396
Toxic,Object_07022
Explosive,Object_00820
Toxic,Object_12356
Pressurized,Object_08320
Corrosive,Object_04562
Food,Object_11946
Oxidizing,Object_09742
Fragile,Object_04917
Explosive,Object_00143
Fragile,Object_14469
Food,Object_00897
Oxidizing,Object_15348
Unspecified,Object_08961
Flammable,Object_04001
Radioactive,Object_15322
Oxidizing,Object_06052
Corrosive,Object_06041
Oxidizing,Object_07069
Oxidizing,Object_06974
Food,Object_10627
Food,Object_10653
Pressurized,Object_01455
Fragile,Object_00171
Radioactive,Object_11648
Corrosive,Object_14081
Unspecified,Object_03888
Radioactive,Object_11563
Pressurized,Object_10798
Fragile,Object_12192
Fragile,Object_08399
Unspecified,Object_01535
Flammable,Object_01366
Explosive,Object_09721
Explosive,Object_02582
Unspecified,Object_11264
Food,Object_06788
Radioactive,Object_13950
Radioactive,Object_03906
Explosive,Object_05097
Radioactive,Object_15851
Oxidizing,Object_00773
Fragile,Object_13073
Radioactive,Object_04310
Oxidizing,Object_10141
Radioactive,Object_12323
Toxic,Object_14422
Toxic,Object_13652
Explosive,Object_09477
Toxic,Object_09010
Corrosive,Object_02198
Pressurized,Object_01802
Explosive,Object_11539
Pressurized,Object_04581
Corrosive,Object_07597
Toxic,Object_10608
Oxidizing,Object_01856
Fragile,Object_09167
Corrosive,Object_13829
Corrosive,Object_14806
Corrosive,Object_13233
Oxidizing,Object_02181
Corrosive,Object_00293
Unspecified,Object_04353
Pressurized,Object_07355
Oxidizing,Object_13022
Explosive,Object_10939
Explosive,Object_10937
Toxic,Object_09379
Food,Object_06377
Explosive,Object_03552
Food,Object_08439
Food,Object_10641
Pressurized,Object_04339
Radioactive,Object_09495
Toxic,Object_07844
Pressurized,Object_09977
Oxidizing,Object_07408
Corrosive,Object_10529
Food,Object_01589
Flammable,Object_03462
Toxic,Object_03134
Toxic,Object_14501
Food,Object_12177
Corrosive,Object_13282
Toxic,Object_11317
Fragile,Object_06570
Unspecified,Object_00436
Food,Object_09756
Explosive,Object_04161
Fragile,Object_11184
Corrosive,Object_04790
Food,Object_07821
Fragile,Object_01234
Explosive,Object_12517
Unspecified,Object_13970
Flammable,Object_12469
Corrosive,Object_07199
Fragile,Object_11062
Flammable,Object_12680
Flammable,Object_10679
Flammable,Object_13512
Radioactive,Object_04350
Toxic,Object_04888
Explosive,Object_00235
Corrosive,Object_09710
Unspecified,Object_01533
Unspecified,Object_09427
Food,Object_00136
Flammable,Object_06248
Oxidizing,Object_08924
Explosive,Object_08449
Food,Object_03777
Food,Object_01207
Unspecified,Object_00837
Corrosive,Object_13314
Toxic,Object_01346
Corrosive,Object_10486
Pressurized,Object_07604
Unspecified,Object_00563
Toxic,Object_04407
Radioactive,Object_06282
Food,Object_01664
Fragile,Object_05431
Explosive,Object_13271
Corrosive,Object_06352
Oxidizing,Object_05506
Radioactive,Object_11349
Food,Object_08157
Fragile,Object_15920
Food,Object_06889
Toxic,Object_01262
Oxidizing,Object_15258
Corrosive,Object_02555
Fragile,Object_06182
Explosive,Object_04211
Pressurized,Object_13561
Flammable,Object_01710
Unspecified,Object_02789
Unspecified,Object_00857
Corrosive,Object_14008
Pressurized,Object_11713
Radioactive,Object_16076
Fragile,Object_03836
Corrosive,Object_13002
Fragile,Object_08278
Oxidizing,Object_09852
Pressurized,Object_00494
Unspecified,Object_04052
Radioactive,Object_07206
Food,Object_08153
Unspecified,Object_04577
Explosive,Object_14645
Corrosive,Object_04566
Radioactive,Object_00679
Toxic,Object_02427
Food,Object_13473
Explosive,Object_13817
Corrosive,Object_05246
Unspecified,Object_13961
Toxic,Object_13799
Food,Object_09736
Explosive,Object_04015
Unspecified,Object_03916
Fragile,Object_13229
Corrosive,Object_04323
Toxic,Object_05030
Oxidizing,Object_08334
Unspecified,Object_03661
Corrosive,Object_10764
Corrosive,Object_16095
Fragile,Object_15663
Unspecified,Object_07469
Fragile,Object_08206
Toxic,Object_07136
Unspecified,Object_05139
Toxic,Object_01396
Radioactive,Object_05058
Corrosive,Object_11133
Oxidizing,Object_07147
Oxidizing,Object_08142
Toxic,Object_06269
Flammable,Object_14118
Oxidizing,Object_13439
Corrosive,Object_07078
Corrosive,Object_10767
Pressurized,Object_02128
Fragile,Object_11377
Radioactive,Object_09273
Pressurized,Object_05983
Oxidizing,Object_07432
Flammable,Object_08769
Pressurized,Object_10311
Pressurized,Object_12128
Oxidizing,Object_10049
Oxidizing,Object_09204
Corrosive,Object_02645
Unspecified,Object_12927
Food,Object_01137
Explosive,Object_05366
Toxic,Object_08383
Corrosive,Object_09455
Explosive,Object_07111
Food,Object_13094
Corrosive,Object_04565
Corrosive,Object_08374
Flammable,Object_09573
Toxic,Object_04885
Radioactive,Object_05678
Pressurized,Object_08914
Food,Object_00386
Food,Object_07690
Oxidizing,Object_10070
Food,Object_06374
Fragile,Object_08393
Explosive,Object_10938
Corrosive,Object_08322
Toxic,Object_14547
Oxidizing,Object_08868
Fragile,Object_08409
Oxidizing,Object_00780
Toxic,Object_04881
Flammable,Object_05315
Flammable,Object_15844
Explosive,Object_05107
Pressurized,Object_13865
Oxidizing,Object_09300
Toxic,Object_16085
Radioactive,Object_00304
Flammable,Object_12565
Flammable,Object_13982
Unspecified,Object_14223
Food,Object_03783
Toxic,Object_06796
Corrosive,Object_11176
Food,Object_02336
Fragile,Object_00175
Food,Object_06676
Toxic,Object_03137
Toxic,Object_02678
Toxic,Object_10006
Toxic,Object_03710
Explosive,Object_12482
Flammable,Object_00977
Toxic,Object_11388
Toxic,Object_07139
Oxidizing,Object_16300
Corrosive,Object_10522
Corrosive,Object_10259
Food,Object_09354
Explosive,Object_01615
Pressurized,Object_15067
Fragile,Object_14281
Unspecified,Object_02604
Flammable,Object_12085
Flammable,Object_10422
Flammable,Object_10848
Fragile,Object_15542
Explosive,Object_00844
Food,Object_10346
Pressurized,Object_04320
Corrosive,Object_12167
Toxic,Object_09941
Food,Object_13099
Toxic,Object_10451
Fragile,Object_06764
Flammable,Object_05517
Food,Object_10434
Corrosive,Object_14795
Oxidizing,Object_09111
Radioactive,Object_12301
Unspecified,Object_02610
Corrosive,Object_13235
Explosive,Object_01002
Oxidizing,Object_02576
Food,Object_13471
Corrosive,Object_09286
Food,Object_09937
Pressurized,Object_01763
Pressurized,Object_15438
Flammable,Object_09930
Flammable,Object_15165
Unspecified,Object_13872
Radioactive,Object_13607
Pressurized,Object_15069
Explosive,Object_01474
Corrosive,Object_06861
Pressurized,Object_07357
Pressurized,Object_10317
Corrosive,Object_04783
Pressurized,Object_13558
Food,Object_12653
Toxic,Object_03358
Pressurized,Object_02074
Corrosive,Object_05866
Oxidizing,Object_12183
Oxidizing,Object_01371
Radioactive,Object_03682
Fragile,Object_15305
Radioactive,Object_12324
Fragile,Object_13549
Toxic,Object_11495
Flammable,Object_03517
Toxic,Object_03138
Corrosive,Object_10255
Radioactive,Object_12282
Food,Object_02226
Explosive,Object_15188
Food,Object_15450
Unspecified,Object_10703
Corrosive,Object_14460
Fragile,Object_06633
Corrosive,Object_01358
Corrosive,Object_02553
Flammable,Object_05262
Oxidizing,Object_12038
Pressurized,Object_16187
Radioactive,Object_11469
Toxic,Object_09583
Oxidizing,Object_08845
Fragile,Object_14761
Flammable,Object_13974
Radioactive,Object_14891
Oxidizing,Object_05620
Oxidizing,Object_15793
Toxic,Object_06595
Flammable,Object_02412
Explosive,Object_05145
Unspecified,Object_06498
Toxic,Object_13930
Explosive,Object_01633
Pressurized,Object_13523
Radioactive,Object_06843
Corrosive,Object_07073
Food,Object_12174
Explosive,Object_10180
Pressurized,Object_15610
Food,Object_01136
Flammable,Object_10052
Corrosive,Object_11244
Fragile,Object_01778
Oxidizing,Object_00941
Explosive,Object_02990
Corrosive,Object_12783
Food,Object_09194
Corrosive,Object_14270
Oxidizing,Object_13038
Oxidizing,Object_09118
Fragile,Object_05880
Oxidizing,Object_00243
Unspecified,Object_01580
Flammable,Object_00997
Food,Object_13466
Flammable,Object_13520
Toxic,Object_10002
Explosive,Object_00042
Toxic,Object_16137
Radioactive,Object_03965
Pressurized,Object_13220
Unspecified,Object_02809
Unspecified,Object_05138
Food,Object_12298
Pressurized,Object_12933
Pressurized,Object_09565
Explosive,Object_02448
Flammable,Object_07972
Toxic,Object_14536
Corrosive,Object_14970
Toxic,Object_09588
Pressurized,Object_03075
Pressurized,Object_03440
Fragile,Object_07314
Fragile,Object_05210
Toxic,Object_16082
Radioactive,Object_14553
Explosive,Object_12547
Radioactive,Object_15660
Flammable,Object_04023
Unspecified,Object_12583
Unspecified,Object_06831
Pressurized,Object_13765
Radioactive,Object_16248
Food,Object_09398
Toxic,Object_00634
Toxic,Object_11968
Fragile,Object_08824
Pressurized,Object_07338
Toxic,Object_05021
Unspecified,Object_04861
Radioactive,Object_13778
Explosive,Object_01006
Unspecified,Object_03762
Oxidizing,Object_09345
Explosive,Object_00848
Oxidizing,Object_07639
Flammable,Object_01178
Radioactive,Object_00680
Pressurized,Object_08311
Oxidizing,Object_05533
Toxic,Object_08676
Flammable,Object_12000
Flammable,Object_05311
Toxic,Object_04838
Toxic,Object_07667
Food,Object_15538
Toxic,Object_05541
Corrosive,Object_08265
Pressurized,Object_01529
Fragile,Object_06821
Flammable,Object_03717
Toxic,Object_13898
Radioactive,Object_07590
Fragile,Object_10917
Corrosive,Object_15573
Flammable,Object_05266
Radioactive,Object_12321
Food,Object_08472
Oxidizing,Object_13030
Fragile,Object_08274
Oxidizing,Object_12181
Unspecified,Object_09538
Radioactive,Object_15733
Corrosive,Object_08325
Corrosive,Object_09402
Flammable,Object_10672
Pressurized,Object_07017
Pressurized,Object_08724
Oxidizing,Object_03212
Explosive,Object_12485
Corrosive,Object_04131
Toxic,Object_07779
Explosive,Object_08698
Oxidizing,Object_13294
Flammable,Object_04766
Flammable,Object_08482
Explosive,Object_12705
Unspecified,Object_02607
Radioactive,Object_16164
Pressurized,Object_01424
Food,Object_03199
Radioactive,Object_13945
Unspecified,Object_12765
Oxidizing,Object_05389
Fragile,Object_03223
Fragile,Object_11300
Fragile,Object_06187
Fragile,Object_10038
Explosive,Object_01982
Pressurized,Object_16375
Explosive,Object_08308
Flammable,Object_05710
Corrosive,Object_14969
Unspecified,Object_02601
Oxidizing,Object_09741
Corrosive,Object_11243
Explosive,Object_12280
Unspecified,Object_09625
Unspecified,Object_00128
Pressurized,Object_04752
Flammable,Object_10425
Explosive,Object_06773
Explosive,Object_09722
Oxidizing,Object_15586
Pressurized,Object_16218
Corrosive,Object_10803
Corrosive,Object_05291
Radioactive,Object_16223
Unspecified,Object_15484
Unspecified,Object_05929
Explosive,Object_06578
Corrosive,Object_13311
Food,Object_03243
Pressurized,Object_03383
Pressurized,Object_03801
Food,Object_13441
Fragile,Object_06509
Oxidizing,Object_07437
Oxidizing,Object_09528
Explosive,Object_00938
Flammable,Object_14023
Oxidizing,Object_11437
Pressurized,Object_08901
Toxic,Object_01826
Toxic,Object_07023
Toxic,Object_03446
Unspecified,Object_08786
Pressurized,Object_14337
Food,Object_16128
Explosive,Object_10895
Corrosive,Object_13482
Radioactive,Object_04463
Flammable,Object_15193
Explosive,Object_00850
Pressurized,Object_06897
Corrosive,Object_11248
Unspecified,Object_06068
Unspecified,Object_00851
Corrosive,Object_11082
Explosive,Object_00813
Oxidizing,Object_06542
Corrosive,Object_14911
Food,Object_02335
Fragile,Object_06622
Food,Object_15747
Corrosive,Object_04447
Food,Object_01333
Oxidizing,Object_06550
Oxidizing,Object_09296
Explosive,Object_07267
Pressurized,Object_03510
Toxic,Object_12636
Toxic,Object_01441
Radioactive,Object_00929
Unspecified,Object_02752
Toxic,Object_07646
Food,Object_03489
Food,Object_05284
Pressurized,Object_13525
Oxidizing,Object_12832
Food,Object_09392
Oxidizing,Object_05185
Pressurized,Object_03736
Radioactive,Object_13396
Pressurized,Object_05980
Flammable,Object_05008
Corrosive,Object_13619
Food,Object_08243
Oxidizing,Object_14092
Toxic,Object_11006
Oxidizing,Object_09117
Food,Object_11787
Corrosive,Object_08379
Toxic,Object_11384
Oxidizing,Object_15803
Pressurized,Object_02852
Unspecified,Object_12961
Explosive,Object_05080
Radioactive,Object_08990
Explosive,Object_07152
Toxic,Object_03443
Pressurized,Object_05040
Corrosive,Object_06728
Corrosive,Object_00299
Radioactive,Object_09234
Toxic,Object_10018
Radioactive,Object_03681
Corrosive,Object_11980
Flammable,Object_03691
Explosive,Object_07383
Radioactive,Object_04266
Fragile,Object_02153
Fragile,Object_15409
Oxidizing,Object_12985
Fragile,Object_15267
Pressurized,Object_11579
Radioactive,Object_15935
Explosive,Object_11367
Fragile,Object_01233
Oxidizing,Object_11792
Corrosive,Object_02593
Toxic,Object_02653
Corrosive,Object_08886
Unspecified,Object_10293
Pressurized,Object_16396
Toxic,Object_13637
Radioactive,Object_07706
Pressurized,Object_12934
Fragile,Object_14215
Food,Object_04673
Fragile,Object_10181
Oxidizing,Object_09853
Toxic,Object_01317
Radioactive,Object_07275
Toxic,Object_03896
Explosive,Object_03946
Radioactive,Object_15737
Flammable,Object_16029
Fragile,Object_08287
Radioactive,Object_07581
Oxidizing,Object_02433
Unspecified,Object_02802
Flammable,Object_14111
Explosive,Object_00758
Fragile,Object_13180
Pressurized,Object_05419
Oxidizing,Object_10444
Toxic,Object_11077
Pressurized,Object_14412
Oxidizing,Object_07230
Toxic,Object_07024
Fragile,Object_12715
Fragile,Object_09504
Food,Object_05065
Pressurized,Object_09412
Toxic,Object_10979
Explosive,Object_05256
Oxidizing,Object_07253
Toxic,Object_12358
Toxic,Object_08220
Food,Object_02211
Corrosive,Object_08709
Fragile,Object_10918
Pressurized,Object_01733
Explosive,Object_12065
Toxic,Object_04879
Explosive,Object_10897
Toxic,Object_03524
Radioactive,Object_07612
Food,Object_12803
Explosive,Object_05751
Fragile,Object_11898
Pressurized,Object_07042
Oxidizing,Object_15281
Flammable,Object_01749
Toxic,Object_16008
Pressurized,Object_03850
Fragile,Object_09635
Radioactive,Object_04466
Explosive,Object_07153
Oxidizing,Object_03724
Unspecified,Object_14576
Explosive,Object_00937
Flammable,Object_06227
Pressurized,Object_11711
Corrosive,Object_03984
Oxidizing,Object_09133
Food,Object_14345
Food,Object_10656
Radioactive,Object_10106
Pressurized,Object_03290
Explosive,Object_01635
Food,Object_14683
Food,Object_03252
Fragile,Object_15550
Explosive,Object_01477
Fragile,Object_15913
Explosive,Object_10600
Pressurized,Object_03809
Flammable,Object_04384
Food,Object_08775
Unspecified,Object_03817
Radioactive,Object_10755
Flammable,Object_00766
Toxic,Object_07819
Radioactive,Object_03181
Explosive,Object_07381
Oxidizing,Object_08104
Corrosive,Object_06954
Pressurized,Object_05033
Radioactive,Object_11809
Toxic,Object_06662
Food,Object_13059
Fragile,Object_16020
Toxic,Object_01267
Unspecified,Object_08966
Pressurized,Object_04595
Food,Object_02006
Food,Object_00468
Oxidizing,Object_11145
Fragile,Object_02154
Radioactive,Object_03688
Flammable,Object_11609
Toxic,Object_09988
Radioactive,Object_00684
Fragile,Object_03062
Corrosive,Object_15885
Toxic,Object_08751
Unspecified,Object_10223
Toxic,Object_03612
Explosive,Object_12538
Explosive,Object_07742
Oxidizing,Object_07225
Food,Object_09716
Fragile,Object_02978
Food,Object_06646
Pressurized,Object_05685
Radioactive,Object_13757
Radioactive,Object_10749
Food,Object_01151
Food,Object_06813
Pressurized,Object_05476
Corrosive,Object_06340
Toxic,Object_05090
Food,Object_03775
Food,Object_10857
Unspecified,Object_10392
Unspecified,Object_06192
Pressurized,Object_15089
Fragile,Object_02977
Oxidizing,Object_06583
Toxic,Object_13631
Pressurized,Object_06852
Explosive,Object_13739
Unspecified,Object_15618
Pressurized,Object_09793
Oxidizing,Object_02570
Oxidizing,Object_03726
Corrosive,Object_08327
Food,Object_13096
Fragile,Object_05163
Explosive,Object_12451
Food,Object_15943
Radioactive,Object_13419
Fragile,Object_07087
Food,Object_05013
Corrosive,Object_13385
Oxidizing,Object_11878
Oxidizing,Object_01249
Pressurized,Object_05430
Corrosive,Object_13170
Corrosive,Object_10526
Toxic,Object_08021
Toxic,Object_14534
Flammable,Object_00328
Corrosive,Object_13000
Explosive,Object_07154
Oxidizing,Object_02383
Fragile,Object_08019
Corrosive,Object_01075
Unspecified,Object_03666
Oxidizing,Object_09746
Toxic,Object_12632
Unspecified,Object_06453
Explosive,Object_04230
Toxic,Object_04110
Toxic,Object_01320
Explosive,Object_09846
Food,Object_10437
Pressurized,Object_13150
Explosive,Object_08307
Unspecified,Object_12731
Pressurized,Object_05687
Oxidizing,Object_01242
Toxic,Object_05949
Corrosive,Object_06075
Pressurized,Object_10375
Pressurized,Object_12623
Food,Object_08854
Corrosive,Object_13237
Fragile,Object_04811
Fragile,Object_13548
Explosive,Object_05220
Flammable,Object_04114
Oxidizing,Object_10902
Fragile,Object_10816
Toxic,Object_05546
Flammable,Object_02715
Corrosive,Object_11702
Fragile,Object_01062
Pressurized,Object_09865
Corrosive,Object_14261
Oxidizing,Object_02577
Fragile,Object_12527
Fragile,Object_10576
Food,Object_14747
Oxidizing,Object_10283
Corrosive,Object_13614
Food,Object_07128
Oxidizing,Object_07436
Pressurized,Object_12317
Pressurized,Object_13864
Radioactive,Object_00394
Radioactive,Object_06290
Fragile,Object_13080
Radioactive,Object_04619
Pressurized,Object_11903
Corrosive,Object_04627
Flammable,Object_09655
Fragile,Object_12414
Flammable,Object_10779
Explosive,Object_01969
Pressurized,Object_14974
Food,Object_12491
Pressurized,Object_05807
Unspecified,Object_01538
Oxidizing,Object_15801
Pressurized,Object_13142
Fragile,Object_08275
Radioactive,Object_11649
Radioactive,Object_07298
Explosive,Object_16315
Fragile,Object_04437
Food,Object_01334
Pressurized,Object_16388
Oxidizing,Object_15718
Unspecified,Object_08083
Explosive,Object_02749
Oxidizing,Object_04942
Radioactive,Object_12111
Pressurized,Object_15689
Unspecified,Object_00856
Toxic,Object_00889
Food,Object_02212
Food,Object_11657
Toxic,Object_03476
Radioactive,Object_11056
Flammable,Object_13720
Food,Object_06883
Explosive,Object_13277
Radioactive,Object_03319
Oxidizing,Object_02566
Unspecified,Object_03911
Fragile,Object_03838
Toxic,Object_00633
Toxic,Object_08635
Pressurized,Object_11016
Flammable,Object_01505
Flammable,Object_12675
Unspecified,Object_09623
Pressurized,Object_00459
Oxidizing,Object_10547
Pressurized,Object_03281
Explosive,Object_15104
Pressurized,Object_05988
Oxidizing,Object_12110
Pressurized,Object_14973
Toxic,Object_12634
Unspecified,Object_09100
Oxidizing,Object_08108
Explosive,Object_05093
Pressurized,Object_01863
Radioactive,Object_15905
Corrosive,Object_15574
Toxic,Object_04687
Explosive,Object_02114
Flammable,Object_14607
Explosive,Object_08662
Flammable,Object_06243
Food,Object_03248
Oxidizing,Object_11794
Food,Object_05624
Toxic,Object_11390
Explosive,Object_07754
Corrosive,Object_10198
Pressurized,Object_07046
Pressurized,Object_00492
Pressurized,Object_01278
Fragile,Object_15263
Flammable,Object_15846
Fragile,Object_06683
Toxic,Object_06799
Fragile,Object_02764
Flammable,Object_14208
Flammable,Object_03852
Food,Object_07126
Corrosive,Object_04321
Unspecified,Object_01148
Pressurized,Object_03849
Corrosive,Object_14361
Unspecified,Object_12590
Food,Object_08523
Fragile,Object_06718
Corrosive,Object_00103
Toxic,Object_00632
Oxidizing,Object_10050
Flammable,Object_15043
Food,Object_01158
Fragile,Object_02993
Food,Object_01204
Oxidizing,Object_00248
Food,Object_15058
Unspecified,Object_04866
Pressurized,Object_05804
Pressurized,Object_07359
Food,Object_08945
Radioactive,Object_00869
Radioactive,Object_06084
Oxidizing,Object_10385
Oxidizing,Object_08567
Pressurized,Object_00216
Toxic,Object_03093
Toxic,Object_06266
Food,Object_12657
Explosive,Object_11122
Pressurized,Object_13563
Fragile,Object_09507
Oxidizing,Object_01727
Unspecified,Object_11449
Pressurized,Object_09431
Corrosive,Object_04518
Toxic,Object_10977
Radioactive,Object_05680
Fragile,Object_09044
Unspecified,Object_01142
Flammable,Object_16106
Flammable,Object_02862
Food,Object_00489
Corrosive,Object_05241
Oxidizing,Object_15376
Food,Object_14746
Explosive,Object_10894
Food,Object_02969
Explosive,Object_00141
Food,Object_01666
Radioactive,Object_13772
Oxidizing,Object_09114
Toxic,Object_12596
Fragile,Object_11459
Fragile,Object_10324
Toxic,Object_08621
Flammable,Object_10427
Flammable,Object_08077
Corrosive,Object_14840
Unspecified,Object_08010
Fragile,Object_15560
Oxidizing,Object_14273
Explosive,Object_10933
Food,Object_11402
Flammable,Object_04036
Toxic,Object_10682
Corrosive,Object_11517
Flammable,Object_12608
Food,Object_04501
Corrosive,Object_07393
Toxic,Object_11075
Food,Object_12391
Food,Object_01133
Toxic,Object_02732
Toxic,Object_11256
Toxic,Object_03392
Explosive,Object_03943
Toxic,Object_03473
Corrosive,Object_04049
Fragile,Object_13543
Unspecified,Object_14039
Toxic,Object_07887
Radioactive,Object_12554
Toxic,Object_07529
Radioactive,Object_07622
Oxidizing,Object_12190
Unspecified,Object_12761
Corrosive,Object_06734
Food,Object_06557
Corrosive,Object_04734
Oxidizing,Object_11432
Corrosive,Object_06729
Unspecified,Object_09689
Unspecified,Object_12930
Food,Object_09719
Corrosive,Object_01211
Corrosive,Object_14456
Radioactive,Object_13960
Corrosive,Object_06043
Food,Object_11736
Corrosive,Object_00626
Explosive,Object_09545
Food,Object_05378
Pressurized,Object_08726
Oxidizing,Object_05818
Unspecified,Object_00852
Flammable,Object_06101
Explosive,Object_02352
Flammable,Object_15698
Corrosive,Object_06726
Fragile,Object_01231
Food,Object_03484
Corrosive,Object_09811
Food,Object_05288
Explosive,Object_02744
Radioactive,Object_13398
Food,Object_13057
Fragile,Object_12720
Flammable,Object_14198
Oxidizing,Object_04953
Oxidizing,Object_10967
Flammable,Object_12606
Oxidizing,Object_09299
Toxic,Object_15460
Unspecified,Object_15923
Fragile,Object_05044
Corrosive,Object_00625
Fragile,Object_02928
Food,Object_07125
Food,Object_12300
Toxic,Object_09669
Radioactive,Object_10507
Pressurized,Object_08252
Flammable,Object_09653
Toxic,Object_13114
Unspecified,Object_06919
Flammable,Object_09765
Toxic,Object_16083
Fragile,Object_15543
Fragile,Object_06640
Fragile,Object_13223
Food,Object_03500
Oxidizing,Object_13210
Pressurized,Object_07570
Corrosive,Object_01838
Food,Object_00010
Radioactive,Object_11059
Radioactive,Object_12728
Pressurized,Object_12791
Oxidizing,Object_10550
Radioactive,Object_16285
Radioactive,Object_04462
Flammable,Object_11021
Oxidizing,Object_08936
Pressurized,Object_09434
Explosive,Object_14641
Unspecified,Object_12668
Pressurized,Object_08730
Corrosive,Object_02192
Radioactive,Object_04453
Pressurized,Object_08259
Unspecified,Object_01998
Toxic,Object_01266
Radioactive,Object_03924
Flammable,Object_11996
Radioactive,Object_12303
Food,Object_01337
Radioactive,Object_11200
Corrosive,Object_10488
Explosive,Object_03936
Pressurized,Object_08253
Food,Object_01658
Pressurized,Object_15976
Corrosive,Object_06046
Corrosive,Object_04444
Food,Object_06203
Radioactive,Object_10231
Explosive,Object_14646
Fragile,Object_04913
Explosive,Object_08237
Corrosive,Object_14950
Food,Object_12817
Flammable,Object_13911
Food,Object_16049
Fragile,Object_10185
Radioactive,Object_06904
Unspecified,Object_14487
Pressurized,Object_12935
Fragile,Object_15266
Food,Object_08657
Corrosive,Object_09453
Toxic,Object_08597
Explosive,Object_00817
Fragile,Object_09082
Food,Object_12178
Toxic,Object_07321
Corrosive,Object_08979
Radioactive,Object_00822
Toxic,Object_03298
Unspecified,Object_16231
Food,Object_13254
Unspecified,Object_09429
Fragile,Object_15666
Flammable,Object_11685
Unspecified,Object_15500
Radioactive,Object_09390
Fragile,Object_07086
Unspecified,Object_14435
Fragile,Object_03230
Oxidizing,Object_14257
Food,Object_08128
Flammable,Object_08488
Toxic,Object_11320
Oxidizing,Object_05820
Explosive,Object_05305
Radioactive,Object_12322
Explosive,Object_04019
Radioactive,Object_04667
Fragile,Object_01548
Toxic,Object_07328
Oxidizing,Object_09349
Toxic,Object_09584
Flammable,Object_07916
Corrosive,Object_16151
Food,Object_05761
Unspecified,Object_11284
Pressurized,Object_16392
Flammable,Object_09878
Explosive,Object_03555
Radioactive,Object_12691
Radioactive,Object_10534
Food,Object_11948
Flammable,Object_14207
Corrosive,Object_14962
Food,Object_13013
Oxidizing,Object_01671
Fragile,Object_13135
Pressurized,Object_10553
Flammable,Object_09102
Radioactive,Object_15429
Food,Object_01689
Corrosive,Object_13164
Oxidizing,Object_13021
Explosive,Object_12278
Pressurized,Object_07567
Corrosive,Object_09175
Food,Object_15360
Unspecified,Object_09998
Radioactive,Object_09232
Flammable,Object_14203
Food,Object_14019
Toxic,Object_02098
Toxic,Object_01448
Food,Object_02292
Explosive,Object_01797
Toxic,Object_07665
Fragile,Object_08819
Unspecified,Object_05128
Flammable,Object_08196
Toxic,Object_02660
Unspecified,Object_12922
Flammable,Object_05010
Radioactive,Object_03346
Explosive,Object_01095
Oxidizing,Object_09445
Pressurized,Object_04500
Food,Object_06556
Toxic,Object_02659
Fragile,Object_03024
Oxidizing,Object_04958
Toxic,Object_15393
Toxic,Object_14421
Flammable,Object_05314
Toxic,Object_11113
Fragile,Object_06186
Unspecified,Object_06833
Corrosive,Object_05487
Oxidizing,Object_06586
Oxidizing,Object_15463
Toxic,Object_00423
Radioactive,Object_14852
Radioactive,Object_01090
Food,Object_15963
Toxic,Object_15999
Oxidizing,Object_05240
Radioactive,Object_16038
Pressurized,Object_14669
Unspecified,Object_15419
Flammable,Object_08189
Corrosive,Object_00374
Corrosive,Object_01835
Pressurized,Object_01402
Corrosive,Object_13481
Fragile,Object_11181
Corrosive,Object_02200
Fragile,Object_08404
Unspecified,Object_09630
Radioactive,Object_10741
Fragile,Object_12866
Food,Object_14175
Radioactive,Object_10754
Food,Object_08112
Oxidizing,Object_07164
Corrosive,Object_15897
Explosive,Object_12704
Radioactive,Object_13330
Toxic,Object_06264
Radioactive,Object_11054
Oxidizing,Object_13432
Flammable,Object_01508
Pressurized,Object_01696
Explosive,Object_15785
Explosive,Object_04975
Pressurized,Object_03284
Food,Object_14343
Unspecified,Object_10568
Pressurized,Object_14636
Explosive,Object_04173
Toxic,Object_03587
Corrosive,Object_01356
Food,Object_00615
Toxic,Object_04207
Toxic,Object_11811
Flammable,Object_06129
Unspecified,Object_12336
Radioactive,Object_01559
Pressurized,Object_00499
Toxic,Object_11092
Radioactive,Object_11463
Toxic,Object_08094
Toxic,Object_13634
Pressurized,Object_15688
Oxidizing,Object_11308
Flammable,Object_01368
Fragile,Object_00180
Fragile,Object_09902
Toxic,Object_04291
Pressurized,Object_03433
Food,Object_03956
Food,Object_14929
Explosive,Object_03573
Fragile,Object_09510
Corrosive,Object_07591
Radioactive,Object_15906
Fragile,Object_02999
Flammable,Object_12466
Radioactive,Object_10743
Fragile,Object_16055
Unspecified,Object_09992
Radioactive,Object_10463
Radioactive,Object_07291
Radioactive,Object_07546
Food,Object_00359
Oxidizing,Object_08563
Pressurized,Object_07957
Toxic,Object_06664
Unspecified,Object_09626
Corrosive,Object_09956
Fragile,Object_08686
Pressurized,Object_16381
Corrosive,Object_04478
Corrosive,Object_13166
Food,Object_13442
Corrosive,Object_06957
Oxidizing,Object_15628
Flammable,Object_12612
Explosive,Object_05361
Flammable,Object_04806
Food,Object_08524
Radioactive,Object_12236
Radioactive,Object_06313
Radioactive,Object_14110
Fragile,Object_01069
Toxic,Object_08598
Food,Object_00715
Fragile,Object_14168
Oxidizing,Object_08141
Oxidizing,Object_01721
Corrosive,Object_08263
Oxidizing,Object_11436
Oxidizing,Object_12104
Toxic,Object_15880
Food,Object_10342
Pressurized,Object_04333
Fragile,Object_14461
Explosive,Object_06481
Corrosive,Object_02954
Toxic,Object_15381
Fragile,Object_01068
Pressurized,Object_16384
Explosive,Object_05599
Toxic,Object_12759
Toxic,Object_12354
Fragile,Object_10884
Unspecified,Object_02494
Pressurized,Object_07566
Explosive,Object_12068
Flammable,Object_04025
Food,Object_02067
Radioactive,Object_11505
Explosive,Object_06486
Flammable,Object_08504
Toxic,Object_09302
Flammable,Object_15136
Fragile,Object_08821
Oxidizing,Object_06584
Pressurized,Object_01737
Toxic,Object_13660
Unspecified,Object_11234
Radioactive,Object_10535
Corrosive,Object_14084
Flammable,Object_16105
Flammable,Object_01489
Corrosive,Object_12205
Corrosive,Object_02621
Explosive,Object_02024
Radioactive,Object_15117
Toxic,Object_15385
Radioactive,Object_14355
Food,Object_11158
Toxic,Object_13935
Corrosive,Object_16204
Toxic,Object_11258
Toxic,Object_00424
Food,Object_07995
Oxidizing,Object_06058
Explosive,Object_04177
Toxic,Object_00503
Radioactive,Object_03926
Fragile,Object_07187
Explosive,Object_09726
Unspecified,Object_12333
Unspecified,Object_11756
Unspecified,Object_14721
Unspecified,Object_02511
Toxic,Object_07644
Toxic,Object_07923
Pressurized,Object_11588
Explosive,Object_06476
Radioactive,Object_15855
Fragile,Object_15594
Oxidizing,Object_10355
Food,Object_10655
Toxic,Object_12218
Fragile,Object_01198
Pressurized,Object_07726
Explosive,Object_12410
Toxic,Object_00315
Radioactive,Object_13779
Flammable,Object_13427
Toxic,Object_00987
Oxidizing,Object_12261
Toxic,Object_14813
Corrosive,Object_05198
Radioactive,Object_16246
Food,Object_13457
Corrosive,Object_08560
Flammable,Object_01485
Radioactive,Object_13372
Fragile,Object_06138
Fragile,Object_09509
Corrosive,Object_14268
Pressurized,Object_15754
Toxic,Object_16009
Food,Object_11781
Explosive,Object_07387
Unspecified,Object_10721
Radioactive,Object_11196
Unspecified,Object_15414
Explosive,Object_12909
Toxic,Object_15878
Oxidizing,Object_04189
Oxidizing,Object_01250
Radioactive,Object_05060
Flammable,Object_13083
Food,Object_11740
Oxidizing,Object_06012
Fragile,Object_16018
Corrosive,Object_02312
Pressurized,Object_02372
Food,Object_08527
Corrosive,Object_11242
Food,Object_00066
Flammable,Object_12610
Oxidizing,Object_10969
Flammable,Object_13424
Explosive,Object_14326
Pressurized,Object_07958
Fragile,Object_11331
Oxidizing,Object_15365
Toxic,Object_16351
Unspecified,Object_02820
Oxidizing,Object_07054
Corrosive,Object_14630
Fragile,Object_06681
Pressurized,Object_07562
Explosive,Object_14516
Corrosive,Object_01077
Unspecified,Object_09334
Flammable,Object_11474
Oxidizing,Object_12389
Corrosive,Object_14791
Corrosive,Object_08708
Explosive,Object_12543
Toxic,Object_13196
Food,Object_04507
Corrosive,Object_14834
Food,Object_05627
Toxic,Object_11633
Toxic,Object_06342
Toxic,Object_13198
Oxidizing,Object_14889
Toxic,Object_13899
Oxidizing,Object_05458
Flammable,Object_10301
Fragile,Object_00259
Corrosive,Object_06928
Radioactive,Object_11509
Flammable,Object_06520
Oxidizing,Object_10661
Unspecified,Object_15413
Unspecified,Object_14723
Food,Object_06759
Toxic,Object_14532
Unspecified,Object_01626
Explosive,Object_02943
Explosive,Object_00048
Pressurized,Object_09128
Radioactive,Object_12556
Radioactive,Object_07105
Radioactive,Object_01326
Fragile,Object_15662
Food,Object_05377
Oxidizing,Object_10387
Flammable,Object_11400
Oxidizing,Object_11142
Pressurized,Object_05976
Pressurized,Object_12892
Pressurized,Object_03509
Explosive,Object_08454
Unspecified,Object_09685
Toxic,Object_13113
Corrosive,Object_09889
Pressurized,Object_07339
Unspecified,Object_12661
Fragile,Object_08421
Pressurized,Object_12079
Radioactive,Object_13412
Flammable,Object_15192
Fragile,Object_10190
Food,Object_07996
Flammable,Object_03365
Pressurized,Object_07044
Explosive,Object_04214
Flammable,Object_08487
Toxic,Object_10609
Fragile,Object_07181
Corrosive,Object_06219
Toxic,Object_03530
Unspecified,Object_00831
Unspecified,Object_14433
Flammable,Object_02905
Toxic,Object_03294
Corrosive,Object_10482
Flammable,Object_02865
Food,Object_14685
Oxidizing,Object_13336
Unspecified,Object_12437
Fragile,Object_09503
Pressurized,Object_02692
Food,Object_03772
Flammable,Object_13084
Explosive,Object_00049
Food,Object_02915
Explosive,Object_08666
Fragile,Object_04000
Explosive,Object_10620
Flammable,Object_03794
Corrosive,Object_00291
Oxidizing,Object_11796
Flammable,Object_05268
Unspecified,Object_08088
Radioactive,Object_10158
Fragile,Object_03225
Pressurized,Object_09411
Corrosive,Object_16158
Unspecified,Object_00019
Corrosive,Object_14719
Oxidizing,Object_02169
Corrosive,Object_02405
Food,Object_03958
Corrosive,Object_06868
Radioactive,Object_13160
Oxidizing,Object_00966
Unspecified,Object_04417
Unspecified,Object_02047
Toxic,Object_05563
Pressurized,Object_12799
Flammable,Object_15191
Corrosive,Object_11131
Flammable,Object_13519
Explosive,Object_03106
Toxic,Object_08464
Explosive,Object_13816
Unspecified,Object_12977
Food,Object_02895
Toxic,Object_04209
Corrosive,Object_11083
Fragile,Object_03007
Food,Object_00616
Food,Object_01433
Oxidizing,Object_06119
Fragile,Object_16014
Oxidizing,Object_05526
Food,Object_08224
Explosive,Object_12367
Corrosive,Object_08330
Radioactive,Object_00347
Explosive,Object_12550
Toxic,Object_16256
Corrosive,Object_04327
Radioactive,Object_12725
Food,Object_02001
Fragile,Object_14394
Toxic,Object_04378
Fragile,Object_08405
Food,Object_09611
Radioactive,Object_01558
Fragile,Object_05049
Unspecified,Object_00114
Flammable,Object_13716
Unspecified,Object_14722
Toxic,Object_09375
Radioactive,Object_14352
Food,Object_08151
Oxidizing,Object_05613
Explosive,Object_06300
Pressurized,Object_14335
Radioactive,Object_03930
Explosive,Object_09032
Explosive,Object_04168
Pressurized,Object_16186
Flammable,Object_09770
Toxic,Object_12752
Flammable,Object_09155
Explosive,Object_04540
Explosive,Object_02342
Radioactive,Object_11566
Toxic,Object_10452
Radioactive,Object_15019
Toxic,Object_12357
Flammable,Object_00768
Explosive,Object_01967
Corrosive,Object_00629
Food,Object_16198
Corrosive,Object_05200
Fragile,Object_08816
Oxidizing,Object_08335
Explosive,Object_03331
Corrosive,Object_07071
Corrosive,Object_13485
Radioactive,Object_12289
Pressurized,Object_02501
Oxidizing,Object_01875
Toxic,Object_08629
Unspecified,Object_10988
Corrosive,Object_02260
Explosive,Object_02350
Flammable,Object_04115
Food,Object_12377
Food,Object_02900
Pressurized,Object_03596
Radioactive,Object_08069
Corrosive,Object_14087
Unspecified,Object_03427
Oxidizing,Object_08925
Unspecified,Object_15702
Corrosive,Object_06925
Explosive,Object_08441
Oxidizing,Object_12981
Oxidizing,Object_07986
Corrosive,Object_02191
Pressurized,Object_07048
Explosive,Object_03104
Corrosive,Object_06958
Explosive,Object_07264
Oxidizing,Object_05387
Fragile,Object_09165
Toxic,Object_04208
Food,Object_05626
Oxidizing,Object_12189
Food,Object_11852
Oxidizing,Object_07452
Pressurized,Object_04853
Toxic,Object_16260
Fragile,Object_08391
Pressurized,Object_08911
Corrosive,Object_12994
Flammable,Object_11686
Oxidizing,Object_07637
Fragile,Object_02828
Oxidizing,Object_08031
Food,Object_03192
Flammable,Object_12679
Toxic,Object_01399
Flammable,Object_10429
Toxic,Object_15388
Explosive,Object_04977
Food,Object_02221
Corrosive,Object_04519
Corrosive,Object_02311
Fragile,Object_13177
Corrosive,Object_05739
Corrosive,Object_14458
Explosive,Object_11861
Unspecified,Object_06914
Flammable,Object_06516
Toxic,Object_10602
Unspecified,Object_02512
Unspecified,Object_08608
Flammable,Object_14530
Flammable,Object_15219
Corrosive,Object_09958
Explosive,Object_03102
Oxidizing,Object_09596
Explosive,Object_12484
Fragile,Object_08168
Food,Object_00081
Radioactive,Object_02242
Corrosive,Object_10215
Toxic,Object_15452
Fragile,Object_06824
Toxic,Object_10681
Explosive,Object_07361
Oxidizing,Object_14402
Corrosive,Object_05245
Pressurized,Object_02699
Food,Object_07124
Radioactive,Object_13374
Radioactive,Object_06850
Toxic,Object_11600
Oxidizing,Object_10945
Unspecified,Object_04354
Explosive,Object_13735
Food,Object_02213
Food,Object_13058
Explosive,Object_02028
Radioactive,Object_16288
Oxidizing,Object_15627
Fragile,Object_15296
Toxic,Object_11769
Radioactive,Object_16224
Unspecified,Object_13626
Fragile,Object_09170
Food,Object_12042
Oxidizing,Object_04956
Oxidizing,Object_04190
Explosive,Object_05307
Flammable,Object_14112
Unspecified,Object_14705
Flammable,Object_16021
Food,Object_06818
Food,Object_09024
Food,Object_05289
Flammable,Object_05709
Oxidizing,Object_05187
Pressurized,Object_09794
Food,Object_08250
Toxic,Object_10015
Fragile,Object_08298
Unspecified,Object_14730
Fragile,Object_10862
Unspecified,Object_15709
Food,Object_03485
Oxidizing,Object_13438
Explosive,Object_02083
Radioactive,Object_00683
Pressurized,Object_03737
Flammable,Object_11022
Explosive,Object_16308
Fragile,Object_15552
Fragile,Object_08408
Fragile,Object_11828
Explosive,Object_02089
Food,Object_04505
Corrosive,Object_12344
Pressurized,Object_07417
Fragile,Object_14463
Corrosive,Object_01053
Radioactive,Object_10236
Corrosive,Object_11138
Corrosive,Object_04848
Pressurized,Object_01770
Fragile,Object_04523
Food,Object_15529
Flammable,Object_06652
Explosive,Object_12241
Fragile,Object_15280
Fragile,Object_09639
Fragile,Object_01541
Radioactive,Object_00301
Fragile,Object_01943
Oxidizing,Object_08059
Toxic,Object_10735
Explosive,Object_00812
Unspecified,Object_09468
Radioactive,Object_07103
Oxidizing,Object_04183
Corrosive,Object_07200
Fragile,Object_08996
Pressurized,Object_02885
Radioactive,Object_16242
Oxidizing,Object_02564
Food,Object_05695
Fragile,Object_10036
Radioactive,Object_04728
Unspecified,Object_01146
Corrosive,Object_03645
Fragile,Object_07805
Unspecified,Object_11286
Oxidizing,Object_10147
Fragile,Object_08204
Toxic,Object_07281
Explosive,Object_11353
Toxic,Object_09378
Food,Object_00001
Flammable,Object_05392
Flammable,Object_15195
Fragile,Object_15591
Radioactive,Object_04460
Fragile,Object_02979
Explosive,Object_08694
Radioactive,Object_10537
Toxic,Object_12949
Pressurized,Object_07959
Flammable,Object_00287
Flammable,Object_12464
Explosive,Object_04608
Pressurized,Object_10558
Radioactive,Object_14853
Unspecified,Object_09430
Flammable,Object_10305
Radioactive,Object_06969
Oxidizing,Object_08863
Food,Object_06943
Oxidizing,Object_08103
Oxidizing,Object_02575
Unspecified,Object_03664
Pressurized,Object_07356
Explosive,Object_00044
Explosive,Object_01475
Food,Object_05696
Explosive,Object_12402
Pressurized,Object_13529
Corrosive,Object_06049
Radioactive,Object_13952
Toxic,Object_14508
Corrosive,Object_06735
Oxidizing,Object_07447
Corrosive,Object_14794
Unspecified,Object_04416
Corrosive,Object_04791
Radioactive,Object_07300
Pressurized,Object_08319
Explosive,Object_08498
Toxic,Object_11003
Corrosive,Object_14453
Unspecified,Object_04556
Food,Object_10347
Pressurized,Object_00162
Flammable,Object_05741
Food,Object_09738
Food,Object_15054
Toxic,Object_07842
Explosive,Object_05848
Radioactive,Object_00521
Food,Object_14902
Explosive,Object_00815
Toxic,Object_14424
Food,Object_15742
Food,Object_13255
Explosive,Object_09895
Corrosive,Object_09319
Food,Object_05281
Flammable,Object_07877
Explosive,Object_07498
Radioactive,Object_10152
Food,Object_07474
Oxidizing,Object_00775
Pressurized,Object_05684
Radioactive,Object_06908
Radioactive,Object_03929
Flammable,Object_08188
Corrosive,Object_11708
Radioactive,Object_16165
Unspecified,Object_00189
Radioactive,Object_01843
Oxidizing,Object_13339
Flammable,Object_10926
Oxidizing,Object_15583
Flammable,Object_04008
Flammable,Object_13422
Explosive,Object_15784
Oxidizing,Object_11046
Flammable,Object_13082
Food,Object_08435
Fragile,Object_03010
Flammable,Object_07732
Pressurized,Object_05351
Corrosive,Object_09222
Explosive,Object_16309
Toxic,Object_03131
Corrosive,Object_12997
Food,Object_11677
Toxic,Object_11631
Flammable,Object_15198
Pressurized,Object_05495
Food,Object_06555
Pressurized,Object_03076
Oxidizing,Object_09348
Flammable,Object_01414
Pressurized,Object_14976
Toxic,Object_05636
Fragile,Object_15204
Toxic,Object_09073
Corrosive,Object_06865
Radioactive,Object_14856
Flammable,Object_00974
Unspecified,Object_00279
Unspecified,Object_13624
Flammable,Object_09763
Oxidizing,Object_05920
Pressurized,Object_13265
Toxic,Object_07962
Corrosive,Object_09317
Unspecified,Object_04862
Food,Object_15154
Fragile,Object_09505
Fragile,Object_11453
Oxidizing,Object_00962
Explosive,Object_16316
Corrosive,Object_06924
Toxic,Object_14138
Food,Object_02913
Corrosive,Object_00787
Corrosive,Object_08972
Oxidizing,Object_01379
Toxic,Object_05567
Corrosive,Object_08135
Radioactive,Object_13508
Food,Object_01210
Explosive,Object_08740
Unspecified,Object_00836
Unspecified,Object_15612
Food,Object_10630
Toxic,Object_12947
Pressurized,Object_11907
Oxidizing,Object_05335
Explosive,Object_06024
Toxic,Object_01603
Corrosive,Object_01787
Toxic,Object_12751
Corrosive,Object_01187
Fragile,Object_10476
Food,Object_03953
Flammable,Object_05702
Radioactive,Object_13420
Toxic,Object_06668
Toxic,Object_09310
Toxic,Object_01341
Flammable,Object_09571
Corrosive,Object_03749
Unspecified,Object_02491
Oxidizing,Object_05813
Oxidizing,Object_00444
Radioactive,Object_12557
Explosive,Object_06748
Unspecified,Object_12222
Corrosive,Object_11709
Fragile,Object_03226
Toxic,Object_08755
Flammable,Object_05744
Toxic,Object_06268
Unspecified,Object_06411
Corrosive,Object_02314
Corrosive,Object_02319
Oxidizing,Object_12987
Flammable,Object_10776
Toxic,Object_00589
Oxidizing,Object_06931
Oxidizing,Object_11956
Oxidizing,Object_13034
Food,Object_11735
Corrosive,Object_14368
Food,Object_14903
Oxidizing,Object_09522
Oxidizing,Object_03214
Flammable,Object_13089
Toxic,Object_07329
Pressurized,Object_01305
Food,Object_15358
Oxidizing,Object_10907
Pressurized,Object_12502
Food,Object_15540
Fragile,Object_03994
Radioactive,Object_07237
Corrosive,Object_14700
Fragile,Object_10186
Corrosive,Object_05738
Fragile,Object_08578
Food,Object_16050
Toxic,Object_07771
Radioactive,Object_06964
Pressurized,Object_01251
Fragile,Object_15276
Food,Object_00482
Radioactive,Object_09963
Food,Object_05769
Oxidizing,Object_02388
Fragile,Object_14212
Pressurized,Object_13691
Unspecified,Object_08602
Pressurized,Object_16382
Fragile,Object_07037
Corrosive,Object_05788
Radioactive,Object_02241
Fragile,Object_13848
Unspecified,Object_11751
Flammable,Object_04116
Food,Object_06677
Corrosive,Object_02623
Corrosive,Object_04907
Flammable,Object_00282
Corrosive,Object_10214
Unspecified,Object_08546
Oxidizing,Object_09610
Flammable,Object_14025
Explosive,Object_14492
Food,Object_15078
Fragile,Object_11295
Pressurized,Object_03734
Explosive,Object_06778
Oxidizing,Object_07068
Pressurized,Object_07340
Oxidizing,Object_02432
Oxidizing,Object_14260
Toxic,Object_14137
Radioactive,Object_11917
Toxic,Object_04410
Pressurized,Object_00076
Food,Object_09253
Corrosive,Object_00874
Explosive,Object_01820
Unspecified,Object_12733
Oxidizing,Object_08101
Fragile,Object_10818
Radioactive,Object_09243
Toxic,Object_01035
Toxic,Object_05565
Fragile,Object_02991
Flammable,Object_02619
Fragile,Object_14164
Flammable,Object_07247
Radioactive,Object_01556
Flammable,Object_04388
Radioactive,Object_15328
Toxic,Object_00507
Pressurized,Object_07579
Pressurized,Object_10118
Toxic,Object_06037
Radioactive,Object_10092
Fragile,Object_15548
Oxidizing,Object_02568
Toxic,Object_07653
Flammable,Object_11395
Flammable,Object_08185
Corrosive,Object_00952
Radioactive,Object_11506
Fragile,Object_01542
Pressurized,Object_04852
Unspecified,Object_06067
Food,Object_14011
Flammable,Object_00731
Fragile,Object_00913
Unspecified,Object_08542
Oxidizing,Object_02384
Flammable,Object_13085
Pressurized,Object_02123
Corrosive,Object_01832
Food,Object_08433
Oxidizing,Object_12268
Explosive,Object_08612
Flammable,Object_05261
Food,Object_09357
Unspecified,Object_08418
Toxic,Object_06596
Toxic,Object_16134
Radioactive,Object_06087
Food,Object_12050
Toxic,Object_15174
Unspecified,Object_02812
Unspecified,Object_05276
Flammable,Object_06615
Pressurized,Object_13261
Toxic,Object_08359
Unspecified,Object_08417
Explosive,Object_02727
Food,Object_08245
Pressurized,Object_00741
Flammable,Object_04031
Flammable,Object_14620
Corrosive,Object_05191
Fragile,Object_07031
Pressurized,Object_01113
Pressurized,Object_16383
Explosive,Object_01009
Oxidizing,Object_16298
Food,Object_08156
Explosive,Object_15028
Unspecified,Object_13629
Fragile,Object_05892
Pressurized,Object_01806
Food,Object_02297
Corrosive,Object_03142
Toxic,Object_02675
Food,Object_10363
Explosive,Object_00240
Corrosive,Object_05864
Pressurized,Object_15432
Fragile,Object_10030
Unspecified,Object_14473
Corrosive,Object_05734
Unspecified,Object_11752
Corrosive,Object_10805
Radioactive,Object_11053
Pressurized,Object_01734
Unspecified,Object_01994
Fragile,Object_01974
Flammable,Object_09929
Unspecified,Object_09335
Unspecified,Object_06698
Food,Object_08242
Toxic,Object_03656
Fragile,Object_13641
Radioactive,Object_03825
Pressurized,Object_04496
Flammable,Object_05514
Flammable,Object_11541
Pressurized,Object_16212
Radioactive,Object_04080
Oxidizing,Object_09744
Unspecified,Object_08416
Corrosive,Object_04134
Pressurized,Object_15437
Pressurized,Object_13696
Radioactive,Object_10746
Flammable,Object_01173
Unspecified,Object_11883
Radioactive,Object_01599
Explosive,Object_11321
Corrosive,Object_02408
Fragile,Object_06508
Oxidizing,Object_06016
Radioactive,Object_00823
Explosive,Object_14450
Radioactive,Object_10468
Fragile,Object_08812
Explosive,Object_11324
Pressurized,Object_02854
Oxidizing,Object_07256
Food,Object_05019
Pressurized,Object_15828
Explosive,Object_08732
Radioactive,Object_03970
Unspecified,Object_10694
Food,Object_01914
Pressurized,Object_07960
Unspecified,Object_09423
Oxidizing,Object_02667
Explosive,Object_06028
Corrosive,Object_00375
Corrosive,Object_02951
Food,Object_11410
Pressurized,Object_10791
Fragile,Object_11897
Food,Object_15534
Toxic,Object_06708
Toxic,Object_11212
Oxidizing,Object_05409
Unspecified,Object_15771
Explosive,Object_04219
Explosive,Object_12362
Fragile,Object_09162
Radioactive,Object_13413
Food,Object_05066
Toxic,Object_03703
Radioactive,Object_12695
Food,Object_02037
Unspecified,Object_06156
Radioactive,Object_11728
Pressurized,Object_07793
Radioactive,Object_13325
Radioactive,Object_15865
Fragile,Object_08406
Pressurized,Object_00211
Pressurized,Object_09863
Fragile,Object_14169
Pressurized,Object_07954
Explosive,Object_05721
Corrosive,Object_03744
Food,Object_10431
Explosive,Object_12701
Unspecified,Object_07942
Food,Object_08528
Explosive,Object_11358
Toxic,Object_07523
Explosive,Object_03101
Toxic,Object_14817
Radioactive,Object_05449
Radioactive,Object_10533
Food,Object_16366
Pressurized,Object_13692
Unspecified,Object_02811
Oxidizing,Object_05586
Food,Object_03038
Oxidizing,Object_08570
Radioactive,Object_11570
Oxidizing,Object_04952
Fragile,Object_02761
Food,Object_06201
Flammable,Object_03877
Toxic,Object_13793
Explosive,Object_02178
Fragile,Object_11069
Radioactive,Object_04261
Fragile,Object_07039
Pressurized,Object_03078
Food,Object_14686
Corrosive,Object_12995
Oxidizing,Object_01730
Unspecified,Object_14704
Unspecified,Object_12665
Explosive,Object_04772
Fragile,Object_10919
Flammable,Object_00060
Unspecified,Object_06159
Explosive,Object_02180
Flammable,Object_13081
Oxidizing,Object_12881
Radioactive,Object_00826
Flammable,Object_12775
Fragile,Object_15665
Toxic,Object_13797
Unspecified,Object_03915
Oxidizing,Object_14271
Flammable,Object_15216
Unspecified,Object_07345
Unspecified,Object_02803
Radioactive,Object_00527
Radioactive,Object_09496
Pressurized,Object_01022
Explosive,Object_06573
Toxic,Object_00703
Corrosive,Object_02402
Toxic,Object_11967
Flammable,Object_01361
Food,Object_14750
Toxic,Object_08595
Oxidizing,Object_15242
Unspecified,Object_05136
Food,Object_09352
Corrosive,Object_14078
Pressurized,Object_02125
Toxic,Object_07642
Corrosive,Object_10200
Toxic,Object_07930
Radioactive,Object_12240
Unspecified,Object_10698
Food,Object_14043
Toxic,Object_08217
Food,Object_08113
Radioactive,Object_04646
Flammable,Object_03692
Toxic,Object_08098
Corrosive,Object_09705
Radioactive,Object_01491
Oxidizing,Object_11630
Unspecified,Object_01623
Explosive,Object_12279
Food,Object_07684
Corrosive,Object_11831
Corrosive,Object_08890
Oxidizing,Object_06588
Explosive,Object_12404
Radioactive,Object_11465
Explosive,Object_06006
Corrosive,Object_14799
Explosive,Object_05362
Pressurized,Object_03415
Explosive,Object_12405
Oxidizing,Object_16292
Corrosive,Object_13599
Corrosive,Object_16210
Corrosive,Object_09954
Radioactive,Object_14147
Unspecified,Object_00013
Flammable,Object_04029
Flammable,Object_14614
Flammable,Object_00053
Radioactive,Object_09272
Explosive,Object_05727
Pressurized,Object_03261
Explosive,Object_14511
Explosive,Object_14443
Pressurized,Object_06856
Corrosive,Object_10810
Toxic,Object_11228
Corrosive,Object_09180
Toxic,Object_06363
Pressurized,Object_04691
Toxic,Object_07283
Food,Object_08779
Fragile,Object_00729
Corrosive,Object_05961
Pressurized,Object_13769
Toxic,Object_14430
Toxic,Object_11429
Food,Object_02523
Unspecified,Object_06452
Toxic,Object_03136
Flammable,Object_05395
Food,Object_04368
Explosive,Object_06527
Pressurized,Object_02476
Oxidizing,Object_07404
Flammable,Object_09103
Radioactive,Object_14102
Corrosive,Object_01359
Flammable,Object_03465
Fragile,Object_01547
Radioactive,Object_07623
Radioactive,Object_00659
Radioactive,Object_07867
Corrosive,Object_05785
Food,Object_03258
Toxic,Object_11224
Flammable,Object_11548
Unspecified,Object_05279
Explosive,Object_00757
Oxidizing,Object_15250
Corrosive,Object_00957
Corrosive,Object_00102
Fragile,Object_07807
Unspecified,Object_12925
Corrosive,Object_04738
Corrosive,Object_09221
Explosive,Object_02027
Explosive,Object_02084
Oxidizing,Object_07438
Pressurized,Object_05580
Unspecified,Object_09628
Oxidizing,Object_04960
Fragile,Object_13886
Food,Object_14565
Flammable,Object_12160
Oxidizing,Object_08644
Oxidizing,Object_13026
Fragile,Object_08689
Toxic,Object_05542
Corrosive,Object_05789
Fragile,Object_06712
Fragile,Object_11928
Unspecified,Object_12017
Food,Object_13459
Corrosive,Object_09819
Explosive,Object_02022
Pressurized,Object_16373
Oxidizing,Object_06589
Flammable,Object_03157
Flammable,Object_13979
Flammable,Object_12643
Food,Object_11486
Unspecified,Object_10701
Corrosive,Object_10131
Unspecified,Object_10706
Pressurized,Object_07011
Radioactive,Object_07702
Explosive,Object_04175
Pressurized,Object_02856
Flammable,Object_13990
Oxidizing,Object_09297
Radioactive,Object_06319
Toxic,Object_02092
Explosive,Object_03575
Radioactive,Object_07863
Pressurized,Object_16399
Radioactive,Object_15856
Explosive,Object_12243
Flammable,Object_03153
Pressurized,Object_01020
Toxic,Object_00319
Radioactive,Object_03349
Toxic,Object_00584
Food,Object_14906
Radioactive,Object_13959
Food,Object_11157
Fragile,Object_14765
Corrosive,Object_03147
Corrosive,Object_08882
Radioactive,Object_06081
Corrosive,Object_13824
Fragile,Object_03407
Radioactive,Object_10715
Food,Object_10621
Oxidizing,Object_09527
Toxic,Object_05943
Pressurized,Object_05984
Toxic,Object_04102
Corrosive,Object_00106
Explosive,Object_00035
Fragile,Object_07534
Toxic,Object_01268
Toxic,Object_01604
Food,Object_13788
Food,Object_11482
Unspecified,Object_10704
Explosive,Object_02730
Radioactive,Object_15314
Fragile,Object_14789
Toxic,Object_11768
Toxic,Object_14244
Pressurized,Object_03074
Toxic,Object_13897
Corrosive,Object_14369
Pressurized,Object_02506
Corrosive,Object_14451
Fragile,Object_10329
Oxidizing,Object_02108
Food,Object_01440
Explosive,Object_15185
Pressurized,Object_06895
Corrosive,Object_09316
Pressurized,Object_13148
Food,Object_07477
Pressurized,Object_10554
Flammable,Object_15335
Oxidizing,Object_14294
Toxic,Object_08218
Food,Object_14928
Flammable,Object_08742
Radioactive,Object_07707
Fragile,Object_14875
Unspecified,Object_12004
Explosive,Object_10174
Flammable,Object_06229
Explosive,Object_03551
Pressurized,Object_15683
Pressurized,Object_12127
Explosive,Object_14934
Flammable,Object_03463
Unspecified,Object_09622
Radioactive,Object_06844
Flammable,Object_16336
Toxic,Object_03095
Flammable,Object_13090
Pressurized,Object_10076
Radioactive,Object_00656
Pressurized,Object_09862
Unspecified,Object_08601
Food,Object_02228
Fragile,Object_01650
Unspecified,Object_09332
Unspecified,Object_03673
Radioactive,Object_04723
Unspecified,Object_07932
Explosive,Object_07695
Toxic,Object_16136
Oxidizing,Object_04964
Toxic,Object_01446
Toxic,Object_03474
Food,Object_02007
Explosive,Object_01619
Oxidizing,Object_12270
Oxidizing,Object_14731
Explosive,Object_11322
Radioactive,Object_03827
Radioactive,Object_15931
Food,Object_03492
Oxidizing,Object_07161
Oxidizing,Object_04157
Unspecified,Object_01936
Explosive,Object_13704
Flammable,Object_06515
Radioactive,Object_11052
Pressurized,Object_07569
Unspecified,Object_11450
Food,Object_13475
Explosive,Object_07859
Fragile,Object_07034
Food,Object_01160
Toxic,Object_08758
Toxic,Object_00427
Radioactive,Object_11342
Corrosive,Object_06999
Flammable,Object_04028
Food,Object_12375
Explosive,Object_16318
Pressurized,Object_07041
Unspecified,Object_03624
Flammable,Object_01504
Food,Object_12801
Toxic,Object_04272
Pressurized,Object_15609
Corrosive,Object_11703
Toxic,Object_01823
Fragile,Object_05895
Unspecified,Object_14727
Toxic,Object_05631
Fragile,Object_06566
Pressurized,Object_13565
Food,Object_16191
Oxidizing,Object_00443
Oxidizing,Object_09605
Flammable,Object_07004
Radioactive,Object_06848
Corrosive,Object_14837
Explosive,Object_11932
Unspecified,Object_08969
Oxidizing,Object_01877
Toxic,Object_09942
Oxidizing,Object_07981
Toxic,Object_08804
Explosive,Object_05309
Toxic,Object_03399
Explosive,Object_06487
Explosive,Object_08618
Fragile,Object_11451
Unspecified,Object_15619
Food,Object_06447
Fragile,Object_11296
Unspecified,Object_02602
Pressurized,Object_12078
Explosive,Object_01100
Oxidizing,Object_12188
Flammable,Object_08503
Oxidizing,Object_10970
Explosive,Object_04900
Toxic,Object_05942
Pressurized,Object_01951
Pressurized,Object_15608
Explosive,Object_05260
Pressurized,Object_16385
Pressurized,Object_03079
Oxidizing,Object_01243
Toxic,Object_12760
Corrosive,Object_15895
Corrosive,Object_04086
Unspecified,Object_16232
Oxidizing,Object_01127
Pressurized,Object_00491
Radioactive,Object_00651
Radioactive,Object_13947
Explosive,Object_09893
Fragile,Object_12578
Flammable,Object_09110
Fragile,Object_11822
Corrosive,Object_11172
Food,Object_07999
Oxidizing,Object_12381
Pressurized,Object_15818
Unspecified,Object_08782
Food,Object_16044
Explosive,Object_01906
Oxidizing,Object_12109
Toxic,Object_11001
Radioactive,Object_06967
Food,Object_04125
Corrosive,Object_15899
Toxic,Object_08633
Fragile,Object_15633
Radioactive,Object_11195
Fragile,Object_07177
Corrosive,Object_07600
Explosive,Object_10784
Pressurized,Object_04986
Oxidizing,Object_12262
Corrosive,Object_09957
Oxidizing,Object_09747
Fragile,Object_13997
Oxidizing,Object_05459
Toxic,Object_07286
Toxic,Object_08356
Oxidizing,Object_08037
Fragile,Object_05205
Flammable,Object_15336
Explosive,Object_02721
Radioactive,Object_01089
Toxic,Object_13410
Unspecified,Object_12667
Flammable,Object_08195
Radioactive,Object_12113
Flammable,Object_05705
Flammable,Object_10777
Toxic,Object_02658
Toxic,Object_12352
Oxidizing,Object_00777
Food,Object_02064
Pressurized,Object_07020
Flammable,Object_08484
Explosive,Object_06483
Fragile,Object_04393
Unspecified,Object_05838
Toxic,Object_15399
Explosive,Object_04093
Corrosive,Object_04906
Radioactive,Object_06288
Unspecified,Object_15776
Food,Object_08659
Radioactive,Object_09966
Food,Object_00552
Pressurized,Object_10126
Food,Object_09393
Food,Object_07377
Pressurized,Object_05325
Oxidizing,Object_14254
Toxic,Object_14243
Flammable,Object_05391
Explosive,Object_00541
Pressurized,Object_01804
Pressurized,Object_03759
Radioactive,Object_14101
Radioactive,Object_03189
Fragile,Object_00099
Unspecified,Object_09532
Pressurized,Object_05358
Toxic,Object_03295
Unspecified,Object_00123
Toxic,Object_11426
Corrosive,Object_02650
Fragile,Object_02922
Radioactive,Object_00868
Toxic,Object_01752
Explosive,Object_01904
Toxic,Object_00990
Toxic,Object_15511
Fragile,Object_03237
Fragile,Object_04438
Oxidizing,Object_15804
Flammable,Object_05118
Food,Object_14232
Toxic,Object_08810
Explosive,Object_04605
Toxic,Object_08360
Unspecified,Object_12972
Oxidizing,Object_07143
Toxic,Object_00883
Oxidizing,Object_08649
Fragile,Object_03406
Food,Object_00361
Flammable,Object_01369
Radioactive,Object_05932
Corrosive,Object_14079
Radioactive,Object_05441
Explosive,Object_06529
Toxic,Object_00792
Pressurized,Object_01807
Toxic,Object_09008
Corrosive,Object_10879
Fragile,Object_08430
Flammable,Object_08510
Oxidizing,Object_08865
Fragile,Object_02762
Unspecified,Object_00120
Pressurized,Object_07574
Radioactive,Object_09964
Food,Object_00132
Pressurized,Object_00749
Explosive,Object_01639
Pressurized,Object_01955
Unspecified,Object_10564
Unspecified,Object_02046
Oxidizing,Object_10066
Corrosive,Object_10256
Fragile,Object_07536
Radioactive,Object_06328
Flammable,Object_08076
Explosive,Object_00039
Corrosive,Object_04901
Toxic,Object_10685
Flammable,Object_14521
Pressurized,Object_08518
Toxic,Object_05656
Food,Object_03200
Explosive,Object_00843
Oxidizing,Object_05408
Unspecified,Object_15927
Radioactive,Object_09369
Explosive,Object_05252
Food,Object_04284
Food,Object_06648
Fragile,Object_05201
Food,Object_13781
Explosive,Object_14491
Corrosive,Object_16160
Fragile,Object_09042
Food,Object_04361
Toxic,Object_11007
Flammable,Object_00283
Corrosive,Object_05853
Fragile,Object_01775
Explosive,Object_15103
Food,Object_02934
Oxidizing,Object_03610
Pressurized,Object_01258
Oxidizing,Object_14253
Toxic,Object_07322
Fragile,Object_00092
Unspecified,Object_06256
Corrosive,Object_12095
Oxidizing,Object_08344
Oxidizing,Object_01380
Food,Object_13790
Radioactive,Object_15017
Flammable,Object_14868
Food,Object_15449
Fragile,Object_09087
Pressurized,Object_07722
Radioactive,Object_00824
Explosive,Object_04973
Explosive,Object_00148
Corrosive,Object_14832
Radioactive,Object_01322
Radioactive,Object_15423
Corrosive,Object_06721
Flammable,Object_03857
Oxidizing,Object_09825
Food,Object_11983
Explosive,Object_05846
Explosive,Object_01985
Oxidizing,Object_05383
Pressurized,Object_04493
Radioactive,Object_00677
Food,Object_00559
Fragile,Object_12473
Toxic,Object_11492
Fragile,Object_13122
Fragile,Object_06134
Pressurized,Object_10556
Oxidizing,Object_08589
Pressurized,Object_01119
Pressurized,Object_05809
Unspecified,Object_07936
Radioactive,Object_02053
Toxic,Object_08639
Radioactive,Object_00310
Food,Object_03250
Pressurized,Object_07351
Flammable,Object_10835
Corrosive,Object_14772
Unspecified,Object_02816
Food,Object_12496
Radioactive,Object_12233
Pressurized,Object_06142
Oxidizing,Object_05535
Explosive,Object_10164
Fragile,Object_15661
Pressurized,Object_16149
Pressurized,Object_00219
Food,Object_03787
Food,Object_00366
Unspecified,Object_14471
Food,Object_16196
Pressurized,Object_02071
Radioactive,Object_13955
Corrosive,Object_15898
Toxic,Object_03360
Toxic,Object_02671
Corrosive,Object_14263
Corrosive,Object_06280
Toxic,Object_07888
Radioactive,Object_00862
Oxidizing,Object_08934
Corrosive,Object_00627
Fragile,Object_03021
Flammable,Object_00994
Toxic,Object_09667
Pressurized,Object_11558
Corrosive,Object_10137
Corrosive,Object_04043
Fragile,Object_01780
Radioactive,Object_09237
Corrosive,Object_05952
Food,Object_16349
Explosive,Object_00547
Fragile,Object_05462
Oxidizing,Object_13298
Radioactive,Object_14673
Explosive,Object_13705
Radioactive,Object_02243
Food,Object_13241
Explosive,Object_12908
Fragile,Object_08401
Explosive,Object_05724
Fragile,Object_03224
Fragile,Object_08201
Fragile,Object_04659
Explosive,Object_05723
Flammable,Object_16326
Pressurized,Object_14638
Flammable,Object_03152
Pressurized,Object_03751
Toxic,Object_03540
Pressurized,Object_12797
Food,Object_05061
Fragile,Object_07175
Unspecified,Object_02041
Fragile,Object_03401
Food,Object_01435
Fragile,Object_06636
Pressurized,Object_09432
Fragile,Object_12193
Flammable,Object_06990
Oxidizing,Object_02437
Unspecified,Object_06491
Fragile,Object_08288
Oxidizing,Object_11670
Corrosive,Object_05737
Pressurized,Object_02841
Radioactive,Object_11845
Radioactive,Object_11199
Explosive,Object_02359
Oxidizing,Object_14098
Toxic,Object_06040
Flammable,Object_00321
Corrosive,Object_04720
Radioactive,Object_15312
Fragile,Object_15918
Toxic,Object_08637
Pressurized,Object_09321
Pressurized,Object_02695
Radioactive,Object_04308
Explosive,Object_02023
Flammable,Object_06616
Oxidizing,Object_04955
Explosive,Object_03271
Food,Object_06755
Radioactive,Object_00525
Food,Object_11944
Unspecified,Object_14478
Oxidizing,Object_12984
Food,Object_01653
Corrosive,Object_02257
Toxic,Object_11814
Oxidizing,Object_05611
Fragile,Object_05872
Flammable,Object_12090
Flammable,Object_10838
Fragile,Object_04813
Flammable,Object_02543
Corrosive,Object_04712
Toxic,Object_08897
Corrosive,Object_10521
Explosive,Object_08696
Radioactive,Object_05446
Oxidizing,Object_09113
Toxic,Object_06701
Fragile,Object_03541
Fragile,Object_15309
Food,Object_01685
Fragile,Object_01065
Toxic,Object_11964
Radioactive,Object_03187
Unspecified,Object_00564
Radioactive,Object_07708
Unspecified,Object_03918
Unspecified,Object_03428
Fragile,Object_04395
Corrosive,Object_01058
Radioactive,Object_15909
Pressurized,Object_14655
Flammable,Object_15233
Fragile,Object_08293
Radioactive,Object_11467
Pressurized,Object_01408
Fragile,Object_00091
Toxic,Object_13895
Unspecified,Object_03020
Corrosive,Object_00471
Oxidizing,Object_03725
Explosive,Object_00574
Flammable,Object_13971
Explosive,Object_13305
Oxidizing,Object_07433
Corrosive,Object_07506
Unspecified,Object_11263
Radioactive,Object_02326
Fragile,Object_15273
Unspecified,Object_00570
Explosive,Object_01631
Radioactive,Object_14125
Pressurized,Object_00220
Flammable,Object_04003
Corrosive,Object_10524
Corrosive,Object_08136
Toxic,Object_11763
Toxic,Object_00263
Pressurized,Object_01456
Corrosive,Object_12999
Pressurized,Object_09918
Food,Object_16350
Food,Object_08658
Flammable,Object_00764
Explosive,Object_07858
Radioactive,Object_15123
Fragile,Object_12870
Radioactive,Object_04666
Explosive,Object_13708
Fragile,Object_12198
Unspecified,Object_03890
Fragile,Object_01543
Toxic,Object_03166
Toxic,Object_04379
Pressurized,Object_11572
Unspecified,Object_03201
Oxidizing,Object_01673
Explosive,Object_03124
Unspecified,Object_03203
Toxic,Object_04702
Fragile,Object_08209
Toxic,Object_07661
Oxidizing,Object_06547
Oxidizing,Object_10968
Unspecified,Object_12738
Oxidizing,Object_02706
Unspecified,Object_09997
Food,Object_01140
Toxic,Object_00264
Explosive,Object_06434
Radioactive,Object_04650
Unspecified,Object_14703
Toxic,Object_07099
Explosive,Object_12368
Flammable,Object_15132
Radioactive,Object_12727
Unspecified,Object_12002
Food,Object_06379
Flammable,Object_12159
Pressurized,Object_13840
Toxic,Object_09002
Pressurized,Object_09975
Fragile,Object_08165
Flammable,Object_09654
Fragile,Object_13998
Corrosive,Object_13167
Flammable,Object_02906
Fragile,Object_08368
Toxic,Object_11962
Fragile,Object_06639
Corrosive,Object_14775
Explosive,Object_12066
Flammable,Object_16324
Pressurized,Object_02504
Corrosive,Object_01052
Corrosive,Object_04731
Food,Object_01139
Fragile,Object_03070
Radioactive,Object_15319
Unspecified,Object_04575
Toxic,Object_15515
Radioactive,Object_03687
Pressurized,Object_03594
Flammable,Object_01717
Unspecified,Object_03422
Flammable,Object_05718
Explosive,Object_07674
Flammable,Object_03513
Unspecified,Object_01539
Toxic,Object_08806
Oxidizing,Object_02565
Toxic,Object_00704
Oxidizing,Object_15248
Pressurized,Object_10800
Food,Object_03780
Toxic,Object_13120
Unspecified,Object_09098
Explosive,Object_15143
Radioactive,Object_08989
Fragile,Object_04528
Flammable,Object_16340
Flammable,Object_04809
Food,Object_09254
Oxidizing,Object_10908
Unspecified,Object_03887
Flammable,Object_01720
Fragile,Object_06137
Fragile,Object_08292
Flammable,Object_16024
Pressurized,Object_01865
Pressurized,Object_13186
Fragile,Object_07090
Corrosive,Object_01223
Unspecified,Object_08965
Radioactive,Object_04200
Pressurized,Object_05359
Fragile,Object_11187
Fragile,Object_00098
Explosive,Object_05369
Food,Object_06208
Toxic,Object_09805
Unspecified,Object_14033
Pressurized,Object_15566
Fragile,Object_10475
Flammable,Object_13429
Corrosive,Object_15989
Corrosive,Object_06737
Oxidizing,Object_15792
Food,Object_02454
Oxidizing,Object_06309
Food,Object_09620
Fragile,Object_14155
Corrosive,Object_04450
Food,Object_09717
Oxidizing,Object_12387
Radioactive,Object_14754
Flammable,Object_07005
Explosive,Object_13815
Oxidizing,Object_04949
Toxic,Object_07964
Oxidizing,Object_14408
Oxidizing,Object_10081
Corrosive,Object_06926
Food,Object_14239
Explosive,Object_06296
Fragile,Object_06682
Flammable,Object_06105
Pressurized,Object_02480
Unspecified,Object_12425
Pressurized,Object_07580
Radioactive,Object_07866
Flammable,Object_09927
Flammable,Object_14616
Fragile,Object_13542
Corrosive,Object_04474
Food,Object_12809
Corrosive,Object_02952
Corrosive,Object_11706
Radioactive,Object_09500
Pressurized,Object_00807
Corrosive,Object_15887
Corrosive,Object_02265
Food,Object_12499
Oxidizing,Object_00641
Pressurized,Object_13835
Pressurized,Object_16184
Toxic,Object_04201
Flammable,Object_04111
Radioactive,Object_06903
Flammable,Object_02413
Radioactive,Object_00676
Radioactive,Object_15735
Radioactive,Object_13501
Radioactive,Object_15901
Explosive,Object_02176
Fragile,Object_08366
Radioactive,Object_15325
Explosive,Object_01472
Oxidizing,Object_15480
Toxic,Object_03133
Toxic,Object_09947
Corrosive,Object_02598
Unspecified,Object_14578
Radioactive,Object_13956
Unspecified,Object_12225
Radioactive,Object_15012
Explosive,Object_13814
Fragile,Object_03831
Fragile,Object_15636
Pressurized,Object_14053
Toxic,Object_14315
Toxic,Object_05089
Radioactive,Object_04197
Food,Object_13498
Explosive,Object_00338
Oxidizing,Object_07222
Fragile,Object_14470
Food,Object_15441
Radioactive,Object_07239
Food,Object_15743
Flammable,Object_02418
Corrosive,Object_11175
Unspecified,Object_06158
Unspecified,Object_14475
Toxic,Object_15398
Food,Object_16042
Explosive,Object_02086
Fragile,Object_03065
Toxic,Object_07815
Food,Object_14682
Toxic,Object_04681
Fragile,Object_11299
Food,Object_03482
Pressurized,Object_02507
Toxic,Object_10460
Food,Object_03244
Radioactive,Object_01921
Pressurized,Object_15434
Toxic,Object_03704
Food,Object_01663
Explosive,Object_01799
Pressurized,Object_01698
Corrosive,Object_00300
Pressurized,Object_05323
Unspecified,Object_13532
Corrosive,Object_10871
Corrosive,Object_05228
Pressurized,Object_03285
Fragile,Object_09083
Fragile,Object_15410
Radioactive,Object_15121
Corrosive,Object_10765
Corrosive,Object_05863
Food,Object_03960
Food,Object_08114
Radioactive,Object_04305
Fragile,Object_11924
Unspecified,Object_05837
Unspecified,Object_12589
Explosive,Object_11169
Fragile,Object_14766
Unspecified,Object_12973
Corrosive,Object_04085
Corrosive,Object_14715
Explosive,Object_04172
Unspecified,Object_06154
Food,Object_05285
Oxidizing,Object_07229
Flammable,Object_15211
Oxidizing,Object_03180
Toxic,Object_14131
Food,Object_07828
Radioactive,Object_10503
Pressurized,Object_05038
Food,Object_13491
Food,Object_11404
Fragile,Object_09638
Radioactive,Object_06428
Food,Object_09711
Corrosive,Object_05959
Flammable,Object_01715
Explosive,Object_07748
Oxidizing,Object_07257
Corrosive,Object_04785
Explosive,Object_04164
Oxidizing,Object_06976
Explosive,Object_09723
Fragile,Object_12144
Food,Object_02295
Flammable,Object_06518
Oxidizing,Object_05157
Fragile,Object_15640
Pressurized,Object_07563
Unspecified,Object_13903
Food,Object_14926
Flammable,Object_14026
Corrosive,Object_13827
Flammable,Object_04387
Explosive,Object_15102
Fragile,Object_01550
Fragile,Object_04812
Oxidizing,Object_11105
Radioactive,Object_10105
Flammable,Object_16177
Toxic,Object_12213
Oxidizing,Object_13721
Flammable,Object_03519
Food,Object_14350
Toxic,Object_13111
Radioactive,Object_14354
Fragile,Object_11332
Toxic,Object_03099
Fragile,Object_10861
Radioactive,Object_09218
Radioactive,Object_01554
Toxic,Object_11765
Corrosive,Object_01072
Explosive,Object_15150
Corrosive,Object_01184
Flammable,Object_00971
Food,Object_16124
Toxic,Object_13933
Corrosive,Object_07196
Corrosive,Object_10527
Oxidizing,Object_07223
Explosive,Object_05106
Oxidizing,Object_06546
Pressurized,Object_04317
Pressurized,Object_01404
Pressurized,Object_05415
Toxic,Object_15395
Unspecified,Object_11417
Food,Object_10628
Explosive,Object_01968
Food,Object_14749
Flammable,Object_08073
Oxidizing,Object_01723
Pressurized,Object_02773
Flammable,Object_08534
Fragile,Object_15839
Corrosive,Object_07503
Corrosive,Object_14948
Toxic,Object_14819
Oxidizing,Object_11667
Oxidizing,Object_12957
Fragile,Object_08279
Fragile,Object_00172
Food,Object_13093
Fragile,Object_02145
Radioactive,Object_06905
Oxidizing,Object_09745
Toxic,Object_10684
Toxic,Object_09554
Oxidizing,Object_12267
Toxic,Object_13937
Toxic,Object_04543
Unspecified,Object_08790
Toxic,Object_08628
Pressurized,Object_01428
Unspecified,Object_05889
Fragile,Object_02147
Oxidizing,Object_07254
Explosive,Object_01794
Fragile,Object_11202
Unspecified,Object_15780
Unspecified,Object_01621
Fragile,Object_13072
Oxidizing,Object_00244
Fragile,Object_16058
Food,Object_15227
Flammable,Object_15695
Fragile,Object_10473
Explosive,Object_11534
Radioactive,Object_01593
Oxidizing,Object_03608
Oxidizing,Object_02381
Food,Object_09360
Oxidizing,Object_00944
Unspecified,Object_08547
Food,Object_10654
Radioactive,Object_07701
Food,Object_09760
Food,Object_00082
Fragile,Object_02973
Flammable,Object_00056
Fragile,Object_12420
Flammable,Object_01510
Toxic,Object_16003
Flammable,Object_12561
Toxic,Object_10689
Unspecified,Object_06063
Flammable,Object_06614
Flammable,Object_02716
Food,Object_06674
Pressurized,Object_09800
Oxidizing,Object_06018
Oxidizing,Object_08869
Pressurized,Object_01959
Pressurized,Object_11779
Corrosive,Object_07501
Radioactive,Object_03822
Food,Object_01887
Radioactive,Object_05679
Toxic,Object_09989
Oxidizing,Object_05233
Explosive,Object_00031
Fragile,Object_14395
Flammable,Object_04063
Explosive,Object_13702
Unspecified,Object_06466
Oxidizing,Object_10965
Fragile,Object_08169
Unspecified,Object_00859
Radioactive,Object_01330
Oxidizing,Object_09202
Unspecified,Object_03430
Food,Object_02455
Oxidizing,Object_09600
Explosive,Object_02750
Toxic,Object_15005
Flammable,Object_12644
Explosive,Object_08495
Flammable,Object_02713
Radioactive,Object_05673
Toxic,Object_08895
Toxic,Object_09950
Toxic,Object_11638
Food,Object_05692
Corrosive,Object_09401
Pressurized,Object_05472
Oxidizing,Object_07982
Radioactive,Object_02798
Unspecified,Object_00561
Pressurized,Object_13570
Fragile,Object_01649
Corrosive,Object_05248
Food,Object_15525
Toxic,Object_11112
Unspecified,Object_02817
Food,Object_03458
Toxic,Object_10003
Fragile,Object_13882
Flammable,Object_15339
Fragile,Object_16017
Fragile,Object_12869
Oxidizing,Object_04155
Flammable,Object_15847
Food,Object_00470
Corrosive,Object_01185
Toxic,Object_08351
Oxidizing,Object_05388
Flammable,Object_04805
Toxic,Object_13638
Food,Object_00067
Fragile,Object_03022
Unspecified,Object_15701
Unspecified,Object_02810
Oxidizing,Object_15253
Food,Object_02529
Pressurized,Object_03847
Food,Object_13365
Flammable,Object_15041
Corrosive,Object_06353
Fragile,Object_04434
Fragile,Object_12418
Oxidizing,Object_13297
Flammable,Object_02550
Pressurized,Object_10551
Unspecified,Object_14844
Oxidizing,Object_05339
Explosive,Object_12246
Oxidizing,Object_15243
Oxidizing,Object_11791
Corrosive,Object_02554
Unspecified,Object_14189
Food,Object_13018
Unspecified,Object_11443
Corrosive,Object_10880
Food,Object_11854
Unspecified,Object_01992
Flammable,Object_11603
Corrosive,Object_03643
Toxic,Object_05087
Radioactive,Object_05937
Oxidizing,Object_10991
Toxic,Object_03449
Oxidizing,Object_13434
Toxic,Object_02100
Corrosive,Object_14364
Oxidizing,Object_15473
Food,Object_15526
Unspecified,Object_10295
Radioactive,Object_13666
Oxidizing,Object_15791
Flammable,Object_15220
Toxic,Object_08634
Radioactive,Object_12234
Unspecified,Object_11262
Corrosive,Object_10809
Toxic,Object_04876
Flammable,Object_10406
Oxidizing,Object_15629
Toxic,Object_00885
Food,Object_07992
Fragile,Object_04816
Food,Object_14828
Radioactive,Object_07611
Flammable,Object_03720
Corrosive,Object_12348
Corrosive,Object_11180
Food,Object_12820
Oxidizing,Object_05333
Unspecified,Object_02783
Explosive,Object_16320
Explosive,Object_05073
Pressurized,Object_08513
Pressurized,Object_12626
Pressurized,Object_09124
Food,Object_08653
Toxic,Object_08354
Corrosive,Object_03146
Radioactive,Object_09370
Radioactive,Object_11727
Fragile,Object_09088
Corrosive,Object_14964
Flammable,Object_11542
Oxidizing,Object_07769
Fragile,Object_07083
Food,Object_09191
Fragile,Object_14393
Corrosive,Object_06161
Radioactive,Object_05057
Flammable,Object_14527
Corrosive,Object_14624
Explosive,Object_03125
Radioactive,Object_06963
Fragile,Object_13230
Corrosive,Object_12992
Radioactive,Object_11503
Pressurized,Object_00458
Explosive,Object_05551
Toxic,Object_08388
Fragile,Object_08998
Flammable,Object_11601
Unspecified,Object_05130
Food,Object_14380
Toxic,Object_14503
Explosive,Object_08739
Unspecified,Object_03621
Explosive,Object_06574
Corrosive,Object_13343
Flammable,Object_15236
Pressurized,Object_10519
Oxidizing,Object_12821
Food,Object_13448
Radioactive,Object_12307
Corrosive,Object_13289
Oxidizing,Object_02567
Toxic,Object_03092
Flammable,Object_13975
Flammable,Object_09766
Pressurized,Object_00498
Toxic,Object_00701
Food,Object_16361
Pressurized,Object_13187
Food,Object_13445
Oxidizing,Object_15254
Pressurized,Object_16141
Toxic,Object_08677
Food,Object_10645
Explosive,Object_05076
Flammable,Object_15213
Corrosive,Object_06355
Food,Object_00598
Unspecified,Object_10702
Unspecified,Object_10981
Food,Object_09198
Unspecified,Object_12662
Explosive,Object_11869
Oxidizing,Object_00446
Explosive,Object_08450
Radioactive,Object_02792
Pressurized,Object_01953
Explosive,Object_13731
Toxic,Object_00884
Fragile,Object_10573
Radioactive,Object_02052
Toxic,Object_11497
Corrosive,Object_09225
Unspecified,Object_05131
Flammable,Object_06531
Pressurized,Object_04855
Pressurized,Object_00197
Flammable,Object_06620
Toxic,Object_14816
Explosive,Object_03932
Corrosive,Object_00229
Toxic,Object_00793
Toxic,Object_12351
Unspecified,Object_08605
Fragile,Object_00515
Explosive,Object_13710
Radioactive,Object_15903
Toxic,Object_08877
Explosive,Object_01613
Unspecified,Object_02048
Explosive,Object_07513
Explosive,Object_00610
Radioactive,Object_09491
Explosive,Object_05649
Flammable,Object_09106
Oxidizing,Object_14297
Unspecified,Object_13908
Flammable,Object_06617
Corrosive,Object_13596
Radioactive,Object_07210
Radioactive,Object_00671
Flammable,Object_11396
Unspecified,Object_08964
Oxidizing,Object_03211
Fragile,Object_14397
Corrosive,Object_02591
Fragile,Object_08683
Toxic,Object_08680
Pressurized,Object_12126
Corrosive,Object_12204
Oxidizing,Object_10150
Food,Object_00385
Corrosive,Object_01840
Pressurized,Object_12800
Oxidizing,Object_09183
Oxidizing,Object_15249
Corrosive,Object_06218
Fragile,Object_10811
Food,Object_02962
Unspecified,Object_14031
Radioactive,Object_03823
Explosive,Object_04246
Toxic,Object_09808
Flammable,Object_00998
Radioactive,Object_02245
Explosive,Object_03334
Unspecified,Object_06917
Fragile,Object_03544
Corrosive,Object_02647
Corrosive,Object_06995
Unspecified,Object_07898
Oxidizing,Object_15584
Pressurized,Object_16390
Explosive,Object_12518
Food,Object_03499
Flammable,Object_13086
Flammable,Object_03719
Pressurized,Object_10520
Pressurized,Object_04589
Pressurized,Object_05577
Pressurized,Object_12075
Flammable,Object_07919
Oxidizing,Object_09836
Explosive,Object_05553
Radioactive,Object_05677
Unspecified,Object_00190
Food,Object_16125
Toxic,Object_09308
Corrosive,Object_13320
Toxic,Object_12753
Oxidizing,Object_10360
Explosive,Object_12070
Corrosive,Object_14998
Unspecified,Object_07218
Pressurized,Object_08315
Flammable,Object_07009
Fragile,Object_14957
Food,Object_07991
Flammable,Object_12604
Toxic,Object_08353
Fragile,Object_00533
Oxidizing,Object_09210
Corrosive,Object_01051
Toxic,Object_12021
Corrosive,Object_11174
Unspecified,Object_13627
Corrosive,Object_04630
Radioactive,Object_04940
Explosive,Object_05591
Oxidizing,Object_05507
Oxidizing,Object_08054
Corrosive,Object_11978
Oxidizing,Object_05406
Food,Object_01588
Food,Object_15539
Fragile,Object_08272
Corrosive,Object_04047
Toxic,Object_11636
Unspecified,Object_15418
Pressurized,Object_09972
Fragile,Object_11338
Toxic,Object_13926
Food,Object_03245
Oxidizing,Object_05231
Corrosive,Object_06727
Toxic,Object_13195
Flammable,Object_00059
Explosive,Object_14499
Oxidizing,Object_04965
Radioactive,Object_05792
Food,Object_05768
Oxidizing,Object_07410
Oxidizing,Object_14734
Flammable,Object_11994
Radioactive,Object_10758
Fragile,Object_02974
Corrosive,Object_04046
Food,Object_01920
Explosive,Object_01812
Corrosive,Object_09816
Corrosive,Object_11084
Corrosive,Object_08266
Pressurized,Object_15813
Toxic,Object_05026
Fragile,Object_06687
Flammable,Object_00738
Oxidizing,Object_01569
Flammable,Object_11024
Pressurized,Object_05810
Unspecified,Object_12339
Explosive,Object_08309
Oxidizing,Object_15370
Corrosive,Object_06213
Toxic,Object_08627
Radioactive,Object_06088
Explosive,Object_01815
Food,Object_13679
Radioactive,Object_15858
Food,Object_01581
Corrosive,Object_08131
Food,Object_03035
Flammable,Object_03791
Radioactive,Object_12443
Food,Object_00070
Flammable,Object_05711
Flammable,Object_06651
Unspecified,Object_14037
Oxidizing,Object_10549
Pressurized,Object_01452
Toxic,Object_03169
Corrosive,Object_10251
Fragile,Object_04926
Explosive,Object_06779
Unspecified,Object_08415
Flammable,Object_06659
Food,Object_02892
Oxidizing,Object_15288
Fragile,Object_10889
Food,Object_10651
Oxidizing,Object_05502
Unspecified,Object_14702
Food,Object_12654
Oxidizing,Object_10546
Fragile,Object_00254
Unspecified,Object_08545
Radioactive,Object_13156
Oxidizing,Object_05336
Flammable,Object_05318
Fragile,Object_07183
Food,Object_06450
Flammable,Object_00665
Toxic,Object_11591
Pressurized,Object_12936
Pressurized,Object_14656
Toxic,Object_13923
Food,Object_09391
Explosive,Object_12532
Pressurized,Object_07335
Oxidizing,Object_09343
Flammable,Object_10279
Oxidizing,Object_15375
Flammable,Object_05511
Pressurized,Object_00079
Oxidizing,Object_13431
Fragile,Object_15911
Radioactive,Object_03904
Pressurized,Object_04988
Unspecified,Object_00017
Oxidizing,Object_07556
Corrosive,Object_05296
Explosive,Object_01096
Radioactive,Object_05668
Pressurized,Object_15682
Fragile,Object_15668
Pressurized,Object_02691
Corrosive,Object_15893
Toxic,Object_08594
Oxidizing,Object_01726
Flammable,Object_10840
Corrosive,Object_10191
Radioactive,Object_13414
Pressurized,Object_14339
Oxidizing,Object_09597
Toxic,Object_03709
Oxidizing,Object_15680
Corrosive,Object_06167
Fragile,Object_13649
Pressurized,Object_14338
Corrosive,Object_10269
Explosive,Object_07745
Oxidizing,Object_05588
Flammable,Object_07242
Toxic,Object_07882
Explosive,Object_08697
Oxidizing,Object_09829
Flammable,Object_05001
Flammable,Object_08745
Toxic,Object_03539
Fragile,Object_08280
Unspecified,Object_02290
Fragile,Object_14219
Oxidizing,Object_10442
Unspecified,Object_01145
Fragile,Object_06804
Food,Object_08246
Explosive,Object_05722
Fragile,Object_03239
Toxic,Object_07927
Oxidizing,Object_02463
Explosive,Object_00573
Corrosive,Object_12161
Radioactive,Object_11060
Oxidizing,Object_06056
Corrosive,Object_14600
Fragile,Object_10819
Radioactive,Object_13415
Food,Object_08529
Food,Object_06887
Corrosive,Object_04794
Oxidizing,Object_15802
Food,Object_05180
Radioactive,Object_06902
Unspecified,Object_02879
Radioactive,Object_03115
Radioactive,Object_11642
Fragile,Object_13858
Radioactive,Object_02056
Unspecified,Object_12439
Fragile,Object_11271
Food,Object_16200
Food,Object_08943
Toxic,Object_07648
Pressurized,Object_00493
Flammable,Object_11681
Oxidizing,Object_01372
Unspecified,Object_05350
Pressurized,Object_10552
Radioactive,Object_10233
Toxic,Object_06795
Pressurized,Object_09435
Flammable,Object_06658
Food,Object_00009
Radioactive,Object_00343
Corrosive,Object_09224
Toxic,Object_04548
Unspecified,Object_07467
Fragile,Object_10815
Corrosive,Object_09952
Fragile,Object_13889
Food,Object_02009
Fragile,Object_12150
Pressurized,Object_15561
Food,Object_04428
Fragile,Object_03059
Fragile,Object_12912
Unspecified,Object_06414
Corrosive,Object_14713
Explosive,Object_04100
Fragile,Object_05209
Food,Object_14568
Fragile,Object_08297
Toxic,Object_03654
Explosive,Object_03333
Radioactive,Object_13158
Unspecified,Object_02496
Pressurized,Object_01029
Oxidizing,Object_09860
Oxidizing,Object_05338
Oxidizing,Object_09139
Unspecified,Object_06251
Fragile,Object_13890
Corrosive,Object_10262
Fragile,Object_14954
Flammable,Object_04802
Explosive,Object_04539
Fragile,Object_10471
Explosive,Object_11939
Corrosive,Object_12343
Food,Object_10623
Explosive,Object_08617
Food,Object_11151
Explosive,Object_03339
Explosive,Object_00237
Radioactive,Object_03967
Fragile,Object_00537
Explosive,Object_03335
Explosive,Object_04532
Pressurized,Object_03808
Unspecified,Object_02608
Flammable,Object_15842
Explosive,Object_02207
Oxidizing,Object_00943
Oxidizing,Object_09119
Unspecified,Object_10296
Corrosive,Object_04133
Corrosive,Object_06164
Pressurized,Object_14419
Fragile,Object_15559
Unspecified,Object_01938
Flammable,Object_04801
Corrosive,Object_13005
Flammable,Object_14609
Explosive,Object_01963
Explosive,Object_12709
Flammable,Object_16023
Radioactive,Object_09231
Oxidizing,Object_14279
Flammable,Object_16175
Food,Object_14925
Unspecified,Object_11261
Oxidizing,Object_12836
Toxic,Object_16358
Fragile,Object_07316
Pressurized,Object_03382
Radioactive,Object_12843
Toxic,Object_08214
Pressurized,Object_00809
Food,Object_03195
Explosive,Object_02442
Toxic,Object_09142
Explosive,Object_05844
Corrosive,Object_00223
Toxic,Object_13640
Toxic,Object_14507
Food,Object_16348
Pressurized,Object_05034
Radioactive,Object_10745
Unspecified,Object_01387
Explosive,Object_05560
Explosive,Object_03337
Fragile,Object_07801
Food,Object_16043
Fragile,Object_11930
Flammable,Object_00735
Explosive,Object_15787
Food,Object_08478
Radioactive,Object_01497
Flammable,Object_01180
Food,Object_02338
Oxidizing,Object_01378
Oxidizing,Object_12888
Food,Object_13247
Radioactive,Object_16075
Toxic,Object_08640
Oxidizing,Object_02107
Corrosive,Object_14694
Corrosive,Object_02600
Corrosive,Object_04325
Pressurized,Object_07043
Fragile,Object_13991
Toxic,Object_03400
Explosive,Object_14518
Food,Object_15076
Food,Object_09619
Oxidizing,Object_10089
Corrosive,Object_09882
Unspecified,Object_14707
Corrosive,Object_13597
Flammable,Object_10302
Fragile,Object_04825
Unspecified,Object_12430
Corrosive,Object_02625
Explosive,Object_04972
Toxic,Object_04371
Flammable,Object_06611
Toxic,Object_16087
Corrosive,Object_10134
Explosive,Object_10893
Radioactive,Object_07272
Radioactive,Object_06873
Unspecified,Object_16236
Toxic,Object_06797
Toxic,Object_16002
Pressurized,Object_13861
Radioactive,Object_10760
Corrosive,Object_14919
Explosive,Object_00156
Toxic,Object_07884
Explosive,Object_01473
Unspecified,Object_04357
Toxic,Object_08624
Flammable,Object_05393
Toxic,Object_00986
Unspecified,Object_12764
Radioactive,Object_09385
Corrosive,Object_12346
Radioactive,Object_09967
Pressurized,Object_06149
Radioactive,Object_13661
Toxic,Object_04275
Corrosive,Object_14265
Corrosive,Object_10213
Unspecified,Object_00434
Food,Object_06207
Radioactive,Object_04726
Fragile,Object_04439
Explosive,Object_11368
Food,Object_07825
Unspecified,Object_01577
Food,Object_14824
Oxidizing,Object_15713
Unspecified,Object_05275
Pressurized,Object_01015
Radioactive,Object_15658
Pressurized,Object_04597
Explosive,Object_02531
Radioactive,Object_05796
Radioactive,Object_06321
Corrosive,Object_11749
Oxidizing,Object_13728
Explosive,Object_11696
Pressurized,Object_10129
Pressurized,Object_10371
Corrosive,Object_01357
Explosive,Object_08620
Toxic,Object_14535
Corrosive,Object_05292
Oxidizing,Object_02273
Oxidizing,Object_12266
Fragile,Object_14211
Oxidizing,Object_14094
Pressurized,Object_05493
Toxic,Object_16086
Corrosive,Object_00376
Fragile,Object_04432
Radioactive,Object_14675
Toxic,Object_13633
Toxic,Object_09004
Explosive,Object_01908
Oxidizing,Object_03173
Toxic,Object_03356
Explosive,Object_05109
Explosive,Object_14644
Radioactive,Object_15313
Food,Object_06553
Explosive,Object_13276
Food,Object_13367
Corrosive,Object_05963
Toxic,Object_07098
Pressurized,Object_13266
Fragile,Object_11827
Corrosive,Object_10762
Radioactive,Object_03686
Oxidizing,Object_06240
Food,Object_03776
Oxidizing,Object_08926
Oxidizing,Object_13035
Food,Object_01135
Radioactive,Object_10467
Radioactive,Object_09382
Radioactive,Object_13665
Oxidizing,Object_08346
Unspecified,Object_10984
Radioactive,Object_13951
Food,Object_10348
Corrosive,Object_14009
Radioactive,Object_15127
Fragile,Object_02768
Food,Object_07376
Oxidizing,Object_14097
Food,Object_04635
Explosive,Object_02538
Toxic,Object_11428
Unspecified,Object_16235
Unspecified,Object_03421
Food,Object_00367
Pressurized,Object_14652
Food,Object_00554
Pressurized,Object_02857
Radioactive,Object_10719
Explosive,Object_01003
Oxidizing,Object_15808
Flammable,Object_04005
Oxidizing,Object_06060
Fragile,Object_06711
Corrosive,Object_14718
Flammable,Object_09159
Radioactive,Object_02323
Toxic,Object_07284
Unspecified,Object_02500
Toxic,Object_16088
Explosive,Object_11127
Radioactive,Object_00399
Food,Object_03456
Toxic,Object_08390
Radioactive,Object_06421
Flammable,Object_01165
Flammable,Object_01171
Explosive,Object_10618
Pressurized,Object_09130
Corrosive,Object_03981
Corrosive,Object_02409
Food,Object_02485
Fragile,Object_03068
Radioactive,Object_09250
Corrosive,Object_14366
Oxidizing,Object_00965
Pressurized,Object_01256
Food,Object_04283
Flammable,Object_00330
Pressurized,Object_02373
Toxic,Object_04684
Fragile,Object_12195
Unspecified,Object_13968
Explosive,Object_00904
Radioactive,Object_03348
Flammable,Object_06983
Fragile,Object_04929
Flammable,Object_15215
Radioactive,Object_08984
Food,Object_15355
Flammable,Object_12677
Oxidizing,Object_08147
Flammable,Object_07734
Toxic,Object_11817
Oxidizing,Object_06116
Toxic,Object_10976
Flammable,Object_03878
Pressurized,Object_03731
Explosive,Object_12514
Corrosive,Object_13344
Oxidizing,Object_00968
Pressurized,Object_04335
Corrosive,Object_07072
Toxic,Object_04205
Fragile,Object_12411
Unspecified,Object_07931
Corrosive,Object_01060
Corrosive,Object_03750
Corrosive,Object_05826
Flammable,Object_14611
Fragile,Object_08827
Unspecified,Object_04144
Corrosive,Object_01183
Food,Object_01335
Explosive,Object_06749
Fragile,Object_11209
Radioactive,Object_15427
Fragile,Object_05995
Explosive,Object_04011
Radioactive,Object_09367
Food,Object_12173
Food,Object_13468
Oxidizing,Object_03606
Flammable,Object_09768
Flammable,Object_13423
Corrosive,Object_04087
Toxic,Object_11111
Oxidizing,Object_02161
Pressurized,Object_08920
Corrosive,Object_12097
Oxidizing,Object_06381
Corrosive,Object_04252
Unspecified,Object_04580
Fragile,Object_04819
Toxic,Object_03300
Pressurized,Object_04312
Explosive,Object_11163
Fragile,Object_03026
Corrosive,Object_11835
Toxic,Object_03655
Fragile,Object_13841
Radioactive,Object_03902
Fragile,Object_01066
Flammable,Object_13985
Food,Object_03481
Radioactive,Object_13668
Toxic,Object_10458
Radioactive,Object_00672
Oxidizing,Object_03376
Toxic,Object_09307
Food,Object_03488
Food,Object_14748
Fragile,Object_12199
Food,Object_13674
Explosive,Object_11329
Fragile,Object_11340
Food,Object_06378
Explosive,Object_06741
Food,Object_15533
Toxic,Object_10610
Pressurized,Object_09867
Corrosive,Object_02686
Corrosive,Object_13822
Fragile,Object_08202
Corrosive,Object_06042
Corrosive,Object_04258
Corrosive,Object_14697
Corrosive,Object_12092
Unspecified,Object_01147
Oxidizing,Object_05509
Pressurized,Object_04693
Fragile,Object_13547
Corrosive,Object_09290
Radioactive,Object_06429
Corrosive,Object_09815
Explosive,Object_10598
Pressurized,Object_13189
Oxidizing,Object_10388
Fragile,Object_03832
Food,Object_08856
Explosive,Object_05554
Food,Object_13443
Corrosive,Object_14717
Toxic,Object_04882
Pressurized,Object_07353
Unspecified,Object_02044
Flammable,Object_16261
Toxic,Object_12948
Flammable,Object_14869
Corrosive,Object_04256
Oxidizing,Object_06111
Toxic,Object_00983
Corrosive,Object_11087
Corrosive,Object_06927
Radioactive,Object_09279
Food,Object_03955
Unspecified,Object_04239
Pressurized,Object_00457
Food,Object_00384
Flammable,Object_16065
Fragile,Object_10184
Flammable,Object_05116
Pressurized,Object_01521
Pressurized,Object_03502
Fragile,Object_04652
Food,Object_02065
Oxidizing,Object_10142
Corrosive,Object_05481
Radioactive,Object_16166
Toxic,Object_15383
Unspecified,Object_15613
Unspecified,Object_14438
Fragile,Object_06628
Explosive,Object_09479
Flammable,Object_07245
Flammable,Object_03361
Corrosive,Object_13352
Food,Object_11654
Fragile,Object_11891
Food,Object_13588
Corrosive,Object_14961
Fragile,Object_11452
Pressurized,Object_15606
Pressurized,Object_04987
Pressurized,Object_08910
Corrosive,Object_06870
Corrosive,Object_04846
Oxidizing,Object_00948
Pressurized,Object_02474
Explosive,Object_00608
Food,Object_06444
Radioactive,Object_10153
Explosive,Object_07112
Fragile,Object_14462
Food,Object_09353
Oxidizing,Object_05158
Flammable,Object_12618
Unspecified,Object_01390
Pressurized,Object_16217
Pressurized,Object_00163
Oxidizing,Object_02386
Oxidizing,Object_07252
Food,Object_00488
Pressurized,Object_10379
Explosive,Object_07517
Toxic,Object_06707
Corrosive,Object_10193
Toxic,Object_07026
Corrosive,Object_02261
Pressurized,Object_03739
Unspecified,Object_12664
Radioactive,Object_11723
Flammable,Object_04022
Radioactive,Object_16226
Toxic,Object_06800
Flammable,Object_06102
Unspecified,Object_04359
Toxic,Object_01397
Unspecified,Object_02806
Radioactive,Object_15866
Corrosive,Object_08887
Oxidizing,Object_07761
Explosive,Object_04020
Fragile,Object_15836
Food,Object_06812
Corrosive,Object_07195
Flammable,Object_03308
Unspecified,Object_02015
Corrosive,Object_02258
Corrosive,Object_05483
Fragile,Object_13808
Unspecified,Object_10400
Unspecified,Object_01627
Corrosive,Object_12165
Unspecified,Object_10566
Corrosive,Object_04787
Radioactive,Object_10759
Pressurized,Object_16394
Toxic,Object_09146
Fragile,Object_13887
Oxidizing,Object_12830
Oxidizing,Object_01728
Radioactive,Object_00688
Toxic,Object_13659
Pressurized,Object_01735
Flammable,Object_16107
Toxic,Object_16255
Fragile,Object_07174
Corrosive,Object_10258
Flammable,Object_01707
Unspecified,Object_10692
Toxic,Object_13792
Flammable,Object_00765
Pressurized,Object_12931
Oxidizing,Object_09207
Oxidizing,Object_11621
Toxic,Object_07969
Unspecified,Object_03672
Fragile,Object_01978
Flammable,Object_10921
Fragile,Object_10867
Pressurized,Object_14635
Radioactive,Object_10157
Fragile,Object_01044
Radioactive,Object_00524
Explosive,Object_08459
Radioactive,Object_12699
Fragile,Object_11203
Explosive,Object_05850
Toxic,Object_04274
Food,Object_11985
Corrosive,Object_00298
Oxidizing,Object_00771
Pressurized,Object_03432
Pressurized,Object_03846
Explosive,Object_04976
Unspecified,Object_08090
Explosive,Object_14497
Food,Object_15157
Radioactive,Object_08064
Flammable,Object_12154
Radioactive,Object_16161
Oxidizing,Object_02840
Explosive,Object_02116
Flammable,Object_07912
Toxic,Object_13922
Corrosive,Object_04628
Corrosive,Object_14801
Unspecified,Object_11414
Flammable,Object_07739
Food,Object_12371
Fragile,Object_06830
Unspecified,Object_06396
Flammable,Object_04807
Radioactive,Object_13957
Explosive,Object_07676
Food,Object_10366
Pressurized,Object_03600
Pressurized,Object_08318
Pressurized,Object_03803
Pressurized,Object_15570
Radioactive,Object_09388
Toxic,Object_12593
Corrosive,Object_03150
Corrosive,Object_04719
Food,Object_10493
Radioactive,Object_00341
Oxidizing,Object_07148
Unspecified,Object_07346
Radioactive,Object_10757
Oxidizing,Object_08107
Pressurized,Object_09566
Explosive,Object_07756
Pressurized,Object_10555
Flammable,Object_04389
Fragile,Object_01041
Food,Object_05175
Explosive,Object_15142
Explosive,Object_16278
Radioactive,Object_11051
Flammable,Object_03800
Explosive,Object_11356
Toxic,Object_07965
Oxidizing,Object_06549
Corrosive,Object_10219
Fragile,Object_10580
Oxidizing,Object_12826
Food,Object_08122
Food,Object_06811
Explosive,Object_12459
Oxidizing,Object_12835
Unspecified,Object_00130
Fragile,Object_05470
Unspecified,Object_00835
Corrosive,Object_14007
Toxic,Object_04831
Toxic,Object_03299
Pressurized,Object_03976
Explosive,Object_07365
Flammable,Object_00322
Pressurized,Object_07725
Explosive,Object_09642
Unspecified,Object_09426
Corrosive,Object_14966
Explosive,Object_02722
Explosive,Object_01909
Toxic,Object_13635
Unspecified,Object_06913
Flammable,Object_12155
Toxic,Object_02428
Corrosive,Object_07593
Radioactive,Object_04931
Toxic,Object_09305
Explosive,Object_03128
Unspecified,Object_11420
Unspecified,Object_11446
Toxic,Object_09945
Toxic,Object_07883
Unspecified,Object_03429
Radioactive,Object_09274
Food,Object_12299
Food,Object_14561
Fragile,Object_08820
Explosive,Object_03127
Corrosive,Object_00228
Toxic,Object_10974
Unspecified,Object_02050
Corrosive,Object_09315
Food,Object_10345
Corrosive,Object_13615
Oxidizing,Object_05911
Corrosive,Object_09814
Oxidizing,Object_10085
Toxic,Object_12025
Fragile,Object_07540
Radioactive,Object_11803
Toxic,Object_11637
Pressurized,Object_00218
Food,Object_01912
Explosive,Object_06471
Unspecified,Object_08544
Radioactive,Object_12846
Radioactive,Object_07108
Oxidizing,Object_09743
Explosive,Object_04249
Food,Object_15151
Food,Object_03033
Food,Object_03459
Flammable,Object_11521
Flammable,Object_10403
Radioactive,Object_04343
Food,Object_16041
Food,Object_09613
Fragile,Object_08829
Fragile,Object_15553
Explosive,Object_13737
Flammable,Object_01365
Food,Object_15728
Flammable,Object_08767
Explosive,Object_02986
Explosive,Object_02942
Food,Object_12052
Pressurized,Object_01867
Toxic,Object_14140
Food,Object_08249
Food,Object_01340
Explosive,Object_04176
Corrosive,Object_05824
Oxidizing,Object_04152
Flammable,Object_16179
Radioactive,Object_13509
Fragile,Object_06767
Radioactive,Object_06962
Explosive,Object_14520
Pressurized,Object_01764
Unspecified,Object_08412
Flammable,Object_00739
Corrosive,Object_13592
Flammable,Object_11471
Corrosive,Object_04842
Unspecified,Object_15411
Radioactive,Object_04074
Food,Object_08480
Toxic,Object_02094
Oxidizing,Object_02435
Explosive,Object_10932
Food,Object_07826
Radioactive,Object_13066
Oxidizing,Object_07166
Explosive,Object_07672
Oxidizing,Object_12102
Fragile,Object_08830
Corrosive,Object_14308
Flammable,Object_02541
Food,Object_15967
Corrosive,Object_07595
Flammable,Object_12089
Flammable,Object_16330
Food,Object_11984
Radioactive,Object_10237
Radioactive,Object_12693
Explosive,Object_07113
Explosive,Object_14446
Toxic,Object_13795
Corrosive,Object_06923
Food,Object_08772
Corrosive,Object_14367
Flammable,Object_15048
Fragile,Object_07806
Corrosive,Object_11971
Unspecified,Object_09338
Food,Object_12871
Explosive,Object_03275
Fragile,Object_10024
Radioactive,Object_15957
Unspecified,Object_01575
Food,Object_14347
Fragile,Object_02152
Corrosive,Object_16156
Fragile,Object_07084
Oxidizing,Object_08043
Explosive,Object_04892
Corrosive,Object_14088
Pressurized,Object_09971
Flammable,Object_14021
Toxic,Object_06593
Toxic,Object_06366
Food,Object_13060
Fragile,Object_10183
Explosive,Object_00337
Fragile,Object_01462
Flammable,Object_06536
Explosive,Object_03934
Fragile,Object_12197
Oxidizing,Object_04181
Flammable,Object_06535
Pressurized,Object_01517
Explosive,Object_12249
Oxidizing,Object_09525
Explosive,Object_00910
Corrosive,Object_05295
Oxidizing,Object_10448
Explosive,Object_15149
Oxidizing,Object_13727
Explosive,Object_02119
Radioactive,Object_13371
Explosive,Object_07424
Radioactive,Object_12235
Flammable,Object_05398
Fragile,Object_00096
Unspecified,Object_04413
Pressurized,Object_16372
Fragile,Object_15544
Radioactive,Object_07541
Radioactive,Object_01329
Corrosive,Object_00474
Corrosive,Object_12206
Explosive,Object_05301
Pressurized,Object_01738
Food,Object_13470
Unspecified,Object_06459
Toxic,Object_11220
Fragile,Object_04658
Toxic,Object_00426
Fragile,Object_13131
Fragile,Object_01546
Explosive,Object_09031
Explosive,Object_12064
Corrosive,Object_09230
Fragile,Object_06823
Corrosive,Object_08885
Pressurized,Object_10313
Toxic,Object_03480
Flammable,Object_16333
Radioactive,Object_12238
Unspecified,Object_02758
Corrosive,Object_02960
Fragile,Object_04655
Toxic,Object_11764
Unspecified,Object_01534
Explosive,Object_16319
Flammable,Object_09104
Toxic,Object_14540
Food,Object_10856
Flammable,Object_08078
Oxidizing,Object_09608
Unspecified,Object_07950
Explosive,Object_05842
Radioactive,Object_07234
Flammable,Object_00669
Fragile,Object_15277
Corrosive,Object_09959
Explosive,Object_07151
Toxic,Object_07654
Radioactive,Object_13069
Radioactive,Object_04264
Radioactive,Object_07705
Fragile,Object_11336
Fragile,Object_03001
Unspecified,Object_03767
Flammable,Object_14195
Unspecified,Object_12015
Toxic,Object_03096
Corrosive,Object_00872
Radioactive,Object_07209
Pressurized,Object_02479
Oxidizing,Object_08050
Pressurized,Object_10378
Toxic,Object_09786
Toxic,Object_07140
Unspecified,Object_05129
Pressurized,Object_16147
Corrosive,Object_04322
Oxidizing,Object_12037
Food,Object_04636
Oxidizing,Object_11953
Corrosive,Object_05908
Unspecified,Object_09993
Unspecified,Object_08180
Fragile,Object_11900
Fragile,Object_00724
Fragile,Object_14762
Toxic,Object_11072
Food,Object_09395
Radioactive,Object_02324
Toxic,Object_07094
Food,Object_13453
Corrosive,Object_14699
Radioactive,Object_16244
Toxic,Object_07670
Explosive,Object_05558
Flammable,Object_08075
Pressurized,Object_08254
Unspecified,Object_02784
Fragile,Object_16012
Flammable,Object_09265
Radioactive,Object_00674
Radioactive,Object_11850
Corrosive,Object_06077
Unspecified,Object_06467
Oxidizing,Object_04957
Flammable,Object_06242
Corrosive,Object_08267
Toxic,Object_15396
Food,Object_00088
Flammable,Object_10421
Corrosive,Object_15572
Corrosive,Object_13290
Pressurized,Object_11585
Oxidizing,Object_05454
Explosive,Object_08738
Explosive,Object_14931
Oxidizing,Object_01562
Oxidizing,Object_15241
Oxidizing,Object_10948
Oxidizing,Object_06936
Radioactive,Object_06284
Toxic,Object_03477
Pressurized,Object_09328
Corrosive,Object_05297
Oxidizing,Object_02183
Food,Object_07683
Pressurized,Object_00170
Unspecified,Object_12331
Toxic,Object_13200
Pressurized,Object_09325
Flammable,Object_04069
Explosive,Object_07389
Oxidizing,Object_15362
Explosive,Object_08700
Explosive,Object_15789
Explosive,Object_12537
Flammable,Object_02392
Unspecified,Object_06694
Food,Object_15152
Radioactive,Object_14555
Explosive,Object_03103
Food,Object_04637
Toxic,Object_03532
Oxidizing,Object_14252
Corrosive,Object_13342
Unspecified,Object_13875
Unspecified,Object_06260
Fragile,Object_08685
Corrosive,Object_04718
Food,Object_04362
Explosive,Object_03122
Food,Object_14984
Corrosive,Object_11834
Fragile,Object_01942
Toxic,Object_08097
Food,Object_10581
Food,Object_07130
Fragile,Object_11067
Explosive,Object_00232
Explosive,Object_15021
Corrosive,Object_13355
Explosive,Object_06029
Pressurized,Object_01460
Explosive,Object_02446
Food,Object_13671
Toxic,Object_07028
Explosive,Object_06571
Explosive,Object_00816
Unspecified,Object_09064
Food,Object_04290
Food,Object_03249
Pressurized,Object_07577
Pressurized,Object_01458
Corrosive,Object_03748
Corrosive,Object_00377
Explosive,Object_00340
Unspecified,Object_03678
Fragile,Object_06183
Food,Object_06448
Explosive,Object_02981
Corrosive,Object_14074
Oxidizing,Object_09292
Pressurized,Object_09974
Flammable,Object_12742
Food,Object_16365
Explosive,Object_05368
Pressurized,Object_02843
Toxic,Object_04271
Food,Object_13742
Oxidizing,Object_15582
Corrosive,Object_07398
Oxidizing,Object_05234
Corrosive,Object_06723
Corrosive,Object_10261
Food,Object_11943
Flammable,Object_16026
Explosive,Object_02586
Explosive,Object_01816
Explosive,Object_10166
Corrosive,Object_15579
Flammable,Object_05007
Toxic,Object_08891
Pressurized,Object_11712
Flammable,Object_00051
Food,Object_02230
Explosive,Object_07265
Unspecified,Object_03011
Radioactive,Object_11191
Oxidizing,Object_11624
Corrosive,Object_10220
Toxic,Object_13940
Unspecified,Object_12762
Food,Object_05765
Radioactive,Object_01088
Fragile,Object_08296
Toxic,Object_04276
Explosive,Object_11123
Fragile,Object_01645
Food,Object_12399
Oxidizing,Object_05452
Oxidizing,Object_10992
Food,Object_07719
Corrosive,Object_09283
Toxic,Object_01313
Pressurized,Object_16143
Food,Object_00556
Flammable,Object_06657
Corrosive,Object_05197
Corrosive,Object_07191
Corrosive,Object_02626
Toxic,Object_03447
Radioactive,Object_13322
Flammable,Object_03858
Explosive,Object_10619
Fragile,Object_04930
Oxidizing,Object_04187
Oxidizing,Object_13726
Unspecified,Object_00129
Food,Object_14373
Food,Object_14046
Flammable,Object_03873
Flammable,Object_08764
Flammable,Object_15843
Toxic,Object_05946
Flammable,Object_13915
Explosive,Object_12456
Unspecified,Object_04145
Radioactive,Object_03927
Food,Object_00896
Fragile,Object_16056
Radioactive,Object_00346
Explosive,Object_16303
Unspecified,Object_12337
Unspecified,Object_15415
Toxic,Object_05948
Oxidizing,Object_11625
Unspecified,Object_04551
Flammable,Object_04037
Radioactive,Object_10100
Oxidizing,Object_13028
Oxidizing,Object_08935
Fragile,Object_11188
Fragile,Object_06140
Explosive,Object_13306
Oxidizing,Object_08035
Flammable,Object_10927
Radioactive,Object_11464
Unspecified,Object_06691
Radioactive,Object_07201
Radioactive,Object_16080
Corrosive,Object_13284
Explosive,Object_15105
Toxic,Object_01751
Flammable,Object_15697
Explosive,Object_09546
Corrosive,Object_06929
Corrosive,Object_03866
Oxidizing,Object_06389
Unspecified,Object_10724
Oxidizing,Object_12884
Food,Object_02004
Radioactive,Object_03901
Food,Object_13500
Unspecified,Object_13902
Food,Object_04126
Oxidizing,Object_10668
Corrosive,Object_08552
Fragile,Object_01977
Flammable,Object_08197
Corrosive,Object_01834
Corrosive,Object_03868
Unspecified,Object_02303
Flammable,Object_14866
Explosive,Object_01480
Unspecified,Object_10225
Toxic,Object_06669
Fragile,Object_01042
Toxic,Object_04883
Unspecified,Object_12436
Oxidizing,Object_01376
Explosive,Object_00907
Food,Object_13495
Flammable,Object_12081
Corrosive,Object_09281
Pressurized,Object_02884
Unspecified,Object_04552
Unspecified,Object_04234
Unspecified,Object_10399
Fragile,Object_14951
Radioactive,Object_04469
Flammable,Object_15770
Flammable,Object_03310
Oxidizing,Object_09775
Unspecified,Object_06915
Food,Object_12060
Toxic,Object_11076
Pressurized,Object_07605
Toxic,Object_05088
Flammable,Object_04024
Pressurized,Object_00454
Fragile,Object_12711
Oxidizing,Object_12989
Radioactive,Object_09492
Toxic,Object_09785
Oxidizing,Object_13433
Corrosive,Object_03869
Toxic,Object_15514
Unspecified,Object_02632
Toxic,Object_04703
Toxic,Object_04374
Radioactive,Object_15659
Explosive,Object_03336
Corrosive,Object_01056
Corrosive,Object_05221
Corrosive,Object_06722
Radioactive,Object_11722
Flammable,Object_10410
Flammable,Object_11690
Unspecified,Object_10730
Food,Object_13479
Corrosive,Object_12341
Corrosive,Object_05969
Pressurized,Object_09861
Corrosive,Object_08557
Food,Object_14987
Radioactive,Object_07107
Corrosive,Object_10197
Corrosive,Object_14302
Toxic,Object_07657
Food,Object_03490
Unspecified,Object_08179
Radioactive,Object_13507
Explosive,Object_08458
Radioactive,Object_00305
Corrosive,Object_02959
Explosive,Object_07426
Radioactive,Object_16245
Flammable,Object_04117
Toxic,Object_06592
Food,Object_06789
Explosive,Object_03279
Corrosive,Object_14075
Oxidizing,Object_10909
Toxic,Object_07093
Pressurized,Object_15087
Oxidizing,Object_12954
Toxic,Object_10973
Pressurized,Object_01257
Unspecified,Object_15710
Pressurized,Object_03437
Pressurized,Object_11014
Toxic,Object_15991
Radioactive,Object_12848
Food,Object_15158
Oxidizing,Object_09293
Flammable,Object_05519
Radioactive,Object_01553
Explosive,Object_09898
Explosive,Object_11124
Explosive,Object_09896
Toxic,Object_04872
Oxidizing,Object_00779
Radioactive,Object_04345
Toxic,Object_04709
Pressurized,Object_03508
Oxidizing,Object_10995
Fragile,Object_01235
Oxidizing,Object_08143
Flammable,Object_03306
Oxidizing,Object_07144
Explosive,Object_12531
Corrosive,Object_04908
Corrosive,Object_16092
Toxic,Object_05564
Explosive,Object_08238
Corrosive,Object_08139
Oxidizing,Object_05505
Oxidizing,Object_03374
Flammable,Object_12087
Unspecified,Object_08002
Toxic,Object_01602
Food,Object_05283
Unspecified,Object_06395
Fragile,Object_06189
Oxidizing,Object_10450
Food,Object_00365
Toxic,Object_11970
Explosive,Object_00335
Food,Object_04369
Radioactive,Object_06901
Oxidizing,Object_09511
Explosive,Object_12365
Oxidizing,Object_07552
Radioactive,Object_10338
Fragile,Object_12143
Unspecified,Object_09339
Flammable,Object_00323
Unspecified,Object_02782
Radioactive,Object_15864
Oxidizing,Object_10285
Flammable,Object_11028
Corrosive,Object_01074
Flammable,Object_13986
Fragile,Object_11205
Corrosive,Object_14625
Unspecified,Object_04057
Flammable,Object_04002
Flammable,Object_15137
Explosive,Object_05756
Explosive,Object_06750
Food,Object_16121
Food,Object_15527
Flammable,Object_09574
Corrosive,Object_10490
Pressurized,Object_10559
Explosive,Object_05592
Corrosive,Object_14594
Flammable,Object_05716
Fragile,Object_09502
Corrosive,Object_12091
Flammable,Object_00740
Explosive,Object_16305
Flammable,Object_15700
Pressurized,Object_09488
Toxic,Object_13404
Corrosive,Object_05780
Oxidizing,Object_11144
Fragile,Object_14163
Explosive,Object_13272
Unspecified,Object_06413
Fragile,Object_00914
Flammable,Object_10409
Oxidizing,Object_02561
Pressurized,Object_07798
Explosive,Object_07698
Toxic,Object_08838
Corrosive,Object_09282
Explosive,Object_01793
Oxidizing,Object_07987
Food,Object_06375
Fragile,Object_10031
Radioactive,Object_11507
Oxidizing,Object_07057
Oxidizing,Object_08053
Explosive,Object_12512
Radioactive,Object_13578
Pressurized,Object_16220
Fragile,Object_00539
Toxic,Object_00590
Corrosive,Object_15577
Oxidizing,Object_07251
Food,Object_11945
Oxidizing,Object_05154
Food,Object_07375
Radioactive,Object_06286
Corrosive,Object_12203
Oxidizing,Object_07052
Unspecified,Object_15614
Flammable,Object_00290
Unspecified,Object_12335
Oxidizing,Object_14405
Pressurized,Object_11775
Oxidizing,Object_09517
Food,Object_04288
Fragile,Object_08271
Oxidizing,Object_08033
Food,Object_08158
Oxidizing,Object_12269
Fragile,Object_10579
Explosive,Object_13706
Radioactive,Object_13506
Food,Object_11785
Pressurized,Object_01254
Fragile,Object_14878
Oxidizing,Object_04961
Unspecified,Object_14571
Pressurized,Object_05357
Oxidizing,Object_11793
Food,Object_02935
Unspecified,Object_00439
Explosive,Object_15181
Radioactive,Object_12284
Radioactive,Object_00866
Flammable,Object_10778
Food,Object_00487
Radioactive,Object_15038
Food,Object_03782
Radioactive,Object_15329
Fragile,Object_08018
Fragile,Object_15203
Radioactive,Object_11198
Corrosive,Object_13390
Flammable,Object_12465
Flammable,Object_16329
Corrosive,Object_04570
Corrosive,Object_08380
Unspecified,Object_07939
Fragile,Object_13133
Pressurized,Object_07796
Unspecified,Object_05835
Unspecified,Object_12670
Corrosive,Object_04473
Corrosive,Object_04564
Unspecified,Object_08178
Corrosive,Object_06959
Unspecified,Object_03816
Unspecified,Object_02012
Fragile,Object_06624
Unspecified,Object_13877
Toxic,Object_05549
Flammable,Object_15696
Corrosive,Object_05960
Fragile,Object_01061
Fragile,Object_02765
Food,Object_01667
Corrosive,Object_09813
Radioactive,Object_13943
Explosive,Object_02349
Pressurized,Object_01954
Toxic,Object_14545
Oxidizing,Object_08564
Fragile,Object_07178
Unspecified,Object_06495
Oxidizing,Object_01724
Unspecified,Object_12588
Food,Object_16192
Fragile,Object_14880
Explosive,Object_06021
Oxidizing,Object_15469
Radioactive,Object_10160
Toxic,Object_03094
Pressurized,Object_07012
Flammable,Object_04762
Food,Object_06673
Toxic,Object_09076
Explosive,Object_11693
Radioactive,Object_16037
Flammable,Object_05112
Toxic,Object_07487
Explosive,Object_15786
Radioactive,Object_13670
Explosive,Object_01896
Unspecified,Object_08089
Fragile,Object_15278
Toxic,Object_01348
Pressurized,Object_12318
Radioactive,Object_04724
Corrosive,Object_14693
Toxic,Object_12592
Food,Object_02227
Food,Object_11788
Pressurized,Object_01808
Oxidizing,Object_07634
Explosive,Object_02026
Explosive,Object_05150
Flammable,Object_15170
Food,Object_06678
Fragile,Object_15631
Fragile,Object_08426
Flammable,Object_03511
Pressurized,Object_14054
Corrosive,Object_06220
Fragile,Object_15307
Food,Object_02964
Radioactive,Object_15421
Radioactive,Object_07204
Food,Object_03034
Explosive,Object_06005
Toxic,Object_07778
Explosive,Object_12481
Pressurized,Object_03507
Explosive,Object_01617
Toxic,Object_09372
Pressurized,Object_12130
Unspecified,Object_02815
Radioactive,Object_04618
Toxic,Object_03139
Radioactive,Object_15033
Flammable,Object_15197
Corrosive,Object_00230
Explosive,Object_16302
Pressurized,Object_01120
Fragile,Object_08273
Radioactive,Object_03963
Explosive,Object_10593
Unspecified,Object_02631
Corrosive,Object_14941
Food,Object_05699
Toxic,Object_04545
Pressurized,Object_15091
Flammable,Object_01488
Corrosive,Object_00480
Fragile,Object_09905
Corrosive,Object_09887
Explosive,Object_03278
Food,Object_11784
Explosive,Object_02029
Food,Object_01582
Pressurized,Object_00169
Food,Object_14014
Radioactive,Object_01086
Explosive,Object_09649
Unspecified,Object_04146
Fragile,Object_01949
Radioactive,Object_16284
Radioactive,Object_15910
Fragile,Object_14787
Fragile,Object_00538
Pressurized,Object_01767
Oxidizing,Object_03218
Explosive,Object_00697
Oxidizing,Object_09854
Unspecified,Object_07935
Radioactive,Object_00309
Pressurized,Object_01274
Corrosive,Object_01831
Radioactive,Object_06961
Unspecified,Object_01288
Flammable,Object_02134
Unspecified,Object_13963
Radioactive,Object_15934
Pressurized,Object_05037
Flammable,Object_03713
Radioactive,Object_13758
Unspecified,Object_15707
Pressurized,Object_09568
Fragile,Object_15201
Corrosive,Object_00472
Explosive,Object_14647
Corrosive,Object_13165
Toxic,Object_05605
Pressurized,Object_09692
Flammable,Object_07241
Oxidizing,Object_02278
Toxic,Object_05941
Unspecified,Object_11239
Flammable,Object_05706
Explosive,Object_07857
Flammable,Object_00285
Explosive,Object_11361
Explosive,Object_01910
Pressurized,Object_01252
Radioactive,Object_07545
Toxic,Object_10731
Flammable,Object_12745
Food,Object_09030
Food,Object_08718
Food,Object_15941
Flammable,Object_09154
Flammable,Object_14612
Unspecified,Object_03623
Food,Object_08248
Explosive,Object_02533
Radioactive,Object_03570
Corrosive,Object_14077
Toxic,Object_02672
Pressurized,Object_05576
Unspecified,Object_09690
Pressurized,Object_11715
Oxidizing,Object_06112
Radioactive,Object_04611
Explosive,Object_11697
Unspecified,Object_12969
Pressurized,Object_00212
Unspecified,Object_10228
Flammable,Object_13513
Radioactive,Object_14559
Unspecified,Object_01571
Food,Object_15722
Corrosive,Object_04448
Radioactive,Object_04933
Oxidizing,Object_05181
Toxic,Object_13405
Oxidizing,Object_11798
Fragile,Object_13225
Fragile,Object_01549
Fragile,Object_03003
Oxidizing,Object_03176
Unspecified,Object_12230
Pressurized,Object_01259
Toxic,Object_08678
Oxidizing,Object_13730
Toxic,Object_04750
Toxic,Object_00799
Unspecified,Object_05833
Radioactive,Object_06874
Oxidizing,Object_05918
Oxidizing,Object_10289
Radioactive,Object_00867
Explosive,Object_11533
Fragile,Object_15634
Explosive,Object_14648
Oxidizing,Object_07554
Oxidizing,Object_05238
Flammable,Object_02395
Corrosive,Object_00959
Oxidizing,Object_02669
Corrosive,Object_04253
Flammable,Object_00288
Corrosive,Object_14778
Food,Object_14908
Pressurized,Object_01960
Pressurized,Object_07800
Pressurized,Object_13212
Oxidizing,Object_09827
Flammable,Object_07873
Corrosive,Object_16157
Explosive,Object_01094
Radioactive,Object_13380
Toxic,Object_04542
Pressurized,Object_12320
Food,Object_00467
Corrosive,Object_13285
Flammable,Object_15332
Flammable,Object_14210
Unspecified,Object_06835
Flammable,Object_12157
Radioactive,Object_15907
Explosive,Object_07743
Fragile,Object_04918
Radioactive,Object_04304
Food,Object_02524
Unspecified,Object_14183
Food,Object_14018
Pressurized,Object_13836
Corrosive,Object_07594
Corrosive,Object_10874
Radioactive,Object_15862
Radioactive,Object_15651
Food,Object_15357
Fragile,Object_11201
Food,Object_12295
Toxic,Object_09075
Toxic,Object_15873
Unspecified,Object_06255
Corrosive,Object_03048
Pressurized,Object_03265
Radioactive,Object_02244
Pressurized,Object_07572
Flammable,Object_09107
Flammable,Object_02866
Toxic,Object_06792
Radioactive,Object_14753
Radioactive,Object_15938
Radioactive,Object_11568
Fragile,Object_10037
Unspecified,Object_06157
Unspecified,Object_11442
Pressurized,Object_05496
Unspecified,Object_08607
Toxic,Object_07777
Oxidizing,Object_04969
Fragile,Object_03405
Pressurized,Object_15814
Corrosive,Object_10254
Unspecified,Object_02287
Flammable,Object_14201
Food,Object_06945
Pressurized,Object_12795
Oxidizing,Object_15720
Flammable,Object_07250
Pressurized,Object_14333
Radioactive,Object_07279
Explosive,Object_16276
Toxic,Object_14549
Food,Object_09192
Pressurized,Object_11015
Food,Object_10361
Explosive,Object_05757
Toxic,Object_14502
Oxidizing,Object_11438
Pressurized,Object_00200
Flammable,Object_12467
Explosive,Object_16310
Food,Object_09394
Flammable,Object_07007
Explosive,Object_11370
Flammable,Object_06514
Oxidizing,Object_05916
Oxidizing,Object_09773
Flammable,Object_12750
Unspecified,Object_14440
Radioactive,Object_13502
Radioactive,Object_03186
Unspecified,Object_06463
Toxic,Object_08386
Pressurized,Object_16391
Fragile,Object_15265
Oxidizing,Object_11440
Radioactive,Object_13948
Food,Object_00370
Unspecified,Object_03207
Unspecified,Object_04554
Food,Object_03640
Food,Object_13494
Food,Object_03198
Food,Object_15080
Radioactive,Object_14756
Pressurized,Object_01516
Corrosive,Object_05856
Oxidizing,Object_10443
Toxic,Object_11617
Oxidizing,Object_06581
Radioactive,Object_00407
Oxidizing,Object_10548
Oxidizing,Object_10356
Food,Object_09027
Unspecified,Object_02285
Fragile,Object_12915
Toxic,Object_07848
Radioactive,Object_01841
Food,Object_10364
Flammable,Object_07244
Flammable,Object_09261
Corrosive,Object_02410
Pressurized,Object_12508
Oxidizing,Object_09444
Corrosive,Object_14006
Toxic,Object_16251
Pressurized,Object_08314
Radioactive,Object_11569
Pressurized,Object_00071
Corrosive,Object_02557
Food,Object_14986
Corrosive,Object_07505
Radioactive,Object_10504
Flammable,Object_08183
Unspecified,Object_12971
Explosive,Object_10613
Unspecified,Object_01991
Oxidizing,Object_04941
Unspecified,Object_13537
Oxidizing,Object_02664
Oxidizing,Object_08846
Unspecified,Object_07348
Flammable,Object_06110
Toxic,Object_02424
Pressurized,Object_12124
Corrosive,Object_05193
Corrosive,Object_13238
Radioactive,Object_09216
Pressurized,Object_10319
Explosive,Object_14447
Oxidizing,Object_06057
Radioactive,Object_04267
Oxidizing,Object_07224
Pressurized,Object_02073
Explosive,Object_11164
Fragile,Object_10911
Food,Object_01916
Corrosive,Object_10528
Flammable,Object_12609
Unspecified,Object_02515
Toxic,Object_09982
Flammable,Object_16174
Food,Object_04674
Corrosive,Object_09817
Unspecified,Object_02635
Corrosive,Object_12096
Oxidizing,Object_12825
Flammable,Object_15042
Toxic,Object_11611
Explosive,Object_16275
Oxidizing,Object_00776
Flammable,Object_16265
Corrosive,Object_06094
Pressurized,Object_14662
Flammable,Object_03716
Corrosive,Object_04260
Unspecified,Object_02814
Corrosive,Object_16097
Radioactive,Object_14130
Corrosive,Object_09818
Radioactive,Object_15904
Corrosive,Object_10769
Radioactive,Object_07296
Radioactive,Object_08987
Pressurized,Object_09675
Toxic,Object_07966
Unspecified,Object_05347
Oxidizing,Object_05617
Toxic,Object_09582
Food,Object_11672
Pressurized,Object_08514
Pressurized,Object_03807
Food,Object_00362
Toxic,Object_01032
Toxic,Object_03098
Explosive,Object_04777
Food,Object_00352
Explosive,Object_14330
Food,Object_06884
Unspecified,Object_13901
Oxidizing,Object_07765
Oxidizing,Object_02164
Toxic,Object_08871
Flammable,Object_10923
Flammable,Object_04804
Corrosive,Object_00372
Toxic,Object_11966
Radioactive,Object_03347
Oxidizing,Object_02466
Corrosive,Object_08132
Toxic,Object_02425
Corrosive,Object_01836
Oxidizing,Object_15373
Pressurized,Object_02700
Fragile,Object_11278
Pressurized,Object_14660
Radioactive,Object_04725
Fragile,Object_02930
Pressurized,Object_06401
Toxic,Object_01314
Unspecified,Object_14709
Fragile,Object_14396
Radioactive,Object_03086
Flammable,Object_13110
Toxic,Object_06032
Flammable,Object_14199
Corrosive,Object_04789
Explosive,Object_08731
Food,Object_08715
Radioactive,Object_07704
Unspecified,Object_02011
Toxic,Object_08630
Toxic,Object_08216
Toxic,Object_07967
Unspecified,Object_12967
Toxic,Object_05657
Corrosive,Object_13826
Toxic,Object_01039
Food,Object_00893
Toxic,Object_04541
Corrosive,Object_06930
Pressurized,Object_08251
Food,Object_14235
Corrosive,Object_05779
Explosive,Object_05251
Flammable,Object_03694
Pressurized,Object_03438
Explosive,Object_07840
Pressurized,Object_01861
Explosive,Object_11330
Toxic,Object_13925
Corrosive,Object_05488
Toxic,Object_10954
Toxic,Object_03355
Oxidizing,Object_09188
Radioactive,Object_15859
Oxidizing,Object_15255
Corrosive,Object_13239
Explosive,Object_06004
Fragile,Object_09506
Flammable,Object_00670
Radioactive,Object_07625
Pressurized,Object_05990
Fragile,Object_13846
Explosive,Object_01819
Flammable,Object_15049
Fragile,Object_13847
Flammable,Object_15768
Food,Object_00899
Toxic,Object_13401
Radioactive,Object_01327
Toxic,Object_03394
Explosive,Object_10898
Corrosive,Object_08888
Food,Object_04421
Oxidizing,Object_06978
Pressurized,Object_04860
Toxic,Object_14320
Explosive,Object_08699
Oxidizing,Object_05455
Radioactive,Object_15939
Food,Object_01159
Toxic,Object_00023
Pressurized,Object_07608
Toxic,Object_11819
Food,Object_03031
Food,Object_06642
Oxidizing,Object_02272
Toxic,Object_11427
Oxidizing,Object_07453
Radioactive,Object_00400
Food,Object_16370
Toxic,Object_07525
Explosive,Object_12533
Food,Object_12297
Radioactive,Object_07861
Toxic,Object_00261
Flammable,Object_01487
Unspecified,Object_03917
Corrosive,Object_04847
Fragile,Object_05873
Radioactive,Object_11462
Explosive,Object_03572
Toxic,Object_06663
Explosive,Object_00204
Flammable,Object_09151
Flammable,Object_01362
Explosive,Object_03941
Food,Object_08115
Oxidizing,Object_15244
Toxic,Object_01606
Explosive,Object_07853
Explosive,Object_10892
Corrosive,Object_08702
Pressurized,Object_10077
Explosive,Object_11694
Fragile,Object_15408
Food,Object_07712
Radioactive,Object_00657
Explosive,Object_15146
Radioactive,Object_06845
Food,Object_00084
Toxic,Object_11592
Flammable,Object_09764
Oxidizing,Object_12960
Radioactive,Object_09494
Explosive,Object_07115
Food,Object_15746
Fragile,Object_13541
Corrosive,Object_04042
Pressurized,Object_07015
Explosive,Object_00238
Unspecified,Object_04574
Radioactive,Object_07582
Explosive,Object_07758
Fragile,Object_03547
Pressurized,Object_13557
Unspecified,Object_08549
Fragile,Object_11298
Flammable,Object_01417
Unspecified,Object_03764
Fragile,Object_09057
Toxic,Object_15876
Unspecified,Object_02785
Oxidizing,Object_02569
Food,Object_12379
Fragile,Object_14468
Unspecified,Object_11413
Radioactive,Object_15870
Food,Object_14372
Explosive,Object_07514
Radioactive,Object_07628
Toxic,Object_01821
Food,Object_14344
Flammable,Object_14617
Flammable,Object_00978
Flammable,Object_13102
Radioactive,Object_00526
Explosive,Object_02085
Oxidizing,Object_05504
Radioactive,Object_03314
Unspecified,Object_04419
Flammable,Object_12645
Radioactive,Object_03182
Explosive,Object_07500
Flammable,Object_12151
Oxidizing,Object_06120
Toxic,Object_06347
Food,Object_02918
Oxidizing,Object_15472
Food,Object_10344
Pressurized,Object_02375
Oxidizing,Object_07142
Food,Object_13454
Unspecified,Object_07937
Food,Object_12877
Food,Object_07717
Oxidizing,Object_14732
Toxic,Object_03616
Unspecified,Object_06153
Explosive,Object_03277
Food,Object_06760
Unspecified,Object_03885
Toxic,Object_01607
Pressurized,Object_03732
Oxidizing,Object_13203
Pressurized,Object_01805
Unspecified,Object_03770
Oxidizing,Object_05337
Food,Object_03257
Corrosive,Object_06866
Pressurized,Object_14416
Radioactive,Object_09499
Toxic,Object_07288
Flammable,Object_03856
Pressurized,Object_14632
Explosive,Object_14495
Food,Object_08437
Unspecified,Object_07948
Corrosive,Object_00477
Unspecified,Object_10707
Pressurized,Object_02882
Corrosive,Object_14363
Unspecified,Object_00860
Flammable,Object_01711
Toxic,Object_00710
Explosive,Object_07425
Pressurized,Object_05478
Flammable,Object_04119
Flammable,Object_15337
Pressurized,Object_03434
Radioactive,Object_13064
Corrosive,Object_05967
Explosive,Object_12902
Pressurized,Object_11901
Flammable,Object_02618
Pressurized,Object_02889
Food,Object_13020
Flammable,Object_12771
Oxidizing,Object_10146
Radioactive,Object_01847
Oxidizing,Object_03174
Pressurized,Object_10794
Flammable,Object_15044
Fragile,Object_03410
Flammable,Object_13087
Pressurized,Object_03593
Pressurized,Object_08316
Unspecified,Object_12018
Unspecified,Object_05930
Oxidizing,Object_01568
Fragile,Object_08687
Corrosive,Object_11832
Fragile,Object_14874
Food,Object_13244
Fragile,Object_12142
Pressurized,Object_00075
Pressurized,Object_15605
Food,Object_05700
Food,Object_12296
Flammable,Object_12461
Explosive,Object_11166
Unspecified,Object_11887
Food,Object_00617
Oxidizing,Object_11439
Flammable,Object_11683
Corrosive,Object_13593
Food,Object_07380
Unspecified,Object_12926
Fragile,Object_04440
Explosive,Object_02345
Oxidizing,Object_03378
Food,Object_14017
Explosive,Object_16280
Pressurized,Object_13833
Radioactive,Object_04649
Fragile,Object_01461
Food,Object_02940
Corrosive,Object_16091
Food,Object_13783
Radioactive,Object_01323
Food,Object_12048
Corrosive,Object_14802
Explosive,Object_02585
Corrosive,Object_06163
Explosive,Object_01638
Unspecified,Object_14849
Oxidizing,Object_11042
Unspecified,Object_09536
Fragile,Object_03992
Fragile,Object_15303
Oxidizing,Object_13340
Unspecified,Object_09068
Unspecified,Object_06061
Unspecified,Object_02754
Fragile,Object_06802
Corrosive,Object_02315
Fragile,Object_04488
Pressurized,Object_12938
Toxic,Object_01036
Pressurized,Object_05497
Fragile,Object_15670
Food,Object_09718
Pressurized,Object_00747
Food,Object_03494
Flammable,Object_05269
Pressurized,Object_12900
Food,Object_08944
Pressurized,Object_09437
Fragile,Object_01980
Flammable,Object_05313
Oxidizing,Object_06587
Toxic,Object_11422
Flammable,Object_06984
Food,Object_03321
Flammable,Object_16171
Food,Object_16347
Oxidizing,Object_08146
Fragile,Object_16051
Flammable,Object_01743
Fragile,Object_01048
Unspecified,Object_09684
Radioactive,Object_02797
Explosive,Object_12544
Radioactive,Object_01595
Pressurized,Object_05036
Explosive,Object_00819
Fragile,Object_02823
Explosive,Object_00236
Flammable,Object_02139
Pressurized,Object_03977
Explosive,Object_12513
Pressurized,Object_07721
Explosive,Object_10785
Fragile,Object_08011
Flammable,Object_10273
Explosive,Object_00605
Corrosive,Object_01181
Food,Object_14924
Radioactive,Object_09493
Pressurized,Object_15681
Radioactive,Object_13953
Corrosive,Object_07510
Flammable,Object_12616
Flammable,Object_03469
Flammable,Object_10430
Oxidizing,Object_15380
Explosive,Object_15781
Pressurized,Object_14978
Unspecified,Object_11231
Explosive,Object_05559
Explosive,Object_00607
Toxic,Object_00269
Flammable,Object_16332
Flammable,Object_13514
Flammable,Object_08187
Fragile,Object_05042
Oxidizing,Object_10544
Toxic,Object_01033
Toxic,Object_06370
Fragile,Object_08016
Radioactive,Object_03908
Food,Object_09715
Fragile,Object_00416
Fragile,Object_09901
Toxic,Object_00585
Unspecified,Object_12979
Food,Object_11031
Fragile,Object_07176
Toxic,Object_01391
Flammable,Object_07971
Flammable,Object_10673
Toxic,Object_15456
Unspecified,Object_06392
Food,Object_13259
Explosive,Object_03130
Explosive,Object_06295
Oxidizing,Object_00645
Fragile,Object_09085
Food,Object_12171
Pressurized,Object_16397
Pressurized,Object_04751
Fragile,Object_07531
Toxic,Object_01319
Pressurized,Object_05572
Oxidizing,Object_12958
Oxidizing,Object_11951
Flammable,Object_01486
Explosive,Object_00905
Explosive,Object_12515
Toxic,Object_16132
Fragile,Object_05464
Unspecified,Object_05881
Food,Object_08771
Explosive,Object_10179
Explosive,Object_01986
Pressurized,Object_16389
Explosive,Object_06299
Flammable,Object_00055
Radioactive,Object_14858
Radioactive,Object_13326
Unspecified,Object_01149
Flammable,Object_06618
Oxidizing,Object_07145
Explosive,Object_07834
Oxidizing,Object_08040
Corrosive,Object_16155
Food,Object_00061
Pressurized,Object_09415
Unspecified,Object_06412
Oxidizing,Object_05404
Food,Object_02484
Food,Object_04366
Pressurized,Object_16215
Food,Object_00620
Unspecified,Object_00015
Oxidizing,Object_02439
Food,Object_10438
Radioactive,Object_00308
Corrosive,Object_16096
Oxidizing,Object_12383
Explosive,Object_12273
Oxidizing,Object_11041
Food,Object_12291
Explosive,Object_00572
Unspecified,Object_14701
Explosive,Object_04244
Radioactive,Object_07235
Flammable,Object_01741
Fragile,Object_15306
Oxidizing,Object_07066
Food,Object_08858
Explosive,Object_02358
Fragile,Object_01777
Radioactive,Object_13760
Fragile,Object_02924
Explosive,Object_06433
Fragile,Object_13804
Pressurized,Object_14334
Food,Object_01138
Food,Object_16368
Food,Object_02916
Flammable,Object_15850
Unspecified,Object_04231
Pressurized,Object_10799
Oxidizing,Object_05451
Fragile,Object_11070
Radioactive,Object_10107
Pressurized,Object_10122
Toxic,Object_14820
Corrosive,Object_01213
Radioactive,Object_15902
Fragile,Object_14953
Food,Object_10859
Corrosive,Object_06996
Fragile,Object_04529
Food,Object_11857
Oxidizing,Object_01241
Toxic,Object_07651
Fragile,Object_04827
Oxidizing,Object_12384
Unspecified,Object_03019
Toxic,Object_16253
Oxidizing,Object_15371
Radioactive,Object_09275
Unspecified,Object_06160
Pressurized,Object_02129
Fragile,Object_13809
Explosive,Object_01966
Unspecified,Object_01996
Oxidizing,Object_09821
Explosive,Object_03553
Food,Object_09735
Explosive,Object_00932
Explosive,Object_12277
Food,Object_00389
Food,Object_00558
Toxic,Object_03164
Fragile,Object_12196
Unspecified,Object_12223
Flammable,Object_16328
Unspecified,Object_14036
Toxic,Object_07307
Fragile,Object_11375
Toxic,Object_15001
Radioactive,Object_15867
Unspecified,Object_10695
Fragile,Object_14960
Corrosive,Object_14915
Fragile,Object_14170
Explosive,Object_14643
Oxidizing,Object_15286
Unspecified,Object_05133
Food,Object_10436
Oxidizing,Object_05529
Pressurized,Object_08519
Food,Object_03194
Explosive,Object_09646
Radioactive,Object_03962
Oxidizing,Object_07555
Toxic,Object_14510
Pressurized,Object_12074
Oxidizing,Object_04184
Explosive,Object_01611
Toxic,Object_04376
Food,Object_04430
Radioactive,Object_13773
Radioactive,Object_04467
Corrosive,Object_07075
Oxidizing,Object_10445
Oxidizing,Object_10144
Radioactive,Object_01596
Radioactive,Object_00673
Fragile,Object_08688
Flammable,Object_11477
Unspecified,Object_06259
Radioactive,Object_12328
Oxidizing,Object_10545
Radioactive,Object_14894
Food,Object_12175
Explosive,Object_08691
Corrosive,Object_12782
Radioactive,Object_04303
Fragile,Object_13074
Unspecified,Object_06391
Flammable,Object_06223
Radioactive,Object_03829
Pressurized,Object_08725
Food,Object_13243
Pressurized,Object_15440
Fragile,Object_07803
Flammable,Object_06534
Pressurized,Object_07603
Radioactive,Object_14859
Unspecified,Object_15488
Flammable,Object_13920
Toxic,Object_15400
Food,Object_00891
Explosive,Object_11940
Unspecified,Object_09466
Food,Object_03455
Explosive,Object_14328
Unspecified,Object_07212
Toxic,Object_03899
Corrosive,Object_06278
Fragile,Object_11275
Food,Object_08126
Toxic,Object_11094
Food,Object_09758
Pressurized,Object_02377
Unspecified,Object_01383
Radioactive,Object_12449
Explosive,Object_00543
Oxidizing,Object_08641
Food,Object_02963
Unspecified,Object_07945
Explosive,Object_10176
Food,Object_04281
Unspecified,Object_02874
Oxidizing,Object_06059
Food,Object_12495
Pressurized,Object_13267
Pressurized,Object_09696
Flammable,Object_02861
Explosive,Object_09894
Toxic,Object_01828
Explosive,Object_00233
Toxic,Object_04210
Food,Object_04510
Explosive,Object_04604
Food,Object_12660
Food,Object_04130
Unspecified,Object_04553
Radioactive,Object_16035
Toxic,Object_12594
Pressurized,Object_02078
Corrosive,Object_01352
Unspecified,Object_07943
Pressurized,Object_04700
Oxidizing,Object_00448
Corrosive,Object_04781
Explosive,Object_00846
Flammable,Object_13430
Pressurized,Object_02771
Explosive,Object_09473
Toxic,Object_11382
Explosive,Object_01007
Radioactive,Object_04268
Radioactive,Object_09236
Pressurized,Object_04982
Pressurized,Object_09792
Toxic,Object_13112
Explosive,Object_02745
Corrosive,Object_04739
Fragile,Object_04828
Corrosive,Object_05783
Pressurized,Object_06898
Corrosive,Object_14991
Radioactive,Object_16034
Radioactive,Object_11468
Pressurized,Object_12125
Oxidizing,Object_07439
Food,Object_07682
Fragile,Object_00177
Flammable,Object_08766
Food,Object_05629
Radioactive,Object_00865
Oxidizing,Object_10245
Radioactive,Object_09497
Toxic,Object_08835
Fragile,Object_15292
Radioactive,Object_16290
Explosive,Object_04018
Toxic,Object_01450
Pressurized,Object_15562
Toxic,Object_11318
Unspecified,Object_01282
Toxic,Object_08470
Radioactive,Object_15869
Unspecified,Object_04579
Toxic,Object_08625
Radioactive,Object_02328
Toxic,Object_11389
Radioactive,Object_11912
Fragile,Object_12914
Explosive,Object_10592
Flammable,Object_12468
Flammable,Object_07918
Toxic,Object_09309
Corrosive,Object_12201
Explosive,Object_00549
Radioactive,Object_16031
Oxidizing,Object_09443
Food,Object_08949
Corrosive,Object_06732
Unspecified,Object_04412
Food,Object_08221
Food,Object_15962
Fragile,Object_08162
Corrosive,Object_10140
Unspecified,Object_00122
Fragile,Object_09906
Corrosive,Object_06960
Corrosive,Object_03045
Flammable,Object_03699
Corrosive,Object_05822
Oxidizing,Object_06304
Flammable,Object_10821
Oxidizing,Object_13204
Explosive,Object_15184
Oxidizing,Object_08347
Unspecified,Object_15417
Explosive,Object_10591
Oxidizing,Object_06975
Radioactive,Object_15014
Food,Object_14909
Radioactive,Object_15316
Toxic,Object_10738
Food,Object_14684
Unspecified,Object_10391
Explosive,Object_07156
Flammable,Object_07975
Explosive,Object_02360
Radioactive,Object_14899
Flammable,Object_01176
Toxic,Object_12597
Food,Object_12057
Radioactive,Object_02057
Radioactive,Object_04727
Toxic,Object_15996
Unspecified,Object_06836
Corrosive,Object_05903
Oxidizing,Object_06302
Flammable,Object_09101
Radioactive,Object_03084
Oxidizing,Object_02279
Oxidizing,Object_12265
Pressurized,Object_02842
Pressurized,Object_13568
Oxidizing,Object_08932
Fragile,Object_13546
Flammable,Object_10929
Flammable,Object_14863
Corrosive,Object_06272
Explosive,Object_05213
Unspecified,Object_06460
Toxic,Object_14387
Corrosive,Object_07074
Flammable,Object_03855
Food,Object_10367
Corrosive,Object_04624
Explosive,Object_01798
Food,Object_12814
Corrosive,Object_09176
Unspecified,Object_00014
Corrosive,Object_00871
Oxidizing,Object_12107
Corrosive,Object_06050
Pressurized,Object_01023
Food,Object_14041
Explosive,Object_02090
Fragile,Object_06623
Corrosive,Object_14943
Corrosive,Object_10633
Radioactive,Object_15740
Explosive,Object_09548
Fragile,Object_13124
Oxidizing,Object_14588
Food,Object_07123
Corrosive,Object_13009
Food,Object_15725
Fragile,Object_04911
Oxidizing,Object_05188
Flammable,Object_03370
Unspecified,Object_03206
Toxic,Object_07327
Fragile,Object_14156
Oxidizing,Object_10086
Oxidizing,Object_06390
Flammable,Object_14618
Corrosive,Object_08705
Explosive,Object_07422
Pressurized,Object_15088
Corrosive,Object_02404
Toxic,Object_10980
Food,Object_13745
Explosive,Object_11934
Radioactive,Object_03566
Food,Object_14180
Explosive,Object_01008
Toxic,Object_08099
Unspecified,Object_15777
Radioactive,Object_16079
Food,Object_14371
Corrosive,Object_01782
Toxic,Object_09802
Unspecified,Object_01141
Food,Object_06649
Fragile,Object_05047
Pressurized,Object_02887
Radioactive,Object_07295
Toxic,Object_12945
Corrosive,Object_12138
Oxidizing,Object_05331
Radioactive,Object_07585
Flammable,Object_14114
Unspecified,Object_14436
Oxidizing,Object_01874
Radioactive,Object_14557
Corrosive,Object_09408
Food,Object_11039
Oxidizing,Object_02836
Radioactive,Object_10752
Pressurized,Object_13569
Toxic,Object_05607
Food,Object_16046
Toxic,Object_07133
Oxidizing,Object_07064
Unspecified,Object_09683
Pressurized,Object_03412
Corrosive,Object_13486
Radioactive,Object_01083
Corrosive,Object_14780
Pressurized,Object_07904
Unspecified,Object_02606
Corrosive,Object_08978
Corrosive,Object_14310
Explosive,Object_10173
Toxic,Object_14381
Explosive,Object_06774
Pressurized,Object_09676
Pressurized,Object_13862
Radioactive,Object_15908
Pressurized,Object_08729
Fragile,Object_15834
Flammable,Object_01163
Oxidizing,Object_09112
Flammable,Object_14610
Toxic,Object_13936
Food,Object_06647
Food,Object_01687
Corrosive,Object_08323
Explosive,Object_02088
Pressurized,Object_09416
Fragile,Object_09904
Oxidizing,Object_14277
Corrosive,Object_04625
Oxidizing,Object_13299
Oxidizing,Object_07557
Food,Object_15942
Explosive,Object_05759
Radioactive,Object_01850
Fragile,Object_07788
Corrosive,Object_01071
Pressurized,Object_00496
Oxidizing,Object_11433
Explosive,Object_07427
Pressurized,Object_05321
Pressurized,Object_05413
Fragile,Object_03005
Radioactive,Object_06424
Corrosive,Object_05955
Explosive,Object_04228
Radioactive,Object_14105
Explosive,Object_02355
Oxidizing,Object_13036
Food,Object_11981
Fragile,Object_12918
Oxidizing,Object_15344
Toxic,Object_05086
Unspecified,Object_07465
Radioactive,Object_01594
Explosive,Object_07673
Flammable,Object_12676
Fragile,Object_02160
Toxic,Object_15389
Radioactive,Object_07630
Unspecified,Object_01287
Flammable,Object_12153
Fragile,Object_13648
Radioactive,Object_05445
Flammable,Object_10303
Corrosive,Object_05827
Radioactive,Object_10098
Toxic,Object_07305
Food,Object_09712
Flammable,Object_09767
Fragile,Object_13844
Radioactive,Object_06422
Unspecified,Object_10727
Flammable,Object_01411
Fragile,Object_11380
Oxidizing,Object_12834
Flammable,Object_14525
Radioactive,Object_00827
Food,Object_07713
Corrosive,Object_00476
Pressurized,Object_12313
Unspecified,Object_15495
Explosive,Object_07269
Oxidizing,Object_15349
Toxic,Object_05550
Oxidizing,Object_10048
Explosive,Object_05102
Flammable,Object_01168
Unspecified,Object_02807
Explosive,Object_04012
Corrosive,Object_09406
Oxidizing,Object_11800
Corrosive,Object_02320
Corrosive,Object_04441
Oxidizing,Object_15673
Toxic,Object_09001
Corrosive,Object_05740
Fragile,Object_12417
Pressurized,Object_03385
Pressurized,Object_14420
Fragile,Object_08423
Fragile,Object_09169
Explosive,Object_10207
Oxidizing,Object_00250
Oxidizing,Object_01876
Fragile,Object_04484
Food,Object_13460
Food,Object_10369
Radioactive,Object_04468
Radioactive,Object_01928
Oxidizing,Object_07228
Flammable,Object_14619
Toxic,Object_14245
Explosive,Object_04533
Oxidizing,Object_15465
Radioactive,Object_12232
Pressurized,Object_03286
Fragile,Object_13130
Radioactive,Object_15124
Flammable,Object_05115
Unspecified,Object_09463
Food,Object_00369
Flammable,Object_05120
Oxidizing,Object_14582
Food,Object_01690
Explosive,Object_00756
Toxic,Object_07650
Flammable,Object_10404
Pressurized,Object_01427
Food,Object_09737
Fragile,Object_13852
Oxidizing,Object_15367
Radioactive,Object_14143
Flammable,Object_12778
Corrosive,Object_08559
Corrosive,Object_06351
Toxic,Object_07527
Food,Object_00599
Pressurized,Object_13764
Oxidizing,Object_14099
Explosive,Object_10614
Fragile,Object_13137
Radioactive,Object_15118
Explosive,Object_05364
Toxic,Object_05085
Fragile,Object_08580
Radioactive,Object_15130
Pressurized,Object_05573
Radioactive,Object_03117
Food,Object_02525
Flammable,Object_08193
Pressurized,Object_07908
Pressurized,Object_12121
Fragile,Object_08291
Radioactive,Object_07271
Pressurized,Object_01518
Radioactive,Object_03312
Food,Object_12492
Food,Object_13011
Oxidizing,Object_15289
Radioactive,Object_11650
Radioactive,Object_10753
Unspecified,Object_08604
Fragile,Object_03542
Oxidizing,Object_04959
Pressurized,Object_13698
Radioactive,Object_06089
Flammable,Object_16264
Oxidizing,Object_08144
Food,Object_11679
Food,Object_06781
Corrosive,Object_04449
Fragile,Object_00519
Unspecified,Object_14034
Corrosive,Object_14716
Food,Object_01915
Food,Object_09752
Unspecified,Object_14708
Oxidizing,Object_06383
Flammable,Object_09924
Food,Object_09355
Oxidizing,Object_14256
Toxic,Object_08754
Oxidizing,Object_12839
Pressurized,Object_12793
Explosive,Object_05557
Flammable,Object_16063
Pressurized,Object_04596
Explosive,Object_02447
Radioactive,Object_01085
Radioactive,Object_05794
Corrosive,Object_12202
Flammable,Object_14205
Pressurized,Object_03413
Pressurized,Object_12627
Food,Object_08780
Unspecified,Object_09097
Fragile,Object_05170
Fragile,Object_15291
Corrosive,Object_04905
Unspecified,Object_14485
Fragile,Object_00918
Oxidizing,Object_14091
Pressurized,Object_07578
Pressurized,Object_05491
Flammable,Object_08798
Toxic,Object_15178
Pressurized,Object_13215
Radioactive,Object_13942
Toxic,Object_07889
Food,Object_02225
Toxic,Object_00583
Toxic,Object_07775
Toxic,Object_15512
Food,Object_12494
Radioactive,Object_12308
Pressurized,Object_16374
Unspecified,Object_13910
Corrosive,Object_00478
Fragile,Object_10866
Food,Object_12651
Explosive,Object_06489
Fragile,Object_12522
Fragile,Object_05461
Flammable,Object_12672
Corrosive,Object_00101
Explosive,Object_05308
Corrosive,Object_15983
Explosive,Object_08302
Unspecified,Object_14474
Fragile,Object_05043
Toxic,Object_13402
Explosive,Object_04169
Radioactive,Object_04615
Toxic,Object_03297
Unspecified,Object_13904
Toxic,Object_03479
Oxidizing,Object_09182
Explosive,Object_05729
Fragile,Object_05469
Food,Object_12172
Fragile,Object_10920
Food,Object_16195
Radioactive,Object_16282
Fragile,Object_15549
Unspecified,Object_01933
Oxidizing,Object_10248
Radioactive,Object_07617
Radioactive,Object_00393
Oxidizing,Object_15345
Unspecified,Object_16238
Oxidizing,Object_03172
Pressurized,Object_04760
Toxic,Object_11766
Toxic,Object_09985
Corrosive,Object_15900
Radioactive,Object_08070
Flammable,Object_12743
Oxidizing,Object_10353
Oxidizing,Object_13201
Radioactive,Object_12729
Radioactive,Object_09219
Oxidizing,Object_10065
Pressurized,Object_02126
Radioactive,Object_05798
Oxidizing,Object_15711
Unspecified,Object_09424
Radioactive,Object_12288
Flammable,Object_11522
Flammable,Object_13989
Flammable,Object_13917
Corrosive,Object_06997
Toxic,Object_04706
Fragile,Object_09909
Toxic,Object_07925
Food,Object_10498
Explosive,Object_08667
Oxidizing,Object_15624
Unspecified,Object_12770
Explosive,Object_01791
Corrosive,Object_00954
Fragile,Object_10028
Unspecified,Object_03426
Corrosive,Object_14267
Toxic,Object_08596
Food,Object_14687
Toxic,Object_08636
Flammable,Object_05394
Corrosive,Object_15884
Unspecified,Object_02000
Explosive,Object_02205
Toxic,Object_12944
Corrosive,Object_04798
Corrosive,Object_15984
Unspecified,Object_09019
Flammable,Object_07002
Radioactive,Object_16225
Food,Object_06209
Toxic,Object_06039
Fragile,Object_14161
Corrosive,Object_14792
Corrosive,Object_13349
Radioactive,Object_12558
Explosive,Object_10787
Pressurized,Object_09486
Explosive,Object_14515
Corrosive,Object_11839
Pressurized,Object_15973
Fragile,Object_11892
Oxidizing,Object_09748
Toxic,Object_10013
Fragile,Object_04660
Corrosive,Object_02644
Fragile,Object_02921
Unspecified,Object_06832
Corrosive,Object_01785
Pressurized,Object_00804
Food,Object_01437
Radioactive,Object_13067
Toxic,Object_04890
Fragile,Object_13685
Explosive,Object_09472
Fragile,Object_00532
Radioactive,Object_11725
Explosive,Object_00602
Flammable,Object_05719
Explosive,Object_00903
Toxic,Object_02430
Fragile,Object_03029
Pressurized,Object_00802
Pressurized,Object_13699
Oxidizing,Object_09135
Unspecified,Object_10300
Explosive,Object_12536
Unspecified,Object_04557
Fragile,Object_14157
Explosive,Object_15148
Food,Object_11675
Oxidizing,Object_09833
Oxidizing,Object_09851
Pressurized,Object_01301
Explosive,Object_11327
Fragile,Object_06720
Oxidizing,Object_07435
Oxidizing,Object_12955
Explosive,Object_12487
Explosive,Object_03554
Toxic,Object_03898
Unspecified,Object_08085
Radioactive,Object_09962
Fragile,Object_00095
Oxidizing,Object_12036
Fragile,Object_08170
Food,Object_08154
Explosive,Object_07515
Explosive,Object_00201
Unspecified,Object_04147
Explosive,Object_10201
Flammable,Object_00058
Food,Object_14234
Pressurized,Object_11571
Radioactive,Object_01927
Food,Object_02961
Corrosive,Object_10264
Corrosive,Object_04732
Toxic,Object_16010
Explosive,Object_05072
Fragile,Object_05048
Toxic,Object_13192
Explosive,Object_00841
Food,Object_10582
Explosive,Object_02370
Toxic,Object_02657
Food,Object_02460
Oxidizing,Object_14583
Pressurized,Object_05492
Radioactive,Object_02800
Radioactive,Object_13754
Oxidizing,Object_06236
Oxidizing,Object_15477
Radioactive,Object_13379
Flammable,Object_02620
Fragile,Object_10029
Toxic,Object_13791
Explosive,Object_06293
Radioactive,Object_10712
Toxic,Object_01398
Toxic,Object_05947
Toxic,Object_12211
Toxic,Object_11119
Oxidizing,Object_01871
Food,Object_13680
Flammable,Object_12774
Corrosive,Object_02687
Toxic,Object_11965
Pressurized,Object_15829
Corrosive,Object_11246
Unspecified,Object_14187
Pressurized,Object_13216
Fragile,Object_11065
Oxidizing,Object_07434
Food,Object_02931
Radioactive,Object_00409
Explosive,Object_07388
Oxidizing,Object_10993
Radioactive,Object_15114
Food,Object_06441
Food,Object_02217
Fragile,Object_10813
Oxidizing,Object_09592
Explosive,Object_02946
Corrosive,Object_14305
Pressurized,Object_13770
Pressurized,Object_13693
Oxidizing,Object_07401
Food,Object_10586
Corrosive,Object_07596
Food,Object_02331
Flammable,Object_15334
Flammable,Object_10830
Oxidizing,Object_10046
Fragile,Object_04824
Corrosive,Object_06922
Explosive,Object_02728
Oxidizing,Object_07559
Oxidizing,Object_14295
Pressurized,Object_04990
Flammable,Object_16030
Radioactive,Object_07202
Explosive,Object_04771
Toxic,Object_11098
Fragile,Object_10885
Flammable,Object_11480
Explosive,Object_08457
Flammable,Object_12462
Oxidizing,Object_09138
Oxidizing,Object_00644
Food,Object_13467
Fragile,Object_08813
Oxidizing,Object_15587
Flammable,Object_04026
Explosive,Object_00695
Toxic,Object_07486
Corrosive,Object_07400
Fragile,Object_14465
Flammable,Object_14196
Toxic,Object_00631
Flammable,Object_12603
Unspecified,Object_08606
Unspecified,Object_08785
Toxic,Object_16257
Radioactive,Object_14680
Fragile,Object_15597
Unspecified,Object_06458
Food,Object_14982
Oxidizing,Object_06233
Radioactive,Object_09961
Radioactive,Object_00686
Fragile,Object_06634
Explosive,Object_13310
Corrosive,Object_04044
Radioactive,Object_13391
Pressurized,Object_05324
Corrosive,Object_10761
Radioactive,Object_10110
Corrosive,Object_07198
Flammable,Object_02902
Toxic,Object_13931
Toxic,Object_03352
Food,Object_03324
Corrosive,Object_03647
Radioactive,Object_13751
Food,Object_04422
Oxidizing,Object_00246
Unspecified,Object_06695
Oxidizing,Object_14280
Food,Object_11658
Toxic,Object_03167
Corrosive,Object_02684
Corrosive,Object_02254
Oxidizing,Object_07764
Radioactive,Object_11055
Toxic,Object_11099
Radioactive,Object_12117
Corrosive,Object_13234
Flammable,Object_16028
Food,Object_07681
Fragile,Object_09908
Explosive,Object_08231
Pressurized,Object_15065
Fragile,Object_07809
Pressurized,Object_01303
Corrosive,Object_15000
Pressurized,Object_13559
Flammable,Object_10678
Toxic,Object_15454
Oxidizing,Object_12822
Food,Object_03784
Unspecified,Object_11419
Oxidizing,Object_09291
Toxic,Object_12755
Toxic,Object_04373
Corrosive,Object_13598
Food,Object_15950
Toxic,Object_00430
Fragile,Object_03027
Fragile,Object_02156
Flammable,Object_01750
Fragile,Object_13123
Food,Object_02490
Fragile,Object_04486
Unspecified,Object_11268
Explosive,Object_12545
Explosive,Object_04971
Corrosive,Object_06738
Flammable,Object_16322
Corrosive,Object_16153
Corrosive,Object_13613
Oxidizing,Object_02385
Fragile,Object_05204
Unspecified,Object_03017
Unspecified,Object_01940
Explosive,Object_08733
Oxidizing,Object_09132
Pressurized,Object_01112
Fragile,Object_05202
Pressurized,Object_15822
Food,Object_09255
Pressurized,Object_02379
Food,Object_10860
Food,Object_02216
Food,Object_14348
Food,Object_05063
Corrosive,Object_11748
Toxic,Object_14132
Oxidizing,Object_08870
Flammable,Object_11527
Oxidizing,Object_02271
Unspecified,Object_10691
Pressurized,Object_11582
Fragile,Object_02159
Corrosive,Object_08884
Oxidizing,Object_11875
Flammable,Object_05396
Flammable,Object_15140
Flammable,Object_05119
Flammable,Object_06988
Pressurized,Object_02503
Food,Object_15354
Explosive,Object_03939
Unspecified,Object_06838
Oxidizing,Object_03727
Oxidizing,Object_10249
Fragile,Object_10035
Flammable,Object_08532
Toxic,Object_06263
Toxic,Object_15993
Food,Object_13586
Oxidizing,Object_10901
Explosive,Object_05600
Food,Object_02486
Pressurized,Object_16148
Pressurized,Object_04591
Unspecified,Object_09093
Food,Object_00483
Toxic,Object_06344
Explosive,Object_04222
Corrosive,Object_10253
Pressurized,Object_01016
Corrosive,Object_04520
Toxic,Object_08213
Corrosive,Object_03870
Oxidizing,Object_04954
Oxidizing,Object_10244
Corrosive,Object_05823
Food,Object_05766
Pressurized,Object_05682
Corrosive,Object_10806
Oxidizing,Object_02573
Food,Object_06446
Toxic,Object_08028
Fragile,Object_05466
Oxidizing,Object_04996
Radioactive,Object_14892
Explosive,Object_11366
Radioactive,Object_00652
Food,Object_00353
Oxidizing,Object_09187
Corrosive,Object_07504
Fragile,Object_08203
Food,Object_03259
Fragile,Object_03055
Flammable,Object_12570
Corrosive,Object_08710
Toxic,Object_09783
Radioactive,Object_14855
Fragile,Object_05169
Radioactive,Object_14145
Oxidizing,Object_08332
Radioactive,Object_14676
Explosive,Object_12706
Corrosive,Object_06333
Corrosive,Object_10640
Corrosive,Object_04793
Toxic,Object_00313
Pressurized,Object_01768
Radioactive,Object_12696
Corrosive,Object_04446
Oxidizing,Object_14404
Explosive,Object_01092
Toxic,Object_11312
Unspecified,Object_10728
Radioactive,Object_07618
Food,Object_12392
Food,Object_11403
Pressurized,Object_10125
Food,Object_13098
Corrosive,Object_15892
Toxic,Object_00985
Radioactive,Object_02791
Oxidizing,Object_04186
Food,Object_00713
Toxic,Object_08632
Toxic,Object_09552
Fragile,Object_06171
Radioactive,Object_00302
Corrosive,Object_02316
Explosive,Object_10208
Flammable,Object_07914
Explosive,Object_16273
Fragile,Object_12191
Fragile,Object_08574
Fragile,Object_08953
Explosive,Object_03340
Fragile,Object_13883
Unspecified,Object_12226
Unspecified,Object_03425
Pressurized,Object_15431
Explosive,Object_15190
Food,Object_07720
Food,Object_07374
Oxidizing,Object_05000
Toxic,Object_01824
Food,Object_05625
Flammable,Object_13972
Corrosive,Object_04714
Flammable,Object_02420
Explosive,Object_10175
Corrosive,Object_11177
Corrosive,Object_13313
Radioactive,Object_01842
Pressurized,Object_01406
Pressurized,Object_11576
Flammable,Object_06125
Pressurized,Object_11586
Radioactive,Object_03826
Flammable,Object_00736
Unspecified,Object_07217
Food,Object_11488
Explosive,Object_11864
Flammable,Object_07246
Radioactive,Object_10097
Explosive,Object_05730
Explosive,Object_14940
Oxidizing,Object_04995
Radioactive,Object_00397
Unspecified,Object_12976
Corrosive,Object_12786
Flammable,Object_15238
Oxidizing,Object_11103
Flammable,Object_15050
Unspecified,Object_14483
Pressurized,Object_05985
Pressurized,Object_11771
Explosive,Object_06777
Toxic,Object_13191
Explosive,Object_11328
Pressurized,Object_09438
Corrosive,Object_05299
Pressurized,Object_07047
Food,Object_04363
Flammable,Object_01174
Pressurized,Object_03971
Flammable,Object_04035
Flammable,Object_13103
Radioactive,Object_10093
Food,Object_09195
Toxic,Object_11615
Radioactive,Object_09361
Toxic,Object_10687
Explosive,Object_06477
Radioactive,Object_14900
Food,Object_03246
Fragile,Object_09164
Flammable,Object_07880
Flammable,Object_16172
Flammable,Object_02137
Toxic,Object_13921
Fragile,Object_15599
Explosive,Object_06530
Toxic,Object_01394
Radioactive,Object_04302
Oxidizing,Object_06541
Radioactive,Object_12730
Radioactive,Object_13151
Radioactive,Object_09363
Corrosive,Object_11838
Corrosive,Object_01353
Oxidizing,Object_05508
Corrosive,Object_14085
Toxic,Object_02426
Unspecified,Object_06461
Toxic,Object_04748
Corrosive,Object_07077
Pressurized,Object_11553
Fragile,Object_12714
Corrosive,Object_08270
Explosive,Object_14514
Food,Object_09751
Explosive,Object_14519
Explosive,Object_06437
Radioactive,Object_00828
Radioactive,Object_15321
Explosive,Object_12369
Pressurized,Object_13564
Pressurized,Object_05355
Food,Object_11487
Food,Object_09256
Oxidizing,Object_08847
Oxidizing,Object_15810
Radioactive,Object_15860
Fragile,Object_14877
Oxidizing,Object_04994
Toxic,Object_00887
Fragile,Object_14213
Oxidizing,Object_10358
Unspecified,Object_14725
Food,Object_15353
Pressurized,Object_09869
Unspecified,Object_10696
Flammable,Object_03715
Fragile,Object_01975
Pressurized,Object_15439
Explosive,Object_07116
Fragile,Object_14399
Pressurized,Object_05479
Unspecified,Object_11890
Pressurized,Object_11573
Toxic,Object_11222
Fragile,Object_13178
Pressurized,Object_16142
Fragile,Object_04922
Oxidizing,Object_12256
Food,Object_09753
Food,Object_14827
Oxidizing,Object_09441
Food,Object_08000
Fragile,Object_13226
Pressurized,Object_07906
Oxidizing,Object_10998
Toxic,Object_01265
Radioactive,Object_03563
Pressurized,Object_09324
Food,Object_06551
Oxidizing,Object_09347
Flammable,Object_01506
Toxic,Object_10971
Radioactive,Object_04199
Radioactive,Object_13780
Radioactive,Object_13662
Unspecified,Object_09539
Flammable,Object_12650
Corrosive,Object_13287
Unspecified,Object_12686
Corrosive,Object_02558
Corrosive,Object_05828
Radioactive,Object_07543
Pressurized,Object_11714
Fragile,Object_01545
Explosive,Object_02535
Fragile,Object_13686
Explosive,Object_12407
Oxidizing,Object_09115
Corrosive,Object_08377
Toxic,Object_09072
Pressurized,Object_14665
Food,Object_00356
Oxidizing,Object_05160
Unspecified,Object_14431
Food,Object_03636
Fragile,Object_04921
Corrosive,Object_00108
Radioactive,Object_14128
Explosive,Object_12453
Flammable,Object_08481
Toxic,Object_00268
Flammable,Object_09761
Radioactive,Object_04661
Radioactive,Object_13601
Food,Object_00004
Toxic,Object_11386
Pressurized,Object_07332
Unspecified,Object_14477
Fragile,Object_05899
Explosive,Object_04163
Unspecified,Object_09016
Pressurized,Object_06146
Pressurized,Object_03505
Corrosive,Object_14599
Toxic,Object_11632
Food,Object_15160
Radioactive,Object_09969
Corrosive,Object_05300
Oxidizing,Object_14882
Radioactive,Object_14148
Radioactive,Object_12559
Corrosive,Object_06091
Flammable,Object_05320
Corrosive,Object_14595
Fragile,Object_05164
Pressurized,Object_16188
Oxidizing,Object_07259
Explosive,Object_12535
Radioactive,Object_12849
Corrosive,Object_02592
Flammable,Object_10774
Oxidizing,Object_05530
Corrosive,Object_08269
Explosive,Object_06580
Unspecified,Object_09011
Corrosive,Object_02956
Radioactive,Object_14358
Radioactive,Object_13417
Corrosive,Object_06998
Explosive,Object_10900
Explosive,Object_07516
Unspecified,Object_12736
Oxidizing,Object_09447
Radioactive,Object_10464
Oxidizing,Object_01729
Fragile,Object_06803
Toxic,Object_09145
Toxic,Object_09150
Food,Object_02932
Unspecified,Object_11285
Unspecified,Object_09340
Oxidizing,Object_11627
Explosive,Object_11698
Toxic,Object_08622
Toxic,Object_15386
Explosive,Object_03105
Radioactive,Object_06314
Food,Object_08711
Food,Object_03785
Food,Object_01659
Radioactive,Object_01592
Pressurized,Object_08512
Toxic,Object_03538
Corrosive,Object_13828
Toxic,Object_13800
Food,Object_01154
Flammable,Object_00667
Explosive,Object_08668
Unspecified,Object_04356
Radioactive,Object_12115
Corrosive,Object_00956
Unspecified,Object_14188
Radioactive,Object_12281
Explosive,Object_14517
Oxidizing,Object_05914
Flammable,Object_00995
Toxic,Object_16258
Fragile,Object_15407
Toxic,Object_01311
Oxidizing,Object_08052
Pressurized,Object_13838
Pressurized,Object_03420
Pressurized,Object_00215
Flammable,Object_01162
Flammable,Object_09928
Toxic,Object_03617
Explosive,Object_06003
Pressurized,Object_00805
Explosive,Object_16277
Pressurized,Object_09672
Unspecified,Object_10224
Explosive,Object_08616
Toxic,Object_08027
Flammable,Object_10780
Toxic,Object_06367
Pressurized,Object_10515
Food,Object_09356
Radioactive,Object_00522
Explosive,Object_01618
Toxic,Object_03140
Pressurized,Object_07953
Fragile,Object_14879
Radioactive,Object_15510
Fragile,Object_00513
Fragile,Object_02927
Radioactive,Object_15951
Radioactive,Object_16163
Explosive,Object_01093
Fragile,Object_12525
Fragile,Object_08573
Radioactive,Object_11461
Fragile,Object_12719
Unspecified,Object_05277
Radioactive,Object_10501
Fragile,Object_06715
Radioactive,Object_12302
Food,Object_04639
Corrosive,Object_11515
Unspecified,Object_15412
Explosive,Object_09036
Fragile,Object_16120
Oxidizing,Object_08587
Unspecified,Object_15772
Toxic,Object_06349
Toxic,Object_08831
Explosive,Object_10786
Radioactive,Object_15852
Explosive,Object_05255
Unspecified,Object_03913
Explosive,Object_14642
Corrosive,Object_05966
Oxidizing,Object_15622
Radioactive,Object_00307
Food,Object_03040
Corrosive,Object_06211
Fragile,Object_08290
Toxic,Object_10454
Food,Object_13492
Oxidizing,Object_07440
Oxidizing,Object_06015
Toxic,Object_08874
Corrosive,Object_14591
Corrosive,Object_04845
Explosive,Object_07363
Corrosive,Object_11171
Corrosive,Object_08703
Oxidizing,Object_01129
Unspecified,Object_12732
Toxic,Object_11598
Toxic,Object_09809
Corrosive,Object_04511
Explosive,Object_07675
Explosive,Object_05304
Food,Object_05697
Pressurized,Object_08907
Fragile,Object_03058
Fragile,Object_14788
Explosive,Object_03110
Toxic,Object_08030
Toxic,Object_08893
Fragile,Object_04829
Pressurized,Object_12939
Oxidizing,Object_07169
Corrosive,Object_14691
Fragile,Object_15598
Unspecified,Object_12334
Fragile,Object_11896
Corrosive,Object_05869
Fragile,Object_06190
Radioactive,Object_00350
Toxic,Object_03162
Fragile,Object_07188
Food,Object_05691
Radioactive,Object_16289
Toxic,Object_09149
Oxidizing,Object_05190
Unspecified,Object_03813
Food,Object_07993
Food,Object_02062
Toxic,Object_01760
Unspecified,Object_08788
Food,Object_02522
Unspecified,Object_10561
Corrosive,Object_05825
Flammable,Object_00980
Radioactive,Object_11466
Oxidizing,Object_10243
Food,Object_11737
Pressurized,Object_11578
Radioactive,Object_01498
Flammable,Object_08191
Explosive,Object_02584
Radioactive,Object_04076
Fragile,Object_01467
Unspecified,Object_11237
Explosive,Object_02540
Flammable,Object_09769
Fragile,Object_07787
Oxidizing,Object_09521
Radioactive,Object_00689
Explosive,Object_00147
Corrosive,Object_03983
Radioactive,Object_13155
Explosive,Object_01961
Flammable,Object_13712
Fragile,Object_04524
Unspecified,Object_12227
Oxidizing,Object_00247
Pressurized,Object_16395
Oxidizing,Object_13338
Flammable,Object_14615
Fragile,Object_16053
Corrosive,Object_12790
Fragile,Object_14167
Flammable,Object_10924
Unspecified,Object_00854
Radioactive,Object_14123
Food,Object_03256
Corrosive,Object_12991
Radioactive,Object_10462
Toxic,Object_07885
Pressurized,Object_16150
Food,Object_02002
Flammable,Object_08535
Oxidizing,Object_11665
Explosive,Object_00692
Flammable,Object_10309
Corrosive,Object_02599
Corrosive,Object_05294
Oxidizing,Object_12837
Explosive,Object_11165
Radioactive,Object_11729
Explosive,Object_07747
Pressurized,Object_03416
Fragile,Object_10912
Flammable,Object_08539
Unspecified,Object_01540
Corrosive,Object_15576
Pressurized,Object_03264
Explosive,Object_00550
Corrosive,Object_04050
Oxidizing,Object_07258
Oxidizing,Object_06305
Radioactive,Object_04079
Unspecified,Object_01999
Explosive,Object_00207
Toxic,Object_12355
Explosive,Object_04098
Corrosive,Object_03149
Fragile,Object_02976
Pressurized,Object_16213
Food,Object_15532
Flammable,Object_01170
Radioactive,Object_06430
Unspecified,Object_13538
Fragile,Object_00919
Flammable,Object_02394
Fragile,Object_15210
Pressurized,Object_13767
Unspecified,Object_14848
Corrosive,Object_07598
Radioactive,Object_06085
Fragile,Object_08166
Explosive,Object_05105
Food,Object_06886
Toxic,Object_05602
Explosive,Object_03559
Unspecified,Object_08087
Oxidizing,Object_00242
Oxidizing,Object_02469
Oxidizing,Object_11666
Unspecified,Object_15489
Food,Object_00135
Oxidizing,Object_14589
Flammable,Object_11393
Unspecified,Object_04411
Corrosive,Object_04623
Oxidizing,Object_01676
Corrosive,Object_03047
Food,Object_00363
Flammable,Object_08765
Radioactive,Object_13061
Unspecified,Object_02493
Toxic,Object_00318
Unspecified,Object_12587
Pressurized,Object_03077
Radioactive,Object_08061
Pressurized,Object_13553
Radioactive,Object_04459
Pressurized,Object_07419
Flammable,Object_12748
Food,Object_15949
Fragile,Object_12415
Pressurized,Object_01809
Toxic,Object_04745
Corrosive,Object_02239
Explosive,Object_02989
Oxidizing,Object_01122
Radioactive,Object_03081
Pressurized,Object_15603
Toxic,Object_04405
Explosive,Object_15183
Food,Object_10625
Radioactive,Object_04665
Radioactive,Object_04455
Flammable,Object_16180
Oxidizing,Object_10047
Unspecified,Object_11886
Radioactive,Object_03925
Oxidizing,Object_10246
Unspecified,Object_06918
Food,Object_01298
Unspecified,Object_12739
Toxic,Object_03615
Oxidizing,Object_13440
Oxidizing,Object_06386
Toxic,Object_13632
Toxic,Object_02676
Explosive,Object_04095
Unspecified,Object_06468
Food,Object_14821
Oxidizing,Object_09185
Food,Object_14049
Radioactive,Object_03090
Radioactive,Object_15317
Radioactive,Object_08982
Unspecified,Object_00119
Food,Object_03789
Toxic,Object_09782
Corrosive,Object_04800
Flammable,Object_14526
Corrosive,Object_14912
Corrosive,Object_04909
Toxic,Object_07817
Oxidizing,Object_08060
Food,Object_11783
Food,Object_00137
Toxic,Object_15453
Food,Object_07688
Pressurized,Object_04699
Toxic,Object_05635
Corrosive,Object_02234
Fragile,Object_08575
Food,Object_00002
Flammable,Object_14524
Explosive,Object_04974
Corrosive,Object_02552
Corrosive,Object_11743
Food,Object_06754
Radioactive,Object_15732
Fragile,Object_05045
Fragile,Object_15275
Fragile,Object_01468
Oxidizing,Object_03722
Oxidizing,Object_08842
Food,Object_15052
Pressurized,Object_05689
Explosive,Object_05074
Pressurized,Object_12855
Fragile,Object_10479
Fragile,Object_15919
Radioactive,Object_16228
Explosive,Object_13734
Radioactive,Object_09241
Corrosive,Object_10418
Radioactive,Object_10340
Toxic,Object_07481
Pressurized,Object_09791
Unspecified,Object_09681
Flammable,Object_02901
Fragile,Object_11826
Food,Object_02214
Toxic,Object_07289
Corrosive,Object_11520
Radioactive,Object_04464
Fragile,Object_14782
Toxic,Object_07655
Unspecified,Object_14482
Pressurized,Object_05329
Food,Object_13446
Corrosive,Object_10872
Explosive,Object_00576
Food,Object_00469
Radioactive,Object_02796
Toxic,Object_08631
Fragile,Object_02151
Pressurized,Object_02072
Corrosive,Object_10265
Explosive,Object_07261
Fragile,Object_04656
Unspecified,Object_04054
Pressurized,Object_03758
Food,Object_05069
Oxidizing,Object_06388
Fragile,Object_13171
Unspecified,Object_01382
Flammable,Object_02545
Pressurized,Object_10127
Radioactive,Object_04301
Toxic,Object_12215
Flammable,Object_01364
Food,Object_14930
Pressurized,Object_15436
Unspecified,Object_00432
Corrosive,Object_12349
Radioactive,Object_08986
Explosive,Object_07753
Corrosive,Object_13001
Food,Object_13744
Food,Object_01688
Fragile,Object_06506
Pressurized,Object_13866
Food,Object_03451
Pressurized,Object_11716
Food,Object_04123
Explosive,Object_13307
Pressurized,Object_03845
Unspecified,Object_02049
Corrosive,Object_00379
Radioactive,Object_12286
Explosive,Object_02742
Food,Object_13257
Food,Object_07378
Flammable,Object_08536
Food,Object_09617
Corrosive,Object_05951
Toxic,Object_07290
Corrosive,Object_13830
Explosive,Object_06480
Flammable,Object_14029
Pressurized,Object_09919
Oxidizing,Object_15795
Oxidizing,Object_14587
Unspecified,Object_10699
Corrosive,Object_05192
Unspecified,Object_05137
Pressurized,Object_03740
Corrosive,Object_14090
Toxic,Object_02655
Food,Object_01297
Flammable,Object_01169
Fragile,Object_06632
Radioactive,Object_09366
Fragile,Object_10033
Food,Object_10343
Unspecified,Object_06912
Oxidizing,Object_05528
Corrosive,Object_12998
Explosive,Object_02746
Pressurized,Object_02374
Food,Object_10350
Corrosive,Object_16203
Pressurized,Object_04695
Oxidizing,Object_12255
Flammable,Object_06244
Corrosive,Object_14773
Toxic,Object_07323
Oxidizing,Object_07988
Fragile,Object_08364
Flammable,Object_11030
Pressurized,Object_05327
Fragile,Object_12521
Radioactive,Object_04664
Pressurized,Object_02860
Fragile,Object_08822
Corrosive,Object_10636
Unspecified,Object_14850
Toxic,Object_11498
Corrosive,Object_09452
Food,Object_03260
Flammable,Object_09922
Fragile,Object_15592
Explosive,Object_05753
Explosive,Object_01987
Explosive,Object_06747
Flammable,Object_00325
Toxic,Object_05639
Fragile,Object_12413
Oxidizing,Object_09134
Oxidizing,Object_09181
Corrosive,Object_05904
Oxidizing,Object_05915
Corrosive,Object_04257
Corrosive,Object_05484
Food,Object_07371
Corrosive,Object_11840
Pressurized,Object_10320
Toxic,Object_11596
Pressurized,Object_12504
Toxic,Object_03531
Toxic,Object_00984
Toxic,Object_02677
Radioactive,Object_13153
Unspecified,Object_01622
Explosive,Object_06528
Corrosive,Object_00782
Explosive,Object_13736
Radioactive,Object_09211
Flammable,Object_04112
Fragile,Object_04916
Flammable,Object_07973
Toxic,Object_11613
Flammable,Object_08749
Food,Object_08471
Radioactive,Object_10333
Explosive,Object_02204
Pressurized,Object_13868
Radioactive,Object_06907
Food,Object_02894
Flammable,Object_11608
Explosive,Object_07750
Radioactive,Object_11842
Oxidizing,Object_02390
Oxidizing,Object_03213
Food,Object_13256
Fragile,Object_07082
Unspecified,Object_09099
Corrosive,Object_03864
Food,Object_04423
Explosive,Object_01637
Corrosive,Object_03745
Unspecified,Object_11240
Flammable,Object_14613
Fragile,Object_02149
Radioactive,Object_09362
Corrosive,Object_14598
Explosive,Object_07385
Pressurized,Object_04582
Fragile,Object_13646
Pressurized,Object_05982
Corrosive,Object_06100
Toxic,Object_12754
Corrosive,Object_06867
Toxic,Object_03450
Food,Object_06946
Flammable,Object_15766
Unspecified,Object_03014
Food,Object_15729
Food,Object_05622
Fragile,Object_15835
Pressurized,Object_07723
Unspecified,Object_04414
Unspecified,Object_03886
Radioactive,Object_04307
Radioactive,Object_08988
Pressurized,Object_16182
Corrosive,Object_04255
Fragile,Object_10040
Unspecified,Object_05925
Oxidizing,Object_05332
Food,Object_01651
Oxidizing,Object_09520
Corrosive,Object_06217
Pressurized,Object_11908
Fragile,Object_13859
Pressurized,Object_00194
Food,Object_00138
Fragile,Object_11293
Food,Object_05172
Fragile,Object_07538
Explosive,Object_08491
Unspecified,Object_11441
Fragile,Object_01973
Explosive,Object_07491
Flammable,Object_02864
Oxidizing,Object_12959
Unspecified,Object_06451
Pressurized,Object_05690
Explosive,Object_08233
Fragile,Object_00534
Food,Object_08860
Explosive,Object_07837
Oxidizing,Object_06934
Explosive,Object_08614
Toxic,Object_00888
Oxidizing,Object_02102
Oxidizing,Object_09449
Food,Object_03639
Radioactive,Object_12450
Pressurized,Object_04592
Corrosive,Object_08375
Explosive,Object_14070
Oxidizing,Object_08042
Oxidizing,Object_14890
Pressurized,Object_09413
Radioactive,Object_08067
Fragile,Object_05168
Explosive,Object_10170
Food,Object_16346
Radioactive,Object_13328
Explosive,Object_00693
Food,Object_13258
Explosive,Object_11936
Flammable,Object_10057
Flammable,Object_08072
Fragile,Object_10870
Toxic,Object_11073
Unspecified,Object_01286
Pressurized,Object_13694
Flammable,Object_01748
Corrosive,Object_02556
Unspecified,Object_05834
Oxidizing,Object_14737
Explosive,Object_04092
Food,Object_03323
Pressurized,Object_03756
Corrosive,Object_11974
Radioactive,Object_04349
Unspecified,Object_14573
Pressurized,Object_03848
Explosive,Object_13303
Unspecified,Object_08176
Radioactive,Object_03116
Pressurized,Object_13218
Fragile,Object_02995
Food,Object_13051
Food,Object_09400
Explosive,Object_15643
Radioactive,Object_05793
Explosive,Object_05143
Fragile,Object_07808
Flammable,Object_15200
Food,Object_16345
Fragile,Object_14764
Toxic,Object_05604
Flammable,Object_15046
Flammable,Object_06537
Pressurized,Object_01524
Oxidizing,Object_15464
Oxidizing,Object_14293
Oxidizing,Object_11959
Explosive,Object_16301
Explosive,Object_00160
Food,Object_08777
Toxic,Object_13116
Unspecified,Object_13962
Food,Object_06758
Food,Object_05173
Unspecified,Object_03768
Food,Object_11489
Toxic,Object_11091
Toxic,Object_03611
Explosive,Object_12520
Toxic,Object_06270
Toxic,Object_16000
Explosive,Object_04225
Fragile,Object_15274
Unspecified,Object_07897
Oxidizing,Object_00449
Unspecified,Object_15498
Radioactive,Object_07549
Explosive,Object_11168
Explosive,Object_07518
Toxic,Object_05566
Corrosive,Object_03986
Toxic,Object_07924
Corrosive,Object_09227
Fragile,Object_06179
Oxidizing,Object_07255
Fragile,Object_11374
Explosive,Object_04099
Food,Object_11653
Pressurized,Object_15083
Explosive,Object_04223
Food,Object_13048
Food,Object_01918
Pressurized,Object_05571
Fragile,Object_04822
Food,Object_08244
Corrosive,Object_01186
Flammable,Object_09153
Food,Object_12396
Fragile,Object_08295
Food,Object_06671
Flammable,Object_02868
Toxic,Object_04278
Pressurized,Object_12857
Radioactive,Object_15936
Flammable,Object_06619
Oxidizing,Object_07451
Pressurized,Object_15435
Food,Object_09935
Oxidizing,Object_12840
Explosive,Object_04531
Food,Object_05694
Flammable,Object_05704
Toxic,Object_09551
Unspecified,Object_11757
Radioactive,Object_04662
Toxic,Object_09005
Explosive,Object_01478
Oxidizing,Object_01125
Flammable,Object_11529
Explosive,Object_15025
Food,Object_14012
Pressurized,Object_12899
Toxic,Object_13639
Unspecified,Object_11885
Explosive,Object_06475
Toxic,Object_10972
Corrosive,Object_05786
Oxidizing,Object_06545
Fragile,Object_04521
Pressurized,Object_01423
Oxidizing,Object_02580
Food,Object_00005
Toxic,Object_12631
Unspecified,Object_03920
Fragile,Object_05894
Food,Object_00591
Oxidizing,Object_14883
Pressurized,Object_02777
Pressurized,Object_10080
Flammable,Object_03796
Unspecified,Object_11444
Explosive,Object_08452
Fragile,Object_08365
Oxidizing,Object_09823
Food,Object_15155
Food,Object_03191
Toxic,Object_04686
Flammable,Object_08490
Fragile,Object_13688
Unspecified,Object_12737
Fragile,Object_00176
Corrosive,Object_07193
Toxic,Object_08100
Food,Object_10491
Unspecified,Object_02872
Oxidizing,Object_00942
Toxic,Object_09789
Food,Object_11659
Unspecified,Object_13964
Flammable,Object_08537
Radioactive,Object_10751
Flammable,Object_10060
Fragile,Object_06565
Explosive,Object_06297
Pressurized,Object_12856
Corrosive,Object_13007
Flammable,Object_16101
Corrosive,Object_06076
Oxidizing,Object_15715
Pressurized,Object_04311
Fragile,Object_01050
Toxic,Object_01445
Pressurized,Object_13217
Oxidizing,Object_09835
Pressurized,Object_07728
Food,Object_12393
Radioactive,Object_01493
Radioactive,Object_16281
Corrosive,Object_10419
Fragile,Object_14785
Unspecified,Object_02634
Unspecified,Object_00853
Pressurized,Object_11581
Toxic,Object_11216
Toxic,Object_11421
Flammable,Object_11998
Food,Object_09021
Toxic,Object_05545
Fragile,Object_06563
Explosive,Object_14323
Flammable,Object_03514
Fragile,Object_01643
Toxic,Object_02651
Fragile,Object_11458
Radioactive,Object_13400
Food,Object_14823
Pressurized,Object_01952
Food,Object_14901
Oxidizing,Object_15588
Explosive,Object_06523
Pressurized,Object_11559
Radioactive,Object_14752
Unspecified,Object_15775
Toxic,Object_05025
Oxidizing,Object_04158
Toxic,Object_07926
Radioactive,Object_14359
Fragile,Object_09161
Unspecified,Object_06066
Fragile,Object_02929
Pressurized,Object_07905
Oxidizing,Object_09136
Toxic,Object_15008
Explosive,Object_06771
Explosive,Object_03338
Flammable,Object_06512
Food,Object_11152
Corrosive,Object_04515
Fragile,Object_10026
Flammable,Object_15699
Food,Object_09252
Radioactive,Object_13958
Unspecified,Object_08784
Food,Object_04282
Corrosive,Object_16207
Oxidizing,Object_09591
Food,Object_13050
Flammable,Object_06981
Explosive,Object_02536
Flammable,Object_01747
Radioactive,Object_05936
Food,Object_15228
Food,Object_05176
Unspecified,Object_11269
Fragile,Object_15272
Explosive,Object_12546
Pressurized,Object_06145
Unspecified,Object_00118
Radioactive,Object_13752
Unspecified,Object_01931
Toxic,Object_13194
Unspecified,Object_09470
Unspecified,Object_00117
Toxic,Object_11619
Food,Object_00090
Toxic,Object_03097
Explosive,Object_04224
Unspecified,Object_06696
Pressurized,Object_08909
Toxic,Object_09803
Radioactive,Object_04642
Oxidizing,Object_01374
Pressurized,Object_03810
Toxic,Object_07818
Explosive,Object_04171
Fragile,Object_13888
Oxidizing,Object_06972
Fragile,Object_14768
Pressurized,Object_09440
Unspecified,Object_11415
Flammable,Object_09651
Radioactive,Object_13393
Flammable,Object_06247
Unspecified,Object_07900
Pressurized,Object_03760
Toxic,Object_07029
Explosive,Object_12905
Oxidizing,Object_11431
Food,Object_00712
Unspecified,Object_06069
Pressurized,Object_06893
Corrosive,Object_08554
Oxidizing,Object_07070
Corrosive,Object_10638
Toxic,Object_11118
Unspecified,Object_00020
Fragile,Object_15206
Corrosive,Object_09888
Flammable,Object_02136
Food,Object_11988
Pressurized,Object_07902
Food,Object_14179
Radioactive,Object_01926
Oxidizing,Object_12833
Corrosive,Object_08707
Toxic,Object_00640
Oxidizing,Object_09828
Pressurized,Object_10073
Pressurized,Object_07797
Toxic,Object_14428
Unspecified,Object_01578
Flammable,Object_09921
Food,Object_02451
Radioactive,Object_06878
Toxic,Object_11213
Corrosive,Object_08264
Food,Object_12397
Radioactive,Object_03316
Unspecified,Object_00272
Fragile,Object_01779
Oxidizing,Object_02167
Radioactive,Object_06316
Unspecified,Object_06197
Unspecified,Object_03766
Oxidizing,Object_01128
Pressurized,Object_09677
Oxidizing,Object_09774
Fragile,Object_15262
Pressurized,Object_12898
Unspecified,Object_11233
Explosive,Object_02748
Radioactive,Object_15734
Fragile,Object_15300
Corrosive,Object_10808
Corrosive,Object_10211
Fragile,Object_02980
Fragile,Object_15831
Food,Object_02339
Explosive,Object_09845
Radioactive,Object_15940
Unspecified,Object_13531
Radioactive,Object_02795
Unspecified,Object_07892
Pressurized,Object_07724
Corrosive,Object_12163
Pressurized,Object_07360
Fragile,Object_03549
Pressurized,Object_13262
Radioactive,Object_04645
Fragile,Object_15208
Food,Object_11790
Oxidizing,Object_12031
Oxidizing,Object_10447
Flammable,Object_13511
Corrosive,Object_09820
Oxidizing,Object_15341
Toxic,Object_08465
Explosive,Object_02950
Unspecified,Object_04232
Oxidizing,Object_14275
Unspecified,Object_13533
Corrosive,Object_02407
Radioactive,Object_15956
Oxidizing,Object_00643
Fragile,Object_08400
Pressurized,Object_10315
Explosive,Object_02208
Unspecified,Object_02640
Corrosive,Object_09706
Food,Object_09397
Toxic,Object_02096
Toxic,Object_00707
Fragile,Object_03993
Food,Object_00368
Pressurized,Object_14640
Toxic,Object_10605
Corrosive,Object_02642
Pressurized,Object_09680
Food,Object_03453
Corrosive,Object_13591
Toxic,Object_07845
Fragile,Object_11063
Toxic,Object_07890
Oxidizing,Object_01857
Radioactive,Object_11801
Pressurized,Object_05411
Toxic,Object_06794
Food,Object_03774
Flammable,Object_10832
Food,Object_12180
Unspecified,Object_11753
Pressurized,Object_09864
Radioactive,Object_05935
Oxidizing,Object_02579
Fragile,Object_03063
Oxidizing,Object_02462
Flammable,Object_03466
Explosive,Object_04601
Oxidizing,Object_10543
Food,Object_08431
Toxic,Object_01264
Food,Object_15447
Flammable,Object_02714
Radioactive,Object_07208
Oxidizing,Object_02277
Food,Object_08223
Radioactive,Object_14898
Radioactive,Object_12553
Unspecified,Object_07899
Flammable,Object_07977
Toxic,Object_05654
Pressurized,Object_15753
Food,Object_06650
Toxic,Object_08461
Toxic,Object_03652
Corrosive,Object_06166
Food,Object_04122
Toxic,Object_08466
Pressurized,Object_01276
Flammable,Object_12563
Unspecified,Object_09629
Pressurized,Object_05986
Food,Object_06202
Corrosive,Object_13341
Fragile,Object_06172
Radioactive,Object_13669
Oxidizing,Object_09342
Pressurized,Object_08919
Pressurized,Object_09481
Pressurized,Object_04315
Food,Object_15537
Oxidizing,Object_10381
Unspecified,Object_08543
Toxic,Object_14427
Pressurized,Object_01692
Explosive,Object_05310
Food,Object_10626
Oxidizing,Object_12252
Flammable,Object_00761
Oxidizing,Object_07449
Explosive,Object_07696
Oxidizing,Object_13207
Oxidizing,Object_05919
Flammable,Object_08486
Food,Object_13052
Toxic,Object_10955
Toxic,Object_00702
Fragile,Object_03835
Explosive,Object_13279
Pressurized,Object_15563
Toxic,Object_16254
Flammable,Object_03797
Oxidizing,Object_07990
Toxic,Object_03586
Flammable,Object_00663
Flammable,Object_13518
Toxic,Object_07922
Flammable,Object_02396
Pressurized,Object_12077
Food,Object_14829
Radioactive,Object_09280
Food,Object_02936
Unspecified,Object_02609
Fragile,Object_07311
Food,Object_02300
Fragile,Object_08424
Flammable,Object_02718
Fragile,Object_11210
Oxidizing,Object_10061
Unspecified,Object_03914
Food,Object_10858
Fragile,Object_00174
Food,Object_08228
Corrosive,Object_05962
Fragile,Object_06501
Flammable,Object_01484
Fragile,Object_08363
Toxic,Object_08211
Radioactive,Object_07614
Corrosive,Object_02194
Flammable,Object_04768
Toxic,Object_09661
Toxic,Object_03659
Explosive,Object_06431
Pressurized,Object_14417
Flammable,Object_12601
Radioactive,Object_10714
Flammable,Object_15231
Oxidizing,Object_08843
Pressurized,Object_08905
Radioactive,Object_13373
Explosive,Object_09038
Explosive,Object_00601
Food,Object_03486
Toxic,Object_09668
Fragile,Object_06638
Pressurized,Object_09485
Food,Object_16194
Fragile,Object_00512
Food,Object_10349
Explosive,Object_08310
Radioactive,Object_00306
Fragile,Object_01236
Radioactive,Object_11919
Pressurized,Object_01253
Corrosive,Object_10267
Unspecified,Object_12019
Pressurized,Object_04313
Flammable,Object_14529
Radioactive,Object_15508
Food,Object_14042
Pressurized,Object_04598
Toxic,Object_01344
Food,Object_09939
Fragile,Object_13125
Unspecified,Object_02880
Corrosive,Object_01784
Radioactive,Object_14896
Flammable,Object_07979
Oxidizing,Object_13033
Fragile,Object_05878
Radioactive,Object_07297
Radioactive,Object_07584
Radioactive,Object_07864
Unspecified,Object_13625
Unspecified,Object_12010
Corrosive,Object_11135
Explosive,Object_02201
Unspecified,Object_05890
Explosive,Object_04534
Oxidizing,Object_07146
Food,Object_10500
Oxidizing,Object_11669
Unspecified,Object_03630
Flammable,Object_04034
Toxic,Object_14383
Pressurized,Object_00080
Pressurized,Object_15094
Pressurized,Object_07018
Oxidizing,Object_05183
Pressurized,Object_05972
Pressurized,Object_13867
Flammable,Object_09267
Unspecified,Object_02497
Flammable,Object_09572
Radioactive,Object_13775
Flammable,Object_05009
Corrosive,Object_10804
Radioactive,Object_10099
Food,Object_05380
Explosive,Object_07384
Toxic,Object_07961
Fragile,Object_05207
Radioactive,Object_12330
Unspecified,Object_01144
Radioactive,Object_10151
Food,Object_04672
Explosive,Object_01640
Radioactive,Object_12724
Radioactive,Object_14107
Oxidizing,Object_10999
Oxidizing,Object_02101
Corrosive,Object_05852
Pressurized,Object_05421
Food,Object_13455
Oxidizing,Object_09513
Unspecified,Object_11889
Fragile,Object_03235
Toxic,Object_01609
Toxic,Object_04108
Flammable,Object_01104
Radioactive,Object_12721
Flammable,Object_04763
Fragile,Object_01199
Corrosive,Object_13316
Fragile,Object_13642
Oxidizing,Object_07558
Fragile,Object_08993
Food,Object_00892
Oxidizing,Object_09295
Oxidizing,Object_10994
Fragile,Object_02972
Oxidizing,Object_01878
Radioactive,Object_03184
Flammable,Object_12772
Radioactive,Object_10108
Toxic,Object_03618
Unspecified,Object_03015
Unspecified,Object_02638
Food,Object_02334
Fragile,Object_08398
Food,Object_15221
Fragile,Object_06761
Flammable,Object_03470
Fragile,Object_13175
Fragile,Object_11894
Toxic,Object_03442
Oxidizing,Object_04993
Toxic,Object_01395
Corrosive,Object_08971
Toxic,Object_08801
Unspecified,Object_06457
Oxidizing,Object_09776
Food,Object_13245
Food,Object_00083
Radioactive,Object_00685
Unspecified,Object_02020
Food,Object_14375
Unspecified,Object_09095
Unspecified,Object_09069
Unspecified,Object_00183
Oxidizing,Object_06114
Explosive,Object_10616
Food,Object_11950
Toxic,Object_11097
Toxic,Object_04884
Explosive,Object_02361
Oxidizing,Object_10389
Toxic,Object_04833
Food,Object_08942
Pressurized,Object_06407
Corrosive,Object_02235
Oxidizing,Object_03603
Toxic,Object_15879
Oxidizing,Object_02562
Oxidizing,Object_07766
Toxic,Object_00505
Flammable,Object_10826
Explosive,Object_06474
Toxic,Object_15992
Fragile,Object_07171
Oxidizing,Object_14885
Flammable,Object_01418
Food,Object_09938
Radioactive,Object_04938
Unspecified,Object_11238
Toxic,Object_04749
Pressurized,Object_01739
Fragile,Object_15912
Corrosive,Object_05861
Corrosive,Object_01190
Food,Object_11484
Pressurized,Object_00746
Oxidizing,Object_09595
Pressurized,Object_14668
Corrosive,Object_10132
Pressurized,Object_13832
Corrosive,Object_15990
Fragile,Object_00097
Flammable,Object_08763
Unspecified,Object_01939
Corrosive,Object_13823
Oxidizing,Object_06382
Unspecified,Object_00277
Pressurized,Object_12893
Toxic,Object_07095
Fragile,Object_06627
Fragile,Object_10326
Flammable,Object_16321
Corrosive,Object_06358
Food,Object_06679
Toxic,Object_12941
Oxidizing,Object_03730
Unspecified,Object_09421
Food,Object_01155
Food,Object_16047
Food,Object_04128
Food,Object_02917
Explosive,Object_12541
Food,Object_01201
Food,Object_01434
Corrosive,Object_00621
Fragile,Object_05435
Fragile,Object_15271
Toxic,Object_07524
Food,Object_00390
Unspecified,Object_02520
Fragile,Object_13690
Corrosive,Object_01182
Explosive,Object_10594
Toxic,Object_07131
Fragile,Object_12147
Corrosive,Object_11514
Fragile,Object_08811
Flammable,Object_03369
Flammable,Object_01703
Corrosive,Object_06951
Toxic,Object_11230
Food,Object_03493
Pressurized,Object_10314
Unspecified,Object_10983
Flammable,Object_15848
Corrosive,Object_01073
Flammable,Object_10272
Food,Object_13014
Explosive,Object_08737
Fragile,Object_08815
Explosive,Object_02743
Unspecified,Object_01573
Toxic,Object_01350
Unspecified,Object_08420
Corrosive,Object_05249
Flammable,Object_03155
Flammable,Object_10675
Pressurized,Object_04857
Food,Object_00719
Flammable,Object_07976
Toxic,Object_07301
Food,Object_15968
Fragile,Object_08427
Pressurized,Object_06144
Toxic,Object_08469
Radioactive,Object_00405
Food,Object_04634
Explosive,Object_11862
Food,Object_08852
Toxic,Object_04204
Fragile,Object_13999
Oxidizing,Object_01858
Flammable,Object_06249
Explosive,Object_05259
Radioactive,Object_14149
Radioactive,Object_00654
Fragile,Object_03995
Explosive,Object_10177
Flammable,Object_10055
Corrosive,Object_10523
Oxidizing,Object_12986
Toxic,Object_07302
Radioactive,Object_05669
Toxic,Object_10960
Oxidizing,Object_01880
Explosive,Object_00145
Corrosive,Object_10639
Food,Object_09197
Radioactive,Object_15656
Radioactive,Object_14851
Flammable,Object_12613
Explosive,Object_03580
Flammable,Object_04810
Corrosive,Object_13312
Oxidizing,Object_13334
Fragile,Object_05438
Unspecified,Object_12685
Food,Object_03496
Unspecified,Object_03625
Explosive,Object_05725
Unspecified,Object_13628
Radioactive,Object_12560
Flammable,Object_08799
Corrosive,Object_14809
Food,Object_06815
Food,Object_12656
Fragile,Object_08277
Pressurized,Object_01118
Food,Object_08530
Pressurized,Object_15085
Oxidizing,Object_03604
Unspecified,Object_08609
Fragile,Object_05208
Toxic,Object_11595
Fragile,Object_01195
Corrosive,Object_05867
Radioactive,Object_13663
Radioactive,Object_09383
Corrosive,Object_14946
Flammable,Object_16263
Flammable,Object_10845
Oxidizing,Object_10087
Oxidizing,Object_10247
Unspecified,Object_00834
Fragile,Object_15639
Food,Object_13462
Unspecified,Object_02519
Radioactive,Object_00655
Explosive,Object_02537
Oxidizing,Object_11628
Toxic,Object_07641
Pressurized,Object_05416
Fragile,Object_00093
Explosive,Object_04179
Fragile,Object_13545
Oxidizing,Object_12386
Flammable,Object_02132
Corrosive,Object_04330
Oxidizing,Object_09120
Unspecified,Object_04573
Toxic,Object_07021
Flammable,Object_00666
Fragile,Object_06181
Pressurized,Object_01956
Unspecified,Object_08419
Food,Object_12044
Pressurized,Object_02848
Pressurized,Object_14418
Corrosive,Object_01221
Fragile,Object_11185
Flammable,Object_02907
Unspecified,Object_14706
Radioactive,Object_12448
Oxidizing,Object_03171
Oxidizing,Object_11877
Oxidizing,Object_03219
Corrosive,Object_09886
Corrosive,Object_12099
Fragile,Object_08956
Explosive,Object_09641
Explosive,Object_06026
Explosive,Object_10611
Flammable,Object_13108
Food,Object_13091
Oxidizing,Object_10384
Food,Object_13368
Fragile,Object_13132
Explosive,Object_10168
Food,Object_03328
Flammable,Object_04118
Oxidizing,Object_12185
Pressurized,Object_00213
Toxic,Object_00882
Fragile,Object_09047
Unspecified,Object_05123
Toxic,Object_11226
Flammable,Object_15845
Pressurized,Object_13554
Unspecified,Object_06252
Flammable,Object_00770
Flammable,Object_14119
Explosive,Object_11354
Food,Object_15521
Food,Object_11406
Corrosive,Object_08371
Radioactive,Object_13152
Food,Object_06372
Food,Object_09196
Toxic,Object_10603
Corrosive,Object_12164
Food,Object_12807
Oxidizing,Object_09206
Radioactive,Object_12116
Fragile,Object_11068
Radioactive,Object_10095
Oxidizing,Object_01680
Pressurized,Object_07416
Fragile,Object_05877
Radioactive,Object_00530
Flammable,Object_15235
Corrosive,Object_12347
Pressurized,Object_15817
Oxidizing,Object_16291
Toxic,Object_11315
Pressurized,Object_01017
Corrosive,Object_15896
Corrosive,Object_15889
Radioactive,Object_11197
Pressurized,Object_04696
Corrosive,Object_13353
Food,Object_12292
Food,Object_15359
Explosive,Object_03276
Radioactive,Object_00928
Unspecified,Object_10982
Radioactive,Object_00870
Oxidizing,Object_02382
Flammable,Object_06241
Fragile,Object_00415
Flammable,Object_01745
Oxidizing,Object_08565
Explosive,Object_00210
Corrosive,Object_06921
Toxic,Object_04685
Flammable,Object_08748
Food,Object_13747
Oxidizing,Object_11047
Unspecified,Object_06840
Pressurized,Object_14332
Explosive,Object_10931
Unspecified,Object_16234
Explosive,Object_09549
Flammable,Object_07871
Radioactive,Object_09213
Corrosive,Object_05772
Explosive,Object_01891
Toxic,Object_11639
Food,Object_05282
Food,Object_10435
Fragile,Object_11376
Corrosive,Object_08889
Flammable,Object_15135
Food,Object_02914
Food,Object_10652
Toxic,Object_11640
Explosive,Object_02174
Pressurized,Object_11017
Toxic,Object_05658
Corrosive,Object_11250
Radioactive,Object_12697
Corrosive,Object_11705
Unspecified,Object_10227
Radioactive,Object_13397
Toxic,Object_03292
Radioactive,Object_03561
Food,Object_10365
Unspecified,Object_09070
Pressurized,Object_12073
Oxidizing,Object_11664
Explosive,Object_05144
Corrosive,Object_08976
Flammable,Object_16061
Explosive,Object_04898
Fragile,Object_08394
Oxidizing,Object_12263
Radioactive,Object_11470
Flammable,Object_09872
Fragile,Object_06763
Corrosive,Object_02264
Pressurized,Object_16190
Pressurized,Object_07420
Fragile,Object_04820
Oxidizing,Object_05618
Flammable,Object_06519
Fragile,Object_04483
Pressurized,Object_13834
Radioactive,Object_11347
Flammable,Object_12741
Toxic,Object_16360
Oxidizing,Object_06303
Pressurized,Object_08260
Unspecified,Object_05274
Food,Object_09932
Oxidizing,Object_09840
Flammable,Object_10773
Toxic,Object_06348
Pressurized,Object_01697
Oxidizing,Object_02104
Toxic,Object_11969
Pressurized,Object_02846
Explosive,Object_09480
Fragile,Object_11335
Flammable,Object_02904
Pressurized,Object_16214
Unspecified,Object_14484
Toxic,Object_09587
Flammable,Object_12611
Food,Object_15721
Toxic,Object_00796
Explosive,Object_12063
Fragile,Object_08690
Pressurized,Object_00072
Unspecified,Object_08173
Explosive,Object_02206
Corrosive,Object_08261
Flammable,Object_09656
Explosive,Object_10789
Explosive,Object_07494
Radioactive,Object_14751
Unspecified,Object_02019
Explosive,Object_09648
Pressurized,Object_11013
Pressurized,Object_10376
Flammable,Object_00762
Pressurized,Object_13190
Pressurized,Object_15830
Pressurized,Object_01766
Corrosive,Object_13348
Corrosive,Object_11744
Radioactive,Object_12847
Toxic,Object_07489
Toxic,Object_03533
Corrosive,Object_13318
Explosive,Object_13703
Pressurized,Object_03073
Unspecified,Object_03210
Toxic,Object_10009
Explosive,Object_04167
Explosive,Object_14649
Pressurized,Object_12897
Fragile,Object_11823
Toxic,Object_14311
Corrosive,Object_11745
Unspecified,Object_02302
Radioactive,Object_08068
Corrosive,Object_02690
Explosive,Object_00751
Flammable,Object_12744
Radioactive,Object_11504
Flammable,Object_06126
Corrosive,Object_08553
Corrosive,Object_08974
Corrosive,Object_04784
Flammable,Object_14197
Oxidizing,Object_05819
Explosive,Object_05593
Explosive,Object_00036
Food,Object_03634
Pressurized,Object_10796
Radioactive,Object_12441
Radioactive,Object_01597
Pressurized,Object_01869
Pressurized,Object_07415
Radioactive,Object_11730
Flammable,Object_16178
Corrosive,Object_10768
Corrosive,Object_11742
Explosive,Object_07752
Oxidizing,Object_09830
Fragile,Object_14873
Corrosive,Object_09178
Fragile,Object_05440
Oxidizing,Object_07446
Toxic,Object_03653
Toxic,Object_00890
Corrosive,Object_05954
Oxidizing,Object_05585
Food,Object_07475
Radioactive,Object_15035
Radioactive,Object_14124
Unspecified,Object_14486
Radioactive,Object_09214
Corrosive,Object_08329
Oxidizing,Object_04991
Radioactive,Object_16072
Oxidizing,Object_10143
Explosive,Object_09900
Fragile,Object_15268
Food,Object_00003
Fragile,Object_08997
Pressurized,Object_09129
Toxic,Object_00588
Food,Object_06756
Food,Object_12810
Food,Object_01682
Corrosive,Object_00292
Unspecified,Object_10705
Corrosive,Object_12210
Unspecified,Object_12975
Fragile,Object_01945
Food,Object_05179
Toxic,Object_07325
Fragile,Object_08167
Fragile,Object_12867
Unspecified,Object_07342
Radioactive,Object_09389
Radioactive,Object_07278
Toxic,Object_07522
Food,Object_01292
Flammable,Object_03851
Radioactive,Object_06608
Food,Object_06204
Pressurized,Object_15097
Unspecified,Object_09020
Pressurized,Object_15974
Explosive,Object_08306
Radioactive,Object_00825
Unspecified,Object_04558
Pressurized,Object_05422
Explosive,Object_03947
Corrosive,Object_14627
Oxidizing,Object_08056
Pressurized,Object_12312
Explosive,Object_13738
Oxidizing,Object_02710
Pressurized,Object_14654
Food,Object_07689
Fragile,Object_08284
Oxidizing,Object_02572
Oxidizing,Object_10542
Pressurized,Object_00191
Corrosive,Object_14004
Oxidizing,Object_10042
Toxic,Object_09148
Radioactive,Object_13602
Oxidizing,Object_06306
Radioactive,Object_10509
Corrosive,Object_11081
Corrosive,Object_10875
Radioactive,Object_05665
Unspecified,Object_07896
Radioactive,Object_04073
Pressurized,Object_11906
Flammable,Object_10842
Toxic,Object_07092
Unspecified,Object_14230
Corrosive,Object_13161
Flammable,Object_11479
Fragile,Object_11277
Fragile,Object_08571
Flammable,Object_08505
Toxic,Object_05543
Unspecified,Object_15494
Unspecified,Object_03670
Food,Object_09258
Food,Object_11859
Unspecified,Object_13876
Oxidizing,Object_12184
Food,Object_13045
Toxic,Object_08599
Oxidizing,Object_11108
Food,Object_13469
Toxic,Object_13199
Explosive,Object_05149
Toxic,Object_10732
Food,Object_04287
Food,Object_14171
Fragile,Object_13849
Oxidizing,Object_07221
Corrosive,Object_06739
Oxidizing,Object_01851
Food,Object_07998
Flammable,Object_07915
Fragile,Object_02141
Explosive,Object_16271
Toxic,Object_11215
Corrosive,Object_00473
Flammable,Object_13421
Fragile,Object_05876
Flammable,Object_06222
Flammable,Object_15765
Food,Object_02970
Flammable,Object_15163
Toxic,Object_11115
Pressurized,Object_09322
Pressurized,Object_07909
Pressurized,Object_09679
Food,Object_06817
Pressurized,Object_01700
Flammable,Object_02612
Oxidizing,Object_00961
Pressurized,Object_11902
Fragile,Object_13139
Explosive,Object_02172
Oxidizing,Object_01853
Toxic,Object_02733
Corrosive,Object_10631
Radioactive,Object_06910
Explosive,Object_07836
Oxidizing,Object_11304
Radioactive,Object_06320
Radioactive,Object_04454
Toxic,Object_14135
Food,Object_06558
Radioactive,Object_14560
Flammable,Object_14603
Fragile,Object_02997
Food,Object_12816
Flammable,Object_06106
Pressurized,Object_01523
Unspecified,Object_12011
Fragile,Object_04396
Fragile,Object_10188
Fragile,Object_07172
Corrosive,Object_05858
Oxidizing,Object_05385
Oxidizing,Object_15626
Toxic,Object_10604
Fragile,Object_10869
Toxic,Object_16353
Explosive,Object_00159
Explosive,Object_00752
Unspecified,Object_12423
Radioactive,Object_01557
Explosive,Object_01899
Oxidizing,Object_12101
Oxidizing,Object_06980
Explosive,Object_15782
Corrosive,Object_11089
Corrosive,Object_05902
Flammable,Object_04761
Oxidizing,Object_00647
Flammable,Object_02863
Explosive,Object_01636
Radioactive,Object_00821
Pressurized,Object_07607
Pressurized,Object_15685
Pressurized,Object_04851
Fragile,Object_13807
Food,Object_03788
Pressurized,Object_10557
Radioactive,Object_04193
Oxidizing,Object_13335
Food,Object_11856
Corrosive,Object_14949
Corrosive,Object_16209
Toxic,Object_08384
Flammable,Object_15761
Explosive,Object_02444
Toxic,Object_08096
Oxidizing,Object_10962
Toxic,Object_15455
Pressurized,Object_01810
Pressurized,Object_01459
Toxic,Object_11005
Explosive,Object_00209
Explosive,Object_00045
Pressurized,Object_03843
Pressurized,Object_05417
Flammable,Object_07876
Fragile,Object_11276
Fragile,Object_03403
Corrosive,Object_08133
Radioactive,Object_08981
Oxidizing,Object_00646
Corrosive,Object_02628
Oxidizing,Object_14736
Fragile,Object_06714
Fragile,Object_14165
Corrosive,Object_05865
Flammable,Object_03305
Fragile,Object_08572
Unspecified,Object_13878
Explosive,Object_03273
Pressurized,Object_15565
Food,Object_03255
Food,Object_08155
Flammable,Object_01742
Pressurized,Object_14413
Toxic,Object_13657
Radioactive,Object_01929
Pressurized,Object_10121
Pressurized,Object_11777
Toxic,Object_08382
Flammable,Object_01719
Corrosive,Object_06863
Radioactive,Object_02248
Oxidizing,Object_13725
Flammable,Object_09923
Explosive,Object_10204
Food,Object_04424
Oxidizing,Object_12823
Food,Object_10855
Explosive,Object_13819
Flammable,Object_10841
Flammable,Object_13984
Radioactive,Object_14672
Oxidizing,Object_14093
Fragile,Object_10328
Unspecified,Object_11236
Flammable,Object_11391
Food,Object_14013
Pressurized,Object_02509
Toxic,Object_11500
Toxic,Object_07773
Unspecified,Object_04141
Unspecified,Object_08967
Explosive,Object_02025
Oxidizing,Object_06231
Radioactive,Object_07280
Fragile,Object_16114
Explosive,Object_01898
Oxidizing,Object_11301
Toxic,Object_00791
Flammable,Object_00324
Unspecified,Object_10709
Corrosive,Object_13003
Flammable,Object_10846
Corrosive,Object_00786
Fragile,Object_13994
Toxic,Object_00797
Explosive,Object_10210
Flammable,Object_08762
Toxic,Object_12637
Radioactive,Object_04191
Food,Object_10492
Pressurized,Object_06148
Food,Object_00613
Oxidizing,Object_15467
Corrosive,Object_12993
Explosive,Object_06007
Unspecified,Object_14040
Fragile,Object_02769
Corrosive,Object_08268
Toxic,Object_09662
Food,Object_13480
Toxic,Object_12028
Flammable,Object_03461
Fragile,Object_02150
Radioactive,Object_11914
Unspecified,Object_03676
Fragile,Object_13856
Toxic,Object_00314
Fragile,Object_12861
Oxidizing,Object_02702
Radioactive,Object_03088
Unspecified,Object_14228
Unspecified,Object_05886
Oxidizing,Object_08032
Oxidizing,Object_05616
Corrosive,Object_02193
Toxic,Object_11253
Fragile,Object_12864
Pressurized,Object_13145
Oxidizing,Object_08588
Oxidizing,Object_09771
Food,Object_08525
Fragile,Object_11925
Unspecified,Object_07470
Flammable,Object_04765
Toxic,Object_04886
Pressurized,Object_14980
Fragile,Object_01070
Toxic,Object_02737
Food,Object_05016
Explosive,Object_09645
Food,Object_08247
Oxidizing,Object_15363
Food,Object_01683
Explosive,Object_02113
Flammable,Object_05114
Explosive,Object_05642
Explosive,Object_11363
Toxic,Object_03708
Radioactive,Object_04077
Unspecified,Object_12020
Corrosive,Object_10268
Food,Object_00068
Corrosive,Object_11088
Corrosive,Object_00294
Explosive,Object_03123
Unspecified,Object_15492
Explosive,Object_12401
Unspecified,Object_05280
Toxic,Object_15394
Flammable,Object_14864
Corrosive,Object_11972
Unspecified,Object_15922
Flammable,Object_08746
Food,Object_00619
Pressurized,Object_00077
Radioactive,Object_06281
Food,Object_07822
Toxic,Object_07030
Flammable,Object_13106
Unspecified,Object_14035
Pressurized,Object_10380
Radioactive,Object_07106
Toxic,Object_14388
Pressurized,Object_02121
Toxic,Object_01443
Flammable,Object_12776
Explosive,Object_12511
Fragile,Object_12865
Toxic,Object_08022
Corrosive,Object_02596
Fragile,Object_12526
Oxidizing,Object_09442
Toxic,Object_15875
Explosive,Object_13812
Fragile,Object_12472
Pressurized,Object_03431
Fragile,Object_04482
Toxic,Object_15998
Pressurized,Object_00078
Corrosive,Object_00951
Unspecified,Object_10396
Oxidizing,Object_14406
Food,Object_02898
Radioactive,Object_10339
Radioactive,Object_05450
Oxidizing,Object_07989
Radioactive,Object_01325
Food,Object_14020
Corrosive,Object_02955
Radioactive,Object_11726
Oxidizing,Object_05184
Explosive,Object_02347
Explosive,Object_15108
Pressurized,Object_09330
Toxic,Object_06705
Oxidizing,Object_05615
Pressurized,Object_03282
Corrosive,Object_02251
Pressurized,Object_02471
Toxic,Object_00886
Fragile,Object_06769
Explosive,Object_15189
Pressurized,Object_13763
Unspecified,Object_06254
Food,Object_11153
Explosive,Object_01964
Toxic,Object_14504
Radioactive,Object_03188
Flammable,Object_07737
Flammable,Object_01167
Explosive,Object_10169
Fragile,Object_09508
Pressurized,Object_09562
Unspecified,Object_10394
Fragile,Object_14769
Radioactive,Object_07710
Fragile,Object_16015
Corrosive,Object_07599
Fragile,Object_04818
Oxidizing,Object_09594
Radioactive,Object_04270
Radioactive,Object_06090
Pressurized,Object_05429
Fragile,Object_12913
Food,Object_06890
Pressurized,Object_05032
Fragile,Object_12194
Toxic,Object_03660
Corrosive,Object_05821
Fragile,Object_13650
Corrosive,Object_14080
Unspecified,Object_10723
Pressurized,Object_05500
Food,Object_14743
Food,Object_14378
Food,Object_12500
Flammable,Object_09160
Unspecified,Object_11882
Radioactive,Object_13068
Toxic,Object_13119
Toxic,Object_02097
Food,Object_07714
Unspecified,Object_14481
Flammable,Object_16104
Food,Object_02968
Toxic,Object_09147
Toxic,Object_14541
Unspecified,Object_02786
Fragile,Object_04919
Fragile,Object_15664
Fragile,Object_05874
Toxic,Object_11008
Pressurized,Object_07795
Oxidizing,Object_13292
Toxic,Object_10459
Toxic,Object_08760
Fragile,Object_13644
Corrosive,Object_03644
Fragile,Object_14160
Pressurized,Object_11904
Food,Object_05623
Radioactive,Object_03112
Corrosive,Object_13169
Flammable,Object_11602
Toxic,Object_09553
Explosive,Object_00579
Pressurized,Object_12071
Toxic,Object_06362
Fragile,Object_06629
Pressurized,Object_06858
Corrosive,Object_04251
Corrosive,Object_16098
Flammable,Object_15763
Toxic,Object_10739
Fragile,Object_00418
Toxic,Object_11818
Corrosive,Object_14777
Pressurized,Object_15567
Corrosive,Object_15988
Flammable,Object_10823
Fragile,Object_06621
Flammable,Object_14024
Explosive,Object_00931
Explosive,Object_03938
Toxic,Object_15171
Food,Object_08476
Food,Object_02457
Radioactive,Object_03087
Explosive,Object_04896
Flammable,Object_10674
Food,Object_11651
Radioactive,Object_10750
Corrosive,Object_13359
Explosive,Object_04537
Pressurized,Object_05328
Food,Object_10496
Fragile,Object_04530
Oxidizing,Object_05510
Fragile,Object_01046
Unspecified,Object_07893
Fragile,Object_01772
Toxic,Object_14812
Fragile,Object_15556
Food,Object_04632
Pressurized,Object_09979
Pressurized,Object_14653
Explosive,Object_14324
Food,Object_09199
Fragile,Object_06132
Food,Object_10853
Toxic,Object_08381
Unspecified,Object_00121
Oxidizing,Object_01677
Flammable,Object_09577
Fragile,Object_06507
Corrosive,Object_10218
Flammable,Object_08531
Toxic,Object_11096
Oxidizing,Object_04951
Toxic,Object_07647
Explosive,Object_03576
Food,Object_04129
Flammable,Object_14862
Flammable,Object_05714
Corrosive,Object_06169
Food,Object_06944
Corrosive,Object_04512
Radioactive,Object_10531
Oxidizing,Object_11623
Corrosive,Object_14796
Flammable,Object_05005
Radioactive,Object_09968
Fragile,Object_14871
Unspecified,Object_03667
Pressurized,Object_14060
Explosive,Object_09850
Corrosive,Object_15578
Explosive,Object_15646
Oxidizing,Object_02168
Oxidizing,Object_07768
Explosive,Object_00146
Corrosive,Object_11178
Fragile,Object_12576
Corrosive,Object_12785
Oxidizing,Object_15679
Oxidizing,Object_15675
Toxic,Object_06710
Flammable,Object_10676
Toxic,Object_04409
Pressurized,Object_03388
Oxidizing,Object_11104
Radioactive,Object_03689
Toxic,Object_10607
Unspecified,Object_03627
Flammable,Object_03512
Flammable,Object_12777
Toxic,Object_09376
Oxidizing,Object_02670
Corrosive,Object_13319
Corrosive,Object_06334
Oxidizing,Object_00450
Flammable,Object_16337
Flammable,Object_01481
Unspecified,Object_11287
Explosive,Object_12271
Unspecified,Object_04238
Toxic,Object_02680
Explosive,Object_05641
Corrosive,Object_05731
Explosive,Object_09034
Food,Object_09616
Fragile,Object_15638
Flammable,Object_02910
Toxic,Object_07309
Corrosive,Object_13347
Fragile,Object_15269
Corrosive,Object_13483
Radioactive,Object_16243
Toxic,Object_00501
Unspecified,Object_15481
Explosive,Object_02030
Corrosive,Object_10411
Fragile,Object_06504
Fragile,Object_08276
Pressurized,Object_07606
Radioactive,Object_15653
Fragile,Object_04489
Pressurized,Object_03263
Flammable,Object_11545
Corrosive,Object_05905
Pressurized,Object_15751
Food,Object_07479
Explosive,Object_00542
Corrosive,Object_04088
Food,Object_15071
Pressurized,Object_03289
Flammable,Object_03159
Pressurized,Object_13526
Corrosive,Object_00475
Corrosive,Object_09318
Oxidizing,Object_15625
Corrosive,Object_12788
Food,Object_02223
Radioactive,Object_06610
Explosive,Object_08304
Pressurized,Object_15975
Explosive,Object_05098
Corrosive,Object_01076
Oxidizing,Object_14276
Radioactive,Object_16077
Oxidizing,Object_15377
Food,Object_13499
Explosive,Object_16312
Toxic,Object_08463
Radioactive,Object_12444
Unspecified,Object_07938
Corrosive,Object_12140
Food,Object_06672
Food,Object_14822
Radioactive,Object_07238
Pressurized,Object_03080
Fragile,Object_01463
Fragile,Object_10577
Flammable,Object_15045
Fragile,Object_06829
Food,Object_11941
Unspecified,Object_04415
Explosive,Object_05258
Unspecified,Object_12682
Oxidizing,Object_07260
Oxidizing,Object_12186
Radioactive,Object_15113
Explosive,Object_02202
Pressurized,Object_03735
Toxic,Object_01610
Fragile,Object_14955
Radioactive,Object_15504
Oxidizing,Object_08055
Pressurized,Object_16376
Explosive,Object_05095
Oxidizing,Object_04966
Food,Object_15970
Oxidizing,Object_05536
Explosive,Object_00332
Food,Object_13749
Pressurized,Object_13270
Fragile,Object_07786
Toxic,Object_12219
Pressurized,Object_00808
Toxic,Object_03893
Pressurized,Object_15602
Fragile,Object_05432
Explosive,Object_06485
Toxic,Object_00636
Oxidizing,Object_06582
Explosive,Object_11365
Food,Object_11155
Pressurized,Object_09973
Pressurized,Object_10130
Explosive,Object_02357
Radioactive,Object_06603
Corrosive,Object_04513
Fragile,Object_02822
Fragile,Object_15554
Explosive,Object_07751
Pressurized,Object_09978
Toxic,Object_09373
Pressurized,Object_07956
Unspecified,Object_10729
Food,Object_13587
Corrosive,Object_04328
Corrosive,Object_06733
Toxic,Object_05634
Food,Object_15053
Pressurized,Object_16145
Food,Object_12874
Food,Object_01655
Flammable,Object_12773
Radioactive,Object_09220
Pressurized,Object_01731
Pressurized,Object_15760
Unspecified,Object_12426
Explosive,Object_09547
Corrosive,Object_14264
Corrosive,Object_09284
Toxic,Object_02429
Food,Object_02452
Toxic,Object_06791
Radioactive,Object_01844
Radioactive,Object_06875
Food,Object_12808
Fragile,Object_15264
Radioactive,Object_15037
Explosive,Object_10209
Flammable,Object_15237
Oxidizing,Object_12887
Fragile,Object_14783
Corrosive,Object_07507
Pressurized,Object_08515
Fragile,Object_04526
Unspecified,Object_05344
Fragile,Object_09045
Flammable,Object_06511
Oxidizing,Object_09116
Corrosive,Object_06359
Oxidizing,Object_14274
Explosive,Object_01098
Fragile,Object_16112
Oxidizing,Object_05239
Explosive,Object_04226
Oxidizing,Object_09750
Toxic,Object_02423
Flammable,Object_10277
Flammable,Object_03309
Toxic,Object_07134
Radioactive,Object_11193
Unspecified,Object_01284
Oxidizing,Object_06937
Unspecified,Object_13623
Food,Object_02068
Flammable,Object_03158
Toxic,Object_03472
Toxic,Object_02739
Oxidizing,Object_02833
Food,Object_14564
Explosive,Object_12406
Fragile,Object_01971
Flammable,Object_02416
Explosive,Object_10163
Oxidizing,Object_11101
Radioactive,Object_09364
Toxic,Object_13115
Toxic,Object_08468
Food,Object_09359
Food,Object_08227
Unspecified,Object_00569
Corrosive,Object_11704
Unspecified,Object_06469
Flammable,Object_16110
Food,Object_13672
Fragile,Object_07804
Corrosive,Object_03861
Food,Object_14236
Toxic,Object_07780
Toxic,Object_11257
Food,Object_08774
Pressurized,Object_06859
Oxidizing,Object_08562
Toxic,Object_06343
Food,Object_13590
Toxic,Object_09071
Oxidizing,Object_03728
Toxic,Object_09663
Food,Object_12394
Food,Object_06783
Toxic,Object_08872
Food,Object_13242
Toxic,Object_05633
Oxidizing,Object_10947
Oxidizing,Object_14739
Unspecified,Object_15706
Explosive,Object_10936
Unspecified,Object_11411
Corrosive,Object_14798
Pressurized,Object_02477
Explosive,Object_01010
Radioactive,Object_09245
Toxic,Object_04401
Toxic,Object_03707
Pressurized,Object_04316
Radioactive,Object_07620
Food,Object_16129
Pressurized,Object_04314
Flammable,Object_00732
Explosive,Object_14512
Fragile,Object_03057
Oxidizing,Object_06053
Flammable,Object_06250
Corrosive,Object_06079
Fragile,Object_03030
Toxic,Object_06350
Radioactive,Object_16222
Pressurized,Object_10517
Radioactive,Object_01494
Pressurized,Object_13695
Flammable,Object_10831
Fragile,Object_08014
Food,Object_07716
Flammable,Object_06513
Pressurized,Object_12860
Radioactive,Object_05053
Explosive,Object_01893
Fragile,Object_15596
Toxic,Object_01343
Food,Object_14688
Toxic,Object_10457
Radioactive,Object_02799
Toxic,Object_14250
Toxic,Object_00422
Food,Object_01590
Toxic,Object_16356
Radioactive,Object_07870
Oxidizing,Object_09834
Oxidizing,Object_10242
Flammable,Object_10847
Oxidizing,Object_13436
Food,Object_01436
Flammable,Object_07006
Food,Object_00063
Oxidizing,Object_05912
Food,Object_00894
Unspecified,Object_02517
Oxidizing,Object_08044
Toxic,Object_09006
Radioactive,Object_09368
Flammable,Object_14605
Explosive,Object_00814
Unspecified,Object_01572
Toxic,Object_03892
Toxic,Object_04873
Radioactive,Object_04613
Flammable,Object_10824
Radioactive,Object_04347
Oxidizing,Object_08850
Toxic,Object_13927
Unspecified,Object_14479
Toxic,Object_09079
Toxic,Object_11423
Toxic,Object_06706
Radioactive,Object_03113
Flammable,Object_03368
Pressurized,Object_16393
Food,Object_01660
Corrosive,Object_00878
Oxidizing,Object_02574
Explosive,Object_07114
Corrosive,Object_09951
Oxidizing,Object_02704
Fragile,Object_14284
Oxidizing,Object_07067
Toxic,Object_00508
Flammable,Object_11543
Explosive,Object_14500
Flammable,Object_10054
Food,Object_09733
Oxidizing,Object_05537
Flammable,Object_14194
Unspecified,Object_08963
Toxic,Object_13636
Flammable,Object_11993
Unspecified,Object_02637
Unspecified,Object_06152
Unspecified,Object_02788
Toxic,Object_05601
Unspecified,Object_15930
Flammable,Object_01716
Toxic,Object_04279
Explosive,Object_16304
Flammable,Object_00329
Toxic,Object_04832
Explosive,Object_00548
Food,Object_13095
Food,Object_01208
Corrosive,Object_07394
Oxidizing,Object_02665
Flammable,Object_03696
Toxic,Object_11259
Unspecified,Object_12424
Oxidizing,Object_10666
Explosive,Object_09471
Unspecified,Object_12923
Explosive,Object_07856
Food,Object_01662
Pressurized,Object_06150
Food,Object_08947
Explosive,Object_05755
Food,Object_06205
Flammable,Object_08079
Food,Object_06784
Toxic,Object_14538
Radioactive,Object_06876
Unspecified,Object_12003
Radioactive,Object_16078
Radioactive,Object_06324
Corrosive,Object_00789
Toxic,Object_00021
Radioactive,Object_11804
Fragile,Object_01771
Corrosive,Object_14797
Toxic,Object_04206
Flammable,Object_05743
Pressurized,Object_01111
Explosive,Object_11357
Corrosive,Object_04089
Pressurized,Object_03436
Radioactive,Object_04346
Unspecified,Object_00187
Fragile,Object_07318
Oxidizing,Object_05501
Food,Object_15222
Oxidizing,Object_14407
Toxic,Object_10978
Toxic,Object_11616
Pressurized,Object_01454
Flammable,Object_10424
Unspecified,Object_02751
Oxidizing,Object_05235
Pressurized,Object_05683
Toxic,Object_03900
Pressurized,Object_01275
Toxic,Object_12212
Pressurized,Object_05426
Unspecified,Object_02305
Food,Object_16122
Flammable,Object_01706
Flammable,Object_09266
Fragile,Object_10480
Toxic,Object_03620
Toxic,Object_10017
Fragile,Object_15404
Explosive,Object_05214
Pressurized,Object_09870
Explosive,Object_02984
Food,Object_16045
Oxidizing,Object_09298
Pressurized,Object_12630
Unspecified,Object_06416
Radioactive,Object_09386
Radioactive,Object_11502
Toxic,Object_00030
Food,Object_11942
Food,Object_02912
Flammable,Object_15196
Fragile,Object_04826
Unspecified,Object_11281
Toxic,Object_12026
Oxidizing,Object_15343
Unspecified,Object_06200
Unspecified,Object_02873
Corrosive,Object_13345
Explosive,Object_09650
Oxidizing,Object_10905
Toxic,Object_03658
Explosive,Object_05847
Pressurized,Object_12895
Flammable,Object_10056
Explosive,Object_11364
Oxidizing,Object_09208
Corrosive,Object_14914
Pressurized,Object_02855
Corrosive,Object_05199
Corrosive,Object_10637
Oxidizing,Object_07983
Fragile,Object_10474
Unspecified,Object_12974
Explosive,Object_07158
Flammable,Object_11999
Pressurized,Object_15977
Corrosive,Object_02236
Food,Object_05286
Radioactive,Object_15120
Flammable,Object_05515
Food,Object_01656
Oxidizing,Object_09602
Explosive,Object_14442
Flammable,Object_10849
Flammable,Object_11544
Flammable,Object_06121
Corrosive,Object_01189
Pressurized,Object_05979
Toxic,Object_08623
Explosive,Object_01818
Unspecified,Object_12688
Radioactive,Object_02321
Fragile,Object_13687
Food,Object_09612
Toxic,Object_02421
Food,Object_00360
Flammable,Object_00976
Oxidizing,Object_15368
Pressurized,Object_13147
Flammable,Object_02908
Food,Object_15944
Oxidizing,Object_05583
Flammable,Object_02138
Pressurized,Object_13213
Flammable,Object_03301
Fragile,Object_14285
Fragile,Object_14781
Oxidizing,Object_14410
Explosive,Object_07832
Fragile,Object_14872
Flammable,Object_00327
Toxic,Object_03585
Oxidizing,Object_09858
Unspecified,Object_03812
Radioactive,Object_00921
Explosive,Object_01479
Corrosive,Object_00622
Oxidizing,Object_08036
Unspecified,Object_02877
Food,Object_05064
Explosive,Object_14933
Radioactive,Object_08065
Explosive,Object_13278
Radioactive,Object_03085
Corrosive,Object_09226
Radioactive,Object_02329
Radioactive,Object_15861
Toxic,Object_09301
Food,Object_05762
Flammable,Object_16064
Flammable,Object_11526
Food,Object_00463
Pressurized,Object_09693
Fragile,Object_05879
Toxic,Object_11430
Corrosive,Object_12094
Oxidizing,Object_14881
Explosive,Object_05211
Corrosive,Object_09708
Flammable,Object_03876
Pressurized,Object_02886
Pressurized,Object_02847
Oxidizing,Object_05814
Pressurized,Object_13562
Radioactive,Object_13065
Pressurized,Object_09433
Pressurized,Object_03595
Explosive,Object_12519
Fragile,Object_00917
Pressurized,Object_12076
Unspecified,Object_12964
Radioactive,Object_13375
Toxic,Object_15002
Food,Object_04367
Food,Object_03952
Corrosive,Object_10763
Flammable,Object_04061
Fragile,Object_01641
Flammable,Object_02616
Unspecified,Object_03814
Pressurized,Object_14971
Flammable,Object_12564
Corrosive,Object_05857
Radioactive,Object_16032
Pressurized,Object_07729
Pressurized,Object_16379
Corrosive,Object_00960
Explosive,Object_04603
Fragile,Object_16052
Corrosive,Object_14266
Fragile,Object_13885
Toxic,Object_03589
Toxic,Object_09784
Radioactive,Object_15128
Toxic,Object_00428
Explosive,Object_02947
Fragile,Object_04431
Pressurized,Object_15064
Toxic,Object_15007
Explosive,Object_08232
Toxic,Object_14312
Toxic,Object_05637
Unspecified,Object_07941
Food,Object_12804
Oxidizing,Object_08922
Explosive,Object_07860
Unspecified,Object_05884
Toxic,Object_15995
Food,Object_12811
Flammable,Object_15217
Toxic,Object_00320
Oxidizing,Object_13023
Radioactive,Object_14554
Pressurized,Object_13143
Radioactive,Object_10335
Corrosive,Object_04083
Explosive,Object_08615
Radioactive,Object_13062
Corrosive,Object_10530
Oxidizing,Object_15466
Flammable,Object_15166
Unspecified,Object_13906
Corrosive,Object_06276
Pressurized,Object_04584
Food,Object_01438
Flammable,Object_01000
Corrosive,Object_14623
Food,Object_09023
Food,Object_06751
Unspecified,Object_08174
Toxic,Object_04836
Toxic,Object_10606
Fragile,Object_14959
Radioactive,Object_10109
Oxidizing,Object_10145
Unspecified,Object_14439
Unspecified,Object_00568
Oxidizing,Object_02436
Toxic,Object_07308
Pressurized,Object_04586
Food,Object_04506
Fragile,Object_03067
Flammable,Object_03518
Radioactive,Object_05800
Oxidizing,Object_02832
Corrosive,Object_06991
Radioactive,Object_11194
Corrosive,Object_14071
Food,Object_00484
Food,Object_14927
Explosive,Object_06472
Explosive,Object_11870
Unspecified,Object_15617
Toxic,Object_07097
Corrosive,Object_15891
Unspecified,Object_02753
Explosive,Object_15790
Oxidizing,Object_07553
Explosive,Object_00700
Oxidizing,Object_15796
Flammable,Object_14528
Food,Object_13253
Food,Object_15051
Flammable,Object_01507
Explosive,Object_02111
Food,Object_13260
Explosive,Object_07266
Food,Object_10584
Fragile,Object_03240
Corrosive,Object_01057
Food,Object_00358
Corrosive,Object_01229
Corrosive,Object_13317
Explosive,Object_04241
Oxidizing,Object_09603
Explosive,Object_09541
Oxidizing,Object_01377
Unspecified,Object_10563
Fragile,Object_10327
Corrosive,Object_11245
Corrosive,Object_06099
Food,Object_15727
Food,Object_13496
Food,Object_03247
Explosive,Object_13732
Corrosive,Object_03642
Pressurized,Object_12796
Radioactive,Object_13605
Pressurized,Object_01011
Pressurized,Object_00196
Explosive,Object_01990
Unspecified,Object_14032
Corrosive,Object_14002
Fragile,Object_13172
Food,Object_01670
Corrosive,Object_14452
Radioactive,Object_01552
Explosive,Object_04094
Unspecified,Object_09014
Oxidizing,Object_12257
Flammable,Object_09109
Oxidizing,Object_07409
Fragile,Object_06626
Toxic,Object_00510
Pressurized,Object_02849
Oxidizing,Object_13437
Radioactive,Object_04263
Explosive,Object_04897
Explosive,Object_14065
Pressurized,Object_00803
Unspecified,Object_08413
Unspecified,Object_06493
Corrosive,Object_05829
Flammable,Object_04067
Food,Object_11652
Radioactive,Object_14106
Oxidizing,Object_02431
Food,Object_05371
Toxic,Object_03523
Flammable,Object_00661
Corrosive,Object_09885
Unspecified,Object_11418
Flammable,Object_11546
Unspecified,Object_13540
Pressurized,Object_04985
Flammable,Object_15340
Corrosive,Object_13232
Explosive,Object_02583
Flammable,Object_01482
Explosive,Object_01965
Radioactive,Object_04342
Corrosive,Object_07592
Radioactive,Object_05052
Oxidizing,Object_07405
Fragile,Object_03402
Flammable,Object_13977
Fragile,Object_05871
Unspecified,Object_08781
Fragile,Object_01979
Toxic,Object_06661
Explosive,Object_05146
Corrosive,Object_14993
Unspecified,Object_14437
Pressurized,Object_02694
Pressurized,Object_01732
Flammable,Object_02547
Corrosive,Object_01786
Flammable,Object_09580
Flammable,Object_12619
Flammable,Object_12779
Corrosive,Object_14629
Food,Object_03322
Corrosive,Object_01224
Radioactive,Object_03828
Radioactive,Object_04456
Pressurized,Object_07418
Explosive,Object_05212
Unspecified,Object_05346
Food,Object_12049
Unspecified,Object_13630
Food,Object_11481
Food,Object_16127
Fragile,Object_13121
Fragile,Object_05162
Toxic,Object_04277
Explosive,Object_04779
Flammable,Object_03880
Fragile,Object_02142
Food,Object_10854
Toxic,Object_16081
Oxidizing,Object_15590
Toxic,Object_09304
Pressurized,Object_09698
Corrosive,Object_01227
Unspecified,Object_06462
Oxidizing,Object_13435
Oxidizing,Object_10441
Oxidizing,Object_02188
Fragile,Object_08281
Oxidizing,Object_01566
Oxidizing,Object_09516
Toxic,Object_01392
Oxidizing,Object_12254
Oxidizing,Object_14272
Flammable,Object_06103
Food,Object_11483
Fragile,Object_06768
Pressurized,Object_08516
Flammable,Object_03793
Food,Object_00720
Corrosive,Object_14696
Pressurized,Object_04585
Food,Object_11660
Food,Object_02333
Pressurized,Object_15823
Radioactive,Object_08062
Toxic,Object_16259
Radioactive,Object_03903
Fragile,Object_08681
Flammable,Object_03362
Flammable,Object_01704
Pressurized,Object_05039
Corrosive,Object_14593
Corrosive,Object_12093
Corrosive,Object_06165
Explosive,Object_14444
Unspecified,Object_12435
Toxic,Object_00024
Fragile,Object_13884
Food,Object_14346
Corrosive,Object_14362
Radioactive,Object_13756
Corrosive,Object_10420
Radioactive,Object_05676
Toxic,Object_08873
Unspecified,Object_03818
Radioactive,Object_00392
Fragile,Object_06719
Food,Object_14921
Oxidizing,Object_02467
Explosive,Object_04017
Toxic,Object_14425
Explosive,Object_12460
Explosive,Object_14937
Unspecified,Object_12001
Unspecified,Object_03202
Fragile,Object_12713
Food,Object_12659
Unspecified,Object_08084
Pressurized,Object_09695
Toxic,Object_06034
Pressurized,Object_07601
Toxic,Object_16005
Explosive,Object_10203
Corrosive,Object_14947
Explosive,Object_04980
Pressurized,Object_12854
Radioactive,Object_09238
Explosive,Object_04778
Pressurized,Object_03288
Radioactive,Object_15955
Food,Object_00131
Toxic,Object_07484
Unspecified,Object_09062
Flammable,Object_01416
Unspecified,Object_14185
Explosive,Object_05091
Radioactive,Object_14757
Corrosive,Object_04626
Radioactive,Object_07621
Oxidizing,Object_01130
Fragile,Object_06569
Radioactive,Object_14146
Explosive,Object_08451
Fragile,Object_13179
Toxic,Object_03657
Corrosive,Object_14805
Radioactive,Object_00863
Food,Object_11032
Food,Object_08226
Unspecified,Object_13909
Flammable,Object_06109
Radioactive,Object_09365
Oxidizing,Object_14100
Unspecified,Object_13534
Corrosive,Object_04445
Corrosive,Object_05242
Explosive,Object_14938
Food,Object_06820
Toxic,Object_14818
Unspecified,Object_05273
Explosive,Object_16306
Radioactive,Object_06871
Toxic,Object_16139
Corrosive,Object_12136
Explosive,Object_11699
Radioactive,Object_13159
Fragile,Object_09059
Explosive,Object_00580
Food,Object_02933
Food,Object_02459
Corrosive,Object_06275
Corrosive,Object_05964
Pressurized,Object_07730
Explosive,Object_00754
Flammable,Object_04007
Explosive,Object_00202
Fragile,Object_00722
Explosive,Object_00043
Oxidizing,Object_08337
Corrosive,Object_12137
Corrosive,Object_03743
Food,Object_01890
Radioactive,Object_11843
Oxidizing,Object_11045
Corrosive,Object_09403
Food,Object_01686
Flammable,Object_12671
Explosive,Object_04180
Oxidizing,Object_02578
Explosive,Object_06025
Toxic,Object_02735
Corrosive,Object_09288
Fragile,Object_13996
Explosive,Object_00909
Corrosive,Object_05901
Fragile,Object_08369
Oxidizing,Object_07458
Food,Object_08129
Toxic,Object_01263
Oxidizing,Object_10282
Oxidizing,Object_09448
Food,Object_11671
Radioactive,Object_04309
Fragile,Object_01047
Oxidizing,Object_08583
Radioactive,Object_04457
Fragile,Object_07035
Fragile,Object_13224
Corrosive,Object_05489
Food,Object_00481
Toxic,Object_12640
Unspecified,Object_01935
Food,Object_16199
Toxic,Object_04404
Pressurized,Object_12798
Flammable,Object_14191
Pressurized,Object_02080
Flammable,Object_14120
Toxic,Object_02736
Explosive,Object_04248
Radioactive,Object_11810
Food,Object_13476
Oxidizing,Object_12829
Food,Object_08475
Oxidizing,Object_08569
Pressurized,Object_05681
Corrosive,Object_08134
Corrosive,Object_02685
Unspecified,Object_00186
Toxic,Object_11494
Radioactive,Object_02249
Toxic,Object_11599
Explosive,Object_00208
Pressurized,Object_01957
Unspecified,Object_02878
Corrosive,Object_12135
Explosive,Object_10782
Flammable,Object_12152
Fragile,Object_10914
Food,Object_15946
Explosive,Object_00902
Flammable,Object_16270
Fragile,Object_10032
Explosive,Object_07429
Explosive,Object_01901
Explosive,Object_07119
Food,Object_15948
Flammable,Object_04006
Oxidizing,Object_00949
Radioactive,Object_03910
Pressurized,Object_13869
Oxidizing,Object_11960
Flammable,Object_16327
Unspecified,Object_11448
Toxic,Object_05082
Radioactive,Object_01084
Radioactive,Object_10538
Food,Object_11159
Food,Object_10647
Food,Object_13673
Pressurized,Object_12505
Unspecified,Object_10393
Oxidizing,Object_09609
Pressurized,Object_06402
Pressurized,Object_05354
Unspecified,Object_08789
Flammable,Object_02546
Corrosive,Object_13240
Food,Object_03330
Corrosive,Object_08378
Flammable,Object_14865
Explosive,Object_05078
Flammable,Object_01370
Toxic,Object_04547
Pressurized,Object_02502
Food,Object_14048
Toxic,Object_14317
Flammable,Object_08792
Food,Object_10495
Radioactive,Object_14121
Explosive,Object_15145
Toxic,Object_11499
Oxidizing,Object_06940
Oxidizing,Object_15259
Flammable,Object_12569
Fragile,Object_08210
Food,Object_11676
Unspecified,Object_10299
Pressurized,Object_04694
Radioactive,Object_14558
Explosive,Object_06521
Pressurized,Object_12932
Food,Object_14907
Radioactive,Object_00653
Toxic,Object_03535
Toxic,Object_04296
Corrosive,Object_00226
Corrosive,Object_16202
Unspecified,Object_09624
Unspecified,Object_00274
Pressurized,Object_15825
Pressurized,Object_12622
Food,Object_07718
Food,Object_12497
Oxidizing,Object_02831
Fragile,Object_11190
Fragile,Object_14290
Pressurized,Object_05987
Pressurized,Object_06896
Corrosive,Object_09313
Food,Object_13746
Corrosive,Object_06338
Oxidizing,Object_02163
Oxidizing,Object_05186
Pressurized,Object_14659
Pressurized,Object_00198
Food,Object_08656
Flammable,Object_01164
Food,Object_09731
Toxic,Object_10455
Flammable,Object_08186
Explosive,Object_03950
Radioactive,Object_01848
Radioactive,Object_06323
Food,Object_15749
Toxic,Object_15009
Corrosive,Object_13006
Radioactive,Object_12842
Food,Object_00895
Food,Object_10587
Corrosive,Object_04843
Unspecified,Object_06419
Oxidizing,Object_12253
Toxic,Object_03091
Oxidizing,Object_08349
Toxic,Object_09944
Fragile,Object_16019
Flammable,Object_03367
Oxidizing,Object_04943
Explosive,Object_10788
Unspecified,Object_13879
Radioactive,Object_14854
Unspecified,Object_00440
Toxic,Object_14505
Unspecified,Object_12763
Radioactive,Object_04669
Fragile,Object_16060
Oxidizing,Object_15623
Oxidizing,Object_09831
Explosive,Object_09847
Unspecified,Object_09067
Flammable,Object_04066
Unspecified,Object_01381
Unspecified,Object_10562
Explosive,Object_04538
Unspecified,Object_04060
Oxidizing,Object_15677
Radioactive,Object_16162
Corrosive,Object_14803
Fragile,Object_07036
Toxic,Object_16089
Explosive,Object_06292
Toxic,Object_11961
Flammable,Object_09660
Unspecified,Object_02018
Radioactive,Object_12329
Explosive,Object_14939
Fragile,Object_01647
Pressurized,Object_01421
Explosive,Object_15141
Flammable,Object_07249
Corrosive,Object_11249
Radioactive,Object_10094
Explosive,Object_06746
Food,Object_02481
Oxidizing,Object_12260
Unspecified,Object_10291
Food,Object_03491
Food,Object_14990
Explosive,Object_05754
Unspecified,Object_07211
Corrosive,Object_02689
Radioactive,Object_14129
Unspecified,Object_10000
Food,Object_00139
Corrosive,Object_09229
Explosive,Object_08692
Oxidizing,Object_01121
Explosive,Object_02341
Corrosive,Object_14995
Pressurized,Object_10512
Oxidizing,Object_02182
Unspecified,Object_12340
Radioactive,Object_13327
Flammable,Object_12673
Corrosive,Object_06271
Radioactive,Object_02247
Fragile,Object_15667
Explosive,Object_06023
Unspecified,Object_05134
Pressurized,Object_01691
Oxidizing,Object_01679
Oxidizing,Object_13205
Corrosive,Object_11973
Fragile,Object_01464
Corrosive,Object_06277
Pressurized,Object_03752
Flammable,Object_01161
Food,Object_07827
Oxidizing,Object_02166
Fragile,Object_11372
Unspecified,Object_06920
Fragile,Object_01976
Corrosive,Object_13388
Food,Object_05630
Flammable,Object_11397
Food,Object_00133
Explosive,Object_00153
Radioactive,Object_07292
Oxidizing,Object_11141
Pressurized,Object_08511
Toxic,Object_03706
Explosive,Object_09727
Fragile,Object_14218
Pressurized,Object_01277
Toxic,Object_07813
Food,Object_03497
Unspecified,Object_00018
Radioactive,Object_01560
Flammable,Object_11530
Radioactive,Object_01495
Toxic,Object_10740
Unspecified,Object_16239
Flammable,Object_15133
Food,Object_12374
Fragile,Object_11460
Fragile,Object_11895
Flammable,Object_05006
Oxidizing,Object_10250
Unspecified,Object_06494
Explosive,Object_00849
Flammable,Object_02712
Corrosive,Object_10632
Fragile,Object_10888
Corrosive,Object_06093
Corrosive,Object_01351
Toxic,Object_04103
Corrosive,Object_05906
Unspecified,Object_10725
Pressurized,Object_01530
Fragile,Object_04490
Unspecified,Object_02605
Oxidizing,Object_04946
Food,Object_10650
Fragile,Object_15261
Unspecified,Object_11282
Radioactive,Object_03315
Flammable,Object_07010
Unspecified,Object_00012
Food,Object_07480
Radioactive,Object_07231
Explosive,Object_02589
Pressurized,Object_14052
Food,Object_02036
Corrosive,Object_16205
Toxic,Object_07530
Toxic,Object_16252
Explosive,Object_15645
Corrosive,Object_10260
Explosive,Object_01632
Explosive,Object_00753
Toxic,Object_00794
Explosive,Object_12489
Fragile,Object_11183
Toxic,Object_05632
Fragile,Object_12916
Pressurized,Object_07952
Unspecified,Object_13967
Radioactive,Object_09276
Flammable,Object_02140
Unspecified,Object_09469
Unspecified,Object_08968
Oxidizing,Object_05534
Radioactive,Object_04647
Radioactive,Object_13572
Food,Object_05290
Fragile,Object_04400
Oxidizing,Object_08106
Explosive,Object_15024
Flammable,Object_13515
Fragile,Object_07040
Radioactive,Object_03569
Flammable,Object_06517
Toxic,Object_08757
Oxidizing,Object_14581
Toxic,Object_01038
Toxic,Object_13929
Corrosive,Object_05870
Toxic,Object_11425
Fragile,Object_10882
Flammable,Object_10402
Explosive,Object_07512
Corrosive,Object_11976
Pressurized,Object_01527
Unspecified,Object_12005
Food,Object_15056
Unspecified,Object_12684
Explosive,Object_00041
Unspecified,Object_09535
Explosive,Object_05363
Food,Object_07997
Oxidizing,Object_07450
Corrosive,Object_06047
Toxic,Object_11383
Unspecified,Object_04559
Radioactive,Object_12285
Explosive,Object_08448
Radioactive,Object_06601
Pressurized,Object_01526
Toxic,Object_12598
Food,Object_13019
Oxidizing,Object_10382
Fragile,Object_01238
Oxidizing,Object_07406
Pressurized,Object_06147
Food,Object_06787
Oxidizing,Object_10287
Toxic,Object_04403
Food,Object_10362
Unspecified,Object_09461
Radioactive,Object_02330
Oxidizing,Object_14409
Explosive,Object_06435
Toxic,Object_11080
Corrosive,Object_13821
Fragile,Object_12476
Fragile,Object_14282
Radioactive,Object_13574
Unspecified,Object_05278
Food,Object_16342
Flammable,Object_02397
Explosive,Object_04091
Explosive,Object_02175
Unspecified,Object_14190
Toxic,Object_11493
Pressurized,Object_02079
Radioactive,Object_10747
Flammable,Object_14206
Toxic,Object_04544
Flammable,Object_00972
Explosive,Object_06744
Food,Object_12873
Radioactive,Object_12290
Food,Object_02222
Oxidizing,Object_01561
Corrosive,Object_13356
Explosive,Object_11130
Fragile,Object_08429
Pressurized,Object_14058
Flammable,Object_04381
Toxic,Object_16352
Toxic,Object_04741
Corrosive,Object_04795
Explosive,Object_11536
Explosive,Object_05303
Unspecified,Object_02759
Fragile,Object_08828
Oxidizing,Object_09779
Explosive,Object_04606
Pressurized,Object_08721
Flammable,Object_05748
Oxidizing,Object_09341
Flammable,Object_00973
Toxic,Object_13197
Toxic,Object_03391
Unspecified,Object_15778
Pressurized,Object_03386
Pressurized,Object_12859
Unspecified,Object_02282
Radioactive,Object_10096
Flammable,Object_02720
Pressurized,Object_07016
Food,Object_10368
Unspecified,Object_09999
Radioactive,Object_11645
Radioactive,Object_14108
Flammable,Object_05745
Fragile,Object_11291
Fragile,Object_09633
Flammable,Object_12086
Corrosive,Object_13283
Pressurized,Object_03439
Unspecified,Object_03883
Explosive,Object_13302
Explosive,Object_12708
Flammable,Object_15331
Food,Object_14177
Corrosive,Object_07194
Pressurized,Object_01426
Corrosive,Object_13382
Pressurized,Object_14639
Flammable,Object_05712
Radioactive,Object_04306
Explosive,Object_07369
Radioactive,Object_00529
Toxic,Object_04878
Toxic,Object_15179
Pressurized,Object_12311
Food,Object_15351
Corrosive,Object_13600
Food,Object_12059
Oxidizing,Object_01678
Radioactive,Object_06966
Toxic,Object_03581
Fragile,Object_08952
Radioactive,Object_07232
Pressurized,Object_11780
Explosive,Object_12452
Radioactive,Object_00682
Food,Object_12400
Food,Object_13478
Corrosive,Object_08881
Oxidizing,Object_06011
Corrosive,Object_13489
Toxic,Object_08899
Radioactive,Object_12700
Flammable,Object_04390
Fragile,Object_14400
Oxidizing,Object_15282
Oxidizing,Object_01855
Food,Object_14374
Toxic,Object_09007
Food,Object_08116
Explosive,Object_12549
Flammable,Object_15338
Corrosive,Object_12166
Flammable,Object_09268
Explosive,Object_07493
Pressurized,Object_12792
Unspecified,Object_02756
Radioactive,Object_04730
Toxic,Object_08809
Radioactive,Object_03684
Food,Object_04504
Fragile,Object_00536
Corrosive,Object_04786
Toxic,Object_03614
Flammable,Object_12470
Oxidizing,Object_13040
Toxic,Object_00506
Flammable,Object_09264
Corrosive,Object_14836
Explosive,Object_02741
Unspecified,Object_08007
Toxic,Object_16090
Pressurized,Object_13761
Toxic,Object_11635
Pressurized,Object_15820
Oxidizing,Object_08057
Toxic,Object_11219
Unspecified,Object_14579
Oxidizing,Object_08110
Unspecified,Object_10700
Oxidizing,Object_15284
Oxidizing,Object_09201
Explosive,Object_06291
Flammable,Object_14870
Food,Object_03197
Corrosive,Object_02237
Unspecified,Object_07940
Explosive,Object_00158
Unspecified,Object_05883
Unspecified,Object_14181
Corrosive,Object_00879
Oxidizing,Object_10149
Explosive,Object_07390
Toxic,Object_13796
Oxidizing,Object_05155
Fragile,Object_03066
Food,Object_02299
Corrosive,Object_04733
Toxic,Object_08023
Toxic,Object_02734
Unspecified,Object_09092
Oxidizing,Object_02839
Fragile,Object_10572
Food,Object_14376
Toxic,Object_08805
Corrosive,Object_10413
Flammable,Object_07974
Food,Object_14744
Oxidizing,Object_06932
Radioactive,Object_06287
Pressurized,Object_09418
Corrosive,Object_02259
Oxidizing,Object_09772
Pressurized,Object_06853
Toxic,Object_06365
Fragile,Object_08370
Corrosive,Object_02317
Explosive,Object_11362
Corrosive,Object_16208
Fragile,Object_03000
Food,Object_01917
Flammable,Object_05004
Radioactive,Object_03909
Unspecified,Object_01932
Unspecified,Object_05132
Radioactive,Object_15736
Pressurized,Object_11012
Unspecified,Object_01389
Toxic,Object_09670
Oxidizing,Object_10068
Pressurized,Object_15827
Toxic,Object_13118
Radioactive,Object_11567
Food,Object_11037
Oxidizing,Object_13333
Fragile,Object_02827
Pressurized,Object_10115
Explosive,Object_14650
Fragile,Object_13853
Food,Object_05767
Flammable,Object_05701
Oxidizing,Object_01872
Corrosive,Object_14800
Explosive,Object_06432
Toxic,Object_10016
Toxic,Object_06368
Corrosive,Object_14695
Unspecified,Object_05135
Fragile,Object_10472
Oxidizing,Object_08647
Fragile,Object_08020
Toxic,Object_14134
Unspecified,Object_10989
Toxic,Object_04299
Pressurized,Object_01868
Explosive,Object_07497
Fragile,Object_03229
Unspecified,Object_05341
Fragile,Object_05994
Fragile,Object_03064
Toxic,Object_14548
Fragile,Object_14287
Food,Object_13100
Food,Object_01668
Corrosive,Object_09460
Pressurized,Object_01026
Food,Object_13042
Food,Object_13251
Radioactive,Object_15013
Radioactive,Object_12327
Corrosive,Object_04561
Oxidizing,Object_03372
Flammable,Object_03520
Flammable,Object_11547
Pressurized,Object_00073
Food,Object_06371
Fragile,Object_07038
Corrosive,Object_09703
Explosive,Object_07366
Fragile,Object_03233
Oxidizing,Object_10062
Flammable,Object_12082
Corrosive,Object_00479
Explosive,Object_06482
Fragile,Object_07081
Corrosive,Object_10770
Food,Object_10494
Fragile,Object_03054
Fragile,Object_03023
Pressurized,Object_10318
Fragile,Object_06637
Fragile,Object_13071
Flammable,Object_03799
Pressurized,Object_07571
Flammable,Object_06986
Corrosive,Object_09173
Pressurized,Object_05423
Corrosive,Object_02624
Fragile,Object_09043
Pressurized,Object_02859
Explosive,Object_08455
Fragile,Object_03997
Corrosive,Object_12133
Pressurized,Object_02693
Flammable,Object_13109
Toxic,Object_11095
Toxic,Object_14544
Explosive,Object_10617
Unspecified,Object_14489
Flammable,Object_13913
Corrosive,Object_00371
Food,Object_01886
Radioactive,Object_11646
Explosive,Object_13275
Flammable,Object_00733
Fragile,Object_04920
Flammable,Object_01101
Corrosive,Object_05226
Pressurized,Object_07413
Unspecified,Object_11416
Fragile,Object_11830
Fragile,Object_07179
Radioactive,Object_01600
Fragile,Object_07802
Flammable,Object_05707
Fragile,Object_15833
Radioactive,Object_14679
Pressurized,Object_03390
Radioactive,Object_12850
Unspecified,Object_07461
Food,Object_05621
Flammable,Object_05111
Flammable,Object_05708
Radioactive,Object_02322
Toxic,Object_11963
Unspecified,Object_13621
Explosive,Object_01902
Pressurized,Object_01407
Food,Object_06816
Corrosive,Object_04841
Flammable,Object_01713
Pressurized,Object_07910
Radioactive,Object_00403
Toxic,Object_05652
Oxidizing,Object_02470
Flammable,Object_08200
Toxic,Object_11313
Explosive,Object_09644
Corrosive,Object_11134
Food,Object_12655
Food,Object_15073
Pressurized,Object_06409
Flammable,Object_06130
Toxic,Object_07304
Radioactive,Object_15115
Unspecified,Object_09425
Unspecified,Object_11267
Oxidizing,Object_09512
Toxic,Object_09143
Explosive,Object_08500
Radioactive,Object_15020
Fragile,Object_08367
Flammable,Object_16323
Unspecified,Object_04240
Corrosive,Object_14992
Fragile,Object_00173
Pressurized,Object_01736
Oxidizing,Object_07053
Food,Object_13046
Fragile,Object_05433
Unspecified,Object_12332
Oxidizing,Object_06548
Explosive,Object_10597
Toxic,Object_11100
Unspecified,Object_10569
Corrosive,Object_09228
Fragile,Object_00726
Fragile,Object_10039
Toxic,Object_10601
Explosive,Object_02726
Oxidizing,Object_05817
Explosive,Object_10891
Flammable,Object_10775
Explosive,Object_15783
Food,Object_15226
Explosive,Object_01792
Toxic,Object_01393
Toxic,Object_10456
Explosive,Object_09730
Flammable,Object_08797
Explosive,Object_13309
Toxic,Object_11496
Oxidizing,Object_15350
Toxic,Object_15391
Explosive,Object_00603
Pressurized,Object_08908
Pressurized,Object_06854
Fragile,Object_11333
Toxic,Object_14249
Explosive,Object_08301
Toxic,Object_08756
Fragile,Object_06567
Unspecified,Object_09540
Explosive,Object_07852
Radioactive,Object_15126
Pressurized,Object_07358
Corrosive,Object_01212
Fragile,Object_06177
Unspecified,Object_12929
Oxidizing,Object_06933
Pressurized,Object_11719
Food,Object_02526
Pressurized,Object_10792
Corrosive,Object_04140
Radioactive,Object_03966
Corrosive,Object_15881
Pressurized,Object_10377
Unspecified,Object_02281
Fragile,Object_14958
Flammable,Object_11027
Toxic,Object_06704
Oxidizing,Object_13027
Oxidizing,Object_13037
Toxic,Object_13891
Radioactive,Object_13418
Food,Object_01134
Explosive,Object_11352
Corrosive,Object_13620
Explosive,Object_04774
Radioactive,Object_13070
Fragile,Object_07184
Pressurized,Object_03435
Flammable,Object_11606
Pressurized,Object_07564
Radioactive,Object_11915
Oxidizing,Object_00441
Unspecified,Object_09013
Fragile,Object_12577
Explosive,Object_11170
Explosive,Object_02948
Oxidizing,Object_08940
Corrosive,Object_09704
Explosive,Object_03274
Radioactive,Object_09239
Pressurized,Object_01866
Pressurized,Object_05981
Explosive,Object_06438
Food,Object_12876
Radioactive,Object_13378
Pressurized,Object_04593
Corrosive,Object_06162
Oxidizing,Object_05340
Pressurized,Object_03972
Food,Object_12812
Pressurized,Object_09436
Oxidizing,Object_08045
Food,Object_10370
Toxic,Object_11387
Food,Object_12041
Explosive,Object_04776
Oxidizing,Object_15799
Corrosive,Object_16154
Food,Object_02911
Explosive,Object_05148
Toxic,Object_07849
Toxic,Object_03291
Flammable,Object_11392
Corrosive,Object_09884
Radioactive,Object_15122
Fragile,Object_04923
Corrosive,Object_02231
Food,Object_09739
Oxidizing,Object_10667
Corrosive,Object_14083
Food,Object_13493
Food,Object_13361
Flammable,Object_16109
Corrosive,Object_05485
Unspecified,Object_07213
Flammable,Object_05400
Radioactive,Object_14127
Fragile,Object_13174
Flammable,Object_06225
Explosive,Object_10162
Food,Object_13789
Radioactive,Object_05444
Explosive,Object_06484
Unspecified,Object_00111
Oxidizing,Object_04992
Food,Object_02220
Toxic,Object_01753
Corrosive,Object_07502
Unspecified,Object_03204
Radioactive,Object_10104
Explosive,Object_09729
Food,Object_08124
Corrosive,Object_15882
Pressurized,Object_15568
Corrosive,Object_04041
Food,Object_04124
Oxidizing,Object_05917
Oxidizing,Object_15285
Oxidizing,Object_12824
Pressurized,Object_15819
Radioactive,Object_15657
Pressurized,Object_06900
Fragile,Object_04522
Food,Object_07122
Toxic,Object_02740
Toxic,Object_01037
Pressurized,Object_14975
Flammable,Object_08080
Fragile,Object_04398
Radioactive,Object_04934
Toxic,Object_04406
Oxidizing,Object_02275
Pressurized,Object_02778
Oxidizing,Object_06238
Toxic,Object_11229
Pressurized,Object_02779
Flammable,Object_08538
Toxic,Object_09371
Pressurized,Object_03978
Fragile,Object_09168
Oxidizing,Object_11876
Unspecified,Object_01388
Pressurized,Object_16181
Corrosive,Object_06354
Explosive,Object_06780
Corrosive,Object_04782
Explosive,Object_00203
Radioactive,Object_06312
Toxic,Object_15517
Flammable,Object_05316
Pressurized,Object_12853
Pressurized,Object_09799
Toxic,Object_09781
Pressurized,Object_01525
Fragile,Object_09081
Radioactive,Object_05799
Fragile,Object_01469
Radioactive,Object_15959
Pressurized,Object_01693
Fragile,Object_06686
Fragile,Object_08396
Fragile,Object_09089
Pressurized,Object_09126
Pressurized,Object_07354
Oxidizing,Object_07062
Pressurized,Object_03071
Food,Object_01431
Explosive,Object_02171
Oxidizing,Object_01675
Unspecified,Object_04420
Fragile,Object_12474
Fragile,Object_05897
Toxic,Object_07287
Radioactive,Object_05051
Food,Object_00086
Radioactive,Object_01500
Flammable,Object_01746
Corrosive,Object_05910
Oxidizing,Object_05189
Oxidizing,Object_06384
Radioactive,Object_12119
Food,Object_02528
Oxidizing,Object_10386
Radioactive,Object_12844
Oxidizing,Object_11661
Flammable,Object_06226
Toxic,Object_15871
Fragile,Object_04391
Toxic,Object_01345
Oxidizing,Object_15719
Flammable,Object_11684
Flammable,Object_04038
Fragile,Object_13076
Toxic,Object_04840
Corrosive,Object_10136
Food,Object_12652
Pressurized,Object_01405
Flammable,Object_06228
Flammable,Object_10825
Oxidizing,Object_09599
Corrosive,Object_11137
Corrosive,Object_03044
Corrosive,Object_07076
Unspecified,Object_06151
Unspecified,Object_09061
Corrosive,Object_05830
Pressurized,Object_03738
Oxidizing,Object_08039
Explosive,Object_07382
Oxidizing,Object_12838
Corrosive,Object_04479
Oxidizing,Object_10390
Food,Object_00486
Unspecified,Object_05348
Flammable,Object_12674
Unspecified,Object_06500
Food,Object_09759
Flammable,Object_10058
Toxic,Object_12600
Pressurized,Object_09916
Oxidizing,Object_05581
Oxidizing,Object_01246
Food,Object_13741
Pressurized,Object_03804
Oxidizing,Object_07162
Toxic,Object_01601
Corrosive,Object_00880
Radioactive,Object_05667
Toxic,Object_12214
Fragile,Object_08205
Unspecified,Object_01285
Explosive,Object_11865
Fragile,Object_11294
Oxidizing,Object_12952
Food,Object_02293
Radioactive,Object_12120
Food,Object_12380
Radioactive,Object_06289
Fragile,Object_05436
Food,Object_08857
Food,Object_14689
Toxic,Object_11093
Food,Object_06376
Flammable,Object_13918
Food,Object_13675
Corrosive,Object_09285
Explosive,Object_03940
Oxidizing,Object_15257
Oxidizing,Object_02662
Corrosive,Object_04904
Toxic,Object_01261
Explosive,Object_06526
Food,Object_13450
Food,Object_11678
Food,Object_13447
Radioactive,Object_12325
Explosive,Object_02363
Food,Object_09618
Toxic,Object_03395
Flammable,Object_15161
Oxidizing,Object_05153
Toxic,Object_13934
Food,Object_02939
Fragile,Object_00540
Explosive,Object_10783
Radioactive,Object_09233
Corrosive,Object_16152
Oxidizing,Object_14735
Pressurized,Object_04594
Toxic,Object_11214
Corrosive,Object_01219
Flammable,Object_00763
Corrosive,Object_04442
Pressurized,Object_07791
Corrosive,Object_09287
Toxic,Object_14542
Radioactive,Object_11343
Unspecified,Object_14224
Fragile,Object_14767
Flammable,Object_03464
Unspecified,Object_03765
Explosive,Object_00698
Fragile,Object_15295
Pressurized,Object_14661
Oxidizing,Object_15372
Pressurized,Object_14057
Radioactive,Object_09271
Radioactive,Object_15652
Pressurized,Object_16378
Unspecified,Object_10567
Radioactive,Object_07110
Fragile,Object_13850
Radioactive,Object_16250
Corrosive,Object_01355
Unspecified,Object_02808
Corrosive,Object_11516
Explosive,Object_00155
Food,Object_10433
Fragile,Object_00920
Pressurized,Object_07799
Fragile,Object_09056
Flammable,Object_15047
Corrosive,Object_06214
Food,Object_06641
Unspecified,Object_01532
Food,Object_15230
Radioactive,Object_12446
Food,Object_10648
Explosive,Object_14062
Radioactive,Object_10711
Radioactive,Object_01321
Toxic,Object_13892
Pressurized,Object_13567
Fragile,Object_11208
Pressurized,Object_15979
Toxic,Object_03701
Toxic,Object_11424
Corrosive,Object_03985
Food,Object_09257
Toxic,Object_07521
Flammable,Object_06653
Oxidizing,Object_06113
Toxic,Object_15519
Fragile,Object_06503
Corrosive,Object_14942
Toxic,Object_04380
Pressurized,Object_05808
Corrosive,Object_13357
Corrosive,Object_04136
Toxic,Object_08626
Radioactive,Object_10155
Corrosive,Object_03145
Pressurized,Object_15081
Oxidizing,Object_02440
Toxic,Object_08592
Unspecified,Object_01579
Toxic,Object_01754
Food,Object_02938
Oxidizing,Object_13209
Oxidizing,Object_07055
Oxidizing,Object_11044
Oxidizing,Object_11434
Radioactive,Object_13323
Food,Object_08229
Flammable,Object_00281
Pressurized,Object_04698
Food,Object_08778
Food,Object_04502
Corrosive,Object_11833
Toxic,Object_08674
Unspecified,Object_00275
Pressurized,Object_00195
Corrosive,Object_06740
Radioactive,Object_15952
Food,Object_08720
Corrosive,Object_00109
Fragile,Object_00258
Food,Object_07994
Corrosive,Object_10802
Flammable,Object_07917
Radioactive,Object_10102
Flammable,Object_10925
Pressurized,Object_15972
Pressurized,Object_10123
Flammable,Object_00991
Unspecified,Object_15704
Food,Object_07472
Fragile,Object_08286
Toxic,Object_03584
Explosive,Object_00150
Pressurized,Object_02475
Pressurized,Object_11587
Pressurized,Object_01114
Flammable,Object_03792
Radioactive,Object_10334
Radioactive,Object_15863
Oxidizing,Object_15479
Food,Object_06757
Corrosive,Object_00105
Fragile,Object_12523
Toxic,Object_00795
Radioactive,Object_16230
Toxic,Object_13403
Corrosive,Object_01218
Unspecified,Object_13873
Food,Object_13748
Food,Object_00555
Oxidizing,Object_08585
Oxidizing,Object_00963
Pressurized,Object_10516
Corrosive,Object_15982
Unspecified,Object_14572
Unspecified,Object_03016
Unspecified,Object_08001
Fragile,Object_08955
Radioactive,Object_11802
Food,Object_02294
Pressurized,Object_02774
Corrosive,Object_05771
Oxidizing,Object_13025
Unspecified,Object_12006
Unspecified,Object_02757
Oxidizing,Object_07551
Oxidizing,Object_08038
Radioactive,Object_12118
Pressurized,Object_10514
Food,Object_11855
Unspecified,Object_08006
Food,Object_13461
Pressurized,Object_12507
Explosive,Object_04217
Oxidizing,Object_05531
Toxic,Object_11221
Unspecified,Object_10726
Food,Object_09022
Flammable,Object_08181
Flammable,Object_04027
Toxic,Object_13654
Unspecified,Object_09336
Flammable,Object_06224
Unspecified,Object_03769
Oxidizing,Object_05405
Oxidizing,Object_03215
Unspecified,Object_02498
Toxic,Object_04837
Radioactive,Object_06842
Oxidizing,Object_11797
Pressurized,Object_09489
Pressurized,Object_09569
Unspecified,Object_09066
Oxidizing,Object_15364
Toxic,Object_00266
Flammable,Object_02391
Fragile,Object_12145
Unspecified,Object_03626
Fragile,Object_14158
Radioactive,Object_09217
Pressurized,Object_00750
Food,Object_06782
Unspecified,Object_05127
Corrosive,Object_06074
Food,Object_03329
Food,Object_14981
Corrosive,Object_05247
Radioactive,Object_13759
Fragile,Object_12479
Explosive,Object_07693
Corrosive,Object_11837
Radioactive,Object_13154
Explosive,Object_01616
Oxidizing,Object_07636
Oxidizing,Object_08148
Fragile,Object_14464
Fragile,Object_08402
Fragile,Object_05893
Food,Object_15352
Radioactive,Object_05054
Unspecified,Object_05887
Food,Object_10629
Flammable,Object_08744
Oxidizing,Object_07640
Oxidizing,Object_06237
Food,Object_04638
Explosive,Object_12707
Flammable,Object_05270
Fragile,Object_09046
Radioactive,Object_03922
Corrosive,Object_14994
Unspecified,Object_06499
Toxic,Object_03351
Fragile,Object_15294
Fragile,Object_09903
Flammable,Object_11398
Pressurized,Object_03975
Food,Object_14983
Toxic,Object_07847
Toxic,Object_12359
Radioactive,Object_12237
Radioactive,Object_01923
Fragile,Object_12149
Radioactive,Object_03114
Toxic,Object_03471
Fragile,Object_00252
Radioactive,Object_14893
Oxidizing,Object_04968
Oxidizing,Object_05456
Flammable,Object_14861
Toxic,Object_14246
Unspecified,Object_03423
Explosive,Object_07855
Explosive,Object_03556
Flammable,Object_09157
Toxic,Object_11002
Explosive,Object_11868
Unspecified,Object_09627
Fragile,Object_12480
Pressurized,Object_13184
Radioactive,Object_03083
Fragile,Object_01193
Toxic,Object_14314
Oxidizing,Object_00648
Flammable,Object_09879
Pressurized,Object_09912
Food,Object_11038
Fragile,Object_06180
Fragile,Object_04399
Explosive,Object_00845
Explosive,Object_03121
Food,Object_13589
Oxidizing,Object_11872
Food,Object_08776
Pressurized,Object_01515
Corrosive,Object_06080
Unspecified,Object_13880
Explosive,Object_07370
Food,Object_01296
Explosive,Object_10596
Unspecified,Object_15485
Explosive,Object_03332
Explosive,Object_04178
Pressurized,Object_03979
Toxic,Object_06364
Corrosive,Object_02197
Fragile,Object_08684
Oxidizing,Object_09131
Explosive,Object_15649
Fragile,Object_06762
Radioactive,Object_09215
Oxidizing,Object_00945
Food,Object_14988
Radioactive,Object_07587
Oxidizing,Object_13202
Explosive,Object_02366
Toxic,Object_11593
Food,Object_14050
Fragile,Object_04928
Flammable,Object_03693
Flammable,Object_13916
Explosive,Object_03949
Explosive,Object_07759
Fragile,Object_08814
Explosive,Object_12361
Unspecified,Object_03013
Corrosive,Object_06168
Fragile,Object_04914
Explosive,Object_02445
Fragile,Object_06689
Fragile,Object_06822
Food,Object_11409
Corrosive,Object_05223
Toxic,Object_08593
Food,Object_12875
Flammable,Object_06245
Oxidizing,Object_11000
Oxidizing,Object_10541
Explosive,Object_05643
Flammable,Object_00769
Food,Object_08121
Flammable,Object_09108
Corrosive,Object_07000
Explosive,Object_11121
Corrosive,Object_10257
Flammable,Object_02870
Toxic,Object_16084
Pressurized,Object_16219
Pressurized,Object_14414
Pressurized,Object_09694
Pressurized,Object_09122
Flammable,Object_00999
Food,Object_04509
Fragile,Object_04924
Explosive,Object_06776
Unspecified,Object_03622
Unspecified,Object_08541
Flammable,Object_15167
Explosive,Object_02348
Radioactive,Object_14357
Oxidizing,Object_04945
Unspecified,Object_03882
Explosive,Object_05254
Food,Object_15528
Food,Object_15744
Food,Object_12658
Pressurized,Object_09797
Unspecified,Object_09462
Corrosive,Object_05225
Pressurized,Object_09439
Food,Object_11986
Radioactive,Object_15015
Radioactive,Object_15655
Fragile,Object_03837
Corrosive,Object_04740
Pressurized,Object_08256
Food,Object_02296
Radioactive,Object_00925
Fragile,Object_12716
Fragile,Object_14152
Toxic,Object_12360
Explosive,Object_03560
Oxidizing,Object_08844
Fragile,Object_03840
Corrosive,Object_07192
Toxic,Object_06591
Fragile,Object_00725
Corrosive,Object_12134
Flammable,Object_04010
Pressurized,Object_15752
Oxidizing,Object_14291
Flammable,Object_11523
Pressurized,Object_11011
Pressurized,Object_09795
Fragile,Object_07315
Food,Object_00551
Food,Object_09732
Food,Object_01654
Flammable,Object_01103
Oxidizing,Object_03377
Explosive,Object_03944
Fragile,Object_00257
Food,Object_14567
Unspecified,Object_14480
Radioactive,Object_12552
Pressurized,Object_10075
Corrosive,Object_06869
Fragile,Object_10817
Pressurized,Object_13263
Radioactive,Object_00528
Radioactive,Object_01849
Explosive,Object_12542
Oxidizing,Object_11879
Pressurized,Object_14340
Radioactive,Object_03089
Corrosive,Object_04517
Flammable,Object_02542
Radioactive,Object_05672
Radioactive,Object_07547
Unspecified,Object_04056
Unspecified,Object_03763
Radioactive,Object_15937
Corrosive,Object_06215
Food,Object_08716
Food,Object_06949
Oxidizing,Object_08921
Food,Object_11782
Food,Object_11035
Radioactive,Object_07586
Radioactive,Object_15424
Corrosive,Object_00373
Oxidizing,Object_12390
Flammable,Object_00057
Food,Object_13678
Corrosive,Object_03649
Fragile,Object_11926
Explosive,Object_02087
Explosive,Object_08665
Explosive,Object_06440
Toxic,Object_08803
Fragile,Object_02925
Fragile,Object_01944
Food,Object_05698
Oxidizing,Object_14095
Unspecified,Object_10708
Explosive,Object_02179
Toxic,Object_08836
Explosive,Object_14329
Flammable,Object_10843
Fragile,Object_11186
Toxic,Object_01315
Unspecified,Object_06155
Fragile,Object_06185
Radioactive,Object_14857
Explosive,Object_15027
Toxic,Object_14248
Unspecified,Object_07349
Toxic,Object_06267
Pressurized,Object_15980
Fragile,Object_06136
Food,Object_06888
Radioactive,Object_16168
Food,Object_11949
Pressurized,Object_10511
Explosive,Object_12548
Food,Object_02219
Toxic,Object_12599
Explosive,Object_02949
Unspecified,Object_06699
Toxic,Object_04704
Fragile,Object_00520
Flammable,Object_07735
Food,Object_01131
Pressurized,Object_14651
Toxic,Object_00988
Oxidizing,Object_08867
Fragile,Object_01045
Flammable,Object_11476
Unspecified,Object_15925
Food,Object_06942
Pressurized,Object_15690
Fragile,Object_01197
Explosive,Object_09476
Explosive,Object_03571
Toxic,Object_12220
Explosive,Object_00050
Radioactive,Object_13377
Explosive,Object_04170
Explosive,Object_06488
Food,Object_00357
Food,Object_11851
Fragile,Object_05050
Fragile,Object_13221
Flammable,Object_11023
Pressurized,Object_07576
Flammable,Object_09156
Oxidizing,Object_00946
Radioactive,Object_09240
Toxic,Object_07485
Fragile,Object_06807
Fragile,Object_08410
Oxidizing,Object_02162
Explosive,Object_07430
Fragile,Object_00912
Food,Object_13250
Radioactive,Object_07299
Fragile,Object_08362
Unspecified,Object_14728
Flammable,Object_01490
Unspecified,Object_08009
Toxic,Object_09555
Corrosive,Object_11746
Flammable,Object_03366
Oxidizing,Object_11146
Explosive,Object_01905
Radioactive,Object_07240
Food,Object_08526
Fragile,Object_14000
Food,Object_05376
Pressurized,Object_02696
Food,Object_02456
Flammable,Object_08793
Radioactive,Object_09384
Radioactive,Object_03313
Pressurized,Object_15758
Corrosive,Object_14793
Corrosive,Object_08973
Radioactive,Object_13579
Pressurized,Object_01012
Corrosive,Object_01839
Radioactive,Object_09244
Explosive,Object_15029
Pressurized,Object_01280
Unspecified,Object_05928
Explosive,Object_11531
Food,Object_08654
Oxidizing,Object_15361
Oxidizing,Object_15581
Toxic,Object_01342
Explosive,Object_12901
Corrosive,Object_14306
Flammable,Object_09762
Explosive,Object_12366
Oxidizing,Object_11147
Unspecified,Object_04055
Explosive,Object_12483
Explosive,Object_03579
Pressurized,Object_13527
Fragile,Object_10881
Fragile,Object_13140
Toxic,Object_08807
Explosive,Object_12409
Food,Object_07715
Fragile,Object_14956
Fragile,Object_08999
Radioactive,Object_11501
Food,Object_06814
Flammable,Object_06122
Flammable,Object_09925
Oxidizing,Object_12251
Oxidizing,Object_07455
Pressurized,Object_02510
Explosive,Object_07835
Oxidizing,Object_02189
Pressurized,Object_03591
Toxic,Object_03619
Pressurized,Object_10071
Explosive,Object_06022
Toxic,Object_15390
Toxic,Object_15010
Toxic,Object_15382
Radioactive,Object_01924
Oxidizing,Object_11310
Explosive,Object_05096
Flammable,Object_12614
Flammable,Object_11528
Toxic,Object_14546
Pressurized,Object_14666
Radioactive,Object_15125
Explosive,Object_08234
Corrosive,Object_11241
Food,Object_06643
Unspecified,Object_15779
Toxic,Object_05027
Radioactive,Object_07626
Unspecified,Object_01937
Corrosive,Object_15987
Pressurized,Object_01018
Flammable,Object_03872
Explosive,Object_11351
Fragile,Object_05891
Unspecified,Object_10710
Food,Object_04286
Unspecified,Object_00188
Radioactive,Object_09387
Radioactive,Object_11844
Explosive,Object_09544
Oxidizing,Object_04948
Oxidizing,Object_05401
Toxic,Object_04375
Corrosive,Object_12350
Fragile,Object_07320
Flammable,Object_03859
Radioactive,Object_06285
Toxic,Object_04273
Unspecified,Object_00112
Flammable,Object_04065
Flammable,Object_15333
Explosive,Object_05302
Oxidizing,Object_15468
Unspecified,Object_02304
Fragile,Object_03028
Oxidizing,Object_01563
Oxidizing,Object_10966
Fragile,Object_06568
Pressurized,Object_01422
Corrosive,Object_16100
Explosive,Object_08443
Flammable,Object_07008
Fragile,Object_13550
Food,Object_06644
Corrosive,Object_14698
Radioactive,Object_10465
Flammable,Object_14028
Toxic,Object_10010
Unspecified,Object_02876
Toxic,Object_03165
Explosive,Object_12408
Oxidizing,Object_11050
Toxic,Object_09303
Toxic,Object_04834
Oxidizing,Object_12956
Oxidizing,Object_05524
Explosive,Object_12069
Explosive,Object_00231
Fragile,Object_03051
Pressurized,Object_11774
Explosive,Object_04216
Food,Object_10622
Explosive,Object_07519
Corrosive,Object_11979
Oxidizing,Object_15672
Pressurized,Object_05418
Radioactive,Object_01846
Food,Object_13252
Flammable,Object_03160
Corrosive,Object_04471
Toxic,Object_07669
Oxidizing,Object_15717
Radioactive,Object_13944
Corrosive,Object_02199
Oxidizing,Object_15378
Food,Object_14570
Toxic,Object_08093
Toxic,Object_08591
Pressurized,Object_08902
Radioactive,Object_10508
Oxidizing,Object_07445
Radioactive,Object_04663
Corrosive,Object_05490
Flammable,Object_15212
Toxic,Object_01759
Flammable,Object_09876
Toxic,Object_09306
Toxic,Object_04889
Explosive,Object_00152
Food,Object_00614
Corrosive,Object_14365
Toxic,Object_04743
Toxic,Object_15173
Oxidizing,Object_14292
Explosive,Object_12272
Oxidizing,Object_15346
Fragile,Object_03053
Food,Object_08117
Explosive,Object_12910
Fragile,Object_06505
Explosive,Object_13701
Food,Object_00596
Pressurized,Object_15068
Fragile,Object_15302
Pressurized,Object_02881
Oxidizing,Object_13724
Corrosive,Object_14455
Radioactive,Object_06847
Pressurized,Object_16183
Pressurized,Object_15098
Corrosive,Object_14963
Food,Object_00612
Oxidizing,Object_15347
Toxic,Object_13932
Radioactive,Object_11848
Oxidizing,Object_12103
Flammable,Object_08768
Pressurized,Object_03805
Corrosive,Object_09407
Toxic,Object_10688
Fragile,Object_01466
Toxic,Object_12595
Fragile,Object_14876
Oxidizing,Object_00970
Food,Object_10583
Food,Object_04677
Flammable,Object_16103
Toxic,Object_04707
Oxidizing,Object_12385
Pressurized,Object_03268
Food,Object_10659
Food,Object_07823
Pressurized,Object_07794
Fragile,Object_14392
Toxic,Object_14429
Radioactive,Object_15320
Unspecified,Object_10697
Toxic,Object_06667
Explosive,Object_02588
Food,Object_15223
Unspecified,Object_09017
Food,Object_00085
Corrosive,Object_02253
Pressurized,Object_12629
Explosive,Object_11161
Fragile,Object_01648
Flammable,Object_07740
Unspecified,Object_11754
Pressurized,Object_05412
Explosive,Object_06772
Fragile,Object_01642
Radioactive,Object_00861
Unspecified,Object_03815
Toxic,Object_10453
Flammable,Object_03698
Corrosive,Object_08701
Corrosive,Object_14831
Toxic,Object_10975
Unspecified,Object_00832
Pressurized,Object_03973
Radioactive,Object_03921
Food,Object_09615
Corrosive,Object_12139
Oxidizing,Object_10088
Corrosive,Object_01790
Radioactive,Object_02250
Radioactive,Object_04451
Food,Object_11407
Oxidizing,Object_09209
Oxidizing,Object_15287
Corrosive,Object_04443
Fragile,Object_08825
Pressurized,Object_13566
Radioactive,Object_03311
Pressurized,Object_03506
Toxic,Object_07850
Corrosive,Object_16206
Toxic,Object_04202
Radioactive,Object_10748
Flammable,Object_07248
Flammable,Object_15139
Radioactive,Object_05675
Food,Object_01295
Corrosive,Object_11701
Corrosive,Object_04713
Radioactive,Object_00690
Pressurized,Object_04759
Flammable,Object_02400
Pressurized,Object_13183
Unspecified,Object_12666
Toxic,Object_05655
Toxic,Object_13409
Unspecified,Object_06465
Radioactive,Object_14677
Flammable,Object_06221
Toxic,Object_08900
Corrosive,Object_11086
Food,Object_09396
Flammable,Object_16262
Corrosive,Object_04716
Fragile,Object_04481
Fragile,Object_11824
Oxidizing,Object_13032
Radioactive,Object_15311
Fragile,Object_15298
Oxidizing,Object_09184
Flammable,Object_05715
Radioactive,Object_07862
Radioactive,Object_15933
Fragile,Object_08012
Pressurized,Object_11551
Oxidizing,Object_11309
Toxic,Object_03397
Flammable,Object_11550
Corrosive,Object_04736
Toxic,Object_12635
Toxic,Object_04877
Radioactive,Object_15426
Radioactive,Object_03685
Explosive,Object_04891
Toxic,Object_09144
Unspecified,Object_04572
Flammable,Object_04039
Flammable,Object_03151
Unspecified,Object_07933
Unspecified,Object_09996
Pressurized,Object_04332
Explosive,Object_11360
Radioactive,Object_15953
Radioactive,Object_10540
Unspecified,Object_15616
Toxic,Object_11812
Fragile,Object_14216
Flammable,Object_12649
Toxic,Object_11074
Pressurized,Object_05805
Fragile,Object_08951
Toxic,Object_05609
Explosive,Object_08735
Corrosive,Object_14945
Fragile,Object_07532
Oxidizing,Object_02838
Explosive,Object_05141
Fragile,Object_06174
Unspecified,Object_08610
Explosive,Object_07838
Flammable,Object_10850
Pressurized,Object_05326
Oxidizing,Object_09190
Toxic,Object_03398
Explosive,Object_08499
Corrosive,Object_02263
Radioactive,Object_11564
Pressurized,Object_01021
Radioactive,Object_11918
Food,Object_12056
Toxic,Object_13900
Corrosive,Object_14301
Pressurized,Object_07727
Pressurized,Object_15082
Toxic,Object_10019
Fragile,Object_16013
Food,Object_08222
Corrosive,Object_06724
Radioactive,Object_03341
Toxic,Object_11314
Fragile,Object_06766
Food,Object_02482
Corrosive,Object_06862
Unspecified,Object_05140
Oxidizing,Object_07226
Toxic,Object_00311
Explosive,Object_03126
Pressurized,Object_01801
Flammable,Object_11478
Food,Object_15536
Radioactive,Object_09381
Fragile,Object_00518
Radioactive,Object_03969
Food,Object_11154
Food,Object_13463
Toxic,Object_02422
Flammable,Object_06230
Food,Object_13782
Radioactive,Object_12692
Radioactive,Object_10154
Toxic,Object_11816
Flammable,Object_10306
Oxidizing,Object_08590
Radioactive,Object_02794
Flammable,Object_07872
Pressurized,Object_09561
Explosive,Object_00842
Toxic,Object_11820
Oxidizing,Object_03729
Unspecified,Object_09464
Explosive,Object_09478
Flammable,Object_16266
Oxidizing,Object_12828
Radioactive,Object_10742
Unspecified,Object_04351
Toxic,Object_07776
Oxidizing,Object_09780
Explosive,Object_16317
Flammable,Object_10310
Fragile,Object_11273
Fragile,Object_14289
Unspecified,Object_11884
Unspecified,Object_14726
Food,Object_13055
Fragile,Object_05041
Pressurized,Object_09564
Fragile,Object_06825
Explosive,Object_01796
Food,Object_11040
Pressurized,Object_05428
Toxic,Object_06036
Unspecified,Object_00273
Food,Object_13366
Fragile,Object_07781
Fragile,Object_04912
Corrosive,Object_09223
Toxic,Object_11612
Toxic,Object_08026
Pressurized,Object_08722
Toxic,Object_08352
Radioactive,Object_13571
Pressurized,Object_08312
Flammable,Object_05512
Explosive,Object_09728
Corrosive,Object_04903
Fragile,Object_13806
Radioactive,Object_12114
Radioactive,Object_10101
Explosive,Object_06439
Oxidizing,Object_02663
Explosive,Object_05219
Oxidizing,Object_10045
Oxidizing,Object_15260
Food,Object_05374
Food,Object_02291
Explosive,Object_08447
Pressurized,Object_14634
Food,Object_09933
Explosive,Object_02441
Toxic,Object_07488
Flammable,Object_08509
Oxidizing,Object_07762
Fragile,Object_13173
Oxidizing,Object_05457
Explosive,Object_11692
Radioactive,Object_02246
Toxic,Object_00638
Pressurized,Object_00743
Radioactive,Object_00660
Flammable,Object_08194
Explosive,Object_06577
Oxidizing,Object_08342
Flammable,Object_16108
Pressurized,Object_03262
Explosive,Object_02364
Explosive,Object_12370
Fragile,Object_05991
Toxic,Object_15384
Oxidizing,Object_09140
Explosive,Object_05556
Oxidizing,Object_13024
Oxidizing,Object_06115
Unspecified,Object_06454
Food,Object_01585
Oxidizing,Object_02109
Fragile,Object_01947
Toxic,Object_10012
Oxidizing,Object_11148
Corrosive,Object_10212
Pressurized,Object_13522
Pressurized,Object_04583
Toxic,Object_09009
Fragile,Object_12524
Food,Object_07379
Corrosive,Object_08262
Radioactive,Object_06330
Food,Object_01205
Radioactive,Object_04729
Unspecified,Object_09065
Radioactive,Object_05940
Radioactive,Object_03190
Oxidizing,Object_09205
Oxidizing,Object_09344
Unspecified,Object_00839
Fragile,Object_06564
Pressurized,Object_00742
Fragile,Object_05996
Radioactive,Object_06607
Explosive,Object_12516
Fragile,Object_05993
Radioactive,Object_11920
Pressurized,Object_04334
Corrosive,Object_14459
Corrosive,Object_02195
Oxidizing,Object_07061
Pressurized,Object_01762
Fragile,Object_13881
Food,Object_00134
Flammable,Object_08794
Toxic,Object_04682
Food,Object_07711
Pressurized,Object_11019
Radioactive,Object_10720
Fragile,Object_13810
Corrosive,Object_14457
Toxic,Object_09790
Oxidizing,Object_08109
Explosive,Object_04610
Radioactive,Object_00829
Toxic,Object_00798
Corrosive,Object_05782
Toxic,Object_09558
Toxic,Object_03525
Explosive,Object_03945
Explosive,Object_07492
Fragile,Object_08282
Food,Object_06443
Unspecified,Object_15487
Explosive,Object_01476
Corrosive,Object_00380
Oxidizing,Object_08149
Radioactive,Object_05056
Oxidizing,Object_14403
Unspecified,Object_08172
Toxic,Object_07649
Food,Object_08434
Fragile,Object_08164
Flammable,Object_02611
Radioactive,Object_16036
Radioactive,Object_03111
Unspecified,Object_05124
Toxic,Object_11815
Unspecified,Object_09465
Fragile,Object_15299
Explosive,Object_05365
Pressurized,Object_16185
Flammable,Object_02617
Fragile,Object_14784
Food,Object_14178
Unspecified,Object_15773
Flammable,Object_04068
Pressurized,Object_06851
Oxidizing,Object_10083
Fragile,Object_14159
Explosive,Object_06294
Unspecified,Object_15490
Pressurized,Object_04755
Radioactive,Object_00830
Food,Object_01587
Unspecified,Object_02309
Flammable,Object_04062
Explosive,Object_07367
Flammable,Object_04383
Food,Object_02008
Toxic,Object_07643
Radioactive,Object_03961
Corrosive,Object_05229
Pressurized,Object_01740
Fragile,Object_16016
Food,Object_08438
Corrosive,Object_06071
Flammable,Object_12463
Fragile,Object_02143
Flammable,Object_06533
Toxic,Object_05659
Radioactive,Object_14103
Toxic,Object_12030
Oxidizing,Object_05232
Toxic,Object_11770
Flammable,Object_14115
Unspecified,Object_05122
Explosive,Object_02354
Food,Object_09940
Pressurized,Object_05574
Radioactive,Object_03343
Pressurized,Object_07610
Unspecified,Object_07934
Fragile,Object_06810
Radioactive,Object_07203
Explosive,Object_02590
Toxic,Object_00982
Unspecified,Object_11283
Fragile,Object_01196
Oxidizing,Object_07431
Toxic,Object_04874
Flammable,Object_06654
Toxic,Object_11223
Fragile,Object_13228
Pressurized,Object_13185
Explosive,Object_04013
Flammable,Object_07913
Oxidizing,Object_04950
Oxidizing,Object_15674
Pressurized,Object_10518
Toxic,Object_04746
Oxidizing,Object_08939
Flammable,Object_10276
Food,Object_14566
Food,Object_08160
Pressurized,Object_00497
Radioactive,Object_10470
Pressurized,Object_10128
Unspecified,Object_16233
Toxic,Object_09374
Flammable,Object_12566
Food,Object_03454
Oxidizing,Object_10669
Pressurized,Object_04337
Oxidizing,Object_09450
Toxic,Object_12633
Radioactive,Object_10510
Fragile,Object_15541
Pressurized,Object_00745
Food,Object_01331
Food,Object_00465
Fragile,Object_14153
Pressurized,Object_13521
Radioactive,Object_00675
Radioactive,Object_09235
Flammable,Object_15138
Fragile,Object_13805
Oxidizing,Object_05532
Pressurized,Object_09915
Corrosive,Object_14779
Radioactive,Object_11807
Radioactive,Object_10232
Pressurized,Object_10793
Unspecified,Object_02805
Food,Object_02527
Oxidizing,Object_09514
Radioactive,Object_15428
Pressurized,Object_09697
Fragile,Object_02763
Radioactive,Object_10502
Explosive,Object_08235
Unspecified,Object_01531
Flammable,Object_08741
Oxidizing,Object_10067
Oxidizing,Object_04962
Oxidizing,Object_10241
Radioactive,Object_02051
Pressurized,Object_04497
Food,Object_09025
Fragile,Object_15669
Flammable,Object_10405
Oxidizing,Object_03217
Toxic,Object_04106
Food,Object_01293
Food,Object_16341
Fragile,Object_04654
Pressurized,Object_14663
Flammable,Object_08502
Unspecified,Object_15416
Food,Object_15524
Radioactive,Object_05670
Flammable,Object_03695
Oxidizing,Object_11622
Radioactive,Object_15315
Food,Object_05287
Toxic,Object_02654
Pressurized,Object_02698
Pressurized,Object_04983
Pressurized,Object_02508
Flammable,Object_08489
Food,Object_02035
Unspecified,Object_13622
Explosive,Object_00908
Unspecified,Object_14225
Food,Object_14922
Explosive,Object_08239
Fragile,Object_07089
Explosive,Object_02115
Toxic,Object_16359
Fragile,Object_12580
Explosive,Object_02982
Fragile,Object_09631
Corrosive,Object_10483
Explosive,Object_09033
Corrosive,Object_12784
Food,Object_13584
Toxic,Object_14385
Oxidizing,Object_02103
Explosive,Object_05645
Food,Object_08477
Oxidizing,Object_11143
Oxidizing,Object_07633
Food,Object_07373
Corrosive,Object_01216
Corrosive,Object_10525
Corrosive,Object_05195
Radioactive,Object_15932
Radioactive,Object_02054
Food,Object_01209
Pressurized,Object_09420
Corrosive,Object_13490
Toxic,Object_06709
Flammable,Object_12602
Corrosive,Object_06731
Explosive,Object_08613
Toxic,Object_07843
Pressurized,Object_11778
Corrosive,Object_11747
Explosive,Object_06524
Food,Object_05068
Corrosive,Object_01078
Flammable,Object_01413
Unspecified,Object_14488
Fragile,Object_10027
Pressurized,Object_02127
Explosive,Object_09039
Corrosive,Object_13168
Toxic,Object_07658
Corrosive,Object_06045
Toxic,Object_09377
Toxic,Object_09078
Oxidizing,Object_05913
Unspecified,Object_00431
Toxic,Object_08095
Toxic,Object_12950
Flammable,Object_03879
Oxidizing,Object_02276
Unspecified,Object_12978
Toxic,Object_03293
Explosive,Object_01989
Unspecified,Object_03674
Oxidizing,Object_08336
Unspecified,Object_05923
Corrosive,Object_13004
Pressurized,Object_02853
Oxidizing,Object_10449
Flammable,Object_11473
Flammable,Object_15194
Corrosive,Object_15985
Oxidizing,Object_11663
Explosive,Object_02581
Radioactive,Object_13949
Fragile,Object_04915
Flammable,Object_14604
Pressurized,Object_04758
Corrosive,Object_08883
Unspecified,Object_09012
Fragile,Object_01064
Oxidizing,Object_11626
Food,Object_05693
Oxidizing,Object_10942
Oxidizing,Object_05237
Fragile,Object_13854
Radioactive,Object_15853
Corrosive,Object_11173
Explosive,Object_13280
Food,Object_01439
Radioactive,Object_07293
Flammable,Object_11688
Unspecified,Object_14724
Fragile,Object_02829
Oxidizing,Object_07407
Corrosive,Object_01214
Flammable,Object_13973
Food,Object_02224
Food,Object_02010
Explosive,Object_03280
Oxidizing,Object_08048
Radioactive,Object_15016
Fragile,Object_11371
Food,Object_04679
Fragile,Object_10025
Flammable,Object_03516
Fragile,Object_07312
Explosive,Object_11535
Radioactive,Object_04265
Radioactive,Object_12698
Food,Object_04289
Radioactive,Object_01930
Oxidizing,Object_09203
Corrosive,Object_14968
Toxic,Object_06341
Flammable,Object_08483
Unspecified,Object_08177
Corrosive,Object_03049
Food,Object_12054
Toxic,Object_00425
Oxidizing,Object_01859
Radioactive,Object_15738
Corrosive,Object_04090
Corrosive,Object_04567
Food,Object_10643
Oxidizing,Object_05151
Explosive,Object_06522
Oxidizing,Object_06013
Toxic,Object_08675
Corrosive,Object_02256
Corrosive,Object_09404
Pressurized,Object_01260
Flammable,Object_16335
Radioactive,Object_07274
Corrosive,Object_06096
Corrosive,Object_06078
Fragile,Object_15546
Food,Object_07372
Explosive,Object_11126
Unspecified,Object_02514
Pressurized,Object_09914
Fragile,Object_00531
Oxidizing,Object_09294
Fragile,Object_15557
Corrosive,Object_06273
Radioactive,Object_05934
Explosive,Object_06002
Fragile,Object_10571
Toxic,Object_12756
Corrosive,Object_03867
Flammable,Object_01102
Food,Object_02069
Explosive,Object_00571
Fragile,Object_07180
Food,Object_12802
Oxidizing,Object_11110
Corrosive,Object_09955
Unspecified,Object_13905
Food,Object_02340
Fragile,Object_00511
Unspecified,Object_15611
Corrosive,Object_02622
Corrosive,Object_11132
Radioactive,Object_12287
Fragile,Object_13126
Fragile,Object_08407
Corrosive,Object_05953
Flammable,Object_06656
Oxidizing,Object_10446
Oxidizing,Object_10997
Corrosive,Object_01230
Explosive,Object_00940
Food,Object_15531
Unspecified,Object_12968
Fragile,Object_16057
Fragile,Object_10478
Pressurized,Object_04499
Food,Object_07127
Unspecified,Object_16237
Corrosive,Object_05777
Explosive,Object_14936
Oxidizing,Object_14255
Pressurized,Object_11909
Explosive,Object_00694
Toxic,Object_07326
Explosive,Object_05760
Radioactive,Object_07273
Oxidizing,Object_11302
Toxic,Object_02731
Flammable,Object_06982
Unspecified,Object_11759
Flammable,Object_09874
Toxic,Object_07306
Toxic,Object_05022
Corrosive,Object_04844
Flammable,Object_10829
Food,Object_05373
Toxic,Object_01312
Food,Object_16343
Flammable,Object_05263
Fragile,Object_04814
Oxidizing,Object_08938
Corrosive,Object_02957
Food,Object_13474
Flammable,Object_09871
Oxidizing,Object_07056
Food,Object_01294
Corrosive,Object_06956
Radioactive,Object_11913
Corrosive,Object_01354
Fragile,Object_13127
Food,Object_04370
Flammable,Object_08508
Radioactive,Object_13063
Explosive,Object_15144
Oxidizing,Object_06019
Food,Object_08152
Fragile,Object_11339
Food,Object_08130
Fragile,Object_03061
Radioactive,Object_15954
Explosive,Object_05555
Corrosive,Object_06335
Oxidizing,Object_15671
Pressurized,Object_14658
Radioactive,Object_07205
Food,Object_12179
Food,Object_06554
Unspecified,Object_14574
Explosive,Object_07160
Explosive,Object_06030
Food,Object_13097
Food,Object_02040
Corrosive,Object_04477
Fragile,Object_05439
Radioactive,Object_10744
Unspecified,Object_14186
Corrosive,Object_00784
Pressurized,Object_12794
Radioactive,Object_14126
Explosive,Object_05849
Toxic,Object_04688
Toxic,Object_03132
Explosive,Object_10599
Corrosive,Object_12342
Food,Object_00600
Oxidizing,Object_04151
Explosive,Object_07757
Toxic,Object_08898
Corrosive,Object_13360
Explosive,Object_06525
Explosive,Object_08445
Toxic,Object_05081
Fragile,Object_15293
Food,Object_05171
Radioactive,Object_00687
Explosive,Object_14513
Pressurized,Object_03269
Unspecified,Object_12962
Food,Object_00718
Flammable,Object_03303
Flammable,Object_04808
Explosive,Object_00606
Explosive,Object_07499
Oxidizing,Object_15461
Fragile,Object_12718
Food,Object_11732
Toxic,Object_01034
Explosive,Object_02210
Oxidizing,Object_13296
Explosive,Object_02987
Oxidizing,Object_10351
Toxic,Object_07841
Flammable,Object_11394
Flammable,Object_16070
Radioactive,Object_07613
Toxic,Object_11218
Unspecified,Object_12766
Radioactive,Object_13606
Flammable,Object_02869
Radioactive,Object_10532
Radioactive,Object_13329
Toxic,Object_05547
Food,Object_08946
Corrosive,Object_05773
Fragile,Object_00727
Oxidizing,Object_02186
Radioactive,Object_05448
Food,Object_12398
Food,Object_12046
Unspecified,Object_09534
Flammable,Object_12641
Pressurized,Object_01699
Unspecified,Object_10294
Corrosive,Object_10766
Unspecified,Object_12009
Food,Object_03951
Explosive,Object_05650
Flammable,Object_01107
Fragile,Object_12920
Corrosive,Object_05851
Toxic,Object_00267
Explosive,Object_12245
Oxidizing,Object_04156
Oxidizing,Object_06117
Radioactive,Object_16074
Corrosive,Object_06339
Corrosive,Object_10415
Food,Object_00714
Radioactive,Object_07703
Corrosive,Object_14309
Unspecified,Object_06398
Explosive,Object_00334
Toxic,Object_09080
Pressurized,Object_08317
Food,Object_16193
Oxidizing,Object_12885
Pressurized,Object_08313
Pressurized,Object_08915
Explosive,Object_08619
Oxidizing,Object_15621
Flammable,Object_01109
Corrosive,Object_05909
Food,Object_15969
Fragile,Object_08577
Pressurized,Object_01403
Oxidizing,Object_10949
Fragile,Object_10886
Fragile,Object_03069
Fragile,Object_06826
Oxidizing,Object_09350
Explosive,Object_03942
Corrosive,Object_05781
Pressurized,Object_10074
Toxic,Object_00026
Fragile,Object_07033
Explosive,Object_04773
Explosive,Object_02353
Pressurized,Object_11773
Radioactive,Object_03964
Unspecified,Object_09422
Explosive,Object_08444
Oxidizing,Object_10354
Toxic,Object_00270
Unspecified,Object_08783
Oxidizing,Object_09777
Flammable,Object_08190
Food,Object_14830
Explosive,Object_13709
Explosive,Object_01817
Pressurized,Object_01030
Toxic,Object_07490
Explosive,Object_10205
Corrosive,Object_13008
Radioactive,Object_10469
Radioactive,Object_06879
Radioactive,Object_03907
Corrosive,Object_00783
Unspecified,Object_01997
Radioactive,Object_04935
Toxic,Object_03894
Radioactive,Object_04721
Fragile,Object_12717
Toxic,Object_01822
Oxidizing,Object_06935
Oxidizing,Object_08648
Pressurized,Object_09976
Radioactive,Object_11916
Fragile,Object_15405
Fragile,Object_08992
Explosive,Object_02450
Fragile,Object_13681
Toxic,Object_03534
Radioactive,Object_04194
Toxic,Object_00312
Food,Object_01299
Unspecified,Object_14842
Food,Object_00087
Oxidizing,Object_10082
Unspecified,Object_07350
Food,Object_07686
Pressurized,Object_11560
Unspecified,Object_12433
Oxidizing,Object_02274
Corrosive,Object_13617
Food,Object_11405
Explosive,Object_07741
Corrosive,Object_13595
Radioactive,Object_15031
Toxic,Object_04701
Corrosive,Object_00628
Corrosive,Object_02255
Flammable,Object_02393
Unspecified,Object_12966
Pressurized,Object_05494
Food,Object_10649
Corrosive,Object_11710
Food,Object_13750
Unspecified,Object_01624
Oxidizing,Object_15251
Corrosive,Object_05222
Food,Object_00462
Unspecified,Object_03679
Pressurized,Object_06143
Food,Object_01338
Oxidizing,Object_16295
Radioactive,Object_06327
Corrosive,Object_03863
Flammable,Object_06127
Food,Object_08225
Unspecified,Object_06496
Corrosive,Object_00873
Toxic,Object_06798
Unspecified,Object_00437
Oxidizing,Object_15245
Explosive,Object_05728
Explosive,Object_14494
Corrosive,Object_07392
Corrosive,Object_13381
Food,Object_03638
Corrosive,Object_14918
Radioactive,Object_15507
Flammable,Object_01503
Oxidizing,Object_07168
Corrosive,Object_13616
Flammable,Object_02415
Unspecified,Object_08411
Corrosive,Object_14833
Explosive,Object_07362
Radioactive,Object_04470
Corrosive,Object_02627
Pressurized,Object_12503
Oxidizing,Object_01375
Food,Object_04671
Unspecified,Object_02043
Radioactive,Object_13946
Explosive,Object_08453
Fragile,Object_13860
Food,Object_11656
Food,Object_01681
Fragile,Object_15308
Fragile,Object_09086
Radioactive,Object_06082
Explosive,Object_14322
Flammable,Object_07874
Radioactive,Object_10506
Unspecified,Object_00855
Explosive,Object_04097
Corrosive,Object_14304
Corrosive,Object_02268
Fragile,Object_09907
Fragile,Object_13128
Explosive,Object_03272
Corrosive,Object_13384
Toxic,Object_02656
Fragile,Object_15832
Pressurized,Object_06860
Oxidizing,Object_08642
Explosive,Object_08240
Unspecified,Object_06257
Flammable,Object_12749
Radioactive,Object_04617
Flammable,Object_12607
Pressurized,Object_07565
Unspecified,Object_07219
Food,Object_16130
Oxidizing,Object_09346
Toxic,Object_15518
Toxic,Object_11114
Explosive,Object_06027
Oxidizing,Object_03179
Fragile,Object_13683
Toxic,Object_14811
Food,Object_07685
Pressurized,Object_12852
Food,Object_13249
Pressurized,Object_15821
Explosive,Object_05071
Unspecified,Object_03919
Flammable,Object_08750
Toxic,Object_07668
Corrosive,Object_14711
Unspecified,Object_09337
Radioactive,Object_14556
Fragile,Object_07784
Explosive,Object_11938
Food,Object_13464
Food,Object_01432
Food,Object_14342
Pressurized,Object_05425
Unspecified,Object_05926
Flammable,Object_05317
Radioactive,Object_05055
Corrosive,Object_12345
Toxic,Object_04295
Food,Object_11036
Fragile,Object_01237
