Category,Object
Oxidizing,Object_13758
Oxidizing,Object_07143
Pressurized,Object_02237
Corrosive,Object_10865
Pressurized,Object_00979
Corrosive,Object_05605
Radioactive,Object_13213
Pressurized,Object_13776
Corrosive,Object_11854
Toxic,Object_05334
Oxidizing,Object_09221
Fragile,Object_00328
Unspecified,Object_12714
Unspecified,Object_03342
Fragile,Object_14325
Oxidizing,Object_03101
Unspecified,Object_07620
Fragile,Object_00621
Fragile,Object_07727
Flammable,Object_09338
Fragile,Object_02860
Fragile,Object_07067
Food,Object_06871
Radioactive,Object_13566
Pressurized,Object_01375
Oxidizing,Object_12622
Toxic,Object_13755
Toxic,Object_13795
Toxic,Object_13794
Flammable,Object_04793
Oxidizing,Object_07296
Corrosive,Object_04431
Pressurized,Object_00503
Fragile,Object_11512
Oxidizing,Object_09302
Fragile,Object_03537
Toxic,Object_01996
Unspecified,Object_06538
Fragile,Object_00515
Oxidizing,Object_13073
Explosive,Object_05493
Pressurized,Object_09574
Unspecified,Object_07983
Corrosive,Object_01821
Explosive,Object_10788
Pressurized,Object_01427
Corrosive,Object_14680
Corrosive,Object_01357
Toxic,Object_02450
Fragile,Object_10186
Unspecified,Object_10176
Toxic,Object_02464
Oxidizing,Object_14485
Unspecified,Object_13240
Explosive,Object_13032
Fragile,Object_12978
Flammable,Object_05872
Unspecified,Object_13355
Pressurized,Object_14513
Food,Object_02038
Pressurized,Object_13142
Fragile,Object_09873
Corrosive,Object_08259
Explosive,Object_12943
Corrosive,Object_09062
Radioactive,Object_09795
Toxic,Object_13106
Toxic,Object_12037
Food,Object_06655
Flammable,Object_09601
Corrosive,Object_06752
Food,Object_02213
Toxic,Object_05436
Unspecified,Object_01453
Explosive,Object_09959
Corrosive,Object_05175
Fragile,Object_14525
Radioactive,Object_02711
Oxidizing,Object_01583
Toxic,Object_03001
Flammable,Object_02675
Food,Object_00685
Radioactive,Object_12837
Explosive,Object_05368
Explosive,Object_11945
Unspecified,Object_11927
Fragile,Object_06858
Pressurized,Object_01249
Unspecified,Object_13302
Radioactive,Object_07748
Corrosive,Object_11132
Unspecified,Object_07466
Fragile,Object_08777
Radioactive,Object_01421
Food,Object_02168
Corrosive,Object_04687
Pressurized,Object_09450
Corrosive,Object_07216
Corrosive,Object_09321
Radioactive,Object_08820
Food,Object_07360
Radioactive,Object_00228
Explosive,Object_11160
Flammable,Object_05290
Corrosive,Object_02796
Pressurized,Object_04205
Explosive,Object_14347
Fragile,Object_02802
Oxidizing,Object_12361
Flammable,Object_00651
Corrosive,Object_02157
Corrosive,Object_09712
Toxic,Object_11096
Oxidizing,Object_08024
Fragile,Object_10456
Fragile,Object_06724
Toxic,Object_03227
Explosive,Object_14054
Corrosive,Object_06981
Unspecified,Object_13888
Fragile,Object_00272
Unspecified,Object_07227
Oxidizing,Object_10534
Food,Object_09630
Food,Object_13940
Toxic,Object_00168
Fragile,Object_08768
Toxic,Object_03615
Oxidizing,Object_03508
Corrosive,Object_06859
Fragile,Object_13652
Fragile,Object_06308
Explosive,Object_05363
Pressurized,Object_10999
Flammable,Object_13460
Pressurized,Object_07300
Explosive,Object_10757
Unspecified,Object_06613
Oxidizing,Object_05349
Explosive,Object_12435
Pressurized,Object_09863
Pressurized,Object_04056
Radioactive,Object_07272
Oxidizing,Object_10819
Explosive,Object_05173
Fragile,Object_00082
Radioactive,Object_05196
Toxic,Object_12548
Explosive,Object_07002
Explosive,Object_12040
Explosive,Object_00357
Corrosive,Object_01342
Corrosive,Object_01768
Unspecified,Object_12105
Toxic,Object_12170
Oxidizing,Object_05215
Fragile,Object_06766
Oxidizing,Object_08546
Oxidizing,Object_03605
Explosive,Object_08243
Toxic,Object_04357
Explosive,Object_13343
Unspecified,Object_05735
Pressurized,Object_09011
Fragile,Object_03175
Food,Object_02737
Food,Object_12696
Explosive,Object_06918
Unspecified,Object_00743
Radioactive,Object_11356
Pressurized,Object_12085
Toxic,Object_11406
Food,Object_09241
Explosive,Object_00682
Oxidizing,Object_02308
Explosive,Object_09310
Oxidizing,Object_12653
Radioactive,Object_04016
Unspecified,Object_09365
Oxidizing,Object_13988
Toxic,Object_01237
Pressurized,Object_10764
Flammable,Object_00960
Radioactive,Object_10508
Food,Object_08888
Unspecified,Object_10544
Food,Object_11401
Pressurized,Object_04651
Fragile,Object_09276
Radioactive,Object_11587
Radioactive,Object_08756
Flammable,Object_06356
Toxic,Object_03820
Corrosive,Object_06035
Unspecified,Object_07505
Explosive,Object_13276
Pressurized,Object_05452
Fragile,Object_08927
Fragile,Object_06513
Fragile,Object_06904
Unspecified,Object_04706
Unspecified,Object_01736
Fragile,Object_10427
Flammable,Object_11540
Toxic,Object_04940
Flammable,Object_13451
Pressurized,Object_05567
Flammable,Object_06060
Fragile,Object_03026
Flammable,Object_02389
Food,Object_03047
Unspecified,Object_12773
Radioactive,Object_04013
Explosive,Object_01737
Corrosive,Object_12832
Unspecified,Object_03073
Oxidizing,Object_07604
Food,Object_13164
Toxic,Object_00767
Fragile,Object_14149
Explosive,Object_14282
Unspecified,Object_09484
Flammable,Object_09254
Oxidizing,Object_06549
Flammable,Object_00936
Flammable,Object_00312
Toxic,Object_02054
Toxic,Object_04082
Unspecified,Object_07640
Unspecified,Object_08361
Unspecified,Object_03254
Food,Object_13588
Pressurized,Object_09122
Pressurized,Object_08979
Corrosive,Object_08220
Flammable,Object_03837
Radioactive,Object_02027
Food,Object_05197
Pressurized,Object_07882
Toxic,Object_12937
Flammable,Object_03067
Unspecified,Object_06058
Food,Object_11410
Flammable,Object_05989
Fragile,Object_09285
Explosive,Object_14502
Unspecified,Object_04838
Radioactive,Object_04608
Unspecified,Object_01264
Oxidizing,Object_03235
Fragile,Object_11248
Explosive,Object_06792
Corrosive,Object_02978
Radioactive,Object_11984
Explosive,Object_10095
Unspecified,Object_03846
Toxic,Object_13841
Flammable,Object_12651
Pressurized,Object_08824
Oxidizing,Object_06451
Toxic,Object_00229
Corrosive,Object_04039
Corrosive,Object_05094
Fragile,Object_11883
Pressurized,Object_06998
Fragile,Object_10995
Food,Object_05491
Fragile,Object_11813
Explosive,Object_05557
Fragile,Object_12097
Flammable,Object_05997
Food,Object_01676
Pressurized,Object_09700
Fragile,Object_06618
Pressurized,Object_08399
Toxic,Object_07854
Oxidizing,Object_11433
Food,Object_08304
Toxic,Object_06488
Oxidizing,Object_00243
Oxidizing,Object_11289
Unspecified,Object_05176
Unspecified,Object_00530
Corrosive,Object_03452
Radioactive,Object_05207
Toxic,Object_13410
Oxidizing,Object_00313
Radioactive,Object_12788
Explosive,Object_13998
Food,Object_05676
Radioactive,Object_07266
Flammable,Object_10000
Pressurized,Object_00018
Pressurized,Object_03127
Unspecified,Object_12069
Toxic,Object_02846
Explosive,Object_08069
Food,Object_12876
Fragile,Object_00420
Explosive,Object_04352
Toxic,Object_09066
Fragile,Object_08270
Corrosive,Object_00664
Oxidizing,Object_13210
Pressurized,Object_09500
Toxic,Object_00938
Toxic,Object_10761
Radioactive,Object_07079
Explosive,Object_07456
Unspecified,Object_00291
Radioactive,Object_02670
Fragile,Object_11181
Toxic,Object_01585
Fragile,Object_04919
Explosive,Object_14555
Fragile,Object_03887
Explosive,Object_12870
Unspecified,Object_06994
Pressurized,Object_04566
Food,Object_07112
Corrosive,Object_04748
Fragile,Object_04313
Unspecified,Object_12975
Flammable,Object_04986
Oxidizing,Object_03518
Radioactive,Object_02664
Unspecified,Object_11059
Explosive,Object_12570
Pressurized,Object_04567
Fragile,Object_09706
Toxic,Object_05680
Fragile,Object_14132
Food,Object_11751
Unspecified,Object_11217
Unspecified,Object_09772
Toxic,Object_07415
Oxidizing,Object_13835
Oxidizing,Object_11206
Food,Object_02112
Food,Object_03675
Explosive,Object_11350
Fragile,Object_02979
Unspecified,Object_09637
Toxic,Object_10247
Toxic,Object_07813
Explosive,Object_09396
Fragile,Object_09268
Flammable,Object_02458
Pressurized,Object_08978
Explosive,Object_05598
Food,Object_03375
Radioactive,Object_14620
Corrosive,Object_01020
Toxic,Object_02781
Corrosive,Object_14158
Flammable,Object_09048
Toxic,Object_00412
Flammable,Object_08174
Flammable,Object_04751
Radioactive,Object_02738
Unspecified,Object_02913
Corrosive,Object_04652
Fragile,Object_08523
Explosive,Object_01926
Explosive,Object_01488
Corrosive,Object_09647
Toxic,Object_12257
Radioactive,Object_06846
Food,Object_12080
Corrosive,Object_06509
Food,Object_02429
Fragile,Object_12219
Food,Object_13820
Pressurized,Object_03211
Fragile,Object_10825
Food,Object_03710
Oxidizing,Object_10579
Explosive,Object_04493
Flammable,Object_07431
Toxic,Object_02044
Unspecified,Object_11383
Flammable,Object_02538
Oxidizing,Object_12334
Toxic,Object_02378
Unspecified,Object_09599
Oxidizing,Object_13985
Pressurized,Object_09329
Corrosive,Object_07676
Corrosive,Object_06837
Unspecified,Object_00102
Explosive,Object_06173
Radioactive,Object_14514
Pressurized,Object_01335
Oxidizing,Object_06798
Fragile,Object_09797
Food,Object_03244
Toxic,Object_03311
Toxic,Object_12756
Fragile,Object_04362
Toxic,Object_05433
Explosive,Object_09586
Flammable,Object_03986
Oxidizing,Object_08500
Radioactive,Object_07670
Unspecified,Object_09765
Food,Object_01899
Flammable,Object_03111
Pressurized,Object_14182
Food,Object_13424
Unspecified,Object_07385
Oxidizing,Object_04348
Unspecified,Object_08637
Flammable,Object_08547
Explosive,Object_01223
Explosive,Object_01044
Radioactive,Object_08813
Flammable,Object_07283
Toxic,Object_09431
Fragile,Object_03866
Fragile,Object_10584
Corrosive,Object_05799
Pressurized,Object_03805
Unspecified,Object_11935
Flammable,Object_07851
Flammable,Object_05655
Food,Object_10728
Corrosive,Object_01783
Toxic,Object_03443
Corrosive,Object_07348
Unspecified,Object_06616
Unspecified,Object_06864
Oxidizing,Object_02440
Radioactive,Object_13957
Fragile,Object_11771
Pressurized,Object_12076
Fragile,Object_13187
Explosive,Object_05370
Explosive,Object_05743
Explosive,Object_10290
Flammable,Object_09362
Oxidizing,Object_07359
Pressurized,Object_02425
Fragile,Object_08387
Pressurized,Object_13467
Toxic,Object_14428
Corrosive,Object_04194
Fragile,Object_07629
Radioactive,Object_12228
Toxic,Object_04881
Pressurized,Object_04636
Food,Object_14473
Corrosive,Object_02536
Oxidizing,Object_11466
Unspecified,Object_13810
Corrosive,Object_12500
Food,Object_08068
Fragile,Object_06738
Oxidizing,Object_12388
Fragile,Object_11171
Corrosive,Object_13447
Radioactive,Object_09382
Explosive,Object_02248
Unspecified,Object_14648
Oxidizing,Object_11080
Corrosive,Object_05471
Oxidizing,Object_12113
Food,Object_10610
Unspecified,Object_07544
Radioactive,Object_08321
Flammable,Object_08456
Fragile,Object_03894
Explosive,Object_03285
Food,Object_00871
Unspecified,Object_10749
Oxidizing,Object_01063
Oxidizing,Object_05974
Toxic,Object_07381
Unspecified,Object_01238
Flammable,Object_12009
Explosive,Object_00486
Explosive,Object_07472
Pressurized,Object_07747
Toxic,Object_08973
Pressurized,Object_09870
Explosive,Object_08296
Radioactive,Object_01979
Fragile,Object_04375
Flammable,Object_01247
Fragile,Object_05343
Explosive,Object_03660
Radioactive,Object_00438
Pressurized,Object_00336
Food,Object_06306
Food,Object_02698
Explosive,Object_05032
Radioactive,Object_06902
Pressurized,Object_14558
Flammable,Object_06925
Unspecified,Object_00011
Fragile,Object_01129
Toxic,Object_07977
Food,Object_01290
Fragile,Object_08160
Flammable,Object_12985
Flammable,Object_02851
Unspecified,Object_11152
Flammable,Object_04819
Oxidizing,Object_04426
Food,Object_11224
Pressurized,Object_01158
Corrosive,Object_08684
Explosive,Object_03012
Radioactive,Object_08704
Pressurized,Object_04959
Oxidizing,Object_08411
Pressurized,Object_02589
Corrosive,Object_11389
Oxidizing,Object_00869
Food,Object_06879
Corrosive,Object_06706
Pressurized,Object_13280
Fragile,Object_05501
Toxic,Object_00509
Food,Object_14130
Explosive,Object_04725
Radioactive,Object_11444
Corrosive,Object_03115
Radioactive,Object_02189
Toxic,Object_13115
Toxic,Object_13352
Corrosive,Object_13015
Corrosive,Object_10437
Unspecified,Object_03621
Food,Object_03282
Radioactive,Object_02253
Oxidizing,Object_01432
Explosive,Object_01102
Flammable,Object_14216
Radioactive,Object_06154
Explosive,Object_14416
Toxic,Object_03081
Fragile,Object_12133
Toxic,Object_14572
Oxidizing,Object_11445
Radioactive,Object_07800
Unspecified,Object_13052
Oxidizing,Object_01597
Corrosive,Object_11434
Food,Object_06806
Oxidizing,Object_13956
Explosive,Object_02874
Fragile,Object_05631
Flammable,Object_06185
Fragile,Object_05487
Toxic,Object_01058
Food,Object_04299
Toxic,Object_12880
Fragile,Object_02744
Flammable,Object_14392
Fragile,Object_06141
Explosive,Object_11307
Oxidizing,Object_02350
Radioactive,Object_02949
Food,Object_04954
Flammable,Object_11023
Flammable,Object_05412
Oxidizing,Object_05738
Corrosive,Object_05474
Fragile,Object_10940
Flammable,Object_13594
Explosive,Object_12721
Pressurized,Object_13358
Flammable,Object_04681
Unspecified,Object_03844
Radioactive,Object_14075
Toxic,Object_10039
Pressurized,Object_11240
Toxic,Object_07757
Corrosive,Object_09836
Fragile,Object_03595
Food,Object_02306
Toxic,Object_12676
Oxidizing,Object_02980
Pressurized,Object_13930
Radioactive,Object_04309
Unspecified,Object_10013
Flammable,Object_03586
Toxic,Object_01785
Food,Object_01376
Pressurized,Object_09370
Unspecified,Object_01403
Toxic,Object_06244
Food,Object_13881
Food,Object_07978
Pressurized,Object_05832
Food,Object_12326
Corrosive,Object_08988
Radioactive,Object_12138
Fragile,Object_02363
Explosive,Object_09014
Radioactive,Object_09168
Fragile,Object_12315
Radioactive,Object_03450
Corrosive,Object_14670
Unspecified,Object_11906
Food,Object_01197
Toxic,Object_02178
Fragile,Object_05920
Flammable,Object_08638
Explosive,Object_09580
Fragile,Object_12956
Oxidizing,Object_10484
Flammable,Object_12921
Explosive,Object_12464
Unspecified,Object_09214
Corrosive,Object_11855
Corrosive,Object_04630
Radioactive,Object_04093
Oxidizing,Object_01632
Flammable,Object_06932
Radioactive,Object_04274
Fragile,Object_12193
Corrosive,Object_12238
Toxic,Object_09392
Flammable,Object_14023
Oxidizing,Object_08120
Unspecified,Object_02603
Corrosive,Object_08402
Pressurized,Object_05151
Oxidizing,Object_04789
Pressurized,Object_06609
Explosive,Object_05687
Fragile,Object_04820
Fragile,Object_04349
Food,Object_01308
Pressurized,Object_11012
Unspecified,Object_03612
Flammable,Object_02565
Pressurized,Object_14423
Pressurized,Object_00914
Fragile,Object_06193
Food,Object_02650
Unspecified,Object_02652
Explosive,Object_13908
Pressurized,Object_01447
Food,Object_14274
Pressurized,Object_00563
Flammable,Object_00340
Flammable,Object_12785
Toxic,Object_11983
Pressurized,Object_12912
Toxic,Object_05409
Corrosive,Object_03404
Oxidizing,Object_05000
Food,Object_09739
Oxidizing,Object_06667
Corrosive,Object_04657
Radioactive,Object_04907
Pressurized,Object_03883
Oxidizing,Object_13837
Radioactive,Object_13645
Toxic,Object_13022
Unspecified,Object_07070
Pressurized,Object_07992
Oxidizing,Object_13378
Oxidizing,Object_07132
Explosive,Object_04653
Radioactive,Object_08342
Toxic,Object_14228
Explosive,Object_01212
Flammable,Object_14650
Food,Object_01016
Toxic,Object_03832
Oxidizing,Object_01285
Corrosive,Object_01900
Corrosive,Object_00382
Flammable,Object_04134
Radioactive,Object_14344
Toxic,Object_01708
Food,Object_01094
Pressurized,Object_00643
Food,Object_11178
Food,Object_10962
Unspecified,Object_13234
Toxic,Object_08466
Unspecified,Object_07445
Flammable,Object_06227
Corrosive,Object_05280
Food,Object_10275
Oxidizing,Object_08097
Explosive,Object_08386
Explosive,Object_01234
Explosive,Object_04547
Oxidizing,Object_02687
Explosive,Object_13943
Corrosive,Object_14512
Radioactive,Object_13797
Toxic,Object_00479
Flammable,Object_05088
Radioactive,Object_12624
Pressurized,Object_00703
Pressurized,Object_03324
Oxidizing,Object_01964
Fragile,Object_11249
Flammable,Object_10463
Unspecified,Object_12701
Oxidizing,Object_08047
Flammable,Object_11702
Food,Object_00305
Unspecified,Object_00397
Fragile,Object_09280
Food,Object_04347
Pressurized,Object_03544
Toxic,Object_05630
Corrosive,Object_01164
Explosive,Object_06325
Flammable,Object_09052
Unspecified,Object_01860
Fragile,Object_09887
Pressurized,Object_00649
Unspecified,Object_00217
Toxic,Object_04860
Toxic,Object_10834
Pressurized,Object_10732
Corrosive,Object_07584
Corrosive,Object_07190
Radioactive,Object_03066
Unspecified,Object_07437
Food,Object_14607
Explosive,Object_10970
Food,Object_06512
Oxidizing,Object_01188
Explosive,Object_11284
Corrosive,Object_10602
Unspecified,Object_08090
Radioactive,Object_03671
Radioactive,Object_03869
Fragile,Object_09497
Toxic,Object_12737
Fragile,Object_08999
Food,Object_10227
Flammable,Object_00536
Toxic,Object_03969
Oxidizing,Object_13589
Toxic,Object_05025
Radioactive,Object_04509
Radioactive,Object_05523
Pressurized,Object_14420
Unspecified,Object_00465
Fragile,Object_00926
Flammable,Object_08225
Toxic,Object_13155
Corrosive,Object_07717
Food,Object_03459
Pressurized,Object_02343
Pressurized,Object_00435
Oxidizing,Object_10542
Unspecified,Object_05586
Radioactive,Object_13705
Flammable,Object_03183
Toxic,Object_12842
Corrosive,Object_09645
Radioactive,Object_03591
Radioactive,Object_05999
Flammable,Object_07304
Flammable,Object_00895
Pressurized,Object_14093
Toxic,Object_01609
Unspecified,Object_11893
Explosive,Object_12404
Radioactive,Object_11488
Unspecified,Object_12116
Food,Object_04922
Unspecified,Object_06166
Corrosive,Object_07016
Pressurized,Object_04822
Oxidizing,Object_05548
Oxidizing,Object_11758
Flammable,Object_04741
Oxidizing,Object_06020
Fragile,Object_07873
Radioactive,Object_10198
Food,Object_05506
Unspecified,Object_09419
Explosive,Object_10306
Food,Object_09650
Food,Object_14398
Food,Object_04765
Radioactive,Object_02418
Flammable,Object_12296
Corrosive,Object_11516
Toxic,Object_08325
Unspecified,Object_04582
Flammable,Object_08457
Corrosive,Object_00230
Oxidizing,Object_00172
Fragile,Object_08152
Radioactive,Object_00842
Unspecified,Object_00828
Toxic,Object_05767
Flammable,Object_06914
Pressurized,Object_07035
Fragile,Object_05930
Corrosive,Object_06977
Unspecified,Object_05248
Oxidizing,Object_07632
Fragile,Object_14276
Toxic,Object_06336
Fragile,Object_08077
Corrosive,Object_05043
Pressurized,Object_12119
Explosive,Object_06995
Pressurized,Object_02894
Explosive,Object_12730
Corrosive,Object_03013
Radioactive,Object_13844
Pressurized,Object_02861
Toxic,Object_00656
Flammable,Object_04673
Unspecified,Object_14348
Radioactive,Object_10504
Flammable,Object_05787
Flammable,Object_00909
Pressurized,Object_05051
Food,Object_14082
Pressurized,Object_10495
Radioactive,Object_11781
Unspecified,Object_06851
Unspecified,Object_04932
Food,Object_13554
Radioactive,Object_08970
Oxidizing,Object_07019
Unspecified,Object_04806
Food,Object_13677
Fragile,Object_00592
Flammable,Object_00037
Unspecified,Object_09345
Food,Object_02390
Food,Object_04802
Radioactive,Object_12761
Pressurized,Object_00750
Food,Object_00854
Pressurized,Object_06619
Fragile,Object_10308
Unspecified,Object_01764
Toxic,Object_07260
Unspecified,Object_03876
Unspecified,Object_05216
Unspecified,Object_04945
Food,Object_10791
Corrosive,Object_11649
Corrosive,Object_08365
Unspecified,Object_08424
Radioactive,Object_05803
Toxic,Object_05901
Toxic,Object_09963
Toxic,Object_14487
Food,Object_13625
Fragile,Object_12331
Explosive,Object_03976
Flammable,Object_06176
Fragile,Object_12245
Pressurized,Object_02086
Toxic,Object_13376
Toxic,Object_02246
Explosive,Object_12276
Corrosive,Object_00980
Radioactive,Object_09552
Fragile,Object_12096
Explosive,Object_04974
Flammable,Object_05834
Food,Object_11827
Pressurized,Object_14184
Pressurized,Object_11269
Radioactive,Object_14369
Corrosive,Object_04815
Explosive,Object_03731
Radioactive,Object_01754
Food,Object_10199
Unspecified,Object_07433
Radioactive,Object_08962
Corrosive,Object_05720
Unspecified,Object_12123
Food,Object_02190
Flammable,Object_07976
Radioactive,Object_03156
Toxic,Object_11022
Flammable,Object_05080
Explosive,Object_03224
Toxic,Object_09112
Toxic,Object_01631
Pressurized,Object_06876
Fragile,Object_08446
Flammable,Object_05015
Food,Object_02331
Pressurized,Object_00691
Oxidizing,Object_03025
Oxidizing,Object_13856
Corrosive,Object_07368
Radioactive,Object_14202
Pressurized,Object_02622
Oxidizing,Object_14258
Explosive,Object_09755
Corrosive,Object_09670
Pressurized,Object_13697
Fragile,Object_10288
Fragile,Object_11398
Fragile,Object_07366
Corrosive,Object_13876
Oxidizing,Object_08158
Unspecified,Object_09334
Fragile,Object_06763
Corrosive,Object_05310
Unspecified,Object_10937
Pressurized,Object_09990
Explosive,Object_06088
Explosive,Object_03662
Pressurized,Object_01161
Toxic,Object_01332
Pressurized,Object_13048
Radioactive,Object_07062
Explosive,Object_04059
Toxic,Object_02571
Fragile,Object_06955
Unspecified,Object_03726
Corrosive,Object_01288
Radioactive,Object_07516
Toxic,Object_08300
Flammable,Object_00932
Explosive,Object_09270
Corrosive,Object_05884
Toxic,Object_13615
Toxic,Object_08093
Flammable,Object_00482
Explosive,Object_11327
Radioactive,Object_11697
Flammable,Object_09932
Fragile,Object_06464
Radioactive,Object_13821
Toxic,Object_09371
Radioactive,Object_07773
Pressurized,Object_00822
Unspecified,Object_11378
Flammable,Object_08939
Radioactive,Object_02804
Pressurized,Object_05149
Food,Object_00220
Unspecified,Object_04626
Food,Object_10577
Food,Object_01823
Pressurized,Object_01673
Corrosive,Object_09300
Corrosive,Object_11591
Oxidizing,Object_10655
Flammable,Object_09827
Explosive,Object_13184
Corrosive,Object_11987
Unspecified,Object_06673
Pressurized,Object_03245
Unspecified,Object_10455
Pressurized,Object_03422
Flammable,Object_14603
Toxic,Object_12549
Unspecified,Object_07104
Corrosive,Object_13191
Radioactive,Object_04197
Unspecified,Object_04214
Fragile,Object_08782
Radioactive,Object_08966
Oxidizing,Object_04880
Explosive,Object_06008
Radioactive,Object_07578
Toxic,Object_08545
Flammable,Object_13734
Flammable,Object_14510
Toxic,Object_03174
Fragile,Object_06957
Flammable,Object_09420
Toxic,Object_04836
Toxic,Object_05302
Oxidizing,Object_08937
Flammable,Object_07821
Toxic,Object_11197
Oxidizing,Object_01905
Corrosive,Object_05115
Food,Object_04028
Flammable,Object_06175
Corrosive,Object_13293
Food,Object_06628
Explosive,Object_01690
Explosive,Object_12048
Corrosive,Object_11599
Fragile,Object_12944
Radioactive,Object_05764
Pressurized,Object_05871
Unspecified,Object_09185
Fragile,Object_00286
Pressurized,Object_05333
Flammable,Object_05931
Corrosive,Object_05201
Unspecified,Object_13120
Oxidizing,Object_07876
Oxidizing,Object_11860
Unspecified,Object_07785
Explosive,Object_12583
Toxic,Object_09634
Food,Object_09085
Toxic,Object_12458
Radioactive,Object_06039
Flammable,Object_07566
Corrosive,Object_09842
Pressurized,Object_10401
Oxidizing,Object_01464
Corrosive,Object_09779
Fragile,Object_12044
Radioactive,Object_13221
Radioactive,Object_08041
Radioactive,Object_04378
Corrosive,Object_04507
Unspecified,Object_13732
Flammable,Object_04632
Pressurized,Object_12818
Radioactive,Object_03350
Corrosive,Object_10005
Radioactive,Object_01810
Unspecified,Object_08844
Flammable,Object_11754
Pressurized,Object_09702
Toxic,Object_06155
Toxic,Object_09876
Radioactive,Object_13818
Corrosive,Object_06444
Unspecified,Object_00428
Flammable,Object_10409
Food,Object_01221
Toxic,Object_13770
Radioactive,Object_11261
Oxidizing,Object_07251
Food,Object_03933
Oxidizing,Object_01884
Food,Object_14137
Radioactive,Object_04464
Pressurized,Object_00231
Pressurized,Object_02071
Oxidizing,Object_12305
Radioactive,Object_01555
Unspecified,Object_02321
Explosive,Object_10280
Pressurized,Object_01203
Pressurized,Object_01991
Corrosive,Object_06186
Fragile,Object_03860
Flammable,Object_11167
Fragile,Object_02989
Pressurized,Object_14000
Corrosive,Object_05442
Toxic,Object_05820
Unspecified,Object_03131
Fragile,Object_08767
Fragile,Object_08819
Explosive,Object_02249
Pressurized,Object_12461
Unspecified,Object_13833
Pressurized,Object_13933
Pressurized,Object_05449
Food,Object_06804
Unspecified,Object_01467
Pressurized,Object_06326
Fragile,Object_03079
Food,Object_14169
Flammable,Object_11133
Pressurized,Object_11791
Flammable,Object_03267
Food,Object_03910
Explosive,Object_04122
Food,Object_09544
Radioactive,Object_12678
Fragile,Object_07959
Unspecified,Object_10157
Oxidizing,Object_04260
Flammable,Object_06078
Fragile,Object_11380
Flammable,Object_04580
Flammable,Object_10090
Corrosive,Object_00392
Food,Object_06521
Flammable,Object_12950
Oxidizing,Object_01018
Radioactive,Object_02593
Toxic,Object_05549
Unspecified,Object_07789
Food,Object_12554
Oxidizing,Object_03331
Toxic,Object_10736
Food,Object_06156
Oxidizing,Object_07242
Unspecified,Object_05239
Food,Object_08491
Radioactive,Object_14210
Oxidizing,Object_05313
Radioactive,Object_12627
Explosive,Object_02388
Corrosive,Object_11068
Pressurized,Object_12032
Corrosive,Object_08170
Explosive,Object_01981
Corrosive,Object_13108
Corrosive,Object_10875
Food,Object_00201
Food,Object_14509
Pressurized,Object_06863
Fragile,Object_04321
Corrosive,Object_00298
Explosive,Object_11172
Toxic,Object_11982
Oxidizing,Object_09131
Unspecified,Object_10087
Food,Object_10423
Pressurized,Object_09452
Explosive,Object_11585
Corrosive,Object_05399
Unspecified,Object_05174
Toxic,Object_10509
Oxidizing,Object_02333
Corrosive,Object_12506
Unspecified,Object_11281
Toxic,Object_01087
Food,Object_01257
Radioactive,Object_12793
Flammable,Object_03818
Unspecified,Object_06247
Oxidizing,Object_12077
Oxidizing,Object_08310
Radioactive,Object_11448
Radioactive,Object_04208
Food,Object_04607
Flammable,Object_08229
Explosive,Object_12572
Toxic,Object_03889
Fragile,Object_01217
Toxic,Object_10651
Fragile,Object_07624
Food,Object_05784
Explosive,Object_06174
Toxic,Object_12586
Pressurized,Object_12542
Oxidizing,Object_13854
Explosive,Object_08754
Corrosive,Object_11988
Toxic,Object_10634
Food,Object_07378
Toxic,Object_05200
Radioactive,Object_12776
Fragile,Object_13905
Flammable,Object_08935
Toxic,Object_11834
Oxidizing,Object_13315
Fragile,Object_12598
Pressurized,Object_06643
Pressurized,Object_03863
Pressurized,Object_10367
Radioactive,Object_00800
Toxic,Object_03539
Fragile,Object_08829
Radioactive,Object_04514
Food,Object_09883
Toxic,Object_08992
Food,Object_10279
Unspecified,Object_09679
Food,Object_05323
Unspecified,Object_10881
Oxidizing,Object_04675
Toxic,Object_04009
Toxic,Object_00039
Explosive,Object_10328
Radioactive,Object_05906
Pressurized,Object_10754
Explosive,Object_01976
Oxidizing,Object_11154
Oxidizing,Object_10884
Fragile,Object_06589
Food,Object_12137
Pressurized,Object_04425
Food,Object_00830
Oxidizing,Object_01213
Food,Object_14018
Pressurized,Object_10502
Explosive,Object_00991
Toxic,Object_12426
Unspecified,Object_07494
Explosive,Object_13339
Radioactive,Object_11245
Explosive,Object_02867
Flammable,Object_01944
Food,Object_11710
Unspecified,Object_12215
Corrosive,Object_07749
Unspecified,Object_06094
Fragile,Object_00095
Toxic,Object_08480
Explosive,Object_01068
Radioactive,Object_05595
Explosive,Object_09891
Food,Object_12763
Pressurized,Object_11640
Flammable,Object_08731
Toxic,Object_00458
Fragile,Object_11319
Corrosive,Object_00080
Explosive,Object_08406
Toxic,Object_10880
Radioactive,Object_07051
Explosive,Object_04297
Unspecified,Object_10575
Corrosive,Object_05649
Radioactive,Object_02726
Oxidizing,Object_01929
Flammable,Object_14355
Food,Object_00534
Pressurized,Object_05633
Pressurized,Object_00147
Pressurized,Object_08569
Oxidizing,Object_03923
Fragile,Object_13812
Oxidizing,Object_02964
Food,Object_08403
Flammable,Object_04171
Pressurized,Object_08401
Flammable,Object_10569
Radioactive,Object_03833
Food,Object_13541
Radioactive,Object_07995
Food,Object_10620
Oxidizing,Object_02546
Fragile,Object_02236
Oxidizing,Object_05621
Radioactive,Object_14380
Toxic,Object_02422
Explosive,Object_14317
Oxidizing,Object_01240
Radioactive,Object_01923
Corrosive,Object_07781
Radioactive,Object_14626
Flammable,Object_05261
Flammable,Object_06340
Corrosive,Object_05718
Corrosive,Object_04455
Radioactive,Object_09444
Unspecified,Object_10482
Explosive,Object_11835
Explosive,Object_07557
Flammable,Object_05717
Explosive,Object_06469
Pressurized,Object_07796
Fragile,Object_03197
Flammable,Object_13611
Pressurized,Object_03078
Fragile,Object_06561
Corrosive,Object_12247
Pressurized,Object_11329
Oxidizing,Object_02395
Corrosive,Object_10164
Toxic,Object_08716
Food,Object_03666
Corrosive,Object_11972
Oxidizing,Object_04738
Radioactive,Object_07981
Radioactive,Object_00032
Food,Object_12422
Flammable,Object_08236
Corrosive,Object_07328
Radioactive,Object_02091
Unspecified,Object_04704
Explosive,Object_06468
Explosive,Object_01874
Food,Object_13151
Food,Object_01180
Toxic,Object_09121
Unspecified,Object_07506
Oxidizing,Object_06246
Corrosive,Object_02427
Pressurized,Object_03103
Explosive,Object_12974
Explosive,Object_12860
Radioactive,Object_00504
Explosive,Object_14011
Explosive,Object_03700
Oxidizing,Object_13520
Toxic,Object_11241
Corrosive,Object_09234
Food,Object_04787
Flammable,Object_07684
Toxic,Object_05069
Radioactive,Object_10366
Fragile,Object_04702
Oxidizing,Object_07073
Unspecified,Object_09487
Corrosive,Object_01776
Explosive,Object_10124
Unspecified,Object_05181
Oxidizing,Object_11584
Unspecified,Object_08036
Flammable,Object_08483
Unspecified,Object_02654
Pressurized,Object_11580
Explosive,Object_05668
Food,Object_12280
Oxidizing,Object_13427
Flammable,Object_06929
Radioactive,Object_10846
Pressurized,Object_00179
Radioactive,Object_12041
Toxic,Object_04294
Flammable,Object_02180
Oxidizing,Object_01199
Corrosive,Object_04346
Corrosive,Object_00029
Flammable,Object_02884
Radioactive,Object_04231
Toxic,Object_04050
Radioactive,Object_01286
Fragile,Object_01875
Corrosive,Object_03929
Radioactive,Object_11411
Radioactive,Object_07716
Oxidizing,Object_04475
Fragile,Object_09295
Fragile,Object_08657
Oxidizing,Object_01941
Flammable,Object_06855
Radioactive,Object_07025
Corrosive,Object_00441
Oxidizing,Object_14024
Explosive,Object_12692
Corrosive,Object_03919
Toxic,Object_04298
Fragile,Object_13017
Radioactive,Object_00284
Toxic,Object_11701
Toxic,Object_06555
Corrosive,Object_03446
Flammable,Object_03335
Oxidizing,Object_06090
Flammable,Object_11657
Pressurized,Object_03807
Oxidizing,Object_13008
Oxidizing,Object_04112
Toxic,Object_14349
Toxic,Object_11073
Explosive,Object_02049
Explosive,Object_13743
Fragile,Object_03029
Pressurized,Object_04973
Fragile,Object_03468
Food,Object_09101
Pressurized,Object_04336
Corrosive,Object_03998
Flammable,Object_00263
Corrosive,Object_13116
Explosive,Object_07535
Corrosive,Object_04605
Toxic,Object_09001
Food,Object_12745
Unspecified,Object_06505
Corrosive,Object_12481
Oxidizing,Object_12288
Toxic,Object_10365
Flammable,Object_09644
Radioactive,Object_02320
Radioactive,Object_05823
Explosive,Object_09104
Food,Object_05559
Fragile,Object_02855
Toxic,Object_11576
Radioactive,Object_07509
Flammable,Object_03005
Food,Object_04558
Pressurized,Object_11077
Toxic,Object_00423
Unspecified,Object_00155
Unspecified,Object_12268
Oxidizing,Object_03663
Radioactive,Object_11894
Toxic,Object_02009
Fragile,Object_05919
Unspecified,Object_03431
Radioactive,Object_07568
Explosive,Object_05367
Food,Object_13272
Pressurized,Object_03460
Pressurized,Object_05519
Oxidizing,Object_06172
Fragile,Object_03332
Pressurized,Object_03966
Toxic,Object_05780
Radioactive,Object_05983
Unspecified,Object_14675
Unspecified,Object_05533
Explosive,Object_00627
Radioactive,Object_09994
Radioactive,Object_05625
Radioactive,Object_02085
Unspecified,Object_02807
Fragile,Object_00820
Fragile,Object_00065
Unspecified,Object_00622
Unspecified,Object_03360
Flammable,Object_04517
Fragile,Object_04396
Flammable,Object_14388
Radioactive,Object_12516
Pressurized,Object_09024
Fragile,Object_03912
Explosive,Object_08053
Corrosive,Object_03842
Pressurized,Object_14458
Toxic,Object_10566
Flammable,Object_00075
Fragile,Object_02843
Pressurized,Object_06834
Toxic,Object_00587
Corrosive,Object_06047
Toxic,Object_02614
Flammable,Object_11964
Fragile,Object_01672
Corrosive,Object_14157
Food,Object_01022
Explosive,Object_03852
Oxidizing,Object_06968
Flammable,Object_13901
Toxic,Object_11282
Unspecified,Object_01259
Explosive,Object_08052
Corrosive,Object_04621
Oxidizing,Object_08264
Flammable,Object_01119
Pressurized,Object_02102
Fragile,Object_10425
Fragile,Object_10297
Pressurized,Object_04468
Pressurized,Object_08313
Toxic,Object_13304
Pressurized,Object_11770
Flammable,Object_04301
Flammable,Object_13107
Radioactive,Object_07859
Toxic,Object_11750
Unspecified,Object_13336
Food,Object_07305
Pressurized,Object_08168
Flammable,Object_09710
Explosive,Object_04870
Toxic,Object_10731
Oxidizing,Object_09260
Oxidizing,Object_12130
Fragile,Object_14119
Fragile,Object_05725
Toxic,Object_13246
Explosive,Object_10263
Unspecified,Object_01528
Pressurized,Object_02877
Pressurized,Object_09520
Fragile,Object_14178
Toxic,Object_03056
Fragile,Object_12183
Fragile,Object_03320
Flammable,Object_03121
Unspecified,Object_07552
Flammable,Object_06601
Flammable,Object_10421
Food,Object_07927
Pressurized,Object_13430
Toxic,Object_00379
Flammable,Object_08454
Unspecified,Object_01822
Radioactive,Object_14533
Radioactive,Object_07521
Unspecified,Object_08421
Unspecified,Object_07884
Oxidizing,Object_00016
Oxidizing,Object_08232
Fragile,Object_10909
Pressurized,Object_10710
Corrosive,Object_02715
Food,Object_10535
Flammable,Object_08000
Flammable,Object_06384
Radioactive,Object_08404
Pressurized,Object_00884
Pressurized,Object_05957
Food,Object_06775
Food,Object_07610
Fragile,Object_03096
Explosive,Object_10088
Unspecified,Object_03220
Flammable,Object_13035
Pressurized,Object_10941
Explosive,Object_04417
Explosive,Object_11008
Flammable,Object_01485
Toxic,Object_10375
Radioactive,Object_09991
Flammable,Object_04906
Oxidizing,Object_00489
Unspecified,Object_12002
Fragile,Object_03347
Oxidizing,Object_06056
Food,Object_03673
Radioactive,Object_10786
Oxidizing,Object_00195
Pressurized,Object_01649
Toxic,Object_10389
Corrosive,Object_03569
Flammable,Object_06931
Fragile,Object_12685
Flammable,Object_02386
Flammable,Object_00017
Pressurized,Object_11063
Pressurized,Object_12018
Unspecified,Object_06095
Flammable,Object_08781
Toxic,Object_08603
Flammable,Object_09215
Explosive,Object_13411
Radioactive,Object_06992
Toxic,Object_10346
Oxidizing,Object_11263
Unspecified,Object_03600
Oxidizing,Object_00141
Fragile,Object_07531
Toxic,Object_06028
Food,Object_04116
Food,Object_01193
Unspecified,Object_08352
Flammable,Object_06004
Unspecified,Object_14168
Flammable,Object_09116
Flammable,Object_02318
Food,Object_13751
Unspecified,Object_07967
Toxic,Object_13067
Explosive,Object_08709
Oxidizing,Object_05219
Flammable,Object_11113
Fragile,Object_08778
Radioactive,Object_11161
Food,Object_12574
Explosive,Object_03735
Radioactive,Object_09393
Unspecified,Object_10860
Toxic,Object_05537
Flammable,Object_04139
Toxic,Object_14611
Pressurized,Object_04865
Fragile,Object_04887
Corrosive,Object_03924
Fragile,Object_01507
Fragile,Object_01381
Flammable,Object_06462
Food,Object_00237
Oxidizing,Object_10345
Corrosive,Object_13536
Radioactive,Object_12269
Toxic,Object_01731
Flammable,Object_10184
Flammable,Object_02110
Explosive,Object_04189
Fragile,Object_06908
Unspecified,Object_11011
Fragile,Object_04063
Unspecified,Object_11467
Fragile,Object_02556
Fragile,Object_08932
Toxic,Object_02413
Radioactive,Object_00694
Fragile,Object_06788
Explosive,Object_00684
Radioactive,Object_09252
Corrosive,Object_01246
Toxic,Object_06689
Pressurized,Object_07201
Radioactive,Object_14582
Corrosive,Object_12045
Radioactive,Object_00251
Fragile,Object_06559
Food,Object_11902
Oxidizing,Object_12047
Flammable,Object_08621
Pressurized,Object_07064
Unspecified,Object_00148
Fragile,Object_01720
Flammable,Object_09794
Pressurized,Object_04964
Food,Object_09120
Unspecified,Object_13798
Fragile,Object_04124
Explosive,Object_13078
Explosive,Object_08474
Oxidizing,Object_14217
Fragile,Object_11292
Food,Object_05300
Food,Object_05226
Explosive,Object_08189
Pressurized,Object_13630
Explosive,Object_04928
Flammable,Object_01707
Unspecified,Object_07358
Unspecified,Object_13237
Corrosive,Object_12509
Pressurized,Object_10663
Pressurized,Object_05980
Toxic,Object_14321
Unspecified,Object_09274
Explosive,Object_03565
Unspecified,Object_05860
Corrosive,Object_00826
Food,Object_01639
Flammable,Object_09080
Corrosive,Object_01927
Food,Object_02416
Toxic,Object_00358
Fragile,Object_11505
Pressurized,Object_05315
Oxidizing,Object_08972
Unspecified,Object_06338
Pressurized,Object_11033
Flammable,Object_09224
Unspecified,Object_07807
Fragile,Object_03794
Food,Object_02217
Food,Object_02430
Unspecified,Object_05150
Corrosive,Object_07444
Flammable,Object_09703
Unspecified,Object_08360
Flammable,Object_04017
Fragile,Object_02812
Pressurized,Object_00835
Fragile,Object_05362
Oxidizing,Object_04427
Food,Object_14642
Unspecified,Object_11300
Food,Object_10868
Oxidizing,Object_12758
Radioactive,Object_12358
Corrosive,Object_11656
Flammable,Object_08477
Oxidizing,Object_09408
Food,Object_10533
Radioactive,Object_14497
Flammable,Object_03411
Unspecified,Object_01578
Pressurized,Object_14656
Radioactive,Object_13690
Fragile,Object_14080
Unspecified,Object_09381
Fragile,Object_00426
Oxidizing,Object_08822
Radioactive,Object_10052
Radioactive,Object_14387
Flammable,Object_01683
Corrosive,Object_09423
Food,Object_07758
Toxic,Object_03683
Oxidizing,Object_13527
Toxic,Object_00707
Oxidizing,Object_00870
Toxic,Object_07637
Oxidizing,Object_03578
Flammable,Object_05861
Fragile,Object_13698
Food,Object_01752
Fragile,Object_09053
Flammable,Object_12477
Oxidizing,Object_11703
Oxidizing,Object_13069
Pressurized,Object_13009
Oxidizing,Object_02776
Corrosive,Object_12713
Explosive,Object_00043
Oxidizing,Object_03241
Fragile,Object_07608
Pressurized,Object_02725
Radioactive,Object_04740
Unspecified,Object_06022
Explosive,Object_09013
Flammable,Object_05899
Unspecified,Object_00902
Fragile,Object_11214
Unspecified,Object_06553
Explosive,Object_00543
Oxidizing,Object_06558
Unspecified,Object_14074
Pressurized,Object_08633
Corrosive,Object_10922
Oxidizing,Object_14587
Oxidizing,Object_08231
Flammable,Object_04363
Explosive,Object_00786
Explosive,Object_11925
Radioactive,Object_02481
Radioactive,Object_05477
Corrosive,Object_11179
Toxic,Object_13902
Unspecified,Object_02202
Explosive,Object_10121
Explosive,Object_07817
Toxic,Object_00081
Pressurized,Object_12568
Radioactive,Object_10341
Fragile,Object_01518
Flammable,Object_09327
Toxic,Object_14261
Flammable,Object_02845
Explosive,Object_02257
Fragile,Object_13804
Corrosive,Object_06447
Toxic,Object_03077
Explosive,Object_08203
Flammable,Object_06073
Toxic,Object_05425
Oxidizing,Object_11597
Oxidizing,Object_06575
Fragile,Object_00641
Corrosive,Object_11895
Oxidizing,Object_06537
Oxidizing,Object_09707
Radioactive,Object_04192
Pressurized,Object_14554
Unspecified,Object_04332
Radioactive,Object_06152
Pressurized,Object_08832
Unspecified,Object_11722
Radioactive,Object_11293
Radioactive,Object_11324
Radioactive,Object_05361
Fragile,Object_06828
Fragile,Object_01669
Radioactive,Object_08319
Flammable,Object_08059
Flammable,Object_06006
Pressurized,Object_12735
Corrosive,Object_08171
Unspecified,Object_11618
Fragile,Object_11174
Pressurized,Object_12647
Corrosive,Object_03286
Explosive,Object_05478
Unspecified,Object_07759
Explosive,Object_09857
Flammable,Object_10395
Corrosive,Object_08646
Oxidizing,Object_00620
Corrosive,Object_05467
Pressurized,Object_13014
Flammable,Object_07519
Toxic,Object_11304
Fragile,Object_11953
Food,Object_04391
Oxidizing,Object_04734
Flammable,Object_03403
Oxidizing,Object_13061
Fragile,Object_08251
Flammable,Object_10555
Food,Object_11808
Fragile,Object_04556
Oxidizing,Object_00801
Food,Object_02522
Explosive,Object_06201
Explosive,Object_00472
Flammable,Object_03266
Fragile,Object_12863
Toxic,Object_10300
Fragile,Object_00734
Unspecified,Object_14079
Corrosive,Object_10841
Food,Object_00858
Unspecified,Object_00119
Oxidizing,Object_09323
Oxidizing,Object_02432
Corrosive,Object_10361
Toxic,Object_13657
Explosive,Object_03399
Toxic,Object_06370
Corrosive,Object_13289
Fragile,Object_00455
Explosive,Object_06301
Food,Object_09089
Toxic,Object_10320
Radioactive,Object_00121
Pressurized,Object_12024
Fragile,Object_03242
Food,Object_03817
Oxidizing,Object_12774
Corrosive,Object_01909
Oxidizing,Object_06495
Pressurized,Object_00171
Corrosive,Object_06286
Radioactive,Object_13757
Unspecified,Object_11881
Fragile,Object_11859
Corrosive,Object_04877
Oxidizing,Object_00546
Radioactive,Object_03004
Food,Object_10449
Food,Object_03949
Food,Object_09413
Pressurized,Object_09541
Food,Object_04296
Flammable,Object_06648
Oxidizing,Object_07389
Fragile,Object_11873
Food,Object_11689
Food,Object_05211
Flammable,Object_03798
Pressurized,Object_00315
Oxidizing,Object_01723
Explosive,Object_01344
Radioactive,Object_09410
Corrosive,Object_00488
Fragile,Object_04983
Fragile,Object_11423
Food,Object_09317
Food,Object_04394
Flammable,Object_10712
Explosive,Object_12157
Food,Object_11314
Toxic,Object_03990
Toxic,Object_05479
Explosive,Object_03720
Pressurized,Object_03021
Oxidizing,Object_07931
Corrosive,Object_05509
Corrosive,Object_02558
Explosive,Object_14108
Fragile,Object_07542
Fragile,Object_05109
Radioactive,Object_03862
Explosive,Object_03068
Flammable,Object_02047
Flammable,Object_07585
Corrosive,Object_10332
Radioactive,Object_01859
Explosive,Object_04433
Toxic,Object_02172
Pressurized,Object_06267
Pressurized,Object_10839
Unspecified,Object_09054
Oxidizing,Object_00874
Corrosive,Object_14055
Toxic,Object_05422
Pressurized,Object_08338
Food,Object_03632
Oxidizing,Object_04110
Corrosive,Object_12355
Toxic,Object_14341
Toxic,Object_11744
Unspecified,Object_02231
Food,Object_10177
Radioactive,Object_01390
Fragile,Object_00898
Toxic,Object_01501
Radioactive,Object_13764
Fragile,Object_14090
Explosive,Object_08596
Oxidizing,Object_03219
Unspecified,Object_09165
Corrosive,Object_07801
Food,Object_12872
Explosive,Object_08562
Unspecified,Object_01954
Pressurized,Object_10518
Flammable,Object_12409
Oxidizing,Object_10793
Explosive,Object_08952
Oxidizing,Object_01829
Oxidizing,Object_13714
Corrosive,Object_05384
Food,Object_08166
Oxidizing,Object_02470
Flammable,Object_09046
Pressurized,Object_11002
Oxidizing,Object_12014
Toxic,Object_08570
Unspecified,Object_10532
Corrosive,Object_09250
Pressurized,Object_09307
Oxidizing,Object_13148
Food,Object_05693
Unspecified,Object_07838
Oxidizing,Object_00783
Explosive,Object_05928
Food,Object_08465
Radioactive,Object_13455
Explosive,Object_12043
Corrosive,Object_13338
Food,Object_00531
Fragile,Object_13391
Flammable,Object_12143
Unspecified,Object_12924
Radioactive,Object_06467
Fragile,Object_00062
Pressurized,Object_11970
Pressurized,Object_10638
Oxidizing,Object_04319
Radioactive,Object_02820
Explosive,Object_08222
Explosive,Object_07239
Pressurized,Object_01386
Toxic,Object_02141
Toxic,Object_11385
Explosive,Object_09278
Pressurized,Object_04165
Corrosive,Object_13231
Unspecified,Object_05525
Pressurized,Object_07151
Radioactive,Object_02934
Food,Object_11666
Unspecified,Object_01036
Explosive,Object_10548
Fragile,Object_07380
Radioactive,Object_07814
Flammable,Object_09026
Pressurized,Object_08381
Flammable,Object_13631
Toxic,Object_11899
Unspecified,Object_09361
Oxidizing,Object_13921
Fragile,Object_04614
Radioactive,Object_07763
Corrosive,Object_03513
Food,Object_05041
Corrosive,Object_07685
Toxic,Object_09079
Food,Object_08607
Corrosive,Object_13256
Toxic,Object_01498
Toxic,Object_07765
Toxic,Object_06262
Unspecified,Object_03774
Flammable,Object_12986
Food,Object_12377
Flammable,Object_07346
Corrosive,Object_10410
Fragile,Object_08083
Radioactive,Object_13489
Toxic,Object_04384
Fragile,Object_05672
Food,Object_13999
Unspecified,Object_12889
Flammable,Object_00838
Oxidizing,Object_04710
Oxidizing,Object_05042
Food,Object_08530
Pressurized,Object_06391
Fragile,Object_12243
Flammable,Object_14588
Unspecified,Object_04674
Corrosive,Object_12252
Pressurized,Object_11041
Radioactive,Object_01093
Unspecified,Object_04747
Pressurized,Object_08087
Pressurized,Object_11823
Pressurized,Object_10892
Corrosive,Object_00867
Toxic,Object_01127
Explosive,Object_11914
Fragile,Object_01411
Fragile,Object_01258
Radioactive,Object_11807
Food,Object_13806
Fragile,Object_11235
Corrosive,Object_06747
Corrosive,Object_09571
Unspecified,Object_00785
Fragile,Object_06453
Radioactive,Object_13718
Unspecified,Object_00683
Fragile,Object_01493
Unspecified,Object_13887
Fragile,Object_00290
Pressurized,Object_12996
Unspecified,Object_06799
Fragile,Object_03646
Food,Object_04920
Fragile,Object_05014
Oxidizing,Object_09445
Flammable,Object_01151
Oxidizing,Object_12852
Explosive,Object_08931
Pressurized,Object_06162
Toxic,Object_10910
Corrosive,Object_10594
Fragile,Object_00772
Fragile,Object_09284
Oxidizing,Object_07126
Toxic,Object_09743
Oxidizing,Object_00364
Oxidizing,Object_01819
Fragile,Object_13784
Fragile,Object_13236
Food,Object_11464
Radioactive,Object_09888
Toxic,Object_09567
Unspecified,Object_09150
Food,Object_10363
Toxic,Object_11937
Explosive,Object_06889
Fragile,Object_10678
Toxic,Object_02502
Fragile,Object_07655
Food,Object_13505
Unspecified,Object_11443
Radioactive,Object_04419
Corrosive,Object_13982
Food,Object_09440
Pressurized,Object_01953
Corrosive,Object_04643
Explosive,Object_07042
Food,Object_00686
Pressurized,Object_11682
Food,Object_00908
Unspecified,Object_12551
Fragile,Object_09039
Food,Object_13063
Food,Object_12441
Flammable,Object_01739
Flammable,Object_03902
Radioactive,Object_01235
Pressurized,Object_00613
Fragile,Object_13188
Corrosive,Object_10292
Toxic,Object_07146
Food,Object_13869
Radioactive,Object_04969
Corrosive,Object_03950
Food,Object_03526
Explosive,Object_08159
Flammable,Object_06043
Fragile,Object_11185
Oxidizing,Object_02960
Unspecified,Object_06627
Oxidizing,Object_11577
Radioactive,Object_00964
Corrosive,Object_00885
Flammable,Object_01401
Fragile,Object_07671
Corrosive,Object_09006
Fragile,Object_01787
Radioactive,Object_02651
Fragile,Object_13039
Food,Object_07273
Oxidizing,Object_01002
Unspecified,Object_01307
Pressurized,Object_08461
Explosive,Object_03213
Flammable,Object_08843
Oxidizing,Object_04211
Flammable,Object_07867
Fragile,Object_02791
Corrosive,Object_00330
Food,Object_01806
Corrosive,Object_06546
Fragile,Object_03857
Oxidizing,Object_13861
Radioactive,Object_04381
Radioactive,Object_01503
Unspecified,Object_06740
Flammable,Object_07343
Oxidizing,Object_03051
Unspecified,Object_01146
Food,Object_05524
Explosive,Object_01957
Pressurized,Object_06856
Food,Object_07621
Corrosive,Object_04795
Radioactive,Object_04184
Flammable,Object_04219
Corrosive,Object_10203
Oxidizing,Object_01220
Flammable,Object_08961
Explosive,Object_02282
Pressurized,Object_00792
Flammable,Object_00348
Radioactive,Object_07872
Oxidizing,Object_12824
Toxic,Object_08835
Corrosive,Object_08886
Corrosive,Object_13501
Flammable,Object_01796
Explosive,Object_10339
Food,Object_00254
Toxic,Object_08451
Pressurized,Object_13889
Fragile,Object_05488
Pressurized,Object_10020
Food,Object_00216
Toxic,Object_14493
Oxidizing,Object_13438
Radioactive,Object_09297
Flammable,Object_03708
Pressurized,Object_01812
Flammable,Object_06050
Food,Object_04685
Explosive,Object_10132
Corrosive,Object_11714
Food,Object_01132
Oxidizing,Object_08337
Explosive,Object_14309
Radioactive,Object_05918
Radioactive,Object_01339
Toxic,Object_08563
Unspecified,Object_00074
Fragile,Object_06938
Toxic,Object_05124
Oxidizing,Object_02972
Toxic,Object_02535
Oxidizing,Object_05122
Radioactive,Object_12820
Corrosive,Object_10864
Oxidizing,Object_01703
Radioactive,Object_03519
Toxic,Object_00331
Radioactive,Object_04138
Unspecified,Object_06744
Toxic,Object_03937
Oxidizing,Object_10074
Pressurized,Object_07464
Food,Object_09775
Flammable,Object_00890
Corrosive,Object_00507
Explosive,Object_08846
Unspecified,Object_01755
Food,Object_13049
Radioactive,Object_02218
Food,Object_10151
Food,Object_07511
Unspecified,Object_02659
Unspecified,Object_05178
Flammable,Object_04157
Pressurized,Object_10964
Corrosive,Object_10302
Unspecified,Object_13658
Explosive,Object_12206
Pressurized,Object_10049
Flammable,Object_02609
Corrosive,Object_14448
Food,Object_11148
Toxic,Object_09740
Explosive,Object_11390
Corrosive,Object_02925
Explosive,Object_02359
Flammable,Object_01511
Food,Object_10981
Toxic,Object_00055
Fragile,Object_00008
Corrosive,Object_12171
Food,Object_02983
Flammable,Object_07848
Flammable,Object_04115
Pressurized,Object_10719
Explosive,Object_10717
Oxidizing,Object_11019
Unspecified,Object_10174
Food,Object_08017
Unspecified,Object_06949
Oxidizing,Object_14183
Corrosive,Object_14333
Explosive,Object_14433
Pressurized,Object_04458
Radioactive,Object_11676
Explosive,Object_00665
Food,Object_04899
Unspecified,Object_08748
Flammable,Object_11639
Fragile,Object_07507
Corrosive,Object_12478
Fragile,Object_10589
Oxidizing,Object_11869
Toxic,Object_11594
Unspecified,Object_13196
Corrosive,Object_00928
Pressurized,Object_07538
Pressurized,Object_12455
Fragile,Object_12168
Corrosive,Object_06755
Explosive,Object_06226
Radioactive,Object_07103
Food,Object_07777
Explosive,Object_07774
Food,Object_02733
Explosive,Object_08863
Flammable,Object_11994
Explosive,Object_11888
Food,Object_06719
Corrosive,Object_05790
Fragile,Object_02898
Flammable,Object_07363
Pressurized,Object_10062
Explosive,Object_03628
Fragile,Object_13545
Unspecified,Object_05695
Corrosive,Object_07852
Pressurized,Object_08125
Food,Object_01789
Toxic,Object_11294
Pressurized,Object_04491
Oxidizing,Object_06298
Flammable,Object_05233
Unspecified,Object_12152
Food,Object_01085
Pressurized,Object_01600
Pressurized,Object_06892
Corrosive,Object_13415
Fragile,Object_01509
Toxic,Object_10972
Radioactive,Object_12789
Oxidizing,Object_05699
Unspecified,Object_12990
Explosive,Object_12525
Toxic,Object_02281
Explosive,Object_12541
Explosive,Object_08420
Food,Object_13793
Toxic,Object_14076
Explosive,Object_00346
Oxidizing,Object_03534
Oxidizing,Object_04432
Toxic,Object_08576
Explosive,Object_04729
Radioactive,Object_13045
Flammable,Object_03954
Food,Object_00383
Corrosive,Object_03914
Explosive,Object_09055
Toxic,Object_04083
Unspecified,Object_10537
Radioactive,Object_02437
Flammable,Object_02488
Unspecified,Object_06703
Oxidizing,Object_11244
Fragile,Object_04629
Unspecified,Object_07094
Pressurized,Object_01340
Flammable,Object_07856
Oxidizing,Object_08801
Corrosive,Object_04089
Fragile,Object_08400
Toxic,Object_04107
Pressurized,Object_10274
Fragile,Object_02631
Food,Object_11800
Corrosive,Object_02148
Corrosive,Object_06354
Flammable,Object_09417
Oxidizing,Object_07178
Pressurized,Object_01977
Flammable,Object_09202
Unspecified,Object_07031
Corrosive,Object_13525
Fragile,Object_07243
Flammable,Object_12342
Food,Object_11312
Fragile,Object_07905
Radioactive,Object_10294
Oxidizing,Object_00940
Unspecified,Object_07697
Food,Object_01047
Toxic,Object_07114
Radioactive,Object_12144
Food,Object_06823
Explosive,Object_13270
Oxidizing,Object_10336
Radioactive,Object_06959
Toxic,Object_12592
Unspecified,Object_02090
Toxic,Object_02167
Food,Object_00944
Oxidizing,Object_00408
Fragile,Object_00246
Corrosive,Object_08359
Food,Object_08098
Explosive,Object_08433
Oxidizing,Object_06471
Fragile,Object_07694
Toxic,Object_11542
Corrosive,Object_00834
Radioactive,Object_11856
Radioactive,Object_14535
Toxic,Object_09162
Food,Object_11727
Fragile,Object_04281
Fragile,Object_05609
Oxidizing,Object_12467
Oxidizing,Object_12828
Flammable,Object_08749
Explosive,Object_01481
Toxic,Object_12662
Corrosive,Object_07313
Unspecified,Object_06270
Food,Object_02598
Flammable,Object_11228
Explosive,Object_07009
Explosive,Object_03781
Unspecified,Object_06676
Fragile,Object_04361
Unspecified,Object_00524
Radioactive,Object_02462
Food,Object_01722
Food,Object_01906
Flammable,Object_01224
Explosive,Object_06235
Unspecified,Object_04846
Flammable,Object_09386
Explosive,Object_13004
Radioactive,Object_03947
Toxic,Object_01851
Explosive,Object_13176
Radioactive,Object_12717
Flammable,Object_01960
Oxidizing,Object_13780
Unspecified,Object_09890
Corrosive,Object_07686
Explosive,Object_03171
Food,Object_01551
Pressurized,Object_10889
Pressurized,Object_12039
Food,Object_02492
Oxidizing,Object_01377
Radioactive,Object_04412
Flammable,Object_12709
Flammable,Object_13569
Corrosive,Object_11339
Explosive,Object_10010
Food,Object_14580
Corrosive,Object_03130
Oxidizing,Object_09825
Explosive,Object_04135
Toxic,Object_13159
Flammable,Object_03516
Explosive,Object_05852
Fragile,Object_08109
Explosive,Object_04233
Corrosive,Object_03548
Flammable,Object_05740
Unspecified,Object_02693
Toxic,Object_09343
Corrosive,Object_11007
Explosive,Object_05702
Pressurized,Object_08455
Unspecified,Object_13130
Flammable,Object_14128
Flammable,Object_13579
Fragile,Object_03779
Flammable,Object_02537
Explosive,Object_11521
Unspecified,Object_13434
Pressurized,Object_11097
Food,Object_12020
Radioactive,Object_08559
Oxidizing,Object_02460
Corrosive,Object_06600
Oxidizing,Object_05247
Toxic,Object_00731
Toxic,Object_05254
Flammable,Object_04182
Oxidizing,Object_02773
Flammable,Object_04506
Fragile,Object_05815
Corrosive,Object_14305
Food,Object_01997
Unspecified,Object_00863
Corrosive,Object_06713
Flammable,Object_11879
Toxic,Object_08583
Radioactive,Object_11225
Corrosive,Object_00431
Radioactive,Object_05964
Unspecified,Object_05508
Fragile,Object_01969
Radioactive,Object_05543
Food,Object_02534
Corrosive,Object_05658
Pressurized,Object_05119
Fragile,Object_05105
Fragile,Object_06656
Radioactive,Object_14507
Toxic,Object_03906
Toxic,Object_01298
Pressurized,Object_06869
Flammable,Object_06920
Oxidizing,Object_13709
Flammable,Object_11441
Unspecified,Object_13580
Food,Object_04342
Flammable,Object_03191
Unspecified,Object_00961
Unspecified,Object_12540
Oxidizing,Object_13882
Fragile,Object_13093
Radioactive,Object_12287
Oxidizing,Object_07200
Food,Object_12122
Pressurized,Object_01089
Food,Object_03402
Radioactive,Object_10506
Oxidizing,Object_02208
Explosive,Object_11486
Corrosive,Object_00943
Pressurized,Object_14645
Pressurized,Object_00034
Flammable,Object_05028
Corrosive,Object_03589
Food,Object_00626
Toxic,Object_13439
Radioactive,Object_04242
Explosive,Object_06365
Oxidizing,Object_12571
Food,Object_07197
Flammable,Object_03918
Corrosive,Object_05186
Radioactive,Object_07321
Corrosive,Object_00188
Radioactive,Object_13328
Food,Object_03493
Oxidizing,Object_06091
Corrosive,Object_03394
Radioactive,Object_05400
Fragile,Object_07733
Flammable,Object_08009
Fragile,Object_12520
Oxidizing,Object_02339
Flammable,Object_08566
Fragile,Object_12865
Unspecified,Object_14666
Toxic,Object_04179
Radioactive,Object_11175
Flammable,Object_01139
Food,Object_07109
Corrosive,Object_05592
Unspecified,Object_08487
Oxidizing,Object_05793
Flammable,Object_09022
Unspecified,Object_03527
Flammable,Object_08195
Explosive,Object_11985
Fragile,Object_05573
Radioactive,Object_07601
Explosive,Object_06255
Radioactive,Object_03692
Explosive,Object_02130
Food,Object_11345
Flammable,Object_12589
Toxic,Object_14412
Fragile,Object_08142
Explosive,Object_05723
Unspecified,Object_09683
Corrosive,Object_07609
Food,Object_01204
Explosive,Object_14679
Food,Object_06890
Corrosive,Object_05554
Fragile,Object_08173
Explosive,Object_04918
Explosive,Object_11155
Toxic,Object_01599
Fragile,Object_04035
Pressurized,Object_05877
Explosive,Object_11997
Explosive,Object_00398
Explosive,Object_14104
Fragile,Object_09690
Fragile,Object_02120
Unspecified,Object_08064
Unspecified,Object_11507
Oxidizing,Object_08758
Unspecified,Object_02247
Toxic,Object_02923
Fragile,Object_13475
Unspecified,Object_03297
Fragile,Object_00757
Unspecified,Object_10505
Fragile,Object_06124
Toxic,Object_08431
Fragile,Object_10746
Oxidizing,Object_09859
Fragile,Object_06392
Explosive,Object_11028
Explosive,Object_05170
Toxic,Object_06816
Flammable,Object_05391
Corrosive,Object_09815
Oxidizing,Object_11193
Oxidizing,Object_04561
Toxic,Object_04770
Oxidizing,Object_00939
Fragile,Object_08874
Pressurized,Object_04254
Toxic,Object_08281
Toxic,Object_04778
Pressurized,Object_01330
Corrosive,Object_04848
Pressurized,Object_00981
Toxic,Object_14631
Explosive,Object_12265
Oxidizing,Object_07510
Toxic,Object_11232
Fragile,Object_05161
Toxic,Object_02657
Food,Object_11336
Unspecified,Object_08002
Fragile,Object_11202
Pressurized,Object_00343
Flammable,Object_09233
Explosive,Object_02176
Fragile,Object_08892
Corrosive,Object_08900
Toxic,Object_13238
Fragile,Object_04663
Unspecified,Object_07157
Corrosive,Object_02117
Pressurized,Object_04834
Toxic,Object_11993
Food,Object_09543
Pressurized,Object_06785
Oxidizing,Object_01232
Fragile,Object_03052
Radioactive,Object_02064
Fragile,Object_08564
Unspecified,Object_04739
Unspecified,Object_04947
Fragile,Object_13100
Corrosive,Object_06910
Fragile,Object_09008
Unspecified,Object_09526
Unspecified,Object_08462
Oxidizing,Object_03086
Oxidizing,Object_13543
Pressurized,Object_13459
Explosive,Object_04328
Toxic,Object_04889
Oxidizing,Object_00064
Food,Object_10296
Fragile,Object_09900
Fragile,Object_06677
Fragile,Object_01648
Corrosive,Object_11909
Flammable,Object_05581
Flammable,Object_02042
Unspecified,Object_08422
Corrosive,Object_04868
Oxidizing,Object_13250
Pressurized,Object_00853
Unspecified,Object_14403
Toxic,Object_11251
Fragile,Object_09114
Food,Object_08724
Pressurized,Object_08488
Pressurized,Object_09222
Food,Object_01879
Fragile,Object_12596
Unspecified,Object_05853
Oxidizing,Object_09838
Explosive,Object_02974
Corrosive,Object_13686
Radioactive,Object_10669
Food,Object_00629
Food,Object_10086
Radioactive,Object_00041
Flammable,Object_07725
Food,Object_09524
Food,Object_09865
Flammable,Object_05402
Toxic,Object_09187
Food,Object_09688
Explosive,Object_02081
Pressurized,Object_09725
Oxidizing,Object_04633
Pressurized,Object_03261
Corrosive,Object_09485
Pressurized,Object_10538
Pressurized,Object_10545
Oxidizing,Object_11794
Food,Object_13262
Food,Object_05596
Fragile,Object_07515
Oxidizing,Object_07522
Radioactive,Object_10771
Explosive,Object_07780
Unspecified,Object_08649
Toxic,Object_06511
Radioactive,Object_00430
Oxidizing,Object_08902
Toxic,Object_12211
Pressurized,Object_04053
Corrosive,Object_11166
Flammable,Object_03339
Radioactive,Object_02587
Explosive,Object_11938
Corrosive,Object_04523
Explosive,Object_09207
Food,Object_11887
Unspecified,Object_14035
Unspecified,Object_01761
Food,Object_09628
Toxic,Object_06670
Unspecified,Object_14206
Radioactive,Object_01537
Pressurized,Object_04552
Flammable,Object_03265
Radioactive,Object_10112
Food,Object_12227
Radioactive,Object_05483
Fragile,Object_04452
Pressurized,Object_14402
Oxidizing,Object_03679
Explosive,Object_00372
Corrosive,Object_06971
Flammable,Object_01744
Oxidizing,Object_06409
Flammable,Object_12063
Toxic,Object_09596
Radioactive,Object_12531
Explosive,Object_11704
Toxic,Object_07904
Explosive,Object_07887
Food,Object_09822
Pressurized,Object_10666
Unspecified,Object_05253
Flammable,Object_09984
Pressurized,Object_14268
Explosive,Object_01766
Food,Object_05671
Toxic,Object_05096
Pressurized,Object_07465
Radioactive,Object_08946
Pressurized,Object_08301
Pressurized,Object_14613
Pressurized,Object_03786
Radioactive,Object_02580
Corrosive,Object_00395
Fragile,Object_07793
Corrosive,Object_10856
Unspecified,Object_10814
Corrosive,Object_07627
Unspecified,Object_08196
Corrosive,Object_01641
Fragile,Object_01484
Fragile,Object_06901
Flammable,Object_04117
Radioactive,Object_10003
Corrosive,Object_05314
Radioactive,Object_01433
Food,Object_01679
Unspecified,Object_03214
Food,Object_08539
Toxic,Object_07311
Fragile,Object_02862
Oxidizing,Object_10789
Radioactive,Object_11121
Unspecified,Object_08240
Pressurized,Object_00628
Toxic,Object_07714
Toxic,Object_10552
Pressurized,Object_07469
Fragile,Object_03936
Corrosive,Object_10008
Fragile,Object_00833
Flammable,Object_03129
Oxidizing,Object_01898
Explosive,Object_12255
Explosive,Object_10137
Unspecified,Object_00727
Fragile,Object_00285
Fragile,Object_00388
Food,Object_08497
Flammable,Object_09223
Fragile,Object_12667
Unspecified,Object_11815
Toxic,Object_13687
Toxic,Object_09781
Oxidizing,Object_13620
Pressurized,Object_05716
Corrosive,Object_02599
Explosive,Object_07677
Oxidizing,Object_12639
Pressurized,Object_03941
Flammable,Object_11253
Oxidizing,Object_04220
Toxic,Object_03193
Flammable,Object_04070
Toxic,Object_08807
Radioactive,Object_12474
Toxic,Object_10562
Explosive,Object_04588
Fragile,Object_02365
Oxidizing,Object_10161
Oxidizing,Object_08331
Toxic,Object_11169
Radioactive,Object_13431
Explosive,Object_05824
Oxidizing,Object_09667
Pressurized,Object_10334
Explosive,Object_02479
Toxic,Object_02076
Corrosive,Object_13261
Flammable,Object_12938
Oxidizing,Object_13152
Oxidizing,Object_13738
Corrosive,Object_05789
Fragile,Object_04993
Flammable,Object_12772
Fragile,Object_11418
Toxic,Object_11257
Toxic,Object_13653
Toxic,Object_05529
Pressurized,Object_10621
Food,Object_02948
Food,Object_12430
Corrosive,Object_07645
Food,Object_04399
Corrosive,Object_05744
Oxidizing,Object_12962
Radioactive,Object_02323
Corrosive,Object_06607
Flammable,Object_11910
Toxic,Object_12226
Corrosive,Object_08708
Toxic,Object_12497
Radioactive,Object_04750
Explosive,Object_06210
Corrosive,Object_02545
Pressurized,Object_01034
Unspecified,Object_11204
Oxidizing,Object_01524
Radioactive,Object_07298
Radioactive,Object_14519
Food,Object_10057
Flammable,Object_13372
Toxic,Object_11198
Unspecified,Object_00768
Corrosive,Object_01479
Toxic,Object_02203
Toxic,Object_13772
Fragile,Object_05204
Food,Object_05321
Explosive,Object_13117
Radioactive,Object_06556
Toxic,Object_00092
Toxic,Object_13217
Flammable,Object_01281
Radioactive,Object_10026
Corrosive,Object_06463
Corrosive,Object_14251
Fragile,Object_13288
Unspecified,Object_11405
Flammable,Object_07696
Toxic,Object_07751
Oxidizing,Object_13684
Unspecified,Object_04040
Corrosive,Object_05445
Fragile,Object_06033
Flammable,Object_09125
Flammable,Object_04261
Food,Object_04079
Radioactive,Object_08730
Explosive,Object_02196
Corrosive,Object_11454
Food,Object_04965
Food,Object_05944
Flammable,Object_11373
Oxidizing,Object_12886
Toxic,Object_01734
Unspecified,Object_10596
Corrosive,Object_05024
Unspecified,Object_06818
Corrosive,Object_11395
Fragile,Object_05145
Food,Object_13742
Toxic,Object_06135
Corrosive,Object_12321
Explosive,Object_08635
Flammable,Object_00577
Explosive,Object_05498
Explosive,Object_12826
Flammable,Object_12987
Corrosive,Object_11634
Radioactive,Object_08916
Oxidizing,Object_06822
Pressurized,Object_14553
Pressurized,Object_13497
Explosive,Object_02454
Unspecified,Object_12060
Flammable,Object_12747
Toxic,Object_10670
Oxidizing,Object_07158
Explosive,Object_08713
Fragile,Object_12457
Flammable,Object_07404
Radioactive,Object_06570
Unspecified,Object_06720
Pressurized,Object_04812
Flammable,Object_14604
Unspecified,Object_01530
Oxidizing,Object_09226
Unspecified,Object_11877
Explosive,Object_08316
Fragile,Object_00190
Radioactive,Object_05111
Explosive,Object_08428
Oxidizing,Object_04133
Radioactive,Object_08104
Fragile,Object_01928
Oxidizing,Object_05801
Corrosive,Object_10092
Toxic,Object_01526
Flammable,Object_12740
Flammable,Object_11833
Unspecified,Object_00468
Corrosive,Object_08656
Explosive,Object_08721
Unspecified,Object_13170
Corrosive,Object_07124
Fragile,Object_02292
Fragile,Object_14338
Fragile,Object_06018
Unspecified,Object_11509
Unspecified,Object_06300
Oxidizing,Object_00165
Unspecified,Object_04683
Toxic,Object_07293
Oxidizing,Object_03607
Flammable,Object_10901
Oxidizing,Object_13922
Unspecified,Object_03447
Pressurized,Object_04642
Explosive,Object_06272
Radioactive,Object_02751
Fragile,Object_00729
Flammable,Object_00619
Radioactive,Object_03258
Flammable,Object_06405
Fragile,Object_12633
Oxidizing,Object_09350
Toxic,Object_02759
Toxic,Object_01866
Fragile,Object_03473
Oxidizing,Object_11331
Flammable,Object_13425
Radioactive,Object_04707
Explosive,Object_02315
Radioactive,Object_11474
Explosive,Object_03536
Radioactive,Object_11487
Food,Object_05896
Unspecified,Object_11184
Corrosive,Object_09073
Unspecified,Object_05691
Pressurized,Object_10252
Flammable,Object_05337
Food,Object_02372
Explosive,Object_11279
Toxic,Object_11798
Toxic,Object_12640
Explosive,Object_11397
Radioactive,Object_08678
Explosive,Object_03882
Explosive,Object_02920
Pressurized,Object_09443
Corrosive,Object_09929
Radioactive,Object_10755
Explosive,Object_10071
Explosive,Object_09045
Unspecified,Object_12036
Oxidizing,Object_05500
Unspecified,Object_06252
Fragile,Object_00700
Fragile,Object_07351
Radioactive,Object_09646
Unspecified,Object_14391
Food,Object_08614
Explosive,Object_08933
Oxidizing,Object_03330
Food,Object_11819
Explosive,Object_01727
Pressurized,Object_08803
Oxidizing,Object_07213
Fragile,Object_00318
Corrosive,Object_00170
Flammable,Object_09768
Pressurized,Object_11693
Flammable,Object_03501
Corrosive,Object_06361
Oxidizing,Object_07123
Oxidizing,Object_12078
Radioactive,Object_08612
Radioactive,Object_07423
Corrosive,Object_01361
Fragile,Object_06552
Explosive,Object_08430
Pressurized,Object_07218
Toxic,Object_12765
Flammable,Object_11420
Corrosive,Object_11996
Corrosive,Object_02750
Food,Object_03247
Oxidizing,Object_06080
Radioactive,Object_07818
Unspecified,Object_02039
Flammable,Object_06912
Explosive,Object_14401
Food,Object_02067
Food,Object_01729
Explosive,Object_11963
Oxidizing,Object_08903
Flammable,Object_08744
Oxidizing,Object_10863
Flammable,Object_13745
Flammable,Object_10451
Explosive,Object_06913
Flammable,Object_09246
Toxic,Object_02508
Fragile,Object_07490
Oxidizing,Object_08228
Pressurized,Object_11114
Pressurized,Object_11407
Food,Object_11047
Food,Object_10035
Corrosive,Object_13309
Pressurized,Object_11472
Radioactive,Object_04454
Radioactive,Object_08958
Corrosive,Object_07922
Food,Object_01081
Corrosive,Object_03270
Fragile,Object_05326
Corrosive,Object_00059
Toxic,Object_02171
Pressurized,Object_14294
Oxidizing,Object_14621
Flammable,Object_02828
Food,Object_06434
Unspecified,Object_12176
Toxic,Object_02078
Explosive,Object_00513
Corrosive,Object_07965
Radioactive,Object_12638
Radioactive,Object_00339
Radioactive,Object_07307
Oxidizing,Object_12841
Unspecified,Object_04541
Radioactive,Object_11496
Corrosive,Object_06420
Fragile,Object_02879
Pressurized,Object_01724
Explosive,Object_12671
Flammable,Object_02391
Fragile,Object_07565
Toxic,Object_09951
Radioactive,Object_12888
Pressurized,Object_05956
Food,Object_03278
Toxic,Object_11173
Corrosive,Object_04406
Unspecified,Object_08100
Explosive,Object_05385
Fragile,Object_01770
Toxic,Object_03498
Oxidizing,Object_05531
Fragile,Object_08896
Food,Object_05125
Fragile,Object_06941
Radioactive,Object_07534
Food,Object_12597
Pressurized,Object_05458
Flammable,Object_02505
Unspecified,Object_11351
Unspecified,Object_06751
Fragile,Object_14118
Explosive,Object_07735
Toxic,Object_12387
Radioactive,Object_03034
Food,Object_01219
Food,Object_01613
Radioactive,Object_04898
Unspecified,Object_04832
Flammable,Object_08181
Radioactive,Object_13098
Explosive,Object_13750
Explosive,Object_06735
Unspecified,Object_14156
Radioactive,Object_09003
Unspecified,Object_12413
Flammable,Object_04424
Food,Object_05952
Toxic,Object_07128
Corrosive,Object_13322
Pressurized,Object_09326
Corrosive,Object_01801
Explosive,Object_01497
Food,Object_07589
Radioactive,Object_09459
Food,Object_00181
Corrosive,Object_04897
Corrosive,Object_09851
Corrosive,Object_08797
Fragile,Object_00927
Toxic,Object_11918
Corrosive,Object_00387
Flammable,Object_02592
Pressurized,Object_03596
Oxidizing,Object_13875
Radioactive,Object_05169
Corrosive,Object_11417
Fragile,Object_02932
Food,Object_12075
Flammable,Object_13894
Food,Object_04678
Radioactive,Object_07955
Explosive,Object_03157
Radioactive,Object_12518
Food,Object_12232
Oxidizing,Object_09492
Oxidizing,Object_04398
Toxic,Object_10249
Radioactive,Object_13842
Unspecified,Object_04905
Explosive,Object_08179
Food,Object_11493
Fragile,Object_10125
Corrosive,Object_00083
Pressurized,Object_01078
Oxidizing,Object_10283
Flammable,Object_02926
Food,Object_06052
Corrosive,Object_11570
Flammable,Object_12419
Unspecified,Object_05927
Pressurized,Object_00481
Explosive,Object_04308
Radioactive,Object_06482
Explosive,Object_05841
Unspecified,Object_11843
Fragile,Object_02441
Fragile,Object_07440
Unspecified,Object_06422
Flammable,Object_11044
Oxidizing,Object_12034
Radioactive,Object_02970
Oxidizing,Object_03654
Explosive,Object_13923
Unspecified,Object_08441
Toxic,Object_08345
Unspecified,Object_14141
Fragile,Object_00134
Fragile,Object_06040
Oxidizing,Object_13190
Toxic,Object_05882
Pressurized,Object_13167
Unspecified,Object_03609
Unspecified,Object_13220
Toxic,Object_08878
Fragile,Object_04161
Fragile,Object_13954
Corrosive,Object_11076
Oxidizing,Object_04247
Pressurized,Object_10268
Radioactive,Object_05686
Unspecified,Object_01684
Radioactive,Object_05564
Pressurized,Object_10398
Toxic,Object_04487
Radioactive,Object_11518
Radioactive,Object_05444
Food,Object_10434
Flammable,Object_10905
Oxidizing,Object_10150
Toxic,Object_01341
Toxic,Object_10371
Oxidizing,Object_02439
Toxic,Object_08366
Flammable,Object_14395
Corrosive,Object_11836
Oxidizing,Object_01657
Oxidizing,Object_01184
Flammable,Object_01450
Radioactive,Object_11497
Fragile,Object_12313
Fragile,Object_08990
Fragile,Object_02216
Explosive,Object_08699
Food,Object_05962
Flammable,Object_11151
Unspecified,Object_04553
Toxic,Object_04762
Unspecified,Object_12398
Corrosive,Object_00140
Unspecified,Object_06680
Explosive,Object_08572
Explosive,Object_08885
Corrosive,Object_11425
Unspecified,Object_11998
Fragile,Object_06849
Toxic,Object_01563
Corrosive,Object_02927
Oxidizing,Object_10357
Unspecified,Object_07014
Oxidizing,Object_07520
Radioactive,Object_07249
Unspecified,Object_03271
Oxidizing,Object_09862
Radioactive,Object_13665
Pressurized,Object_03803
Unspecified,Object_11905
Food,Object_04737
Corrosive,Object_05542
Fragile,Object_13299
Toxic,Object_10546
Food,Object_13483
Toxic,Object_14618
Oxidizing,Object_04457
Explosive,Object_07919
Corrosive,Object_13095
Food,Object_00923
Flammable,Object_04982
Radioactive,Object_07432
Toxic,Object_03072
Toxic,Object_09726
Oxidizing,Object_12845
Explosive,Object_00746
Food,Object_04814
Pressurized,Object_09551
Oxidizing,Object_05365
Toxic,Object_13691
Radioactive,Object_00143
Oxidizing,Object_00282
Pressurized,Object_09682
Explosive,Object_09219
Unspecified,Object_02511
Food,Object_07281
Flammable,Object_10054
Radioactive,Object_06448
Oxidizing,Object_06684
Radioactive,Object_01595
Food,Object_03635
Fragile,Object_12951
Radioactive,Object_05232
Unspecified,Object_00896
Food,Object_04935
Corrosive,Object_10265
Food,Object_00630
Fragile,Object_07860
Fragile,Object_03712
Oxidizing,Object_07221
Oxidizing,Object_14278
Corrosive,Object_02800
Fragile,Object_05222
Food,Object_14026
Corrosive,Object_10828
Food,Object_01276
Radioactive,Object_13325
Explosive,Object_01001
Explosive,Object_10540
Unspecified,Object_07418
Fragile,Object_05840
Fragile,Object_10626
Fragile,Object_10208
Food,Object_08234
Fragile,Object_02852
Flammable,Object_08837
Explosive,Object_09010
Fragile,Object_01461
Unspecified,Object_00333
Toxic,Object_07000
Corrosive,Object_02354
Fragile,Object_07179
Radioactive,Object_00266
Radioactive,Object_14027
Corrosive,Object_10637
Toxic,Object_06501
Explosive,Object_06403
Food,Object_01075
Explosive,Object_10170
Toxic,Object_00929
Flammable,Object_13204
Flammable,Object_13036
Explosive,Object_06997
Fragile,Object_07753
Oxidizing,Object_01091
Pressurized,Object_08591
Flammable,Object_12874
Food,Object_07127
Fragile,Object_05866
Radioactive,Object_03674
Flammable,Object_01268
Fragile,Object_13979
Radioactive,Object_04356
Fragile,Object_08718
Explosive,Object_11126
Oxidizing,Object_11583
Flammable,Object_09402
Fragile,Object_05093
Explosive,Object_09049
Pressurized,Object_11310
Radioactive,Object_10738
Pressurized,Object_08694
Toxic,Object_04655
Unspecified,Object_01815
Food,Object_00921
Flammable,Object_03472
Corrosive,Object_04012
Toxic,Object_04264
Corrosive,Object_04619
Food,Object_08509
Explosive,Object_06528
Pressurized,Object_03318
Fragile,Object_05715
Explosive,Object_01191
Toxic,Object_01915
Radioactive,Object_04573
Oxidizing,Object_07600
Flammable,Object_12053
Fragile,Object_13561
Pressurized,Object_05035
Explosive,Object_00690
Food,Object_02908
Explosive,Object_07517
Unspecified,Object_12299
Corrosive,Object_04439
Pressurized,Object_14676
Fragile,Object_03959
Unspecified,Object_07027
Pressurized,Object_13648
Radioactive,Object_13421
Fragile,Object_00671
Flammable,Object_13395
Explosive,Object_12179
Pressurized,Object_00978
Food,Object_10877
Food,Object_05002
Explosive,Object_12907
Radioactive,Object_04094
Food,Object_06333
Oxidizing,Object_03212
Radioactive,Object_00949
Unspecified,Object_09512
Explosive,Object_07280
Pressurized,Object_13762
Radioactive,Object_03854
Fragile,Object_03746
Food,Object_09736
Toxic,Object_06715
Radioactive,Object_10048
Flammable,Object_01472
Oxidizing,Object_08495
Flammable,Object_01333
Radioactive,Object_10726
Flammable,Object_00063
Flammable,Object_09981
Pressurized,Object_01419
Radioactive,Object_14612
Explosive,Object_01987
Oxidizing,Object_12834
Food,Object_04367
Fragile,Object_09159
Food,Object_11095
Pressurized,Object_07743
Toxic,Object_07276
Food,Object_13085
Food,Object_00612
Unspecified,Object_02577
Corrosive,Object_07862
Oxidizing,Object_08951
Explosive,Object_03899
Toxic,Object_10042
Explosive,Object_01922
Corrosive,Object_08695
Corrosive,Object_04397
Unspecified,Object_04224
Oxidizing,Object_07390
Explosive,Object_05357
Unspecified,Object_13420
Unspecified,Object_04611
Oxidizing,Object_11911
Food,Object_13674
Toxic,Object_07900
Toxic,Object_08056
Radioactive,Object_10382
Oxidizing,Object_05845
Unspecified,Object_13189
Flammable,Object_14630
Toxic,Object_10933
Explosive,Object_00126
Food,Object_05971
Oxidizing,Object_07010
Fragile,Object_01422
Pressurized,Object_01811
Explosive,Object_13292
Food,Object_11604
Corrosive,Object_04515
Oxidizing,Object_00006
Unspecified,Object_08499
Food,Object_05737
Radioactive,Object_09536
Toxic,Object_03071
Corrosive,Object_12094
Explosive,Object_13605
Corrosive,Object_05835
Corrosive,Object_06820
Toxic,Object_10224
Explosive,Object_06590
Fragile,Object_13643
Radioactive,Object_09395
Fragile,Object_05291
Food,Object_08423
Food,Object_08449
Unspecified,Object_07022
Explosive,Object_11572
Explosive,Object_09680
Pressurized,Object_14293
Fragile,Object_00570
Food,Object_05863
Corrosive,Object_01848
Toxic,Object_06399
Oxidizing,Object_03814
Fragile,Object_10036
Radioactive,Object_06695
Unspecified,Object_02183
Corrosive,Object_05223
Food,Object_08180
Pressurized,Object_05404
Radioactive,Object_08154
Radioactive,Object_04096
Food,Object_12565
Explosive,Object_13247
Unspecified,Object_04967
Flammable,Object_03813
Unspecified,Object_05194
Oxidizing,Object_08534
Food,Object_12319
Corrosive,Object_11731
Flammable,Object_00953
Unspecified,Object_09721
Food,Object_10285
Oxidizing,Object_13970
Flammable,Object_00419
Corrosive,Object_10258
Flammable,Object_08969
Toxic,Object_05338
Fragile,Object_08124
Radioactive,Object_06808
Food,Object_14306
Pressurized,Object_12802
Pressurized,Object_13461
Pressurized,Object_08315
Food,Object_03623
Fragile,Object_04496
Unspecified,Object_01717
Fragile,Object_11782
Unspecified,Object_06919
Flammable,Object_14120
Fragile,Object_02787
Radioactive,Object_12718
Corrosive,Object_00806
Oxidizing,Object_00210
Food,Object_06803
Food,Object_12432
Pressurized,Object_09435
Flammable,Object_08434
Toxic,Object_09989
Corrosive,Object_13906
Pressurized,Object_11532
Radioactive,Object_09519
Explosive,Object_12899
Corrosive,Object_05450
Pressurized,Object_07485
Pressurized,Object_09164
Corrosive,Object_08248
Unspecified,Object_09774
Toxic,Object_05112
Flammable,Object_09107
Flammable,Object_14163
Radioactive,Object_01907
Unspecified,Object_06867
Flammable,Object_09341
Explosive,Object_08247
Corrosive,Object_10216
Toxic,Object_13612
Oxidizing,Object_06339
Explosive,Object_01025
Food,Object_00007
Oxidizing,Object_01384
Pressurized,Object_05604
Radioactive,Object_01092
Fragile,Object_13127
Food,Object_10822
Oxidizing,Object_07554
Pressurized,Object_13609
Unspecified,Object_00302
Corrosive,Object_03789
Toxic,Object_04173
Food,Object_13193
Pressurized,Object_12960
Explosive,Object_13663
Pressurized,Object_08444
Unspecified,Object_12271
Explosive,Object_13920
Pressurized,Object_11797
Flammable,Object_03383
Corrosive,Object_14539
Unspecified,Object_10511
Corrosive,Object_05753
Fragile,Object_06681
Pressurized,Object_10808
Explosive,Object_09253
Explosive,Object_13226
Fragile,Object_07986
Corrosive,Object_14384
Fragile,Object_13088
Flammable,Object_07612
Oxidizing,Object_09232
Explosive,Object_13479
Corrosive,Object_05249
Explosive,Object_01910
Radioactive,Object_11111
Food,Object_01625
Radioactive,Object_12444
Unspecified,Object_03317
Explosive,Object_02583
Oxidizing,Object_04338
Unspecified,Object_13040
Food,Object_00647
Corrosive,Object_07915
Flammable,Object_13397
Flammable,Object_07702
Corrosive,Object_01396
Toxic,Object_01274
Corrosive,Object_13449
Explosive,Object_07839
Explosive,Object_06331
Food,Object_11000
Explosive,Object_07623
Pressurized,Object_00821
Explosive,Object_04287
Oxidizing,Object_03352
Radioactive,Object_06395
Oxidizing,Object_05090
Food,Object_13156
Explosive,Object_07770
Toxic,Object_02512
Flammable,Object_06623
Fragile,Object_07172
Flammable,Object_06872
Corrosive,Object_13912
Food,Object_12394
Corrosive,Object_08619
Corrosive,Object_12425
Pressurized,Object_11818
Flammable,Object_00748
Flammable,Object_04145
Oxidizing,Object_11107
Food,Object_02096
Fragile,Object_04033
Food,Object_02942
Fragile,Object_01946
Flammable,Object_09000
Food,Object_10343
Food,Object_00797
Food,Object_09478
Explosive,Object_10467
Fragile,Object_12046
Flammable,Object_03687
Oxidizing,Object_10459
Corrosive,Object_04535
Radioactive,Object_12378
Pressurized,Object_07768
Toxic,Object_11071
Fragile,Object_11387
Radioactive,Object_06840
Radioactive,Object_05455
Unspecified,Object_03208
Flammable,Object_10319
Pressurized,Object_02360
Radioactive,Object_11939
Radioactive,Object_03875
Fragile,Object_00831
Explosive,Object_03298
Food,Object_09561
Explosive,Object_06282
Food,Object_13935
Oxidizing,Object_10781
Toxic,Object_02875
Fragile,Object_09465
Unspecified,Object_11880
Radioactive,Object_09915
Unspecified,Object_00009
Flammable,Object_05342
Corrosive,Object_12643
Fragile,Object_00347
Food,Object_13622
Toxic,Object_09171
Radioactive,Object_10075
Food,Object_00780
Explosive,Object_04370
Flammable,Object_00427
Corrosive,Object_02510
Radioactive,Object_03445
Food,Object_08880
Oxidizing,Object_12344
Oxidizing,Object_09355
Corrosive,Object_05661
Corrosive,Object_09139
Corrosive,Object_06996
Toxic,Object_11499
Food,Object_08870
Corrosive,Object_04784
Oxidizing,Object_04637
Toxic,Object_02159
Fragile,Object_13113
Pressurized,Object_08076
Flammable,Object_11400
Unspecified,Object_09412
Radioactive,Object_04121
Flammable,Object_14635
Oxidizing,Object_03356
Pressurized,Object_13717
Unspecified,Object_03014
Food,Object_09437
Radioactive,Object_09761
Fragile,Object_05819
Explosive,Object_06388
Radioactive,Object_14231
Unspecified,Object_11579
Unspecified,Object_13582
Flammable,Object_04196
Radioactive,Object_05185
Radioactive,Object_04372
Food,Object_10592
Pressurized,Object_07827
Corrosive,Object_07588
Fragile,Object_10644
Pressurized,Object_14028
Unspecified,Object_05544
Fragile,Object_05846
Radioactive,Object_12660
Radioactive,Object_08733
Unspecified,Object_09727
Oxidizing,Object_05826
Food,Object_09483
Explosive,Object_07262
Corrosive,Object_03859
Radioactive,Object_13281
Unspecified,Object_03580
Corrosive,Object_02466
Radioactive,Object_10476
Radioactive,Object_01346
Explosive,Object_11463
Oxidizing,Object_13436
Unspecified,Object_05405
Fragile,Object_00232
Corrosive,Object_09565
Unspecified,Object_03295
Explosive,Object_12337
Corrosive,Object_08242
Radioactive,Object_14504
Unspecified,Object_06036
Flammable,Object_10228
Fragile,Object_01804
Oxidizing,Object_10574
Radioactive,Object_08379
Flammable,Object_05460
Food,Object_07719
Pressurized,Object_00677
Explosive,Object_04779
Toxic,Object_13053
Radioactive,Object_01425
Fragile,Object_00164
Oxidizing,Object_08357
Oxidizing,Object_03685
Fragile,Object_07350
Corrosive,Object_06114
Pressurized,Object_05878
Explosive,Object_13597
Corrosive,Object_08004
Oxidizing,Object_04980
Unspecified,Object_11078
Radioactive,Object_04390
Oxidizing,Object_00415
Flammable,Object_13334
Pressurized,Object_12683
Fragile,Object_14020
Fragile,Object_04715
Radioactive,Object_08830
Food,Object_12371
Unspecified,Object_06288
Flammable,Object_01833
Food,Object_11831
Radioactive,Object_14250
Flammable,Object_07176
Unspecified,Object_10162
Toxic,Object_11868
Toxic,Object_09005
Toxic,Object_11348
Flammable,Object_02494
Pressurized,Object_05054
Oxidizing,Object_13081
Oxidizing,Object_07352
Flammable,Object_05118
Oxidizing,Object_11665
Flammable,Object_01560
Unspecified,Object_07232
Fragile,Object_03328
Explosive,Object_03606
Toxic,Object_02351
Pressurized,Object_01198
Corrosive,Object_03136
Radioactive,Object_00453
Oxidizing,Object_09186
Food,Object_10501
Food,Object_09438
Flammable,Object_13138
Fragile,Object_08630
Pressurized,Object_00342
Oxidizing,Object_08167
Pressurized,Object_03237
Unspecified,Object_06475
Radioactive,Object_12891
Oxidizing,Object_07133
Toxic,Object_07012
Fragile,Object_10996
Flammable,Object_13310
Toxic,Object_10407
Food,Object_06077
Food,Object_02996
Pressurized,Object_09231
Food,Object_02559
Radioactive,Object_03795
Toxic,Object_07501
Radioactive,Object_00525
Explosive,Object_10481
Flammable,Object_13699
Oxidizing,Object_09590
Toxic,Object_08448
Corrosive,Object_05781
Pressurized,Object_10400
Food,Object_02967
Flammable,Object_12496
Food,Object_07159
Toxic,Object_04635
Unspecified,Object_14049
Food,Object_02635
Oxidizing,Object_03850
Oxidizing,Object_04698
Toxic,Object_04766
Oxidizing,Object_12483
Explosive,Object_02401
Pressurized,Object_03273
Flammable,Object_09404
Corrosive,Object_10861
Corrosive,Object_00769
Fragile,Object_10475
Explosive,Object_03505
Food,Object_03201
Corrosive,Object_08773
Oxidizing,Object_03007
Corrosive,Object_09183
Explosive,Object_03496
Pressurized,Object_08654
Unspecified,Object_03462
Toxic,Object_11852
Corrosive,Object_01490
Oxidizing,Object_10735
Oxidizing,Object_06231
Unspecified,Object_06236
Flammable,Object_10440
Oxidizing,Object_04625
Pressurized,Object_09538
Toxic,Object_09619
Explosive,Object_01721
Explosive,Object_12781
Pressurized,Object_11748
Fragile,Object_01048
Explosive,Object_10458
Food,Object_12031
Fragile,Object_04783
Unspecified,Object_04026
Toxic,Object_11840
Oxidizing,Object_04099
Food,Object_10515
Unspecified,Object_03414
Oxidizing,Object_05047
Explosive,Object_02149
Fragile,Object_07893
Oxidizing,Object_12185
Unspecified,Object_07558
Pressurized,Object_08283
Unspecified,Object_09548
Oxidizing,Object_04150
Unspecified,Object_09814
Radioactive,Object_05748
Food,Object_01226
Pressurized,Object_00907
Flammable,Object_02410
Fragile,Object_12779
Fragile,Object_14116
Flammable,Object_03226
Toxic,Object_11191
Unspecified,Object_00293
Oxidizing,Object_00970
Fragile,Object_02760
Fragile,Object_08674
Unspecified,Object_02754
Food,Object_08260
Oxidizing,Object_08295
Toxic,Object_08558
Pressurized,Object_02026
Fragile,Object_03451
Fragile,Object_10734
Fragile,Object_01753
Flammable,Object_11272
Corrosive,Object_08028
Toxic,Object_01210
Flammable,Object_04280
Corrosive,Object_09972
Unspecified,Object_05513
Oxidizing,Object_13700
Oxidizing,Object_01272
Fragile,Object_08620
Oxidizing,Object_12058
Pressurized,Object_02903
Unspecified,Object_11646
Corrosive,Object_11655
Fragile,Object_11568
Pressurized,Object_12340
Explosive,Object_07798
Flammable,Object_01098
Pressurized,Object_08464
Fragile,Object_05635
Fragile,Object_01590
Food,Object_09685
Toxic,Object_07354
Corrosive,Object_09124
Radioactive,Object_07663
Pressurized,Object_02721
Food,Object_02734
Explosive,Object_02801
Flammable,Object_06404
Corrosive,Object_04896
Corrosive,Object_12527
Oxidizing,Object_03291
Pressurized,Object_06917
Fragile,Object_01409
Explosive,Object_13445
Explosive,Object_13542
Pressurized,Object_10988
Corrosive,Object_12107
Unspecified,Object_12250
Food,Object_01571
Oxidizing,Object_05998
Pressurized,Object_12587
Oxidizing,Object_10930
Explosive,Object_06939
Unspecified,Object_04437
Explosive,Object_09098
Flammable,Object_14275
Oxidizing,Object_13059
Toxic,Object_08732
Radioactive,Object_03978
Food,Object_10373
Radioactive,Object_06304
Toxic,Object_02681
Unspecified,Object_09095
Toxic,Object_09071
Oxidizing,Object_05375
Explosive,Object_00697
Explosive,Object_03665
Pressurized,Object_14575
Corrosive,Object_01738
Explosive,Object_10089
Food,Object_06224
Explosive,Object_02070
Food,Object_11768
Toxic,Object_03062
Radioactive,Object_01071
Food,Object_13149
Oxidizing,Object_06387
Fragile,Object_03423
Oxidizing,Object_08372
Pressurized,Object_06587
Radioactive,Object_00897
Oxidizing,Object_01176
Unspecified,Object_07372
Flammable,Object_06934
Radioactive,Object_14032
Radioactive,Object_09373
Fragile,Object_07223
Corrosive,Object_12757
Toxic,Object_13147
Toxic,Object_13939
Radioactive,Object_07139
Toxic,Object_12830
Unspecified,Object_11051
Toxic,Object_07121
Toxic,Object_05130
Toxic,Object_10616
Oxidizing,Object_06229
Pressurized,Object_13202
Corrosive,Object_09258
Corrosive,Object_13197
Toxic,Object_04153
Corrosive,Object_06827
Flammable,Object_03209
Explosive,Object_09458
Explosive,Object_05355
Oxidizing,Object_14046
Food,Object_10194
Explosive,Object_13456
Radioactive,Object_06574
Radioactive,Object_04767
Pressurized,Object_09719
Oxidizing,Object_04953
Corrosive,Object_09237
Flammable,Object_13900
Food,Object_10353
Explosive,Object_08881
Food,Object_13529
Corrosive,Object_13728
Corrosive,Object_01252
Toxic,Object_05885
Food,Object_11582
Corrosive,Object_12977
Pressurized,Object_11273
Explosive,Object_11349
Unspecified,Object_09611
Flammable,Object_06480
Oxidizing,Object_01489
Fragile,Object_01112
Unspecified,Object_13715
Flammable,Object_09742
Explosive,Object_10800
Corrosive,Object_04850
Unspecified,Object_01544
Flammable,Object_00131
Corrosive,Object_04604
Explosive,Object_08551
Fragile,Object_03288
Corrosive,Object_04195
Flammable,Object_11636
Explosive,Object_02864
Oxidizing,Object_00903
Unspecified,Object_07349
Flammable,Object_04586
Radioactive,Object_06163
Food,Object_07934
Oxidizing,Object_11216
Oxidizing,Object_13572
Unspecified,Object_13458
Unspecified,Object_00551
Flammable,Object_08006
Flammable,Object_14362
Fragile,Object_00558
Unspecified,Object_10206
Explosive,Object_07914
Radioactive,Object_12166
Radioactive,Object_04256
Explosive,Object_04602
Oxidizing,Object_02679
Flammable,Object_02628
Radioactive,Object_13712
Radioactive,Object_02474
Unspecified,Object_06198
Radioactive,Object_05441
Fragile,Object_09093
Radioactive,Object_09210
Unspecified,Object_08897
Pressurized,Object_05640
Toxic,Object_08627
Explosive,Object_07468
Flammable,Object_09495
Fragile,Object_10127
Fragile,Object_04946
Pressurized,Object_08249
Fragile,Object_11623
Fragile,Object_06690
Unspecified,Object_13440
Unspecified,Object_13141
Flammable,Object_03364
Corrosive,Object_10473
Flammable,Object_10096
Radioactive,Object_14304
Radioactive,Object_12001
Radioactive,Object_13385
Flammable,Object_11145
Radioactive,Object_08175
Radioactive,Object_05818
Oxidizing,Object_12854
Food,Object_01133
Fragile,Object_03730
Explosive,Object_13379
Flammable,Object_08289
Toxic,Object_01978
Fragile,Object_09324
Food,Object_13406
Toxic,Object_08057
Food,Object_04325
Explosive,Object_06009
Corrosive,Object_06776
Food,Object_13076
Explosive,Object_03425
Explosive,Object_14170
Toxic,Object_06783
Explosive,Object_01156
Food,Object_10356
Oxidizing,Object_05154
Flammable,Object_04434
Fragile,Object_06214
Food,Object_06476
Toxic,Object_14408
Corrosive,Object_03011
Radioactive,Object_04175
Flammable,Object_00191
Unspecified,Object_09763
Food,Object_14365
Toxic,Object_07658
Toxic,Object_08598
Toxic,Object_05759
Toxic,Object_13168
Fragile,Object_10281
Fragile,Object_00934
Unspecified,Object_01596
Radioactive,Object_13284
Fragile,Object_13321
Unspecified,Object_10352
Radioactive,Object_04726
Toxic,Object_07826
Oxidizing,Object_06657
Oxidizing,Object_05511
Fragile,Object_01858
Corrosive,Object_11322
Explosive,Object_02048
Corrosive,Object_13205
Toxic,Object_00954
Flammable,Object_02881
Radioactive,Object_10906
Unspecified,Object_03166
Explosive,Object_07207
Explosive,Object_13575
Corrosive,Object_06260
Food,Object_12963
Pressurized,Object_01019
Explosive,Object_05263
Fragile,Object_02446
Corrosive,Object_00209
Food,Object_10243
Fragile,Object_12472
Explosive,Object_04091
Oxidizing,Object_05830
Explosive,Object_01980
Explosive,Object_06503
Explosive,Object_13006
Pressurized,Object_06861
Oxidizing,Object_10282
Pressurized,Object_02772
Flammable,Object_09477
Flammable,Object_07438
Food,Object_03528
Toxic,Object_06242
Explosive,Object_01505
Oxidizing,Object_05360
Flammable,Object_01079
Toxic,Object_10770
Pressurized,Object_04938
Explosive,Object_05448
Flammable,Object_13913
Corrosive,Object_00490
Corrosive,Object_03308
Fragile,Object_02061
Toxic,Object_10668
Flammable,Object_13084
Pressurized,Object_12207
Toxic,Object_06430
Flammable,Object_13730
Explosive,Object_00632
Radioactive,Object_01410
Corrosive,Object_10987
Radioactive,Object_09091
Toxic,Object_02523
Food,Object_08511
Radioactive,Object_00376
Unspecified,Object_06883
Corrosive,Object_06562
Pressurized,Object_01990
Toxic,Object_08138
Pressurized,Object_06342
Unspecified,Object_09977
Unspecified,Object_06256
Unspecified,Object_01243
Fragile,Object_13749
Pressurized,Object_13584
Food,Object_10695
Flammable,Object_04985
Food,Object_03793
Corrosive,Object_06924
Pressurized,Object_10180
Fragile,Object_09379
Pressurized,Object_02105
Flammable,Object_00547
Toxic,Object_03827
Food,Object_12796
Pressurized,Object_05102
Explosive,Object_02166
Pressurized,Object_12601
Fragile,Object_08298
Corrosive,Object_06764
Pressurized,Object_01097
Corrosive,Object_06190
Fragile,Object_04067
Food,Object_03466
Unspecified,Object_11901
Corrosive,Object_07401
Pressurized,Object_13848
Toxic,Object_08738
Explosive,Object_06629
Food,Object_13446
Oxidizing,Object_05319
Corrosive,Object_13512
Toxic,Object_06344
Flammable,Object_11338
Food,Object_13046
Explosive,Object_09658
Corrosive,Object_00370
Explosive,Object_07984
Fragile,Object_10581
Toxic,Object_13626
Flammable,Object_01888
Toxic,Object_08045
Radioactive,Object_08384
Explosive,Object_01650
Food,Object_03463
Explosive,Object_10850
Unspecified,Object_04760
Oxidizing,Object_11017
Food,Object_12813
Corrosive,Object_07098
Radioactive,Object_10957
Flammable,Object_07710
Explosive,Object_11440
Pressurized,Object_06216
Explosive,Object_14518
Corrosive,Object_05776
Corrosive,Object_01365
Food,Object_03159
Explosive,Object_11743
Corrosive,Object_10720
Toxic,Object_00207
Corrosive,Object_09555
Toxic,Object_04104
Explosive,Object_14247
Flammable,Object_05344
Flammable,Object_02262
Flammable,Object_00450
Fragile,Object_05797
Oxidizing,Object_06965
Food,Object_02509
Fragile,Object_02467
Flammable,Object_03945
Unspecified,Object_01321
Fragile,Object_11679
Fragile,Object_08590
Unspecified,Object_14586
Radioactive,Object_14471
Unspecified,Object_06524
Food,Object_03154
Explosive,Object_05180
Explosive,Object_09390
Food,Object_12468
Oxidizing,Object_13800
Toxic,Object_03040
Fragile,Object_10625
Oxidizing,Object_06906
Food,Object_11723
Fragile,Object_06967
Radioactive,Object_03557
Radioactive,Object_09723
Radioactive,Object_14328
Fragile,Object_09752
Corrosive,Object_06122
Pressurized,Object_06084
Fragile,Object_09715
Explosive,Object_05563
Food,Object_06031
Explosive,Object_12994
Corrosive,Object_02975
Explosive,Object_11054
Flammable,Object_10316
Toxic,Object_10760
Toxic,Object_02129
Fragile,Object_12625
Food,Object_09035
Oxidizing,Object_14633
Explosive,Object_10386
Corrosive,Object_13478
Flammable,Object_11164
Explosive,Object_05213
Radioactive,Object_09151
Flammable,Object_00107
Pressurized,Object_05218
Radioactive,Object_10259
Corrosive,Object_00345
Oxidizing,Object_12724
Explosive,Object_11158
Fragile,Object_13880
Flammable,Object_10958
Radioactive,Object_14585
Flammable,Object_10858
Corrosive,Object_11489
Explosive,Object_05707
Fragile,Object_08680
Flammable,Object_12134
Pressurized,Object_06595
Radioactive,Object_03389
Pressurized,Object_08849
Explosive,Object_06714
Flammable,Object_09349
Explosive,Object_11196
Oxidizing,Object_04350
Toxic,Object_12376
Fragile,Object_04617
Toxic,Object_08187
Explosive,Object_04268
Food,Object_08543
Unspecified,Object_04248
Corrosive,Object_08072
Food,Object_03822
Fragile,Object_10175
Pressurized,Object_13727
Radioactive,Object_13879
Pressurized,Object_05229
Toxic,Object_11032
Pressurized,Object_13783
Radioactive,Object_14314
Unspecified,Object_09945
Radioactive,Object_01043
Corrosive,Object_05208
Food,Object_12424
Flammable,Object_08438
Pressurized,Object_12356
Food,Object_08723
Oxidizing,Object_07562
Toxic,Object_10917
Flammable,Object_04921
Oxidizing,Object_00681
Unspecified,Object_05469
Unspecified,Object_11016
Toxic,Object_03908
Unspecified,Object_13506
Food,Object_06021
Oxidizing,Object_11287
Food,Object_06271
Corrosive,Object_03236
Pressurized,Object_07847
Flammable,Object_13962
Explosive,Object_06886
Pressurized,Object_13296
Corrosive,Object_06351
Flammable,Object_02132
Food,Object_09992
Oxidizing,Object_02666
Fragile,Object_10068
Radioactive,Object_13423
Food,Object_08802
Fragile,Object_00997
Toxic,Object_07264
Flammable,Object_03189
Food,Object_05418
Fragile,Object_05855
Explosive,Object_01042
Flammable,Object_01808
Food,Object_05585
Corrosive,Object_04450
Explosive,Object_00399
Toxic,Object_08648
Unspecified,Object_07738
Toxic,Object_02552
Radioactive,Object_03747
Pressurized,Object_04852
Oxidizing,Object_13859
Pressurized,Object_00753
Flammable,Object_00355
Explosive,Object_10696
Corrosive,Object_00394
Pressurized,Object_02226
Explosive,Object_07582
Food,Object_08117
Oxidizing,Object_06903
Toxic,Object_00937
Radioactive,Object_10041
Unspecified,Object_05696
Corrosive,Object_04202
Explosive,Object_07850
Flammable,Object_11971
Toxic,Object_11891
Radioactive,Object_09648
Explosive,Object_02319
Toxic,Object_05926
Pressurized,Object_05828
Radioactive,Object_07782
Explosive,Object_12866
Explosive,Object_07459
Toxic,Object_01664
Unspecified,Object_10708
Flammable,Object_13632
Fragile,Object_08252
Fragile,Object_00996
Radioactive,Object_03233
Explosive,Object_13208
Explosive,Object_05490
Corrosive,Object_10011
Toxic,Object_04825
Pressurized,Object_08356
Radioactive,Object_05994
Pressurized,Object_11137
Food,Object_14411
Radioactive,Object_05503
Oxidizing,Object_12716
Pressurized,Object_12917
Corrosive,Object_04345
Pressurized,Object_08581
Fragile,Object_02518
Explosive,Object_05570
Fragile,Object_11136
Corrosive,Object_08437
Oxidizing,Object_05264
Unspecified,Object_12517
Flammable,Object_09621
Fragile,Object_04371
Fragile,Object_10073
Explosive,Object_06679
Food,Object_01218
Oxidizing,Object_02938
Corrosive,Object_01476
Toxic,Object_00118
Unspecified,Object_13716
Toxic,Object_05977
Fragile,Object_12400
Radioactive,Object_12626
Toxic,Object_01677
Flammable,Object_12559
Food,Object_11806
Food,Object_05645
Toxic,Object_03094
Toxic,Object_01844
Food,Object_09783
Flammable,Object_06249
Food,Object_06477
Flammable,Object_01434
Toxic,Object_10202
Fragile,Object_01782
Toxic,Object_14466
Fragile,Object_07461
Pressurized,Object_00555
Toxic,Object_10751
Food,Object_12469
Oxidizing,Object_09826
Oxidizing,Object_00650
Explosive,Object_02113
Explosive,Object_05677
Toxic,Object_10539
Pressurized,Object_04105
Fragile,Object_02554
Fragile,Object_05923
Oxidizing,Object_13495
Fragile,Object_13380
Food,Object_01354
Radioactive,Object_06580
Oxidizing,Object_05056
Oxidizing,Object_07080
Corrosive,Object_01856
Radioactive,Object_03741
Oxidizing,Object_10870
Food,Object_00609
Flammable,Object_06305
Toxic,Object_06569
Explosive,Object_05526
Food,Object_03643
Corrosive,Object_12015
Corrosive,Object_01138
Radioactive,Object_07237
Unspecified,Object_02420
Fragile,Object_13581
Fragile,Object_13895
Flammable,Object_12835
Fragile,Object_06950
Oxidizing,Object_10703
Flammable,Object_11730
Food,Object_02083
Oxidizing,Object_10803
Radioactive,Object_01157
Fragile,Object_09657
Explosive,Object_02574
Flammable,Object_09502
Toxic,Object_10043
Food,Object_01207
Food,Object_02034
Toxic,Object_08182
Food,Object_00956
Flammable,Object_05914
Oxidizing,Object_00469
Explosive,Object_08997
Radioactive,Object_06053
Flammable,Object_09660
Oxidizing,Object_10417
Radioactive,Object_11220
Radioactive,Object_01324
Flammable,Object_05058
Flammable,Object_02152
Toxic,Object_03802
Flammable,Object_06327
Unspecified,Object_10908
Food,Object_13688
Pressurized,Object_01881
Unspecified,Object_06489
Fragile,Object_13549
Oxidizing,Object_12004
Food,Object_01442
Flammable,Object_09760
Unspecified,Object_13211
Unspecified,Object_02182
Radioactive,Object_01480
Radioactive,Object_11554
Pressurized,Object_00637
Pressurized,Object_01239
Flammable,Object_01886
Food,Object_05489
Oxidizing,Object_02374
Corrosive,Object_07131
Pressurized,Object_02572
Oxidizing,Object_08015
Radioactive,Object_09722
Food,Object_12925
Flammable,Object_02688
Fragile,Object_08206
Unspecified,Object_03980
Toxic,Object_10189
Explosive,Object_03173
Toxic,Object_04385
Corrosive,Object_11630
Corrosive,Object_01535
Flammable,Object_12519
Flammable,Object_03272
Food,Object_11170
Pressurized,Object_00166
Explosive,Object_11140
Radioactive,Object_10163
Food,Object_10568
Food,Object_07802
Corrosive,Object_11613
Toxic,Object_06787
Fragile,Object_09540
Radioactive,Object_12025
Corrosive,Object_10374
Toxic,Object_14397
Corrosive,Object_11427
Pressurized,Object_08877
Flammable,Object_12971
Oxidizing,Object_11920
Flammable,Object_12504
Fragile,Object_08574
Explosive,Object_04077
Explosive,Object_02747
Pressurized,Object_00161
Oxidizing,Object_09472
Fragile,Object_08213
Oxidizing,Object_02126
Food,Object_03262
Food,Object_11183
Flammable,Object_04796
Radioactive,Object_06974
Fragile,Object_04941
Corrosive,Object_07823
Radioactive,Object_05632
Explosive,Object_09044
Food,Object_05346
Food,Object_01967
Food,Object_01122
Explosive,Object_05771
Pressurized,Object_10433
Radioactive,Object_05755
Toxic,Object_02560
Corrosive,Object_00528
Explosive,Object_10523
Corrosive,Object_10342
Toxic,Object_07599
Fragile,Object_14051
Food,Object_11031
Fragile,Object_04510
Oxidizing,Object_00273
Fragile,Object_04724
Fragile,Object_01251
Toxic,Object_05973
Oxidizing,Object_08223
Toxic,Object_02493
Fragile,Object_03135
Radioactive,Object_04227
Oxidizing,Object_13173
Flammable,Object_02010
Fragile,Object_03185
Unspecified,Object_14429
Radioactive,Object_08623
Food,Object_14583
Corrosive,Object_01622
Fragile,Object_13482
Unspecified,Object_02473
Toxic,Object_01696
Unspecified,Object_03210
Explosive,Object_03647
Explosive,Object_06847
Radioactive,Object_14291
Fragile,Object_11108
Radioactive,Object_00356
Fragile,Object_03874
Corrosive,Object_14164
Oxidizing,Object_14145
Corrosive,Object_14254
Pressurized,Object_07687
Unspecified,Object_08816
Oxidizing,Object_12320
Unspecified,Object_09364
Flammable,Object_00756
Explosive,Object_12851
Unspecified,Object_14393
Corrosive,Object_00523
Pressurized,Object_07616
Unspecified,Object_03549
Toxic,Object_02207
Flammable,Object_08216
Food,Object_08938
Explosive,Object_01552
Unspecified,Object_06754
Food,Object_04557
Oxidizing,Object_14072
Toxic,Object_05462
Unspecified,Object_10483
Pressurized,Object_09895
Corrosive,Object_11504
Pressurized,Object_08244
Radioactive,Object_14629
Explosive,Object_14196
Unspecified,Object_14563
Corrosive,Object_10980
Pressurized,Object_00325
Explosive,Object_11812
Corrosive,Object_02477
Toxic,Object_01080
Toxic,Object_11926
Unspecified,Object_14527
Pressurized,Object_03921
Corrosive,Object_05798
Corrosive,Object_05049
Oxidizing,Object_00795
Fragile,Object_04615
Fragile,Object_03511
Fragile,Object_03884
Food,Object_08256
Unspecified,Object_10058
Radioactive,Object_09166
Radioactive,Object_06598
Flammable,Object_11564
Corrosive,Object_08380
Food,Object_05814
Toxic,Object_08118
Oxidizing,Object_06762
Explosive,Object_00416
Unspecified,Object_01404
Pressurized,Object_00149
Toxic,Object_00984
Radioactive,Object_14283
Toxic,Object_04407
Explosive,Object_06833
Radioactive,Object_04609
Oxidizing,Object_13669
Flammable,Object_05022
Oxidizing,Object_12106
Radioactive,Object_10153
Explosive,Object_06969
Toxic,Object_01510
Toxic,Object_00717
Explosive,Object_12466
Toxic,Object_08631
Explosive,Object_07122
Explosive,Object_11652
Toxic,Object_03092
Pressurized,Object_05473
Radioactive,Object_08930
Fragile,Object_10827
Pressurized,Object_06133
Explosive,Object_00875
Flammable,Object_05299
Radioactive,Object_03821
Radioactive,Object_07222
Corrosive,Object_00108
Pressurized,Object_14685
Oxidizing,Object_11283
Unspecified,Object_07375
Unspecified,Object_04223
Unspecified,Object_02108
Fragile,Object_14025
Food,Object_14171
Unspecified,Object_05517
Unspecified,Object_13565
Toxic,Object_03329
Flammable,Object_01449
Fragile,Object_06829
Radioactive,Object_11035
Food,Object_12379
Unspecified,Object_03824
Pressurized,Object_10965
Unspecified,Object_00636
Toxic,Object_05379
Food,Object_10632
Oxidizing,Object_11084
Unspecified,Object_01131
Unspecified,Object_13384
Food,Object_09394
Radioactive,Object_06192
Toxic,Object_07130
Toxic,Object_13192
Explosive,Object_05867
Unspecified,Object_14209
Radioactive,Object_05637
Oxidizing,Object_02637
Explosive,Object_07906
Corrosive,Object_13564
Toxic,Object_01562
Explosive,Object_12945
Corrosive,Object_08702
Explosive,Object_10997
Unspecified,Object_00919
Unspecified,Object_13145
Food,Object_03547
Toxic,Object_13119
Explosive,Object_11539
Pressurized,Object_14052
Food,Object_03024
Fragile,Object_11633
Explosive,Object_09931
Toxic,Object_07701
Unspecified,Object_13942
Fragile,Object_08369
Fragile,Object_06989
Explosive,Object_14368
Pressurized,Object_14135
Pressurized,Object_03008
Radioactive,Object_13511
Oxidizing,Object_07477
Corrosive,Object_02160
Toxic,Object_09629
Flammable,Object_03264
Pressurized,Object_05836
Fragile,Object_07815
Unspecified,Object_04808
Fragile,Object_10879
Unspecified,Object_09687
Oxidizing,Object_07951
Oxidizing,Object_04519
Food,Object_02752
Toxic,Object_09470
Unspecified,Object_00496
Corrosive,Object_13082
Pressurized,Object_00386
Corrosive,Object_08389
Fragile,Object_06410
Corrosive,Object_10512
Flammable,Object_04521
Flammable,Object_04957
Pressurized,Object_12762
Fragile,Object_06180
Explosive,Object_03369
Radioactive,Object_04032
Unspecified,Object_01328
Explosive,Object_05243
Radioactive,Object_05583
Unspecified,Object_02270
Radioactive,Object_02575
Toxic,Object_13303
Toxic,Object_10338
Fragile,Object_09208
Radioactive,Object_04792
Food,Object_01962
Corrosive,Object_08690
Explosive,Object_02952
Toxic,Object_04931
Pressurized,Object_06944
Radioactive,Object_00716
Oxidizing,Object_13831
Unspecified,Object_03238
Explosive,Object_12777
Toxic,Object_02513
Food,Object_10191
Oxidizing,Object_08245
Flammable,Object_01834
Fragile,Object_11205
Oxidizing,Object_01304
Radioactive,Object_14287
Oxidizing,Object_02442
Food,Object_03152
Food,Object_03772
Toxic,Object_13680
Corrosive,Object_01494
Pressurized,Object_03180
Radioactive,Object_07968
Food,Object_06054
Unspecified,Object_00578
Explosive,Object_06868
Food,Object_12677
Corrosive,Object_07458
Fragile,Object_03304
Oxidizing,Object_02355
Food,Object_11165
Oxidizing,Object_00260
Radioactive,Object_04721
Fragile,Object_09734
Unspecified,Object_07792
Pressurized,Object_10388
Toxic,Object_11277
Food,Object_02205
Oxidizing,Object_09339
Fragile,Object_08267
Fragile,Object_13383
Fragile,Object_12665
Flammable,Object_12650
Explosive,Object_03504
Oxidizing,Object_10004
Food,Object_09705
Flammable,Object_01893
Explosive,Object_10832
Pressurized,Object_03855
Radioactive,Object_02507
Explosive,Object_11977
Unspecified,Object_12754
Radioactive,Object_11801
Radioactive,Object_03713
Radioactive,Object_00136
Toxic,Object_00538
Radioactive,Object_05017
Radioactive,Object_08318
Fragile,Object_09642
Toxic,Object_13140
Flammable,Object_06990
Corrosive,Object_03946
Unspecified,Object_04799
Fragile,Object_01457
Radioactive,Object_11804
Toxic,Object_02940
Food,Object_06811
Toxic,Object_04620
Pressurized,Object_07962
Flammable,Object_07355
Fragile,Object_08701
Food,Object_04472
Oxidizing,Object_14452
Oxidizing,Object_06347
Toxic,Object_00740
Corrosive,Object_12611
Corrosive,Object_01397
Corrosive,Object_06956
Pressurized,Object_01854
Oxidizing,Object_07312
Corrosive,Object_02542
Flammable,Object_12487
Pressurized,Object_08407
Oxidizing,Object_12452
Unspecified,Object_08687
Oxidizing,Object_08145
Fragile,Object_00175
Unspecified,Object_07778
Toxic,Object_09153
Unspecified,Object_01163
Toxic,Object_12816
Radioactive,Object_08542
Oxidizing,Object_04125
Unspecified,Object_04568
Radioactive,Object_01678
Toxic,Object_01942
Oxidizing,Object_10159
Fragile,Object_00283
Flammable,Object_07448
Unspecified,Object_03886
Radioactive,Object_08964
Flammable,Object_02640
Corrosive,Object_10101
Explosive,Object_10599
Unspecified,Object_03953
Unspecified,Object_12307
Explosive,Object_04977
Explosive,Object_05550
Food,Object_07049
Pressurized,Object_06061
Toxic,Object_04837
Corrosive,Object_11519
Radioactive,Object_13030
Radioactive,Object_10688
Flammable,Object_01492
Flammable,Object_04255
Fragile,Object_07804
Explosive,Object_13646
Toxic,Object_14181
Food,Object_12120
Food,Object_05568
Fragile,Object_02624
Flammable,Object_04536
Food,Object_12007
Fragile,Object_13079
Unspecified,Object_12475
Flammable,Object_13759
Food,Object_13707
Unspecified,Object_08934
Explosive,Object_03637
Toxic,Object_12492
Fragile,Object_11101
Unspecified,Object_03872
Food,Object_02124
Flammable,Object_05813
Fragile,Object_14460
Food,Object_03934
Oxidizing,Object_01636
Explosive,Object_07288
Food,Object_11546
Radioactive,Object_03070
Explosive,Object_05386
Oxidizing,Object_07486
Oxidizing,Object_03977
Food,Object_06875
Flammable,Object_14372
Flammable,Object_09264
Pressurized,Object_10959
Food,Object_10377
Toxic,Object_04599
Food,Object_14465
Radioactive,Object_00726
Fragile,Object_03483
Unspecified,Object_12920
Food,Object_02459
Explosive,Object_01691
Food,Object_05588
Unspecified,Object_08594
Corrosive,Object_00436
Food,Object_10255
Food,Object_09257
Unspecified,Object_04103
Oxidizing,Object_13737
Unspecified,Object_03327
Pressurized,Object_14201
Flammable,Object_07226
Toxic,Object_03181
Corrosive,Object_13670
Radioactive,Object_01612
Pressurized,Object_09867
Radioactive,Object_01745
Pressurized,Object_11340
Unspecified,Object_09802
Unspecified,Object_03037
Unspecified,Object_03838
Flammable,Object_05454
Flammable,Object_02585
Explosive,Object_08239
Flammable,Object_12338
Pressurized,Object_08103
Toxic,Object_04481
Pressurized,Object_09397
Corrosive,Object_01508
Unspecified,Object_03744
Oxidizing,Object_03545
Toxic,Object_01294
Oxidizing,Object_13233
Oxidizing,Object_14187
Radioactive,Object_07732
Explosive,Object_07540
Toxic,Object_01873
Toxic,Object_14628
Toxic,Object_10528
Unspecified,Object_03594
Unspecified,Object_12819
Radioactive,Object_10699
Pressurized,Object_08335
Toxic,Object_10794
Oxidizing,Object_06499
Toxic,Object_00935
Fragile,Object_10022
Pressurized,Object_03542
Toxic,Object_04669
Toxic,Object_02227
Fragile,Object_06733
Unspecified,Object_09844
Radioactive,Object_02660
Oxidizing,Object_05510
Pressurized,Object_00073
Unspecified,Object_07705
Oxidizing,Object_01459
Pressurized,Object_08432
Explosive,Object_14632
Unspecified,Object_02019
Fragile,Object_03877
Fragile,Object_12121
Toxic,Object_10587
Food,Object_11844
Oxidizing,Object_03997
Oxidizing,Object_10843
Fragile,Object_00259
Radioactive,Object_04886
Corrosive,Object_08554
Pressurized,Object_10359
Food,Object_10902
Radioactive,Object_04645
Toxic,Object_10051
Oxidizing,Object_13559
Oxidizing,Object_04088
Fragile,Object_11897
Radioactive,Object_04771
Explosive,Object_01681
Flammable,Object_09784
Food,Object_05916
Radioactive,Object_07591
Oxidizing,Object_12235
Pressurized,Object_10241
Radioactive,Object_06945
Pressurized,Object_03808
Radioactive,Object_10833
Explosive,Object_08419
Fragile,Object_12258
Food,Object_01606
Food,Object_10859
Radioactive,Object_03601
Pressurized,Object_09930
Pressurized,Object_01619
Fragile,Object_04316
Fragile,Object_10181
Fragile,Object_10190
Flammable,Object_04544
Fragile,Object_05666
Explosive,Object_12284
Explosive,Object_01385
Toxic,Object_00409
Toxic,Object_10464
Corrosive,Object_13774
Toxic,Object_08398
Food,Object_11950
Radioactive,Object_13312
Oxidizing,Object_04275
Fragile,Object_06106
Toxic,Object_11686
Food,Object_04266
Flammable,Object_05839
Fragile,Object_12675
Oxidizing,Object_07135
Toxic,Object_02567
Radioactive,Object_01364
Unspecified,Object_08743
Food,Object_12561
Fragile,Object_13713
Fragile,Object_13099
Oxidizing,Object_14101
Unspecified,Object_10232
Pressurized,Object_03478
Fragile,Object_14523
Pressurized,Object_13747
Food,Object_08074
Pressurized,Object_05664
Explosive,Object_04569
Pressurized,Object_06287
Unspecified,Object_01883
Oxidizing,Object_13667
Toxic,Object_01965
Pressurized,Object_09656
Flammable,Object_01363
Fragile,Object_08271
Explosive,Object_09939
Toxic,Object_13493
Pressurized,Object_08190
Radioactive,Object_03017
Oxidizing,Object_07729
Food,Object_04140
Radioactive,Object_06494
Food,Object_06947
Explosive,Object_01637
Unspecified,Object_12273
Pressurized,Object_02073
Corrosive,Object_02075
Flammable,Object_00334
Fragile,Object_05555
Unspecified,Object_11052
Unspecified,Object_12649
Unspecified,Object_07184
Corrosive,Object_14288
Pressurized,Object_01303
Explosive,Object_07085
Explosive,Object_12038
Flammable,Object_06634
Toxic,Object_05139
Explosive,Object_07711
Oxidizing,Object_10210
Food,Object_10347
Oxidizing,Object_08729
Corrosive,Object_00058
Fragile,Object_09787
Flammable,Object_05340
Corrosive,Object_12604
Radioactive,Object_02764
Pressurized,Object_09188
Radioactive,Object_06433
Flammable,Object_05371
Food,Object_01661
Fragile,Object_01576
Explosive,Object_03232
Oxidizing,Object_08507
Pressurized,Object_03371
Oxidizing,Object_07708
Pressurized,Object_06857
Corrosive,Object_11981
Oxidizing,Object_06223
Unspecified,Object_11874
Corrosive,Object_01359
Food,Object_10251
Radioactive,Object_14241
Unspecified,Object_14334
Toxic,Object_13862
Oxidizing,Object_12129
Radioactive,Object_11660
Corrosive,Object_08471
Corrosive,Object_13251
Pressurized,Object_09378
Explosive,Object_01943
Pressurized,Object_10185
Explosive,Object_01711
Pressurized,Object_11912
Toxic,Object_00001
Oxidizing,Object_07958
Flammable,Object_09057
Unspecified,Object_07413
Unspecified,Object_03535
Toxic,Object_10147
Corrosive,Object_04344
Corrosive,Object_12914
Fragile,Object_14689
Corrosive,Object_09751
Flammable,Object_02384
Pressurized,Object_02278
Pressurized,Object_13816
Food,Object_10272
Flammable,Object_14381
Radioactive,Object_00916
Corrosive,Object_11286
Pressurized,Object_04374
Explosive,Object_09762
Explosive,Object_04913
Corrosive,Object_12449
Fragile,Object_09398
Oxidizing,Object_06637
Oxidizing,Object_11318
Oxidizing,Object_10888
Fragile,Object_01674
Fragile,Object_13023
Pressurized,Object_05685
Flammable,Object_09469
Fragile,Object_02293
Flammable,Object_03374
Radioactive,Object_02145
Radioactive,Object_06985
Flammable,Object_01318
Oxidizing,Object_13532
Radioactive,Object_08788
Flammable,Object_11626
Radioactive,Object_01603
Oxidizing,Object_14565
Fragile,Object_03704
Fragile,Object_05626
Radioactive,Object_04661
Toxic,Object_12844
Unspecified,Object_04158
Radioactive,Object_01371
Toxic,Object_00892
Fragile,Object_03524
Pressurized,Object_09980
Flammable,Object_05777
Fragile,Object_00377
Fragile,Object_07388
Explosive,Object_11654
Flammable,Object_06746
Flammable,Object_06098
Oxidizing,Object_08769
Oxidizing,Object_12091
Oxidizing,Object_05472
Oxidizing,Object_01614
Unspecified,Object_14616
Oxidizing,Object_02241
Radioactive,Object_00718
Unspecified,Object_04844
Unspecified,Object_07553
Unspecified,Object_08905
Corrosive,Object_02771
Pressurized,Object_09346
Radioactive,Object_00836
Radioactive,Object_02233
Unspecified,Object_02204
Fragile,Object_08054
Unspecified,Object_05745
Flammable,Object_12630
Fragile,Object_00051
Pressurized,Object_06577
Food,Object_03521
Food,Object_02375
Food,Object_09499
Oxidizing,Object_06374
Corrosive,Object_01786
Food,Object_14091
Food,Object_12188
Unspecified,Object_11863
Fragile,Object_05659
Fragile,Object_08895
Oxidizing,Object_06379
Flammable,Object_07923
Corrosive,Object_02302
Explosive,Object_01741
Oxidizing,Object_03085
Corrosive,Object_09063
Fragile,Object_08291
Oxidizing,Object_06431
Pressurized,Object_06428
Unspecified,Object_05193
Explosive,Object_03055
Pressurized,Object_07845
Pressurized,Object_07636
Pressurized,Object_11508
Oxidizing,Object_14617
Corrosive,Object_04461
Toxic,Object_08021
Toxic,Object_13809
Food,Object_00876
Oxidizing,Object_06708
Toxic,Object_14121
Oxidizing,Object_10031
Radioactive,Object_01037
Unspecified,Object_12433
Flammable,Object_08825
Pressurized,Object_02297
Radioactive,Object_10310
Radioactive,Object_00369
Explosive,Object_14117
Toxic,Object_00344
Corrosive,Object_06551
Explosive,Object_08279
Radioactive,Object_02690
Unspecified,Object_11829
Radioactive,Object_08760
Fragile,Object_04358
Flammable,Object_10921
Radioactive,Object_10851
Food,Object_13462
Corrosive,Object_06250
Food,Object_13133
Unspecified,Object_11716
Pressurized,Object_10682
Fragile,Object_04781
Flammable,Object_10385
Flammable,Object_10468
Pressurized,Object_08262
Explosive,Object_10740
Flammable,Object_03641
Pressurized,Object_06699
Toxic,Object_05167
Pressurized,Object_07737
Toxic,Object_12131
Radioactive,Object_08329
Radioactive,Object_03676
Unspecified,Object_06975
Fragile,Object_06017
Fragile,Object_07420
Fragile,Object_04020
Toxic,Object_11230
Toxic,Object_08415
Radioactive,Object_09031
Explosive,Object_01550
Oxidizing,Object_03826
Radioactive,Object_00541
Fragile,Object_07734
Unspecified,Object_01748
Food,Object_14573
Explosive,Object_12585
Oxidizing,Object_07488
Food,Object_12494
Food,Object_03353
Fragile,Object_10014
Flammable,Object_03658
Corrosive,Object_11885
Pressurized,Object_12623
Unspecified,Object_04011
Oxidizing,Object_07832
Radioactive,Object_09766
Flammable,Object_02722
Radioactive,Object_01716
Food,Object_00571
Oxidizing,Object_02757
Toxic,Object_03274
Pressurized,Object_06089
Radioactive,Object_00223
Toxic,Object_02324
Explosive,Object_06253
Oxidizing,Object_03064
Oxidizing,Object_13125
Flammable,Object_12934
Corrosive,Object_01939
Unspecified,Object_02987
Oxidizing,Object_01200
Radioactive,Object_14242
Explosive,Object_02638
Explosive,Object_07417
Flammable,Object_04494
Toxic,Object_05019
Flammable,Object_04746
Pressurized,Object_12609
Explosive,Object_02553
Corrosive,Object_05013
Unspecified,Object_14077
Fragile,Object_07258
Fragile,Object_05127
Pressurized,Object_11326
Pressurized,Object_13387
Food,Object_07728
Flammable,Object_10597
Unspecified,Object_12897
Pressurized,Object_11413
Radioactive,Object_09332
Food,Object_03438
Flammable,Object_06441
Radioactive,Object_12074
Pressurized,Object_06936
Fragile,Object_04937
Toxic,Object_06717
Radioactive,Object_10527
Food,Object_14100
Toxic,Object_05001
Food,Object_08116
Unspecified,Object_10878
Pressurized,Object_03737
Radioactive,Object_03626
Flammable,Object_00268
Corrosive,Object_12059
Corrosive,Object_10286
Fragile,Object_01265
Oxidizing,Object_14547
Flammable,Object_03054
Oxidizing,Object_01995
Oxidizing,Object_09728
Explosive,Object_06757
Fragile,Object_09457
Pressurized,Object_01767
Unspecified,Object_13463
Flammable,Object_07559
Fragile,Object_10478
Radioactive,Object_01391
Oxidizing,Object_14664
Flammable,Object_09508
Oxidizing,Object_09632
Radioactive,Object_06285
Explosive,Object_03169
Toxic,Object_14371
Fragile,Object_06988
Fragile,Object_06307
Radioactive,Object_07947
Corrosive,Object_00812
Corrosive,Object_00157
Corrosive,Object_12316
Flammable,Object_04638
Food,Object_12786
Radioactive,Object_05486
Corrosive,Object_01617
Food,Object_04286
Toxic,Object_00464
Radioactive,Object_01772
Fragile,Object_08121
Food,Object_13656
Radioactive,Object_10368
Oxidizing,Object_10852
Pressurized,Object_00199
Explosive,Object_05579
Food,Object_02716
Explosive,Object_01698
Radioactive,Object_00616
Fragile,Object_05733
Corrosive,Object_14311
Oxidizing,Object_03500
Radioactive,Object_09833
Explosive,Object_00208
Pressurized,Object_04473
Oxidizing,Object_02122
Radioactive,Object_09209
Unspecified,Object_04999
Radioactive,Object_04504
Fragile,Object_02220
Fragile,Object_10742
Oxidizing,Object_03090
Pressurized,Object_08785
Pressurized,Object_09247
Flammable,Object_09193
Fragile,Object_05255
Flammable,Object_13160
Oxidizing,Object_06473
Unspecified,Object_00779
Pressurized,Object_01256
Fragile,Object_09467
Pressurized,Object_12969
Radioactive,Object_00145
Explosive,Object_07046
Radioactive,Object_13228
Flammable,Object_04742
Corrosive,Object_03561
Pressurized,Object_06153
Explosive,Object_11302
Oxidizing,Object_14557
Radioactive,Object_12470
Radioactive,Object_07066
Pressurized,Object_02730
Explosive,Object_12204
Food,Object_13347
Radioactive,Object_07395
Radioactive,Object_12396
Toxic,Object_07597
Toxic,Object_12599
Toxic,Object_08814
Pressurized,Object_09376
Food,Object_04415
Unspecified,Object_03782
Unspecified,Object_08841
Fragile,Object_05675
Radioactive,Object_06697
Flammable,Object_11581
Radioactive,Object_03063
Corrosive,Object_01468
Unspecified,Object_07700
Toxic,Object_13928
Unspecified,Object_02501
Corrosive,Object_09086
Food,Object_10313
Toxic,Object_00807
Toxic,Object_02337
Flammable,Object_04305
Fragile,Object_10722
Pressurized,Object_01202
Fragile,Object_05165
Radioactive,Object_09979
Flammable,Object_11846
Oxidizing,Object_12261
Unspecified,Object_02778
Corrosive,Object_12656
Flammable,Object_03284
Food,Object_08199
Toxic,Object_05023
Explosive,Object_04560
Corrosive,Object_12726
Oxidizing,Object_13225
Pressurized,Object_09309
Unspecified,Object_02123
Pressurized,Object_06543
Flammable,Object_10729
Pressurized,Object_00307
Radioactive,Object_09626
Oxidizing,Object_12973
Oxidizing,Object_08891
Radioactive,Object_04769
Toxic,Object_12579
Radioactive,Object_02267
Corrosive,Object_09060
Unspecified,Object_09659
Toxic,Object_05033
Toxic,Object_08139
Radioactive,Object_08842
Unspecified,Object_08595
Fragile,Object_04728
Fragile,Object_11346
Explosive,Object_01430
Food,Object_12558
Unspecified,Object_04485
Unspecified,Object_03740
Fragile,Object_13507
Unspecified,Object_13531
Corrosive,Object_10406
Unspecified,Object_04416
Fragile,Object_05288
Toxic,Object_04502
Fragile,Object_05812
Corrosive,Object_14674
Food,Object_07057
Toxic,Object_12471
Radioactive,Object_05607
Toxic,Object_09375
Radioactive,Object_13544
Toxic,Object_10573
Explosive,Object_04498
Flammable,Object_07446
Oxidizing,Object_12410
Corrosive,Object_01389
Unspecified,Object_10693
Fragile,Object_08555
Oxidizing,Object_12290
Corrosive,Object_01630
Fragile,Object_10806
Radioactive,Object_12195
Explosive,Object_12702
Pressurized,Object_00522
Explosive,Object_07202
Radioactive,Object_06026
Unspecified,Object_03729
Food,Object_02762
Corrosive,Object_05985
Oxidizing,Object_12347
Radioactive,Object_03625
Radioactive,Object_02976
Oxidizing,Object_00086
Food,Object_05403
Corrosive,Object_00077
Food,Object_00595
Toxic,Object_07892
Pressurized,Object_02789
Explosive,Object_02935
Fragile,Object_07969
Toxic,Object_10393
Oxidizing,Object_10836
Corrosive,Object_11780
Pressurized,Object_14298
Explosive,Object_11243
Food,Object_04518
Oxidizing,Object_06492
Radioactive,Object_01658
Oxidizing,Object_05710
Unspecified,Object_09791
Flammable,Object_09311
Corrosive,Object_05981
Fragile,Object_10601
Corrosive,Object_08681
Fragile,Object_08467
Flammable,Object_09312
Flammable,Object_03932
Fragile,Object_00848
Unspecified,Object_09333
Fragile,Object_05636
Oxidizing,Object_01675
Unspecified,Object_01877
Pressurized,Object_02758
Fragile,Object_02594
Radioactive,Object_13685
Fragile,Object_01671
Explosive,Object_05353
Fragile,Object_07345
Food,Object_12591
Corrosive,Object_14449
Unspecified,Object_13182
Oxidizing,Object_04994
Food,Object_12575
Flammable,Object_05681
Fragile,Object_00815
Oxidizing,Object_13777
Explosive,Object_06394
Radioactive,Object_02455
Food,Object_00805
Explosive,Object_09545
Oxidizing,Object_08408
Radioactive,Object_07156
Pressurized,Object_02720
Radioactive,Object_13903
Explosive,Object_06132
Food,Object_10578
Radioactive,Object_12980
Explosive,Object_09117
Oxidizing,Object_03766
Flammable,Object_12753
Food,Object_09617
Corrosive,Object_08791
Pressurized,Object_00264
Food,Object_06230
Oxidizing,Object_07985
Fragile,Object_05700
Unspecified,Object_07471
Explosive,Object_13802
Pressurized,Object_03553
Radioactive,Object_10914
Toxic,Object_12720
Toxic,Object_02342
Corrosive,Object_04961
Flammable,Object_09913
Oxidizing,Object_11335
Oxidizing,Object_12239
Fragile,Object_06115
Oxidizing,Object_05372
Pressurized,Object_14219
Explosive,Object_02352
Toxic,Object_04176
Food,Object_06297
Corrosive,Object_11565
Pressurized,Object_11297
Toxic,Object_05566
Explosive,Object_08809
Corrosive,Object_08894
Flammable,Object_03167
Radioactive,Object_04891
Corrosive,Object_13357
Toxic,Object_02050
Flammable,Object_03165
Oxidizing,Object_05016
Unspecified,Object_04499
Unspecified,Object_00162
Unspecified,Object_06025
Oxidizing,Object_14073
Food,Object_02489
Toxic,Object_10422
Flammable,Object_03836
Pressurized,Object_00624
Fragile,Object_14065
Food,Object_12186
Corrosive,Object_05892
Toxic,Object_14166
Radioactive,Object_13916
Food,Object_04576
Radioactive,Object_10684
Corrosive,Object_13693
Fragile,Object_12359
Oxidizing,Object_05414
Radioactive,Object_05972
Corrosive,Object_01402
Oxidizing,Object_11455
Corrosive,Object_14359
Unspecified,Object_05788
Pressurized,Object_06059
Corrosive,Object_11045
Flammable,Object_04743
Food,Object_05192
Food,Object_07764
Toxic,Object_04351
Flammable,Object_08655
Unspecified,Object_04250
Radioactive,Object_09533
Unspecified,Object_11986
Pressurized,Object_09019
Radioactive,Object_14508
Explosive,Object_05915
Food,Object_02803
Fragile,Object_00758
Corrosive,Object_06498
Food,Object_03194
Pressurized,Object_06466
Toxic,Object_09347
Flammable,Object_14394
Flammable,Object_08358
Toxic,Object_10378
Food,Object_00813
Flammable,Object_14010
Food,Object_06406
Radioactive,Object_02029
Toxic,Object_03964
Flammable,Object_09513
Flammable,Object_08653
Oxidizing,Object_06377
Corrosive,Object_13331
Pressurized,Object_14059
Flammable,Object_04564
Corrosive,Object_13599
Toxic,Object_12086
Flammable,Object_13934
Flammable,Object_03604
Corrosive,Object_14609
Pressurized,Object_01919
Food,Object_05401
Explosive,Object_09697
Fragile,Object_01128
Corrosive,Object_09633
Toxic,Object_06177
Corrosive,Object_12212
Explosive,Object_12682
Explosive,Object_05183
Fragile,Object_09922
Toxic,Object_02526
Radioactive,Object_09914
Oxidizing,Object_11789
Explosive,Object_14644
Explosive,Object_13606
Explosive,Object_07484
Food,Object_13623
Radioactive,Object_09088
Flammable,Object_00203
Food,Object_06976
Pressurized,Object_14389
Corrosive,Object_08147
Flammable,Object_02133
Flammable,Object_14434
Pressurized,Object_10044
Unspecified,Object_04492
Fragile,Object_04917
Pressurized,Object_04440
Flammable,Object_03144
Oxidizing,Object_13319
Explosive,Object_06266
Pressurized,Object_09422
Food,Object_00972
Toxic,Object_05602
Unspecified,Object_10516
Unspecified,Object_13206
Fragile,Object_11134
Unspecified,Object_06472
Explosive,Object_08468
Flammable,Object_06109
Fragile,Object_01284
Radioactive,Object_14284
Food,Object_04213
Radioactive,Object_05911
Pressurized,Object_02684
Food,Object_00564
Toxic,Object_08287
Flammable,Object_08126
Flammable,Object_04854
Unspecified,Object_08306
Food,Object_00715
Unspecified,Object_02486
Unspecified,Object_13972
Explosive,Object_13154
Toxic,Object_04402
Explosive,Object_11586
Flammable,Object_12159
Pressurized,Object_04666
Unspecified,Object_06092
Explosive,Object_09564
Food,Object_03791
Explosive,Object_05484
Fragile,Object_11928
Flammable,Object_09181
Flammable,Object_00403
Flammable,Object_13024
Pressurized,Object_09708
Food,Object_12881
Pressurized,Object_06220
Unspecified,Object_01368
Toxic,Object_13899
Oxidizing,Object_01663
Radioactive,Object_03122
Food,Object_12237
Unspecified,Object_06560
Explosive,Object_05698
Toxic,Object_05198
Toxic,Object_14456
Food,Object_01329
Toxic,Object_03087
Explosive,Object_11308
Fragile,Object_08265
Explosive,Object_00076
Fragile,Object_13223
Toxic,Object_00038
Corrosive,Object_09966
Unspecified,Object_07596
Unspecified,Object_08285
Pressurized,Object_07138
Explosive,Object_00244
Radioactive,Object_11886
Fragile,Object_09572
Pressurized,Object_02098
Explosive,Object_01700
Flammable,Object_05959
Food,Object_05172
Oxidizing,Object_00986
Toxic,Object_06048
Food,Object_11681
Corrosive,Object_02028
Corrosive,Object_03458
Fragile,Object_01116
Fragile,Object_08854
Radioactive,Object_04119
Fragile,Object_00642
Pressurized,Object_12538
Toxic,Object_05238
Flammable,Object_02092
Food,Object_04108
Flammable,Object_03376
Corrosive,Object_10312
Pressurized,Object_08601
Explosive,Object_04212
Toxic,Object_08613
Oxidizing,Object_01688
Pressurized,Object_14661
Food,Object_14444
Radioactive,Object_06631
Flammable,Object_02228
Food,Object_07039
Toxic,Object_12535
Toxic,Object_07481
Radioactive,Object_13169
Food,Object_01387
Explosive,Object_04694
Pressurized,Object_03400
Fragile,Object_08070
Fragile,Object_08632
Corrosive,Object_09978
Pressurized,Object_01005
Food,Object_05265
Corrosive,Object_02794
Toxic,Object_07739
Flammable,Object_06145
Unspecified,Object_12915
Pressurized,Object_04955
Toxic,Object_00553
Radioactive,Object_02188
Toxic,Object_11082
Flammable,Object_03325
Radioactive,Object_09127
Flammable,Object_01475
Food,Object_08866
Pressurized,Object_00407
Unspecified,Object_10469
Fragile,Object_03378
Flammable,Object_00761
Toxic,Object_02362
Fragile,Object_06125
Pressurized,Object_03268
Toxic,Object_04807
Toxic,Object_01647
Unspecified,Object_06568
Oxidizing,Object_00124
Pressurized,Object_00236
Oxidizing,Object_00381
Pressurized,Object_09845
Explosive,Object_10563
Corrosive,Object_02095
Oxidizing,Object_01109
Toxic,Object_12042
Fragile,Object_07052
Pressurized,Object_00799
Toxic,Object_09464
Corrosive,Object_08693
Corrosive,Object_05629
Pressurized,Object_14088
Radioactive,Object_14129
Oxidizing,Object_09115
Corrosive,Object_05898
Fragile,Object_02857
Explosive,Object_07894
Oxidizing,Object_05859
Unspecified,Object_13400
Oxidizing,Object_00292
Explosive,Object_07972
Corrosive,Object_01186
Unspecified,Object_13105
Radioactive,Object_08144
Fragile,Object_04185
Explosive,Object_08312
Oxidizing,Object_13139
Toxic,Object_06632
Unspecified,Object_11979
Fragile,Object_06576
Oxidizing,Object_07570
Food,Object_06320
Toxic,Object_08288
Fragile,Object_01704
Toxic,Object_08463
Explosive,Object_10978
Flammable,Object_14537
Unspecified,Object_06418
Oxidizing,Object_01275
Flammable,Object_11436
Explosive,Object_09577
Explosive,Object_06586
Pressurized,Object_01947
Fragile,Object_09279
Explosive,Object_13642
Toxic,Object_08828
Explosive,Object_14265
Fragile,Object_07319
Corrosive,Object_07669
Toxic,Object_03269
Food,Object_02718
Food,Object_03920
Flammable,Object_11641
Explosive,Object_13510
Flammable,Object_12155
Corrosive,Object_14280
Corrosive,Object_05097
Flammable,Object_10211
Explosive,Object_14041
Fragile,Object_02880
Toxic,Object_09288
Fragile,Object_11787
Toxic,Object_00003
Explosive,Object_11562
Flammable,Object_04383
Pressurized,Object_14134
Oxidizing,Object_12862
Explosive,Object_02260
Food,Object_03514
Food,Object_00048
Pressurized,Object_13128
Explosive,Object_12242
Flammable,Object_00182
Unspecified,Object_12544
Corrosive,Object_07806
Fragile,Object_03715
Oxidizing,Object_05117
Pressurized,Object_13341
Corrosive,Object_10370
Corrosive,Object_11275
Radioactive,Object_09134
Oxidizing,Object_04829
Unspecified,Object_12882
Fragile,Object_01961
Fragile,Object_02296
Flammable,Object_02305
Corrosive,Object_01715
Toxic,Object_09315
Pressurized,Object_14223
Flammable,Object_08757
Fragile,Object_09592
Toxic,Object_09830
Unspecified,Object_04263
Corrosive,Object_08634
Explosive,Object_12397
Explosive,Object_08339
Oxidizing,Object_13878
Radioactive,Object_04167
Explosive,Object_02150
Fragile,Object_07101
Pressurized,Object_04060
Pressurized,Object_12523
Oxidizing,Object_11784
Unspecified,Object_05098
Explosive,Object_05038
Explosive,Object_12794
Explosive,Object_09829
Corrosive,Object_07337
Oxidizing,Object_03851
Pressurized,Object_11839
Toxic,Object_14204
Unspecified,Object_00462
Oxidizing,Object_07228
Fragile,Object_12295
Corrosive,Object_07551
Toxic,Object_04975
Radioactive,Object_06179
Flammable,Object_12158
Oxidizing,Object_03652
Corrosive,Object_07649
Food,Object_01424
Oxidizing,Object_09225
Oxidizing,Object_01543
Flammable,Object_01882
Fragile,Object_02206
Toxic,Object_07137
Oxidizing,Object_00368
Oxidizing,Object_02224
Unspecified,Object_10404
Fragile,Object_02586
Corrosive,Object_11793
Explosive,Object_11696
Radioactive,Object_09476
Oxidizing,Object_05419
Radioactive,Object_02986
Pressurized,Object_07115
Flammable,Object_11503
Corrosive,Object_06937
Flammable,Object_08218
Unspecified,Object_00061
Toxic,Object_05599
Pressurized,Object_03432
Food,Object_04600
Explosive,Object_13311
Explosive,Object_06877
Unspecified,Object_02539
Toxic,Object_12453
Food,Object_02937
Radioactive,Object_09143
Food,Object_12536
Flammable,Object_10213
Pressurized,Object_10900
Flammable,Object_06692
Unspecified,Object_11990
Corrosive,Object_04659
Fragile,Object_13366
Corrosive,Object_01006
Flammable,Object_09969
Explosive,Object_10971
Flammable,Object_04354
Flammable,Object_05070
Toxic,Object_01183
Unspecified,Object_02821
Explosive,Object_03401
Pressurized,Object_00125
Corrosive,Object_11001
Oxidizing,Object_14138
Pressurized,Object_07141
Unspecified,Object_00983
Oxidizing,Object_04311
Food,Object_05709
Toxic,Object_12652
Pressurized,Object_03416
Flammable,Object_10065
Flammable,Object_14526
Radioactive,Object_08686
Food,Object_04876
Unspecified,Object_12612
Pressurized,Object_06352
Food,Object_06149
Oxidizing,Object_13736
Explosive,Object_12199
Toxic,Object_01414
Corrosive,Object_09782
Toxic,Object_11386
Unspecified,Object_09737
Corrosive,Object_01028
Pressurized,Object_13051
Unspecified,Object_06181
Corrosive,Object_06478
Radioactive,Object_12848
Fragile,Object_07682
Unspecified,Object_11711
Pressurized,Object_05880
Oxidizing,Object_08742
Explosive,Object_11313
Explosive,Object_11030
Toxic,Object_12380
Toxic,Object_13986
Food,Object_04155
Explosive,Object_02330
Unspecified,Object_09075
Toxic,Object_09348
Pressurized,Object_09367
Pressurized,Object_03454
Unspecified,Object_08250
Flammable,Object_14462
Fragile,Object_05582
Explosive,Object_01269
Oxidizing,Object_09575
Pressurized,Object_09638
Radioactive,Object_13724
Pressurized,Object_12111
Pressurized,Object_03075
Food,Object_11485
Flammable,Object_11531
Pressurized,Object_03581
Toxic,Object_03942
Food,Object_10457
Radioactive,Object_08405
Oxidizing,Object_07119
Explosive,Object_06055
Radioactive,Object_07970
Fragile,Object_03386
Food,Object_08198
Flammable,Object_10689
Fragile,Object_14092
Toxic,Object_05708
Explosive,Object_14174
Fragile,Object_05120
Unspecified,Object_14469
Explosive,Object_03568
Toxic,Object_13719
Explosive,Object_03319
Flammable,Object_12434
Toxic,Object_12127
Toxic,Object_12693
Pressurized,Object_06126
Toxic,Object_11544
Toxic,Object_07598
Radioactive,Object_10741
Toxic,Object_03599
Unspecified,Object_10521
Flammable,Object_10929
Pressurized,Object_08311
Food,Object_06825
Radioactive,Object_06773
Radioactive,Object_12955
Corrosive,Object_03337
Food,Object_05847
Toxic,Object_05206
Radioactive,Object_14067
Oxidizing,Object_00442
Flammable,Object_09167
Fragile,Object_09773
Toxic,Object_01901
Flammable,Object_10006
Pressurized,Object_12437
Oxidizing,Object_06481
Oxidizing,Object_00766
Radioactive,Object_03598
Corrosive,Object_08269
Fragile,Object_06332
Food,Object_06302
Radioactive,Object_13124
Pressurized,Object_08840
Food,Object_06774
Food,Object_12725
Fragile,Object_00709
Oxidizing,Object_04486
Explosive,Object_10658
Explosive,Object_14195
Explosive,Object_12073
Corrosive,Object_03125
Pressurized,Object_12641
Unspecified,Object_11226
Oxidizing,Object_14430
Fragile,Object_06062
Radioactive,Object_07250
Radioactive,Object_09735
Radioactive,Object_11104
Oxidizing,Object_10990
Pressurized,Object_00150
Unspecified,Object_09666
Explosive,Object_02842
Corrosive,Object_01222
Corrosive,Object_10397
Toxic,Object_08628
Oxidizing,Object_07038
Fragile,Object_13604
Unspecified,Object_04408
Corrosive,Object_04128
Explosive,Object_12241
Food,Object_11764
Food,Object_06284
Unspecified,Object_07903
Corrosive,Object_08385
Pressurized,Object_04501
Flammable,Object_05622
Pressurized,Object_06588
Corrosive,Object_04045
Radioactive,Object_01876
Pressurized,Object_00256
Flammable,Object_10325
Flammable,Object_14665
Unspecified,Object_08573
Explosive,Object_06002
Food,Object_09158
Oxidizing,Object_03203
Unspecified,Object_00640
Fragile,Object_14406
Radioactive,Object_12298
Explosive,Object_08810
Food,Object_03289
Fragile,Object_12200
Toxic,Object_01477
Food,Object_14615
Flammable,Object_09585
Radioactive,Object_11779
Flammable,Object_02544
Food,Object_10093
Oxidizing,Object_01033
Explosive,Object_01382
Radioactive,Object_01053
Corrosive,Object_10414
Fragile,Object_02748
Pressurized,Object_01245
Pressurized,Object_03991
Flammable,Object_07841
Pressurized,Object_03488
Explosive,Object_01557
Explosive,Object_04998
Food,Object_02805
Corrosive,Object_12791
Radioactive,Object_06385
Fragile,Object_02072
Radioactive,Object_00631
Oxidizing,Object_14361
Corrosive,Object_04612
Fragile,Object_10460
Fragile,Object_03223
Food,Object_02104
Unspecified,Object_00527
Toxic,Object_07392
Corrosive,Object_01692
Flammable,Object_04503
Flammable,Object_00774
Explosive,Object_09301
Radioactive,Object_14684
Oxidizing,Object_08132
Oxidizing,Object_10635
Unspecified,Object_01850
Toxic,Object_10513
Oxidizing,Object_02899
Oxidizing,Object_03002
Radioactive,Object_02531
Unspecified,Object_11816
Oxidizing,Object_08374
Unspecified,Object_10698
Explosive,Object_11442
Unspecified,Object_01279
Food,Object_14107
Flammable,Object_00309
Unspecified,Object_08677
Food,Object_07794
Pressurized,Object_10691
Radioactive,Object_08026
Fragile,Object_04966
Explosive,Object_03584
Unspecified,Object_04951
Fragile,Object_05660
Flammable,Object_07163
Toxic,Object_08971
Oxidizing,Object_07656
Explosive,Object_11027
Flammable,Object_07271
Unspecified,Object_03891
Explosive,Object_11522
Toxic,Object_11379
Explosive,Object_08766
Unspecified,Object_11053
Explosive,Object_05752
Corrosive,Object_12908
Unspecified,Object_13257
Toxic,Object_07257
Toxic,Object_08739
Pressurized,Object_00618
Food,Object_06928
Explosive,Object_03179
Pressurized,Object_06737
Radioactive,Object_00660
Corrosive,Object_11904
Pressurized,Object_11457
Radioactive,Object_04640
Explosive,Object_11447
Unspecified,Object_04289
Explosive,Object_10762
Radioactive,Object_03517
Explosive,Object_07095
Flammable,Object_05837
Food,Object_03864
Explosive,Object_11936
Food,Object_04071
Unspecified,Object_05468
Explosive,Object_13371
Food,Object_11742
Explosive,Object_08948
Fragile,Object_03206
Radioactive,Object_08084
Food,Object_03110
Toxic,Object_11060
Pressurized,Object_04839
Unspecified,Object_05431
Oxidizing,Object_14303
Food,Object_06723
Radioactive,Object_06896
Food,Object_05535
Toxic,Object_03554
Unspecified,Object_00304
Explosive,Object_03540
Unspecified,Object_04471
Unspecified,Object_04670
Corrosive,Object_09681
Corrosive,Object_02311
Toxic,Object_00067
Toxic,Object_04875
Radioactive,Object_09388
Corrosive,Object_05271
Flammable,Object_14598
Flammable,Object_05382
Radioactive,Object_01416
Explosive,Object_07253
Radioactive,Object_12728
Unspecified,Object_09146
Fragile,Object_12314
Flammable,Object_11498
Unspecified,Object_10135
Unspecified,Object_13285
Radioactive,Object_03668
Corrosive,Object_03634
Unspecified,Object_01407
Pressurized,Object_03391
Toxic,Object_02368
Corrosive,Object_07189
Fragile,Object_11969
Food,Object_03016
Fragile,Object_03885
Explosive,Object_13568
Food,Object_09528
Corrosive,Object_09351
Radioactive,Object_13134
Pressurized,Object_02051
Fragile,Object_07096
Unspecified,Object_08707
Oxidizing,Object_00380
Oxidizing,Object_10113
Oxidizing,Object_09230
Oxidizing,Object_04508
Oxidizing,Object_12883
Toxic,Object_05889
Fragile,Object_10628
Unspecified,Object_13746
Explosive,Object_07162
Radioactive,Object_00329
Explosive,Object_02922
Corrosive,Object_01338
Explosive,Object_11658
Radioactive,Object_06878
Food,Object_02755
Radioactive,Object_06459
Flammable,Object_06891
Oxidizing,Object_12317
Fragile,Object_05773
Toxic,Object_11826
Food,Object_08764
Food,Object_06280
Flammable,Object_01604
Pressurized,Object_06415
Pressurized,Object_10780
Oxidizing,Object_03107
Flammable,Object_02741
Oxidizing,Object_08086
Corrosive,Object_09320
Food,Object_05268
Radioactive,Object_00516
Corrosive,Object_09566
Oxidizing,Object_02906
Toxic,Object_05126
Pressurized,Object_05364
Fragile,Object_06666
Explosive,Object_10234
Corrosive,Object_04936
Food,Object_06202
Unspecified,Object_04878
Explosive,Object_04520
Explosive,Object_12264
Corrosive,Object_07963
Unspecified,Object_08676
Corrosive,Object_10984
Fragile,Object_01790
Fragile,Object_09562
Flammable,Object_06076
Oxidizing,Object_06987
Radioactive,Object_13898
Fragile,Object_06661
Explosive,Object_09448
Oxidizing,Object_10779
Corrosive,Object_08450
Radioactive,Object_11603
Radioactive,Object_11085
Toxic,Object_14345
Flammable,Object_03199
Pressurized,Object_13450
Unspecified,Object_14256
Explosive,Object_12524
Food,Object_07107
Unspecified,Object_07724
Corrosive,Object_11187
Corrosive,Object_11551
Flammable,Object_02581
Explosive,Object_07240
Unspecified,Object_04542
Toxic,Object_04310
Flammable,Object_10536
Unspecified,Object_11609
Fragile,Object_08191
Food,Object_06765
Flammable,Object_13012
Pressurized,Object_06380
Pressurized,Object_02100
Radioactive,Object_03407
Radioactive,Object_09451
Radioactive,Object_09701
Radioactive,Object_09094
Food,Object_01832
Explosive,Object_05910
Flammable,Object_07408
Radioactive,Object_06782
Explosive,Object_14034
Corrosive,Object_05894
Explosive,Object_06337
Pressurized,Object_06946
Radioactive,Object_07463
Radioactive,Object_03138
Corrosive,Object_06831
Oxidizing,Object_11190
Toxic,Object_12151
Radioactive,Object_11015
Food,Object_01373
Fragile,Object_07499
Toxic,Object_03186
Toxic,Object_04137
Explosive,Object_08485
Food,Object_03470
Explosive,Object_06646
Corrosive,Object_10453
Unspecified,Object_08593
Food,Object_07314
Explosive,Object_13316
Pressurized,Object_00857
Oxidizing,Object_05136
Fragile,Object_00122
Corrosive,Object_13651
Oxidizing,Object_04533
Flammable,Object_06485
Radioactive,Object_08967
Toxic,Object_03361
Food,Object_08941
Radioactive,Object_05162
Toxic,Object_08913
Unspecified,Object_13681
Fragile,Object_08906
Unspecified,Object_12590
Food,Object_02298
Toxic,Object_06730
Food,Object_08376
Pressurized,Object_12807
Fragile,Object_14326
Food,Object_10287
Oxidizing,Object_05328
Oxidizing,Object_03992
Radioactive,Object_02480
Explosive,Object_10667
Corrosive,Object_11968
Corrosive,Object_05950
Flammable,Object_12672
Radioactive,Object_10931
Toxic,Object_12163
Radioactive,Object_11777
Explosive,Object_04136
Fragile,Object_13277
Food,Object_10278
Fragile,Object_11388
Corrosive,Object_09965
Oxidizing,Object_12699
Fragile,Object_01215
Radioactive,Object_00060
Flammable,Object_06398
Flammable,Object_00590
Unspecified,Object_00413
Food,Object_09009
Toxic,Object_05276
Toxic,Object_08818
Radioactive,Object_05802
Pressurized,Object_00443
Unspecified,Object_07618
Pressurized,Object_05410
Oxidizing,Object_01710
Corrosive,Object_07797
Toxic,Object_14477
Unspecified,Object_07752
Pressurized,Object_13892
Pressurized,Object_01144
Food,Object_00540
Oxidizing,Object_05879
Corrosive,Object_12117
Fragile,Object_11290
Unspecified,Object_12101
Pressurized,Object_02476
Oxidizing,Object_02364
Fragile,Object_07979
Food,Object_10838
Oxidizing,Object_14567
Food,Object_11099
Flammable,Object_07421
Food,Object_04717
Explosive,Object_08410
Oxidizing,Object_12189
Radioactive,Object_02753
Corrosive,Object_07325
Oxidizing,Object_03562
Fragile,Object_05516
Oxidizing,Object_12350
Fragile,Object_08735
Pressurized,Object_07816
Explosive,Object_13702
Unspecified,Object_05227
Toxic,Object_09130
Radioactive,Object_12608
Food,Object_10816
Toxic,Object_05904
Toxic,Object_06973
Corrosive,Object_08305
Unspecified,Object_03767
Flammable,Object_10479
Flammable,Object_12210
Pressurized,Object_05881
Corrosive,Object_07771
Explosive,Object_02409
Unspecified,Object_03348
Fragile,Object_10235
Oxidizing,Object_11168
Food,Object_07576
Unspecified,Object_04824
Fragile,Object_11515
Fragile,Object_12933
Oxidizing,Object_14312
Food,Object_09789
Food,Object_07790
Unspecified,Object_02958
Flammable,Object_09869
Oxidizing,Object_03310
Oxidizing,Object_09200
Pressurized,Object_02667
Corrosive,Object_13109
Unspecified,Object_07902
Oxidizing,Object_00924
Toxic,Object_14106
Toxic,Object_13796
Toxic,Object_01654
Explosive,Object_10876
Corrosive,Object_01914
Flammable,Object_09461
Toxic,Object_05061
Explosive,Object_12365
Explosive,Object_13090
Pressurized,Object_00599
Oxidizing,Object_02629
Explosive,Object_03711
Flammable,Object_14152
Corrosive,Object_09156
Unspecified,Object_12442
Toxic,Object_07879
Food,Object_07377
Unspecified,Object_12926
Food,Object_07926
Oxidizing,Object_08644
Food,Object_09218
Flammable,Object_11020
Unspecified,Object_03777
Flammable,Object_06759
Corrosive,Object_02088
Pressurized,Object_00197
Explosive,Object_13884
Toxic,Object_04908
Oxidizing,Object_05156
Fragile,Object_09012
Toxic,Object_05104
Fragile,Object_13860
Unspecified,Object_00732
Pressurized,Object_13523
Corrosive,Object_08394
Explosive,Object_13413
Pressurized,Object_03984
Radioactive,Object_00457
Explosive,Object_11366
Unspecified,Object_12989
Explosive,Object_05335
Food,Object_00585
Oxidizing,Object_06532
Flammable,Object_07063
Fragile,Object_00174
Radioactive,Object_05293
Toxic,Object_09573
Fragile,Object_13785
Flammable,Object_04800
Food,Object_03120
Pressurized,Object_06317
Food,Object_02428
Food,Object_03082
Oxidizing,Object_02256
Explosive,Object_12770
Toxic,Object_12194
Flammable,Object_06781
Fragile,Object_12778
Corrosive,Object_08323
Fragile,Object_10824
Food,Object_07775
Unspecified,Object_12454
Flammable,Object_00811
Explosive,Object_13183
Flammable,Object_10295
Radioactive,Object_10094
Pressurized,Object_11048
Food,Object_10317
Flammable,Object_12941
Radioactive,Object_07369
Pressurized,Object_06835
Toxic,Object_01150
Flammable,Object_08127
Unspecified,Object_06372
Pressurized,Object_11962
Radioactive,Object_03489
Unspecified,Object_09662
Unspecified,Object_03804
Oxidizing,Object_04335
Flammable,Object_07492
Food,Object_13279
Pressurized,Object_08589
Food,Object_01880
Pressurized,Object_02284
Food,Object_05144
Oxidizing,Object_13444
Explosive,Object_10242
Unspecified,Object_05975
Fragile,Object_02142
Radioactive,Object_01444
Explosive,Object_11394
Unspecified,Object_10034
Food,Object_08759
Unspecified,Object_00085
Toxic,Object_09414
Unspecified,Object_02471
Food,Object_00385
Unspecified,Object_09336
Fragile,Object_06854
Pressurized,Object_08473
Corrosive,Object_12251
Radioactive,Object_05309
Radioactive,Object_04821
Unspecified,Object_12161
Fragile,Object_09860
Corrosive,Object_12553
Corrosive,Object_08528
Radioactive,Object_00946
Oxidizing,Object_03069
Corrosive,Object_10029
Pressurized,Object_11510
Toxic,Object_12181
Unspecified,Object_10733
Oxidizing,Object_01912
Oxidizing,Object_14192
Explosive,Object_11150
Oxidizing,Object_02792
Unspecified,Object_07971
Oxidizing,Object_08652
Radioactive,Object_01460
Explosive,Object_11892
Corrosive,Object_14584
Corrosive,Object_00989
Unspecified,Object_00705
Explosive,Object_03962
Oxidizing,Object_10911
Corrosive,Object_06072
Explosive,Object_12657
Oxidizing,Object_12311
Toxic,Object_03509
Explosive,Object_02045
Radioactive,Object_13306
Corrosive,Object_10867
Flammable,Object_00447
Toxic,Object_06373
Flammable,Object_09081
Corrosive,Object_01137
Fragile,Object_09843
Toxic,Object_00817
Unspecified,Object_03738
Flammable,Object_02405
Toxic,Object_12303
Flammable,Object_02962
Radioactive,Object_06316
Fragile,Object_03355
Fragile,Object_05307
Unspecified,Object_01992
Explosive,Object_10487
Explosive,Object_02902
Oxidizing,Object_09852
Toxic,Object_04318
Toxic,Object_05955
Flammable,Object_01616
Corrosive,Object_14457
Explosive,Object_00326
Radioactive,Object_09733
Unspecified,Object_08375
Pressurized,Object_01500
Food,Object_05924
Toxic,Object_08363
Oxidizing,Object_14593
Explosive,Object_03495
Explosive,Object_08831
Flammable,Object_12102
Pressurized,Object_13938
Toxic,Object_01749
Explosive,Object_05758
Pressurized,Object_10946
Explosive,Object_11875
Flammable,Object_09908
Food,Object_06311
Oxidizing,Object_08710
Food,Object_09248
Corrosive,Object_05311
Radioactive,Object_11223
Corrosive,Object_11141
Corrosive,Object_12931
Pressurized,Object_03757
Pressurized,Object_02484
Pressurized,Object_13731
Explosive,Object_12797
Food,Object_06922
Radioactive,Object_12953
Radioactive,Object_04198
Food,Object_05536
Explosive,Object_10369
Toxic,Object_10486
Corrosive,Object_08650
Oxidizing,Object_04273
Unspecified,Object_09070
Toxic,Object_09032
Fragile,Object_02702
Oxidizing,Object_07344
Food,Object_08176
Corrosive,Object_03487
Unspecified,Object_03292
Fragile,Object_06615
Unspecified,Object_09976
Pressurized,Object_00031
Food,Object_01437
Corrosive,Object_08611
Food,Object_05665
Unspecified,Object_01924
Corrosive,Object_10683
Radioactive,Object_11176
Toxic,Object_06964
Oxidizing,Object_03249
Food,Object_06760
Oxidizing,Object_07155
Food,Object_09663
Radioactive,Object_00615
Fragile,Object_03276
Toxic,Object_04671
Toxic,Object_00106
Unspecified,Object_12028
Food,Object_08459
Unspecified,Object_02304
Pressurized,Object_02004
Oxidizing,Object_01456
Explosive,Object_11402
Toxic,Object_14468
Toxic,Object_02003
Corrosive,Object_09275
Unspecified,Object_01628
Explosive,Object_08696
Pressurized,Object_13457
Unspecified,Object_10928
Flammable,Object_12992
Food,Object_05205
Unspecified,Object_02844
Radioactive,Object_11093
Radioactive,Object_07116
Explosive,Object_13997
Flammable,Object_13553
Corrosive,Object_01566
Food,Object_02447
Fragile,Object_00057
Corrosive,Object_09952
Oxidizing,Object_12864
Toxic,Object_12628
Radioactive,Object_05982
Pressurized,Object_05722
Toxic,Object_03819
Unspecified,Object_01534
Corrosive,Object_00702
Unspecified,Object_06407
Oxidizing,Object_06120
Unspecified,Object_12198
Pressurized,Object_01420
Corrosive,Object_08123
Toxic,Object_10557
Oxidizing,Object_07698
Fragile,Object_02219
Corrosive,Object_03155
Food,Object_08348
Toxic,Object_02093
Corrosive,Object_07543
Toxic,Object_10002
Flammable,Object_06540
Pressurized,Object_04667
Corrosive,Object_14418
Explosive,Object_08947
Food,Object_14220
Food,Object_04446
Corrosive,Object_09034
Fragile,Object_08536
Food,Object_00776
Unspecified,Object_07997
Unspecified,Object_07489
Flammable,Object_03379
Toxic,Object_02408
Flammable,Object_03076
Pressurized,Object_13586
Flammable,Object_08055
Flammable,Object_05171
Food,Object_03461
Toxic,Object_01868
Toxic,Object_02814
Pressurized,Object_08492
Flammable,Object_03956
Food,Object_02235
Flammable,Object_03699
Explosive,Object_12782
Toxic,Object_03717
Toxic,Object_03691
Fragile,Object_00901
Corrosive,Object_00759
Food,Object_02276
Flammable,Object_11476
Radioactive,Object_09163
Unspecified,Object_01165
Pressurized,Object_01593
Toxic,Object_02370
Toxic,Object_00046
Toxic,Object_06159
Fragile,Object_03427
Corrosive,Object_09259
Explosive,Object_10679
Toxic,Object_11865
Corrosive,Object_11563
Radioactive,Object_13711
Explosive,Object_08879
Flammable,Object_08322
Toxic,Object_01982
Flammable,Object_14363
Oxidizing,Object_12605
Explosive,Object_12498
Pressurized,Object_08293
Corrosive,Object_09481
Fragile,Object_04062
Oxidizing,Object_07870
Pressurized,Object_14221
Fragile,Object_09092
Food,Object_04005
Radioactive,Object_02200
Oxidizing,Object_13029
Radioactive,Object_03387
Flammable,Object_04927
Corrosive,Object_10932
Oxidizing,Object_05397
Food,Object_06208
Oxidizing,Object_05214
Radioactive,Object_01172
Fragile,Object_04712
Corrosive,Object_06396
Unspecified,Object_02259
Food,Object_14357
Radioactive,Object_11592
Food,Object_01408
Food,Object_08364
Food,Object_01813
Radioactive,Object_05762
Food,Object_12368
Unspecified,Object_07950
Fragile,Object_05325
Pressurized,Object_14126
Fragile,Object_10774
Unspecified,Object_10372
Fragile,Object_02197
Radioactive,Object_04524
Flammable,Object_08210
Explosive,Object_08515
Flammable,Object_13368
Radioactive,Object_00879
Radioactive,Object_13177
Unspecified,Object_02909
Pressurized,Object_11483
Fragile,Object_02756
Fragile,Object_12050
Fragile,Object_03421
Explosive,Object_00975
Explosive,Object_12885
Flammable,Object_06366
Corrosive,Object_02835
Explosive,Object_08910
Fragile,Object_01412
Fragile,Object_01740
Radioactive,Object_09879
Oxidizing,Object_02210
Toxic,Object_13775
Toxic,Object_03610
Fragile,Object_05654
Oxidizing,Object_11803
Corrosive,Object_01029
Flammable,Object_04968
Pressurized,Object_04929
Toxic,Object_08600
Fragile,Object_06013
Flammable,Object_07287
Pressurized,Object_07661
Radioactive,Object_03972
Toxic,Object_02239
Unspecified,Object_08779
Corrosive,Object_08460
Pressurized,Object_02683
Fragile,Object_12022
Fragile,Object_07961
Radioactive,Object_04548
Explosive,Object_00566
Pressurized,Object_01049
Explosive,Object_11882
Pressurized,Object_05270
Explosive,Object_12281
Fragile,Object_05116
Unspecified,Object_05481
Oxidizing,Object_01680
Explosive,Object_12203
Unspecified,Object_11817
Unspecified,Object_10225
Toxic,Object_05770
Explosive,Object_01945
Pressurized,Object_11042
Fragile,Object_14022
Toxic,Object_13050
Toxic,Object_07672
Oxidizing,Object_11079
Flammable,Object_14352
Radioactive,Object_12162
Toxic,Object_00366
Unspecified,Object_06750
Radioactive,Object_12742
Food,Object_09383
Food,Object_03696
Corrosive,Object_05301
Food,Object_08856
Pressurized,Object_07646
Pressurized,Object_07888
Flammable,Object_10926
Corrosive,Object_08119
Corrosive,Object_10743
Explosive,Object_09950
Unspecified,Object_02074
Toxic,Object_02625
Corrosive,Object_04368
Oxidizing,Object_06446
Corrosive,Object_06102
Pressurized,Object_05281
Fragile,Object_01023
Food,Object_13534
Toxic,Object_10445
Flammable,Object_14379
Oxidizing,Object_14339
Corrosive,Object_11671
Flammable,Object_11713
Fragile,Object_03200
Fragile,Object_11907
Corrosive,Object_11295
Food,Object_07153
Radioactive,Object_05616
Food,Object_02561
Corrosive,Object_09340
Flammable,Object_10656
Unspecified,Object_11916
Fragile,Object_13129
Unspecified,Object_05831
Flammable,Object_06449
Flammable,Object_12635
Explosive,Object_02710
Corrosive,Object_11358
Toxic,Object_10950
Corrosive,Object_05612
Flammable,Object_11391
Oxidizing,Object_01773
Corrosive,Object_01372
Toxic,Object_10056
Unspecified,Object_05628
Explosive,Object_08172
Explosive,Object_06329
Flammable,Object_04665
Food,Object_00090
Unspecified,Object_08864
Oxidizing,Object_14638
Fragile,Object_02380
Pressurized,Object_07177
Explosive,Object_13790
Pressurized,Object_08671
Radioactive,Object_13813
Pressurized,Object_08706
Corrosive,Object_13209
Pressurized,Object_12240
Fragile,Object_11763
Food,Object_11426
Oxidizing,Object_06826
Food,Object_04023
Flammable,Object_05751
Pressurized,Object_03815
Corrosive,Object_02334
Unspecified,Object_04304
Unspecified,Object_10883
Fragile,Object_05662
Pressurized,Object_10390
Corrosive,Object_13571
Fragile,Object_12033
Oxidizing,Object_08747
Radioactive,Object_00089
Explosive,Object_01769
Unspecified,Object_04885
Oxidizing,Object_12283
Toxic,Object_07181
Radioactive,Object_03602
Pressurized,Object_04366
Food,Object_05938
Fragile,Object_00711
Food,Object_10547
Unspecified,Object_11479
Radioactive,Object_09505
Explosive,Object_03221
Explosive,Object_09238
Flammable,Object_04353
Fragile,Object_06930
Corrosive,Object_00349
Explosive,Object_00952
Unspecified,Object_12806
Radioactive,Object_06550
Explosive,Object_04479
Oxidizing,Object_12594
Explosive,Object_12418
Radioactive,Object_04074
Corrosive,Object_03582
Pressurized,Object_00775
Radioactive,Object_11428
Oxidizing,Object_13552
Pressurized,Object_05250
Radioactive,Object_01986
Oxidizing,Object_09732
Corrosive,Object_08533
Radioactive,Object_00202
Fragile,Object_04647
Explosive,Object_07836
Food,Object_10690
Toxic,Object_07454
Fragile,Object_04429
Explosive,Object_07916
Radioactive,Object_05647
Pressurized,Object_11956
Fragile,Object_03706
Food,Object_09509
Explosive,Object_03564
Food,Object_01045
Fragile,Object_05258
Flammable,Object_00025
Unspecified,Object_13638
Toxic,Object_07364
Radioactive,Object_06261
Oxidizing,Object_00860
Unspecified,Object_13843
Oxidizing,Object_05160
Explosive,Object_11965
Food,Object_09401
Corrosive,Object_13516
Fragile,Object_10077
Flammable,Object_06597
Corrosive,Object_00137
Explosive,Object_10723
Food,Object_10529
Fragile,Object_11851
Fragile,Object_03248
Fragile,Object_05421
Radioactive,Object_08689
Food,Object_01349
Food,Object_02135
Oxidizing,Object_07299
Oxidizing,Object_03672
Oxidizing,Object_12903
Oxidizing,Object_14595
Radioactive,Object_04382
Flammable,Object_11118
Toxic,Object_12764
Unspecified,Object_03801
Flammable,Object_00514
Flammable,Object_01885
Corrosive,Object_11065
Radioactive,Object_13583
Unspecified,Object_02682
Unspecified,Object_05304
Flammable,Object_06276
Food,Object_00021
Unspecified,Object_01316
Unspecified,Object_11688
Oxidizing,Object_02358
Unspecified,Object_14532
Food,Object_05423
Flammable,Object_08928
Unspecified,Object_04141
Oxidizing,Object_06665
Toxic,Object_04942
Radioactive,Object_07108
Flammable,Object_11363
Toxic,Object_03736
Toxic,Object_12695
Corrosive,Object_00847
Fragile,Object_03039
Unspecified,Object_14296
Food,Object_03059
Oxidizing,Object_03714
Flammable,Object_02636
Pressurized,Object_14546
Food,Object_07113
Radioactive,Object_06786
Fragile,Object_13258
Oxidizing,Object_06319
Pressurized,Object_06772
Food,Object_08246
Unspecified,Object_11471
Explosive,Object_03572
Flammable,Object_10099
Corrosive,Object_13433
Corrosive,Object_03559
Corrosive,Object_04422
Unspecified,Object_09286
Explosive,Object_09243
Food,Object_11357
Fragile,Object_08609
Explosive,Object_05742
Unspecified,Object_13330
Fragile,Object_04030
Fragile,Object_03904
Unspecified,Object_01539
Radioactive,Object_11773
Explosive,Object_06797
Fragile,Object_00277
Oxidizing,Object_10845
Fragile,Object_03477
Radioactive,Object_01725
Pressurized,Object_03333
Food,Object_00713
Food,Object_08107
Flammable,Object_07811
Corrosive,Object_09037
Explosive,Object_05317
Fragile,Object_05774
Unspecified,Object_13002
Flammable,Object_12700
Pressurized,Object_01154
Unspecified,Object_06364
Flammable,Object_05572
Flammable,Object_13778
Pressurized,Object_01751
Flammable,Object_04380
Pressurized,Object_06383
Explosive,Object_11517
Fragile,Object_07382
Oxidizing,Object_01732
Radioactive,Object_04664
Flammable,Object_13324
Flammable,Object_13104
Explosive,Object_07625
Corrosive,Object_03357
Radioactive,Object_04754
Fragile,Object_06780
Fragile,Object_05990
Explosive,Object_14263
Corrosive,Object_07683
Radioactive,Object_07592
Flammable,Object_11010
Fragile,Object_00918
Food,Object_05912
Radioactive,Object_11360
Corrosive,Object_14208
Flammable,Object_10942
Unspecified,Object_00832
Flammable,Object_12090
Flammable,Object_00862
Corrosive,Object_12006
Fragile,Object_11468
Unspecified,Object_13975
Toxic,Object_03639
Toxic,Object_03723
Radioactive,Object_03303
Corrosive,Object_13241
Pressurized,Object_02653
Explosive,Object_07336
Fragile,Object_13064
Pressurized,Object_14475
Radioactive,Object_03636
Food,Object_11548
Corrosive,Object_03084
Radioactive,Object_03057
Food,Object_06535
Flammable,Object_14498
Corrosive,Object_02170
Radioactive,Object_11556
Food,Object_04925
Radioactive,Object_03128
Flammable,Object_01634
Oxidizing,Object_07742
Corrosive,Object_13092
Fragile,Object_04226
Flammable,Object_13984
Fragile,Object_11786
Food,Object_02965
Fragile,Object_01326
Unspecified,Object_11575
Corrosive,Object_11760
Toxic,Object_05727
Food,Object_10541
Corrosive,Object_02573
Toxic,Object_08659
Unspecified,Object_04410
Fragile,Object_11432
Fragile,Object_06874
Fragile,Object_07840
Pressurized,Object_07259
Radioactive,Object_01306
Oxidizing,Object_07760
Corrosive,Object_05011
Flammable,Object_13808
Food,Object_04892
Pressurized,Object_05862
Explosive,Object_11334
Fragile,Object_12999
Toxic,Object_07034
Corrosive,Object_05190
Pressurized,Object_09823
Corrosive,Object_00241
Explosive,Object_09172
Oxidizing,Object_02165
Oxidizing,Object_07975
Pressurized,Object_08917
Flammable,Object_09636
Flammable,Object_09424
Flammable,Object_00044
Explosive,Object_06791
Toxic,Object_12057
Radioactive,Object_01166
Flammable,Object_06694
Toxic,Object_09067
Flammable,Object_08263
Pressurized,Object_13845
Pressurized,Object_07254
Corrosive,Object_04330
Pressurized,Object_05805
Explosive,Object_06942
Toxic,Object_02007
Unspecified,Object_07407
Fragile,Object_07426
Food,Object_02951
Pressurized,Object_08861
Pressurized,Object_00510
Toxic,Object_03163
Fragile,Object_10606
Unspecified,Object_02743
Toxic,Object_05732
Flammable,Object_13131
Radioactive,Object_11055
Corrosive,Object_04114
Toxic,Object_10114
Food,Object_13839
Explosive,Object_14006
Flammable,Object_07188
Oxidizing,Object_04193
Toxic,Object_08413
Fragile,Object_01400
Fragile,Object_02272
Flammable,Object_13603
Food,Object_03089
Oxidizing,Object_07949
Flammable,Object_13337
Unspecified,Object_01451
Toxic,Object_05086
Corrosive,Object_10314
Corrosive,Object_13033
Toxic,Object_09855
Radioactive,Object_13365
Unspecified,Object_09604
Unspecified,Object_10142
Food,Object_07665
Explosive,Object_06103
Corrosive,Object_10706
Toxic,Object_13789
Fragile,Object_09537
Flammable,Object_12901
Toxic,Object_12539
Toxic,Object_11571
Pressurized,Object_05925
Food,Object_06548
Radioactive,Object_07715
Radioactive,Object_13871
Radioactive,Object_01554
Food,Object_03644
Corrosive,Object_01565
Food,Object_01110
Explosive,Object_09363
Fragile,Object_10899
Unspecified,Object_02691
Oxidizing,Object_10977
Corrosive,Object_14246
Toxic,Object_07918
Unspecified,Object_01038
Explosive,Object_05237
Fragile,Object_08388
Food,Object_13186
Fragile,Object_07498
Toxic,Object_14143
Fragile,Object_08371
Fragile,Object_00332
Flammable,Object_00098
Fragile,Object_06439
Food,Object_01594
Fragile,Object_14490
Radioactive,Object_06184
Flammable,Object_04690
Fragile,Object_07518
Explosive,Object_02291
Flammable,Object_12900
Oxidizing,Object_12003
Fragile,Object_10913
Food,Object_01000
Flammable,Object_08502
Unspecified,Object_11315
Toxic,Object_06707
Fragile,Object_08974
Corrosive,Object_02317
Flammable,Object_11369
Fragile,Object_08034
Flammable,Object_00354
Flammable,Object_05905
Corrosive,Object_10069
Food,Object_01040
Explosive,Object_05949
Corrosive,Object_13468
Oxidizing,Object_10672
Unspecified,Object_12723
Toxic,Object_13056
Fragile,Object_08899
Unspecified,Object_12939
Flammable,Object_07479
Corrosive,Object_11370
Food,Object_12751
Radioactive,Object_00152
Oxidizing,Object_09409
Toxic,Object_01195
Unspecified,Object_07166
Flammable,Object_02876
Toxic,Object_07329
Explosive,Object_12859
Food,Object_00262
Radioactive,Object_08921
Radioactive,Object_12070
Flammable,Object_02761
Oxidizing,Object_07574
Corrosive,Object_08805
Explosive,Object_02697
Food,Object_06010
Corrosive,Object_00736
Explosive,Object_14366
Pressurized,Object_12071
Corrosive,Object_11878
Flammable,Object_02606
Flammable,Object_01839
Explosive,Object_14270
Fragile,Object_09583
Fragile,Object_14009
Unspecified,Object_04864
Corrosive,Object_03893
Food,Object_04988
Unspecified,Object_09563
Unspecified,Object_05236
Explosive,Object_07878
Corrosive,Object_11116
Food,Object_12456
Unspecified,Object_05538
Explosive,Object_14515
Oxidizing,Object_10885
Unspecified,Object_12017
Fragile,Object_06440
Flammable,Object_14292
Corrosive,Object_12079
Radioactive,Object_05965
Explosive,Object_12286
Food,Object_08336
Toxic,Object_08827
Corrosive,Object_00371
Flammable,Object_07835
Unspecified,Object_07756
Fragile,Object_00495
Unspecified,Object_11247
Toxic,Object_04054
Pressurized,Object_06157
Fragile,Object_06421
Explosive,Object_03861
Unspecified,Object_09849
Fragile,Object_09750
Unspecified,Object_08378
Corrosive,Object_10222
Unspecified,Object_08478
Radioactive,Object_09059
Corrosive,Object_01589
Toxic,Object_08115
Oxidizing,Object_07462
Unspecified,Object_14649
Corrosive,Object_09614
Explosive,Object_03433
Pressurized,Object_06138
Unspecified,Object_05614
Unspecified,Object_07003
Radioactive,Object_06658
Flammable,Object_10652
Pressurized,Object_10831
Unspecified,Object_14385
Fragile,Object_00151
Food,Object_05690
Unspecified,Object_01463
Unspecified,Object_09418
Unspecified,Object_06108
Pressurized,Object_01897
Flammable,Object_11376
Unspecified,Object_06948
Unspecified,Object_03467
Pressurized,Object_01310
Fragile,Object_12550
Flammable,Object_08615
Corrosive,Object_03809
Toxic,Object_14123
Corrosive,Object_02245
Food,Object_11610
Explosive,Object_00973
Corrosive,Object_02498
Pressurized,Object_00777
Corrosive,Object_10585
Explosive,Object_02163
Toxic,Object_08257
Flammable,Object_08085
Explosive,Object_09871
Pressurized,Object_00763
Toxic,Object_00877
Flammable,Object_04090
Corrosive,Object_06572
Explosive,Object_00728
Toxic,Object_08202
Food,Object_07339
Fragile,Object_10630
Unspecified,Object_00639
Radioactive,Object_04436
Toxic,Object_00218
Unspecified,Object_02421
Pressurized,Object_07208
Fragile,Object_01697
Pressurized,Object_08722
Radioactive,Object_13636
Oxidizing,Object_01735
Flammable,Object_03831
Explosive,Object_13083
Food,Object_13867
Unspecified,Object_13179
Toxic,Object_08227
Explosive,Object_08343
Unspecified,Object_09640
Food,Object_02973
Corrosive,Object_11127
Toxic,Object_13768
Fragile,Object_08697
Radioactive,Object_01532
Flammable,Object_02557
Toxic,Object_07808
Oxidizing,Object_03784
Unspecified,Object_00265
Fragile,Object_14175
Pressurized,Object_02527
Food,Object_10448
Fragile,Object_11110
Toxic,Object_05048
Food,Object_04534
Explosive,Object_13925
Unspecified,Object_08821
Corrosive,Object_04015
Flammable,Object_08280
Flammable,Object_13086
Unspecified,Object_06417
Pressurized,Object_11347
Oxidizing,Object_04995
Corrosive,Object_07405
Explosive,Object_08161
Fragile,Object_07451
Oxidizing,Object_09204
Flammable,Object_00998
Unspecified,Object_03083
Food,Object_12637
Radioactive,Object_08983
Oxidizing,Object_02232
Unspecified,Object_11870
Corrosive,Object_03756
Fragile,Object_04934
Food,Object_08667
Food,Object_07666
Radioactive,Object_01026
Oxidizing,Object_10705
Radioactive,Object_04786
Toxic,Object_07952
Flammable,Object_09874
Flammable,Object_09203
Flammable,Object_04755
Flammable,Object_01633
Food,Object_04774
Explosive,Object_13503
Oxidizing,Object_09256
Pressurized,Object_00791
Oxidizing,Object_02613
Food,Object_12363
Pressurized,Object_06674
Corrosive,Object_06800
Explosive,Object_06504
Food,Object_10600
Corrosive,Object_07664
Radioactive,Object_01123
Unspecified,Object_05711
Oxidizing,Object_02415
Flammable,Object_14167
Pressurized,Object_03178
Food,Object_00087
Flammable,Object_02303
Fragile,Object_08029
Flammable,Object_12741
Explosive,Object_03770
Pressurized,Object_06486
Oxidizing,Object_04551
Pressurized,Object_04291
Radioactive,Object_06222
Unspecified,Object_00572
Fragile,Object_10753
Explosive,Object_10580
Pressurized,Object_12306
Oxidizing,Object_11948
Unspecified,Object_03765
Fragile,Object_11424
Oxidizing,Object_09602
Fragile,Object_07787
Pressurized,Object_13602
Unspecified,Object_10239
Corrosive,Object_02673
Toxic,Object_02101
Food,Object_13252
Explosive,Object_13166
Fragile,Object_05456
Food,Object_05252
Fragile,Object_13021
Toxic,Object_00270
Food,Object_03911
Explosive,Object_06051
Pressurized,Object_08610
Toxic,Object_09227
Toxic,Object_14155
Fragile,Object_06291
Pressurized,Object_08282
Fragile,Object_12402
Explosive,Object_12248
Radioactive,Object_01994
Food,Object_13788
Explosive,Object_09342
Corrosive,Object_10220
Toxic,Object_11227
Toxic,Object_07074
Radioactive,Object_10583
Corrosive,Object_04532
Explosive,Object_04463
Food,Object_07427
Pressurized,Object_02162
Fragile,Object_01201
Pressurized,Object_09446
Corrosive,Object_09652
Unspecified,Object_09598
Pressurized,Object_01573
Toxic,Object_02708
Fragile,Object_03484
Food,Object_06852
Food,Object_10802
Flammable,Object_13037
Corrosive,Object_03326
Fragile,Object_12719
Radioactive,Object_07579
Pressurized,Object_10067
Oxidizing,Object_06725
Fragile,Object_04337
Corrosive,Object_02194
Explosive,Object_05736
Flammable,Object_01771
Toxic,Object_08836
Oxidizing,Object_05943
Pressurized,Object_14233
Corrosive,Object_02016
Radioactive,Object_13539
Food,Object_02882
Corrosive,Object_08890
Radioactive,Object_05439
Radioactive,Object_13694
Corrosive,Object_14383
Toxic,Object_04218
Toxic,Object_00010
Explosive,Object_12304
Radioactive,Object_00501
Food,Object_13103
Explosive,Object_08579
Pressurized,Object_12016
Radioactive,Object_02595
Flammable,Object_04716
Food,Object_10653
Corrosive,Object_14486
Flammable,Object_02655
Toxic,Object_05843
Corrosive,Object_06526
Radioactive,Object_08018
Corrosive,Object_10615
Radioactive,Object_13353
Pressurized,Object_11795
Fragile,Object_08275
Unspecified,Object_00676
Corrosive,Object_03033
Food,Object_10230
Oxidizing,Object_02600
Corrosive,Object_09493
Fragile,Object_05746
Oxidizing,Object_10128
Fragile,Object_10416
Food,Object_14324
Fragile,Object_05827
Food,Object_14415
Oxidizing,Object_04930
Unspecified,Object_10677
Unspecified,Object_13546
Oxidizing,Object_04401
Unspecified,Object_10025
Explosive,Object_12902
Fragile,Object_03019
Food,Object_09366
Pressurized,Object_13814
Fragile,Object_06136
Food,Object_06518
Oxidizing,Object_00454
Flammable,Object_01525
Pressurized,Object_10912
Fragile,Object_00115
Explosive,Object_05406
Food,Object_08317
Toxic,Object_10441
Pressurized,Object_11790
Unspecified,Object_05620
Explosive,Object_11529
Radioactive,Object_02193
Radioactive,Object_13207
Food,Object_09875
Food,Object_00459
Explosive,Object_10144
Corrosive,Object_12893
Unspecified,Object_03465
Corrosive,Object_05064
Food,Object_11709
Pressurized,Object_07855
Explosive,Object_03426
Toxic,Object_04956
Corrosive,Object_08237
Explosive,Object_04623
Flammable,Object_04776
Radioactive,Object_01108
Oxidizing,Object_14568
Fragile,Object_06810
Corrosive,Object_12555
Corrosive,Object_05932
Oxidizing,Object_00794
Fragile,Object_09123
Oxidizing,Object_01911
Flammable,Object_10349
Explosive,Object_06079
Pressurized,Object_01469
Unspecified,Object_00493
Radioactive,Object_13199
Unspecified,Object_04790
Toxic,Object_09197
Toxic,Object_14494
Explosive,Object_07275
Explosive,Object_07168
Unspecified,Object_13481
Oxidizing,Object_08550
Oxidizing,Object_13349
Pressurized,Object_02288
Explosive,Object_00581
Corrosive,Object_10322
Oxidizing,Object_06887
Unspecified,Object_14089
Oxidizing,Object_07846
Food,Object_03790
Corrosive,Object_02668
Oxidizing,Object_13857
Unspecified,Object_11961
Oxidizing,Object_06542
Unspecified,Object_04719
Oxidizing,Object_00556
Explosive,Object_06986
Fragile,Object_12846
Corrosive,Object_05369
Fragile,Object_10623
Unspecified,Object_10329
Explosive,Object_13403
Food,Object_06784
Radioactive,Object_08812
Pressurized,Object_09581
Fragile,Object_02858
Food,Object_09170
Unspecified,Object_10943
Toxic,Object_10379
Oxidizing,Object_01758
Corrosive,Object_01293
Explosive,Object_12345
Oxidizing,Object_02403
Unspecified,Object_05613
Flammable,Object_02274
Explosive,Object_07587
Explosive,Object_05052
Radioactive,Object_06314
Pressurized,Object_06686
Fragile,Object_13945
Corrosive,Object_11857
Corrosive,Object_10318
Food,Object_09975
Unspecified,Object_08253
Explosive,Object_01611
Corrosive,Object_01431
Radioactive,Object_01574
Explosive,Object_05838
Corrosive,Object_05366
Toxic,Object_14232
Fragile,Object_01536
Flammable,Object_06483
Fragile,Object_06168
Fragile,Object_04596
Fragile,Object_10629
Unspecified,Object_02290
Food,Object_01145
Flammable,Object_11959
Corrosive,Object_13827
Food,Object_06424
Fragile,Object_01192
Corrosive,Object_12062
Unspecified,Object_04587
Unspecified,Object_13356
Toxic,Object_13601
Radioactive,Object_08698
Radioactive,Object_04803
Radioactive,Object_13291
Flammable,Object_00573
Flammable,Object_07567
Pressurized,Object_10472
Flammable,Object_12619
Fragile,Object_07333
Fragile,Object_02015
Flammable,Object_06866
Oxidizing,Object_12301
Fragile,Object_01021
Food,Object_05765
Toxic,Object_14185
Fragile,Object_07236
Food,Object_04257
Unspecified,Object_13528
Flammable,Object_01807
Explosive,Object_03552
Fragile,Object_07508
Corrosive,Object_08016
Food,Object_11824
Corrosive,Object_01315
Unspecified,Object_10709
Radioactive,Object_07830
Unspecified,Object_07048
Unspecified,Object_01261
Pressurized,Object_04686
Unspecified,Object_08435
Flammable,Object_11403
Flammable,Object_12858
Food,Object_13253
Oxidizing,Object_00360
Flammable,Object_12929
Toxic,Object_02252
Oxidizing,Object_11555
Fragile,Object_12805
Radioactive,Object_04841
Pressurized,Object_01579
Radioactive,Object_08273
Unspecified,Object_05908
Explosive,Object_03541
Unspecified,Object_00601
Unspecified,Object_12731
Unspecified,Object_00448
Flammable,Object_00634
Food,Object_03620
Food,Object_09313
Toxic,Object_06460
Food,Object_02371
Flammable,Object_02198
Pressurized,Object_09776
Unspecified,Object_10264
Explosive,Object_00306
Unspecified,Object_09322
Corrosive,Object_13471
Flammable,Object_04962
Oxidizing,Object_11231
Flammable,Object_06606
Food,Object_08994
Food,Object_14597
Food,Object_13628
Flammable,Object_14681
Food,Object_08044
Toxic,Object_00575
Explosive,Object_11871
Flammable,Object_12831
Pressurized,Object_11296
Radioactive,Object_06888
Radioactive,Object_13254
Corrosive,Object_03334
Corrosive,Object_01702
Unspecified,Object_04513
Radioactive,Object_11853
Food,Object_04950
Fragile,Object_12822
Food,Object_07430
Food,Object_08276
Explosive,Object_06893
Food,Object_09184
Explosive,Object_02700
Corrosive,Object_07899
Corrosive,Object_02155
Fragile,Object_12947
Flammable,Object_10830
Radioactive,Object_02407
Oxidizing,Object_02568
Corrosive,Object_06479
Fragile,Object_11430
Explosive,Object_10561
Fragile,Object_07422
Toxic,Object_09399
Unspecified,Object_10498
Unspecified,Object_02831
Corrosive,Object_11889
Corrosive,Object_02121
Oxidizing,Object_00214
Pressurized,Object_00079
Explosive,Object_06099
Toxic,Object_04554
Unspecified,Object_04474
Fragile,Object_09030
Flammable,Object_07053
Pressurized,Object_01714
Toxic,Object_10103
Radioactive,Object_00180
Corrosive,Object_12146
Explosive,Object_00066
Corrosive,Object_00995
Oxidizing,Object_10145
Oxidizing,Object_04442
Food,Object_09967
Explosive,Object_06884
Explosive,Object_09306
Oxidizing,Object_03323
Food,Object_04376
Explosive,Object_08526
Flammable,Object_11605
Flammable,Object_14237
Corrosive,Object_09175
Flammable,Object_06612
Explosive,Object_08095
Unspecified,Object_08440
Oxidizing,Object_10768
Fragile,Object_07639
Flammable,Object_13474
Oxidizing,Object_09988
Radioactive,Object_10120
Toxic,Object_05895
Oxidizing,Object_11146
Oxidizing,Object_09389
Oxidizing,Object_12182
Radioactive,Object_00487
Food,Object_00225
Radioactive,Object_09748
Fragile,Object_04943
Explosive,Object_01254
Explosive,Object_03751
Corrosive,Object_07877
Flammable,Object_13621
Oxidizing,Object_03003
Corrosive,Object_11306
Explosive,Object_11325
Pressurized,Object_11762
Pressurized,Object_11100
Fragile,Object_04843
Unspecified,Object_10657
Fragile,Object_00760
Fragile,Object_02607
Toxic,Object_08848
Toxic,Object_07917
Radioactive,Object_04400
Food,Object_14545
Fragile,Object_01366
Fragile,Object_05795
Explosive,Object_02784
Oxidizing,Object_09786
Fragile,Object_03593
Explosive,Object_02917
Unspecified,Object_01065
Pressurized,Object_11523
Pressurized,Object_08950
Flammable,Object_00796
Food,Object_04476
Fragile,Object_11944
Corrosive,Object_06397
Pressurized,Object_05868
Flammable,Object_01701
Oxidizing,Object_01809
Flammable,Object_13949
Fragile,Object_09282
Flammable,Object_12256
Corrosive,Object_12351
Food,Object_08051
Toxic,Object_11384
Unspecified,Object_13351
Explosive,Object_13313
Radioactive,Object_08042
Unspecified,Object_06894
Toxic,Object_04874
Radioactive,Object_03657
Food,Object_09287
Flammable,Object_04151
Unspecified,Object_02111
Corrosive,Object_05101
Fragile,Object_01250
Fragile,Object_14410
Food,Object_02768
Explosive,Object_01296
Toxic,Object_10564
Oxidizing,Object_13886
Toxic,Object_09898
Flammable,Object_00502
Radioactive,Object_12674
Toxic,Object_08128
Flammable,Object_09550
Explosive,Object_07940
Unspecified,Object_13031
Corrosive,Object_03225
Fragile,Object_10218
Radioactive,Object_08506
Pressurized,Object_10591
Flammable,Object_06278
Radioactive,Object_01181
Explosive,Object_04048
Oxidizing,Object_13953
Explosive,Object_07245
Toxic,Object_05532
Corrosive,Object_02128
Toxic,Object_03551
Fragile,Object_10700
Toxic,Object_10045
Toxic,Object_12564
Toxic,Object_12278
Explosive,Object_06496
Radioactive,Object_04833
Pressurized,Object_09155
Pressurized,Object_02242
Food,Object_08217
Explosive,Object_10038
Pressurized,Object_09501
Flammable,Object_03963
Radioactive,Object_14483
Fragile,Object_12480
Food,Object_11409
Flammable,Object_07152
Radioactive,Object_03847
Radioactive,Object_09530
Oxidizing,Object_06581
Food,Object_10111
Unspecified,Object_08165
Unspecified,Object_09056
Food,Object_01435
Oxidizing,Object_02646
Unspecified,Object_05610
Radioactive,Object_05822
Toxic,Object_06419
Corrosive,Object_06093
Toxic,Object_01621
Explosive,Object_09369
Corrosive,Object_09600
Explosive,Object_07419
Radioactive,Object_04386
Oxidizing,Object_05476
Corrosive,Object_07754
Flammable,Object_00287
Pressurized,Object_07942
Toxic,Object_02307
Toxic,Object_08209
Flammable,Object_03515
Explosive,Object_07957
Oxidizing,Object_03405
Flammable,Object_08944
Pressurized,Object_02601
Unspecified,Object_10273
Food,Object_13769
Flammable,Object_00154
Fragile,Object_11298
Fragile,Object_03279
Oxidizing,Object_10470
Corrosive,Object_07220
Fragile,Object_14281
Pressurized,Object_14002
Radioactive,Object_07075
Pressurized,Object_00297
Pressurized,Object_11552
Flammable,Object_06112
Radioactive,Object_01175
Corrosive,Object_03281
Food,Object_10697
Explosive,Object_14159
Corrosive,Object_08624
Radioactive,Object_03522
Oxidizing,Object_06726
Radioactive,Object_12968
Corrosive,Object_01728
Flammable,Object_09946
Pressurized,Object_11991
Corrosive,Object_10277
Pressurized,Object_14574
Toxic,Object_12894
Explosive,Object_13853
Explosive,Object_02448
Corrosive,Object_06978
Corrosive,Object_09179
Explosive,Object_05081
Radioactive,Object_09622
Oxidizing,Object_03434
Toxic,Object_14112
Toxic,Object_02749
Flammable,Object_03917
Explosive,Object_03418
Food,Object_06530
Radioactive,Object_10299
Unspecified,Object_04258
Flammable,Object_03117
Pressurized,Object_00894
Toxic,Object_06037
Flammable,Object_09267
Explosive,Object_04914
Explosive,Object_14386
Food,Object_06016
Corrosive,Object_13600
Fragile,Object_07783
Flammable,Object_11495
Fragile,Object_05856
Unspecified,Object_05347
Pressurized,Object_12620
Toxic,Object_14266
Unspecified,Object_14421
Pressurized,Object_11792
Unspecified,Object_00028
Flammable,Object_05036
Explosive,Object_09693
Fragile,Object_09522
Pressurized,Object_06390
Oxidizing,Object_09570
Pressurized,Object_09911
Flammable,Object_11381
Unspecified,Object_14624
Corrosive,Object_03667
Toxic,Object_12629
Oxidizing,Object_09029
Flammable,Object_00959
Oxidizing,Object_13486
Explosive,Object_10426
Corrosive,Object_03748
Fragile,Object_10266
Pressurized,Object_13675
Explosive,Object_06045
Toxic,Object_00169
Pressurized,Object_12513
Radioactive,Object_02008
Flammable,Object_09111
Corrosive,Object_00156
Corrosive,Object_07140
Corrosive,Object_09482
Oxidizing,Object_13961
Pressurized,Object_14102
Toxic,Object_13722
Fragile,Object_12981
Fragile,Object_13203
Fragile,Object_07056
Explosive,Object_11805
Fragile,Object_13122
Pressurized,Object_02947
Pressurized,Object_01121
Explosive,Object_07269
Fragile,Object_09744
Unspecified,Object_12995
Unspecified,Object_04295
Corrosive,Object_08038
Pressurized,Object_07334
Oxidizing,Object_03046
Explosive,Object_03218
Flammable,Object_12027
Oxidizing,Object_12401
Unspecified,Object_04933
Unspecified,Object_01642
Radioactive,Object_10439
Oxidizing,Object_14081
Flammable,Object_06121
Oxidizing,Object_10465
Flammable,Object_12511
Unspecified,Object_00605
Unspecified,Object_02397
Explosive,Object_03955
Fragile,Object_14229
Fragile,Object_09534
Oxidizing,Object_01951
Toxic,Object_05646
Corrosive,Object_07224
Fragile,Object_11438
Radioactive,Object_01889
Corrosive,Object_14360
Toxic,Object_09801
Unspecified,Object_06517
Flammable,Object_11131
Unspecified,Object_02114
Corrosive,Object_11785
Explosive,Object_05907
Explosive,Object_13200
Radioactive,Object_06527
Food,Object_08134
Unspecified,Object_02357
Corrosive,Object_08580
Food,Object_14063
Radioactive,Object_00849
Food,Object_07960
Radioactive,Object_14400
Toxic,Object_05754
Toxic,Object_01054
Radioactive,Object_00993
Pressurized,Object_11741
Pressurized,Object_02136
Toxic,Object_14467
Corrosive,Object_00091
Radioactive,Object_00384
Toxic,Object_13072
Fragile,Object_09328
Pressurized,Object_10187
Flammable,Object_11194
Fragile,Object_09767
Oxidizing,Object_11647
Flammable,Object_13047
Explosive,Object_04851
Unspecified,Object_11707
Radioactive,Object_12087
Explosive,Object_01413
Toxic,Object_08936
Pressurized,Object_14099
Corrosive,Object_04699
Flammable,Object_01148
Corrosive,Object_12381
Unspecified,Object_10948
Food,Object_00900
Unspecified,Object_13227
Radioactive,Object_10798
Pressurized,Object_09425
Food,Object_03724
Corrosive,Object_12230
Corrosive,Object_00310
Oxidizing,Object_02379
Radioactive,Object_10849
Explosive,Object_07324
Food,Object_04828
Unspecified,Object_04000
Flammable,Object_11900
Fragile,Object_00249
Unspecified,Object_12752
Fragile,Object_10131
Food,Object_02701
Toxic,Object_07921
Explosive,Object_10775
Food,Object_00052
Food,Object_00679
Fragile,Object_09847
Fragile,Object_01370
Explosive,Object_09894
Radioactive,Object_07474
Toxic,Object_08847
Fragile,Object_11677
Flammable,Object_02294
Flammable,Object_11705
Radioactive,Object_08027
Unspecified,Object_10636
Flammable,Object_14249
Fragile,Object_07282
Radioactive,Object_12775
Explosive,Object_12056
Toxic,Object_10810
Pressurized,Object_03177
Fragile,Object_07060
Corrosive,Object_04414
Toxic,Object_07315
Explosive,Object_06980
Toxic,Object_02035
Oxidizing,Object_11203
Fragile,Object_01569
Oxidizing,Object_03442
Unspecified,Object_14211
Oxidizing,Object_10244
Corrosive,Object_02118
Toxic,Object_07441
Corrosive,Object_04037
Unspecified,Object_01706
Radioactive,Object_13091
Food,Object_12790
Corrosive,Object_03113
Fragile,Object_11524
Corrosive,Object_01803
Pressurized,Object_02393
Flammable,Object_06970
Food,Object_06128
Explosive,Object_07938
Pressurized,Object_00417
Fragile,Object_09686
Toxic,Object_09671
Unspecified,Object_04709
Pressurized,Object_10614
Toxic,Object_11759
Pressurized,Object_00373
Unspecified,Object_05656
Unspecified,Object_07219
Unspecified,Object_06197
Food,Object_13969
Unspecified,Object_12787
Radioactive,Object_02665
Food,Object_02605
Radioactive,Object_00261
Explosive,Object_10920
Flammable,Object_02740
Flammable,Object_06564
Flammable,Object_04435
Radioactive,Object_03290
Toxic,Object_08725
Radioactive,Object_12353
Unspecified,Object_00227
Oxidizing,Object_12279
Toxic,Object_06257
Food,Object_05470
Fragile,Object_01506
Explosive,Object_09983
Fragile,Object_08504
Unspecified,Object_08186
Fragile,Object_07169
Toxic,Object_14454
Corrosive,Object_07443
Food,Object_10714
Food,Object_06520
Oxidizing,Object_10918
Radioactive,Object_12809
Flammable,Object_00762
Oxidizing,Object_03799
Fragile,Object_13592
Flammable,Object_05283
Radioactive,Object_09325
Toxic,Object_08417
Unspecified,Object_12743
Toxic,Object_11040
Corrosive,Object_08362
Fragile,Object_10105
Corrosive,Object_09576
Fragile,Object_11651
Radioactive,Object_09923
Radioactive,Object_10685
Corrosive,Object_02929
Fragile,Object_02662
Toxic,Object_02185
Fragile,Object_00460
Pressurized,Object_04317
Fragile,Object_01470
Flammable,Object_09672
Food,Object_02921
Toxic,Object_08294
Food,Object_06621
Explosive,Object_08039
Food,Object_13123
Flammable,Object_08037
Unspecified,Object_02266
Food,Object_11941
Pressurized,Object_14417
Fragile,Object_11229
Toxic,Object_08368
Explosive,Object_03783
Fragile,Object_14260
Explosive,Object_10915
Explosive,Object_12222
Pressurized,Object_13650
Corrosive,Object_01902
Flammable,Object_14500
Pressurized,Object_11847
Food,Object_08998
Explosive,Object_02893
Oxidizing,Object_00913
Corrosive,Object_09641
Flammable,Object_01271
Explosive,Object_05674
Radioactive,Object_14376
Oxidizing,Object_14605
Oxidizing,Object_05099
Explosive,Object_01864
Toxic,Object_12514
Oxidizing,Object_09949
Flammable,Object_14040
Pressurized,Object_11262
Flammable,Object_10919
Radioactive,Object_12710
Radioactive,Object_03583
Explosive,Object_03698
Corrosive,Object_02533
Corrosive,Object_10896
Explosive,Object_03555
Flammable,Object_09956
Food,Object_08393
Oxidizing,Object_02453
Unspecified,Object_04711
Food,Object_12871
Food,Object_11553
Oxidizing,Object_13832
Pressurized,Object_06097
Food,Object_08784
Radioactive,Object_01491
Radioactive,Object_11745
Food,Object_08092
Fragile,Object_02097
Unspecified,Object_08114
Toxic,Object_09480
Corrosive,Object_08258
Toxic,Object_01933
Explosive,Object_06603
Food,Object_10598
Unspecified,Object_06672
Toxic,Object_08679
Oxidizing,Object_12412
Unspecified,Object_08956
Corrosive,Object_02040
Unspecified,Object_14622
Flammable,Object_09877
Flammable,Object_11029
Unspecified,Object_14643
Pressurized,Object_00253
Toxic,Object_04251
Explosive,Object_01313
Toxic,Object_12729
Unspecified,Object_11086
Pressurized,Object_06408
Fragile,Object_03915
Fragile,Object_12505
Explosive,Object_00662
Corrosive,Object_08884
Food,Object_04307
Corrosive,Object_05934
Flammable,Object_01577
Corrosive,Object_06654
Oxidizing,Object_12216
Explosive,Object_09192
Radioactive,Object_12167
Corrosive,Object_08486
Flammable,Object_07993
Explosive,Object_06490
Corrosive,Object_03733
Oxidizing,Object_06704
Toxic,Object_12959
Fragile,Object_12196
Oxidizing,Object_06169
Oxidizing,Object_09921
Toxic,Object_05354
Oxidizing,Object_06845
Pressurized,Object_07966
Fragile,Object_07713
Fragile,Object_01471
Toxic,Object_04598
Explosive,Object_01598
Flammable,Object_08975
Food,Object_07199
Flammable,Object_09195
Flammable,Object_06238
Corrosive,Object_12019
Radioactive,Object_12532
Oxidizing,Object_03650
Explosive,Object_11550
Pressurized,Object_02887
Corrosive,Object_07964
Toxic,Object_06712
Pressurized,Object_03718
Food,Object_02963
Fragile,Object_13268
Radioactive,Object_13480
Toxic,Object_13870
Corrosive,Object_03585
Flammable,Object_06309
Pressurized,Object_06144
Fragile,Object_06107
Oxidizing,Object_14354
Unspecified,Object_04478
Toxic,Object_06432
Explosive,Object_04979
Oxidizing,Object_05652
Toxic,Object_09436
Radioactive,Object_14542
Flammable,Object_14350
Toxic,Object_08333
Explosive,Object_04584
Fragile,Object_02724
Radioactive,Object_14552
Unspecified,Object_08887
Explosive,Object_10558
Food,Object_09546
Explosive,Object_14301
Unspecified,Object_11239
Pressurized,Object_07164
Toxic,Object_14390
Pressurized,Object_02089
Explosive,Object_06898
Toxic,Object_13801
Unspecified,Object_07824
Radioactive,Object_13418
Food,Object_05954
Oxidizing,Object_00520
Explosive,Object_07788
Flammable,Object_08482
Radioactive,Object_07205
Explosive,Object_02570
Radioactive,Object_11952
Fragile,Object_08787
Flammable,Object_11123
Food,Object_09004
Unspecified,Object_06264
Fragile,Object_14440
Fragile,Object_08063
Food,Object_06423
Radioactive,Object_14530
Explosive,Object_14667
Fragile,Object_12253
Explosive,Object_13043
Food,Object_01931
Food,Object_01934
Pressurized,Object_08670
Pressurized,Object_12021
Radioactive,Object_11157
Unspecified,Object_10927
Food,Object_14084
Toxic,Object_00432
Radioactive,Object_09816
Oxidizing,Object_00674
Food,Object_10809
Explosive,Object_02795
Radioactive,Object_05316
Food,Object_13828
Flammable,Object_08883
Flammable,Object_10891
Explosive,Object_12114
Radioactive,Object_11375
Radioactive,Object_14070
Explosive,Object_11332
Pressurized,Object_07092
Corrosive,Object_04679
Food,Object_00827
Food,Object_04654
Corrosive,Object_02345
Flammable,Object_01066
Explosive,Object_02705
Radioactive,Object_09850
Explosive,Object_09244
Pressurized,Object_13850
Pressurized,Object_10954
Unspecified,Object_09866
Pressurized,Object_10702
Unspecified,Object_07029
Pressurized,Object_04246
Flammable,Object_08909
Fragile,Object_06841
Corrosive,Object_12088
Radioactive,Object_01291
Fragile,Object_07212
Unspecified,Object_09196
Radioactive,Object_00579
Oxidizing,Object_03042
Corrosive,Object_01124
Flammable,Object_11112
Food,Object_06195
Toxic,Object_08521
Radioactive,Object_02933
Fragile,Object_01008
Corrosive,Object_09856
Flammable,Object_11999
Radioactive,Object_02941
Pressurized,Object_04696
Food,Object_01799
Fragile,Object_02082
Food,Object_08043
Flammable,Object_09211
Toxic,Object_01970
Corrosive,Object_10452
Toxic,Object_14419
Pressurized,Object_10897
Toxic,Object_09182
Fragile,Object_01643
Toxic,Object_02907
Flammable,Object_10307
Food,Object_03987
Flammable,Object_03499
Corrosive,Object_10967
Oxidizing,Object_10236
Pressurized,Object_06324
Unspecified,Object_03653
Corrosive,Object_09938
Flammable,Object_13654
Toxic,Object_10944
Toxic,Object_11757
Food,Object_07367
Explosive,Object_05829
Toxic,Object_10291
Flammable,Object_12460
Radioactive,Object_09559
Radioactive,Object_10172
Oxidizing,Object_08943
Explosive,Object_06401
Corrosive,Object_05121
Oxidizing,Object_08817
Toxic,Object_08292
Pressurized,Object_10916
Flammable,Object_01581
Pressurized,Object_08390
Radioactive,Object_10496
Food,Object_11590
Corrosive,Object_07005
Radioactive,Object_10245
Toxic,Object_10991
Pressurized,Object_04329
Unspecified,Object_02943
Fragile,Object_13689
Pressurized,Object_10070
Unspecified,Object_04813
Food,Object_06322
Explosive,Object_07680
Oxidizing,Object_08826
Corrosive,Object_12055
Food,Object_08268
Radioactive,Object_04958
Pressurized,Object_02699
Explosive,Object_13826
Fragile,Object_02719
Corrosive,Object_12148
Toxic,Object_05390
Food,Object_10747
Radioactive,Object_00765
Pressurized,Object_07323
Oxidizing,Object_07204
Toxic,Object_13218
Toxic,Object_09149
Toxic,Object_06183
Radioactive,Object_11201
Pressurized,Object_14227
Radioactive,Object_06814
Flammable,Object_01452
Fragile,Object_00494
Explosive,Object_07452
Oxidizing,Object_00755
Fragile,Object_10066
Toxic,Object_09403
Fragile,Object_04987
Flammable,Object_06452
Fragile,Object_13980
Flammable,Object_13807
Pressurized,Object_04849
Flammable,Object_13375
Oxidizing,Object_00657
Explosive,Object_12868
Explosive,Object_06217
Corrosive,Object_06779
Corrosive,Object_07373
Explosive,Object_05296
Flammable,Object_13918
Explosive,Object_02264
Unspecified,Object_09793
Food,Object_06741
Flammable,Object_04215
Flammable,Object_02806
Oxidizing,Object_03315
Pressurized,Object_01824
Corrosive,Object_03143
Radioactive,Object_07174
Fragile,Object_02313
Unspecified,Object_11117
Toxic,Object_11719
Food,Object_12029
Food,Object_12405
Explosive,Object_00198
Pressurized,Object_10611
Oxidizing,Object_02632
Radioactive,Object_13323
Radioactive,Object_11685
Flammable,Object_04757
Pressurized,Object_14337
Fragile,Object_06081
Corrosive,Object_13060
Unspecified,Object_02199
Fragile,Object_00289
Flammable,Object_12125
Unspecified,Object_01693
Oxidizing,Object_13926
Fragile,Object_09255
Unspecified,Object_10871
Explosive,Object_04531
Explosive,Object_10975
Unspecified,Object_05432
Oxidizing,Object_05084
Flammable,Object_12323
Toxic,Object_09960
Pressurized,Object_14264
Unspecified,Object_12744
Food,Object_05107
Fragile,Object_12957
Unspecified,Object_04660
Unspecified,Object_14556
Corrosive,Object_14529
Radioactive,Object_06118
Oxidizing,Object_01591
Fragile,Object_13907
Food,Object_02279
Food,Object_01062
Toxic,Object_03925
Flammable,Object_12099
Pressurized,Object_11219
Food,Object_03705
Unspecified,Object_00133
Food,Object_07631
Corrosive,Object_11511
Unspecified,Object_05763
Oxidizing,Object_04872
Toxic,Object_12935
Toxic,Object_07989
Radioactive,Object_13868
Fragile,Object_05026
Fragile,Object_07652
Radioactive,Object_10612
Food,Object_09359
Pressurized,Object_10411
Explosive,Object_13317
Explosive,Object_12208
Food,Object_06378
Oxidizing,Object_12142
Oxidizing,Object_08079
Explosive,Object_02623
Corrosive,Object_11462
Flammable,Object_12705
Flammable,Object_01794
Fragile,Object_08355
Oxidizing,Object_05153
Radioactive,Object_04049
Food,Object_05392
Toxic,Object_12823
Explosive,Object_08965
Oxidizing,Object_01568
Food,Object_08278
Flammable,Object_01135
Corrosive,Object_02588
Corrosive,Object_08845
Flammable,Object_01322
Oxidizing,Object_12231
Unspecified,Object_08326
Flammable,Object_07982
Oxidizing,Object_06753
Flammable,Object_02414
Corrosive,Object_09582
Explosive,Object_01582
Food,Object_11617
Unspecified,Object_03739
Fragile,Object_14576
Pressurized,Object_08519
Flammable,Object_00127
Oxidizing,Object_04154
Fragile,Object_06196
Unspecified,Object_07721
Toxic,Object_09920
Flammable,Object_03529
Radioactive,Object_11069
Corrosive,Object_03520
Flammable,Object_01746
Pressurized,Object_10431
Explosive,Object_01522
Explosive,Object_01916
Explosive,Object_10384
Toxic,Object_04428
Radioactive,Object_04682
Toxic,Object_13557
Flammable,Object_07755
Corrosive,Object_03048
Flammable,Object_13787
Pressurized,Object_00353
Fragile,Object_05706
Corrosive,Object_12420
Explosive,Object_01667
Flammable,Object_07548
Corrosive,Object_07953
Toxic,Object_05530
Flammable,Object_12634
Food,Object_13695
Food,Object_09813
Radioactive,Object_11005
Flammable,Object_10730
Food,Object_01774
Flammable,Object_10443
Explosive,Object_12606
Pressurized,Object_02883
Pressurized,Object_07055
Corrosive,Object_00816
Toxic,Object_11490
Fragile,Object_11026
Radioactive,Object_11056
Explosive,Object_04449
Toxic,Object_07100
Flammable,Object_12861
Oxidizing,Object_10340
Pressurized,Object_06599
Unspecified,Object_01312
Explosive,Object_12443
Pressurized,Object_09974
Fragile,Object_12954
Radioactive,Object_03940
Explosive,Object_14654
Flammable,Object_02402
Toxic,Object_07932
Pressurized,Object_02046
Oxidizing,Object_06376
Food,Object_10559
Pressurized,Object_12202
Toxic,Object_08164
Unspecified,Object_12318
Unspecified,Object_08314
Toxic,Object_09878
Oxidizing,Object_07076
Explosive,Object_04862
Food,Object_07068
Flammable,Object_06812
Radioactive,Object_05235
Unspecified,Object_05217
Corrosive,Object_03701
Flammable,Object_12502
Food,Object_10246
Food,Object_14313
Corrosive,Object_12910
Flammable,Object_02618
Food,Object_11477
Food,Object_09119
Fragile,Object_12684
Fragile,Object_09429
Radioactive,Object_14279
Radioactive,Object_14318
Corrosive,Object_00653
Fragile,Object_02326
Pressurized,Object_12272
Pressurized,Object_12052
Explosive,Object_04109
Unspecified,Object_01084
Corrosive,Object_05903
Corrosive,Object_03909
Pressurized,Object_11615
Radioactive,Object_13235
Oxidizing,Object_07529
Food,Object_04230
Radioactive,Object_03362
Radioactive,Object_06758
Oxidizing,Object_07310
Pressurized,Object_00500
Unspecified,Object_11344
Toxic,Object_05747
Pressurized,Object_01302
Toxic,Object_09615
Food,Object_02541
Corrosive,Object_00053
Unspecified,Object_13144
Fragile,Object_11399
Radioactive,Object_08153
Flammable,Object_12169
Flammable,Object_05143
Oxidizing,Object_05078
Radioactive,Object_07233
Fragile,Object_08208
Food,Object_08799
Unspecified,Object_06127
Explosive,Object_04522
Unspecified,Object_12615
Unspecified,Object_04284
Pressurized,Object_12490
Radioactive,Object_11163
Fragile,Object_05376
Explosive,Object_07491
Unspecified,Object_10907
Radioactive,Object_06807
Radioactive,Object_05053
Oxidizing,Object_12829
Food,Object_01305
Food,Object_10974
Oxidizing,Object_06801
Explosive,Object_06353
Toxic,Object_06275
Oxidizing,Object_01438
Unspecified,Object_02563
Fragile,Object_10966
Food,Object_09532
Oxidizing,Object_02817
Food,Object_02714
Flammable,Object_10134
Food,Object_01651
Radioactive,Object_08324
Radioactive,Object_03481
Oxidizing,Object_12614
Fragile,Object_00661
Unspecified,Object_14131
Fragile,Object_01052
Unspecified,Object_12343
Pressurized,Object_01963
Flammable,Object_11588
Oxidizing,Object_07246
Flammable,Object_14064
Pressurized,Object_01152
Pressurized,Object_12427
Radioactive,Object_05941
Flammable,Object_13573
Unspecified,Object_06007
Fragile,Object_02036
Pressurized,Object_07853
Pressurized,Object_00955
Toxic,Object_14252
Oxidizing,Object_06533
Corrosive,Object_12857
Food,Object_09354
Fragile,Object_04222
Radioactive,Object_02689
Explosive,Object_13264
Oxidizing,Object_04339
Unspecified,Object_11192
Fragile,Object_02201
Oxidizing,Object_06662
Fragile,Object_09132
Radioactive,Object_04668
Unspecified,Object_11684
Fragile,Object_07690
Toxic,Object_02012
Oxidizing,Object_08334
Radioactive,Object_01756
Radioactive,Object_06012
Food,Object_09100
Pressurized,Object_09841
Toxic,Object_02990
Unspecified,Object_01668
Explosive,Object_14122
Toxic,Object_10123
Pressurized,Object_04680
Corrosive,Object_10195
Radioactive,Object_05991
Fragile,Object_07054
Radioactive,Object_00560
Unspecified,Object_05617
Fragile,Object_09606
Oxidizing,Object_05273
Unspecified,Object_14658
Pressurized,Object_12005
Toxic,Object_01297
Flammable,Object_07730
Fragile,Object_08150
Corrosive,Object_07165
Unspecified,Object_06721
Oxidizing,Object_13058
Oxidizing,Object_03367
Oxidizing,Object_12395
Explosive,Object_00893
Flammable,Object_07376
Food,Object_07571
Oxidizing,Object_01334
Food,Object_08445
Radioactive,Object_01618
Radioactive,Object_06030
Fragile,Object_07347
Flammable,Object_02819
Corrosive,Object_08734
Explosive,Object_06693
Corrosive,Object_01966
Pressurized,Object_11256
Pressurized,Object_13992
Explosive,Object_10028
Pressurized,Object_09995
Oxidizing,Object_11601
Toxic,Object_13295
Flammable,Object_10064
Flammable,Object_04601
Corrosive,Object_14677
Fragile,Object_13904
Radioactive,Object_14422
Radioactive,Object_11739
Fragile,Object_00374
Oxidizing,Object_08923
Toxic,Object_04527
Food,Object_06357
Pressurized,Object_09695
Unspecified,Object_04395
Flammable,Object_06211
Radioactive,Object_13533
Food,Object_12680
Food,Object_10886
Toxic,Object_12297
Food,Object_04293
Radioactive,Object_10609
Oxidizing,Object_03172
Unspecified,Object_04555
Flammable,Object_02984
Flammable,Object_00695
Pressurized,Object_08977
Pressurized,Object_14671
Explosive,Object_07533
Corrosive,Object_00559
Oxidizing,Object_13477
Radioactive,Object_06221
Pressurized,Object_13567
Oxidizing,Object_06400
Pressurized,Object_00271
Fragile,Object_00296
Corrosive,Object_01380
Flammable,Object_07869
Flammable,Object_01004
Oxidizing,Object_11291
Pressurized,Object_07833
Toxic,Object_12906
Explosive,Object_03611
Unspecified,Object_10582
Unspecified,Object_02897
Toxic,Object_11421
Unspecified,Object_09971
Oxidizing,Object_01797
Toxic,Object_08918
Explosive,Object_11091
Corrosive,Object_13558
Flammable,Object_10238
Pressurized,Object_11525
Fragile,Object_04882
Oxidizing,Object_04840
Explosive,Object_08133
Unspecified,Object_02873
Fragile,Object_13754
Unspecified,Object_04201
Pressurized,Object_01056
Toxic,Object_07681
Pressurized,Object_07370
Corrosive,Object_12749
Food,Object_13346
Radioactive,Object_05453
Oxidizing,Object_04901
Fragile,Object_04827
Flammable,Object_09882
Food,Object_09809
Toxic,Object_14524
Flammable,Object_08211
Unspecified,Object_11729
Explosive,Object_06624
Pressurized,Object_12927
Corrosive,Object_07590
Toxic,Object_07720
Radioactive,Object_13492
Pressurized,Object_01462
Unspecified,Object_01423
Oxidizing,Object_05435
Pressurized,Object_13958
Fragile,Object_12795
Food,Object_04526
Unspecified,Object_01840
Fragile,Object_13087
Flammable,Object_10641
Food,Object_13959
Toxic,Object_06691
Oxidizing,Object_06245
Toxic,Object_01531
Oxidizing,Object_12448
Radioactive,Object_00668
Flammable,Object_08976
Fragile,Object_07261
Pressurized,Object_08367
Pressurized,Object_10053
Corrosive,Object_06465
Pressurized,Object_07021
Unspecified,Object_09799
Radioactive,Object_12382
Explosive,Object_12416
Toxic,Object_14335
Flammable,Object_11774
Fragile,Object_02808
Food,Object_12354
Corrosive,Object_06368
Toxic,Object_12417
Unspecified,Object_03195
Explosive,Object_02436
Flammable,Object_07874
Corrosive,Object_08645
Pressurized,Object_11452
Pressurized,Object_04127
Pressurized,Object_01115
Toxic,Object_00434
Unspecified,Object_03871
Toxic,Object_00672
Fragile,Object_11830
Food,Object_05220
Toxic,Object_12348
Toxic,Object_12357
Corrosive,Object_02332
Unspecified,Object_10117
Flammable,Object_06790
Toxic,Object_11976
Radioactive,Object_07338
Radioactive,Object_09239
Unspecified,Object_05113
Oxidizing,Object_08726
Unspecified,Object_04038
Food,Object_05817
Food,Object_07030
Fragile,Object_07037
Food,Object_00215
Food,Object_13243
Food,Object_00971
Radioactive,Object_10767
Corrosive,Object_05320
Corrosive,Object_08578
Flammable,Object_09042
Radioactive,Object_06954
Fragile,Object_13181
Explosive,Object_01388
Radioactive,Object_09901
Flammable,Object_05006
Unspecified,Object_08226
Explosive,Object_14110
Flammable,Object_01862
Food,Object_04708
Explosive,Object_01775
Corrosive,Object_05728
Food,Object_02177
Flammable,Object_05305
Flammable,Object_10205
Explosive,Object_13363
Pressurized,Object_14544
Corrosive,Object_11921
Pressurized,Object_04025
Corrosive,Object_03464
Pressurized,Object_09665
Unspecified,Object_11862
Explosive,Object_10158
Toxic,Object_10079
Radioactive,Object_05277
Unspecified,Object_06817
Toxic,Object_12100
Corrosive,Object_05062
Corrosive,Object_10188
Explosive,Object_09819
Explosive,Object_13936
Fragile,Object_08436
Unspecified,Object_08155
Food,Object_06626
Unspecified,Object_07428
Corrosive,Object_06069
Corrosive,Object_06585
Flammable,Object_07611
Oxidizing,Object_06566
Toxic,Object_11675
Radioactive,Object_10141
Unspecified,Object_02712
Corrosive,Object_04126
Corrosive,Object_03948
Flammable,Object_03198
Toxic,Object_13007
Radioactive,Object_09475
Oxidizing,Object_09729
Unspecified,Object_08215
Pressurized,Object_02406
Food,Object_13864
Food,Object_11769
Flammable,Object_13025
Unspecified,Object_08060
Pressurized,Object_06323
Radioactive,Object_03834
Flammable,Object_11408
Radioactive,Object_00951
Pressurized,Object_13640
Unspecified,Object_07943
Food,Object_01057
Fragile,Object_11538
Pressurized,Object_10510
Corrosive,Object_04355
Corrosive,Object_02080
Corrosive,Object_12769
Food,Object_04269
Oxidizing,Object_09812
Corrosive,Object_01843
Pressurized,Object_02885
Fragile,Object_11003
Radioactive,Object_13964
Flammable,Object_10490
Toxic,Object_06070
Oxidizing,Object_02353
Corrosive,Object_00406
Explosive,Object_08617
Oxidizing,Object_12172
Flammable,Object_10643
Pressurized,Object_10572
Radioactive,Object_11328
Oxidizing,Object_12229
Food,Object_12919
Toxic,Object_08525
Unspecified,Object_04570
Corrosive,Object_07455
Toxic,Object_11841
Toxic,Object_04990
Flammable,Object_07937
Pressurized,Object_00845
Toxic,Object_14039
Oxidizing,Object_04672
Fragile,Object_03659
Unspecified,Object_05505
Food,Object_04456
Radioactive,Object_09806
Food,Object_04095
Food,Object_06642
Food,Object_08717
Unspecified,Object_13381
Radioactive,Object_07449
Pressurized,Object_01270
Fragile,Object_02299
Toxic,Object_10424
Flammable,Object_12259
Food,Object_04589
Explosive,Object_01325
Unspecified,Object_03428
Pressurized,Object_06065
Food,Object_00526
Radioactive,Object_04606
Pressurized,Object_00113
Corrosive,Object_13911
Food,Object_07550
Toxic,Object_02309
Fragile,Object_03722
Explosive,Object_00234
Fragile,Object_02243
Explosive,Object_13825
Corrosive,Object_05267
Flammable,Object_05068
Fragile,Object_09651
Oxidizing,Object_07828
Oxidizing,Object_00846
Fragile,Object_11814
Oxidizing,Object_10776
Food,Object_03840
Radioactive,Object_00255
Explosive,Object_00930
Pressurized,Object_11619
Unspecified,Object_07822
Corrosive,Object_11359
Flammable,Object_09610
Corrosive,Object_07341
Unspecified,Object_00324
Unspecified,Object_09289
Radioactive,Object_12703
Toxic,Object_12476
Explosive,Object_10394
Oxidizing,Object_09016
Radioactive,Object_00224
Fragile,Object_10895
Oxidizing,Object_12263
Fragile,Object_03000
Radioactive,Object_13537
Food,Object_02301
Unspecified,Object_01921
Corrosive,Object_04883
Flammable,Object_11278
Explosive,Object_06728
Unspecified,Object_06789
Oxidizing,Object_07450
Flammable,Object_10217
Oxidizing,Object_06583
Flammable,Object_13872
Food,Object_12112
Radioactive,Object_07650
Radioactive,Object_00843
Radioactive,Object_05521
Explosive,Object_09872
Oxidizing,Object_13476
Pressurized,Object_12965
Oxidizing,Object_08346
Toxic,Object_07217
Oxidizing,Object_03982
Unspecified,Object_09758
Unspecified,Object_07303
Pressurized,Object_13629
Pressurized,Object_06457
Flammable,Object_01872
Explosive,Object_01781
Oxidizing,Object_01952
Oxidizing,Object_01950
Pressurized,Object_14136
Fragile,Object_01896
Flammable,Object_09427
Corrosive,Object_00708
Food,Object_10223
Radioactive,Object_02969
Flammable,Object_09454
Toxic,Object_02060
Oxidizing,Object_08929
Pressurized,Object_01983
Oxidizing,Object_14690
Fragile,Object_00466
Unspecified,Object_13633
Explosive,Object_05883
Food,Object_00751
Food,Object_03099
Fragile,Object_01374
Radioactive,Object_14476
Fragile,Object_03693
Food,Object_07356
Explosive,Object_10430
Explosive,Object_05129
Toxic,Object_07594
Food,Object_06290
Unspecified,Object_13269
Unspecified,Object_05030
Oxidizing,Object_01106
Explosive,Object_14057
Corrosive,Object_05351
Fragile,Object_00100
Radioactive,Object_13917
Flammable,Object_02286
Oxidizing,Object_04078
Corrosive,Object_04418
Pressurized,Object_07087
Fragile,Object_05545
Corrosive,Object_12178
Flammable,Object_03649
Pressurized,Object_10750
Fragile,Object_06722
Fragile,Object_14098
Flammable,Object_03250
Explosive,Object_00666
Flammable,Object_12249
Oxidizing,Object_05352
Pressurized,Object_02782
Fragile,Object_08261
Fragile,Object_08907
Pressurized,Object_00338
Fragile,Object_09853
Radioactive,Object_03417
Fragile,Object_02626
Oxidizing,Object_04546
Radioactive,Object_06636
Unspecified,Object_01845
Explosive,Object_08553
Food,Object_01853
Radioactive,Object_09136
Oxidizing,Object_01588
Corrosive,Object_14066
Flammable,Object_06895
Radioactive,Object_02830
Unspecified,Object_05587
Oxidizing,Object_07500
Fragile,Object_11404
Food,Object_02994
Unspecified,Object_08984
Flammable,Object_08520
Corrosive,Object_04811
Explosive,Object_09479
Oxidizing,Object_05100
Corrosive,Object_11431
Flammable,Object_11246
Flammable,Object_13110
Flammable,Object_06442
Fragile,Object_11371
Explosive,Object_08549
Toxic,Object_04162
Radioactive,Object_05697
Corrosive,Object_05796
Oxidizing,Object_10664
Unspecified,Object_07864
Toxic,Object_14405
Pressurized,Object_08493
Unspecified,Object_05679
Fragile,Object_11866
Unspecified,Object_06148
Fragile,Object_09831
Fragile,Object_12115
Oxidizing,Object_13991
Corrosive,Object_09191
Pressurized,Object_10507
Fragile,Object_08914
Explosive,Object_10936
Oxidizing,Object_14599
Food,Object_02621
Pressurized,Object_07933
Explosive,Object_13417
Oxidizing,Object_12839
Flammable,Object_02868
Unspecified,Object_02184
Flammable,Object_08452
Toxic,Object_04915
Food,Object_00521
Toxic,Object_13610
Pressurized,Object_12220
Fragile,Object_04239
Food,Object_05087
Corrosive,Object_10772
Radioactive,Object_06188
Flammable,Object_04591
Unspecified,Object_05967
Fragile,Object_03137
Fragile,Object_12389
Food,Object_06578
Radioactive,Object_06610
Food,Object_09303
Explosive,Object_10531
Pressurized,Object_02826
Toxic,Object_12666
Explosive,Object_14450
Fragile,Object_00712
Unspecified,Object_09236
Food,Object_04646
Unspecified,Object_11070
Toxic,Object_11009
Flammable,Object_07125
Unspecified,Object_02703
Corrosive,Object_13815
Toxic,Object_02578
Toxic,Object_07526
Explosive,Object_08755
Fragile,Object_13548
Toxic,Object_13803
Radioactive,Object_11643
Pressurized,Object_07291
Radioactive,Object_05184
Explosive,Object_04691
Corrosive,Object_02597
Corrosive,Object_01644
Pressurized,Object_08548
Food,Object_02763
Pressurized,Object_05377
Flammable,Object_05701
Oxidizing,Object_12533
Toxic,Object_14453
Food,Object_08850
Oxidizing,Object_07170
Flammable,Object_13996
Fragile,Object_09273
Fragile,Object_06651
Food,Object_10633
Explosive,Object_08489
Radioactive,Object_04312
Oxidizing,Object_08023
Toxic,Object_06972
Corrosive,Object_13437
Fragile,Object_14461
Radioactive,Object_01141
Unspecified,Object_06614
Fragile,Object_05760
Radioactive,Object_02859
Radioactive,Object_13725
Explosive,Object_10640
Flammable,Object_03870
Pressurized,Object_04448
Food,Object_02680
Unspecified,Object_05611
Unspecified,Object_14561
Unspecified,Object_07909
Explosive,Object_03960
Corrosive,Object_13502
Fragile,Object_06437
Radioactive,Object_08980
Unspecified,Object_09135
Fragile,Object_07890
Explosive,Object_03396
Flammable,Object_06209
Oxidizing,Object_08751
Fragile,Object_08833
Unspecified,Object_06649
Oxidizing,Object_02394
Pressurized,Object_07689
Radioactive,Object_00088
Food,Object_04172
Toxic,Object_11765
Explosive,Object_11034
Food,Object_09864
Toxic,Object_12508
Corrosive,Object_08102
Food,Object_10525
Explosive,Object_13496
Toxic,Object_14646
Fragile,Object_00327
Corrosive,Object_08795
Radioactive,Object_10323
Unspecified,Object_01620
Food,Object_09251
Radioactive,Object_01932
Pressurized,Object_02356
Explosive,Object_08641
Flammable,Object_12118
Food,Object_06254
Unspecified,Object_02865
Corrosive,Object_00542
Food,Object_00701
Food,Object_11215
Unspecified,Object_03975
Radioactive,Object_11598
Oxidizing,Object_07186
Explosive,Object_02968
Fragile,Object_04952
Toxic,Object_08561
Flammable,Object_14651
Flammable,Object_03038
Explosive,Object_05714
Unspecified,Object_06593
Radioactive,Object_13786
Radioactive,Object_10985
Food,Object_00945
Flammable,Object_00922
Unspecified,Object_02336
Corrosive,Object_00471
Toxic,Object_00429
Fragile,Object_10383
Food,Object_10588
Pressurized,Object_10016
Explosive,Object_10168
Explosive,Object_01282
Unspecified,Object_08188
Pressurized,Object_12067
Toxic,Object_12236
Explosive,Object_02723
Toxic,Object_13005
Pressurized,Object_10872
Fragile,Object_13591
Toxic,Object_10686
Toxic,Object_05939
Pressurized,Object_13013
Pressurized,Object_01076
Toxic,Object_00363
Flammable,Object_01253
Flammable,Object_14407
Radioactive,Object_08926
Flammable,Object_03118
Oxidizing,Object_14234
Fragile,Object_13392
Pressurized,Object_02644
Flammable,Object_08073
Oxidizing,Object_02023
Explosive,Object_09023
Toxic,Object_09456
Radioactive,Object_14218
Corrosive,Object_03053
Flammable,Object_06011
Food,Object_09868
Toxic,Object_08663
Flammable,Object_05251
Oxidizing,Object_09353
Fragile,Object_05615
Oxidizing,Object_07883
Unspecified,Object_11820
Corrosive,Object_11072
Food,Object_12916
Toxic,Object_07849
Oxidizing,Object_08014
Toxic,Object_07560
Oxidizing,Object_04482
Pressurized,Object_09133
Unspecified,Object_01337
Pressurized,Object_04705
Unspecified,Object_08224
Toxic,Object_06669
Corrosive,Object_13963
Food,Object_00475
Oxidizing,Object_03944
Unspecified,Object_09669
Pressurized,Object_12061
Oxidizing,Object_09266
Flammable,Object_14602
Corrosive,Object_14139
Food,Object_03162
Oxidizing,Object_05294
Food,Object_09488
Toxic,Object_06620
Oxidizing,Object_01067
Fragile,Object_07263
Fragile,Object_10491
Oxidizing,Object_00235
Oxidizing,Object_03022
Toxic,Object_13396
Radioactive,Object_09308
Corrosive,Object_02517
Explosive,Object_00192
Oxidizing,Object_10485
Flammable,Object_14606
Food,Object_03678
Radioactive,Object_13661
Radioactive,Object_09058
Explosive,Object_11845
Oxidizing,Object_09294
Unspecified,Object_13965
Radioactive,Object_09917
Pressurized,Object_10844
Unspecified,Object_07605
Food,Object_10603
Unspecified,Object_13753
Oxidizing,Object_06830
Corrosive,Object_09861
Food,Object_10140
Explosive,Object_00793
Food,Object_04142
Corrosive,Object_14319
Radioactive,Object_06454
Fragile,Object_10648
Toxic,Object_07297
Unspecified,Object_01367
Oxidizing,Object_04816
Toxic,Object_05551
Toxic,Object_07657
Unspecified,Object_10436
Unspecified,Object_00999
Toxic,Object_09643
Corrosive,Object_11627
Toxic,Object_05518
Toxic,Object_12128
Unspecified,Object_04300
Unspecified,Object_02810
Explosive,Object_05968
Toxic,Object_11301
Oxidizing,Object_11094
Radioactive,Object_08129
Corrosive,Object_13526
Explosive,Object_00250
Corrosive,Object_13555
Flammable,Object_12414
Explosive,Object_10438
Radioactive,Object_13393
Fragile,Object_03340
Explosive,Object_04262
Oxidizing,Object_14353
Unspecified,Object_09968
Flammable,Object_11364
Corrosive,Object_02327
Radioactive,Object_14441
Fragile,Object_08409
Unspecified,Object_03161
Radioactive,Object_12878
Pressurized,Object_07525
Flammable,Object_09228
Food,Object_13574
Unspecified,Object_13851
Fragile,Object_04991
Radioactive,Object_02234
Oxidizing,Object_10118
Toxic,Object_07460
Explosive,Object_03305
Flammable,Object_01975
Food,Object_08447
Toxic,Object_03395
Oxidizing,Object_01759
Oxidizing,Object_09832
Unspecified,Object_01473
Corrosive,Object_07129
Food,Object_12260
Flammable,Object_06146
Corrosive,Object_06303
Unspecified,Object_01635
Food,Object_02847
Oxidizing,Object_00693
Toxic,Object_11683
Pressurized,Object_07745
Fragile,Object_02503
Corrosive,Object_03231
Food,Object_06414
Corrosive,Object_08585
Toxic,Object_10671
Pressurized,Object_10387
Fragile,Object_01895
Explosive,Object_00987
Fragile,Object_02066
Radioactive,Object_02055
Toxic,Object_00245
Fragile,Object_12618
Flammable,Object_00097
Radioactive,Object_11200
Radioactive,Object_02555
Radioactive,Object_01662
Radioactive,Object_14012
Fragile,Object_02001
Flammable,Object_00280
Fragile,Object_02396
Flammable,Object_07279
Pressurized,Object_08510
Flammable,Object_01351
Oxidizing,Object_05427
Radioactive,Object_11342
Fragile,Object_09818
Oxidizing,Object_01713
Pressurized,Object_01283
Unspecified,Object_07762
Food,Object_09916
Fragile,Object_03973
Radioactive,Object_11736
Explosive,Object_12174
Toxic,Object_00941
Corrosive,Object_12446
Fragile,Object_10526
Oxidizing,Object_00868
Toxic,Object_09769
Toxic,Object_13508
Explosive,Object_14173
Explosive,Object_10080
Radioactive,Object_03104
Toxic,Object_00985
Pressurized,Object_13367
Corrosive,Object_06539
Food,Object_00204
Unspecified,Object_13914
Pressurized,Object_07231
Unspecified,Object_02280
Fragile,Object_13678
Flammable,Object_07980
Toxic,Object_02775
Oxidizing,Object_08557
Fragile,Object_08350
Fragile,Object_03098
Oxidizing,Object_05199
Explosive,Object_14019
Radioactive,Object_12698
Pressurized,Object_08800
Toxic,Object_07033
Radioactive,Object_08771
Corrosive,Object_12330
Toxic,Object_03412
Food,Object_11732
Unspecified,Object_00802
Pressurized,Object_02125
Radioactive,Object_06165
Corrosive,Object_05189
Corrosive,Object_12385
Food,Object_06921
Fragile,Object_04324
Oxidizing,Object_09515
Radioactive,Object_10627
Food,Object_03147
Flammable,Object_08501
Unspecified,Object_08981
Fragile,Object_11574
Unspecified,Object_11135
Pressurized,Object_06289
Pressurized,Object_14414
Radioactive,Object_12246
Fragile,Object_12991
Toxic,Object_13214
Explosive,Object_13791
Radioactive,Object_00602
Food,Object_10992
Oxidizing,Object_03028
Pressurized,Object_03108
Unspecified,Object_13562
Toxic,Object_13919
Food,Object_03629
Explosive,Object_03951
Unspecified,Object_02823
Unspecified,Object_04451
Food,Object_00606
Unspecified,Object_08429
Corrosive,Object_10939
Corrosive,Object_05775
Oxidizing,Object_09635
Oxidizing,Object_09613
Explosive,Object_07301
Unspecified,Object_12748
Oxidizing,Object_02540
Flammable,Object_12644
Oxidizing,Object_12746
Food,Object_01030
Food,Object_10037
Pressurized,Object_04118
Oxidizing,Object_05515
Fragile,Object_06160
Flammable,Object_05430
Radioactive,Object_02377
Fragile,Object_11738
Oxidizing,Object_07386
Pressurized,Object_08284
Toxic,Object_07379
Flammable,Object_04731
Unspecified,Object_12438
Fragile,Object_07561
Unspecified,Object_10261
Corrosive,Object_10773
Oxidizing,Object_03560
Explosive,Object_07008
Flammable,Object_11106
Fragile,Object_13432
Corrosive,Object_07383
Oxidizing,Object_01233
Unspecified,Object_09796
Food,Object_07622
Pressurized,Object_00390
Oxidizing,Object_03631
Pressurized,Object_12191
Explosive,Object_06029
Unspecified,Object_02746
Radioactive,Object_09730
Unspecified,Object_05378
Pressurized,Object_01383
Pressurized,Object_09653
Food,Object_11458
Pressurized,Object_08746
Food,Object_04780
Unspecified,Object_05003
Radioactive,Object_13409
Flammable,Object_00988
Flammable,Object_06371
Food,Object_07023
Flammable,Object_06083
Oxidizing,Object_14445
Oxidizing,Object_05534
Radioactive,Object_05766
Oxidizing,Object_06104
Toxic,Object_10675
Unspecified,Object_05182
Toxic,Object_14640
Food,Object_08541
Fragile,Object_08875
Fragile,Object_03849
Explosive,Object_00532
Explosive,Object_13585
Oxidizing,Object_02953
Oxidizing,Object_00480
Pressurized,Object_02500
Unspecified,Object_07185
Radioactive,Object_11103
Fragile,Object_00931
Fragile,Object_09608
Flammable,Object_02485
Oxidizing,Object_10047
Toxic,Object_01010
Fragile,Object_05520
Food,Object_01623
Unspecified,Object_04562
Corrosive,Object_06205
Unspecified,Object_03359
Unspecified,Object_13550
Unspecified,Object_06375
Pressurized,Object_02475
Oxidizing,Object_03873
Radioactive,Object_05606
Corrosive,Object_01060
Fragile,Object_00569
Food,Object_05166
Toxic,Object_10412
Oxidizing,Object_05234
Food,Object_05308
Toxic,Object_13286
Pressurized,Object_14036
Explosive,Object_02770
Corrosive,Object_12399
Fragile,Object_12254
Fragile,Object_12439
Fragile,Object_02878
Oxidizing,Object_10938
Explosive,Object_09473
Pressurized,Object_07090
Corrosive,Object_10649
Corrosive,Object_02255
Oxidizing,Object_08529
Oxidizing,Object_04879
Fragile,Object_10855
Corrosive,Object_06502
Explosive,Object_07071
Food,Object_00279
Explosive,Object_04238
Explosive,Object_03931
Fragile,Object_14096
Corrosive,Object_08963
Toxic,Object_10078
Radioactive,Object_01520
Flammable,Object_14579
Radioactive,Object_10945
Fragile,Object_07400
Radioactive,Object_01564
Pressurized,Object_09579
Food,Object_03119
Food,Object_00824
Food,Object_11236
Unspecified,Object_10893
Toxic,Object_03313
Flammable,Object_01816
Radioactive,Object_10030
Radioactive,Object_01655
Corrosive,Object_00449
Toxic,Object_02515
Explosive,Object_08714
Food,Object_08942
Food,Object_06318
Fragile,Object_00784
Toxic,Object_10704
Explosive,Object_14660
Flammable,Object_11832
Corrosive,Object_07077
Fragile,Object_08425
Explosive,Object_12537
Toxic,Object_07149
Radioactive,Object_08664
Food,Object_08022
Explosive,Object_14273
Flammable,Object_06147
Pressurized,Object_11422
Radioactive,Object_02825
Explosive,Object_07396
Radioactive,Object_07278
Explosive,Object_07572
Radioactive,Object_12322
Corrosive,Object_14374
Radioactive,Object_14491
Food,Object_00070
Explosive,Object_11437
Flammable,Object_07810
Pressurized,Object_08475
Explosive,Object_03938
Pressurized,Object_14179
Radioactive,Object_07706
Flammable,Object_11756
Explosive,Object_04190
Oxidizing,Object_01229
Unspecified,Object_03694
Toxic,Object_07091
Fragile,Object_02020
Explosive,Object_12738
Food,Object_02854
Explosive,Object_01949
Fragile,Object_14657
Corrosive,Object_11255
Corrosive,Object_03251
Food,Object_10289
Radioactive,Object_11699
Oxidizing,Object_02269
Pressurized,Object_06328
Oxidizing,Object_11975
Fragile,Object_08987
Toxic,Object_01645
Toxic,Object_11271
Explosive,Object_05848
Radioactive,Object_09108
Unspecified,Object_00548
Explosive,Object_03651
Toxic,Object_12329
Food,Object_05157
Radioactive,Object_02633
Fragile,Object_05085
Oxidizing,Object_00721
Unspecified,Object_00026
Food,Object_07829
Radioactive,Object_05067
Explosive,Object_13498
Oxidizing,Object_06240
Oxidizing,Object_08537
Flammable,Object_11752
Food,Object_14541
Unspecified,Object_13673
Toxic,Object_05947
Pressurized,Object_08040
Oxidizing,Object_01762
Pressurized,Object_06191
Corrosive,Object_14214
Corrosive,Object_07675
Unspecified,Object_02777
Radioactive,Object_08859
Unspecified,Object_07229
Toxic,Object_02788
Fragile,Object_08221
Fragile,Object_02985
Fragile,Object_00359
Radioactive,Object_10647
Food,Object_08135
Explosive,Object_05437
Toxic,Object_07996
Corrosive,Object_04756
Corrosive,Object_09025
Fragile,Object_11767
Toxic,Object_02079
Food,Object_04123
Corrosive,Object_00644
Toxic,Object_13635
Radioactive,Object_07487
Food,Object_07643
Toxic,Object_13840
Radioactive,Object_06349
Pressurized,Object_09696
Radioactive,Object_14594
Flammable,Object_14111
Fragile,Object_03373
Oxidizing,Object_13161
Oxidizing,Object_00698
Toxic,Object_04409
Oxidizing,Object_13118
Food,Object_14253
Flammable,Object_03638
Food,Object_14045
Fragile,Object_12669
Toxic,Object_10233
Radioactive,Object_04530
Oxidizing,Object_06057
Corrosive,Object_04904
Food,Object_10676
Toxic,Object_09997
Food,Object_03453
Food,Object_12976
Radioactive,Object_04029
Pressurized,Object_10146
Pressurized,Object_05575
Fragile,Object_00135
Unspecified,Object_12936
Flammable,Object_13593
Unspecified,Object_09848
Food,Object_02596
Explosive,Object_10109
Corrosive,Object_14030
Explosive,Object_07946
Flammable,Object_06688
Corrosive,Object_12948
Radioactive,Object_13198
Radioactive,Object_09180
Unspecified,Object_09415
Pressurized,Object_07173
Toxic,Object_12023
Explosive,Object_06882
Explosive,Object_10148
Toxic,Object_00012
Oxidizing,Object_07891
Oxidizing,Object_07524
Fragile,Object_13442
Pressurized,Object_00350
Radioactive,Object_10961
Toxic,Object_05961
Explosive,Object_09178
Fragile,Object_00714
Fragile,Object_12310
Food,Object_14213
Fragile,Object_12928
Unspecified,Object_00146
Pressurized,Object_10193
Food,Object_03437
Explosive,Object_14047
Food,Object_05147
Flammable,Object_01347
Food,Object_08012
Flammable,Object_02590
Food,Object_08770
Oxidizing,Object_11124
Food,Object_02222
Explosive,Object_13950
Explosive,Object_03132
Corrosive,Object_13287
Toxic,Object_01345
Unspecified,Object_13723
Explosive,Object_14489
Flammable,Object_06096
Oxidizing,Object_04177
Unspecified,Object_04996
Corrosive,Object_09106
Explosive,Object_14570
Toxic,Object_09673
Unspecified,Object_06044
Radioactive,Object_01446
Explosive,Object_03614
Flammable,Object_06653
Toxic,Object_02156
Pressurized,Object_02417
Oxidizing,Object_13174
Unspecified,Object_10059
Radioactive,Object_14017
Pressurized,Object_02961
Corrosive,Object_02524
Radioactive,Object_04438
Corrosive,Object_03507
Radioactive,Object_13641
Flammable,Object_10660
Food,Object_12205
Unspecified,Object_04563
Pressurized,Object_09064
Flammable,Object_13195
Pressurized,Object_03050
Unspecified,Object_13491
Radioactive,Object_06935
Unspecified,Object_11473
Explosive,Object_14375
Unspecified,Object_14302
Explosive,Object_00586
Flammable,Object_08426
Pressurized,Object_06848
Corrosive,Object_01027
Fragile,Object_04912
Oxidizing,Object_02566
Corrosive,Object_01082
Explosive,Object_08752
Pressurized,Object_07954
Corrosive,Object_03773
Unspecified,Object_10237
Unspecified,Object_05394
Explosive,Object_09249
Fragile,Object_07403
Toxic,Object_13733
Explosive,Object_14133
Oxidizing,Object_09535
Corrosive,Object_10021
Fragile,Object_11144
Toxic,Object_10256
Fragile,Object_02068
Fragile,Object_06207
Explosive,Object_02888
Toxic,Object_10489
Fragile,Object_00187
Flammable,Object_04627
Food,Object_07858
Oxidizing,Object_06130
Fragile,Object_11513
Radioactive,Object_04583
Radioactive,Object_09385
Explosive,Object_05810
Explosive,Object_04469
Corrosive,Object_01760
Fragile,Object_10405
Radioactive,Object_10645
Flammable,Object_07215
Explosive,Object_03742
Unspecified,Object_08658
Corrosive,Object_13146
Unspecified,Object_14438
Unspecified,Object_00722
Corrosive,Object_09357
Fragile,Object_00114
Flammable,Object_12642
Toxic,Object_07573
Food,Object_09677
Explosive,Object_04528
Pressurized,Object_02057
Fragile,Object_13027
Pressurized,Object_09511
Corrosive,Object_11393
Explosive,Object_13773
Radioactive,Object_04845
Corrosive,Object_06049
Flammable,Object_06194
Corrosive,Object_08003
Radioactive,Object_01319
Oxidizing,Object_10331
Fragile,Object_07402
Toxic,Object_07007
Toxic,Object_10748
Radioactive,Object_03830
Corrosive,Object_06085
Unspecified,Object_01012
Toxic,Object_07040
Unspecified,Object_00030
Radioactive,Object_11368
Radioactive,Object_14058
Unspecified,Object_09262
Unspecified,Object_13578
Food,Object_13229
Toxic,Object_06991
Fragile,Object_13394
Radioactive,Object_06345
Flammable,Object_12274
Food,Object_09453
Food,Object_02678
Food,Object_13201
Oxidizing,Object_14435
Flammable,Object_03044
Explosive,Object_02271
Unspecified,Object_13340
Toxic,Object_01784
Corrosive,Object_01830
Food,Object_10358
Flammable,Object_13348
Fragile,Object_02915
Radioactive,Object_13637
Radioactive,Object_14464
Oxidizing,Object_06258
Food,Object_09711
Corrosive,Object_05854
Oxidizing,Object_07362
Corrosive,Object_14659
Food,Object_14653
Flammable,Object_02692
Fragile,Object_01580
Toxic,Object_03922
Toxic,Object_07569
Corrosive,Object_11354
Pressurized,Object_11662
Explosive,Object_01441
Oxidizing,Object_07230
Radioactive,Object_01482
Flammable,Object_04894
Pressurized,Object_07398
Flammable,Object_10429
Corrosive,Object_07467
Corrosive,Object_00269
Corrosive,Object_14103
Flammable,Object_04662
Toxic,Object_06705
Food,Object_11734
Fragile,Object_00646
Oxidizing,Object_03435
Corrosive,Object_02254
Corrosive,Object_02896
Food,Object_09352
Pressurized,Object_07907
Flammable,Object_01474
Explosive,Object_09296
Unspecified,Object_13307
Flammable,Object_02840
Fragile,Object_08299
Corrosive,Object_05844
Unspecified,Object_03841
Fragile,Object_06119
Toxic,Object_00673
Radioactive,Object_02134
Food,Object_05713
Unspecified,Object_00200
Toxic,Object_08112
Toxic,Object_13948
Oxidizing,Object_00635
Oxidizing,Object_11929
Flammable,Object_11446
Flammable,Object_12392
Corrosive,Object_07674
Explosive,Object_12661
Explosive,Object_03806
Corrosive,Object_10659
Radioactive,Object_01867
Oxidizing,Object_13096
Toxic,Object_01483
Radioactive,Object_09889
Radioactive,Object_00878
Pressurized,Object_01694
Toxic,Object_13153
Corrosive,Object_06295
Flammable,Object_13362
Flammable,Object_05008
Food,Object_01153
Toxic,Object_01938
Pressurized,Object_12689
Fragile,Object_07476
Fragile,Object_07593
Food,Object_12267
Pressurized,Object_03769
Food,Object_12293
Radioactive,Object_12879
Corrosive,Object_05804
Pressurized,Object_07295
Pressurized,Object_02161
Radioactive,Object_12645
Radioactive,Object_06350
Fragile,Object_04733
Corrosive,Object_04163
Radioactive,Object_11429
Radioactive,Object_06292
Food,Object_03116
Food,Object_06602
Toxic,Object_00129
Corrosive,Object_13066
Unspecified,Object_01117
Explosive,Object_04572
Unspecified,Object_08919
Unspecified,Object_13180
Pressurized,Object_02620
Pressurized,Object_11720
Pressurized,Object_05380
Pressurized,Object_13282
Pressurized,Object_11850
Corrosive,Object_03754
Oxidizing,Object_08642
Oxidizing,Object_12482
Pressurized,Object_08277
Oxidizing,Object_12690
Fragile,Object_02106
Explosive,Object_12909
Corrosive,Object_14172
Unspecified,Object_13849
Oxidizing,Object_03785
Food,Object_02930
Toxic,Object_07148
Toxic,Object_11898
Unspecified,Object_11595
Flammable,Object_00101
Fragile,Object_11616
Oxidizing,Object_06178
Pressurized,Object_07865
Oxidizing,Object_07020
Flammable,Object_10835
Food,Object_10784
Toxic,Object_10262
Toxic,Object_09490
Fragile,Object_00301
Oxidizing,Object_03430
Toxic,Object_02551
Radioactive,Object_08783
Radioactive,Object_04490
Toxic,Object_11645
Flammable,Object_06455
Unspecified,Object_12431
Radioactive,Object_10212
Corrosive,Object_09998
Toxic,Object_05245
Unspecified,Object_13891
Explosive,Object_06909
Food,Object_04010
Food,Object_03743
Unspecified,Object_12670
Fragile,Object_06617
Radioactive,Object_10550
Pressurized,Object_05979
Pressurized,Object_06850
Food,Object_11940
Toxic,Object_13175
Food,Object_12673
Oxidizing,Object_07704
Corrosive,Object_07532
Explosive,Object_00186
Radioactive,Object_05485
Explosive,Object_04976
Fragile,Object_03260
Toxic,Object_00652
Explosive,Object_00401
Oxidizing,Object_11343
Unspecified,Object_08660
Radioactive,Object_11527
Radioactive,Object_12546
Food,Object_08512
Flammable,Object_08505
Explosive,Object_06777
Food,Object_11506
Radioactive,Object_14668
Radioactive,Object_04971
Unspecified,Object_09948
Pressurized,Object_12526
Flammable,Object_05132
Fragile,Object_08309
Food,Object_04924
Food,Object_04810
Pressurized,Object_00367
Pressurized,Object_07718
Pressurized,Object_00040
Toxic,Object_02240
Oxidizing,Object_04200
Pressurized,Object_14455
Toxic,Object_07255
Flammable,Object_09128
Oxidizing,Object_14564
Radioactive,Object_04763
Flammable,Object_08741
Radioactive,Object_14320
Explosive,Object_04460
Flammable,Object_10098
Pressurized,Object_03503
Food,Object_13401
Radioactive,Object_13126
Explosive,Object_06436
Pressurized,Object_12972
Explosive,Object_09199
Flammable,Object_10219
Fragile,Object_13157
Food,Object_00033
Pressurized,Object_04229
Fragile,Object_02890
Food,Object_10607
Pressurized,Object_13824
Unspecified,Object_03299
Oxidizing,Object_04259
Toxic,Object_09547
Pressurized,Object_08332
Food,Object_11147
Flammable,Object_03358
Corrosive,Object_07206
Unspecified,Object_10744
Pressurized,Object_08141
Flammable,Object_00730
Pressurized,Object_01107
Radioactive,Object_14470
Food,Object_10968
Pressurized,Object_09518
Pressurized,Object_14496
Corrosive,Object_01842
Unspecified,Object_00856
Food,Object_07880
Oxidizing,Object_00477
Radioactive,Object_04466
Corrosive,Object_09807
Explosive,Object_00036
Fragile,Object_05858
Toxic,Object_07726
Radioactive,Object_03845
Radioactive,Object_05420
Pressurized,Object_09463
Flammable,Object_04365
Radioactive,Object_00782
Radioactive,Object_07633
Pressurized,Object_11038
Flammable,Object_14578
Oxidizing,Object_05057
Radioactive,Object_01105
Explosive,Object_08290
Pressurized,Object_10976
Toxic,Object_08516
Food,Object_03571
Corrosive,Object_01111
Toxic,Object_13838
Explosive,Object_09455
Oxidizing,Object_06640
Oxidizing,Object_03823
Corrosive,Object_01567
Explosive,Object_12384
Flammable,Object_14437
Radioactive,Object_08137
Fragile,Object_02841
Food,Object_08683
Unspecified,Object_00625
Pressurized,Object_12312
Toxic,Object_02816
Unspecified,Object_05565
Toxic,Object_05634
Food,Object_07083
Fragile,Object_09616
Explosive,Object_14004
Radioactive,Object_05683
Fragile,Object_10442
Flammable,Object_07424
Explosive,Object_00109
Unspecified,Object_04866
Radioactive,Object_09083
Pressurized,Object_14177
Radioactive,Object_03415
Flammable,Object_14200
Radioactive,Object_05768
Toxic,Object_06519
Pressurized,Object_04817
Pressurized,Object_12922
Explosive,Object_10549
Fragile,Object_14431
Pressurized,Object_05870
Toxic,Object_13852
Oxidizing,Object_07654
Food,Object_12011
Fragile,Object_05275
Flammable,Object_07274
Unspecified,Object_09754
Explosive,Object_09486
Unspecified,Object_03556
Pressurized,Object_04055
Pressurized,Object_06134
Pressurized,Object_08855
Pressurized,Object_01670
Fragile,Object_11264
Unspecified,Object_13318
Oxidizing,Object_00545
Corrosive,Object_07192
Unspecified,Object_04183
Radioactive,Object_09936
Flammable,Object_10229
Explosive,Object_02261
Fragile,Object_03207
Explosive,Object_14600
Pressurized,Object_11475
Flammable,Object_06215
Corrosive,Object_12576
Food,Object_00484
Corrosive,Object_05756
Fragile,Object_09344
Corrosive,Object_05110
Oxidizing,Object_04761
Fragile,Object_04916
Radioactive,Object_08513
Explosive,Object_04159
Food,Object_04805
Corrosive,Object_12733
Unspecified,Object_06508
Fragile,Object_10392
Corrosive,Object_03983
Toxic,Object_01262
Food,Object_08544
Toxic,Object_08427
Unspecified,Object_00588
Pressurized,Object_11533
Food,Object_01360
Radioactive,Object_01205
Unspecified,Object_14005
Pressurized,Object_01406
Corrosive,Object_00351
Radioactive,Object_04252
Corrosive,Object_01820
Explosive,Object_11465
Fragile,Object_04024
Unspecified,Object_07353
Radioactive,Object_06873
Toxic,Object_02344
Flammable,Object_04830
Food,Object_01538
Radioactive,Object_13613
Toxic,Object_00778
Radioactive,Object_09331
Radioactive,Object_12817
Explosive,Object_06170
Oxidizing,Object_10639
Toxic,Object_10063
Corrosive,Object_11728
Corrosive,Object_02031
Fragile,Object_07265
Pressurized,Object_02956
Explosive,Object_01050
Radioactive,Object_11659
Explosive,Object_00658
Food,Object_06429
Fragile,Object_09299
Flammable,Object_06778
Explosive,Object_09516
Fragile,Object_04465
Fragile,Object_04923
Corrosive,Object_00886
Food,Object_01162
Pressurized,Object_13398
Toxic,Object_10024
Flammable,Object_05262
Toxic,Object_12739
Corrosive,Object_14655
Oxidizing,Object_12366
Toxic,Object_05141
Food,Object_00311
Pressurized,Object_12804
Food,Object_00933
Food,Object_05734
Explosive,Object_00604
Radioactive,Object_05133
Food,Object_07495
Unspecified,Object_01003
Food,Object_05741
Fragile,Object_12582
Corrosive,Object_01559
Radioactive,Object_10119
Food,Object_02340
Fragile,Object_03719
Oxidizing,Object_11058
Oxidizing,Object_02895
Pressurized,Object_05816
Food,Object_11212
Food,Object_00396
Oxidizing,Object_08989
Corrosive,Object_13068
Toxic,Object_01903
Unspecified,Object_04002
Radioactive,Object_11644
Toxic,Object_03316
Fragile,Object_03775
Fragile,Object_11066
Flammable,Object_08183
Radioactive,Object_03768
Corrosive,Object_10324
Flammable,Object_10267
Corrosive,Object_03879
Toxic,Object_00648
Food,Object_05504
Food,Object_14492
Explosive,Object_03670
Toxic,Object_06228
Oxidizing,Object_03829
Corrosive,Object_08010
Toxic,Object_03567
Flammable,Object_00915
Corrosive,Object_02154
Flammable,Object_05705
Corrosive,Object_01985
Toxic,Object_03709
Oxidizing,Object_05976
Radioactive,Object_10759
Unspecified,Object_11128
Flammable,Object_03148
Pressurized,Object_03563
Pressurized,Object_07026
Flammable,Object_14240
Fragile,Object_08517
Unspecified,Object_04537
Oxidizing,Object_09527
Corrosive,Object_00958
Fragile,Object_14538
Explosive,Object_11698
Flammable,Object_10154
Corrosive,Object_00675
Food,Object_04277
Food,Object_07018
Unspecified,Object_06131
Food,Object_06402
Food,Object_09043
Corrosive,Object_03280
Oxidizing,Object_04720
Oxidizing,Object_02521
Food,Object_04232
Fragile,Object_11435
Corrosive,Object_01958
Fragile,Object_01031
Unspecified,Object_11083
Toxic,Object_02891
Flammable,Object_12372
Corrosive,Object_04411
Unspecified,Object_00669
Toxic,Object_12843
Fragile,Object_01167
Toxic,Object_08960
Fragile,Object_00561
Radioactive,Object_02982
Food,Object_01227
Toxic,Object_05331
Pressurized,Object_06979
Toxic,Object_02491
Corrosive,Object_05330
Corrosive,Object_04736
Pressurized,Object_13752
Fragile,Object_10196
Radioactive,Object_05416
Toxic,Object_09113
Corrosive,Object_02988
Pressurized,Object_05578
Fragile,Object_10840
Toxic,Object_03252
Unspecified,Object_11500
Explosive,Object_01077
Food,Object_11825
Pressurized,Object_04794
Food,Object_09077
Unspecified,Object_11678
Food,Object_03307
Oxidizing,Object_13739
Oxidizing,Object_14634
Unspecified,Object_03916
Corrosive,Object_08235
Flammable,Object_09407
Toxic,Object_00451
Radioactive,Object_06041
Corrosive,Object_10986
Flammable,Object_09291
Toxic,Object_08954
Pressurized,Object_06101
Oxidizing,Object_08395
Radioactive,Object_10692
Oxidizing,Object_00859
Explosive,Object_09996
Fragile,Object_06731
Oxidizing,Object_01586
Pressurized,Object_02258
Flammable,Object_09910
Unspecified,Object_14162
Corrosive,Object_14235
Pressurized,Object_11632
Corrosive,Object_08439
Explosive,Object_08552
Unspecified,Object_12847
Food,Object_08675
Food,Object_09674
Pressurized,Object_13624
Flammable,Object_14623
Oxidizing,Object_14501
Flammable,Object_14215
Oxidizing,Object_03728
Explosive,Object_02400
Fragile,Object_08297
Explosive,Object_08302
Flammable,Object_07032
Fragile,Object_00042
Food,Object_11484
Flammable,Object_14336
Radioactive,Object_08535
Unspecified,Object_08162
Food,Object_13350
Fragile,Object_05358
Pressurized,Object_11607
Food,Object_14043
Fragile,Object_11199
Radioactive,Object_13993
Food,Object_05438
Corrosive,Object_09201
Food,Object_05953
Oxidizing,Object_02314
Food,Object_12833
Food,Object_06161
Fragile,Object_10778
Pressurized,Object_09138
Pressurized,Object_09824
Explosive,Object_07342
Radioactive,Object_04692
Fragile,Object_03587
Explosive,Object_10631
Food,Object_12911
Explosive,Object_07183
Unspecified,Object_04111
Unspecified,Object_06794
Pressurized,Object_12012
Food,Object_02192
Oxidizing,Object_12367
Unspecified,Object_00437
Unspecified,Object_13327
Corrosive,Object_12386
Flammable,Object_05027
Explosive,Object_04132
Pressurized,Object_08712
Pressurized,Object_09757
Food,Object_03390
Explosive,Object_03981
Pressurized,Object_01393
Fragile,Object_06795
Radioactive,Object_12800
Radioactive,Object_03230
Unspecified,Object_03476
Food,Object_01653
Pressurized,Object_03344
Food,Object_07707
Oxidizing,Object_12958
Unspecified,Object_09885
Unspecified,Object_09970
Food,Object_09272
Oxidizing,Object_02463
Explosive,Object_13404
Explosive,Object_11153
Explosive,Object_06265
Radioactive,Object_00103
Food,Object_02839
Food,Object_11919
Explosive,Object_01415
Food,Object_12892
Food,Object_00861
Toxic,Object_03825
Explosive,Object_10813
Flammable,Object_07628
Food,Object_09834
Radioactive,Object_02822
Toxic,Object_07885
Fragile,Object_01277
Fragile,Object_08586
Unspecified,Object_11180
Radioactive,Object_12489
Flammable,Object_09380
Flammable,Object_12768
Flammable,Object_11138
Food,Object_07786
Explosive,Object_11270
Flammable,Object_09510
Radioactive,Object_05688
Explosive,Object_08007
Explosive,Object_09560
Toxic,Object_11849
Food,Object_06075
Food,Object_06958
Explosive,Object_00240
Fragile,Object_08266
Explosive,Object_11637
Oxidizing,Object_00663
Corrosive,Object_05603
Radioactive,Object_10785
Flammable,Object_11810
Radioactive,Object_13616
Unspecified,Object_00158
Unspecified,Object_06171
Corrosive,Object_09061
Toxic,Object_13748
Pressurized,Object_14125
Radioactive,Object_12066
Flammable,Object_11802
Food,Object_02483
Pressurized,Object_02084
Explosive,Object_12577
Pressurized,Object_07703
Oxidizing,Object_08668
Flammable,Object_03151
Oxidizing,Object_14269
Unspecified,Object_02627
Flammable,Object_02024
Explosive,Object_00316
Flammable,Object_12580
Pressurized,Object_06219
Toxic,Object_11021
Corrosive,Object_00710
Unspecified,Object_11822
Radioactive,Object_12473
Toxic,Object_07630
Toxic,Object_14205
Pressurized,Object_09747
Radioactive,Object_11043
Radioactive,Object_00094
Pressurized,Object_01228
Oxidizing,Object_08774
Radioactive,Object_02514
Food,Object_02742
Food,Object_03907
Pressurized,Object_01487
Explosive,Object_10204
Pressurized,Object_10102
Toxic,Object_04791
Food,Object_07994
Radioactive,Object_13454
Fragile,Object_07799
Unspecified,Object_14601
Explosive,Object_05289
Fragile,Object_09753
Oxidizing,Object_11367
Fragile,Object_04818
Food,Object_11715
Radioactive,Object_08924
Toxic,Object_11353
Explosive,Object_06158
Oxidizing,Object_05539
Oxidizing,Object_11980
Corrosive,Object_13162
Explosive,Object_07767
Radioactive,Object_03457
Fragile,Object_10019
Toxic,Object_11673
Food,Object_00689
Flammable,Object_05842
Pressurized,Object_07528
Radioactive,Object_07411
Toxic,Object_04241
Toxic,Object_03109
Radioactive,Object_01936
Flammable,Object_12711
Food,Object_10149
Corrosive,Object_09137
Explosive,Object_07409
Explosive,Object_09780
Toxic,Object_11208
Pressurized,Object_11317
Oxidizing,Object_00518
Unspecified,Object_02451
Radioactive,Object_11726
Fragile,Object_06140
Food,Object_10571
Explosive,Object_13966
Radioactive,Object_12362
Toxic,Object_12285
Toxic,Object_00704
Food,Object_05514
Unspecified,Object_13062
Toxic,Object_07653
Pressurized,Object_01035
Pressurized,Object_06321
Unspecified,Object_06411
Radioactive,Object_14614
Fragile,Object_02911
Unspecified,Object_10752
Flammable,Object_01726
Fragile,Object_01956
Explosive,Object_08001
Corrosive,Object_11796
Corrosive,Object_04842
Explosive,Object_02767
Food,Object_05037
Unspecified,Object_00153
Radioactive,Object_03558
Food,Object_09147
Flammable,Object_00506
Oxidizing,Object_01765
Toxic,Object_06435
Corrosive,Object_08639
Explosive,Object_14144
Pressurized,Object_04341
Food,Object_07099
Fragile,Object_01095
Pressurized,Object_08996
Radioactive,Object_01968
Radioactive,Object_11377
Oxidizing,Object_09962
Flammable,Object_03776
Unspecified,Object_03188
Corrosive,Object_10500
Food,Object_07868
Fragile,Object_03410
Explosive,Object_04210
Explosive,Object_09925
Radioactive,Object_06206
Radioactive,Object_11915
Flammable,Object_05203
Radioactive,Object_01605
Unspecified,Object_00814
Toxic,Object_04276
Flammable,Object_05020
Fragile,Object_01182
Toxic,Object_10139
Toxic,Object_01301
Oxidizing,Object_03759
Explosive,Object_13402
Radioactive,Object_00035
Unspecified,Object_07809
Oxidizing,Object_03257
Food,Object_04315
Toxic,Object_13761
Unspecified,Object_12459
Food,Object_06068
Toxic,Object_06940
Fragile,Object_01802
Corrosive,Object_07497
Unspecified,Object_12068
Unspecified,Object_01871
Radioactive,Object_08233
Flammable,Object_08666
Explosive,Object_09205
Food,Object_11050
Food,Object_05287
Unspecified,Object_02582
Explosive,Object_13215
Fragile,Object_14521
Explosive,Object_05721
Oxidizing,Object_07504
Explosive,Object_05897
Fragile,Object_08608
Pressurized,Object_02411
Food,Object_13374
Fragile,Object_05673
Toxic,Object_13255
Radioactive,Object_08330
Radioactive,Object_09668
Fragile,Object_13929
Oxidizing,Object_14277
Explosive,Object_12092
Oxidizing,Object_07695
Food,Object_06234
Oxidizing,Object_09953
Radioactive,Object_00517
Corrosive,Object_00735
Radioactive,Object_02729
Toxic,Object_05869
Flammable,Object_13335
Unspecified,Object_13333
Pressurized,Object_13111
Corrosive,Object_01547
Toxic,Object_07214
Oxidizing,Object_11088
Fragile,Object_10801
Flammable,Object_11608
Flammable,Object_00920
Radioactive,Object_08531
Oxidizing,Object_03939
Pressurized,Object_09157
Toxic,Object_03239
Pressurized,Object_13232
Flammable,Object_01940
Flammable,Object_11930
Corrosive,Object_05408
Flammable,Object_03229
Pressurized,Object_06426
Food,Object_07277
Food,Object_11631
Unspecified,Object_10674
Corrosive,Object_12450
Explosive,Object_05079
Flammable,Object_01280
Flammable,Object_06042
Oxidizing,Object_00829
Toxic,Object_01904
Pressurized,Object_00706
Pressurized,Object_06187
Toxic,Object_08061
Food,Object_03065
Food,Object_07513
Corrosive,Object_10009
Flammable,Object_02780
Pressurized,Object_10492
Pressurized,Object_01088
Flammable,Object_13000
Food,Object_13452
Toxic,Object_09069
Toxic,Object_08091
Unspecified,Object_04152
Corrosive,Object_14481
Corrosive,Object_04003
Explosive,Object_08050
Pressurized,Object_11724
Food,Object_04462
Explosive,Object_13595
Flammable,Object_03036
Explosive,Object_14203
Flammable,Object_09654
Explosive,Object_06413
Corrosive,Object_13823
Oxidizing,Object_06953
Corrosive,Object_12528
Oxidizing,Object_03153
Toxic,Object_14127
Explosive,Object_11766
Radioactive,Object_07211
Unspecified,Object_13297
Pressurized,Object_03124
Food,Object_12708
Corrosive,Object_02550
Explosive,Object_09746
Pressurized,Object_05387
Radioactive,Object_01825
Oxidizing,Object_04835
Fragile,Object_05475
Radioactive,Object_03480
Fragile,Object_06269
Oxidizing,Object_13485
Flammable,Object_11733
Radioactive,Object_10178
Corrosive,Object_00335
Fragile,Object_11922
Corrosive,Object_08740
Unspecified,Object_05336
Corrosive,Object_01999
Flammable,Object_04041
Pressurized,Object_09714
Pressurized,Object_13019
Oxidizing,Object_10207
Food,Object_04730
Corrosive,Object_14682
Food,Object_12567
Fragile,Object_12617
Oxidizing,Object_13488
Oxidizing,Object_02736
Food,Object_08688
Unspecified,Object_00687
Explosive,Object_13944
Toxic,Object_14330
Flammable,Object_01730
Oxidizing,Object_06001
Food,Object_13143
Food,Object_03848
Radioactive,Object_09462
Oxidizing,Object_13614
Flammable,Object_07805
Fragile,Object_03878
Unspecified,Object_03253
Unspecified,Object_01317
Pressurized,Object_11067
Corrosive,Object_00567
Fragile,Object_01857
Toxic,Object_03750
Explosive,Object_10595
Flammable,Object_12663
Food,Object_07641
Unspecified,Object_07523
Oxidizing,Object_11558
Oxidizing,Object_08587
Radioactive,Object_11934
Food,Object_08599
Flammable,Object_02347
Oxidizing,Object_00276
Oxidizing,Object_03796
Unspecified,Object_04290
Toxic,Object_13265
Unspecified,Object_14427
Unspecified,Object_03255
Unspecified,Object_12552
Fragile,Object_05131
Radioactive,Object_01355
Oxidizing,Object_07925
Toxic,Object_01439
Food,Object_11672
Radioactive,Object_02837
Unspecified,Object_04034
Toxic,Object_10530
Oxidizing,Object_12499
Fragile,Object_13560
Toxic,Object_05050
Oxidizing,Object_03930
Radioactive,Object_05669
Food,Object_04092
Toxic,Object_04484
Corrosive,Object_12522
Oxidizing,Object_00719
Corrosive,Object_02181
Oxidizing,Object_01718
Flammable,Object_04856
Radioactive,Object_04144
Pressurized,Object_14114
Oxidizing,Object_02366
Unspecified,Object_10716
Radioactive,Object_07180
Radioactive,Object_04413
Corrosive,Object_12149
Pressurized,Object_09597
Toxic,Object_13441
Food,Object_01208
Food,Object_00557
Fragile,Object_03703
Radioactive,Object_11642
Flammable,Object_01791
Flammable,Object_05415
Flammable,Object_07944
Fragile,Object_04911
Radioactive,Object_12602
Fragile,Object_02144
Explosive,Object_07290
Fragile,Object_13967
Explosive,Object_07648
Fragile,Object_08868
Corrosive,Object_12197
Oxidizing,Object_04217
Flammable,Object_05191
Pressurized,Object_00173
Flammable,Object_04441
Fragile,Object_02382
Radioactive,Object_08995
Pressurized,Object_02809
Radioactive,Object_12084
Explosive,Object_11737
Radioactive,Object_12895
Toxic,Object_13070
Fragile,Object_00596
Food,Object_09607
Corrosive,Object_02025
Unspecified,Object_10707
Radioactive,Object_06348
Explosive,Object_00478
Pressurized,Object_13399
Food,Object_10155
Explosive,Object_09374
Oxidizing,Object_08727
Toxic,Object_00638
Toxic,Object_14562
Food,Object_10497
Flammable,Object_01646
Flammable,Object_02179
Pressurized,Object_04373
Oxidizing,Object_13054
Food,Object_05060
Pressurized,Object_02863
Explosive,Object_00950
Oxidizing,Object_14188
Explosive,Object_12141
Unspecified,Object_04270
Flammable,Object_12706
Explosive,Object_08672
Unspecified,Object_02936
Flammable,Object_07536
Radioactive,Object_13136
Unspecified,Object_07267
Flammable,Object_09764
Radioactive,Object_12543
Food,Object_11139
Fragile,Object_14086
Oxidizing,Object_02904
Toxic,Object_05761
Explosive,Object_09087
Food,Object_08772
Unspecified,Object_13135
Flammable,Object_06582
Explosive,Object_11747
Flammable,Object_00252
Radioactive,Object_01013
Oxidizing,Object_07045
Corrosive,Object_09330
Radioactive,Object_12341
Explosive,Object_02438
Fragile,Object_09569
Unspecified,Object_09468
Toxic,Object_04871
Flammable,Object_03106
Radioactive,Object_04688
Explosive,Object_13487
Flammable,Object_02648
Unspecified,Object_02856
Pressurized,Object_05890
Food,Object_04676
Radioactive,Object_05443
Fragile,Object_01602
Corrosive,Object_11491
Flammable,Object_09416
Flammable,Object_07136
Toxic,Object_11890
Flammable,Object_13704
Unspecified,Object_01917
Pressurized,Object_04279
Flammable,Object_07182
Explosive,Object_06573
Fragile,Object_06745
Toxic,Object_01818
Flammable,Object_00977
Unspecified,Object_02434
Pressurized,Object_06770
Fragile,Object_09692
Radioactive,Object_03588
Radioactive,Object_02456
Fragile,Object_03363
Toxic,Object_06710
Explosive,Object_07948
Radioactive,Object_14610
Food,Object_07772
Fragile,Object_06182
Radioactive,Object_03283
Toxic,Object_08146
Radioactive,Object_14382
Unspecified,Object_04949
Radioactive,Object_01356
Oxidizing,Object_11105
Food,Object_11087
Radioactive,Object_01064
Corrosive,Object_03633
Fragile,Object_14652
Corrosive,Object_14165
Radioactive,Object_09625
Radioactive,Object_03590
Corrosive,Object_09521
Flammable,Object_03392
Flammable,Object_11189
Food,Object_07911
Food,Object_05072
Explosive,Object_02059
Unspecified,Object_05295
Unspecified,Object_08922
Food,Object_06911
Food,Object_00565
Flammable,Object_06412
Oxidizing,Object_08013
Oxidizing,Object_02739
Radioactive,Object_00608
Corrosive,Object_06962
Pressurized,Object_04180
Explosive,Object_04981
Food,Object_05004
Radioactive,Object_08274
Flammable,Object_13973
Corrosive,Object_09140
Oxidizing,Object_00024
Explosive,Object_11502
Explosive,Object_14109
Unspecified,Object_09675
Corrosive,Object_14061
Food,Object_05187
Toxic,Object_11280
Oxidizing,Object_10590
Oxidizing,Object_13305
Unspecified,Object_03903
Fragile,Object_08873
Flammable,Object_11749
Pressurized,Object_02322
Food,Object_07912
Radioactive,Object_13494
Food,Object_04084
Corrosive,Object_00492
Toxic,Object_12217
Explosive,Object_09129
Oxidizing,Object_12890
Oxidizing,Object_04156
Explosive,Object_01369
Toxic,Object_02021
Corrosive,Object_01920
Fragile,Object_11074
Radioactive,Object_00323
Food,Object_13671
Oxidizing,Object_01398
Oxidizing,Object_09074
Fragile,Object_08458
Food,Object_08575
Flammable,Object_04204
Corrosive,Object_05576
Unspecified,Object_06698
Fragile,Object_10355
Explosive,Object_06381
Food,Object_00544
Flammable,Object_06736
Unspecified,Object_04066
Oxidizing,Object_08685
Fragile,Object_04689
Corrosive,Object_04677
Toxic,Object_00947
Fragile,Object_12369
Food,Object_04129
Explosive,Object_04453
Food,Object_08560
Flammable,Object_14243
Explosive,Object_00308
Oxidizing,Object_02686
Radioactive,Object_06268
Radioactive,Object_06123
Oxidizing,Object_08811
Corrosive,Object_11561
Food,Object_09724
Explosive,Object_11876
Food,Object_02119
Toxic,Object_04939
Explosive,Object_05499
Explosive,Object_00851
Fragile,Object_04147
Unspecified,Object_01685
Fragile,Object_12610
Oxidizing,Object_11242
Food,Object_03762
Pressurized,Object_11320
Fragile,Object_04641
Food,Object_02797
Oxidizing,Object_05750
Pressurized,Object_05383
Unspecified,Object_09405
Food,Object_09038
Pressurized,Object_07776
Food,Object_13386
Fragile,Object_11362
Fragile,Object_06312
Explosive,Object_06281
Radioactive,Object_10413
Unspecified,Object_05963
Explosive,Object_09731
Explosive,Object_12545
Unspecified,Object_00498
Explosive,Object_11382
Corrosive,Object_09050
Toxic,Object_05140
Oxidizing,Object_12201
Oxidizing,Object_12600
Food,Object_12949
Flammable,Object_13535
Oxidizing,Object_08011
Corrosive,Object_08185
Explosive,Object_11526
Radioactive,Object_14432
Flammable,Object_12423
Pressurized,Object_06927
Food,Object_11624
Explosive,Object_13955
Fragile,Object_13649
Oxidizing,Object_09919
Explosive,Object_05075
Unspecified,Object_02376
Food,Object_05018
Food,Object_12030
Oxidizing,Object_09713
Corrosive,Object_11285
Explosive,Object_09912
Corrosive,Object_01514
Pressurized,Object_00005
Unspecified,Object_08532
Radioactive,Object_07425
Unspecified,Object_10642
Unspecified,Object_05164
Fragile,Object_00873
Fragile,Object_12867
Food,Object_14589
Fragile,Object_13874
Food,Object_01061
Explosive,Object_02195
Unspecified,Object_09068
Food,Object_11276
Pressurized,Object_03228
Corrosive,Object_01502
Corrosive,Object_03957
Food,Object_00749
Explosive,Object_07744
Toxic,Object_03895
Explosive,Object_04075
Pressurized,Object_09028
Food,Object_04249
Explosive,Object_07144
Flammable,Object_11333
Food,Object_00742
Pressurized,Object_12440
Pressurized,Object_09553
Toxic,Object_02564
Toxic,Object_10447
Radioactive,Object_13952
Pressurized,Object_01549
Food,Object_03009
Radioactive,Object_04392
Corrosive,Object_02295
Oxidizing,Object_11213
Fragile,Object_03761
Radioactive,Object_13212
Flammable,Object_08347
Explosive,Object_13706
Toxic,Object_11578
Unspecified,Object_13377
Pressurized,Object_09020
Flammable,Object_00844
Oxidizing,Object_11453
Toxic,Object_14331
Fragile,Object_02328
Unspecified,Object_00014
Flammable,Object_12244
Unspecified,Object_12411
Flammable,Object_01405
Toxic,Object_00840
Pressurized,Object_06813
Fragile,Object_03134
Food,Object_09198
Flammable,Object_14683
Flammable,Object_14180
Radioactive,Object_09269
Radioactive,Object_12139
Oxidizing,Object_08481
Flammable,Object_11593
Explosive,Object_09944
Radioactive,Object_08472
Pressurized,Object_09770
Corrosive,Object_08893
Flammable,Object_06218
Radioactive,Object_07050
Food,Object_08377
Pressurized,Object_09040
Oxidizing,Object_08062
Pressurized,Object_06382
Pressurized,Object_06734
Fragile,Object_04166
Fragile,Object_02779
Radioactive,Object_03205
Corrosive,Object_11459
Fragile,Object_04480
Unspecified,Object_05886
Fragile,Object_01032
Food,Object_04788
Toxic,Object_07766
Food,Object_12463
Unspecified,Object_13865
Toxic,Object_02223
Toxic,Object_05935
Toxic,Object_09676
Radioactive,Object_10519
Flammable,Object_08219
Radioactive,Object_03384
Pressurized,Object_06167
Unspecified,Object_00485
Unspecified,Object_12697
Food,Object_07110
Flammable,Object_07416
Corrosive,Object_14285
Flammable,Object_10960
Radioactive,Object_01540
Radioactive,Object_09190
Food,Object_04735
Radioactive,Object_10792
Explosive,Object_02850
Oxidizing,Object_00078
Pressurized,Object_05424
Unspecified,Object_11625
Oxidizing,Object_11694
Fragile,Object_05969
Explosive,Object_10304
Corrosive,Object_02709
Fragile,Object_02399
Fragile,Object_05874
Pressurized,Object_07564
Corrosive,Object_00623
Corrosive,Object_02030
Toxic,Object_09738
Explosive,Object_04477
Unspecified,Object_10432
Fragile,Object_07563
Radioactive,Object_12648
Fragile,Object_13266
Radioactive,Object_14531
Oxidizing,Object_00319
Explosive,Object_02900
Flammable,Object_08148
Corrosive,Object_11316
Food,Object_11478
Corrosive,Object_04467
Flammable,Object_04322
Corrosive,Object_00248
Pressurized,Object_00539
Explosive,Object_14194
Explosive,Object_01465
Corrosive,Object_05571
Explosive,Object_05825
Fragile,Object_07512
Oxidizing,Object_11924
Pressurized,Object_08308
Food,Object_04656
Flammable,Object_10276
Oxidizing,Object_11667
Unspecified,Object_04616
Pressurized,Object_11974
Corrosive,Object_11046
Explosive,Object_02277
Explosive,Object_02212
Pressurized,Object_02238
Pressurized,Object_01070
Explosive,Object_13696
Flammable,Object_08328
Corrosive,Object_07920
Unspecified,Object_09595
Flammable,Object_12759
Explosive,Object_12173
Corrosive,Object_05876
Radioactive,Object_04873
Toxic,Object_13513
Unspecified,Object_06514
Pressurized,Object_07015
Unspecified,Object_09837
Pressurized,Object_08565
Pressurized,Object_10842
Corrosive,Object_12799
Flammable,Object_00696
Pressurized,Object_14013
Oxidizing,Object_11188
Toxic,Object_12654
Toxic,Object_09664
Unspecified,Object_02928
Flammable,Object_03985
Unspecified,Object_10680
Pressurized,Object_05461
Unspecified,Object_10551
Explosive,Object_01348
Explosive,Object_03618
Corrosive,Object_04120
Oxidizing,Object_08882
Unspecified,Object_02209
Flammable,Object_13782
Toxic,Object_09839
Oxidizing,Object_11788
Food,Object_13666
Pressurized,Object_09160
Pressurized,Object_12529
Explosive,Object_05960
Flammable,Object_08088
Explosive,Object_09271
Corrosive,Object_00226
Corrosive,Object_07866
Unspecified,Object_13909
Toxic,Object_11090
Unspecified,Object_00737
Food,Object_01607
Unspecified,Object_03970
Flammable,Object_10418
Toxic,Object_11721
Pressurized,Object_06984
Flammable,Object_09897
Corrosive,Object_12300
Flammable,Object_01241
Unspecified,Object_12510
Oxidizing,Object_01689
Food,Object_14540
Fragile,Object_12784
Explosive,Object_03968
Pressurized,Object_01090
Fragile,Object_07371
Food,Object_06151
Explosive,Object_01973
Corrosive,Object_03502
Radioactive,Object_10604
Unspecified,Object_11311
Radioactive,Object_13517
Radioactive,Object_03377
Fragile,Object_14140
Fragile,Object_06557
Oxidizing,Object_01314
Pressurized,Object_11872
Food,Object_14021
Unspecified,Object_03624
Food,Object_11837
Pressurized,Object_06279
Food,Object_12581
Food,Object_09924
Radioactive,Object_09002
Unspecified,Object_02022
Explosive,Object_03816
Flammable,Object_10524
Oxidizing,Object_08136
Oxidizing,Object_01610
Pressurized,Object_10354
Toxic,Object_13781
Fragile,Object_12694
Oxidizing,Object_12964
Unspecified,Object_09927
Oxidizing,Object_04777
Unspecified,Object_11156
Flammable,Object_14678
Explosive,Object_14625
Explosive,Object_10979
Toxic,Object_02981
Flammable,Object_01779
Fragile,Object_03429
Fragile,Object_01837
Radioactive,Object_04019
Radioactive,Object_10998
Explosive,Object_13344
Radioactive,Object_09277
Flammable,Object_08049
Flammable,Object_10270
Toxic,Object_07831
Corrosive,Object_03045
Radioactive,Object_00205
Explosive,Object_10271
Toxic,Object_08272
Fragile,Object_03351
Food,Object_13464
Flammable,Object_14230
Pressurized,Object_08200
Oxidizing,Object_02849
Explosive,Object_09305
Explosive,Object_09433
Toxic,Object_10898
Food,Object_01323
Radioactive,Object_12668
Explosive,Object_07990
Corrosive,Object_12370
Unspecified,Object_04052
Unspecified,Object_04314
Food,Object_12932
Food,Object_04714
Explosive,Object_13448
Corrosive,Object_04389
Radioactive,Object_09525
Unspecified,Object_00990
Flammable,Object_09905
Radioactive,Object_05148
Radioactive,Object_09568
Toxic,Object_10060
Radioactive,Object_06386
Flammable,Object_07106
Radioactive,Object_02608
Pressurized,Object_10661
Toxic,Object_03603
Pressurized,Object_03160
Unspecified,Object_00906
Radioactive,Object_07819
Fragile,Object_13443
Radioactive,Object_05779
Corrosive,Object_03486
Corrosive,Object_00111
Toxic,Object_03896
Flammable,Object_04610
Flammable,Object_03684
Oxidizing,Object_12856
Radioactive,Object_00574
Fragile,Object_13114
Corrosive,Object_13873
Oxidizing,Object_14426
Pressurized,Object_12364
Radioactive,Object_11520
Unspecified,Object_01140
Corrosive,Object_03732
Pressurized,Object_01682
Pressurized,Object_13057
Toxic,Object_02058
Unspecified,Object_13563
Oxidizing,Object_05480
Flammable,Object_03408
Oxidizing,Object_14037
Fragile,Object_08945
Corrosive,Object_03865
Radioactive,Object_04206
Corrosive,Object_12393
Flammable,Object_04893
Corrosive,Object_11896
Fragile,Object_11119
Pressurized,Object_03800
Oxidizing,Object_05574
Radioactive,Object_03234
Toxic,Object_08588
Oxidizing,Object_14286
Radioactive,Object_13819
Pressurized,Object_13941
Unspecified,Object_05210
Radioactive,Object_10301
Oxidizing,Object_12233
Radioactive,Object_09430
Toxic,Object_09906
Fragile,Object_13242
Pressurized,Object_13011
Radioactive,Object_08691
Pressurized,Object_06506
Pressurized,Object_08604
Unspecified,Object_13931
Fragile,Object_04859
Food,Object_01428
Toxic,Object_03608
Pressurized,Object_01831
Food,Object_10993
Food,Object_04525
Pressurized,Object_09109
Toxic,Object_07998
Radioactive,Object_09498
Pressurized,Object_07784
Fragile,Object_02423
Food,Object_08453
Corrosive,Object_01014
Unspecified,Object_10654
Pressurized,Object_10493
Food,Object_13370
Explosive,Object_04697
Pressurized,Object_00303
Corrosive,Object_08736
Oxidizing,Object_10072
Toxic,Object_07252
Oxidizing,Object_09603
Food,Object_07150
Unspecified,Object_13947
Explosive,Object_09177
Food,Object_14370
Corrosive,Object_08442
Unspecified,Object_05618
Pressurized,Object_08920
Unspecified,Object_13519
Corrosive,Object_14641
Radioactive,Object_08839
Oxidizing,Object_02014
Radioactive,Object_05010
Flammable,Object_04592
Toxic,Object_03677
Corrosive,Object_14543
Corrosive,Object_11864
Radioactive,Object_08490
Flammable,Object_07361
Fragile,Object_06346
Radioactive,Object_08518
Unspecified,Object_08255
Explosive,Object_14044
Pressurized,Object_03979
Unspecified,Object_01190
Flammable,Object_13465
Food,Object_10576
Pressurized,Object_03695
Pressurized,Object_09387
Toxic,Object_08796
Oxidizing,Object_08169
Food,Object_04622
Pressurized,Object_03475
Explosive,Object_04764
Fragile,Object_10737
Pressurized,Object_06844
Corrosive,Object_04174
Explosive,Object_03302
Toxic,Object_07306
Flammable,Object_07006
Oxidizing,Object_05417
Food,Object_03760
Pressurized,Object_12451
Unspecified,Object_11947
Radioactive,Object_12503
Oxidizing,Object_04590
Radioactive,Object_14639
Fragile,Object_09103
Pressurized,Object_08556
Radioactive,Object_02175
Toxic,Object_10183
Radioactive,Object_06545
Fragile,Object_07330
Explosive,Object_05426
Fragile,Object_07268
Food,Object_05073
Oxidizing,Object_11288
Oxidizing,Object_14189
Oxidizing,Object_11687
Toxic,Object_11162
Explosive,Object_02530
Radioactive,Object_08031
Food,Object_04018
Explosive,Object_01120
Fragile,Object_00720
Food,Object_00969
Explosive,Object_06983
Oxidizing,Object_00994
Food,Object_08383
Fragile,Object_11352
Food,Object_06761
Corrosive,Object_05958
Explosive,Object_07043
Radioactive,Object_11469
Radioactive,Object_08912
Explosive,Object_08869
Unspecified,Object_11419
Food,Object_08640
Explosive,Object_14329
Flammable,Object_10260
Oxidizing,Object_10471
Fragile,Object_08032
Pressurized,Object_06232
Radioactive,Object_01972
Explosive,Object_02490
Oxidizing,Object_02790
Explosive,Object_03366
Food,Object_11323
Explosive,Object_03097
Toxic,Object_13847
Explosive,Object_00196
Pressurized,Object_04334
Food,Object_07617
Flammable,Object_00470
Explosive,Object_08876
Unspecified,Object_04545
Toxic,Object_10725
Toxic,Object_14480
Flammable,Object_11543
Unspecified,Object_13521
Corrosive,Object_10795
Corrosive,Object_00002
Corrosive,Object_08111
Corrosive,Object_11450
Toxic,Object_11668
Fragile,Object_01908
Food,Object_05986
Explosive,Object_02815
Oxidizing,Object_01527
Pressurized,Object_14522
Toxic,Object_05240
Food,Object_00962
Radioactive,Object_07679
Toxic,Object_11670
Corrosive,Object_14663
Oxidizing,Object_04285
Radioactive,Object_08238
Unspecified,Object_07527
Radioactive,Object_07322
Flammable,Object_06066
Radioactive,Object_13055
Flammable,Object_11494
Food,Object_06793
Oxidizing,Object_01705
Flammable,Object_00389
Flammable,Object_00597
Radioactive,Object_07434
Radioactive,Object_10874
Radioactive,Object_10326
Fragile,Object_07901
Toxic,Object_09790
Fragile,Object_13137
Food,Object_14472
Pressurized,Object_00015
Radioactive,Object_14511
Food,Object_05643
Explosive,Object_10330
Unspecified,Object_05657
Corrosive,Object_03398
Pressurized,Object_04076
Corrosive,Object_05381
Food,Object_07673
Unspecified,Object_10553
Explosive,Object_05128
Unspecified,Object_14439
Food,Object_10215
Toxic,Object_00904
Corrosive,Object_10724
Oxidizing,Object_10952
Radioactive,Object_02766
Toxic,Object_09229
Explosive,Object_13360
Radioactive,Object_08798
Radioactive,Object_04549
Flammable,Object_07384
Flammable,Object_02392
Toxic,Object_14548
Toxic,Object_00678
Food,Object_08370
Explosive,Object_05703
Fragile,Object_02033
Flammable,Object_11706
Radioactive,Object_04064
Explosive,Object_05123
Food,Object_12712
Explosive,Object_08443
Explosive,Object_12898
Flammable,Object_13515
Toxic,Object_14310
Fragile,Object_04618
Fragile,Object_09558
Oxidizing,Object_03150
Toxic,Object_09788
Corrosive,Object_07195
Radioactive,Object_09337
Oxidizing,Object_13771
Fragile,Object_12408
Corrosive,Object_13885
Radioactive,Object_09169
Toxic,Object_00238
Food,Object_09554
Food,Object_12000
Fragile,Object_02954
Pressurized,Object_02832
Unspecified,Object_10782
Explosive,Object_14062
Toxic,Object_07547
Radioactive,Object_01504
Corrosive,Object_14559
Explosive,Object_12821
Pressurized,Object_08982
Fragile,Object_01458
Pressurized,Object_09749
Flammable,Object_05407
Flammable,Object_07117
Fragile,Object_14378
Radioactive,Object_06952
Food,Object_04405
Corrosive,Object_01418
Radioactive,Object_05909
Food,Object_00300
Radioactive,Object_13239
Pressurized,Object_02674
Unspecified,Object_13071
Food,Object_02013
Oxidizing,Object_10173
Flammable,Object_05729
Corrosive,Object_07393
Unspecified,Object_01436
Toxic,Object_09036
Corrosive,Object_01935
Oxidizing,Object_13893
Radioactive,Object_04869
Oxidizing,Object_06805
Fragile,Object_00583
Food,Object_02829
Food,Object_04550
Corrosive,Object_08194
Oxidizing,Object_10110
Corrosive,Object_02387
Unspecified,Object_05807
Toxic,Object_03661
Flammable,Object_00068
Pressurized,Object_05719
Food,Object_05393
Unspecified,Object_06541
Fragile,Object_05987
Radioactive,Object_09449
Toxic,Object_10973
Oxidizing,Object_10665
Flammable,Object_10956
Toxic,Object_10253
Food,Object_03853
Unspecified,Object_10745
Toxic,Object_09027
Unspecified,Object_00047
Flammable,Object_05851
Pressurized,Object_12970
Toxic,Object_03550
Toxic,Object_14267
Fragile,Object_03015
Food,Object_06696
Food,Object_08705
Fragile,Object_00463
Flammable,Object_08131
Unspecified,Object_09941
Flammable,Object_00295
Corrosive,Object_04890
Corrosive,Object_06150
Food,Object_08340
Unspecified,Object_08484
Flammable,Object_05730
Fragile,Object_03686
Unspecified,Object_02818
Explosive,Object_12984
Toxic,Object_02602
Toxic,Object_03018
Pressurized,Object_01263
Fragile,Object_12946
Radioactive,Object_08860
Food,Object_10955
Food,Object_13172
Food,Object_07575
Oxidizing,Object_00738
Corrosive,Object_07457
Corrosive,Object_10350
Oxidizing,Object_14499
Corrosive,Object_06233
Radioactive,Object_02630
Toxic,Object_10156
Radioactive,Object_00189
Fragile,Object_00194
Food,Object_05282
Corrosive,Object_07209
Unspecified,Object_06668
Pressurized,Object_00942
Radioactive,Object_13361
Food,Object_01073
Flammable,Object_07120
Corrosive,Object_03531
Unspecified,Object_13382
Corrosive,Object_14346
Toxic,Object_03994
Fragile,Object_13016
Radioactive,Object_03755
Radioactive,Object_05244
Toxic,Object_10713
Oxidizing,Object_03345
Flammable,Object_08192
Oxidizing,Object_06484
Pressurized,Object_03031
Corrosive,Object_06456
Pressurized,Object_11923
Oxidizing,Object_02289
Radioactive,Object_01024
Fragile,Object_06445
Pressurized,Object_09110
Unspecified,Object_04445
Fragile,Object_08205
Toxic,Object_11653
Flammable,Object_00508
Corrosive,Object_03168
Corrosive,Object_05512
Pressurized,Object_03707
Explosive,Object_00865
Explosive,Object_11690
Radioactive,Object_08082
Radioactive,Object_05724
Flammable,Object_02367
Flammable,Object_04051
Flammable,Object_00096
Oxidizing,Object_01827
Fragile,Object_09821
Food,Object_12421
Fragile,Object_07863
Food,Object_05584
Food,Object_13407
Pressurized,Object_13150
Flammable,Object_03139
Radioactive,Object_01362
Pressurized,Object_03881
Unspecified,Object_03974
Flammable,Object_04571
Food,Object_00741
Toxic,Object_05074
Fragile,Object_05284
Food,Object_10480
Explosive,Object_06199
Oxidizing,Object_07241
Flammable,Object_06129
Radioactive,Object_00414
Oxidizing,Object_05712
Oxidizing,Object_01788
Radioactive,Object_03648
Food,Object_13556
Pressurized,Object_09947
Oxidizing,Object_07387
Explosive,Object_05562
Food,Object_01778
Food,Object_05345
Unspecified,Object_04042
Pressurized,Object_09745
Explosive,Object_12736
Fragile,Object_07483
Corrosive,Object_11414
Unspecified,Object_02931
Explosive,Object_02499
Explosive,Object_04529
Radioactive,Object_10284
Unspecified,Object_05772
Corrosive,Object_06605
Corrosive,Object_05552
Corrosive,Object_06086
Flammable,Object_06815
Unspecified,Object_12734
Radioactive,Object_00093
Oxidizing,Object_01793
Unspecified,Object_03043
Radioactive,Object_01160
Corrosive,Object_00499
Radioactive,Object_01665
Unspecified,Object_07693
Flammable,Object_12603
Corrosive,Object_03688
Corrosive,Object_10033
Explosive,Object_03365
Radioactive,Object_05077
Fragile,Object_11159
Corrosive,Object_03913
Corrosive,Object_00361
Oxidizing,Object_05040
Explosive,Object_00365
Oxidizing,Object_13308
Fragile,Object_00138
Unspecified,Object_00404
Radioactive,Object_12109
Radioactive,Object_08254
Explosive,Object_01835
Radioactive,Object_11842
Unspecified,Object_09041
Explosive,Object_13038
Pressurized,Object_11004
Pressurized,Object_03184
Corrosive,Object_05778
Fragile,Object_14482
Radioactive,Object_08567
Unspecified,Object_00474
Unspecified,Object_05339
Food,Object_12013
Food,Object_01168
Oxidizing,Object_13522
Explosive,Object_03215
Radioactive,Object_04160
Fragile,Object_12095
Fragile,Object_03322
Explosive,Object_09904
Food,Object_03752
Unspecified,Object_14516
Fragile,Object_04430
Pressurized,Object_02520
Corrosive,Object_02053
Fragile,Object_12808
Corrosive,Object_14007
Corrosive,Object_13267
Flammable,Object_02312
Food,Object_01695
Flammable,Object_11966
Unspecified,Object_12108
Food,Object_12913
Flammable,Object_05600
Fragile,Object_11115
Fragile,Object_14503
Fragile,Object_13763
Oxidizing,Object_11303
Unspecified,Object_10796
Fragile,Object_10309
Pressurized,Object_02945
Pressurized,Object_09986
Explosive,Object_01209
Toxic,Object_02147
Corrosive,Object_10254
Explosive,Object_02187
Radioactive,Object_03961
Oxidizing,Object_05833
Food,Object_05031
Unspecified,Object_08636
Corrosive,Object_06064
Toxic,Object_01159
Pressurized,Object_08865
Flammable,Object_06644
Explosive,Object_01849
Corrosive,Object_06729
Pressurized,Object_05269
Corrosive,Object_04701
Toxic,Object_12026
Corrosive,Object_05257
Corrosive,Object_02146
Flammable,Object_06639
Toxic,Object_03749
Corrosive,Object_07861
Toxic,Object_08033
Flammable,Object_05936
Explosive,Object_00562
Oxidizing,Object_04004
Food,Object_11946
Corrosive,Object_03901
Explosive,Object_10108
Unspecified,Object_04565
Radioactive,Object_00004
Unspecified,Object_10136
Pressurized,Object_13983
Radioactive,Object_01083
Radioactive,Object_13414
Fragile,Object_12098
Radioactive,Object_10428
Explosive,Object_14014
Unspecified,Object_00461
Food,Object_07945
Food,Object_00519
Explosive,Object_07607
Radioactive,Object_14436
Food,Object_11943
Toxic,Object_06756
Radioactive,Object_04072
Pressurized,Object_02569
Fragile,Object_04910
Explosive,Object_00852
Pressurized,Object_02169
Oxidizing,Object_04581
Food,Object_14015
Toxic,Object_06897
Flammable,Object_02018
Fragile,Object_04984
Radioactive,Object_09078
Unspecified,Object_03381
Radioactive,Object_07024
Flammable,Object_06554
Toxic,Object_04243
Unspecified,Object_13547
Corrosive,Object_06450
Radioactive,Object_06335
Oxidizing,Object_01074
Flammable,Object_03764
Flammable,Object_09716
Pressurized,Object_07069
Food,Object_04234
Flammable,Object_05177
Toxic,Object_07857
Radioactive,Object_07988
Corrosive,Object_03277
Fragile,Object_00422
Oxidizing,Object_04516
Toxic,Object_02469
Radioactive,Object_04997
Toxic,Object_07812
Oxidizing,Object_03897
Pressurized,Object_03771
Toxic,Object_09720
Toxic,Object_05012
Fragile,Object_10221
Food,Object_04948
Corrosive,Object_05398
Toxic,Object_13863
Unspecified,Object_12390
Radioactive,Object_03787
Unspecified,Object_00770
Unspecified,Object_11638
Unspecified,Object_09542
Radioactive,Object_13003
Corrosive,Object_04320
Corrosive,Object_03204
Pressurized,Object_06853
Oxidizing,Object_07001
Fragile,Object_07011
Oxidizing,Object_13834
Fragile,Object_07503
Explosive,Object_11309
Pressurized,Object_14463
Radioactive,Object_08353
Toxic,Object_05540
Radioactive,Object_06635
Fragile,Object_05682
Radioactive,Object_02043
Radioactive,Object_02704
Explosive,Object_03114
Food,Object_07210
Toxic,Object_09242
Unspecified,Object_07941
Radioactive,Object_07058
Unspecified,Object_08470
Corrosive,Object_00213
Explosive,Object_08605
Explosive,Object_02853
Explosive,Object_10380
Radioactive,Object_06571
Oxidizing,Object_08373
Corrosive,Object_05241
Flammable,Object_09623
Toxic,Object_01828
Flammable,Object_00790
Oxidizing,Object_10815
Toxic,Object_11460
Pressurized,Object_03406
Food,Object_07956
Toxic,Object_12445
Unspecified,Object_09709
Oxidizing,Object_14536
Radioactive,Object_03811
Pressurized,Object_05158
Radioactive,Object_07478
Food,Object_09065
Fragile,Object_10333
Food,Object_02211
Radioactive,Object_06923
Explosive,Object_10166
Toxic,Object_11415
Radioactive,Object_10169
Radioactive,Object_13741
Unspecified,Object_03145
Fragile,Object_11606
Unspecified,Object_10763
Toxic,Object_06241
Flammable,Object_09961
Radioactive,Object_03146
Radioactive,Object_10556
Radioactive,Object_01709
Flammable,Object_04377
Fragile,Object_01615
Fragile,Object_04006
Flammable,Object_11596
Unspecified,Object_02870
Flammable,Object_02866
Explosive,Object_04237
Pressurized,Object_10799
Fragile,Object_14186
Food,Object_12595
Corrosive,Object_10543
Food,Object_05601
Fragile,Object_01971
Corrosive,Object_06529
Corrosive,Object_04488
Fragile,Object_13419
Explosive,Object_00537
Toxic,Object_04863
Flammable,Object_01993
Explosive,Object_04489
Explosive,Object_09717
Unspecified,Object_03810
Pressurized,Object_06880
Flammable,Object_06592
Toxic,Object_07285
Corrosive,Object_06650
Toxic,Object_07078
Explosive,Object_03424
Unspecified,Object_09474
Explosive,Object_11337
Food,Object_01287
Unspecified,Object_07769
Food,Object_05135
Radioactive,Object_04228
Flammable,Object_00773
Food,Object_06622
Pressurized,Object_09428
Toxic,Object_00589
Toxic,Object_12292
Flammable,Object_07493
Explosive,Object_03338
Unspecified,Object_02528
Flammable,Object_14148
Explosive,Object_05231
Radioactive,Object_03449
Corrosive,Object_01244
Unspecified,Object_12967
Fragile,Object_03999
Oxidizing,Object_05312
Flammable,Object_07844
Radioactive,Object_08949
Corrosive,Object_11259
Food,Object_01542
Corrosive,Object_00110
Corrosive,Object_13065
Flammable,Object_05887
Corrosive,Object_03102
Unspecified,Object_09494
Flammable,Object_07414
Fragile,Object_02848
Corrosive,Object_01523
Pressurized,Object_13587
Fragile,Object_12154
Fragile,Object_11456
Flammable,Object_06838
Unspecified,Object_12175
Explosive,Object_00257
Unspecified,Object_14351
Radioactive,Object_05992
Unspecified,Object_11092
Toxic,Object_02041
Oxidizing,Object_04574
Flammable,Object_11957
Radioactive,Object_11530
Food,Object_09084
Flammable,Object_08898
Toxic,Object_02139
Fragile,Object_12636
Radioactive,Object_00593
Explosive,Object_07134
Fragile,Object_11341
Toxic,Object_04753
Pressurized,Object_05440
Pressurized,Object_10107
Unspecified,Object_04695
Pressurized,Object_03023
Radioactive,Object_13473
Fragile,Object_11535
Fragile,Object_14505
Corrosive,Object_13275
Radioactive,Object_13910
Flammable,Object_02525
Corrosive,Object_01466
Pressurized,Object_10805
Toxic,Object_01836
Corrosive,Object_00142
Corrosive,Object_12566
Corrosive,Object_13263
Fragile,Object_03061
Fragile,Object_10446
Corrosive,Object_09957
Toxic,Object_09840
Oxidizing,Object_08522
Food,Object_03597
Food,Object_12961
Radioactive,Object_03080
Food,Object_10923
Pressurized,Object_04271
Radioactive,Object_02017
Fragile,Object_13576
Radioactive,Object_14238
Food,Object_09531
Food,Object_00841
Radioactive,Object_03190
Corrosive,Object_07394
Radioactive,Object_07318
Explosive,Object_14245
Explosive,Object_05492
Toxic,Object_09999
Flammable,Object_03140
Food,Object_13805
Pressurized,Object_07084
Unspecified,Object_11622
Radioactive,Object_06500
Oxidizing,Object_12616
Toxic,Object_03202
Explosive,Object_01660
Pressurized,Object_07843
Food,Object_06003
Pressurized,Object_02251
Oxidizing,Object_12488
Explosive,Object_11025
Toxic,Object_00680
Toxic,Object_09704
Flammable,Object_05259
Explosive,Object_03439
Radioactive,Object_06024
Explosive,Object_01638
Fragile,Object_01100
Unspecified,Object_02676
Pressurized,Object_09216
Radioactive,Object_10608
Unspecified,Object_01216
Pressurized,Object_04578
Food,Object_04745
Food,Object_01017
Oxidizing,Object_01267
Unspecified,Object_01750
Explosive,Object_13163
Flammable,Object_03196
Radioactive,Object_04044
Explosive,Object_11374
Radioactive,Object_10989
Corrosive,Object_13001
Food,Object_10565
Explosive,Object_00267
Oxidizing,Object_05202
Corrosive,Object_00425
Pressurized,Object_08108
Flammable,Object_02663
Radioactive,Object_05044
Pressurized,Object_11908
Explosive,Object_04512
Explosive,Object_02647
Pressurized,Object_14224
Toxic,Object_01712
Radioactive,Object_04164
Radioactive,Object_07374
Radioactive,Object_10701
Food,Object_06458
Pressurized,Object_14226
Radioactive,Object_00020
Unspecified,Object_01173
Explosive,Object_05447
Explosive,Object_10466
Fragile,Object_10934
Food,Object_14056
Oxidizing,Object_12333
Flammable,Object_01548
Corrosive,Object_01608
Unspecified,Object_13766
Corrosive,Object_12810
Food,Object_07171
Flammable,Object_05593
Pressurized,Object_10560
Toxic,Object_02191
Flammable,Object_07546
Pressurized,Object_00274
Radioactive,Object_04538
Corrosive,Object_06596
Explosive,Object_08776
Toxic,Object_05597
Explosive,Object_12686
Corrosive,Object_01046
Explosive,Object_05279
Oxidizing,Object_11600
Explosive,Object_10344
Fragile,Object_05546
Corrosive,Object_03030
Corrosive,Object_07556
Radioactive,Object_10403
Explosive,Object_14048
Corrosive,Object_00917
Pressurized,Object_14190
Toxic,Object_00440
Corrosive,Object_00819
Toxic,Object_10415
Toxic,Object_04187
Explosive,Object_04244
Toxic,Object_11233
Unspecified,Object_09145
Fragile,Object_04047
Unspecified,Object_13915
Explosive,Object_01652
Pressurized,Object_12104
Radioactive,Object_06749
Food,Object_02642
Radioactive,Object_01892
Pressurized,Object_04978
Corrosive,Object_14479
Unspecified,Object_03287
Food,Object_14008
Unspecified,Object_02052
Flammable,Object_05800
Explosive,Object_03669
Fragile,Object_05864
Oxidizing,Object_02834
Toxic,Object_09051
Flammable,Object_03900
Pressurized,Object_00505
Radioactive,Object_13811
Corrosive,Object_11628
Flammable,Object_03413
Fragile,Object_12270
Radioactive,Object_00752
Oxidizing,Object_02774
Radioactive,Object_12291
Food,Object_09194
Explosive,Object_03349
Radioactive,Object_09759
Radioactive,Object_14105
Flammable,Object_06237
Fragile,Object_08184
Flammable,Object_03927
Explosive,Object_10250
Corrosive,Object_12547
Flammable,Object_12982
Flammable,Object_12825
Corrosive,Object_08662
Explosive,Object_04149
Pressurized,Object_12156
Oxidizing,Object_03441
Food,Object_04963
Fragile,Object_07044
Corrosive,Object_11954
Explosive,Object_06355
Explosive,Object_01519
Oxidizing,Object_01142
Radioactive,Object_08925
Toxic,Object_04684
Corrosive,Object_04423
Unspecified,Object_12560
Unspecified,Object_05577
Unspecified,Object_05988
Flammable,Object_05465
Corrosive,Object_02496
Flammable,Object_04658
Flammable,Object_14295
Food,Object_06071
Unspecified,Object_03778
Fragile,Object_00568
Unspecified,Object_10721
Toxic,Object_12375
Pressurized,Object_13756
Pressurized,Object_03133
Flammable,Object_10351
Pressurized,Object_12631
Toxic,Object_04847
Flammable,Object_05413
Toxic,Object_02263
Food,Object_11560
Toxic,Object_04098
Toxic,Object_09072
Flammable,Object_08110
Radioactive,Object_08030
Flammable,Object_04972
Pressurized,Object_08838
Corrosive,Object_02443
Food,Object_10231
Unspecified,Object_14424
Radioactive,Object_00744
Food,Object_09591
Radioactive,Object_04579
Flammable,Object_12849
Explosive,Object_03380
Unspecified,Object_03926
Corrosive,Object_10130
Pressurized,Object_03035
Flammable,Object_04057
Toxic,Object_07340
Toxic,Object_00421
Radioactive,Object_13540
Oxidizing,Object_07974
Radioactive,Object_01242
Pressurized,Object_05327
Flammable,Object_12294
Fragile,Object_12979
Flammable,Object_00925
Radioactive,Object_08597
Toxic,Object_05055
Oxidizing,Object_12715
Food,Object_11392
Oxidizing,Object_09400
Oxidizing,Object_08728
Pressurized,Object_12679
Food,Object_01214
Toxic,Object_12339
Oxidizing,Object_08647
Oxidizing,Object_02504
Oxidizing,Object_09689
Corrosive,Object_13165
Corrosive,Object_04700
Corrosive,Object_12391
Flammable,Object_01948
Oxidizing,Object_11221
Fragile,Object_06630
Pressurized,Object_12584
Fragile,Object_09265
Oxidizing,Object_05495
Food,Object_11299
Corrosive,Object_04186
Toxic,Object_11620
Pressurized,Object_07082
Toxic,Object_02230
Explosive,Object_07736
Unspecified,Object_10756
Radioactive,Object_03020
Flammable,Object_12578
Toxic,Object_13249
Corrosive,Object_04772
Unspecified,Object_05651
Unspecified,Object_14340
Pressurized,Object_08540
Radioactive,Object_03419
Oxidizing,Object_12479
Oxidizing,Object_07238
Flammable,Object_05850
Unspecified,Object_12140
Explosive,Object_10687
Oxidizing,Object_13735
Food,Object_02419
Fragile,Object_10402
Corrosive,Object_00128
Flammable,Object_14647
Corrosive,Object_03217
Flammable,Object_10420
Corrosive,Object_10129
Food,Object_02889
Unspecified,Object_08113
Flammable,Object_04559
Food,Object_11330
Corrosive,Object_09909
Corrosive,Object_00120
Food,Object_06743
Corrosive,Object_02373
Fragile,Object_14356
Flammable,Object_04207
Food,Object_13897
Explosive,Object_01225
Unspecified,Object_00022
Explosive,Object_11149
Radioactive,Object_06023
Food,Object_06915
Pressurized,Object_11024
Explosive,Object_07397
Food,Object_05644
Toxic,Object_04393
Corrosive,Object_03993
Radioactive,Object_04595
Oxidizing,Object_11014
Food,Object_09778
Fragile,Object_02449
Pressurized,Object_09090
Fragile,Object_09460
Food,Object_06425
Unspecified,Object_04775
Fragile,Object_10311
Flammable,Object_11746
Explosive,Object_04379
Pressurized,Object_03309
Unspecified,Object_05298
Food,Object_03682
Toxic,Object_08862
Toxic,Object_05138
Flammable,Object_00911
Toxic,Object_05429
Unspecified,Object_11064
Toxic,Object_13765
Flammable,Object_06067
Explosive,Object_10104
Flammable,Object_02669
Pressurized,Object_10085
Oxidizing,Object_05428
Food,Object_05978
Radioactive,Object_00211
Fragile,Object_08957
Food,Object_11718
Oxidizing,Object_06885
Food,Object_10593
Radioactive,Object_07580
Explosive,Object_05451
Toxic,Object_13822
Corrosive,Object_06310
Fragile,Object_06416
Fragile,Object_09174
Radioactive,Object_14571
Toxic,Object_00212
Corrosive,Object_08008
Pressurized,Object_08071
Corrosive,Object_13484
Oxidizing,Object_06647
Fragile,Object_09943
Radioactive,Object_08351
Pressurized,Object_10138
Toxic,Object_11967
Toxic,Object_12930
Fragile,Object_11569
Pressurized,Object_01353
Flammable,Object_03721
Radioactive,Object_03792
Fragile,Object_13744
Explosive,Object_07613
Flammable,Object_13655
Food,Object_08163
Fragile,Object_01763
Explosive,Object_08852
Flammable,Object_03812
Unspecified,Object_12360
Food,Object_02250
Toxic,Object_06334
Food,Object_07410
Unspecified,Object_05522
Flammable,Object_08080
Toxic,Object_07577
Flammable,Object_01686
Toxic,Object_04577
Oxidizing,Object_05684
Pressurized,Object_13158
Pressurized,Object_06273
Unspecified,Object_07088
Radioactive,Object_06907
Corrosive,Object_12704
Toxic,Object_04282
Fragile,Object_06821
Explosive,Object_08416
Toxic,Object_14199
Oxidizing,Object_14343
Radioactive,Object_13075
Unspecified,Object_02677
Toxic,Object_07803
Unspecified,Object_03409
Corrosive,Object_08602
Food,Object_02999
Unspecified,Object_00617
Toxic,Object_09529
Fragile,Object_07194
Oxidizing,Object_10081
Unspecified,Object_03393
Corrosive,Object_09985
Food,Object_01125
Radioactive,Object_08629
Unspecified,Object_05303
Oxidizing,Object_07175
Explosive,Object_03592
Explosive,Object_01170
Flammable,Object_12346
Explosive,Object_10811
Unspecified,Object_07898
Flammable,Object_10718
Food,Object_01187
Toxic,Object_03892
Radioactive,Object_10797
Unspecified,Object_05029
Toxic,Object_08204
Explosive,Object_09471
Fragile,Object_00825
Unspecified,Object_06522
Flammable,Object_05933
Food,Object_00321
Explosive,Object_06809
Radioactive,Object_10586
Corrosive,Object_09584
Oxidizing,Object_11602
Flammable,Object_10477
Corrosive,Object_07475
Flammable,Object_00258
Food,Object_08808
Toxic,Object_00771
Explosive,Object_13644
Unspecified,Object_03566
Explosive,Object_13298
Corrosive,Object_03314
Toxic,Object_03506
Fragile,Object_00445
Food,Object_01130
Radioactive,Object_02871
Food,Object_10462
Fragile,Object_06491
Flammable,Object_04168
Oxidizing,Object_11250
Toxic,Object_12621
Unspecified,Object_13598
Fragile,Object_09411
Toxic,Object_02153
Food,Object_12187
Toxic,Object_07936
Explosive,Object_02431
Oxidizing,Object_10853
Corrosive,Object_12573
Oxidizing,Object_03306
Toxic,Object_13500
Radioactive,Object_02610
Corrosive,Object_01553
Corrosive,Object_01118
Explosive,Object_01096
Fragile,Object_09588
Explosive,Object_03868
Food,Object_06641
Unspecified,Object_05900
Fragile,Object_00473
Radioactive,Object_02011
Unspecified,Object_12896
Pressurized,Object_02369
Food,Object_00247
Explosive,Object_06204
Toxic,Object_09406
Oxidizing,Object_07225
Radioactive,Object_08106
Toxic,Object_09007
Unspecified,Object_01299
Pressurized,Object_03246
Food,Object_01392
Unspecified,Object_12803
Unspecified,Object_11266
Pressurized,Object_00144
Food,Object_07317
Toxic,Object_13639
Pressurized,Object_08344
Fragile,Object_13708
Food,Object_12507
Flammable,Object_12302
Oxidizing,Object_13530
Corrosive,Object_04069
Explosive,Object_00130
Flammable,Object_05921
Corrosive,Object_11265
Food,Object_02671
Pressurized,Object_12918
Flammable,Object_08780
Food,Object_04323
Corrosive,Object_12904
Food,Object_03640
Toxic,Object_13799
Toxic,Object_07017
Flammable,Object_02672
Radioactive,Object_08711
Flammable,Object_08099
Explosive,Object_11049
Unspecified,Object_05434
Fragile,Object_04867
Corrosive,Object_10076
Flammable,Object_10122
Unspecified,Object_03343
Radioactive,Object_06225
Flammable,Object_02579
Explosive,Object_07065
Radioactive,Object_06525
Toxic,Object_10376
Pressurized,Object_12569
Food,Object_04283
Corrosive,Object_05306
Corrosive,Object_03510
Unspecified,Object_09292
Explosive,Object_07013
Pressurized,Object_05152
Explosive,Object_01624
Explosive,Object_03301
Radioactive,Object_10869
Flammable,Object_01747
Unspecified,Object_05373
Unspecified,Object_02645
Toxic,Object_08584
Fragile,Object_07502
Oxidizing,Object_11492
Pressurized,Object_00789
Food,Object_07678
Corrosive,Object_05642
Flammable,Object_08524
Fragile,Object_03321
Explosive,Object_08872
Radioactive,Object_06748
Fragile,Object_14095
Unspecified,Object_06905
Toxic,Object_01292
Unspecified,Object_13647
Unspecified,Object_07118
Unspecified,Object_08763
Oxidizing,Object_12177
Explosive,Object_07750
Flammable,Object_06842
Explosive,Object_04634
Radioactive,Object_12160
Oxidizing,Object_10517
Flammable,Object_09800
Radioactive,Object_12515
Food,Object_01231
Fragile,Object_07187
Pressurized,Object_10391
Toxic,Object_07047
Food,Object_13390
Food,Object_05808
Unspecified,Object_03142
Toxic,Object_10681
Radioactive,Object_00056
Flammable,Object_01656
Radioactive,Object_05589
Toxic,Object_04148
Toxic,Object_04797
Fragile,Object_09447
Radioactive,Object_14225
Oxidizing,Object_09240
Food,Object_00418
Corrosive,Object_02604
Radioactive,Object_11708
Food,Object_03141
Food,Object_13659
Fragile,Object_06523
Radioactive,Object_06330
Fragile,Object_00294
Fragile,Object_13618
Radioactive,Object_14085
Toxic,Object_09549
Unspecified,Object_06438
Pressurized,Object_04624
Unspecified,Object_12783
Radioactive,Object_07406
Pressurized,Object_14590
Toxic,Object_00281
Corrosive,Object_02174
Toxic,Object_05507
Explosive,Object_12855
Pressurized,Object_09033
Explosive,Object_10012
Corrosive,Object_07619
Fragile,Object_14377
Explosive,Object_01517
Explosive,Object_00787
Explosive,Object_09356
Explosive,Object_13018
Food,Object_11528
Explosive,Object_07709
Oxidizing,Object_04649
Oxidizing,Object_13301
Unspecified,Object_06510
Explosive,Object_00804
Toxic,Object_02765
Flammable,Object_12308
Pressurized,Object_07289
Toxic,Object_09777
Food,Object_01998
Radioactive,Object_10116
Explosive,Object_04326
Fragile,Object_09047
Oxidizing,Object_01189
Radioactive,Object_02143
Oxidizing,Object_13509
Pressurized,Object_08156
Corrosive,Object_06015
Explosive,Object_04181
Fragile,Object_06824
Toxic,Object_11081
Radioactive,Object_07541
Radioactive,Object_09206
Explosive,Object_04097
Explosive,Object_08968
Pressurized,Object_12110
Unspecified,Object_01478
Corrosive,Object_08985
Radioactive,Object_05942
Corrosive,Object_11978
Toxic,Object_01194
Explosive,Object_13216
Unspecified,Object_05134
Food,Object_02116
Fragile,Object_03346
Toxic,Object_14581
Unspecified,Object_02140
Unspecified,Object_07203
Explosive,Object_14520
Unspecified,Object_04895
Radioactive,Object_10097
Radioactive,Object_07606
Oxidizing,Object_05411
Radioactive,Object_02997
Flammable,Object_01743
Oxidizing,Object_14001
Corrosive,Object_02487
Oxidizing,Object_08953
Pressurized,Object_11549
Oxidizing,Object_14222
Radioactive,Object_01742
Flammable,Object_08993
Corrosive,Object_01069
Radioactive,Object_07247
Flammable,Object_03577
Explosive,Object_07097
Toxic,Object_02793
Oxidizing,Object_05155
Flammable,Object_14534
Toxic,Object_12275
Fragile,Object_04823
Corrosive,Object_03456
Corrosive,Object_08790
Food,Object_09391
Unspecified,Object_13518
Flammable,Object_01399
Flammable,Object_10758
Radioactive,Object_14332
Corrosive,Object_01169
Corrosive,Object_01687
Unspecified,Object_08582
Pressurized,Object_02348
Explosive,Object_09142
Food,Object_02547
Pressurized,Object_06082
Corrosive,Object_02971
Corrosive,Object_04831
Pressurized,Object_09987
Unspecified,Object_04221
Pressurized,Object_08568
Fragile,Object_04303
Food,Object_05785
Corrosive,Object_11547
Radioactive,Object_06865
Explosive,Object_06019
Oxidizing,Object_14147
Oxidizing,Object_06487
Food,Object_01515
Corrosive,Object_07638
Oxidizing,Object_05704
Unspecified,Object_13977
Pressurized,Object_09699
Pressurized,Object_06716
Radioactive,Object_01841
Unspecified,Object_05106
Explosive,Object_13866
Corrosive,Object_13896
Unspecified,Object_11439
Oxidizing,Object_14569
Flammable,Object_07308
Fragile,Object_06768
Unspecified,Object_12164
Oxidizing,Object_01248
Pressurized,Object_12266
Food,Object_12325
Oxidizing,Object_13422
Explosive,Object_13112
Pressurized,Object_10017
Pressurized,Object_09319
Fragile,Object_12815
Oxidizing,Object_12664
Flammable,Object_05039
Fragile,Object_04253
Flammable,Object_13274
Pressurized,Object_02087
Oxidizing,Object_06074
Unspecified,Object_03780
Toxic,Object_11783
Explosive,Object_03312
Explosive,Object_05569
Explosive,Object_10862
Radioactive,Object_09105
Unspecified,Object_11186
Fragile,Object_05071
Corrosive,Object_01561
Food,Object_01179
Flammable,Object_13836
Flammable,Object_12687
Corrosive,Object_05228
Pressurized,Object_00050
Unspecified,Object_03858
Unspecified,Object_05021
Oxidizing,Object_12512
Unspecified,Object_05063
Toxic,Object_05350
Corrosive,Object_13932
Explosive,Object_01575
Corrosive,Object_03619
Flammable,Object_03680
Oxidizing,Object_08508
Flammable,Object_13329
Pressurized,Object_07496
Corrosive,Object_14673
Fragile,Object_06933
Fragile,Object_02892
Flammable,Object_11210
Flammable,Object_02694
Corrosive,Object_07886
Flammable,Object_11903
Flammable,Object_10348
Flammable,Object_00549
Food,Object_05619
Flammable,Object_14161
Flammable,Object_03575
Pressurized,Object_05463
Radioactive,Object_03989
Fragile,Object_10951
Pressurized,Object_07482
Pressurized,Object_13259
Fragile,Object_06899
Oxidizing,Object_06362
Pressurized,Object_03613
Radioactive,Object_04267
Radioactive,Object_03523
Flammable,Object_14033
Fragile,Object_04130
Fragile,Object_13034
Corrosive,Object_14627
Pressurized,Object_14322
Food,Object_05857
Explosive,Object_02955
Toxic,Object_00798
Radioactive,Object_03216
Pressurized,Object_03293
Corrosive,Object_04809
Unspecified,Object_06709
Oxidizing,Object_00633
Food,Object_10126
Toxic,Object_13846
Food,Object_05188
Fragile,Object_05329
Oxidizing,Object_02991
Toxic,Object_08527
Corrosive,Object_05083
Fragile,Object_06105
Pressurized,Object_05792
Oxidizing,Object_05356
Radioactive,Object_07987
Fragile,Object_14071
Radioactive,Object_08382
Fragile,Object_13219
Radioactive,Object_07935
Flammable,Object_08700
Toxic,Object_05224
Flammable,Object_00839
Pressurized,Object_07435
Oxidizing,Object_02461
Radioactive,Object_06497
Flammable,Object_02094
Corrosive,Object_12988
Radioactive,Object_00607
Corrosive,Object_06660
Unspecified,Object_08804
Pressurized,Object_05209
Flammable,Object_00554
Corrosive,Object_09217
Toxic,Object_11037
Toxic,Object_02617
Flammable,Object_03482
Toxic,Object_00535
Oxidizing,Object_04597
Corrosive,Object_01455
Radioactive,Object_01206
Food,Object_11267
Radioactive,Object_04236
Radioactive,Object_09506
Food,Object_10360
Oxidizing,Object_00233
Oxidizing,Object_10622
Pressurized,Object_14248
Unspecified,Object_02457
Fragile,Object_04225
Explosive,Object_14323
Pressurized,Object_10032
Explosive,Object_01869
Unspecified,Object_08178
Radioactive,Object_07160
Oxidizing,Object_08397
Fragile,Object_01870
Unspecified,Object_01805
Pressurized,Object_01395
Pressurized,Object_07991
Pressurized,Object_06293
Unspecified,Object_11305
Fragile,Object_06027
Unspecified,Object_09154
Radioactive,Object_09655
Radioactive,Object_05996
Unspecified,Object_05692
Explosive,Object_07842
Food,Object_09973
Food,Object_00400
Fragile,Object_11258
Corrosive,Object_08858
Oxidizing,Object_11989
Unspecified,Object_13683
Unspecified,Object_13097
Fragile,Object_05446
Food,Object_13273
Toxic,Object_10257
Food,Object_06563
Fragile,Object_13044
Unspecified,Object_12491
Fragile,Object_03835
Food,Object_07059
Radioactive,Object_05541
Food,Object_05114
Explosive,Object_06393
Fragile,Object_11674
Fragile,Object_08241
Flammable,Object_11828
Flammable,Object_14517
Corrosive,Object_14083
Unspecified,Object_02424
Corrosive,Object_10820
Flammable,Object_10882
Fragile,Object_03971
Flammable,Object_12691
Pressurized,Object_03027
Food,Object_06943
Unspecified,Object_13721
Pressurized,Object_10783
Radioactive,Object_03222
Explosive,Object_05749
Oxidizing,Object_06213
Corrosive,Object_07105
Flammable,Object_09928
Food,Object_01379
Flammable,Object_11514
Unspecified,Object_11772
Pressurized,Object_07357
Radioactive,Object_09886
Radioactive,Object_12436
Food,Object_03296
Toxic,Object_04178
Oxidizing,Object_13830
Toxic,Object_01499
Food,Object_08915
Oxidizing,Object_06274
Explosive,Object_08286
Toxic,Object_02310
Oxidizing,Object_14636
Oxidizing,Object_01513
Food,Object_10514
Unspecified,Object_03630
Corrosive,Object_10739
Corrosive,Object_03192
Explosive,Object_06470
Food,Object_13101
Food,Object_10982
Oxidizing,Object_09785
Radioactive,Object_06164
Radioactive,Object_07081
Corrosive,Object_09235
Oxidizing,Object_13359
Flammable,Object_03839
Oxidizing,Object_11211
Oxidizing,Object_00974
Toxic,Object_00688
Flammable,Object_02285
Unspecified,Object_05590
Corrosive,Object_02717
Fragile,Object_03149
Food,Object_11635
Radioactive,Object_13405
Pressurized,Object_10106
Toxic,Object_07889
Toxic,Object_04732
Flammable,Object_12089
Radioactive,Object_08005
Toxic,Object_11838
Flammable,Object_07292
Radioactive,Object_14669
Toxic,Object_01099
Flammable,Object_03856
Corrosive,Object_11973
Unspecified,Object_05103
Fragile,Object_09099
Food,Object_11589
Flammable,Object_13412
Food,Object_08792
Unspecified,Object_12415
Unspecified,Object_04639
Fragile,Object_05663
Fragile,Object_01101
Corrosive,Object_00957
Flammable,Object_05396
Toxic,Object_03158
Flammable,Object_01311
Oxidizing,Object_09808
Unspecified,Object_14150
Corrosive,Object_04022
Flammable,Object_06664
Fragile,Object_06087
Flammable,Object_00123
Flammable,Object_02062
Oxidizing,Object_08078
Explosive,Object_09102
Pressurized,Object_07294
Radioactive,Object_02325
Toxic,Object_05922
Oxidizing,Object_07537
Toxic,Object_03512
Explosive,Object_00533
Radioactive,Object_08737
Radioactive,Object_01495
Toxic,Object_02611
Toxic,Object_01719
Pressurized,Object_11120
Explosive,Object_05558
Oxidizing,Object_04272
Radioactive,Object_00013
Oxidizing,Object_06389
Corrosive,Object_10269
Pressurized,Object_09828
Unspecified,Object_08396
Radioactive,Object_08035
Radioactive,Object_10617
Flammable,Object_02998
Oxidizing,Object_09792
Corrosive,Object_04008
Food,Object_11821
Flammable,Object_07041
Toxic,Object_12722
Pressurized,Object_04170
Food,Object_07615
Unspecified,Object_09076
Fragile,Object_09507
Corrosive,Object_01072
Flammable,Object_06200
Unspecified,Object_10226
Pressurized,Object_00810
Food,Object_08851
Food,Object_06604
Fragile,Object_07332
Flammable,Object_05888
Oxidizing,Object_01541
Toxic,Object_11740
Food,Object_03336
Pressurized,Object_09756
Food,Object_03494
Radioactive,Object_14446
Explosive,Object_07647
Radioactive,Object_10935
Corrosive,Object_09213
Toxic,Object_11209
Oxidizing,Object_02869
Corrosive,Object_06259
Flammable,Object_10305
Flammable,Object_04100
Toxic,Object_01114
Radioactive,Object_10165
Radioactive,Object_00745
Fragile,Object_11057
Flammable,Object_06678
Toxic,Object_09805
Explosive,Object_02037
Food,Object_07270
Radioactive,Object_05608
Pressurized,Object_12083
Radioactive,Object_10454
Flammable,Object_03533
Corrosive,Object_01059
Food,Object_09441
Unspecified,Object_13924
Oxidizing,Object_00965
Radioactive,Object_02173
Explosive,Object_04085
Corrosive,Object_00411
Unspecified,Object_11848
Unspecified,Object_08665
Pressurized,Object_07429
Flammable,Object_03576
Toxic,Object_00497
Oxidizing,Object_08066
Radioactive,Object_07691
Toxic,Object_12827
Unspecified,Object_13080
Unspecified,Object_10082
Pressurized,Object_04245
Radioactive,Object_12132
Radioactive,Object_06683
Unspecified,Object_03943
Unspecified,Object_04944
Unspecified,Object_05459
Radioactive,Object_09618
Unspecified,Object_10821
Explosive,Object_08105
Oxidizing,Object_12534
Explosive,Object_13499
Oxidizing,Object_14053
Fragile,Object_13927
Toxic,Object_05821
Fragile,Object_04505
Flammable,Object_08793
Toxic,Object_04511
Fragile,Object_06579
Food,Object_12983
Flammable,Object_04331
Fragile,Object_08096
Explosive,Object_11621
Toxic,Object_08469
Toxic,Object_12213
Pressurized,Object_02543
Oxidizing,Object_08692
Oxidizing,Object_01343
Flammable,Object_10091
Corrosive,Object_09144
Fragile,Object_06860
Radioactive,Object_14478
Toxic,Object_07731
Corrosive,Object_14596
Radioactive,Object_10924
Oxidizing,Object_05653
Flammable,Object_02412
Pressurized,Object_06038
Pressurized,Object_00452
Flammable,Object_00391
Pressurized,Object_13974
Radioactive,Object_00288
Unspecified,Object_12234
Flammable,Object_11122
Food,Object_14528
Fragile,Object_10303
Food,Object_06675
Toxic,Object_12309
Corrosive,Object_02329
Explosive,Object_02214
Explosive,Object_13171
Toxic,Object_01847
Radioactive,Object_02886
Oxidizing,Object_12349
Pressurized,Object_13990
Food,Object_13245
Pressurized,Object_14307
Oxidizing,Object_04443
Flammable,Object_07089
Flammable,Object_03436
Corrosive,Object_10499
Flammable,Object_00584
Fragile,Object_07473
Radioactive,Object_00747
Pressurized,Object_04888
Explosive,Object_13627
Explosive,Object_07896
Unspecified,Object_03935
Oxidizing,Object_00725
Toxic,Object_10007
Unspecified,Object_11098
Food,Object_06139
Radioactive,Object_03843
Explosive,Object_12093
Flammable,Object_01378
Fragile,Object_05913
Unspecified,Object_07614
Oxidizing,Object_13222
Pressurized,Object_07191
Pressurized,Object_06005
Oxidizing,Object_09624
Oxidizing,Object_06243
Toxic,Object_01989
Unspecified,Object_04540
Toxic,Object_08940
Fragile,Object_07004
Unspecified,Object_11039
Explosive,Object_12659
Radioactive,Object_02349
Flammable,Object_00045
Flammable,Object_00754
Corrosive,Object_11361
Food,Object_01143
Pressurized,Object_14271
Oxidizing,Object_06014
Unspecified,Object_00910
Flammable,Object_10240
Explosive,Object_09290
Fragile,Object_05873
Explosive,Object_10894
Corrosive,Object_09940
Oxidizing,Object_02696
Radioactive,Object_14443
Radioactive,Object_05007
Food,Object_07635
Toxic,Object_06111
Oxidizing,Object_10857
Radioactive,Object_10214
Flammable,Object_04693
Toxic,Object_08391
Food,Object_10046
Radioactive,Object_08058
Pressurized,Object_02959
Pressurized,Object_02244
Corrosive,Object_05272
Flammable,Object_01155
Pressurized,Object_12771
Flammable,Object_04861
Corrosive,Object_07634
Radioactive,Object_03681
Radioactive,Object_06363
Pressurized,Object_03074
Toxic,Object_09903
Radioactive,Object_03440
Oxidizing,Object_10419
Toxic,Object_12383
Radioactive,Object_02634
Food,Object_01486
Oxidizing,Object_12165
Flammable,Object_14409
Radioactive,Object_12840
Pressurized,Object_12035
Toxic,Object_04306
Unspecified,Object_06443
Unspecified,Object_00299
Oxidizing,Object_04278
Flammable,Object_09587
Oxidizing,Object_12221
Fragile,Object_10503
Fragile,Object_04459
Pressurized,Object_07331
Oxidizing,Object_00948
Toxic,Object_12136
Flammable,Object_10133
Toxic,Object_07791
Unspecified,Object_14060
Explosive,Object_07453
Toxic,Object_08901
Corrosive,Object_03543
Pressurized,Object_09578
Explosive,Object_09015
Food,Object_13185
Flammable,Object_05395
Pressurized,Object_12998
Food,Object_03995
Flammable,Object_08571
Explosive,Object_03573
Fragile,Object_13720
Explosive,Object_04420
Fragile,Object_01126
Corrosive,Object_08834
Food,Object_06343
Food,Object_02519
Food,Object_08414
Food,Object_02109
Corrosive,Object_13740
Food,Object_00099
Toxic,Object_03469
Unspecified,Object_12838
Toxic,Object_08622
Unspecified,Object_14151
Food,Object_01988
Flammable,Object_06659
Explosive,Object_01255
Fragile,Object_03368
Unspecified,Object_14038
Oxidizing,Object_04470
Oxidizing,Object_06836
Corrosive,Object_00167
Food,Object_09504
Pressurized,Object_04744
Radioactive,Object_06474
Toxic,Object_01865
Unspecified,Object_04749
Toxic,Object_02000
Corrosive,Object_11537
Unspecified,Object_08101
Oxidizing,Object_13951
Toxic,Object_03988
Explosive,Object_02695
Fragile,Object_09360
Flammable,Object_05627
Oxidizing,Object_07999
Unspecified,Object_05594
Food,Object_09835
Radioactive,Object_12054
Radioactive,Object_01733
Unspecified,Object_12887
Pressurized,Object_10408
Food,Object_05726
Radioactive,Object_05937
Unspecified,Object_00582
Food,Object_10522
Toxic,Object_13077
Flammable,Object_07837
Flammable,Object_00104
Pressurized,Object_12373
Fragile,Object_09372
Fragile,Object_14413
Radioactive,Object_06203
Explosive,Object_06534
Radioactive,Object_12289
Corrosive,Object_01846
Pressurized,Object_03546
Toxic,Object_14688
Explosive,Object_09899
Fragile,Object_12557
Explosive,Object_01757
Explosive,Object_09880
Explosive,Object_04543
Oxidizing,Object_00320
Toxic,Object_11958
Oxidizing,Object_14327
Food,Object_13260
Explosive,Object_02728
Oxidizing,Object_12563
Fragile,Object_08715
Flammable,Object_14451
Unspecified,Object_09942
Explosive,Object_04539
Corrosive,Object_05092
Corrosive,Object_00603
Oxidizing,Object_05547
Corrosive,Object_08514
Corrosive,Object_08904
Fragile,Object_08177
Unspecified,Object_03532
Radioactive,Object_13435
Fragile,Object_04369
Pressurized,Object_14160
Pressurized,Object_08046
Unspecified,Object_02361
Food,Object_09018
Radioactive,Object_14257
Oxidizing,Object_09514
Pressurized,Object_02944
Radioactive,Object_07644
Corrosive,Object_09189
Unspecified,Object_03525
Corrosive,Object_01601
Oxidizing,Object_02957
Flammable,Object_11260
Unspecified,Object_06843
Corrosive,Object_03164
Corrosive,Object_02639
Explosive,Object_10866
Pressurized,Object_02966
Fragile,Object_08616
Fragile,Object_12707
Radioactive,Object_01147
Pressurized,Object_08775
Radioactive,Object_00552
Fragile,Object_05108
Explosive,Object_14016
Toxic,Object_02656
Pressurized,Object_03655
Oxidizing,Object_05527
Explosive,Object_04086
Corrosive,Object_04884
Toxic,Object_14506
Toxic,Object_12501
Radioactive,Object_10969
Fragile,Object_14259
Oxidizing,Object_02584
Food,Object_02338
Corrosive,Object_05783
Oxidizing,Object_03448
Corrosive,Object_12462
Radioactive,Object_09377
Unspecified,Object_06294
Radioactive,Object_07820
Explosive,Object_14300
Explosive,Object_00850
Food,Object_13538
Flammable,Object_10152
Flammable,Object_11013
Flammable,Object_01838
Flammable,Object_01086
Food,Object_07779
Radioactive,Object_10321
Oxidizing,Object_00446
Explosive,Object_13692
Explosive,Object_03388
Fragile,Object_05917
Fragile,Object_05786
Fragile,Object_02346
Fragile,Object_10399
Pressurized,Object_11036
Toxic,Object_00967
Explosive,Object_07111
Food,Object_13877
Explosive,Object_14146
Food,Object_00275
Flammable,Object_06315
Pressurized,Object_05561
Radioactive,Object_09820
Corrosive,Object_03616
Fragile,Object_10715
Pressurized,Object_13989
Radioactive,Object_08418
Pressurized,Object_10804
Oxidizing,Object_01009
Explosive,Object_09314
Fragile,Object_01429
Flammable,Object_02901
Pressurized,Object_13426
Food,Object_06739
Oxidizing,Object_05146
Food,Object_05667
Unspecified,Object_10554
Food,Object_13760
Explosive,Object_04209
Pressurized,Object_02341
Flammable,Object_09627
Oxidizing,Object_00891
Corrosive,Object_14207
Corrosive,Object_11725
Pressurized,Object_03060
Pressurized,Object_12124
Pressurized,Object_05865
Oxidizing,Object_02727
Explosive,Object_03455
Pressurized,Object_09141
Radioactive,Object_05256
Explosive,Object_10015
Oxidizing,Object_14050
Toxic,Object_12081
Flammable,Object_13345
Food,Object_03240
Food,Object_09893
Corrosive,Object_00178
Corrosive,Object_12335
Fragile,Object_01984
Radioactive,Object_08761
Oxidizing,Object_05179
Fragile,Object_08661
Toxic,Object_07973
Food,Object_13668
Radioactive,Object_06239
Food,Object_02063
Fragile,Object_13981
Toxic,Object_12065
Pressurized,Object_13682
Toxic,Object_02731
Radioactive,Object_13428
Fragile,Object_02643
Unspecified,Object_14191
Fragile,Object_12853
Radioactive,Object_04798
Flammable,Object_02151
Food,Object_04593
Corrosive,Object_04855
Radioactive,Object_14154
Fragile,Object_01309
Fragile,Object_09017
Explosive,Object_07555
Corrosive,Object_00889
Food,Object_05278
Food,Object_00808
Pressurized,Object_03697
Toxic,Object_00378
Toxic,Object_06507
Food,Object_00733
Explosive,Object_01861
Oxidizing,Object_07667
Explosive,Object_00912
Corrosive,Object_00610
Oxidizing,Object_08538
Toxic,Object_11501
Flammable,Object_11238
Fragile,Object_14560
Radioactive,Object_02495
Flammable,Object_06999
Oxidizing,Object_05946
Corrosive,Object_13994
Radioactive,Object_12814
Corrosive,Object_13937
Fragile,Object_13248
Explosive,Object_10847
Explosive,Object_02383
Corrosive,Object_00159
Radioactive,Object_14094
Radioactive,Object_02799
Radioactive,Object_06916
Pressurized,Object_12225
Toxic,Object_00963
Toxic,Object_06143
Food,Object_09489
Radioactive,Object_05091
Toxic,Object_01295
Pressurized,Object_05809
Unspecified,Object_09954
Oxidizing,Object_00405
Corrosive,Object_13855
Fragile,Object_05849
Corrosive,Object_05266
Oxidizing,Object_09993
Radioactive,Object_06263
Food,Object_11142
Radioactive,Object_02798
Flammable,Object_00550
Unspecified,Object_09557
Explosive,Object_03490
Fragile,Object_08476
Corrosive,Object_05348
Flammable,Object_03300
Corrosive,Object_07929
Radioactive,Object_01178
Unspecified,Object_05163
Toxic,Object_14087
Oxidizing,Object_01426
Food,Object_04826
Pressurized,Object_09846
Corrosive,Object_02268
Toxic,Object_04021
Oxidizing,Object_07595
Radioactive,Object_12190
Fragile,Object_05332
Fragile,Object_10694
Food,Object_13320
Corrosive,Object_01659
Pressurized,Object_01558
Corrosive,Object_11075
Explosive,Object_06727
Pressurized,Object_13244
Radioactive,Object_05623
Toxic,Object_06461
Explosive,Object_01629
Radioactive,Object_04058
Radioactive,Object_04773
Explosive,Object_00611
Food,Object_01352
Explosive,Object_02225
Food,Object_06700
Explosive,Object_14404
Fragile,Object_09466
Oxidizing,Object_14029
Unspecified,Object_12374
Flammable,Object_08207
Food,Object_13514
Radioactive,Object_07660
Explosive,Object_08341
Explosive,Object_14176
Flammable,Object_07626
Toxic,Object_03530
Toxic,Object_06701
Radioactive,Object_13041
Fragile,Object_10812
Corrosive,Object_14551
Fragile,Object_08193
Toxic,Object_01891
Pressurized,Object_11612
Fragile,Object_12966
Flammable,Object_00362
Pressurized,Object_04203
Flammable,Object_07722
Flammable,Object_01174
Flammable,Object_03354
Food,Object_01171
Oxidizing,Object_10396
Oxidizing,Object_03263
Oxidizing,Object_12556
Flammable,Object_07161
Radioactive,Object_13294
Radioactive,Object_06032
Flammable,Object_02912
Explosive,Object_01015
Toxic,Object_11018
Corrosive,Object_11545
Fragile,Object_13619
Corrosive,Object_08230
Oxidizing,Object_03259
Toxic,Object_12760
Explosive,Object_05076
Radioactive,Object_04036
Oxidizing,Object_13779
Pressurized,Object_05678
Unspecified,Object_11252
Fragile,Object_11650
Corrosive,Object_12324
Flammable,Object_03497
Pressurized,Object_04631
Pressurized,Object_05274
Flammable,Object_02786
Unspecified,Object_14484
Flammable,Object_12780
Fragile,Object_04027
Radioactive,Object_04265
Flammable,Object_09220
Flammable,Object_10179
Pressurized,Object_10209
Fragile,Object_08765
Explosive,Object_01533
Radioactive,Object_04644
Fragile,Object_07699
Pressurized,Object_07284
Radioactive,Object_13194
Radioactive,Object_10673
Toxic,Object_12484
Food,Object_04903
Toxic,Object_13710
Oxidizing,Object_13388
Fragile,Object_11960
Radioactive,Object_12407
Oxidizing,Object_02516
Oxidizing,Object_02615
Corrosive,Object_01007
Flammable,Object_02131
Food,Object_04585
Pressurized,Object_01445
Unspecified,Object_00659
Toxic,Object_02006
Fragile,Object_03758
Toxic,Object_01185
Unspecified,Object_12755
Food,Object_06900
Oxidizing,Object_09798
Food,Object_05374
Radioactive,Object_00866
Food,Object_00864
Food,Object_01817
Radioactive,Object_03105
Corrosive,Object_06369
Oxidizing,Object_02385
Pressurized,Object_01336
Explosive,Object_04188
Explosive,Object_09263
Fragile,Object_06516
Corrosive,Object_02300
Oxidizing,Object_01572
Fragile,Object_01103
Explosive,Object_05995
Food,Object_00433
Toxic,Object_05457
Unspecified,Object_04403
Flammable,Object_08212
Fragile,Object_03095
Flammable,Object_14550
Pressurized,Object_04388
Corrosive,Object_06142
Food,Object_06341
Oxidizing,Object_01417
Corrosive,Object_03898
Unspecified,Object_05494
Explosive,Object_05591
Food,Object_14442
Flammable,Object_03112
Pressurized,Object_08651
Unspecified,Object_06594
Fragile,Object_14124
Unspecified,Object_13342
Fragile,Object_06862
Food,Object_12766
Explosive,Object_08789
Unspecified,Object_01278
Unspecified,Object_14637
Toxic,Object_00655
Unspecified,Object_00242
Pressurized,Object_06702
Toxic,Object_09926
Pressurized,Object_10315
Toxic,Object_11799
Explosive,Object_00645
Food,Object_08157
Oxidizing,Object_04497
Oxidizing,Object_05556
Fragile,Object_10143
Explosive,Object_00888
Explosive,Object_00982
Flammable,Object_08753
Pressurized,Object_05137
Oxidizing,Object_01443
Unspecified,Object_00337
Food,Object_05624
Unspecified,Object_12940
Corrosive,Object_10567
Corrosive,Object_14078
Pressurized,Object_02127
Fragile,Object_01640
Explosive,Object_00614
Radioactive,Object_10777
Pressurized,Object_11541
Flammable,Object_04447
Explosive,Object_05782
Flammable,Object_07147
Unspecified,Object_05260
Food,Object_13664
Pressurized,Object_06367
Flammable,Object_01545
Food,Object_03372
Radioactive,Object_03952
Pressurized,Object_00837
Radioactive,Object_01814
Food,Object_13524
Corrosive,Object_05065
Unspecified,Object_13283
Corrosive,Object_04240
Food,Object_10018
Corrosive,Object_13490
Pressurized,Object_02706
Pressurized,Object_10293
Flammable,Object_02713
Food,Object_10520
Oxidizing,Object_09933
Corrosive,Object_03645
Fragile,Object_11867
Toxic,Object_05082
Oxidizing,Object_11761
Unspecified,Object_09811
Corrosive,Object_00183
Corrosive,Object_03041
Explosive,Object_06881
Food,Object_00049
Radioactive,Object_00883
Explosive,Object_04113
Unspecified,Object_07514
Corrosive,Object_12082
Toxic,Object_07447
Oxidizing,Object_04073
Fragile,Object_13466
Corrosive,Object_07365
Food,Object_10444
Radioactive,Object_09958
Oxidizing,Object_11482
Toxic,Object_09335
Explosive,Object_14031
Oxidizing,Object_06638
Corrosive,Object_08320
Radioactive,Object_00117
Explosive,Object_06116
Flammable,Object_10201
Oxidizing,Object_10182
Flammable,Object_09639
Oxidizing,Object_03032
Food,Object_04727
Radioactive,Object_00163
Corrosive,Object_07256
Corrosive,Object_06000
Explosive,Object_08392
Flammable,Object_02562
Flammable,Object_04483
Oxidizing,Object_04031
Explosive,Object_11451
Explosive,Object_00322
Fragile,Object_08025
Toxic,Object_12072
Corrosive,Object_07316
Explosive,Object_11695
Radioactive,Object_11006
Oxidizing,Object_01521
Flammable,Object_01546
Explosive,Object_11566
Food,Object_01955
Corrosive,Object_06515
Radioactive,Object_03058
Food,Object_12150
Fragile,Object_13634
Radioactive,Object_07659
Pressurized,Object_08201
Food,Object_00591
Unspecified,Object_02992
Pressurized,Object_10605
Oxidizing,Object_08075
Unspecified,Object_13470
Fragile,Object_13817
Explosive,Object_14619
Radioactive,Object_12952
Radioactive,Object_09304
Flammable,Object_13960
Toxic,Object_11775
Pressurized,Object_08214
Food,Object_07244
Toxic,Object_12049
Oxidizing,Object_12655
Radioactive,Object_00444
Corrosive,Object_06100
Toxic,Object_09118
Fragile,Object_08503
Explosive,Object_01516
Fragile,Object_07198
Fragile,Object_08094
Oxidizing,Object_04143
Radioactive,Object_00402
Explosive,Object_14672
Pressurized,Object_05324
Corrosive,Object_01890
Oxidizing,Object_11663
Explosive,Object_10248
Explosive,Object_02433
Corrosive,Object_06189
Pressurized,Object_09935
Radioactive,Object_05875
Unspecified,Object_01440
Flammable,Object_09212
Oxidizing,Object_00239
Explosive,Object_13389
Radioactive,Object_10817
Radioactive,Object_00185
Fragile,Object_05970
Unspecified,Object_11949
Food,Object_00019
Flammable,Object_14097
Flammable,Object_13364
Pressurized,Object_10040
Oxidizing,Object_09556
Oxidizing,Object_13978
Corrosive,Object_02824
Radioactive,Object_13102
Fragile,Object_14198
Corrosive,Object_00887
Fragile,Object_00594
Food,Object_02995
Toxic,Object_04292
Toxic,Object_05580
Flammable,Object_00375
Radioactive,Object_07603
Radioactive,Object_13178
Radioactive,Object_08823
Oxidizing,Object_03170
Toxic,Object_00160
Toxic,Object_06110
Fragile,Object_10050
Explosive,Object_08412
Pressurized,Object_09810
Food,Object_13132
Food,Object_05464
Flammable,Object_04340
Pressurized,Object_04628
Explosive,Object_13608
Food,Object_14342
Flammable,Object_09539
Food,Object_12103
Explosive,Object_02002
Corrosive,Object_11995
Flammable,Object_07196
Toxic,Object_07086
Food,Object_07602
Oxidizing,Object_10171
Unspecified,Object_12486
Corrosive,Object_03745
Explosive,Object_14399
Explosive,Object_05791
Flammable,Object_05984
Food,Object_07093
Oxidizing,Object_10061
Pressurized,Object_09631
Fragile,Object_01289
Radioactive,Object_02335
Food,Object_07302
Flammable,Object_04909
Food,Object_03570
Pressurized,Object_07442
Explosive,Object_10887
Toxic,Object_05034
Unspecified,Object_01113
Radioactive,Object_04235
Corrosive,Object_07142
Radioactive,Object_06711
Fragile,Object_09126
Oxidizing,Object_10624
Radioactive,Object_03492
Fragile,Object_07234
Fragile,Object_12332
Food,Object_02993
Unspecified,Object_10953
Corrosive,Object_13995
Food,Object_07928
Radioactive,Object_13701
Flammable,Object_13890
Fragile,Object_06536
Pressurized,Object_03397
Food,Object_12942
Food,Object_14591
Corrosive,Object_13028
Pressurized,Object_09594
Toxic,Object_03420
Fragile,Object_00899
Oxidizing,Object_04001
Corrosive,Object_05066
Food,Object_07910
Food,Object_07286
Unspecified,Object_13976
Unspecified,Object_08149
Explosive,Object_11753
Radioactive,Object_13373
Flammable,Object_08986
Flammable,Object_01863
Pressurized,Object_02398
Fragile,Object_04960
Fragile,Object_02077
Unspecified,Object_04068
Explosive,Object_00176
Flammable,Object_01149
Pressurized,Object_10829
Food,Object_06299
Food,Object_06771
Corrosive,Object_05638
Food,Object_10711
Food,Object_02685
Pressurized,Object_09432
Unspecified,Object_02452
Flammable,Object_04404
Corrosive,Object_10167
Pressurized,Object_07908
Fragile,Object_01852
Fragile,Object_05046
Unspecified,Object_00880
Oxidizing,Object_05945
Flammable,Object_05246
Corrosive,Object_10904
Radioactive,Object_10618
Explosive,Object_12750
Toxic,Object_12993
Unspecified,Object_14069
Unspecified,Object_10650
Radioactive,Object_03622
Food,Object_07326
Explosive,Object_10337
Pressurized,Object_05059
Pressurized,Object_11481
Fragile,Object_09896
Corrosive,Object_06034
Oxidizing,Object_01878
Fragile,Object_01011
Corrosive,Object_12997
Flammable,Object_08020
Explosive,Object_03928
Unspecified,Object_03965
Food,Object_04421
Food,Object_03690
Pressurized,Object_04065
Radioactive,Object_07939
Food,Object_02658
Oxidizing,Object_09609
Toxic,Object_13332
Unspecified,Object_02107
Flammable,Object_11778
Food,Object_08786
Radioactive,Object_05341
Oxidizing,Object_10890
Fragile,Object_01134
Unspecified,Object_09152
Fragile,Object_09261
Flammable,Object_13590
Pressurized,Object_11061
Unspecified,Object_07545
Unspecified,Object_06608
Toxic,Object_11669
Oxidizing,Object_12658
Fragile,Object_13453
Toxic,Object_11274
Radioactive,Object_06625
Oxidizing,Object_08871
Food,Object_00184
Oxidizing,Object_01260
Food,Object_04713
Pressurized,Object_04169
Food,Object_07741
Flammable,Object_01273
Fragile,Object_05286
Food,Object_03093
Corrosive,Object_06767
Explosive,Object_14686
Pressurized,Object_14315
Toxic,Object_11955
Pressurized,Object_11355
Fragile,Object_01512
Explosive,Object_02445
Explosive,Object_10769
Fragile,Object_04199
Oxidizing,Object_09496
Fragile,Object_14488
Corrosive,Object_13703
Pressurized,Object_10766
Toxic,Object_11755
Corrosive,Object_13577
Food,Object_06296
Flammable,Object_04723
Explosive,Object_00116
Radioactive,Object_08806
Corrosive,Object_02468
Food,Object_05221
Explosive,Object_09589
Unspecified,Object_11884
Pressurized,Object_13408
Oxidizing,Object_00699
Radioactive,Object_02914
Flammable,Object_09503
Pressurized,Object_11735
Corrosive,Object_09439
Food,Object_08762
Unspecified,Object_10963
Food,Object_07235
Explosive,Object_00177
Flammable,Object_06685
Explosive,Object_14193
Unspecified,Object_00456
Oxidizing,Object_04087
Radioactive,Object_08592
Unspecified,Object_00105
Radioactive,Object_08067
Radioactive,Object_08349
Toxic,Object_13767
Food,Object_11412
Fragile,Object_12562
Pressurized,Object_07740
Unspecified,Object_06137
Food,Object_08750
Explosive,Object_13020
Oxidizing,Object_03716
Food,Object_03275
Fragile,Object_01930
Corrosive,Object_12884
Unspecified,Object_12811
Corrosive,Object_10873
Flammable,Object_08303
Corrosive,Object_12209
Pressurized,Object_11254
Radioactive,Object_02813
Fragile,Object_07530
Oxidizing,Object_12850
Fragile,Object_02612
Unspecified,Object_05159
Oxidizing,Object_02506
Toxic,Object_05694
Flammable,Object_13858
Fragile,Object_02707
Explosive,Object_01570
Explosive,Object_08019
Flammable,Object_07028
Radioactive,Object_01887
Radioactive,Object_07692
Flammable,Object_11102
Toxic,Object_06358
Fragile,Object_03049
Fragile,Object_00219
Toxic,Object_14142
Explosive,Object_07586
Radioactive,Object_05528
Flammable,Object_12214
Food,Object_01104
Toxic,Object_01913
Pressurized,Object_08065
Food,Object_00352
Flammable,Object_02435
Radioactive,Object_01855
Oxidizing,Object_00084
Flammable,Object_11372
Corrosive,Object_08955
Unspecified,Object_01925
Unspecified,Object_11534
Explosive,Object_10027
Toxic,Object_10083
Radioactive,Object_10662
Toxic,Object_13617
Flammable,Object_00803
Food,Object_09293
Food,Object_10115
Food,Object_04302
Toxic,Object_01826
Corrosive,Object_09649
Flammable,Object_08673
Unspecified,Object_11177
Corrosive,Object_02769
Toxic,Object_10474
Radioactive,Object_03187
Explosive,Object_08815
Pressurized,Object_14153
Unspecified,Object_08703
Radioactive,Object_12836
Explosive,Object_09858
Corrosive,Object_14425
Unspecified,Object_02811
Oxidizing,Object_10160
Unspecified,Object_04061
Pressurized,Object_00992
Explosive,Object_11811
Explosive,Object_14358
Food,Object_05089
Flammable,Object_01798
Corrosive,Object_07072
Food,Object_11858
Unspecified,Object_14308
Pressurized,Object_03491
Unspecified,Object_00483
Toxic,Object_03006
Food,Object_10488
Corrosive,Object_06584
Explosive,Object_12145
Food,Object_01626
Radioactive,Object_00855
Oxidizing,Object_08143
Radioactive,Object_14577
Food,Object_10826
Flammable,Object_11809
Oxidizing,Object_11109
Flammable,Object_07036
Corrosive,Object_13290
Corrosive,Object_12218
Radioactive,Object_08498
Radioactive,Object_08720
Food,Object_01587
Toxic,Object_01894
Oxidizing,Object_10823
Explosive,Object_06633
Fragile,Object_06870
Oxidizing,Object_07761
Food,Object_07549
Corrosive,Object_05212
Corrosive,Object_11062
Radioactive,Object_09804
Explosive,Object_00781
Unspecified,Object_09691
Food,Object_13676
Pressurized,Object_08081
Toxic,Object_04752
Toxic,Object_04594
Fragile,Object_11480
Explosive,Object_12632
Oxidizing,Object_04131
Flammable,Object_03256
Food,Object_09881
Pressurized,Object_08625
Pressurized,Object_02478
Pressurized,Object_13946
Unspecified,Object_06645
Explosive,Object_09148
Pressurized,Object_04902
Toxic,Object_11182
Explosive,Object_12923
Corrosive,Object_00966
Flammable,Object_07193
Fragile,Object_10197
Pressurized,Object_06427
Food,Object_01918
Oxidizing,Object_11691
Toxic,Object_12792
Pressurized,Object_10790
Unspecified,Object_07583
Corrosive,Object_07335
Pressurized,Object_12262
Corrosive,Object_12495
Pressurized,Object_02229
Explosive,Object_04858
Toxic,Object_12447
Food,Object_05466
Unspecified,Object_02381
Unspecified,Object_04989
Flammable,Object_12767
Radioactive,Object_00317
Food,Object_13679
Oxidizing,Object_07895
Oxidizing,Object_11536
Oxidizing,Object_13271
Unspecified,Object_03797
Unspecified,Object_08197
Oxidizing,Object_07399
Oxidizing,Object_10848
Explosive,Object_08626
Toxic,Object_00439
Corrosive,Object_09661
Oxidizing,Object_02785
Food,Object_13326
Fragile,Object_06359
Unspecified,Object_12646
Flammable,Object_13792
Flammable,Object_05940
Radioactive,Object_07248
Radioactive,Object_10381
Flammable,Object_00968
Radioactive,Object_01211
Fragile,Object_14687
Radioactive,Object_13726
Flammable,Object_06832
Flammable,Object_09892
Pressurized,Object_09358
Unspecified,Object_08618
Toxic,Object_12688
Corrosive,Object_00905
Toxic,Object_13971
Unspecified,Object_12147
Pressurized,Object_03958
Pressurized,Object_00054
Fragile,Object_05648
Explosive,Object_07167
Unspecified,Object_10818
Food,Object_07154
Food,Object_12588
Radioactive,Object_02056
Fragile,Object_13224
Fragile,Object_00424
Oxidizing,Object_05168
Unspecified,Object_11559
Flammable,Object_07539
Toxic,Object_08719
Pressurized,Object_13042
Pressurized,Object_07875
Unspecified,Object_08606
Toxic,Object_12521
Flammable,Object_08643
Radioactive,Object_06966
Fragile,Object_02265
Corrosive,Object_06687
Oxidizing,Object_12465
Corrosive,Object_04804
Food,Object_04718
Unspecified,Object_11913
Radioactive,Object_05095
Explosive,Object_03617
Explosive,Object_07668
Food,Object_01394
Radioactive,Object_02316
Pressurized,Object_00467
Toxic,Object_01136
Flammable,Object_06113
Pressurized,Object_05893
Radioactive,Object_10023
Radioactive,Object_13883
Pressurized,Object_00976
Toxic,Object_10450
Food,Object_14459
Oxidizing,Object_02529
Corrosive,Object_02649
Unspecified,Object_02497
Flammable,Object_11207
Food,Object_02221
Fragile,Object_09316
Radioactive,Object_05322
Pressurized,Object_05553
Flammable,Object_00193
Unspecified,Object_02833
Radioactive,Object_00692
Food,Object_14290
Food,Object_13472
Flammable,Object_08745
Fragile,Object_07688
Unspecified,Object_06565
Unspecified,Object_05639
Toxic,Object_05045
Fragile,Object_07642
Oxidizing,Object_08853
Food,Object_01454
Fragile,Object_13416
Unspecified,Object_02591
Flammable,Object_09884
Flammable,Object_14299
Food,Object_03579
Corrosive,Object_00670
Food,Object_02138
Oxidizing,Object_10001
Fragile,Object_11130
Fragile,Object_02472
Pressurized,Object_04495
Toxic,Object_11089
Oxidizing,Object_14289
Toxic,Object_05389
Oxidizing,Object_03123
Food,Object_01959
Corrosive,Object_12010
Toxic,Object_04758
Explosive,Object_09298
Pressurized,Object_09384
Corrosive,Object_02426
Corrosive,Object_02783
Oxidizing,Object_12613
Corrosive,Object_03182
Radioactive,Object_05297
Fragile,Object_00069
Oxidizing,Object_02099
Corrosive,Object_12336
Unspecified,Object_07712
Corrosive,Object_08122
Oxidizing,Object_10903
Toxic,Object_03664
Food,Object_01800
Radioactive,Object_05951
Flammable,Object_04333
Pressurized,Object_03100
Fragile,Object_07662
Toxic,Object_04970
Food,Object_06802
Corrosive,Object_13672
Pressurized,Object_07746
Toxic,Object_12180
Fragile,Object_14255
Food,Object_09955
Toxic,Object_04364
Fragile,Object_04857
Food,Object_06951
Radioactive,Object_02032
Toxic,Object_11661
Food,Object_13729
Pressurized,Object_14236
Food,Object_13570
Flammable,Object_06732
Pressurized,Object_02872
Fragile,Object_03727
Fragile,Object_12732
Oxidizing,Object_04106
Toxic,Object_09741
Toxic,Object_06796
Fragile,Object_02287
Toxic,Object_06251
Flammable,Object_00410
Explosive,Object_07320
Unspecified,Object_14373
Corrosive,Object_05966
Fragile,Object_12873
Corrosive,Object_05230
Pressurized,Object_13607
Radioactive,Object_02946
Explosive,Object_02164
Explosive,Object_12607
Unspecified,Object_04343
Fragile,Object_00278
Food,Object_01300
Pressurized,Object_09803
Flammable,Object_11700
Unspecified,Object_07480
Corrosive,Object_06531
Corrosive,Object_00881
Corrosive,Object_11931
Unspecified,Object_08494
Fragile,Object_10461
Pressurized,Object_03788
Oxidizing,Object_06819
Food,Object_10364
Explosive,Object_03753
Unspecified,Object_04613
Corrosive,Object_09678
Radioactive,Object_12485
Fragile,Object_10787
Pressurized,Object_05285
Corrosive,Object_08959
Corrosive,Object_05948
Explosive,Object_09173
Radioactive,Object_05142
Corrosive,Object_12008
Fragile,Object_13278
Explosive,Object_04782
Toxic,Object_03702
Explosive,Object_14297
Pressurized,Object_00723
Food,Object_00823
Corrosive,Object_05993
Pressurized,Object_02186
Oxidizing,Object_03642
Explosive,Object_04359
Fragile,Object_06993
Food,Object_02836
Food,Object_00491
Fragile,Object_00724
Radioactive,Object_12877
Explosive,Object_14447
Oxidizing,Object_11629
Corrosive,Object_07834
Toxic,Object_11692
Food,Object_06063
Pressurized,Object_02465
Flammable,Object_07913
Explosive,Object_14608
Corrosive,Object_08669
Flammable,Object_09620
Flammable,Object_00071
Explosive,Object_12530
Toxic,Object_00341
Toxic,Object_11129
Radioactive,Object_04444
Radioactive,Object_11222
Toxic,Object_06046
Explosive,Object_11557
Explosive,Object_09517
Explosive,Object_04926
Explosive,Object_02549
Oxidizing,Object_10055
Food,Object_11573
Unspecified,Object_07309
Unspecified,Object_13121
Oxidizing,Object_13829
Corrosive,Object_10854
Explosive,Object_01331
Pressurized,Object_14592
Food,Object_06277
Pressurized,Object_11125
Fragile,Object_12224
Food,Object_10200
Fragile,Object_00023
Flammable,Object_01327
Pressurized,Object_05731
Explosive,Object_11776
Flammable,Object_05891
Fragile,Object_09771
Toxic,Object_00667
Radioactive,Object_04785
Radioactive,Object_10192
Food,Object_04801
Food,Object_03341
Radioactive,Object_05009
Explosive,Object_07795
Toxic,Object_09605
Food,Object_03656
Oxidizing,Object_01266
Unspecified,Object_05650
Oxidizing,Object_14364
Flammable,Object_12153
Radioactive,Object_11861
Flammable,Object_04216
Oxidizing,Object_08140
Corrosive,Object_13429
Pressurized,Object_02444
Toxic,Object_01236
Food,Object_11234
Unspecified,Object_04007
Oxidizing,Object_06718
Oxidizing,Object_01055
Explosive,Object_07581
Oxidizing,Object_06283
Food,Object_00221
Toxic,Object_01496
Oxidizing,Object_14212
Corrosive,Object_04768
Food,Object_05769
Food,Object_05388
Flammable,Object_02745
Unspecified,Object_07651
Flammable,Object_12727
Oxidizing,Object_03010
Corrosive,Object_03091
Corrosive,Object_14495
Unspecified,Object_14367
Explosive,Object_11648
Oxidizing,Object_11449
Flammable,Object_12428
Pressurized,Object_02275
Toxic,Object_09434
Fragile,Object_09907
Unspecified,Object_13230
Oxidizing,Object_06567
Flammable,Object_14197
Food,Object_10765
Radioactive,Object_06547
Oxidizing,Object_01320
Pressurized,Object_06652
Radioactive,Object_07723
Fragile,Object_03689
Explosive,Object_03385
Radioactive,Object_10100
Flammable,Object_06544
Radioactive,Object_11416
Unspecified,Object_05318
Toxic,Object_07412
Corrosive,Object_01592
Unspecified,Object_04101
Explosive,Object_00511
Fragile,Object_03126
Oxidizing,Object_02735
Toxic,Object_01196
Radioactive,Object_00512
Unspecified,Object_05670
Pressurized,Object_04360
Food,Object_09161
Unspecified,Object_03294
Radioactive,Object_01039
Food,Object_07930
Oxidizing,Object_10949
Radioactive,Object_00139
Fragile,Object_09096
Oxidizing,Object_11614
Toxic,Object_06591
Pressurized,Object_04191
Toxic,Object_08307
Food,Object_10925
Flammable,Object_00112
Oxidizing,Object_03996
Corrosive,Object_13504
Flammable,Object_12869
Corrosive,Object_14068
Corrosive,Object_01448
Flammable,Object_13987
Food,Object_11992
Oxidizing,Object_02918
Pressurized,Object_06982
Toxic,Object_02619
Fragile,Object_10983
Fragile,Object_06611
Explosive,Object_05811
Explosive,Object_14262
Oxidizing,Object_08048
Flammable,Object_04603
Flammable,Object_14566
Food,Object_00809
Pressurized,Object_04500
Pressurized,Object_14244
Food,Object_13596
Radioactive,Object_02977
Oxidizing,Object_07924
Toxic,Object_09718
Radioactive,Object_00529
Corrosive,Object_06963
Food,Object_06961
Radioactive,Object_04043
Radioactive,Object_14316
Food,Object_09442
Food,Object_01041
Explosive,Object_12192
Food,Object_08479
Oxidizing,Object_08327
Radioactive,Object_04722
Toxic,Object_14272
Radioactive,Object_12406
Unspecified,Object_09684
Unspecified,Object_09082
Unspecified,Object_09281
Food,Object_08857
Pressurized,Object_02916
Unspecified,Object_07439
Pressurized,Object_01051
Radioactive,Object_01556
Food,Object_09426
Flammable,Object_03382
Corrosive,Object_11942
Explosive,Object_04387
Radioactive,Object_03088
Corrosive,Object_05225
Explosive,Object_04146
Food,Object_11932
Pressurized,Object_02641
Fragile,Object_09817
Pressurized,Object_06313
Food,Object_03474
Toxic,Object_07436
Food,Object_02838
Fragile,Object_14396
Radioactive,Object_11567
Oxidizing,Object_03890
Oxidizing,Object_09245
Corrosive,Object_02827
Corrosive,Object_01777
Food,Object_13026
Explosive,Object_07881
Flammable,Object_00882
Oxidizing,Object_12184
Oxidizing,Object_02732
Radioactive,Object_06742
Food,Object_01699
Flammable,Object_03479
Pressurized,Object_08682
Flammable,Object_07102
Fragile,Object_00027
Flammable,Object_09982
Explosive,Object_08867
Pressurized,Object_08577
Explosive,Object_14474
Unspecified,Object_11218
Food,Object_10335
Radioactive,Object_09523
Explosive,Object_04080
Pressurized,Object_01358
Explosive,Object_03763
Fragile,Object_10646
Unspecified,Object_04081
Pressurized,Object_03243
Radioactive,Object_07825
Food,Object_08911
Food,Object_12875
Flammable,Object_04650
Radioactive,Object_10727
Explosive,Object_06663
Pressurized,Object_11268
Oxidizing,Object_14042
Fragile,Object_00393
Toxic,Object_01792
Toxic,Object_05359
Oxidizing,Object_03828
Food,Object_10298
Fragile,Object_00788
Corrosive,Object_10435
Explosive,Object_04288
Food,Object_03444
Unspecified,Object_06960
Flammable,Object_03471
Food,Object_12328
Radioactive,Object_08130
Corrosive,Object_08089
Pressurized,Object_11717
Explosive,Object_02919
Flammable,Object_07145
Explosive,Object_06671
Oxidizing,Object_02661
Oxidizing,Object_12223
Pressurized,Object_08794
Flammable,Object_02065
Unspecified,Object_13089
Oxidizing,Object_03867
Oxidizing,Object_05757
Explosive,Object_10837
Corrosive,Object_12327
Radioactive,Object_10327
Pressurized,Object_09918
Oxidizing,Object_10494
Toxic,Object_11365
Pressurized,Object_01230
Food,Object_13010
Flammable,Object_12352
Corrosive,Object_05929
Radioactive,Object_13300
Toxic,Object_07391
Corrosive,Object_12064
Corrosive,Object_05689
Radioactive,Object_09368
Toxic,Object_03734
Fragile,Object_13551
Fragile,Object_02905
Corrosive,Object_10613
Unspecified,Object_08354
Flammable,Object_14662
Toxic,Object_05242
Fragile,Object_01177
Toxic,Object_00314
Unspecified,Object_07470
Toxic,Object_01584
Toxic,Object_10619
Pressurized,Object_05902
Explosive,Object_05005
Corrosive,Object_02924
Fragile,Object_06926
Flammable,Object_11396
Oxidizing,Object_09283
Fragile,Object_09021
Radioactive,Object_09964
Flammable,Object_01780
Pressurized,Object_10570
Unspecified,Object_01974
Explosive,Object_05806
Oxidizing,Object_02910
Food,Object_13074
Food,Object_03880
Radioactive,Object_09612
Pressurized,Object_05739
Toxic,Object_12403
Toxic,Object_04046
Fragile,Object_05497
Food,Object_12905
Flammable,Object_09097
Corrosive,Object_06493
Food,Object_06839
Unspecified,Object_08496
Radioactive,Object_00476
Explosive,Object_08908
Unspecified,Object_11712
Radioactive,Object_12798
Pressurized,Object_03627
Pressurized,Object_08991
Flammable,Object_11143
Corrosive,Object_11470
Radioactive,Object_00132
Fragile,Object_13094
Food,Object_14113
Food,Object_07327
Toxic,Object_02576
Toxic,Object_14239
Oxidizing,Object_04992
Oxidizing,Object_03967
Fragile,Object_12812
Food,Object_02532
Radioactive,Object_11933
Food,Object_05560
Fragile,Object_12593
Radioactive,Object_02482
Corrosive,Object_11237
Corrosive,Object_01350
Explosive,Object_08889
Toxic,Object_13662
Flammable,Object_03905
Food,Object_04014
Toxic,Object_04575
Fragile,Object_03176
Pressurized,Object_02616
Pressurized,Object_13968
Food,Object_00818
Unspecified,Object_03485
Radioactive,Object_09491
Pressurized,Object_09421
Food,Object_02103
Corrosive,Object_00739
Fragile,Object_01529
Food,Object_09934
Flammable,Object_12126
Pressurized,Object_03370
Toxic,Object_14549
Food,Object_06248
Unspecified,Object_07871
Flammable,Object_04759
Flammable,Object_09698
Fragile,Object_00598
Pressurized,Object_04648
Corrosive,Object_05292
Explosive,Object_10994
Pressurized,Object_10807
Fragile,Object_11917
Oxidizing,Object_10362
Flammable,Object_02069
Food,Object_11195
Fragile,Object_03725
Radioactive,Object_11461
Pressurized,Object_00600
Toxic,Object_04853
Flammable,Object_01795
Toxic,Object_13354
Oxidizing,Object_09176
Pressurized,Object_05794
Oxidizing,Object_12493
Explosive,Object_12277
Radioactive,Object_12801
Unspecified,Object_02158
Oxidizing,Object_05641
Fragile,Object_00576
Food,Object_12681
Unspecified,Object_11321
Pressurized,Object_11680
Corrosive,Object_00222
Unspecified,Object_09854
Food,Object_02548
Oxidizing,Object_08151
Food,Object_02950
Flammable,Object_12135
Oxidizing,Object_02005
Corrosive,Object_12282
Unspecified,Object_00872
Fragile,Object_09902
Food,Object_02115
Toxic,Object_12429
Food,Object_02215
Food,Object_13469
Pressurized,Object_00764
Oxidizing,Object_02273
Toxic,Object_13314
Fragile,Object_04900
Toxic,Object_09318
Corrosive,Object_11611
Fragile,Object_12051
Unspecified,Object_06212
Flammable,Object_07061
Flammable,Object_09937
Unspecified,Object_07897
Oxidizing,Object_01627
Unspecified,Object_02939
Flammable,Object_02137
Radioactive,Object_14115
Food,Object_02404
Food,Object_04102
Pressurized,Object_04327
Food,Object_01666
Toxic,Object_05195
Toxic,Object_13369
Flammable,Object_06360
Oxidizing,Object_03574
Oxidizing,Object_06117
Unspecified,Object_13660
Radioactive,Object_09694
Radioactive,Object_11951
Unspecified,Object_09593
Oxidizing,Object_00580
Pressurized,Object_03888
Oxidizing,Object_01937
Unspecified,Object_04703
Unspecified,Object_10084
Corrosive,Object_05502
Fragile,Object_05496
Pressurized,Object_14003
Radioactive,Object_11664
Pressurized,Object_06769
Flammable,Object_03538
Fragile,Object_05482
Pressurized,Object_06682
Corrosive,Object_00654
Explosive,Object_02283
Oxidizing,Object_10947
Explosive,Object_00072
Radioactive,Object_00206
