Start_city,End_city,Distance
Ville_0756,Ville_1931,240
Ville_1931,Ville_0070,193
Ville_0070,Ville_1937,2344
Ville_1937,Ville_0546,1492
Ville_0546,Ville_1738,1926
Ville_1738,Ville_1499,1979
Ville_1499,Ville_1115,2549
Ville_1115,Ville_0213,1338
Ville_0213,Ville_0175,2728
Ville_0175,Ville_0313,2454
Ville_0313,Ville_1295,530
Ville_1295,Ville_1860,2963
Ville_1860,Ville_1536,2925
Ville_1536,Ville_0194,504
Ville_0194,Ville_0167,1785
Ville_0167,Ville_0741,2351
Ville_0741,Ville_1457,1579
Ville_1457,Ville_1333,2390
Ville_1333,Ville_0170,407
Ville_0170,Ville_1506,353
Ville_1506,Ville_1118,234
Ville_1118,Ville_0601,644
Ville_0601,Ville_1643,1258
Ville_1643,Ville_0241,730
Ville_0241,Ville_0764,274
Ville_0764,Ville_1287,915
Ville_1287,Ville_1229,1419
Ville_1229,Ville_0493,59
Ville_0493,Ville_1628,2129
Ville_1628,Ville_0798,1479
Ville_0798,Ville_0203,2547
Ville_0203,Ville_0797,1777
Ville_0797,Ville_1575,544
Ville_1575,Ville_1751,87
Ville_1751,Ville_1466,2309
Ville_1466,Ville_0197,2517
Ville_0197,Ville_0288,1658
Ville_0288,Ville_1340,2708
Ville_1340,Ville_1656,1211
Ville_1656,Ville_0121,2331
Ville_0121,Ville_1874,2402
Ville_1874,Ville_0923,699
Ville_0923,Ville_1027,837
Ville_1027,Ville_0664,876
Ville_0664,Ville_1599,224
Ville_1599,Ville_0457,1473
Ville_0457,Ville_1895,1463
Ville_1895,Ville_0822,2660
Ville_0822,Ville_0777,1842
Ville_0777,Ville_1104,729
Ville_1104,Ville_0916,161
Ville_0916,Ville_0868,1137
Ville_0868,Ville_0781,2780
Ville_0781,Ville_0240,1524
Ville_0240,Ville_1412,2289
Ville_1412,Ville_0285,188
Ville_0285,Ville_0384,1776
Ville_0384,Ville_1278,624
Ville_1278,Ville_0231,2756
Ville_0231,Ville_0644,2521
Ville_0644,Ville_0707,2672
Ville_0707,Ville_1859,988
Ville_1859,Ville_0949,2782
Ville_0949,Ville_1657,1519
Ville_1657,Ville_1280,897
Ville_1280,Ville_1031,1213
Ville_1031,Ville_1546,607
Ville_1546,Ville_0291,2786
Ville_0291,Ville_1265,762
Ville_1265,Ville_1004,2856
Ville_1004,Ville_0726,2443
Ville_0726,Ville_0277,1151
Ville_0277,Ville_1514,1641
Ville_1514,Ville_1063,1708
Ville_1063,Ville_0775,1057
Ville_0775,Ville_0843,2619
Ville_0843,Ville_0020,1209
Ville_0020,Ville_0969,1944
Ville_0969,Ville_0557,2775
Ville_0557,Ville_1498,2972
Ville_1498,Ville_0636,1921
Ville_0636,Ville_1390,2384
Ville_1390,Ville_0739,2939
Ville_0739,Ville_1970,2692
Ville_1970,Ville_0518,855
Ville_0518,Ville_0029,1485
Ville_0029,Ville_0964,573
Ville_0964,Ville_0973,1499
Ville_0973,Ville_1240,2911
Ville_1240,Ville_0985,765
Ville_0985,Ville_0424,2880
Ville_0424,Ville_1528,642
Ville_1528,Ville_0637,836
Ville_0637,Ville_1682,1327
Ville_1682,Ville_1020,785
Ville_1020,Ville_1444,1366
Ville_1444,Ville_0230,651
Ville_0230,Ville_0162,1040
Ville_0162,Ville_0562,933
Ville_0562,Ville_1235,1650
Ville_1235,Ville_0593,1557
Ville_0593,Ville_1964,915
Ville_1964,Ville_0208,587
Ville_0208,Ville_0104,1719
Ville_0104,Ville_0917,620
Ville_0917,Ville_1206,1242
Ville_1206,Ville_1698,1960
Ville_1698,Ville_0237,910
Ville_0237,Ville_0245,204
Ville_0245,Ville_1105,1766
Ville_1105,Ville_1448,2837
Ville_1448,Ville_0675,333
Ville_0675,Ville_0373,2538
Ville_0373,Ville_0622,1751
Ville_0622,Ville_0898,2341
Ville_0898,Ville_1396,2342
Ville_1396,Ville_0682,1865
Ville_0682,Ville_0618,627
Ville_0618,Ville_1935,1659
Ville_1935,Ville_1384,2814
Ville_1384,Ville_1556,1014
Ville_1556,Ville_0356,927
Ville_0356,Ville_0439,2299
Ville_0439,Ville_1304,963
Ville_1304,Ville_1524,2849
Ville_1524,Ville_1018,2562
Ville_1018,Ville_0112,575
Ville_0112,Ville_1209,2363
Ville_1209,Ville_1518,2616
Ville_1518,Ville_0222,918
Ville_0222,Ville_1262,2162
Ville_1262,Ville_0952,1896
Ville_0952,Ville_0696,496
Ville_0696,Ville_0971,2091
Ville_0971,Ville_0719,1453
Ville_0719,Ville_0404,2721
Ville_0404,Ville_0307,1357
Ville_0307,Ville_0550,1903
Ville_0550,Ville_0688,2882
Ville_0688,Ville_1835,2389
Ville_1835,Ville_1812,1780
Ville_1812,Ville_0359,1672
Ville_0359,Ville_1045,869
Ville_1045,Ville_1419,1678
Ville_1419,Ville_1489,1932
Ville_1489,Ville_1919,2938
Ville_1919,Ville_0908,1753
Ville_0908,Ville_0620,257
Ville_0620,Ville_0750,2323
Ville_0750,Ville_1987,809
Ville_1987,Ville_0188,2338
Ville_0188,Ville_0828,1786
Ville_0828,Ville_1470,208
Ville_1470,Ville_0102,1664
Ville_0102,Ville_0748,688
Ville_0748,Ville_1351,2526
Ville_1351,Ville_1145,2348
Ville_1145,Ville_1035,2863
Ville_1035,Ville_0392,80
Ville_0392,Ville_1621,946
Ville_1621,Ville_1465,2080
Ville_1465,Ville_0113,1392
Ville_0113,Ville_0134,1489
Ville_0134,Ville_0563,1108
Ville_0563,Ville_0721,1977
Ville_0721,Ville_0897,1039
Ville_0897,Ville_1467,2632
Ville_1467,Ville_0782,1940
Ville_0782,Ville_1629,2330
Ville_1629,Ville_0491,279
Ville_0491,Ville_0803,2450
Ville_0803,Ville_1000,1193
Ville_1000,Ville_1309,453
Ville_1309,Ville_1051,2888
Ville_1051,Ville_1022,903
Ville_1022,Ville_0139,519
Ville_0139,Ville_0527,1383
Ville_0527,Ville_0267,1801
Ville_0267,Ville_0343,822
Ville_0343,Ville_1495,1138
Ville_1495,Ville_0845,1625
Ville_0845,Ville_1821,2935
Ville_1821,Ville_1088,1408
Ville_1088,Ville_1042,1355
Ville_1042,Ville_1568,2043
Ville_1568,Ville_1735,1312
Ville_1735,Ville_0744,2176
Ville_0744,Ville_0418,453
Ville_0418,Ville_0663,1574
Ville_0663,Ville_1319,2081
Ville_1319,Ville_1764,81
Ville_1764,Ville_0165,599
Ville_0165,Ville_0265,377
Ville_0265,Ville_0028,144
Ville_0028,Ville_0840,1192
Ville_0840,Ville_0794,2398
Ville_0794,Ville_1302,725
Ville_1302,Ville_0817,2738
Ville_0817,Ville_1946,285
Ville_1946,Ville_0911,1648
Ville_0911,Ville_0150,2195
Ville_0150,Ville_1170,1141
Ville_1170,Ville_0691,970
Ville_0691,Ville_1512,2428
Ville_1512,Ville_0143,1867
Ville_0143,Ville_1140,250
Ville_1140,Ville_1019,700
Ville_1019,Ville_0290,2173
Ville_0290,Ville_1151,1009
Ville_1151,Ville_1940,1532
Ville_1940,Ville_0309,1308
Ville_0309,Ville_1662,558
Ville_1662,Ville_1941,2213
Ville_1941,Ville_1580,1271
Ville_1580,Ville_0038,2806
Ville_0038,Ville_1786,115
Ville_1786,Ville_0713,2850
Ville_0713,Ville_0981,2480
Ville_0981,Ville_1420,1254
Ville_1420,Ville_0535,1632
Ville_0535,Ville_0443,2485
Ville_0443,Ville_0847,1552
Ville_0847,Ville_0558,223
Ville_0558,Ville_0474,1652
Ville_0474,Ville_1893,2683
Ville_1893,Ville_1123,486
Ville_1123,Ville_1945,377
Ville_1945,Ville_0146,2238
Ville_0146,Ville_0327,2791
Ville_0327,Ville_0318,2500
Ville_0318,Ville_1502,1457
Ville_1502,Ville_0490,2238
Ville_0490,Ville_0205,1408
Ville_0205,Ville_0365,2234
Ville_0365,Ville_0078,224
Ville_0078,Ville_0200,2686
Ville_0200,Ville_1049,558
Ville_1049,Ville_1607,1854
Ville_1607,Ville_0667,2005
Ville_0667,Ville_1150,1596
Ville_1150,Ville_1998,786
Ville_1998,Ville_1901,2377
Ville_1901,Ville_1578,1561
Ville_1578,Ville_1225,2329
Ville_1225,Ville_0920,2106
Ville_0920,Ville_1288,2659
Ville_1288,Ville_1769,1631
Ville_1769,Ville_0252,2848
Ville_0252,Ville_1841,1296
Ville_1841,Ville_1168,703
Ville_1168,Ville_0083,2645
Ville_0083,Ville_1757,294
Ville_1757,Ville_0835,1570
Ville_0835,Ville_1056,1863
Ville_1056,Ville_1999,2657
Ville_1999,Ville_1455,261
Ville_1455,Ville_0253,590
Ville_0253,Ville_0893,1376
Ville_0893,Ville_0617,359
Ville_0617,Ville_1102,2959
Ville_1102,Ville_0924,2453
Ville_0924,Ville_0077,1582
Ville_0077,Ville_0153,2489
Ville_0153,Ville_0674,2612
Ville_0674,Ville_0294,1418
Ville_0294,Ville_0338,1796
Ville_0338,Ville_1817,1371
Ville_1817,Ville_1661,1660
Ville_1661,Ville_1204,1532
Ville_1204,Ville_0035,1131
Ville_0035,Ville_1671,2778
Ville_1671,Ville_1862,1993
Ville_1862,Ville_1458,2062
Ville_1458,Ville_1077,838
Ville_1077,Ville_0532,1983
Ville_0532,Ville_0919,2793
Ville_0919,Ville_0528,907
Ville_0528,Ville_1689,1764
Ville_1689,Ville_0895,79
Ville_0895,Ville_1978,1208
Ville_1978,Ville_1807,593
Ville_1807,Ville_1441,1028
Ville_1441,Ville_1902,925
Ville_1902,Ville_1947,1659
Ville_1947,Ville_1912,2850
Ville_1912,Ville_1352,990
Ville_1352,Ville_0397,432
Ville_0397,Ville_1885,1959
Ville_1885,Ville_1044,792
Ville_1044,Ville_0405,1455
Ville_0405,Ville_1878,2713
Ville_1878,Ville_0304,855
Ville_0304,Ville_0740,2332
Ville_0740,Ville_0387,2714
Ville_0387,Ville_1711,1405
Ville_1711,Ville_1300,2572
Ville_1300,Ville_1482,982
Ville_1482,Ville_1727,1212
Ville_1727,Ville_0758,1953
Ville_0758,Ville_0096,1605
Ville_0096,Ville_1064,2179
Ville_1064,Ville_0409,657
Ville_0409,Ville_0737,1603
Ville_0737,Ville_0089,1651
Ville_0089,Ville_0609,339
Ville_0609,Ville_0521,2218
Ville_0521,Ville_1552,2285
Ville_1552,Ville_0306,2683
Ville_0306,Ville_1944,873
Ville_1944,Ville_0140,1050
Ville_0140,Ville_0202,1224
Ville_0202,Ville_0975,1403
Ville_0975,Ville_1741,2192
Ville_1741,Ville_1744,2956
Ville_1744,Ville_1474,204
Ville_1474,Ville_0433,1676
Ville_0433,Ville_1913,2735
Ville_1913,Ville_0544,591
Ville_0544,Ville_0935,2637
Ville_0935,Ville_0816,1229
Ville_0816,Ville_1691,652
Ville_1691,Ville_1830,793
Ville_1830,Ville_1468,2390
Ville_1468,Ville_0548,421
Ville_0548,Ville_1888,1887
Ville_1888,Ville_1251,581
Ville_1251,Ville_0095,2538
Ville_0095,Ville_0071,213
Ville_0071,Ville_1149,855
Ville_1149,Ville_1961,1371
Ville_1961,Ville_0007,2646
Ville_0007,Ville_1856,2290
Ville_1856,Ville_1527,1398
Ville_1527,Ville_1899,2833
Ville_1899,Ville_0510,1868
Ville_0510,Ville_1244,1078
Ville_1244,Ville_1754,1727
Ville_1754,Ville_1996,666
Ville_1996,Ville_1036,2326
Ville_1036,Ville_0218,1293
Ville_0218,Ville_0838,415
Ville_0838,Ville_1560,92
Ville_1560,Ville_1001,767
Ville_1001,Ville_1777,2282
Ville_1777,Ville_0729,2380
Ville_0729,Ville_0658,1746
Ville_0658,Ville_0832,1456
Ville_0832,Ville_0654,204
Ville_0654,Ville_1365,541
Ville_1365,Ville_0656,690
Ville_0656,Ville_0127,2693
Ville_0127,Ville_0008,1257
Ville_0008,Ville_1341,2550
Ville_1341,Ville_0098,1410
Ville_0098,Ville_1353,1125
Ville_1353,Ville_1269,421
Ville_1269,Ville_0762,818
Ville_0762,Ville_1939,1714
Ville_1939,Ville_1622,157
Ville_1622,Ville_1324,2060
Ville_1324,Ville_1159,1726
Ville_1159,Ville_1693,356
Ville_1693,Ville_0594,2175
Ville_0594,Ville_1525,753
Ville_1525,Ville_0010,1534
Ville_0010,Ville_1121,2854
Ville_1121,Ville_1667,351
Ville_1667,Ville_1107,1214
Ville_1107,Ville_0945,634
Ville_0945,Ville_0471,1495
Ville_0471,Ville_0107,2953
Ville_0107,Ville_0988,2726
Ville_0988,Ville_0132,312
Ville_0132,Ville_1432,2470
Ville_1432,Ville_0239,1592
Ville_0239,Ville_1576,1376
Ville_1576,Ville_1664,1226
Ville_1664,Ville_0568,2815
Ville_0568,Ville_0448,582
Ville_0448,Ville_1815,2474
Ville_1815,Ville_1013,1177
Ville_1013,Ville_0579,1451
Ville_0579,Ville_1496,1052
Ville_1496,Ville_0628,2444
Ville_0628,Ville_1289,2170
Ville_1289,Ville_0391,1578
Ville_0391,Ville_0677,2715
Ville_0677,Ville_0652,1878
Ville_0652,Ville_0319,1566
Ville_0319,Ville_0335,172
Ville_0335,Ville_1717,1940
Ville_1717,Ville_1663,987
Ville_1663,Ville_0857,143
Ville_0857,Ville_1100,626
Ville_1100,Ville_1963,1451
Ville_1963,Ville_0876,104
Ville_0876,Ville_1111,1454
Ville_1111,Ville_1380,2490
Ville_1380,Ville_0228,1018
Ville_0228,Ville_1435,1069
Ville_1435,Ville_1724,1035
Ville_1724,Ville_1610,390
Ville_1610,Ville_1632,604
Ville_1632,Ville_0266,1675
Ville_0266,Ville_1562,1443
Ville_1562,Ville_0855,2312
Ville_0855,Ville_0864,2118
Ville_0864,Ville_1684,1468
Ville_1684,Ville_0938,241
Ville_0938,Ville_0937,2832
Ville_0937,Ville_1312,138
Ville_1312,Ville_0282,356
Ville_0282,Ville_1654,2788
Ville_1654,Ville_1886,2442
Ville_1886,Ville_0613,174
Ville_0613,Ville_1598,187
Ville_1598,Ville_1780,2644
Ville_1780,Ville_1318,810
Ville_1318,Ville_1645,1528
Ville_1645,Ville_0736,2488
Ville_0736,Ville_0951,1539
Ville_0951,Ville_1148,2287
Ville_1148,Ville_1093,2518
Ville_1093,Ville_0590,534
Ville_0590,Ville_1972,2139
Ville_1972,Ville_0572,2842
Ville_0572,Ville_1453,2026
Ville_1453,Ville_0394,1320
Ville_0394,Ville_0633,2591
Ville_0633,Ville_0814,310
Ville_0814,Ville_0006,573
Ville_0006,Ville_1639,2679
Ville_1639,Ville_0426,2447
Ville_0426,Ville_0580,700
Ville_0580,Ville_1557,1527
Ville_1557,Ville_0526,1370
Ville_0526,Ville_0149,289
Ville_0149,Ville_0603,329
Ville_0603,Ville_1255,2982
Ville_1255,Ville_0447,272
Ville_0447,Ville_1652,1044
Ville_1652,Ville_1883,1146
Ville_1883,Ville_1779,655
Ville_1779,Ville_1783,371
Ville_1783,Ville_0874,752
Ville_0874,Ville_0014,611
Ville_0014,Ville_0352,1390
Ville_0352,Ville_0094,1862
Ville_0094,Ville_1463,503
Ville_1463,Ville_0466,2694
Ville_0466,Ville_1611,2327
Ville_1611,Ville_1443,752
Ville_1443,Ville_1768,761
Ville_1768,Ville_0872,2256
Ville_0872,Ville_0995,1776
Ville_0995,Ville_1736,2654
Ville_1736,Ville_1410,1589
Ville_1410,Ville_1942,2731
Ville_1942,Ville_0076,146
Ville_0076,Ville_0842,1322
Ville_0842,Ville_0651,1513
Ville_0651,Ville_0396,1309
Ville_0396,Ville_0031,1277
Ville_0031,Ville_0300,170
Ville_0300,Ville_1055,2345
Ville_1055,Ville_0875,726
Ville_0875,Ville_0604,1416
Ville_0604,Ville_0769,645
Ville_0769,Ville_1058,413
Ville_1058,Ville_0701,69
Ville_0701,Ville_0901,818
Ville_0901,Ville_0702,1702
Ville_0702,Ville_0258,1870
Ville_0258,Ville_0958,1191
Ville_0958,Ville_0512,2647
Ville_0512,Ville_1822,1595
Ville_1822,Ville_0974,1793
Ville_0974,Ville_0957,1340
Ville_0957,Ville_0216,688
Ville_0216,Ville_1887,428
Ville_1887,Ville_0584,1194
Ville_0584,Ville_0770,621
Ville_0770,Ville_1486,1031
Ville_1486,Ville_1550,187
Ville_1550,Ville_0224,2397
Ville_0224,Ville_1162,53
Ville_1162,Ville_1655,1295
Ville_1655,Ville_0852,78
Ville_0852,Ville_0390,2611
Ville_0390,Ville_0496,924
Ville_0496,Ville_0468,1181
Ville_0468,Ville_1916,300
Ville_1916,Ville_1034,1439
Ville_1034,Ville_1541,1514
Ville_1541,Ville_1202,1724
Ville_1202,Ville_1378,1902
Ville_1378,Ville_1446,464
Ville_1446,Ville_1910,366
Ville_1910,Ville_1703,885
Ville_1703,Ville_0906,1256
Ville_0906,Ville_1839,664
Ville_1839,Ville_1763,2045
Ville_1763,Ville_1681,289
Ville_1681,Ville_0883,1797
Ville_0883,Ville_1593,2314
Ville_1593,Ville_1850,2433
Ville_1850,Ville_1728,88
Ville_1728,Ville_1903,2274
Ville_1903,Ville_1417,2248
Ville_1417,Ville_1555,2185
Ville_1555,Ville_1921,2074
Ville_1921,Ville_1618,1591
Ville_1618,Ville_0371,272
Ville_0371,Ville_1332,2910
Ville_1332,Ville_0363,1199
Ville_0363,Ville_0634,2485
Ville_0634,Ville_1725,289
Ville_1725,Ville_1037,948
Ville_1037,Ville_1653,2293
Ville_1653,Ville_1398,121
Ville_1398,Ville_0561,1186
Ville_0561,Ville_0877,2659
Ville_0877,Ville_0980,1371
Ville_0980,Ville_0429,968
Ville_0429,Ville_1590,1186
Ville_1590,Ville_0264,73
Ville_0264,Ville_1890,1439
Ville_1890,Ville_0287,959
Ville_0287,Ville_0263,2152
Ville_0263,Ville_0826,1457
Ville_0826,Ville_1745,383
Ville_1745,Ville_1172,739
Ville_1172,Ville_0001,1495
Ville_0001,Ville_0714,2500
Ville_0714,Ville_0436,1678
Ville_0436,Ville_0172,2178
Ville_0172,Ville_0217,2764
Ville_0217,Ville_1442,2424
Ville_1442,Ville_0810,555
Ville_0810,Ville_1081,825
Ville_1081,Ville_0275,2080
Ville_0275,Ville_0485,2569
Ville_0485,Ville_1436,2812
Ville_1436,Ville_1120,651
Ville_1120,Ville_0517,133
Ville_0517,Ville_1166,2220
Ville_1166,Ville_1808,2968
Ville_1808,Ville_0342,2665
Ville_0342,Ville_0278,1922
Ville_0278,Ville_0703,453
Ville_0703,Ville_0659,1978
Ville_0659,Ville_0128,505
Ville_0128,Ville_0824,612
Ville_0824,Ville_0295,1875
Ville_0295,Ville_0301,717
Ville_0301,Ville_0086,331
Ville_0086,Ville_0069,2621
Ville_0069,Ville_0482,681
Ville_0482,Ville_1214,617
Ville_1214,Ville_0765,2353
Ville_0765,Ville_1114,2106
Ville_1114,Ville_1268,1023
Ville_1268,Ville_0989,1222
Ville_0989,Ville_1392,513
Ville_1392,Ville_0829,1142
Ville_0829,Ville_1379,1304
Ville_1379,Ville_1193,1711
Ville_1193,Ville_1012,2499
Ville_1012,Ville_0932,1805
Ville_0932,Ville_1363,2325
Ville_1363,Ville_0560,778
Ville_0560,Ville_0605,432
Ville_0605,Ville_0085,1089
Ville_0085,Ville_1680,1751
Ville_1680,Ville_0033,1761
Ville_0033,Ville_1331,75
Ville_1331,Ville_1933,2345
Ville_1933,Ville_0232,1024
Ville_0232,Ville_1928,190
Ville_1928,Ville_1814,634
Ville_1814,Ville_1542,72
Ville_1542,Ville_0467,280
Ville_0467,Ville_0760,2776
Ville_0760,Ville_1242,2835
Ville_1242,Ville_1537,1509
Ville_1537,Ville_1130,1949
Ville_1130,Ville_0174,2336
Ville_0174,Ville_0889,639
Ville_0889,Ville_0400,845
Ville_0400,Ville_0349,1473
Ville_0349,Ville_1273,2411
Ville_1273,Ville_0229,491
Ville_0229,Ville_0498,316
Ville_0498,Ville_1125,1758
Ville_1125,Ville_1418,1857
Ville_1418,Ville_0581,2064
Ville_0581,Ville_0191,1750
Ville_0191,Ville_1305,1806
Ville_1305,Ville_0865,229
Ville_0865,Ville_1881,2447
Ville_1881,Ville_0796,347
Ville_0796,Ville_1359,506
Ville_1359,Ville_1388,1819
Ville_1388,Ville_0431,2049
Ville_0431,Ville_1948,2681
Ville_1948,Ville_0233,346
Ville_0233,Ville_0410,1619
Ville_0410,Ville_0585,1751
Ville_0585,Ville_1627,2781
Ville_1627,Ville_0930,1170
Ville_0930,Ville_0955,2705
Ville_0955,Ville_1884,216
Ville_1884,Ville_1217,1286
Ville_1217,Ville_1697,2462
Ville_1697,Ville_0379,2986
Ville_0379,Ville_0470,1930
Ville_0470,Ville_1147,2172
Ville_1147,Ville_1906,879
Ville_1906,Ville_1716,1878
Ville_1716,Ville_1437,512
Ville_1437,Ville_1625,2155
Ville_1625,Ville_1592,2864
Ville_1592,Ville_1497,543
Ville_1497,Ville_0627,108
Ville_0627,Ville_0785,2108
Ville_0785,Ville_1195,2453
Ville_1195,Ville_0586,1735
Ville_0586,Ville_0131,1185
Ville_0131,Ville_1973,2253
Ville_1973,Ville_1983,462
Ville_1983,Ville_1138,1764
Ville_1138,Ville_1846,1435
Ville_1846,Ville_0905,623
Ville_0905,Ville_0425,1549
Ville_0425,Ville_1246,1555
Ville_1246,Ville_0234,1383
Ville_0234,Ville_0317,466
Ville_0317,Ville_1504,2665
Ville_1504,Ville_1171,928
Ville_1171,Ville_1313,1112
Ville_1313,Ville_1375,2492
Ville_1375,Ville_1364,1435
Ville_1364,Ville_1084,793
Ville_1084,Ville_1408,2874
Ville_1408,Ville_1714,2406
Ville_1714,Ville_0731,2174
Ville_0731,Ville_1348,1256
Ville_1348,Ville_1982,1839
Ville_1982,Ville_0248,2673
Ville_0248,Ville_1630,1094
Ville_1630,Ville_0417,398
Ville_0417,Ville_0333,2186
Ville_0333,Ville_1327,859
Ville_1327,Ville_0903,956
Ville_0903,Ville_0481,1429
Ville_0481,Ville_1191,289
Ville_1191,Ville_0863,2777
Ville_0863,Ville_1501,2183
Ville_1501,Ville_1391,2916
Ville_1391,Ville_0209,65
Ville_0209,Ville_1659,1415
Ville_1659,Ville_0772,2540
Ville_0772,Ville_0344,693
Ville_0344,Ville_0984,1208
Ville_0984,Ville_0016,299
Ville_0016,Ville_0979,1352
Ville_0979,Ville_1233,1996
Ville_1233,Ville_0305,2912
Ville_0305,Ville_1925,1558
Ville_1925,Ville_1108,2258
Ville_1108,Ville_0475,810
Ville_0475,Ville_0500,647
Ville_0500,Ville_1450,2220
Ville_1450,Ville_1864,807
Ville_1864,Ville_0948,1141
Ville_0948,Ville_1760,63
Ville_1760,Ville_1855,2522
Ville_1855,Ville_1315,1366
Ville_1315,Ville_1358,608
Ville_1358,Ville_1221,347
Ville_1221,Ville_0870,1556
Ville_0870,Ville_0607,737
Ville_0607,Ville_0103,1161
Ville_0103,Ville_0647,2014
Ville_0647,Ville_1238,535
Ville_1238,Ville_0888,2250
Ville_0888,Ville_1134,138
Ville_1134,Ville_1421,2573
Ville_1421,Ville_0073,1553
Ville_0073,Ville_1788,1731
Ville_1788,Ville_1040,431
Ville_1040,Ville_0350,630
Ville_0350,Ville_0576,1116
Ville_0576,Ville_0972,316
Ville_0972,Ville_1091,2155
Ville_1091,Ville_0767,2311
Ville_0767,Ville_0947,1566
Ville_0947,Ville_0778,2743
Ville_0778,Ville_1282,478
Ville_1282,Ville_0752,2371
Ville_0752,Ville_1826,1089
Ville_1826,Ville_0706,1218
Ville_0706,Ville_1872,1075
Ville_1872,Ville_1677,1529
Ville_1677,Ville_1774,2996
Ville_1774,Ville_1637,2564
Ville_1637,Ville_1595,1909
Ville_1595,Ville_1296,1804
Ville_1296,Ville_0808,2443
Ville_0808,Ville_1971,130
Ville_1971,Ville_0962,507
Ville_0962,Ville_0238,2360
Ville_0238,Ville_1873,2606
Ville_1873,Ville_0484,2457
Ville_0484,Ville_0541,1566
Ville_0541,Ville_1708,2344
Ville_1708,Ville_0380,2162
Ville_0380,Ville_1250,826
Ville_1250,Ville_1179,1044
Ville_1179,Ville_1700,1726
Ville_1700,Ville_1090,2383
Ville_1090,Ville_0148,160
Ville_0148,Ville_0074,98
Ville_0074,Ville_0254,2240
Ville_0254,Ville_1164,1428
Ville_1164,Ville_1234,1916
Ville_1234,Ville_1196,334
Ville_1196,Ville_0196,1361
Ville_0196,Ville_1464,797
Ville_1464,Ville_0534,2626
Ville_0534,Ville_0395,2937
Ville_0395,Ville_0990,1985
Ville_0990,Ville_0053,1197
Ville_0053,Ville_0513,1919
Ville_0513,Ville_0187,1334
Ville_0187,Ville_1635,1779
Ville_1635,Ville_0986,2766
Ville_0986,Ville_0813,733
Ville_0813,Ville_0186,1090
Ville_0186,Ville_0575,1401
Ville_0575,Ville_0450,549
Ville_0450,Ville_1620,772
Ville_1620,Ville_0289,2242
Ville_0289,Ville_1511,812
Ville_1511,Ville_0595,1328
Ville_0595,Ville_0967,901
Ville_0967,Ville_0653,1110
Ville_0653,Ville_1053,1441
Ville_1053,Ville_1133,1990
Ville_1133,Ville_1402,746
Ville_1402,Ville_1407,392
Ville_1407,Ville_1529,2537
Ville_1529,Ville_1142,1770
Ville_1142,Ville_0542,2094
Ville_0542,Ville_1136,1729
Ville_1136,Ville_1870,1682
Ville_1870,Ville_0809,1359
Ville_0809,Ville_1900,902
Ville_1900,Ville_0499,2936
Ville_0499,Ville_1422,725
Ville_1422,Ville_0451,2299
Ville_0451,Ville_1165,882
Ville_1165,Ville_1960,2267
Ville_1960,Ville_0592,1127
Ville_0592,Ville_0063,2011
Ville_0063,Ville_1602,2729
Ville_1602,Ville_1761,1482
Ville_1761,Ville_0529,600
Ville_0529,Ville_1328,2867
Ville_1328,Ville_1267,1155
Ville_1267,Ville_1323,2986
Ville_1323,Ville_0011,1495
Ville_0011,Ville_1178,1851
Ville_1178,Ville_0615,247
Ville_0615,Ville_0867,2742
Ville_0867,Ville_1279,2125
Ville_1279,Ville_0685,696
Ville_0685,Ville_1719,1004
Ville_1719,Ville_1152,899
Ville_1152,Ville_1675,1389
Ville_1675,Ville_1155,1551
Ville_1155,Ville_0464,768
Ville_0464,Ville_1597,1936
Ville_1597,Ville_0326,2776
Ville_0326,Ville_1389,144
Ville_1389,Ville_1612,985
Ville_1612,Ville_1343,2896
Ville_1343,Ville_1731,284
Ville_1731,Ville_1016,120
Ville_1016,Ville_1078,1034
Ville_1078,Ville_1344,1839
Ville_1344,Ville_1414,1938
Ville_1414,Ville_0666,1552
Ville_0666,Ville_1098,721
Ville_1098,Ville_1792,534
Ville_1792,Ville_0446,1830
Ville_0446,Ville_1127,1578
Ville_1127,Ville_0746,1552
Ville_0746,Ville_0790,168
Ville_0790,Ville_0660,1734
Ville_0660,Ville_1869,869
Ville_1869,Ville_0851,2002
Ville_0851,Ville_1023,1573
Ville_1023,Ville_1277,1886
Ville_1277,Ville_1232,1423
Ville_1232,Ville_0324,822
Ville_0324,Ville_1483,189
Ville_1483,Ville_1966,2572
Ville_1966,Ville_1382,2256
Ville_1382,Ville_0944,322
Ville_0944,Ville_1248,402
Ville_1248,Ville_0388,1491
Ville_0388,Ville_0412,2502
Ville_0412,Ville_0913,2997
Ville_0913,Ville_1173,2675
Ville_1173,Ville_0681,2097
Ville_0681,Ville_0645,2183
Ville_0645,Ville_1832,2084
Ville_1832,Ville_0419,1231
Ville_0419,Ville_1067,2339
Ville_1067,Ville_0019,185
Ville_0019,Ville_0082,1785
Ville_0082,Ville_0507,2432
Ville_0507,Ville_1742,2425
Ville_1742,Ville_1847,335
Ville_1847,Ville_1672,2844
Ville_1672,Ville_0421,1465
Ville_0421,Ville_1190,526
Ville_1190,Ville_0444,158
Ville_0444,Ville_0508,2060
Ville_0508,Ville_1867,2061
Ville_1867,Ville_1772,1928
Ville_1772,Ville_0712,694
Ville_0712,Ville_0728,945
Ville_0728,Ville_0768,1208
Ville_0768,Ville_1062,641
Ville_1062,Ville_1705,253
Ville_1705,Ville_1905,97
Ville_1905,Ville_0452,2405
Ville_0452,Ville_1505,640
Ville_1505,Ville_0771,2788
Ville_0771,Ville_1909,1702
Ville_1909,Ville_0406,429
Ville_0406,Ville_0145,993
Ville_0145,Ville_1923,512
Ville_1923,Ville_1828,2702
Ville_1828,Ville_0044,2089
Ville_0044,Ville_1258,726
Ville_1258,Ville_0629,1799
Ville_0629,Ville_1809,1932
Ville_1809,Ville_1739,527
Ville_1739,Ville_0804,2502
Ville_0804,Ville_0968,1768
Ville_0968,Ville_0953,2421
Ville_0953,Ville_1405,2442
Ville_1405,Ville_1533,2920
Ville_1533,Ville_1385,2239
Ville_1385,Ville_0226,2828
Ville_0226,Ville_1857,419
Ville_1857,Ville_0367,274
Ville_0367,Ville_1531,536
Ville_1531,Ville_1604,1615
Ville_1604,Ville_0430,2602
Ville_0430,Ville_1917,1427
Ville_1917,Ville_1897,2184
Ville_1897,Ville_1029,1380
Ville_1029,Ville_0440,846
Ville_0440,Ville_1988,468
Ville_1988,Ville_0398,1003
Ville_0398,Ville_1674,2123
Ville_1674,Ville_0642,517
Ville_0642,Ville_1950,1429
Ville_1950,Ville_1799,669
Ville_1799,Ville_0024,254
Ville_0024,Ville_1187,1955
Ville_1187,Ville_1577,276
Ville_1577,Ville_0860,2214
Ville_0860,Ville_0389,1864
Ville_0389,Ville_0178,769
Ville_0178,Ville_0993,1619
Ville_0993,Ville_0850,2436
Ville_0850,Ville_1372,2066
Ville_1372,Ville_0330,2345
Ville_0330,Ville_1825,2781
Ville_1825,Ville_0488,2196
Ville_0488,Ville_1097,1697
Ville_1097,Ville_1087,1616
Ville_1087,Ville_0862,2478
Ville_0862,Ville_0934,1778
Ville_0934,Ville_1678,453
Ville_1678,Ville_0087,333
Ville_0087,Ville_0502,1506
Ville_0502,Ville_0963,1902
Ville_0963,Ville_1636,1573
Ville_1636,Ville_1003,2866
Ville_1003,Ville_0023,519
Ville_0023,Ville_1613,1731
Ville_1613,Ville_1507,1422
Ville_1507,Ville_1434,1399
Ville_1434,Ville_0730,2366
Ville_0730,Ville_1566,1217
Ville_1566,Ville_1775,2701
Ville_1775,Ville_1433,2079
Ville_1433,Ville_0511,1064
Ville_0511,Ville_0247,2581
Ville_0247,Ville_0322,1823
Ville_0322,Ville_0064,2561
Ville_0064,Ville_0199,790
Ville_0199,Ville_1231,2216
Ville_1231,Ville_1161,215
Ville_1161,Ville_0346,2435
Ville_0346,Ville_0954,1469
Ville_0954,Ville_1085,2973
Ville_1085,Ville_1609,2301
Ville_1609,Ville_1257,2495
Ville_1257,Ville_1189,1736
Ville_1189,Ville_1069,455
Ville_1069,Ville_0650,2871
Ville_0650,Ville_1626,346
Ville_1626,Ville_1428,652
Ville_1428,Ville_0612,1371
Ville_0612,Ville_0564,2082
Ville_0564,Ville_1261,1962
Ville_1261,Ville_1186,1784
Ville_1186,Ville_1526,2423
Ville_1526,Ville_0427,2579
Ville_0427,Ville_1924,416
Ville_1924,Ville_1224,2074
Ville_1224,Ville_0179,1479
Ville_0179,Ville_0715,1529
Ville_0715,Ville_0506,861
Ville_0506,Ville_1368,2054
Ville_1368,Ville_0473,1804
Ville_0473,Ville_1424,1355
Ville_1424,Ville_0243,287
Ville_0243,Ville_0399,1158
Ville_0399,Ville_1060,1827
Ville_1060,Ville_0106,2923
Ville_0106,Ville_0492,1894
Ville_0492,Ville_1094,1819
Ville_1094,Ville_0152,1048
Ville_0152,Ville_1317,1870
Ville_1317,Ville_1844,2203
Ville_1844,Ville_0004,1527
Ville_0004,Ville_1207,375
Ville_1207,Ville_1567,607
Ville_1567,Ville_0959,224
Ville_0959,Ville_1852,916
Ville_1852,Ville_1484,1028
Ville_1484,Ville_1028,1058
Ville_1028,Ville_1210,1861
Ville_1210,Ville_0994,343
Ville_0994,Ville_0357,2120
Ville_0357,Ville_1709,185
Ville_1709,Ville_1117,330
Ville_1117,Ville_1795,2320
Ville_1795,Ville_0833,1875
Ville_0833,Ville_0057,337
Ville_0057,Ville_1337,2464
Ville_1337,Ville_0996,1238
Ville_0996,Ville_0792,2925
Ville_0792,Ville_1158,2858
Ville_1158,Ville_0255,1674
Ville_0255,Ville_0334,2428
Ville_0334,Ville_1274,2224
Ville_1274,Ville_0386,2589
Ville_0386,Ville_0331,723
Ville_0331,Ville_1721,1112
Ville_1721,Ville_0351,637
Ville_0351,Ville_0271,2835
Ville_0271,Ville_0041,105
Ville_0041,Ville_1216,1179
Ville_1216,Ville_1291,886
Ville_1291,Ville_0786,2056
Ville_0786,Ville_0800,2323
Ville_0800,Ville_1802,2454
Ville_1802,Ville_1863,56
Ville_1863,Ville_0848,1078
Ville_0848,Ville_1520,2774
Ville_1520,Ville_1137,355
Ville_1137,Ville_0641,1944
Ville_0641,Ville_1877,307
Ville_1877,Ville_1811,1438
Ville_1811,Ville_1723,2730
Ville_1723,Ville_1371,1381
Ville_1371,Ville_0293,419
Ville_0293,Ville_1116,1627
Ville_1116,Ville_1623,65
Ville_1623,Ville_0115,685
Ville_0115,Ville_0142,251
Ville_0142,Ville_1059,2119
Ville_1059,Ville_0723,1138
Ville_0723,Ville_1849,2054
Ville_1849,Ville_0489,864
Ville_0489,Ville_0671,2940
Ville_0671,Ville_0050,840
Ville_0050,Ville_0505,118
Ville_0505,Ville_0192,1612
Ville_0192,Ville_0297,2142
Ville_0297,Ville_1355,2155
Ville_1355,Ville_1266,2410
Ville_1266,Ville_1212,1939
Ville_1212,Ville_0093,2925
Ville_0093,Ville_0900,2907
Ville_0900,Ville_0624,1878
Ville_0624,Ville_1990,2260
Ville_1990,Ville_0662,1945
Ville_0662,Ville_0025,316
Ville_0025,Ville_0588,1631
Ville_0588,Ville_1236,475
Ville_1236,Ville_1571,1968
Ville_1571,Ville_0837,2073
Ville_0837,Ville_0869,1335
Ville_0869,Ville_1880,2423
Ville_1880,Ville_1113,1408
Ville_1113,Ville_0801,1657
Ville_0801,Ville_1926,485
Ville_1926,Ville_1361,1649
Ville_1361,Ville_0461,1101
Ville_0461,Ville_1773,780
Ville_1773,Ville_1096,424
Ville_1096,Ville_1281,169
Ville_1281,Ville_0761,2270
Ville_0761,Ville_0463,2741
Ville_0463,Ville_1710,377
Ville_1710,Ville_1038,239
Ville_1038,Ville_0525,114
Ville_0525,Ville_0763,2463
Ville_0763,Ville_0836,2727
Ville_0836,Ville_1054,1691
Ville_1054,Ville_1730,388
Ville_1730,Ville_1409,2603
Ville_1409,Ville_1052,651
Ville_1052,Ville_0249,2016
Ville_0249,Ville_0878,296
Ville_0878,Ville_0725,1216
Ville_0725,Ville_0578,2383
Ville_0578,Ville_1523,2329
Ville_1523,Ville_1781,1037
Ville_1781,Ville_0573,2151
Ville_0573,Ville_1617,2527
Ville_1617,Ville_1558,645
Ville_1558,Ville_1683,783
Ville_1683,Ville_1205,159
Ville_1205,Ville_1896,1481
Ville_1896,Ville_0614,2188
Ville_0614,Ville_1297,2719
Ville_1297,Ville_1820,535
Ville_1820,Ville_1572,1758
Ville_1572,Ville_0655,227
Ville_0655,Ville_0902,2381
Ville_0902,Ville_1083,125
Ville_1083,Ville_1080,2147
Ville_1080,Ville_0432,2274
Ville_0432,Ville_0262,1739
Ville_0262,Ville_1943,2465
Ville_1943,Ville_1032,715
Ville_1032,Ville_1979,1354
Ville_1979,Ville_0013,545
Ville_0013,Ville_0571,2197
Ville_0571,Ville_0039,133
Ville_0039,Ville_1981,2502
Ville_1981,Ville_0927,515
Ville_0927,Ville_1778,1261
Ville_1778,Ville_1366,574
Ville_1366,Ville_0155,1386
Ville_0155,Ville_0364,1949
Ville_0364,Ville_0812,2454
Ville_0812,Ville_1549,425
Ville_1549,Ville_0821,1030
Ville_0821,Ville_0377,245
Ville_0377,Ville_1980,1941
Ville_1980,Ville_1131,850
Ville_1131,Ville_1460,1059
Ville_1460,Ville_1956,2669
Ville_1956,Ville_1503,976
Ville_1503,Ville_1882,2155
Ville_1882,Ville_1440,1722
Ville_1440,Ville_1756,156
Ville_1756,Ville_0941,2587
Ville_0941,Ville_0942,706
Ville_0942,Ville_0722,2980
Ville_0722,Ville_1584,644
Ville_1584,Ville_1833,336
Ville_1833,Ville_1416,2942
Ville_1416,Ville_0374,2367
Ville_0374,Ville_0109,2348
Ville_0109,Ville_0242,1611
Ville_0242,Ville_1837,2459
Ville_1837,Ville_1239,2095
Ville_1239,Ville_1167,457
Ville_1167,Ville_1491,1250
Ville_1491,Ville_0861,2559
Ville_0861,Ville_0717,2273
Ville_0717,Ville_1974,2773
Ville_1974,Ville_1715,2799
Ville_1715,Ville_1180,1191
Ville_1180,Ville_0751,2589
Ville_0751,Ville_1033,1794
Ville_1033,Ville_0884,1692
Ville_0884,Ville_1712,1520
Ville_1712,Ville_0815,502
Ville_0815,Ville_0591,435
Ville_0591,Ville_1339,1087
Ville_1339,Ville_0054,415
Ville_0054,Ville_1395,1343
Ville_1395,Ville_0353,2141
Ville_0353,Ville_1306,2400
Ville_1306,Ville_0890,1337
Ville_0890,Ville_1517,1315
Ville_1517,Ville_1729,349
Ville_1729,Ville_1252,2529
Ville_1252,Ville_0823,1937
Ville_0823,Ville_0040,2368
Ville_0040,Ville_0081,2413
Ville_0081,Ville_1823,1290
Ville_1823,Ville_1606,817
Ville_1606,Ville_1487,1913
Ville_1487,Ville_1073,1875
Ville_1073,Ville_0795,306
Ville_0795,Ville_1701,2003
Ville_1701,Ville_1758,2407
Ville_1758,Ville_1819,637
Ville_1819,Ville_1270,875
Ville_1270,Ville_1564,515
Ville_1564,Ville_0360,2237
Ville_0360,Ville_1658,1780
Ville_1658,Ville_0251,1307
Ville_0251,Ville_0672,2153
Ville_0672,Ville_0416,1186
Ville_0416,Ville_1143,1584
Ville_1143,Ville_1227,336
Ville_1227,Ville_1007,2669
Ville_1007,Ville_1024,2957
Ville_1024,Ville_0445,1335
Ville_0445,Ville_1573,940
Ville_1573,Ville_0961,1856
Ville_0961,Ville_0048,2319
Ville_0048,Ville_1633,1006
Ville_1633,Ville_0992,2045
Ville_0992,Ville_1986,2553
Ville_1986,Ville_0643,2414
Ville_0643,Ville_0244,186
Ville_0244,Ville_0611,2077
Ville_0611,Ville_1650,2452
Ville_1650,Ville_0110,1916
Ville_0110,Ville_0117,2772
Ville_0117,Ville_1638,1224
Ville_1638,Ville_1951,204
Ville_1951,Ville_1101,1306
Ville_1101,Ville_0198,2597
Ville_0198,Ville_0441,1406
Ville_0441,Ville_1350,1924
Ville_1350,Ville_0168,2447
Ville_0168,Ville_1222,949
Ville_1222,Ville_1806,1225
Ville_1806,Ville_1722,818
Ville_1722,Ville_1399,1499
Ville_1399,Ville_0859,2651
Ville_0859,Ville_1284,1080
Ville_1284,Ville_0223,506
Ville_0223,Ville_0060,2215
Ville_0060,Ville_0940,2000
Ville_0940,Ville_0345,779
Ville_0345,Ville_0960,2639
Ville_0960,Ville_0805,2911
Ville_0805,Ville_0151,1499
Ville_0151,Ville_0909,2495
Ville_0909,Ville_1425,808
Ville_1425,Ville_1570,142
Ville_1570,Ville_1508,2790
Ville_1508,Ville_0122,457
Ville_0122,Ville_1959,1990
Ville_1959,Ville_0710,1609
Ville_0710,Ville_0819,1727
Ville_0819,Ville_0415,1589
Ville_0415,Ville_0831,1305
Ville_0831,Ville_0037,299
Ville_0037,Ville_0648,1778
Ville_0648,Ville_1854,2271
Ville_1854,Ville_0422,1405
Ville_0422,Ville_0649,877
Ville_0649,Ville_0856,1818
Ville_0856,Ville_1112,1254
Ville_1112,Ville_0164,2094
Ville_0164,Ville_1215,2930
Ville_1215,Ville_1369,1032
Ville_1369,Ville_0853,2112
Ville_0853,Ville_1462,144
Ville_1462,Ville_0283,1431
Ville_0283,Ville_1198,430
Ville_1198,Ville_1816,2848
Ville_1816,Ville_1699,60
Ville_1699,Ville_1469,2738
Ville_1469,Ville_1955,1566
Ville_1955,Ville_0887,790
Ville_0887,Ville_1733,505
Ville_1733,Ville_0401,2738
Ville_0401,Ville_0589,2982
Ville_0589,Ville_1213,2797
Ville_1213,Ville_1254,1504
Ville_1254,Ville_0047,2682
Ville_0047,Ville_0880,1387
Ville_0880,Ville_0043,715
Ville_0043,Ville_0413,1795
Ville_0413,Ville_1043,851
Ville_1043,Ville_0378,2751
Ville_0378,Ville_1092,1879
Ville_1092,Ville_0626,2004
Ville_0626,Ville_0574,372
Ville_0574,Ville_0991,1993
Ville_0991,Ville_1810,2029
Ville_1810,Ville_1197,1462
Ville_1197,Ville_1492,2276
Ville_1492,Ville_1124,2928
Ville_1124,Ville_1370,703
Ville_1370,Ville_0118,857
Ville_0118,Ville_0030,2674
Ville_0030,Ville_0998,1549
Ville_0998,Ville_1686,240
Ville_1686,Ville_1601,2961
Ville_1601,Ville_0635,2155
Ville_0635,Ville_0504,2354
Ville_0504,Ville_0537,319
Ville_0537,Ville_0286,2259
Ville_0286,Ville_0328,209
Ville_0328,Ville_1851,2328
Ville_1851,Ville_1153,1229
Ville_1153,Ville_1782,1158
Ville_1782,Ville_0547,2686
Ville_0547,Ville_1264,2536
Ville_1264,Ville_0536,406
Ville_0536,Ville_1997,429
Ville_1997,Ville_1743,916
Ville_1743,Ville_0711,1101
Ville_0711,Ville_0638,924
Ville_0638,Ville_1938,2808
Ville_1938,Ville_1074,1567
Ville_1074,Ville_0159,2522
Ville_0159,Ville_1749,112
Ville_1749,Ville_0784,993
Ville_0784,Ville_0599,434
Ville_0599,Ville_1263,1673
Ville_1263,Ville_0910,765
Ville_0910,Ville_1718,2407
Ville_1718,Ville_1707,2117
Ville_1707,Ville_1791,224
Ville_1791,Ville_1367,426
Ville_1367,Ville_1583,964
Ville_1583,Ville_1219,2524
Ville_1219,Ville_1706,2172
Ville_1706,Ville_0136,855
Ville_0136,Ville_0931,2582
Ville_0931,Ville_1914,1581
Ville_1914,Ville_1776,644
Ville_1776,Ville_1563,658
Ville_1563,Ville_1228,2569
Ville_1228,Ville_1836,103
Ville_1836,Ville_1953,962
Ville_1953,Ville_1401,2109
Ville_1401,Ville_0292,734
Ville_0292,Ville_1936,345
Ville_1936,Ville_0841,2404
Ville_0841,Ville_0166,206
Ville_0166,Ville_1326,1856
Ville_1326,Ville_1994,1536
Ville_1994,Ville_1752,1245
Ville_1752,Ville_1915,2284
Ville_1915,Ville_0052,2550
Ville_0052,Ville_0133,1205
Ville_0133,Ville_1516,144
Ville_1516,Ville_0480,2569
Ville_0480,Ville_0183,2408
Ville_0183,Ville_0045,1736
Ville_0045,Ville_1480,2065
Ville_1480,Ville_1200,1197
Ville_1200,Ville_0503,2415
Ville_0503,Ville_1431,1508
Ville_1431,Ville_1423,723
Ville_1423,Ville_1292,1286
Ville_1292,Ville_0600,116
Ville_0600,Ville_0066,2686
Ville_0066,Ville_0858,2972
Ville_0858,Ville_0012,1345
Ville_0012,Ville_0806,2834
Ville_0806,Ville_0017,2190
Ville_0017,Ville_0090,252
Ville_0090,Ville_0533,1768
Ville_0533,Ville_1439,727
Ville_1439,Ville_0084,2779
Ville_0084,Ville_1991,1954
Ville_1991,Ville_0105,2886
Ville_0105,Ville_1853,510
Ville_1853,Ville_0683,206
Ville_0683,Ville_1793,392
Ville_1793,Ville_0587,1964
Ville_0587,Ville_0454,1941
Ville_0454,Ville_0051,1707
Ville_0051,Ville_0220,2588
Ville_0220,Ville_0280,2961
Ville_0280,Ville_1103,778
Ville_1103,Ville_1406,2609
Ville_1406,Ville_0530,2982
Ville_0530,Ville_0323,2435
Ville_0323,Ville_1356,2097
Ville_1356,Ville_1616,2998
Ville_1616,Ville_1670,2024
Ville_1670,Ville_1967,1841
Ville_1967,Ville_0718,1969
Ville_0718,Ville_1490,148
Ville_1490,Ville_0210,2475
Ville_0210,Ville_1445,2389
Ville_1445,Ville_0284,1341
Ville_0284,Ville_1713,1406
Ville_1713,Ville_0818,416
Ville_0818,Ville_1586,510
Ville_1586,Ville_0376,1281
Ville_0376,Ville_0807,464
Ville_0807,Ville_1106,1740
Ville_1106,Ville_0135,328
Ville_0135,Ville_1247,2347
Ville_1247,Ville_1608,907
Ville_1608,Ville_0553,229
Ville_0553,Ville_1932,1390
Ville_1932,Ville_0303,687
Ville_0303,Ville_0235,2836
Ville_0235,Ville_0211,781
Ville_0211,Ville_0673,750
Ville_0673,Ville_0368,1288
Ville_0368,Ville_0780,774
Ville_0780,Ville_0704,89
Ville_0704,Ville_1789,152
Ville_1789,Ville_1065,2678
Ville_1065,Ville_0469,1349
Ville_0469,Ville_1640,2399
Ville_1640,Ville_1985,120
Ville_1985,Ville_0825,1122
Ville_0825,Ville_0914,2714
Ville_0914,Ville_0321,2641
Ville_0321,Ville_1451,688
Ville_1451,Ville_1624,312
Ville_1624,Ville_1695,60
Ville_1695,Ville_0420,708
Ville_0420,Ville_1554,441
Ville_1554,Ville_1614,2509
Ville_1614,Ville_0065,1569
Ville_0065,Ville_0891,140
Ville_0891,Ville_1346,977
Ville_1346,Ville_1075,1340
Ville_1075,Ville_1430,2028
Ville_1430,Ville_1907,389
Ville_1907,Ville_1095,1567
Ville_1095,Ville_0495,1845
Ville_0495,Ville_0339,639
Ville_0339,Ville_1668,943
Ville_1668,Ville_1256,2222
Ville_1256,Ville_0129,2545
Ville_0129,Ville_1293,109
Ville_1293,Ville_1308,1426
Ville_1308,Ville_0411,1976
Ville_0411,Ville_0793,986
Ville_0793,Ville_1203,1049
Ville_1203,Ville_0453,2449
Ville_0453,Ville_0479,1033
Ville_0479,Ville_1109,1311
Ville_1109,Ville_1770,124
Ville_1770,Ville_0606,1138
Ville_0606,Ville_1989,2685
Ville_1989,Ville_1299,744
Ville_1299,Ville_1648,2617
Ville_1648,Ville_0176,474
Ville_0176,Ville_1383,1119
Ville_1383,Ville_0559,1973
Ville_0559,Ville_1790,1119
Ville_1790,Ville_0171,1038
Ville_0171,Ville_1544,2182
Ville_1544,Ville_1322,1809
Ville_1322,Ville_0158,1577
Ville_0158,Ville_1804,1636
Ville_1804,Ville_0727,1104
Ville_0727,Ville_0173,58
Ville_0173,Ville_1301,924
Ville_1301,Ville_0759,717
Ville_0759,Ville_0583,2268
Ville_0583,Ville_1553,1058
Ville_1553,Ville_0625,1023
Ville_0625,Ville_1547,692
Ville_1547,Ville_1798,1609
Ville_1798,Ville_0486,1534
Ville_0486,Ville_0687,2580
Ville_0687,Ville_1559,1279
Ville_1559,Ville_0003,382
Ville_0003,Ville_0749,2254
Ville_0749,Ville_0414,586
Ville_0414,Ville_1330,803
Ville_1330,Ville_0616,842
Ville_0616,Ville_0402,164
Ville_0402,Ville_0337,726
Ville_0337,Ville_1336,1160
Ville_1336,Ville_0598,104
Ville_0598,Ville_0341,810
Ville_0341,Ville_1342,1961
Ville_1342,Ville_0791,1338
Ville_0791,Ville_0494,770
Ville_0494,Ville_0354,2696
Ville_0354,Ville_1543,456
Ville_1543,Ville_0610,1051
Ville_0610,Ville_0698,2857
Ville_0698,Ville_0970,1314
Ville_0970,Ville_1589,1565
Ville_1589,Ville_0802,757
Ville_0802,Ville_0126,931
Ville_0126,Ville_1954,196
Ville_1954,Ville_0130,2542
Ville_0130,Ville_0689,1758
Ville_0689,Ville_1276,119
Ville_1276,Ville_1596,494
Ville_1596,Ville_0936,1621
Ville_0936,Ville_0552,2066
Ville_0552,Ville_0302,2848
Ville_0302,Ville_1175,978
Ville_1175,Ville_1734,982
Ville_1734,Ville_1797,54
Ville_1797,Ville_1975,336
Ville_1975,Ville_0519,2403
Ville_0519,Ville_1510,2731
Ville_1510,Ville_0896,2901
Ville_0896,Ville_0111,1192
Ville_0111,Ville_1403,2257
Ville_1403,Ville_0347,2721
Ville_0347,Ville_1522,953
Ville_1522,Ville_0032,1061
Ville_0032,Ville_1373,226
Ville_1373,Ville_0372,2907
Ville_0372,Ville_0716,1709
Ville_0716,Ville_0212,431
Ville_0212,Ville_1794,368
Ville_1794,Ville_0694,617
Ville_0694,Ville_1139,1396
Ville_1139,Ville_0827,1321
Ville_0827,Ville_0276,653
Ville_0276,Ville_0745,2067
Ville_0745,Ville_0091,675
Ville_0091,Ville_1286,556
Ville_1286,Ville_0092,1548
Ville_0092,Ville_0147,1238
Ville_0147,Ville_0256,2018
Ville_0256,Ville_1030,2136
Ville_1030,Ville_0049,2291
Ville_0049,Ville_1208,955
Ville_1208,Ville_0619,328
Ville_0619,Ville_0274,284
Ville_0274,Ville_1696,1279
Ville_1696,Ville_0383,743
Ville_0383,Ville_1767,1502
Ville_1767,Ville_1762,1643
Ville_1762,Ville_0018,2248
Ville_0018,Ville_0915,1050
Ville_0915,Ville_0670,2120
Ville_0670,Ville_0281,643
Ville_0281,Ville_0160,2268
Ville_0160,Ville_0820,2978
Ville_0820,Ville_0918,2896
Ville_0918,Ville_0497,1265
Ville_0497,Ville_0866,1238
Ville_0866,Ville_1861,2432
Ville_1861,Ville_0366,362
Ville_0366,Ville_0144,2503
Ville_0144,Ville_1702,616
Ville_1702,Ville_0449,2660
Ville_0449,Ville_0871,703
Ville_0871,Ville_1669,2902
Ville_1669,Ville_0101,2619
Ville_0101,Ville_0325,1599
Ville_0325,Ville_1220,2498
Ville_1220,Ville_0987,1078
Ville_0987,Ville_0059,300
Ville_0059,Ville_1726,2150
Ville_1726,Ville_0067,472
Ville_0067,Ville_1017,1545
Ville_1017,Ville_1253,371
Ville_1253,Ville_1454,2702
Ville_1454,Ville_1160,199
Ville_1160,Ville_0632,2962
Ville_0632,Ville_0114,1791
Ville_0114,Ville_0163,2342
Ville_0163,Ville_1461,1002
Ville_1461,Ville_0456,289
Ville_0456,Ville_1581,2036
Ville_1581,Ville_0849,2427
Ville_0849,Ville_1685,1053
Ville_1685,Ville_1838,2950
Ville_1838,Ville_0088,2814
Ville_0088,Ville_0455,269
Ville_0455,Ville_1357,994
Ville_1357,Ville_0708,2743
Ville_0708,Ville_0779,2380
Ville_0779,Ville_1132,1641
Ville_1132,Ville_1141,972
Ville_1141,Ville_1521,920
Ville_1521,Ville_0597,2003
Ville_0597,Ville_0483,2394
Ville_0483,Ville_0743,1021
Ville_0743,Ville_1154,2080
Ville_1154,Ville_0005,2553
Ville_0005,Ville_1605,2038
Ville_1605,Ville_0227,158
Ville_0227,Ville_1015,1311
Ville_1015,Ville_1594,2101
Ville_1594,Ville_1347,581
Ville_1347,Ville_1082,1433
Ville_1082,Ville_1211,1867
Ville_1211,Ville_0201,2405
Ville_0201,Ville_1631,702
Ville_1631,Ville_1014,1631
Ville_1014,Ville_0983,2976
Ville_0983,Ville_0679,1798
Ville_0679,Ville_1218,1380
Ville_1218,Ville_0311,2767
Ville_0311,Ville_1048,748
Ville_1048,Ville_0079,1993
Ville_0079,Ville_0735,2563
Ville_0735,Ville_0116,1317
Ville_0116,Ville_1615,1698
Ville_1615,Ville_0538,1236
Ville_0538,Ville_1801,206
Ville_1801,Ville_1122,1715
Ville_1122,Ville_0657,2930
Ville_0657,Ville_1519,1803
Ville_1519,Ville_0978,2007
Ville_0978,Ville_1290,499
Ville_1290,Ville_0516,63
Ville_0516,Ville_1829,1616
Ville_1829,Ville_0393,1277
Ville_0393,Ville_1066,2272
Ville_1066,Ville_0602,2986
Ville_0602,Ville_1192,965
Ville_1192,Ville_0556,305
Ville_0556,Ville_0022,1045
Ville_0022,Ville_1415,1963
Ville_1415,Ville_1930,728
Ville_1930,Ville_0977,454
Ville_0977,Ville_1068,1254
Ville_1068,Ville_0195,1461
Ville_0195,Ville_0472,2748
Ville_0472,Ville_1894,2884
Ville_1894,Ville_1588,560
Ville_1588,Ville_0428,2999
Ville_0428,Ville_0137,2906
Ville_0137,Ville_1569,1042
Ville_1569,Ville_0787,960
Ville_0787,Ville_0570,1891
Ville_0570,Ville_0177,929
Ville_0177,Ville_1459,1682
Ville_1459,Ville_0298,2284
Ville_0298,Ville_1737,2731
Ville_1737,Ville_0754,2831
Ville_0754,Ville_0686,472
Ville_0686,Ville_1201,2173
Ville_1201,Ville_1183,2519
Ville_1183,Ville_1876,2274
Ville_1876,Ville_1704,257
Ville_1704,Ville_0125,1453
Ville_0125,Ville_1534,2105
Ville_1534,Ville_1260,992
Ville_1260,Ville_1002,176
Ville_1002,Ville_0834,2112
Ville_0834,Ville_1538,1774
Ville_1538,Ville_1156,140
Ville_1156,Ville_1813,1247
Ville_1813,Ville_1128,1852
Ville_1128,Ville_1992,2206
Ville_1992,Ville_1070,2606
Ville_1070,Ville_1535,1035
Ville_1535,Ville_0608,1618
Ville_0608,Ville_0219,2371
Ville_0219,Ville_0362,2299
Ville_0362,Ville_0157,2594
Ville_0157,Ville_1646,2191
Ville_1646,Ville_0312,1868
Ville_0312,Ville_0665,612
Ville_0665,Ville_1952,2971
Ville_1952,Ville_0946,2023
Ville_0946,Ville_0026,2747
Ville_0026,Ville_0788,1732
Ville_0788,Ville_0002,2393
Ville_0002,Ville_0738,1033
Ville_0738,Ville_0709,1560
Ville_0709,Ville_1868,1444
Ville_1868,Ville_0661,498
Ville_0661,Ville_0621,2979
Ville_0621,Ville_1842,2809
Ville_1842,Ville_0214,2792
Ville_0214,Ville_1785,948
Ville_1785,Ville_1404,440
Ville_1404,Ville_0120,456
Ville_0120,Ville_0965,1645
Ville_0965,Ville_1740,1581
Ville_1740,Ville_1329,1004
Ville_1329,Ville_0515,1658
Ville_0515,Ville_0894,1094
Ville_0894,Ville_1962,1507
Ville_1962,Ville_1169,2838
Ville_1169,Ville_1047,92
Ville_1047,Ville_1949,1127
Ville_1949,Ville_0639,2713
Ville_0639,Ville_1918,1579
Ville_1918,Ville_1071,1784
Ville_1071,Ville_1676,1829
Ville_1676,Ville_1473,1055
Ville_1473,Ville_0753,1252
Ville_0753,Ville_1320,1264
Ville_1320,Ville_1673,2655
Ville_1673,Ville_1006,1654
Ville_1006,Ville_0551,179
Ville_0551,Ville_0056,1889
Ville_0056,Ville_1551,700
Ville_1551,Ville_1307,2838
Ville_1307,Ville_1041,1184
Ville_1041,Ville_1349,1759
Ville_1349,Ville_0543,1474
Ville_0543,Ville_0774,1530
Ville_0774,Ville_0423,2252
Ville_0423,Ville_0408,2577
Ville_0408,Ville_0524,683
Ville_0524,Ville_0460,1308
Ville_0460,Ville_1241,1753
Ville_1241,Ville_0882,1971
Ville_0882,Ville_0732,2115
Ville_0732,Ville_0724,164
Ville_0724,Ville_1688,1495
Ville_1688,Ville_1338,1845
Ville_1338,Ville_1245,582
Ville_1245,Ville_1050,166
Ville_1050,Ville_0692,1908
Ville_0692,Ville_1548,731
Ville_1548,Ville_1934,1955
Ville_1934,Ville_0811,1701
Ville_0811,Ville_0407,420
Ville_0407,Ville_0221,1951
Ville_0221,Ville_0676,607
Ville_0676,Ville_0747,1982
Ville_0747,Ville_0027,1917
Ville_0027,Ville_0520,288
Ville_0520,Ville_1283,1943
Ville_1283,Ville_1644,638
Ville_1644,Ville_1181,2027
Ville_1181,Ville_1110,1911
Ville_1110,Ville_1690,1622
Ville_1690,Ville_0181,1069
Ville_0181,Ville_1294,1865
Ville_1294,Ville_0169,364
Ville_0169,Ville_0783,1934
Ville_0783,Ville_0068,1747
Ville_0068,Ville_0640,2212
Ville_0640,Ville_1600,2805
Ville_1600,Ville_1184,279
Ville_1184,Ville_1845,441
Ville_1845,Ville_0839,406
Ville_0839,Ville_0204,2843
Ville_0204,Ville_1249,443
Ville_1249,Ville_1316,737
Ville_1316,Ville_0437,358
Ville_0437,Ville_0939,1331
Ville_0939,Ville_0055,424
Ville_0055,Ville_0879,2930
Ville_0879,Ville_0567,327
Ville_0567,Ville_0184,2938
Ville_0184,Ville_0381,374
Ville_0381,Ville_1199,952
Ville_1199,Ville_1272,1929
Ville_1272,Ville_1530,1008
Ville_1530,Ville_0928,2662
Ville_0928,Ville_1427,59
Ville_1427,Ville_1922,646
Ville_1922,Ville_1545,720
Ville_1545,Ville_1984,2039
Ville_1984,Ville_1376,545
Ville_1376,Ville_1230,388
Ville_1230,Ville_1259,1926
Ville_1259,Ville_0734,2973
Ville_0734,Ville_1866,1250
Ville_1866,Ville_0370,324
Ville_0370,Ville_1360,580
Ville_1360,Ville_0577,641
Ville_0577,Ville_1057,1342
Ville_1057,Ville_0693,758
Ville_0693,Ville_1500,2351
Ville_1500,Ville_1237,784
Ville_1237,Ville_0907,2957
Ville_0907,Ville_1803,2794
Ville_1803,Ville_0097,2273
Ville_0097,Ville_1345,2279
Ville_1345,Ville_1393,2871
Ville_1393,Ville_0320,159
Ville_0320,Ville_1039,1151
Ville_1039,Ville_1413,2696
Ville_1413,Ville_1666,686
Ville_1666,Ville_1958,2678
Ville_1958,Ville_0514,1431
Ville_0514,Ville_0156,1636
Ville_0156,Ville_1411,554
Ville_1411,Ville_1021,2475
Ville_1021,Ville_0182,2387
Ville_0182,Ville_0272,2448
Ville_0272,Ville_1875,746
Ville_1875,Ville_0080,2950
Ville_0080,Ville_1374,216
Ville_1374,Ville_0926,967
Ville_0926,Ville_1660,484
Ville_1660,Ville_1720,927
Ville_1720,Ville_1311,2891
Ville_1311,Ville_0361,1149
Ville_0361,Ville_0259,1788
Ville_0259,Ville_1314,2243
Ville_1314,Ville_0886,398
Ville_0886,Ville_1046,906
Ville_1046,Ville_0478,2043
Ville_0478,Ville_0299,1671
Ville_0299,Ville_1009,441
Ville_1009,Ville_1325,2895
Ville_1325,Ville_1449,2218
Ville_1449,Ville_0435,1512
Ville_0435,Ville_1603,1155
Ville_1603,Ville_0773,2407
Ville_0773,Ville_1651,155
Ville_1651,Ville_1968,2486
Ville_1968,Ville_1010,1675
Ville_1010,Ville_0997,1176
Ville_0997,Ville_0375,504
Ville_0375,Ville_1796,2838
Ville_1796,Ville_1824,2526
Ville_1824,Ville_0075,2070
Ville_0075,Ville_1591,1621
Ville_1591,Ville_0438,2964
Ville_0438,Ville_1831,2663
Ville_1831,Ville_0943,1263
Ville_0943,Ville_1805,1948
Ville_1805,Ville_1472,2836
Ville_1472,Ville_1871,2055
Ville_1871,Ville_0257,1438
Ville_0257,Ville_0180,2989
Ville_0180,Ville_1843,1914
Ville_1843,Ville_1515,1329
Ville_1515,Ville_1243,220
Ville_1243,Ville_1335,699
Ville_1335,Ville_1026,1761
Ville_1026,Ville_1969,2453
Ville_1969,Ville_1174,859
Ville_1174,Ville_0846,352
Ville_0846,Ville_1649,1762
Ville_1649,Ville_0465,2936
Ville_0465,Ville_0912,759
Ville_0912,Ville_1787,2956
Ville_1787,Ville_1750,1955
Ville_1750,Ville_0207,1992
Ville_0207,Ville_0314,2926
Ville_0314,Ville_0582,414
Ville_0582,Ville_0332,1685
Ville_0332,Ville_1965,1372
Ville_1965,Ville_0881,1889
Ville_0881,Ville_0348,2005
Ville_0348,Ville_1129,1789
Ville_1129,Ville_0382,2862
Ville_0382,Ville_0355,1579
Ville_0355,Ville_1079,734
Ville_1079,Ville_0215,853
Ville_0215,Ville_0892,1009
Ville_0892,Ville_1766,2628
Ville_1766,Ville_1585,1727
Ville_1585,Ville_1619,1121
Ville_1619,Ville_1271,2845
Ville_1271,Ville_1753,661
Ville_1753,Ville_1908,2287
Ville_1908,Ville_0434,2863
Ville_0434,Ville_1755,1401
Ville_1755,Ville_1176,111
Ville_1176,Ville_0766,1941
Ville_0766,Ville_0329,2014
Ville_0329,Ville_1185,1411
Ville_1185,Ville_0358,1603
Ville_0358,Ville_0316,1263
Ville_0316,Ville_0260,2902
Ville_0260,Ville_1177,2492
Ville_1177,Ville_1076,2584
Ville_1076,Ville_1679,2410
Ville_1679,Ville_1587,233
Ville_1587,Ville_0631,1143
Ville_0631,Ville_0124,1191
Ville_0124,Ville_1929,2631
Ville_1929,Ville_1642,2034
Ville_1642,Ville_0279,909
Ville_0279,Ville_0442,1066
Ville_0442,Ville_1135,1512
Ville_1135,Ville_1429,2469
Ville_1429,Ville_0246,1024
Ville_0246,Ville_0976,1672
Ville_0976,Ville_1157,1497
Ville_1157,Ville_0545,2731
Ville_0545,Ville_0138,2194
Ville_0138,Ville_1634,1710
Ville_1634,Ville_1285,786
Ville_1285,Ville_1746,1746
Ville_1746,Ville_1223,2131
Ville_1223,Ville_0922,332
Ville_0922,Ville_1771,2717
Ville_1771,Ville_1800,2018
Ville_1800,Ville_1561,577
Ville_1561,Ville_0925,2502
Ville_0925,Ville_1387,764
Ville_1387,Ville_1488,345
Ville_1488,Ville_0933,432
Ville_0933,Ville_0854,592
Ville_0854,Ville_0190,1704
Ville_0190,Ville_0336,1606
Ville_0336,Ville_0885,2533
Ville_0885,Ville_0100,92
Ville_0100,Ville_0009,1774
Ville_0009,Ville_0899,2546
Ville_0899,Ville_1086,1746
Ville_1086,Ville_0742,1392
Ville_0742,Ville_0695,2941
Ville_0695,Ville_0459,2234
Ville_0459,Ville_1061,2670
Ville_1061,Ville_1381,2154
Ville_1381,Ville_0523,168
Ville_0523,Ville_1099,1921
Ville_1099,Ville_1540,1647
Ville_1540,Ville_0522,994
Ville_0522,Ville_1386,1000
Ville_1386,Ville_0270,1912
Ville_0270,Ville_0733,1361
Ville_0733,Ville_1194,2493
Ville_1194,Ville_1747,549
Ville_1747,Ville_0789,1494
Ville_0789,Ville_1818,1424
Ville_1818,Ville_1303,1955
Ville_1303,Ville_1354,565
Ville_1354,Ville_1692,84
Ville_1692,Ville_1477,2559
Ville_1477,Ville_1977,1793
Ville_1977,Ville_1927,1727
Ville_1927,Ville_1072,2153
Ville_1072,Ville_1582,2410
Ville_1582,Ville_1957,1847
Ville_1957,Ville_1898,1078
Ville_1898,Ville_0119,128
Ville_0119,Ville_0569,421
Ville_0569,Ville_0549,230
Ville_0549,Ville_0403,166
Ville_0403,Ville_0487,1184
Ville_0487,Ville_0555,1927
Ville_0555,Ville_0099,245
Ville_0099,Ville_1397,1404
Ville_1397,Ville_1732,1532
Ville_1732,Ville_0799,1807
Ville_0799,Ville_1005,1618
Ville_1005,Ville_1163,2407
Ville_1163,Ville_0310,1878
Ville_0310,Ville_1539,1975
Ville_1539,Ville_1765,973
Ville_1765,Ville_1993,766
Ville_1993,Ville_0046,1020
Ville_0046,Ville_1438,992
Ville_1438,Ville_1011,1508
Ville_1011,Ville_0268,992
Ville_0268,Ville_0273,1064
Ville_0273,Ville_0015,2266
Ville_0015,Ville_1426,1336
Ville_1426,Ville_0566,1017
Ville_0566,Ville_1513,246
Ville_1513,Ville_1920,1804
Ville_1920,Ville_1858,625
Ville_1858,Ville_1889,2115
Ville_1889,Ville_0236,718
Ville_0236,Ville_1840,744
Ville_1840,Ville_0042,1349
Ville_0042,Ville_1362,1147
Ville_1362,Ville_0678,155
Ville_0678,Ville_0062,955
Ville_0062,Ville_1119,818
Ville_1119,Ville_0458,1325
Ville_0458,Ville_0509,1253
Ville_0509,Ville_0776,2889
Ville_0776,Ville_1400,1432
Ville_1400,Ville_0154,1582
Ville_0154,Ville_0623,1969
Ville_0623,Ville_0061,2520
Ville_0061,Ville_0873,801
Ville_0873,Ville_0540,1440
Ville_0540,Ville_0982,419
Ville_0982,Ville_0340,1767
Ville_0340,Ville_1298,1380
Ville_1298,Ville_1146,279
Ville_1146,Ville_1687,1891
Ville_1687,Ville_0206,2874
Ville_0206,Ville_0596,1131
Ville_0596,Ville_2000,890
Ville_2000,Ville_1493,1622
Ville_1493,Ville_0462,618
Ville_0462,Ville_0269,672
Ville_0269,Ville_0950,1243
Ville_0950,Ville_1579,1309
Ville_1579,Ville_0565,1416
Ville_0565,Ville_0476,1511
Ville_0476,Ville_1834,2712
Ville_1834,Ville_1008,910
Ville_1008,Ville_0966,554
Ville_0966,Ville_0554,801
Ville_0554,Ville_1565,1921
Ville_1565,Ville_0999,979
Ville_0999,Ville_0929,1207
Ville_0929,Ville_1475,1233
Ville_1475,Ville_0956,1837
Ville_0956,Ville_1334,730
Ville_1334,Ville_1848,1901
Ville_1848,Ville_1892,1977
Ville_1892,Ville_0501,2853
Ville_0501,Ville_1904,1082
Ville_1904,Ville_0668,978
Ville_0668,Ville_0261,1727
Ville_0261,Ville_1321,1750
Ville_1321,Ville_1911,1335
Ville_1911,Ville_1089,734
Ville_1089,Ville_0185,2177
Ville_0185,Ville_0531,1711
Ville_0531,Ville_1226,2341
Ville_1226,Ville_1976,1862
Ville_1976,Ville_1275,1843
Ville_1275,Ville_0697,613
Ville_0697,Ville_1144,1760
Ville_1144,Ville_1995,473
Ville_1995,Ville_0308,2178
Ville_0308,Ville_1479,278
Ville_1479,Ville_0757,2817
Ville_0757,Ville_0477,398
Ville_0477,Ville_1476,300
Ville_1476,Ville_0699,1585
Ville_0699,Ville_0315,1849
Ville_0315,Ville_0755,2532
Ville_0755,Ville_1879,1482
Ville_1879,Ville_1182,637
Ville_1182,Ville_1126,157
Ville_1126,Ville_0830,2251
Ville_0830,Ville_1509,1470
Ville_1509,Ville_1025,2430
Ville_1025,Ville_1827,1463
Ville_1827,Ville_1377,1257
Ville_1377,Ville_0123,1652
Ville_0123,Ville_1188,745
Ville_1188,Ville_1574,695
Ville_1574,Ville_1481,448
Ville_1481,Ville_0072,2548
Ville_0072,Ville_1748,2298
Ville_1748,Ville_0669,1702
Ville_0669,Ville_0021,771
Ville_0021,Ville_0369,1877
Ville_0369,Ville_0904,2990
Ville_0904,Ville_1447,170
Ville_1447,Ville_0161,1578
Ville_0161,Ville_1478,203
Ville_1478,Ville_1494,2104
Ville_1494,Ville_1865,739
Ville_1865,Ville_1647,2579
Ville_1647,Ville_1641,510
Ville_1641,Ville_1665,909
Ville_1665,Ville_0189,577
Ville_0189,Ville_1394,1062
Ville_1394,Ville_0058,2623
Ville_0058,Ville_0250,1947
Ville_0250,Ville_1310,802
Ville_1310,Ville_0646,193
Ville_0646,Ville_0705,558
Ville_0705,Ville_0690,1841
Ville_0690,Ville_0921,781
Ville_0921,Ville_0296,1230
Ville_0296,Ville_0539,478
Ville_0539,Ville_1456,2068
Ville_1456,Ville_1485,1778
Ville_1485,Ville_1759,682
Ville_1759,Ville_0141,1292
Ville_0141,Ville_1532,1767
Ville_1532,Ville_0385,2799
Ville_0385,Ville_1891,2377
Ville_1891,Ville_1694,2796
Ville_1694,Ville_0680,2185
Ville_0680,Ville_0844,2338
Ville_0844,Ville_0700,2206
Ville_0700,Ville_0036,1052
Ville_0036,Ville_1471,1714
Ville_1471,Ville_0193,1656
Ville_0193,Ville_0108,2296
Ville_0108,Ville_0630,2438
Ville_0630,Ville_0034,2023
Ville_0034,Ville_0225,1740
Ville_0225,Ville_0720,2324
Ville_0720,Ville_0684,2350
Ville_0684,Ville_1784,1966
Ville_1784,Ville_1452,504
Ville_1452,Ville_0756,285
Ville_1976,Ville_1088,520
Ville_1184,Ville_0671,1297
Ville_0597,Ville_1932,1879
Ville_0042,Ville_0353,1205
Ville_1150,Ville_0496,1689
Ville_0428,Ville_1650,1490
Ville_0424,Ville_0040,1282
Ville_1952,Ville_0393,852
Ville_0656,Ville_0024,2638
Ville_0041,Ville_0145,1054
Ville_0082,Ville_1004,1506
Ville_0066,Ville_0431,2857
Ville_1932,Ville_0387,2513
Ville_1068,Ville_1261,1534
Ville_0212,Ville_0728,1102
Ville_1531,Ville_0628,1648
Ville_0847,Ville_0735,1456
Ville_0669,Ville_1146,2546
Ville_1065,Ville_1059,2401
Ville_1279,Ville_0239,2448
Ville_1727,Ville_1206,862
Ville_1391,Ville_1984,1788
Ville_0132,Ville_1982,2067
Ville_0322,Ville_0536,2662
Ville_1859,Ville_0577,151
Ville_1462,Ville_1504,89
Ville_1676,Ville_1184,1728
Ville_1287,Ville_0669,719
Ville_1057,Ville_1094,1272
Ville_1191,Ville_1890,2808
Ville_0189,Ville_0419,739
Ville_0152,Ville_1680,1667
Ville_1872,Ville_0425,2951
Ville_1350,Ville_1877,374
Ville_0586,Ville_1432,1153
Ville_1253,Ville_1829,1740
Ville_0252,Ville_1089,794
Ville_1159,Ville_0697,2682
Ville_0653,Ville_1026,968
Ville_1510,Ville_1031,1751
Ville_0302,Ville_0797,1516
Ville_0481,Ville_1075,1626
Ville_0787,Ville_1038,1350
Ville_1204,Ville_1922,702
Ville_0590,Ville_1262,1477
Ville_0948,Ville_1496,2747
Ville_1102,Ville_1328,574
Ville_0549,Ville_1658,50
Ville_0333,Ville_0628,1753
Ville_1976,Ville_1337,115
Ville_0836,Ville_1510,895
Ville_0187,Ville_0129,2131
Ville_1995,Ville_0100,1998
Ville_1919,Ville_0170,1719
Ville_1918,Ville_0227,2597
Ville_0980,Ville_1428,1482
Ville_1167,Ville_0348,895
Ville_0231,Ville_0977,2533
Ville_1569,Ville_1016,908
Ville_0114,Ville_1642,1685
Ville_0669,Ville_0508,1410
Ville_1958,Ville_0396,2768
Ville_1954,Ville_1019,1354
Ville_1741,Ville_1952,1483
Ville_1628,Ville_1466,1938
Ville_0849,Ville_0059,1035
Ville_0224,Ville_1094,1033
Ville_0614,Ville_1625,1727
Ville_1013,Ville_0821,2203
Ville_1065,Ville_0684,1860
Ville_1085,Ville_0069,1263
Ville_1628,Ville_1767,2533
Ville_0933,Ville_1171,177
Ville_1528,Ville_0402,1181
Ville_0951,Ville_0810,608
Ville_0991,Ville_0639,2238
Ville_0061,Ville_1002,2578
Ville_0329,Ville_1719,1353
Ville_1476,Ville_1448,630
Ville_0596,Ville_1941,1926
Ville_0631,Ville_1475,204
Ville_0118,Ville_1365,800
Ville_1222,Ville_0381,2089
Ville_0058,Ville_0208,2840
Ville_1961,Ville_0750,2715
Ville_0473,Ville_0876,2835
Ville_1774,Ville_0227,174
Ville_1110,Ville_0217,911
Ville_1871,Ville_1235,1924
Ville_0725,Ville_0721,271
Ville_0945,Ville_0531,435
Ville_1200,Ville_0245,706
Ville_0005,Ville_1819,2056
Ville_1072,Ville_0967,133
Ville_0433,Ville_1623,2122
Ville_1155,Ville_1167,2972
Ville_1672,Ville_1530,176
Ville_0873,Ville_0028,736
Ville_1123,Ville_0660,1909
Ville_1944,Ville_1283,2182
Ville_0759,Ville_1025,2445
Ville_0275,Ville_1387,1987
Ville_0243,Ville_1386,2422
Ville_1200,Ville_1531,1289
Ville_0655,Ville_1682,915
Ville_0642,Ville_0858,1692
Ville_0593,Ville_0181,631
Ville_0445,Ville_1312,1846
Ville_0183,Ville_1821,455
Ville_1525,Ville_1248,1053
Ville_0441,Ville_1193,2190
Ville_0173,Ville_1370,2525
Ville_0861,Ville_0583,2305
Ville_0501,Ville_0660,579
Ville_0440,Ville_0532,2888
Ville_0082,Ville_0311,649
Ville_1523,Ville_0870,120
Ville_0575,Ville_0157,2359
Ville_1916,Ville_1221,1755
Ville_0486,Ville_1750,2837
Ville_1714,Ville_0765,1151
Ville_0797,Ville_1105,1852
Ville_1710,Ville_0338,1023
Ville_1760,Ville_1841,1574
Ville_1994,Ville_0229,2616
Ville_1937,Ville_0075,811
Ville_1909,Ville_1932,1002
Ville_1254,Ville_1161,2816
Ville_1905,Ville_0863,1408
Ville_0013,Ville_0788,2796
Ville_1518,Ville_0858,1726
Ville_0079,Ville_1338,1506
Ville_1003,Ville_1846,1427
Ville_0514,Ville_1440,1521
Ville_0363,Ville_0036,2521
Ville_0724,Ville_1777,1342
Ville_0918,Ville_0456,832
Ville_0123,Ville_0532,2845
Ville_1671,Ville_0892,2207
Ville_1928,Ville_1903,2084
Ville_1486,Ville_1660,2278
Ville_0916,Ville_1539,1747
Ville_1772,Ville_0680,1723
Ville_0919,Ville_0357,600
Ville_1763,Ville_1897,1903
Ville_1704,Ville_1457,1530
Ville_1688,Ville_1647,2934
Ville_0216,Ville_1729,2175
Ville_1923,Ville_1682,447
Ville_1644,Ville_0608,1022
Ville_1350,Ville_0815,2678
Ville_1303,Ville_0135,2793
Ville_0972,Ville_0913,2775
Ville_1120,Ville_1535,2139
Ville_1169,Ville_0267,2981
Ville_1128,Ville_1679,238
Ville_1008,Ville_1248,1575
Ville_0732,Ville_1500,1676
Ville_1840,Ville_0685,2367
Ville_0883,Ville_1171,1112
Ville_1219,Ville_1830,1695
Ville_0992,Ville_1071,948
Ville_1472,Ville_1533,2756
Ville_1544,Ville_1778,1903
Ville_1249,Ville_1462,1266
Ville_1403,Ville_0492,2758
Ville_1377,Ville_0664,1960
Ville_1466,Ville_1836,2655
Ville_1020,Ville_1820,2012
Ville_1852,Ville_0862,402
Ville_1042,Ville_0206,1990
Ville_1845,Ville_0907,1638
Ville_1045,Ville_1876,2979
Ville_0082,Ville_0369,1376
Ville_0810,Ville_1250,149
Ville_0105,Ville_0206,1744
Ville_1971,Ville_1361,118
Ville_0388,Ville_0957,1857
Ville_0615,Ville_1794,1363
Ville_0827,Ville_1763,536
Ville_1499,Ville_1006,900
Ville_0777,Ville_0948,508
Ville_1347,Ville_0392,2026
Ville_0099,Ville_1573,2034
Ville_1273,Ville_0640,1015
Ville_1464,Ville_1053,1389
Ville_1074,Ville_0848,994
Ville_1333,Ville_0201,1812
Ville_0368,Ville_0376,1471
Ville_1785,Ville_1126,2920
Ville_1589,Ville_0840,322
Ville_0908,Ville_0725,2564
Ville_0085,Ville_0061,996
Ville_0729,Ville_1210,763
Ville_0622,Ville_1113,999
Ville_0706,Ville_1842,2211
Ville_1957,Ville_0759,2756
Ville_1893,Ville_0417,274
Ville_1682,Ville_1646,1491
Ville_0093,Ville_1028,1126
Ville_1881,Ville_0165,2447
Ville_0312,Ville_1709,336
Ville_1782,Ville_0245,1833
Ville_0531,Ville_0455,2616
Ville_1428,Ville_0705,2523
Ville_0177,Ville_1805,2656
Ville_0646,Ville_0968,2530
Ville_1142,Ville_0981,2579
Ville_0285,Ville_0984,1574
Ville_0467,Ville_1264,2992
Ville_1026,Ville_0777,2336
Ville_0088,Ville_1160,981
Ville_1225,Ville_1884,2143
Ville_0271,Ville_1618,462
Ville_1072,Ville_0131,2783
Ville_0471,Ville_1385,2896
Ville_0831,Ville_1935,2458
Ville_1920,Ville_0145,1859
Ville_0773,Ville_1828,1393
Ville_0512,Ville_0852,1395
Ville_0190,Ville_1656,2626
Ville_0135,Ville_1039,769
Ville_0004,Ville_1420,1467
Ville_0469,Ville_1413,1404
Ville_1715,Ville_1491,571
Ville_0057,Ville_0968,1341
Ville_1334,Ville_0606,1355
Ville_0789,Ville_0898,1267
Ville_0818,Ville_0298,2571
Ville_1911,Ville_1798,1420
Ville_1604,Ville_1721,530
Ville_0373,Ville_0574,2241
Ville_0196,Ville_0763,2727
Ville_0269,Ville_0532,894
Ville_0002,Ville_1133,1580
Ville_1668,Ville_1655,2732
Ville_1908,Ville_0391,343
Ville_0706,Ville_1483,163
Ville_0942,Ville_1720,2463
Ville_0926,Ville_1616,1199
Ville_1046,Ville_1592,2474
Ville_1566,Ville_0511,406
Ville_1148,Ville_0765,1666
Ville_1171,Ville_1615,2660
Ville_1706,Ville_0812,1399
Ville_1560,Ville_0690,2559
Ville_0704,Ville_1907,2669
Ville_0266,Ville_1251,873
Ville_1982,Ville_1699,1738
Ville_0312,Ville_0059,2789
Ville_1211,Ville_0089,2887
Ville_0764,Ville_1039,1046
Ville_1835,Ville_1193,1578
Ville_1998,Ville_0161,866
Ville_0126,Ville_1460,275
Ville_0323,Ville_0627,480
Ville_1737,Ville_1156,257
Ville_1556,Ville_1539,1123
Ville_1913,Ville_1163,322
Ville_1581,Ville_1729,1572
Ville_1868,Ville_0266,414
Ville_0963,Ville_1447,1400
Ville_0298,Ville_1995,2081
Ville_1448,Ville_1891,1490
Ville_1945,Ville_1362,890
Ville_1530,Ville_0602,1318
Ville_1056,Ville_0107,2479
Ville_0974,Ville_1324,1219
Ville_0142,Ville_0384,2135
Ville_0713,Ville_1903,1898
Ville_0834,Ville_1835,2622
Ville_0719,Ville_1332,1786
Ville_0906,Ville_1215,2760
Ville_0843,Ville_1373,1017
Ville_1080,Ville_0551,504
Ville_0378,Ville_1809,2334
Ville_0465,Ville_1125,829
Ville_1680,Ville_1083,1027
Ville_1914,Ville_1839,341
Ville_1796,Ville_1995,2808
Ville_1793,Ville_1103,435
Ville_1035,Ville_1398,1504
Ville_1211,Ville_0916,2817
Ville_0603,Ville_0175,1929
Ville_1804,Ville_0175,274
Ville_0578,Ville_1454,1416
Ville_0956,Ville_0096,1976
Ville_1734,Ville_1234,1833
Ville_0744,Ville_0850,1322
Ville_0106,Ville_1493,468
Ville_0601,Ville_0041,825
Ville_1523,Ville_1765,2088
Ville_1993,Ville_1352,200
Ville_0547,Ville_1693,654
Ville_0042,Ville_0201,765
Ville_1523,Ville_0538,638
Ville_1649,Ville_1450,1047
Ville_0389,Ville_1589,2312
Ville_0330,Ville_0714,1644
Ville_1805,Ville_0313,885
Ville_0202,Ville_0580,1294
Ville_0800,Ville_0620,2630
Ville_1844,Ville_1219,1002
Ville_1210,Ville_0385,256
Ville_1749,Ville_0743,1453
Ville_1261,Ville_1357,2269
Ville_0103,Ville_1067,1046
Ville_1372,Ville_0291,1112
Ville_0341,Ville_1187,278
Ville_0401,Ville_1856,664
Ville_1216,Ville_0743,1138
Ville_1572,Ville_0382,1762
Ville_0816,Ville_0367,71
Ville_0574,Ville_0798,711
Ville_1025,Ville_1252,2193
Ville_1314,Ville_1013,2106
Ville_0480,Ville_1548,301
Ville_0519,Ville_0152,378
Ville_0363,Ville_0550,2505
Ville_0506,Ville_1163,2610
Ville_1243,Ville_0111,1716
Ville_1913,Ville_0919,712
Ville_0960,Ville_1580,2887
Ville_0466,Ville_0703,323
Ville_1442,Ville_0107,2136
Ville_1629,Ville_1365,2984
Ville_0795,Ville_0157,2610
Ville_0198,Ville_1126,1828
Ville_0608,Ville_0932,353
Ville_0055,Ville_1106,1663
Ville_1770,Ville_0799,2054
Ville_0065,Ville_0603,944
Ville_0044,Ville_0107,687
Ville_0773,Ville_0797,787
Ville_0681,Ville_0888,1426
Ville_1035,Ville_0457,519
Ville_1122,Ville_0677,1717
Ville_0840,Ville_1005,1034
Ville_1222,Ville_0993,354
Ville_1940,Ville_0107,835
Ville_0854,Ville_0481,686
Ville_1578,Ville_1129,1613
Ville_0406,Ville_0222,2751
Ville_0295,Ville_1787,1904
Ville_0570,Ville_0021,689
Ville_0264,Ville_0641,757
Ville_0064,Ville_0309,781
Ville_0074,Ville_1298,2164
Ville_0114,Ville_1957,1300
Ville_1074,Ville_1509,2205
Ville_1387,Ville_1562,1107
Ville_1298,Ville_0486,2876
Ville_0328,Ville_1349,1135
Ville_1852,Ville_0976,1385
Ville_0320,Ville_1604,2113
Ville_0028,Ville_0788,956
Ville_0989,Ville_0622,1577
Ville_1082,Ville_0963,2407
Ville_1626,Ville_0426,912
Ville_0080,Ville_0891,598
Ville_1616,Ville_1406,1954
Ville_0931,Ville_1041,474
Ville_0387,Ville_1745,435
Ville_0237,Ville_0787,668
Ville_0875,Ville_1945,964
Ville_1627,Ville_0554,1337
Ville_0683,Ville_0166,1308
Ville_0949,Ville_0607,1014
Ville_0549,Ville_0842,2753
Ville_0100,Ville_1484,2306
Ville_1701,Ville_0809,2889
Ville_1504,Ville_1401,2954
Ville_1530,Ville_1160,2243
Ville_1225,Ville_0431,2791
Ville_1070,Ville_0217,753
Ville_0255,Ville_1263,2939
Ville_1360,Ville_1198,488
Ville_1687,Ville_1286,2433
Ville_1394,Ville_0140,1376
Ville_0537,Ville_1430,572
Ville_0879,Ville_0643,1554
Ville_1781,Ville_0722,904
Ville_0320,Ville_1948,599
Ville_0114,Ville_0577,353
Ville_0868,Ville_0294,1028
Ville_1733,Ville_0091,1734
Ville_1766,Ville_0502,1501
Ville_0757,Ville_0303,958
Ville_1954,Ville_1227,123
Ville_1712,Ville_1406,1666
Ville_1787,Ville_0349,2184
Ville_0825,Ville_1700,172
Ville_1800,Ville_1594,1273
Ville_0071,Ville_1473,440
Ville_1353,Ville_1278,2084
Ville_1050,Ville_0977,1290
Ville_0811,Ville_0325,2550
Ville_0078,Ville_1309,1601
Ville_1739,Ville_1282,518
Ville_0871,Ville_1843,1839
Ville_0216,Ville_1348,2198
Ville_0762,Ville_0301,885
Ville_1370,Ville_0431,1234
Ville_0643,Ville_1370,151
Ville_1598,Ville_1039,1873
Ville_0416,Ville_1495,1321
Ville_1643,Ville_1993,311
Ville_0717,Ville_1665,2301
Ville_1662,Ville_0691,2344
Ville_0127,Ville_1258,2301
Ville_1412,Ville_0858,1053
Ville_1762,Ville_1708,2888
Ville_0178,Ville_0848,2110
Ville_0419,Ville_1768,1014
Ville_0361,Ville_1140,845
Ville_1819,Ville_0965,823
Ville_1587,Ville_1220,841
Ville_1600,Ville_1387,2195
Ville_0688,Ville_0299,2030
Ville_0418,Ville_1556,2832
Ville_1684,Ville_1603,2347
Ville_0909,Ville_1288,443
Ville_1945,Ville_0491,578
Ville_0348,Ville_1565,2073
Ville_1773,Ville_1029,2686
Ville_0740,Ville_0616,2943
Ville_1922,Ville_0833,341
Ville_0676,Ville_1462,475
Ville_0229,Ville_1496,750
Ville_1000,Ville_1871,1803
Ville_1869,Ville_0413,360
Ville_1902,Ville_0378,540
Ville_1144,Ville_1335,901
Ville_0788,Ville_1623,1921
Ville_1017,Ville_0542,1769
Ville_1729,Ville_1573,1292
Ville_0857,Ville_0915,331
Ville_1063,Ville_1451,1270
Ville_1197,Ville_1114,2499
Ville_0770,Ville_0216,1177
Ville_1341,Ville_1164,2023
Ville_0523,Ville_0139,1234
Ville_1498,Ville_0361,877
Ville_0657,Ville_0888,342
Ville_0008,Ville_1926,1793
Ville_0126,Ville_0219,667
Ville_0356,Ville_1390,120
Ville_1192,Ville_1592,1357
Ville_1492,Ville_0613,1480
Ville_1110,Ville_0664,1549
Ville_0933,Ville_0320,2320
Ville_0836,Ville_0427,464
Ville_1335,Ville_1189,166
Ville_0498,Ville_1052,338
Ville_1266,Ville_0117,2313
Ville_1868,Ville_1871,2581
Ville_0602,Ville_0275,523
Ville_1873,Ville_1954,848
Ville_0051,Ville_0125,2925
Ville_1064,Ville_0452,1694
Ville_0431,Ville_0330,2228
Ville_1780,Ville_0302,1671
Ville_0146,Ville_0197,409
Ville_1954,Ville_1891,2182
Ville_1508,Ville_0938,2038
Ville_0233,Ville_0934,1732
Ville_1249,Ville_1319,1682
Ville_1536,Ville_1141,71
Ville_1872,Ville_1744,1836
Ville_0628,Ville_1925,812
Ville_1498,Ville_0897,2634
Ville_0368,Ville_0562,1291
Ville_1545,Ville_0463,706
Ville_0248,Ville_1497,1026
Ville_1024,Ville_0780,424
Ville_1079,Ville_0517,2606
Ville_0264,Ville_0424,1492
Ville_0540,Ville_1871,2975
Ville_0531,Ville_0429,337
Ville_1504,Ville_1464,1411
Ville_0381,Ville_0700,995
Ville_0187,Ville_0018,1029
Ville_0141,Ville_0211,729
Ville_0092,Ville_1795,1147
Ville_0999,Ville_0622,1657
Ville_1894,Ville_1875,2516
Ville_1523,Ville_1286,2763
Ville_1577,Ville_1023,120
Ville_0798,Ville_1435,2790
Ville_0888,Ville_0560,933
Ville_1276,Ville_1597,1227
Ville_1175,Ville_0385,632
Ville_0213,Ville_0342,301
Ville_1249,Ville_1572,2946
Ville_0653,Ville_1866,1543
Ville_1060,Ville_0367,1983
Ville_0371,Ville_1244,644
Ville_1362,Ville_1459,2334
Ville_1485,Ville_0145,868
Ville_0126,Ville_1685,2219
Ville_0447,Ville_0831,2063
Ville_1737,Ville_1147,79
Ville_0860,Ville_0592,2955
Ville_1130,Ville_1059,2333
Ville_0505,Ville_0380,801
Ville_1437,Ville_0747,2878
Ville_0623,Ville_1316,1775
Ville_1706,Ville_0939,406
Ville_1857,Ville_0912,447
Ville_0720,Ville_1700,607
Ville_0809,Ville_0976,771
Ville_1699,Ville_0717,611
Ville_1248,Ville_0044,2017
Ville_0241,Ville_0125,1550
Ville_1478,Ville_1514,2557
Ville_1202,Ville_1243,250
Ville_1566,Ville_0093,2791
Ville_0106,Ville_1099,931
Ville_0391,Ville_0206,98
Ville_0265,Ville_1554,2874
Ville_1763,Ville_0216,1210
Ville_1961,Ville_0787,982
Ville_1361,Ville_1473,2130
Ville_1405,Ville_0409,1387
Ville_1515,Ville_0575,1482
Ville_0196,Ville_1084,1520
Ville_0731,Ville_0200,1805
Ville_1927,Ville_1281,775
Ville_1897,Ville_1989,893
Ville_1246,Ville_0805,1049
Ville_1009,Ville_0028,2828
Ville_0916,Ville_1691,1266
Ville_0468,Ville_1273,815
Ville_0871,Ville_1323,2597
Ville_0344,Ville_0461,1186
Ville_1188,Ville_1573,1916
Ville_0805,Ville_1037,165
Ville_0326,Ville_0557,1451
Ville_0197,Ville_0270,2219
Ville_1267,Ville_1025,2233
Ville_0453,Ville_1458,2897
Ville_1052,Ville_1532,762
Ville_1842,Ville_0887,2408
Ville_0165,Ville_0548,1048
Ville_0878,Ville_1501,1859
Ville_0167,Ville_1118,659
Ville_1451,Ville_0461,1719
Ville_0784,Ville_0480,2394
Ville_0969,Ville_0455,2179
Ville_1464,Ville_0202,84
Ville_1349,Ville_0808,2046
Ville_1345,Ville_0830,2501
Ville_1801,Ville_0406,327
Ville_1143,Ville_0901,597
Ville_1415,Ville_1039,2086
Ville_1273,Ville_0542,2744
Ville_0478,Ville_1241,771
Ville_1213,Ville_1502,2509
Ville_0724,Ville_1261,679
Ville_0370,Ville_0749,755
Ville_1609,Ville_0305,2299
Ville_1241,Ville_0866,1362
Ville_0042,Ville_1761,209
Ville_0458,Ville_1685,572
Ville_0860,Ville_1337,1395
Ville_0918,Ville_0853,425
Ville_0986,Ville_1924,2997
Ville_1524,Ville_1785,1121
Ville_1018,Ville_0879,2753
Ville_1729,Ville_1318,1174
Ville_1071,Ville_1866,1991
Ville_1845,Ville_0195,633
Ville_1825,Ville_0726,963
Ville_0616,Ville_0211,393
Ville_1820,Ville_0852,777
Ville_0728,Ville_0281,2122
Ville_0665,Ville_0306,2579
Ville_0512,Ville_0417,1128
Ville_1041,Ville_1992,408
Ville_1756,Ville_1169,826
Ville_0700,Ville_1274,2871
Ville_0228,Ville_0290,1324
Ville_1025,Ville_1314,1330
Ville_0783,Ville_1752,763
Ville_0003,Ville_1280,292
Ville_0098,Ville_1641,2228
Ville_1248,Ville_1036,1636
Ville_1334,Ville_0950,262
Ville_1965,Ville_0374,2451
Ville_0239,Ville_0583,2627
Ville_0250,Ville_1955,2170
Ville_1253,Ville_1839,772
Ville_0618,Ville_1756,583
Ville_1102,Ville_0541,145
Ville_1183,Ville_0840,1645
Ville_0067,Ville_1674,1192
Ville_1805,Ville_0834,1142
Ville_0367,Ville_1929,785
Ville_0142,Ville_0184,712
Ville_0422,Ville_0577,2000
Ville_1436,Ville_0576,2949
Ville_1980,Ville_1837,80
Ville_0373,Ville_1904,1906
Ville_1088,Ville_1211,631
Ville_1851,Ville_0999,2629
Ville_0837,Ville_1014,1789
Ville_0949,Ville_1806,2161
Ville_0377,Ville_0841,602
Ville_0199,Ville_0655,2048
Ville_0993,Ville_1574,2821
Ville_1732,Ville_0915,67
Ville_0252,Ville_1566,333
Ville_1885,Ville_1351,1161
Ville_0792,Ville_1878,2808
Ville_0201,Ville_1414,2282
Ville_0949,Ville_0153,59
Ville_1186,Ville_0826,2872
Ville_1802,Ville_1562,2870
Ville_0144,Ville_1903,1094
Ville_1731,Ville_0530,2424
Ville_0193,Ville_1813,2248
Ville_1368,Ville_0453,227
Ville_0549,Ville_0539,1926
Ville_0432,Ville_1503,1662
Ville_0752,Ville_0860,983
Ville_1789,Ville_0028,2565
Ville_0474,Ville_0378,1208
Ville_0591,Ville_0936,548
Ville_0408,Ville_1906,453
Ville_1218,Ville_0880,2127
Ville_0685,Ville_0464,1714
Ville_0365,Ville_1568,2357
Ville_1618,Ville_1193,1067
Ville_0045,Ville_0306,2785
Ville_1541,Ville_0872,751
Ville_0061,Ville_0522,2464
Ville_0325,Ville_1405,1132
Ville_0658,Ville_0485,601
Ville_1662,Ville_0147,1597
Ville_1342,Ville_1077,816
Ville_1773,Ville_0869,1609
Ville_1038,Ville_1443,2842
Ville_0764,Ville_0293,871
Ville_1328,Ville_1153,460
Ville_0469,Ville_0868,2325
Ville_0587,Ville_0956,178
Ville_0338,Ville_0880,127
Ville_1356,Ville_0491,2888
Ville_1053,Ville_0977,2501
Ville_1015,Ville_0766,1313
Ville_0968,Ville_0793,2316
Ville_1170,Ville_0829,1956
Ville_1120,Ville_1064,2929
Ville_0064,Ville_0987,1559
Ville_0611,Ville_1507,2813
Ville_1890,Ville_1066,340
Ville_0437,Ville_1940,2535
Ville_1238,Ville_0483,1529
Ville_0983,Ville_1309,1937
Ville_1102,Ville_0405,2648
Ville_1030,Ville_0406,494
Ville_0926,Ville_0314,2188
Ville_1576,Ville_0865,1926
Ville_0574,Ville_0780,2179
Ville_0517,Ville_1033,2009
Ville_0516,Ville_1897,1402
Ville_0659,Ville_1615,589
Ville_0123,Ville_1301,1227
Ville_0567,Ville_0571,1666
Ville_0323,Ville_0535,1771
Ville_1281,Ville_0591,1905
Ville_0833,Ville_0726,1939
Ville_0580,Ville_1534,2698
Ville_0851,Ville_1683,904
Ville_1629,Ville_1896,2688
Ville_1790,Ville_0009,2776
Ville_0630,Ville_1976,871
Ville_1623,Ville_0369,2941
Ville_1603,Ville_1208,1166
Ville_1334,Ville_0503,590
Ville_1682,Ville_1935,1676
Ville_1253,Ville_0130,1428
Ville_0902,Ville_1532,402
Ville_1565,Ville_0589,2185
Ville_0101,Ville_1145,1642
Ville_1145,Ville_0790,2118
Ville_1112,Ville_1409,2292
Ville_1826,Ville_0365,1008
Ville_0123,Ville_0279,1485
Ville_0821,Ville_0574,2155
Ville_0857,Ville_1968,1341
Ville_1536,Ville_0427,2164
Ville_1210,Ville_1529,1748
Ville_1085,Ville_0025,1097
Ville_1901,Ville_1065,1379
Ville_1080,Ville_0527,1722
Ville_0813,Ville_1844,1509
Ville_0752,Ville_1123,2147
Ville_0370,Ville_1135,2994
Ville_0408,Ville_1875,941
Ville_1169,Ville_0289,944
Ville_0467,Ville_1979,2602
Ville_1253,Ville_1919,1234
Ville_1161,Ville_0457,2455
Ville_1759,Ville_1010,2267
Ville_0825,Ville_0498,1150
Ville_1150,Ville_1812,1173
Ville_0809,Ville_1448,339
Ville_1505,Ville_0392,1313
Ville_0442,Ville_1929,1121
Ville_0222,Ville_0874,2018
Ville_0769,Ville_1777,1830
Ville_1443,Ville_0957,2412
Ville_1538,Ville_1392,2049
Ville_0676,Ville_1397,1942
Ville_1614,Ville_1714,791
Ville_0885,Ville_0365,1955
Ville_1554,Ville_1330,890
Ville_0307,Ville_0454,2803
Ville_0604,Ville_1249,1403
Ville_0891,Ville_0460,2247
Ville_1853,Ville_0936,1876
Ville_0094,Ville_0785,1947
Ville_0354,Ville_0122,2453
Ville_1821,Ville_1607,1458
Ville_0308,Ville_1037,1759
Ville_0427,Ville_0772,1636
Ville_0120,Ville_0152,1000
Ville_1175,Ville_1690,2026
Ville_0903,Ville_1042,711
Ville_0756,Ville_0568,1663
Ville_1474,Ville_0086,2230
Ville_1959,Ville_0187,2413
Ville_1832,Ville_0867,2577
Ville_0590,Ville_1124,255
Ville_0798,Ville_1380,1881
Ville_0525,Ville_1173,514
Ville_0235,Ville_0693,1895
Ville_0139,Ville_1068,762
Ville_1088,Ville_0220,754
Ville_0152,Ville_0654,1070
Ville_1468,Ville_1177,228
Ville_0747,Ville_1988,455
Ville_1178,Ville_0246,1208
Ville_0476,Ville_0606,129
Ville_0073,Ville_1396,1470
Ville_1591,Ville_1583,340
Ville_1973,Ville_1312,1580
Ville_0592,Ville_0029,1519
Ville_1989,Ville_1918,754
Ville_0836,Ville_1391,743
Ville_1144,Ville_0992,2269
Ville_0025,Ville_1607,1917
Ville_1586,Ville_0643,1163
Ville_0933,Ville_0418,1496
Ville_0435,Ville_0997,833
Ville_1658,Ville_1968,1541
Ville_1126,Ville_0458,922
Ville_0578,Ville_1776,2199
Ville_0099,Ville_1200,417
Ville_1810,Ville_1651,2052
Ville_0912,Ville_1657,254
Ville_1186,Ville_1911,328
Ville_1627,Ville_0471,2322
Ville_0049,Ville_1386,293
Ville_1218,Ville_1399,2781
Ville_1119,Ville_0703,880
Ville_1254,Ville_0028,1970
Ville_0488,Ville_1609,2826
Ville_0810,Ville_1179,100
Ville_0118,Ville_0699,1421
Ville_0784,Ville_1896,1155
Ville_1911,Ville_1593,1590
Ville_0248,Ville_0051,1264
Ville_0518,Ville_1325,1293
Ville_0675,Ville_1800,2142
Ville_1721,Ville_1288,917
Ville_0498,Ville_1715,1683
Ville_1319,Ville_0298,197
Ville_0403,Ville_1626,1385
Ville_0656,Ville_0719,1489
Ville_1776,Ville_0636,855
Ville_0796,Ville_1802,593
Ville_1095,Ville_0408,1139
Ville_0062,Ville_0097,1027
Ville_1657,Ville_1480,388
Ville_0489,Ville_1770,301
Ville_0606,Ville_0283,333
Ville_0167,Ville_1006,2720
Ville_1267,Ville_1645,2956
Ville_0688,Ville_1521,1944
Ville_1386,Ville_1531,1094
Ville_1203,Ville_1110,1238
Ville_0413,Ville_0202,2592
Ville_1282,Ville_0685,265
Ville_0546,Ville_0706,2386
Ville_1823,Ville_0002,2339
Ville_0948,Ville_1049,1317
Ville_0325,Ville_1677,433
Ville_0198,Ville_0176,1131
Ville_0644,Ville_1028,1224
Ville_1103,Ville_0902,1810
Ville_1876,Ville_1514,1816
Ville_1896,Ville_0008,1791
Ville_0816,Ville_0851,1697
Ville_1512,Ville_1222,1356
Ville_0596,Ville_1088,2006
Ville_1614,Ville_0417,786
Ville_1675,Ville_0342,1482
Ville_0577,Ville_1282,1698
Ville_1069,Ville_0937,2539
Ville_1137,Ville_0461,1811
Ville_1719,Ville_1144,2899
Ville_1667,Ville_1347,2255
Ville_1215,Ville_1934,347
Ville_1130,Ville_0072,741
Ville_1683,Ville_0663,2881
Ville_0488,Ville_0259,723
Ville_0545,Ville_1306,2066
Ville_0947,Ville_1760,125
Ville_0411,Ville_0127,454
Ville_0811,Ville_1120,2651
Ville_1067,Ville_1334,78
Ville_0080,Ville_1808,2032
Ville_1483,Ville_0874,1489
Ville_0014,Ville_1100,365
Ville_1262,Ville_0043,88
Ville_1912,Ville_1139,999
Ville_1423,Ville_0407,2303
Ville_1081,Ville_1293,590
Ville_0949,Ville_1325,1008
Ville_1981,Ville_0179,1817
Ville_0662,Ville_1926,441
Ville_0414,Ville_1191,1953
Ville_0038,Ville_1209,2190
Ville_1872,Ville_1427,2816
Ville_1567,Ville_1663,2268
Ville_1361,Ville_0982,1493
Ville_0512,Ville_1754,2024
Ville_0957,Ville_0195,123
Ville_1838,Ville_1913,2782
Ville_0486,Ville_1494,2435
Ville_1059,Ville_0597,70
Ville_1977,Ville_1717,264
Ville_0036,Ville_0988,2736
Ville_1552,Ville_0186,535
Ville_0398,Ville_1109,2134
Ville_0685,Ville_0984,1637
Ville_1960,Ville_0223,924
Ville_0296,Ville_1773,2902
Ville_1691,Ville_1170,2602
Ville_1050,Ville_0981,2463
Ville_0927,Ville_1338,99
Ville_1799,Ville_1171,2511
Ville_1310,Ville_1698,2603
Ville_0964,Ville_0386,475
Ville_1998,Ville_0817,298
Ville_1741,Ville_1416,159
Ville_1998,Ville_0480,372
Ville_1972,Ville_0618,2333
Ville_1598,Ville_1974,989
Ville_1389,Ville_0387,2630
Ville_1451,Ville_0321,1510
Ville_1387,Ville_0674,103
Ville_1770,Ville_1575,540
Ville_0108,Ville_0065,1913
Ville_1885,Ville_1210,324
Ville_1925,Ville_0242,550
Ville_1384,Ville_0887,1668
Ville_0291,Ville_0471,2491
Ville_0195,Ville_0684,637
Ville_0226,Ville_1914,2917
Ville_1134,Ville_0196,582
Ville_1492,Ville_0333,278
Ville_1665,Ville_0644,537
Ville_0438,Ville_1123,2246
Ville_0491,Ville_0049,2442
Ville_0968,Ville_1513,2429
Ville_0247,Ville_1503,740
Ville_1706,Ville_0619,1906
Ville_0045,Ville_1781,2582
Ville_0589,Ville_1525,1605
Ville_1769,Ville_0514,2964
Ville_0566,Ville_1711,1575
Ville_0962,Ville_0864,2982
Ville_1556,Ville_0538,2194
Ville_1870,Ville_1215,2643
Ville_1983,Ville_0236,2410
Ville_0336,Ville_1891,949
Ville_1933,Ville_0804,2797
Ville_0253,Ville_0522,2984
Ville_0444,Ville_0163,1590
Ville_0625,Ville_1784,964
Ville_0156,Ville_1408,2105
Ville_1453,Ville_0631,1379
Ville_1976,Ville_0451,2214
Ville_1456,Ville_0424,2925
Ville_0457,Ville_1820,2494
Ville_1260,Ville_0837,79
Ville_0668,Ville_0118,290
Ville_1103,Ville_0480,2159
Ville_1500,Ville_0673,1000
Ville_0667,Ville_1103,69
Ville_1451,Ville_0180,2166
Ville_0766,Ville_1360,2740
Ville_1119,Ville_0262,1314
Ville_0432,Ville_1749,94
Ville_1541,Ville_0510,213
Ville_1097,Ville_1774,645
Ville_0866,Ville_1836,1279
Ville_1425,Ville_0869,2034
Ville_1753,Ville_0911,456
Ville_1163,Ville_0697,1576
Ville_0645,Ville_1012,2195
Ville_0055,Ville_0246,2018
Ville_1803,Ville_0521,2298
Ville_0525,Ville_1414,2867
Ville_1389,Ville_1073,894
Ville_0376,Ville_1086,2033
Ville_0324,Ville_1943,368
Ville_0519,Ville_1527,2315
Ville_1959,Ville_0596,626
Ville_0603,Ville_0147,2900
Ville_0020,Ville_0200,337
Ville_1695,Ville_1446,1113
Ville_0424,Ville_1429,362
Ville_0511,Ville_1990,1436
Ville_0310,Ville_0854,183
Ville_1285,Ville_0468,1986
Ville_1518,Ville_0638,768
Ville_1958,Ville_0405,458
Ville_0635,Ville_0314,2502
Ville_1546,Ville_0471,1421
Ville_1267,Ville_1250,90
Ville_1115,Ville_1160,1031
Ville_0678,Ville_1332,538
Ville_1651,Ville_1823,466
Ville_0329,Ville_1399,2237
Ville_1116,Ville_1272,1326
Ville_0215,Ville_0897,2686
Ville_1965,Ville_1842,1745
Ville_0376,Ville_1442,1725
Ville_0171,Ville_0994,1496
Ville_0621,Ville_1908,2880
Ville_1271,Ville_0109,785
Ville_0739,Ville_1542,1714
Ville_0839,Ville_1931,165
Ville_0751,Ville_1379,1415
Ville_0524,Ville_0784,781
Ville_1696,Ville_1512,1668
Ville_0694,Ville_1953,1828
Ville_0094,Ville_0421,2613
Ville_0103,Ville_0401,2622
Ville_0176,Ville_0849,302
Ville_0641,Ville_1133,1345
Ville_1020,Ville_0158,461
Ville_0401,Ville_0280,2186
Ville_0757,Ville_0573,410
Ville_0009,Ville_0824,285
Ville_1927,Ville_1654,644
Ville_0703,Ville_0328,2447
Ville_0629,Ville_1480,565
Ville_0121,Ville_0390,357
Ville_1189,Ville_1167,1799
Ville_0184,Ville_1711,283
Ville_0943,Ville_1702,2278
Ville_0188,Ville_1930,1931
Ville_1491,Ville_1578,635
Ville_0178,Ville_0298,790
Ville_0907,Ville_0482,276
Ville_0353,Ville_0163,2526
Ville_1659,Ville_1456,2138
Ville_0545,Ville_1994,619
Ville_0255,Ville_0290,2578
Ville_0270,Ville_1684,1348
Ville_1057,Ville_0733,86
Ville_0413,Ville_1585,1140
Ville_1433,Ville_1470,614
Ville_0960,Ville_1002,1435
Ville_0829,Ville_1294,1195
Ville_1735,Ville_1601,1592
Ville_0412,Ville_0433,1827
Ville_1927,Ville_1890,1998
Ville_1532,Ville_1674,1934
Ville_0254,Ville_1017,601
Ville_1418,Ville_1247,1024
Ville_0931,Ville_1087,1161
Ville_1603,Ville_1743,2009
Ville_0985,Ville_1960,1905
Ville_1866,Ville_1279,1838
Ville_1769,Ville_1434,2956
Ville_0645,Ville_1599,2489
Ville_0266,Ville_1894,2742
Ville_1444,Ville_1656,2390
Ville_0743,Ville_0667,1953
Ville_1815,Ville_0519,991
Ville_0327,Ville_0103,1454
Ville_1457,Ville_1280,928
Ville_0426,Ville_1091,528
Ville_0918,Ville_1520,874
Ville_1903,Ville_1762,1503
Ville_1194,Ville_0386,1654
Ville_0331,Ville_1082,2818
Ville_1680,Ville_0961,1872
Ville_1170,Ville_1824,907
Ville_1536,Ville_1178,508
Ville_0872,Ville_1837,2466
Ville_0333,Ville_1209,2091
Ville_0822,Ville_0145,1110
Ville_1624,Ville_0180,656
Ville_1176,Ville_1557,817
Ville_1261,Ville_0968,825
Ville_1937,Ville_1320,2420
Ville_1324,Ville_1987,2308
Ville_1859,Ville_0009,710
Ville_1095,Ville_0228,558
Ville_1730,Ville_1944,963
Ville_0271,Ville_1096,2734
Ville_0582,Ville_0623,2790
Ville_1916,Ville_0980,978
Ville_0285,Ville_0220,2745
Ville_0563,Ville_0120,2011
Ville_0538,Ville_0315,1870
Ville_1533,Ville_0156,1570
Ville_1346,Ville_1323,1521
Ville_1226,Ville_1425,1151
Ville_0260,Ville_1587,1925
Ville_1263,Ville_1311,217
Ville_0811,Ville_1833,2420
Ville_0889,Ville_1706,87
Ville_0205,Ville_1562,915
Ville_0178,Ville_1170,2053
Ville_1899,Ville_1149,1326
Ville_0255,Ville_1895,967
Ville_1896,Ville_0346,2605
Ville_0126,Ville_0969,1966
Ville_1246,Ville_1865,1778
Ville_1749,Ville_0218,902
Ville_0500,Ville_0815,2478
Ville_1099,Ville_1358,204
Ville_0131,Ville_0442,2479
Ville_1457,Ville_0310,2403
Ville_0844,Ville_0719,518
Ville_0711,Ville_0939,1818
Ville_0644,Ville_1685,2395
Ville_1462,Ville_1333,2182
Ville_1668,Ville_0865,318
Ville_0768,Ville_0489,782
Ville_1326,Ville_0830,651
Ville_0810,Ville_1307,364
Ville_0916,Ville_0478,592
Ville_1910,Ville_0068,2407
Ville_0923,Ville_0723,903
Ville_1988,Ville_1628,1321
Ville_1240,Ville_0186,1591
Ville_0195,Ville_1074,1796
Ville_0350,Ville_1986,2350
Ville_1561,Ville_1823,1686
Ville_0563,Ville_1474,2776
Ville_1275,Ville_1663,1427
Ville_1094,Ville_0616,2281
Ville_1515,Ville_0378,722
Ville_1670,Ville_1846,2191
Ville_0045,Ville_0132,593
Ville_0390,Ville_0681,261
Ville_0709,Ville_0367,1292
Ville_0876,Ville_1509,1203
Ville_0523,Ville_1895,837
Ville_0634,Ville_1713,2531
Ville_1449,Ville_1097,2446
Ville_0713,Ville_1753,2295
Ville_0492,Ville_1772,143
Ville_0109,Ville_1831,2804
Ville_1454,Ville_0488,2917
Ville_0769,Ville_1738,221
Ville_0360,Ville_1168,2396
Ville_0179,Ville_0008,704
Ville_0002,Ville_1694,338
Ville_0911,Ville_1548,2373
Ville_0533,Ville_0182,2128
Ville_0246,Ville_1665,582
Ville_1932,Ville_1574,1740
Ville_0175,Ville_1046,2353
Ville_0423,Ville_0792,1096
Ville_1956,Ville_0268,2915
Ville_0566,Ville_1091,504
Ville_1228,Ville_1660,432
Ville_1551,Ville_0432,443
Ville_0151,Ville_0539,118
Ville_0826,Ville_0760,2388
Ville_0681,Ville_1532,165
Ville_1670,Ville_1179,2191
Ville_1762,Ville_0611,1485
Ville_0416,Ville_1047,512
Ville_1622,Ville_0441,796
Ville_0795,Ville_1964,280
Ville_0258,Ville_0743,545
Ville_1315,Ville_0127,2890
Ville_0548,Ville_1481,565
Ville_0727,Ville_1988,322
Ville_1863,Ville_1333,2161
Ville_1175,Ville_0120,2743
Ville_1470,Ville_1088,572
Ville_1151,Ville_1865,1342
Ville_1110,Ville_0315,2243
Ville_1208,Ville_0906,2557
Ville_0739,Ville_1312,2981
Ville_0012,Ville_1685,567
Ville_1104,Ville_1648,572
Ville_1214,Ville_0040,214
Ville_1149,Ville_0268,1676
Ville_1983,Ville_0967,2254
Ville_1205,Ville_0451,540
Ville_0010,Ville_2000,2536
Ville_0365,Ville_0756,2228
Ville_0171,Ville_1127,2697
Ville_1044,Ville_1964,784
Ville_0229,Ville_0328,1614
Ville_0363,Ville_1547,877
Ville_0274,Ville_1855,55
Ville_1538,Ville_1732,1078
Ville_0122,Ville_1118,1523
Ville_1866,Ville_0082,1590
Ville_0642,Ville_1059,1343
Ville_1309,Ville_1612,172
Ville_0017,Ville_0235,248
Ville_0790,Ville_1755,282
Ville_1458,Ville_0359,2418
Ville_1247,Ville_1235,1029
Ville_0840,Ville_0770,2347
Ville_0749,Ville_1926,2760
Ville_0663,Ville_1859,150
Ville_0632,Ville_1509,52
Ville_1486,Ville_1049,329
Ville_0228,Ville_0246,1721
Ville_1030,Ville_1114,1201
Ville_1125,Ville_0246,1199
Ville_1744,Ville_0871,1769
Ville_1121,Ville_0822,1671
Ville_0200,Ville_0492,1729
Ville_1365,Ville_0839,590
Ville_1949,Ville_1766,743
Ville_0427,Ville_0309,2589
Ville_1065,Ville_0175,1757
Ville_1684,Ville_0690,1227
Ville_0353,Ville_0796,1767
Ville_0400,Ville_0263,52
Ville_0023,Ville_1245,2845
Ville_0957,Ville_1133,1781
Ville_0873,Ville_1796,1628
Ville_1157,Ville_1850,283
Ville_1666,Ville_1729,630
Ville_0239,Ville_0730,837
Ville_0795,Ville_0856,1773
Ville_0375,Ville_1460,2784
Ville_1800,Ville_0253,637
Ville_1717,Ville_0828,2954
Ville_1626,Ville_0970,202
Ville_0289,Ville_1198,2241
Ville_0501,Ville_0647,632
Ville_1016,Ville_1049,2360
Ville_0630,Ville_1841,2543
Ville_0140,Ville_1526,2198
Ville_0854,Ville_0161,1942
Ville_1799,Ville_0034,288
Ville_1574,Ville_0600,1346
Ville_1901,Ville_1220,2844
Ville_1165,Ville_1302,2000
Ville_1920,Ville_1186,751
Ville_0499,Ville_0750,1399
Ville_0127,Ville_1153,2726
Ville_0392,Ville_0842,322
Ville_0931,Ville_1073,2547
Ville_0999,Ville_0181,1959
Ville_0460,Ville_0938,1234
Ville_1579,Ville_0826,613
Ville_0268,Ville_1665,2578
Ville_1857,Ville_1145,78
Ville_1612,Ville_1448,533
Ville_1385,Ville_0982,1673
Ville_1169,Ville_0944,1515
Ville_0425,Ville_1095,1552
Ville_0297,Ville_1952,2624
Ville_0294,Ville_1214,1895
Ville_0904,Ville_0082,2473
Ville_1026,Ville_1050,708
Ville_0239,Ville_1677,207
Ville_0087,Ville_1578,2388
Ville_0410,Ville_0326,1100
Ville_0102,Ville_1939,1247
Ville_1525,Ville_1353,2693
Ville_0462,Ville_0828,2222
Ville_0586,Ville_0991,2574
Ville_1022,Ville_1877,2626
Ville_0731,Ville_1598,154
Ville_1869,Ville_0652,2415
Ville_1451,Ville_1137,1480
Ville_1743,Ville_0444,2037
Ville_1823,Ville_0619,898
Ville_1307,Ville_0897,492
Ville_0146,Ville_1821,795
Ville_1886,Ville_1380,576
Ville_1255,Ville_0840,1832
Ville_1456,Ville_0339,1627
Ville_1186,Ville_0860,892
Ville_1490,Ville_0384,381
Ville_1214,Ville_0544,2134
Ville_0339,Ville_0240,976
Ville_1732,Ville_1564,2485
Ville_0771,Ville_0115,746
Ville_1178,Ville_1294,1142
Ville_0683,Ville_1482,2243
Ville_0379,Ville_0192,1453
Ville_0389,Ville_1607,1765
Ville_1041,Ville_1751,2725
Ville_1356,Ville_1699,1392
Ville_1009,Ville_0282,2983
Ville_1181,Ville_1525,2758
Ville_1725,Ville_1415,2593
Ville_0062,Ville_0723,1713
Ville_1271,Ville_0833,882
Ville_1093,Ville_0921,1280
Ville_1176,Ville_0781,737
Ville_0206,Ville_1853,1830
Ville_1998,Ville_0857,1948
Ville_0872,Ville_0969,509
Ville_0227,Ville_1155,672
Ville_1705,Ville_0432,1215
Ville_0508,Ville_0917,2070
Ville_0962,Ville_1555,1596
Ville_0313,Ville_1439,2544
Ville_0319,Ville_1622,1589
Ville_1037,Ville_0121,2978
Ville_1074,Ville_1151,2382
Ville_1088,Ville_0935,841
Ville_1782,Ville_0563,2949
Ville_0843,Ville_0939,2860
Ville_1749,Ville_1507,270
Ville_1663,Ville_0769,173
Ville_1483,Ville_0251,2679
Ville_1272,Ville_0695,1712
Ville_1552,Ville_1185,2154
Ville_0330,Ville_0374,2029
Ville_0278,Ville_0087,94
Ville_0694,Ville_0076,421
Ville_0434,Ville_1667,854
Ville_0297,Ville_1372,330
Ville_0782,Ville_0320,798
Ville_0731,Ville_0960,2215
Ville_1603,Ville_1568,2635
Ville_0040,Ville_0682,2561
Ville_0245,Ville_1773,2878
Ville_0676,Ville_1096,1504
Ville_1514,Ville_1871,608
Ville_0397,Ville_0723,325
Ville_1853,Ville_1439,1152
Ville_1616,Ville_0202,2791
Ville_1886,Ville_1354,721
Ville_1909,Ville_1939,1412
Ville_1420,Ville_1822,2031
Ville_1828,Ville_1056,2973
Ville_0661,Ville_1599,624
Ville_0388,Ville_0629,1990
Ville_0580,Ville_0789,1525
Ville_1242,Ville_0615,86
Ville_0843,Ville_1650,2360
Ville_1419,Ville_1095,1899
Ville_1936,Ville_0261,385
Ville_0942,Ville_1185,2879
Ville_1484,Ville_0346,1440
Ville_1092,Ville_1627,877
Ville_0439,Ville_1040,140
Ville_1859,Ville_1312,1955
Ville_1466,Ville_1712,1325
Ville_2000,Ville_0247,2768
Ville_1228,Ville_1464,2911
Ville_0261,Ville_1373,294
Ville_0382,Ville_1427,738
Ville_0057,Ville_1228,1007
Ville_0127,Ville_1419,409
Ville_0767,Ville_0922,2057
Ville_0772,Ville_1218,1849
Ville_1798,Ville_0199,199
Ville_1983,Ville_0441,1667
Ville_0243,Ville_0371,2224
Ville_0356,Ville_0175,1589
Ville_1714,Ville_0287,2934
Ville_1029,Ville_0272,2047
Ville_0367,Ville_0620,2489
Ville_1993,Ville_1021,2341
Ville_0896,Ville_1129,592
Ville_0837,Ville_0102,111
Ville_1875,Ville_1496,696
Ville_0113,Ville_1482,1466
Ville_1254,Ville_1265,1505
Ville_0456,Ville_1610,1163
Ville_1138,Ville_1482,1067
Ville_1805,Ville_1630,1008
Ville_1736,Ville_0051,1005
Ville_1300,Ville_0146,1337
Ville_1883,Ville_1297,755
Ville_0719,Ville_1176,1244
Ville_1027,Ville_1605,1646
Ville_1165,Ville_1442,298
Ville_1615,Ville_0549,2003
Ville_1584,Ville_1577,2371
Ville_1822,Ville_0473,1698
Ville_0590,Ville_0182,1868
Ville_0898,Ville_1276,918
Ville_0330,Ville_1826,1935
Ville_0876,Ville_0299,836
Ville_0235,Ville_1225,2049
Ville_0050,Ville_1840,2114
Ville_1367,Ville_0205,1602
Ville_1710,Ville_1823,1166
Ville_1582,Ville_1889,2050
Ville_0736,Ville_1450,763
Ville_0195,Ville_1021,902
Ville_1474,Ville_1383,627
Ville_1534,Ville_1427,1621
Ville_1534,Ville_1815,1141
Ville_0978,Ville_1894,2607
Ville_0136,Ville_1850,1549
Ville_1569,Ville_1228,1513
Ville_1138,Ville_1298,1853
Ville_1728,Ville_0715,1397
Ville_0904,Ville_1288,536
Ville_0994,Ville_0600,226
Ville_1203,Ville_1822,2971
Ville_1997,Ville_0345,2728
Ville_0971,Ville_0914,2227
Ville_0925,Ville_1761,911
Ville_1614,Ville_1310,2206
Ville_0185,Ville_0649,2157
Ville_0121,Ville_1429,1852
Ville_0955,Ville_0095,537
Ville_1787,Ville_1977,1807
Ville_0217,Ville_0574,2137
Ville_1570,Ville_0659,720
Ville_0328,Ville_0629,712
Ville_0275,Ville_0072,431
Ville_0630,Ville_1760,795
Ville_0565,Ville_0411,2759
Ville_0673,Ville_0992,307
Ville_1436,Ville_0106,2644
Ville_0217,Ville_0664,1867
Ville_1273,Ville_1809,2076
Ville_0626,Ville_0953,278
Ville_1180,Ville_1240,348
Ville_1189,Ville_1778,2011
Ville_1739,Ville_0159,2131
Ville_0504,Ville_1781,2661
Ville_1980,Ville_1460,299
Ville_0846,Ville_1648,1636
Ville_1060,Ville_0128,296
Ville_0658,Ville_0333,1097
Ville_0003,Ville_0005,710
Ville_0591,Ville_0044,2420
Ville_1720,Ville_0121,659
Ville_1033,Ville_0560,344
Ville_0402,Ville_0062,2854
Ville_0154,Ville_1190,177
Ville_1196,Ville_0365,1231
Ville_1498,Ville_1122,804
Ville_0074,Ville_1689,739
Ville_1704,Ville_0611,1217
Ville_0767,Ville_1026,1443
Ville_1437,Ville_0021,1633
Ville_0623,Ville_1163,2888
Ville_0564,Ville_1208,2475
Ville_0786,Ville_0360,1207
Ville_1350,Ville_1401,226
Ville_1841,Ville_0455,1902
Ville_1650,Ville_1993,2951
Ville_0472,Ville_1800,1564
Ville_0516,Ville_1329,2105
Ville_0578,Ville_0462,109
Ville_0375,Ville_1394,121
Ville_1656,Ville_1639,571
Ville_1735,Ville_1137,1977
Ville_0122,Ville_1799,1025
Ville_1741,Ville_0505,2747
Ville_1702,Ville_0061,739
Ville_1349,Ville_0625,2862
Ville_1963,Ville_1839,512
Ville_1492,Ville_0215,1717
Ville_1778,Ville_0121,57
Ville_1432,Ville_0564,1236
Ville_1062,Ville_0628,772
Ville_1150,Ville_1764,2413
Ville_0581,Ville_1396,1733
Ville_0104,Ville_1562,673
Ville_1772,Ville_0625,1366
Ville_1021,Ville_0057,803
Ville_0408,Ville_0818,605
Ville_0959,Ville_0454,2494
Ville_1816,Ville_0516,648
Ville_0985,Ville_1331,1306
Ville_0769,Ville_0707,623
Ville_1865,Ville_0550,1107
Ville_0755,Ville_1367,910
Ville_1888,Ville_1749,439
Ville_1467,Ville_0555,1766
Ville_1592,Ville_1244,2231
Ville_1541,Ville_0122,1513
Ville_0522,Ville_0711,1998
Ville_0221,Ville_1075,242
Ville_1813,Ville_1344,544
Ville_0172,Ville_0330,2301
Ville_1544,Ville_0184,2807
Ville_1096,Ville_1555,1663
Ville_1899,Ville_1702,963
Ville_1099,Ville_0083,2209
Ville_0448,Ville_0617,277
Ville_0617,Ville_1484,2502
Ville_1785,Ville_1884,561
Ville_0684,Ville_1809,2311
Ville_1120,Ville_1731,2339
Ville_0369,Ville_1087,2216
Ville_1883,Ville_1202,562
Ville_0080,Ville_0811,2123
Ville_0999,Ville_0444,2735
Ville_1383,Ville_0320,394
Ville_0301,Ville_1493,1993
Ville_1091,Ville_0054,2470
Ville_0204,Ville_1553,2544
Ville_1418,Ville_1327,1449
Ville_0256,Ville_0907,431
Ville_0895,Ville_1555,250
Ville_0959,Ville_1168,2300
Ville_1910,Ville_1467,404
Ville_0482,Ville_0886,722
Ville_1979,Ville_0271,1253
Ville_0556,Ville_0243,2726
Ville_1080,Ville_1562,1679
Ville_1537,Ville_1302,2567
Ville_1789,Ville_0299,2374
Ville_0293,Ville_1593,1222
Ville_1539,Ville_0978,2227
Ville_1675,Ville_2000,1608
Ville_1180,Ville_1564,1993
Ville_0931,Ville_1736,1666
Ville_1447,Ville_1561,1289
Ville_0706,Ville_0698,1454
Ville_0972,Ville_0611,1440
Ville_1876,Ville_1342,1279
Ville_1998,Ville_0661,1087
Ville_0509,Ville_1530,154
Ville_0281,Ville_0773,1760
Ville_1799,Ville_1031,1226
Ville_1657,Ville_1415,2410
Ville_0202,Ville_1039,1143
Ville_0998,Ville_1492,1609
Ville_1099,Ville_1023,1560
Ville_1107,Ville_1286,1315
Ville_1294,Ville_0079,2674
Ville_0813,Ville_1952,2455
Ville_1619,Ville_1777,1873
Ville_0985,Ville_0259,874
Ville_1141,Ville_1386,997
Ville_0041,Ville_1483,2147
Ville_0303,Ville_0336,2307
Ville_1442,Ville_1056,678
Ville_1806,Ville_0222,1400
Ville_0241,Ville_1096,2215
Ville_1953,Ville_0179,768
Ville_1124,Ville_1354,2388
Ville_0690,Ville_0639,2027
Ville_0388,Ville_0597,964
Ville_0369,Ville_0411,1100
Ville_1062,Ville_0658,2971
Ville_0535,Ville_0245,1019
Ville_1676,Ville_1883,865
Ville_1025,Ville_0627,486
Ville_0912,Ville_1690,2441
Ville_0644,Ville_0721,1000
Ville_1852,Ville_1437,1394
Ville_0693,Ville_1972,2541
Ville_0389,Ville_0025,2091
Ville_1542,Ville_0310,89
Ville_0386,Ville_0843,414
Ville_1699,Ville_1939,2891
Ville_0080,Ville_1774,562
Ville_1187,Ville_0246,401
Ville_1547,Ville_1677,924
Ville_0487,Ville_1806,733
Ville_0845,Ville_0034,2338
Ville_0676,Ville_1979,2201
Ville_0573,Ville_0816,2501
Ville_1094,Ville_1621,421
Ville_1069,Ville_1603,1517
Ville_1543,Ville_1648,469
Ville_1851,Ville_1087,1963
Ville_1584,Ville_1492,321
Ville_0971,Ville_1118,1343
Ville_1379,Ville_1811,382
Ville_1816,Ville_1389,98
Ville_0463,Ville_1921,1281
Ville_0079,Ville_1907,1919
Ville_0424,Ville_1615,1365
Ville_0737,Ville_1517,1460
Ville_0431,Ville_1945,878
Ville_0417,Ville_0730,1694
Ville_0389,Ville_0225,897
Ville_0193,Ville_0745,643
Ville_0205,Ville_0480,1885
Ville_0144,Ville_0090,1597
Ville_1723,Ville_0388,130
Ville_1097,Ville_0887,992
Ville_0498,Ville_1787,1052
Ville_0983,Ville_1604,778
Ville_0239,Ville_0560,378
Ville_1005,Ville_0336,1366
Ville_0357,Ville_1275,825
Ville_0935,Ville_1612,2118
Ville_1054,Ville_0834,832
Ville_0030,Ville_1449,954
Ville_1871,Ville_0519,2427
Ville_0162,Ville_0789,2917
Ville_0873,Ville_1446,2988
Ville_0254,Ville_0038,2199
Ville_0740,Ville_1866,2577
Ville_0862,Ville_1898,619
Ville_0475,Ville_0496,2203
Ville_0864,Ville_1577,1492
Ville_1160,Ville_0451,2469
Ville_1924,Ville_0659,2875
Ville_1729,Ville_0437,255
Ville_1830,Ville_0044,214
Ville_1143,Ville_1124,2791
Ville_0277,Ville_1425,83
Ville_0137,Ville_1213,2884
Ville_0878,Ville_0181,982
Ville_0276,Ville_0158,1886
Ville_1109,Ville_0597,2080
Ville_1004,Ville_1426,601
Ville_1191,Ville_0971,1689
Ville_1858,Ville_1826,2557
Ville_0787,Ville_1954,2008
Ville_1445,Ville_0676,546
Ville_0468,Ville_0739,2103
Ville_0018,Ville_1679,2334
Ville_0190,Ville_1357,2451
Ville_0865,Ville_1425,2405
Ville_0353,Ville_0082,2218
Ville_1020,Ville_1675,2836
Ville_0456,Ville_1530,648
Ville_1780,Ville_0326,1181
Ville_0915,Ville_0836,261
Ville_1404,Ville_1144,2496
Ville_0224,Ville_1792,1411
Ville_1500,Ville_0173,68
Ville_1022,Ville_1894,1153
Ville_1575,Ville_0245,198
Ville_0420,Ville_1128,1333
Ville_0906,Ville_1390,301
Ville_1720,Ville_0529,1072
Ville_0534,Ville_0084,2827
Ville_1642,Ville_0011,1776
Ville_0554,Ville_0285,2514
Ville_1564,Ville_0341,789
Ville_0621,Ville_1276,1757
Ville_1669,Ville_1226,1936
Ville_0510,Ville_0996,182
Ville_1176,Ville_0454,1339
Ville_1116,Ville_1371,1212
Ville_1032,Ville_1937,2301
Ville_1753,Ville_1683,1246
Ville_0091,Ville_1474,1378
Ville_1501,Ville_1807,2209
Ville_1194,Ville_0066,2978
Ville_1184,Ville_0592,148
Ville_1213,Ville_0374,1200
Ville_0676,Ville_0647,473
Ville_1063,Ville_0450,296
Ville_1311,Ville_1132,1080
Ville_1188,Ville_0699,709
Ville_1952,Ville_0321,2977
Ville_1479,Ville_0672,1440
Ville_1322,Ville_0361,391
Ville_1646,Ville_0412,1151
Ville_0701,Ville_1298,1987
Ville_0410,Ville_1241,2869
Ville_1512,Ville_0388,355
Ville_0440,Ville_0788,2537
Ville_0174,Ville_1817,2715
Ville_1937,Ville_1051,205
Ville_0022,Ville_0200,1234
Ville_0264,Ville_0993,2996
Ville_0300,Ville_1472,1819
Ville_1411,Ville_1824,598
Ville_1531,Ville_1258,594
Ville_0916,Ville_0919,1135
Ville_1915,Ville_0566,1147
Ville_1847,Ville_0806,2467
Ville_1184,Ville_1530,227
Ville_0594,Ville_1281,2190
Ville_1007,Ville_1392,702
Ville_0921,Ville_1682,2132
Ville_0524,Ville_1587,2191
Ville_1231,Ville_1370,1006
Ville_1478,Ville_1830,2140
Ville_1905,Ville_1842,2626
Ville_0557,Ville_1258,2697
Ville_0477,Ville_1077,491
Ville_1107,Ville_0038,2240
Ville_0271,Ville_0390,171
Ville_1294,Ville_1025,1266
Ville_1751,Ville_1147,2534
Ville_1254,Ville_1318,603
Ville_0866,Ville_1797,456
Ville_1680,Ville_0987,2301
Ville_1294,Ville_0943,240
Ville_1072,Ville_0631,2342
Ville_0336,Ville_0156,2254
Ville_1489,Ville_1277,629
Ville_0089,Ville_0032,2730
Ville_1610,Ville_1318,1605
Ville_1016,Ville_1357,332
Ville_1832,Ville_1541,2509
Ville_1615,Ville_1880,1671
Ville_1190,Ville_1525,1315
Ville_1427,Ville_0573,225
Ville_0881,Ville_1367,2347
Ville_0333,Ville_1875,2686
Ville_1494,Ville_1860,2533
Ville_1309,Ville_1019,1342
Ville_1228,Ville_1495,2835
Ville_0118,Ville_0232,2469
Ville_0509,Ville_1764,1118
Ville_1024,Ville_1391,1286
Ville_1475,Ville_1390,165
Ville_1528,Ville_1060,490
Ville_1979,Ville_1151,1343
Ville_1650,Ville_0528,2664
Ville_1783,Ville_0346,1259
Ville_0051,Ville_0539,620
Ville_1102,Ville_1099,438
Ville_0265,Ville_1655,2880
Ville_0825,Ville_1153,2511
Ville_1438,Ville_0248,1649
Ville_1901,Ville_0258,1023
Ville_1643,Ville_1110,2092
Ville_0114,Ville_0901,233
Ville_1970,Ville_0914,153
Ville_0975,Ville_0486,1564
Ville_0007,Ville_0298,1367
Ville_0886,Ville_1648,1436
Ville_1367,Ville_1389,1268
Ville_0813,Ville_1457,2687
Ville_0097,Ville_0600,2675
Ville_0771,Ville_1966,182
Ville_0468,Ville_1863,2044
Ville_0332,Ville_0263,1744
Ville_0905,Ville_1749,1430
Ville_1196,Ville_0881,532
Ville_0151,Ville_1164,2987
Ville_1207,Ville_1808,2515
Ville_1444,Ville_0980,2958
Ville_1842,Ville_1098,1046
Ville_0941,Ville_0643,824
Ville_0228,Ville_1333,1176
Ville_1345,Ville_1489,102
Ville_1377,Ville_0279,1250
Ville_1093,Ville_1991,101
Ville_1293,Ville_0494,441
Ville_0109,Ville_0697,1438
Ville_1914,Ville_0261,2257
Ville_1904,Ville_0614,90
Ville_1344,Ville_1912,1402
Ville_1160,Ville_1573,1858
Ville_1383,Ville_1908,1122
Ville_0910,Ville_1120,2175
Ville_0748,Ville_1142,815
Ville_0946,Ville_0606,2045
Ville_1019,Ville_1658,2624
Ville_0688,Ville_1130,1097
Ville_0418,Ville_0410,1632
Ville_1925,Ville_1598,318
Ville_0776,Ville_0741,2437
Ville_1785,Ville_0029,884
Ville_1097,Ville_1083,2751
Ville_0624,Ville_1487,1318
Ville_0813,Ville_0477,1373
Ville_1783,Ville_0294,1981
Ville_0415,Ville_0040,144
Ville_1447,Ville_0753,1861
Ville_1260,Ville_1731,622
Ville_0195,Ville_0150,2914
Ville_0593,Ville_0289,2549
Ville_1085,Ville_1939,2661
Ville_0546,Ville_1453,2835
Ville_0555,Ville_0843,2606
Ville_1452,Ville_0070,861
Ville_1610,Ville_1852,1584
Ville_1991,Ville_0605,981
Ville_1493,Ville_0738,1593
Ville_0143,Ville_1294,602
Ville_0029,Ville_1191,1588
Ville_0998,Ville_0440,1418
Ville_0814,Ville_1139,445
Ville_0943,Ville_0727,2995
Ville_1073,Ville_1963,2674
Ville_1699,Ville_0985,2693
Ville_0088,Ville_0776,1796
Ville_0707,Ville_0132,1379
Ville_1118,Ville_1662,276
Ville_0056,Ville_0270,927
Ville_1662,Ville_0733,572
Ville_0035,Ville_0268,2127
Ville_1659,Ville_1930,2804
Ville_1299,Ville_1304,2246
Ville_0166,Ville_0196,1868
Ville_0193,Ville_0583,259
Ville_1368,Ville_1496,225
Ville_1554,Ville_1985,682
Ville_0896,Ville_1299,1422
Ville_0595,Ville_1220,270
Ville_0413,Ville_0472,1152
Ville_1590,Ville_0034,1101
Ville_1257,Ville_1254,1217
Ville_1228,Ville_1907,1529
Ville_1197,Ville_0250,2662
Ville_0082,Ville_0449,1671
Ville_0914,Ville_0314,2151
Ville_1426,Ville_0363,454
Ville_1710,Ville_0188,1194
Ville_1241,Ville_0321,367
Ville_0671,Ville_1488,1237
Ville_1238,Ville_0387,2283
Ville_0889,Ville_0995,1257
Ville_1565,Ville_1064,1076
Ville_1159,Ville_0791,2362
Ville_0528,Ville_0287,268
Ville_1347,Ville_0946,876
Ville_0287,Ville_0895,269
Ville_0675,Ville_0344,1323
Ville_0696,Ville_1506,782
Ville_1112,Ville_1886,2190
Ville_0333,Ville_1893,535
Ville_1148,Ville_1535,1241
Ville_0045,Ville_0643,1523
Ville_1172,Ville_0381,2374
Ville_1051,Ville_0525,1284
Ville_0139,Ville_0561,2091
Ville_0152,Ville_0469,2144
Ville_1168,Ville_0835,1737
Ville_0224,Ville_1574,2175
Ville_1728,Ville_1081,1673
Ville_1780,Ville_1796,866
Ville_1685,Ville_0018,2969
Ville_1121,Ville_0906,544
Ville_0936,Ville_1188,2941
Ville_0657,Ville_1741,465
Ville_0169,Ville_1352,544
Ville_0980,Ville_1922,2141
Ville_0270,Ville_1056,1588
Ville_1314,Ville_1517,745
Ville_1935,Ville_1044,1876
Ville_1785,Ville_0663,2992
Ville_1950,Ville_1988,444
Ville_1088,Ville_0767,2239
Ville_0349,Ville_0088,844
Ville_0250,Ville_0931,1110
Ville_0339,Ville_1038,2812
Ville_1298,Ville_0497,2461
Ville_1548,Ville_0828,844
Ville_1229,Ville_1253,423
Ville_0953,Ville_0634,1018
Ville_1224,Ville_0183,452
Ville_0495,Ville_1871,726
Ville_1768,Ville_1612,821
Ville_1270,Ville_0010,2229
Ville_1259,Ville_0402,1839
Ville_0519,Ville_0281,1789
Ville_0372,Ville_1767,2700
Ville_0962,Ville_0603,671
Ville_1582,Ville_1377,1707
Ville_0743,Ville_0810,2193
Ville_1750,Ville_0112,2089
Ville_0935,Ville_0696,977
Ville_0356,Ville_0795,1567
Ville_1825,Ville_1207,2366
Ville_0354,Ville_1174,2688
Ville_0949,Ville_0017,318
Ville_1865,Ville_2000,1021
Ville_0273,Ville_0853,1927
Ville_0055,Ville_0075,2569
Ville_1557,Ville_0744,1944
Ville_0651,Ville_0938,2782
Ville_1571,Ville_1161,542
Ville_1670,Ville_0569,1850
Ville_0639,Ville_0590,2891
Ville_1627,Ville_1407,626
Ville_1140,Ville_0171,480
Ville_1585,Ville_0275,217
Ville_1616,Ville_0953,2338
Ville_1945,Ville_0323,2342
Ville_1805,Ville_1872,1801
Ville_0758,Ville_1062,1324
Ville_0290,Ville_1755,289
Ville_0546,Ville_1659,2342
Ville_1366,Ville_0605,2705
Ville_0389,Ville_0992,687
Ville_1311,Ville_1498,2756
Ville_0241,Ville_1233,2486
Ville_0429,Ville_0872,2387
Ville_1904,Ville_1073,110
Ville_1969,Ville_1633,2686
Ville_0381,Ville_1564,2225
Ville_1988,Ville_0206,360
Ville_1113,Ville_0624,1897
Ville_0321,Ville_1183,1993
Ville_1518,Ville_1092,1736
Ville_1908,Ville_1093,1742
Ville_0848,Ville_1506,2776
Ville_1261,Ville_0741,342
Ville_0532,Ville_1582,113
Ville_1063,Ville_0366,350
Ville_1525,Ville_1988,1936
Ville_0887,Ville_1107,2714
Ville_1986,Ville_1625,1412
Ville_0604,Ville_0702,1412
Ville_1072,Ville_0378,619
Ville_1862,Ville_0670,238
Ville_1638,Ville_0596,849
Ville_0543,Ville_1417,2429
Ville_1591,Ville_0941,678
Ville_0475,Ville_1663,927
Ville_0341,Ville_0900,2260
Ville_0986,Ville_1037,682
Ville_1622,Ville_1231,1791
Ville_1042,Ville_0891,1042
Ville_0394,Ville_1107,931
Ville_1677,Ville_1828,2945
Ville_0563,Ville_0131,2909
Ville_1686,Ville_0265,1767
Ville_0764,Ville_0795,1247
Ville_0996,Ville_0456,2261
Ville_1458,Ville_0999,1340
Ville_0114,Ville_0945,781
Ville_0977,Ville_0496,1014
Ville_0261,Ville_0976,1363
Ville_1726,Ville_1521,563
Ville_0589,Ville_1008,1883
Ville_0149,Ville_1154,1043
Ville_0223,Ville_0182,2342
Ville_0660,Ville_1291,2491
Ville_0487,Ville_1248,978
Ville_1311,Ville_1999,1994
Ville_0627,Ville_1665,308
Ville_0232,Ville_0897,489
Ville_0828,Ville_1042,1303
Ville_0337,Ville_1497,115
Ville_0181,Ville_1161,91
Ville_1098,Ville_1698,2359
Ville_0048,Ville_1488,326
Ville_1599,Ville_0527,1467
Ville_1650,Ville_0502,61
Ville_0109,Ville_0995,1421
Ville_0717,Ville_1928,1623
Ville_1616,Ville_0772,2024
Ville_0251,Ville_0409,2122
Ville_0996,Ville_1069,460
Ville_0215,Ville_0451,2913
Ville_0479,Ville_1790,2284
Ville_1061,Ville_1189,1357
Ville_0282,Ville_1858,2048
Ville_1539,Ville_1781,1730
Ville_0287,Ville_0044,1377
Ville_1352,Ville_0334,1820
Ville_0866,Ville_1435,690
Ville_0034,Ville_0071,1835
Ville_1383,Ville_1394,1184
Ville_1825,Ville_0435,2671
Ville_1376,Ville_1260,2842
Ville_0723,Ville_0797,822
Ville_0846,Ville_1069,2531
Ville_0839,Ville_1077,2014
Ville_0828,Ville_0231,2434
Ville_1165,Ville_0686,408
Ville_1405,Ville_0923,2198
Ville_0305,Ville_1912,424
Ville_0636,Ville_1074,337
Ville_1478,Ville_1837,1909
Ville_0133,Ville_1325,2190
Ville_0511,Ville_0499,1241
Ville_0268,Ville_0142,113
Ville_0975,Ville_0595,1078
Ville_1113,Ville_0985,93
Ville_0681,Ville_0419,677
Ville_0501,Ville_0342,579
Ville_0008,Ville_0260,2081
Ville_0368,Ville_0361,1741
Ville_0102,Ville_1094,682
Ville_0505,Ville_0605,2751
Ville_1044,Ville_1742,1871
Ville_0339,Ville_0881,1850
Ville_1948,Ville_1178,1975
Ville_1837,Ville_1870,2807
Ville_1641,Ville_1858,1409
Ville_0092,Ville_1903,1473
Ville_0661,Ville_1179,1556
Ville_0412,Ville_0703,2236
Ville_0611,Ville_0471,1296
Ville_0523,Ville_0707,2511
Ville_1596,Ville_0414,568
Ville_1276,Ville_1852,647
Ville_1393,Ville_0731,272
Ville_1374,Ville_1522,350
Ville_0815,Ville_0745,1767
Ville_1888,Ville_1056,2285
Ville_1901,Ville_0846,1659
Ville_1841,Ville_0336,1930
Ville_0421,Ville_1906,2533
Ville_0640,Ville_0061,1921
Ville_1938,Ville_0282,116
Ville_1099,Ville_1781,2024
Ville_0278,Ville_0568,673
Ville_1174,Ville_0562,1846
Ville_1184,Ville_1331,2482
Ville_0602,Ville_0705,2284
Ville_1463,Ville_0943,2329
Ville_1560,Ville_0366,154
Ville_1231,Ville_0316,1771
Ville_0985,Ville_0492,2353
Ville_0261,Ville_1110,2633
Ville_1221,Ville_0239,2498
Ville_0418,Ville_1294,74
Ville_1644,Ville_0855,1718
Ville_1327,Ville_0135,2898
Ville_1646,Ville_1593,2554
Ville_0520,Ville_0573,2886
Ville_1914,Ville_0354,2601
Ville_1311,Ville_1056,1383
Ville_1027,Ville_0095,2687
Ville_1694,Ville_1143,1116
Ville_1635,Ville_1344,1998
Ville_1978,Ville_1388,951
Ville_1037,Ville_0687,1798
Ville_0084,Ville_1918,1304
Ville_0195,Ville_0890,485
Ville_0120,Ville_1029,1955
Ville_1952,Ville_1402,118
Ville_1545,Ville_1202,1884
Ville_1301,Ville_0367,1853
Ville_0191,Ville_1833,2736
Ville_1140,Ville_0070,613
Ville_0827,Ville_1283,2416
Ville_0337,Ville_0949,541
Ville_1704,Ville_0009,2258
Ville_0433,Ville_0901,2785
Ville_1749,Ville_1768,1228
Ville_1013,Ville_1802,2168
Ville_0179,Ville_1072,1465
Ville_0337,Ville_0994,1381
Ville_0094,Ville_1120,1304
Ville_1943,Ville_0031,1216
Ville_0567,Ville_0544,2019
Ville_0208,Ville_0645,485
Ville_1695,Ville_0305,2379
Ville_0164,Ville_1694,683
Ville_0180,Ville_1036,2955
Ville_0081,Ville_0580,540
Ville_1434,Ville_0103,496
Ville_0584,Ville_0594,1995
Ville_0470,Ville_0725,2648
Ville_1803,Ville_0001,895
Ville_1131,Ville_1674,658
Ville_1731,Ville_0106,2036
Ville_1743,Ville_0366,1123
Ville_0532,Ville_0205,139
Ville_1105,Ville_1059,147
Ville_0252,Ville_1653,525
Ville_0141,Ville_1882,392
Ville_0645,Ville_0216,83
Ville_1755,Ville_1010,529
Ville_1517,Ville_0856,218
Ville_0414,Ville_0387,2671
Ville_1538,Ville_1820,99
Ville_0510,Ville_1374,1298
Ville_1633,Ville_0434,871
Ville_1411,Ville_1532,55
Ville_1221,Ville_1222,824
Ville_1659,Ville_0988,2142
Ville_1806,Ville_0289,818
Ville_1991,Ville_1927,1255
Ville_0529,Ville_0423,1817
Ville_0091,Ville_0670,452
Ville_1470,Ville_0663,1139
Ville_0613,Ville_0074,1145
Ville_1723,Ville_1867,1228
Ville_1411,Ville_0993,1913
Ville_0544,Ville_1027,432
Ville_0784,Ville_1853,1842
Ville_1240,Ville_1287,554
Ville_1055,Ville_0223,973
Ville_1182,Ville_1133,1566
Ville_0418,Ville_0886,1422
Ville_0749,Ville_1462,1885
Ville_1042,Ville_0566,139
Ville_0691,Ville_1278,852
Ville_1758,Ville_1795,1073
Ville_1527,Ville_0402,773
Ville_0693,Ville_0175,2253
Ville_0054,Ville_0808,2679
Ville_0761,Ville_0252,892
Ville_1443,Ville_0134,87
Ville_0644,Ville_0356,2615
Ville_0323,Ville_1347,1424
Ville_1497,Ville_1855,817
Ville_1949,Ville_0367,1901
Ville_0109,Ville_1950,832
Ville_0682,Ville_1794,2716
Ville_0440,Ville_0993,2232
Ville_0412,Ville_0114,2455
Ville_0648,Ville_0038,178
Ville_1292,Ville_0022,1187
Ville_1236,Ville_0418,78
Ville_0931,Ville_1160,475
Ville_1187,Ville_1005,1569
Ville_1622,Ville_1977,2822
Ville_1763,Ville_1353,176
Ville_1972,Ville_1254,831
Ville_0096,Ville_0838,309
Ville_0886,Ville_0228,1695
Ville_0242,Ville_1610,105
Ville_1576,Ville_1179,2928
Ville_1111,Ville_1125,1533
Ville_1037,Ville_0310,1066
Ville_0029,Ville_0344,596
Ville_1893,Ville_1148,2298
Ville_1442,Ville_1917,1545
Ville_1414,Ville_0621,995
Ville_0732,Ville_0596,2900
Ville_1745,Ville_0574,931
Ville_0589,Ville_1059,286
Ville_1464,Ville_1123,2291
Ville_1109,Ville_0881,2889
Ville_0498,Ville_1750,1669
Ville_1004,Ville_0332,1982
Ville_0676,Ville_1282,2152
Ville_1390,Ville_0818,1224
Ville_1841,Ville_1839,2139
Ville_1592,Ville_1247,2811
Ville_1981,Ville_0665,1803
Ville_1759,Ville_0150,1335
Ville_1352,Ville_1466,362
Ville_0844,Ville_1364,1898
Ville_0644,Ville_1443,2998
Ville_1137,Ville_1337,2773
Ville_1618,Ville_0008,465
Ville_1634,Ville_1253,463
Ville_1253,Ville_0617,2825
Ville_0208,Ville_1746,85
Ville_0889,Ville_0329,2878
Ville_0244,Ville_0762,2513
Ville_0307,Ville_0964,432
Ville_0862,Ville_0573,1571
Ville_0320,Ville_0349,1281
Ville_1934,Ville_1914,1782
Ville_0057,Ville_0149,1927
Ville_1241,Ville_1398,560
Ville_0920,Ville_1025,1009
Ville_0064,Ville_1126,743
Ville_1982,Ville_1317,1271
Ville_1380,Ville_0557,410
Ville_0953,Ville_0710,1171
Ville_0287,Ville_0917,174
Ville_1514,Ville_0730,2359
Ville_1492,Ville_1758,127
Ville_1272,Ville_1916,1764
Ville_1071,Ville_1646,978
Ville_1593,Ville_0621,1578
Ville_1407,Ville_0299,1755
Ville_0283,Ville_0191,970
Ville_0938,Ville_1454,103
Ville_0948,Ville_1245,1667
Ville_0354,Ville_1094,2903
Ville_1578,Ville_0802,2826
Ville_0154,Ville_1564,2738
Ville_0135,Ville_1905,925
Ville_1015,Ville_0741,2084
Ville_1659,Ville_1493,349
Ville_0875,Ville_1534,2133
Ville_0569,Ville_0338,2894
Ville_1292,Ville_1478,293
Ville_1111,Ville_0688,2466
Ville_0837,Ville_1194,1784
Ville_1709,Ville_0956,1119
Ville_1995,Ville_1910,965
Ville_1625,Ville_1333,1127
Ville_1427,Ville_1992,1794
Ville_0326,Ville_0634,2801
Ville_1774,Ville_1461,1731
Ville_1384,Ville_0438,1927
Ville_1272,Ville_0849,2497
Ville_0855,Ville_1304,522
Ville_1686,Ville_1017,2497
Ville_0255,Ville_0801,2903
Ville_1431,Ville_1542,2344
Ville_1613,Ville_0913,254
Ville_1295,Ville_0602,1274
Ville_0211,Ville_0401,586
Ville_1611,Ville_1851,483
Ville_0187,Ville_0328,1064
Ville_1144,Ville_1685,2404
Ville_1425,Ville_0747,1475
Ville_1132,Ville_0054,1002
Ville_0661,Ville_0319,1828
Ville_1164,Ville_0574,2577
Ville_1149,Ville_1725,2631
Ville_0752,Ville_0651,1163
Ville_1008,Ville_1972,177
Ville_1298,Ville_1274,2878
Ville_0815,Ville_0317,850
Ville_0369,Ville_0570,97
Ville_0983,Ville_0151,2603
Ville_0411,Ville_0200,2747
Ville_1303,Ville_1255,137
Ville_0414,Ville_1916,1474
Ville_1417,Ville_0926,1642
Ville_0375,Ville_1444,2477
Ville_0447,Ville_1993,238
Ville_0488,Ville_1544,2069
Ville_1682,Ville_1463,2373
Ville_0374,Ville_1105,127
Ville_1196,Ville_1795,551
Ville_1359,Ville_0813,1244
Ville_1101,Ville_1436,525
Ville_1482,Ville_1388,1395
Ville_1054,Ville_0021,1708
Ville_0273,Ville_1004,113
Ville_1447,Ville_1895,374
Ville_1522,Ville_0351,2378
Ville_1964,Ville_0735,963
Ville_0771,Ville_1151,871
Ville_0607,Ville_0635,2922
Ville_0879,Ville_0362,2894
Ville_1722,Ville_0356,2742
Ville_1019,Ville_0139,2581
Ville_0794,Ville_0560,1690
Ville_0211,Ville_0908,1981
Ville_1629,Ville_0137,2600
Ville_1467,Ville_1323,1731
Ville_0819,Ville_0501,2804
Ville_1046,Ville_1481,2544
Ville_0598,Ville_0804,2945
Ville_1002,Ville_0707,2266
Ville_0347,Ville_1940,2128
Ville_1918,Ville_0673,845
Ville_0421,Ville_1598,696
Ville_1283,Ville_0101,1568
Ville_0470,Ville_1949,2895
Ville_0987,Ville_0482,261
Ville_0405,Ville_0195,696
Ville_1470,Ville_1403,177
Ville_0273,Ville_1187,2789
Ville_0478,Ville_1321,1724
Ville_0971,Ville_1091,1365
Ville_1008,Ville_0421,1741
Ville_0738,Ville_0360,1868
Ville_0681,Ville_0133,834
Ville_0394,Ville_0323,935
Ville_0464,Ville_1845,1087
Ville_0494,Ville_1572,2144
Ville_1702,Ville_1793,242
Ville_1717,Ville_0065,1323
Ville_0598,Ville_0601,1624
Ville_1256,Ville_1784,2051
Ville_1531,Ville_0885,2346
Ville_1567,Ville_1044,1051
Ville_0492,Ville_0266,1285
Ville_0125,Ville_1711,2604
Ville_1881,Ville_1782,1947
Ville_1334,Ville_1753,2295
Ville_1646,Ville_1461,638
Ville_1422,Ville_1815,2441
Ville_0994,Ville_1131,2592
Ville_0137,Ville_0685,2013
Ville_0619,Ville_1598,851
Ville_0038,Ville_1485,283
Ville_0675,Ville_0619,2441
Ville_0146,Ville_1004,2006
Ville_0867,Ville_0570,214
Ville_1225,Ville_1437,1264
Ville_0307,Ville_0722,928
Ville_0954,Ville_1889,1768
Ville_0867,Ville_1455,1517
Ville_1174,Ville_1375,1503
Ville_0498,Ville_0448,2443
Ville_0275,Ville_0392,1757
Ville_0531,Ville_0885,755
Ville_0058,Ville_1645,2835
Ville_1326,Ville_0774,2814
Ville_0020,Ville_0965,1963
Ville_1190,Ville_0852,850
Ville_0348,Ville_0432,1471
Ville_1041,Ville_0457,933
Ville_1690,Ville_0104,1951
Ville_1140,Ville_0213,1066
Ville_0117,Ville_0578,1401
Ville_0777,Ville_1922,2787
Ville_1099,Ville_1005,2611
Ville_1804,Ville_1616,1503
Ville_0940,Ville_1680,663
Ville_1258,Ville_1386,277
Ville_0972,Ville_0288,2129
Ville_1844,Ville_1647,2215
Ville_0001,Ville_1986,821
Ville_1405,Ville_0823,1310
Ville_1514,Ville_1016,1093
Ville_0583,Ville_0947,1747
Ville_1206,Ville_0339,2654
Ville_0627,Ville_1139,743
Ville_0735,Ville_1344,900
Ville_1966,Ville_0902,418
Ville_0735,Ville_1977,1225
Ville_0828,Ville_0889,849
Ville_1992,Ville_1977,1787
Ville_0230,Ville_1830,457
Ville_0487,Ville_0906,1319
Ville_1166,Ville_0564,1936
Ville_1917,Ville_1426,326
Ville_1993,Ville_0439,2696
Ville_1307,Ville_1849,2506
Ville_1179,Ville_1472,1441
Ville_1409,Ville_0881,2843
Ville_0925,Ville_1442,1783
Ville_0211,Ville_1509,2701
Ville_1027,Ville_1998,2297
Ville_0599,Ville_1612,1288
Ville_0910,Ville_0915,1013
Ville_1050,Ville_0469,1407
Ville_1318,Ville_0688,1726
Ville_0983,Ville_0618,1570
Ville_1811,Ville_1977,435
Ville_1650,Ville_1844,2895
Ville_0826,Ville_0969,2675
Ville_0378,Ville_0567,2022
Ville_0682,Ville_0350,2904
Ville_1458,Ville_1253,2941
Ville_0309,Ville_1246,963
Ville_1821,Ville_1494,901
Ville_1989,Ville_1719,1846
Ville_1560,Ville_0944,529
Ville_1383,Ville_1100,1001
Ville_0358,Ville_1396,2326
Ville_0742,Ville_0935,2778
Ville_0207,Ville_1141,1430
Ville_1958,Ville_0856,2713
Ville_1209,Ville_1355,2811
Ville_0719,Ville_0239,2001
Ville_0179,Ville_0934,2404
Ville_1440,Ville_1157,2262
Ville_1133,Ville_0782,2167
Ville_1765,Ville_0957,2889
Ville_0851,Ville_1643,1398
Ville_0013,Ville_0337,2498
Ville_0885,Ville_0864,1186
Ville_0654,Ville_0187,2417
Ville_1248,Ville_1725,2471
Ville_0583,Ville_1924,58
Ville_1639,Ville_1933,1138
Ville_0826,Ville_1204,613
Ville_1222,Ville_0990,2842
Ville_0681,Ville_1618,1697
Ville_1921,Ville_1181,607
Ville_1075,Ville_1462,427
Ville_1067,Ville_1865,696
Ville_1855,Ville_0655,2969
Ville_0951,Ville_0596,803
Ville_1350,Ville_0390,1531
Ville_0502,Ville_0402,1351
Ville_0678,Ville_0193,2853
Ville_1559,Ville_1792,958
Ville_1009,Ville_0211,2849
Ville_0697,Ville_0537,2434
Ville_1120,Ville_1737,1551
Ville_0648,Ville_1005,1507
Ville_1986,Ville_1806,2812
Ville_0816,Ville_0168,2392
Ville_0514,Ville_1342,487
Ville_1566,Ville_1185,2187
Ville_1594,Ville_1719,2558
Ville_0669,Ville_0510,2379
Ville_1235,Ville_0256,1932
Ville_1352,Ville_0684,2289
Ville_1510,Ville_0575,691
Ville_0501,Ville_0357,1934
Ville_0629,Ville_0809,1645
Ville_0394,Ville_1992,1128
Ville_1662,Ville_0124,2050
Ville_1065,Ville_0943,846
Ville_1061,Ville_1995,145
Ville_0804,Ville_1761,2193
Ville_0842,Ville_1467,1413
Ville_1278,Ville_1573,1283
Ville_1518,Ville_1711,179
Ville_1373,Ville_1427,2735
Ville_0853,Ville_0566,1312
Ville_1598,Ville_0984,2113
Ville_1933,Ville_0156,1967
Ville_0243,Ville_0960,621
Ville_0180,Ville_0828,2288
Ville_1763,Ville_0402,199
Ville_0069,Ville_0585,119
Ville_1689,Ville_1926,2984
Ville_1233,Ville_0870,1229
Ville_1308,Ville_0141,956
Ville_1199,Ville_1490,1286
Ville_0382,Ville_0227,2501
Ville_1384,Ville_0171,1208
Ville_1301,Ville_0654,2789
Ville_1482,Ville_0032,829
Ville_1598,Ville_1155,2258
Ville_0659,Ville_1410,2972
Ville_1570,Ville_0534,1199
Ville_1703,Ville_0445,1439
Ville_1980,Ville_0379,2830
Ville_1017,Ville_1995,2422
Ville_1050,Ville_1148,950
Ville_1742,Ville_0377,444
Ville_0603,Ville_0020,1900
Ville_0875,Ville_0380,2258
Ville_1342,Ville_1596,623
Ville_0510,Ville_0714,1556
Ville_0928,Ville_0661,1420
Ville_1664,Ville_1267,553
Ville_0923,Ville_1430,1741
Ville_1846,Ville_1302,1172
Ville_1977,Ville_0578,2712
Ville_1036,Ville_0421,1305
Ville_0386,Ville_1267,212
Ville_0979,Ville_1492,362
Ville_1059,Ville_1692,1016
Ville_1028,Ville_0814,2986
Ville_1269,Ville_1038,2007
Ville_1587,Ville_1338,635
Ville_1115,Ville_1848,962
Ville_0620,Ville_1709,580
Ville_1282,Ville_1473,2066
Ville_0628,Ville_1182,2974
Ville_1811,Ville_0625,2135
Ville_0020,Ville_0374,2989
Ville_0187,Ville_1165,1756
Ville_0199,Ville_0231,2716
Ville_1119,Ville_0493,2194
Ville_0784,Ville_0622,2606
Ville_0218,Ville_1877,493
Ville_1759,Ville_0007,2234
Ville_1541,Ville_1402,2719
Ville_1234,Ville_1645,2424
Ville_1852,Ville_0500,2965
Ville_1582,Ville_0183,2686
Ville_0937,Ville_0872,2643
Ville_1187,Ville_1125,1856
Ville_0191,Ville_1705,2941
Ville_1591,Ville_0112,1706
Ville_1671,Ville_1298,478
Ville_0354,Ville_1422,2521
Ville_1611,Ville_0784,152
Ville_1534,Ville_1713,2009
Ville_1424,Ville_0776,2758
Ville_1831,Ville_0138,2636
Ville_1212,Ville_1181,120
Ville_0905,Ville_0040,642
Ville_0926,Ville_0896,1810
Ville_2000,Ville_1190,1745
Ville_0186,Ville_0641,1603
Ville_0146,Ville_1003,2893
Ville_0250,Ville_1505,100
Ville_1127,Ville_1531,2900
Ville_1662,Ville_0631,807
Ville_0773,Ville_0971,396
Ville_1317,Ville_0699,1998
Ville_1165,Ville_1582,1443
Ville_1631,Ville_1669,2659
Ville_1157,Ville_1707,1846
Ville_1719,Ville_1714,1651
Ville_1780,Ville_0819,214
Ville_0330,Ville_0352,1498
Ville_1804,Ville_1167,590
Ville_1391,Ville_1796,552
Ville_0823,Ville_0756,1825
Ville_0971,Ville_1857,2249
Ville_0275,Ville_0661,940
Ville_0749,Ville_0718,2577
Ville_0443,Ville_0494,2191
Ville_1769,Ville_1222,2658
Ville_1038,Ville_0857,772
Ville_0043,Ville_0263,599
Ville_1544,Ville_1875,2125
Ville_0898,Ville_1008,2380
Ville_1336,Ville_1006,452
Ville_1432,Ville_1500,415
Ville_1279,Ville_1301,1511
Ville_0787,Ville_1384,502
Ville_1097,Ville_0994,609
Ville_1341,Ville_1023,793
Ville_1041,Ville_1546,2087
Ville_1395,Ville_0614,2990
Ville_0172,Ville_0469,1469
Ville_1153,Ville_0234,2183
Ville_1044,Ville_0627,2084
Ville_1095,Ville_0692,633
Ville_0822,Ville_1044,1102
Ville_0537,Ville_0316,2583
Ville_1331,Ville_0906,305
Ville_0951,Ville_0701,2705
Ville_0465,Ville_0339,2274
Ville_0961,Ville_0316,1300
Ville_0048,Ville_1522,270
Ville_1447,Ville_0787,321
Ville_0176,Ville_0427,850
Ville_1590,Ville_0241,404
Ville_1343,Ville_1187,1657
Ville_0814,Ville_1926,2947
Ville_0757,Ville_0524,2483
Ville_1751,Ville_0053,2475
Ville_0867,Ville_0076,1995
Ville_1683,Ville_1790,1711
Ville_0797,Ville_1485,941
Ville_1042,Ville_1551,1794
Ville_1494,Ville_0908,364
Ville_1193,Ville_1726,719
Ville_1282,Ville_1276,2823
Ville_0637,Ville_1962,2672
Ville_1175,Ville_0073,830
Ville_1740,Ville_1522,67
Ville_1471,Ville_0281,2332
Ville_1331,Ville_0972,180
Ville_0785,Ville_0227,479
Ville_1067,Ville_0491,576
Ville_1246,Ville_1486,1979
Ville_0818,Ville_1264,618
Ville_1671,Ville_0140,2724
Ville_0762,Ville_0115,1431
Ville_1441,Ville_1027,2039
Ville_0671,Ville_1824,2374
Ville_0942,Ville_0478,1755
Ville_0791,Ville_0102,111
Ville_1007,Ville_1994,256
Ville_1829,Ville_0357,1084
Ville_1711,Ville_0607,913
Ville_1571,Ville_1087,706
Ville_0059,Ville_0282,2806
Ville_0538,Ville_0981,1216
Ville_0419,Ville_1385,126
Ville_1835,Ville_0909,2604
Ville_0877,Ville_1628,1994
Ville_1384,Ville_1594,948
Ville_0043,Ville_0493,264
Ville_0661,Ville_0477,2323
Ville_0583,Ville_0280,1489
Ville_1786,Ville_0665,2944
Ville_0368,Ville_0764,2674
Ville_1545,Ville_0473,2279
Ville_0146,Ville_1718,272
Ville_0281,Ville_1197,2555
Ville_1801,Ville_0030,1295
Ville_1571,Ville_1197,2447
Ville_1550,Ville_0848,1836
Ville_0118,Ville_1536,1987
Ville_1172,Ville_0876,2258
Ville_1220,Ville_0125,465
Ville_0701,Ville_0852,479
Ville_0261,Ville_1977,420
Ville_1441,Ville_1309,961
Ville_1329,Ville_0467,933
Ville_1921,Ville_1415,2594
Ville_1384,Ville_0973,2280
Ville_1447,Ville_0960,2436
Ville_1247,Ville_1439,884
Ville_0286,Ville_1173,94
Ville_0854,Ville_1907,2100
Ville_0491,Ville_1559,465
Ville_1013,Ville_0203,2976
Ville_1031,Ville_0398,2380
Ville_0403,Ville_1820,2770
Ville_1139,Ville_1090,523
Ville_1711,Ville_0265,1834
Ville_1867,Ville_0220,2286
Ville_1578,Ville_1992,2502
Ville_1391,Ville_1712,794
Ville_0550,Ville_1429,365
Ville_1604,Ville_1826,2430
Ville_1552,Ville_0921,1109
Ville_1592,Ville_0505,665
Ville_1272,Ville_1518,1490
Ville_1268,Ville_1031,1339
Ville_0054,Ville_1077,2381
Ville_1975,Ville_1736,218
Ville_1334,Ville_0980,372
Ville_1599,Ville_0633,592
Ville_0447,Ville_0867,2119
Ville_0298,Ville_1422,1733
Ville_1984,Ville_0089,2898
Ville_0050,Ville_0088,437
Ville_0273,Ville_1680,2139
Ville_1595,Ville_1801,1273
Ville_1365,Ville_1281,2040
Ville_1875,Ville_0398,1509
Ville_1262,Ville_1675,2331
Ville_0691,Ville_1309,2429
Ville_1157,Ville_0699,948
Ville_0682,Ville_0752,2837
Ville_0377,Ville_0228,900
Ville_0565,Ville_1264,971
Ville_0555,Ville_1157,1360
Ville_0304,Ville_0636,1327
Ville_0151,Ville_0414,2830
Ville_0617,Ville_0600,1907
Ville_1264,Ville_0498,262
Ville_1583,Ville_1620,177
Ville_1903,Ville_1550,1222
Ville_0392,Ville_1528,1602
Ville_1334,Ville_1355,512
Ville_0313,Ville_0717,146
Ville_1802,Ville_1398,603
Ville_1572,Ville_1804,283
Ville_0263,Ville_1516,352
Ville_0788,Ville_0700,2180
Ville_1889,Ville_1465,253
Ville_0273,Ville_1785,2514
Ville_0987,Ville_1341,2385
Ville_0506,Ville_1060,1487
Ville_0534,Ville_1614,2873
Ville_0282,Ville_0427,551
Ville_0313,Ville_1483,313
Ville_1551,Ville_1117,2506
Ville_0393,Ville_1991,542
Ville_1489,Ville_0281,515
Ville_1218,Ville_0392,2325
Ville_1391,Ville_0185,96
Ville_1723,Ville_0513,2352
Ville_0444,Ville_0781,1534
Ville_1044,Ville_1606,421
Ville_1649,Ville_1402,854
Ville_0773,Ville_0734,2071
Ville_0949,Ville_0275,2869
Ville_0765,Ville_1692,2433
Ville_1538,Ville_1062,848
Ville_1539,Ville_0353,2292
Ville_1251,Ville_1153,2236
Ville_1832,Ville_0374,197
Ville_1667,Ville_0645,1282
Ville_1446,Ville_0452,2203
Ville_0972,Ville_0355,533
Ville_0696,Ville_0013,2638
Ville_1614,Ville_1958,1782
Ville_0671,Ville_1666,2909
Ville_0152,Ville_0811,476
Ville_0563,Ville_0145,903
Ville_1623,Ville_0108,1863
Ville_0561,Ville_0183,1181
Ville_1645,Ville_1200,962
Ville_1469,Ville_1036,919
Ville_1342,Ville_0045,1547
Ville_1387,Ville_1357,1074
Ville_1163,Ville_1477,2306
Ville_0683,Ville_1592,2226
Ville_0556,Ville_0981,971
Ville_0019,Ville_0847,1854
Ville_0247,Ville_0034,1708
Ville_0417,Ville_0228,2240
Ville_1886,Ville_0821,1597
Ville_1541,Ville_0324,2250
Ville_1468,Ville_1527,567
Ville_1904,Ville_1896,2991
Ville_0103,Ville_0245,977
Ville_1712,Ville_0639,1559
Ville_0770,Ville_0634,1809
Ville_1591,Ville_0841,1200
Ville_1881,Ville_1206,2843
Ville_1086,Ville_0563,1071
Ville_0443,Ville_1026,851
Ville_0888,Ville_1288,157
Ville_0098,Ville_0014,1335
Ville_0863,Ville_0707,1644
Ville_1020,Ville_0930,2170
Ville_0439,Ville_1670,1511
Ville_1780,Ville_0259,1122
Ville_1740,Ville_0012,796
Ville_1348,Ville_1960,2479
Ville_1120,Ville_1614,1339
Ville_1026,Ville_1719,2749
Ville_0799,Ville_0316,1959
Ville_1079,Ville_0305,515
Ville_1775,Ville_1401,2190
Ville_1363,Ville_1956,1526
Ville_0396,Ville_0650,1864
Ville_0899,Ville_0016,295
Ville_1633,Ville_1871,2514
Ville_0317,Ville_0634,807
Ville_0243,Ville_0997,2943
Ville_1380,Ville_1631,1327
Ville_0622,Ville_0270,1652
Ville_1883,Ville_1872,2923
Ville_0867,Ville_0485,2162
Ville_1672,Ville_1125,1935
Ville_0480,Ville_1193,1100
Ville_1460,Ville_1632,519
Ville_0312,Ville_0007,1035
Ville_0727,Ville_1528,2208
Ville_0727,Ville_1747,2392
Ville_1253,Ville_0713,2762
Ville_1966,Ville_0663,958
Ville_1005,Ville_1410,992
Ville_1217,Ville_0535,1644
Ville_0848,Ville_1211,461
Ville_1033,Ville_0631,1105
Ville_0425,Ville_1535,1463
Ville_1461,Ville_1962,1166
Ville_0490,Ville_1464,707
Ville_0217,Ville_0670,483
Ville_1095,Ville_1628,2791
Ville_0239,Ville_1179,682
Ville_1466,Ville_0458,865
Ville_1407,Ville_0053,1895
Ville_0282,Ville_0632,1998
Ville_0673,Ville_1621,633
Ville_1031,Ville_1524,1112
Ville_1143,Ville_1723,1545
Ville_0613,Ville_1030,265
Ville_1371,Ville_0724,945
Ville_0718,Ville_0673,2280
Ville_0914,Ville_0311,391
Ville_1695,Ville_1653,1643
Ville_1620,Ville_0236,833
Ville_0701,Ville_0343,1534
Ville_1468,Ville_0080,1790
Ville_1085,Ville_1016,1528
Ville_1743,Ville_0340,159
Ville_1904,Ville_0943,1842
Ville_0242,Ville_1961,1454
Ville_0044,Ville_0011,132
Ville_1705,Ville_1897,2208
Ville_0168,Ville_0597,1107
Ville_0869,Ville_0736,1850
Ville_0900,Ville_0331,2176
Ville_1804,Ville_1298,1802
Ville_1081,Ville_1575,2780
Ville_0711,Ville_0700,2086
Ville_0531,Ville_1352,1323
Ville_1208,Ville_1184,577
Ville_1601,Ville_0449,2643
Ville_0221,Ville_1023,1609
Ville_1962,Ville_0397,1168
Ville_1070,Ville_0331,1803
Ville_0018,Ville_0291,2319
Ville_1527,Ville_0377,1379
Ville_0696,Ville_0037,521
Ville_0751,Ville_0047,2937
Ville_0806,Ville_0307,1765
Ville_0510,Ville_0175,537
Ville_0813,Ville_1899,979
Ville_0581,Ville_1792,1216
Ville_0813,Ville_0055,1550
Ville_1259,Ville_0238,2890
Ville_1781,Ville_1317,2877
Ville_0368,Ville_0442,1796
Ville_0060,Ville_1225,1391
Ville_1191,Ville_1427,340
Ville_1353,Ville_0248,2886
Ville_0758,Ville_0651,1317
Ville_0539,Ville_1425,1621
Ville_0512,Ville_1718,2687
Ville_1834,Ville_0235,1530
Ville_0603,Ville_1886,787
Ville_1361,Ville_1066,2026
Ville_1125,Ville_0889,2102
Ville_1488,Ville_0101,1721
Ville_1190,Ville_1886,2731
Ville_0490,Ville_1122,2210
Ville_0488,Ville_1389,1599
Ville_0948,Ville_1016,1464
Ville_1631,Ville_0428,2171
Ville_1911,Ville_0421,2079
Ville_0598,Ville_0641,2588
Ville_0586,Ville_0009,951
Ville_1211,Ville_0138,1752
Ville_1158,Ville_0184,2272
Ville_0598,Ville_1165,2537
Ville_0938,Ville_1778,2586
Ville_0980,Ville_0469,1021
Ville_0209,Ville_0681,629
Ville_0169,Ville_0259,370
Ville_0856,Ville_0045,1451
Ville_0662,Ville_0476,2165
Ville_1802,Ville_0558,1495
Ville_0569,Ville_1428,2848
Ville_0599,Ville_0392,2247
Ville_1120,Ville_1705,1039
Ville_0563,Ville_1637,2347
Ville_0581,Ville_1315,87
Ville_1609,Ville_1313,206
Ville_1251,Ville_0691,856
Ville_0586,Ville_0444,2930
Ville_0330,Ville_0644,2278
Ville_0328,Ville_0783,1362
Ville_1580,Ville_1953,1657
Ville_1218,Ville_0361,2623
Ville_0567,Ville_0952,153
Ville_1809,Ville_0406,2492
Ville_1091,Ville_0142,622
Ville_0141,Ville_1356,450
Ville_0605,Ville_1511,2634
Ville_0453,Ville_1667,2676
Ville_0692,Ville_0491,2035
Ville_0407,Ville_1788,1290
Ville_1914,Ville_0010,1521
Ville_0197,Ville_0971,516
Ville_0805,Ville_0850,791
Ville_0649,Ville_0957,1394
Ville_0391,Ville_0350,1297
Ville_1249,Ville_0150,677
Ville_1132,Ville_0212,428
Ville_0324,Ville_1012,877
Ville_1888,Ville_1106,489
Ville_1947,Ville_1612,620
Ville_0586,Ville_1107,875
Ville_0864,Ville_0954,1949
Ville_1760,Ville_1557,1631
Ville_0379,Ville_0939,298
Ville_1963,Ville_0423,1937
Ville_1810,Ville_1503,764
Ville_1823,Ville_1927,2170
Ville_1168,Ville_1564,1311
Ville_1016,Ville_0770,1459
Ville_1511,Ville_0164,2115
Ville_1106,Ville_0366,964
Ville_0502,Ville_1392,1757
Ville_1800,Ville_0456,1559
Ville_1481,Ville_1168,736
Ville_1180,Ville_0220,1993
Ville_0507,Ville_1441,2971
Ville_0342,Ville_0651,2897
Ville_0583,Ville_0126,787
Ville_0744,Ville_1141,2412
Ville_0450,Ville_1465,2054
Ville_1754,Ville_1617,2395
Ville_1383,Ville_0203,2119
Ville_0838,Ville_1757,1252
Ville_0159,Ville_1374,960
Ville_0307,Ville_0836,2809
Ville_0714,Ville_1507,2129
Ville_1435,Ville_1981,619
Ville_0778,Ville_1304,116
Ville_0071,Ville_0629,970
Ville_0599,Ville_0477,947
Ville_0270,Ville_1954,1796
Ville_0333,Ville_0182,1523
Ville_1533,Ville_1477,1691
Ville_0113,Ville_0067,878
Ville_0005,Ville_0358,2559
Ville_1136,Ville_1725,1222
Ville_0860,Ville_1864,1573
Ville_1923,Ville_1719,993
Ville_0607,Ville_0915,1088
Ville_0043,Ville_1148,61
Ville_1867,Ville_1086,2093
Ville_1641,Ville_0560,716
Ville_0022,Ville_0955,2546
Ville_0868,Ville_0779,629
Ville_0686,Ville_1847,2175
Ville_0442,Ville_1989,2736
Ville_0186,Ville_0052,1153
Ville_0527,Ville_1009,965
Ville_1046,Ville_1999,1228
Ville_0365,Ville_0174,2783
Ville_1894,Ville_1036,1140
Ville_1046,Ville_1719,1364
Ville_1854,Ville_1871,1579
Ville_0258,Ville_1166,2080
Ville_0539,Ville_1086,909
Ville_0184,Ville_1426,1738
Ville_1507,Ville_1652,1877
Ville_0914,Ville_0367,197
Ville_0109,Ville_0806,1292
Ville_0582,Ville_0855,2721
Ville_1783,Ville_0973,2008
Ville_0642,Ville_1219,1250
Ville_0215,Ville_0356,1758
Ville_1889,Ville_0990,1177
Ville_1947,Ville_1423,2229
Ville_1000,Ville_1855,2478
Ville_1854,Ville_1494,2883
Ville_1222,Ville_0947,85
Ville_0843,Ville_1771,1099
Ville_0660,Ville_1805,1646
Ville_0946,Ville_1950,2951
Ville_0743,Ville_1228,857
Ville_1882,Ville_0911,1914
Ville_1793,Ville_1865,1485
Ville_0622,Ville_0750,245
Ville_0368,Ville_0384,1657
Ville_0358,Ville_0219,2512
Ville_1535,Ville_0162,2255
Ville_1797,Ville_1408,374
Ville_0955,Ville_1498,1707
Ville_0252,Ville_0050,2678
Ville_1705,Ville_0091,393
Ville_0836,Ville_1439,1249
Ville_1228,Ville_0154,1633
Ville_1347,Ville_1695,2468
Ville_1477,Ville_1999,2675
Ville_0726,Ville_0321,2450
Ville_0127,Ville_0398,820
Ville_0220,Ville_1310,482
Ville_0616,Ville_0540,964
Ville_1954,Ville_0167,2702
Ville_1479,Ville_1422,1976
Ville_1702,Ville_0040,1468
Ville_1988,Ville_0492,1124
Ville_1155,Ville_0142,981
Ville_0810,Ville_0456,2544
Ville_1557,Ville_0001,52
Ville_0767,Ville_0164,1664
Ville_1126,Ville_1621,2846
Ville_0969,Ville_1023,2562
Ville_1944,Ville_0727,1627
Ville_1728,Ville_0771,840
Ville_1494,Ville_0346,419
Ville_1232,Ville_0627,99
Ville_0151,Ville_1874,546
Ville_1567,Ville_1478,477
Ville_0839,Ville_1094,1303
Ville_1266,Ville_1861,290
Ville_0531,Ville_0725,710
Ville_0195,Ville_1326,2304
Ville_1793,Ville_1908,2054
Ville_0220,Ville_0110,785
Ville_1427,Ville_0344,1443
Ville_1567,Ville_0645,806
Ville_0754,Ville_0632,2570
Ville_1642,Ville_0162,2517
Ville_0506,Ville_1003,1622
Ville_0122,Ville_1389,2551
Ville_0401,Ville_0708,2193
Ville_0061,Ville_0703,578
Ville_0101,Ville_1157,1013
Ville_1235,Ville_0396,1643
Ville_1571,Ville_0766,2633
Ville_0195,Ville_1225,1902
Ville_0014,Ville_0119,672
Ville_0005,Ville_0590,2039
Ville_0199,Ville_0360,2072
Ville_0653,Ville_1610,231
Ville_1114,Ville_0187,1469
Ville_1087,Ville_0570,2785
Ville_0687,Ville_0423,1091
Ville_0368,Ville_1373,2859
Ville_1155,Ville_0185,548
Ville_0080,Ville_0819,699
Ville_1052,Ville_1631,2347
Ville_0938,Ville_0022,1052
Ville_1722,Ville_1789,1001
Ville_1241,Ville_1632,762
Ville_1427,Ville_1014,2470
Ville_0334,Ville_0909,2500
Ville_0999,Ville_1872,2208
Ville_0093,Ville_1179,1855
Ville_0999,Ville_1205,2719
Ville_0885,Ville_0078,2675
Ville_1411,Ville_1609,2791
Ville_1459,Ville_0088,2229
Ville_1745,Ville_0917,430
Ville_1054,Ville_0022,1664
Ville_1025,Ville_0567,2334
Ville_0867,Ville_0486,1313
Ville_1809,Ville_0768,2196
Ville_1533,Ville_0494,1384
Ville_0549,Ville_1180,1511
Ville_0810,Ville_0347,490
Ville_1789,Ville_0538,1618
Ville_1513,Ville_1615,2749
Ville_0087,Ville_0264,1007
Ville_0735,Ville_1114,2175
Ville_1885,Ville_0701,726
Ville_1429,Ville_1036,1160
Ville_0718,Ville_0488,88
Ville_0271,Ville_1913,618
Ville_0704,Ville_1378,431
Ville_1428,Ville_0425,1841
Ville_1221,Ville_0618,1643
Ville_0418,Ville_1313,2179
Ville_0560,Ville_0343,839
Ville_1430,Ville_1913,154
Ville_1543,Ville_1551,1755
Ville_1319,Ville_1090,2879
Ville_1010,Ville_1570,1533
Ville_0788,Ville_0461,2173
Ville_0879,Ville_1645,2231
Ville_1788,Ville_0058,61
Ville_0220,Ville_1711,682
Ville_0366,Ville_1529,461
Ville_1590,Ville_1870,1958
Ville_0125,Ville_0127,2532
Ville_0976,Ville_0600,1690
Ville_0355,Ville_1732,141
Ville_0916,Ville_0701,391
Ville_1620,Ville_1727,2222
Ville_0413,Ville_0086,2918
Ville_1500,Ville_1911,1741
Ville_0839,Ville_1696,1504
Ville_1214,Ville_0652,371
Ville_0852,Ville_1927,1825
Ville_0685,Ville_1962,430
Ville_1831,Ville_0290,1682
Ville_0834,Ville_0267,2530
Ville_1305,Ville_1596,2912
Ville_1066,Ville_1410,2441
Ville_0104,Ville_1529,2738
Ville_1056,Ville_1548,2989
Ville_0406,Ville_1226,2595
Ville_1478,Ville_0750,2372
Ville_0456,Ville_0412,480
Ville_1719,Ville_0833,2068
Ville_0005,Ville_1529,543
Ville_1520,Ville_0024,2124
Ville_1629,Ville_1711,811
Ville_1655,Ville_0897,284
Ville_1462,Ville_0450,2963
Ville_1085,Ville_0102,2437
Ville_0070,Ville_1352,2531
Ville_0071,Ville_1218,746
Ville_1121,Ville_0574,1565
Ville_1102,Ville_0226,345
Ville_0503,Ville_1979,1611
Ville_1697,Ville_0307,347
Ville_1409,Ville_1059,1980
Ville_1986,Ville_1116,1240
Ville_0628,Ville_0890,566
Ville_0369,Ville_1591,1360
Ville_1118,Ville_0845,1043
Ville_0145,Ville_0252,2658
Ville_1023,Ville_1144,448
Ville_1932,Ville_0076,1365
Ville_0230,Ville_1458,2461
Ville_0894,Ville_1313,2955
Ville_0085,Ville_1291,1943
Ville_0900,Ville_0688,1751
Ville_0304,Ville_1535,2468
Ville_1045,Ville_1821,754
Ville_0918,Ville_1941,2939
Ville_0285,Ville_0862,182
Ville_0404,Ville_0179,1545
Ville_0819,Ville_1827,447
Ville_0587,Ville_0746,1009
Ville_0647,Ville_0813,2140
Ville_0729,Ville_1575,1144
Ville_1008,Ville_0556,465
Ville_0161,Ville_1079,1845
Ville_1940,Ville_0287,63
Ville_0307,Ville_1923,1117
Ville_0812,Ville_1296,2186
Ville_0400,Ville_0526,1115
Ville_0756,Ville_0831,1642
Ville_1749,Ville_0570,1085
Ville_0602,Ville_1140,443
Ville_1439,Ville_0585,502
Ville_1346,Ville_0822,105
Ville_1960,Ville_0596,2605
Ville_0282,Ville_1326,276
Ville_1396,Ville_1501,2206
Ville_0087,Ville_1903,2086
Ville_1060,Ville_1784,1437
Ville_0857,Ville_1256,2264
Ville_0332,Ville_0051,585
Ville_0635,Ville_0047,2011
Ville_1636,Ville_1758,2631
Ville_0887,Ville_0531,154
Ville_1432,Ville_0613,96
Ville_0731,Ville_0508,208
Ville_0692,Ville_1199,2608
Ville_1609,Ville_1047,2160
Ville_1376,Ville_0106,2041
Ville_1258,Ville_0123,146
Ville_0346,Ville_1652,2358
Ville_1379,Ville_0679,1106
Ville_1906,Ville_1838,1994
Ville_0439,Ville_0177,2070
Ville_1807,Ville_1127,1287
Ville_0820,Ville_0746,2138
Ville_1610,Ville_0078,2037
Ville_1198,Ville_1630,2534
Ville_0601,Ville_0639,2083
Ville_1987,Ville_0993,2697
Ville_0410,Ville_1322,975
Ville_1593,Ville_0817,2552
Ville_0332,Ville_1413,1011
Ville_0716,Ville_1937,1004
Ville_0893,Ville_1946,2753
Ville_1854,Ville_0988,1115
Ville_0633,Ville_1220,727
Ville_0194,Ville_0594,1319
Ville_0397,Ville_1404,1389
Ville_0396,Ville_1128,1830
Ville_0622,Ville_1364,2233